{
"type": "FeatureCollection",
"name": "places",
"crs": { "type": "name", "properties": { "name": "urn:ogc:def:crs:OGC:1.3:CRS84" } },
"features": [
{ "type": "Feature", "properties": { "SCALERANK": 8, "NATSCALE": 10, "LABELRANK": 2, "FEATURECLA": "Populated place", "NAME": "Selkirk", "NAMEPAR": null, "NAMEALT": null, "NAMEASCII": "Selkirk", "ADM0CAP": 0, "CAPIN": null, "WORLDCITY": 0, "MEGACITY": 0, "SOV0NAME": "Canada", "SOV_A3": "CAN", "ADM0NAME": "Canada", "ADM0_A3": "CAN", "ADM1NAME": "Manitoba", "ISO_A2": "CA", "NOTE": null, "LATITUDE": 50.150026, "LONGITUDE": -96.883322, "POP_MAX": 9986, "POP_MIN": 9653, "POP_OTHER": 9872, "RANK_MAX": 5, "RANK_MIN": 5, "MEGANAME": null, "LS_NAME": "Selkirk", "MAX_POP10": 9986, "MAX_POP20": 0, "MAX_POP50": 0, "MAX_POP300": 0, "MAX_POP310": 0, "MAX_NATSCA": 10, "MIN_AREAKM": 8, "MAX_AREAKM": 8, "MIN_AREAMI": 3, "MAX_AREAMI": 3, "MIN_PERKM": 14, "MAX_PERKM": 14, "MIN_PERMI": 9, "MAX_PERMI": 9, "MIN_BBXMIN": -96.9, "MAX_BBXMIN": -96.9, "MIN_BBXMAX": -96.858333, "MAX_BBXMAX": -96.858333, "MIN_BBYMIN": 50.125, "MAX_BBYMIN": 50.125, "MIN_BBYMAX": 50.158333, "MAX_BBYMAX": 50.158333, "MEAN_BBXC": -96.879722, "MEAN_BBYC": 50.1425, "TIMEZONE": "America/Winnipeg", "UN_FID": 0, "POP1950": 0, "POP1955": 0, "POP1960": 0, "POP1965": 0, "POP1970": 0, "POP1975": 0, "POP1980": 0, "POP1985": 0, "POP1990": 0, "POP1995": 0, "POP2000": 0, "POP2005": 0, "POP2010": 0, "POP2015": 0, "POP2020": 0, "POP2025": 0, "POP2050": 0, "MIN_ZOOM": 7.0, "WIKIDATAID": "Q1018239", "WOF_ID": 101734917, "CAPALT": 0, "NAME_EN": "Selkirk", "NAME_DE": "Selkirk", "NAME_ES": "Selkirk", "NAME_FR": "Selkirk", "NAME_PT": "Selkirk", "NAME_RU": "Селкирк", "NAME_ZH": "塞尔奇克", "LABEL": null, "NAME_AR": "سيلكيرك", "NAME_BN": "সেলকির্ক", "NAME_EL": "Σέλκερκ", "NAME_HI": "सेलकर्क", "NAME_HU": "Selkirk", "NAME_ID": "Selkirk", "NAME_IT": "Selkirk", "NAME_JA": "セルカーク", "NAME_KO": "셀커크", "NAME_NL": "Selkirk", "NAME_PL": "Selkirk", "NAME_SV": "Selkirk", "NAME_TR": "Selkirk", "NAME_VI": "Selkirk", "NE_ID": 1159131335, "NAME_FA": "سلکریک", "NAME_HE": "סלקירק", "NAME_UK": "Селкірк", "NAME_UR": "سل کرک", "NAME_ZHT": "塞爾奇克", "GEONAMESID": 6144054, "FCLASS_ISO": null, "FCLASS_US": null, "FCLASS_FR": null, "FCLASS_RU": null, "FCLASS_ES": null, "FCLASS_CN": null, "FCLASS_TW": null, "FCLASS_IN": null, "FCLASS_NP": null, "FCLASS_PK": null, "FCLASS_DE": null, "FCLASS_GB": null, "FCLASS_BR": null, "FCLASS_IL": null, "FCLASS_PS": null, "FCLASS_SA": null, "FCLASS_EG": null, "FCLASS_MA": null, "FCLASS_PT": null, "FCLASS_AR": null, "FCLASS_JP": null, "FCLASS_KO": null, "FCLASS_VN": null, "FCLASS_TR": null, "FCLASS_ID": null, "FCLASS_PL": null, "FCLASS_GR": null, "FCLASS_IT": null, "FCLASS_NL": null, "FCLASS_SE": null, "FCLASS_BD": null, "FCLASS_UA": null, "FCLASS_TLC": null }, "geometry": { "type": "Point", "coordinates": [ -96.8833218, 50.1500255 ] } },
{ "type": "Feature", "properties": { "SCALERANK": 8, "NATSCALE": 10, "LABELRANK": 2, "FEATURECLA": "Populated place", "NAME": "Berens River", "NAMEPAR": null, "NAMEALT": null, "NAMEASCII": "Berens River", "ADM0CAP": 0, "CAPIN": null, "WORLDCITY": 0, "MEGACITY": 0, "SOV0NAME": "Canada", "SOV_A3": "CAN", "ADM0NAME": "Canada", "ADM0_A3": "CAN", "ADM1NAME": "Manitoba", "ISO_A2": "CA", "NOTE": null, "LATITUDE": 52.366557, "LONGITUDE": -97.033313, "POP_MAX": 892, "POP_MIN": 153, "POP_OTHER": 0, "RANK_MAX": 2, "RANK_MIN": 1, "MEGANAME": null, "LS_NAME": "Berens River", "MAX_POP10": 0, "MAX_POP20": 0, "MAX_POP50": 0, "MAX_POP300": 0, "MAX_POP310": 0, "MAX_NATSCA": 0, "MIN_AREAKM": 0, "MAX_AREAKM": 0, "MIN_AREAMI": 0, "MAX_AREAMI": 0, "MIN_PERKM": 0, "MAX_PERKM": 0, "MIN_PERMI": 0, "MAX_PERMI": 0, "MIN_BBXMIN": 0.0, "MAX_BBXMIN": 0.0, "MIN_BBXMAX": 0.0, "MAX_BBXMAX": 0.0, "MIN_BBYMIN": 0.0, "MAX_BBYMIN": 0.0, "MIN_BBYMAX": 0.0, "MAX_BBYMAX": 0.0, "MEAN_BBXC": 0.0, "MEAN_BBYC": 0.0, "TIMEZONE": null, "UN_FID": 0, "POP1950": 0, "POP1955": 0, "POP1960": 0, "POP1965": 0, "POP1970": 0, "POP1975": 0, "POP1980": 0, "POP1985": 0, "POP1990": 0, "POP1995": 0, "POP2000": 0, "POP2005": 0, "POP2010": 0, "POP2015": 0, "POP2020": 0, "POP2025": 0, "POP2050": 0, "MIN_ZOOM": 7.0, "WIKIDATAID": "Q4891279", "WOF_ID": 1141906637, "CAPALT": 0, "NAME_EN": "Berens River", "NAME_DE": "Berens River", "NAME_ES": "Río Berens", "NAME_FR": "Berens River", "NAME_PT": "Rio Berens", "NAME_RU": "Беренс-Ривер", "NAME_ZH": "贝伦斯里弗", "LABEL": null, "NAME_AR": "نهر بيرينز", "NAME_BN": "বেরেন্স রিভার", "NAME_EL": "Μπέρενς Ρίβερ", "NAME_HI": "बेरेंस रिवर", "NAME_HU": "Berens River", "NAME_ID": "Berens River", "NAME_IT": "Berens River", "NAME_JA": "ベレンズリバー", "NAME_KO": "베렌스 리버", "NAME_NL": "Berens River", "NAME_PL": "Berens River", "NAME_SV": "Berens River", "NAME_TR": "Berens River", "NAME_VI": "Sông Berens", "NE_ID": 1159131341, "NAME_FA": "برنز ریوز", "NAME_HE": "נהר ברנס", "NAME_UK": "Беренс-Рівер", "NAME_UR": "بیرینز ریور", "NAME_ZHT": "貝倫斯河", "GEONAMESID": 5898664, "FCLASS_ISO": null, "FCLASS_US": null, "FCLASS_FR": null, "FCLASS_RU": null, "FCLASS_ES": null, "FCLASS_CN": null, "FCLASS_TW": null, "FCLASS_IN": null, "FCLASS_NP": null, "FCLASS_PK": null, "FCLASS_DE": null, "FCLASS_GB": null, "FCLASS_BR": null, "FCLASS_IL": null, "FCLASS_PS": null, "FCLASS_SA": null, "FCLASS_EG": null, "FCLASS_MA": null, "FCLASS_PT": null, "FCLASS_AR": null, "FCLASS_JP": null, "FCLASS_KO": null, "FCLASS_VN": null, "FCLASS_TR": null, "FCLASS_ID": null, "FCLASS_PL": null, "FCLASS_GR": null, "FCLASS_IT": null, "FCLASS_NL": null, "FCLASS_SE": null, "FCLASS_BD": null, "FCLASS_UA": null, "FCLASS_TLC": null }, "geometry": { "type": "Point", "coordinates": [ -97.0333126, 52.3665568 ] } },
{ "type": "Feature", "properties": { "SCALERANK": 8, "NATSCALE": 10, "LABELRANK": 2, "FEATURECLA": "Populated place", "NAME": "Pukatawagan", "NAMEPAR": null, "NAMEALT": null, "NAMEASCII": "Pukatawagan", "ADM0CAP": 0, "CAPIN": null, "WORLDCITY": 0, "MEGACITY": 0, "SOV0NAME": "Canada", "SOV_A3": "CAN", "ADM0NAME": "Canada", "ADM0_A3": "CAN", "ADM1NAME": "Manitoba", "ISO_A2": "CA", "NOTE": null, "LATITUDE": 55.733276, "LONGITUDE": -101.316617, "POP_MAX": 431, "POP_MIN": 431, "POP_OTHER": 0, "RANK_MAX": 2, "RANK_MIN": 2, "MEGANAME": null, "LS_NAME": "Pukatawagan", "MAX_POP10": 431, "MAX_POP20": 0, "MAX_POP50": 0, "MAX_POP300": 0, "MAX_POP310": 0, "MAX_NATSCA": 10, "MIN_AREAKM": 1, "MAX_AREAKM": 1, "MIN_AREAMI": 0, "MAX_AREAMI": 0, "MIN_PERKM": 5, "MAX_PERKM": 5, "MIN_PERMI": 3, "MAX_PERMI": 3, "MIN_BBXMIN": -101.325, "MAX_BBXMIN": -101.325, "MIN_BBXMAX": -101.308333, "MAX_BBXMAX": -101.308333, "MIN_BBYMIN": 55.741667, "MAX_BBYMIN": 55.741667, "MIN_BBYMAX": 55.75, "MAX_BBYMAX": 55.75, "MEAN_BBXC": -101.316667, "MEAN_BBYC": 55.745833, "TIMEZONE": null, "UN_FID": 0, "POP1950": 0, "POP1955": 0, "POP1960": 0, "POP1965": 0, "POP1970": 0, "POP1975": 0, "POP1980": 0, "POP1985": 0, "POP1990": 0, "POP1995": 0, "POP2000": 0, "POP2005": 0, "POP2010": 0, "POP2015": 0, "POP2020": 0, "POP2025": 0, "POP2050": 0, "MIN_ZOOM": 7.0, "WIKIDATAID": "Q7259091", "WOF_ID": 1141906639, "CAPALT": 0, "NAME_EN": "Pukatawagan", "NAME_DE": "Pukatawagan", "NAME_ES": "Pukatawagan", "NAME_FR": "Pukatawagan", "NAME_PT": "Pukatawagan", "NAME_RU": "Пуктаваган", "NAME_ZH": "帕卡塔瓦根", "LABEL": null, "NAME_AR": "بوكاتاواغان", "NAME_BN": "পুকাটাওয়াগন", "NAME_EL": "Πουκαταγουαγκάν", "NAME_HI": "पुकातावैगन", "NAME_HU": "Pukatawagan", "NAME_ID": "Pukatawagan", "NAME_IT": "Pukatawagan", "NAME_JA": "プカタワガン", "NAME_KO": "푸카타와간", "NAME_NL": "Pukatawagan", "NAME_PL": "Pukatawagan", "NAME_SV": "Pukatawagan", "NAME_TR": "Pukatawagan", "NAME_VI": "Pukatawagan", "NE_ID": 1159131347, "NAME_FA": "پوکاتاواگان", "NAME_HE": "פוקאטאוואגאן", "NAME_UK": "Пукатаваган", "NAME_UR": "پوکاتاوگان", "NAME_ZHT": "普卡塔瓦甘", "GEONAMESID": 6114063, "FCLASS_ISO": null, "FCLASS_US": null, "FCLASS_FR": null, "FCLASS_RU": null, "FCLASS_ES": null, "FCLASS_CN": null, "FCLASS_TW": null, "FCLASS_IN": null, "FCLASS_NP": null, "FCLASS_PK": null, "FCLASS_DE": null, "FCLASS_GB": null, "FCLASS_BR": null, "FCLASS_IL": null, "FCLASS_PS": null, "FCLASS_SA": null, "FCLASS_EG": null, "FCLASS_MA": null, "FCLASS_PT": null, "FCLASS_AR": null, "FCLASS_JP": null, "FCLASS_KO": null, "FCLASS_VN": null, "FCLASS_TR": null, "FCLASS_ID": null, "FCLASS_PL": null, "FCLASS_GR": null, "FCLASS_IT": null, "FCLASS_NL": null, "FCLASS_SE": null, "FCLASS_BD": null, "FCLASS_UA": null, "FCLASS_TLC": null }, "geometry": { "type": "Point", "coordinates": [ -101.3166171, 55.7332764 ] } },
{ "type": "Feature", "properties": { "SCALERANK": 8, "NATSCALE": 10, "LABELRANK": 2, "FEATURECLA": "Populated place", "NAME": "Gimli", "NAMEPAR": null, "NAMEALT": null, "NAMEASCII": "Gimli", "ADM0CAP": 0, "CAPIN": null, "WORLDCITY": 0, "MEGACITY": 0, "SOV0NAME": "Canada", "SOV_A3": "CAN", "ADM0NAME": "Canada", "ADM0_A3": "CAN", "ADM1NAME": "Manitoba", "ISO_A2": "CA", "NOTE": null, "LATITUDE": 50.633303, "LONGITUDE": -96.999981, "POP_MAX": 2623, "POP_MIN": 2009, "POP_OTHER": 2501, "RANK_MAX": 4, "RANK_MIN": 4, "MEGANAME": null, "LS_NAME": "Gimli", "MAX_POP10": 2623, "MAX_POP20": 0, "MAX_POP50": 0, "MAX_POP300": 0, "MAX_POP310": 0, "MAX_NATSCA": 10, "MIN_AREAKM": 4, "MAX_AREAKM": 4, "MIN_AREAMI": 2, "MAX_AREAMI": 2, "MIN_PERKM": 10, "MAX_PERKM": 10, "MIN_PERMI": 6, "MAX_PERMI": 6, "MIN_BBXMIN": -97.0, "MAX_BBXMIN": -97.0, "MIN_BBXMAX": -96.975, "MAX_BBXMAX": -96.975, "MIN_BBYMIN": 50.616667, "MAX_BBYMIN": 50.616667, "MIN_BBYMAX": 50.65, "MAX_BBYMAX": 50.65, "MEAN_BBXC": -96.989583, "MEAN_BBYC": 50.633333, "TIMEZONE": "America/Winnipeg", "UN_FID": 0, "POP1950": 0, "POP1955": 0, "POP1960": 0, "POP1965": 0, "POP1970": 0, "POP1975": 0, "POP1980": 0, "POP1985": 0, "POP1990": 0, "POP1995": 0, "POP2000": 0, "POP2005": 0, "POP2010": 0, "POP2015": 0, "POP2020": 0, "POP2025": 0, "POP2050": 0, "MIN_ZOOM": 7.0, "WIKIDATAID": "Q1659757", "WOF_ID": 101734805, "CAPALT": 0, "NAME_EN": "Gimli", "NAME_DE": "Gimli", "NAME_ES": "Gimli", "NAME_FR": "Gimli", "NAME_PT": "Gimli", "NAME_RU": "Гимли", "NAME_ZH": "基米尼", "LABEL": null, "NAME_AR": "جيملي", "NAME_BN": "গিমলি", "NAME_EL": "Γκίμλι", "NAME_HI": "गिमली", "NAME_HU": "Gimli", "NAME_ID": "Gimli", "NAME_IT": "Gimli", "NAME_JA": "ギムリー", "NAME_KO": "김리", "NAME_NL": "Gimli", "NAME_PL": "Gimli", "NAME_SV": "Gimli", "NAME_TR": "Gimli", "NAME_VI": "Gimli", "NE_ID": 1159131351, "NAME_FA": "گیملی", "NAME_HE": "גימלי", "NAME_UK": "Гімлі", "NAME_UR": "گملی", "NAME_ZHT": "基米尼", "GEONAMESID": 5961417, "FCLASS_ISO": null, "FCLASS_US": null, "FCLASS_FR": null, "FCLASS_RU": null, "FCLASS_ES": null, "FCLASS_CN": null, "FCLASS_TW": null, "FCLASS_IN": null, "FCLASS_NP": null, "FCLASS_PK": null, "FCLASS_DE": null, "FCLASS_GB": null, "FCLASS_BR": null, "FCLASS_IL": null, "FCLASS_PS": null, "FCLASS_SA": null, "FCLASS_EG": null, "FCLASS_MA": null, "FCLASS_PT": null, "FCLASS_AR": null, "FCLASS_JP": null, "FCLASS_KO": null, "FCLASS_VN": null, "FCLASS_TR": null, "FCLASS_ID": null, "FCLASS_PL": null, "FCLASS_GR": null, "FCLASS_IT": null, "FCLASS_NL": null, "FCLASS_SE": null, "FCLASS_BD": null, "FCLASS_UA": null, "FCLASS_TLC": null }, "geometry": { "type": "Point", "coordinates": [ -96.9999813, 50.6333034 ] } },
{ "type": "Feature", "properties": { "SCALERANK": 8, "NATSCALE": 10, "LABELRANK": 2, "FEATURECLA": "Populated place", "NAME": "Island Lake", "NAMEPAR": null, "NAMEALT": null, "NAMEASCII": "Island Lake", "ADM0CAP": 0, "CAPIN": null, "WORLDCITY": 0, "MEGACITY": 0, "SOV0NAME": "Canada", "SOV_A3": "CAN", "ADM0NAME": "Canada", "ADM0_A3": "CAN", "ADM1NAME": "Manitoba", "ISO_A2": "CA", "NOTE": null, "LATITUDE": 53.966588, "LONGITUDE": -94.766578, "POP_MAX": 10, "POP_MIN": 10, "POP_OTHER": 0, "RANK_MAX": 1, "RANK_MIN": 1, "MEGANAME": null, "LS_NAME": "Island Lake", "MAX_POP10": 0, "MAX_POP20": 0, "MAX_POP50": 0, "MAX_POP300": 0, "MAX_POP310": 0, "MAX_NATSCA": 0, "MIN_AREAKM": 0, "MAX_AREAKM": 0, "MIN_AREAMI": 0, "MAX_AREAMI": 0, "MIN_PERKM": 0, "MAX_PERKM": 0, "MIN_PERMI": 0, "MAX_PERMI": 0, "MIN_BBXMIN": 0.0, "MAX_BBXMIN": 0.0, "MIN_BBXMAX": 0.0, "MAX_BBXMAX": 0.0, "MIN_BBYMIN": 0.0, "MAX_BBYMIN": 0.0, "MIN_BBYMAX": 0.0, "MAX_BBYMAX": 0.0, "MEAN_BBXC": 0.0, "MEAN_BBYC": 0.0, "TIMEZONE": null, "UN_FID": 0, "POP1950": 0, "POP1955": 0, "POP1960": 0, "POP1965": 0, "POP1970": 0, "POP1975": 0, "POP1980": 0, "POP1985": 0, "POP1990": 0, "POP1995": 0, "POP2000": 0, "POP2005": 0, "POP2010": 0, "POP2015": 0, "POP2020": 0, "POP2025": 0, "POP2050": 0, "MIN_ZOOM": 7.0, "WIKIDATAID": "Q3221666", "WOF_ID": 1141906641, "CAPALT": 0, "NAME_EN": "Island Lake", "NAME_DE": "Island Lake", "NAME_ES": "Lago Island", "NAME_FR": "Island Lake", "NAME_PT": "Lago Island", "NAME_RU": "Айленд-Лейк", "NAME_ZH": "艾兰湖", "LABEL": null, "NAME_AR": "بحيرة مينشومينا", "NAME_BN": "আইল্যান্ড লেক", "NAME_EL": "Άιλαντ Λέικ", "NAME_HI": "आइलैंड लेक", "NAME_HU": "Island Lake", "NAME_ID": "Island Lake", "NAME_IT": "Island Lake", "NAME_JA": "アイランドレイク", "NAME_KO": "아일랜드 레이크", "NAME_NL": "Island Lake", "NAME_PL": "Island Lake", "NAME_SV": "Island Lake", "NAME_TR": "Island Lake", "NAME_VI": "Hồ Island", "NE_ID": 1159131355, "NAME_FA": "آیلند لیک", "NAME_HE": "אגם איילנד", "NAME_UK": "Айленд-Лейк", "NAME_UR": "آئلینڈ لیک", "NAME_ZHT": "艾蘭湖", "GEONAMESID": -1, "FCLASS_ISO": null, "FCLASS_US": null, "FCLASS_FR": null, "FCLASS_RU": null, "FCLASS_ES": null, "FCLASS_CN": null, "FCLASS_TW": null, "FCLASS_IN": null, "FCLASS_NP": null, "FCLASS_PK": null, "FCLASS_DE": null, "FCLASS_GB": null, "FCLASS_BR": null, "FCLASS_IL": null, "FCLASS_PS": null, "FCLASS_SA": null, "FCLASS_EG": null, "FCLASS_MA": null, "FCLASS_PT": null, "FCLASS_AR": null, "FCLASS_JP": null, "FCLASS_KO": null, "FCLASS_VN": null, "FCLASS_TR": null, "FCLASS_ID": null, "FCLASS_PL": null, "FCLASS_GR": null, "FCLASS_IT": null, "FCLASS_NL": null, "FCLASS_SE": null, "FCLASS_BD": null, "FCLASS_UA": null, "FCLASS_TLC": null }, "geometry": { "type": "Point", "coordinates": [ -94.7665776, 53.9665884 ] } },
{ "type": "Feature", "properties": { "SCALERANK": 8, "NATSCALE": 10, "LABELRANK": 2, "FEATURECLA": "Populated place", "NAME": "Melville", "NAMEPAR": null, "NAMEALT": null, "NAMEASCII": "Melville", "ADM0CAP": 0, "CAPIN": null, "WORLDCITY": 0, "MEGACITY": 0, "SOV0NAME": "Canada", "SOV_A3": "CAN", "ADM0NAME": "Canada", "ADM0_A3": "CAN", "ADM1NAME": "Saskatchewan", "ISO_A2": "CA", "NOTE": null, "LATITUDE": 50.933311, "LONGITUDE": -102.799989, "POP_MAX": 4279, "POP_MIN": 4173, "POP_OTHER": 4055, "RANK_MAX": 4, "RANK_MIN": 4, "MEGANAME": null, "LS_NAME": "Melville", "MAX_POP10": 4173, "MAX_POP20": 0, "MAX_POP50": 0, "MAX_POP300": 0, "MAX_POP310": 0, "MAX_NATSCA": 10, "MIN_AREAKM": 7, "MAX_AREAKM": 7, "MIN_AREAMI": 3, "MAX_AREAMI": 3, "MIN_PERKM": 13, "MAX_PERKM": 13, "MIN_PERMI": 8, "MAX_PERMI": 8, "MIN_BBXMIN": -102.825, "MAX_BBXMIN": -102.825, "MIN_BBXMAX": -102.783333, "MAX_BBXMAX": -102.783333, "MIN_BBYMIN": 50.916667, "MAX_BBYMIN": 50.916667, "MIN_BBYMAX": 50.941667, "MAX_BBYMAX": 50.941667, "MEAN_BBXC": -102.802244, "MEAN_BBYC": 50.930449, "TIMEZONE": "America/Regina", "UN_FID": 0, "POP1950": 0, "POP1955": 0, "POP1960": 0, "POP1965": 0, "POP1970": 0, "POP1975": 0, "POP1980": 0, "POP1985": 0, "POP1990": 0, "POP1995": 0, "POP2000": 0, "POP2005": 0, "POP2010": 0, "POP2015": 0, "POP2020": 0, "POP2025": 0, "POP2050": 0, "MIN_ZOOM": 7.0, "WIKIDATAID": "Q605427", "WOF_ID": 101739869, "CAPALT": 0, "NAME_EN": "Melville", "NAME_DE": "Melville", "NAME_ES": "Melville", "NAME_FR": "Melville", "NAME_PT": "Melville", "NAME_RU": "Мелвилл", "NAME_ZH": "梅尔维尔", "LABEL": null, "NAME_AR": "ميلفيل", "NAME_BN": "মেল্ভিল", "NAME_EL": "Μέλβιλ", "NAME_HI": "मेलविले", "NAME_HU": "Melville", "NAME_ID": "Melville", "NAME_IT": "Melville", "NAME_JA": "メルヴィル", "NAME_KO": "멜빌", "NAME_NL": "Melville", "NAME_PL": "Melville", "NAME_SV": "Melville", "NAME_TR": "Melville", "NAME_VI": "Melville", "NE_ID": 1159131361, "NAME_FA": "ملویل", "NAME_HE": "מלוויל", "NAME_UK": "Мелвілл", "NAME_UR": "میلویلی", "NAME_ZHT": "梅爾維爾", "GEONAMESID": 6071971, "FCLASS_ISO": null, "FCLASS_US": null, "FCLASS_FR": null, "FCLASS_RU": null, "FCLASS_ES": null, "FCLASS_CN": null, "FCLASS_TW": null, "FCLASS_IN": null, "FCLASS_NP": null, "FCLASS_PK": null, "FCLASS_DE": null, "FCLASS_GB": null, "FCLASS_BR": null, "FCLASS_IL": null, "FCLASS_PS": null, "FCLASS_SA": null, "FCLASS_EG": null, "FCLASS_MA": null, "FCLASS_PT": null, "FCLASS_AR": null, "FCLASS_JP": null, "FCLASS_KO": null, "FCLASS_VN": null, "FCLASS_TR": null, "FCLASS_ID": null, "FCLASS_PL": null, "FCLASS_GR": null, "FCLASS_IT": null, "FCLASS_NL": null, "FCLASS_SE": null, "FCLASS_BD": null, "FCLASS_UA": null, "FCLASS_TLC": null }, "geometry": { "type": "Point", "coordinates": [ -102.7999891, 50.933311 ] } },
{ "type": "Feature", "properties": { "SCALERANK": 8, "NATSCALE": 10, "LABELRANK": 2, "FEATURECLA": "Populated place", "NAME": "Weyburn", "NAMEPAR": null, "NAMEALT": null, "NAMEASCII": "Weyburn", "ADM0CAP": 0, "CAPIN": null, "WORLDCITY": 0, "MEGACITY": 0, "SOV0NAME": "Canada", "SOV_A3": "CAN", "ADM0NAME": "Canada", "ADM0_A3": "CAN", "ADM1NAME": "Saskatchewan", "ISO_A2": "CA", "NOTE": null, "LATITUDE": 49.666567, "LONGITUDE": -103.850003, "POP_MAX": 9362, "POP_MIN": 9243, "POP_OTHER": 9243, "RANK_MAX": 5, "RANK_MIN": 5, "MEGANAME": null, "LS_NAME": "Weyburn", "MAX_POP10": 9243, "MAX_POP20": 0, "MAX_POP50": 0, "MAX_POP300": 0, "MAX_POP310": 0, "MAX_NATSCA": 10, "MIN_AREAKM": 8, "MAX_AREAKM": 8, "MIN_AREAMI": 3, "MAX_AREAMI": 3, "MIN_PERKM": 15, "MAX_PERKM": 15, "MIN_PERMI": 9, "MAX_PERMI": 9, "MIN_BBXMIN": -103.875, "MAX_BBXMIN": -103.875, "MIN_BBXMAX": -103.825, "MAX_BBXMAX": -103.825, "MIN_BBYMIN": 49.65, "MAX_BBYMIN": 49.65, "MIN_BBYMAX": 49.675, "MAX_BBYMAX": 49.675, "MEAN_BBXC": -103.847619, "MEAN_BBYC": 49.664286, "TIMEZONE": "America/Regina", "UN_FID": 0, "POP1950": 0, "POP1955": 0, "POP1960": 0, "POP1965": 0, "POP1970": 0, "POP1975": 0, "POP1980": 0, "POP1985": 0, "POP1990": 0, "POP1995": 0, "POP2000": 0, "POP2005": 0, "POP2010": 0, "POP2015": 0, "POP2020": 0, "POP2025": 0, "POP2050": 0, "MIN_ZOOM": 7.0, "WIKIDATAID": "Q1904554", "WOF_ID": 101740001, "CAPALT": 0, "NAME_EN": "Weyburn", "NAME_DE": "Weyburn", "NAME_ES": "Weyburn", "NAME_FR": "Weyburn", "NAME_PT": "Weyburn", "NAME_RU": "Уэйберн", "NAME_ZH": "韦恩伯恩", "LABEL": null, "NAME_AR": "ويبرن", "NAME_BN": "ওয়েবার্ন", "NAME_EL": "Γουέιμπερν", "NAME_HI": "वेबर्न", "NAME_HU": "Weyburn", "NAME_ID": "Weyburn", "NAME_IT": "Weyburn", "NAME_JA": "ウェーバーン", "NAME_KO": "웨이번", "NAME_NL": "Weyburn", "NAME_PL": "Weyburn", "NAME_SV": "Weyburn", "NAME_TR": "Weyburn", "NAME_VI": "Weyburn", "NE_ID": 1159131365, "NAME_FA": "ویبرن", "NAME_HE": "וייבורן", "NAME_UK": "Вейберн", "NAME_UR": "وییبورن", "NAME_ZHT": "韋本", "GEONAMESID": 6179652, "FCLASS_ISO": null, "FCLASS_US": null, "FCLASS_FR": null, "FCLASS_RU": null, "FCLASS_ES": null, "FCLASS_CN": null, "FCLASS_TW": null, "FCLASS_IN": null, "FCLASS_NP": null, "FCLASS_PK": null, "FCLASS_DE": null, "FCLASS_GB": null, "FCLASS_BR": null, "FCLASS_IL": null, "FCLASS_PS": null, "FCLASS_SA": null, "FCLASS_EG": null, "FCLASS_MA": null, "FCLASS_PT": null, "FCLASS_AR": null, "FCLASS_JP": null, "FCLASS_KO": null, "FCLASS_VN": null, "FCLASS_TR": null, "FCLASS_ID": null, "FCLASS_PL": null, "FCLASS_GR": null, "FCLASS_IT": null, "FCLASS_NL": null, "FCLASS_SE": null, "FCLASS_BD": null, "FCLASS_UA": null, "FCLASS_TLC": null }, "geometry": { "type": "Point", "coordinates": [ -103.8500025, 49.6665666 ] } },
{ "type": "Feature", "properties": { "SCALERANK": 8, "NATSCALE": 10, "LABELRANK": 2, "FEATURECLA": "Populated place", "NAME": "La Ronge", "NAMEPAR": null, "NAMEALT": null, "NAMEASCII": "La Ronge", "ADM0CAP": 0, "CAPIN": null, "WORLDCITY": 0, "MEGACITY": 0, "SOV0NAME": "Canada", "SOV_A3": "CAN", "ADM0NAME": "Canada", "ADM0_A3": "CAN", "ADM1NAME": "Saskatchewan", "ISO_A2": "CA", "NOTE": null, "LATITUDE": 55.100008, "LONGITUDE": -105.300017, "POP_MAX": 3783, "POP_MIN": 3071, "POP_OTHER": 0, "RANK_MAX": 4, "RANK_MIN": 4, "MEGANAME": null, "LS_NAME": "La Ronge", "MAX_POP10": 3783, "MAX_POP20": 0, "MAX_POP50": 0, "MAX_POP300": 0, "MAX_POP310": 0, "MAX_NATSCA": 10, "MIN_AREAKM": 8, "MAX_AREAKM": 8, "MIN_AREAMI": 3, "MAX_AREAMI": 3, "MIN_PERKM": 20, "MAX_PERKM": 20, "MIN_PERMI": 13, "MAX_PERMI": 13, "MIN_BBXMIN": -105.316666, "MAX_BBXMIN": -105.316666, "MIN_BBXMAX": -105.266666, "MAX_BBXMAX": -105.266666, "MIN_BBYMIN": 55.075003, "MAX_BBYMIN": 55.075003, "MIN_BBYMAX": 55.133333, "MAX_BBYMAX": 55.133333, "MEAN_BBXC": -105.28848, "MEAN_BBYC": 55.10858, "TIMEZONE": "America/Regina", "UN_FID": 0, "POP1950": 0, "POP1955": 0, "POP1960": 0, "POP1965": 0, "POP1970": 0, "POP1975": 0, "POP1980": 0, "POP1985": 0, "POP1990": 0, "POP1995": 0, "POP2000": 0, "POP2005": 0, "POP2010": 0, "POP2015": 0, "POP2020": 0, "POP2025": 0, "POP2050": 0, "MIN_ZOOM": 7.0, "WIKIDATAID": "Q2782497", "WOF_ID": 101739959, "CAPALT": 0, "NAME_EN": "La Ronge", "NAME_DE": "La Ronge", "NAME_ES": "La Ronge", "NAME_FR": "La Ronge", "NAME_PT": "La Ronge", "NAME_RU": "Ла-Рондж", "NAME_ZH": "拉龙日", "LABEL": null, "NAME_AR": "لا رونج", "NAME_BN": "লা র", "NAME_EL": "Λα Ρόνζ", "NAME_HI": "ला रोंग", "NAME_HU": "La Ronge", "NAME_ID": "La Ronge", "NAME_IT": "La Ronge", "NAME_JA": "ラロンジュ", "NAME_KO": "라 롱", "NAME_NL": "La Ronge", "NAME_PL": "La Ronge", "NAME_SV": "La Ronge", "NAME_TR": "La Ronge", "NAME_VI": "La Ronge", "NE_ID": 1159131367, "NAME_FA": "لا قونژ", "NAME_HE": "לה רונג", "NAME_UK": "Ла-Рондж", "NAME_UR": "لا رونگی", "NAME_ZHT": "拉龍日", "GEONAMESID": 6050066, "FCLASS_ISO": null, "FCLASS_US": null, "FCLASS_FR": null, "FCLASS_RU": null, "FCLASS_ES": null, "FCLASS_CN": null, "FCLASS_TW": null, "FCLASS_IN": null, "FCLASS_NP": null, "FCLASS_PK": null, "FCLASS_DE": null, "FCLASS_GB": null, "FCLASS_BR": null, "FCLASS_IL": null, "FCLASS_PS": null, "FCLASS_SA": null, "FCLASS_EG": null, "FCLASS_MA": null, "FCLASS_PT": null, "FCLASS_AR": null, "FCLASS_JP": null, "FCLASS_KO": null, "FCLASS_VN": null, "FCLASS_TR": null, "FCLASS_ID": null, "FCLASS_PL": null, "FCLASS_GR": null, "FCLASS_IT": null, "FCLASS_NL": null, "FCLASS_SE": null, "FCLASS_BD": null, "FCLASS_UA": null, "FCLASS_TLC": null }, "geometry": { "type": "Point", "coordinates": [ -105.3000173, 55.1000075 ] } },
{ "type": "Feature", "properties": { "SCALERANK": 8, "NATSCALE": 10, "LABELRANK": 2, "FEATURECLA": "Populated place", "NAME": "Stony Rapids", "NAMEPAR": null, "NAMEALT": null, "NAMEASCII": "Stony Rapids", "ADM0CAP": 0, "CAPIN": null, "WORLDCITY": 0, "MEGACITY": 0, "SOV0NAME": "Canada", "SOV_A3": "CAN", "ADM0NAME": "Canada", "ADM0_A3": "CAN", "ADM1NAME": "Saskatchewan", "ISO_A2": "CA", "NOTE": null, "LATITUDE": 59.266575, "LONGITUDE": -105.833266, "POP_MAX": 152, "POP_MIN": 152, "POP_OTHER": 0, "RANK_MAX": 1, "RANK_MIN": 1, "MEGANAME": null, "LS_NAME": "Stony Rapids", "MAX_POP10": 152, "MAX_POP20": 0, "MAX_POP50": 0, "MAX_POP300": 0, "MAX_POP310": 0, "MAX_NATSCA": 10, "MIN_AREAKM": 0, "MAX_AREAKM": 0, "MIN_AREAMI": 0, "MAX_AREAMI": 0, "MIN_PERKM": 3, "MAX_PERKM": 3, "MIN_PERMI": 2, "MAX_PERMI": 2, "MIN_BBXMIN": -105.841667, "MAX_BBXMIN": -105.841667, "MIN_BBXMAX": -105.833333, "MAX_BBXMAX": -105.833333, "MIN_BBYMIN": 59.25, "MAX_BBYMIN": 59.25, "MIN_BBYMAX": 59.258333, "MAX_BBYMAX": 59.258333, "MEAN_BBXC": -105.8375, "MEAN_BBYC": 59.254167, "TIMEZONE": null, "UN_FID": 0, "POP1950": 0, "POP1955": 0, "POP1960": 0, "POP1965": 0, "POP1970": 0, "POP1975": 0, "POP1980": 0, "POP1985": 0, "POP1990": 0, "POP1995": 0, "POP2000": 0, "POP2005": 0, "POP2010": 0, "POP2015": 0, "POP2020": 0, "POP2025": 0, "POP2050": 0, "MIN_ZOOM": 7.0, "WIKIDATAID": "Q491457", "WOF_ID": 1141906643, "CAPALT": 0, "NAME_EN": "Stony Rapids", "NAME_DE": "Stony Rapids", "NAME_ES": "Stony Rapids", "NAME_FR": "Stony Rapids", "NAME_PT": "Stony Rapids", "NAME_RU": "Стоуни-Рэпидс", "NAME_ZH": "斯托尼拉皮兹", "LABEL": null, "NAME_AR": "ستوني رابيدز", "NAME_BN": "স্টোনি র", "NAME_EL": "Στόουνι Ράπιντς", "NAME_HI": "स्टोनी रैपिड्स", "NAME_HU": "Stony Rapids", "NAME_ID": "Stony Rapids", "NAME_IT": "Stony Rapids", "NAME_JA": "ストーニーラピッズ", "NAME_KO": "스토니 래피즈", "NAME_NL": "Stony Rapids", "NAME_PL": "Stony Rapids", "NAME_SV": "Stony Rapids", "NAME_TR": "Stony Rapids", "NAME_VI": "Stony Rapids", "NE_ID": 1159131373, "NAME_FA": "ستونی رپیدز", "NAME_HE": "סטוני ראפידס", "NAME_UK": "Стоні-Рапідс", "NAME_UR": "اسٹونی ریپڈز", "NAME_ZHT": "史東尼拉皮茲", "GEONAMESID": 6157570, "FCLASS_ISO": null, "FCLASS_US": null, "FCLASS_FR": null, "FCLASS_RU": null, "FCLASS_ES": null, "FCLASS_CN": null, "FCLASS_TW": null, "FCLASS_IN": null, "FCLASS_NP": null, "FCLASS_PK": null, "FCLASS_DE": null, "FCLASS_GB": null, "FCLASS_BR": null, "FCLASS_IL": null, "FCLASS_PS": null, "FCLASS_SA": null, "FCLASS_EG": null, "FCLASS_MA": null, "FCLASS_PT": null, "FCLASS_AR": null, "FCLASS_JP": null, "FCLASS_KO": null, "FCLASS_VN": null, "FCLASS_TR": null, "FCLASS_ID": null, "FCLASS_PL": null, "FCLASS_GR": null, "FCLASS_IT": null, "FCLASS_NL": null, "FCLASS_SE": null, "FCLASS_BD": null, "FCLASS_UA": null, "FCLASS_TLC": null }, "geometry": { "type": "Point", "coordinates": [ -105.8332664, 59.2665749 ] } },
{ "type": "Feature", "properties": { "SCALERANK": 8, "NATSCALE": 10, "LABELRANK": 2, "FEATURECLA": "Populated place", "NAME": "Camrose", "NAMEPAR": null, "NAMEALT": null, "NAMEASCII": "Camrose", "ADM0CAP": 0, "CAPIN": null, "WORLDCITY": 0, "MEGACITY": 0, "SOV0NAME": "Canada", "SOV_A3": "CAN", "ADM0NAME": "Canada", "ADM0_A3": "CAN", "ADM1NAME": "Alberta", "ISO_A2": "CA", "NOTE": null, "LATITUDE": 53.016698, "LONGITUDE": -112.816639, "POP_MAX": 15808, "POP_MIN": 15686, "POP_OTHER": 15808, "RANK_MAX": 6, "RANK_MIN": 6, "MEGANAME": null, "LS_NAME": "Camrose", "MAX_POP10": 15808, "MAX_POP20": 0, "MAX_POP50": 0, "MAX_POP300": 0, "MAX_POP310": 0, "MAX_NATSCA": 10, "MIN_AREAKM": 10, "MAX_AREAKM": 10, "MIN_AREAMI": 4, "MAX_AREAMI": 4, "MIN_PERKM": 17, "MAX_PERKM": 17, "MIN_PERMI": 11, "MAX_PERMI": 11, "MIN_BBXMIN": -112.858333, "MAX_BBXMIN": -112.858333, "MIN_BBXMAX": -112.8, "MAX_BBXMAX": -112.8, "MIN_BBYMIN": 53.0, "MAX_BBYMIN": 53.0, "MIN_BBYMAX": 53.033333, "MAX_BBYMAX": 53.033333, "MEAN_BBXC": -112.831667, "MEAN_BBYC": 53.016667, "TIMEZONE": "America/Edmonton", "UN_FID": 0, "POP1950": 0, "POP1955": 0, "POP1960": 0, "POP1965": 0, "POP1970": 0, "POP1975": 0, "POP1980": 0, "POP1985": 0, "POP1990": 0, "POP1995": 0, "POP2000": 0, "POP2005": 0, "POP2010": 0, "POP2015": 0, "POP2020": 0, "POP2025": 0, "POP2050": 0, "MIN_ZOOM": 7.0, "WIKIDATAID": "Q775610", "WOF_ID": 890458393, "CAPALT": 0, "NAME_EN": "Camrose", "NAME_DE": "Camrose", "NAME_ES": "Camrose", "NAME_FR": "Camrose", "NAME_PT": "Camrose", "NAME_RU": "Камроуз", "NAME_ZH": "卡姆罗斯", "LABEL": null, "NAME_AR": "كامروز", "NAME_BN": "ক্যামরুস", "NAME_EL": "Κάμροουζ", "NAME_HI": "कैमरोज", "NAME_HU": "Camrose", "NAME_ID": "Camrose", "NAME_IT": "Camrose", "NAME_JA": "カムローズ", "NAME_KO": "캠로즈", "NAME_NL": "Camrose", "NAME_PL": "Camrose", "NAME_SV": "Camrose", "NAME_TR": "Camrose", "NAME_VI": "Camrose", "NE_ID": 1159131379, "NAME_FA": "کمروز", "NAME_HE": "קמרוז", "NAME_UK": "Камрось", "NAME_UR": "کیمروز", "NAME_ZHT": "卡姆罗斯", "GEONAMESID": 5914653, "FCLASS_ISO": null, "FCLASS_US": null, "FCLASS_FR": null, "FCLASS_RU": null, "FCLASS_ES": null, "FCLASS_CN": null, "FCLASS_TW": null, "FCLASS_IN": null, "FCLASS_NP": null, "FCLASS_PK": null, "FCLASS_DE": null, "FCLASS_GB": null, "FCLASS_BR": null, "FCLASS_IL": null, "FCLASS_PS": null, "FCLASS_SA": null, "FCLASS_EG": null, "FCLASS_MA": null, "FCLASS_PT": null, "FCLASS_AR": null, "FCLASS_JP": null, "FCLASS_KO": null, "FCLASS_VN": null, "FCLASS_TR": null, "FCLASS_ID": null, "FCLASS_PL": null, "FCLASS_GR": null, "FCLASS_IT": null, "FCLASS_NL": null, "FCLASS_SE": null, "FCLASS_BD": null, "FCLASS_UA": null, "FCLASS_TLC": null }, "geometry": { "type": "Point", "coordinates": [ -112.8166386, 53.016698 ] } },
{ "type": "Feature", "properties": { "SCALERANK": 8, "NATSCALE": 10, "LABELRANK": 2, "FEATURECLA": "Populated place", "NAME": "Hinton", "NAMEPAR": null, "NAMEALT": null, "NAMEASCII": "Hinton", "ADM0CAP": 0, "CAPIN": null, "WORLDCITY": 0, "MEGACITY": 0, "SOV0NAME": "Canada", "SOV_A3": "CAN", "ADM0NAME": "Canada", "ADM0_A3": "CAN", "ADM1NAME": "Alberta", "ISO_A2": "CA", "NOTE": null, "LATITUDE": 53.399982, "LONGITUDE": -117.58335, "POP_MAX": 10265, "POP_MIN": 9889, "POP_OTHER": 10009, "RANK_MAX": 6, "RANK_MIN": 5, "MEGANAME": null, "LS_NAME": "Hinton", "MAX_POP10": 10265, "MAX_POP20": 0, "MAX_POP50": 0, "MAX_POP300": 0, "MAX_POP310": 0, "MAX_NATSCA": 10, "MIN_AREAKM": 14, "MAX_AREAKM": 14, "MIN_AREAMI": 5, "MAX_AREAMI": 5, "MIN_PERKM": 28, "MAX_PERKM": 28, "MIN_PERMI": 18, "MAX_PERMI": 18, "MIN_BBXMIN": -117.616667, "MAX_BBXMIN": -117.616667, "MIN_BBXMAX": -117.525, "MAX_BBXMAX": -117.525, "MIN_BBYMIN": 53.383333, "MAX_BBYMIN": 53.383333, "MIN_BBYMAX": 53.433333, "MAX_BBYMAX": 53.433333, "MEAN_BBXC": -117.573611, "MEAN_BBYC": 53.408488, "TIMEZONE": "America/Edmonton", "UN_FID": 0, "POP1950": 0, "POP1955": 0, "POP1960": 0, "POP1965": 0, "POP1970": 0, "POP1975": 0, "POP1980": 0, "POP1985": 0, "POP1990": 0, "POP1995": 0, "POP2000": 0, "POP2005": 0, "POP2010": 0, "POP2015": 0, "POP2020": 0, "POP2025": 0, "POP2050": 0, "MIN_ZOOM": 7.0, "WIKIDATAID": "Q1016692", "WOF_ID": 890456225, "CAPALT": 0, "NAME_EN": "Hinton", "NAME_DE": "Hinton", "NAME_ES": "Hinton", "NAME_FR": "Hinton", "NAME_PT": "Hinton", "NAME_RU": "Хинтон", "NAME_ZH": "欣顿", "LABEL": null, "NAME_AR": "هينتون", "NAME_BN": "হিন্টন", "NAME_EL": "Χίντον", "NAME_HI": "हिंटन", "NAME_HU": "Hinton", "NAME_ID": "Hinton", "NAME_IT": "Hinton", "NAME_JA": "ヒントン", "NAME_KO": "힌튼", "NAME_NL": "Hinton", "NAME_PL": "Hinton", "NAME_SV": "Hinton", "NAME_TR": "Hinton", "NAME_VI": "Hinton", "NE_ID": 1159131383, "NAME_FA": "هینتون", "NAME_HE": "הינטון", "NAME_UK": "Гінтон", "NAME_UR": "ہنٹن", "NAME_ZHT": "欣頓", "GEONAMESID": 5975503, "FCLASS_ISO": null, "FCLASS_US": null, "FCLASS_FR": null, "FCLASS_RU": null, "FCLASS_ES": null, "FCLASS_CN": null, "FCLASS_TW": null, "FCLASS_IN": null, "FCLASS_NP": null, "FCLASS_PK": null, "FCLASS_DE": null, "FCLASS_GB": null, "FCLASS_BR": null, "FCLASS_IL": null, "FCLASS_PS": null, "FCLASS_SA": null, "FCLASS_EG": null, "FCLASS_MA": null, "FCLASS_PT": null, "FCLASS_AR": null, "FCLASS_JP": null, "FCLASS_KO": null, "FCLASS_VN": null, "FCLASS_TR": null, "FCLASS_ID": null, "FCLASS_PL": null, "FCLASS_GR": null, "FCLASS_IT": null, "FCLASS_NL": null, "FCLASS_SE": null, "FCLASS_BD": null, "FCLASS_UA": null, "FCLASS_TLC": null }, "geometry": { "type": "Point", "coordinates": [ -117.5833503, 53.3999821 ] } },
{ "type": "Feature", "properties": { "SCALERANK": 8, "NATSCALE": 10, "LABELRANK": 2, "FEATURECLA": "Populated place", "NAME": "Vegreville", "NAMEPAR": null, "NAMEALT": null, "NAMEASCII": "Vegreville", "ADM0CAP": 0, "CAPIN": null, "WORLDCITY": 0, "MEGACITY": 0, "SOV0NAME": "Canada", "SOV_A3": "CAN", "ADM0NAME": "Canada", "ADM0_A3": "CAN", "ADM1NAME": "Alberta", "ISO_A2": "CA", "NOTE": null, "LATITUDE": 53.499976, "LONGITUDE": -112.049967, "POP_MAX": 5813, "POP_MIN": 5678, "POP_OTHER": 5569, "RANK_MAX": 5, "RANK_MIN": 5, "MEGANAME": null, "LS_NAME": "Vegreville", "MAX_POP10": 5813, "MAX_POP20": 0, "MAX_POP50": 0, "MAX_POP300": 0, "MAX_POP310": 0, "MAX_NATSCA": 10, "MIN_AREAKM": 6, "MAX_AREAKM": 6, "MIN_AREAMI": 2, "MAX_AREAMI": 2, "MIN_PERKM": 11, "MAX_PERKM": 11, "MIN_PERMI": 7, "MAX_PERMI": 7, "MIN_BBXMIN": -112.066667, "MAX_BBXMIN": -112.066667, "MIN_BBXMAX": -112.033333, "MAX_BBXMAX": -112.033333, "MIN_BBYMIN": 53.483333, "MAX_BBYMIN": 53.483333, "MIN_BBYMAX": 53.508333, "MAX_BBYMAX": 53.508333, "MEAN_BBXC": -112.051136, "MEAN_BBYC": 53.496591, "TIMEZONE": "America/Edmonton", "UN_FID": 0, "POP1950": 0, "POP1955": 0, "POP1960": 0, "POP1965": 0, "POP1970": 0, "POP1975": 0, "POP1980": 0, "POP1985": 0, "POP1990": 0, "POP1995": 0, "POP2000": 0, "POP2005": 0, "POP2010": 0, "POP2015": 0, "POP2020": 0, "POP2025": 0, "POP2050": 0, "MIN_ZOOM": 7.0, "WIKIDATAID": "Q1276220", "WOF_ID": 890457037, "CAPALT": 0, "NAME_EN": "Vegreville", "NAME_DE": "Vegreville", "NAME_ES": "Vegreville", "NAME_FR": "Vegreville", "NAME_PT": "Vegreville", "NAME_RU": "Вегревилл", "NAME_ZH": "韦格勒维尔", "LABEL": null, "NAME_AR": "فيجريفيل", "NAME_BN": "ভেগ্রেভিলে", "NAME_EL": "Βέγκρβιλ", "NAME_HI": "वेग्रेविल", "NAME_HU": "Vegreville", "NAME_ID": "Vegreville", "NAME_IT": "Vegreville", "NAME_JA": "ヴェグレヴィル", "NAME_KO": "베그레빌", "NAME_NL": "Vegreville", "NAME_PL": "Vegreville", "NAME_SV": "Vegreville", "NAME_TR": "Vegreville", "NAME_VI": "Vegreville", "NE_ID": 1159131387, "NAME_FA": "وگرویل", "NAME_HE": "ווגרוויל", "NAME_UK": "Веґревіль", "NAME_UR": "ویگری ول", "NAME_ZHT": "韋格勒維爾", "GEONAMESID": 6173635, "FCLASS_ISO": null, "FCLASS_US": null, "FCLASS_FR": null, "FCLASS_RU": null, "FCLASS_ES": null, "FCLASS_CN": null, "FCLASS_TW": null, "FCLASS_IN": null, "FCLASS_NP": null, "FCLASS_PK": null, "FCLASS_DE": null, "FCLASS_GB": null, "FCLASS_BR": null, "FCLASS_IL": null, "FCLASS_PS": null, "FCLASS_SA": null, "FCLASS_EG": null, "FCLASS_MA": null, "FCLASS_PT": null, "FCLASS_AR": null, "FCLASS_JP": null, "FCLASS_KO": null, "FCLASS_VN": null, "FCLASS_TR": null, "FCLASS_ID": null, "FCLASS_PL": null, "FCLASS_GR": null, "FCLASS_IT": null, "FCLASS_NL": null, "FCLASS_SE": null, "FCLASS_BD": null, "FCLASS_UA": null, "FCLASS_TLC": null }, "geometry": { "type": "Point", "coordinates": [ -112.0499671, 53.499976 ] } },
{ "type": "Feature", "properties": { "SCALERANK": 8, "NATSCALE": 10, "LABELRANK": 2, "FEATURECLA": "Populated place", "NAME": "Stettler", "NAMEPAR": null, "NAMEALT": null, "NAMEASCII": "Stettler", "ADM0CAP": 0, "CAPIN": null, "WORLDCITY": 0, "MEGACITY": 0, "SOV0NAME": "Canada", "SOV_A3": "CAN", "ADM0NAME": "Canada", "ADM0_A3": "CAN", "ADM1NAME": "Alberta", "ISO_A2": "CA", "NOTE": null, "LATITUDE": 52.332967, "LONGITUDE": -112.683288, "POP_MAX": 5494, "POP_MIN": 5405, "POP_OTHER": 0, "RANK_MAX": 5, "RANK_MIN": 5, "MEGANAME": null, "LS_NAME": "Stettler", "MAX_POP10": 5405, "MAX_POP20": 0, "MAX_POP50": 0, "MAX_POP300": 0, "MAX_POP310": 0, "MAX_NATSCA": 10, "MIN_AREAKM": 7, "MAX_AREAKM": 7, "MIN_AREAMI": 3, "MAX_AREAMI": 3, "MIN_PERKM": 15, "MAX_PERKM": 15, "MIN_PERMI": 9, "MAX_PERMI": 9, "MIN_BBXMIN": -112.733333, "MAX_BBXMIN": -112.733333, "MIN_BBXMAX": -112.683333, "MAX_BBXMAX": -112.683333, "MIN_BBYMIN": 52.308333, "MAX_BBYMIN": 52.308333, "MIN_BBYMAX": 52.333333, "MAX_BBYMAX": 52.333333, "MEAN_BBXC": -112.7125, "MEAN_BBYC": 52.322024, "TIMEZONE": "America/Edmonton", "UN_FID": 0, "POP1950": 0, "POP1955": 0, "POP1960": 0, "POP1965": 0, "POP1970": 0, "POP1975": 0, "POP1980": 0, "POP1985": 0, "POP1990": 0, "POP1995": 0, "POP2000": 0, "POP2005": 0, "POP2010": 0, "POP2015": 0, "POP2020": 0, "POP2025": 0, "POP2050": 0, "MIN_ZOOM": 7.0, "WIKIDATAID": "Q1746019", "WOF_ID": 890456711, "CAPALT": 0, "NAME_EN": "Stettler", "NAME_DE": "Stettler", "NAME_ES": "Stettler", "NAME_FR": "Stettler", "NAME_PT": "Stettler", "NAME_RU": "Стетлер", "NAME_ZH": "斯泰特勒", "LABEL": null, "NAME_AR": "ستيتلر", "NAME_BN": "স্টেটলার", "NAME_EL": "Στέτλερ", "NAME_HI": "स्टेट्लर", "NAME_HU": "Stettler", "NAME_ID": "Stettler", "NAME_IT": "Stettler", "NAME_JA": "ステトラー", "NAME_KO": "스테틀러", "NAME_NL": "Stettler", "NAME_PL": "Stettler", "NAME_SV": "Stettler", "NAME_TR": "Stettler", "NAME_VI": "Stettler", "NE_ID": 1159131391, "NAME_FA": "استتلر", "NAME_HE": "סטטלר", "NAME_UK": "Стетлер", "NAME_UR": "سٹیٹلر", "NAME_ZHT": "斯戴德勒", "GEONAMESID": 6156307, "FCLASS_ISO": null, "FCLASS_US": null, "FCLASS_FR": null, "FCLASS_RU": null, "FCLASS_ES": null, "FCLASS_CN": null, "FCLASS_TW": null, "FCLASS_IN": null, "FCLASS_NP": null, "FCLASS_PK": null, "FCLASS_DE": null, "FCLASS_GB": null, "FCLASS_BR": null, "FCLASS_IL": null, "FCLASS_PS": null, "FCLASS_SA": null, "FCLASS_EG": null, "FCLASS_MA": null, "FCLASS_PT": null, "FCLASS_AR": null, "FCLASS_JP": null, "FCLASS_KO": null, "FCLASS_VN": null, "FCLASS_TR": null, "FCLASS_ID": null, "FCLASS_PL": null, "FCLASS_GR": null, "FCLASS_IT": null, "FCLASS_NL": null, "FCLASS_SE": null, "FCLASS_BD": null, "FCLASS_UA": null, "FCLASS_TLC": null }, "geometry": { "type": "Point", "coordinates": [ -112.6832876, 52.3329671 ] } },
{ "type": "Feature", "properties": { "SCALERANK": 8, "NATSCALE": 10, "LABELRANK": 2, "FEATURECLA": "Populated place", "NAME": "Lac La Biche", "NAMEPAR": null, "NAMEALT": null, "NAMEASCII": "Lac La Biche", "ADM0CAP": 0, "CAPIN": null, "WORLDCITY": 0, "MEGACITY": 0, "SOV0NAME": "Canada", "SOV_A3": "CAN", "ADM0NAME": "Canada", "ADM0_A3": "CAN", "ADM1NAME": "Alberta", "ISO_A2": "CA", "NOTE": null, "LATITUDE": 54.77194, "LONGITUDE": -111.964701, "POP_MAX": 2986, "POP_MIN": 2919, "POP_OTHER": 2986, "RANK_MAX": 4, "RANK_MIN": 4, "MEGANAME": null, "LS_NAME": "Lac La Biche", "MAX_POP10": 2986, "MAX_POP20": 0, "MAX_POP50": 0, "MAX_POP300": 0, "MAX_POP310": 0, "MAX_NATSCA": 10, "MIN_AREAKM": 3, "MAX_AREAKM": 3, "MIN_AREAMI": 1, "MAX_AREAMI": 1, "MIN_PERKM": 10, "MAX_PERKM": 10, "MIN_PERMI": 6, "MAX_PERMI": 6, "MIN_BBXMIN": -111.991667, "MAX_BBXMIN": -111.991667, "MIN_BBXMAX": -111.958333, "MAX_BBXMAX": -111.958333, "MIN_BBYMIN": 54.758333, "MAX_BBYMIN": 54.758333, "MIN_BBYMAX": 54.775, "MAX_BBYMAX": 54.775, "MEAN_BBXC": -111.973214, "MEAN_BBYC": 54.767262, "TIMEZONE": "America/Edmonton", "UN_FID": 0, "POP1950": 0, "POP1955": 0, "POP1960": 0, "POP1965": 0, "POP1970": 0, "POP1975": 0, "POP1980": 0, "POP1985": 0, "POP1990": 0, "POP1995": 0, "POP2000": 0, "POP2005": 0, "POP2010": 0, "POP2015": 0, "POP2020": 0, "POP2025": 0, "POP2050": 0, "MIN_ZOOM": 7.0, "WIKIDATAID": "Q984088", "WOF_ID": 890456707, "CAPALT": 0, "NAME_EN": "Lac La Biche", "NAME_DE": "Lac La Biche", "NAME_ES": "Lac La Biche", "NAME_FR": "Lac La Biche", "NAME_PT": "Lac La Biche", "NAME_RU": "Лак-ла-Биш", "NAME_ZH": "拉克拉比什", "LABEL": null, "NAME_AR": "قرية لاك لا بايتش", "NAME_BN": "লাক লা বিচ", "NAME_EL": "Λακ Λα Μπις", "NAME_HI": "लैक ला बिके", "NAME_HU": "Lac La Biche", "NAME_ID": "Lac La Biche", "NAME_IT": "Lac la Biche", "NAME_JA": "ラク・ラ・ビーシュ", "NAME_KO": "라크 라 비슈", "NAME_NL": "Lac La Biche", "NAME_PL": "Lac La Biche", "NAME_SV": "Lac La Biche", "NAME_TR": "Lac La Biche", "NAME_VI": "Lac La Biche", "NE_ID": 1159131397, "NAME_FA": "لاک لا بیشه", "NAME_HE": "לאק לה בישה", "NAME_UK": "Лак-ла-Біч", "NAME_UR": "لاک لا بیچی", "NAME_ZHT": "拉比什湖", "GEONAMESID": 6028050, "FCLASS_ISO": null, "FCLASS_US": null, "FCLASS_FR": null, "FCLASS_RU": null, "FCLASS_ES": null, "FCLASS_CN": null, "FCLASS_TW": null, "FCLASS_IN": null, "FCLASS_NP": null, "FCLASS_PK": null, "FCLASS_DE": null, "FCLASS_GB": null, "FCLASS_BR": null, "FCLASS_IL": null, "FCLASS_PS": null, "FCLASS_SA": null, "FCLASS_EG": null, "FCLASS_MA": null, "FCLASS_PT": null, "FCLASS_AR": null, "FCLASS_JP": null, "FCLASS_KO": null, "FCLASS_VN": null, "FCLASS_TR": null, "FCLASS_ID": null, "FCLASS_PL": null, "FCLASS_GR": null, "FCLASS_IT": null, "FCLASS_NL": null, "FCLASS_SE": null, "FCLASS_BD": null, "FCLASS_UA": null, "FCLASS_TLC": null }, "geometry": { "type": "Point", "coordinates": [ -111.964701, 54.7719397 ] } },
{ "type": "Feature", "properties": { "SCALERANK": 8, "NATSCALE": 10, "LABELRANK": 2, "FEATURECLA": "Populated place", "NAME": "Wetaskiwin", "NAMEPAR": null, "NAMEALT": null, "NAMEASCII": "Wetaskiwin", "ADM0CAP": 0, "CAPIN": null, "WORLDCITY": 0, "MEGACITY": 0, "SOV0NAME": "Canada", "SOV_A3": "CAN", "ADM0NAME": "Canada", "ADM0_A3": "CAN", "ADM1NAME": "Alberta", "ISO_A2": "CA", "NOTE": null, "LATITUDE": 52.966572, "LONGITUDE": -113.383297, "POP_MAX": 11823, "POP_MIN": 11302, "POP_OTHER": 11296, "RANK_MAX": 6, "RANK_MIN": 6, "MEGANAME": null, "LS_NAME": "Wetaskiwin", "MAX_POP10": 11823, "MAX_POP20": 0, "MAX_POP50": 0, "MAX_POP300": 0, "MAX_POP310": 0, "MAX_NATSCA": 10, "MIN_AREAKM": 10, "MAX_AREAKM": 10, "MIN_AREAMI": 4, "MAX_AREAMI": 4, "MIN_PERKM": 23, "MAX_PERKM": 23, "MIN_PERMI": 14, "MAX_PERMI": 14, "MIN_BBXMIN": -113.391667, "MAX_BBXMIN": -113.391667, "MIN_BBXMAX": -113.341667, "MAX_BBXMAX": -113.341667, "MIN_BBYMIN": 52.95, "MAX_BBYMIN": 52.95, "MIN_BBYMAX": 53.0, "MAX_BBYMAX": 53.0, "MEAN_BBXC": -113.368202, "MEAN_BBYC": 52.975658, "TIMEZONE": "America/Edmonton", "UN_FID": 0, "POP1950": 0, "POP1955": 0, "POP1960": 0, "POP1965": 0, "POP1970": 0, "POP1975": 0, "POP1980": 0, "POP1985": 0, "POP1990": 0, "POP1995": 0, "POP2000": 0, "POP2005": 0, "POP2010": 0, "POP2015": 0, "POP2020": 0, "POP2025": 0, "POP2050": 0, "MIN_ZOOM": 7.0, "WIKIDATAID": "Q950050", "WOF_ID": 890457599, "CAPALT": 0, "NAME_EN": "Wetaskiwin", "NAME_DE": "Wetaskiwin", "NAME_ES": "Wetaskiwin", "NAME_FR": "Wetaskiwin", "NAME_PT": "Wetaskiwin", "NAME_RU": "Ветаскивин", "NAME_ZH": "韦塔斯基温", "LABEL": null, "NAME_AR": "وتاسكوين", "NAME_BN": "ওয়েটাসকিভিন", "NAME_EL": "Γουετάσκιγουιν", "NAME_HI": "वेटस्कीवीन", "NAME_HU": "Wetaskiwin", "NAME_ID": "Wetaskiwin", "NAME_IT": "Wetaskiwin", "NAME_JA": "ウェタスキウィン", "NAME_KO": "웨타스키윈", "NAME_NL": "Wetaskiwin", "NAME_PL": "Wetaskiwin", "NAME_SV": "Wetaskiwin", "NAME_TR": "Wetaskiwin", "NAME_VI": "Wetaskiwin", "NE_ID": 1159131401, "NAME_FA": "وتاسکیوین", "NAME_HE": "ווטסקיווין", "NAME_UK": "Ветаскивин", "NAME_UR": "ویٹاسکیون", "NAME_ZHT": "韦塔斯基温", "GEONAMESID": 6179602, "FCLASS_ISO": null, "FCLASS_US": null, "FCLASS_FR": null, "FCLASS_RU": null, "FCLASS_ES": null, "FCLASS_CN": null, "FCLASS_TW": null, "FCLASS_IN": null, "FCLASS_NP": null, "FCLASS_PK": null, "FCLASS_DE": null, "FCLASS_GB": null, "FCLASS_BR": null, "FCLASS_IL": null, "FCLASS_PS": null, "FCLASS_SA": null, "FCLASS_EG": null, "FCLASS_MA": null, "FCLASS_PT": null, "FCLASS_AR": null, "FCLASS_JP": null, "FCLASS_KO": null, "FCLASS_VN": null, "FCLASS_TR": null, "FCLASS_ID": null, "FCLASS_PL": null, "FCLASS_GR": null, "FCLASS_IT": null, "FCLASS_NL": null, "FCLASS_SE": null, "FCLASS_BD": null, "FCLASS_UA": null, "FCLASS_TLC": null }, "geometry": { "type": "Point", "coordinates": [ -113.3832966, 52.9665719 ] } },
{ "type": "Feature", "properties": { "SCALERANK": 8, "NATSCALE": 10, "LABELRANK": 2, "FEATURECLA": "Populated place", "NAME": "Meander River", "NAMEPAR": null, "NAMEALT": null, "NAMEASCII": "Meander River", "ADM0CAP": 0, "CAPIN": null, "WORLDCITY": 0, "MEGACITY": 0, "SOV0NAME": "Canada", "SOV_A3": "CAN", "ADM0NAME": "Canada", "ADM0_A3": "CAN", "ADM1NAME": "Alberta", "ISO_A2": "CA", "NOTE": null, "LATITUDE": 59.033282, "LONGITUDE": -117.682982, "POP_MAX": 200, "POP_MIN": 200, "POP_OTHER": 0, "RANK_MAX": 1, "RANK_MIN": 1, "MEGANAME": null, "LS_NAME": "Meander River", "MAX_POP10": 0, "MAX_POP20": 0, "MAX_POP50": 0, "MAX_POP300": 0, "MAX_POP310": 0, "MAX_NATSCA": 0, "MIN_AREAKM": 0, "MAX_AREAKM": 0, "MIN_AREAMI": 0, "MAX_AREAMI": 0, "MIN_PERKM": 0, "MAX_PERKM": 0, "MIN_PERMI": 0, "MAX_PERMI": 0, "MIN_BBXMIN": 0.0, "MAX_BBXMIN": 0.0, "MIN_BBXMAX": 0.0, "MAX_BBXMAX": 0.0, "MIN_BBYMIN": 0.0, "MAX_BBYMIN": 0.0, "MIN_BBYMAX": 0.0, "MAX_BBYMAX": 0.0, "MEAN_BBXC": 0.0, "MEAN_BBYC": 0.0, "TIMEZONE": null, "UN_FID": 0, "POP1950": 0, "POP1955": 0, "POP1960": 0, "POP1965": 0, "POP1970": 0, "POP1975": 0, "POP1980": 0, "POP1985": 0, "POP1990": 0, "POP1995": 0, "POP2000": 0, "POP2005": 0, "POP2010": 0, "POP2015": 0, "POP2020": 0, "POP2025": 0, "POP2050": 0, "MIN_ZOOM": 7.0, "WIKIDATAID": "Q6803679", "WOF_ID": 1141906645, "CAPALT": 0, "NAME_EN": "Meander River", "NAME_DE": "Meander River", "NAME_ES": "Meander River", "NAME_FR": "Meander River", "NAME_PT": "Meander River", "NAME_RU": "Меандер-Ривер", "NAME_ZH": "米安德里弗", "LABEL": null, "NAME_AR": "نهر ميندر", "NAME_BN": "মিয়ান্ডার রিভার", "NAME_EL": "Μέαντερ Ρίβερ", "NAME_HI": "मीएंडर रिवर", "NAME_HU": "Meander River", "NAME_ID": "Meander River", "NAME_IT": "Meander River", "NAME_JA": "メアンダー・リバー", "NAME_KO": "미앤더 리버", "NAME_NL": "Meander River", "NAME_PL": "Meander River", "NAME_SV": "Meander River", "NAME_TR": "Meander River", "NAME_VI": "Meander River", "NE_ID": 1159131405, "NAME_FA": "میندر ریور", "NAME_HE": "נהר מאנדר", "NAME_UK": "Меандр-Рівер", "NAME_UR": "مینڈر ریور", "NAME_ZHT": "米安德河", "GEONAMESID": 6071528, "FCLASS_ISO": null, "FCLASS_US": null, "FCLASS_FR": null, "FCLASS_RU": null, "FCLASS_ES": null, "FCLASS_CN": null, "FCLASS_TW": null, "FCLASS_IN": null, "FCLASS_NP": null, "FCLASS_PK": null, "FCLASS_DE": null, "FCLASS_GB": null, "FCLASS_BR": null, "FCLASS_IL": null, "FCLASS_PS": null, "FCLASS_SA": null, "FCLASS_EG": null, "FCLASS_MA": null, "FCLASS_PT": null, "FCLASS_AR": null, "FCLASS_JP": null, "FCLASS_KO": null, "FCLASS_VN": null, "FCLASS_TR": null, "FCLASS_ID": null, "FCLASS_PL": null, "FCLASS_GR": null, "FCLASS_IT": null, "FCLASS_NL": null, "FCLASS_SE": null, "FCLASS_BD": null, "FCLASS_UA": null, "FCLASS_TLC": null }, "geometry": { "type": "Point", "coordinates": [ -117.6829824, 59.0332817 ] } },
{ "type": "Feature", "properties": { "SCALERANK": 8, "NATSCALE": 10, "LABELRANK": 2, "FEATURECLA": "Populated place", "NAME": "Creston", "NAMEPAR": null, "NAMEALT": null, "NAMEASCII": "Creston", "ADM0CAP": 0, "CAPIN": null, "WORLDCITY": 0, "MEGACITY": 0, "SOV0NAME": "Canada", "SOV_A3": "CAN", "ADM0NAME": "Canada", "ADM0_A3": "CAN", "ADM1NAME": "British Columbia", "ISO_A2": "CA", "NOTE": null, "LATITUDE": 49.09996, "LONGITUDE": -116.516697, "POP_MAX": 4816, "POP_MIN": 4816, "POP_OTHER": 0, "RANK_MAX": 4, "RANK_MIN": 4, "MEGANAME": null, "LS_NAME": null, "MAX_POP10": 0, "MAX_POP20": 0, "MAX_POP50": 0, "MAX_POP300": 0, "MAX_POP310": 0, "MAX_NATSCA": 0, "MIN_AREAKM": 0, "MAX_AREAKM": 0, "MIN_AREAMI": 0, "MAX_AREAMI": 0, "MIN_PERKM": 0, "MAX_PERKM": 0, "MIN_PERMI": 0, "MAX_PERMI": 0, "MIN_BBXMIN": 0.0, "MAX_BBXMIN": 0.0, "MIN_BBXMAX": 0.0, "MAX_BBXMAX": 0.0, "MIN_BBYMIN": 0.0, "MAX_BBYMIN": 0.0, "MIN_BBYMAX": 0.0, "MAX_BBYMAX": 0.0, "MEAN_BBXC": 0.0, "MEAN_BBYC": 0.0, "TIMEZONE": "America/Vancouver", "UN_FID": 0, "POP1950": 0, "POP1955": 0, "POP1960": 0, "POP1965": 0, "POP1970": 0, "POP1975": 0, "POP1980": 0, "POP1985": 0, "POP1990": 0, "POP1995": 0, "POP2000": 0, "POP2005": 0, "POP2010": 0, "POP2015": 0, "POP2020": 0, "POP2025": 0, "POP2050": 0, "MIN_ZOOM": 7.0, "WIKIDATAID": "Q1139747", "WOF_ID": 101740917, "CAPALT": 0, "NAME_EN": "Creston", "NAME_DE": "Creston", "NAME_ES": "Creston", "NAME_FR": "Creston", "NAME_PT": "Creston", "NAME_RU": "Крестон", "NAME_ZH": "克雷斯顿", "LABEL": null, "NAME_AR": "كريستون", "NAME_BN": "ক্রেস্টন", "NAME_EL": "Κρέστον", "NAME_HI": "क्रेस्टन", "NAME_HU": "Creston", "NAME_ID": "Creston", "NAME_IT": "Creston", "NAME_JA": "クレストン", "NAME_KO": "크레스톤", "NAME_NL": "Creston", "NAME_PL": "Creston", "NAME_SV": "Creston", "NAME_TR": "Creston", "NAME_VI": "Creston", "NE_ID": 1159131409, "NAME_FA": "کرستن", "NAME_HE": "קרסטון", "NAME_UK": "Крестон", "NAME_UR": "کریسٹن", "NAME_ZHT": "克雷斯頓", "GEONAMESID": 5932311, "FCLASS_ISO": null, "FCLASS_US": null, "FCLASS_FR": null, "FCLASS_RU": null, "FCLASS_ES": null, "FCLASS_CN": null, "FCLASS_TW": null, "FCLASS_IN": null, "FCLASS_NP": null, "FCLASS_PK": null, "FCLASS_DE": null, "FCLASS_GB": null, "FCLASS_BR": null, "FCLASS_IL": null, "FCLASS_PS": null, "FCLASS_SA": null, "FCLASS_EG": null, "FCLASS_MA": null, "FCLASS_PT": null, "FCLASS_AR": null, "FCLASS_JP": null, "FCLASS_KO": null, "FCLASS_VN": null, "FCLASS_TR": null, "FCLASS_ID": null, "FCLASS_PL": null, "FCLASS_GR": null, "FCLASS_IT": null, "FCLASS_NL": null, "FCLASS_SE": null, "FCLASS_BD": null, "FCLASS_UA": null, "FCLASS_TLC": null }, "geometry": { "type": "Point", "coordinates": [ -116.516697, 49.0999603 ] } },
{ "type": "Feature", "properties": { "SCALERANK": 8, "NATSCALE": 10, "LABELRANK": 2, "FEATURECLA": "Populated place", "NAME": "Cranbrook", "NAMEPAR": null, "NAMEALT": null, "NAMEASCII": "Cranbrook", "ADM0CAP": 0, "CAPIN": null, "WORLDCITY": 0, "MEGACITY": 0, "SOV0NAME": "Canada", "SOV_A3": "CAN", "ADM0NAME": "Canada", "ADM0_A3": "CAN", "ADM1NAME": "British Columbia", "ISO_A2": "CA", "NOTE": null, "LATITUDE": 49.516679, "LONGITUDE": -115.766665, "POP_MAX": 18610, "POP_MIN": 17370, "POP_OTHER": 15788, "RANK_MAX": 6, "RANK_MIN": 6, "MEGANAME": null, "LS_NAME": "Cranbrook", "MAX_POP10": 17370, "MAX_POP20": 0, "MAX_POP50": 0, "MAX_POP300": 0, "MAX_POP310": 0, "MAX_NATSCA": 10, "MIN_AREAKM": 21, "MAX_AREAKM": 21, "MIN_AREAMI": 8, "MAX_AREAMI": 8, "MIN_PERKM": 32, "MAX_PERKM": 32, "MIN_PERMI": 20, "MAX_PERMI": 20, "MIN_BBXMIN": -115.816667, "MAX_BBXMIN": -115.816667, "MIN_BBXMAX": -115.725, "MAX_BBXMAX": -115.725, "MIN_BBYMIN": 49.483333, "MAX_BBYMIN": 49.483333, "MIN_BBYMAX": 49.55, "MAX_BBYMAX": 49.55, "MEAN_BBXC": -115.764912, "MEAN_BBYC": 49.513158, "TIMEZONE": "America/Edmonton", "UN_FID": 0, "POP1950": 0, "POP1955": 0, "POP1960": 0, "POP1965": 0, "POP1970": 0, "POP1975": 0, "POP1980": 0, "POP1985": 0, "POP1990": 0, "POP1995": 0, "POP2000": 0, "POP2005": 0, "POP2010": 0, "POP2015": 0, "POP2020": 0, "POP2025": 0, "POP2050": 0, "MIN_ZOOM": 7.0, "WIKIDATAID": "Q1138837", "WOF_ID": 101741001, "CAPALT": 0, "NAME_EN": "Cranbrook", "NAME_DE": "Cranbrook", "NAME_ES": "Cranbrook", "NAME_FR": "Cranbrook", "NAME_PT": "Cranbrook", "NAME_RU": "Кранбрук", "NAME_ZH": "克兰布鲁克", "LABEL": null, "NAME_AR": "كرانبروك", "NAME_BN": "ক্রানব্রুক", "NAME_EL": "Κράνμπρουκ", "NAME_HI": "क्रैनब्रुक", "NAME_HU": "Cranbrook", "NAME_ID": "Cranbrook", "NAME_IT": "Cranbrook", "NAME_JA": "クランブルック", "NAME_KO": "크랜브룩", "NAME_NL": "Cranbrook", "NAME_PL": "Cranbrook", "NAME_SV": "Cranbrook", "NAME_TR": "Cranbrook", "NAME_VI": "Cranbrook", "NE_ID": 1159131415, "NAME_FA": "کرنبروک", "NAME_HE": "קראנברוק", "NAME_UK": "Кранбрук", "NAME_UR": "کرین بروک", "NAME_ZHT": "克兰布鲁克", "GEONAMESID": 5931800, "FCLASS_ISO": null, "FCLASS_US": null, "FCLASS_FR": null, "FCLASS_RU": null, "FCLASS_ES": null, "FCLASS_CN": null, "FCLASS_TW": null, "FCLASS_IN": null, "FCLASS_NP": null, "FCLASS_PK": null, "FCLASS_DE": null, "FCLASS_GB": null, "FCLASS_BR": null, "FCLASS_IL": null, "FCLASS_PS": null, "FCLASS_SA": null, "FCLASS_EG": null, "FCLASS_MA": null, "FCLASS_PT": null, "FCLASS_AR": null, "FCLASS_JP": null, "FCLASS_KO": null, "FCLASS_VN": null, "FCLASS_TR": null, "FCLASS_ID": null, "FCLASS_PL": null, "FCLASS_GR": null, "FCLASS_IT": null, "FCLASS_NL": null, "FCLASS_SE": null, "FCLASS_BD": null, "FCLASS_UA": null, "FCLASS_TLC": null }, "geometry": { "type": "Point", "coordinates": [ -115.7666653, 49.5166791 ] } },
{ "type": "Feature", "properties": { "SCALERANK": 8, "NATSCALE": 10, "LABELRANK": 2, "FEATURECLA": "Populated place", "NAME": "Terrace", "NAMEPAR": null, "NAMEALT": null, "NAMEASCII": "Terrace", "ADM0CAP": 0, "CAPIN": null, "WORLDCITY": 0, "MEGACITY": 0, "SOV0NAME": "Canada", "SOV_A3": "CAN", "ADM0NAME": "Canada", "ADM0_A3": "CAN", "ADM1NAME": "British Columbia", "ISO_A2": "CA", "NOTE": null, "LATITUDE": 54.499993, "LONGITUDE": -128.583325, "POP_MAX": 19443, "POP_MIN": 10101, "POP_OTHER": 0, "RANK_MAX": 6, "RANK_MIN": 6, "MEGANAME": null, "LS_NAME": "Terrace", "MAX_POP10": 10101, "MAX_POP20": 0, "MAX_POP50": 0, "MAX_POP300": 0, "MAX_POP310": 0, "MAX_NATSCA": 10, "MIN_AREAKM": 12, "MAX_AREAKM": 12, "MIN_AREAMI": 4, "MAX_AREAMI": 4, "MIN_PERKM": 23, "MAX_PERKM": 23, "MIN_PERMI": 14, "MAX_PERMI": 14, "MIN_BBXMIN": -128.65, "MAX_BBXMIN": -128.65, "MIN_BBXMAX": -128.566667, "MAX_BBXMAX": -128.566667, "MIN_BBYMIN": 54.508333, "MAX_BBYMIN": 54.508333, "MIN_BBYMAX": 54.541667, "MAX_BBYMAX": 54.541667, "MEAN_BBXC": -128.603442, "MEAN_BBYC": 54.520109, "TIMEZONE": "America/Vancouver", "UN_FID": 0, "POP1950": 0, "POP1955": 0, "POP1960": 0, "POP1965": 0, "POP1970": 0, "POP1975": 0, "POP1980": 0, "POP1985": 0, "POP1990": 0, "POP1995": 0, "POP2000": 0, "POP2005": 0, "POP2010": 0, "POP2015": 0, "POP2020": 0, "POP2025": 0, "POP2050": 0, "MIN_ZOOM": 7.0, "WIKIDATAID": "Q1021037", "WOF_ID": 101740955, "CAPALT": 0, "NAME_EN": "Terrace", "NAME_DE": "Terrace", "NAME_ES": "Terrace", "NAME_FR": "Terrace", "NAME_PT": "Terrace", "NAME_RU": "Террейс", "NAME_ZH": "特尔斯", "LABEL": null, "NAME_AR": "تيراس", "NAME_BN": "টেরেস", "NAME_EL": "Τεράς", "NAME_HI": "टैरेस", "NAME_HU": "Terrace", "NAME_ID": "Terrace", "NAME_IT": "Terrace", "NAME_JA": "テラス", "NAME_KO": "테라스", "NAME_NL": "Terrace", "NAME_PL": "Terrace", "NAME_SV": "Terrace", "NAME_TR": "Terrace", "NAME_VI": "Terrace", "NE_ID": 1159131419, "NAME_FA": "ترس", "NAME_HE": "טרס", "NAME_UK": "Террас", "NAME_UR": "ٹیریس", "NAME_ZHT": "特雷斯", "GEONAMESID": 6162949, "FCLASS_ISO": null, "FCLASS_US": null, "FCLASS_FR": null, "FCLASS_RU": null, "FCLASS_ES": null, "FCLASS_CN": null, "FCLASS_TW": null, "FCLASS_IN": null, "FCLASS_NP": null, "FCLASS_PK": null, "FCLASS_DE": null, "FCLASS_GB": null, "FCLASS_BR": null, "FCLASS_IL": null, "FCLASS_PS": null, "FCLASS_SA": null, "FCLASS_EG": null, "FCLASS_MA": null, "FCLASS_PT": null, "FCLASS_AR": null, "FCLASS_JP": null, "FCLASS_KO": null, "FCLASS_VN": null, "FCLASS_TR": null, "FCLASS_ID": null, "FCLASS_PL": null, "FCLASS_GR": null, "FCLASS_IT": null, "FCLASS_NL": null, "FCLASS_SE": null, "FCLASS_BD": null, "FCLASS_UA": null, "FCLASS_TLC": null }, "geometry": { "type": "Point", "coordinates": [ -128.583324800000014, 54.4999925 ] } },
{ "type": "Feature", "properties": { "SCALERANK": 8, "NATSCALE": 10, "LABELRANK": 2, "FEATURECLA": "Populated place", "NAME": "Chilliwack", "NAMEPAR": null, "NAMEALT": null, "NAMEASCII": "Chilliwack", "ADM0CAP": 0, "CAPIN": null, "WORLDCITY": 0, "MEGACITY": 0, "SOV0NAME": "Canada", "SOV_A3": "CAN", "ADM0NAME": "Canada", "ADM0_A3": "CAN", "ADM1NAME": "British Columbia", "ISO_A2": "CA", "NOTE": null, "LATITUDE": 49.166649, "LONGITUDE": -121.949983, "POP_MAX": 51942, "POP_MIN": 51942, "POP_OTHER": 0, "RANK_MAX": 8, "RANK_MIN": 8, "MEGANAME": null, "LS_NAME": null, "MAX_POP10": 0, "MAX_POP20": 0, "MAX_POP50": 0, "MAX_POP300": 0, "MAX_POP310": 0, "MAX_NATSCA": 0, "MIN_AREAKM": 0, "MAX_AREAKM": 0, "MIN_AREAMI": 0, "MAX_AREAMI": 0, "MIN_PERKM": 0, "MAX_PERKM": 0, "MIN_PERMI": 0, "MAX_PERMI": 0, "MIN_BBXMIN": 0.0, "MAX_BBXMIN": 0.0, "MIN_BBXMAX": 0.0, "MAX_BBXMAX": 0.0, "MIN_BBYMIN": 0.0, "MAX_BBYMIN": 0.0, "MIN_BBYMAX": 0.0, "MAX_BBYMAX": 0.0, "MEAN_BBXC": 0.0, "MEAN_BBYC": 0.0, "TIMEZONE": "America/Vancouver", "UN_FID": 0, "POP1950": 0, "POP1955": 0, "POP1960": 0, "POP1965": 0, "POP1970": 0, "POP1975": 0, "POP1980": 0, "POP1985": 0, "POP1990": 0, "POP1995": 0, "POP2000": 0, "POP2005": 0, "POP2010": 0, "POP2015": 0, "POP2020": 0, "POP2025": 0, "POP2050": 0, "MIN_ZOOM": 7.0, "WIKIDATAID": "Q983026", "WOF_ID": 1141906647, "CAPALT": 0, "NAME_EN": "Chilliwack", "NAME_DE": "Chilliwack", "NAME_ES": "Chilliwack", "NAME_FR": "Chilliwack", "NAME_PT": "Chilliwack", "NAME_RU": "Чилливак", "NAME_ZH": "奇利瓦克", "LABEL": null, "NAME_AR": "تشيليواك", "NAME_BN": "চিলিওয়াক", "NAME_EL": "Τσίλλιγουακ", "NAME_HI": "चिलीवैक", "NAME_HU": "Chilliwack", "NAME_ID": "Chilliwack", "NAME_IT": "Chilliwack", "NAME_JA": "チリワック", "NAME_KO": "칠리웍", "NAME_NL": "Chilliwack", "NAME_PL": "Chilliwack", "NAME_SV": "Chilliwack", "NAME_TR": "Chilliwack", "NAME_VI": "Chilliwack", "NE_ID": 1159131423, "NAME_FA": "چیلیوک", "NAME_HE": "צ'יליוואק", "NAME_UK": "Чілівак", "NAME_UR": "چیلیویک", "NAME_ZHT": "智利域", "GEONAMESID": 5921357, "FCLASS_ISO": null, "FCLASS_US": null, "FCLASS_FR": null, "FCLASS_RU": null, "FCLASS_ES": null, "FCLASS_CN": null, "FCLASS_TW": null, "FCLASS_IN": null, "FCLASS_NP": null, "FCLASS_PK": null, "FCLASS_DE": null, "FCLASS_GB": null, "FCLASS_BR": null, "FCLASS_IL": null, "FCLASS_PS": null, "FCLASS_SA": null, "FCLASS_EG": null, "FCLASS_MA": null, "FCLASS_PT": null, "FCLASS_AR": null, "FCLASS_JP": null, "FCLASS_KO": null, "FCLASS_VN": null, "FCLASS_TR": null, "FCLASS_ID": null, "FCLASS_PL": null, "FCLASS_GR": null, "FCLASS_IT": null, "FCLASS_NL": null, "FCLASS_SE": null, "FCLASS_BD": null, "FCLASS_UA": null, "FCLASS_TLC": null }, "geometry": { "type": "Point", "coordinates": [ -121.949983, 49.1666488 ] } },
{ "type": "Feature", "properties": { "SCALERANK": 8, "NATSCALE": 10, "LABELRANK": 2, "FEATURECLA": "Populated place", "NAME": "Hall Beach", "NAMEPAR": null, "NAMEALT": null, "NAMEASCII": "Hall Beach", "ADM0CAP": 0, "CAPIN": null, "WORLDCITY": 0, "MEGACITY": 0, "SOV0NAME": "Canada", "SOV_A3": "CAN", "ADM0NAME": "Canada", "ADM0_A3": "CAN", "ADM1NAME": "Nunavut", "ISO_A2": "CA", "NOTE": null, "LATITUDE": 68.767467, "LONGITUDE": -81.236083, "POP_MAX": 654, "POP_MIN": 654, "POP_OTHER": 0, "RANK_MAX": 2, "RANK_MIN": 2, "MEGANAME": null, "LS_NAME": "Hall Beach", "MAX_POP10": 0, "MAX_POP20": 0, "MAX_POP50": 0, "MAX_POP300": 0, "MAX_POP310": 0, "MAX_NATSCA": 0, "MIN_AREAKM": 0, "MAX_AREAKM": 0, "MIN_AREAMI": 0, "MAX_AREAMI": 0, "MIN_PERKM": 0, "MAX_PERKM": 0, "MIN_PERMI": 0, "MAX_PERMI": 0, "MIN_BBXMIN": 0.0, "MAX_BBXMIN": 0.0, "MIN_BBXMAX": 0.0, "MAX_BBXMAX": 0.0, "MIN_BBYMIN": 0.0, "MAX_BBYMIN": 0.0, "MIN_BBYMAX": 0.0, "MAX_BBYMAX": 0.0, "MEAN_BBXC": 0.0, "MEAN_BBYC": 0.0, "TIMEZONE": null, "UN_FID": 0, "POP1950": 0, "POP1955": 0, "POP1960": 0, "POP1965": 0, "POP1970": 0, "POP1975": 0, "POP1980": 0, "POP1985": 0, "POP1990": 0, "POP1995": 0, "POP2000": 0, "POP2005": 0, "POP2010": 0, "POP2015": 0, "POP2020": 0, "POP2025": 0, "POP2050": 0, "MIN_ZOOM": 7.0, "WIKIDATAID": "Q1571291", "WOF_ID": 1141906649, "CAPALT": 0, "NAME_EN": "Sanirajak", "NAME_DE": "Hall Beach", "NAME_ES": "Hall Beach", "NAME_FR": "Hall Beach", "NAME_PT": "Hall Beach", "NAME_RU": "Холл-Бич", "NAME_ZH": "大厅海滩", "LABEL": null, "NAME_AR": "هول بيتش", "NAME_BN": "হল বিচ", "NAME_EL": "Χολ Μπιτς", "NAME_HI": "हॉल बीच", "NAME_HU": "Sanirajak", "NAME_ID": "Hall Beach", "NAME_IT": "Hall Beach", "NAME_JA": "ホール・ビーチ", "NAME_KO": "홀 비치", "NAME_NL": "Hall Beach", "NAME_PL": "Hall Beach", "NAME_SV": "Sanirajak", "NAME_TR": "Hall Beach", "NAME_VI": "Hall Beach", "NE_ID": 1159131427, "NAME_FA": "هال بیچ", "NAME_HE": "חוף הול", "NAME_UK": "Голл-Біч", "NAME_UR": "حل بیچ", "NAME_ZHT": "霍爾比奇", "GEONAMESID": 5969474, "FCLASS_ISO": null, "FCLASS_US": null, "FCLASS_FR": null, "FCLASS_RU": null, "FCLASS_ES": null, "FCLASS_CN": null, "FCLASS_TW": null, "FCLASS_IN": null, "FCLASS_NP": null, "FCLASS_PK": null, "FCLASS_DE": null, "FCLASS_GB": null, "FCLASS_BR": null, "FCLASS_IL": null, "FCLASS_PS": null, "FCLASS_SA": null, "FCLASS_EG": null, "FCLASS_MA": null, "FCLASS_PT": null, "FCLASS_AR": null, "FCLASS_JP": null, "FCLASS_KO": null, "FCLASS_VN": null, "FCLASS_TR": null, "FCLASS_ID": null, "FCLASS_PL": null, "FCLASS_GR": null, "FCLASS_IT": null, "FCLASS_NL": null, "FCLASS_SE": null, "FCLASS_BD": null, "FCLASS_UA": null, "FCLASS_TLC": null }, "geometry": { "type": "Point", "coordinates": [ -81.236083, 68.7674668 ] } },
{ "type": "Feature", "properties": { "SCALERANK": 8, "NATSCALE": 10, "LABELRANK": 2, "FEATURECLA": "Populated place", "NAME": "Lutselke", "NAMEPAR": null, "NAMEALT": null, "NAMEASCII": "Lutselke", "ADM0CAP": 0, "CAPIN": null, "WORLDCITY": 0, "MEGACITY": 0, "SOV0NAME": "Canada", "SOV_A3": "CAN", "ADM0NAME": "Canada", "ADM0_A3": "CAN", "ADM1NAME": "Northwest Territories", "ISO_A2": "CA", "NOTE": null, "LATITUDE": 62.400053, "LONGITUDE": -110.733329, "POP_MAX": 102, "POP_MIN": 102, "POP_OTHER": 0, "RANK_MAX": 1, "RANK_MIN": 1, "MEGANAME": null, "LS_NAME": "Lutselke", "MAX_POP10": 102, "MAX_POP20": 0, "MAX_POP50": 0, "MAX_POP300": 0, "MAX_POP310": 0, "MAX_NATSCA": 10, "MIN_AREAKM": 0, "MAX_AREAKM": 0, "MIN_AREAMI": 0, "MAX_AREAMI": 0, "MIN_PERKM": 3, "MAX_PERKM": 3, "MIN_PERMI": 2, "MAX_PERMI": 2, "MIN_BBXMIN": -110.741667, "MAX_BBXMIN": -110.741667, "MIN_BBXMAX": -110.733333, "MAX_BBXMAX": -110.733333, "MIN_BBYMIN": 62.4, "MAX_BBYMIN": 62.4, "MIN_BBYMAX": 62.408333, "MAX_BBYMAX": 62.408333, "MEAN_BBXC": -110.7375, "MEAN_BBYC": 62.404167, "TIMEZONE": null, "UN_FID": 0, "POP1950": 0, "POP1955": 0, "POP1960": 0, "POP1965": 0, "POP1970": 0, "POP1975": 0, "POP1980": 0, "POP1985": 0, "POP1990": 0, "POP1995": 0, "POP2000": 0, "POP2005": 0, "POP2010": 0, "POP2015": 0, "POP2020": 0, "POP2025": 0, "POP2050": 0, "MIN_ZOOM": 7.0, "WIKIDATAID": "Q10321097", "WOF_ID": 1141906651, "CAPALT": 0, "NAME_EN": "Łutselk'e", "NAME_DE": "Łutselk’e", "NAME_ES": "Łutselk’e", "NAME_FR": "Łutselk’e", "NAME_PT": "Lutselk'e", "NAME_RU": "Лутселк", "NAME_ZH": "鲁特塞尔克", "LABEL": null, "NAME_AR": "لوتسيلكي", "NAME_BN": "লুটসেলকে", "NAME_EL": "Λουτσέλκε", "NAME_HI": "लुत्सेलके", "NAME_HU": "Lutselke", "NAME_ID": "Lutselke", "NAME_IT": "Łutselk'e", "NAME_JA": "ラットセルク", "NAME_KO": "뤼셀케", "NAME_NL": "Lutselk'e", "NAME_PL": "Lutselke", "NAME_SV": "Lutselke", "NAME_TR": "Lutselke", "NAME_VI": "Lutselke", "NE_ID": 1159131435, "NAME_FA": "لوتسلکه", "NAME_HE": "לוצלקה", "NAME_UK": "Луцелке", "NAME_UR": "لوٹسیلکے", "NAME_ZHT": "勞塞卡", "GEONAMESID": -1, "FCLASS_ISO": null, "FCLASS_US": null, "FCLASS_FR": null, "FCLASS_RU": null, "FCLASS_ES": null, "FCLASS_CN": null, "FCLASS_TW": null, "FCLASS_IN": null, "FCLASS_NP": null, "FCLASS_PK": null, "FCLASS_DE": null, "FCLASS_GB": null, "FCLASS_BR": null, "FCLASS_IL": null, "FCLASS_PS": null, "FCLASS_SA": null, "FCLASS_EG": null, "FCLASS_MA": null, "FCLASS_PT": null, "FCLASS_AR": null, "FCLASS_JP": null, "FCLASS_KO": null, "FCLASS_VN": null, "FCLASS_TR": null, "FCLASS_ID": null, "FCLASS_PL": null, "FCLASS_GR": null, "FCLASS_IT": null, "FCLASS_NL": null, "FCLASS_SE": null, "FCLASS_BD": null, "FCLASS_UA": null, "FCLASS_TLC": null }, "geometry": { "type": "Point", "coordinates": [ -110.7333291, 62.4000529 ] } },
{ "type": "Feature", "properties": { "SCALERANK": 8, "NATSCALE": 10, "LABELRANK": 2, "FEATURECLA": "Populated place", "NAME": "Hay River", "NAMEPAR": null, "NAMEALT": null, "NAMEASCII": "Hay River", "ADM0CAP": 0, "CAPIN": null, "WORLDCITY": 0, "MEGACITY": 0, "SOV0NAME": "Canada", "SOV_A3": "CAN", "ADM0NAME": "Canada", "ADM0_A3": "CAN", "ADM1NAME": "Northwest Territories", "ISO_A2": "CA", "NOTE": null, "LATITUDE": 60.849993, "LONGITUDE": -115.700003, "POP_MAX": 3900, "POP_MIN": 3648, "POP_OTHER": 0, "RANK_MAX": 4, "RANK_MIN": 4, "MEGANAME": null, "LS_NAME": "Hay River", "MAX_POP10": 0, "MAX_POP20": 0, "MAX_POP50": 0, "MAX_POP300": 0, "MAX_POP310": 0, "MAX_NATSCA": 0, "MIN_AREAKM": 0, "MAX_AREAKM": 0, "MIN_AREAMI": 0, "MAX_AREAMI": 0, "MIN_PERKM": 0, "MAX_PERKM": 0, "MIN_PERMI": 0, "MAX_PERMI": 0, "MIN_BBXMIN": 0.0, "MAX_BBXMIN": 0.0, "MIN_BBXMAX": 0.0, "MAX_BBXMAX": 0.0, "MIN_BBYMIN": 0.0, "MAX_BBYMIN": 0.0, "MIN_BBYMAX": 0.0, "MAX_BBYMAX": 0.0, "MEAN_BBXC": 0.0, "MEAN_BBYC": 0.0, "TIMEZONE": null, "UN_FID": 0, "POP1950": 0, "POP1955": 0, "POP1960": 0, "POP1965": 0, "POP1970": 0, "POP1975": 0, "POP1980": 0, "POP1985": 0, "POP1990": 0, "POP1995": 0, "POP2000": 0, "POP2005": 0, "POP2010": 0, "POP2015": 0, "POP2020": 0, "POP2025": 0, "POP2050": 0, "MIN_ZOOM": 7.0, "WIKIDATAID": "Q1013062", "WOF_ID": 1141906655, "CAPALT": 0, "NAME_EN": "Hay River", "NAME_DE": "Hay River", "NAME_ES": "Hay River", "NAME_FR": "Hay River", "NAME_PT": "Hay River", "NAME_RU": "Хей-Ривер", "NAME_ZH": "黑河", "LABEL": null, "NAME_AR": "نهر هاي", "NAME_BN": "হে রিভার", "NAME_EL": "Χέι Ρίβερ", "NAME_HI": "हे रिवर", "NAME_HU": "Hay River", "NAME_ID": "Hay River", "NAME_IT": "Hay River", "NAME_JA": "ヘイリバー", "NAME_KO": "헤이 리버", "NAME_NL": "Hay River", "NAME_PL": "Hay River", "NAME_SV": "Hay River", "NAME_TR": "Hay River", "NAME_VI": "Hay River", "NE_ID": 1159131439, "NAME_FA": "هی ریور", "NAME_HE": "נהר היי", "NAME_UK": "Гей-Рівер", "NAME_UR": "ہے ریور", "NAME_ZHT": "黑河", "GEONAMESID": 5972762, "FCLASS_ISO": null, "FCLASS_US": null, "FCLASS_FR": null, "FCLASS_RU": null, "FCLASS_ES": null, "FCLASS_CN": null, "FCLASS_TW": null, "FCLASS_IN": null, "FCLASS_NP": null, "FCLASS_PK": null, "FCLASS_DE": null, "FCLASS_GB": null, "FCLASS_BR": null, "FCLASS_IL": null, "FCLASS_PS": null, "FCLASS_SA": null, "FCLASS_EG": null, "FCLASS_MA": null, "FCLASS_PT": null, "FCLASS_AR": null, "FCLASS_JP": null, "FCLASS_KO": null, "FCLASS_VN": null, "FCLASS_TR": null, "FCLASS_ID": null, "FCLASS_PL": null, "FCLASS_GR": null, "FCLASS_IT": null, "FCLASS_NL": null, "FCLASS_SE": null, "FCLASS_BD": null, "FCLASS_UA": null, "FCLASS_TLC": null }, "geometry": { "type": "Point", "coordinates": [ -115.788340155512145, 60.814275868154972 ] } },
{ "type": "Feature", "properties": { "SCALERANK": 8, "NATSCALE": 10, "LABELRANK": 2, "FEATURECLA": "Populated place", "NAME": "Doline", "NAMEPAR": null, "NAMEALT": "Deline", "NAMEASCII": "Doline", "ADM0CAP": 0, "CAPIN": null, "WORLDCITY": 0, "MEGACITY": 0, "SOV0NAME": "Canada", "SOV_A3": "CAN", "ADM0NAME": "Canada", "ADM0_A3": "CAN", "ADM1NAME": "Northwest Territories", "ISO_A2": "CA", "NOTE": null, "LATITUDE": 65.183346, "LONGITUDE": -123.416664, "POP_MAX": 525, "POP_MIN": 262, "POP_OTHER": 0, "RANK_MAX": 2, "RANK_MIN": 2, "MEGANAME": null, "LS_NAME": "Deline", "MAX_POP10": 0, "MAX_POP20": 0, "MAX_POP50": 0, "MAX_POP300": 0, "MAX_POP310": 0, "MAX_NATSCA": 0, "MIN_AREAKM": 0, "MAX_AREAKM": 0, "MIN_AREAMI": 0, "MAX_AREAMI": 0, "MIN_PERKM": 0, "MAX_PERKM": 0, "MIN_PERMI": 0, "MAX_PERMI": 0, "MIN_BBXMIN": 0.0, "MAX_BBXMIN": 0.0, "MIN_BBXMAX": 0.0, "MAX_BBXMAX": 0.0, "MIN_BBYMIN": 0.0, "MAX_BBYMIN": 0.0, "MIN_BBYMAX": 0.0, "MAX_BBYMAX": 0.0, "MEAN_BBXC": 0.0, "MEAN_BBYC": 0.0, "TIMEZONE": null, "UN_FID": 0, "POP1950": 0, "POP1955": 0, "POP1960": 0, "POP1965": 0, "POP1970": 0, "POP1975": 0, "POP1980": 0, "POP1985": 0, "POP1990": 0, "POP1995": 0, "POP2000": 0, "POP2005": 0, "POP2010": 0, "POP2015": 0, "POP2020": 0, "POP2025": 0, "POP2050": 0, "MIN_ZOOM": 7.0, "WIKIDATAID": "Q1270505", "WOF_ID": 1141906657, "CAPALT": 0, "NAME_EN": "Délı̨nę", "NAME_DE": "Déline", "NAME_ES": "Délı̨nę", "NAME_FR": "Délı̨nę", "NAME_PT": "Deline", "NAME_RU": "Дейлине", "NAME_ZH": "德利内镇", "LABEL": null, "NAME_AR": "دولين", "NAME_BN": "ডোলিন", "NAME_EL": "Ντολίν", "NAME_HI": "डोलीन", "NAME_HU": "Doline", "NAME_ID": "Doline", "NAME_IT": "Délı̨nę", "NAME_JA": "ドリン", "NAME_KO": "돌린", "NAME_NL": "Deline", "NAME_PL": "Doline", "NAME_SV": "Deline", "NAME_TR": "Doline", "NAME_VI": "Doline", "NE_ID": 1159131443, "NAME_FA": "دلین", "NAME_HE": "דליין", "NAME_UK": "Дейліне", "NAME_UR": "ڈولائن", "NAME_ZHT": "德利內鎮", "GEONAMESID": 6943714, "FCLASS_ISO": null, "FCLASS_US": null, "FCLASS_FR": null, "FCLASS_RU": null, "FCLASS_ES": null, "FCLASS_CN": null, "FCLASS_TW": null, "FCLASS_IN": null, "FCLASS_NP": null, "FCLASS_PK": null, "FCLASS_DE": null, "FCLASS_GB": null, "FCLASS_BR": null, "FCLASS_IL": null, "FCLASS_PS": null, "FCLASS_SA": null, "FCLASS_EG": null, "FCLASS_MA": null, "FCLASS_PT": null, "FCLASS_AR": null, "FCLASS_JP": null, "FCLASS_KO": null, "FCLASS_VN": null, "FCLASS_TR": null, "FCLASS_ID": null, "FCLASS_PL": null, "FCLASS_GR": null, "FCLASS_IT": null, "FCLASS_NL": null, "FCLASS_SE": null, "FCLASS_BD": null, "FCLASS_UA": null, "FCLASS_TLC": null }, "geometry": { "type": "Point", "coordinates": [ -123.4166635, 65.1833456 ] } },
{ "type": "Feature", "properties": { "SCALERANK": 8, "NATSCALE": 10, "LABELRANK": 2, "FEATURECLA": "Populated place", "NAME": "Paulatuk", "NAMEPAR": null, "NAMEALT": null, "NAMEASCII": "Paulatuk", "ADM0CAP": 0, "CAPIN": null, "WORLDCITY": 0, "MEGACITY": 0, "SOV0NAME": "Canada", "SOV_A3": "CAN", "ADM0NAME": "Canada", "ADM0_A3": "CAN", "ADM1NAME": "Northwest Territories", "ISO_A2": "CA", "NOTE": null, "LATITUDE": 69.383322, "LONGITUDE": -123.983321, "POP_MAX": 294, "POP_MIN": 294, "POP_OTHER": 0, "RANK_MAX": 2, "RANK_MIN": 2, "MEGANAME": null, "LS_NAME": "Paulatuk", "MAX_POP10": 0, "MAX_POP20": 0, "MAX_POP50": 0, "MAX_POP300": 0, "MAX_POP310": 0, "MAX_NATSCA": 0, "MIN_AREAKM": 0, "MAX_AREAKM": 0, "MIN_AREAMI": 0, "MAX_AREAMI": 0, "MIN_PERKM": 0, "MAX_PERKM": 0, "MIN_PERMI": 0, "MAX_PERMI": 0, "MIN_BBXMIN": 0.0, "MAX_BBXMIN": 0.0, "MIN_BBXMAX": 0.0, "MAX_BBXMAX": 0.0, "MIN_BBYMIN": 0.0, "MAX_BBYMIN": 0.0, "MIN_BBYMAX": 0.0, "MAX_BBYMAX": 0.0, "MEAN_BBXC": 0.0, "MEAN_BBYC": 0.0, "TIMEZONE": null, "UN_FID": 0, "POP1950": 0, "POP1955": 0, "POP1960": 0, "POP1965": 0, "POP1970": 0, "POP1975": 0, "POP1980": 0, "POP1985": 0, "POP1990": 0, "POP1995": 0, "POP2000": 0, "POP2005": 0, "POP2010": 0, "POP2015": 0, "POP2020": 0, "POP2025": 0, "POP2050": 0, "MIN_ZOOM": 7.0, "WIKIDATAID": "Q465235", "WOF_ID": 1141906659, "CAPALT": 0, "NAME_EN": "Paulatuk", "NAME_DE": "Paulatuk", "NAME_ES": "Paulatuk", "NAME_FR": "Paulatuk", "NAME_PT": "Paulatuk", "NAME_RU": "Полатук", "NAME_ZH": "波拉圖克", "LABEL": null, "NAME_AR": "بولاتوك", "NAME_BN": "পাউলাটুক", "NAME_EL": "Παουλατούκ", "NAME_HI": "पॉलातुक", "NAME_HU": "Paulatuk", "NAME_ID": "Paulatuk", "NAME_IT": "Paulatuk", "NAME_JA": "パウラトゥク", "NAME_KO": "파울라툭", "NAME_NL": "Paulatuk", "NAME_PL": "Paulatuk", "NAME_SV": "Paulatuk", "NAME_TR": "Paulatuk", "NAME_VI": "Paulatuk", "NE_ID": 1159131449, "NAME_FA": "پالتاک", "NAME_HE": "פאולאטוק", "NAME_UK": "Паулатук", "NAME_UR": "پولاٹک", "NAME_ZHT": "波拉圖克", "GEONAMESID": 6099793, "FCLASS_ISO": null, "FCLASS_US": null, "FCLASS_FR": null, "FCLASS_RU": null, "FCLASS_ES": null, "FCLASS_CN": null, "FCLASS_TW": null, "FCLASS_IN": null, "FCLASS_NP": null, "FCLASS_PK": null, "FCLASS_DE": null, "FCLASS_GB": null, "FCLASS_BR": null, "FCLASS_IL": null, "FCLASS_PS": null, "FCLASS_SA": null, "FCLASS_EG": null, "FCLASS_MA": null, "FCLASS_PT": null, "FCLASS_AR": null, "FCLASS_JP": null, "FCLASS_KO": null, "FCLASS_VN": null, "FCLASS_TR": null, "FCLASS_ID": null, "FCLASS_PL": null, "FCLASS_GR": null, "FCLASS_IT": null, "FCLASS_NL": null, "FCLASS_SE": null, "FCLASS_BD": null, "FCLASS_UA": null, "FCLASS_TLC": null }, "geometry": { "type": "Point", "coordinates": [ -123.9833214, 69.3833218 ] } },
{ "type": "Feature", "properties": { "SCALERANK": 8, "NATSCALE": 10, "LABELRANK": 2, "FEATURECLA": "Populated place", "NAME": "Tsiigehtchic", "NAMEPAR": null, "NAMEALT": null, "NAMEASCII": "Tsiigehtchic", "ADM0CAP": 0, "CAPIN": null, "WORLDCITY": 0, "MEGACITY": 0, "SOV0NAME": "Canada", "SOV_A3": "CAN", "ADM0NAME": "Canada", "ADM0_A3": "CAN", "ADM1NAME": "Northwest Territories", "ISO_A2": "CA", "NOTE": null, "LATITUDE": 67.433286, "LONGITUDE": -133.749986, "POP_MAX": 175, "POP_MIN": 175, "POP_OTHER": 0, "RANK_MAX": 1, "RANK_MIN": 1, "MEGANAME": null, "LS_NAME": "Tsiigehtchic", "MAX_POP10": 0, "MAX_POP20": 0, "MAX_POP50": 0, "MAX_POP300": 0, "MAX_POP310": 0, "MAX_NATSCA": 0, "MIN_AREAKM": 0, "MAX_AREAKM": 0, "MIN_AREAMI": 0, "MAX_AREAMI": 0, "MIN_PERKM": 0, "MAX_PERKM": 0, "MIN_PERMI": 0, "MAX_PERMI": 0, "MIN_BBXMIN": 0.0, "MAX_BBXMIN": 0.0, "MIN_BBXMAX": 0.0, "MAX_BBXMAX": 0.0, "MIN_BBYMIN": 0.0, "MAX_BBYMIN": 0.0, "MIN_BBYMAX": 0.0, "MAX_BBYMAX": 0.0, "MEAN_BBXC": 0.0, "MEAN_BBYC": 0.0, "TIMEZONE": null, "UN_FID": 0, "POP1950": 0, "POP1955": 0, "POP1960": 0, "POP1965": 0, "POP1970": 0, "POP1975": 0, "POP1980": 0, "POP1985": 0, "POP1990": 0, "POP1995": 0, "POP2000": 0, "POP2005": 0, "POP2010": 0, "POP2015": 0, "POP2020": 0, "POP2025": 0, "POP2050": 0, "MIN_ZOOM": 7.0, "WIKIDATAID": "Q1014088", "WOF_ID": 1141906661, "CAPALT": 0, "NAME_EN": "Tsiigehtchic", "NAME_DE": "Tsiigehtchic", "NAME_ES": "Tsiigehtchic", "NAME_FR": "Tsiigehtchic", "NAME_PT": "Tsiigehtchic", "NAME_RU": "Цигетчик", "NAME_ZH": "齊格奇克", "LABEL": null, "NAME_AR": "تسيجيهتشيك", "NAME_BN": "সিগেটছিক", "NAME_EL": "Τσιγκέχτσιτς", "NAME_HI": "त्सीगेत्चिक", "NAME_HU": "Tsiigehtchic", "NAME_ID": "Tsiigehtchic", "NAME_IT": "Tsiigehtchic", "NAME_JA": "トサイイジチック", "NAME_KO": "치이게치", "NAME_NL": "Tsiigehtchic", "NAME_PL": "Tsiigehtchic", "NAME_SV": "Tsiigehtchic", "NAME_TR": "Tsiigehtchic", "NAME_VI": "Tsiigehtchic", "NE_ID": 1159131451, "NAME_FA": "تسیگچیک", "NAME_HE": "ציג'טצ'יק", "NAME_UK": "Цігечик", "NAME_UR": "سیگیچک", "NAME_ZHT": "齊格奇克", "GEONAMESID": 6169740, "FCLASS_ISO": null, "FCLASS_US": null, "FCLASS_FR": null, "FCLASS_RU": null, "FCLASS_ES": null, "FCLASS_CN": null, "FCLASS_TW": null, "FCLASS_IN": null, "FCLASS_NP": null, "FCLASS_PK": null, "FCLASS_DE": null, "FCLASS_GB": null, "FCLASS_BR": null, "FCLASS_IL": null, "FCLASS_PS": null, "FCLASS_SA": null, "FCLASS_EG": null, "FCLASS_MA": null, "FCLASS_PT": null, "FCLASS_AR": null, "FCLASS_JP": null, "FCLASS_KO": null, "FCLASS_VN": null, "FCLASS_TR": null, "FCLASS_ID": null, "FCLASS_PL": null, "FCLASS_GR": null, "FCLASS_IT": null, "FCLASS_NL": null, "FCLASS_SE": null, "FCLASS_BD": null, "FCLASS_UA": null, "FCLASS_TLC": null }, "geometry": { "type": "Point", "coordinates": [ -133.7499862, 67.4332857 ] } },
{ "type": "Feature", "properties": { "SCALERANK": 8, "NATSCALE": 10, "LABELRANK": 2, "FEATURECLA": "Populated place", "NAME": "Owen Sound", "NAMEPAR": null, "NAMEALT": null, "NAMEASCII": "Owen Sound", "ADM0CAP": 0, "CAPIN": null, "WORLDCITY": 0, "MEGACITY": 0, "SOV0NAME": "Canada", "SOV_A3": "CAN", "ADM0NAME": "Canada", "ADM0_A3": "CAN", "ADM1NAME": "Ontario", "ISO_A2": "CA", "NOTE": null, "LATITUDE": 44.566645, "LONGITUDE": -80.849985, "POP_MAX": 22625, "POP_MIN": 22625, "POP_OTHER": 0, "RANK_MAX": 7, "RANK_MIN": 7, "MEGANAME": null, "LS_NAME": "Owen Sound", "MAX_POP10": 0, "MAX_POP20": 0, "MAX_POP50": 0, "MAX_POP300": 0, "MAX_POP310": 0, "MAX_NATSCA": 0, "MIN_AREAKM": 0, "MAX_AREAKM": 0, "MIN_AREAMI": 0, "MAX_AREAMI": 0, "MIN_PERKM": 0, "MAX_PERKM": 0, "MIN_PERMI": 0, "MAX_PERMI": 0, "MIN_BBXMIN": 0.0, "MAX_BBXMIN": 0.0, "MIN_BBXMAX": 0.0, "MAX_BBXMAX": 0.0, "MIN_BBYMIN": 0.0, "MAX_BBYMIN": 0.0, "MIN_BBYMAX": 0.0, "MAX_BBYMAX": 0.0, "MEAN_BBXC": 0.0, "MEAN_BBYC": 0.0, "TIMEZONE": "America/Toronto", "UN_FID": 0, "POP1950": 0, "POP1955": 0, "POP1960": 0, "POP1965": 0, "POP1970": 0, "POP1975": 0, "POP1980": 0, "POP1985": 0, "POP1990": 0, "POP1995": 0, "POP2000": 0, "POP2005": 0, "POP2010": 0, "POP2015": 0, "POP2020": 0, "POP2025": 0, "POP2050": 0, "MIN_ZOOM": 6.1, "WIKIDATAID": "Q1017735", "WOF_ID": 101736123, "CAPALT": 0, "NAME_EN": "Owen Sound", "NAME_DE": "Owen Sound", "NAME_ES": "Owen Sound", "NAME_FR": "Owen Sound", "NAME_PT": "Owen Sound", "NAME_RU": "Оуэн-Саунд", "NAME_ZH": "奥云湾", "LABEL": null, "NAME_AR": "أوين ساوند", "NAME_BN": "ওয়েন সাউন্ড", "NAME_EL": "Όγουεν Σάουντ", "NAME_HI": "ओवन साउंड", "NAME_HU": "Owen Sound", "NAME_ID": "Owen Sound", "NAME_IT": "Owen Sound", "NAME_JA": "オーウェンサウンド", "NAME_KO": "오웬 사운드", "NAME_NL": "Owen Sound", "NAME_PL": "Owen Sound", "NAME_SV": "Owen Sound", "NAME_TR": "Owen Sound", "NAME_VI": "Owen Sound", "NE_ID": 1159131453, "NAME_FA": "اوون ساوند", "NAME_HE": "אוון סאונד", "NAME_UK": "Оуен-Саунд", "NAME_UR": "اوون ساؤنڈ", "NAME_ZHT": "奧雲灣", "GEONAMESID": 6095645, "FCLASS_ISO": null, "FCLASS_US": null, "FCLASS_FR": null, "FCLASS_RU": null, "FCLASS_ES": null, "FCLASS_CN": null, "FCLASS_TW": null, "FCLASS_IN": null, "FCLASS_NP": null, "FCLASS_PK": null, "FCLASS_DE": null, "FCLASS_GB": null, "FCLASS_BR": null, "FCLASS_IL": null, "FCLASS_PS": null, "FCLASS_SA": null, "FCLASS_EG": null, "FCLASS_MA": null, "FCLASS_PT": null, "FCLASS_AR": null, "FCLASS_JP": null, "FCLASS_KO": null, "FCLASS_VN": null, "FCLASS_TR": null, "FCLASS_ID": null, "FCLASS_PL": null, "FCLASS_GR": null, "FCLASS_IT": null, "FCLASS_NL": null, "FCLASS_SE": null, "FCLASS_BD": null, "FCLASS_UA": null, "FCLASS_TLC": null }, "geometry": { "type": "Point", "coordinates": [ -80.944660768912129, 44.565234191693172 ] } },
{ "type": "Feature", "properties": { "SCALERANK": 8, "NATSCALE": 10, "LABELRANK": 2, "FEATURECLA": "Populated place", "NAME": "Orillia", "NAMEPAR": null, "NAMEALT": null, "NAMEASCII": "Orillia", "ADM0CAP": 0, "CAPIN": null, "WORLDCITY": 0, "MEGACITY": 0, "SOV0NAME": "Canada", "SOV_A3": "CAN", "ADM0NAME": "Canada", "ADM0_A3": "CAN", "ADM1NAME": "Ontario", "ISO_A2": "CA", "NOTE": null, "LATITUDE": 44.599977, "LONGITUDE": -79.416662, "POP_MAX": 37483, "POP_MIN": 30178, "POP_OTHER": 34280, "RANK_MAX": 7, "RANK_MIN": 7, "MEGANAME": null, "LS_NAME": "Orillia", "MAX_POP10": 37483, "MAX_POP20": 0, "MAX_POP50": 0, "MAX_POP300": 0, "MAX_POP310": 0, "MAX_NATSCA": 10, "MIN_AREAKM": 41, "MAX_AREAKM": 41, "MIN_AREAMI": 16, "MAX_AREAMI": 16, "MIN_PERKM": 57, "MAX_PERKM": 57, "MIN_PERMI": 35, "MAX_PERMI": 35, "MIN_BBXMIN": -79.483333, "MAX_BBXMIN": -79.483333, "MIN_BBXMAX": -79.35, "MAX_BBXMAX": -79.35, "MIN_BBYMIN": 44.575, "MAX_BBYMIN": 44.575, "MIN_BBYMAX": 44.666667, "MAX_BBYMAX": 44.666667, "MEAN_BBXC": -79.426306, "MEAN_BBYC": 44.614241, "TIMEZONE": "America/Toronto", "UN_FID": 0, "POP1950": 0, "POP1955": 0, "POP1960": 0, "POP1965": 0, "POP1970": 0, "POP1975": 0, "POP1980": 0, "POP1985": 0, "POP1990": 0, "POP1995": 0, "POP2000": 0, "POP2005": 0, "POP2010": 0, "POP2015": 0, "POP2020": 0, "POP2025": 0, "POP2050": 0, "MIN_ZOOM": 7.0, "WIKIDATAID": "Q2373358", "WOF_ID": 101735859, "CAPALT": 0, "NAME_EN": "Orillia", "NAME_DE": "Orillia", "NAME_ES": "Orillia", "NAME_FR": "Orillia", "NAME_PT": "Orillia", "NAME_RU": "Ориллия", "NAME_ZH": "奥里利亚", "LABEL": null, "NAME_AR": "أوريليا", "NAME_BN": "ওরিলিয়া", "NAME_EL": "Ορίλια", "NAME_HI": "ओरिलिया", "NAME_HU": "Orillia", "NAME_ID": "Orillia", "NAME_IT": "Orillia", "NAME_JA": "オリリア", "NAME_KO": "오릴라", "NAME_NL": "Orillia", "NAME_PL": "Orillia", "NAME_SV": "Orillia", "NAME_TR": "Orillia", "NAME_VI": "Orillia", "NE_ID": 1159131455, "NAME_FA": "اوریلیا", "NAME_HE": "אוריליה", "NAME_UK": "Оріллія", "NAME_UR": "وریلیا", "NAME_ZHT": "奧里利亞", "GEONAMESID": 6094325, "FCLASS_ISO": null, "FCLASS_US": null, "FCLASS_FR": null, "FCLASS_RU": null, "FCLASS_ES": null, "FCLASS_CN": null, "FCLASS_TW": null, "FCLASS_IN": null, "FCLASS_NP": null, "FCLASS_PK": null, "FCLASS_DE": null, "FCLASS_GB": null, "FCLASS_BR": null, "FCLASS_IL": null, "FCLASS_PS": null, "FCLASS_SA": null, "FCLASS_EG": null, "FCLASS_MA": null, "FCLASS_PT": null, "FCLASS_AR": null, "FCLASS_JP": null, "FCLASS_KO": null, "FCLASS_VN": null, "FCLASS_TR": null, "FCLASS_ID": null, "FCLASS_PL": null, "FCLASS_GR": null, "FCLASS_IT": null, "FCLASS_NL": null, "FCLASS_SE": null, "FCLASS_BD": null, "FCLASS_UA": null, "FCLASS_TLC": null }, "geometry": { "type": "Point", "coordinates": [ -79.4166618, 44.5999766 ] } },
{ "type": "Feature", "properties": { "SCALERANK": 8, "NATSCALE": 10, "LABELRANK": 2, "FEATURECLA": "Populated place", "NAME": "Kapuskasing", "NAMEPAR": null, "NAMEALT": null, "NAMEASCII": "Kapuskasing", "ADM0CAP": 0, "CAPIN": null, "WORLDCITY": 0, "MEGACITY": 0, "SOV0NAME": "Canada", "SOV_A3": "CAN", "ADM0NAME": "Canada", "ADM0_A3": "CAN", "ADM1NAME": "Ontario", "ISO_A2": "CA", "NOTE": null, "LATITUDE": 49.416685, "LONGITUDE": -82.433325, "POP_MAX": 9240, "POP_MIN": 8224, "POP_OTHER": 8103, "RANK_MAX": 5, "RANK_MIN": 5, "MEGANAME": null, "LS_NAME": "Kapuskasing", "MAX_POP10": 8224, "MAX_POP20": 0, "MAX_POP50": 0, "MAX_POP300": 0, "MAX_POP310": 0, "MAX_NATSCA": 10, "MIN_AREAKM": 11, "MAX_AREAKM": 11, "MIN_AREAMI": 4, "MAX_AREAMI": 4, "MIN_PERKM": 19, "MAX_PERKM": 19, "MIN_PERMI": 12, "MAX_PERMI": 12, "MIN_BBXMIN": -82.45, "MAX_BBXMIN": -82.45, "MIN_BBXMAX": -82.391667, "MAX_BBXMAX": -82.391667, "MIN_BBYMIN": 49.4, "MAX_BBYMIN": 49.4, "MIN_BBYMAX": 49.433333, "MAX_BBYMAX": 49.433333, "MEAN_BBXC": -82.421667, "MEAN_BBYC": 49.41625, "TIMEZONE": "America/Nipigon", "UN_FID": 0, "POP1950": 0, "POP1955": 0, "POP1960": 0, "POP1965": 0, "POP1970": 0, "POP1975": 0, "POP1980": 0, "POP1985": 0, "POP1990": 0, "POP1995": 0, "POP2000": 0, "POP2005": 0, "POP2010": 0, "POP2015": 0, "POP2020": 0, "POP2025": 0, "POP2050": 0, "MIN_ZOOM": 7.0, "WIKIDATAID": "Q1027634", "WOF_ID": 101735619, "CAPALT": 0, "NAME_EN": "Kapuskasing", "NAME_DE": "Kapuskasing", "NAME_ES": "Kapuskasing", "NAME_FR": "Kapuskasing", "NAME_PT": "Kapuskasing", "NAME_RU": "Капускейсинг", "NAME_ZH": "卡普斯卡辛", "LABEL": null, "NAME_AR": "كابوسكاسينغ", "NAME_BN": "কাপুসকাসিং", "NAME_EL": "Καπουσκασίνγκ", "NAME_HI": "कापुसकेसिंग", "NAME_HU": "Kapuskasing", "NAME_ID": "Kapuskasing", "NAME_IT": "Kapuskasing", "NAME_JA": "カプスケーシング", "NAME_KO": "카푸스카싱", "NAME_NL": "Kapuskasing", "NAME_PL": "Kapuskasing", "NAME_SV": "Kapuskasing", "NAME_TR": "Kapuskasing", "NAME_VI": "Kapuskasing", "NE_ID": 1159131457, "NAME_FA": "کپوسکسینگ", "NAME_HE": "קפוסקסינג", "NAME_UK": "Капускейсінг", "NAME_UR": "کیپوکاسنگ", "NAME_ZHT": "卡普斯卡辛", "GEONAMESID": 5989403, "FCLASS_ISO": null, "FCLASS_US": null, "FCLASS_FR": null, "FCLASS_RU": null, "FCLASS_ES": null, "FCLASS_CN": null, "FCLASS_TW": null, "FCLASS_IN": null, "FCLASS_NP": null, "FCLASS_PK": null, "FCLASS_DE": null, "FCLASS_GB": null, "FCLASS_BR": null, "FCLASS_IL": null, "FCLASS_PS": null, "FCLASS_SA": null, "FCLASS_EG": null, "FCLASS_MA": null, "FCLASS_PT": null, "FCLASS_AR": null, "FCLASS_JP": null, "FCLASS_KO": null, "FCLASS_VN": null, "FCLASS_TR": null, "FCLASS_ID": null, "FCLASS_PL": null, "FCLASS_GR": null, "FCLASS_IT": null, "FCLASS_NL": null, "FCLASS_SE": null, "FCLASS_BD": null, "FCLASS_UA": null, "FCLASS_TLC": null }, "geometry": { "type": "Point", "coordinates": [ -82.4333252, 49.4166852 ] } },
{ "type": "Feature", "properties": { "SCALERANK": 8, "NATSCALE": 10, "LABELRANK": 2, "FEATURECLA": "Populated place", "NAME": "Thessalon", "NAMEPAR": null, "NAMEALT": null, "NAMEASCII": "Thessalon", "ADM0CAP": 0, "CAPIN": null, "WORLDCITY": 0, "MEGACITY": 0, "SOV0NAME": "Canada", "SOV_A3": "CAN", "ADM0NAME": "Canada", "ADM0_A3": "CAN", "ADM1NAME": "Ontario", "ISO_A2": "CA", "NOTE": null, "LATITUDE": 46.249979, "LONGITUDE": -83.550001, "POP_MAX": 1464, "POP_MIN": 1369, "POP_OTHER": 0, "RANK_MAX": 3, "RANK_MIN": 3, "MEGANAME": null, "LS_NAME": "Thessalon", "MAX_POP10": 1369, "MAX_POP20": 0, "MAX_POP50": 0, "MAX_POP300": 0, "MAX_POP310": 0, "MAX_NATSCA": 10, "MIN_AREAKM": 2, "MAX_AREAKM": 2, "MIN_AREAMI": 1, "MAX_AREAMI": 1, "MIN_PERKM": 6, "MAX_PERKM": 6, "MIN_PERMI": 4, "MAX_PERMI": 4, "MIN_BBXMIN": -83.566667, "MAX_BBXMIN": -83.566667, "MIN_BBXMAX": -83.55, "MAX_BBXMAX": -83.55, "MIN_BBYMIN": 46.25, "MAX_BBYMIN": 46.25, "MIN_BBYMAX": 46.266667, "MAX_BBYMAX": 46.266667, "MEAN_BBXC": -83.558333, "MEAN_BBYC": 46.258333, "TIMEZONE": "America/Toronto", "UN_FID": 0, "POP1950": 0, "POP1955": 0, "POP1960": 0, "POP1965": 0, "POP1970": 0, "POP1975": 0, "POP1980": 0, "POP1985": 0, "POP1990": 0, "POP1995": 0, "POP2000": 0, "POP2005": 0, "POP2010": 0, "POP2015": 0, "POP2020": 0, "POP2025": 0, "POP2050": 0, "MIN_ZOOM": 7.0, "WIKIDATAID": "Q998994", "WOF_ID": 101735513, "CAPALT": 0, "NAME_EN": "Thessalon", "NAME_DE": "Thessalon", "NAME_ES": "Thessalon", "NAME_FR": "Thessalon", "NAME_PT": "Thessalon", "NAME_RU": "Тессалон", "NAME_ZH": "塞瑟朗", "LABEL": null, "NAME_AR": "ثيسالون", "NAME_BN": "থেসালোন", "NAME_EL": "Θέσσαλον", "NAME_HI": "थेसालोन", "NAME_HU": "Thessalon", "NAME_ID": "Thessalon", "NAME_IT": "Thessalon", "NAME_JA": "セサロン", "NAME_KO": "테살론", "NAME_NL": "Thessalon", "NAME_PL": "Thessalon", "NAME_SV": "Thessalon", "NAME_TR": "Thessalon", "NAME_VI": "Thessalon", "NE_ID": 1159131459, "NAME_FA": "تسلون", "NAME_HE": "ט'סלון", "NAME_UK": "Тессалон", "NAME_UR": "تھیسالون", "NAME_ZHT": "塞薩隆", "GEONAMESID": 6164831, "FCLASS_ISO": null, "FCLASS_US": null, "FCLASS_FR": null, "FCLASS_RU": null, "FCLASS_ES": null, "FCLASS_CN": null, "FCLASS_TW": null, "FCLASS_IN": null, "FCLASS_NP": null, "FCLASS_PK": null, "FCLASS_DE": null, "FCLASS_GB": null, "FCLASS_BR": null, "FCLASS_IL": null, "FCLASS_PS": null, "FCLASS_SA": null, "FCLASS_EG": null, "FCLASS_MA": null, "FCLASS_PT": null, "FCLASS_AR": null, "FCLASS_JP": null, "FCLASS_KO": null, "FCLASS_VN": null, "FCLASS_TR": null, "FCLASS_ID": null, "FCLASS_PL": null, "FCLASS_GR": null, "FCLASS_IT": null, "FCLASS_NL": null, "FCLASS_SE": null, "FCLASS_BD": null, "FCLASS_UA": null, "FCLASS_TLC": null }, "geometry": { "type": "Point", "coordinates": [ -83.5500013, 46.2499793 ] } },
{ "type": "Feature", "properties": { "SCALERANK": 8, "NATSCALE": 10, "LABELRANK": 2, "FEATURECLA": "Populated place", "NAME": "Geraldton", "NAMEPAR": null, "NAMEALT": null, "NAMEASCII": "Geraldton", "ADM0CAP": 0, "CAPIN": null, "WORLDCITY": 0, "MEGACITY": 0, "SOV0NAME": "Canada", "SOV_A3": "CAN", "ADM0NAME": "Canada", "ADM0_A3": "CAN", "ADM1NAME": "Ontario", "ISO_A2": "CA", "NOTE": null, "LATITUDE": 49.716641, "LONGITUDE": -86.96664, "POP_MAX": 1290, "POP_MIN": 1290, "POP_OTHER": 0, "RANK_MAX": 3, "RANK_MIN": 3, "MEGANAME": null, "LS_NAME": "Geraldton2", "MAX_POP10": 1290, "MAX_POP20": 0, "MAX_POP50": 0, "MAX_POP300": 0, "MAX_POP310": 0, "MAX_NATSCA": 10, "MIN_AREAKM": 3, "MAX_AREAKM": 3, "MIN_AREAMI": 1, "MAX_AREAMI": 1, "MIN_PERKM": 9, "MAX_PERKM": 9, "MIN_PERMI": 5, "MAX_PERMI": 5, "MIN_BBXMIN": -86.958333, "MAX_BBXMIN": -86.958333, "MIN_BBXMAX": -86.941667, "MAX_BBXMAX": -86.941667, "MIN_BBYMIN": 49.7, "MAX_BBYMIN": 49.7, "MIN_BBYMAX": 49.733333, "MAX_BBYMAX": 49.733333, "MEAN_BBXC": -86.951389, "MEAN_BBYC": 49.719444, "TIMEZONE": null, "UN_FID": 0, "POP1950": 0, "POP1955": 0, "POP1960": 0, "POP1965": 0, "POP1970": 0, "POP1975": 0, "POP1980": 0, "POP1985": 0, "POP1990": 0, "POP1995": 0, "POP2000": 0, "POP2005": 0, "POP2010": 0, "POP2015": 0, "POP2020": 0, "POP2025": 0, "POP2050": 0, "MIN_ZOOM": 7.0, "WIKIDATAID": "Q3492487", "WOF_ID": 1141906663, "CAPALT": 0, "NAME_EN": "Greenstone", "NAME_DE": "Greenstone", "NAME_ES": "Geraldton", "NAME_FR": "Greenstone", "NAME_PT": "Geraldton", "NAME_RU": "Джералдтон", "NAME_ZH": "綠石自治區", "LABEL": null, "NAME_AR": "جيرالدتون", "NAME_BN": "জেরাল্টডন", "NAME_EL": "Τζέραλντον", "NAME_HI": "जेरल्डटन", "NAME_HU": "Geraldton", "NAME_ID": "Geraldton", "NAME_IT": "Geraldton", "NAME_JA": "グリーンストーン", "NAME_KO": "제랄튼", "NAME_NL": "Greenstone", "NAME_PL": "Greenstone", "NAME_SV": "Greenstone", "NAME_TR": "Geraldton", "NAME_VI": "Geraldton", "NE_ID": 1159131463, "NAME_FA": "ناکینا", "NAME_HE": "ג'רלטון", "NAME_UK": "Джеральдтон", "NAME_UR": "گیرالڈٹن", "NAME_ZHT": "綠石自治區", "GEONAMESID": 5966622, "FCLASS_ISO": null, "FCLASS_US": null, "FCLASS_FR": null, "FCLASS_RU": null, "FCLASS_ES": null, "FCLASS_CN": null, "FCLASS_TW": null, "FCLASS_IN": null, "FCLASS_NP": null, "FCLASS_PK": null, "FCLASS_DE": null, "FCLASS_GB": null, "FCLASS_BR": null, "FCLASS_IL": null, "FCLASS_PS": null, "FCLASS_SA": null, "FCLASS_EG": null, "FCLASS_MA": null, "FCLASS_PT": null, "FCLASS_AR": null, "FCLASS_JP": null, "FCLASS_KO": null, "FCLASS_VN": null, "FCLASS_TR": null, "FCLASS_ID": null, "FCLASS_PL": null, "FCLASS_GR": null, "FCLASS_IT": null, "FCLASS_NL": null, "FCLASS_SE": null, "FCLASS_BD": null, "FCLASS_UA": null, "FCLASS_TLC": null }, "geometry": { "type": "Point", "coordinates": [ -86.941870540159798, 49.722406280167171 ] } },
{ "type": "Feature", "properties": { "SCALERANK": 8, "NATSCALE": 10, "LABELRANK": 2, "FEATURECLA": "Populated place", "NAME": "Belleville", "NAMEPAR": null, "NAMEALT": null, "NAMEASCII": "Belleville", "ADM0CAP": 0, "CAPIN": null, "WORLDCITY": 0, "MEGACITY": 0, "SOV0NAME": "Canada", "SOV_A3": "CAN", "ADM0NAME": "Canada", "ADM0_A3": "CAN", "ADM1NAME": "Ontario", "ISO_A2": "CA", "NOTE": null, "LATITUDE": 44.16667, "LONGITUDE": -77.383349, "POP_MAX": 43990, "POP_MIN": 43990, "POP_OTHER": 131866, "RANK_MAX": 7, "RANK_MIN": 7, "MEGANAME": null, "LS_NAME": "Belleville2", "MAX_POP10": 43990, "MAX_POP20": 0, "MAX_POP50": 0, "MAX_POP300": 0, "MAX_POP310": 0, "MAX_NATSCA": 10, "MIN_AREAKM": 51, "MAX_AREAKM": 51, "MIN_AREAMI": 20, "MAX_AREAMI": 20, "MIN_PERKM": 49, "MAX_PERKM": 49, "MIN_PERMI": 31, "MAX_PERMI": 31, "MIN_BBXMIN": -77.45, "MAX_BBXMIN": -77.45, "MIN_BBXMAX": -77.316667, "MAX_BBXMAX": -77.316667, "MIN_BBYMIN": 44.141667, "MAX_BBYMIN": 44.141667, "MIN_BBYMAX": 44.216667, "MAX_BBYMAX": 44.216667, "MEAN_BBXC": -77.386382, "MEAN_BBYC": 44.181606, "TIMEZONE": null, "UN_FID": 0, "POP1950": 0, "POP1955": 0, "POP1960": 0, "POP1965": 0, "POP1970": 0, "POP1975": 0, "POP1980": 0, "POP1985": 0, "POP1990": 0, "POP1995": 0, "POP2000": 0, "POP2005": 0, "POP2010": 0, "POP2015": 0, "POP2020": 0, "POP2025": 0, "POP2050": 0, "MIN_ZOOM": 7.0, "WIKIDATAID": "Q34227", "WOF_ID": 1141906665, "CAPALT": 0, "NAME_EN": "Belleville", "NAME_DE": "Belleville", "NAME_ES": "Belleville", "NAME_FR": "Belleville", "NAME_PT": "Belleville", "NAME_RU": "Бельвиль", "NAME_ZH": "贝尔维尔", "LABEL": null, "NAME_AR": "بيلفيل", "NAME_BN": "বেলভিল", "NAME_EL": "Μπελβίλ", "NAME_HI": "बेलेविले", "NAME_HU": "Belleville", "NAME_ID": "Belleville", "NAME_IT": "Belleville", "NAME_JA": "ベルビル", "NAME_KO": "벨빌", "NAME_NL": "Belleville", "NAME_PL": "Belleville", "NAME_SV": "Belleville", "NAME_TR": "Belleville", "NAME_VI": "Belleville", "NE_ID": 1159131469, "NAME_FA": "بلویل", "NAME_HE": "בלוויל", "NAME_UK": "Бельвіль", "NAME_UR": "بیلول", "NAME_ZHT": "贝尔维尔", "GEONAMESID": 5897884, "FCLASS_ISO": null, "FCLASS_US": null, "FCLASS_FR": null, "FCLASS_RU": null, "FCLASS_ES": null, "FCLASS_CN": null, "FCLASS_TW": null, "FCLASS_IN": null, "FCLASS_NP": null, "FCLASS_PK": null, "FCLASS_DE": null, "FCLASS_GB": null, "FCLASS_BR": null, "FCLASS_IL": null, "FCLASS_PS": null, "FCLASS_SA": null, "FCLASS_EG": null, "FCLASS_MA": null, "FCLASS_PT": null, "FCLASS_AR": null, "FCLASS_JP": null, "FCLASS_KO": null, "FCLASS_VN": null, "FCLASS_TR": null, "FCLASS_ID": null, "FCLASS_PL": null, "FCLASS_GR": null, "FCLASS_IT": null, "FCLASS_NL": null, "FCLASS_SE": null, "FCLASS_BD": null, "FCLASS_UA": null, "FCLASS_TLC": null }, "geometry": { "type": "Point", "coordinates": [ -77.3833492, 44.1666697 ] } },
{ "type": "Feature", "properties": { "SCALERANK": 8, "NATSCALE": 10, "LABELRANK": 2, "FEATURECLA": "Populated place", "NAME": "Sarnia", "NAMEPAR": null, "NAMEALT": null, "NAMEASCII": "Sarnia", "ADM0CAP": 0, "CAPIN": null, "WORLDCITY": 0, "MEGACITY": 0, "SOV0NAME": "Canada", "SOV_A3": "CAN", "ADM0NAME": "Canada", "ADM0_A3": "CAN", "ADM1NAME": "Ontario", "ISO_A2": "CA", "NOTE": null, "LATITUDE": 42.96664, "LONGITUDE": -82.399968, "POP_MAX": 144172, "POP_MIN": 82998, "POP_OTHER": 140253, "RANK_MAX": 9, "RANK_MIN": 8, "MEGANAME": null, "LS_NAME": "Sarnia", "MAX_POP10": 144172, "MAX_POP20": 0, "MAX_POP50": 0, "MAX_POP300": 0, "MAX_POP310": 0, "MAX_NATSCA": 10, "MIN_AREAKM": 161, "MAX_AREAKM": 161, "MIN_AREAMI": 62, "MAX_AREAMI": 62, "MIN_PERKM": 189, "MAX_PERKM": 189, "MIN_PERMI": 117, "MAX_PERMI": 117, "MIN_BBXMIN": -82.541667, "MAX_BBXMIN": -82.541667, "MIN_BBXMAX": -82.308333, "MAX_BBXMAX": -82.308333, "MIN_BBYMIN": 42.8, "MAX_BBYMIN": 42.8, "MIN_BBYMAX": 43.05, "MAX_BBYMAX": 43.05, "MEAN_BBXC": -82.437663, "MEAN_BBYC": 42.959788, "TIMEZONE": "America/Toronto", "UN_FID": 0, "POP1950": 0, "POP1955": 0, "POP1960": 0, "POP1965": 0, "POP1970": 0, "POP1975": 0, "POP1980": 0, "POP1985": 0, "POP1990": 0, "POP1995": 0, "POP2000": 0, "POP2005": 0, "POP2010": 0, "POP2015": 0, "POP2020": 0, "POP2025": 0, "POP2050": 0, "MIN_ZOOM": 6.1, "WIKIDATAID": "Q34106", "WOF_ID": 101736007, "CAPALT": 0, "NAME_EN": "Sarnia", "NAME_DE": "Sarnia", "NAME_ES": "Sarnia", "NAME_FR": "Sarnia", "NAME_PT": "Sarnia", "NAME_RU": "Сарния", "NAME_ZH": "萨尼亚", "LABEL": null, "NAME_AR": "سارنيا", "NAME_BN": "সারনিয়া", "NAME_EL": "Σάρνια", "NAME_HI": "सरनिया", "NAME_HU": "Sarnia", "NAME_ID": "Sarnia", "NAME_IT": "Sarnia", "NAME_JA": "サーニア", "NAME_KO": "사니아", "NAME_NL": "Sarnia", "NAME_PL": "Sarnia", "NAME_SV": "Sarnia", "NAME_TR": "Sarnia", "NAME_VI": "Sarnia", "NE_ID": 1159131473, "NAME_FA": "سارنیا", "NAME_HE": "סרניה", "NAME_UK": "Сарнія", "NAME_UR": "سارنیا", "NAME_ZHT": "薩尼亞市", "GEONAMESID": 6141190, "FCLASS_ISO": null, "FCLASS_US": null, "FCLASS_FR": null, "FCLASS_RU": null, "FCLASS_ES": null, "FCLASS_CN": null, "FCLASS_TW": null, "FCLASS_IN": null, "FCLASS_NP": null, "FCLASS_PK": null, "FCLASS_DE": null, "FCLASS_GB": null, "FCLASS_BR": null, "FCLASS_IL": null, "FCLASS_PS": null, "FCLASS_SA": null, "FCLASS_EG": null, "FCLASS_MA": null, "FCLASS_PT": null, "FCLASS_AR": null, "FCLASS_JP": null, "FCLASS_KO": null, "FCLASS_VN": null, "FCLASS_TR": null, "FCLASS_ID": null, "FCLASS_PL": null, "FCLASS_GR": null, "FCLASS_IT": null, "FCLASS_NL": null, "FCLASS_SE": null, "FCLASS_BD": null, "FCLASS_UA": null, "FCLASS_TLC": null }, "geometry": { "type": "Point", "coordinates": [ -82.3999681, 42.9666396 ] } },
{ "type": "Feature", "properties": { "SCALERANK": 8, "NATSCALE": 10, "LABELRANK": 2, "FEATURECLA": "Populated place", "NAME": "Peterborough", "NAMEPAR": null, "NAMEALT": null, "NAMEASCII": "Peterborough", "ADM0CAP": 0, "CAPIN": null, "WORLDCITY": 0, "MEGACITY": 0, "SOV0NAME": "Canada", "SOV_A3": "CAN", "ADM0NAME": "Canada", "ADM0_A3": "CAN", "ADM1NAME": "Ontario", "ISO_A2": "CA", "NOTE": null, "LATITUDE": 44.299969, "LONGITUDE": -78.333265, "POP_MAX": 83627, "POP_MIN": 75877, "POP_OTHER": 78319, "RANK_MAX": 8, "RANK_MIN": 8, "MEGANAME": null, "LS_NAME": "Peterborough1", "MAX_POP10": 83627, "MAX_POP20": 0, "MAX_POP50": 0, "MAX_POP300": 0, "MAX_POP310": 0, "MAX_NATSCA": 10, "MIN_AREAKM": 66, "MAX_AREAKM": 66, "MIN_AREAMI": 26, "MAX_AREAMI": 26, "MIN_PERKM": 66, "MAX_PERKM": 66, "MIN_PERMI": 41, "MAX_PERMI": 41, "MIN_BBXMIN": -78.383333, "MAX_BBXMIN": -78.383333, "MIN_BBXMAX": -78.258333, "MAX_BBXMAX": -78.258333, "MIN_BBYMIN": 44.258333, "MAX_BBYMIN": 44.258333, "MIN_BBYMAX": 44.375, "MAX_BBYMAX": 44.375, "MEAN_BBXC": -78.324769, "MEAN_BBYC": 44.305787, "TIMEZONE": "America/Toronto", "UN_FID": 0, "POP1950": 0, "POP1955": 0, "POP1960": 0, "POP1965": 0, "POP1970": 0, "POP1975": 0, "POP1980": 0, "POP1985": 0, "POP1990": 0, "POP1995": 0, "POP2000": 0, "POP2005": 0, "POP2010": 0, "POP2015": 0, "POP2020": 0, "POP2025": 0, "POP2050": 0, "MIN_ZOOM": 7.0, "WIKIDATAID": "Q776930", "WOF_ID": 101735747, "CAPALT": 0, "NAME_EN": "Peterborough", "NAME_DE": "Peterborough", "NAME_ES": "Peterborough", "NAME_FR": "Peterborough", "NAME_PT": "Peterborough", "NAME_RU": "Питерборо", "NAME_ZH": "彼得堡", "LABEL": null, "NAME_AR": "بيتيربوروغ", "NAME_BN": "পিটারবরো", "NAME_EL": "Πιτερμπόροου", "NAME_HI": "पीटरबरो", "NAME_HU": "Peterborough", "NAME_ID": "Petersburg", "NAME_IT": "Peterborough", "NAME_JA": "ピーターボロ", "NAME_KO": "피터버러", "NAME_NL": "Peterborough", "NAME_PL": "Peterborough", "NAME_SV": "Peterborough", "NAME_TR": "Peterborough", "NAME_VI": "Peterborough", "NE_ID": 1159131477, "NAME_FA": "پیتربورو", "NAME_HE": "פיטרבורו", "NAME_UK": "Пітерборо", "NAME_UR": "پیٹربرو", "NAME_ZHT": "彼得伯勒", "GEONAMESID": 6101645, "FCLASS_ISO": null, "FCLASS_US": null, "FCLASS_FR": null, "FCLASS_RU": null, "FCLASS_ES": null, "FCLASS_CN": null, "FCLASS_TW": null, "FCLASS_IN": null, "FCLASS_NP": null, "FCLASS_PK": null, "FCLASS_DE": null, "FCLASS_GB": null, "FCLASS_BR": null, "FCLASS_IL": null, "FCLASS_PS": null, "FCLASS_SA": null, "FCLASS_EG": null, "FCLASS_MA": null, "FCLASS_PT": null, "FCLASS_AR": null, "FCLASS_JP": null, "FCLASS_KO": null, "FCLASS_VN": null, "FCLASS_TR": null, "FCLASS_ID": null, "FCLASS_PL": null, "FCLASS_GR": null, "FCLASS_IT": null, "FCLASS_NL": null, "FCLASS_SE": null, "FCLASS_BD": null, "FCLASS_UA": null, "FCLASS_TLC": null }, "geometry": { "type": "Point", "coordinates": [ -78.3332654, 44.2999691 ] } },
{ "type": "Feature", "properties": { "SCALERANK": 8, "NATSCALE": 10, "LABELRANK": 2, "FEATURECLA": "Populated place", "NAME": "Oshawa", "NAMEPAR": null, "NAMEALT": null, "NAMEASCII": "Oshawa", "ADM0CAP": 0, "CAPIN": null, "WORLDCITY": 0, "MEGACITY": 0, "SOV0NAME": "Canada", "SOV_A3": "CAN", "ADM0NAME": "Canada", "ADM0_A3": "CAN", "ADM1NAME": "Ontario", "ISO_A2": "CA", "NOTE": null, "LATITUDE": 43.879995, "LONGITUDE": -78.849978, "POP_MAX": 450963, "POP_MIN": 247989, "POP_OTHER": 436575, "RANK_MAX": 10, "RANK_MIN": 10, "MEGANAME": null, "LS_NAME": "Oshawa", "MAX_POP10": 450963, "MAX_POP20": 0, "MAX_POP50": 0, "MAX_POP300": 0, "MAX_POP310": 0, "MAX_NATSCA": 10, "MIN_AREAKM": 313, "MAX_AREAKM": 313, "MIN_AREAMI": 121, "MAX_AREAMI": 121, "MIN_PERKM": 248, "MAX_PERKM": 248, "MIN_PERMI": 154, "MAX_PERMI": 154, "MIN_BBXMIN": -79.151325, "MAX_BBXMIN": -79.151325, "MIN_BBXMAX": -78.608333, "MAX_BBXMAX": -78.608333, "MIN_BBYMIN": 43.775, "MAX_BBYMIN": 43.775, "MIN_BBYMAX": 44.0, "MAX_BBYMAX": 44.0, "MEAN_BBXC": -78.925572, "MEAN_BBYC": 43.885966, "TIMEZONE": "America/Toronto", "UN_FID": 0, "POP1950": 0, "POP1955": 0, "POP1960": 0, "POP1965": 0, "POP1970": 0, "POP1975": 0, "POP1980": 0, "POP1985": 0, "POP1990": 0, "POP1995": 0, "POP2000": 0, "POP2005": 0, "POP2010": 0, "POP2015": 0, "POP2020": 0, "POP2025": 0, "POP2050": 0, "MIN_ZOOM": 7.0, "WIKIDATAID": "Q211867", "WOF_ID": 101735997, "CAPALT": 0, "NAME_EN": "Oshawa", "NAME_DE": "Oshawa", "NAME_ES": "Oshawa", "NAME_FR": "Oshawa", "NAME_PT": "Oshawa", "NAME_RU": "Ошава", "NAME_ZH": "奥沙华", "LABEL": null, "NAME_AR": "أوشاوا", "NAME_BN": "অশাওয়া", "NAME_EL": "Όσαβα", "NAME_HI": "ओशावा", "NAME_HU": "Oshawa", "NAME_ID": "Oshawa", "NAME_IT": "Oshawa", "NAME_JA": "オシャワ", "NAME_KO": "오샤와", "NAME_NL": "Oshawa", "NAME_PL": "Oshawa", "NAME_SV": "Oshawa", "NAME_TR": "Oshawa", "NAME_VI": "Oshawa", "NE_ID": 1159131481, "NAME_FA": "اوشاوا", "NAME_HE": "אושווה", "NAME_UK": "Ошава", "NAME_UR": "اوشاوا", "NAME_ZHT": "奧沙華", "GEONAMESID": 6094578, "FCLASS_ISO": null, "FCLASS_US": null, "FCLASS_FR": null, "FCLASS_RU": null, "FCLASS_ES": null, "FCLASS_CN": null, "FCLASS_TW": null, "FCLASS_IN": null, "FCLASS_NP": null, "FCLASS_PK": null, "FCLASS_DE": null, "FCLASS_GB": null, "FCLASS_BR": null, "FCLASS_IL": null, "FCLASS_PS": null, "FCLASS_SA": null, "FCLASS_EG": null, "FCLASS_MA": null, "FCLASS_PT": null, "FCLASS_AR": null, "FCLASS_JP": null, "FCLASS_KO": null, "FCLASS_VN": null, "FCLASS_TR": null, "FCLASS_ID": null, "FCLASS_PL": null, "FCLASS_GR": null, "FCLASS_IT": null, "FCLASS_NL": null, "FCLASS_SE": null, "FCLASS_BD": null, "FCLASS_UA": null, "FCLASS_TLC": null }, "geometry": { "type": "Point", "coordinates": [ -78.8499781, 43.8799947 ] } },
{ "type": "Feature", "properties": { "SCALERANK": 8, "NATSCALE": 10, "LABELRANK": 2, "FEATURECLA": "Populated place", "NAME": "London", "NAMEPAR": null, "NAMEALT": null, "NAMEASCII": "London", "ADM0CAP": 0, "CAPIN": null, "WORLDCITY": 0, "MEGACITY": 0, "SOV0NAME": "Canada", "SOV_A3": "CAN", "ADM0NAME": "Canada", "ADM0_A3": "CAN", "ADM1NAME": "Ontario", "ISO_A2": "CA", "NOTE": null, "LATITUDE": 42.969999, "LONGITUDE": -81.249987, "POP_MAX": 346765, "POP_MIN": 335035, "POP_OTHER": 326670, "RANK_MAX": 10, "RANK_MIN": 10, "MEGANAME": null, "LS_NAME": "London1", "MAX_POP10": 335035, "MAX_POP20": 0, "MAX_POP50": 0, "MAX_POP300": 0, "MAX_POP310": 0, "MAX_NATSCA": 10, "MIN_AREAKM": 199, "MAX_AREAKM": 199, "MIN_AREAMI": 77, "MAX_AREAMI": 77, "MIN_PERKM": 110, "MAX_PERKM": 110, "MIN_PERMI": 68, "MAX_PERMI": 68, "MIN_BBXMIN": -81.358333, "MAX_BBXMIN": -81.358333, "MIN_BBXMAX": -81.133333, "MAX_BBXMAX": -81.133333, "MIN_BBYMIN": 42.908333, "MAX_BBYMIN": 42.908333, "MIN_BBYMAX": 43.058333, "MAX_BBYMAX": 43.058333, "MEAN_BBXC": -81.248436, "MEAN_BBYC": 42.985081, "TIMEZONE": "America/Toronto", "UN_FID": 0, "POP1950": 0, "POP1955": 0, "POP1960": 0, "POP1965": 0, "POP1970": 0, "POP1975": 0, "POP1980": 0, "POP1985": 0, "POP1990": 0, "POP1995": 0, "POP2000": 0, "POP2005": 0, "POP2010": 0, "POP2015": 0, "POP2020": 0, "POP2025": 0, "POP2050": 0, "MIN_ZOOM": 6.1, "WIKIDATAID": "Q92561", "WOF_ID": 101735809, "CAPALT": 0, "NAME_EN": "London", "NAME_DE": "London", "NAME_ES": "London", "NAME_FR": "London", "NAME_PT": "London", "NAME_RU": "Лондон", "NAME_ZH": "伦敦", "LABEL": null, "NAME_AR": "لندن", "NAME_BN": "লন্ডন", "NAME_EL": "Λόντον", "NAME_HI": "लंडन", "NAME_HU": "London", "NAME_ID": "London", "NAME_IT": "London", "NAME_JA": "ロンドン", "NAME_KO": "런던", "NAME_NL": "London", "NAME_PL": "London", "NAME_SV": "London", "NAME_TR": "London", "NAME_VI": "London", "NE_ID": 1159131487, "NAME_FA": "لندن", "NAME_HE": "לונדון", "NAME_UK": "Лондон", "NAME_UR": "لندن", "NAME_ZHT": "倫敦", "GEONAMESID": 6058560, "FCLASS_ISO": null, "FCLASS_US": null, "FCLASS_FR": null, "FCLASS_RU": null, "FCLASS_ES": null, "FCLASS_CN": null, "FCLASS_TW": null, "FCLASS_IN": null, "FCLASS_NP": null, "FCLASS_PK": null, "FCLASS_DE": null, "FCLASS_GB": null, "FCLASS_BR": null, "FCLASS_IL": null, "FCLASS_PS": null, "FCLASS_SA": null, "FCLASS_EG": null, "FCLASS_MA": null, "FCLASS_PT": null, "FCLASS_AR": null, "FCLASS_JP": null, "FCLASS_KO": null, "FCLASS_VN": null, "FCLASS_TR": null, "FCLASS_ID": null, "FCLASS_PL": null, "FCLASS_GR": null, "FCLASS_IT": null, "FCLASS_NL": null, "FCLASS_SE": null, "FCLASS_BD": null, "FCLASS_UA": null, "FCLASS_TLC": null }, "geometry": { "type": "Point", "coordinates": [ -81.2499866, 42.9699986 ] } },
{ "type": "Feature", "properties": { "SCALERANK": 8, "NATSCALE": 10, "LABELRANK": 2, "FEATURECLA": "Populated place", "NAME": "Kitchener", "NAMEPAR": null, "NAMEALT": null, "NAMEASCII": "Kitchener", "ADM0CAP": 0, "CAPIN": null, "WORLDCITY": 0, "MEGACITY": 0, "SOV0NAME": "Canada", "SOV_A3": "CAN", "ADM0NAME": "Canada", "ADM0_A3": "CAN", "ADM1NAME": "Ontario", "ISO_A2": "CA", "NOTE": null, "LATITUDE": 43.449995, "LONGITUDE": -80.500007, "POP_MAX": 417001, "POP_MIN": 409112, "POP_OTHER": 407235, "RANK_MAX": 10, "RANK_MIN": 10, "MEGANAME": null, "LS_NAME": "Kitchener", "MAX_POP10": 417001, "MAX_POP20": 0, "MAX_POP50": 0, "MAX_POP300": 0, "MAX_POP310": 0, "MAX_NATSCA": 10, "MIN_AREAKM": 229, "MAX_AREAKM": 229, "MIN_AREAMI": 89, "MAX_AREAMI": 89, "MIN_PERKM": 186, "MAX_PERKM": 186, "MIN_PERMI": 116, "MAX_PERMI": 116, "MIN_BBXMIN": -80.583333, "MAX_BBXMIN": -80.583333, "MIN_BBXMAX": -80.266667, "MAX_BBXMAX": -80.266667, "MIN_BBYMIN": 43.333333, "MAX_BBYMIN": 43.333333, "MIN_BBYMAX": 43.55, "MAX_BBYMAX": 43.55, "MEAN_BBXC": -80.437886, "MEAN_BBYC": 43.430779, "TIMEZONE": "America/Toronto", "UN_FID": 0, "POP1950": 0, "POP1955": 0, "POP1960": 0, "POP1965": 0, "POP1970": 0, "POP1975": 0, "POP1980": 0, "POP1985": 0, "POP1990": 0, "POP1995": 0, "POP2000": 0, "POP2005": 0, "POP2010": 0, "POP2015": 0, "POP2020": 0, "POP2025": 0, "POP2050": 0, "MIN_ZOOM": 7.0, "WIKIDATAID": "Q200166", "WOF_ID": 101735989, "CAPALT": 0, "NAME_EN": "Kitchener", "NAME_DE": "Kitchener", "NAME_ES": "Kitchener", "NAME_FR": "Kitchener", "NAME_PT": "Kitchener", "NAME_RU": "Китченер", "NAME_ZH": "基秦拿", "LABEL": null, "NAME_AR": "كيتشنر", "NAME_BN": "কিটকহেনে", "NAME_EL": "Κίτσενερ", "NAME_HI": "किचनर", "NAME_HU": "Kitchener", "NAME_ID": "Kitchener", "NAME_IT": "Kitchener", "NAME_JA": "キッチナー", "NAME_KO": "키치너", "NAME_NL": "Kitchener", "NAME_PL": "Kitchener", "NAME_SV": "Kitchener", "NAME_TR": "Kitchener", "NAME_VI": "Kitchener", "NE_ID": 1159131491, "NAME_FA": "کیچنر", "NAME_HE": "קיצ'נר", "NAME_UK": "Кітченер", "NAME_UR": "کچنر", "NAME_ZHT": "基秦拿", "GEONAMESID": 5992996, "FCLASS_ISO": null, "FCLASS_US": null, "FCLASS_FR": null, "FCLASS_RU": null, "FCLASS_ES": null, "FCLASS_CN": null, "FCLASS_TW": null, "FCLASS_IN": null, "FCLASS_NP": null, "FCLASS_PK": null, "FCLASS_DE": null, "FCLASS_GB": null, "FCLASS_BR": null, "FCLASS_IL": null, "FCLASS_PS": null, "FCLASS_SA": null, "FCLASS_EG": null, "FCLASS_MA": null, "FCLASS_PT": null, "FCLASS_AR": null, "FCLASS_JP": null, "FCLASS_KO": null, "FCLASS_VN": null, "FCLASS_TR": null, "FCLASS_ID": null, "FCLASS_PL": null, "FCLASS_GR": null, "FCLASS_IT": null, "FCLASS_NL": null, "FCLASS_SE": null, "FCLASS_BD": null, "FCLASS_UA": null, "FCLASS_TLC": null }, "geometry": { "type": "Point", "coordinates": [ -80.5000066, 43.4499951 ] } },
{ "type": "Feature", "properties": { "SCALERANK": 8, "NATSCALE": 10, "LABELRANK": 2, "FEATURECLA": "Populated place", "NAME": "New Liskeard", "NAMEPAR": null, "NAMEALT": null, "NAMEASCII": "New Liskeard", "ADM0CAP": 0, "CAPIN": null, "WORLDCITY": 0, "MEGACITY": 0, "SOV0NAME": "Canada", "SOV_A3": "CAN", "ADM0NAME": "Canada", "ADM0_A3": "CAN", "ADM1NAME": "Ontario", "ISO_A2": "CA", "NOTE": null, "LATITUDE": 47.500006, "LONGITUDE": -79.666647, "POP_MAX": 5203, "POP_MIN": 5203, "POP_OTHER": 0, "RANK_MAX": 5, "RANK_MIN": 5, "MEGANAME": null, "LS_NAME": "New Liskeard", "MAX_POP10": 5203, "MAX_POP20": 0, "MAX_POP50": 0, "MAX_POP300": 0, "MAX_POP310": 0, "MAX_NATSCA": 10, "MIN_AREAKM": 8, "MAX_AREAKM": 8, "MIN_AREAMI": 3, "MAX_AREAMI": 3, "MIN_PERKM": 16, "MAX_PERKM": 16, "MIN_PERMI": 10, "MAX_PERMI": 10, "MIN_BBXMIN": -79.7, "MAX_BBXMIN": -79.7, "MIN_BBXMAX": -79.658333, "MAX_BBXMAX": -79.658333, "MIN_BBYMIN": 47.491667, "MAX_BBYMIN": 47.491667, "MIN_BBYMAX": 47.525, "MAX_BBYMAX": 47.525, "MEAN_BBXC": -79.678526, "MEAN_BBYC": 47.509295, "TIMEZONE": null, "UN_FID": 0, "POP1950": 0, "POP1955": 0, "POP1960": 0, "POP1965": 0, "POP1970": 0, "POP1975": 0, "POP1980": 0, "POP1985": 0, "POP1990": 0, "POP1995": 0, "POP2000": 0, "POP2005": 0, "POP2010": 0, "POP2015": 0, "POP2020": 0, "POP2025": 0, "POP2050": 0, "MIN_ZOOM": 7.0, "WIKIDATAID": "Q1982768", "WOF_ID": 1141906667, "CAPALT": 0, "NAME_EN": "Temiskaming Shores", "NAME_DE": "Temiskaming Shores", "NAME_ES": "Temiskaming Shores", "NAME_FR": "Temiskaming Shores", "NAME_PT": "Temiskaming Shores", "NAME_RU": "Темискаминг-Шорс", "NAME_ZH": "蒂米斯卡明湖岸", "LABEL": null, "NAME_AR": "تيميسكيمينج شورز", "NAME_BN": "টেমিস্কামিং শোরস", "NAME_EL": "Τεμίσκαμινγκ Σορς", "NAME_HI": "तेमिसकमींग शोर्स", "NAME_HU": "New Liskeard", "NAME_ID": "Temiskaming Shores", "NAME_IT": "Temiskaming Shores", "NAME_JA": "ティミスカミングショアーズ", "NAME_KO": "테미스카밍 쇼어", "NAME_NL": "Temiskaming Shores", "NAME_PL": "New Liskeard", "NAME_SV": "Temiskaming Shores", "NAME_TR": "Temiskaming Shores", "NAME_VI": "Temiskaming Shores", "NE_ID": 1159131495, "NAME_FA": "تمیسکمینگ شورس", "NAME_HE": "ניו ליסקארד", "NAME_UK": "Теміскамінг", "NAME_UR": "تیمیسکامینج شورس", "NAME_ZHT": "蒂米斯卡明湖岸市", "GEONAMESID": 6162659, "FCLASS_ISO": null, "FCLASS_US": null, "FCLASS_FR": null, "FCLASS_RU": null, "FCLASS_ES": null, "FCLASS_CN": null, "FCLASS_TW": null, "FCLASS_IN": null, "FCLASS_NP": null, "FCLASS_PK": null, "FCLASS_DE": null, "FCLASS_GB": null, "FCLASS_BR": null, "FCLASS_IL": null, "FCLASS_PS": null, "FCLASS_SA": null, "FCLASS_EG": null, "FCLASS_MA": null, "FCLASS_PT": null, "FCLASS_AR": null, "FCLASS_JP": null, "FCLASS_KO": null, "FCLASS_VN": null, "FCLASS_TR": null, "FCLASS_ID": null, "FCLASS_PL": null, "FCLASS_GR": null, "FCLASS_IT": null, "FCLASS_NL": null, "FCLASS_SE": null, "FCLASS_BD": null, "FCLASS_UA": null, "FCLASS_TLC": null }, "geometry": { "type": "Point", "coordinates": [ -79.6666466, 47.5000063 ] } },
{ "type": "Feature", "properties": { "SCALERANK": 8, "NATSCALE": 10, "LABELRANK": 2, "FEATURECLA": "Populated place", "NAME": "Brockville", "NAMEPAR": null, "NAMEALT": null, "NAMEASCII": "Brockville", "ADM0CAP": 0, "CAPIN": null, "WORLDCITY": 0, "MEGACITY": 0, "SOV0NAME": "Canada", "SOV_A3": "CAN", "ADM0NAME": "Canada", "ADM0_A3": "CAN", "ADM1NAME": "Ontario", "ISO_A2": "CA", "NOTE": null, "LATITUDE": 44.58928, "LONGITUDE": -75.695313, "POP_MAX": 26458, "POP_MIN": 23886, "POP_OTHER": 26033, "RANK_MAX": 7, "RANK_MIN": 7, "MEGANAME": null, "LS_NAME": "Brockville", "MAX_POP10": 26458, "MAX_POP20": 0, "MAX_POP50": 0, "MAX_POP300": 0, "MAX_POP310": 0, "MAX_NATSCA": 10, "MIN_AREAKM": 26, "MAX_AREAKM": 26, "MIN_AREAMI": 10, "MAX_AREAMI": 10, "MIN_PERKM": 31, "MAX_PERKM": 31, "MIN_PERMI": 19, "MAX_PERMI": 19, "MIN_BBXMIN": -75.741667, "MAX_BBXMIN": -75.741667, "MIN_BBXMAX": -75.65, "MAX_BBXMAX": -75.65, "MIN_BBYMIN": 44.575, "MAX_BBYMIN": 44.575, "MIN_BBYMAX": 44.641667, "MAX_BBYMAX": 44.641667, "MEAN_BBXC": -75.689087, "MEAN_BBYC": 44.610119, "TIMEZONE": "America/Montreal", "UN_FID": 0, "POP1950": 0, "POP1955": 0, "POP1960": 0, "POP1965": 0, "POP1970": 0, "POP1975": 0, "POP1980": 0, "POP1985": 0, "POP1990": 0, "POP1995": 0, "POP2000": 0, "POP2005": 0, "POP2010": 0, "POP2015": 0, "POP2020": 0, "POP2025": 0, "POP2050": 0, "MIN_ZOOM": 7.0, "WIKIDATAID": "Q34047", "WOF_ID": 101735831, "CAPALT": 0, "NAME_EN": "Brockville", "NAME_DE": "Brockville", "NAME_ES": "Brockville", "NAME_FR": "Brockville", "NAME_PT": "Brockville", "NAME_RU": "Броквилл", "NAME_ZH": "布罗克维尔", "LABEL": null, "NAME_AR": "بروكفيل", "NAME_BN": "ব্রুকভিল", "NAME_EL": "Μπρόκβιλ", "NAME_HI": "ब्रॉकविले", "NAME_HU": "Brockville", "NAME_ID": "Brockville", "NAME_IT": "Brockville", "NAME_JA": "ブロックビル", "NAME_KO": "브룩빌", "NAME_NL": "Brockville", "NAME_PL": "Brockville", "NAME_SV": "Brockville", "NAME_TR": "Brockville", "NAME_VI": "Brockville", "NE_ID": 1159131503, "NAME_FA": "براکویل", "NAME_HE": "ברוקוויל", "NAME_UK": "Броквіл", "NAME_UR": "بروک-ول", "NAME_ZHT": "布羅克維爾", "GEONAMESID": 5909294, "FCLASS_ISO": null, "FCLASS_US": null, "FCLASS_FR": null, "FCLASS_RU": null, "FCLASS_ES": null, "FCLASS_CN": null, "FCLASS_TW": null, "FCLASS_IN": null, "FCLASS_NP": null, "FCLASS_PK": null, "FCLASS_DE": null, "FCLASS_GB": null, "FCLASS_BR": null, "FCLASS_IL": null, "FCLASS_PS": null, "FCLASS_SA": null, "FCLASS_EG": null, "FCLASS_MA": null, "FCLASS_PT": null, "FCLASS_AR": null, "FCLASS_JP": null, "FCLASS_KO": null, "FCLASS_VN": null, "FCLASS_TR": null, "FCLASS_ID": null, "FCLASS_PL": null, "FCLASS_GR": null, "FCLASS_IT": null, "FCLASS_NL": null, "FCLASS_SE": null, "FCLASS_BD": null, "FCLASS_UA": null, "FCLASS_TLC": null }, "geometry": { "type": "Point", "coordinates": [ -75.6953127, 44.5892796 ] } },
{ "type": "Feature", "properties": { "SCALERANK": 8, "NATSCALE": 10, "LABELRANK": 2, "FEATURECLA": "Populated place", "NAME": "Big Beaver House", "NAMEPAR": null, "NAMEALT": null, "NAMEASCII": "Big Beaver House", "ADM0CAP": 0, "CAPIN": null, "WORLDCITY": 0, "MEGACITY": 0, "SOV0NAME": "Canada", "SOV_A3": "CAN", "ADM0NAME": "Canada", "ADM0_A3": "CAN", "ADM1NAME": "Ontario", "ISO_A2": "CA", "NOTE": null, "LATITUDE": 52.949984, "LONGITUDE": -89.883284, "POP_MAX": 10, "POP_MIN": 10, "POP_OTHER": 0, "RANK_MAX": 1, "RANK_MIN": 1, "MEGANAME": null, "LS_NAME": "Big Beaver House", "MAX_POP10": 0, "MAX_POP20": 0, "MAX_POP50": 0, "MAX_POP300": 0, "MAX_POP310": 0, "MAX_NATSCA": 0, "MIN_AREAKM": 0, "MAX_AREAKM": 0, "MIN_AREAMI": 0, "MAX_AREAMI": 0, "MIN_PERKM": 0, "MAX_PERKM": 0, "MIN_PERMI": 0, "MAX_PERMI": 0, "MIN_BBXMIN": 0.0, "MAX_BBXMIN": 0.0, "MIN_BBXMAX": 0.0, "MAX_BBXMAX": 0.0, "MIN_BBYMIN": 0.0, "MAX_BBYMIN": 0.0, "MIN_BBYMAX": 0.0, "MAX_BBYMAX": 0.0, "MEAN_BBXC": 0.0, "MEAN_BBYC": 0.0, "TIMEZONE": null, "UN_FID": 0, "POP1950": 0, "POP1955": 0, "POP1960": 0, "POP1965": 0, "POP1970": 0, "POP1975": 0, "POP1980": 0, "POP1985": 0, "POP1990": 0, "POP1995": 0, "POP2000": 0, "POP2005": 0, "POP2010": 0, "POP2015": 0, "POP2020": 0, "POP2025": 0, "POP2050": 0, "MIN_ZOOM": 7.0, "WIKIDATAID": null, "WOF_ID": 1141906669, "CAPALT": 0, "NAME_EN": "Big Beaver House", "NAME_DE": "Big Beaver House", "NAME_ES": "Big Beaver House", "NAME_FR": "Big Beaver House", "NAME_PT": "Big Beaver House", "NAME_RU": "Биг-Ривер-Хаус", "NAME_ZH": "大比弗豪斯", "LABEL": null, "NAME_AR": "بيج بيفير هاوس", "NAME_BN": "বিগ বিভার হাউস", "NAME_EL": "Μπίγκ Μπίβερ Χάους", "NAME_HI": "बिग बीवर हाउस", "NAME_HU": "Big Beaver House", "NAME_ID": "Big Beaver House", "NAME_IT": "Big Beaver House", "NAME_JA": "ビッグビーバーハウス", "NAME_KO": "빅 비버 하우스", "NAME_NL": "Big Beaver House", "NAME_PL": "Big Beaver House", "NAME_SV": "Big Beaver House", "NAME_TR": "Big Beaver House", "NAME_VI": "Big Beaver House", "NE_ID": 1159131507, "NAME_FA": "بیگ بیور هوس", "NAME_HE": "ביג ביבר האוס", "NAME_UK": "Біг-Бівер-Хаус", "NAME_UR": "بگ بیور ہاؤس", "NAME_ZHT": "大海狸屋", "GEONAMESID": -1, "FCLASS_ISO": null, "FCLASS_US": null, "FCLASS_FR": null, "FCLASS_RU": null, "FCLASS_ES": null, "FCLASS_CN": null, "FCLASS_TW": null, "FCLASS_IN": null, "FCLASS_NP": null, "FCLASS_PK": null, "FCLASS_DE": null, "FCLASS_GB": null, "FCLASS_BR": null, "FCLASS_IL": null, "FCLASS_PS": null, "FCLASS_SA": null, "FCLASS_EG": null, "FCLASS_MA": null, "FCLASS_PT": null, "FCLASS_AR": null, "FCLASS_JP": null, "FCLASS_KO": null, "FCLASS_VN": null, "FCLASS_TR": null, "FCLASS_ID": null, "FCLASS_PL": null, "FCLASS_GR": null, "FCLASS_IT": null, "FCLASS_NL": null, "FCLASS_SE": null, "FCLASS_BD": null, "FCLASS_UA": null, "FCLASS_TLC": null }, "geometry": { "type": "Point", "coordinates": [ -89.8832839, 52.9499837 ] } },
{ "type": "Feature", "properties": { "SCALERANK": 8, "NATSCALE": 10, "LABELRANK": 2, "FEATURECLA": "Populated place", "NAME": "Port-Menier", "NAMEPAR": null, "NAMEALT": null, "NAMEASCII": "Port-Menier", "ADM0CAP": 0, "CAPIN": null, "WORLDCITY": 0, "MEGACITY": 0, "SOV0NAME": "Canada", "SOV_A3": "CAN", "ADM0NAME": "Canada", "ADM0_A3": "CAN", "ADM1NAME": "Québec", "ISO_A2": "CA", "NOTE": null, "LATITUDE": 49.822578, "LONGITUDE": -64.347995, "POP_MAX": 263, "POP_MIN": 263, "POP_OTHER": 0, "RANK_MAX": 2, "RANK_MIN": 2, "MEGANAME": null, "LS_NAME": "Port-Menier", "MAX_POP10": 0, "MAX_POP20": 0, "MAX_POP50": 0, "MAX_POP300": 0, "MAX_POP310": 0, "MAX_NATSCA": 0, "MIN_AREAKM": 0, "MAX_AREAKM": 0, "MIN_AREAMI": 0, "MAX_AREAMI": 0, "MIN_PERKM": 0, "MAX_PERKM": 0, "MIN_PERMI": 0, "MAX_PERMI": 0, "MIN_BBXMIN": 0.0, "MAX_BBXMIN": 0.0, "MIN_BBXMAX": 0.0, "MAX_BBXMAX": 0.0, "MIN_BBYMIN": 0.0, "MAX_BBYMIN": 0.0, "MIN_BBYMAX": 0.0, "MAX_BBYMAX": 0.0, "MEAN_BBXC": 0.0, "MEAN_BBYC": 0.0, "TIMEZONE": null, "UN_FID": 0, "POP1950": 0, "POP1955": 0, "POP1960": 0, "POP1965": 0, "POP1970": 0, "POP1975": 0, "POP1980": 0, "POP1985": 0, "POP1990": 0, "POP1995": 0, "POP2000": 0, "POP2005": 0, "POP2010": 0, "POP2015": 0, "POP2020": 0, "POP2025": 0, "POP2050": 0, "MIN_ZOOM": 7.0, "WIKIDATAID": "Q466691", "WOF_ID": 1141906673, "CAPALT": 0, "NAME_EN": "Port-Menier", "NAME_DE": "Port-Menier", "NAME_ES": "Port-Menier", "NAME_FR": "Port-Menier", "NAME_PT": "Port-Menier", "NAME_RU": "Пор-Менье", "NAME_ZH": "梅尼埃港", "LABEL": null, "NAME_AR": "بورت مينير", "NAME_BN": "পোর্ট-মেনির", "NAME_EL": "Πορτ-Μενιέρ", "NAME_HI": "पोर्ट-मेनियर", "NAME_HU": "Port-Menier", "NAME_ID": "Port-Menier", "NAME_IT": "Port-Menier", "NAME_JA": "ポール・ムニエ", "NAME_KO": "포트 메니에", "NAME_NL": "Port-Menier", "NAME_PL": "Port-Menier", "NAME_SV": "Port-Menier", "NAME_TR": "Port-Menier", "NAME_VI": "Port-Menier", "NE_ID": 1159131511, "NAME_FA": "پورت منیر", "NAME_HE": "פורט-מנייר", "NAME_UK": "Порт-Меньє", "NAME_UR": "پورٹ مینیئر", "NAME_ZHT": "梅尼耶港", "GEONAMESID": 6111957, "FCLASS_ISO": null, "FCLASS_US": null, "FCLASS_FR": null, "FCLASS_RU": null, "FCLASS_ES": null, "FCLASS_CN": null, "FCLASS_TW": null, "FCLASS_IN": null, "FCLASS_NP": null, "FCLASS_PK": null, "FCLASS_DE": null, "FCLASS_GB": null, "FCLASS_BR": null, "FCLASS_IL": null, "FCLASS_PS": null, "FCLASS_SA": null, "FCLASS_EG": null, "FCLASS_MA": null, "FCLASS_PT": null, "FCLASS_AR": null, "FCLASS_JP": null, "FCLASS_KO": null, "FCLASS_VN": null, "FCLASS_TR": null, "FCLASS_ID": null, "FCLASS_PL": null, "FCLASS_GR": null, "FCLASS_IT": null, "FCLASS_NL": null, "FCLASS_SE": null, "FCLASS_BD": null, "FCLASS_UA": null, "FCLASS_TLC": null }, "geometry": { "type": "Point", "coordinates": [ -64.347995, 49.8225777 ] } },
{ "type": "Feature", "properties": { "SCALERANK": 8, "NATSCALE": 10, "LABELRANK": 2, "FEATURECLA": "Populated place", "NAME": "Rivière-du-Loup", "NAMEPAR": null, "NAMEALT": null, "NAMEASCII": "Riviere-du-Loup", "ADM0CAP": 0, "CAPIN": null, "WORLDCITY": 0, "MEGACITY": 0, "SOV0NAME": "Canada", "SOV_A3": "CAN", "ADM0NAME": "Canada", "ADM0_A3": "CAN", "ADM1NAME": "Québec", "ISO_A2": "CA", "NOTE": null, "LATITUDE": 47.833294, "LONGITUDE": -69.533312, "POP_MAX": 16403, "POP_MIN": 16403, "POP_OTHER": 15661, "RANK_MAX": 6, "RANK_MIN": 6, "MEGANAME": null, "LS_NAME": "Riviere-du-Loup", "MAX_POP10": 16403, "MAX_POP20": 0, "MAX_POP50": 0, "MAX_POP300": 0, "MAX_POP310": 0, "MAX_NATSCA": 10, "MIN_AREAKM": 20, "MAX_AREAKM": 20, "MIN_AREAMI": 8, "MAX_AREAMI": 8, "MIN_PERKM": 41, "MAX_PERKM": 41, "MIN_PERMI": 25, "MAX_PERMI": 25, "MIN_BBXMIN": -69.566667, "MAX_BBXMIN": -69.566667, "MIN_BBXMAX": -69.483333, "MAX_BBXMAX": -69.483333, "MIN_BBYMIN": 47.8, "MAX_BBYMIN": 47.8, "MIN_BBYMAX": 47.883333, "MAX_BBYMAX": 47.883333, "MEAN_BBXC": -69.529643, "MEAN_BBYC": 47.833452, "TIMEZONE": null, "UN_FID": 0, "POP1950": 0, "POP1955": 0, "POP1960": 0, "POP1965": 0, "POP1970": 0, "POP1975": 0, "POP1980": 0, "POP1985": 0, "POP1990": 0, "POP1995": 0, "POP2000": 0, "POP2005": 0, "POP2010": 0, "POP2015": 0, "POP2020": 0, "POP2025": 0, "POP2050": 0, "MIN_ZOOM": 7.0, "WIKIDATAID": "Q142024", "WOF_ID": 1141906675, "CAPALT": 0, "NAME_EN": "Rivière-du-Loup", "NAME_DE": "Rivière-du-Loup", "NAME_ES": "Rivière-du-Loup", "NAME_FR": "Rivière-du-Loup", "NAME_PT": "Rivière-du-Loup", "NAME_RU": "Ривьер-дю-Лу", "NAME_ZH": "里维耶尔－卢普", "LABEL": null, "NAME_AR": "ريفري دو لوب", "NAME_BN": "রিভারে-দে-লুপ", "NAME_EL": "Ριβιέρ-ντυ-Λου", "NAME_HI": "रिवरे-डू-लूप", "NAME_HU": "Rivière-du-Loup", "NAME_ID": "Riviere du Loup", "NAME_IT": "Rivière-du-Loup", "NAME_JA": "リビエール=デュ=ルー", "NAME_KO": "리비에르 뒤 루프", "NAME_NL": "Rivière-du-Loup", "NAME_PL": "Rivière-du-Loup", "NAME_SV": "Rivière-du-Loup", "NAME_TR": "Rivière-du-Loup", "NAME_VI": "Rivière-du-Loup", "NE_ID": 1159131515, "NAME_FA": "ریوییر-دو-لو", "NAME_HE": "ריבייר-דו-לופ", "NAME_UK": "Рів'єр-дю-Лю", "NAME_UR": "ریویئر ڈو لوپ", "NAME_ZHT": "里維耶爾－迪盧", "GEONAMESID": 6354897, "FCLASS_ISO": null, "FCLASS_US": null, "FCLASS_FR": null, "FCLASS_RU": null, "FCLASS_ES": null, "FCLASS_CN": null, "FCLASS_TW": null, "FCLASS_IN": null, "FCLASS_NP": null, "FCLASS_PK": null, "FCLASS_DE": null, "FCLASS_GB": null, "FCLASS_BR": null, "FCLASS_IL": null, "FCLASS_PS": null, "FCLASS_SA": null, "FCLASS_EG": null, "FCLASS_MA": null, "FCLASS_PT": null, "FCLASS_AR": null, "FCLASS_JP": null, "FCLASS_KO": null, "FCLASS_VN": null, "FCLASS_TR": null, "FCLASS_ID": null, "FCLASS_PL": null, "FCLASS_GR": null, "FCLASS_IT": null, "FCLASS_NL": null, "FCLASS_SE": null, "FCLASS_BD": null, "FCLASS_UA": null, "FCLASS_TLC": null }, "geometry": { "type": "Point", "coordinates": [ -69.5333116, 47.8332935 ] } },
{ "type": "Feature", "properties": { "SCALERANK": 8, "NATSCALE": 10, "LABELRANK": 2, "FEATURECLA": "Populated place", "NAME": "Drummondville", "NAMEPAR": null, "NAMEALT": null, "NAMEASCII": "Drummondville", "ADM0CAP": 0, "CAPIN": null, "WORLDCITY": 0, "MEGACITY": 0, "SOV0NAME": "Canada", "SOV_A3": "CAN", "ADM0NAME": "Canada", "ADM0_A3": "CAN", "ADM1NAME": "Québec", "ISO_A2": "CA", "NOTE": null, "LATITUDE": 45.883335, "LONGITUDE": -72.483364, "POP_MAX": 59489, "POP_MIN": 54123, "POP_OTHER": 52817, "RANK_MAX": 8, "RANK_MIN": 8, "MEGANAME": null, "LS_NAME": "Drummondville", "MAX_POP10": 54123, "MAX_POP20": 0, "MAX_POP50": 0, "MAX_POP300": 0, "MAX_POP310": 0, "MAX_NATSCA": 10, "MIN_AREAKM": 48, "MAX_AREAKM": 48, "MIN_AREAMI": 19, "MAX_AREAMI": 19, "MIN_PERKM": 66, "MAX_PERKM": 66, "MIN_PERMI": 41, "MAX_PERMI": 41, "MIN_BBXMIN": -72.583333, "MAX_BBXMIN": -72.583333, "MIN_BBXMAX": -72.408333, "MAX_BBXMAX": -72.408333, "MIN_BBYMIN": 45.825, "MAX_BBYMIN": 45.825, "MIN_BBYMAX": 45.916667, "MAX_BBYMAX": 45.916667, "MEAN_BBXC": -72.493333, "MEAN_BBYC": 45.869688, "TIMEZONE": "America/Montreal", "UN_FID": 0, "POP1950": 0, "POP1955": 0, "POP1960": 0, "POP1965": 0, "POP1970": 0, "POP1975": 0, "POP1980": 0, "POP1985": 0, "POP1990": 0, "POP1995": 0, "POP2000": 0, "POP2005": 0, "POP2010": 0, "POP2015": 0, "POP2020": 0, "POP2025": 0, "POP2050": 0, "MIN_ZOOM": 7.0, "WIKIDATAID": "Q141940", "WOF_ID": 101736701, "CAPALT": 0, "NAME_EN": "Drummondville", "NAME_DE": "Drummondville", "NAME_ES": "Drummondville", "NAME_FR": "Drummondville", "NAME_PT": "Drummondville", "NAME_RU": "Дрюммонвилль", "NAME_ZH": "德拉蒙", "LABEL": null, "NAME_AR": "درومونفيل", "NAME_BN": "ড্রোমন্ডভিল", "NAME_EL": "Ντρυμονβίλ", "NAME_HI": "ड्रमोंडविले", "NAME_HU": "Drummondville", "NAME_ID": "Drummondville", "NAME_IT": "Drummondville", "NAME_JA": "ドラモンビル", "NAME_KO": "드러먼드빌", "NAME_NL": "Drummondville", "NAME_PL": "Drummondville", "NAME_SV": "Drummondville", "NAME_TR": "Drummondville", "NAME_VI": "Drummondville", "NE_ID": 1159131521, "NAME_FA": "دروموندویل", "NAME_HE": "דראמונדוויל", "NAME_UK": "Драммонвіль", "NAME_UR": "ڈرمونڈویل", "NAME_ZHT": "德拉蒙市", "GEONAMESID": 5942845, "FCLASS_ISO": null, "FCLASS_US": null, "FCLASS_FR": null, "FCLASS_RU": null, "FCLASS_ES": null, "FCLASS_CN": null, "FCLASS_TW": null, "FCLASS_IN": null, "FCLASS_NP": null, "FCLASS_PK": null, "FCLASS_DE": null, "FCLASS_GB": null, "FCLASS_BR": null, "FCLASS_IL": null, "FCLASS_PS": null, "FCLASS_SA": null, "FCLASS_EG": null, "FCLASS_MA": null, "FCLASS_PT": null, "FCLASS_AR": null, "FCLASS_JP": null, "FCLASS_KO": null, "FCLASS_VN": null, "FCLASS_TR": null, "FCLASS_ID": null, "FCLASS_PL": null, "FCLASS_GR": null, "FCLASS_IT": null, "FCLASS_NL": null, "FCLASS_SE": null, "FCLASS_BD": null, "FCLASS_UA": null, "FCLASS_TLC": null }, "geometry": { "type": "Point", "coordinates": [ -72.4833641, 45.883335 ] } },
{ "type": "Feature", "properties": { "SCALERANK": 8, "NATSCALE": 10, "LABELRANK": 2, "FEATURECLA": "Populated place", "NAME": "Sherbrooke", "NAMEPAR": null, "NAMEALT": null, "NAMEASCII": "Sherbrooke", "ADM0CAP": 0, "CAPIN": null, "WORLDCITY": 0, "MEGACITY": 0, "SOV0NAME": "Canada", "SOV_A3": "CAN", "ADM0NAME": "Canada", "ADM0_A3": "CAN", "ADM1NAME": "Québec", "ISO_A2": "CA", "NOTE": null, "LATITUDE": 45.400005, "LONGITUDE": -71.899989, "POP_MAX": 139652, "POP_MIN": 129447, "POP_OTHER": 135590, "RANK_MAX": 9, "RANK_MIN": 9, "MEGANAME": null, "LS_NAME": "Sherbrooke", "MAX_POP10": 139652, "MAX_POP20": 0, "MAX_POP50": 0, "MAX_POP300": 0, "MAX_POP310": 0, "MAX_NATSCA": 10, "MIN_AREAKM": 103, "MAX_AREAKM": 103, "MIN_AREAMI": 40, "MAX_AREAMI": 40, "MIN_PERKM": 123, "MAX_PERKM": 123, "MIN_PERMI": 76, "MAX_PERMI": 76, "MIN_BBXMIN": -72.05, "MAX_BBXMIN": -72.05, "MIN_BBXMAX": -71.816667, "MAX_BBXMAX": -71.816667, "MIN_BBYMIN": 45.333333, "MAX_BBYMIN": 45.333333, "MIN_BBYMAX": 45.466667, "MAX_BBYMAX": 45.466667, "MEAN_BBXC": -71.923431, "MEAN_BBYC": 45.394314, "TIMEZONE": "America/Montreal", "UN_FID": 0, "POP1950": 0, "POP1955": 0, "POP1960": 0, "POP1965": 0, "POP1970": 0, "POP1975": 0, "POP1980": 0, "POP1985": 0, "POP1990": 0, "POP1995": 0, "POP2000": 0, "POP2005": 0, "POP2010": 0, "POP2015": 0, "POP2020": 0, "POP2025": 0, "POP2050": 0, "MIN_ZOOM": 7.0, "WIKIDATAID": "Q139473", "WOF_ID": 101738289, "CAPALT": 0, "NAME_EN": "Sherbrooke", "NAME_DE": "Sherbrooke", "NAME_ES": "Sherbrooke", "NAME_FR": "Sherbrooke", "NAME_PT": "Sherbrooke", "NAME_RU": "Шербрук", "NAME_ZH": "舍布鲁克", "LABEL": null, "NAME_AR": "شيربروك", "NAME_BN": "শেরব্রক", "NAME_EL": "Σερμπρούκ", "NAME_HI": "शेरब्रुक", "NAME_HU": "Sherbrooke", "NAME_ID": "Sherbrooke", "NAME_IT": "Sherbrooke", "NAME_JA": "シェルブルック", "NAME_KO": "셰르브루크", "NAME_NL": "Sherbrooke", "NAME_PL": "Sherbrooke", "NAME_SV": "Sherbrooke", "NAME_TR": "Sherbrooke", "NAME_VI": "Sherbrooke", "NE_ID": 1159131525, "NAME_FA": "شربروک", "NAME_HE": "שרברוק", "NAME_UK": "Шербрук", "NAME_UR": "شیربروک", "NAME_ZHT": "舍布魯克", "GEONAMESID": 6146143, "FCLASS_ISO": null, "FCLASS_US": null, "FCLASS_FR": null, "FCLASS_RU": null, "FCLASS_ES": null, "FCLASS_CN": null, "FCLASS_TW": null, "FCLASS_IN": null, "FCLASS_NP": null, "FCLASS_PK": null, "FCLASS_DE": null, "FCLASS_GB": null, "FCLASS_BR": null, "FCLASS_IL": null, "FCLASS_PS": null, "FCLASS_SA": null, "FCLASS_EG": null, "FCLASS_MA": null, "FCLASS_PT": null, "FCLASS_AR": null, "FCLASS_JP": null, "FCLASS_KO": null, "FCLASS_VN": null, "FCLASS_TR": null, "FCLASS_ID": null, "FCLASS_PL": null, "FCLASS_GR": null, "FCLASS_IT": null, "FCLASS_NL": null, "FCLASS_SE": null, "FCLASS_BD": null, "FCLASS_UA": null, "FCLASS_TLC": null }, "geometry": { "type": "Point", "coordinates": [ -71.8999889, 45.4000053 ] } },
{ "type": "Feature", "properties": { "SCALERANK": 8, "NATSCALE": 10, "LABELRANK": 2, "FEATURECLA": "Populated place", "NAME": "Cap-Chat", "NAMEPAR": null, "NAMEALT": null, "NAMEASCII": "Cap-Chat", "ADM0CAP": 0, "CAPIN": null, "WORLDCITY": 0, "MEGACITY": 0, "SOV0NAME": "Canada", "SOV_A3": "CAN", "ADM0NAME": "Canada", "ADM0_A3": "CAN", "ADM1NAME": "Québec", "ISO_A2": "CA", "NOTE": null, "LATITUDE": 49.09996, "LONGITUDE": -66.683305, "POP_MAX": 1484, "POP_MIN": 1466, "POP_OTHER": 0, "RANK_MAX": 3, "RANK_MIN": 3, "MEGANAME": null, "LS_NAME": "Cap-Chat", "MAX_POP10": 1484, "MAX_POP20": 0, "MAX_POP50": 0, "MAX_POP300": 0, "MAX_POP310": 0, "MAX_NATSCA": 10, "MIN_AREAKM": 2, "MAX_AREAKM": 2, "MIN_AREAMI": 1, "MAX_AREAMI": 1, "MIN_PERKM": 7, "MAX_PERKM": 7, "MIN_PERMI": 4, "MAX_PERMI": 4, "MIN_BBXMIN": -66.7, "MAX_BBXMIN": -66.7, "MIN_BBXMAX": -66.675, "MAX_BBXMAX": -66.675, "MIN_BBYMIN": 49.091667, "MAX_BBYMIN": 49.091667, "MIN_BBYMAX": 49.1, "MAX_BBYMAX": 49.1, "MEAN_BBXC": -66.6875, "MEAN_BBYC": 49.095833, "TIMEZONE": "America/Montreal", "UN_FID": 0, "POP1950": 0, "POP1955": 0, "POP1960": 0, "POP1965": 0, "POP1970": 0, "POP1975": 0, "POP1980": 0, "POP1985": 0, "POP1990": 0, "POP1995": 0, "POP2000": 0, "POP2005": 0, "POP2010": 0, "POP2015": 0, "POP2020": 0, "POP2025": 0, "POP2050": 0, "MIN_ZOOM": 7.0, "WIKIDATAID": "Q142360", "WOF_ID": 101738897, "CAPALT": 0, "NAME_EN": "Cap-Chat", "NAME_DE": "Cap-Chat", "NAME_ES": "Cap-Chat", "NAME_FR": "Cap-Chat", "NAME_PT": "Cap-Chat", "NAME_RU": "Кап-Ша", "NAME_ZH": "卡普沙", "LABEL": null, "NAME_AR": "كاب شا", "NAME_BN": "ক্যাপ-চ্যাট", "NAME_EL": "Καπ-Σα", "NAME_HI": "कैप-चैट", "NAME_HU": "Cap-Chat", "NAME_ID": "Cap-Chat", "NAME_IT": "Cap-Chat", "NAME_JA": "キャップシャット", "NAME_KO": "캡 챗", "NAME_NL": "Cap-Chat", "NAME_PL": "Cap-Chat", "NAME_SV": "Cap-Chat", "NAME_TR": "Cap-Chat", "NAME_VI": "Cap-Chat", "NE_ID": 1159131529, "NAME_FA": "کاپ-شا", "NAME_HE": "קאפ-צ'אט", "NAME_UK": "Кеп-Чет", "NAME_UR": "کیپ چیٹ", "NAME_ZHT": "卡夏", "GEONAMESID": 5915359, "FCLASS_ISO": null, "FCLASS_US": null, "FCLASS_FR": null, "FCLASS_RU": null, "FCLASS_ES": null, "FCLASS_CN": null, "FCLASS_TW": null, "FCLASS_IN": null, "FCLASS_NP": null, "FCLASS_PK": null, "FCLASS_DE": null, "FCLASS_GB": null, "FCLASS_BR": null, "FCLASS_IL": null, "FCLASS_PS": null, "FCLASS_SA": null, "FCLASS_EG": null, "FCLASS_MA": null, "FCLASS_PT": null, "FCLASS_AR": null, "FCLASS_JP": null, "FCLASS_KO": null, "FCLASS_VN": null, "FCLASS_TR": null, "FCLASS_ID": null, "FCLASS_PL": null, "FCLASS_GR": null, "FCLASS_IT": null, "FCLASS_NL": null, "FCLASS_SE": null, "FCLASS_BD": null, "FCLASS_UA": null, "FCLASS_TLC": null }, "geometry": { "type": "Point", "coordinates": [ -66.6833047, 49.0999603 ] } },
{ "type": "Feature", "properties": { "SCALERANK": 8, "NATSCALE": 10, "LABELRANK": 2, "FEATURECLA": "Populated place", "NAME": "Baie-Comeau", "NAMEPAR": null, "NAMEALT": null, "NAMEASCII": "Baie-Comeau", "ADM0CAP": 0, "CAPIN": null, "WORLDCITY": 0, "MEGACITY": 0, "SOV0NAME": "Canada", "SOV_A3": "CAN", "ADM0NAME": "Canada", "ADM0_A3": "CAN", "ADM1NAME": "Québec", "ISO_A2": "CA", "NOTE": null, "LATITUDE": 49.222666, "LONGITUDE": -68.157995, "POP_MAX": 10435, "POP_MIN": 7181, "POP_OTHER": 6499, "RANK_MAX": 6, "RANK_MIN": 5, "MEGANAME": null, "LS_NAME": "Baie-Comeau", "MAX_POP10": 7181, "MAX_POP20": 0, "MAX_POP50": 0, "MAX_POP300": 0, "MAX_POP310": 0, "MAX_NATSCA": 10, "MIN_AREAKM": 11, "MAX_AREAKM": 11, "MIN_AREAMI": 4, "MAX_AREAMI": 4, "MIN_PERKM": 24, "MAX_PERKM": 24, "MIN_PERMI": 15, "MAX_PERMI": 15, "MIN_BBXMIN": -68.208333, "MAX_BBXMIN": -68.208333, "MIN_BBXMAX": -68.133333, "MAX_BBXMAX": -68.133333, "MIN_BBYMIN": 49.2, "MAX_BBYMIN": 49.2, "MIN_BBYMAX": 49.233333, "MAX_BBYMAX": 49.233333, "MEAN_BBXC": -68.173465, "MEAN_BBYC": 49.213816, "TIMEZONE": "America/Montreal", "UN_FID": 0, "POP1950": 0, "POP1955": 0, "POP1960": 0, "POP1965": 0, "POP1970": 0, "POP1975": 0, "POP1980": 0, "POP1985": 0, "POP1990": 0, "POP1995": 0, "POP2000": 0, "POP2005": 0, "POP2010": 0, "POP2015": 0, "POP2020": 0, "POP2025": 0, "POP2050": 0, "MIN_ZOOM": 7.0, "WIKIDATAID": "Q139654", "WOF_ID": 101737479, "CAPALT": 0, "NAME_EN": "Baie-Comeau", "NAME_DE": "Baie-Comeau", "NAME_ES": "Baie-Comeau", "NAME_FR": "Baie-Comeau", "NAME_PT": "Baie-Comeau", "NAME_RU": "Бэ-Комо", "NAME_ZH": "贝 - 科莫", "LABEL": null, "NAME_AR": "بيه كومو", "NAME_BN": "বাই-কোমিউ", "NAME_EL": "Μπαι-Κομώ", "NAME_HI": "बे कुमू", "NAME_HU": "Baie-Comeau", "NAME_ID": "Baie-Comeau", "NAME_IT": "Baie-Comeau", "NAME_JA": "ベコモ", "NAME_KO": "베이 코메우", "NAME_NL": "Baie-Comeau", "NAME_PL": "Baie-Comeau", "NAME_SV": "Baie-Comeau", "NAME_TR": "Baie-Comeau", "NAME_VI": "Baie-Comeau", "NE_ID": 1159131533, "NAME_FA": "به-کومو", "NAME_HE": "ביי קומו", "NAME_UK": "Бе-Комо", "NAME_UR": "بیی-کومیاو", "NAME_ZHT": "貝科莫", "GEONAMESID": 5889745, "FCLASS_ISO": null, "FCLASS_US": null, "FCLASS_FR": null, "FCLASS_RU": null, "FCLASS_ES": null, "FCLASS_CN": null, "FCLASS_TW": null, "FCLASS_IN": null, "FCLASS_NP": null, "FCLASS_PK": null, "FCLASS_DE": null, "FCLASS_GB": null, "FCLASS_BR": null, "FCLASS_IL": null, "FCLASS_PS": null, "FCLASS_SA": null, "FCLASS_EG": null, "FCLASS_MA": null, "FCLASS_PT": null, "FCLASS_AR": null, "FCLASS_JP": null, "FCLASS_KO": null, "FCLASS_VN": null, "FCLASS_TR": null, "FCLASS_ID": null, "FCLASS_PL": null, "FCLASS_GR": null, "FCLASS_IT": null, "FCLASS_NL": null, "FCLASS_SE": null, "FCLASS_BD": null, "FCLASS_UA": null, "FCLASS_TLC": null }, "geometry": { "type": "Point", "coordinates": [ -68.157995, 49.222666 ] } },
{ "type": "Feature", "properties": { "SCALERANK": 8, "NATSCALE": 10, "LABELRANK": 2, "FEATURECLA": "Populated place", "NAME": "Natashquan", "NAMEPAR": null, "NAMEALT": null, "NAMEASCII": "Natashquan", "ADM0CAP": 0, "CAPIN": null, "WORLDCITY": 0, "MEGACITY": 0, "SOV0NAME": "Canada", "SOV_A3": "CAN", "ADM0NAME": "Canada", "ADM0_A3": "CAN", "ADM1NAME": "Québec", "ISO_A2": "CA", "NOTE": null, "LATITUDE": 50.191341, "LONGITUDE": -61.810656, "POP_MAX": 722, "POP_MIN": 722, "POP_OTHER": 0, "RANK_MAX": 2, "RANK_MIN": 2, "MEGANAME": null, "LS_NAME": "Natashquan", "MAX_POP10": 0, "MAX_POP20": 0, "MAX_POP50": 0, "MAX_POP300": 0, "MAX_POP310": 0, "MAX_NATSCA": 0, "MIN_AREAKM": 0, "MAX_AREAKM": 0, "MIN_AREAMI": 0, "MAX_AREAMI": 0, "MIN_PERKM": 0, "MAX_PERKM": 0, "MIN_PERMI": 0, "MAX_PERMI": 0, "MIN_BBXMIN": 0.0, "MAX_BBXMIN": 0.0, "MIN_BBXMAX": 0.0, "MAX_BBXMAX": 0.0, "MIN_BBYMIN": 0.0, "MAX_BBYMIN": 0.0, "MIN_BBYMAX": 0.0, "MAX_BBYMAX": 0.0, "MEAN_BBXC": 0.0, "MEAN_BBYC": 0.0, "TIMEZONE": null, "UN_FID": 0, "POP1950": 0, "POP1955": 0, "POP1960": 0, "POP1965": 0, "POP1970": 0, "POP1975": 0, "POP1980": 0, "POP1985": 0, "POP1990": 0, "POP1995": 0, "POP2000": 0, "POP2005": 0, "POP2010": 0, "POP2015": 0, "POP2020": 0, "POP2025": 0, "POP2050": 0, "MIN_ZOOM": 7.0, "WIKIDATAID": "Q1006049", "WOF_ID": 1141906677, "CAPALT": 0, "NAME_EN": "Natashquan", "NAME_DE": "Natashquan", "NAME_ES": "Natashquan", "NAME_FR": "Natashquan", "NAME_PT": "Natashquan", "NAME_RU": "Наташкван", "NAME_ZH": "纳塔什昆", "LABEL": null, "NAME_AR": "ناتاشكان", "NAME_BN": "নাতাশকোয়ান", "NAME_EL": "Νατασκουάν", "NAME_HI": "नताश्कुआन", "NAME_HU": "Natashquan", "NAME_ID": "Natashquan", "NAME_IT": "Natashquan", "NAME_JA": "ナタシュカン", "NAME_KO": "나타쉬콴", "NAME_NL": "Natashquan", "NAME_PL": "Natashquan", "NAME_SV": "Natashquan", "NAME_TR": "Natashquan", "NAME_VI": "Natashquan", "NE_ID": 1159131539, "NAME_FA": "ناتاشکان", "NAME_HE": "נטשקוואן", "NAME_UK": "Наташкван", "NAME_UR": "ناتاشقان", "NAME_ZHT": "納塔詩昆", "GEONAMESID": -1, "FCLASS_ISO": null, "FCLASS_US": null, "FCLASS_FR": null, "FCLASS_RU": null, "FCLASS_ES": null, "FCLASS_CN": null, "FCLASS_TW": null, "FCLASS_IN": null, "FCLASS_NP": null, "FCLASS_PK": null, "FCLASS_DE": null, "FCLASS_GB": null, "FCLASS_BR": null, "FCLASS_IL": null, "FCLASS_PS": null, "FCLASS_SA": null, "FCLASS_EG": null, "FCLASS_MA": null, "FCLASS_PT": null, "FCLASS_AR": null, "FCLASS_JP": null, "FCLASS_KO": null, "FCLASS_VN": null, "FCLASS_TR": null, "FCLASS_ID": null, "FCLASS_PL": null, "FCLASS_GR": null, "FCLASS_IT": null, "FCLASS_NL": null, "FCLASS_SE": null, "FCLASS_BD": null, "FCLASS_UA": null, "FCLASS_TLC": null }, "geometry": { "type": "Point", "coordinates": [ -61.8106564, 50.1913408 ] } },
{ "type": "Feature", "properties": { "SCALERANK": 8, "NATSCALE": 10, "LABELRANK": 2, "FEATURECLA": "Populated place", "NAME": "Eastmain", "NAMEPAR": null, "NAMEALT": null, "NAMEASCII": "Eastmain", "ADM0CAP": 0, "CAPIN": null, "WORLDCITY": 0, "MEGACITY": 0, "SOV0NAME": "Canada", "SOV_A3": "CAN", "ADM0NAME": "Canada", "ADM0_A3": "CAN", "ADM1NAME": "Québec", "ISO_A2": "CA", "NOTE": null, "LATITUDE": 52.233335, "LONGITUDE": -78.516691, "POP_MAX": 335, "POP_MIN": 335, "POP_OTHER": 0, "RANK_MAX": 2, "RANK_MIN": 2, "MEGANAME": null, "LS_NAME": "Eastmain", "MAX_POP10": 335, "MAX_POP20": 0, "MAX_POP50": 0, "MAX_POP300": 0, "MAX_POP310": 0, "MAX_NATSCA": 10, "MIN_AREAKM": 1, "MAX_AREAKM": 1, "MIN_AREAMI": 0, "MAX_AREAMI": 0, "MIN_PERKM": 6, "MAX_PERKM": 6, "MIN_PERMI": 4, "MAX_PERMI": 4, "MIN_BBXMIN": -78.525, "MAX_BBXMIN": -78.525, "MIN_BBXMAX": -78.508333, "MAX_BBXMAX": -78.508333, "MIN_BBYMIN": 52.225, "MAX_BBYMIN": 52.225, "MIN_BBYMAX": 52.241667, "MAX_BBYMAX": 52.241667, "MEAN_BBXC": -78.516667, "MEAN_BBYC": 52.233334, "TIMEZONE": null, "UN_FID": 0, "POP1950": 0, "POP1955": 0, "POP1960": 0, "POP1965": 0, "POP1970": 0, "POP1975": 0, "POP1980": 0, "POP1985": 0, "POP1990": 0, "POP1995": 0, "POP2000": 0, "POP2005": 0, "POP2010": 0, "POP2015": 0, "POP2020": 0, "POP2025": 0, "POP2050": 0, "MIN_ZOOM": 7.0, "WIKIDATAID": "Q3046584", "WOF_ID": 1141906679, "CAPALT": 0, "NAME_EN": "Eastmain", "NAME_DE": "Eastmain", "NAME_ES": "Eastmain", "NAME_FR": "Eastmain", "NAME_PT": "Eastmain", "NAME_RU": "Эстмен", "NAME_ZH": "伊斯特梅恩", "LABEL": null, "NAME_AR": "قرية إيستماين", "NAME_BN": "ইস্টমেন", "NAME_EL": "Ίστμέιν", "NAME_HI": "ईस्टमेन", "NAME_HU": "Eastmain", "NAME_ID": "Eastmain", "NAME_IT": "Eastmain", "NAME_JA": "イーストメーン", "NAME_KO": "이스트메인", "NAME_NL": "Eastmain", "NAME_PL": "Eastmain", "NAME_SV": "Eastmain", "NAME_TR": "Eastmain", "NAME_VI": "Eastmain", "NE_ID": 1159131543, "NAME_FA": "ایست مین", "NAME_HE": "איסטמאין", "NAME_UK": "Істмейн", "NAME_UR": "ایسٹ مین", "NAME_ZHT": "伊斯特曼", "GEONAMESID": null, "FCLASS_ISO": null, "FCLASS_US": null, "FCLASS_FR": null, "FCLASS_RU": null, "FCLASS_ES": null, "FCLASS_CN": null, "FCLASS_TW": null, "FCLASS_IN": null, "FCLASS_NP": null, "FCLASS_PK": null, "FCLASS_DE": null, "FCLASS_GB": null, "FCLASS_BR": null, "FCLASS_IL": null, "FCLASS_PS": null, "FCLASS_SA": null, "FCLASS_EG": null, "FCLASS_MA": null, "FCLASS_PT": null, "FCLASS_AR": null, "FCLASS_JP": null, "FCLASS_KO": null, "FCLASS_VN": null, "FCLASS_TR": null, "FCLASS_ID": null, "FCLASS_PL": null, "FCLASS_GR": null, "FCLASS_IT": null, "FCLASS_NL": null, "FCLASS_SE": null, "FCLASS_BD": null, "FCLASS_UA": null, "FCLASS_TLC": null }, "geometry": { "type": "Point", "coordinates": [ -78.5166909, 52.233335 ] } },
{ "type": "Feature", "properties": { "SCALERANK": 8, "NATSCALE": 10, "LABELRANK": 2, "FEATURECLA": "Populated place", "NAME": "Schefferville", "NAMEPAR": null, "NAMEALT": null, "NAMEASCII": "Schefferville", "ADM0CAP": 0, "CAPIN": null, "WORLDCITY": 0, "MEGACITY": 0, "SOV0NAME": "Canada", "SOV_A3": "CAN", "ADM0NAME": "Canada", "ADM0_A3": "CAN", "ADM1NAME": "Québec", "ISO_A2": "CA", "NOTE": null, "LATITUDE": 54.8, "LONGITUDE": -66.816656, "POP_MAX": 471, "POP_MIN": 471, "POP_OTHER": 0, "RANK_MAX": 2, "RANK_MIN": 2, "MEGANAME": null, "LS_NAME": "Schefferville", "MAX_POP10": 471, "MAX_POP20": 0, "MAX_POP50": 0, "MAX_POP300": 0, "MAX_POP310": 0, "MAX_NATSCA": 10, "MIN_AREAKM": 0, "MAX_AREAKM": 0, "MIN_AREAMI": 0, "MAX_AREAMI": 0, "MIN_PERKM": 3, "MAX_PERKM": 3, "MIN_PERMI": 2, "MAX_PERMI": 2, "MIN_BBXMIN": -66.816667, "MAX_BBXMIN": -66.816667, "MIN_BBXMAX": -66.808333, "MAX_BBXMAX": -66.808333, "MIN_BBYMIN": 54.8, "MAX_BBYMIN": 54.8, "MIN_BBYMAX": 54.808333, "MAX_BBYMAX": 54.808333, "MEAN_BBXC": -66.8125, "MEAN_BBYC": 54.804167, "TIMEZONE": null, "UN_FID": 0, "POP1950": 0, "POP1955": 0, "POP1960": 0, "POP1965": 0, "POP1970": 0, "POP1975": 0, "POP1980": 0, "POP1985": 0, "POP1990": 0, "POP1995": 0, "POP2000": 0, "POP2005": 0, "POP2010": 0, "POP2015": 0, "POP2020": 0, "POP2025": 0, "POP2050": 0, "MIN_ZOOM": 7.0, "WIKIDATAID": "Q141693", "WOF_ID": 1141906681, "CAPALT": 0, "NAME_EN": "Schefferville", "NAME_DE": "Schefferville", "NAME_ES": "Schefferville", "NAME_FR": "Schefferville", "NAME_PT": "Schefferville", "NAME_RU": "Шеффервилл", "NAME_ZH": "谢弗维尔", "LABEL": null, "NAME_AR": "شيفيرفيل", "NAME_BN": "স্কেফেরভিলে", "NAME_EL": "Σέφερβιλ", "NAME_HI": "शेफ़रविला", "NAME_HU": "Schefferville", "NAME_ID": "Schefferville", "NAME_IT": "Schefferville", "NAME_JA": "シェファービル", "NAME_KO": "쉐퍼빌", "NAME_NL": "Schefferville", "NAME_PL": "Schefferville", "NAME_SV": "Schefferville", "NAME_TR": "Schefferville", "NAME_VI": "Schefferville", "NE_ID": 1159131547, "NAME_FA": "شفرویل", "NAME_HE": "שפרויל", "NAME_UK": "Шеффервіль", "NAME_UR": "شیفر ول", "NAME_ZHT": "謝弗維爾", "GEONAMESID": -1, "FCLASS_ISO": null, "FCLASS_US": null, "FCLASS_FR": null, "FCLASS_RU": null, "FCLASS_ES": null, "FCLASS_CN": null, "FCLASS_TW": null, "FCLASS_IN": null, "FCLASS_NP": null, "FCLASS_PK": null, "FCLASS_DE": null, "FCLASS_GB": null, "FCLASS_BR": null, "FCLASS_IL": null, "FCLASS_PS": null, "FCLASS_SA": null, "FCLASS_EG": null, "FCLASS_MA": null, "FCLASS_PT": null, "FCLASS_AR": null, "FCLASS_JP": null, "FCLASS_KO": null, "FCLASS_VN": null, "FCLASS_TR": null, "FCLASS_ID": null, "FCLASS_PL": null, "FCLASS_GR": null, "FCLASS_IT": null, "FCLASS_NL": null, "FCLASS_SE": null, "FCLASS_BD": null, "FCLASS_UA": null, "FCLASS_TLC": null }, "geometry": { "type": "Point", "coordinates": [ -66.8166557, 54.8 ] } },
{ "type": "Feature", "properties": { "SCALERANK": 8, "NATSCALE": 10, "LABELRANK": 2, "FEATURECLA": "Populated place", "NAME": "Salluit", "NAMEPAR": null, "NAMEALT": null, "NAMEASCII": "Salluit", "ADM0CAP": 0, "CAPIN": null, "WORLDCITY": 0, "MEGACITY": 0, "SOV0NAME": "Canada", "SOV_A3": "CAN", "ADM0NAME": "Canada", "ADM0_A3": "CAN", "ADM1NAME": "Québec", "ISO_A2": "CA", "NOTE": null, "LATITUDE": 62.182599, "LONGITUDE": -75.659501, "POP_MAX": 106, "POP_MIN": 106, "POP_OTHER": 0, "RANK_MAX": 1, "RANK_MIN": 1, "MEGANAME": null, "LS_NAME": "Salluit", "MAX_POP10": 106, "MAX_POP20": 0, "MAX_POP50": 0, "MAX_POP300": 0, "MAX_POP310": 0, "MAX_NATSCA": 10, "MIN_AREAKM": 0, "MAX_AREAKM": 0, "MIN_AREAMI": 0, "MAX_AREAMI": 0, "MIN_PERKM": 3, "MAX_PERKM": 3, "MIN_PERMI": 2, "MAX_PERMI": 2, "MIN_BBXMIN": -75.666667, "MAX_BBXMIN": -75.666667, "MIN_BBXMAX": -75.658333, "MAX_BBXMAX": -75.658333, "MIN_BBYMIN": 62.175, "MAX_BBYMIN": 62.175, "MIN_BBYMAX": 62.183333, "MAX_BBYMAX": 62.183333, "MEAN_BBXC": -75.6625, "MEAN_BBYC": 62.179167, "TIMEZONE": null, "UN_FID": 0, "POP1950": 0, "POP1955": 0, "POP1960": 0, "POP1965": 0, "POP1970": 0, "POP1975": 0, "POP1980": 0, "POP1985": 0, "POP1990": 0, "POP1995": 0, "POP2000": 0, "POP2005": 0, "POP2010": 0, "POP2015": 0, "POP2020": 0, "POP2025": 0, "POP2050": 0, "MIN_ZOOM": 7.0, "WIKIDATAID": "Q1669213", "WOF_ID": 1141906683, "CAPALT": 0, "NAME_EN": "Salluit", "NAME_DE": "Salluit", "NAME_ES": "Salluit", "NAME_FR": "Salluit", "NAME_PT": "Salluit", "NAME_RU": "Саллюи", "NAME_ZH": "索律依特", "LABEL": null, "NAME_AR": "سالاويت", "NAME_BN": "সালাউট", "NAME_EL": "Σάλουιτ", "NAME_HI": "सॉलिट", "NAME_HU": "Salluit", "NAME_ID": "Salluit", "NAME_IT": "Salluit", "NAME_JA": "サルイト", "NAME_KO": "살루잇", "NAME_NL": "Salluit", "NAME_PL": "Salluit", "NAME_SV": "Salluit", "NAME_TR": "Salluit", "NAME_VI": "Salluit", "NE_ID": 1159131551, "NAME_FA": "سلوت", "NAME_HE": "סלויט", "NAME_UK": "Саллуїт", "NAME_UR": "سالویت", "NAME_ZHT": "索律依特", "GEONAMESID": 6139393, "FCLASS_ISO": null, "FCLASS_US": null, "FCLASS_FR": null, "FCLASS_RU": null, "FCLASS_ES": null, "FCLASS_CN": null, "FCLASS_TW": null, "FCLASS_IN": null, "FCLASS_NP": null, "FCLASS_PK": null, "FCLASS_DE": null, "FCLASS_GB": null, "FCLASS_BR": null, "FCLASS_IL": null, "FCLASS_PS": null, "FCLASS_SA": null, "FCLASS_EG": null, "FCLASS_MA": null, "FCLASS_PT": null, "FCLASS_AR": null, "FCLASS_JP": null, "FCLASS_KO": null, "FCLASS_VN": null, "FCLASS_TR": null, "FCLASS_ID": null, "FCLASS_PL": null, "FCLASS_GR": null, "FCLASS_IT": null, "FCLASS_NL": null, "FCLASS_SE": null, "FCLASS_BD": null, "FCLASS_UA": null, "FCLASS_TLC": null }, "geometry": { "type": "Point", "coordinates": [ -75.659501, 62.1825985 ] } },
{ "type": "Feature", "properties": { "SCALERANK": 8, "NATSCALE": 10, "LABELRANK": 2, "FEATURECLA": "Populated place", "NAME": "Amos", "NAMEPAR": null, "NAMEALT": null, "NAMEASCII": "Amos", "ADM0CAP": 0, "CAPIN": null, "WORLDCITY": 0, "MEGACITY": 0, "SOV0NAME": "Canada", "SOV_A3": "CAN", "ADM0NAME": "Canada", "ADM0_A3": "CAN", "ADM1NAME": "Québec", "ISO_A2": "CA", "NOTE": null, "LATITUDE": 48.566634, "LONGITUDE": -78.116664, "POP_MAX": 10516, "POP_MIN": 10435, "POP_OTHER": 0, "RANK_MAX": 6, "RANK_MIN": 6, "MEGANAME": null, "LS_NAME": "Amos", "MAX_POP10": 10516, "MAX_POP20": 0, "MAX_POP50": 0, "MAX_POP300": 0, "MAX_POP310": 0, "MAX_NATSCA": 10, "MIN_AREAKM": 10, "MAX_AREAKM": 10, "MIN_AREAMI": 4, "MAX_AREAMI": 4, "MIN_PERKM": 19, "MAX_PERKM": 19, "MIN_PERMI": 12, "MAX_PERMI": 12, "MIN_BBXMIN": -78.141667, "MAX_BBXMIN": -78.141667, "MIN_BBXMAX": -78.091667, "MAX_BBXMAX": -78.091667, "MIN_BBYMIN": 48.558333, "MAX_BBYMIN": 48.558333, "MIN_BBYMAX": 48.6, "MAX_BBYMAX": 48.6, "MEAN_BBXC": -78.114815, "MEAN_BBYC": 48.575926, "TIMEZONE": "America/Montreal", "UN_FID": 0, "POP1950": 0, "POP1955": 0, "POP1960": 0, "POP1965": 0, "POP1970": 0, "POP1975": 0, "POP1980": 0, "POP1985": 0, "POP1990": 0, "POP1995": 0, "POP2000": 0, "POP2005": 0, "POP2010": 0, "POP2015": 0, "POP2020": 0, "POP2025": 0, "POP2050": 0, "MIN_ZOOM": 7.0, "WIKIDATAID": "Q141705", "WOF_ID": 101736505, "CAPALT": 0, "NAME_EN": "Amos", "NAME_DE": "Amos", "NAME_ES": "Amos", "NAME_FR": "Amos", "NAME_PT": "Amos", "NAME_RU": "Эймос", "NAME_ZH": "埃默斯", "LABEL": null, "NAME_AR": "أموس", "NAME_BN": "আমোস", "NAME_EL": "Άμος", "NAME_HI": "एमोस", "NAME_HU": "Amos", "NAME_ID": "Amos", "NAME_IT": "Amos", "NAME_JA": "アモス", "NAME_KO": "아모스", "NAME_NL": "Amos", "NAME_PL": "Amos", "NAME_SV": "Amos", "NAME_TR": "Amos", "NAME_VI": "Amos", "NE_ID": 1159131553, "NAME_FA": "آموس", "NAME_HE": "עמוס", "NAME_UK": "Амос", "NAME_UR": "آموس", "NAME_ZHT": "埃默斯", "GEONAMESID": 5884588, "FCLASS_ISO": null, "FCLASS_US": null, "FCLASS_FR": null, "FCLASS_RU": null, "FCLASS_ES": null, "FCLASS_CN": null, "FCLASS_TW": null, "FCLASS_IN": null, "FCLASS_NP": null, "FCLASS_PK": null, "FCLASS_DE": null, "FCLASS_GB": null, "FCLASS_BR": null, "FCLASS_IL": null, "FCLASS_PS": null, "FCLASS_SA": null, "FCLASS_EG": null, "FCLASS_MA": null, "FCLASS_PT": null, "FCLASS_AR": null, "FCLASS_JP": null, "FCLASS_KO": null, "FCLASS_VN": null, "FCLASS_TR": null, "FCLASS_ID": null, "FCLASS_PL": null, "FCLASS_GR": null, "FCLASS_IT": null, "FCLASS_NL": null, "FCLASS_SE": null, "FCLASS_BD": null, "FCLASS_UA": null, "FCLASS_TLC": null }, "geometry": { "type": "Point", "coordinates": [ -78.1166637, 48.5666337 ] } },
{ "type": "Feature", "properties": { "SCALERANK": 8, "NATSCALE": 10, "LABELRANK": 2, "FEATURECLA": "Populated place", "NAME": "Joliette", "NAMEPAR": null, "NAMEALT": null, "NAMEASCII": "Joliette", "ADM0CAP": 0, "CAPIN": null, "WORLDCITY": 0, "MEGACITY": 0, "SOV0NAME": "Canada", "SOV_A3": "CAN", "ADM0NAME": "Canada", "ADM0_A3": "CAN", "ADM1NAME": "Québec", "ISO_A2": "CA", "NOTE": null, "LATITUDE": 46.033326, "LONGITUDE": -73.433306, "POP_MAX": 45361, "POP_MIN": 34772, "POP_OTHER": 79019, "RANK_MAX": 7, "RANK_MIN": 7, "MEGANAME": null, "LS_NAME": "Joliette", "MAX_POP10": 45361, "MAX_POP20": 0, "MAX_POP50": 0, "MAX_POP300": 0, "MAX_POP310": 0, "MAX_NATSCA": 10, "MIN_AREAKM": 43, "MAX_AREAKM": 43, "MIN_AREAMI": 17, "MAX_AREAMI": 17, "MIN_PERKM": 61, "MAX_PERKM": 61, "MIN_PERMI": 38, "MAX_PERMI": 38, "MIN_BBXMIN": -73.533333, "MAX_BBXMIN": -73.533333, "MIN_BBXMAX": -73.391667, "MAX_BBXMAX": -73.391667, "MIN_BBYMIN": 45.975, "MAX_BBYMIN": 45.975, "MIN_BBYMAX": 46.1, "MAX_BBYMAX": 46.1, "MEAN_BBXC": -73.44838, "MEAN_BBYC": 46.036458, "TIMEZONE": "America/Montreal", "UN_FID": 0, "POP1950": 0, "POP1955": 0, "POP1960": 0, "POP1965": 0, "POP1970": 0, "POP1975": 0, "POP1980": 0, "POP1985": 0, "POP1990": 0, "POP1995": 0, "POP2000": 0, "POP2005": 0, "POP2010": 0, "POP2015": 0, "POP2020": 0, "POP2025": 0, "POP2050": 0, "MIN_ZOOM": 7.0, "WIKIDATAID": "Q141760", "WOF_ID": 101736615, "CAPALT": 0, "NAME_EN": "Joliette", "NAME_DE": "Joliette", "NAME_ES": "Joliette", "NAME_FR": "Joliette", "NAME_PT": "Joliette", "NAME_RU": "Жольет", "NAME_ZH": "若列特", "LABEL": null, "NAME_AR": "جولييت", "NAME_BN": "জোলিএত্তে", "NAME_EL": "Ζολιέτ", "NAME_HI": "ज़ोलीए", "NAME_HU": "Joliette", "NAME_ID": "Joliette", "NAME_IT": "Joliette", "NAME_JA": "ジョリエット", "NAME_KO": "졸리엣", "NAME_NL": "Joliette", "NAME_PL": "Joliette", "NAME_SV": "Joliette", "NAME_TR": "Joliette", "NAME_VI": "Joliette", "NE_ID": 1159131559, "NAME_FA": "ژولیت", "NAME_HE": "ג'ולייט", "NAME_UK": "Жольєт", "NAME_UR": "جولیٹ", "NAME_ZHT": "若列特", "GEONAMESID": 5987650, "FCLASS_ISO": null, "FCLASS_US": null, "FCLASS_FR": null, "FCLASS_RU": null, "FCLASS_ES": null, "FCLASS_CN": null, "FCLASS_TW": null, "FCLASS_IN": null, "FCLASS_NP": null, "FCLASS_PK": null, "FCLASS_DE": null, "FCLASS_GB": null, "FCLASS_BR": null, "FCLASS_IL": null, "FCLASS_PS": null, "FCLASS_SA": null, "FCLASS_EG": null, "FCLASS_MA": null, "FCLASS_PT": null, "FCLASS_AR": null, "FCLASS_JP": null, "FCLASS_KO": null, "FCLASS_VN": null, "FCLASS_TR": null, "FCLASS_ID": null, "FCLASS_PL": null, "FCLASS_GR": null, "FCLASS_IT": null, "FCLASS_NL": null, "FCLASS_SE": null, "FCLASS_BD": null, "FCLASS_UA": null, "FCLASS_TLC": null }, "geometry": { "type": "Point", "coordinates": [ -73.4333061, 46.0333258 ] } },
{ "type": "Feature", "properties": { "SCALERANK": 8, "NATSCALE": 10, "LABELRANK": 2, "FEATURECLA": "Populated place", "NAME": "St.-Jerome", "NAMEPAR": null, "NAMEALT": null, "NAMEASCII": "St.-Jerome", "ADM0CAP": 0, "CAPIN": null, "WORLDCITY": 0, "MEGACITY": 0, "SOV0NAME": "Canada", "SOV_A3": "CAN", "ADM0NAME": "Canada", "ADM0_A3": "CAN", "ADM1NAME": "Québec", "ISO_A2": "CA", "NOTE": null, "LATITUDE": 45.76665, "LONGITUDE": -73.99999, "POP_MAX": 78439, "POP_MIN": 54948, "POP_OTHER": 343328, "RANK_MAX": 8, "RANK_MIN": 8, "MEGANAME": null, "LS_NAME": "St.-Jerome", "MAX_POP10": 78439, "MAX_POP20": 0, "MAX_POP50": 0, "MAX_POP300": 0, "MAX_POP310": 0, "MAX_NATSCA": 10, "MIN_AREAKM": 71, "MAX_AREAKM": 71, "MIN_AREAMI": 27, "MAX_AREAMI": 27, "MIN_PERKM": 75, "MAX_PERKM": 75, "MIN_PERMI": 47, "MAX_PERMI": 47, "MIN_BBXMIN": -74.083333, "MAX_BBXMIN": -74.083333, "MIN_BBXMAX": -73.916667, "MAX_BBXMAX": -73.916667, "MIN_BBYMIN": 45.741667, "MAX_BBYMIN": 45.741667, "MIN_BBYMAX": 45.875, "MAX_BBYMAX": 45.875, "MEAN_BBXC": -74.009322, "MEAN_BBYC": 45.799082, "TIMEZONE": "America/Montreal", "UN_FID": 0, "POP1950": 0, "POP1955": 0, "POP1960": 0, "POP1965": 0, "POP1970": 0, "POP1975": 0, "POP1980": 0, "POP1985": 0, "POP1990": 0, "POP1995": 0, "POP2000": 0, "POP2005": 0, "POP2010": 0, "POP2015": 0, "POP2020": 0, "POP2025": 0, "POP2050": 0, "MIN_ZOOM": 7.0, "WIKIDATAID": "Q141724", "WOF_ID": 101736797, "CAPALT": 0, "NAME_EN": "Saint-Jérôme", "NAME_DE": "Saint-Jérôme", "NAME_ES": "Saint-Jérôme", "NAME_FR": "Saint-Jérôme", "NAME_PT": "Saint-Jérôme", "NAME_RU": "Сен-Жером", "NAME_ZH": "圣-杰罗姆", "LABEL": null, "NAME_AR": "سان جيروم", "NAME_BN": "সেন্ট-জেরোম", "NAME_EL": "Σαιν-Ζερόμ", "NAME_HI": "सेंट-ज़ेरोमे", "NAME_HU": "Saint-Jérôme", "NAME_ID": "St. Jerome", "NAME_IT": "Saint-Jérôme", "NAME_JA": "サンジェローム", "NAME_KO": "세인트 제롬", "NAME_NL": "Saint-Jérôme", "NAME_PL": "Saint-Jérôme", "NAME_SV": "Saint-Jérôme", "NAME_TR": "Saint-Jérôme", "NAME_VI": "St.-Jerome", "NE_ID": 1159131563, "NAME_FA": "سن-ژروم", "NAME_HE": "סנט-ג'רום", "NAME_UK": "Сен-Жером", "NAME_UR": "سینٹ-جیروم", "NAME_ZHT": "聖-傑羅姆", "GEONAMESID": 6138501, "FCLASS_ISO": null, "FCLASS_US": null, "FCLASS_FR": null, "FCLASS_RU": null, "FCLASS_ES": null, "FCLASS_CN": null, "FCLASS_TW": null, "FCLASS_IN": null, "FCLASS_NP": null, "FCLASS_PK": null, "FCLASS_DE": null, "FCLASS_GB": null, "FCLASS_BR": null, "FCLASS_IL": null, "FCLASS_PS": null, "FCLASS_SA": null, "FCLASS_EG": null, "FCLASS_MA": null, "FCLASS_PT": null, "FCLASS_AR": null, "FCLASS_JP": null, "FCLASS_KO": null, "FCLASS_VN": null, "FCLASS_TR": null, "FCLASS_ID": null, "FCLASS_PL": null, "FCLASS_GR": null, "FCLASS_IT": null, "FCLASS_NL": null, "FCLASS_SE": null, "FCLASS_BD": null, "FCLASS_UA": null, "FCLASS_TLC": null }, "geometry": { "type": "Point", "coordinates": [ -73.9999899, 45.7666496 ] } },
{ "type": "Feature", "properties": { "SCALERANK": 8, "NATSCALE": 10, "LABELRANK": 2, "FEATURECLA": "Populated place", "NAME": "St-Augustin", "NAMEPAR": null, "NAMEALT": null, "NAMEASCII": "St-Augustin", "ADM0CAP": 0, "CAPIN": null, "WORLDCITY": 0, "MEGACITY": 0, "SOV0NAME": "Canada", "SOV_A3": "CAN", "ADM0NAME": "Canada", "ADM0_A3": "CAN", "ADM1NAME": "Québec", "ISO_A2": "CA", "NOTE": null, "LATITUDE": 51.24231, "LONGITUDE": -58.646999, "POP_MAX": 3961, "POP_MIN": 3961, "POP_OTHER": 0, "RANK_MAX": 4, "RANK_MIN": 4, "MEGANAME": null, "LS_NAME": "St-Augustin", "MAX_POP10": 0, "MAX_POP20": 0, "MAX_POP50": 0, "MAX_POP300": 0, "MAX_POP310": 0, "MAX_NATSCA": 0, "MIN_AREAKM": 0, "MAX_AREAKM": 0, "MIN_AREAMI": 0, "MAX_AREAMI": 0, "MIN_PERKM": 0, "MAX_PERKM": 0, "MIN_PERMI": 0, "MAX_PERMI": 0, "MIN_BBXMIN": 0.0, "MAX_BBXMIN": 0.0, "MIN_BBXMAX": 0.0, "MAX_BBXMAX": 0.0, "MIN_BBYMIN": 0.0, "MAX_BBYMIN": 0.0, "MIN_BBYMAX": 0.0, "MAX_BBYMAX": 0.0, "MEAN_BBXC": 0.0, "MEAN_BBYC": 0.0, "TIMEZONE": "America/Blanc-Sablon", "UN_FID": 0, "POP1950": 0, "POP1955": 0, "POP1960": 0, "POP1965": 0, "POP1970": 0, "POP1975": 0, "POP1980": 0, "POP1985": 0, "POP1990": 0, "POP1995": 0, "POP2000": 0, "POP2005": 0, "POP2010": 0, "POP2015": 0, "POP2020": 0, "POP2025": 0, "POP2050": 0, "MIN_ZOOM": 7.0, "WIKIDATAID": "Q2212297", "WOF_ID": 101736689, "CAPALT": 0, "NAME_EN": "Saint-Augustin", "NAME_DE": "Saint-Augustin", "NAME_ES": "Saint-Augustin", "NAME_FR": "Saint-Augustin", "NAME_PT": "Saint-Augustin", "NAME_RU": "Сент-Огюстен", "NAME_ZH": "圣奥古斯丁", "LABEL": null, "NAME_AR": "سانت أوغستين", "NAME_BN": "সেন্ট-অগাস্টিন", "NAME_EL": "Στ. Αγκουστέν", "NAME_HI": "सेंट-ऑगस्टीन", "NAME_HU": "St-Augustin", "NAME_ID": "St. Augustin", "NAME_IT": "St-Augustin", "NAME_JA": "サン＝トーギュスタン", "NAME_KO": "세인트 어거스틴", "NAME_NL": "Saint-Augustin", "NAME_PL": "Saint-Augustin", "NAME_SV": "Saint-Augustin", "NAME_TR": "St-Augustin", "NAME_VI": "St-Augustin", "NE_ID": 1159131567, "NAME_FA": "سن-اوگوستن", "NAME_HE": "סנט אוגוסטין", "NAME_UK": "Сент-Огестін", "NAME_UR": "سینٹ-اوگسٹن", "NAME_ZHT": "聖奧古斯丁", "GEONAMESID": 6137462, "FCLASS_ISO": null, "FCLASS_US": null, "FCLASS_FR": null, "FCLASS_RU": null, "FCLASS_ES": null, "FCLASS_CN": null, "FCLASS_TW": null, "FCLASS_IN": null, "FCLASS_NP": null, "FCLASS_PK": null, "FCLASS_DE": null, "FCLASS_GB": null, "FCLASS_BR": null, "FCLASS_IL": null, "FCLASS_PS": null, "FCLASS_SA": null, "FCLASS_EG": null, "FCLASS_MA": null, "FCLASS_PT": null, "FCLASS_AR": null, "FCLASS_JP": null, "FCLASS_KO": null, "FCLASS_VN": null, "FCLASS_TR": null, "FCLASS_ID": null, "FCLASS_PL": null, "FCLASS_GR": null, "FCLASS_IT": null, "FCLASS_NL": null, "FCLASS_SE": null, "FCLASS_BD": null, "FCLASS_UA": null, "FCLASS_TLC": null }, "geometry": { "type": "Point", "coordinates": [ -58.6469994, 51.2423102 ] } },
{ "type": "Feature", "properties": { "SCALERANK": 8, "NATSCALE": 10, "LABELRANK": 2, "FEATURECLA": "Populated place", "NAME": "Rouyn-Noranda", "NAMEPAR": null, "NAMEALT": null, "NAMEASCII": "Rouyn-Noranda", "ADM0CAP": 0, "CAPIN": null, "WORLDCITY": 0, "MEGACITY": 0, "SOV0NAME": "Canada", "SOV_A3": "CAN", "ADM0NAME": "Canada", "ADM0_A3": "CAN", "ADM1NAME": "Québec", "ISO_A2": "CA", "NOTE": null, "LATITUDE": 48.250012, "LONGITUDE": -79.033249, "POP_MAX": 24602, "POP_MIN": 24023, "POP_OTHER": 24175, "RANK_MAX": 7, "RANK_MIN": 7, "MEGANAME": null, "LS_NAME": "Rouyn-Noranda", "MAX_POP10": 24602, "MAX_POP20": 0, "MAX_POP50": 0, "MAX_POP300": 0, "MAX_POP310": 0, "MAX_NATSCA": 10, "MIN_AREAKM": 25, "MAX_AREAKM": 25, "MIN_AREAMI": 10, "MAX_AREAMI": 10, "MIN_PERKM": 39, "MAX_PERKM": 39, "MIN_PERMI": 24, "MAX_PERMI": 24, "MIN_BBXMIN": -79.05, "MAX_BBXMIN": -79.05, "MIN_BBXMAX": -78.975, "MAX_BBXMAX": -78.975, "MIN_BBYMIN": 48.2, "MAX_BBYMIN": 48.2, "MIN_BBYMAX": 48.3, "MAX_BBYMAX": 48.3, "MEAN_BBXC": -79.020265, "MEAN_BBYC": 48.243939, "TIMEZONE": "America/Toronto", "UN_FID": 0, "POP1950": 0, "POP1955": 0, "POP1960": 0, "POP1965": 0, "POP1970": 0, "POP1975": 0, "POP1980": 0, "POP1985": 0, "POP1990": 0, "POP1995": 0, "POP2000": 0, "POP2005": 0, "POP2010": 0, "POP2015": 0, "POP2020": 0, "POP2025": 0, "POP2050": 0, "MIN_ZOOM": 7.0, "WIKIDATAID": "Q141804", "WOF_ID": 101736943, "CAPALT": 0, "NAME_EN": "Rouyn-Noranda", "NAME_DE": "Rouyn-Noranda", "NAME_ES": "Rouyn-Noranda", "NAME_FR": "Rouyn-Noranda", "NAME_PT": "Rouyn-Noranda", "NAME_RU": "Руэн-Норанда", "NAME_ZH": "鲁安 - 诺兰达", "LABEL": null, "NAME_AR": "رووان نوراندا", "NAME_BN": "হুইন-নহুন্দা", "NAME_EL": "Ρουίν-Νοράντα", "NAME_HI": "हुईं नोरोंदा", "NAME_HU": "Rouyn-Noranda", "NAME_ID": "Rouyn-Noranda", "NAME_IT": "Rouyn-Noranda", "NAME_JA": "ルーワン・ノランダ", "NAME_KO": "루인 노랜다", "NAME_NL": "Rouyn-Noranda", "NAME_PL": "Rouyn-Noranda", "NAME_SV": "Rouyn-Noranda", "NAME_TR": "Rouyn-Noranda", "NAME_VI": "Rouyn-Noranda", "NE_ID": 1159131571, "NAME_FA": "روین-نوراندا", "NAME_HE": "רוין-נוראנדה", "NAME_UK": "Руен-Норанда", "NAME_UR": "رووین-نوراندا", "NAME_ZHT": "魯安諾蘭達", "GEONAMESID": 6128577, "FCLASS_ISO": null, "FCLASS_US": null, "FCLASS_FR": null, "FCLASS_RU": null, "FCLASS_ES": null, "FCLASS_CN": null, "FCLASS_TW": null, "FCLASS_IN": null, "FCLASS_NP": null, "FCLASS_PK": null, "FCLASS_DE": null, "FCLASS_GB": null, "FCLASS_BR": null, "FCLASS_IL": null, "FCLASS_PS": null, "FCLASS_SA": null, "FCLASS_EG": null, "FCLASS_MA": null, "FCLASS_PT": null, "FCLASS_AR": null, "FCLASS_JP": null, "FCLASS_KO": null, "FCLASS_VN": null, "FCLASS_TR": null, "FCLASS_ID": null, "FCLASS_PL": null, "FCLASS_GR": null, "FCLASS_IT": null, "FCLASS_NL": null, "FCLASS_SE": null, "FCLASS_BD": null, "FCLASS_UA": null, "FCLASS_TLC": null }, "geometry": { "type": "Point", "coordinates": [ -79.0332485, 48.2500122 ] } },
{ "type": "Feature", "properties": { "SCALERANK": 8, "NATSCALE": 10, "LABELRANK": 2, "FEATURECLA": "Populated place", "NAME": "La Sarre", "NAMEPAR": null, "NAMEALT": null, "NAMEASCII": "La Sarre", "ADM0CAP": 0, "CAPIN": null, "WORLDCITY": 0, "MEGACITY": 0, "SOV0NAME": "Canada", "SOV_A3": "CAN", "ADM0NAME": "Canada", "ADM0_A3": "CAN", "ADM1NAME": "Québec", "ISO_A2": "CA", "NOTE": null, "LATITUDE": 48.800005, "LONGITUDE": -79.200034, "POP_MAX": 7206, "POP_MIN": 5527, "POP_OTHER": 5277, "RANK_MAX": 5, "RANK_MIN": 5, "MEGANAME": null, "LS_NAME": "La Sarre", "MAX_POP10": 5527, "MAX_POP20": 0, "MAX_POP50": 0, "MAX_POP300": 0, "MAX_POP310": 0, "MAX_NATSCA": 10, "MIN_AREAKM": 8, "MAX_AREAKM": 8, "MIN_AREAMI": 3, "MAX_AREAMI": 3, "MIN_PERKM": 15, "MAX_PERKM": 15, "MIN_PERMI": 9, "MAX_PERMI": 9, "MIN_BBXMIN": -79.216667, "MAX_BBXMIN": -79.216667, "MIN_BBXMAX": -79.183333, "MAX_BBXMAX": -79.183333, "MIN_BBYMIN": 48.775, "MAX_BBYMIN": 48.775, "MIN_BBYMAX": 48.825, "MAX_BBYMAX": 48.825, "MEAN_BBXC": -79.202381, "MEAN_BBYC": 48.8, "TIMEZONE": "America/Montreal", "UN_FID": 0, "POP1950": 0, "POP1955": 0, "POP1960": 0, "POP1965": 0, "POP1970": 0, "POP1975": 0, "POP1980": 0, "POP1985": 0, "POP1990": 0, "POP1995": 0, "POP2000": 0, "POP2005": 0, "POP2010": 0, "POP2015": 0, "POP2020": 0, "POP2025": 0, "POP2050": 0, "MIN_ZOOM": 7.0, "WIKIDATAID": "Q141933", "WOF_ID": 101737559, "CAPALT": 0, "NAME_EN": "La Sarre", "NAME_DE": "La Sarre", "NAME_ES": "La Sarre", "NAME_FR": "La Sarre", "NAME_PT": "La Sarre", "NAME_RU": "Ла-Сар", "NAME_ZH": "拉萨尔", "LABEL": null, "NAME_AR": "لا ساري", "NAME_BN": "লা সারে", "NAME_EL": "Λα Σαρ", "NAME_HI": "ला सारे", "NAME_HU": "La Sarre", "NAME_ID": "La Sarre", "NAME_IT": "La Sarre", "NAME_JA": "ラ・サール", "NAME_KO": "라 사레", "NAME_NL": "La Sarre", "NAME_PL": "La Sarre", "NAME_SV": "La Sarre", "NAME_TR": "La Sarre", "NAME_VI": "La Sarre", "NE_ID": 1159131577, "NAME_FA": "لا سار", "NAME_HE": "לה סארה", "NAME_UK": "Ла-Сарре", "NAME_UR": "لا سارے", "NAME_ZHT": "拉薩爾", "GEONAMESID": 6050194, "FCLASS_ISO": null, "FCLASS_US": null, "FCLASS_FR": null, "FCLASS_RU": null, "FCLASS_ES": null, "FCLASS_CN": null, "FCLASS_TW": null, "FCLASS_IN": null, "FCLASS_NP": null, "FCLASS_PK": null, "FCLASS_DE": null, "FCLASS_GB": null, "FCLASS_BR": null, "FCLASS_IL": null, "FCLASS_PS": null, "FCLASS_SA": null, "FCLASS_EG": null, "FCLASS_MA": null, "FCLASS_PT": null, "FCLASS_AR": null, "FCLASS_JP": null, "FCLASS_KO": null, "FCLASS_VN": null, "FCLASS_TR": null, "FCLASS_ID": null, "FCLASS_PL": null, "FCLASS_GR": null, "FCLASS_IT": null, "FCLASS_NL": null, "FCLASS_SE": null, "FCLASS_BD": null, "FCLASS_UA": null, "FCLASS_TLC": null }, "geometry": { "type": "Point", "coordinates": [ -79.2000342, 48.8000045 ] } },
{ "type": "Feature", "properties": { "SCALERANK": 8, "NATSCALE": 10, "LABELRANK": 2, "FEATURECLA": "Populated place", "NAME": "New Glasgow", "NAMEPAR": null, "NAMEALT": null, "NAMEASCII": "New Glasgow", "ADM0CAP": 0, "CAPIN": null, "WORLDCITY": 0, "MEGACITY": 0, "SOV0NAME": "Canada", "SOV_A3": "CAN", "ADM0NAME": "Canada", "ADM0_A3": "CAN", "ADM1NAME": "Nova Scotia", "ISO_A2": "CA", "NOTE": null, "LATITUDE": 45.583276, "LONGITUDE": -62.633319, "POP_MAX": 20322, "POP_MIN": 19445, "POP_OTHER": 18774, "RANK_MAX": 7, "RANK_MIN": 6, "MEGANAME": null, "LS_NAME": "New Glasgow", "MAX_POP10": 19445, "MAX_POP20": 0, "MAX_POP50": 0, "MAX_POP300": 0, "MAX_POP310": 0, "MAX_NATSCA": 10, "MIN_AREAKM": 27, "MAX_AREAKM": 27, "MIN_AREAMI": 10, "MAX_AREAMI": 10, "MIN_PERKM": 34, "MAX_PERKM": 34, "MIN_PERMI": 21, "MAX_PERMI": 21, "MIN_BBXMIN": -62.683333, "MAX_BBXMIN": -62.683333, "MIN_BBXMAX": -62.616667, "MAX_BBXMAX": -62.616667, "MIN_BBYMIN": 45.533333, "MAX_BBYMIN": 45.533333, "MIN_BBYMAX": 45.633333, "MAX_BBYMAX": 45.633333, "MEAN_BBXC": -62.650758, "MEAN_BBYC": 45.582008, "TIMEZONE": "America/Halifax", "UN_FID": 0, "POP1950": 0, "POP1955": 0, "POP1960": 0, "POP1965": 0, "POP1970": 0, "POP1975": 0, "POP1980": 0, "POP1985": 0, "POP1990": 0, "POP1995": 0, "POP2000": 0, "POP2005": 0, "POP2010": 0, "POP2015": 0, "POP2020": 0, "POP2025": 0, "POP2050": 0, "MIN_ZOOM": 7.0, "WIKIDATAID": "Q286048", "WOF_ID": 890457035, "CAPALT": 0, "NAME_EN": "New Glasgow", "NAME_DE": "New Glasgow", "NAME_ES": "New Glasgow", "NAME_FR": "New Glasgow", "NAME_PT": "Nova Glasgow", "NAME_RU": "Нью-Гласгоу", "NAME_ZH": "新格拉斯哥", "LABEL": null, "NAME_AR": "غلاسكو الجديدة", "NAME_BN": "নিউ গ্লাসগো", "NAME_EL": "Νέα Γλασκώβη", "NAME_HI": "न्यू ग्लासगो", "NAME_HU": "New Glasgow", "NAME_ID": "New Glasgow", "NAME_IT": "New Glasgow", "NAME_JA": "ニュー・グラスゴー", "NAME_KO": "뉴 글래스고", "NAME_NL": "New Glasgow", "NAME_PL": "New Glasgow", "NAME_SV": "New Glasgow", "NAME_TR": "New Glasgow", "NAME_VI": "New Glasgow", "NE_ID": 1159131581, "NAME_FA": "نیو گلاسگو", "NAME_HE": "ניו גלזגו", "NAME_UK": "Нью-Глазго", "NAME_UR": "نیو گلاسگو", "NAME_ZHT": "新格拉斯哥", "GEONAMESID": 6087579, "FCLASS_ISO": null, "FCLASS_US": null, "FCLASS_FR": null, "FCLASS_RU": null, "FCLASS_ES": null, "FCLASS_CN": null, "FCLASS_TW": null, "FCLASS_IN": null, "FCLASS_NP": null, "FCLASS_PK": null, "FCLASS_DE": null, "FCLASS_GB": null, "FCLASS_BR": null, "FCLASS_IL": null, "FCLASS_PS": null, "FCLASS_SA": null, "FCLASS_EG": null, "FCLASS_MA": null, "FCLASS_PT": null, "FCLASS_AR": null, "FCLASS_JP": null, "FCLASS_KO": null, "FCLASS_VN": null, "FCLASS_TR": null, "FCLASS_ID": null, "FCLASS_PL": null, "FCLASS_GR": null, "FCLASS_IT": null, "FCLASS_NL": null, "FCLASS_SE": null, "FCLASS_BD": null, "FCLASS_UA": null, "FCLASS_TLC": null }, "geometry": { "type": "Point", "coordinates": [ -62.6333193, 45.5832758 ] } },
{ "type": "Feature", "properties": { "SCALERANK": 8, "NATSCALE": 10, "LABELRANK": 2, "FEATURECLA": "Populated place", "NAME": "Liverpool", "NAMEPAR": null, "NAMEALT": null, "NAMEASCII": "Liverpool", "ADM0CAP": 0, "CAPIN": null, "WORLDCITY": 0, "MEGACITY": 0, "SOV0NAME": "Canada", "SOV_A3": "CAN", "ADM0NAME": "Canada", "ADM0_A3": "CAN", "ADM1NAME": "Nova Scotia", "ISO_A2": "CA", "NOTE": null, "LATITUDE": 44.039959, "LONGITUDE": -64.720014, "POP_MAX": 4331, "POP_MIN": 4331, "POP_OTHER": 4331, "RANK_MAX": 4, "RANK_MIN": 4, "MEGANAME": null, "LS_NAME": "Liverpool1", "MAX_POP10": 4331, "MAX_POP20": 0, "MAX_POP50": 0, "MAX_POP300": 0, "MAX_POP310": 0, "MAX_NATSCA": 10, "MIN_AREAKM": 4, "MAX_AREAKM": 4, "MIN_AREAMI": 2, "MAX_AREAMI": 2, "MIN_PERKM": 12, "MAX_PERKM": 12, "MIN_PERMI": 7, "MAX_PERMI": 7, "MIN_BBXMIN": -64.741667, "MAX_BBXMIN": -64.741667, "MIN_BBXMAX": -64.7, "MAX_BBXMAX": -64.7, "MIN_BBYMIN": 44.025, "MAX_BBYMIN": 44.025, "MIN_BBYMAX": 44.041667, "MAX_BBYMAX": 44.041667, "MEAN_BBXC": -64.719643, "MEAN_BBYC": 44.035119, "TIMEZONE": null, "UN_FID": 0, "POP1950": 0, "POP1955": 0, "POP1960": 0, "POP1965": 0, "POP1970": 0, "POP1975": 0, "POP1980": 0, "POP1985": 0, "POP1990": 0, "POP1995": 0, "POP2000": 0, "POP2005": 0, "POP2010": 0, "POP2015": 0, "POP2020": 0, "POP2025": 0, "POP2050": 0, "MIN_ZOOM": 7.0, "WIKIDATAID": "Q1866453", "WOF_ID": 1141906685, "CAPALT": 0, "NAME_EN": "Liverpool", "NAME_DE": "Liverpool", "NAME_ES": "Liverpool", "NAME_FR": "Liverpool", "NAME_PT": "Liverpool", "NAME_RU": "Ливерпуль", "NAME_ZH": "利物浦", "LABEL": null, "NAME_AR": "ليفربول", "NAME_BN": "লিভারপুল", "NAME_EL": "Λίβερπουλ", "NAME_HI": "लिवरपूल", "NAME_HU": "Liverpool", "NAME_ID": "Liverpool", "NAME_IT": "Liverpool", "NAME_JA": "リバプール", "NAME_KO": "리버풀", "NAME_NL": "Liverpool", "NAME_PL": "Liverpool", "NAME_SV": "Liverpool", "NAME_TR": "Liverpool", "NAME_VI": "Liverpool", "NE_ID": 1159131585, "NAME_FA": "لیورپول٬ نوا اسکوشیا", "NAME_HE": "ליברפול", "NAME_UK": "Ліверпуль", "NAME_UR": "لیورپول", "NAME_ZHT": "利物浦", "GEONAMESID": 6057856, "FCLASS_ISO": null, "FCLASS_US": null, "FCLASS_FR": null, "FCLASS_RU": null, "FCLASS_ES": null, "FCLASS_CN": null, "FCLASS_TW": null, "FCLASS_IN": null, "FCLASS_NP": null, "FCLASS_PK": null, "FCLASS_DE": null, "FCLASS_GB": null, "FCLASS_BR": null, "FCLASS_IL": null, "FCLASS_PS": null, "FCLASS_SA": null, "FCLASS_EG": null, "FCLASS_MA": null, "FCLASS_PT": null, "FCLASS_AR": null, "FCLASS_JP": null, "FCLASS_KO": null, "FCLASS_VN": null, "FCLASS_TR": null, "FCLASS_ID": null, "FCLASS_PL": null, "FCLASS_GR": null, "FCLASS_IT": null, "FCLASS_NL": null, "FCLASS_SE": null, "FCLASS_BD": null, "FCLASS_UA": null, "FCLASS_TLC": null }, "geometry": { "type": "Point", "coordinates": [ -64.7200137, 44.0399591 ] } },
{ "type": "Feature", "properties": { "SCALERANK": 8, "NATSCALE": 10, "LABELRANK": 2, "FEATURECLA": "Populated place", "NAME": "Amherst", "NAMEPAR": null, "NAMEALT": null, "NAMEASCII": "Amherst", "ADM0CAP": 0, "CAPIN": null, "WORLDCITY": 0, "MEGACITY": 0, "SOV0NAME": "Canada", "SOV_A3": "CAN", "ADM0NAME": "Canada", "ADM0_A3": "CAN", "ADM1NAME": "Nova Scotia", "ISO_A2": "CA", "NOTE": null, "LATITUDE": 45.816569, "LONGITUDE": -64.216582, "POP_MAX": 9336, "POP_MIN": 7927, "POP_OTHER": 7927, "RANK_MAX": 5, "RANK_MIN": 5, "MEGANAME": null, "LS_NAME": "Amherst", "MAX_POP10": 7927, "MAX_POP20": 0, "MAX_POP50": 0, "MAX_POP300": 0, "MAX_POP310": 0, "MAX_NATSCA": 10, "MIN_AREAKM": 10, "MAX_AREAKM": 10, "MIN_AREAMI": 4, "MAX_AREAMI": 4, "MIN_PERKM": 14, "MAX_PERKM": 14, "MIN_PERMI": 9, "MAX_PERMI": 9, "MIN_BBXMIN": -64.225, "MAX_BBXMIN": -64.225, "MIN_BBXMAX": -64.183333, "MAX_BBXMAX": -64.183333, "MIN_BBYMIN": 45.808333, "MAX_BBYMIN": 45.808333, "MIN_BBYMAX": 45.841667, "MAX_BBYMAX": 45.841667, "MEAN_BBXC": -64.207813, "MEAN_BBYC": 45.826563, "TIMEZONE": "America/Moncton", "UN_FID": 0, "POP1950": 0, "POP1955": 0, "POP1960": 0, "POP1965": 0, "POP1970": 0, "POP1975": 0, "POP1980": 0, "POP1985": 0, "POP1990": 0, "POP1995": 0, "POP2000": 0, "POP2005": 0, "POP2010": 0, "POP2015": 0, "POP2020": 0, "POP2025": 0, "POP2050": 0, "MIN_ZOOM": 7.0, "WIKIDATAID": "Q470594", "WOF_ID": 890458509, "CAPALT": 0, "NAME_EN": "Amherst", "NAME_DE": "Amherst", "NAME_ES": "Amherst", "NAME_FR": "Amherst", "NAME_PT": "Amherst", "NAME_RU": "Амхерст", "NAME_ZH": "阿默斯特", "LABEL": null, "NAME_AR": "أمهرست", "NAME_BN": "আমর্হাস্ট", "NAME_EL": "Άμχερστ", "NAME_HI": "ऐमहर्स्ट", "NAME_HU": "Amherst", "NAME_ID": "Amherst", "NAME_IT": "Amherst", "NAME_JA": "アマースト", "NAME_KO": "애머스트", "NAME_NL": "Amherst", "NAME_PL": "Amherst", "NAME_SV": "Amherst", "NAME_TR": "Amherst", "NAME_VI": "Amherst", "NE_ID": 1159131589, "NAME_FA": "امهرست", "NAME_HE": "אמהרסט", "NAME_UK": "Емгерст", "NAME_UR": "امہرسٹ", "NAME_ZHT": "阿默斯特", "GEONAMESID": 5884467, "FCLASS_ISO": null, "FCLASS_US": null, "FCLASS_FR": null, "FCLASS_RU": null, "FCLASS_ES": null, "FCLASS_CN": null, "FCLASS_TW": null, "FCLASS_IN": null, "FCLASS_NP": null, "FCLASS_PK": null, "FCLASS_DE": null, "FCLASS_GB": null, "FCLASS_BR": null, "FCLASS_IL": null, "FCLASS_PS": null, "FCLASS_SA": null, "FCLASS_EG": null, "FCLASS_MA": null, "FCLASS_PT": null, "FCLASS_AR": null, "FCLASS_JP": null, "FCLASS_KO": null, "FCLASS_VN": null, "FCLASS_TR": null, "FCLASS_ID": null, "FCLASS_PL": null, "FCLASS_GR": null, "FCLASS_IT": null, "FCLASS_NL": null, "FCLASS_SE": null, "FCLASS_BD": null, "FCLASS_UA": null, "FCLASS_TLC": null }, "geometry": { "type": "Point", "coordinates": [ -64.2165819, 45.816569 ] } },
{ "type": "Feature", "properties": { "SCALERANK": 8, "NATSCALE": 10, "LABELRANK": 2, "FEATURECLA": "Populated place", "NAME": "Baddeck", "NAMEPAR": null, "NAMEALT": null, "NAMEASCII": "Baddeck", "ADM0CAP": 0, "CAPIN": null, "WORLDCITY": 0, "MEGACITY": 0, "SOV0NAME": "Canada", "SOV_A3": "CAN", "ADM0NAME": "Canada", "ADM0_A3": "CAN", "ADM1NAME": "Nova Scotia", "ISO_A2": "CA", "NOTE": null, "LATITUDE": 46.099988, "LONGITUDE": -60.753977, "POP_MAX": 852, "POP_MIN": 852, "POP_OTHER": 700, "RANK_MAX": 2, "RANK_MIN": 2, "MEGANAME": null, "LS_NAME": "Baddeck", "MAX_POP10": 852, "MAX_POP20": 0, "MAX_POP50": 0, "MAX_POP300": 0, "MAX_POP310": 0, "MAX_NATSCA": 10, "MIN_AREAKM": 2, "MAX_AREAKM": 2, "MIN_AREAMI": 1, "MAX_AREAMI": 1, "MIN_PERKM": 8, "MAX_PERKM": 8, "MIN_PERMI": 5, "MAX_PERMI": 5, "MIN_BBXMIN": -60.766667, "MAX_BBXMIN": -60.766667, "MIN_BBXMAX": -60.741667, "MAX_BBXMAX": -60.741667, "MIN_BBYMIN": 46.091667, "MAX_BBYMIN": 46.091667, "MIN_BBYMAX": 46.108333, "MAX_BBYMAX": 46.108333, "MEAN_BBXC": -60.754167, "MEAN_BBYC": 46.1, "TIMEZONE": null, "UN_FID": 0, "POP1950": 0, "POP1955": 0, "POP1960": 0, "POP1965": 0, "POP1970": 0, "POP1975": 0, "POP1980": 0, "POP1985": 0, "POP1990": 0, "POP1995": 0, "POP2000": 0, "POP2005": 0, "POP2010": 0, "POP2015": 0, "POP2020": 0, "POP2025": 0, "POP2050": 0, "MIN_ZOOM": 7.0, "WIKIDATAID": "Q798842", "WOF_ID": 1141906687, "CAPALT": 0, "NAME_EN": "Baddeck", "NAME_DE": "Baddeck", "NAME_ES": "Baddeck", "NAME_FR": "Baddeck", "NAME_PT": "Baddeck", "NAME_RU": "Баддек", "NAME_ZH": "巴德克", "LABEL": null, "NAME_AR": "بيديك", "NAME_BN": "ব্যাডডেক", "NAME_EL": "Μπάντεκ", "NAME_HI": "बैडेक", "NAME_HU": "Baddeck", "NAME_ID": "Baddeck", "NAME_IT": "Baddeck", "NAME_JA": "バデック", "NAME_KO": "배드덱", "NAME_NL": "Baddeck", "NAME_PL": "Baddeck", "NAME_SV": "Baddeck", "NAME_TR": "Baddeck", "NAME_VI": "Baddeck", "NE_ID": 1159131595, "NAME_FA": "بددک", "NAME_HE": "באדק", "NAME_UK": "Беддек", "NAME_UR": "بیڈک", "NAME_ZHT": "巴德克", "GEONAMESID": 5889156, "FCLASS_ISO": null, "FCLASS_US": null, "FCLASS_FR": null, "FCLASS_RU": null, "FCLASS_ES": null, "FCLASS_CN": null, "FCLASS_TW": null, "FCLASS_IN": null, "FCLASS_NP": null, "FCLASS_PK": null, "FCLASS_DE": null, "FCLASS_GB": null, "FCLASS_BR": null, "FCLASS_IL": null, "FCLASS_PS": null, "FCLASS_SA": null, "FCLASS_EG": null, "FCLASS_MA": null, "FCLASS_PT": null, "FCLASS_AR": null, "FCLASS_JP": null, "FCLASS_KO": null, "FCLASS_VN": null, "FCLASS_TR": null, "FCLASS_ID": null, "FCLASS_PL": null, "FCLASS_GR": null, "FCLASS_IT": null, "FCLASS_NL": null, "FCLASS_SE": null, "FCLASS_BD": null, "FCLASS_UA": null, "FCLASS_TLC": null }, "geometry": { "type": "Point", "coordinates": [ -60.7539767, 46.0999884 ] } },
{ "type": "Feature", "properties": { "SCALERANK": 8, "NATSCALE": 10, "LABELRANK": 2, "FEATURECLA": "Populated place", "NAME": "Deer Lake", "NAMEPAR": null, "NAMEALT": null, "NAMEASCII": "Deer Lake", "ADM0CAP": 0, "CAPIN": null, "WORLDCITY": 0, "MEGACITY": 0, "SOV0NAME": "Canada", "SOV_A3": "CAN", "ADM0NAME": "Canada", "ADM0_A3": "CAN", "ADM1NAME": "Newfoundland and Labrador", "ISO_A2": "CA", "NOTE": null, "LATITUDE": 49.1744, "LONGITUDE": -57.426919, "POP_MAX": 4163, "POP_MIN": 3743, "POP_OTHER": 3601, "RANK_MAX": 4, "RANK_MIN": 4, "MEGANAME": null, "LS_NAME": "Deer Lake", "MAX_POP10": 3743, "MAX_POP20": 0, "MAX_POP50": 0, "MAX_POP300": 0, "MAX_POP310": 0, "MAX_NATSCA": 10, "MIN_AREAKM": 6, "MAX_AREAKM": 6, "MIN_AREAMI": 2, "MAX_AREAMI": 2, "MIN_PERKM": 14, "MAX_PERKM": 14, "MIN_PERMI": 9, "MAX_PERMI": 9, "MIN_BBXMIN": -57.45, "MAX_BBXMIN": -57.45, "MIN_BBXMAX": -57.408333, "MAX_BBXMAX": -57.408333, "MIN_BBYMIN": 49.166667, "MAX_BBYMIN": 49.166667, "MIN_BBYMAX": 49.191667, "MAX_BBYMAX": 49.191667, "MEAN_BBXC": -57.427652, "MEAN_BBYC": 49.180682, "TIMEZONE": "America/St_Johns", "UN_FID": 0, "POP1950": 0, "POP1955": 0, "POP1960": 0, "POP1965": 0, "POP1970": 0, "POP1975": 0, "POP1980": 0, "POP1985": 0, "POP1990": 0, "POP1995": 0, "POP2000": 0, "POP2005": 0, "POP2010": 0, "POP2015": 0, "POP2020": 0, "POP2025": 0, "POP2050": 0, "MIN_ZOOM": 7.0, "WIKIDATAID": "Q2674298", "WOF_ID": 890456723, "CAPALT": 0, "NAME_EN": "Deer Lake", "NAME_DE": "Deer Lake", "NAME_ES": "Deer Lake", "NAME_FR": "Deer Lake", "NAME_PT": "Deer Lake", "NAME_RU": "Дир-Лейк", "NAME_ZH": "鹿湖", "LABEL": null, "NAME_AR": "بحيرة دير", "NAME_BN": "ডিয়ার লেক", "NAME_EL": "Ντιρ Λέικ", "NAME_HI": "डियर लेक", "NAME_HU": "Deer Lake", "NAME_ID": "Deer Lake", "NAME_IT": "Deer Lake", "NAME_JA": "ディア・レイク", "NAME_KO": "디어 레이크", "NAME_NL": "Deer Lake", "NAME_PL": "Deer Lake", "NAME_SV": "Deer Lake", "NAME_TR": "Deer Lake", "NAME_VI": "Deer Lake", "NE_ID": 1159131599, "NAME_FA": "دیر لیک", "NAME_HE": "דיר לייק", "NAME_UK": "Дір-Лейк", "NAME_UR": "ڈیئر لیک", "NAME_ZHT": "鹿湖", "GEONAMESID": 5937252, "FCLASS_ISO": null, "FCLASS_US": null, "FCLASS_FR": null, "FCLASS_RU": null, "FCLASS_ES": null, "FCLASS_CN": null, "FCLASS_TW": null, "FCLASS_IN": null, "FCLASS_NP": null, "FCLASS_PK": null, "FCLASS_DE": null, "FCLASS_GB": null, "FCLASS_BR": null, "FCLASS_IL": null, "FCLASS_PS": null, "FCLASS_SA": null, "FCLASS_EG": null, "FCLASS_MA": null, "FCLASS_PT": null, "FCLASS_AR": null, "FCLASS_JP": null, "FCLASS_KO": null, "FCLASS_VN": null, "FCLASS_TR": null, "FCLASS_ID": null, "FCLASS_PL": null, "FCLASS_GR": null, "FCLASS_IT": null, "FCLASS_NL": null, "FCLASS_SE": null, "FCLASS_BD": null, "FCLASS_UA": null, "FCLASS_TLC": null }, "geometry": { "type": "Point", "coordinates": [ -57.4269188, 49.1744002 ] } },
{ "type": "Feature", "properties": { "SCALERANK": 8, "NATSCALE": 10, "LABELRANK": 2, "FEATURECLA": "Populated place", "NAME": "La Scie", "NAMEPAR": null, "NAMEALT": null, "NAMEASCII": "La Scie", "ADM0CAP": 0, "CAPIN": null, "WORLDCITY": 0, "MEGACITY": 0, "SOV0NAME": "Canada", "SOV_A3": "CAN", "ADM0NAME": "Canada", "ADM0_A3": "CAN", "ADM1NAME": "Newfoundland and Labrador", "ISO_A2": "CA", "NOTE": null, "LATITUDE": 49.967013, "LONGITUDE": -55.583, "POP_MAX": 817, "POP_MIN": 817, "POP_OTHER": 0, "RANK_MAX": 2, "RANK_MIN": 2, "MEGANAME": null, "LS_NAME": "La Scie", "MAX_POP10": 817, "MAX_POP20": 0, "MAX_POP50": 0, "MAX_POP300": 0, "MAX_POP310": 0, "MAX_NATSCA": 10, "MIN_AREAKM": 2, "MAX_AREAKM": 2, "MIN_AREAMI": 1, "MAX_AREAMI": 1, "MIN_PERKM": 7, "MAX_PERKM": 7, "MIN_PERMI": 5, "MAX_PERMI": 5, "MIN_BBXMIN": -55.608333, "MAX_BBXMIN": -55.608333, "MIN_BBXMAX": -55.591667, "MAX_BBXMAX": -55.591667, "MIN_BBYMIN": 49.95, "MAX_BBYMIN": 49.95, "MIN_BBYMAX": 49.975, "MAX_BBYMAX": 49.975, "MEAN_BBXC": -55.6, "MEAN_BBYC": 49.9625, "TIMEZONE": null, "UN_FID": 0, "POP1950": 0, "POP1955": 0, "POP1960": 0, "POP1965": 0, "POP1970": 0, "POP1975": 0, "POP1980": 0, "POP1985": 0, "POP1990": 0, "POP1995": 0, "POP2000": 0, "POP2005": 0, "POP2010": 0, "POP2015": 0, "POP2020": 0, "POP2025": 0, "POP2050": 0, "MIN_ZOOM": 7.0, "WIKIDATAID": "Q15068802", "WOF_ID": 1141906691, "CAPALT": 0, "NAME_EN": "La Scie", "NAME_DE": "La Scie", "NAME_ES": "La Scie", "NAME_FR": "LaScie", "NAME_PT": "LaScie", "NAME_RU": "Ласци", "NAME_ZH": "拉西", "LABEL": null, "NAME_AR": "لا سي", "NAME_BN": "লা স্কিয়ে", "NAME_EL": "Λα Σκιε", "NAME_HI": "ला शाइ", "NAME_HU": "La Scie", "NAME_ID": "La Scie", "NAME_IT": "La Scie", "NAME_JA": "ラシー", "NAME_KO": "라 시", "NAME_NL": "La Scie", "NAME_PL": "La Scie", "NAME_SV": "La Scie", "NAME_TR": "La Scie", "NAME_VI": "La Scie", "NE_ID": 1159131603, "NAME_FA": "لاسی", "NAME_HE": "לה סקיי", "NAME_UK": "Ла-Сі", "NAME_UR": "لا سائی", "NAME_ZHT": "拉西耶", "GEONAMESID": 6050218, "FCLASS_ISO": null, "FCLASS_US": null, "FCLASS_FR": null, "FCLASS_RU": null, "FCLASS_ES": null, "FCLASS_CN": null, "FCLASS_TW": null, "FCLASS_IN": null, "FCLASS_NP": null, "FCLASS_PK": null, "FCLASS_DE": null, "FCLASS_GB": null, "FCLASS_BR": null, "FCLASS_IL": null, "FCLASS_PS": null, "FCLASS_SA": null, "FCLASS_EG": null, "FCLASS_MA": null, "FCLASS_PT": null, "FCLASS_AR": null, "FCLASS_JP": null, "FCLASS_KO": null, "FCLASS_VN": null, "FCLASS_TR": null, "FCLASS_ID": null, "FCLASS_PL": null, "FCLASS_GR": null, "FCLASS_IT": null, "FCLASS_NL": null, "FCLASS_SE": null, "FCLASS_BD": null, "FCLASS_UA": null, "FCLASS_TLC": null }, "geometry": { "type": "Point", "coordinates": [ -55.5830003, 49.9670134 ] } },
{ "type": "Feature", "properties": { "SCALERANK": 8, "NATSCALE": 10, "LABELRANK": 2, "FEATURECLA": "Populated place", "NAME": "Hopedale", "NAMEPAR": null, "NAMEALT": null, "NAMEASCII": "Hopedale", "ADM0CAP": 0, "CAPIN": null, "WORLDCITY": 0, "MEGACITY": 0, "SOV0NAME": "Canada", "SOV_A3": "CAN", "ADM0NAME": "Canada", "ADM0_A3": "CAN", "ADM1NAME": "Newfoundland and Labrador", "ISO_A2": "CA", "NOTE": null, "LATITUDE": 55.44996, "LONGITUDE": -60.216671, "POP_MAX": 442, "POP_MIN": 442, "POP_OTHER": 0, "RANK_MAX": 2, "RANK_MIN": 2, "MEGANAME": null, "LS_NAME": "Hopedale", "MAX_POP10": 442, "MAX_POP20": 0, "MAX_POP50": 0, "MAX_POP300": 0, "MAX_POP310": 0, "MAX_NATSCA": 10, "MIN_AREAKM": 1, "MAX_AREAKM": 1, "MIN_AREAMI": 1, "MAX_AREAMI": 1, "MIN_PERKM": 8, "MAX_PERKM": 8, "MIN_PERMI": 5, "MAX_PERMI": 5, "MIN_BBXMIN": -60.233334, "MAX_BBXMIN": -60.233334, "MIN_BBXMAX": -60.208332, "MAX_BBXMAX": -60.208332, "MIN_BBYMIN": 55.450003, "MAX_BBYMIN": 55.450003, "MIN_BBYMAX": 55.466669, "MAX_BBYMAX": 55.466669, "MEAN_BBXC": -60.220832, "MEAN_BBYC": 55.459725, "TIMEZONE": null, "UN_FID": 0, "POP1950": 0, "POP1955": 0, "POP1960": 0, "POP1965": 0, "POP1970": 0, "POP1975": 0, "POP1980": 0, "POP1985": 0, "POP1990": 0, "POP1995": 0, "POP2000": 0, "POP2005": 0, "POP2010": 0, "POP2015": 0, "POP2020": 0, "POP2025": 0, "POP2050": 0, "MIN_ZOOM": 7.0, "WIKIDATAID": "Q11338369", "WOF_ID": 1141906693, "CAPALT": 0, "NAME_EN": "Hopedale", "NAME_DE": "Hopedale", "NAME_ES": "Hopedale", "NAME_FR": "Hopedale", "NAME_PT": "Hopedale", "NAME_RU": "Хопдейл", "NAME_ZH": "霍普代尔", "LABEL": null, "NAME_AR": "هوبديل", "NAME_BN": "হোপডেল", "NAME_EL": "Χόουπντεϊλ", "NAME_HI": "होपडेल", "NAME_HU": "Hopedale", "NAME_ID": "Hopedale", "NAME_IT": "Hopedale", "NAME_JA": "ホープデイル", "NAME_KO": "호프데일", "NAME_NL": "Hopedale", "NAME_PL": "Hopedale", "NAME_SV": "Hopedale", "NAME_TR": "Hopedale", "NAME_VI": "Hopedale", "NE_ID": 1159131607, "NAME_FA": "هوپدال", "NAME_HE": "הופדייל", "NAME_UK": "Гоупдейл", "NAME_UR": "ہوپیڈال", "NAME_ZHT": "霍普代爾", "GEONAMESID": 6694966, "FCLASS_ISO": null, "FCLASS_US": null, "FCLASS_FR": null, "FCLASS_RU": null, "FCLASS_ES": null, "FCLASS_CN": null, "FCLASS_TW": null, "FCLASS_IN": null, "FCLASS_NP": null, "FCLASS_PK": null, "FCLASS_DE": null, "FCLASS_GB": null, "FCLASS_BR": null, "FCLASS_IL": null, "FCLASS_PS": null, "FCLASS_SA": null, "FCLASS_EG": null, "FCLASS_MA": null, "FCLASS_PT": null, "FCLASS_AR": null, "FCLASS_JP": null, "FCLASS_KO": null, "FCLASS_VN": null, "FCLASS_TR": null, "FCLASS_ID": null, "FCLASS_PL": null, "FCLASS_GR": null, "FCLASS_IT": null, "FCLASS_NL": null, "FCLASS_SE": null, "FCLASS_BD": null, "FCLASS_UA": null, "FCLASS_TLC": null }, "geometry": { "type": "Point", "coordinates": [ -60.216671, 55.4499603 ] } },
{ "type": "Feature", "properties": { "SCALERANK": 8, "NATSCALE": 10, "LABELRANK": 2, "FEATURECLA": "Populated place", "NAME": "Happy Valley - Goose Bay", "NAMEPAR": null, "NAMEALT": null, "NAMEASCII": "Happy Valley - Goose Bay", "ADM0CAP": 0, "CAPIN": null, "WORLDCITY": 0, "MEGACITY": 0, "SOV0NAME": "Canada", "SOV_A3": "CAN", "ADM0NAME": "Canada", "ADM0_A3": "CAN", "ADM1NAME": "Newfoundland and Labrador", "ISO_A2": "CA", "NOTE": null, "LATITUDE": 53.299988, "LONGITUDE": -60.299999, "POP_MAX": 7572, "POP_MIN": 1047, "POP_OTHER": 0, "RANK_MAX": 5, "RANK_MIN": 3, "MEGANAME": null, "LS_NAME": "Happy Valley", "MAX_POP10": 1047, "MAX_POP20": 0, "MAX_POP50": 0, "MAX_POP300": 0, "MAX_POP310": 0, "MAX_NATSCA": 10, "MIN_AREAKM": 4, "MAX_AREAKM": 4, "MIN_AREAMI": 1, "MAX_AREAMI": 1, "MIN_PERKM": 11, "MAX_PERKM": 11, "MIN_PERMI": 7, "MAX_PERMI": 7, "MIN_BBXMIN": -60.333333, "MAX_BBXMIN": -60.333333, "MIN_BBXMAX": -60.291667, "MAX_BBXMAX": -60.291667, "MIN_BBYMIN": 53.291667, "MAX_BBYMIN": 53.291667, "MIN_BBYMAX": 53.308333, "MAX_BBYMAX": 53.308333, "MEAN_BBXC": -60.31369, "MEAN_BBYC": 53.301786, "TIMEZONE": "America/Goose_Bay", "UN_FID": 0, "POP1950": 0, "POP1955": 0, "POP1960": 0, "POP1965": 0, "POP1970": 0, "POP1975": 0, "POP1980": 0, "POP1985": 0, "POP1990": 0, "POP1995": 0, "POP2000": 0, "POP2005": 0, "POP2010": 0, "POP2015": 0, "POP2020": 0, "POP2025": 0, "POP2050": 0, "MIN_ZOOM": 7.0, "WIKIDATAID": "Q1266964", "WOF_ID": 890456987, "CAPALT": 0, "NAME_EN": "Happy Valley-Goose Bay", "NAME_DE": "Happy Valley-Goose Bay", "NAME_ES": "Happy Valley-Goose Bay", "NAME_FR": "Happy Valley-Goose Bay", "NAME_PT": "Happy Valley-Goose Bay", "NAME_RU": "Хаппи-Валли-Гуз-Бей", "NAME_ZH": "欢乐湾—古斯贝", "LABEL": null, "NAME_AR": "هابي فالي - جووس باي", "NAME_BN": "হ্যাপি ভ্যালি - গুজ বে", "NAME_EL": "Χάπι Βάλλευ - Γκουζ Μπέι", "NAME_HI": "हैप्पी वैली - गूज़ बे", "NAME_HU": "Happy Valley - Goose Bay", "NAME_ID": "Happy Valley - Goose Bay", "NAME_IT": "Happy Valley-Goose Bay", "NAME_JA": "ハッピーバレー・グースベイ", "NAME_KO": "해피 밸리 - 구스 베이", "NAME_NL": "Happy Valley-Goose Bay", "NAME_PL": "Happy Valley-Goose Bay", "NAME_SV": "Happy Valley-Goose Bay", "NAME_TR": "Happy Valley - Goose Bay", "NAME_VI": "Happy Valley - Goose Bay", "NE_ID": 1159131613, "NAME_FA": "هپی ولی - گوز بی", "NAME_HE": "הפי ואלי-גוס ביי", "NAME_UK": "Геппі-Веллі-Гус-Бей", "NAME_UR": "ہیپی ویلی-گوز بے", "NAME_ZHT": "歡樂灣—古斯貝", "GEONAMESID": 5970458, "FCLASS_ISO": null, "FCLASS_US": null, "FCLASS_FR": null, "FCLASS_RU": null, "FCLASS_ES": null, "FCLASS_CN": null, "FCLASS_TW": null, "FCLASS_IN": null, "FCLASS_NP": null, "FCLASS_PK": null, "FCLASS_DE": null, "FCLASS_GB": null, "FCLASS_BR": null, "FCLASS_IL": null, "FCLASS_PS": null, "FCLASS_SA": null, "FCLASS_EG": null, "FCLASS_MA": null, "FCLASS_PT": null, "FCLASS_AR": null, "FCLASS_JP": null, "FCLASS_KO": null, "FCLASS_VN": null, "FCLASS_TR": null, "FCLASS_ID": null, "FCLASS_PL": null, "FCLASS_GR": null, "FCLASS_IT": null, "FCLASS_NL": null, "FCLASS_SE": null, "FCLASS_BD": null, "FCLASS_UA": null, "FCLASS_TLC": null }, "geometry": { "type": "Point", "coordinates": [ -60.2999992, 53.2999882 ] } },
{ "type": "Feature", "properties": { "SCALERANK": 8, "NATSCALE": 10, "LABELRANK": 2, "FEATURECLA": "Populated place", "NAME": "Port Hope Simpson", "NAMEPAR": null, "NAMEALT": null, "NAMEASCII": "Port Hope Simpson", "ADM0CAP": 0, "CAPIN": null, "WORLDCITY": 0, "MEGACITY": 0, "SOV0NAME": "Canada", "SOV_A3": "CAN", "ADM0NAME": "Canada", "ADM0_A3": "CAN", "ADM1NAME": "Newfoundland and Labrador", "ISO_A2": "CA", "NOTE": null, "LATITUDE": 52.533291, "LONGITUDE": -56.300011, "POP_MAX": 197, "POP_MIN": 197, "POP_OTHER": 0, "RANK_MAX": 1, "RANK_MIN": 1, "MEGANAME": null, "LS_NAME": "Port Hope Simpson", "MAX_POP10": 197, "MAX_POP20": 0, "MAX_POP50": 0, "MAX_POP300": 0, "MAX_POP310": 0, "MAX_NATSCA": 10, "MIN_AREAKM": 1, "MAX_AREAKM": 1, "MIN_AREAMI": 0, "MAX_AREAMI": 0, "MIN_PERKM": 3, "MAX_PERKM": 3, "MIN_PERMI": 2, "MAX_PERMI": 2, "MIN_BBXMIN": -56.3, "MAX_BBXMIN": -56.3, "MIN_BBXMAX": -56.291667, "MAX_BBXMAX": -56.291667, "MIN_BBYMIN": 52.541667, "MAX_BBYMIN": 52.541667, "MIN_BBYMAX": 52.55, "MAX_BBYMAX": 52.55, "MEAN_BBXC": -56.295833, "MEAN_BBYC": 52.545833, "TIMEZONE": null, "UN_FID": 0, "POP1950": 0, "POP1955": 0, "POP1960": 0, "POP1965": 0, "POP1970": 0, "POP1975": 0, "POP1980": 0, "POP1985": 0, "POP1990": 0, "POP1995": 0, "POP2000": 0, "POP2005": 0, "POP2010": 0, "POP2015": 0, "POP2020": 0, "POP2025": 0, "POP2050": 0, "MIN_ZOOM": 7.0, "WIKIDATAID": "Q7230680", "WOF_ID": 1141906695, "CAPALT": 0, "NAME_EN": "Port Hope Simpson", "NAME_DE": "Port Hope Simpson", "NAME_ES": "Port Hope Simpson", "NAME_FR": "Port Hope Simpson", "NAME_PT": "Port Hope Simpson", "NAME_RU": "Порт-Хоуп-Симпсон", "NAME_ZH": "霍普辛普森港", "LABEL": null, "NAME_AR": "ميناء هوب سيمبسون", "NAME_BN": "পোর্ট হোপ সিম্পসন", "NAME_EL": "Πορτ Χόουπ Σίμπσον", "NAME_HI": "पोर्ट होप सिंपसन", "NAME_HU": "Port Hope Simpson", "NAME_ID": "Port Hope Simpson", "NAME_IT": "Port Hope Simpson", "NAME_JA": "ポートホープシンプソン", "NAME_KO": "포트 호프 심슨", "NAME_NL": "Port Hope Simpson", "NAME_PL": "Port Hope Simpson", "NAME_SV": "Port Hope Simpson", "NAME_TR": "Port Hope Simpson", "NAME_VI": "Port Hope Simpson", "NE_ID": 1159131617, "NAME_FA": "پورت هوپ سیمپسون", "NAME_HE": "פורט הופ סימפסון", "NAME_UK": "Порт-Гоуп-Сімпсон", "NAME_UR": "پورٹ ہوپ سمپسن", "NAME_ZHT": "霍普辛普森港", "GEONAMESID": 6111885, "FCLASS_ISO": null, "FCLASS_US": null, "FCLASS_FR": null, "FCLASS_RU": null, "FCLASS_ES": null, "FCLASS_CN": null, "FCLASS_TW": null, "FCLASS_IN": null, "FCLASS_NP": null, "FCLASS_PK": null, "FCLASS_DE": null, "FCLASS_GB": null, "FCLASS_BR": null, "FCLASS_IL": null, "FCLASS_PS": null, "FCLASS_SA": null, "FCLASS_EG": null, "FCLASS_MA": null, "FCLASS_PT": null, "FCLASS_AR": null, "FCLASS_JP": null, "FCLASS_KO": null, "FCLASS_VN": null, "FCLASS_TR": null, "FCLASS_ID": null, "FCLASS_PL": null, "FCLASS_GR": null, "FCLASS_IT": null, "FCLASS_NL": null, "FCLASS_SE": null, "FCLASS_BD": null, "FCLASS_UA": null, "FCLASS_TLC": null }, "geometry": { "type": "Point", "coordinates": [ -56.3000108, 52.5332908 ] } },
{ "type": "Feature", "properties": { "SCALERANK": 8, "NATSCALE": 10, "LABELRANK": 2, "FEATURECLA": "Populated place", "NAME": "Tofino", "NAMEPAR": null, "NAMEALT": null, "NAMEASCII": "Tofino", "ADM0CAP": 0, "CAPIN": null, "WORLDCITY": 0, "MEGACITY": 0, "SOV0NAME": "Canada", "SOV_A3": "CAN", "ADM0NAME": "Canada", "ADM0_A3": "CAN", "ADM1NAME": "British Columbia", "ISO_A2": "CA", "NOTE": null, "LATITUDE": 49.098616, "LONGITUDE": -125.862125, "POP_MAX": 1655, "POP_MIN": 1655, "POP_OTHER": 0, "RANK_MAX": 3, "RANK_MIN": 3, "MEGANAME": null, "LS_NAME": null, "MAX_POP10": 0, "MAX_POP20": 0, "MAX_POP50": 0, "MAX_POP300": 0, "MAX_POP310": 0, "MAX_NATSCA": 0, "MIN_AREAKM": 0, "MAX_AREAKM": 0, "MIN_AREAMI": 0, "MAX_AREAMI": 0, "MIN_PERKM": 0, "MAX_PERKM": 0, "MIN_PERMI": 0, "MAX_PERMI": 0, "MIN_BBXMIN": 0.0, "MAX_BBXMIN": 0.0, "MIN_BBXMAX": 0.0, "MAX_BBXMAX": 0.0, "MIN_BBYMIN": 0.0, "MAX_BBYMIN": 0.0, "MIN_BBYMAX": 0.0, "MAX_BBYMAX": 0.0, "MEAN_BBXC": 0.0, "MEAN_BBYC": 0.0, "TIMEZONE": "America/Vancouver", "UN_FID": 0, "POP1950": 0, "POP1955": 0, "POP1960": 0, "POP1965": 0, "POP1970": 0, "POP1975": 0, "POP1980": 0, "POP1985": 0, "POP1990": 0, "POP1995": 0, "POP2000": 0, "POP2005": 0, "POP2010": 0, "POP2015": 0, "POP2020": 0, "POP2025": 0, "POP2050": 0, "MIN_ZOOM": 7.0, "WIKIDATAID": "Q462564", "WOF_ID": 101740795, "CAPALT": 0, "NAME_EN": "Tofino", "NAME_DE": "Tofino", "NAME_ES": "Tofino", "NAME_FR": "Tofino", "NAME_PT": "Tofino", "NAME_RU": "Тофино", "NAME_ZH": "吐芬奴", "LABEL": null, "NAME_AR": "توفينو", "NAME_BN": "টোফিনো", "NAME_EL": "Τοφίνο", "NAME_HI": "टोफ़िनो", "NAME_HU": "Tofino", "NAME_ID": "Tofino", "NAME_IT": "Tofino", "NAME_JA": "トッフィーノ", "NAME_KO": "토피노", "NAME_NL": "Tofino", "NAME_PL": "Tofino", "NAME_SV": "Tofino", "NAME_TR": "Tofino", "NAME_VI": "Tofino", "NE_ID": 1159132361, "NAME_FA": "توفینو", "NAME_HE": "טופינו", "NAME_UK": "Тофіно", "NAME_UR": "ٹوفینو", "NAME_ZHT": "吐芬奴", "GEONAMESID": 6354950, "FCLASS_ISO": null, "FCLASS_US": null, "FCLASS_FR": null, "FCLASS_RU": null, "FCLASS_ES": null, "FCLASS_CN": null, "FCLASS_TW": null, "FCLASS_IN": null, "FCLASS_NP": null, "FCLASS_PK": null, "FCLASS_DE": null, "FCLASS_GB": null, "FCLASS_BR": null, "FCLASS_IL": null, "FCLASS_PS": null, "FCLASS_SA": null, "FCLASS_EG": null, "FCLASS_MA": null, "FCLASS_PT": null, "FCLASS_AR": null, "FCLASS_JP": null, "FCLASS_KO": null, "FCLASS_VN": null, "FCLASS_TR": null, "FCLASS_ID": null, "FCLASS_PL": null, "FCLASS_GR": null, "FCLASS_IT": null, "FCLASS_NL": null, "FCLASS_SE": null, "FCLASS_BD": null, "FCLASS_UA": null, "FCLASS_TLC": null }, "geometry": { "type": "Point", "coordinates": [ -125.8621245, 49.0986157 ] } },
{ "type": "Feature", "properties": { "SCALERANK": 7, "NATSCALE": 20, "LABELRANK": 2, "FEATURECLA": "Populated place", "NAME": "Steinbach", "NAMEPAR": null, "NAMEALT": null, "NAMEASCII": "Steinbach", "ADM0CAP": 0, "CAPIN": null, "WORLDCITY": 0, "MEGACITY": 0, "SOV0NAME": "Canada", "SOV_A3": "CAN", "ADM0NAME": "Canada", "ADM0_A3": "CAN", "ADM1NAME": "Manitoba", "ISO_A2": "CA", "NOTE": null, "LATITUDE": 49.517093, "LONGITUDE": -96.683308, "POP_MAX": 9729, "POP_MIN": 9607, "POP_OTHER": 9592, "RANK_MAX": 5, "RANK_MIN": 5, "MEGANAME": null, "LS_NAME": "Steinbach", "MAX_POP10": 9729, "MAX_POP20": 9729, "MAX_POP50": 0, "MAX_POP300": 0, "MAX_POP310": 0, "MAX_NATSCA": 20, "MIN_AREAKM": 8, "MAX_AREAKM": 8, "MIN_AREAMI": 3, "MAX_AREAMI": 3, "MIN_PERKM": 16, "MAX_PERKM": 16, "MIN_PERMI": 10, "MAX_PERMI": 10, "MIN_BBXMIN": -96.708333, "MAX_BBXMIN": -96.708333, "MIN_BBXMAX": -96.658333, "MAX_BBXMAX": -96.658333, "MIN_BBYMIN": 49.508333, "MAX_BBYMIN": 49.508333, "MIN_BBYMAX": 49.541667, "MAX_BBYMAX": 49.541667, "MEAN_BBXC": -96.685278, "MEAN_BBYC": 49.525833, "TIMEZONE": "America/Winnipeg", "UN_FID": 0, "POP1950": 0, "POP1955": 0, "POP1960": 0, "POP1965": 0, "POP1970": 0, "POP1975": 0, "POP1980": 0, "POP1985": 0, "POP1990": 0, "POP1995": 0, "POP2000": 0, "POP2005": 0, "POP2010": 0, "POP2015": 0, "POP2020": 0, "POP2025": 0, "POP2050": 0, "MIN_ZOOM": 6.7, "WIKIDATAID": "Q1026567", "WOF_ID": 101735029, "CAPALT": 0, "NAME_EN": "Steinbach", "NAME_DE": "Steinbach", "NAME_ES": "Steinbach", "NAME_FR": "Steinbach", "NAME_PT": "Steinbach", "NAME_RU": "Стейнбах", "NAME_ZH": "斯坦巴克", "LABEL": null, "NAME_AR": "ستاينباك", "NAME_BN": "স্টাইনবাক", "NAME_EL": "Στέινμπακ", "NAME_HI": "स्टाइनबाक", "NAME_HU": "Steinbach", "NAME_ID": "Steinbach", "NAME_IT": "Steinbach", "NAME_JA": "シュタインバッハ", "NAME_KO": "스트라스부르", "NAME_NL": "Steinbach", "NAME_PL": "Steinbach", "NAME_SV": "Steinbach", "NAME_TR": "Steinbach", "NAME_VI": "Steinbach", "NE_ID": 1159143629, "NAME_FA": "استینباخ", "NAME_HE": "סטייבאך", "NAME_UK": "Стайнбек", "NAME_UR": "سٹین بیچ", "NAME_ZHT": "斯坦巴克", "GEONAMESID": 6156102, "FCLASS_ISO": null, "FCLASS_US": null, "FCLASS_FR": null, "FCLASS_RU": null, "FCLASS_ES": null, "FCLASS_CN": null, "FCLASS_TW": null, "FCLASS_IN": null, "FCLASS_NP": null, "FCLASS_PK": null, "FCLASS_DE": null, "FCLASS_GB": null, "FCLASS_BR": null, "FCLASS_IL": null, "FCLASS_PS": null, "FCLASS_SA": null, "FCLASS_EG": null, "FCLASS_MA": null, "FCLASS_PT": null, "FCLASS_AR": null, "FCLASS_JP": null, "FCLASS_KO": null, "FCLASS_VN": null, "FCLASS_TR": null, "FCLASS_ID": null, "FCLASS_PL": null, "FCLASS_GR": null, "FCLASS_IT": null, "FCLASS_NL": null, "FCLASS_SE": null, "FCLASS_BD": null, "FCLASS_UA": null, "FCLASS_TLC": null }, "geometry": { "type": "Point", "coordinates": [ -96.6833081, 49.5170925 ] } },
{ "type": "Feature", "properties": { "SCALERANK": 7, "NATSCALE": 20, "LABELRANK": 2, "FEATURECLA": "Populated place", "NAME": "Nelson House", "NAMEPAR": null, "NAMEALT": null, "NAMEASCII": "Nelson House", "ADM0CAP": 0, "CAPIN": null, "WORLDCITY": 0, "MEGACITY": 0, "SOV0NAME": "Canada", "SOV_A3": "CAN", "ADM0NAME": "Canada", "ADM0_A3": "CAN", "ADM1NAME": "Manitoba", "ISO_A2": "CA", "NOTE": null, "LATITUDE": 55.800456, "LONGITUDE": -98.850023, "POP_MAX": 2500, "POP_MIN": 2500, "POP_OTHER": 0, "RANK_MAX": 4, "RANK_MIN": 4, "MEGANAME": null, "LS_NAME": "Nelson House", "MAX_POP10": 0, "MAX_POP20": 0, "MAX_POP50": 0, "MAX_POP300": 0, "MAX_POP310": 0, "MAX_NATSCA": 0, "MIN_AREAKM": 0, "MAX_AREAKM": 0, "MIN_AREAMI": 0, "MAX_AREAMI": 0, "MIN_PERKM": 0, "MAX_PERKM": 0, "MIN_PERMI": 0, "MAX_PERMI": 0, "MIN_BBXMIN": 0.0, "MAX_BBXMIN": 0.0, "MIN_BBXMAX": 0.0, "MAX_BBXMAX": 0.0, "MIN_BBYMIN": 0.0, "MAX_BBYMIN": 0.0, "MIN_BBYMAX": 0.0, "MAX_BBYMAX": 0.0, "MEAN_BBXC": 0.0, "MEAN_BBYC": 0.0, "TIMEZONE": null, "UN_FID": 0, "POP1950": 0, "POP1955": 0, "POP1960": 0, "POP1965": 0, "POP1970": 0, "POP1975": 0, "POP1980": 0, "POP1985": 0, "POP1990": 0, "POP1995": 0, "POP2000": 0, "POP2005": 0, "POP2010": 0, "POP2015": 0, "POP2020": 0, "POP2025": 0, "POP2050": 0, "MIN_ZOOM": 6.7, "WIKIDATAID": "Q6990572", "WOF_ID": 1141907939, "CAPALT": 0, "NAME_EN": "Nelson House", "NAME_DE": "Nelson House", "NAME_ES": "Nelson House", "NAME_FR": "Nelson House", "NAME_PT": "Nelson House", "NAME_RU": "Нельсон-Хаус", "NAME_ZH": "纳尔逊豪斯", "LABEL": null, "NAME_AR": "نيلسون هاوس", "NAME_BN": "নেলসন হাউস", "NAME_EL": "Νέλσον Χάους", "NAME_HI": "नेलसन हाउस", "NAME_HU": "Nelson House", "NAME_ID": "Nelson House", "NAME_IT": "Nelson House", "NAME_JA": "ネルソンハウス", "NAME_KO": "넬슨 하우스", "NAME_NL": "Nelson House", "NAME_PL": "Nelson House", "NAME_SV": "Nelson House", "NAME_TR": "Nelson House", "NAME_VI": "Nelson House", "NE_ID": 1159143635, "NAME_FA": "نلسون هوس", "NAME_HE": "נלסון האוס", "NAME_UK": "Нельсон-Хаус", "NAME_UR": "نیلسن ہاؤس", "NAME_ZHT": "尼爾森豪斯", "GEONAMESID": -1, "FCLASS_ISO": null, "FCLASS_US": null, "FCLASS_FR": null, "FCLASS_RU": null, "FCLASS_ES": null, "FCLASS_CN": null, "FCLASS_TW": null, "FCLASS_IN": null, "FCLASS_NP": null, "FCLASS_PK": null, "FCLASS_DE": null, "FCLASS_GB": null, "FCLASS_BR": null, "FCLASS_IL": null, "FCLASS_PS": null, "FCLASS_SA": null, "FCLASS_EG": null, "FCLASS_MA": null, "FCLASS_PT": null, "FCLASS_AR": null, "FCLASS_JP": null, "FCLASS_KO": null, "FCLASS_VN": null, "FCLASS_TR": null, "FCLASS_ID": null, "FCLASS_PL": null, "FCLASS_GR": null, "FCLASS_IT": null, "FCLASS_NL": null, "FCLASS_SE": null, "FCLASS_BD": null, "FCLASS_UA": null, "FCLASS_TLC": null }, "geometry": { "type": "Point", "coordinates": [ -98.8500234, 55.8004557 ] } },
{ "type": "Feature", "properties": { "SCALERANK": 7, "NATSCALE": 20, "LABELRANK": 2, "FEATURECLA": "Populated place", "NAME": "Shamattawa", "NAMEPAR": null, "NAMEALT": null, "NAMEASCII": "Shamattawa", "ADM0CAP": 0, "CAPIN": null, "WORLDCITY": 0, "MEGACITY": 0, "SOV0NAME": "Canada", "SOV_A3": "CAN", "ADM0NAME": "Canada", "ADM0_A3": "CAN", "ADM1NAME": "Manitoba", "ISO_A2": "CA", "NOTE": null, "LATITUDE": 55.850375, "LONGITUDE": -92.083279, "POP_MAX": 870, "POP_MIN": 870, "POP_OTHER": 577, "RANK_MAX": 2, "RANK_MIN": 2, "MEGANAME": null, "LS_NAME": "Shamattawa", "MAX_POP10": 870, "MAX_POP20": 870, "MAX_POP50": 0, "MAX_POP300": 0, "MAX_POP310": 0, "MAX_NATSCA": 20, "MIN_AREAKM": 2, "MAX_AREAKM": 2, "MIN_AREAMI": 1, "MAX_AREAMI": 1, "MIN_PERKM": 8, "MAX_PERKM": 8, "MIN_PERMI": 5, "MAX_PERMI": 5, "MIN_BBXMIN": -92.1, "MAX_BBXMIN": -92.1, "MIN_BBXMAX": -92.075, "MAX_BBXMAX": -92.075, "MIN_BBYMIN": 55.85, "MAX_BBYMIN": 55.85, "MIN_BBYMAX": 55.866667, "MAX_BBYMAX": 55.866667, "MEAN_BBXC": -92.0875, "MEAN_BBYC": 55.858333, "TIMEZONE": null, "UN_FID": 0, "POP1950": 0, "POP1955": 0, "POP1960": 0, "POP1965": 0, "POP1970": 0, "POP1975": 0, "POP1980": 0, "POP1985": 0, "POP1990": 0, "POP1995": 0, "POP2000": 0, "POP2005": 0, "POP2010": 0, "POP2015": 0, "POP2020": 0, "POP2025": 0, "POP2050": 0, "MIN_ZOOM": 6.7, "WIKIDATAID": "Q5003449", "WOF_ID": 1141907941, "CAPALT": 0, "NAME_EN": "Shamattawa", "NAME_DE": "Shamattawa", "NAME_ES": "Shamattawa", "NAME_FR": "Shamattawa", "NAME_PT": "Shamattawa", "NAME_RU": "Шаматава", "NAME_ZH": "沙玛塔瓦", "LABEL": null, "NAME_AR": "شاماتاوا", "NAME_BN": "শামাত্তাওয়া", "NAME_EL": "Σαματάβα", "NAME_HI": "शमात्तावा", "NAME_HU": "Shamattawa", "NAME_ID": "Shamattawa", "NAME_IT": "Shamattawa", "NAME_JA": "シャマタワ", "NAME_KO": "샤마타와", "NAME_NL": "Shamattawa", "NAME_PL": "Shamattawa", "NAME_SV": "Shamattawa", "NAME_TR": "Shamattawa", "NAME_VI": "Shamattawa", "NE_ID": 1159143639, "NAME_FA": "شاماتاوا", "NAME_HE": "שמאטאווה", "NAME_UK": "Шаматтава", "NAME_UR": "شاماٹاوا", "NAME_ZHT": "沙瑪塔瓦", "GEONAMESID": 6145064, "FCLASS_ISO": null, "FCLASS_US": null, "FCLASS_FR": null, "FCLASS_RU": null, "FCLASS_ES": null, "FCLASS_CN": null, "FCLASS_TW": null, "FCLASS_IN": null, "FCLASS_NP": null, "FCLASS_PK": null, "FCLASS_DE": null, "FCLASS_GB": null, "FCLASS_BR": null, "FCLASS_IL": null, "FCLASS_PS": null, "FCLASS_SA": null, "FCLASS_EG": null, "FCLASS_MA": null, "FCLASS_PT": null, "FCLASS_AR": null, "FCLASS_JP": null, "FCLASS_KO": null, "FCLASS_VN": null, "FCLASS_TR": null, "FCLASS_ID": null, "FCLASS_PL": null, "FCLASS_GR": null, "FCLASS_IT": null, "FCLASS_NL": null, "FCLASS_SE": null, "FCLASS_BD": null, "FCLASS_UA": null, "FCLASS_TLC": null }, "geometry": { "type": "Point", "coordinates": [ -92.0832789, 55.8503752 ] } },
{ "type": "Feature", "properties": { "SCALERANK": 7, "NATSCALE": 20, "LABELRANK": 2, "FEATURECLA": "Populated place", "NAME": "Oxford House", "NAMEPAR": null, "NAMEALT": null, "NAMEASCII": "Oxford House", "ADM0CAP": 0, "CAPIN": null, "WORLDCITY": 0, "MEGACITY": 0, "SOV0NAME": "Canada", "SOV_A3": "CAN", "ADM0NAME": "Canada", "ADM0_A3": "CAN", "ADM1NAME": "Manitoba", "ISO_A2": "CA", "NOTE": null, "LATITUDE": 54.950404, "LONGITUDE": -95.266599, "POP_MAX": 184, "POP_MIN": 184, "POP_OTHER": 0, "RANK_MAX": 1, "RANK_MIN": 1, "MEGANAME": null, "LS_NAME": "Oxford House", "MAX_POP10": 184, "MAX_POP20": 184, "MAX_POP50": 0, "MAX_POP300": 0, "MAX_POP310": 0, "MAX_NATSCA": 20, "MIN_AREAKM": 0, "MAX_AREAKM": 0, "MIN_AREAMI": 0, "MAX_AREAMI": 0, "MIN_PERKM": 3, "MAX_PERKM": 3, "MIN_PERMI": 2, "MAX_PERMI": 2, "MIN_BBXMIN": -95.275, "MAX_BBXMIN": -95.275, "MIN_BBXMAX": -95.266667, "MAX_BBXMAX": -95.266667, "MIN_BBYMIN": 54.941667, "MAX_BBYMIN": 54.941667, "MIN_BBYMAX": 54.95, "MAX_BBYMAX": 54.95, "MEAN_BBXC": -95.270833, "MEAN_BBYC": 54.945833, "TIMEZONE": null, "UN_FID": 0, "POP1950": 0, "POP1955": 0, "POP1960": 0, "POP1965": 0, "POP1970": 0, "POP1975": 0, "POP1980": 0, "POP1985": 0, "POP1990": 0, "POP1995": 0, "POP2000": 0, "POP2005": 0, "POP2010": 0, "POP2015": 0, "POP2020": 0, "POP2025": 0, "POP2050": 0, "MIN_ZOOM": 6.7, "WIKIDATAID": "Q3359050", "WOF_ID": 1141907943, "CAPALT": 0, "NAME_EN": "Oxford House", "NAME_DE": "Oxford House", "NAME_ES": "Oxford House", "NAME_FR": "Oxford House", "NAME_PT": "Oxford House", "NAME_RU": "Оксфорд-Хаус", "NAME_ZH": "牛津豪斯", "LABEL": null, "NAME_AR": "أكسفورد هاوس", "NAME_BN": "অক্সফোর্ড হাউস", "NAME_EL": "Όξφορντ Χάους", "NAME_HI": "आक्स्फ़र्ड हाउस", "NAME_HU": "Oxford House", "NAME_ID": "Oxford House", "NAME_IT": "Oxford House", "NAME_JA": "オックスフォードハウス", "NAME_KO": "옥스포드 하우스", "NAME_NL": "Oxford House", "NAME_PL": "Oxford House", "NAME_SV": "Oxford House", "NAME_TR": "Oxford House", "NAME_VI": "Oxford House", "NE_ID": 1159143643, "NAME_FA": "آکسفورد هوس", "NAME_HE": "אוקספורד האוס", "NAME_UK": "Оксфорд-Хаус", "NAME_UR": "آکسفورڈ ہاؤس", "NAME_ZHT": "牛津豪斯", "GEONAMESID": 6095788, "FCLASS_ISO": null, "FCLASS_US": null, "FCLASS_FR": null, "FCLASS_RU": null, "FCLASS_ES": null, "FCLASS_CN": null, "FCLASS_TW": null, "FCLASS_IN": null, "FCLASS_NP": null, "FCLASS_PK": null, "FCLASS_DE": null, "FCLASS_GB": null, "FCLASS_BR": null, "FCLASS_IL": null, "FCLASS_PS": null, "FCLASS_SA": null, "FCLASS_EG": null, "FCLASS_MA": null, "FCLASS_PT": null, "FCLASS_AR": null, "FCLASS_JP": null, "FCLASS_KO": null, "FCLASS_VN": null, "FCLASS_TR": null, "FCLASS_ID": null, "FCLASS_PL": null, "FCLASS_GR": null, "FCLASS_IT": null, "FCLASS_NL": null, "FCLASS_SE": null, "FCLASS_BD": null, "FCLASS_UA": null, "FCLASS_TLC": null }, "geometry": { "type": "Point", "coordinates": [ -95.2665988, 54.9504043 ] } },
{ "type": "Feature", "properties": { "SCALERANK": 7, "NATSCALE": 20, "LABELRANK": 2, "FEATURECLA": "Populated place", "NAME": "Yorkton", "NAMEPAR": null, "NAMEALT": null, "NAMEASCII": "Yorkton", "ADM0CAP": 0, "CAPIN": null, "WORLDCITY": 0, "MEGACITY": 0, "SOV0NAME": "Canada", "SOV_A3": "CAN", "ADM0NAME": "Canada", "ADM0_A3": "CAN", "ADM1NAME": "Saskatchewan", "ISO_A2": "CA", "NOTE": null, "LATITUDE": 51.217066, "LONGITUDE": -102.466547, "POP_MAX": 15172, "POP_MIN": 13583, "POP_OTHER": 13179, "RANK_MAX": 6, "RANK_MIN": 6, "MEGANAME": null, "LS_NAME": "Yorkton", "MAX_POP10": 13583, "MAX_POP20": 13583, "MAX_POP50": 0, "MAX_POP300": 0, "MAX_POP310": 0, "MAX_NATSCA": 20, "MIN_AREAKM": 17, "MAX_AREAKM": 17, "MIN_AREAMI": 6, "MAX_AREAMI": 6, "MIN_PERKM": 28, "MAX_PERKM": 28, "MIN_PERMI": 17, "MAX_PERMI": 17, "MIN_BBXMIN": -102.508333, "MAX_BBXMIN": -102.508333, "MIN_BBXMAX": -102.416667, "MAX_BBXMAX": -102.416667, "MIN_BBYMIN": 51.191667, "MAX_BBYMIN": 51.191667, "MIN_BBYMAX": 51.233333, "MAX_BBYMAX": 51.233333, "MEAN_BBXC": -102.468414, "MEAN_BBYC": 51.2125, "TIMEZONE": "America/Regina", "UN_FID": 0, "POP1950": 0, "POP1955": 0, "POP1960": 0, "POP1965": 0, "POP1970": 0, "POP1975": 0, "POP1980": 0, "POP1985": 0, "POP1990": 0, "POP1995": 0, "POP2000": 0, "POP2005": 0, "POP2010": 0, "POP2015": 0, "POP2020": 0, "POP2025": 0, "POP2050": 0, "MIN_ZOOM": 6.7, "WIKIDATAID": "Q1639696", "WOF_ID": 101740011, "CAPALT": 0, "NAME_EN": "Yorkton", "NAME_DE": "Yorkton", "NAME_ES": "Yorkton", "NAME_FR": "Yorkton", "NAME_PT": "Yorkton", "NAME_RU": "Йорктон", "NAME_ZH": "约克顿", "LABEL": null, "NAME_AR": "يوركتن", "NAME_BN": "ইয়র্কটন", "NAME_EL": "Γιόρκτον", "NAME_HI": "यॉर्कटाउन", "NAME_HU": "Yorkton", "NAME_ID": "Yorkton", "NAME_IT": "Yorkton", "NAME_JA": "ヨークトン", "NAME_KO": "요크턴", "NAME_NL": "Yorkton", "NAME_PL": "Yorkton", "NAME_SV": "Yorkton", "NAME_TR": "Yorkton", "NAME_VI": "Yorkton", "NE_ID": 1159143647, "NAME_FA": "یورکتون", "NAME_HE": "יורקטון", "NAME_UK": "Йорктон", "NAME_UR": "یورکتون", "NAME_ZHT": "約克頓", "GEONAMESID": 6185607, "FCLASS_ISO": null, "FCLASS_US": null, "FCLASS_FR": null, "FCLASS_RU": null, "FCLASS_ES": null, "FCLASS_CN": null, "FCLASS_TW": null, "FCLASS_IN": null, "FCLASS_NP": null, "FCLASS_PK": null, "FCLASS_DE": null, "FCLASS_GB": null, "FCLASS_BR": null, "FCLASS_IL": null, "FCLASS_PS": null, "FCLASS_SA": null, "FCLASS_EG": null, "FCLASS_MA": null, "FCLASS_PT": null, "FCLASS_AR": null, "FCLASS_JP": null, "FCLASS_KO": null, "FCLASS_VN": null, "FCLASS_TR": null, "FCLASS_ID": null, "FCLASS_PL": null, "FCLASS_GR": null, "FCLASS_IT": null, "FCLASS_NL": null, "FCLASS_SE": null, "FCLASS_BD": null, "FCLASS_UA": null, "FCLASS_TLC": null }, "geometry": { "type": "Point", "coordinates": [ -102.4665469, 51.2170663 ] } },
{ "type": "Feature", "properties": { "SCALERANK": 7, "NATSCALE": 20, "LABELRANK": 2, "FEATURECLA": "Populated place", "NAME": "Swift Current", "NAMEPAR": null, "NAMEALT": null, "NAMEASCII": "Swift Current", "ADM0CAP": 0, "CAPIN": null, "WORLDCITY": 0, "MEGACITY": 0, "SOV0NAME": "Canada", "SOV_A3": "CAN", "ADM0NAME": "Canada", "ADM0_A3": "CAN", "ADM1NAME": "Saskatchewan", "ISO_A2": "CA", "NOTE": null, "LATITUDE": 50.283738, "LONGITUDE": -107.766611, "POP_MAX": 14906, "POP_MIN": 14703, "POP_OTHER": 0, "RANK_MAX": 6, "RANK_MIN": 6, "MEGANAME": null, "LS_NAME": "Swift Current", "MAX_POP10": 14906, "MAX_POP20": 14906, "MAX_POP50": 0, "MAX_POP300": 0, "MAX_POP310": 0, "MAX_NATSCA": 20, "MIN_AREAKM": 16, "MAX_AREAKM": 16, "MIN_AREAMI": 6, "MAX_AREAMI": 6, "MIN_PERKM": 23, "MAX_PERKM": 23, "MIN_PERMI": 14, "MAX_PERMI": 14, "MIN_BBXMIN": -107.833333, "MAX_BBXMIN": -107.833333, "MIN_BBXMAX": -107.766667, "MAX_BBXMAX": -107.766667, "MIN_BBYMIN": 50.266667, "MAX_BBYMIN": 50.266667, "MIN_BBYMAX": 50.308333, "MAX_BBYMAX": 50.308333, "MEAN_BBXC": -107.796408, "MEAN_BBYC": 50.286063, "TIMEZONE": "America/Swift_Current", "UN_FID": 0, "POP1950": 0, "POP1955": 0, "POP1960": 0, "POP1965": 0, "POP1970": 0, "POP1975": 0, "POP1980": 0, "POP1985": 0, "POP1990": 0, "POP1995": 0, "POP2000": 0, "POP2005": 0, "POP2010": 0, "POP2015": 0, "POP2020": 0, "POP2025": 0, "POP2050": 0, "MIN_ZOOM": 6.7, "WIKIDATAID": "Q619937", "WOF_ID": 101739889, "CAPALT": 0, "NAME_EN": "Swift Current", "NAME_DE": "Swift Current", "NAME_ES": "Swift Current", "NAME_FR": "Swift Current", "NAME_PT": "Swift Current", "NAME_RU": "Свифт-Керрент", "NAME_ZH": "斯威夫特卡伦特", "LABEL": null, "NAME_AR": "سويفت كورنت", "NAME_BN": "সুইফট কারেন্ট", "NAME_EL": "Σουίφτ Κάρρεντ", "NAME_HI": "स्विफ्ट करंट", "NAME_HU": "Swift Current", "NAME_ID": "Swift Current", "NAME_IT": "Swift Current", "NAME_JA": "スウィフトカレント", "NAME_KO": "스위프트 커렌트", "NAME_NL": "Swift Current", "NAME_PL": "Swift Current", "NAME_SV": "Swift Current", "NAME_TR": "Swift Current", "NAME_VI": "Swift Current", "NE_ID": 1159143653, "NAME_FA": "سویفت کارنت", "NAME_HE": "סוויפט קורנט", "NAME_UK": "Свіфт-Керрент", "NAME_UR": "سویفٹ کرنٹ", "NAME_ZHT": "斯喀徹溫", "GEONAMESID": 6160603, "FCLASS_ISO": null, "FCLASS_US": null, "FCLASS_FR": null, "FCLASS_RU": null, "FCLASS_ES": null, "FCLASS_CN": null, "FCLASS_TW": null, "FCLASS_IN": null, "FCLASS_NP": null, "FCLASS_PK": null, "FCLASS_DE": null, "FCLASS_GB": null, "FCLASS_BR": null, "FCLASS_IL": null, "FCLASS_PS": null, "FCLASS_SA": null, "FCLASS_EG": null, "FCLASS_MA": null, "FCLASS_PT": null, "FCLASS_AR": null, "FCLASS_JP": null, "FCLASS_KO": null, "FCLASS_VN": null, "FCLASS_TR": null, "FCLASS_ID": null, "FCLASS_PL": null, "FCLASS_GR": null, "FCLASS_IT": null, "FCLASS_NL": null, "FCLASS_SE": null, "FCLASS_BD": null, "FCLASS_UA": null, "FCLASS_TLC": null }, "geometry": { "type": "Point", "coordinates": [ -107.766611, 50.2837382 ] } },
{ "type": "Feature", "properties": { "SCALERANK": 7, "NATSCALE": 20, "LABELRANK": 2, "FEATURECLA": "Populated place", "NAME": "Biggar", "NAMEPAR": null, "NAMEALT": null, "NAMEASCII": "Biggar", "ADM0CAP": 0, "CAPIN": null, "WORLDCITY": 0, "MEGACITY": 0, "SOV0NAME": "Canada", "SOV_A3": "CAN", "ADM0NAME": "Canada", "ADM0_A3": "CAN", "ADM1NAME": "Saskatchewan", "ISO_A2": "CA", "NOTE": null, "LATITUDE": 52.0504, "LONGITUDE": -107.98329, "POP_MAX": 2192, "POP_MIN": 2068, "POP_OTHER": 2192, "RANK_MAX": 4, "RANK_MIN": 4, "MEGANAME": null, "LS_NAME": "Biggar", "MAX_POP10": 2192, "MAX_POP20": 2192, "MAX_POP50": 0, "MAX_POP300": 0, "MAX_POP310": 0, "MAX_NATSCA": 20, "MIN_AREAKM": 4, "MAX_AREAKM": 4, "MIN_AREAMI": 1, "MAX_AREAMI": 1, "MIN_PERKM": 10, "MAX_PERKM": 10, "MIN_PERMI": 6, "MAX_PERMI": 6, "MIN_BBXMIN": -108.0, "MAX_BBXMIN": -108.0, "MIN_BBXMAX": -107.966667, "MAX_BBXMAX": -107.966667, "MIN_BBYMIN": 52.05, "MAX_BBYMIN": 52.05, "MIN_BBYMAX": 52.066667, "MAX_BBYMAX": 52.066667, "MEAN_BBXC": -107.985119, "MEAN_BBYC": 52.057738, "TIMEZONE": "America/Swift_Current", "UN_FID": 0, "POP1950": 0, "POP1955": 0, "POP1960": 0, "POP1965": 0, "POP1970": 0, "POP1975": 0, "POP1980": 0, "POP1985": 0, "POP1990": 0, "POP1995": 0, "POP2000": 0, "POP2005": 0, "POP2010": 0, "POP2015": 0, "POP2020": 0, "POP2025": 0, "POP2050": 0, "MIN_ZOOM": 6.7, "WIKIDATAID": "Q859632", "WOF_ID": 101739595, "CAPALT": 0, "NAME_EN": "Biggar", "NAME_DE": "Biggar", "NAME_ES": "Biggar", "NAME_FR": "Biggar", "NAME_PT": "Biggar", "NAME_RU": "Биггар", "NAME_ZH": "比加", "LABEL": null, "NAME_AR": "بيغار", "NAME_BN": "বিগার", "NAME_EL": "Μπίγκαρ", "NAME_HI": "बिगार", "NAME_HU": "Biggar", "NAME_ID": "Biggar", "NAME_IT": "Biggar", "NAME_JA": "ビガー", "NAME_KO": "빅거", "NAME_NL": "Biggar", "NAME_PL": "Biggar", "NAME_SV": "Biggar", "NAME_TR": "Biggar", "NAME_VI": "Biggar", "NE_ID": 1159143657, "NAME_FA": "بیگار", "NAME_HE": "ביגאר", "NAME_UK": "Біггар", "NAME_UR": "بگار", "NAME_ZHT": "比格", "GEONAMESID": 5899982, "FCLASS_ISO": null, "FCLASS_US": null, "FCLASS_FR": null, "FCLASS_RU": null, "FCLASS_ES": null, "FCLASS_CN": null, "FCLASS_TW": null, "FCLASS_IN": null, "FCLASS_NP": null, "FCLASS_PK": null, "FCLASS_DE": null, "FCLASS_GB": null, "FCLASS_BR": null, "FCLASS_IL": null, "FCLASS_PS": null, "FCLASS_SA": null, "FCLASS_EG": null, "FCLASS_MA": null, "FCLASS_PT": null, "FCLASS_AR": null, "FCLASS_JP": null, "FCLASS_KO": null, "FCLASS_VN": null, "FCLASS_TR": null, "FCLASS_ID": null, "FCLASS_PL": null, "FCLASS_GR": null, "FCLASS_IT": null, "FCLASS_NL": null, "FCLASS_SE": null, "FCLASS_BD": null, "FCLASS_UA": null, "FCLASS_TLC": null }, "geometry": { "type": "Point", "coordinates": [ -107.9832902, 52.0504004 ] } },
{ "type": "Feature", "properties": { "SCALERANK": 7, "NATSCALE": 20, "LABELRANK": 2, "FEATURECLA": "Populated place", "NAME": "Kindersley", "NAMEPAR": null, "NAMEALT": null, "NAMEASCII": "Kindersley", "ADM0CAP": 0, "CAPIN": null, "WORLDCITY": 0, "MEGACITY": 0, "SOV0NAME": "Canada", "SOV_A3": "CAN", "ADM0NAME": "Canada", "ADM0_A3": "CAN", "ADM1NAME": "Saskatchewan", "ISO_A2": "CA", "NOTE": null, "LATITUDE": 51.466974, "LONGITUDE": -109.133298, "POP_MAX": 4383, "POP_MIN": 4249, "POP_OTHER": 0, "RANK_MAX": 4, "RANK_MIN": 4, "MEGANAME": null, "LS_NAME": "Kindersley", "MAX_POP10": 4383, "MAX_POP20": 4383, "MAX_POP50": 0, "MAX_POP300": 0, "MAX_POP310": 0, "MAX_NATSCA": 20, "MIN_AREAKM": 6, "MAX_AREAKM": 6, "MIN_AREAMI": 2, "MAX_AREAMI": 2, "MIN_PERKM": 15, "MAX_PERKM": 15, "MIN_PERMI": 9, "MAX_PERMI": 9, "MIN_BBXMIN": -109.183333, "MAX_BBXMIN": -109.183333, "MIN_BBXMAX": -109.133333, "MAX_BBXMAX": -109.133333, "MIN_BBYMIN": 51.458333, "MAX_BBYMIN": 51.458333, "MIN_BBYMAX": 51.483333, "MAX_BBYMAX": 51.483333, "MEAN_BBXC": -109.15947, "MEAN_BBYC": 51.467803, "TIMEZONE": "America/Swift_Current", "UN_FID": 0, "POP1950": 0, "POP1955": 0, "POP1960": 0, "POP1965": 0, "POP1970": 0, "POP1975": 0, "POP1980": 0, "POP1985": 0, "POP1990": 0, "POP1995": 0, "POP2000": 0, "POP2005": 0, "POP2010": 0, "POP2015": 0, "POP2020": 0, "POP2025": 0, "POP2050": 0, "MIN_ZOOM": 6.7, "WIKIDATAID": "Q1914835", "WOF_ID": 101739971, "CAPALT": 0, "NAME_EN": "Kindersley", "NAME_DE": "Kindersley", "NAME_ES": "Kindersley", "NAME_FR": "Kindersley", "NAME_PT": "Kindersley", "NAME_RU": "Киндерсли", "NAME_ZH": "金德斯利", "LABEL": null, "NAME_AR": "كيندرسلاي", "NAME_BN": "কিন্ডার্সলে", "NAME_EL": "Κίντερσλέι", "NAME_HI": "किंडेरस्ले", "NAME_HU": "Kindersley", "NAME_ID": "Kindersley", "NAME_IT": "Kindersley", "NAME_JA": "キンダースリー", "NAME_KO": "킨더슬리", "NAME_NL": "Kindersley", "NAME_PL": "Kindersley", "NAME_SV": "Kindersley", "NAME_TR": "Kindersley", "NAME_VI": "Kindersley", "NE_ID": 1159143661, "NAME_FA": "کیندرسلی", "NAME_HE": "קינדרסלי", "NAME_UK": "Кіндерслі", "NAME_UR": "کنڈرسلے", "NAME_ZHT": "金德斯利", "GEONAMESID": 5992154, "FCLASS_ISO": null, "FCLASS_US": null, "FCLASS_FR": null, "FCLASS_RU": null, "FCLASS_ES": null, "FCLASS_CN": null, "FCLASS_TW": null, "FCLASS_IN": null, "FCLASS_NP": null, "FCLASS_PK": null, "FCLASS_DE": null, "FCLASS_GB": null, "FCLASS_BR": null, "FCLASS_IL": null, "FCLASS_PS": null, "FCLASS_SA": null, "FCLASS_EG": null, "FCLASS_MA": null, "FCLASS_PT": null, "FCLASS_AR": null, "FCLASS_JP": null, "FCLASS_KO": null, "FCLASS_VN": null, "FCLASS_TR": null, "FCLASS_ID": null, "FCLASS_PL": null, "FCLASS_GR": null, "FCLASS_IT": null, "FCLASS_NL": null, "FCLASS_SE": null, "FCLASS_BD": null, "FCLASS_UA": null, "FCLASS_TLC": null }, "geometry": { "type": "Point", "coordinates": [ -109.1332976, 51.4669735 ] } },
{ "type": "Feature", "properties": { "SCALERANK": 7, "NATSCALE": 20, "LABELRANK": 2, "FEATURECLA": "Populated place", "NAME": "Meadow Lake", "NAMEPAR": null, "NAMEALT": null, "NAMEASCII": "Meadow Lake", "ADM0CAP": 0, "CAPIN": null, "WORLDCITY": 0, "MEGACITY": 0, "SOV0NAME": "Canada", "SOV_A3": "CAN", "ADM0NAME": "Canada", "ADM0_A3": "CAN", "ADM1NAME": "Saskatchewan", "ISO_A2": "CA", "NOTE": null, "LATITUDE": 54.130118, "LONGITUDE": -108.434736, "POP_MAX": 5882, "POP_MIN": 4281, "POP_OTHER": 5401, "RANK_MAX": 5, "RANK_MIN": 4, "MEGANAME": null, "LS_NAME": "Meadow Lake", "MAX_POP10": 5882, "MAX_POP20": 5882, "MAX_POP50": 0, "MAX_POP300": 0, "MAX_POP310": 0, "MAX_NATSCA": 20, "MIN_AREAKM": 8, "MAX_AREAKM": 8, "MIN_AREAMI": 3, "MAX_AREAMI": 3, "MIN_PERKM": 15, "MAX_PERKM": 15, "MIN_PERMI": 10, "MAX_PERMI": 10, "MIN_BBXMIN": -108.466667, "MAX_BBXMIN": -108.466667, "MIN_BBXMAX": -108.416667, "MAX_BBXMAX": -108.416667, "MIN_BBYMIN": 54.108333, "MAX_BBYMIN": 54.108333, "MIN_BBYMAX": 54.141667, "MAX_BBYMAX": 54.141667, "MEAN_BBXC": -108.4425, "MEAN_BBYC": 54.1275, "TIMEZONE": "America/Swift_Current", "UN_FID": 0, "POP1950": 0, "POP1955": 0, "POP1960": 0, "POP1965": 0, "POP1970": 0, "POP1975": 0, "POP1980": 0, "POP1985": 0, "POP1990": 0, "POP1995": 0, "POP2000": 0, "POP2005": 0, "POP2010": 0, "POP2015": 0, "POP2020": 0, "POP2025": 0, "POP2050": 0, "MIN_ZOOM": 6.7, "WIKIDATAID": "Q1904178", "WOF_ID": 101739901, "CAPALT": 0, "NAME_EN": "Meadow Lake", "NAME_DE": "Meadow Lake", "NAME_ES": "Meadow Lake", "NAME_FR": "Meadow Lake", "NAME_PT": "Meadow Lake", "NAME_RU": "Мидоу-Лейк", "NAME_ZH": "草甸湖", "LABEL": null, "NAME_AR": "ميدو لايك", "NAME_BN": "মেডো লেক", "NAME_EL": "Μίντοου Λέικ", "NAME_HI": "मेडो लेक", "NAME_HU": "Meadow Lake", "NAME_ID": "Meadow Lake", "NAME_IT": "Meadow Lake", "NAME_JA": "メドウレイク", "NAME_KO": "미도우 레이크", "NAME_NL": "Meadow Lake", "NAME_PL": "Meadow Lake", "NAME_SV": "Meadow Lake", "NAME_TR": "Meadow Lake", "NAME_VI": "Meadow Lake", "NE_ID": 1159143665, "NAME_FA": "مدو لیک", "NAME_HE": "אגם מדואו", "NAME_UK": "Медов-Лейк", "NAME_UR": "میادوو لیک", "NAME_ZHT": "草甸湖", "GEONAMESID": 6071421, "FCLASS_ISO": null, "FCLASS_US": null, "FCLASS_FR": null, "FCLASS_RU": null, "FCLASS_ES": null, "FCLASS_CN": null, "FCLASS_TW": null, "FCLASS_IN": null, "FCLASS_NP": null, "FCLASS_PK": null, "FCLASS_DE": null, "FCLASS_GB": null, "FCLASS_BR": null, "FCLASS_IL": null, "FCLASS_PS": null, "FCLASS_SA": null, "FCLASS_EG": null, "FCLASS_MA": null, "FCLASS_PT": null, "FCLASS_AR": null, "FCLASS_JP": null, "FCLASS_KO": null, "FCLASS_VN": null, "FCLASS_TR": null, "FCLASS_ID": null, "FCLASS_PL": null, "FCLASS_GR": null, "FCLASS_IT": null, "FCLASS_NL": null, "FCLASS_SE": null, "FCLASS_BD": null, "FCLASS_UA": null, "FCLASS_TLC": null }, "geometry": { "type": "Point", "coordinates": [ -108.4347356, 54.1301184 ] } },
{ "type": "Feature", "properties": { "SCALERANK": 7, "NATSCALE": 20, "LABELRANK": 2, "FEATURECLA": "Populated place", "NAME": "Hudson Bay", "NAMEPAR": null, "NAMEALT": null, "NAMEASCII": "Hudson Bay", "ADM0CAP": 0, "CAPIN": null, "WORLDCITY": 0, "MEGACITY": 0, "SOV0NAME": "Canada", "SOV_A3": "CAN", "ADM0NAME": "Canada", "ADM0_A3": "CAN", "ADM1NAME": "Saskatchewan", "ISO_A2": "CA", "NOTE": null, "LATITUDE": 52.850429, "LONGITUDE": -102.383296, "POP_MAX": 2157, "POP_MIN": 1661, "POP_OTHER": 0, "RANK_MAX": 4, "RANK_MIN": 3, "MEGANAME": null, "LS_NAME": "Hudson Bay", "MAX_POP10": 2157, "MAX_POP20": 2157, "MAX_POP50": 0, "MAX_POP300": 0, "MAX_POP310": 0, "MAX_NATSCA": 20, "MIN_AREAKM": 6, "MAX_AREAKM": 6, "MIN_AREAMI": 2, "MAX_AREAMI": 2, "MIN_PERKM": 18, "MAX_PERKM": 18, "MIN_PERMI": 11, "MAX_PERMI": 11, "MIN_BBXMIN": -102.4, "MAX_BBXMIN": -102.4, "MIN_BBXMAX": -102.35, "MAX_BBXMAX": -102.35, "MIN_BBYMIN": 52.816667, "MAX_BBYMIN": 52.816668, "MIN_BBYMAX": 52.866667, "MAX_BBYMAX": 52.866667, "MEAN_BBXC": -102.377777, "MEAN_BBYC": 52.838889, "TIMEZONE": "America/Regina", "UN_FID": 0, "POP1950": 0, "POP1955": 0, "POP1960": 0, "POP1965": 0, "POP1970": 0, "POP1975": 0, "POP1980": 0, "POP1985": 0, "POP1990": 0, "POP1995": 0, "POP2000": 0, "POP2005": 0, "POP2010": 0, "POP2015": 0, "POP2020": 0, "POP2025": 0, "POP2050": 0, "MIN_ZOOM": 6.7, "WIKIDATAID": "Q1911477", "WOF_ID": 101739461, "CAPALT": 0, "NAME_EN": "Hudson Bay", "NAME_DE": "Hudson Bay", "NAME_ES": "Hudson Bay", "NAME_FR": "Hudson Bay", "NAME_PT": "Baía de Hudson", "NAME_RU": "Хадсон-Бэй", "NAME_ZH": "哈德逊湾", "LABEL": null, "NAME_AR": "خليج هدسون", "NAME_BN": "হাডসন বে", "NAME_EL": "Χάντσον Μπέι", "NAME_HI": "हडसन बे", "NAME_HU": "Hudson Bay", "NAME_ID": "Hudson Bay", "NAME_IT": "Hudson Bay", "NAME_JA": "ハドソンベイ", "NAME_KO": "허드슨 베이", "NAME_NL": "Hudson Bay", "NAME_PL": "Hudson Bay", "NAME_SV": "Hudson Bay", "NAME_TR": "Hudson Bay", "NAME_VI": "Vịnh Hudson", "NE_ID": 1159143671, "NAME_FA": "هادسون بی", "NAME_HE": "מפרץ הדסון", "NAME_UK": "Хадсон-Бей", "NAME_UR": "ہڈسن بے", "NAME_ZHT": "哈德遜灣", "GEONAMESID": 5978133, "FCLASS_ISO": null, "FCLASS_US": null, "FCLASS_FR": null, "FCLASS_RU": null, "FCLASS_ES": null, "FCLASS_CN": null, "FCLASS_TW": null, "FCLASS_IN": null, "FCLASS_NP": null, "FCLASS_PK": null, "FCLASS_DE": null, "FCLASS_GB": null, "FCLASS_BR": null, "FCLASS_IL": null, "FCLASS_PS": null, "FCLASS_SA": null, "FCLASS_EG": null, "FCLASS_MA": null, "FCLASS_PT": null, "FCLASS_AR": null, "FCLASS_JP": null, "FCLASS_KO": null, "FCLASS_VN": null, "FCLASS_TR": null, "FCLASS_ID": null, "FCLASS_PL": null, "FCLASS_GR": null, "FCLASS_IT": null, "FCLASS_NL": null, "FCLASS_SE": null, "FCLASS_BD": null, "FCLASS_UA": null, "FCLASS_TLC": null }, "geometry": { "type": "Point", "coordinates": [ -102.3832961, 52.8504291 ] } },
{ "type": "Feature", "properties": { "SCALERANK": 7, "NATSCALE": 20, "LABELRANK": 2, "FEATURECLA": "Populated place", "NAME": "Lethbridge", "NAMEPAR": null, "NAMEALT": null, "NAMEASCII": "Lethbridge", "ADM0CAP": 0, "CAPIN": null, "WORLDCITY": 0, "MEGACITY": 0, "SOV0NAME": "Canada", "SOV_A3": "CAN", "ADM0NAME": "Canada", "ADM0_A3": "CAN", "ADM1NAME": "Alberta", "ISO_A2": "CA", "NOTE": null, "LATITUDE": 49.700492, "LONGITUDE": -112.833278, "POP_MAX": 70617, "POP_MIN": 58571, "POP_OTHER": 56323, "RANK_MAX": 8, "RANK_MIN": 8, "MEGANAME": null, "LS_NAME": "Lethbridge", "MAX_POP10": 58571, "MAX_POP20": 58571, "MAX_POP50": 0, "MAX_POP300": 0, "MAX_POP310": 0, "MAX_NATSCA": 20, "MIN_AREAKM": 36, "MAX_AREAKM": 36, "MIN_AREAMI": 14, "MAX_AREAMI": 14, "MIN_PERKM": 31, "MAX_PERKM": 31, "MIN_PERMI": 19, "MAX_PERMI": 19, "MIN_BBXMIN": -112.85, "MAX_BBXMIN": -112.85, "MIN_BBXMAX": -112.775, "MAX_BBXMAX": -112.775, "MIN_BBYMIN": 49.658333, "MAX_BBYMIN": 49.658333, "MIN_BBYMAX": 49.741667, "MAX_BBYMAX": 49.741667, "MEAN_BBXC": -112.810938, "MEAN_BBYC": 49.699609, "TIMEZONE": "America/Edmonton", "UN_FID": 0, "POP1950": 0, "POP1955": 0, "POP1960": 0, "POP1965": 0, "POP1970": 0, "POP1975": 0, "POP1980": 0, "POP1985": 0, "POP1990": 0, "POP1995": 0, "POP2000": 0, "POP2005": 0, "POP2010": 0, "POP2015": 0, "POP2020": 0, "POP2025": 0, "POP2050": 0, "MIN_ZOOM": 6.7, "WIKIDATAID": "Q270887", "WOF_ID": 890458847, "CAPALT": 0, "NAME_EN": "Lethbridge", "NAME_DE": "Lethbridge", "NAME_ES": "Lethbridge", "NAME_FR": "Lethbridge", "NAME_PT": "Lethbridge", "NAME_RU": "Летбридж", "NAME_ZH": "莱斯布里奇", "LABEL": null, "NAME_AR": "ليثبريدج", "NAME_BN": "লেথব্রিজ", "NAME_EL": "Λέθμπριτζ", "NAME_HI": "लेथब्रिज", "NAME_HU": "Lethbridge", "NAME_ID": "Lethbridge", "NAME_IT": "Lethbridge", "NAME_JA": "レスブリッジ", "NAME_KO": "레스브리지", "NAME_NL": "Lethbridge", "NAME_PL": "Lethbridge", "NAME_SV": "Lethbridge", "NAME_TR": "Lethbridge", "NAME_VI": "Lethbridge", "NE_ID": 1159143675, "NAME_FA": "لثبریج", "NAME_HE": "לת'ברידג'", "NAME_UK": "Летбридж", "NAME_UR": "لیتھ برج", "NAME_ZHT": "萊斯布里奇", "GEONAMESID": 6053154, "FCLASS_ISO": null, "FCLASS_US": null, "FCLASS_FR": null, "FCLASS_RU": null, "FCLASS_ES": null, "FCLASS_CN": null, "FCLASS_TW": null, "FCLASS_IN": null, "FCLASS_NP": null, "FCLASS_PK": null, "FCLASS_DE": null, "FCLASS_GB": null, "FCLASS_BR": null, "FCLASS_IL": null, "FCLASS_PS": null, "FCLASS_SA": null, "FCLASS_EG": null, "FCLASS_MA": null, "FCLASS_PT": null, "FCLASS_AR": null, "FCLASS_JP": null, "FCLASS_KO": null, "FCLASS_VN": null, "FCLASS_TR": null, "FCLASS_ID": null, "FCLASS_PL": null, "FCLASS_GR": null, "FCLASS_IT": null, "FCLASS_NL": null, "FCLASS_SE": null, "FCLASS_BD": null, "FCLASS_UA": null, "FCLASS_TLC": null }, "geometry": { "type": "Point", "coordinates": [ -112.8332784, 49.7004922 ] } },
{ "type": "Feature", "properties": { "SCALERANK": 7, "NATSCALE": 20, "LABELRANK": 2, "FEATURECLA": "Populated place", "NAME": "Brooks", "NAMEPAR": null, "NAMEALT": null, "NAMEASCII": "Brooks", "ADM0CAP": 0, "CAPIN": null, "WORLDCITY": 0, "MEGACITY": 0, "SOV0NAME": "Canada", "SOV_A3": "CAN", "ADM0NAME": "Canada", "ADM0_A3": "CAN", "ADM1NAME": "Alberta", "ISO_A2": "CA", "NOTE": null, "LATITUDE": 50.567054, "LONGITUDE": -111.900002, "POP_MAX": 14163, "POP_MIN": 12744, "POP_OTHER": 13231, "RANK_MAX": 6, "RANK_MIN": 6, "MEGANAME": null, "LS_NAME": "Brooks", "MAX_POP10": 14163, "MAX_POP20": 14163, "MAX_POP50": 0, "MAX_POP300": 0, "MAX_POP310": 0, "MAX_NATSCA": 20, "MIN_AREAKM": 13, "MAX_AREAKM": 13, "MIN_AREAMI": 5, "MAX_AREAMI": 5, "MIN_PERKM": 23, "MAX_PERKM": 23, "MIN_PERMI": 14, "MAX_PERMI": 14, "MIN_BBXMIN": -111.925, "MAX_BBXMIN": -111.925, "MIN_BBXMAX": -111.866667, "MAX_BBXMAX": -111.866667, "MIN_BBYMIN": 50.541667, "MAX_BBYMIN": 50.541667, "MIN_BBYMAX": 50.6, "MAX_BBYMAX": 50.6, "MEAN_BBXC": -111.891848, "MEAN_BBYC": 50.57192, "TIMEZONE": "America/Edmonton", "UN_FID": 0, "POP1950": 0, "POP1955": 0, "POP1960": 0, "POP1965": 0, "POP1970": 0, "POP1975": 0, "POP1980": 0, "POP1985": 0, "POP1990": 0, "POP1995": 0, "POP2000": 0, "POP2005": 0, "POP2010": 0, "POP2015": 0, "POP2020": 0, "POP2025": 0, "POP2050": 0, "MIN_ZOOM": 6.7, "WIKIDATAID": "Q1055838", "WOF_ID": 890456713, "CAPALT": 0, "NAME_EN": "Brooks", "NAME_DE": "Brooks", "NAME_ES": "Brooks", "NAME_FR": "Brooks", "NAME_PT": "Brooks", "NAME_RU": "Брукс", "NAME_ZH": "布鲁克斯", "LABEL": null, "NAME_AR": "بروكس", "NAME_BN": "ব্রুক্স", "NAME_EL": "Μπρουκς", "NAME_HI": "ब्रूक्स", "NAME_HU": "Brooks", "NAME_ID": "Brooks", "NAME_IT": "Brooks", "NAME_JA": "ブルックス", "NAME_KO": "브룩스", "NAME_NL": "Brooks", "NAME_PL": "Brooks", "NAME_SV": "Brooks", "NAME_TR": "Brooks", "NAME_VI": "Brooks", "NE_ID": 1159143679, "NAME_FA": "بروکس", "NAME_HE": "ברוקס", "NAME_UK": "Брукс", "NAME_UR": "بروکس", "NAME_ZHT": "布鲁克斯", "GEONAMESID": 5909514, "FCLASS_ISO": null, "FCLASS_US": null, "FCLASS_FR": null, "FCLASS_RU": null, "FCLASS_ES": null, "FCLASS_CN": null, "FCLASS_TW": null, "FCLASS_IN": null, "FCLASS_NP": null, "FCLASS_PK": null, "FCLASS_DE": null, "FCLASS_GB": null, "FCLASS_BR": null, "FCLASS_IL": null, "FCLASS_PS": null, "FCLASS_SA": null, "FCLASS_EG": null, "FCLASS_MA": null, "FCLASS_PT": null, "FCLASS_AR": null, "FCLASS_JP": null, "FCLASS_KO": null, "FCLASS_VN": null, "FCLASS_TR": null, "FCLASS_ID": null, "FCLASS_PL": null, "FCLASS_GR": null, "FCLASS_IT": null, "FCLASS_NL": null, "FCLASS_SE": null, "FCLASS_BD": null, "FCLASS_UA": null, "FCLASS_TLC": null }, "geometry": { "type": "Point", "coordinates": [ -111.9000021, 50.5670543 ] } },
{ "type": "Feature", "properties": { "SCALERANK": 7, "NATSCALE": 20, "LABELRANK": 2, "FEATURECLA": "Populated place", "NAME": "Lake Louise", "NAMEPAR": null, "NAMEALT": null, "NAMEASCII": "Lake Louise", "ADM0CAP": 0, "CAPIN": null, "WORLDCITY": 0, "MEGACITY": 0, "SOV0NAME": "Canada", "SOV_A3": "CAN", "ADM0NAME": "Canada", "ADM0_A3": "CAN", "ADM1NAME": "Alberta", "ISO_A2": "CA", "NOTE": null, "LATITUDE": 51.433694, "LONGITUDE": -116.183281, "POP_MAX": 1248, "POP_MIN": 1248, "POP_OTHER": 974, "RANK_MAX": 3, "RANK_MIN": 3, "MEGANAME": null, "LS_NAME": "Lake Louise", "MAX_POP10": 1248, "MAX_POP20": 1248, "MAX_POP50": 0, "MAX_POP300": 0, "MAX_POP310": 0, "MAX_NATSCA": 20, "MIN_AREAKM": 3, "MAX_AREAKM": 3, "MIN_AREAMI": 1, "MAX_AREAMI": 1, "MIN_PERKM": 9, "MAX_PERKM": 9, "MIN_PERMI": 6, "MAX_PERMI": 6, "MIN_BBXMIN": -116.191667, "MAX_BBXMIN": -116.191667, "MIN_BBXMAX": -116.166667, "MAX_BBXMAX": -116.166667, "MIN_BBYMIN": 51.408333, "MAX_BBYMIN": 51.408333, "MIN_BBYMAX": 51.433333, "MAX_BBYMAX": 51.433333, "MEAN_BBXC": -116.176389, "MEAN_BBYC": 51.423611, "TIMEZONE": null, "UN_FID": 0, "POP1950": 0, "POP1955": 0, "POP1960": 0, "POP1965": 0, "POP1970": 0, "POP1975": 0, "POP1980": 0, "POP1985": 0, "POP1990": 0, "POP1995": 0, "POP2000": 0, "POP2005": 0, "POP2010": 0, "POP2015": 0, "POP2020": 0, "POP2025": 0, "POP2050": 0, "MIN_ZOOM": 6.7, "WIKIDATAID": "Q12826048", "WOF_ID": 1141907945, "CAPALT": 0, "NAME_EN": "Lake Louise", "NAME_DE": "Lake Louise", "NAME_ES": "Lago Louise", "NAME_FR": "Lake Louise", "NAME_PT": "Lago Louise", "NAME_RU": "Лейк-Луиз", "NAME_ZH": "路易斯湖", "LABEL": null, "NAME_AR": "بحيرة لويز", "NAME_BN": "লেক লুইজি", "NAME_EL": "Λέικ Λουίζ", "NAME_HI": "लेक लुई", "NAME_HU": "Lake Louise", "NAME_ID": "Danau Louise", "NAME_IT": "Lake Louise", "NAME_JA": "ルイーズ湖", "NAME_KO": "레이크 루이스", "NAME_NL": "Lake Louise", "NAME_PL": "Lake Louise", "NAME_SV": "Lake Louise", "NAME_TR": "Lake Louise", "NAME_VI": "Lake Louise", "NE_ID": 1159143681, "NAME_FA": "لیک لوئیس", "NAME_HE": "לייק לואיז", "NAME_UK": "Озеро Луїза", "NAME_UR": "لیک لوئس", "NAME_ZHT": "路易斯湖", "GEONAMESID": 6048483, "FCLASS_ISO": null, "FCLASS_US": null, "FCLASS_FR": null, "FCLASS_RU": null, "FCLASS_ES": null, "FCLASS_CN": null, "FCLASS_TW": null, "FCLASS_IN": null, "FCLASS_NP": null, "FCLASS_PK": null, "FCLASS_DE": null, "FCLASS_GB": null, "FCLASS_BR": null, "FCLASS_IL": null, "FCLASS_PS": null, "FCLASS_SA": null, "FCLASS_EG": null, "FCLASS_MA": null, "FCLASS_PT": null, "FCLASS_AR": null, "FCLASS_JP": null, "FCLASS_KO": null, "FCLASS_VN": null, "FCLASS_TR": null, "FCLASS_ID": null, "FCLASS_PL": null, "FCLASS_GR": null, "FCLASS_IT": null, "FCLASS_NL": null, "FCLASS_SE": null, "FCLASS_BD": null, "FCLASS_UA": null, "FCLASS_TLC": null }, "geometry": { "type": "Point", "coordinates": [ -116.1832807, 51.4336939 ] } },
{ "type": "Feature", "properties": { "SCALERANK": 7, "NATSCALE": 20, "LABELRANK": 2, "FEATURECLA": "Populated place", "NAME": "Athabasca", "NAMEPAR": null, "NAMEALT": null, "NAMEASCII": "Athabasca", "ADM0CAP": 0, "CAPIN": null, "WORLDCITY": 0, "MEGACITY": 0, "SOV0NAME": "Canada", "SOV_A3": "CAN", "ADM0NAME": "Canada", "ADM0_A3": "CAN", "ADM1NAME": "Alberta", "ISO_A2": "CA", "NOTE": null, "LATITUDE": 54.717034, "LONGITUDE": -113.266585, "POP_MAX": 2539, "POP_MIN": 2260, "POP_OTHER": 0, "RANK_MAX": 4, "RANK_MIN": 4, "MEGANAME": null, "LS_NAME": "Athabasca", "MAX_POP10": 2260, "MAX_POP20": 2260, "MAX_POP50": 0, "MAX_POP300": 0, "MAX_POP310": 0, "MAX_NATSCA": 20, "MIN_AREAKM": 2, "MAX_AREAKM": 2, "MIN_AREAMI": 1, "MAX_AREAMI": 1, "MIN_PERKM": 8, "MAX_PERKM": 8, "MIN_PERMI": 5, "MAX_PERMI": 5, "MIN_BBXMIN": -113.3, "MAX_BBXMIN": -113.3, "MIN_BBXMAX": -113.266667, "MAX_BBXMAX": -113.266667, "MIN_BBYMIN": 54.716667, "MAX_BBYMIN": 54.716667, "MIN_BBYMAX": 54.725, "MAX_BBYMAX": 54.725, "MEAN_BBXC": -113.283333, "MEAN_BBYC": 54.720833, "TIMEZONE": "America/Edmonton", "UN_FID": 0, "POP1950": 0, "POP1955": 0, "POP1960": 0, "POP1965": 0, "POP1970": 0, "POP1975": 0, "POP1980": 0, "POP1985": 0, "POP1990": 0, "POP1995": 0, "POP2000": 0, "POP2005": 0, "POP2010": 0, "POP2015": 0, "POP2020": 0, "POP2025": 0, "POP2050": 0, "MIN_ZOOM": 6.7, "WIKIDATAID": "Q754638", "WOF_ID": 890456271, "CAPALT": 0, "NAME_EN": "Athabasca", "NAME_DE": "Athabasca", "NAME_ES": "Athabasca", "NAME_FR": "Athabasca", "NAME_PT": "Athabasca", "NAME_RU": "Атабаска", "NAME_ZH": "阿萨巴斯卡", "LABEL": null, "NAME_AR": "أثاباسكا", "NAME_BN": "আথাবাস্কা", "NAME_EL": "Αθαμπάσκα", "NAME_HI": "अथाबासका", "NAME_HU": "Athabasca", "NAME_ID": "Athabasca", "NAME_IT": "Athabasca", "NAME_JA": "アサバスカ", "NAME_KO": "아사바스카", "NAME_NL": "Athabasca", "NAME_PL": "Athabasca", "NAME_SV": "Athabasca", "NAME_TR": "Athabasca", "NAME_VI": "Athabasca", "NE_ID": 1159143689, "NAME_FA": "آتاباسکا", "NAME_HE": "אטבסקה", "NAME_UK": "Атабаска", "NAME_UR": "ایتھاباسکا", "NAME_ZHT": "阿萨巴斯卡", "GEONAMESID": 5887916, "FCLASS_ISO": null, "FCLASS_US": null, "FCLASS_FR": null, "FCLASS_RU": null, "FCLASS_ES": null, "FCLASS_CN": null, "FCLASS_TW": null, "FCLASS_IN": null, "FCLASS_NP": null, "FCLASS_PK": null, "FCLASS_DE": null, "FCLASS_GB": null, "FCLASS_BR": null, "FCLASS_IL": null, "FCLASS_PS": null, "FCLASS_SA": null, "FCLASS_EG": null, "FCLASS_MA": null, "FCLASS_PT": null, "FCLASS_AR": null, "FCLASS_JP": null, "FCLASS_KO": null, "FCLASS_VN": null, "FCLASS_TR": null, "FCLASS_ID": null, "FCLASS_PL": null, "FCLASS_GR": null, "FCLASS_IT": null, "FCLASS_NL": null, "FCLASS_SE": null, "FCLASS_BD": null, "FCLASS_UA": null, "FCLASS_TLC": null }, "geometry": { "type": "Point", "coordinates": [ -113.2665853, 54.7170335 ] } },
{ "type": "Feature", "properties": { "SCALERANK": 7, "NATSCALE": 20, "LABELRANK": 2, "FEATURECLA": "Populated place", "NAME": "Fort Chipewyan", "NAMEPAR": null, "NAMEALT": null, "NAMEASCII": "Fort Chipewyan", "ADM0CAP": 0, "CAPIN": null, "WORLDCITY": 0, "MEGACITY": 0, "SOV0NAME": "Canada", "SOV_A3": "CAN", "ADM0NAME": "Canada", "ADM0_A3": "CAN", "ADM1NAME": "Alberta", "ISO_A2": "CA", "NOTE": null, "LATITUDE": 58.717099, "LONGITUDE": -111.149996, "POP_MAX": 3222, "POP_MIN": 3222, "POP_OTHER": 2981, "RANK_MAX": 4, "RANK_MIN": 4, "MEGANAME": null, "LS_NAME": "Fort Chipewyan", "MAX_POP10": 3222, "MAX_POP20": 3222, "MAX_POP50": 0, "MAX_POP300": 0, "MAX_POP310": 0, "MAX_NATSCA": 20, "MIN_AREAKM": 4, "MAX_AREAKM": 4, "MIN_AREAMI": 2, "MAX_AREAMI": 2, "MIN_PERKM": 16, "MAX_PERKM": 16, "MIN_PERMI": 10, "MAX_PERMI": 10, "MIN_BBXMIN": -111.191667, "MAX_BBXMIN": -111.191667, "MIN_BBXMAX": -111.133333, "MAX_BBXMAX": -111.133333, "MIN_BBYMIN": 58.708333, "MAX_BBYMIN": 58.708333, "MIN_BBYMAX": 58.733333, "MAX_BBYMAX": 58.733333, "MEAN_BBXC": -111.1575, "MEAN_BBYC": 58.716667, "TIMEZONE": null, "UN_FID": 0, "POP1950": 0, "POP1955": 0, "POP1960": 0, "POP1965": 0, "POP1970": 0, "POP1975": 0, "POP1980": 0, "POP1985": 0, "POP1990": 0, "POP1995": 0, "POP2000": 0, "POP2005": 0, "POP2010": 0, "POP2015": 0, "POP2020": 0, "POP2025": 0, "POP2050": 0, "MIN_ZOOM": 6.7, "WIKIDATAID": "Q388559", "WOF_ID": 1141907947, "CAPALT": 0, "NAME_EN": "Fort Chipewyan", "NAME_DE": "Fort Chipewyan", "NAME_ES": "Fort Chipewyan", "NAME_FR": "Fort Chipewyan", "NAME_PT": "Fort Chipewyan", "NAME_RU": "Форт-Чипуян", "NAME_ZH": "奇佩維安堡", "LABEL": null, "NAME_AR": "فورت تشيبوايان", "NAME_BN": "ফোর্ট চিপেওয়েন", "NAME_EL": "Φορτ Τσιπεβιάν", "NAME_HI": "फ़ोर्ट चिपेव्यान", "NAME_HU": "Fort Chipewyan", "NAME_ID": "Fort Chipewyan", "NAME_IT": "Fort Chipewyan", "NAME_JA": "チピューヤン砦", "NAME_KO": "포트 치퓨얀", "NAME_NL": "Fort Chipewyan", "NAME_PL": "Fort Chipewyan", "NAME_SV": "Fort Chipewyan", "NAME_TR": "Fort Chipewyan", "NAME_VI": "Fort Chipewyan", "NE_ID": 1159143693, "NAME_FA": "فورت چیپویان", "NAME_HE": "פורט צ'יפוויאן", "NAME_UK": "Форт-Чіпев’ян", "NAME_UR": "فورٹ چیپیوان", "NAME_ZHT": "奇佩維安堡", "GEONAMESID": 5955793, "FCLASS_ISO": null, "FCLASS_US": null, "FCLASS_FR": null, "FCLASS_RU": null, "FCLASS_ES": null, "FCLASS_CN": null, "FCLASS_TW": null, "FCLASS_IN": null, "FCLASS_NP": null, "FCLASS_PK": null, "FCLASS_DE": null, "FCLASS_GB": null, "FCLASS_BR": null, "FCLASS_IL": null, "FCLASS_PS": null, "FCLASS_SA": null, "FCLASS_EG": null, "FCLASS_MA": null, "FCLASS_PT": null, "FCLASS_AR": null, "FCLASS_JP": null, "FCLASS_KO": null, "FCLASS_VN": null, "FCLASS_TR": null, "FCLASS_ID": null, "FCLASS_PL": null, "FCLASS_GR": null, "FCLASS_IT": null, "FCLASS_NL": null, "FCLASS_SE": null, "FCLASS_BD": null, "FCLASS_UA": null, "FCLASS_TLC": null }, "geometry": { "type": "Point", "coordinates": [ -111.1499962, 58.7170994 ] } },
{ "type": "Feature", "properties": { "SCALERANK": 7, "NATSCALE": 20, "LABELRANK": 2, "FEATURECLA": "Populated place", "NAME": "Bella Bella", "NAMEPAR": null, "NAMEALT": null, "NAMEASCII": "Bella Bella", "ADM0CAP": 0, "CAPIN": null, "WORLDCITY": 0, "MEGACITY": 0, "SOV0NAME": "Canada", "SOV_A3": "CAN", "ADM0NAME": "Canada", "ADM0_A3": "CAN", "ADM1NAME": "British Columbia", "ISO_A2": "CA", "NOTE": null, "LATITUDE": 52.148405, "LONGITUDE": -128.117281, "POP_MAX": 1400, "POP_MIN": 1400, "POP_OTHER": 0, "RANK_MAX": 3, "RANK_MIN": 3, "MEGANAME": null, "LS_NAME": "Bella Bella", "MAX_POP10": 0, "MAX_POP20": 0, "MAX_POP50": 0, "MAX_POP300": 0, "MAX_POP310": 0, "MAX_NATSCA": 0, "MIN_AREAKM": 0, "MAX_AREAKM": 0, "MIN_AREAMI": 0, "MAX_AREAMI": 0, "MIN_PERKM": 0, "MAX_PERKM": 0, "MIN_PERMI": 0, "MAX_PERMI": 0, "MIN_BBXMIN": 0.0, "MAX_BBXMIN": 0.0, "MIN_BBXMAX": 0.0, "MAX_BBXMAX": 0.0, "MIN_BBYMIN": 0.0, "MAX_BBYMIN": 0.0, "MIN_BBYMAX": 0.0, "MAX_BBYMAX": 0.0, "MEAN_BBXC": 0.0, "MEAN_BBYC": 0.0, "TIMEZONE": null, "UN_FID": 0, "POP1950": 0, "POP1955": 0, "POP1960": 0, "POP1965": 0, "POP1970": 0, "POP1975": 0, "POP1980": 0, "POP1985": 0, "POP1990": 0, "POP1995": 0, "POP2000": 0, "POP2005": 0, "POP2010": 0, "POP2015": 0, "POP2020": 0, "POP2025": 0, "POP2050": 0, "MIN_ZOOM": 6.7, "WIKIDATAID": "Q2894612", "WOF_ID": 1141907951, "CAPALT": 0, "NAME_EN": "Bella Bella", "NAME_DE": "Bella Bella", "NAME_ES": "Bella Bella", "NAME_FR": "Bella Bella", "NAME_PT": "Bella Bella", "NAME_RU": "Белла-Белла", "NAME_ZH": "贝拉贝拉", "LABEL": null, "NAME_AR": "بيلا بيلا", "NAME_BN": "বেল্লা বেল্লা", "NAME_EL": "Μπέλα Μπέλα", "NAME_HI": "बेला बेला", "NAME_HU": "Bella Bella", "NAME_ID": "Bella Bella", "NAME_IT": "Bella Bella", "NAME_JA": "ベラ・ベラ", "NAME_KO": "벨라 벨라", "NAME_NL": "Bella Bella", "NAME_PL": "Bella Bella", "NAME_SV": "Bella Bella", "NAME_TR": "Bella Bella", "NAME_VI": "Bella Bella", "NE_ID": 1159143697, "NAME_FA": "بلا بلا", "NAME_HE": "בלה בלה", "NAME_UK": "Белла-Белла", "NAME_UR": "بیلا بیلا", "NAME_ZHT": "貝拉貝拉", "GEONAMESID": 5897730, "FCLASS_ISO": null, "FCLASS_US": null, "FCLASS_FR": null, "FCLASS_RU": null, "FCLASS_ES": null, "FCLASS_CN": null, "FCLASS_TW": null, "FCLASS_IN": null, "FCLASS_NP": null, "FCLASS_PK": null, "FCLASS_DE": null, "FCLASS_GB": null, "FCLASS_BR": null, "FCLASS_IL": null, "FCLASS_PS": null, "FCLASS_SA": null, "FCLASS_EG": null, "FCLASS_MA": null, "FCLASS_PT": null, "FCLASS_AR": null, "FCLASS_JP": null, "FCLASS_KO": null, "FCLASS_VN": null, "FCLASS_TR": null, "FCLASS_ID": null, "FCLASS_PL": null, "FCLASS_GR": null, "FCLASS_IT": null, "FCLASS_NL": null, "FCLASS_SE": null, "FCLASS_BD": null, "FCLASS_UA": null, "FCLASS_TLC": null }, "geometry": { "type": "Point", "coordinates": [ -128.1172809, 52.1484048 ] } },
{ "type": "Feature", "properties": { "SCALERANK": 7, "NATSCALE": 20, "LABELRANK": 2, "FEATURECLA": "Populated place", "NAME": "Sandspit", "NAMEPAR": null, "NAMEALT": null, "NAMEASCII": "Sandspit", "ADM0CAP": 0, "CAPIN": null, "WORLDCITY": 0, "MEGACITY": 0, "SOV0NAME": "Canada", "SOV_A3": "CAN", "ADM0NAME": "Canada", "ADM0_A3": "CAN", "ADM1NAME": "British Columbia", "ISO_A2": "CA", "NOTE": null, "LATITUDE": 53.240405, "LONGITUDE": -131.833282, "POP_MAX": 538, "POP_MIN": 538, "POP_OTHER": 0, "RANK_MAX": 2, "RANK_MIN": 2, "MEGANAME": null, "LS_NAME": "Sandspit", "MAX_POP10": 0, "MAX_POP20": 0, "MAX_POP50": 0, "MAX_POP300": 0, "MAX_POP310": 0, "MAX_NATSCA": 0, "MIN_AREAKM": 0, "MAX_AREAKM": 0, "MIN_AREAMI": 0, "MAX_AREAMI": 0, "MIN_PERKM": 0, "MAX_PERKM": 0, "MIN_PERMI": 0, "MAX_PERMI": 0, "MIN_BBXMIN": 0.0, "MAX_BBXMIN": 0.0, "MIN_BBXMAX": 0.0, "MAX_BBXMAX": 0.0, "MIN_BBYMIN": 0.0, "MAX_BBYMIN": 0.0, "MIN_BBYMAX": 0.0, "MAX_BBYMAX": 0.0, "MEAN_BBXC": 0.0, "MEAN_BBYC": 0.0, "TIMEZONE": null, "UN_FID": 0, "POP1950": 0, "POP1955": 0, "POP1960": 0, "POP1965": 0, "POP1970": 0, "POP1975": 0, "POP1980": 0, "POP1985": 0, "POP1990": 0, "POP1995": 0, "POP2000": 0, "POP2005": 0, "POP2010": 0, "POP2015": 0, "POP2020": 0, "POP2025": 0, "POP2050": 0, "MIN_ZOOM": 6.7, "WIKIDATAID": "Q2518059", "WOF_ID": 1141907953, "CAPALT": 0, "NAME_EN": "Sandspit", "NAME_DE": "Sandspit", "NAME_ES": "Sandspit", "NAME_FR": "Sandspit", "NAME_PT": "Sandspit", "NAME_RU": "Сандспит", "NAME_ZH": "沙嘴", "LABEL": null, "NAME_AR": "ساندسبيت", "NAME_BN": "স্যান্ডস্পিট", "NAME_EL": "Σάντσπιτ", "NAME_HI": "सैंडस्पिट", "NAME_HU": "Sandspit", "NAME_ID": "Sandspit", "NAME_IT": "Sandspit", "NAME_JA": "サンドスピット", "NAME_KO": "샌드스핏", "NAME_NL": "Sandspit", "NAME_PL": "Sandspit", "NAME_SV": "Sandspit", "NAME_TR": "Sandspit", "NAME_VI": "Sandspit", "NE_ID": 1159143699, "NAME_FA": "سنداسپیت", "NAME_HE": "סנדספיט", "NAME_UK": "Сендспіт", "NAME_UR": "سینڈسپٹ", "NAME_ZHT": "沙嘴市", "GEONAMESID": 6140529, "FCLASS_ISO": null, "FCLASS_US": null, "FCLASS_FR": null, "FCLASS_RU": null, "FCLASS_ES": null, "FCLASS_CN": null, "FCLASS_TW": null, "FCLASS_IN": null, "FCLASS_NP": null, "FCLASS_PK": null, "FCLASS_DE": null, "FCLASS_GB": null, "FCLASS_BR": null, "FCLASS_IL": null, "FCLASS_PS": null, "FCLASS_SA": null, "FCLASS_EG": null, "FCLASS_MA": null, "FCLASS_PT": null, "FCLASS_AR": null, "FCLASS_JP": null, "FCLASS_KO": null, "FCLASS_VN": null, "FCLASS_TR": null, "FCLASS_ID": null, "FCLASS_PL": null, "FCLASS_GR": null, "FCLASS_IT": null, "FCLASS_NL": null, "FCLASS_SE": null, "FCLASS_BD": null, "FCLASS_UA": null, "FCLASS_TLC": null }, "geometry": { "type": "Point", "coordinates": [ -131.8332815, 53.2404053 ] } },
{ "type": "Feature", "properties": { "SCALERANK": 7, "NATSCALE": 20, "LABELRANK": 2, "FEATURECLA": "Populated place", "NAME": "Campbell River", "NAMEPAR": null, "NAMEALT": null, "NAMEASCII": "Campbell River", "ADM0CAP": 0, "CAPIN": null, "WORLDCITY": 0, "MEGACITY": 0, "SOV0NAME": "Canada", "SOV_A3": "CAN", "ADM0NAME": "Canada", "ADM0_A3": "CAN", "ADM1NAME": "British Columbia", "ISO_A2": "CA", "NOTE": null, "LATITUDE": 50.017088, "LONGITUDE": -125.249988, "POP_MAX": 33430, "POP_MIN": 26453, "POP_OTHER": 24806, "RANK_MAX": 7, "RANK_MIN": 7, "MEGANAME": null, "LS_NAME": "Campbell River", "MAX_POP10": 26453, "MAX_POP20": 26453, "MAX_POP50": 0, "MAX_POP300": 0, "MAX_POP310": 0, "MAX_NATSCA": 20, "MIN_AREAKM": 23, "MAX_AREAKM": 23, "MIN_AREAMI": 9, "MAX_AREAMI": 9, "MIN_PERKM": 35, "MAX_PERKM": 35, "MIN_PERMI": 22, "MAX_PERMI": 22, "MIN_BBXMIN": -125.283333, "MAX_BBXMIN": -125.283333, "MIN_BBXMAX": -125.208333, "MAX_BBXMAX": -125.208333, "MIN_BBYMIN": 49.958333, "MAX_BBYMIN": 49.958333, "MIN_BBYMAX": 50.066667, "MAX_BBYMAX": 50.066667, "MEAN_BBXC": -125.247817, "MEAN_BBYC": 50.007738, "TIMEZONE": "America/Vancouver", "UN_FID": 0, "POP1950": 0, "POP1955": 0, "POP1960": 0, "POP1965": 0, "POP1970": 0, "POP1975": 0, "POP1980": 0, "POP1985": 0, "POP1990": 0, "POP1995": 0, "POP2000": 0, "POP2005": 0, "POP2010": 0, "POP2015": 0, "POP2020": 0, "POP2025": 0, "POP2050": 0, "MIN_ZOOM": 6.7, "WIKIDATAID": "Q1030509", "WOF_ID": 101741019, "CAPALT": 0, "NAME_EN": "Campbell River", "NAME_DE": "Campbell River", "NAME_ES": "Campbell River", "NAME_FR": "Campbell River", "NAME_PT": "Campbell River", "NAME_RU": "Кэмпбелл-Ривер", "NAME_ZH": "坎贝尔河", "LABEL": null, "NAME_AR": "كامبل ريفر", "NAME_BN": "ক্যাম্পবেল রিভার", "NAME_EL": "Κάμπελ Ρίβερ", "NAME_HI": "कैम्पबेल रिवर", "NAME_HU": "Campbell River", "NAME_ID": "Campbell River", "NAME_IT": "Campbell River", "NAME_JA": "キャンベルリバー", "NAME_KO": "캠벨리버", "NAME_NL": "Campbell River", "NAME_PL": "Campbell River", "NAME_SV": "Campbell River", "NAME_TR": "Campbell River", "NAME_VI": "Campbell River", "NE_ID": 1159143703, "NAME_FA": "کمبل ریور", "NAME_HE": "קמבל ריבר", "NAME_UK": "Кембелл-Ривер", "NAME_UR": "کیمپبل ریور", "NAME_ZHT": "坎贝尔河", "GEONAMESID": 5914132, "FCLASS_ISO": null, "FCLASS_US": null, "FCLASS_FR": null, "FCLASS_RU": null, "FCLASS_ES": null, "FCLASS_CN": null, "FCLASS_TW": null, "FCLASS_IN": null, "FCLASS_NP": null, "FCLASS_PK": null, "FCLASS_DE": null, "FCLASS_GB": null, "FCLASS_BR": null, "FCLASS_IL": null, "FCLASS_PS": null, "FCLASS_SA": null, "FCLASS_EG": null, "FCLASS_MA": null, "FCLASS_PT": null, "FCLASS_AR": null, "FCLASS_JP": null, "FCLASS_KO": null, "FCLASS_VN": null, "FCLASS_TR": null, "FCLASS_ID": null, "FCLASS_PL": null, "FCLASS_GR": null, "FCLASS_IT": null, "FCLASS_NL": null, "FCLASS_SE": null, "FCLASS_BD": null, "FCLASS_UA": null, "FCLASS_TLC": null }, "geometry": { "type": "Point", "coordinates": [ -125.2499882, 50.0170878 ] } },
{ "type": "Feature", "properties": { "SCALERANK": 7, "NATSCALE": 20, "LABELRANK": 2, "FEATURECLA": "Populated place", "NAME": "Port Hardy", "NAMEPAR": null, "NAMEALT": null, "NAMEASCII": "Port Hardy", "ADM0CAP": 0, "CAPIN": null, "WORLDCITY": 0, "MEGACITY": 0, "SOV0NAME": "Canada", "SOV_A3": "CAN", "ADM0NAME": "Canada", "ADM0_A3": "CAN", "ADM1NAME": "British Columbia", "ISO_A2": "CA", "NOTE": null, "LATITUDE": 50.717071, "LONGITUDE": -127.49998, "POP_MAX": 2295, "POP_MIN": 2295, "POP_OTHER": 2295, "RANK_MAX": 4, "RANK_MIN": 4, "MEGANAME": null, "LS_NAME": "Port Hardy", "MAX_POP10": 2295, "MAX_POP20": 2295, "MAX_POP50": 0, "MAX_POP300": 0, "MAX_POP310": 0, "MAX_NATSCA": 20, "MIN_AREAKM": 2, "MAX_AREAKM": 2, "MIN_AREAMI": 1, "MAX_AREAMI": 1, "MIN_PERKM": 8, "MAX_PERKM": 8, "MIN_PERMI": 5, "MAX_PERMI": 5, "MIN_BBXMIN": -127.508333, "MAX_BBXMIN": -127.508333, "MIN_BBXMAX": -127.483333, "MAX_BBXMAX": -127.483333, "MIN_BBYMIN": 50.716667, "MAX_BBYMIN": 50.716667, "MIN_BBYMAX": 50.733333, "MAX_BBYMAX": 50.733333, "MEAN_BBXC": -127.495833, "MEAN_BBYC": 50.722917, "TIMEZONE": null, "UN_FID": 0, "POP1950": 0, "POP1955": 0, "POP1960": 0, "POP1965": 0, "POP1970": 0, "POP1975": 0, "POP1980": 0, "POP1985": 0, "POP1990": 0, "POP1995": 0, "POP2000": 0, "POP2005": 0, "POP2010": 0, "POP2015": 0, "POP2020": 0, "POP2025": 0, "POP2050": 0, "MIN_ZOOM": 6.1, "WIKIDATAID": "Q655823", "WOF_ID": 1141907955, "CAPALT": 0, "NAME_EN": "Port Hardy", "NAME_DE": "Port Hardy", "NAME_ES": "Port Hardy", "NAME_FR": "Port Hardy", "NAME_PT": "Port Hardy", "NAME_RU": "Порт-Харди", "NAME_ZH": "哈迪港", "LABEL": null, "NAME_AR": "بورت هاردي", "NAME_BN": "পোর্ট হার্ডি", "NAME_EL": "Πορτ Χάρντι", "NAME_HI": "पोर्ट हार्डी", "NAME_HU": "Port Hardy", "NAME_ID": "Port Hardy", "NAME_IT": "Port Hardy", "NAME_JA": "ポート・ハーディ", "NAME_KO": "포트 하디", "NAME_NL": "Port Hardy", "NAME_PL": "Port Hardy", "NAME_SV": "Port Hardy", "NAME_TR": "Port Hardy", "NAME_VI": "Port Hardy", "NE_ID": 1159143709, "NAME_FA": "پورت هاردی", "NAME_HE": "פורט הרדי", "NAME_UK": "Порт-Гарді", "NAME_UR": "پورٹ ہارڈی", "NAME_ZHT": "哈迪港", "GEONAMESID": 6111862, "FCLASS_ISO": null, "FCLASS_US": null, "FCLASS_FR": null, "FCLASS_RU": null, "FCLASS_ES": null, "FCLASS_CN": null, "FCLASS_TW": null, "FCLASS_IN": null, "FCLASS_NP": null, "FCLASS_PK": null, "FCLASS_DE": null, "FCLASS_GB": null, "FCLASS_BR": null, "FCLASS_IL": null, "FCLASS_PS": null, "FCLASS_SA": null, "FCLASS_EG": null, "FCLASS_MA": null, "FCLASS_PT": null, "FCLASS_AR": null, "FCLASS_JP": null, "FCLASS_KO": null, "FCLASS_VN": null, "FCLASS_TR": null, "FCLASS_ID": null, "FCLASS_PL": null, "FCLASS_GR": null, "FCLASS_IT": null, "FCLASS_NL": null, "FCLASS_SE": null, "FCLASS_BD": null, "FCLASS_UA": null, "FCLASS_TLC": null }, "geometry": { "type": "Point", "coordinates": [ -127.4999801, 50.7170709 ] } },
{ "type": "Feature", "properties": { "SCALERANK": 7, "NATSCALE": 20, "LABELRANK": 2, "FEATURECLA": "Populated place", "NAME": "Nanaimo", "NAMEPAR": null, "NAMEALT": null, "NAMEASCII": "Nanaimo", "ADM0CAP": 0, "CAPIN": null, "WORLDCITY": 0, "MEGACITY": 0, "SOV0NAME": "Canada", "SOV_A3": "CAN", "ADM0NAME": "Canada", "ADM0_A3": "CAN", "ADM1NAME": "British Columbia", "ISO_A2": "CA", "NOTE": null, "LATITUDE": 49.14602, "LONGITUDE": -123.934291, "POP_MAX": 84905, "POP_MIN": 80491, "POP_OTHER": 74070, "RANK_MAX": 8, "RANK_MIN": 8, "MEGANAME": null, "LS_NAME": "Nanaimo", "MAX_POP10": 80491, "MAX_POP20": 80491, "MAX_POP50": 0, "MAX_POP300": 0, "MAX_POP310": 0, "MAX_NATSCA": 20, "MIN_AREAKM": 67, "MAX_AREAKM": 67, "MIN_AREAMI": 26, "MAX_AREAMI": 26, "MIN_PERKM": 98, "MAX_PERKM": 98, "MIN_PERMI": 61, "MAX_PERMI": 61, "MIN_BBXMIN": -124.091667, "MAX_BBXMIN": -124.091667, "MIN_BBXMAX": -123.908333, "MAX_BBXMAX": -123.908333, "MIN_BBYMIN": 49.1, "MAX_BBYMIN": 49.1, "MIN_BBYMAX": 49.258333, "MAX_BBYMAX": 49.258333, "MEAN_BBXC": -123.985889, "MEAN_BBYC": 49.192892, "TIMEZONE": "America/Vancouver", "UN_FID": 0, "POP1950": 0, "POP1955": 0, "POP1960": 0, "POP1965": 0, "POP1970": 0, "POP1975": 0, "POP1980": 0, "POP1985": 0, "POP1990": 0, "POP1995": 0, "POP2000": 0, "POP2005": 0, "POP2010": 0, "POP2015": 0, "POP2020": 0, "POP2025": 0, "POP2050": 0, "MIN_ZOOM": 6.7, "WIKIDATAID": "Q16461", "WOF_ID": 101741011, "CAPALT": 0, "NAME_EN": "Nanaimo", "NAME_DE": "Nanaimo", "NAME_ES": "Nanaimo", "NAME_FR": "Nanaimo", "NAME_PT": "Nanaimo", "NAME_RU": "Нанаймо", "NAME_ZH": "纳奈莫", "LABEL": null, "NAME_AR": "نانيامو إي", "NAME_BN": "ন্যানাইমু", "NAME_EL": "Νανάιμο", "NAME_HI": "नानाइमो", "NAME_HU": "Nanaimo", "NAME_ID": "Nanaimo", "NAME_IT": "Nanaimo", "NAME_JA": "ナナイモ", "NAME_KO": "나나이모", "NAME_NL": "Nanaimo", "NAME_PL": "Nanaimo", "NAME_SV": "Nanaimo", "NAME_TR": "Nanaimo", "NAME_VI": "Nanaimo", "NE_ID": 1159143713, "NAME_FA": "نانایمو", "NAME_HE": "נאנאימו", "NAME_UK": "Нанаймо", "NAME_UR": "ننائیمو", "NAME_ZHT": "纳奈莫", "GEONAMESID": 6085772, "FCLASS_ISO": null, "FCLASS_US": null, "FCLASS_FR": null, "FCLASS_RU": null, "FCLASS_ES": null, "FCLASS_CN": null, "FCLASS_TW": null, "FCLASS_IN": null, "FCLASS_NP": null, "FCLASS_PK": null, "FCLASS_DE": null, "FCLASS_GB": null, "FCLASS_BR": null, "FCLASS_IL": null, "FCLASS_PS": null, "FCLASS_SA": null, "FCLASS_EG": null, "FCLASS_MA": null, "FCLASS_PT": null, "FCLASS_AR": null, "FCLASS_JP": null, "FCLASS_KO": null, "FCLASS_VN": null, "FCLASS_TR": null, "FCLASS_ID": null, "FCLASS_PL": null, "FCLASS_GR": null, "FCLASS_IT": null, "FCLASS_NL": null, "FCLASS_SE": null, "FCLASS_BD": null, "FCLASS_UA": null, "FCLASS_TLC": null }, "geometry": { "type": "Point", "coordinates": [ -123.9342911, 49.1460202 ] } },
{ "type": "Feature", "properties": { "SCALERANK": 7, "NATSCALE": 20, "LABELRANK": 2, "FEATURECLA": "Populated place", "NAME": "Quesnel", "NAMEPAR": null, "NAMEALT": null, "NAMEASCII": "Quesnel", "ADM0CAP": 0, "CAPIN": null, "WORLDCITY": 0, "MEGACITY": 0, "SOV0NAME": "Canada", "SOV_A3": "CAN", "ADM0NAME": "Canada", "ADM0_A3": "CAN", "ADM1NAME": "British Columbia", "ISO_A2": "CA", "NOTE": null, "LATITUDE": 52.983677, "LONGITUDE": -122.483284, "POP_MAX": 13788, "POP_MIN": 13788, "POP_OTHER": 0, "RANK_MAX": 6, "RANK_MIN": 6, "MEGANAME": null, "LS_NAME": null, "MAX_POP10": 0, "MAX_POP20": 0, "MAX_POP50": 0, "MAX_POP300": 0, "MAX_POP310": 0, "MAX_NATSCA": 0, "MIN_AREAKM": 0, "MAX_AREAKM": 0, "MIN_AREAMI": 0, "MAX_AREAMI": 0, "MIN_PERKM": 0, "MAX_PERKM": 0, "MIN_PERMI": 0, "MAX_PERMI": 0, "MIN_BBXMIN": 0.0, "MAX_BBXMIN": 0.0, "MIN_BBXMAX": 0.0, "MAX_BBXMAX": 0.0, "MIN_BBYMIN": 0.0, "MAX_BBYMIN": 0.0, "MIN_BBYMAX": 0.0, "MAX_BBYMAX": 0.0, "MEAN_BBXC": 0.0, "MEAN_BBYC": 0.0, "TIMEZONE": "America/Vancouver", "UN_FID": 0, "POP1950": 0, "POP1955": 0, "POP1960": 0, "POP1965": 0, "POP1970": 0, "POP1975": 0, "POP1980": 0, "POP1985": 0, "POP1990": 0, "POP1995": 0, "POP2000": 0, "POP2005": 0, "POP2010": 0, "POP2015": 0, "POP2020": 0, "POP2025": 0, "POP2050": 0, "MIN_ZOOM": 6.7, "WIKIDATAID": "Q2067514", "WOF_ID": 101741107, "CAPALT": 0, "NAME_EN": "Quesnel", "NAME_DE": "Quesnel", "NAME_ES": "Quesnel", "NAME_FR": "Quesnel", "NAME_PT": "Quesnel", "NAME_RU": "Квеснел", "NAME_ZH": "克内尔", "LABEL": null, "NAME_AR": "كينيل", "NAME_BN": "কুয়েজনেল", "NAME_EL": "Κεσνέλ", "NAME_HI": "कासनेल", "NAME_HU": "Quesnel", "NAME_ID": "Quesnel", "NAME_IT": "Quesnel", "NAME_JA": "クイネル", "NAME_KO": "쿠에스넬", "NAME_NL": "Quesnel", "NAME_PL": "Quesnel", "NAME_SV": "Quesnel", "NAME_TR": "Quesnel", "NAME_VI": "Quesnel", "NE_ID": 1159143717, "NAME_FA": "کوئزنل", "NAME_HE": "קסנל", "NAME_UK": "Кеснел", "NAME_UR": "کوئیسنل", "NAME_ZHT": "克內爾", "GEONAMESID": 6115187, "FCLASS_ISO": null, "FCLASS_US": null, "FCLASS_FR": null, "FCLASS_RU": null, "FCLASS_ES": null, "FCLASS_CN": null, "FCLASS_TW": null, "FCLASS_IN": null, "FCLASS_NP": null, "FCLASS_PK": null, "FCLASS_DE": null, "FCLASS_GB": null, "FCLASS_BR": null, "FCLASS_IL": null, "FCLASS_PS": null, "FCLASS_SA": null, "FCLASS_EG": null, "FCLASS_MA": null, "FCLASS_PT": null, "FCLASS_AR": null, "FCLASS_JP": null, "FCLASS_KO": null, "FCLASS_VN": null, "FCLASS_TR": null, "FCLASS_ID": null, "FCLASS_PL": null, "FCLASS_GR": null, "FCLASS_IT": null, "FCLASS_NL": null, "FCLASS_SE": null, "FCLASS_BD": null, "FCLASS_UA": null, "FCLASS_TLC": null }, "geometry": { "type": "Point", "coordinates": [ -122.4832837, 52.9836768 ] } },
{ "type": "Feature", "properties": { "SCALERANK": 7, "NATSCALE": 20, "LABELRANK": 2, "FEATURECLA": "Populated place", "NAME": "Abbotsford", "NAMEPAR": null, "NAMEALT": null, "NAMEASCII": "Abbotsford", "ADM0CAP": 0, "CAPIN": null, "WORLDCITY": 0, "MEGACITY": 0, "SOV0NAME": "Canada", "SOV_A3": "CAN", "ADM0NAME": "Canada", "ADM0_A3": "CAN", "ADM1NAME": "British Columbia", "ISO_A2": "CA", "NOTE": null, "LATITUDE": 49.050377, "LONGITUDE": -122.299987, "POP_MAX": 151683, "POP_MIN": 151683, "POP_OTHER": 0, "RANK_MAX": 9, "RANK_MIN": 9, "MEGANAME": null, "LS_NAME": null, "MAX_POP10": 0, "MAX_POP20": 0, "MAX_POP50": 0, "MAX_POP300": 0, "MAX_POP310": 0, "MAX_NATSCA": 0, "MIN_AREAKM": 0, "MAX_AREAKM": 0, "MIN_AREAMI": 0, "MAX_AREAMI": 0, "MIN_PERKM": 0, "MAX_PERKM": 0, "MIN_PERMI": 0, "MAX_PERMI": 0, "MIN_BBXMIN": 0.0, "MAX_BBXMIN": 0.0, "MIN_BBXMAX": 0.0, "MAX_BBXMAX": 0.0, "MIN_BBYMIN": 0.0, "MAX_BBYMIN": 0.0, "MIN_BBYMAX": 0.0, "MAX_BBYMAX": 0.0, "MEAN_BBXC": 0.0, "MEAN_BBYC": 0.0, "TIMEZONE": "America/Vancouver", "UN_FID": 0, "POP1950": 0, "POP1955": 0, "POP1960": 0, "POP1965": 0, "POP1970": 0, "POP1975": 0, "POP1980": 0, "POP1985": 0, "POP1990": 0, "POP1995": 0, "POP2000": 0, "POP2005": 0, "POP2010": 0, "POP2015": 0, "POP2020": 0, "POP2025": 0, "POP2050": 0, "MIN_ZOOM": 6.7, "WIKIDATAID": "Q271730", "WOF_ID": 101740961, "CAPALT": 0, "NAME_EN": "Abbotsford", "NAME_DE": "Abbotsford", "NAME_ES": "Abbotsford", "NAME_FR": "Abbotsford", "NAME_PT": "Abbotsford", "NAME_RU": "Абботсфорд", "NAME_ZH": "阿伯茨福德", "LABEL": null, "NAME_AR": "أبوتسفورد", "NAME_BN": "আবুটস ফোর্ড", "NAME_EL": "Άμποτσφορντ", "NAME_HI": "एबॉट्सफ़ोर्ड", "NAME_HU": "Abbotsford", "NAME_ID": "Abbotsford", "NAME_IT": "Abbotsford", "NAME_JA": "アボッツフォード", "NAME_KO": "애버츠퍼드", "NAME_NL": "Abbotsford", "NAME_PL": "Abbotsford", "NAME_SV": "Abbotsford", "NAME_TR": "Abbotsford", "NAME_VI": "Abbotsford", "NE_ID": 1159143721, "NAME_FA": "ابوتسفورد", "NAME_HE": "אבוטספורד", "NAME_UK": "Абботсфорд", "NAME_UR": "ایبٹس فورڈ", "NAME_ZHT": "亞博斯福", "GEONAMESID": 5881791, "FCLASS_ISO": null, "FCLASS_US": null, "FCLASS_FR": null, "FCLASS_RU": null, "FCLASS_ES": null, "FCLASS_CN": null, "FCLASS_TW": null, "FCLASS_IN": null, "FCLASS_NP": null, "FCLASS_PK": null, "FCLASS_DE": null, "FCLASS_GB": null, "FCLASS_BR": null, "FCLASS_IL": null, "FCLASS_PS": null, "FCLASS_SA": null, "FCLASS_EG": null, "FCLASS_MA": null, "FCLASS_PT": null, "FCLASS_AR": null, "FCLASS_JP": null, "FCLASS_KO": null, "FCLASS_VN": null, "FCLASS_TR": null, "FCLASS_ID": null, "FCLASS_PL": null, "FCLASS_GR": null, "FCLASS_IT": null, "FCLASS_NL": null, "FCLASS_SE": null, "FCLASS_BD": null, "FCLASS_UA": null, "FCLASS_TLC": null }, "geometry": { "type": "Point", "coordinates": [ -122.2999874, 49.0503768 ] } },
{ "type": "Feature", "properties": { "SCALERANK": 7, "NATSCALE": 20, "LABELRANK": 2, "FEATURECLA": "Populated place", "NAME": "Dawson Creek", "NAMEPAR": null, "NAMEALT": null, "NAMEASCII": "Dawson Creek", "ADM0CAP": 0, "CAPIN": null, "WORLDCITY": 0, "MEGACITY": 0, "SOV0NAME": "Canada", "SOV_A3": "CAN", "ADM0NAME": "Canada", "ADM0_A3": "CAN", "ADM1NAME": "British Columbia", "ISO_A2": "CA", "NOTE": null, "LATITUDE": 55.766969, "LONGITUDE": -120.233266, "POP_MAX": 10802, "POP_MIN": 10551, "POP_OTHER": 9383, "RANK_MAX": 6, "RANK_MIN": 6, "MEGANAME": null, "LS_NAME": "Dawson Creek", "MAX_POP10": 10551, "MAX_POP20": 10551, "MAX_POP50": 0, "MAX_POP300": 0, "MAX_POP310": 0, "MAX_NATSCA": 20, "MIN_AREAKM": 13, "MAX_AREAKM": 13, "MIN_AREAMI": 5, "MAX_AREAMI": 5, "MIN_PERKM": 18, "MAX_PERKM": 18, "MIN_PERMI": 11, "MAX_PERMI": 11, "MIN_BBXMIN": -120.266667, "MAX_BBXMIN": -120.266667, "MIN_BBXMAX": -120.208333, "MAX_BBXMAX": -120.208333, "MIN_BBYMIN": 55.733333, "MAX_BBYMIN": 55.733333, "MIN_BBYMAX": 55.775, "MAX_BBYMAX": 55.775, "MEAN_BBXC": -120.235577, "MEAN_BBYC": 55.755769, "TIMEZONE": "America/Dawson_Creek", "UN_FID": 0, "POP1950": 0, "POP1955": 0, "POP1960": 0, "POP1965": 0, "POP1970": 0, "POP1975": 0, "POP1980": 0, "POP1985": 0, "POP1990": 0, "POP1995": 0, "POP2000": 0, "POP2005": 0, "POP2010": 0, "POP2015": 0, "POP2020": 0, "POP2025": 0, "POP2050": 0, "MIN_ZOOM": 6.7, "WIKIDATAID": "Q1012625", "WOF_ID": 101740903, "CAPALT": 0, "NAME_EN": "Dawson Creek", "NAME_DE": "Dawson Creek", "NAME_ES": "Dawson Creek", "NAME_FR": "Dawson Creek", "NAME_PT": "Dawson Creek", "NAME_RU": "Досон-Крик", "NAME_ZH": "道森克里克", "LABEL": null, "NAME_AR": "دوسن كريك", "NAME_BN": "ডসন ক্রিক", "NAME_EL": "Ντώσον Κρικ", "NAME_HI": "डॉसन क्रीक", "NAME_HU": "Dawson Creek", "NAME_ID": "Dawson Creek", "NAME_IT": "Dawson Creek", "NAME_JA": "ドーソンクリーク", "NAME_KO": "도슨크릭", "NAME_NL": "Dawson Creek", "NAME_PL": "Dawson Creek", "NAME_SV": "Dawson Creek", "NAME_TR": "Dawson Creek", "NAME_VI": "Dawson Creek", "NE_ID": 1159143727, "NAME_FA": "داوسون کریک", "NAME_HE": "דוסון קריק", "NAME_UK": "Доусон-Крик", "NAME_UR": "ڈاسن کریک", "NAME_ZHT": "道森河", "GEONAMESID": 5935804, "FCLASS_ISO": null, "FCLASS_US": null, "FCLASS_FR": null, "FCLASS_RU": null, "FCLASS_ES": null, "FCLASS_CN": null, "FCLASS_TW": null, "FCLASS_IN": null, "FCLASS_NP": null, "FCLASS_PK": null, "FCLASS_DE": null, "FCLASS_GB": null, "FCLASS_BR": null, "FCLASS_IL": null, "FCLASS_PS": null, "FCLASS_SA": null, "FCLASS_EG": null, "FCLASS_MA": null, "FCLASS_PT": null, "FCLASS_AR": null, "FCLASS_JP": null, "FCLASS_KO": null, "FCLASS_VN": null, "FCLASS_TR": null, "FCLASS_ID": null, "FCLASS_PL": null, "FCLASS_GR": null, "FCLASS_IT": null, "FCLASS_NL": null, "FCLASS_SE": null, "FCLASS_BD": null, "FCLASS_UA": null, "FCLASS_TLC": null }, "geometry": { "type": "Point", "coordinates": [ -120.233266, 55.7669694 ] } },
{ "type": "Feature", "properties": { "SCALERANK": 7, "NATSCALE": 20, "LABELRANK": 2, "FEATURECLA": "Populated place", "NAME": "Penticton", "NAMEPAR": null, "NAMEALT": null, "NAMEASCII": "Penticton", "ADM0CAP": 0, "CAPIN": null, "WORLDCITY": 0, "MEGACITY": 0, "SOV0NAME": "Canada", "SOV_A3": "CAN", "ADM0NAME": "Canada", "ADM0_A3": "CAN", "ADM1NAME": "British Columbia", "ISO_A2": "CA", "NOTE": null, "LATITUDE": 49.500375, "LONGITUDE": -119.58328, "POP_MAX": 37721, "POP_MIN": 30349, "POP_OTHER": 29228, "RANK_MAX": 7, "RANK_MIN": 7, "MEGANAME": null, "LS_NAME": "Penticton", "MAX_POP10": 30349, "MAX_POP20": 30349, "MAX_POP50": 0, "MAX_POP300": 0, "MAX_POP310": 0, "MAX_NATSCA": 20, "MIN_AREAKM": 20, "MAX_AREAKM": 20, "MIN_AREAMI": 8, "MAX_AREAMI": 8, "MIN_PERKM": 25, "MAX_PERKM": 25, "MIN_PERMI": 16, "MAX_PERMI": 16, "MIN_BBXMIN": -119.616667, "MAX_BBXMIN": -119.616667, "MIN_BBXMAX": -119.55, "MAX_BBXMAX": -119.55, "MIN_BBYMIN": 49.45, "MAX_BBYMIN": 49.45, "MIN_BBYMAX": 49.508333, "MAX_BBYMAX": 49.508333, "MEAN_BBXC": -119.58631, "MEAN_BBYC": 49.482262, "TIMEZONE": "America/Vancouver", "UN_FID": 0, "POP1950": 0, "POP1955": 0, "POP1960": 0, "POP1965": 0, "POP1970": 0, "POP1975": 0, "POP1980": 0, "POP1985": 0, "POP1990": 0, "POP1995": 0, "POP2000": 0, "POP2005": 0, "POP2010": 0, "POP2015": 0, "POP2020": 0, "POP2025": 0, "POP2050": 0, "MIN_ZOOM": 6.7, "WIKIDATAID": "Q935519", "WOF_ID": 101740921, "CAPALT": 0, "NAME_EN": "Penticton", "NAME_DE": "Penticton", "NAME_ES": "Penticton", "NAME_FR": "Penticton", "NAME_PT": "Penticton", "NAME_RU": "Пентиктон", "NAME_ZH": "彭蒂克顿", "LABEL": null, "NAME_AR": "بينتيكتون", "NAME_BN": "পেন্টিকটন", "NAME_EL": "Πέντικτον", "NAME_HI": "पेंटिक्टोन", "NAME_HU": "Penticton", "NAME_ID": "Penticton", "NAME_IT": "Penticton", "NAME_JA": "ペンティクトン", "NAME_KO": "펜틱턴", "NAME_NL": "Penticton", "NAME_PL": "Penticton", "NAME_SV": "Penticton", "NAME_TR": "Penticton", "NAME_VI": "Penticton", "NE_ID": 1159143731, "NAME_FA": "پنتیکتن", "NAME_HE": "פנטיקטון", "NAME_UK": "Пентіктон", "NAME_UR": "پینٹیکٹن", "NAME_ZHT": "彭蒂克顿", "GEONAMESID": 6101141, "FCLASS_ISO": null, "FCLASS_US": null, "FCLASS_FR": null, "FCLASS_RU": null, "FCLASS_ES": null, "FCLASS_CN": null, "FCLASS_TW": null, "FCLASS_IN": null, "FCLASS_NP": null, "FCLASS_PK": null, "FCLASS_DE": null, "FCLASS_GB": null, "FCLASS_BR": null, "FCLASS_IL": null, "FCLASS_PS": null, "FCLASS_SA": null, "FCLASS_EG": null, "FCLASS_MA": null, "FCLASS_PT": null, "FCLASS_AR": null, "FCLASS_JP": null, "FCLASS_KO": null, "FCLASS_VN": null, "FCLASS_TR": null, "FCLASS_ID": null, "FCLASS_PL": null, "FCLASS_GR": null, "FCLASS_IT": null, "FCLASS_NL": null, "FCLASS_SE": null, "FCLASS_BD": null, "FCLASS_UA": null, "FCLASS_TLC": null }, "geometry": { "type": "Point", "coordinates": [ -119.5832799, 49.5003752 ] } },
{ "type": "Feature", "properties": { "SCALERANK": 7, "NATSCALE": 20, "LABELRANK": 2, "FEATURECLA": "Populated place", "NAME": "Nelson", "NAMEPAR": null, "NAMEALT": null, "NAMEASCII": "Nelson", "ADM0CAP": 0, "CAPIN": null, "WORLDCITY": 0, "MEGACITY": 0, "SOV0NAME": "Canada", "SOV_A3": "CAN", "ADM0NAME": "Canada", "ADM0_A3": "CAN", "ADM1NAME": "British Columbia", "ISO_A2": "CA", "NOTE": null, "LATITUDE": 49.483658, "LONGITUDE": -117.283291, "POP_MAX": 11779, "POP_MIN": 9813, "POP_OTHER": 36817, "RANK_MAX": 6, "RANK_MIN": 5, "MEGANAME": null, "LS_NAME": "Nelson2", "MAX_POP10": 11779, "MAX_POP20": 11779, "MAX_POP50": 0, "MAX_POP300": 0, "MAX_POP310": 0, "MAX_NATSCA": 20, "MIN_AREAKM": 12, "MAX_AREAKM": 12, "MIN_AREAMI": 5, "MAX_AREAMI": 5, "MIN_PERKM": 20, "MAX_PERKM": 20, "MIN_PERMI": 13, "MAX_PERMI": 13, "MIN_BBXMIN": -117.308333, "MAX_BBXMIN": -117.308333, "MIN_BBXMAX": -117.258333, "MAX_BBXMAX": -117.258333, "MIN_BBYMIN": 49.475, "MAX_BBYMIN": 49.475, "MIN_BBYMAX": 49.525, "MAX_BBYMAX": 49.525, "MEAN_BBXC": -117.283135, "MEAN_BBYC": 49.499802, "TIMEZONE": "America/Vancouver", "UN_FID": 0, "POP1950": 0, "POP1955": 0, "POP1960": 0, "POP1965": 0, "POP1970": 0, "POP1975": 0, "POP1980": 0, "POP1985": 0, "POP1990": 0, "POP1995": 0, "POP2000": 0, "POP2005": 0, "POP2010": 0, "POP2015": 0, "POP2020": 0, "POP2025": 0, "POP2050": 0, "MIN_ZOOM": 6.7, "WIKIDATAID": "Q1779015", "WOF_ID": 101741029, "CAPALT": 0, "NAME_EN": "Nelson", "NAME_DE": "Nelson", "NAME_ES": "Nelson", "NAME_FR": "Nelson", "NAME_PT": "Nelson", "NAME_RU": "Нельсон", "NAME_ZH": "纳尔逊", "LABEL": null, "NAME_AR": "نيلسون", "NAME_BN": "নেলসন", "NAME_EL": "Νέλσον", "NAME_HI": "नेल्सन", "NAME_HU": "Nelson", "NAME_ID": "Nelson", "NAME_IT": "Nelson", "NAME_JA": "ネルソン", "NAME_KO": "넬슨", "NAME_NL": "Nelson", "NAME_PL": "Nelson", "NAME_SV": "Nelson", "NAME_TR": "Nelson", "NAME_VI": "Nelson", "NE_ID": 1159143735, "NAME_FA": "نلسون", "NAME_HE": "נלסון", "NAME_UK": "Нельсон", "NAME_UR": "نیلسن", "NAME_ZHT": "納爾遜市", "GEONAMESID": 6086871, "FCLASS_ISO": null, "FCLASS_US": null, "FCLASS_FR": null, "FCLASS_RU": null, "FCLASS_ES": null, "FCLASS_CN": null, "FCLASS_TW": null, "FCLASS_IN": null, "FCLASS_NP": null, "FCLASS_PK": null, "FCLASS_DE": null, "FCLASS_GB": null, "FCLASS_BR": null, "FCLASS_IL": null, "FCLASS_PS": null, "FCLASS_SA": null, "FCLASS_EG": null, "FCLASS_MA": null, "FCLASS_PT": null, "FCLASS_AR": null, "FCLASS_JP": null, "FCLASS_KO": null, "FCLASS_VN": null, "FCLASS_TR": null, "FCLASS_ID": null, "FCLASS_PL": null, "FCLASS_GR": null, "FCLASS_IT": null, "FCLASS_NL": null, "FCLASS_SE": null, "FCLASS_BD": null, "FCLASS_UA": null, "FCLASS_TLC": null }, "geometry": { "type": "Point", "coordinates": [ -117.2832911, 49.4836579 ] } },
{ "type": "Feature", "properties": { "SCALERANK": 7, "NATSCALE": 20, "LABELRANK": 2, "FEATURECLA": "Populated place", "NAME": "Lillooet", "NAMEPAR": null, "NAMEALT": null, "NAMEASCII": "Lillooet", "ADM0CAP": 0, "CAPIN": null, "WORLDCITY": 0, "MEGACITY": 0, "SOV0NAME": "Canada", "SOV_A3": "CAN", "ADM0NAME": "Canada", "ADM0_A3": "CAN", "ADM1NAME": "British Columbia", "ISO_A2": "CA", "NOTE": null, "LATITUDE": 50.683714, "LONGITUDE": -121.933266, "POP_MAX": 2893, "POP_MIN": 2893, "POP_OTHER": 0, "RANK_MAX": 4, "RANK_MIN": 4, "MEGANAME": null, "LS_NAME": "Lillooet", "MAX_POP10": 2893, "MAX_POP20": 2893, "MAX_POP50": 0, "MAX_POP300": 0, "MAX_POP310": 0, "MAX_NATSCA": 20, "MIN_AREAKM": 5, "MAX_AREAKM": 5, "MIN_AREAMI": 2, "MAX_AREAMI": 2, "MIN_PERKM": 13, "MAX_PERKM": 13, "MIN_PERMI": 8, "MAX_PERMI": 8, "MIN_BBXMIN": -121.941667, "MAX_BBXMIN": -121.941667, "MIN_BBXMAX": -121.916667, "MAX_BBXMAX": -121.916667, "MIN_BBYMIN": 50.675, "MAX_BBYMIN": 50.675, "MIN_BBYMAX": 50.725, "MAX_BBYMAX": 50.725, "MEAN_BBXC": -121.929167, "MEAN_BBYC": 50.698611, "TIMEZONE": null, "UN_FID": 0, "POP1950": 0, "POP1955": 0, "POP1960": 0, "POP1965": 0, "POP1970": 0, "POP1975": 0, "POP1980": 0, "POP1985": 0, "POP1990": 0, "POP1995": 0, "POP2000": 0, "POP2005": 0, "POP2010": 0, "POP2015": 0, "POP2020": 0, "POP2025": 0, "POP2050": 0, "MIN_ZOOM": 6.7, "WIKIDATAID": "Q355257", "WOF_ID": 1141907957, "CAPALT": 0, "NAME_EN": "Lillooet", "NAME_DE": "Lillooet", "NAME_ES": "Lillooet", "NAME_FR": "Lillooet", "NAME_PT": "Lillooet", "NAME_RU": "Лиллоет", "NAME_ZH": "利盧埃特", "LABEL": null, "NAME_AR": "ليلويت", "NAME_BN": "লিল্লুয়েট", "NAME_EL": "Λιλοοέτ", "NAME_HI": "लीलूएट", "NAME_HU": "Lillooet", "NAME_ID": "Lillooet", "NAME_IT": "Lillooet", "NAME_JA": "リルエット", "NAME_KO": "릴루엣", "NAME_NL": "Lillooet", "NAME_PL": "Lillooet", "NAME_SV": "Lillooet", "NAME_TR": "Lillooet", "NAME_VI": "Lillooet", "NE_ID": 1159143739, "NAME_FA": "لیلویت", "NAME_HE": "לילואט", "NAME_UK": "Лілует", "NAME_UR": "للویت", "NAME_ZHT": "利盧埃特", "GEONAMESID": 6945979, "FCLASS_ISO": null, "FCLASS_US": null, "FCLASS_FR": null, "FCLASS_RU": null, "FCLASS_ES": null, "FCLASS_CN": null, "FCLASS_TW": null, "FCLASS_IN": null, "FCLASS_NP": null, "FCLASS_PK": null, "FCLASS_DE": null, "FCLASS_GB": null, "FCLASS_BR": null, "FCLASS_IL": null, "FCLASS_PS": null, "FCLASS_SA": null, "FCLASS_EG": null, "FCLASS_MA": null, "FCLASS_PT": null, "FCLASS_AR": null, "FCLASS_JP": null, "FCLASS_KO": null, "FCLASS_VN": null, "FCLASS_TR": null, "FCLASS_ID": null, "FCLASS_PL": null, "FCLASS_GR": null, "FCLASS_IT": null, "FCLASS_NL": null, "FCLASS_SE": null, "FCLASS_BD": null, "FCLASS_UA": null, "FCLASS_TLC": null }, "geometry": { "type": "Point", "coordinates": [ -121.9332656, 50.6837138 ] } },
{ "type": "Feature", "properties": { "SCALERANK": 7, "NATSCALE": 20, "LABELRANK": 2, "FEATURECLA": "Populated place", "NAME": "Powell River", "NAMEPAR": null, "NAMEALT": null, "NAMEASCII": "Powell River", "ADM0CAP": 0, "CAPIN": null, "WORLDCITY": 0, "MEGACITY": 0, "SOV0NAME": "Canada", "SOV_A3": "CAN", "ADM0NAME": "Canada", "ADM0_A3": "CAN", "ADM1NAME": "British Columbia", "ISO_A2": "CA", "NOTE": null, "LATITUDE": 49.883711, "LONGITUDE": -124.549979, "POP_MAX": 12779, "POP_MIN": 3220, "POP_OTHER": 0, "RANK_MAX": 6, "RANK_MIN": 4, "MEGANAME": null, "LS_NAME": "Powell River", "MAX_POP10": 3220, "MAX_POP20": 3220, "MAX_POP50": 0, "MAX_POP300": 0, "MAX_POP310": 0, "MAX_NATSCA": 20, "MIN_AREAKM": 6, "MAX_AREAKM": 6, "MIN_AREAMI": 2, "MAX_AREAMI": 2, "MIN_PERKM": 13, "MAX_PERKM": 13, "MIN_PERMI": 8, "MAX_PERMI": 8, "MIN_BBXMIN": -124.566667, "MAX_BBXMIN": -124.566667, "MIN_BBXMAX": -124.541667, "MAX_BBXMAX": -124.541667, "MIN_BBYMIN": 49.858333, "MAX_BBYMIN": 49.858333, "MIN_BBYMAX": 49.9, "MAX_BBYMAX": 49.9, "MEAN_BBXC": -124.554167, "MEAN_BBYC": 49.878409, "TIMEZONE": "America/Vancouver", "UN_FID": 0, "POP1950": 0, "POP1955": 0, "POP1960": 0, "POP1965": 0, "POP1970": 0, "POP1975": 0, "POP1980": 0, "POP1985": 0, "POP1990": 0, "POP1995": 0, "POP2000": 0, "POP2005": 0, "POP2010": 0, "POP2015": 0, "POP2020": 0, "POP2025": 0, "POP2050": 0, "MIN_ZOOM": 6.7, "WIKIDATAID": "Q599678", "WOF_ID": 101740981, "CAPALT": 0, "NAME_EN": "Powell River", "NAME_DE": "Powell River", "NAME_ES": "Powell River", "NAME_FR": "Powell River", "NAME_PT": "Powell River", "NAME_RU": "Пауэлл Ривер", "NAME_ZH": "鲍威尔河", "LABEL": null, "NAME_AR": "بويل ريفر", "NAME_BN": "পাওয়েল রিভার", "NAME_EL": "Πάουελ Ρίβερ", "NAME_HI": "पावेल रिवर", "NAME_HU": "Powell River", "NAME_ID": "Powell River", "NAME_IT": "Powell River", "NAME_JA": "パウエルリバー", "NAME_KO": "포웰 리버", "NAME_NL": "Powell River", "NAME_PL": "Powell River", "NAME_SV": "Powell River", "NAME_TR": "Powell River", "NAME_VI": "Powell River", "NE_ID": 1159143745, "NAME_FA": "پاول ریور", "NAME_HE": "נהר פוול", "NAME_UK": "Паувел-Рівер", "NAME_UR": "پاول ریور", "NAME_ZHT": "鮑威爾河市", "GEONAMESID": 6112608, "FCLASS_ISO": null, "FCLASS_US": null, "FCLASS_FR": null, "FCLASS_RU": null, "FCLASS_ES": null, "FCLASS_CN": null, "FCLASS_TW": null, "FCLASS_IN": null, "FCLASS_NP": null, "FCLASS_PK": null, "FCLASS_DE": null, "FCLASS_GB": null, "FCLASS_BR": null, "FCLASS_IL": null, "FCLASS_PS": null, "FCLASS_SA": null, "FCLASS_EG": null, "FCLASS_MA": null, "FCLASS_PT": null, "FCLASS_AR": null, "FCLASS_JP": null, "FCLASS_KO": null, "FCLASS_VN": null, "FCLASS_TR": null, "FCLASS_ID": null, "FCLASS_PL": null, "FCLASS_GR": null, "FCLASS_IT": null, "FCLASS_NL": null, "FCLASS_SE": null, "FCLASS_BD": null, "FCLASS_UA": null, "FCLASS_TLC": null }, "geometry": { "type": "Point", "coordinates": [ -124.5499793, 49.883711 ] } },
{ "type": "Feature", "properties": { "SCALERANK": 7, "NATSCALE": 20, "LABELRANK": 2, "FEATURECLA": "Populated place", "NAME": "Revelstoke", "NAMEPAR": null, "NAMEALT": null, "NAMEASCII": "Revelstoke", "ADM0CAP": 0, "CAPIN": null, "WORLDCITY": 0, "MEGACITY": 0, "SOV0NAME": "Canada", "SOV_A3": "CAN", "ADM0NAME": "Canada", "ADM0_A3": "CAN", "ADM1NAME": "British Columbia", "ISO_A2": "CA", "NOTE": null, "LATITUDE": 51.000465, "LONGITUDE": -118.18334, "POP_MAX": 7668, "POP_MIN": 7533, "POP_OTHER": 0, "RANK_MAX": 5, "RANK_MIN": 5, "MEGANAME": null, "LS_NAME": "Revelstoke", "MAX_POP10": 7668, "MAX_POP20": 7668, "MAX_POP50": 0, "MAX_POP300": 0, "MAX_POP310": 0, "MAX_NATSCA": 20, "MIN_AREAKM": 12, "MAX_AREAKM": 12, "MIN_AREAMI": 5, "MAX_AREAMI": 5, "MIN_PERKM": 27, "MAX_PERKM": 27, "MIN_PERMI": 17, "MAX_PERMI": 17, "MIN_BBXMIN": -118.241667, "MAX_BBXMIN": -118.241667, "MIN_BBXMAX": -118.158333, "MAX_BBXMAX": -118.158333, "MIN_BBYMIN": 50.975, "MAX_BBYMIN": 50.975, "MIN_BBYMAX": 51.025, "MAX_BBYMAX": 51.025, "MEAN_BBXC": -118.2, "MEAN_BBYC": 50.995455, "TIMEZONE": "America/Vancouver", "UN_FID": 0, "POP1950": 0, "POP1955": 0, "POP1960": 0, "POP1965": 0, "POP1970": 0, "POP1975": 0, "POP1980": 0, "POP1985": 0, "POP1990": 0, "POP1995": 0, "POP2000": 0, "POP2005": 0, "POP2010": 0, "POP2015": 0, "POP2020": 0, "POP2025": 0, "POP2050": 0, "MIN_ZOOM": 6.7, "WIKIDATAID": "Q1893229", "WOF_ID": 101741037, "CAPALT": 0, "NAME_EN": "Revelstoke", "NAME_DE": "Revelstoke", "NAME_ES": "Revelstoke", "NAME_FR": "Revelstoke", "NAME_PT": "Revelstoke", "NAME_RU": "Ревелсток", "NAME_ZH": "雷弗尔斯托克", "LABEL": null, "NAME_AR": "ريفيلستوك", "NAME_BN": "রেভেলসতোকে", "NAME_EL": "Ρεβελστόκε", "NAME_HI": "रेवलस्टोक", "NAME_HU": "Revelstoke", "NAME_ID": "Revelstoke", "NAME_IT": "Revelstoke", "NAME_JA": "レベルストーク", "NAME_KO": "레블스토크", "NAME_NL": "Revelstoke", "NAME_PL": "Revelstoke", "NAME_SV": "Revelstoke", "NAME_TR": "Revelstoke", "NAME_VI": "Revelstoke", "NE_ID": 1159143749, "NAME_FA": "رولستوک", "NAME_HE": "רוולסטרוק", "NAME_UK": "Ривелстоук", "NAME_UR": "ریولسٹوک", "NAME_ZHT": "雷夫爾斯托克", "GEONAMESID": 6121621, "FCLASS_ISO": null, "FCLASS_US": null, "FCLASS_FR": null, "FCLASS_RU": null, "FCLASS_ES": null, "FCLASS_CN": null, "FCLASS_TW": null, "FCLASS_IN": null, "FCLASS_NP": null, "FCLASS_PK": null, "FCLASS_DE": null, "FCLASS_GB": null, "FCLASS_BR": null, "FCLASS_IL": null, "FCLASS_PS": null, "FCLASS_SA": null, "FCLASS_EG": null, "FCLASS_MA": null, "FCLASS_PT": null, "FCLASS_AR": null, "FCLASS_JP": null, "FCLASS_KO": null, "FCLASS_VN": null, "FCLASS_TR": null, "FCLASS_ID": null, "FCLASS_PL": null, "FCLASS_GR": null, "FCLASS_IT": null, "FCLASS_NL": null, "FCLASS_SE": null, "FCLASS_BD": null, "FCLASS_UA": null, "FCLASS_TLC": null }, "geometry": { "type": "Point", "coordinates": [ -118.1833395, 51.0004645 ] } },
{ "type": "Feature", "properties": { "SCALERANK": 7, "NATSCALE": 20, "LABELRANK": 2, "FEATURECLA": "Populated place", "NAME": "Burns Lake", "NAMEPAR": null, "NAMEALT": null, "NAMEASCII": "Burns Lake", "ADM0CAP": 0, "CAPIN": null, "WORLDCITY": 0, "MEGACITY": 0, "SOV0NAME": "Canada", "SOV_A3": "CAN", "ADM0NAME": "Canada", "ADM0_A3": "CAN", "ADM1NAME": "British Columbia", "ISO_A2": "CA", "NOTE": null, "LATITUDE": 54.217012, "LONGITUDE": -125.766598, "POP_MAX": 2635, "POP_MIN": 2631, "POP_OTHER": 2400, "RANK_MAX": 4, "RANK_MIN": 4, "MEGANAME": null, "LS_NAME": "Burns Lake", "MAX_POP10": 2631, "MAX_POP20": 2631, "MAX_POP50": 0, "MAX_POP300": 0, "MAX_POP310": 0, "MAX_NATSCA": 20, "MIN_AREAKM": 4, "MAX_AREAKM": 4, "MIN_AREAMI": 1, "MAX_AREAMI": 1, "MIN_PERKM": 9, "MAX_PERKM": 9, "MIN_PERMI": 5, "MAX_PERMI": 5, "MIN_BBXMIN": -125.775, "MAX_BBXMIN": -125.775, "MIN_BBXMAX": -125.75, "MAX_BBXMAX": -125.75, "MIN_BBYMIN": 54.216667, "MAX_BBYMIN": 54.216667, "MIN_BBYMAX": 54.241667, "MAX_BBYMAX": 54.241667, "MEAN_BBXC": -125.760119, "MEAN_BBYC": 54.229167, "TIMEZONE": "America/Vancouver", "UN_FID": 0, "POP1950": 0, "POP1955": 0, "POP1960": 0, "POP1965": 0, "POP1970": 0, "POP1975": 0, "POP1980": 0, "POP1985": 0, "POP1990": 0, "POP1995": 0, "POP2000": 0, "POP2005": 0, "POP2010": 0, "POP2015": 0, "POP2020": 0, "POP2025": 0, "POP2050": 0, "MIN_ZOOM": 6.7, "WIKIDATAID": "Q954302", "WOF_ID": 101740855, "CAPALT": 0, "NAME_EN": "Burns Lake", "NAME_DE": "Burns Lake", "NAME_ES": "Burns Lake", "NAME_FR": "Burns Lake", "NAME_PT": "Burns Lake", "NAME_RU": "Бернс-Лейк", "NAME_ZH": "伯恩斯湖", "LABEL": null, "NAME_AR": "بورنس ليك", "NAME_BN": "বার্ন্স লেক", "NAME_EL": "Μπερνς Λέικ", "NAME_HI": "बर्न्स लेक", "NAME_HU": "Burns Lake", "NAME_ID": "Burns Lake", "NAME_IT": "Burns Lake", "NAME_JA": "バーンズレイク", "NAME_KO": "번즈 레이크", "NAME_NL": "Burns Lake", "NAME_PL": "Burns Lake", "NAME_SV": "Burns Lake", "NAME_TR": "Burns Lake", "NAME_VI": "Burns Lake", "NE_ID": 1159143753, "NAME_FA": "برنز لیک", "NAME_HE": "אגם ברנס", "NAME_UK": "Бернс-Лейк", "NAME_UR": "برنس لیک", "NAME_ZHT": "伯恩斯湖", "GEONAMESID": 5911745, "FCLASS_ISO": null, "FCLASS_US": null, "FCLASS_FR": null, "FCLASS_RU": null, "FCLASS_ES": null, "FCLASS_CN": null, "FCLASS_TW": null, "FCLASS_IN": null, "FCLASS_NP": null, "FCLASS_PK": null, "FCLASS_DE": null, "FCLASS_GB": null, "FCLASS_BR": null, "FCLASS_IL": null, "FCLASS_PS": null, "FCLASS_SA": null, "FCLASS_EG": null, "FCLASS_MA": null, "FCLASS_PT": null, "FCLASS_AR": null, "FCLASS_JP": null, "FCLASS_KO": null, "FCLASS_VN": null, "FCLASS_TR": null, "FCLASS_ID": null, "FCLASS_PL": null, "FCLASS_GR": null, "FCLASS_IT": null, "FCLASS_NL": null, "FCLASS_SE": null, "FCLASS_BD": null, "FCLASS_UA": null, "FCLASS_TLC": null }, "geometry": { "type": "Point", "coordinates": [ -125.7665975, 54.2170123 ] } },
{ "type": "Feature", "properties": { "SCALERANK": 7, "NATSCALE": 20, "LABELRANK": 2, "FEATURECLA": "Populated place", "NAME": "Dease Lake", "NAMEPAR": null, "NAMEALT": null, "NAMEASCII": "Dease Lake", "ADM0CAP": 0, "CAPIN": null, "WORLDCITY": 0, "MEGACITY": 0, "SOV0NAME": "Canada", "SOV_A3": "CAN", "ADM0NAME": "Canada", "ADM0_A3": "CAN", "ADM1NAME": "British Columbia", "ISO_A2": "CA", "NOTE": null, "LATITUDE": 58.450346, "LONGITUDE": -130.033288, "POP_MAX": 303, "POP_MIN": 303, "POP_OTHER": 0, "RANK_MAX": 2, "RANK_MIN": 2, "MEGANAME": null, "LS_NAME": "Dease Lake", "MAX_POP10": 0, "MAX_POP20": 0, "MAX_POP50": 0, "MAX_POP300": 0, "MAX_POP310": 0, "MAX_NATSCA": 0, "MIN_AREAKM": 0, "MAX_AREAKM": 0, "MIN_AREAMI": 0, "MAX_AREAMI": 0, "MIN_PERKM": 0, "MAX_PERKM": 0, "MIN_PERMI": 0, "MAX_PERMI": 0, "MIN_BBXMIN": 0.0, "MAX_BBXMIN": 0.0, "MIN_BBXMAX": 0.0, "MAX_BBXMAX": 0.0, "MIN_BBYMIN": 0.0, "MAX_BBYMIN": 0.0, "MIN_BBYMAX": 0.0, "MAX_BBYMAX": 0.0, "MEAN_BBXC": 0.0, "MEAN_BBYC": 0.0, "TIMEZONE": null, "UN_FID": 0, "POP1950": 0, "POP1955": 0, "POP1960": 0, "POP1965": 0, "POP1970": 0, "POP1975": 0, "POP1980": 0, "POP1985": 0, "POP1990": 0, "POP1995": 0, "POP2000": 0, "POP2005": 0, "POP2010": 0, "POP2015": 0, "POP2020": 0, "POP2025": 0, "POP2050": 0, "MIN_ZOOM": 6.7, "WIKIDATAID": "Q921964", "WOF_ID": 1141907959, "CAPALT": 0, "NAME_EN": "Dease Lake", "NAME_DE": "Dease Lake", "NAME_ES": "Dease Lake", "NAME_FR": "Dease Lake", "NAME_PT": "Dease Lake", "NAME_RU": "Дис-Лейк", "NAME_ZH": "迪斯莱克", "LABEL": null, "NAME_AR": "بحيرة دياس", "NAME_BN": "দিজ লেক", "NAME_EL": "Ντιζ Λέικ", "NAME_HI": "डीस लेक", "NAME_HU": "Dease Lake", "NAME_ID": "Dease Lake", "NAME_IT": "Dease Lake", "NAME_JA": "ディーズレイク", "NAME_KO": "디스 레이크", "NAME_NL": "Dease Lake", "NAME_PL": "Dease Lake", "NAME_SV": "Dease Lake", "NAME_TR": "Dease Lake", "NAME_VI": "Dease Lake", "NE_ID": 1159143757, "NAME_FA": "دیز لیک", "NAME_HE": "אגם דיס", "NAME_UK": "Діз-Лейк", "NAME_UR": "ڈیز لیک", "NAME_ZHT": "德斯湖", "GEONAMESID": 5936286, "FCLASS_ISO": null, "FCLASS_US": null, "FCLASS_FR": null, "FCLASS_RU": null, "FCLASS_ES": null, "FCLASS_CN": null, "FCLASS_TW": null, "FCLASS_IN": null, "FCLASS_NP": null, "FCLASS_PK": null, "FCLASS_DE": null, "FCLASS_GB": null, "FCLASS_BR": null, "FCLASS_IL": null, "FCLASS_PS": null, "FCLASS_SA": null, "FCLASS_EG": null, "FCLASS_MA": null, "FCLASS_PT": null, "FCLASS_AR": null, "FCLASS_JP": null, "FCLASS_KO": null, "FCLASS_VN": null, "FCLASS_TR": null, "FCLASS_ID": null, "FCLASS_PL": null, "FCLASS_GR": null, "FCLASS_IT": null, "FCLASS_NL": null, "FCLASS_SE": null, "FCLASS_BD": null, "FCLASS_UA": null, "FCLASS_TLC": null }, "geometry": { "type": "Point", "coordinates": [ -130.033288, 58.4503457 ] } },
{ "type": "Feature", "properties": { "SCALERANK": 7, "NATSCALE": 20, "LABELRANK": 2, "FEATURECLA": "Populated place", "NAME": "Coral Harbour", "NAMEPAR": null, "NAMEALT": null, "NAMEASCII": "Coral Harbour", "ADM0CAP": 0, "CAPIN": null, "WORLDCITY": 0, "MEGACITY": 0, "SOV0NAME": "Canada", "SOV_A3": "CAN", "ADM0NAME": "Canada", "ADM0_A3": "CAN", "ADM1NAME": "Nunavut", "ISO_A2": "CA", "NOTE": null, "LATITUDE": 64.15377, "LONGITUDE": -83.176587, "POP_MAX": 834, "POP_MIN": 834, "POP_OTHER": 0, "RANK_MAX": 2, "RANK_MIN": 2, "MEGANAME": null, "LS_NAME": "Coral Harbour", "MAX_POP10": 0, "MAX_POP20": 0, "MAX_POP50": 0, "MAX_POP300": 0, "MAX_POP310": 0, "MAX_NATSCA": 0, "MIN_AREAKM": 0, "MAX_AREAKM": 0, "MIN_AREAMI": 0, "MAX_AREAMI": 0, "MIN_PERKM": 0, "MAX_PERKM": 0, "MIN_PERMI": 0, "MAX_PERMI": 0, "MIN_BBXMIN": 0.0, "MAX_BBXMIN": 0.0, "MIN_BBXMAX": 0.0, "MAX_BBXMAX": 0.0, "MIN_BBYMIN": 0.0, "MAX_BBYMIN": 0.0, "MIN_BBYMAX": 0.0, "MAX_BBYMAX": 0.0, "MEAN_BBXC": 0.0, "MEAN_BBYC": 0.0, "TIMEZONE": null, "UN_FID": 0, "POP1950": 0, "POP1955": 0, "POP1960": 0, "POP1965": 0, "POP1970": 0, "POP1975": 0, "POP1980": 0, "POP1985": 0, "POP1990": 0, "POP1995": 0, "POP2000": 0, "POP2005": 0, "POP2010": 0, "POP2015": 0, "POP2020": 0, "POP2025": 0, "POP2050": 0, "MIN_ZOOM": 6.7, "WIKIDATAID": "Q652770", "WOF_ID": 1141907961, "CAPALT": 0, "NAME_EN": "Coral Harbour", "NAME_DE": "Coral Harbour", "NAME_ES": "Coral Harbour", "NAME_FR": "Coral Harbour", "NAME_PT": "Coral Harbour", "NAME_RU": "Корал-Харбор", "NAME_ZH": "珊瑚港", "LABEL": null, "NAME_AR": "كورال هاربور", "NAME_BN": "কোরাল হারবার", "NAME_EL": "Κόραλ Χάρμπορ", "NAME_HI": "कोरल हार्बर", "NAME_HU": "Coral Harbour", "NAME_ID": "Coral Harbour", "NAME_IT": "Coral Harbour", "NAME_JA": "コーラル・ハーバー", "NAME_KO": "코럴 하버", "NAME_NL": "Coral Harbour", "NAME_PL": "Coral Harbour", "NAME_SV": "Coral Harbour", "NAME_TR": "Coral Harbour", "NAME_VI": "Cảng Coral", "NE_ID": 1159143763, "NAME_FA": "کورال هاربور", "NAME_HE": "קורל הרבור", "NAME_UK": "Корал-Гарбор", "NAME_UR": "کورل حاربوور", "NAME_ZHT": "珊瑚港", "GEONAMESID": 5927708, "FCLASS_ISO": null, "FCLASS_US": null, "FCLASS_FR": null, "FCLASS_RU": null, "FCLASS_ES": null, "FCLASS_CN": null, "FCLASS_TW": null, "FCLASS_IN": null, "FCLASS_NP": null, "FCLASS_PK": null, "FCLASS_DE": null, "FCLASS_GB": null, "FCLASS_BR": null, "FCLASS_IL": null, "FCLASS_PS": null, "FCLASS_SA": null, "FCLASS_EG": null, "FCLASS_MA": null, "FCLASS_PT": null, "FCLASS_AR": null, "FCLASS_JP": null, "FCLASS_KO": null, "FCLASS_VN": null, "FCLASS_TR": null, "FCLASS_ID": null, "FCLASS_PL": null, "FCLASS_GR": null, "FCLASS_IT": null, "FCLASS_NL": null, "FCLASS_SE": null, "FCLASS_BD": null, "FCLASS_UA": null, "FCLASS_TLC": null }, "geometry": { "type": "Point", "coordinates": [ -83.1765874, 64.1537702 ] } },
{ "type": "Feature", "properties": { "SCALERANK": 7, "NATSCALE": 20, "LABELRANK": 2, "FEATURECLA": "Populated place", "NAME": "Baker Lake", "NAMEPAR": null, "NAMEALT": null, "NAMEASCII": "Baker Lake", "ADM0CAP": 0, "CAPIN": null, "WORLDCITY": 0, "MEGACITY": 0, "SOV0NAME": "Canada", "SOV_A3": "CAN", "ADM0NAME": "Canada", "ADM0_A3": "CAN", "ADM1NAME": "Nunavut", "ISO_A2": "CA", "NOTE": null, "LATITUDE": 64.31699, "LONGITUDE": -96.016656, "POP_MAX": 1584, "POP_MIN": 1584, "POP_OTHER": 0, "RANK_MAX": 3, "RANK_MIN": 3, "MEGANAME": null, "LS_NAME": "Baker Lake", "MAX_POP10": 1584, "MAX_POP20": 1584, "MAX_POP50": 0, "MAX_POP300": 0, "MAX_POP310": 0, "MAX_NATSCA": 20, "MIN_AREAKM": 0, "MAX_AREAKM": 0, "MIN_AREAMI": 0, "MAX_AREAMI": 0, "MIN_PERKM": 3, "MAX_PERKM": 3, "MIN_PERMI": 2, "MAX_PERMI": 2, "MIN_BBXMIN": -96.025, "MAX_BBXMIN": -96.025, "MIN_BBXMAX": -96.016667, "MAX_BBXMAX": -96.016667, "MIN_BBYMIN": 64.316667, "MAX_BBYMIN": 64.316667, "MIN_BBYMAX": 64.325, "MAX_BBYMAX": 64.325, "MEAN_BBXC": -96.020833, "MEAN_BBYC": 64.320833, "TIMEZONE": null, "UN_FID": 0, "POP1950": 0, "POP1955": 0, "POP1960": 0, "POP1965": 0, "POP1970": 0, "POP1975": 0, "POP1980": 0, "POP1985": 0, "POP1990": 0, "POP1995": 0, "POP2000": 0, "POP2005": 0, "POP2010": 0, "POP2015": 0, "POP2020": 0, "POP2025": 0, "POP2050": 0, "MIN_ZOOM": 6.7, "WIKIDATAID": "Q804378", "WOF_ID": 1141907963, "CAPALT": 0, "NAME_EN": "Baker Lake", "NAME_DE": "Baker Lake", "NAME_ES": "Baker Lake", "NAME_FR": "Qamani'tuaq", "NAME_PT": "Baker Lake", "NAME_RU": "Бейкер-Лейк", "NAME_ZH": "贝克莱克", "LABEL": null, "NAME_AR": "بيكر لايك", "NAME_BN": "বেকার হ্রদ", "NAME_EL": "Μπέικερ Λέικ", "NAME_HI": "बेकर लेक", "NAME_HU": "Baker Lake", "NAME_ID": "Baker Lake", "NAME_IT": "Baker Lake", "NAME_JA": "ベイカーレイク", "NAME_KO": "베이커 레이크", "NAME_NL": "Baker Lake", "NAME_PL": "Baker Lake", "NAME_SV": "Baker Lake", "NAME_TR": "Baker Lake", "NAME_VI": "Hồ Baker", "NE_ID": 1159143767, "NAME_FA": "بیکر لیک", "NAME_HE": "אגם בייקר", "NAME_UK": "Бейкер-Лейк", "NAME_UR": "بیکر لیک", "NAME_ZHT": "贝克莱克", "GEONAMESID": 5891871, "FCLASS_ISO": null, "FCLASS_US": null, "FCLASS_FR": null, "FCLASS_RU": null, "FCLASS_ES": null, "FCLASS_CN": null, "FCLASS_TW": null, "FCLASS_IN": null, "FCLASS_NP": null, "FCLASS_PK": null, "FCLASS_DE": null, "FCLASS_GB": null, "FCLASS_BR": null, "FCLASS_IL": null, "FCLASS_PS": null, "FCLASS_SA": null, "FCLASS_EG": null, "FCLASS_MA": null, "FCLASS_PT": null, "FCLASS_AR": null, "FCLASS_JP": null, "FCLASS_KO": null, "FCLASS_VN": null, "FCLASS_TR": null, "FCLASS_ID": null, "FCLASS_PL": null, "FCLASS_GR": null, "FCLASS_IT": null, "FCLASS_NL": null, "FCLASS_SE": null, "FCLASS_BD": null, "FCLASS_UA": null, "FCLASS_TLC": null }, "geometry": { "type": "Point", "coordinates": [ -96.0166563, 64.3169902 ] } },
{ "type": "Feature", "properties": { "SCALERANK": 7, "NATSCALE": 20, "LABELRANK": 2, "FEATURECLA": "Populated place", "NAME": "Norman Wells", "NAMEPAR": null, "NAMEALT": null, "NAMEASCII": "Norman Wells", "ADM0CAP": 0, "CAPIN": null, "WORLDCITY": 0, "MEGACITY": 0, "SOV0NAME": "Canada", "SOV_A3": "CAN", "ADM0NAME": "Canada", "ADM0_A3": "CAN", "ADM1NAME": "Northwest Territories", "ISO_A2": "CA", "NOTE": null, "LATITUDE": 65.283727, "LONGITUDE": -126.849968, "POP_MAX": 1027, "POP_MIN": 273, "POP_OTHER": 0, "RANK_MAX": 3, "RANK_MIN": 2, "MEGANAME": null, "LS_NAME": "Norman Wells", "MAX_POP10": 273, "MAX_POP20": 273, "MAX_POP50": 0, "MAX_POP300": 0, "MAX_POP310": 0, "MAX_NATSCA": 20, "MIN_AREAKM": 1, "MAX_AREAKM": 1, "MIN_AREAMI": 0, "MAX_AREAMI": 0, "MIN_PERKM": 6, "MAX_PERKM": 6, "MIN_PERMI": 4, "MAX_PERMI": 4, "MIN_BBXMIN": -126.866667, "MAX_BBXMIN": -126.866667, "MIN_BBXMAX": -126.841667, "MAX_BBXMAX": -126.841667, "MIN_BBYMIN": 65.283333, "MAX_BBYMIN": 65.283333, "MIN_BBYMAX": 65.291667, "MAX_BBYMAX": 65.291667, "MEAN_BBXC": -126.854167, "MEAN_BBYC": 65.2875, "TIMEZONE": "America/Inuvik", "UN_FID": 0, "POP1950": 0, "POP1955": 0, "POP1960": 0, "POP1965": 0, "POP1970": 0, "POP1975": 0, "POP1980": 0, "POP1985": 0, "POP1990": 0, "POP1995": 0, "POP2000": 0, "POP2005": 0, "POP2010": 0, "POP2015": 0, "POP2020": 0, "POP2025": 0, "POP2050": 0, "MIN_ZOOM": 6.7, "WIKIDATAID": "Q3343828", "WOF_ID": 101735409, "CAPALT": 0, "NAME_EN": "Norman Wells", "NAME_DE": "Norman Wells", "NAME_ES": "Norman Wells", "NAME_FR": "Norman Wells", "NAME_PT": "Norman Wells", "NAME_RU": "Норман-Уэлс", "NAME_ZH": "諾曼韋爾斯", "LABEL": null, "NAME_AR": "نورمان", "NAME_BN": "নর্ম্যান ওয়েলস", "NAME_EL": "Νόρμαν Γουέλς", "NAME_HI": "नॉर्मन वेल", "NAME_HU": "Norman Wells", "NAME_ID": "Norman Wells", "NAME_IT": "Norman Wells", "NAME_JA": "ノルマンウェルズ", "NAME_KO": "노먼 웰스", "NAME_NL": "Norman Wells", "NAME_PL": "Norman Wells", "NAME_SV": "Norman Wells", "NAME_TR": "Norman Wells", "NAME_VI": "Norman Wells", "NE_ID": 1159143771, "NAME_FA": "لورمان", "NAME_HE": "מפלי נורמן", "NAME_UK": "Норман-Веллс", "NAME_UR": "نارمن ویلز", "NAME_ZHT": "諾曼韋爾斯", "GEONAMESID": 6089245, "FCLASS_ISO": null, "FCLASS_US": null, "FCLASS_FR": null, "FCLASS_RU": null, "FCLASS_ES": null, "FCLASS_CN": null, "FCLASS_TW": null, "FCLASS_IN": null, "FCLASS_NP": null, "FCLASS_PK": null, "FCLASS_DE": null, "FCLASS_GB": null, "FCLASS_BR": null, "FCLASS_IL": null, "FCLASS_PS": null, "FCLASS_SA": null, "FCLASS_EG": null, "FCLASS_MA": null, "FCLASS_PT": null, "FCLASS_AR": null, "FCLASS_JP": null, "FCLASS_KO": null, "FCLASS_VN": null, "FCLASS_TR": null, "FCLASS_ID": null, "FCLASS_PL": null, "FCLASS_GR": null, "FCLASS_IT": null, "FCLASS_NL": null, "FCLASS_SE": null, "FCLASS_BD": null, "FCLASS_UA": null, "FCLASS_TLC": null }, "geometry": { "type": "Point", "coordinates": [ -126.8499681, 65.283727 ] } },
{ "type": "Feature", "properties": { "SCALERANK": 7, "NATSCALE": 20, "LABELRANK": 2, "FEATURECLA": "Populated place", "NAME": "Fort McPherson", "NAMEPAR": null, "NAMEALT": null, "NAMEASCII": "Fort McPherson", "ADM0CAP": 0, "CAPIN": null, "WORLDCITY": 0, "MEGACITY": 0, "SOV0NAME": "Canada", "SOV_A3": "CAN", "ADM0NAME": "Canada", "ADM0_A3": "CAN", "ADM1NAME": "Northwest Territories", "ISO_A2": "CA", "NOTE": null, "LATITUDE": 67.491525, "LONGITUDE": -134.894981, "POP_MAX": 1069, "POP_MIN": 1069, "POP_OTHER": 0, "RANK_MAX": 3, "RANK_MIN": 3, "MEGANAME": null, "LS_NAME": "Fort McPherson", "MAX_POP10": 0, "MAX_POP20": 0, "MAX_POP50": 0, "MAX_POP300": 0, "MAX_POP310": 0, "MAX_NATSCA": 0, "MIN_AREAKM": 0, "MAX_AREAKM": 0, "MIN_AREAMI": 0, "MAX_AREAMI": 0, "MIN_PERKM": 0, "MAX_PERKM": 0, "MIN_PERMI": 0, "MAX_PERMI": 0, "MIN_BBXMIN": 0.0, "MAX_BBXMIN": 0.0, "MIN_BBXMAX": 0.0, "MAX_BBXMAX": 0.0, "MIN_BBYMIN": 0.0, "MAX_BBYMIN": 0.0, "MIN_BBYMAX": 0.0, "MAX_BBYMAX": 0.0, "MEAN_BBXC": 0.0, "MEAN_BBYC": 0.0, "TIMEZONE": "America/Inuvik", "UN_FID": 0, "POP1950": 0, "POP1955": 0, "POP1960": 0, "POP1965": 0, "POP1970": 0, "POP1975": 0, "POP1980": 0, "POP1985": 0, "POP1990": 0, "POP1995": 0, "POP2000": 0, "POP2005": 0, "POP2010": 0, "POP2015": 0, "POP2020": 0, "POP2025": 0, "POP2050": 0, "MIN_ZOOM": 6.7, "WIKIDATAID": "Q1014119", "WOF_ID": 101735391, "CAPALT": 0, "NAME_EN": "Fort McPherson", "NAME_DE": "Fort McPherson", "NAME_ES": "Fort McPherson", "NAME_FR": "Fort McPherson", "NAME_PT": "Fort McPherson", "NAME_RU": "Форт-Макферсон", "NAME_ZH": "麦克弗森堡", "LABEL": null, "NAME_AR": "فورت ماكفرسون", "NAME_BN": "ফোর্ট ম্যাকফারসন", "NAME_EL": "Φορτ ΜακΦέρσον", "NAME_HI": "फ़ोर्ट मैकफ़र्सन", "NAME_HU": "Fort McPherson", "NAME_ID": "Fort McPherson", "NAME_IT": "Fort McPherson", "NAME_JA": "フォートマクファーソン", "NAME_KO": "포트 맥퍼슨", "NAME_NL": "Fort McPherson", "NAME_PL": "Fort McPherson", "NAME_SV": "Fort McPherson", "NAME_TR": "Fort McPherson", "NAME_VI": "Fort McPherson", "NE_ID": 1159143775, "NAME_FA": "فورت مک فرسون", "NAME_HE": "פורט מקפרסון", "NAME_UK": "Форт-Макферсон", "NAME_UR": "فورٹ مکفرسن", "NAME_ZHT": "麥克弗森堡", "GEONAMESID": 5955898, "FCLASS_ISO": null, "FCLASS_US": null, "FCLASS_FR": null, "FCLASS_RU": null, "FCLASS_ES": null, "FCLASS_CN": null, "FCLASS_TW": null, "FCLASS_IN": null, "FCLASS_NP": null, "FCLASS_PK": null, "FCLASS_DE": null, "FCLASS_GB": null, "FCLASS_BR": null, "FCLASS_IL": null, "FCLASS_PS": null, "FCLASS_SA": null, "FCLASS_EG": null, "FCLASS_MA": null, "FCLASS_PT": null, "FCLASS_AR": null, "FCLASS_JP": null, "FCLASS_KO": null, "FCLASS_VN": null, "FCLASS_TR": null, "FCLASS_ID": null, "FCLASS_PL": null, "FCLASS_GR": null, "FCLASS_IT": null, "FCLASS_NL": null, "FCLASS_SE": null, "FCLASS_BD": null, "FCLASS_UA": null, "FCLASS_TLC": null }, "geometry": { "type": "Point", "coordinates": [ -134.8949809, 67.4915251 ] } },
{ "type": "Feature", "properties": { "SCALERANK": 7, "NATSCALE": 20, "LABELRANK": 2, "FEATURECLA": "Populated place", "NAME": "Burwash Landing", "NAMEPAR": null, "NAMEALT": null, "NAMEASCII": "Burwash Landing", "ADM0CAP": 0, "CAPIN": null, "WORLDCITY": 0, "MEGACITY": 0, "SOV0NAME": "Canada", "SOV_A3": "CAN", "ADM0NAME": "Canada", "ADM0_A3": "CAN", "ADM1NAME": "Yukon", "ISO_A2": "CA", "NOTE": null, "LATITUDE": 61.350375, "LONGITUDE": -139.000002, "POP_MAX": 73, "POP_MIN": 73, "POP_OTHER": 0, "RANK_MAX": 1, "RANK_MIN": 1, "MEGANAME": null, "LS_NAME": "Burwash Landing", "MAX_POP10": 0, "MAX_POP20": 0, "MAX_POP50": 0, "MAX_POP300": 0, "MAX_POP310": 0, "MAX_NATSCA": 0, "MIN_AREAKM": 0, "MAX_AREAKM": 0, "MIN_AREAMI": 0, "MAX_AREAMI": 0, "MIN_PERKM": 0, "MAX_PERKM": 0, "MIN_PERMI": 0, "MAX_PERMI": 0, "MIN_BBXMIN": 0.0, "MAX_BBXMIN": 0.0, "MIN_BBXMAX": 0.0, "MAX_BBXMAX": 0.0, "MIN_BBYMIN": 0.0, "MAX_BBYMIN": 0.0, "MIN_BBYMAX": 0.0, "MAX_BBYMAX": 0.0, "MEAN_BBXC": 0.0, "MEAN_BBYC": 0.0, "TIMEZONE": null, "UN_FID": 0, "POP1950": 0, "POP1955": 0, "POP1960": 0, "POP1965": 0, "POP1970": 0, "POP1975": 0, "POP1980": 0, "POP1985": 0, "POP1990": 0, "POP1995": 0, "POP2000": 0, "POP2005": 0, "POP2010": 0, "POP2015": 0, "POP2020": 0, "POP2025": 0, "POP2050": 0, "MIN_ZOOM": 6.7, "WIKIDATAID": "Q1001811", "WOF_ID": 1141907965, "CAPALT": 0, "NAME_EN": "Burwash Landing", "NAME_DE": "Burwash Landing", "NAME_ES": "Burwash Landing", "NAME_FR": "Burwash Landing", "NAME_PT": "Burwash Landing", "NAME_RU": "Беруош-Лендинг", "NAME_ZH": "伯沃什兰丁", "LABEL": null, "NAME_AR": "برواش لاندنج", "NAME_BN": "বুরওয়াশ ল্যান্ডিং", "NAME_EL": "Μπέργουος Λάντινγκ", "NAME_HI": "बरवॉश लैंडिंग", "NAME_HU": "Burwash Landing", "NAME_ID": "Burwash Landing", "NAME_IT": "Burwash Landing", "NAME_JA": "バーウォッシュランディング", "NAME_KO": "버워시 랜딩", "NAME_NL": "Burwash Landing", "NAME_PL": "Burwash Landing", "NAME_SV": "Burwash Landing", "NAME_TR": "Burwash Landing", "NAME_VI": "Burwash Landing", "NE_ID": 1159143781, "NAME_FA": "برواش لندینگ", "NAME_HE": "בורווש לנדינג", "NAME_UK": "Бервош-Лендінг", "NAME_UR": "برواش لینڈنگ", "NAME_ZHT": "伯沃什蘭丁", "GEONAMESID": 5912314, "FCLASS_ISO": null, "FCLASS_US": null, "FCLASS_FR": null, "FCLASS_RU": null, "FCLASS_ES": null, "FCLASS_CN": null, "FCLASS_TW": null, "FCLASS_IN": null, "FCLASS_NP": null, "FCLASS_PK": null, "FCLASS_DE": null, "FCLASS_GB": null, "FCLASS_BR": null, "FCLASS_IL": null, "FCLASS_PS": null, "FCLASS_SA": null, "FCLASS_EG": null, "FCLASS_MA": null, "FCLASS_PT": null, "FCLASS_AR": null, "FCLASS_JP": null, "FCLASS_KO": null, "FCLASS_VN": null, "FCLASS_TR": null, "FCLASS_ID": null, "FCLASS_PL": null, "FCLASS_GR": null, "FCLASS_IT": null, "FCLASS_NL": null, "FCLASS_SE": null, "FCLASS_BD": null, "FCLASS_UA": null, "FCLASS_TLC": null }, "geometry": { "type": "Point", "coordinates": [ -139.000001700000013, 61.3503754 ] } },
{ "type": "Feature", "properties": { "SCALERANK": 7, "NATSCALE": 20, "LABELRANK": 2, "FEATURECLA": "Populated place", "NAME": "Orangeville", "NAMEPAR": null, "NAMEALT": null, "NAMEASCII": "Orangeville", "ADM0CAP": 0, "CAPIN": null, "WORLDCITY": 0, "MEGACITY": 0, "SOV0NAME": "Canada", "SOV_A3": "CAN", "ADM0NAME": "Canada", "ADM0_A3": "CAN", "ADM1NAME": "Ontario", "ISO_A2": "CA", "NOTE": null, "LATITUDE": 43.917073, "LONGITUDE": -80.08334, "POP_MAX": 32640, "POP_MIN": 28984, "POP_OTHER": 54866, "RANK_MAX": 7, "RANK_MIN": 7, "MEGANAME": null, "LS_NAME": "Orangeville", "MAX_POP10": 28984, "MAX_POP20": 28984, "MAX_POP50": 0, "MAX_POP300": 0, "MAX_POP310": 0, "MAX_NATSCA": 20, "MIN_AREAKM": 14, "MAX_AREAKM": 14, "MIN_AREAMI": 6, "MAX_AREAMI": 6, "MIN_PERKM": 22, "MAX_PERKM": 22, "MIN_PERMI": 13, "MAX_PERMI": 13, "MIN_BBXMIN": -80.133333, "MAX_BBXMIN": -80.133333, "MIN_BBXMAX": -80.066667, "MAX_BBXMAX": -80.066667, "MIN_BBYMIN": 43.9, "MAX_BBYMIN": 43.9, "MIN_BBYMAX": 43.941667, "MAX_BBYMAX": 43.941667, "MEAN_BBXC": -80.10163, "MEAN_BBYC": 43.919746, "TIMEZONE": "America/Toronto", "UN_FID": 0, "POP1950": 0, "POP1955": 0, "POP1960": 0, "POP1965": 0, "POP1970": 0, "POP1975": 0, "POP1980": 0, "POP1985": 0, "POP1990": 0, "POP1995": 0, "POP2000": 0, "POP2005": 0, "POP2010": 0, "POP2015": 0, "POP2020": 0, "POP2025": 0, "POP2050": 0, "MIN_ZOOM": 6.7, "WIKIDATAID": "Q2470087", "WOF_ID": 101736379, "CAPALT": 0, "NAME_EN": "Orangeville", "NAME_DE": "Orangeville", "NAME_ES": "Orangeville", "NAME_FR": "Orangeville", "NAME_PT": "Orangeville", "NAME_RU": "Оранджвилль", "NAME_ZH": "奥兰治维尔", "LABEL": null, "NAME_AR": "أورنجفيل", "NAME_BN": "অরেঞ্জভিলে", "NAME_EL": "Όραντζβιλ", "NAME_HI": "ओरेंजविला", "NAME_HU": "Orangeville", "NAME_ID": "Orangeville", "NAME_IT": "Orangeville", "NAME_JA": "オレンジビル", "NAME_KO": "오렌지빌", "NAME_NL": "Orangeville", "NAME_PL": "Orangeville", "NAME_SV": "Orangeville", "NAME_TR": "Orangeville", "NAME_VI": "Orangeville", "NE_ID": 1159143797, "NAME_FA": "اورنجویل", "NAME_HE": "אורנג'וויל", "NAME_UK": "Оранджвіль", "NAME_UR": "اورنجولے", "NAME_ZHT": "奧蘭治維爾", "GEONAMESID": 6094201, "FCLASS_ISO": null, "FCLASS_US": null, "FCLASS_FR": null, "FCLASS_RU": null, "FCLASS_ES": null, "FCLASS_CN": null, "FCLASS_TW": null, "FCLASS_IN": null, "FCLASS_NP": null, "FCLASS_PK": null, "FCLASS_DE": null, "FCLASS_GB": null, "FCLASS_BR": null, "FCLASS_IL": null, "FCLASS_PS": null, "FCLASS_SA": null, "FCLASS_EG": null, "FCLASS_MA": null, "FCLASS_PT": null, "FCLASS_AR": null, "FCLASS_JP": null, "FCLASS_KO": null, "FCLASS_VN": null, "FCLASS_TR": null, "FCLASS_ID": null, "FCLASS_PL": null, "FCLASS_GR": null, "FCLASS_IT": null, "FCLASS_NL": null, "FCLASS_SE": null, "FCLASS_BD": null, "FCLASS_UA": null, "FCLASS_TLC": null }, "geometry": { "type": "Point", "coordinates": [ -80.0833395, 43.9170726 ] } },
{ "type": "Feature", "properties": { "SCALERANK": 7, "NATSCALE": 20, "LABELRANK": 2, "FEATURECLA": "Populated place", "NAME": "Little Current", "NAMEPAR": null, "NAMEALT": null, "NAMEASCII": "Little Current", "ADM0CAP": 0, "CAPIN": null, "WORLDCITY": 0, "MEGACITY": 0, "SOV0NAME": "Canada", "SOV_A3": "CAN", "ADM0NAME": "Canada", "ADM0_A3": "CAN", "ADM1NAME": "Ontario", "ISO_A2": "CA", "NOTE": null, "LATITUDE": 45.967025, "LONGITUDE": -81.93333, "POP_MAX": 1595, "POP_MIN": 1595, "POP_OTHER": 0, "RANK_MAX": 3, "RANK_MIN": 3, "MEGANAME": null, "LS_NAME": "Little Current", "MAX_POP10": 1595, "MAX_POP20": 1595, "MAX_POP50": 0, "MAX_POP300": 0, "MAX_POP310": 0, "MAX_NATSCA": 20, "MIN_AREAKM": 2, "MAX_AREAKM": 2, "MIN_AREAMI": 1, "MAX_AREAMI": 1, "MIN_PERKM": 8, "MAX_PERKM": 8, "MIN_PERMI": 5, "MAX_PERMI": 5, "MIN_BBXMIN": -81.941667, "MAX_BBXMIN": -81.941667, "MIN_BBXMAX": -81.916667, "MAX_BBXMAX": -81.916667, "MIN_BBYMIN": 45.966667, "MAX_BBYMIN": 45.966667, "MIN_BBYMAX": 45.983333, "MAX_BBYMAX": 45.983333, "MEAN_BBXC": -81.927083, "MEAN_BBYC": 45.977083, "TIMEZONE": null, "UN_FID": 0, "POP1950": 0, "POP1955": 0, "POP1960": 0, "POP1965": 0, "POP1970": 0, "POP1975": 0, "POP1980": 0, "POP1985": 0, "POP1990": 0, "POP1995": 0, "POP2000": 0, "POP2005": 0, "POP2010": 0, "POP2015": 0, "POP2020": 0, "POP2025": 0, "POP2050": 0, "MIN_ZOOM": 6.7, "WIKIDATAID": "Q4859960", "WOF_ID": 1141907971, "CAPALT": 0, "NAME_EN": "Northeastern Manitoulin and the Islands", "NAME_DE": "Northeastern Manitoulin and the Islands", "NAME_ES": "Little Current", "NAME_FR": "Little Current", "NAME_PT": "Little Current", "NAME_RU": "Литл-Керрент", "NAME_ZH": "小柯伦特", "LABEL": null, "NAME_AR": "ليتيل كارنت", "NAME_BN": "লিটল কারেন্ট", "NAME_EL": "Λιτλ Κάρεντ", "NAME_HI": "लिटल करेंट", "NAME_HU": "Little Current", "NAME_ID": "Little Current", "NAME_IT": "Little Current", "NAME_JA": "リトルカレント", "NAME_KO": "리틀 커런트", "NAME_NL": "Northeastern Manitoulin and the Islands", "NAME_PL": "Northeastern Manitoulin and the Islands", "NAME_SV": "Little Current", "NAME_TR": "Little Current", "NAME_VI": "Little Current", "NE_ID": 1159143801, "NAME_FA": "نورثایسترن منیتولن", "NAME_HE": "ליטל קורנט", "NAME_UK": "Літл-Каррент", "NAME_UR": "شمال مشرقی مینیٹولن اور جزائر", "NAME_ZHT": "小柯倫特", "GEONAMESID": -1, "FCLASS_ISO": null, "FCLASS_US": null, "FCLASS_FR": null, "FCLASS_RU": null, "FCLASS_ES": null, "FCLASS_CN": null, "FCLASS_TW": null, "FCLASS_IN": null, "FCLASS_NP": null, "FCLASS_PK": null, "FCLASS_DE": null, "FCLASS_GB": null, "FCLASS_BR": null, "FCLASS_IL": null, "FCLASS_PS": null, "FCLASS_SA": null, "FCLASS_EG": null, "FCLASS_MA": null, "FCLASS_PT": null, "FCLASS_AR": null, "FCLASS_JP": null, "FCLASS_KO": null, "FCLASS_VN": null, "FCLASS_TR": null, "FCLASS_ID": null, "FCLASS_PL": null, "FCLASS_GR": null, "FCLASS_IT": null, "FCLASS_NL": null, "FCLASS_SE": null, "FCLASS_BD": null, "FCLASS_UA": null, "FCLASS_TLC": null }, "geometry": { "type": "Point", "coordinates": [ -81.9333299, 45.967025 ] } },
{ "type": "Feature", "properties": { "SCALERANK": 7, "NATSCALE": 20, "LABELRANK": 2, "FEATURECLA": "Populated place", "NAME": "Chapleau", "NAMEPAR": null, "NAMEALT": null, "NAMEASCII": "Chapleau", "ADM0CAP": 0, "CAPIN": null, "WORLDCITY": 0, "MEGACITY": 0, "SOV0NAME": "Canada", "SOV_A3": "CAN", "ADM0NAME": "Canada", "ADM0_A3": "CAN", "ADM1NAME": "Ontario", "ISO_A2": "CA", "NOTE": null, "LATITUDE": 47.833707, "LONGITUDE": -83.40001, "POP_MAX": 2663, "POP_MIN": 2663, "POP_OTHER": 0, "RANK_MAX": 4, "RANK_MIN": 4, "MEGANAME": null, "LS_NAME": "Chapleau", "MAX_POP10": 2663, "MAX_POP20": 2663, "MAX_POP50": 0, "MAX_POP300": 0, "MAX_POP310": 0, "MAX_NATSCA": 20, "MIN_AREAKM": 3, "MAX_AREAKM": 3, "MIN_AREAMI": 1, "MAX_AREAMI": 1, "MIN_PERKM": 8, "MAX_PERKM": 8, "MIN_PERMI": 5, "MAX_PERMI": 5, "MIN_BBXMIN": -83.416667, "MAX_BBXMIN": -83.416667, "MIN_BBXMAX": -83.391667, "MAX_BBXMAX": -83.391667, "MIN_BBYMIN": 47.833333, "MAX_BBYMIN": 47.833333, "MIN_BBYMAX": 47.85, "MAX_BBYMAX": 47.85, "MEAN_BBXC": -83.4025, "MEAN_BBYC": 47.8425, "TIMEZONE": null, "UN_FID": 0, "POP1950": 0, "POP1955": 0, "POP1960": 0, "POP1965": 0, "POP1970": 0, "POP1975": 0, "POP1980": 0, "POP1985": 0, "POP1990": 0, "POP1995": 0, "POP2000": 0, "POP2005": 0, "POP2010": 0, "POP2015": 0, "POP2020": 0, "POP2025": 0, "POP2050": 0, "MIN_ZOOM": 6.7, "WIKIDATAID": "Q2957549", "WOF_ID": 1141907973, "CAPALT": 0, "NAME_EN": "Chapleau", "NAME_DE": "Chapleau", "NAME_ES": "Chapleau", "NAME_FR": "Chapleau", "NAME_PT": "Chapleau", "NAME_RU": "Шапло", "NAME_ZH": "沙普洛", "LABEL": null, "NAME_AR": "شابلو", "NAME_BN": "শ্যপ্লেউ", "NAME_EL": "Σαπλό", "NAME_HI": "चैपलेऊ", "NAME_HU": "Chapleau", "NAME_ID": "Chapleau", "NAME_IT": "Chapleau", "NAME_JA": "シャプロー", "NAME_KO": "샤플로", "NAME_NL": "Chapleau", "NAME_PL": "Chapleau", "NAME_SV": "Chapleau", "NAME_TR": "Chapleau", "NAME_VI": "Chapleau", "NE_ID": 1159143805, "NAME_FA": "چاپلو", "NAME_HE": "צ'פליו", "NAME_UK": "Чапло", "NAME_UR": "چیپلیو", "NAME_ZHT": "查普羅", "GEONAMESID": -1, "FCLASS_ISO": null, "FCLASS_US": null, "FCLASS_FR": null, "FCLASS_RU": null, "FCLASS_ES": null, "FCLASS_CN": null, "FCLASS_TW": null, "FCLASS_IN": null, "FCLASS_NP": null, "FCLASS_PK": null, "FCLASS_DE": null, "FCLASS_GB": null, "FCLASS_BR": null, "FCLASS_IL": null, "FCLASS_PS": null, "FCLASS_SA": null, "FCLASS_EG": null, "FCLASS_MA": null, "FCLASS_PT": null, "FCLASS_AR": null, "FCLASS_JP": null, "FCLASS_KO": null, "FCLASS_VN": null, "FCLASS_TR": null, "FCLASS_ID": null, "FCLASS_PL": null, "FCLASS_GR": null, "FCLASS_IT": null, "FCLASS_NL": null, "FCLASS_SE": null, "FCLASS_BD": null, "FCLASS_UA": null, "FCLASS_TLC": null }, "geometry": { "type": "Point", "coordinates": [ -83.4000104, 47.8337069 ] } },
{ "type": "Feature", "properties": { "SCALERANK": 7, "NATSCALE": 20, "LABELRANK": 2, "FEATURECLA": "Populated place", "NAME": "Wawa", "NAMEPAR": null, "NAMEALT": null, "NAMEASCII": "Wawa", "ADM0CAP": 0, "CAPIN": null, "WORLDCITY": 0, "MEGACITY": 0, "SOV0NAME": "Canada", "SOV_A3": "CAN", "ADM0NAME": "Canada", "ADM0_A3": "CAN", "ADM1NAME": "Ontario", "ISO_A2": "CA", "NOTE": null, "LATITUDE": 48.000415, "LONGITUDE": -84.783337, "POP_MAX": 2174, "POP_MIN": 2174, "POP_OTHER": 0, "RANK_MAX": 4, "RANK_MIN": 4, "MEGANAME": null, "LS_NAME": "Wawa", "MAX_POP10": 2174, "MAX_POP20": 2174, "MAX_POP50": 0, "MAX_POP300": 0, "MAX_POP310": 0, "MAX_NATSCA": 20, "MIN_AREAKM": 6, "MAX_AREAKM": 6, "MIN_AREAMI": 2, "MAX_AREAMI": 2, "MIN_PERKM": 15, "MAX_PERKM": 15, "MIN_PERMI": 10, "MAX_PERMI": 10, "MIN_BBXMIN": -84.8, "MAX_BBXMIN": -84.8, "MIN_BBXMAX": -84.766667, "MAX_BBXMAX": -84.766667, "MIN_BBYMIN": 47.958333, "MAX_BBYMIN": 47.958333, "MIN_BBYMAX": 48.0, "MAX_BBYMAX": 48.0, "MEAN_BBXC": -84.7825, "MEAN_BBYC": 47.98, "TIMEZONE": null, "UN_FID": 0, "POP1950": 0, "POP1955": 0, "POP1960": 0, "POP1965": 0, "POP1970": 0, "POP1975": 0, "POP1980": 0, "POP1985": 0, "POP1990": 0, "POP1995": 0, "POP2000": 0, "POP2005": 0, "POP2010": 0, "POP2015": 0, "POP2020": 0, "POP2025": 0, "POP2050": 0, "MIN_ZOOM": 6.7, "WIKIDATAID": "Q1284782", "WOF_ID": 1141907975, "CAPALT": 0, "NAME_EN": "Wawa", "NAME_DE": "Wawa", "NAME_ES": "Wawa", "NAME_FR": "Wawa", "NAME_PT": "Wawa", "NAME_RU": "Вава", "NAME_ZH": "瓦瓦", "LABEL": null, "NAME_AR": "واوا", "NAME_BN": "ওয়াওয়া", "NAME_EL": "Ουάουα", "NAME_HI": "वावा", "NAME_HU": "Wawa", "NAME_ID": "Wawa", "NAME_IT": "Wawa", "NAME_JA": "ワワ", "NAME_KO": "와와", "NAME_NL": "Wawa", "NAME_PL": "Wawa", "NAME_SV": "Wawa", "NAME_TR": "Wawa", "NAME_VI": "Wawa", "NE_ID": 1159143809, "NAME_FA": "واوا", "NAME_HE": "וולווה", "NAME_UK": "Вава", "NAME_UR": "واوا", "NAME_ZHT": "瓦瓦", "GEONAMESID": 6177178, "FCLASS_ISO": null, "FCLASS_US": null, "FCLASS_FR": null, "FCLASS_RU": null, "FCLASS_ES": null, "FCLASS_CN": null, "FCLASS_TW": null, "FCLASS_IN": null, "FCLASS_NP": null, "FCLASS_PK": null, "FCLASS_DE": null, "FCLASS_GB": null, "FCLASS_BR": null, "FCLASS_IL": null, "FCLASS_PS": null, "FCLASS_SA": null, "FCLASS_EG": null, "FCLASS_MA": null, "FCLASS_PT": null, "FCLASS_AR": null, "FCLASS_JP": null, "FCLASS_KO": null, "FCLASS_VN": null, "FCLASS_TR": null, "FCLASS_ID": null, "FCLASS_PL": null, "FCLASS_GR": null, "FCLASS_IT": null, "FCLASS_NL": null, "FCLASS_SE": null, "FCLASS_BD": null, "FCLASS_UA": null, "FCLASS_TLC": null }, "geometry": { "type": "Point", "coordinates": [ -84.7833368, 48.0004151 ] } },
{ "type": "Feature", "properties": { "SCALERANK": 7, "NATSCALE": 20, "LABELRANK": 2, "FEATURECLA": "Populated place", "NAME": "Hearst", "NAMEPAR": null, "NAMEALT": null, "NAMEASCII": "Hearst", "ADM0CAP": 0, "CAPIN": null, "WORLDCITY": 0, "MEGACITY": 0, "SOV0NAME": "Canada", "SOV_A3": "CAN", "ADM0NAME": "Canada", "ADM0_A3": "CAN", "ADM1NAME": "Ontario", "ISO_A2": "CA", "NOTE": null, "LATITUDE": 49.700492, "LONGITUDE": -83.666583, "POP_MAX": 5043, "POP_MIN": 4746, "POP_OTHER": 0, "RANK_MAX": 5, "RANK_MIN": 4, "MEGANAME": null, "LS_NAME": "Hearst", "MAX_POP10": 5043, "MAX_POP20": 5043, "MAX_POP50": 0, "MAX_POP300": 0, "MAX_POP310": 0, "MAX_NATSCA": 20, "MIN_AREAKM": 4, "MAX_AREAKM": 4, "MIN_AREAMI": 2, "MAX_AREAMI": 2, "MIN_PERKM": 15, "MAX_PERKM": 15, "MIN_PERMI": 10, "MAX_PERMI": 10, "MIN_BBXMIN": -83.691667, "MAX_BBXMIN": -83.691667, "MIN_BBXMAX": -83.633333, "MAX_BBXMAX": -83.633333, "MIN_BBYMIN": 49.683333, "MAX_BBYMIN": 49.683333, "MIN_BBYMAX": 49.7, "MAX_BBYMAX": 49.7, "MEAN_BBXC": -83.660417, "MEAN_BBYC": 49.688542, "TIMEZONE": "America/Nipigon", "UN_FID": 0, "POP1950": 0, "POP1955": 0, "POP1960": 0, "POP1965": 0, "POP1970": 0, "POP1975": 0, "POP1980": 0, "POP1985": 0, "POP1990": 0, "POP1995": 0, "POP2000": 0, "POP2005": 0, "POP2010": 0, "POP2015": 0, "POP2020": 0, "POP2025": 0, "POP2050": 0, "MIN_ZOOM": 6.7, "WIKIDATAID": "Q2270394", "WOF_ID": 101735693, "CAPALT": 0, "NAME_EN": "Hearst", "NAME_DE": "Hearst", "NAME_ES": "Hearst", "NAME_FR": "Hearst", "NAME_PT": "Hearst", "NAME_RU": "Херст", "NAME_ZH": "赫斯特", "LABEL": null, "NAME_AR": "هيرست", "NAME_BN": "হার্স্ট", "NAME_EL": "Χερστ", "NAME_HI": "हार्स्ट", "NAME_HU": "Hearst", "NAME_ID": "Hearst", "NAME_IT": "Hearst", "NAME_JA": "ハースト", "NAME_KO": "허스트", "NAME_NL": "Hearst", "NAME_PL": "Hearst", "NAME_SV": "Hearst", "NAME_TR": "Hearst", "NAME_VI": "Hearst", "NE_ID": 1159143815, "NAME_FA": "هرست", "NAME_HE": "הרסט", "NAME_UK": "Херст", "NAME_UR": "ہرسٹ", "NAME_ZHT": "赫斯特", "GEONAMESID": 5973108, "FCLASS_ISO": null, "FCLASS_US": null, "FCLASS_FR": null, "FCLASS_RU": null, "FCLASS_ES": null, "FCLASS_CN": null, "FCLASS_TW": null, "FCLASS_IN": null, "FCLASS_NP": null, "FCLASS_PK": null, "FCLASS_DE": null, "FCLASS_GB": null, "FCLASS_BR": null, "FCLASS_IL": null, "FCLASS_PS": null, "FCLASS_SA": null, "FCLASS_EG": null, "FCLASS_MA": null, "FCLASS_PT": null, "FCLASS_AR": null, "FCLASS_JP": null, "FCLASS_KO": null, "FCLASS_VN": null, "FCLASS_TR": null, "FCLASS_ID": null, "FCLASS_PL": null, "FCLASS_GR": null, "FCLASS_IT": null, "FCLASS_NL": null, "FCLASS_SE": null, "FCLASS_BD": null, "FCLASS_UA": null, "FCLASS_TLC": null }, "geometry": { "type": "Point", "coordinates": [ -83.6665833, 49.7004922 ] } },
{ "type": "Feature", "properties": { "SCALERANK": 7, "NATSCALE": 20, "LABELRANK": 2, "FEATURECLA": "Populated place", "NAME": "Marathon", "NAMEPAR": null, "NAMEALT": null, "NAMEASCII": "Marathon", "ADM0CAP": 0, "CAPIN": null, "WORLDCITY": 0, "MEGACITY": 0, "SOV0NAME": "Canada", "SOV_A3": "CAN", "ADM0NAME": "Canada", "ADM0_A3": "CAN", "ADM1NAME": "Ontario", "ISO_A2": "CA", "NOTE": null, "LATITUDE": 48.750395, "LONGITUDE": -86.366651, "POP_MAX": 4627, "POP_MIN": 4627, "POP_OTHER": 0, "RANK_MAX": 4, "RANK_MIN": 4, "MEGANAME": null, "LS_NAME": "Marathon", "MAX_POP10": 0, "MAX_POP20": 0, "MAX_POP50": 0, "MAX_POP300": 0, "MAX_POP310": 0, "MAX_NATSCA": 0, "MIN_AREAKM": 0, "MAX_AREAKM": 0, "MIN_AREAMI": 0, "MAX_AREAMI": 0, "MIN_PERKM": 0, "MAX_PERKM": 0, "MIN_PERMI": 0, "MAX_PERMI": 0, "MIN_BBXMIN": 0.0, "MAX_BBXMIN": 0.0, "MIN_BBXMAX": 0.0, "MAX_BBXMAX": 0.0, "MIN_BBYMIN": 0.0, "MAX_BBYMIN": 0.0, "MIN_BBYMAX": 0.0, "MAX_BBYMAX": 0.0, "MEAN_BBXC": 0.0, "MEAN_BBYC": 0.0, "TIMEZONE": "America/Nipigon", "UN_FID": 0, "POP1950": 0, "POP1955": 0, "POP1960": 0, "POP1965": 0, "POP1970": 0, "POP1975": 0, "POP1980": 0, "POP1985": 0, "POP1990": 0, "POP1995": 0, "POP2000": 0, "POP2005": 0, "POP2010": 0, "POP2015": 0, "POP2020": 0, "POP2025": 0, "POP2050": 0, "MIN_ZOOM": 6.7, "WIKIDATAID": "Q1341278", "WOF_ID": 101735713, "CAPALT": 0, "NAME_EN": "Marathon", "NAME_DE": "Marathon", "NAME_ES": "Marathon", "NAME_FR": "Marathon", "NAME_PT": "Marathon", "NAME_RU": "Маратон", "NAME_ZH": "马拉松", "LABEL": null, "NAME_AR": "ماراثون", "NAME_BN": "ম্যারাথন", "NAME_EL": "Μάραθον", "NAME_HI": "मैराथन", "NAME_HU": "Marathon", "NAME_ID": "Marathon", "NAME_IT": "Marathon", "NAME_JA": "マラソン", "NAME_KO": "마라톤", "NAME_NL": "Marathon", "NAME_PL": "Marathon", "NAME_SV": "Marathon", "NAME_TR": "Marathon", "NAME_VI": "Marathon", "NE_ID": 1159143819, "NAME_FA": "ماراتون", "NAME_HE": "מרטון", "NAME_UK": "Марафон", "NAME_UR": "میراتھن", "NAME_ZHT": "馬拉松", "GEONAMESID": 6065867, "FCLASS_ISO": null, "FCLASS_US": null, "FCLASS_FR": null, "FCLASS_RU": null, "FCLASS_ES": null, "FCLASS_CN": null, "FCLASS_TW": null, "FCLASS_IN": null, "FCLASS_NP": null, "FCLASS_PK": null, "FCLASS_DE": null, "FCLASS_GB": null, "FCLASS_BR": null, "FCLASS_IL": null, "FCLASS_PS": null, "FCLASS_SA": null, "FCLASS_EG": null, "FCLASS_MA": null, "FCLASS_PT": null, "FCLASS_AR": null, "FCLASS_JP": null, "FCLASS_KO": null, "FCLASS_VN": null, "FCLASS_TR": null, "FCLASS_ID": null, "FCLASS_PL": null, "FCLASS_GR": null, "FCLASS_IT": null, "FCLASS_NL": null, "FCLASS_SE": null, "FCLASS_BD": null, "FCLASS_UA": null, "FCLASS_TLC": null }, "geometry": { "type": "Point", "coordinates": [ -86.366651, 48.7503951 ] } },
{ "type": "Feature", "properties": { "SCALERANK": 7, "NATSCALE": 20, "LABELRANK": 2, "FEATURECLA": "Populated place", "NAME": "Sioux Lookout", "NAMEPAR": null, "NAMEALT": null, "NAMEASCII": "Sioux Lookout", "ADM0CAP": 0, "CAPIN": null, "WORLDCITY": 0, "MEGACITY": 0, "SOV0NAME": "Canada", "SOV_A3": "CAN", "ADM0NAME": "Canada", "ADM0_A3": "CAN", "ADM1NAME": "Ontario", "ISO_A2": "CA", "NOTE": null, "LATITUDE": 50.262964, "LONGITUDE": -91.916648, "POP_MAX": 4570, "POP_MIN": 4570, "POP_OTHER": 0, "RANK_MAX": 4, "RANK_MIN": 4, "MEGANAME": null, "LS_NAME": "Sioux Lookout", "MAX_POP10": 0, "MAX_POP20": 0, "MAX_POP50": 0, "MAX_POP300": 0, "MAX_POP310": 0, "MAX_NATSCA": 0, "MIN_AREAKM": 0, "MAX_AREAKM": 0, "MIN_AREAMI": 0, "MAX_AREAMI": 0, "MIN_PERKM": 0, "MAX_PERKM": 0, "MIN_PERMI": 0, "MAX_PERMI": 0, "MIN_BBXMIN": 0.0, "MAX_BBXMIN": 0.0, "MIN_BBXMAX": 0.0, "MAX_BBXMAX": 0.0, "MIN_BBYMIN": 0.0, "MAX_BBYMIN": 0.0, "MIN_BBYMAX": 0.0, "MAX_BBYMAX": 0.0, "MEAN_BBXC": 0.0, "MEAN_BBYC": 0.0, "TIMEZONE": null, "UN_FID": 0, "POP1950": 0, "POP1955": 0, "POP1960": 0, "POP1965": 0, "POP1970": 0, "POP1975": 0, "POP1980": 0, "POP1985": 0, "POP1990": 0, "POP1995": 0, "POP2000": 0, "POP2005": 0, "POP2010": 0, "POP2015": 0, "POP2020": 0, "POP2025": 0, "POP2050": 0, "MIN_ZOOM": 6.7, "WIKIDATAID": "Q36504", "WOF_ID": 1141907977, "CAPALT": 0, "NAME_EN": "Sioux Lookout", "NAME_DE": "Sioux Lookout", "NAME_ES": "Sioux Lookout", "NAME_FR": "Sioux Lookout", "NAME_PT": "Sioux Lookout", "NAME_RU": "Су-Лукаут", "NAME_ZH": "苏卢考特", "LABEL": null, "NAME_AR": "سيوكس لوكاوت", "NAME_BN": "সিওউক্স লুকআউট", "NAME_EL": "Σίου Λούκαουτ", "NAME_HI": "सिऊक्स लुकआउट", "NAME_HU": "Sioux Lookout", "NAME_ID": "Sioux Lookout", "NAME_IT": "Sioux Lookout", "NAME_JA": "スー・ルックアウト", "NAME_KO": "수 룩아웃", "NAME_NL": "Sioux Lookout", "NAME_PL": "Sioux Lookout", "NAME_SV": "Sioux Lookout", "NAME_TR": "Sioux Lookout", "NAME_VI": "Sioux Lookout", "NE_ID": 1159143823, "NAME_FA": "سیو لوکوت", "NAME_HE": "סיוקס לוקאוט", "NAME_UK": "Су-Лукаут", "NAME_UR": "سیوکس لک آؤٹ", "NAME_ZHT": "蘇克盧奧", "GEONAMESID": 6148373, "FCLASS_ISO": null, "FCLASS_US": null, "FCLASS_FR": null, "FCLASS_RU": null, "FCLASS_ES": null, "FCLASS_CN": null, "FCLASS_TW": null, "FCLASS_IN": null, "FCLASS_NP": null, "FCLASS_PK": null, "FCLASS_DE": null, "FCLASS_GB": null, "FCLASS_BR": null, "FCLASS_IL": null, "FCLASS_PS": null, "FCLASS_SA": null, "FCLASS_EG": null, "FCLASS_MA": null, "FCLASS_PT": null, "FCLASS_AR": null, "FCLASS_JP": null, "FCLASS_KO": null, "FCLASS_VN": null, "FCLASS_TR": null, "FCLASS_ID": null, "FCLASS_PL": null, "FCLASS_GR": null, "FCLASS_IT": null, "FCLASS_NL": null, "FCLASS_SE": null, "FCLASS_BD": null, "FCLASS_UA": null, "FCLASS_TLC": null }, "geometry": { "type": "Point", "coordinates": [ -91.9166482, 50.2629643 ] } },
{ "type": "Feature", "properties": { "SCALERANK": 7, "NATSCALE": 20, "LABELRANK": 2, "FEATURECLA": "Populated place", "NAME": "Red Lake", "NAMEPAR": null, "NAMEALT": null, "NAMEASCII": "Red Lake", "ADM0CAP": 0, "CAPIN": null, "WORLDCITY": 0, "MEGACITY": 0, "SOV0NAME": "Canada", "SOV_A3": "CAN", "ADM0NAME": "Canada", "ADM0_A3": "CAN", "ADM1NAME": "Ontario", "ISO_A2": "CA", "NOTE": null, "LATITUDE": 51.033692, "LONGITUDE": -93.833301, "POP_MAX": 1765, "POP_MIN": 1765, "POP_OTHER": 0, "RANK_MAX": 3, "RANK_MIN": 3, "MEGANAME": null, "LS_NAME": "Red Lake", "MAX_POP10": 1765, "MAX_POP20": 1765, "MAX_POP50": 0, "MAX_POP300": 0, "MAX_POP310": 0, "MAX_NATSCA": 20, "MIN_AREAKM": 4, "MAX_AREAKM": 4, "MIN_AREAMI": 2, "MAX_AREAMI": 2, "MIN_PERKM": 10, "MAX_PERKM": 10, "MIN_PERMI": 6, "MAX_PERMI": 6, "MIN_BBXMIN": -93.841667, "MAX_BBXMIN": -93.841667, "MIN_BBXMAX": -93.808333, "MAX_BBXMAX": -93.808333, "MIN_BBYMIN": 51.008333, "MAX_BBYMIN": 51.008333, "MIN_BBYMAX": 51.025, "MAX_BBYMAX": 51.025, "MEAN_BBXC": -93.825, "MEAN_BBYC": 51.016667, "TIMEZONE": null, "UN_FID": 0, "POP1950": 0, "POP1955": 0, "POP1960": 0, "POP1965": 0, "POP1970": 0, "POP1975": 0, "POP1980": 0, "POP1985": 0, "POP1990": 0, "POP1995": 0, "POP2000": 0, "POP2005": 0, "POP2010": 0, "POP2015": 0, "POP2020": 0, "POP2025": 0, "POP2050": 0, "MIN_ZOOM": 6.7, "WIKIDATAID": "Q1018643", "WOF_ID": 1141907979, "CAPALT": 0, "NAME_EN": "Red Lake", "NAME_DE": "Red Lake", "NAME_ES": "Red Lake", "NAME_FR": "Red Lake", "NAME_PT": "Red Lake", "NAME_RU": "Ред-Лейк", "NAME_ZH": "红湖", "LABEL": null, "NAME_AR": "البحيرة الحمراء", "NAME_BN": "রেড লেক", "NAME_EL": "Ρεντ Λέικ", "NAME_HI": "रेड लेक", "NAME_HU": "Red Lake", "NAME_ID": "Red Lake", "NAME_IT": "Red Lake", "NAME_JA": "レッドレイク", "NAME_KO": "레드 레이크", "NAME_NL": "Red Lake", "NAME_PL": "Red Lake", "NAME_SV": "Madsen", "NAME_TR": "Red Lake", "NAME_VI": "Red Lake", "NE_ID": 1159143827, "NAME_FA": "رد لیک", "NAME_HE": "האגם האדום", "NAME_UK": "Ред-Лейк", "NAME_UR": "ریڈ لیک", "NAME_ZHT": "紅湖市", "GEONAMESID": 6064017, "FCLASS_ISO": null, "FCLASS_US": null, "FCLASS_FR": null, "FCLASS_RU": null, "FCLASS_ES": null, "FCLASS_CN": null, "FCLASS_TW": null, "FCLASS_IN": null, "FCLASS_NP": null, "FCLASS_PK": null, "FCLASS_DE": null, "FCLASS_GB": null, "FCLASS_BR": null, "FCLASS_IL": null, "FCLASS_PS": null, "FCLASS_SA": null, "FCLASS_EG": null, "FCLASS_MA": null, "FCLASS_PT": null, "FCLASS_AR": null, "FCLASS_JP": null, "FCLASS_KO": null, "FCLASS_VN": null, "FCLASS_TR": null, "FCLASS_ID": null, "FCLASS_PL": null, "FCLASS_GR": null, "FCLASS_IT": null, "FCLASS_NL": null, "FCLASS_SE": null, "FCLASS_BD": null, "FCLASS_UA": null, "FCLASS_TLC": null }, "geometry": { "type": "Point", "coordinates": [ -93.8333012, 51.0336924 ] } },
{ "type": "Feature", "properties": { "SCALERANK": 7, "NATSCALE": 20, "LABELRANK": 2, "FEATURECLA": "Populated place", "NAME": "Deer Lake", "NAMEPAR": null, "NAMEALT": null, "NAMEASCII": "Deer Lake", "ADM0CAP": 0, "CAPIN": null, "WORLDCITY": 0, "MEGACITY": 0, "SOV0NAME": "Canada", "SOV_A3": "CAN", "ADM0NAME": "Canada", "ADM0_A3": "CAN", "ADM1NAME": "Ontario", "ISO_A2": "CA", "NOTE": null, "LATITUDE": 52.617033, "LONGITUDE": -94.066595, "POP_MAX": 3743, "POP_MIN": 3743, "POP_OTHER": 3601, "RANK_MAX": 4, "RANK_MIN": 4, "MEGANAME": null, "LS_NAME": "Deer Lake", "MAX_POP10": 3743, "MAX_POP20": 0, "MAX_POP50": 0, "MAX_POP300": 0, "MAX_POP310": 0, "MAX_NATSCA": 10, "MIN_AREAKM": 6, "MAX_AREAKM": 6, "MIN_AREAMI": 2, "MAX_AREAMI": 2, "MIN_PERKM": 14, "MAX_PERKM": 14, "MIN_PERMI": 9, "MAX_PERMI": 9, "MIN_BBXMIN": -57.45, "MAX_BBXMIN": -57.45, "MIN_BBXMAX": -57.408333, "MAX_BBXMAX": -57.408333, "MIN_BBYMIN": 49.166667, "MAX_BBYMIN": 49.166667, "MIN_BBYMAX": 49.191667, "MAX_BBYMAX": 49.191667, "MEAN_BBXC": -57.427652, "MEAN_BBYC": 49.180682, "TIMEZONE": null, "UN_FID": 0, "POP1950": 0, "POP1955": 0, "POP1960": 0, "POP1965": 0, "POP1970": 0, "POP1975": 0, "POP1980": 0, "POP1985": 0, "POP1990": 0, "POP1995": 0, "POP2000": 0, "POP2005": 0, "POP2010": 0, "POP2015": 0, "POP2020": 0, "POP2025": 0, "POP2050": 0, "MIN_ZOOM": 6.7, "WIKIDATAID": "Q5250783", "WOF_ID": 1141907981, "CAPALT": 0, "NAME_EN": "Deer Lake", "NAME_DE": "Deer Lake", "NAME_ES": "Deer Lake", "NAME_FR": "Première Nation de Deer Lake", "NAME_PT": "Deer Lake", "NAME_RU": "Дир-Лейк", "NAME_ZH": "迪尔莱克", "LABEL": null, "NAME_AR": "بحيرة دير", "NAME_BN": "ডিয়ার লেক", "NAME_EL": "Ντιρ Λέικ", "NAME_HI": "डियर लेक", "NAME_HU": "Deer Lake", "NAME_ID": "Deer Lake", "NAME_IT": "Deer Lake", "NAME_JA": "ディアレイク", "NAME_KO": "디어 레이크", "NAME_NL": "Deer Lake", "NAME_PL": "Deer Lake", "NAME_SV": "Deer Lake", "NAME_TR": "Deer Lake", "NAME_VI": "Deer Lake", "NE_ID": 1159143833, "NAME_FA": "دیر لیک", "NAME_HE": "אגם הצבאים", "NAME_UK": "Дір-Лейк", "NAME_UR": "ڈیئر لیک", "NAME_ZHT": "迪爾萊克", "GEONAMESID": -1, "FCLASS_ISO": null, "FCLASS_US": null, "FCLASS_FR": null, "FCLASS_RU": null, "FCLASS_ES": null, "FCLASS_CN": null, "FCLASS_TW": null, "FCLASS_IN": null, "FCLASS_NP": null, "FCLASS_PK": null, "FCLASS_DE": null, "FCLASS_GB": null, "FCLASS_BR": null, "FCLASS_IL": null, "FCLASS_PS": null, "FCLASS_SA": null, "FCLASS_EG": null, "FCLASS_MA": null, "FCLASS_PT": null, "FCLASS_AR": null, "FCLASS_JP": null, "FCLASS_KO": null, "FCLASS_VN": null, "FCLASS_TR": null, "FCLASS_ID": null, "FCLASS_PL": null, "FCLASS_GR": null, "FCLASS_IT": null, "FCLASS_NL": null, "FCLASS_SE": null, "FCLASS_BD": null, "FCLASS_UA": null, "FCLASS_TLC": null }, "geometry": { "type": "Point", "coordinates": [ -94.0665945, 52.6170325 ] } },
{ "type": "Feature", "properties": { "SCALERANK": 7, "NATSCALE": 20, "LABELRANK": 2, "FEATURECLA": "Populated place", "NAME": "Cat Lake", "NAMEPAR": null, "NAMEALT": null, "NAMEASCII": "Cat Lake", "ADM0CAP": 0, "CAPIN": null, "WORLDCITY": 0, "MEGACITY": 0, "SOV0NAME": "Canada", "SOV_A3": "CAN", "ADM0NAME": "Canada", "ADM0_A3": "CAN", "ADM1NAME": "Ontario", "ISO_A2": "CA", "NOTE": null, "LATITUDE": 51.717036, "LONGITUDE": -91.799989, "POP_MAX": 277, "POP_MIN": 277, "POP_OTHER": 0, "RANK_MAX": 2, "RANK_MIN": 2, "MEGANAME": null, "LS_NAME": "Cat Lake", "MAX_POP10": 0, "MAX_POP20": 0, "MAX_POP50": 0, "MAX_POP300": 0, "MAX_POP310": 0, "MAX_NATSCA": 0, "MIN_AREAKM": 0, "MAX_AREAKM": 0, "MIN_AREAMI": 0, "MAX_AREAMI": 0, "MIN_PERKM": 0, "MAX_PERKM": 0, "MIN_PERMI": 0, "MAX_PERMI": 0, "MIN_BBXMIN": 0.0, "MAX_BBXMIN": 0.0, "MIN_BBXMAX": 0.0, "MAX_BBXMAX": 0.0, "MIN_BBYMIN": 0.0, "MAX_BBYMIN": 0.0, "MIN_BBYMAX": 0.0, "MAX_BBYMAX": 0.0, "MEAN_BBXC": 0.0, "MEAN_BBYC": 0.0, "TIMEZONE": null, "UN_FID": 0, "POP1950": 0, "POP1955": 0, "POP1960": 0, "POP1965": 0, "POP1970": 0, "POP1975": 0, "POP1980": 0, "POP1985": 0, "POP1990": 0, "POP1995": 0, "POP2000": 0, "POP2005": 0, "POP2010": 0, "POP2015": 0, "POP2020": 0, "POP2025": 0, "POP2050": 0, "MIN_ZOOM": 6.7, "WIKIDATAID": "Q3402228", "WOF_ID": 1141907983, "CAPALT": 0, "NAME_EN": "Cat Lake", "NAME_DE": "Cat Lake", "NAME_ES": "Cat Lake", "NAME_FR": "Première nation de Cat Lake", "NAME_PT": "Cat Lake", "NAME_RU": "Кэт-Лейк", "NAME_ZH": "卡特莱克", "LABEL": null, "NAME_AR": "دير ليك", "NAME_BN": "ক্যাট লেক", "NAME_EL": "Κατ Λέικ", "NAME_HI": "कैट लेक", "NAME_HU": "Cat Lake", "NAME_ID": "Cat Lake", "NAME_IT": "Cat Lake", "NAME_JA": "キャットレイク", "NAME_KO": "캣 레이크", "NAME_NL": "Cat Lake", "NAME_PL": "Cat Lake", "NAME_SV": "Cat Lake", "NAME_TR": "Cat Lake", "NAME_VI": "Hồ Cat", "NE_ID": 1159143837, "NAME_FA": "کت لیک", "NAME_HE": "אגם החתול", "NAME_UK": "Кет-Лейк", "NAME_UR": "کیٹ لیک", "NAME_ZHT": "卡特萊克", "GEONAMESID": -1, "FCLASS_ISO": null, "FCLASS_US": null, "FCLASS_FR": null, "FCLASS_RU": null, "FCLASS_ES": null, "FCLASS_CN": null, "FCLASS_TW": null, "FCLASS_IN": null, "FCLASS_NP": null, "FCLASS_PK": null, "FCLASS_DE": null, "FCLASS_GB": null, "FCLASS_BR": null, "FCLASS_IL": null, "FCLASS_PS": null, "FCLASS_SA": null, "FCLASS_EG": null, "FCLASS_MA": null, "FCLASS_PT": null, "FCLASS_AR": null, "FCLASS_JP": null, "FCLASS_KO": null, "FCLASS_VN": null, "FCLASS_TR": null, "FCLASS_ID": null, "FCLASS_PL": null, "FCLASS_GR": null, "FCLASS_IT": null, "FCLASS_NL": null, "FCLASS_SE": null, "FCLASS_BD": null, "FCLASS_UA": null, "FCLASS_TLC": null }, "geometry": { "type": "Point", "coordinates": [ -91.7999886, 51.7170357 ] } },
{ "type": "Feature", "properties": { "SCALERANK": 7, "NATSCALE": 20, "LABELRANK": 2, "FEATURECLA": "Populated place", "NAME": "Cornwall", "NAMEPAR": null, "NAMEALT": null, "NAMEASCII": "Cornwall", "ADM0CAP": 0, "CAPIN": null, "WORLDCITY": 0, "MEGACITY": 0, "SOV0NAME": "Canada", "SOV_A3": "CAN", "ADM0NAME": "Canada", "ADM0_A3": "CAN", "ADM1NAME": "Ontario", "ISO_A2": "CA", "NOTE": null, "LATITUDE": 45.017057, "LONGITUDE": -74.73333, "POP_MAX": 48821, "POP_MIN": 46382, "POP_OTHER": 44395, "RANK_MAX": 7, "RANK_MIN": 7, "MEGANAME": null, "LS_NAME": "Cornwall", "MAX_POP10": 46382, "MAX_POP20": 46382, "MAX_POP50": 0, "MAX_POP300": 0, "MAX_POP310": 0, "MAX_NATSCA": 20, "MIN_AREAKM": 47, "MAX_AREAKM": 47, "MIN_AREAMI": 18, "MAX_AREAMI": 18, "MIN_PERKM": 64, "MAX_PERKM": 64, "MIN_PERMI": 40, "MAX_PERMI": 40, "MIN_BBXMIN": -74.8, "MAX_BBXMIN": -74.8, "MIN_BBXMAX": -74.658333, "MAX_BBXMAX": -74.658333, "MIN_BBYMIN": 45.0, "MAX_BBYMIN": 45.0, "MIN_BBYMAX": 45.075, "MAX_BBYMAX": 45.075, "MEAN_BBXC": -74.738782, "MEAN_BBYC": 45.037073, "TIMEZONE": "America/Montreal", "UN_FID": 0, "POP1950": 0, "POP1955": 0, "POP1960": 0, "POP1965": 0, "POP1970": 0, "POP1975": 0, "POP1980": 0, "POP1985": 0, "POP1990": 0, "POP1995": 0, "POP2000": 0, "POP2005": 0, "POP2010": 0, "POP2015": 0, "POP2020": 0, "POP2025": 0, "POP2050": 0, "MIN_ZOOM": 6.7, "WIKIDATAID": "Q956690", "WOF_ID": 101735565, "CAPALT": 0, "NAME_EN": "Cornwall", "NAME_DE": "Cornwall", "NAME_ES": "Cornwall", "NAME_FR": "Cornwall", "NAME_PT": "Cornwall", "NAME_RU": "Корнуолл", "NAME_ZH": "康沃尔", "LABEL": null, "NAME_AR": "كورنوال", "NAME_BN": "কর্নওয়াল", "NAME_EL": "Κόρνγουολ", "NAME_HI": "कॉर्नवाल", "NAME_HU": "Cornwall", "NAME_ID": "Cornwall", "NAME_IT": "Cornwall", "NAME_JA": "コーンウォール", "NAME_KO": "콘월", "NAME_NL": "Cornwall", "NAME_PL": "Cornwall", "NAME_SV": "Cornwall", "NAME_TR": "Cornwall", "NAME_VI": "Cornwall", "NE_ID": 1159143841, "NAME_FA": "کورنوال", "NAME_HE": "קורנוול", "NAME_UK": "Корнвол", "NAME_UR": "کورنوال", "NAME_ZHT": "康瓦耳", "GEONAMESID": 5928065, "FCLASS_ISO": null, "FCLASS_US": null, "FCLASS_FR": null, "FCLASS_RU": null, "FCLASS_ES": null, "FCLASS_CN": null, "FCLASS_TW": null, "FCLASS_IN": null, "FCLASS_NP": null, "FCLASS_PK": null, "FCLASS_DE": null, "FCLASS_GB": null, "FCLASS_BR": null, "FCLASS_IL": null, "FCLASS_PS": null, "FCLASS_SA": null, "FCLASS_EG": null, "FCLASS_MA": null, "FCLASS_PT": null, "FCLASS_AR": null, "FCLASS_JP": null, "FCLASS_KO": null, "FCLASS_VN": null, "FCLASS_TR": null, "FCLASS_ID": null, "FCLASS_PL": null, "FCLASS_GR": null, "FCLASS_IT": null, "FCLASS_NL": null, "FCLASS_SE": null, "FCLASS_BD": null, "FCLASS_UA": null, "FCLASS_TLC": null }, "geometry": { "type": "Point", "coordinates": [ -74.7333301, 45.0170571 ] } },
{ "type": "Feature", "properties": { "SCALERANK": 7, "NATSCALE": 20, "LABELRANK": 2, "FEATURECLA": "Populated place", "NAME": "Kingston", "NAMEPAR": null, "NAMEALT": null, "NAMEASCII": "Kingston", "ADM0CAP": 0, "CAPIN": null, "WORLDCITY": 0, "MEGACITY": 0, "SOV0NAME": "Canada", "SOV_A3": "CAN", "ADM0NAME": "Canada", "ADM0_A3": "CAN", "ADM1NAME": "Ontario", "ISO_A2": "CA", "NOTE": null, "LATITUDE": 44.23372, "LONGITUDE": -76.483301, "POP_MAX": 114195, "POP_MIN": 102400, "POP_OTHER": 18171, "RANK_MAX": 9, "RANK_MIN": 9, "MEGANAME": null, "LS_NAME": "Kingston2", "MAX_POP10": 102400, "MAX_POP20": 102400, "MAX_POP50": 0, "MAX_POP300": 0, "MAX_POP310": 0, "MAX_NATSCA": 20, "MIN_AREAKM": 97, "MAX_AREAKM": 97, "MIN_AREAMI": 37, "MAX_AREAMI": 37, "MIN_PERKM": 92, "MAX_PERKM": 92, "MIN_PERMI": 57, "MAX_PERMI": 57, "MIN_BBXMIN": -76.625, "MAX_BBXMIN": -76.625, "MIN_BBXMAX": -76.425, "MAX_BBXMAX": -76.425, "MIN_BBYMIN": 44.208333, "MAX_BBYMIN": 44.208333, "MIN_BBYMAX": 44.291667, "MAX_BBYMAX": 44.291667, "MEAN_BBXC": -76.533731, "MEAN_BBYC": 44.253477, "TIMEZONE": "America/Toronto", "UN_FID": 0, "POP1950": 0, "POP1955": 0, "POP1960": 0, "POP1965": 0, "POP1970": 0, "POP1975": 0, "POP1980": 0, "POP1985": 0, "POP1990": 0, "POP1995": 0, "POP2000": 0, "POP2005": 0, "POP2010": 0, "POP2015": 0, "POP2020": 0, "POP2025": 0, "POP2050": 0, "MIN_ZOOM": 6.7, "WIKIDATAID": "Q202973", "WOF_ID": 101735601, "CAPALT": 0, "NAME_EN": "Kingston", "NAME_DE": "Kingston", "NAME_ES": "Kingston", "NAME_FR": "Kingston", "NAME_PT": "Kingston", "NAME_RU": "Кингстон", "NAME_ZH": "金斯顿", "LABEL": null, "NAME_AR": "كينغستون", "NAME_BN": "কিংস্টন", "NAME_EL": "Κίνγκστον", "NAME_HI": "किंग्स्टन", "NAME_HU": "Kingston", "NAME_ID": "Kingston", "NAME_IT": "Kingston", "NAME_JA": "キングストン", "NAME_KO": "킹스턴", "NAME_NL": "Kingston", "NAME_PL": "Kingston", "NAME_SV": "Kingston", "NAME_TR": "Kingston", "NAME_VI": "Kingston", "NE_ID": 1159143845, "NAME_FA": "کینگستون", "NAME_HE": "קינגסטון", "NAME_UK": "Кінгстон", "NAME_UR": "کنگسٹن", "NAME_ZHT": "金斯頓", "GEONAMESID": 5992500, "FCLASS_ISO": null, "FCLASS_US": null, "FCLASS_FR": null, "FCLASS_RU": null, "FCLASS_ES": null, "FCLASS_CN": null, "FCLASS_TW": null, "FCLASS_IN": null, "FCLASS_NP": null, "FCLASS_PK": null, "FCLASS_DE": null, "FCLASS_GB": null, "FCLASS_BR": null, "FCLASS_IL": null, "FCLASS_PS": null, "FCLASS_SA": null, "FCLASS_EG": null, "FCLASS_MA": null, "FCLASS_PT": null, "FCLASS_AR": null, "FCLASS_JP": null, "FCLASS_KO": null, "FCLASS_VN": null, "FCLASS_TR": null, "FCLASS_ID": null, "FCLASS_PL": null, "FCLASS_GR": null, "FCLASS_IT": null, "FCLASS_NL": null, "FCLASS_SE": null, "FCLASS_BD": null, "FCLASS_UA": null, "FCLASS_TLC": null }, "geometry": { "type": "Point", "coordinates": [ -76.4833008, 44.2337199 ] } },
{ "type": "Feature", "properties": { "SCALERANK": 7, "NATSCALE": 20, "LABELRANK": 2, "FEATURECLA": "Populated place", "NAME": "Barrie", "NAMEPAR": null, "NAMEALT": null, "NAMEASCII": "Barrie", "ADM0CAP": 0, "CAPIN": null, "WORLDCITY": 0, "MEGACITY": 0, "SOV0NAME": "Canada", "SOV_A3": "CAN", "ADM0NAME": "Canada", "ADM0_A3": "CAN", "ADM1NAME": "Ontario", "ISO_A2": "CA", "NOTE": null, "LATITUDE": 44.383762, "LONGITUDE": -79.700004, "POP_MAX": 182041, "POP_MIN": 119732, "POP_OTHER": 119750, "RANK_MAX": 9, "RANK_MIN": 9, "MEGANAME": null, "LS_NAME": "Barrie", "MAX_POP10": 119732, "MAX_POP20": 119522, "MAX_POP50": 0, "MAX_POP300": 0, "MAX_POP310": 0, "MAX_NATSCA": 20, "MIN_AREAKM": 76, "MAX_AREAKM": 76, "MIN_AREAMI": 29, "MAX_AREAMI": 29, "MIN_PERKM": 74, "MAX_PERKM": 74, "MIN_PERMI": 46, "MAX_PERMI": 46, "MIN_BBXMIN": -79.741667, "MAX_BBXMIN": -79.741667, "MIN_BBXMAX": -79.625, "MAX_BBXMAX": -79.625, "MIN_BBYMIN": 44.291667, "MAX_BBYMIN": 44.291667, "MIN_BBYMAX": 44.45, "MAX_BBYMAX": 44.45, "MEAN_BBXC": -79.683871, "MEAN_BBYC": 44.373992, "TIMEZONE": "America/Toronto", "UN_FID": 0, "POP1950": 0, "POP1955": 0, "POP1960": 0, "POP1965": 0, "POP1970": 0, "POP1975": 0, "POP1980": 0, "POP1985": 0, "POP1990": 0, "POP1995": 0, "POP2000": 0, "POP2005": 0, "POP2010": 0, "POP2015": 0, "POP2020": 0, "POP2025": 0, "POP2050": 0, "MIN_ZOOM": 6.7, "WIKIDATAID": "Q34183", "WOF_ID": 101735527, "CAPALT": 0, "NAME_EN": "Barrie", "NAME_DE": "Barrie", "NAME_ES": "Barrie", "NAME_FR": "Barrie", "NAME_PT": "Barrie", "NAME_RU": "Барри", "NAME_ZH": "巴里", "LABEL": null, "NAME_AR": "باري", "NAME_BN": "ব্যারি", "NAME_EL": "Μπάρι", "NAME_HI": "बैरी", "NAME_HU": "Barrie", "NAME_ID": "Barrie", "NAME_IT": "Barrie", "NAME_JA": "バリー", "NAME_KO": "배리", "NAME_NL": "Barrie", "NAME_PL": "Barrie", "NAME_SV": "Barrie", "NAME_TR": "Barrie", "NAME_VI": "Barrie", "NE_ID": 1159143851, "NAME_FA": "بری", "NAME_HE": "בארי", "NAME_UK": "Беррі", "NAME_UR": "باری", "NAME_ZHT": "巴里", "GEONAMESID": 5894171, "FCLASS_ISO": null, "FCLASS_US": null, "FCLASS_FR": null, "FCLASS_RU": null, "FCLASS_ES": null, "FCLASS_CN": null, "FCLASS_TW": null, "FCLASS_IN": null, "FCLASS_NP": null, "FCLASS_PK": null, "FCLASS_DE": null, "FCLASS_GB": null, "FCLASS_BR": null, "FCLASS_IL": null, "FCLASS_PS": null, "FCLASS_SA": null, "FCLASS_EG": null, "FCLASS_MA": null, "FCLASS_PT": null, "FCLASS_AR": null, "FCLASS_JP": null, "FCLASS_KO": null, "FCLASS_VN": null, "FCLASS_TR": null, "FCLASS_ID": null, "FCLASS_PL": null, "FCLASS_GR": null, "FCLASS_IT": null, "FCLASS_NL": null, "FCLASS_SE": null, "FCLASS_BD": null, "FCLASS_UA": null, "FCLASS_TLC": null }, "geometry": { "type": "Point", "coordinates": [ -79.7000037, 44.3837624 ] } },
{ "type": "Feature", "properties": { "SCALERANK": 7, "NATSCALE": 20, "LABELRANK": 2, "FEATURECLA": "Populated place", "NAME": "Parry Sound", "NAMEPAR": null, "NAMEALT": null, "NAMEASCII": "Parry Sound", "ADM0CAP": 0, "CAPIN": null, "WORLDCITY": 0, "MEGACITY": 0, "SOV0NAME": "Canada", "SOV_A3": "CAN", "ADM0NAME": "Canada", "ADM0_A3": "CAN", "ADM1NAME": "Ontario", "ISO_A2": "CA", "NOTE": null, "LATITUDE": 45.333704, "LONGITUDE": -80.033007, "POP_MAX": 7105, "POP_MIN": 6469, "POP_OTHER": 0, "RANK_MAX": 5, "RANK_MIN": 5, "MEGANAME": null, "LS_NAME": "Parry Sound", "MAX_POP10": 7105, "MAX_POP20": 7105, "MAX_POP50": 0, "MAX_POP300": 0, "MAX_POP310": 0, "MAX_NATSCA": 20, "MIN_AREAKM": 10, "MAX_AREAKM": 10, "MIN_AREAMI": 4, "MAX_AREAMI": 4, "MIN_PERKM": 14, "MAX_PERKM": 14, "MIN_PERMI": 9, "MAX_PERMI": 9, "MIN_BBXMIN": -80.05, "MAX_BBXMIN": -80.05, "MIN_BBXMAX": -80.008333, "MAX_BBXMAX": -80.008333, "MIN_BBYMIN": 45.333333, "MAX_BBYMIN": 45.333333, "MIN_BBYMAX": 45.366667, "MAX_BBYMAX": 45.366667, "MEAN_BBXC": -80.029167, "MEAN_BBYC": 45.348958, "TIMEZONE": "America/Toronto", "UN_FID": 0, "POP1950": 0, "POP1955": 0, "POP1960": 0, "POP1965": 0, "POP1970": 0, "POP1975": 0, "POP1980": 0, "POP1985": 0, "POP1990": 0, "POP1995": 0, "POP2000": 0, "POP2005": 0, "POP2010": 0, "POP2015": 0, "POP2020": 0, "POP2025": 0, "POP2050": 0, "MIN_ZOOM": 6.7, "WIKIDATAID": "Q2219667", "WOF_ID": 101735545, "CAPALT": 0, "NAME_EN": "Parry Sound", "NAME_DE": "Parry Sound", "NAME_ES": "Parry Sound", "NAME_FR": "Parry Sound", "NAME_PT": "Parry Sound", "NAME_RU": "Парри-Саунд", "NAME_ZH": "帕里湾", "LABEL": null, "NAME_AR": "باري ساوند", "NAME_BN": "প্যারি সাউন্ড", "NAME_EL": "Πάρι Σάουντ", "NAME_HI": "पैरी साउंड", "NAME_HU": "Parry Sound", "NAME_ID": "Parry Sound", "NAME_IT": "Parry Sound", "NAME_JA": "パリーサウンド", "NAME_KO": "패리 사운드", "NAME_NL": "Parry Sound", "NAME_PL": "Parry Sound", "NAME_SV": "Parry Sound", "NAME_TR": "Parry Sound", "NAME_VI": "Parry Sound", "NE_ID": 1159143855, "NAME_FA": "پری ساوند", "NAME_HE": "פארי סאונד", "NAME_UK": "Паррі-Саунд", "NAME_UR": "پیری ساؤنڈ", "NAME_ZHT": "帕里灣", "GEONAMESID": 6098747, "FCLASS_ISO": null, "FCLASS_US": null, "FCLASS_FR": null, "FCLASS_RU": null, "FCLASS_ES": null, "FCLASS_CN": null, "FCLASS_TW": null, "FCLASS_IN": null, "FCLASS_NP": null, "FCLASS_PK": null, "FCLASS_DE": null, "FCLASS_GB": null, "FCLASS_BR": null, "FCLASS_IL": null, "FCLASS_PS": null, "FCLASS_SA": null, "FCLASS_EG": null, "FCLASS_MA": null, "FCLASS_PT": null, "FCLASS_AR": null, "FCLASS_JP": null, "FCLASS_KO": null, "FCLASS_VN": null, "FCLASS_TR": null, "FCLASS_ID": null, "FCLASS_PL": null, "FCLASS_GR": null, "FCLASS_IT": null, "FCLASS_NL": null, "FCLASS_SE": null, "FCLASS_BD": null, "FCLASS_UA": null, "FCLASS_TLC": null }, "geometry": { "type": "Point", "coordinates": [ -80.0330066, 45.3337044 ] } },
{ "type": "Feature", "properties": { "SCALERANK": 7, "NATSCALE": 20, "LABELRANK": 2, "FEATURECLA": "Populated place", "NAME": "Wiarton", "NAMEPAR": null, "NAMEALT": null, "NAMEASCII": "Wiarton", "ADM0CAP": 0, "CAPIN": null, "WORLDCITY": 0, "MEGACITY": 0, "SOV0NAME": "Canada", "SOV_A3": "CAN", "ADM0NAME": "Canada", "ADM0_A3": "CAN", "ADM1NAME": "Ontario", "ISO_A2": "CA", "NOTE": null, "LATITUDE": 44.733689, "LONGITUDE": -81.133301, "POP_MAX": 2182, "POP_MIN": 2182, "POP_OTHER": 0, "RANK_MAX": 4, "RANK_MIN": 4, "MEGANAME": null, "LS_NAME": "Wiarton", "MAX_POP10": 2182, "MAX_POP20": 2182, "MAX_POP50": 0, "MAX_POP300": 0, "MAX_POP310": 0, "MAX_NATSCA": 20, "MIN_AREAKM": 3, "MAX_AREAKM": 3, "MIN_AREAMI": 1, "MAX_AREAMI": 1, "MIN_PERKM": 8, "MAX_PERKM": 8, "MIN_PERMI": 5, "MAX_PERMI": 5, "MIN_BBXMIN": -81.15, "MAX_BBXMIN": -81.15, "MIN_BBXMAX": -81.125, "MAX_BBXMAX": -81.125, "MIN_BBYMIN": 44.733333, "MAX_BBYMIN": 44.733333, "MIN_BBYMAX": 44.75, "MAX_BBYMAX": 44.75, "MEAN_BBXC": -81.139167, "MEAN_BBYC": 44.740833, "TIMEZONE": null, "UN_FID": 0, "POP1950": 0, "POP1955": 0, "POP1960": 0, "POP1965": 0, "POP1970": 0, "POP1975": 0, "POP1980": 0, "POP1985": 0, "POP1990": 0, "POP1995": 0, "POP2000": 0, "POP2005": 0, "POP2010": 0, "POP2015": 0, "POP2020": 0, "POP2025": 0, "POP2050": 0, "MIN_ZOOM": 6.7, "WIKIDATAID": "Q3567895", "WOF_ID": 1141907987, "CAPALT": 0, "NAME_EN": "Wiarton", "NAME_DE": "Wiarton", "NAME_ES": "Wiarton", "NAME_FR": "Wiarton", "NAME_PT": "Wiarton", "NAME_RU": "Уиартон", "NAME_ZH": "怀尔顿", "LABEL": null, "NAME_AR": "ويارتون", "NAME_BN": "উইয়ার্টন", "NAME_EL": "Γουάιαρτον", "NAME_HI": "व्यार्टन", "NAME_HU": "Wiarton", "NAME_ID": "Wiarton", "NAME_IT": "Wiarton", "NAME_JA": "ワイアートン", "NAME_KO": "위어튼", "NAME_NL": "Wiarton", "NAME_PL": "Wiarton", "NAME_SV": "Wiarton", "NAME_TR": "Wiarton", "NAME_VI": "Wiarton", "NE_ID": 1159143859, "NAME_FA": "ویارتون", "NAME_HE": "וויארטון", "NAME_UK": "Віартон", "NAME_UR": "ویارٹون", "NAME_ZHT": "威頓", "GEONAMESID": 8556287, "FCLASS_ISO": null, "FCLASS_US": null, "FCLASS_FR": null, "FCLASS_RU": null, "FCLASS_ES": null, "FCLASS_CN": null, "FCLASS_TW": null, "FCLASS_IN": null, "FCLASS_NP": null, "FCLASS_PK": null, "FCLASS_DE": null, "FCLASS_GB": null, "FCLASS_BR": null, "FCLASS_IL": null, "FCLASS_PS": null, "FCLASS_SA": null, "FCLASS_EG": null, "FCLASS_MA": null, "FCLASS_PT": null, "FCLASS_AR": null, "FCLASS_JP": null, "FCLASS_KO": null, "FCLASS_VN": null, "FCLASS_TR": null, "FCLASS_ID": null, "FCLASS_PL": null, "FCLASS_GR": null, "FCLASS_IT": null, "FCLASS_NL": null, "FCLASS_SE": null, "FCLASS_BD": null, "FCLASS_UA": null, "FCLASS_TLC": null }, "geometry": { "type": "Point", "coordinates": [ -81.1333012, 44.7336894 ] } },
{ "type": "Feature", "properties": { "SCALERANK": 7, "NATSCALE": 20, "LABELRANK": 2, "FEATURECLA": "Populated place", "NAME": "Cobalt", "NAMEPAR": null, "NAMEALT": null, "NAMEASCII": "Cobalt", "ADM0CAP": 0, "CAPIN": null, "WORLDCITY": 0, "MEGACITY": 0, "SOV0NAME": "Canada", "SOV_A3": "CAN", "ADM0NAME": "Canada", "ADM0_A3": "CAN", "ADM1NAME": "Ontario", "ISO_A2": "CA", "NOTE": null, "LATITUDE": 47.383709, "LONGITUDE": -79.683312, "POP_MAX": 1372, "POP_MIN": 1372, "POP_OTHER": 0, "RANK_MAX": 3, "RANK_MIN": 3, "MEGANAME": null, "LS_NAME": "Cobalt", "MAX_POP10": 1372, "MAX_POP20": 1372, "MAX_POP50": 0, "MAX_POP300": 0, "MAX_POP310": 0, "MAX_NATSCA": 20, "MIN_AREAKM": 2, "MAX_AREAKM": 2, "MIN_AREAMI": 1, "MAX_AREAMI": 1, "MIN_PERKM": 8, "MAX_PERKM": 8, "MIN_PERMI": 5, "MAX_PERMI": 5, "MIN_BBXMIN": -79.7, "MAX_BBXMIN": -79.7, "MIN_BBXMAX": -79.675, "MAX_BBXMAX": -79.675, "MIN_BBYMIN": 47.391667, "MAX_BBYMIN": 47.391667, "MIN_BBYMAX": 47.408333, "MAX_BBYMAX": 47.408333, "MEAN_BBXC": -79.685417, "MEAN_BBYC": 47.397917, "TIMEZONE": null, "UN_FID": 0, "POP1950": 0, "POP1955": 0, "POP1960": 0, "POP1965": 0, "POP1970": 0, "POP1975": 0, "POP1980": 0, "POP1985": 0, "POP1990": 0, "POP1995": 0, "POP2000": 0, "POP2005": 0, "POP2010": 0, "POP2015": 0, "POP2020": 0, "POP2025": 0, "POP2050": 0, "MIN_ZOOM": 6.7, "WIKIDATAID": "Q2568572", "WOF_ID": 1141907989, "CAPALT": 0, "NAME_EN": "Cobalt", "NAME_DE": "Cobalt", "NAME_ES": "Cobalt", "NAME_FR": "Cobalt", "NAME_PT": "Cobalto", "NAME_RU": "Кобальт", "NAME_ZH": "科博爾特", "LABEL": null, "NAME_AR": "محافظة كوبالت", "NAME_BN": "কোবাল্ট", "NAME_EL": "Κόμπαλτ", "NAME_HI": "कोबॉल्ट", "NAME_HU": "Cobalt", "NAME_ID": "Cobalt", "NAME_IT": "Cobalt", "NAME_JA": "コバルト", "NAME_KO": "코발트", "NAME_NL": "Cobalt", "NAME_PL": "Cobalt", "NAME_SV": "Cobalt", "NAME_TR": "Cobalt", "NAME_VI": "Cobalt", "NE_ID": 1159143863, "NAME_FA": "کوبالت", "NAME_HE": "קובלט", "NAME_UK": "Кобальт", "NAME_UR": "کوبالٹ", "NAME_ZHT": "科博爾特", "GEONAMESID": 5924511, "FCLASS_ISO": null, "FCLASS_US": null, "FCLASS_FR": null, "FCLASS_RU": null, "FCLASS_ES": null, "FCLASS_CN": null, "FCLASS_TW": null, "FCLASS_IN": null, "FCLASS_NP": null, "FCLASS_PK": null, "FCLASS_DE": null, "FCLASS_GB": null, "FCLASS_BR": null, "FCLASS_IL": null, "FCLASS_PS": null, "FCLASS_SA": null, "FCLASS_EG": null, "FCLASS_MA": null, "FCLASS_PT": null, "FCLASS_AR": null, "FCLASS_JP": null, "FCLASS_KO": null, "FCLASS_VN": null, "FCLASS_TR": null, "FCLASS_ID": null, "FCLASS_PL": null, "FCLASS_GR": null, "FCLASS_IT": null, "FCLASS_NL": null, "FCLASS_SE": null, "FCLASS_BD": null, "FCLASS_UA": null, "FCLASS_TLC": null }, "geometry": { "type": "Point", "coordinates": [ -79.6833122, 47.3837085 ] } },
{ "type": "Feature", "properties": { "SCALERANK": 7, "NATSCALE": 20, "LABELRANK": 2, "FEATURECLA": "Populated place", "NAME": "Cochrane", "NAMEPAR": null, "NAMEALT": null, "NAMEASCII": "Cochrane", "ADM0CAP": 0, "CAPIN": null, "WORLDCITY": 0, "MEGACITY": 0, "SOV0NAME": "Canada", "SOV_A3": "CAN", "ADM0NAME": "Canada", "ADM0_A3": "CAN", "ADM1NAME": "Ontario", "ISO_A2": "CA", "NOTE": null, "LATITUDE": 49.067017, "LONGITUDE": -81.016564, "POP_MAX": 4441, "POP_MIN": 4441, "POP_OTHER": 4325, "RANK_MAX": 4, "RANK_MIN": 4, "MEGANAME": null, "LS_NAME": "Cochrane", "MAX_POP10": 4441, "MAX_POP20": 4441, "MAX_POP50": 0, "MAX_POP300": 0, "MAX_POP310": 0, "MAX_NATSCA": 20, "MIN_AREAKM": 6, "MAX_AREAKM": 6, "MIN_AREAMI": 2, "MAX_AREAMI": 2, "MIN_PERKM": 14, "MAX_PERKM": 14, "MIN_PERMI": 9, "MAX_PERMI": 9, "MIN_BBXMIN": -81.041667, "MAX_BBXMIN": -81.041667, "MIN_BBXMAX": -81.0, "MAX_BBXMAX": -81.0, "MIN_BBYMIN": 49.041667, "MAX_BBYMIN": 49.041667, "MIN_BBYMAX": 49.075, "MAX_BBYMAX": 49.075, "MEAN_BBXC": -81.022348, "MEAN_BBYC": 49.061742, "TIMEZONE": null, "UN_FID": 0, "POP1950": 0, "POP1955": 0, "POP1960": 0, "POP1965": 0, "POP1970": 0, "POP1975": 0, "POP1980": 0, "POP1985": 0, "POP1990": 0, "POP1995": 0, "POP2000": 0, "POP2005": 0, "POP2010": 0, "POP2015": 0, "POP2020": 0, "POP2025": 0, "POP2050": 0, "MIN_ZOOM": 6.7, "WIKIDATAID": "Q2273431", "WOF_ID": 1141907991, "CAPALT": 0, "NAME_EN": "Cochrane", "NAME_DE": "Cochrane", "NAME_ES": "Cochrane", "NAME_FR": "Cochrane", "NAME_PT": "Cochrane", "NAME_RU": "Кокран", "NAME_ZH": "科克伦", "LABEL": null, "NAME_AR": "كوتشران", "NAME_BN": "কোচ্রেন", "NAME_EL": "Κόκραν", "NAME_HI": "कोक्रेन", "NAME_HU": "Cochrane", "NAME_ID": "Cochrane", "NAME_IT": "Cochrane", "NAME_JA": "コクレーン", "NAME_KO": "코크란", "NAME_NL": "Cochrane", "NAME_PL": "Cochrane", "NAME_SV": "Cochrane", "NAME_TR": "Cochrane", "NAME_VI": "Cochrane", "NE_ID": 1159143869, "NAME_FA": "کاکرن", "NAME_HE": "קוקרן", "NAME_UK": "Кокран", "NAME_UR": "کوچرین", "NAME_ZHT": "科克倫", "GEONAMESID": -1, "FCLASS_ISO": null, "FCLASS_US": null, "FCLASS_FR": null, "FCLASS_RU": null, "FCLASS_ES": null, "FCLASS_CN": null, "FCLASS_TW": null, "FCLASS_IN": null, "FCLASS_NP": null, "FCLASS_PK": null, "FCLASS_DE": null, "FCLASS_GB": null, "FCLASS_BR": null, "FCLASS_IL": null, "FCLASS_PS": null, "FCLASS_SA": null, "FCLASS_EG": null, "FCLASS_MA": null, "FCLASS_PT": null, "FCLASS_AR": null, "FCLASS_JP": null, "FCLASS_KO": null, "FCLASS_VN": null, "FCLASS_TR": null, "FCLASS_ID": null, "FCLASS_PL": null, "FCLASS_GR": null, "FCLASS_IT": null, "FCLASS_NL": null, "FCLASS_SE": null, "FCLASS_BD": null, "FCLASS_UA": null, "FCLASS_TLC": null }, "geometry": { "type": "Point", "coordinates": [ -81.0165642, 49.0670166 ] } },
{ "type": "Feature", "properties": { "SCALERANK": 7, "NATSCALE": 20, "LABELRANK": 2, "FEATURECLA": "Populated place", "NAME": "Nipigon", "NAMEPAR": null, "NAMEALT": null, "NAMEASCII": "Nipigon", "ADM0CAP": 0, "CAPIN": null, "WORLDCITY": 0, "MEGACITY": 0, "SOV0NAME": "Canada", "SOV_A3": "CAN", "ADM0NAME": "Canada", "ADM0_A3": "CAN", "ADM1NAME": "Ontario", "ISO_A2": "CA", "NOTE": null, "LATITUDE": 49.017046, "LONGITUDE": -88.249973, "POP_MAX": 1204, "POP_MIN": 1204, "POP_OTHER": 0, "RANK_MAX": 3, "RANK_MIN": 3, "MEGANAME": null, "LS_NAME": "Nipigon", "MAX_POP10": 1204, "MAX_POP20": 1204, "MAX_POP50": 0, "MAX_POP300": 0, "MAX_POP310": 0, "MAX_NATSCA": 20, "MIN_AREAKM": 3, "MAX_AREAKM": 3, "MIN_AREAMI": 1, "MAX_AREAMI": 1, "MIN_PERKM": 12, "MAX_PERKM": 12, "MIN_PERMI": 8, "MAX_PERMI": 8, "MIN_BBXMIN": -88.275, "MAX_BBXMIN": -88.275, "MIN_BBXMAX": -88.233334, "MAX_BBXMAX": -88.233333, "MIN_BBYMIN": 49.0, "MAX_BBYMIN": 49.000002, "MIN_BBYMAX": 49.033333, "MAX_BBYMAX": 49.033335, "MEAN_BBXC": -88.255833, "MEAN_BBYC": 49.014167, "TIMEZONE": null, "UN_FID": 0, "POP1950": 0, "POP1955": 0, "POP1960": 0, "POP1965": 0, "POP1970": 0, "POP1975": 0, "POP1980": 0, "POP1985": 0, "POP1990": 0, "POP1995": 0, "POP2000": 0, "POP2005": 0, "POP2010": 0, "POP2015": 0, "POP2020": 0, "POP2025": 0, "POP2050": 0, "MIN_ZOOM": 6.7, "WIKIDATAID": "Q1993247", "WOF_ID": 1141907993, "CAPALT": 0, "NAME_EN": "Nipigon", "NAME_DE": "Nipigon", "NAME_ES": "Nipigon", "NAME_FR": "Nipigon", "NAME_PT": "Nipigon", "NAME_RU": "Нипигон", "NAME_ZH": "尼皮贡", "LABEL": null, "NAME_AR": "نيبيجون", "NAME_BN": "নিপিগন", "NAME_EL": "Νιπιγκόν", "NAME_HI": "निपिगोन", "NAME_HU": "Nipigon", "NAME_ID": "Nipigon", "NAME_IT": "Nipigon", "NAME_JA": "ニピゴン", "NAME_KO": "니피곤", "NAME_NL": "Nipigon", "NAME_PL": "Nipigon", "NAME_SV": "Nipigon", "NAME_TR": "Nipigon", "NAME_VI": "Nipigon", "NE_ID": 1159143873, "NAME_FA": "نپیگان", "NAME_HE": "ניפיגון", "NAME_UK": "Ніпігон", "NAME_UR": "نیپیگون", "NAME_ZHT": "尼皮貢", "GEONAMESID": 6088485, "FCLASS_ISO": null, "FCLASS_US": null, "FCLASS_FR": null, "FCLASS_RU": null, "FCLASS_ES": null, "FCLASS_CN": null, "FCLASS_TW": null, "FCLASS_IN": null, "FCLASS_NP": null, "FCLASS_PK": null, "FCLASS_DE": null, "FCLASS_GB": null, "FCLASS_BR": null, "FCLASS_IL": null, "FCLASS_PS": null, "FCLASS_SA": null, "FCLASS_EG": null, "FCLASS_MA": null, "FCLASS_PT": null, "FCLASS_AR": null, "FCLASS_JP": null, "FCLASS_KO": null, "FCLASS_VN": null, "FCLASS_TR": null, "FCLASS_ID": null, "FCLASS_PL": null, "FCLASS_GR": null, "FCLASS_IT": null, "FCLASS_NL": null, "FCLASS_SE": null, "FCLASS_BD": null, "FCLASS_UA": null, "FCLASS_TLC": null }, "geometry": { "type": "Point", "coordinates": [ -88.2499728, 49.0170455 ] } },
{ "type": "Feature", "properties": { "SCALERANK": 7, "NATSCALE": 20, "LABELRANK": 2, "FEATURECLA": "Populated place", "NAME": "Atikokan", "NAMEPAR": null, "NAMEALT": null, "NAMEASCII": "Atikokan", "ADM0CAP": 0, "CAPIN": null, "WORLDCITY": 0, "MEGACITY": 0, "SOV0NAME": "Canada", "SOV_A3": "CAN", "ADM0NAME": "Canada", "ADM0_A3": "CAN", "ADM1NAME": "Ontario", "ISO_A2": "CA", "NOTE": null, "LATITUDE": 48.750395, "LONGITUDE": -91.616589, "POP_MAX": 3625, "POP_MIN": 3625, "POP_OTHER": 2989, "RANK_MAX": 4, "RANK_MIN": 4, "MEGANAME": null, "LS_NAME": "Atikokan", "MAX_POP10": 3625, "MAX_POP20": 3625, "MAX_POP50": 0, "MAX_POP300": 0, "MAX_POP310": 0, "MAX_NATSCA": 20, "MIN_AREAKM": 9, "MAX_AREAKM": 9, "MIN_AREAMI": 4, "MAX_AREAMI": 4, "MIN_PERKM": 18, "MAX_PERKM": 18, "MIN_PERMI": 11, "MAX_PERMI": 11, "MIN_BBXMIN": -91.641667, "MAX_BBXMIN": -91.641667, "MIN_BBXMAX": -91.583333, "MAX_BBXMAX": -91.583333, "MIN_BBYMIN": 48.75, "MAX_BBYMIN": 48.75, "MIN_BBYMAX": 48.783333, "MAX_BBYMAX": 48.783333, "MEAN_BBXC": -91.615104, "MEAN_BBYC": 48.763021, "TIMEZONE": null, "UN_FID": 0, "POP1950": 0, "POP1955": 0, "POP1960": 0, "POP1965": 0, "POP1970": 0, "POP1975": 0, "POP1980": 0, "POP1985": 0, "POP1990": 0, "POP1995": 0, "POP2000": 0, "POP2005": 0, "POP2010": 0, "POP2015": 0, "POP2020": 0, "POP2025": 0, "POP2050": 0, "MIN_ZOOM": 6.7, "WIKIDATAID": "Q4815788", "WOF_ID": 1141907995, "CAPALT": 0, "NAME_EN": "Atikokan", "NAME_DE": "Atikokan", "NAME_ES": "Atikokan", "NAME_FR": "Atikokan", "NAME_PT": "Atikokan", "NAME_RU": "Атикокан", "NAME_ZH": "阿蒂科肯", "LABEL": null, "NAME_AR": "أتيكوكان", "NAME_BN": "আটিকোকান", "NAME_EL": "Ατικοκάν", "NAME_HI": "अतिकोकन", "NAME_HU": "Atikokan", "NAME_ID": "Atikokan", "NAME_IT": "Atikokan", "NAME_JA": "アティコーカン", "NAME_KO": "아티코칸", "NAME_NL": "Atikokan", "NAME_PL": "Atikokan", "NAME_SV": "Atikokan", "NAME_TR": "Atikokan", "NAME_VI": "Atikokan", "NE_ID": 1159143877, "NAME_FA": "آتیکوکان", "NAME_HE": "אטיקוקאן", "NAME_UK": "Атікокан", "NAME_UR": "ایٹیکوکان", "NAME_ZHT": "阿提科坎", "GEONAMESID": 5888001, "FCLASS_ISO": null, "FCLASS_US": null, "FCLASS_FR": null, "FCLASS_RU": null, "FCLASS_ES": null, "FCLASS_CN": null, "FCLASS_TW": null, "FCLASS_IN": null, "FCLASS_NP": null, "FCLASS_PK": null, "FCLASS_DE": null, "FCLASS_GB": null, "FCLASS_BR": null, "FCLASS_IL": null, "FCLASS_PS": null, "FCLASS_SA": null, "FCLASS_EG": null, "FCLASS_MA": null, "FCLASS_PT": null, "FCLASS_AR": null, "FCLASS_JP": null, "FCLASS_KO": null, "FCLASS_VN": null, "FCLASS_TR": null, "FCLASS_ID": null, "FCLASS_PL": null, "FCLASS_GR": null, "FCLASS_IT": null, "FCLASS_NL": null, "FCLASS_SE": null, "FCLASS_BD": null, "FCLASS_UA": null, "FCLASS_TLC": null }, "geometry": { "type": "Point", "coordinates": [ -91.616589, 48.7503951 ] } },
{ "type": "Feature", "properties": { "SCALERANK": 7, "NATSCALE": 20, "LABELRANK": 2, "FEATURECLA": "Populated place", "NAME": "Rimouski", "NAMEPAR": null, "NAMEALT": null, "NAMEASCII": "Rimouski", "ADM0CAP": 0, "CAPIN": null, "WORLDCITY": 0, "MEGACITY": 0, "SOV0NAME": "Canada", "SOV_A3": "CAN", "ADM0NAME": "Canada", "ADM0_A3": "CAN", "ADM1NAME": "Québec", "ISO_A2": "CA", "NOTE": null, "LATITUDE": 48.433748, "LONGITUDE": -68.516681, "POP_MAX": 35584, "POP_MIN": 35584, "POP_OTHER": 33825, "RANK_MAX": 7, "RANK_MIN": 7, "MEGANAME": null, "LS_NAME": "Rimouski", "MAX_POP10": 35584, "MAX_POP20": 35584, "MAX_POP50": 0, "MAX_POP300": 0, "MAX_POP310": 0, "MAX_NATSCA": 20, "MIN_AREAKM": 36, "MAX_AREAKM": 36, "MIN_AREAMI": 14, "MAX_AREAMI": 14, "MIN_PERKM": 56, "MAX_PERKM": 56, "MIN_PERMI": 35, "MAX_PERMI": 35, "MIN_BBXMIN": -68.6, "MAX_BBXMIN": -68.6, "MIN_BBXMAX": -68.466667, "MAX_BBXMAX": -68.466667, "MIN_BBYMIN": 48.408333, "MAX_BBYMIN": 48.408333, "MIN_BBYMAX": 48.5, "MAX_BBYMAX": 48.5, "MEAN_BBXC": -68.524669, "MEAN_BBYC": 48.443849, "TIMEZONE": null, "UN_FID": 0, "POP1950": 0, "POP1955": 0, "POP1960": 0, "POP1965": 0, "POP1970": 0, "POP1975": 0, "POP1980": 0, "POP1985": 0, "POP1990": 0, "POP1995": 0, "POP2000": 0, "POP2005": 0, "POP2010": 0, "POP2015": 0, "POP2020": 0, "POP2025": 0, "POP2050": 0, "MIN_ZOOM": 6.7, "WIKIDATAID": "Q1336", "WOF_ID": 1141907997, "CAPALT": 0, "NAME_EN": "Rimouski", "NAME_DE": "Rimouski", "NAME_ES": "Rimouski", "NAME_FR": "Rimouski", "NAME_PT": "Rimouski", "NAME_RU": "Римуски", "NAME_ZH": "林木斯基", "LABEL": null, "NAME_AR": "ريموسكي", "NAME_BN": "রিমুস্কি", "NAME_EL": "Ριμουσκί", "NAME_HI": "रिमूसकी", "NAME_HU": "Rimouski", "NAME_ID": "Rimouski", "NAME_IT": "Rimouski", "NAME_JA": "リムースキ", "NAME_KO": "리모우스키", "NAME_NL": "Rimouski", "NAME_PL": "Rimouski", "NAME_SV": "Rimouski", "NAME_TR": "Rimouski", "NAME_VI": "Rimouski", "NE_ID": 1159143881, "NAME_FA": "ریموسکی", "NAME_HE": "רימוסקי", "NAME_UK": "Рімускі", "NAME_UR": "ریمووسکی", "NAME_ZHT": "裏穆斯基", "GEONAMESID": -1, "FCLASS_ISO": null, "FCLASS_US": null, "FCLASS_FR": null, "FCLASS_RU": null, "FCLASS_ES": null, "FCLASS_CN": null, "FCLASS_TW": null, "FCLASS_IN": null, "FCLASS_NP": null, "FCLASS_PK": null, "FCLASS_DE": null, "FCLASS_GB": null, "FCLASS_BR": null, "FCLASS_IL": null, "FCLASS_PS": null, "FCLASS_SA": null, "FCLASS_EG": null, "FCLASS_MA": null, "FCLASS_PT": null, "FCLASS_AR": null, "FCLASS_JP": null, "FCLASS_KO": null, "FCLASS_VN": null, "FCLASS_TR": null, "FCLASS_ID": null, "FCLASS_PL": null, "FCLASS_GR": null, "FCLASS_IT": null, "FCLASS_NL": null, "FCLASS_SE": null, "FCLASS_BD": null, "FCLASS_UA": null, "FCLASS_TLC": null }, "geometry": { "type": "Point", "coordinates": [ -68.5166812, 48.4337478 ] } },
{ "type": "Feature", "properties": { "SCALERANK": 7, "NATSCALE": 20, "LABELRANK": 2, "FEATURECLA": "Populated place", "NAME": "Saint-Georges", "NAMEPAR": null, "NAMEALT": null, "NAMEASCII": "Saint-Georges", "ADM0CAP": 0, "CAPIN": null, "WORLDCITY": 0, "MEGACITY": 0, "SOV0NAME": "Canada", "SOV_A3": "CAN", "ADM0NAME": "Canada", "ADM0_A3": "CAN", "ADM1NAME": "Québec", "ISO_A2": "CA", "NOTE": null, "LATITUDE": 46.117145, "LONGITUDE": -70.666653, "POP_MAX": 26149, "POP_MIN": 26149, "POP_OTHER": 26010, "RANK_MAX": 7, "RANK_MIN": 7, "MEGANAME": null, "LS_NAME": "Saint-Georges1", "MAX_POP10": 26149, "MAX_POP20": 26149, "MAX_POP50": 0, "MAX_POP300": 0, "MAX_POP310": 0, "MAX_NATSCA": 20, "MIN_AREAKM": 32, "MAX_AREAKM": 32, "MIN_AREAMI": 12, "MAX_AREAMI": 12, "MIN_PERKM": 34, "MAX_PERKM": 34, "MIN_PERMI": 21, "MAX_PERMI": 21, "MIN_BBXMIN": -70.716667, "MAX_BBXMIN": -70.716667, "MIN_BBXMAX": -70.625, "MAX_BBXMAX": -70.625, "MIN_BBYMIN": 46.091667, "MAX_BBYMIN": 46.091667, "MIN_BBYMAX": 46.158333, "MAX_BBYMAX": 46.158333, "MEAN_BBXC": -70.670216, "MEAN_BBYC": 46.125772, "TIMEZONE": null, "UN_FID": 0, "POP1950": 0, "POP1955": 0, "POP1960": 0, "POP1965": 0, "POP1970": 0, "POP1975": 0, "POP1980": 0, "POP1985": 0, "POP1990": 0, "POP1995": 0, "POP2000": 0, "POP2005": 0, "POP2010": 0, "POP2015": 0, "POP2020": 0, "POP2025": 0, "POP2050": 0, "MIN_ZOOM": 6.7, "WIKIDATAID": "Q143227", "WOF_ID": 1141907999, "CAPALT": 0, "NAME_EN": "Saint-Georges", "NAME_DE": "Saint-Georges", "NAME_ES": "Saint-Georges", "NAME_FR": "Saint-Georges", "NAME_PT": "Saint-Georges", "NAME_RU": "Сен-Жорж", "NAME_ZH": "圣乔治", "LABEL": null, "NAME_AR": "سان جورجس", "NAME_BN": "সেন্ট-জর্জেস", "NAME_EL": "Σαν-Ζορζ", "NAME_HI": "सेंट-जॉर्जे", "NAME_HU": "Saint-Georges", "NAME_ID": "Saint-Georges", "NAME_IT": "Saint-Georges", "NAME_JA": "サンジョルジュ", "NAME_KO": "세인트 조지스", "NAME_NL": "Saint-Georges", "NAME_PL": "Saint-Georges", "NAME_SV": "Saint-Georges", "NAME_TR": "Saint-Georges", "NAME_VI": "Saint-Georges", "NE_ID": 1159143887, "NAME_FA": "سن-ژرژ", "NAME_HE": "סנט-ג'ורג'", "NAME_UK": "Сейнт-Джорджес", "NAME_UR": "سینٹ-گیورگس", "NAME_ZHT": "聖喬治", "GEONAMESID": -1, "FCLASS_ISO": null, "FCLASS_US": null, "FCLASS_FR": null, "FCLASS_RU": null, "FCLASS_ES": null, "FCLASS_CN": null, "FCLASS_TW": null, "FCLASS_IN": null, "FCLASS_NP": null, "FCLASS_PK": null, "FCLASS_DE": null, "FCLASS_GB": null, "FCLASS_BR": null, "FCLASS_IL": null, "FCLASS_PS": null, "FCLASS_SA": null, "FCLASS_EG": null, "FCLASS_MA": null, "FCLASS_PT": null, "FCLASS_AR": null, "FCLASS_JP": null, "FCLASS_KO": null, "FCLASS_VN": null, "FCLASS_TR": null, "FCLASS_ID": null, "FCLASS_PL": null, "FCLASS_GR": null, "FCLASS_IT": null, "FCLASS_NL": null, "FCLASS_SE": null, "FCLASS_BD": null, "FCLASS_UA": null, "FCLASS_TLC": null }, "geometry": { "type": "Point", "coordinates": [ -70.6666533, 46.117145 ] } },
{ "type": "Feature", "properties": { "SCALERANK": 7, "NATSCALE": 20, "LABELRANK": 2, "FEATURECLA": "Populated place", "NAME": "Victoriaville", "NAMEPAR": null, "NAMEALT": null, "NAMEASCII": "Victoriaville", "ADM0CAP": 0, "CAPIN": null, "WORLDCITY": 0, "MEGACITY": 0, "SOV0NAME": "Canada", "SOV_A3": "CAN", "ADM0NAME": "Canada", "ADM0_A3": "CAN", "ADM1NAME": "Québec", "ISO_A2": "CA", "NOTE": null, "LATITUDE": 46.050405, "LONGITUDE": -71.966677, "POP_MAX": 41500, "POP_MIN": 34426, "POP_OTHER": 40718, "RANK_MAX": 7, "RANK_MIN": 7, "MEGANAME": null, "LS_NAME": "Victoriaville", "MAX_POP10": 41500, "MAX_POP20": 41500, "MAX_POP50": 0, "MAX_POP300": 0, "MAX_POP310": 0, "MAX_NATSCA": 20, "MIN_AREAKM": 41, "MAX_AREAKM": 41, "MIN_AREAMI": 16, "MAX_AREAMI": 16, "MIN_PERKM": 48, "MAX_PERKM": 48, "MIN_PERMI": 30, "MAX_PERMI": 30, "MIN_BBXMIN": -72.016667, "MAX_BBXMIN": -72.016667, "MIN_BBXMAX": -71.908333, "MAX_BBXMAX": -71.908333, "MIN_BBYMIN": 46.016667, "MAX_BBYMIN": 46.016667, "MIN_BBYMAX": 46.108333, "MAX_BBYMAX": 46.108333, "MEAN_BBXC": -71.952597, "MEAN_BBYC": 46.061051, "TIMEZONE": "America/Montreal", "UN_FID": 0, "POP1950": 0, "POP1955": 0, "POP1960": 0, "POP1965": 0, "POP1970": 0, "POP1975": 0, "POP1980": 0, "POP1985": 0, "POP1990": 0, "POP1995": 0, "POP2000": 0, "POP2005": 0, "POP2010": 0, "POP2015": 0, "POP2020": 0, "POP2025": 0, "POP2050": 0, "MIN_ZOOM": 6.7, "WIKIDATAID": "Q141731", "WOF_ID": 101736865, "CAPALT": 0, "NAME_EN": "Victoriaville", "NAME_DE": "Victoriaville", "NAME_ES": "Victoriaville", "NAME_FR": "Victoriaville", "NAME_PT": "Victoriaville", "NAME_RU": "Викториавилл", "NAME_ZH": "维多利亚维尔", "LABEL": null, "NAME_AR": "فيكتوريا فيل", "NAME_BN": "ভিক্টোরিভিলে", "NAME_EL": "Βικτόριαβιλ", "NAME_HI": "विक्टोरियाविला", "NAME_HU": "Victoriaville", "NAME_ID": "Victoriaville", "NAME_IT": "Victoriaville", "NAME_JA": "ビクトリアビル", "NAME_KO": "빅토리아빌", "NAME_NL": "Victoriaville", "NAME_PL": "Victoriaville", "NAME_SV": "Victoriaville", "NAME_TR": "Victoriaville", "NAME_VI": "Victoriaville", "NE_ID": 1159143891, "NAME_FA": "ویکتوریاویل", "NAME_HE": "ויקטוריוויל", "NAME_UK": "Вікторіявіль", "NAME_UR": "وکٹوریاولے", "NAME_ZHT": "維多利亞維爾", "GEONAMESID": 6174151, "FCLASS_ISO": null, "FCLASS_US": null, "FCLASS_FR": null, "FCLASS_RU": null, "FCLASS_ES": null, "FCLASS_CN": null, "FCLASS_TW": null, "FCLASS_IN": null, "FCLASS_NP": null, "FCLASS_PK": null, "FCLASS_DE": null, "FCLASS_GB": null, "FCLASS_BR": null, "FCLASS_IL": null, "FCLASS_PS": null, "FCLASS_SA": null, "FCLASS_EG": null, "FCLASS_MA": null, "FCLASS_PT": null, "FCLASS_AR": null, "FCLASS_JP": null, "FCLASS_KO": null, "FCLASS_VN": null, "FCLASS_TR": null, "FCLASS_ID": null, "FCLASS_PL": null, "FCLASS_GR": null, "FCLASS_IT": null, "FCLASS_NL": null, "FCLASS_SE": null, "FCLASS_BD": null, "FCLASS_UA": null, "FCLASS_TLC": null }, "geometry": { "type": "Point", "coordinates": [ -71.9666773, 46.0504049 ] } },
{ "type": "Feature", "properties": { "SCALERANK": 7, "NATSCALE": 20, "LABELRANK": 2, "FEATURECLA": "Populated place", "NAME": "Chevery", "NAMEPAR": null, "NAMEALT": null, "NAMEASCII": "Chevery", "ADM0CAP": 0, "CAPIN": null, "WORLDCITY": 0, "MEGACITY": 0, "SOV0NAME": "Canada", "SOV_A3": "CAN", "ADM0NAME": "Canada", "ADM0_A3": "CAN", "ADM1NAME": "Québec", "ISO_A2": "CA", "NOTE": null, "LATITUDE": 50.481323, "LONGITUDE": -59.609783, "POP_MAX": 284, "POP_MIN": 284, "POP_OTHER": 0, "RANK_MAX": 2, "RANK_MIN": 2, "MEGANAME": null, "LS_NAME": "Chevery", "MAX_POP10": 284, "MAX_POP20": 284, "MAX_POP50": 0, "MAX_POP300": 0, "MAX_POP310": 0, "MAX_NATSCA": 20, "MIN_AREAKM": 1, "MAX_AREAKM": 1, "MIN_AREAMI": 0, "MAX_AREAMI": 0, "MIN_PERKM": 5, "MAX_PERKM": 5, "MIN_PERMI": 3, "MAX_PERMI": 3, "MIN_BBXMIN": -59.616667, "MAX_BBXMIN": -59.616667, "MIN_BBXMAX": -59.6, "MAX_BBXMAX": -59.6, "MIN_BBYMIN": 50.466667, "MAX_BBYMIN": 50.466667, "MIN_BBYMAX": 50.475, "MAX_BBYMAX": 50.475, "MEAN_BBXC": -59.608333, "MEAN_BBYC": 50.470833, "TIMEZONE": null, "UN_FID": 0, "POP1950": 0, "POP1955": 0, "POP1960": 0, "POP1965": 0, "POP1970": 0, "POP1975": 0, "POP1980": 0, "POP1985": 0, "POP1990": 0, "POP1995": 0, "POP2000": 0, "POP2005": 0, "POP2010": 0, "POP2015": 0, "POP2020": 0, "POP2025": 0, "POP2050": 0, "MIN_ZOOM": 6.7, "WIKIDATAID": "Q5094330", "WOF_ID": 1141908001, "CAPALT": 0, "NAME_EN": "Chevery", "NAME_DE": "Chevery", "NAME_ES": "Chevery", "NAME_FR": "Chevery", "NAME_PT": "Chevery", "NAME_RU": "Шевери", "NAME_ZH": "雪佛兰", "LABEL": null, "NAME_AR": "شيفري", "NAME_BN": "শেভেরি", "NAME_EL": "Σέβερι", "NAME_HI": "चेवेरी", "NAME_HU": "Chevery", "NAME_ID": "Chevery", "NAME_IT": "Chevery", "NAME_JA": "シュヴリー", "NAME_KO": "쉐버리", "NAME_NL": "Chevery", "NAME_PL": "Chevery", "NAME_SV": "Chevery", "NAME_TR": "Chevery", "NAME_VI": "Chevery", "NE_ID": 1159143895, "NAME_FA": "چوری", "NAME_HE": "שברי", "NAME_UK": "Шевері", "NAME_UR": "چیویری", "NAME_ZHT": "切韋里", "GEONAMESID": -1, "FCLASS_ISO": null, "FCLASS_US": null, "FCLASS_FR": null, "FCLASS_RU": null, "FCLASS_ES": null, "FCLASS_CN": null, "FCLASS_TW": null, "FCLASS_IN": null, "FCLASS_NP": null, "FCLASS_PK": null, "FCLASS_DE": null, "FCLASS_GB": null, "FCLASS_BR": null, "FCLASS_IL": null, "FCLASS_PS": null, "FCLASS_SA": null, "FCLASS_EG": null, "FCLASS_MA": null, "FCLASS_PT": null, "FCLASS_AR": null, "FCLASS_JP": null, "FCLASS_KO": null, "FCLASS_VN": null, "FCLASS_TR": null, "FCLASS_ID": null, "FCLASS_PL": null, "FCLASS_GR": null, "FCLASS_IT": null, "FCLASS_NL": null, "FCLASS_SE": null, "FCLASS_BD": null, "FCLASS_UA": null, "FCLASS_TLC": null }, "geometry": { "type": "Point", "coordinates": [ -59.609783, 50.4813231 ] } },
{ "type": "Feature", "properties": { "SCALERANK": 7, "NATSCALE": 20, "LABELRANK": 2, "FEATURECLA": "Populated place", "NAME": "Mistassini", "NAMEPAR": null, "NAMEALT": null, "NAMEASCII": "Mistassini", "ADM0CAP": 0, "CAPIN": null, "WORLDCITY": 0, "MEGACITY": 0, "SOV0NAME": "Canada", "SOV_A3": "CAN", "ADM0NAME": "Canada", "ADM0_A3": "CAN", "ADM1NAME": "Québec", "ISO_A2": "CA", "NOTE": null, "LATITUDE": 50.417063, "LONGITUDE": -73.866587, "POP_MAX": 2645, "POP_MIN": 2645, "POP_OTHER": 2535, "RANK_MAX": 4, "RANK_MIN": 4, "MEGANAME": null, "LS_NAME": "Mistassini", "MAX_POP10": 2645, "MAX_POP20": 2645, "MAX_POP50": 0, "MAX_POP300": 0, "MAX_POP310": 0, "MAX_NATSCA": 20, "MIN_AREAKM": 3, "MAX_AREAKM": 3, "MIN_AREAMI": 1, "MAX_AREAMI": 1, "MIN_PERKM": 8, "MAX_PERKM": 8, "MIN_PERMI": 5, "MAX_PERMI": 5, "MIN_BBXMIN": -73.883333, "MAX_BBXMIN": -73.883333, "MIN_BBXMAX": -73.858333, "MAX_BBXMAX": -73.858333, "MIN_BBYMIN": 50.408333, "MAX_BBYMIN": 50.408333, "MIN_BBYMAX": 50.425, "MAX_BBYMAX": 50.425, "MEAN_BBXC": -73.869167, "MEAN_BBYC": 50.4175, "TIMEZONE": null, "UN_FID": 0, "POP1950": 0, "POP1955": 0, "POP1960": 0, "POP1965": 0, "POP1970": 0, "POP1975": 0, "POP1980": 0, "POP1985": 0, "POP1990": 0, "POP1995": 0, "POP2000": 0, "POP2005": 0, "POP2010": 0, "POP2015": 0, "POP2020": 0, "POP2025": 0, "POP2050": 0, "MIN_ZOOM": 6.7, "WIKIDATAID": "Q3316990", "WOF_ID": 1141908005, "CAPALT": 0, "NAME_EN": "Mistissini", "NAME_DE": "Mistassini", "NAME_ES": "Mistassini", "NAME_FR": "Mistissini", "NAME_PT": "Mistissini", "NAME_RU": "Мистассини", "NAME_ZH": "米斯塔西尼", "LABEL": null, "NAME_AR": "مستيسيني", "NAME_BN": "মিস্তাসসিনি", "NAME_EL": "Μιστασινί", "NAME_HI": "मिस्तासिनी", "NAME_HU": "Mistassini", "NAME_ID": "Mistassini", "NAME_IT": "Mistassini", "NAME_JA": "ミスタシニ", "NAME_KO": "미스타시니", "NAME_NL": "Mistassini", "NAME_PL": "Mistassini", "NAME_SV": "Mistassini", "NAME_TR": "Mistassini", "NAME_VI": "Mistassini", "NE_ID": 1159143899, "NAME_FA": "میستاسینی", "NAME_HE": "מיסטסיני", "NAME_UK": "Містасіні", "NAME_UR": "مسٹاسینی", "NAME_ZHT": "米斯塔西尼", "GEONAMESID": -1, "FCLASS_ISO": null, "FCLASS_US": null, "FCLASS_FR": null, "FCLASS_RU": null, "FCLASS_ES": null, "FCLASS_CN": null, "FCLASS_TW": null, "FCLASS_IN": null, "FCLASS_NP": null, "FCLASS_PK": null, "FCLASS_DE": null, "FCLASS_GB": null, "FCLASS_BR": null, "FCLASS_IL": null, "FCLASS_PS": null, "FCLASS_SA": null, "FCLASS_EG": null, "FCLASS_MA": null, "FCLASS_PT": null, "FCLASS_AR": null, "FCLASS_JP": null, "FCLASS_KO": null, "FCLASS_VN": null, "FCLASS_TR": null, "FCLASS_ID": null, "FCLASS_PL": null, "FCLASS_GR": null, "FCLASS_IT": null, "FCLASS_NL": null, "FCLASS_SE": null, "FCLASS_BD": null, "FCLASS_UA": null, "FCLASS_TLC": null }, "geometry": { "type": "Point", "coordinates": [ -73.8665872, 50.4170634 ] } },
{ "type": "Feature", "properties": { "SCALERANK": 7, "NATSCALE": 20, "LABELRANK": 2, "FEATURECLA": "Populated place", "NAME": "Kangirsuk", "NAMEPAR": null, "NAMEALT": "Payne Bay,Bellin", "NAMEASCII": "Kangirsuk", "ADM0CAP": 0, "CAPIN": null, "WORLDCITY": 0, "MEGACITY": 0, "SOV0NAME": "Canada", "SOV_A3": "CAN", "ADM0NAME": "Canada", "ADM0_A3": "CAN", "ADM1NAME": "Québec", "ISO_A2": "CA", "NOTE": null, "LATITUDE": 60.024823, "LONGITUDE": -69.999097, "POP_MAX": 549, "POP_MIN": 549, "POP_OTHER": 0, "RANK_MAX": 2, "RANK_MIN": 2, "MEGANAME": null, "LS_NAME": "Kangirsuk", "MAX_POP10": 0, "MAX_POP20": 0, "MAX_POP50": 0, "MAX_POP300": 0, "MAX_POP310": 0, "MAX_NATSCA": 0, "MIN_AREAKM": 0, "MAX_AREAKM": 0, "MIN_AREAMI": 0, "MAX_AREAMI": 0, "MIN_PERKM": 0, "MAX_PERKM": 0, "MIN_PERMI": 0, "MAX_PERMI": 0, "MIN_BBXMIN": 0.0, "MAX_BBXMIN": 0.0, "MIN_BBXMAX": 0.0, "MAX_BBXMAX": 0.0, "MIN_BBYMIN": 0.0, "MAX_BBYMIN": 0.0, "MIN_BBYMAX": 0.0, "MAX_BBYMAX": 0.0, "MEAN_BBXC": 0.0, "MEAN_BBYC": 0.0, "TIMEZONE": null, "UN_FID": 0, "POP1950": 0, "POP1955": 0, "POP1960": 0, "POP1965": 0, "POP1970": 0, "POP1975": 0, "POP1980": 0, "POP1985": 0, "POP1990": 0, "POP1995": 0, "POP2000": 0, "POP2005": 0, "POP2010": 0, "POP2015": 0, "POP2020": 0, "POP2025": 0, "POP2050": 0, "MIN_ZOOM": 6.7, "WIKIDATAID": "Q991147", "WOF_ID": 1141908007, "CAPALT": 0, "NAME_EN": "Kangirsuk", "NAME_DE": "Kangirsuk", "NAME_ES": "Kangirsuk", "NAME_FR": "Kangirsuk", "NAME_PT": "Kangirsuk", "NAME_RU": "Кангирсук", "NAME_ZH": "康吉苏克", "LABEL": null, "NAME_AR": "كانجيرسوك", "NAME_BN": "কাংগিরসুক", "NAME_EL": "Κανγκιρσούκ", "NAME_HI": "कानगिर्सुक", "NAME_HU": "Kangirsuk", "NAME_ID": "Kangirsuk", "NAME_IT": "Kangirsuk", "NAME_JA": "カンギルクス", "NAME_KO": "캥거수크", "NAME_NL": "Kangirsuk", "NAME_PL": "Kangirsuk", "NAME_SV": "Kangirsuk", "NAME_TR": "Kangirsuk", "NAME_VI": "Kangirsuk", "NE_ID": 1159143905, "NAME_FA": "کانگیرسوک", "NAME_HE": "קנגירסוק", "NAME_UK": "Кангірсук", "NAME_UR": "کنگیرسک", "NAME_ZHT": "康吉爾蘇克", "GEONAMESID": 5989218, "FCLASS_ISO": null, "FCLASS_US": null, "FCLASS_FR": null, "FCLASS_RU": null, "FCLASS_ES": null, "FCLASS_CN": null, "FCLASS_TW": null, "FCLASS_IN": null, "FCLASS_NP": null, "FCLASS_PK": null, "FCLASS_DE": null, "FCLASS_GB": null, "FCLASS_BR": null, "FCLASS_IL": null, "FCLASS_PS": null, "FCLASS_SA": null, "FCLASS_EG": null, "FCLASS_MA": null, "FCLASS_PT": null, "FCLASS_AR": null, "FCLASS_JP": null, "FCLASS_KO": null, "FCLASS_VN": null, "FCLASS_TR": null, "FCLASS_ID": null, "FCLASS_PL": null, "FCLASS_GR": null, "FCLASS_IT": null, "FCLASS_NL": null, "FCLASS_SE": null, "FCLASS_BD": null, "FCLASS_UA": null, "FCLASS_TLC": null }, "geometry": { "type": "Point", "coordinates": [ -69.9990971, 60.0248232 ] } },
{ "type": "Feature", "properties": { "SCALERANK": 7, "NATSCALE": 20, "LABELRANK": 2, "FEATURECLA": "Populated place", "NAME": "Shawinigan", "NAMEPAR": null, "NAMEALT": null, "NAMEASCII": "Shawinigan", "ADM0CAP": 0, "CAPIN": null, "WORLDCITY": 0, "MEGACITY": 0, "SOV0NAME": "Canada", "SOV_A3": "CAN", "ADM0NAME": "Canada", "ADM0_A3": "CAN", "ADM1NAME": "Québec", "ISO_A2": "CA", "NOTE": null, "LATITUDE": 46.550374, "LONGITUDE": -72.733323, "POP_MAX": 49161, "POP_MIN": 34342, "POP_OTHER": 20860, "RANK_MAX": 7, "RANK_MIN": 7, "MEGANAME": null, "LS_NAME": "Shawinigan", "MAX_POP10": 34342, "MAX_POP20": 34342, "MAX_POP50": 0, "MAX_POP300": 0, "MAX_POP310": 0, "MAX_NATSCA": 20, "MIN_AREAKM": 44, "MAX_AREAKM": 44, "MIN_AREAMI": 17, "MAX_AREAMI": 17, "MIN_PERKM": 66, "MAX_PERKM": 66, "MIN_PERMI": 41, "MAX_PERMI": 41, "MIN_BBXMIN": -72.783333, "MAX_BBXMIN": -72.783333, "MIN_BBXMAX": -72.633333, "MAX_BBXMAX": -72.633333, "MIN_BBYMIN": 46.5, "MAX_BBYMIN": 46.5, "MIN_BBYMAX": 46.641667, "MAX_BBYMAX": 46.641667, "MEAN_BBXC": -72.720608, "MEAN_BBYC": 46.576239, "TIMEZONE": "America/Montreal", "UN_FID": 0, "POP1950": 0, "POP1955": 0, "POP1960": 0, "POP1965": 0, "POP1970": 0, "POP1975": 0, "POP1980": 0, "POP1985": 0, "POP1990": 0, "POP1995": 0, "POP2000": 0, "POP2005": 0, "POP2010": 0, "POP2015": 0, "POP2020": 0, "POP2025": 0, "POP2050": 0, "MIN_ZOOM": 6.7, "WIKIDATAID": "Q141980", "WOF_ID": 101737059, "CAPALT": 0, "NAME_EN": "Shawinigan", "NAME_DE": "Shawinigan", "NAME_ES": "Shawinigan", "NAME_FR": "Shawinigan", "NAME_PT": "Shawinigan", "NAME_RU": "Шавиниган", "NAME_ZH": "沙维尼根", "LABEL": null, "NAME_AR": "شاوينيغان", "NAME_BN": "শাওনিগান", "NAME_EL": "Σαουινιγκάν", "NAME_HI": "शवनिगं", "NAME_HU": "Shawinigan", "NAME_ID": "Shawinigan", "NAME_IT": "Shawinigan", "NAME_JA": "シャウィニガン", "NAME_KO": "샤위니간", "NAME_NL": "Shawinigan", "NAME_PL": "Shawinigan", "NAME_SV": "Shawinigan", "NAME_TR": "Shawinigan", "NAME_VI": "Shawinigan", "NE_ID": 1159143909, "NAME_FA": "شاوینیگان", "NAME_HE": "שויניגן", "NAME_UK": "Шавініґан", "NAME_UR": "شاوینیجان", "NAME_ZHT": "舍維寧根", "GEONAMESID": 6145489, "FCLASS_ISO": null, "FCLASS_US": null, "FCLASS_FR": null, "FCLASS_RU": null, "FCLASS_ES": null, "FCLASS_CN": null, "FCLASS_TW": null, "FCLASS_IN": null, "FCLASS_NP": null, "FCLASS_PK": null, "FCLASS_DE": null, "FCLASS_GB": null, "FCLASS_BR": null, "FCLASS_IL": null, "FCLASS_PS": null, "FCLASS_SA": null, "FCLASS_EG": null, "FCLASS_MA": null, "FCLASS_PT": null, "FCLASS_AR": null, "FCLASS_JP": null, "FCLASS_KO": null, "FCLASS_VN": null, "FCLASS_TR": null, "FCLASS_ID": null, "FCLASS_PL": null, "FCLASS_GR": null, "FCLASS_IT": null, "FCLASS_NL": null, "FCLASS_SE": null, "FCLASS_BD": null, "FCLASS_UA": null, "FCLASS_TLC": null }, "geometry": { "type": "Point", "coordinates": [ -72.733323, 46.5503744 ] } },
{ "type": "Feature", "properties": { "SCALERANK": 7, "NATSCALE": 20, "LABELRANK": 2, "FEATURECLA": "Populated place", "NAME": "Matagami", "NAMEPAR": null, "NAMEALT": null, "NAMEASCII": "Matagami", "ADM0CAP": 0, "CAPIN": null, "WORLDCITY": 0, "MEGACITY": 0, "SOV0NAME": "Canada", "SOV_A3": "CAN", "ADM0NAME": "Canada", "ADM0_A3": "CAN", "ADM1NAME": "Québec", "ISO_A2": "CA", "NOTE": null, "LATITUDE": 49.750386, "LONGITUDE": -77.633282, "POP_MAX": 1966, "POP_MIN": 1183, "POP_OTHER": 0, "RANK_MAX": 3, "RANK_MIN": 3, "MEGANAME": null, "LS_NAME": "Matagami", "MAX_POP10": 1183, "MAX_POP20": 1183, "MAX_POP50": 0, "MAX_POP300": 0, "MAX_POP310": 0, "MAX_NATSCA": 20, "MIN_AREAKM": 3, "MAX_AREAKM": 3, "MIN_AREAMI": 1, "MAX_AREAMI": 1, "MIN_PERKM": 8, "MAX_PERKM": 8, "MIN_PERMI": 5, "MAX_PERMI": 5, "MIN_BBXMIN": -77.641667, "MAX_BBXMIN": -77.641667, "MIN_BBXMAX": -77.616667, "MAX_BBXMAX": -77.616667, "MIN_BBYMIN": 49.75, "MAX_BBYMIN": 49.75, "MIN_BBYMAX": 49.766667, "MAX_BBYMAX": 49.766667, "MEAN_BBXC": -77.6275, "MEAN_BBYC": 49.759167, "TIMEZONE": "America/Montreal", "UN_FID": 0, "POP1950": 0, "POP1955": 0, "POP1960": 0, "POP1965": 0, "POP1970": 0, "POP1975": 0, "POP1980": 0, "POP1985": 0, "POP1990": 0, "POP1995": 0, "POP2000": 0, "POP2005": 0, "POP2010": 0, "POP2015": 0, "POP2020": 0, "POP2025": 0, "POP2050": 0, "MIN_ZOOM": 6.7, "WIKIDATAID": "Q141430", "WOF_ID": 101738179, "CAPALT": 0, "NAME_EN": "Matagami", "NAME_DE": "Matagami", "NAME_ES": "Matagami", "NAME_FR": "Matagami", "NAME_PT": "Matagami", "NAME_RU": "Матагами", "NAME_ZH": "马塔加米", "LABEL": null, "NAME_AR": "ماتاغامي", "NAME_BN": "মাতাগামি", "NAME_EL": "Ματαγκάμι", "NAME_HI": "माटागामी", "NAME_HU": "Matagami", "NAME_ID": "Matagami", "NAME_IT": "Matagami", "NAME_JA": "マタガミ", "NAME_KO": "마타가미", "NAME_NL": "Matagami", "NAME_PL": "Matagami", "NAME_SV": "Matagami", "NAME_TR": "Matagami", "NAME_VI": "Matagami", "NE_ID": 1159143913, "NAME_FA": "ماتاگامی", "NAME_HE": "מטגמי", "NAME_UK": "Матагамі", "NAME_UR": "ماتاگامی", "NAME_ZHT": "馬塔加米", "GEONAMESID": 6067747, "FCLASS_ISO": null, "FCLASS_US": null, "FCLASS_FR": null, "FCLASS_RU": null, "FCLASS_ES": null, "FCLASS_CN": null, "FCLASS_TW": null, "FCLASS_IN": null, "FCLASS_NP": null, "FCLASS_PK": null, "FCLASS_DE": null, "FCLASS_GB": null, "FCLASS_BR": null, "FCLASS_IL": null, "FCLASS_PS": null, "FCLASS_SA": null, "FCLASS_EG": null, "FCLASS_MA": null, "FCLASS_PT": null, "FCLASS_AR": null, "FCLASS_JP": null, "FCLASS_KO": null, "FCLASS_VN": null, "FCLASS_TR": null, "FCLASS_ID": null, "FCLASS_PL": null, "FCLASS_GR": null, "FCLASS_IT": null, "FCLASS_NL": null, "FCLASS_SE": null, "FCLASS_BD": null, "FCLASS_UA": null, "FCLASS_TLC": null }, "geometry": { "type": "Point", "coordinates": [ -77.6332823, 49.7503858 ] } },
{ "type": "Feature", "properties": { "SCALERANK": 7, "NATSCALE": 20, "LABELRANK": 2, "FEATURECLA": "Populated place", "NAME": "Mont-Laurier", "NAMEPAR": null, "NAMEALT": null, "NAMEASCII": "Mont-Laurier", "ADM0CAP": 0, "CAPIN": null, "WORLDCITY": 0, "MEGACITY": 0, "SOV0NAME": "Canada", "SOV_A3": "CAN", "ADM0NAME": "Canada", "ADM0_A3": "CAN", "ADM1NAME": "Québec", "ISO_A2": "CA", "NOTE": null, "LATITUDE": 46.550374, "LONGITUDE": -75.500028, "POP_MAX": 11642, "POP_MIN": 11642, "POP_OTHER": 11103, "RANK_MAX": 6, "RANK_MIN": 6, "MEGANAME": null, "LS_NAME": "Mont-Laurier", "MAX_POP10": 11642, "MAX_POP20": 11642, "MAX_POP50": 0, "MAX_POP300": 0, "MAX_POP310": 0, "MAX_NATSCA": 20, "MIN_AREAKM": 19, "MAX_AREAKM": 19, "MIN_AREAMI": 7, "MAX_AREAMI": 7, "MIN_PERKM": 29, "MAX_PERKM": 29, "MIN_PERMI": 18, "MAX_PERMI": 18, "MIN_BBXMIN": -75.541667, "MAX_BBXMIN": -75.541667, "MIN_BBXMAX": -75.458333, "MAX_BBXMAX": -75.458333, "MIN_BBYMIN": 46.525, "MAX_BBYMIN": 46.525, "MIN_BBYMAX": 46.575, "MAX_BBYMAX": 46.575, "MEAN_BBXC": -75.499479, "MEAN_BBYC": 46.550521, "TIMEZONE": null, "UN_FID": 0, "POP1950": 0, "POP1955": 0, "POP1960": 0, "POP1965": 0, "POP1970": 0, "POP1975": 0, "POP1980": 0, "POP1985": 0, "POP1990": 0, "POP1995": 0, "POP2000": 0, "POP2005": 0, "POP2010": 0, "POP2015": 0, "POP2020": 0, "POP2025": 0, "POP2050": 0, "MIN_ZOOM": 6.7, "WIKIDATAID": "Q142058", "WOF_ID": 1141908009, "CAPALT": 0, "NAME_EN": "Mont-Laurier", "NAME_DE": "Mont-Laurier", "NAME_ES": "Mont-Laurier", "NAME_FR": "Mont-Laurier", "NAME_PT": "Mont-Laurier", "NAME_RU": "Мон-Лорье", "NAME_ZH": "蒙特-劳里埃", "LABEL": null, "NAME_AR": "مونت لوريل", "NAME_BN": "ম্যন্ট-লোউরিয়ের", "NAME_EL": "Μον-Λωριέ", "NAME_HI": "मोंट-लौरीयर", "NAME_HU": "Mont-Laurier", "NAME_ID": "Mont-Laurier", "NAME_IT": "Mont-Laurier", "NAME_JA": "モンローリエ", "NAME_KO": "몽로리에", "NAME_NL": "Mont-Laurier", "NAME_PL": "Mont-Laurier", "NAME_SV": "Mont-Laurier", "NAME_TR": "Mont-Laurier", "NAME_VI": "Mont-Laurier", "NE_ID": 1159143917, "NAME_FA": "مون-لوریه", "NAME_HE": "מונט-לאורייה", "NAME_UK": "Мон-Лорьє", "NAME_UR": "مونٹ لوریئر", "NAME_ZHT": "蒙特-勞里埃", "GEONAMESID": -1, "FCLASS_ISO": null, "FCLASS_US": null, "FCLASS_FR": null, "FCLASS_RU": null, "FCLASS_ES": null, "FCLASS_CN": null, "FCLASS_TW": null, "FCLASS_IN": null, "FCLASS_NP": null, "FCLASS_PK": null, "FCLASS_DE": null, "FCLASS_GB": null, "FCLASS_BR": null, "FCLASS_IL": null, "FCLASS_PS": null, "FCLASS_SA": null, "FCLASS_EG": null, "FCLASS_MA": null, "FCLASS_PT": null, "FCLASS_AR": null, "FCLASS_JP": null, "FCLASS_KO": null, "FCLASS_VN": null, "FCLASS_TR": null, "FCLASS_ID": null, "FCLASS_PL": null, "FCLASS_GR": null, "FCLASS_IT": null, "FCLASS_NL": null, "FCLASS_SE": null, "FCLASS_BD": null, "FCLASS_UA": null, "FCLASS_TLC": null }, "geometry": { "type": "Point", "coordinates": [ -75.5000275, 46.5503744 ] } },
{ "type": "Feature", "properties": { "SCALERANK": 7, "NATSCALE": 20, "LABELRANK": 2, "FEATURECLA": "Populated place", "NAME": "Pembroke", "NAMEPAR": null, "NAMEALT": null, "NAMEASCII": "Pembroke", "ADM0CAP": 0, "CAPIN": null, "WORLDCITY": 0, "MEGACITY": 0, "SOV0NAME": "Canada", "SOV_A3": "CAN", "ADM0NAME": "Canada", "ADM0_A3": "CAN", "ADM1NAME": "Québec", "ISO_A2": "CA", "NOTE": null, "LATITUDE": 45.850262, "LONGITUDE": -77.116647, "POP_MAX": 15551, "POP_MIN": 15551, "POP_OTHER": 0, "RANK_MAX": 6, "RANK_MIN": 6, "MEGANAME": null, "LS_NAME": "Pembroke", "MAX_POP10": 0, "MAX_POP20": 0, "MAX_POP50": 0, "MAX_POP300": 0, "MAX_POP310": 0, "MAX_NATSCA": 0, "MIN_AREAKM": 0, "MAX_AREAKM": 0, "MIN_AREAMI": 0, "MAX_AREAMI": 0, "MIN_PERKM": 0, "MAX_PERKM": 0, "MIN_PERMI": 0, "MAX_PERMI": 0, "MIN_BBXMIN": 0.0, "MAX_BBXMIN": 0.0, "MIN_BBXMAX": 0.0, "MAX_BBXMAX": 0.0, "MIN_BBYMIN": 0.0, "MAX_BBYMIN": 0.0, "MIN_BBYMAX": 0.0, "MAX_BBYMAX": 0.0, "MEAN_BBXC": 0.0, "MEAN_BBYC": 0.0, "TIMEZONE": "America/Montreal", "UN_FID": 0, "POP1950": 0, "POP1955": 0, "POP1960": 0, "POP1965": 0, "POP1970": 0, "POP1975": 0, "POP1980": 0, "POP1985": 0, "POP1990": 0, "POP1995": 0, "POP2000": 0, "POP2005": 0, "POP2010": 0, "POP2015": 0, "POP2020": 0, "POP2025": 0, "POP2050": 0, "MIN_ZOOM": 6.7, "WIKIDATAID": "Q1075086", "WOF_ID": 101735607, "CAPALT": 0, "NAME_EN": "Pembroke", "NAME_DE": "Pembroke", "NAME_ES": "Pembroke", "NAME_FR": "Pembroke", "NAME_PT": "Pembroke", "NAME_RU": "Пемброк", "NAME_ZH": "彭布罗克", "LABEL": null, "NAME_AR": "بيمبروك", "NAME_BN": "পেমব্রুক", "NAME_EL": "Πέμπροκ", "NAME_HI": "पेमब्रोक", "NAME_HU": "Pembroke", "NAME_ID": "Pembroke", "NAME_IT": "Pembroke", "NAME_JA": "ペンブルック", "NAME_KO": "펨브로크", "NAME_NL": "Pembroke", "NAME_PL": "Pembroke", "NAME_SV": "Pembroke", "NAME_TR": "Pembroke", "NAME_VI": "Pembroke", "NE_ID": 1159143923, "NAME_FA": "پمبروک", "NAME_HE": "פמברוק", "NAME_UK": "Пембрук", "NAME_UR": "پیمبروکی", "NAME_ZHT": "彭布羅克", "GEONAMESID": 6100832, "FCLASS_ISO": null, "FCLASS_US": null, "FCLASS_FR": null, "FCLASS_RU": null, "FCLASS_ES": null, "FCLASS_CN": null, "FCLASS_TW": null, "FCLASS_IN": null, "FCLASS_NP": null, "FCLASS_PK": null, "FCLASS_DE": null, "FCLASS_GB": null, "FCLASS_BR": null, "FCLASS_IL": null, "FCLASS_PS": null, "FCLASS_SA": null, "FCLASS_EG": null, "FCLASS_MA": null, "FCLASS_PT": null, "FCLASS_AR": null, "FCLASS_JP": null, "FCLASS_KO": null, "FCLASS_VN": null, "FCLASS_TR": null, "FCLASS_ID": null, "FCLASS_PL": null, "FCLASS_GR": null, "FCLASS_IT": null, "FCLASS_NL": null, "FCLASS_SE": null, "FCLASS_BD": null, "FCLASS_UA": null, "FCLASS_TLC": null }, "geometry": { "type": "Point", "coordinates": [ -77.1166472, 45.8502621 ] } },
{ "type": "Feature", "properties": { "SCALERANK": 7, "NATSCALE": 20, "LABELRANK": 2, "FEATURECLA": "Populated place", "NAME": "Radisson", "NAMEPAR": null, "NAMEALT": null, "NAMEASCII": "Radisson", "ADM0CAP": 0, "CAPIN": null, "WORLDCITY": 0, "MEGACITY": 0, "SOV0NAME": "Canada", "SOV_A3": "CAN", "ADM0NAME": "Canada", "ADM0_A3": "CAN", "ADM1NAME": "Québec", "ISO_A2": "CA", "NOTE": null, "LATITUDE": 53.783628, "LONGITUDE": -77.616565, "POP_MAX": 270, "POP_MIN": 270, "POP_OTHER": 0, "RANK_MAX": 2, "RANK_MIN": 2, "MEGANAME": null, "LS_NAME": "Radisson", "MAX_POP10": 0, "MAX_POP20": 0, "MAX_POP50": 0, "MAX_POP300": 0, "MAX_POP310": 0, "MAX_NATSCA": 0, "MIN_AREAKM": 0, "MAX_AREAKM": 0, "MIN_AREAMI": 0, "MAX_AREAMI": 0, "MIN_PERKM": 0, "MAX_PERKM": 0, "MIN_PERMI": 0, "MAX_PERMI": 0, "MIN_BBXMIN": 0.0, "MAX_BBXMIN": 0.0, "MIN_BBXMAX": 0.0, "MAX_BBXMAX": 0.0, "MIN_BBYMIN": 0.0, "MAX_BBYMIN": 0.0, "MIN_BBYMAX": 0.0, "MAX_BBYMAX": 0.0, "MEAN_BBXC": 0.0, "MEAN_BBYC": 0.0, "TIMEZONE": null, "UN_FID": 0, "POP1950": 0, "POP1955": 0, "POP1960": 0, "POP1965": 0, "POP1970": 0, "POP1975": 0, "POP1980": 0, "POP1985": 0, "POP1990": 0, "POP1995": 0, "POP2000": 0, "POP2005": 0, "POP2010": 0, "POP2015": 0, "POP2020": 0, "POP2025": 0, "POP2050": 0, "MIN_ZOOM": 6.7, "WIKIDATAID": "Q326413", "WOF_ID": 1141908011, "CAPALT": 0, "NAME_EN": "Radisson", "NAME_DE": "Radisson", "NAME_ES": "Radisson", "NAME_FR": "Radisson", "NAME_PT": "Radisson", "NAME_RU": "Радиссон", "NAME_ZH": "拉迪森", "LABEL": null, "NAME_AR": "راديسون", "NAME_BN": "র", "NAME_EL": "Ράντισον", "NAME_HI": "रैडीसन", "NAME_HU": "Radisson", "NAME_ID": "Radisson", "NAME_IT": "Radisson", "NAME_JA": "ラディソン", "NAME_KO": "래디슨", "NAME_NL": "Radisson", "NAME_PL": "Radisson", "NAME_SV": "Radisson", "NAME_TR": "Radisson", "NAME_VI": "Radisson", "NE_ID": 1159143927, "NAME_FA": "رادیسون", "NAME_HE": "רדיסון", "NAME_UK": "Редіссон", "NAME_UR": "ریڈیسن", "NAME_ZHT": "雷迪森", "GEONAMESID": 6115701, "FCLASS_ISO": null, "FCLASS_US": null, "FCLASS_FR": null, "FCLASS_RU": null, "FCLASS_ES": null, "FCLASS_CN": null, "FCLASS_TW": null, "FCLASS_IN": null, "FCLASS_NP": null, "FCLASS_PK": null, "FCLASS_DE": null, "FCLASS_GB": null, "FCLASS_BR": null, "FCLASS_IL": null, "FCLASS_PS": null, "FCLASS_SA": null, "FCLASS_EG": null, "FCLASS_MA": null, "FCLASS_PT": null, "FCLASS_AR": null, "FCLASS_JP": null, "FCLASS_KO": null, "FCLASS_VN": null, "FCLASS_TR": null, "FCLASS_ID": null, "FCLASS_PL": null, "FCLASS_GR": null, "FCLASS_IT": null, "FCLASS_NL": null, "FCLASS_SE": null, "FCLASS_BD": null, "FCLASS_UA": null, "FCLASS_TLC": null }, "geometry": { "type": "Point", "coordinates": [ -77.616565, 53.7836279 ] } },
{ "type": "Feature", "properties": { "SCALERANK": 7, "NATSCALE": 20, "LABELRANK": 2, "FEATURECLA": "Populated place", "NAME": "Saint John", "NAMEPAR": null, "NAMEALT": null, "NAMEASCII": "Saint John", "ADM0CAP": 0, "CAPIN": null, "WORLDCITY": 0, "MEGACITY": 0, "SOV0NAME": "Canada", "SOV_A3": "CAN", "ADM0NAME": "Canada", "ADM0_A3": "CAN", "ADM1NAME": "New Brunswick", "ISO_A2": "CA", "NOTE": null, "LATITUDE": 45.267042, "LONGITUDE": -66.076675, "POP_MAX": 87857, "POP_MIN": 54449, "POP_OTHER": 53440, "RANK_MAX": 8, "RANK_MIN": 8, "MEGANAME": null, "LS_NAME": "St. John", "MAX_POP10": 54449, "MAX_POP20": 54449, "MAX_POP50": 0, "MAX_POP300": 0, "MAX_POP310": 0, "MAX_NATSCA": 20, "MIN_AREAKM": 69, "MAX_AREAKM": 69, "MIN_AREAMI": 27, "MAX_AREAMI": 27, "MIN_PERKM": 89, "MAX_PERKM": 89, "MIN_PERMI": 56, "MAX_PERMI": 56, "MIN_BBXMIN": -66.15, "MAX_BBXMIN": -66.15, "MIN_BBXMAX": -65.975, "MAX_BBXMAX": -65.975, "MIN_BBYMIN": 45.233333, "MAX_BBYMIN": 45.233333, "MIN_BBYMAX": 45.366667, "MAX_BBYMAX": 45.366667, "MEAN_BBXC": -66.055117, "MEAN_BBYC": 45.285526, "TIMEZONE": "America/Moncton", "UN_FID": 0, "POP1950": 0, "POP1955": 0, "POP1960": 0, "POP1965": 0, "POP1970": 0, "POP1975": 0, "POP1980": 0, "POP1985": 0, "POP1990": 0, "POP1995": 0, "POP2000": 0, "POP2005": 0, "POP2010": 0, "POP2015": 0, "POP2020": 0, "POP2025": 0, "POP2050": 0, "MIN_ZOOM": 6.7, "WIKIDATAID": "Q203403", "WOF_ID": 101735187, "CAPALT": 0, "NAME_EN": "Saint John", "NAME_DE": "Saint John", "NAME_ES": "Saint John", "NAME_FR": "Saint-Jean", "NAME_PT": "Saint John", "NAME_RU": "Сент-Джон", "NAME_ZH": "圣约翰", "LABEL": null, "NAME_AR": "سانت جون", "NAME_BN": "সেন্ট জন", "NAME_EL": "Σεντ Τζον", "NAME_HI": "संत जॉन", "NAME_HU": "Saint John", "NAME_ID": "Saint John", "NAME_IT": "Saint John", "NAME_JA": "セイント・ジョン", "NAME_KO": "세인트존", "NAME_NL": "Saint John", "NAME_PL": "Saint John", "NAME_SV": "Saint John", "NAME_TR": "Saint John", "NAME_VI": "Saint John", "NE_ID": 1159143931, "NAME_FA": "سنت جان", "NAME_HE": "סנט ג'ון", "NAME_UK": "Сент-Джон", "NAME_UR": "سینٹ جان", "NAME_ZHT": "聖約翰", "GEONAMESID": 6138517, "FCLASS_ISO": null, "FCLASS_US": null, "FCLASS_FR": null, "FCLASS_RU": null, "FCLASS_ES": null, "FCLASS_CN": null, "FCLASS_TW": null, "FCLASS_IN": null, "FCLASS_NP": null, "FCLASS_PK": null, "FCLASS_DE": null, "FCLASS_GB": null, "FCLASS_BR": null, "FCLASS_IL": null, "FCLASS_PS": null, "FCLASS_SA": null, "FCLASS_EG": null, "FCLASS_MA": null, "FCLASS_PT": null, "FCLASS_AR": null, "FCLASS_JP": null, "FCLASS_KO": null, "FCLASS_VN": null, "FCLASS_TR": null, "FCLASS_ID": null, "FCLASS_PL": null, "FCLASS_GR": null, "FCLASS_IT": null, "FCLASS_NL": null, "FCLASS_SE": null, "FCLASS_BD": null, "FCLASS_UA": null, "FCLASS_TLC": null }, "geometry": { "type": "Point", "coordinates": [ -66.0766751, 45.2670418 ] } },
{ "type": "Feature", "properties": { "SCALERANK": 7, "NATSCALE": 20, "LABELRANK": 2, "FEATURECLA": "Populated place", "NAME": "Edmundston", "NAMEPAR": null, "NAMEALT": null, "NAMEASCII": "Edmundston", "ADM0CAP": 0, "CAPIN": null, "WORLDCITY": 0, "MEGACITY": 0, "SOV0NAME": "Canada", "SOV_A3": "CAN", "ADM0NAME": "Canada", "ADM0_A3": "CAN", "ADM1NAME": "New Brunswick", "ISO_A2": "CA", "NOTE": null, "LATITUDE": 47.379419, "LONGITUDE": -68.333282, "POP_MAX": 17894, "POP_MIN": 17894, "POP_OTHER": 12263, "RANK_MAX": 6, "RANK_MIN": 6, "MEGANAME": null, "LS_NAME": "Edmundston", "MAX_POP10": 17894, "MAX_POP20": 17894, "MAX_POP50": 0, "MAX_POP300": 0, "MAX_POP310": 0, "MAX_NATSCA": 20, "MIN_AREAKM": 27, "MAX_AREAKM": 27, "MIN_AREAMI": 10, "MAX_AREAMI": 10, "MIN_PERKM": 47, "MAX_PERKM": 47, "MIN_PERMI": 29, "MAX_PERMI": 29, "MIN_BBXMIN": -68.408333, "MAX_BBXMIN": -68.408333, "MIN_BBXMAX": -68.308333, "MAX_BBXMAX": -68.308333, "MIN_BBYMIN": 47.333333, "MAX_BBYMIN": 47.333333, "MIN_BBYMAX": 47.45, "MAX_BBYMAX": 47.45, "MEAN_BBXC": -68.352899, "MEAN_BBYC": 47.388406, "TIMEZONE": null, "UN_FID": 0, "POP1950": 0, "POP1955": 0, "POP1960": 0, "POP1965": 0, "POP1970": 0, "POP1975": 0, "POP1980": 0, "POP1985": 0, "POP1990": 0, "POP1995": 0, "POP2000": 0, "POP2005": 0, "POP2010": 0, "POP2015": 0, "POP2020": 0, "POP2025": 0, "POP2050": 0, "MIN_ZOOM": 6.7, "WIKIDATAID": "Q991257", "WOF_ID": 1141908013, "CAPALT": 0, "NAME_EN": "Edmundston", "NAME_DE": "Edmundston", "NAME_ES": "Edmundston", "NAME_FR": "Edmundston", "NAME_PT": "Edmundston", "NAME_RU": "Эдмундстон", "NAME_ZH": "埃德蒙兹顿", "LABEL": null, "NAME_AR": "إيدموندستون", "NAME_BN": "এডমন্ডস্টোন", "NAME_EL": "Έντμουντστον", "NAME_HI": "एडमुंडस्टन", "NAME_HU": "Edmundston", "NAME_ID": "Edmundston", "NAME_IT": "Edmundston", "NAME_JA": "エドモンストン", "NAME_KO": "에드먼드스턴", "NAME_NL": "Edmundston", "NAME_PL": "Edmundston", "NAME_SV": "Edmundston", "NAME_TR": "Edmunston", "NAME_VI": "Edmundston", "NE_ID": 1159143933, "NAME_FA": "ادمندستن", "NAME_HE": "אדמונדסטון", "NAME_UK": "Едмундстон", "NAME_UR": "یدموندستون", "NAME_ZHT": "埃德蒙茲頓", "GEONAMESID": 6545023, "FCLASS_ISO": null, "FCLASS_US": null, "FCLASS_FR": null, "FCLASS_RU": null, "FCLASS_ES": null, "FCLASS_CN": null, "FCLASS_TW": null, "FCLASS_IN": null, "FCLASS_NP": null, "FCLASS_PK": null, "FCLASS_DE": null, "FCLASS_GB": null, "FCLASS_BR": null, "FCLASS_IL": null, "FCLASS_PS": null, "FCLASS_SA": null, "FCLASS_EG": null, "FCLASS_MA": null, "FCLASS_PT": null, "FCLASS_AR": null, "FCLASS_JP": null, "FCLASS_KO": null, "FCLASS_VN": null, "FCLASS_TR": null, "FCLASS_ID": null, "FCLASS_PL": null, "FCLASS_GR": null, "FCLASS_IT": null, "FCLASS_NL": null, "FCLASS_SE": null, "FCLASS_BD": null, "FCLASS_UA": null, "FCLASS_TLC": null }, "geometry": { "type": "Point", "coordinates": [ -68.3332815, 47.3794194 ] } },
{ "type": "Feature", "properties": { "SCALERANK": 7, "NATSCALE": 20, "LABELRANK": 2, "FEATURECLA": "Populated place", "NAME": "Shelburne", "NAMEPAR": null, "NAMEALT": null, "NAMEASCII": "Shelburne", "ADM0CAP": 0, "CAPIN": null, "WORLDCITY": 0, "MEGACITY": 0, "SOV0NAME": "Canada", "SOV_A3": "CAN", "ADM0NAME": "Canada", "ADM0_A3": "CAN", "ADM1NAME": "Nova Scotia", "ISO_A2": "CA", "NOTE": null, "LATITUDE": 43.765609, "LONGITUDE": -65.319357, "POP_MAX": 3167, "POP_MIN": 1939, "POP_OTHER": 3167, "RANK_MAX": 4, "RANK_MIN": 3, "MEGANAME": null, "LS_NAME": "Shelburne", "MAX_POP10": 3167, "MAX_POP20": 3167, "MAX_POP50": 0, "MAX_POP300": 0, "MAX_POP310": 0, "MAX_NATSCA": 20, "MIN_AREAKM": 6, "MAX_AREAKM": 6, "MIN_AREAMI": 2, "MAX_AREAMI": 2, "MIN_PERKM": 14, "MAX_PERKM": 14, "MIN_PERMI": 9, "MAX_PERMI": 9, "MIN_BBXMIN": -65.333333, "MAX_BBXMIN": -65.333333, "MIN_BBXMAX": -65.3, "MAX_BBXMAX": -65.3, "MIN_BBYMIN": 43.733333, "MAX_BBYMIN": 43.733333, "MIN_BBYMAX": 43.775, "MAX_BBYMAX": 43.775, "MEAN_BBXC": -65.315278, "MEAN_BBYC": 43.75787, "TIMEZONE": "America/Halifax", "UN_FID": 0, "POP1950": 0, "POP1955": 0, "POP1960": 0, "POP1965": 0, "POP1970": 0, "POP1975": 0, "POP1980": 0, "POP1985": 0, "POP1990": 0, "POP1995": 0, "POP2000": 0, "POP2005": 0, "POP2010": 0, "POP2015": 0, "POP2020": 0, "POP2025": 0, "POP2050": 0, "MIN_ZOOM": 6.7, "WIKIDATAID": "Q1693101", "WOF_ID": 890456231, "CAPALT": 0, "NAME_EN": "Shelburne", "NAME_DE": "Shelburne", "NAME_ES": "Shelburne", "NAME_FR": "Shelburne", "NAME_PT": "Shelburne", "NAME_RU": "Шелберн", "NAME_ZH": "谢尔本", "LABEL": null, "NAME_AR": "شيلبورن", "NAME_BN": "শেলবার্ন", "NAME_EL": "Σέλμπερν", "NAME_HI": "शेलबर्न", "NAME_HU": "Shelburne", "NAME_ID": "Shelburne", "NAME_IT": "Shelburne", "NAME_JA": "シェルバーン", "NAME_KO": "쉘번", "NAME_NL": "Shelburne", "NAME_PL": "Shelburne", "NAME_SV": "Shelburne", "NAME_TR": "Shelburne", "NAME_VI": "Shelburne", "NE_ID": 1159143937, "NAME_FA": "شلبرن", "NAME_HE": "שלבורן", "NAME_UK": "Шелберн", "NAME_UR": "شیلبرن", "NAME_ZHT": "謝爾本", "GEONAMESID": 6145887, "FCLASS_ISO": null, "FCLASS_US": null, "FCLASS_FR": null, "FCLASS_RU": null, "FCLASS_ES": null, "FCLASS_CN": null, "FCLASS_TW": null, "FCLASS_IN": null, "FCLASS_NP": null, "FCLASS_PK": null, "FCLASS_DE": null, "FCLASS_GB": null, "FCLASS_BR": null, "FCLASS_IL": null, "FCLASS_PS": null, "FCLASS_SA": null, "FCLASS_EG": null, "FCLASS_MA": null, "FCLASS_PT": null, "FCLASS_AR": null, "FCLASS_JP": null, "FCLASS_KO": null, "FCLASS_VN": null, "FCLASS_TR": null, "FCLASS_ID": null, "FCLASS_PL": null, "FCLASS_GR": null, "FCLASS_IT": null, "FCLASS_NL": null, "FCLASS_SE": null, "FCLASS_BD": null, "FCLASS_UA": null, "FCLASS_TLC": null }, "geometry": { "type": "Point", "coordinates": [ -65.3193569, 43.7656089 ] } },
{ "type": "Feature", "properties": { "SCALERANK": 7, "NATSCALE": 20, "LABELRANK": 2, "FEATURECLA": "Populated place", "NAME": "Antigonish", "NAMEPAR": null, "NAMEALT": null, "NAMEASCII": "Antigonish", "ADM0CAP": 0, "CAPIN": null, "WORLDCITY": 0, "MEGACITY": 0, "SOV0NAME": "Canada", "SOV_A3": "CAN", "ADM0NAME": "Canada", "ADM0_A3": "CAN", "ADM1NAME": "Nova Scotia", "ISO_A2": "CA", "NOTE": null, "LATITUDE": 45.626917, "LONGITUDE": -61.99819, "POP_MAX": 6739, "POP_MIN": 5003, "POP_OTHER": 6449, "RANK_MAX": 5, "RANK_MIN": 5, "MEGANAME": null, "LS_NAME": "Antigonish", "MAX_POP10": 6739, "MAX_POP20": 6739, "MAX_POP50": 0, "MAX_POP300": 0, "MAX_POP310": 0, "MAX_NATSCA": 20, "MIN_AREAKM": 10, "MAX_AREAKM": 10, "MIN_AREAMI": 4, "MAX_AREAMI": 4, "MIN_PERKM": 18, "MAX_PERKM": 18, "MIN_PERMI": 11, "MAX_PERMI": 11, "MIN_BBXMIN": -62.016667, "MAX_BBXMIN": -62.016667, "MIN_BBXMAX": -61.966667, "MAX_BBXMAX": -61.966667, "MIN_BBYMIN": 45.6, "MAX_BBYMIN": 45.6, "MIN_BBYMAX": 45.633333, "MAX_BBYMAX": 45.633333, "MEAN_BBXC": -61.992708, "MEAN_BBYC": 45.61875, "TIMEZONE": "America/Halifax", "UN_FID": 0, "POP1950": 0, "POP1955": 0, "POP1960": 0, "POP1965": 0, "POP1970": 0, "POP1975": 0, "POP1980": 0, "POP1985": 0, "POP1990": 0, "POP1995": 0, "POP2000": 0, "POP2005": 0, "POP2010": 0, "POP2015": 0, "POP2020": 0, "POP2025": 0, "POP2050": 0, "MIN_ZOOM": 6.7, "WIKIDATAID": "Q575483", "WOF_ID": 890458657, "CAPALT": 0, "NAME_EN": "Antigonish", "NAME_DE": "Antigonish", "NAME_ES": "Antigonish", "NAME_FR": "Antigonish", "NAME_PT": "Antigonish", "NAME_RU": "Антигониш", "NAME_ZH": "安蒂戈尼什", "LABEL": null, "NAME_AR": "أنتيجونيش", "NAME_BN": "অ্যান্টিগনিশ", "NAME_EL": "Αντιγκόνις", "NAME_HI": "ऐंटीगोनिश", "NAME_HU": "Antigonish", "NAME_ID": "Antigonish", "NAME_IT": "Antigonish", "NAME_JA": "アンティゴニッシュ", "NAME_KO": "안티고니시", "NAME_NL": "Antigonish", "NAME_PL": "Antigonish", "NAME_SV": "Antigonish", "NAME_TR": "Antigonish", "NAME_VI": "Antigonish", "NE_ID": 1159143943, "NAME_FA": "آنتیگونیش", "NAME_HE": "אנטיגוניש", "NAME_UK": "Антігоніш", "NAME_UR": "اینٹیگونیش", "NAME_ZHT": "安蒂戈尼什", "GEONAMESID": 5886182, "FCLASS_ISO": null, "FCLASS_US": null, "FCLASS_FR": null, "FCLASS_RU": null, "FCLASS_ES": null, "FCLASS_CN": null, "FCLASS_TW": null, "FCLASS_IN": null, "FCLASS_NP": null, "FCLASS_PK": null, "FCLASS_DE": null, "FCLASS_GB": null, "FCLASS_BR": null, "FCLASS_IL": null, "FCLASS_PS": null, "FCLASS_SA": null, "FCLASS_EG": null, "FCLASS_MA": null, "FCLASS_PT": null, "FCLASS_AR": null, "FCLASS_JP": null, "FCLASS_KO": null, "FCLASS_VN": null, "FCLASS_TR": null, "FCLASS_ID": null, "FCLASS_PL": null, "FCLASS_GR": null, "FCLASS_IT": null, "FCLASS_NL": null, "FCLASS_SE": null, "FCLASS_BD": null, "FCLASS_UA": null, "FCLASS_TLC": null }, "geometry": { "type": "Point", "coordinates": [ -61.9981901, 45.6269165 ] } },
{ "type": "Feature", "properties": { "SCALERANK": 7, "NATSCALE": 20, "LABELRANK": 2, "FEATURECLA": "Populated place", "NAME": "Windsor", "NAMEPAR": null, "NAMEALT": null, "NAMEASCII": "Windsor", "ADM0CAP": 0, "CAPIN": null, "WORLDCITY": 0, "MEGACITY": 0, "SOV0NAME": "Canada", "SOV_A3": "CAN", "ADM0NAME": "Canada", "ADM0_A3": "CAN", "ADM1NAME": "Nova Scotia", "ISO_A2": "CA", "NOTE": null, "LATITUDE": 44.980599, "LONGITUDE": -64.12912, "POP_MAX": 3864, "POP_MIN": 3654, "POP_OTHER": 3398, "RANK_MAX": 4, "RANK_MIN": 4, "MEGANAME": null, "LS_NAME": "Windsor2", "MAX_POP10": 3654, "MAX_POP20": 3654, "MAX_POP50": 0, "MAX_POP300": 0, "MAX_POP310": 0, "MAX_NATSCA": 20, "MIN_AREAKM": 5, "MAX_AREAKM": 5, "MIN_AREAMI": 2, "MAX_AREAMI": 2, "MIN_PERKM": 13, "MAX_PERKM": 13, "MIN_PERMI": 8, "MAX_PERMI": 8, "MIN_BBXMIN": -64.15, "MAX_BBXMIN": -64.15, "MIN_BBXMAX": -64.116667, "MAX_BBXMAX": -64.116667, "MIN_BBYMIN": 44.966667, "MAX_BBYMIN": 44.966667, "MIN_BBYMAX": 45.0, "MAX_BBYMAX": 45.0, "MEAN_BBXC": -64.132292, "MEAN_BBYC": 44.985417, "TIMEZONE": "America/Halifax", "UN_FID": 0, "POP1950": 0, "POP1955": 0, "POP1960": 0, "POP1965": 0, "POP1970": 0, "POP1975": 0, "POP1980": 0, "POP1985": 0, "POP1990": 0, "POP1995": 0, "POP2000": 0, "POP2005": 0, "POP2010": 0, "POP2015": 0, "POP2020": 0, "POP2025": 0, "POP2050": 0, "MIN_ZOOM": 6.1, "WIKIDATAID": "Q1973829", "WOF_ID": 890457337, "CAPALT": 0, "NAME_EN": "Windsor", "NAME_DE": "Windsor", "NAME_ES": "Windsor", "NAME_FR": "Windsor", "NAME_PT": "Windsor", "NAME_RU": "Уинсор", "NAME_ZH": "温莎", "LABEL": null, "NAME_AR": "ويندسور", "NAME_BN": "উইন্ডসর", "NAME_EL": "Γουίντσορ", "NAME_HI": "विंडसर", "NAME_HU": "Windsor", "NAME_ID": "Windsor", "NAME_IT": "Windsor", "NAME_JA": "ウィンザー", "NAME_KO": "윈저", "NAME_NL": "Windsor", "NAME_PL": "Windsor", "NAME_SV": "Windsor", "NAME_TR": "Windsor", "NAME_VI": "Windsor", "NE_ID": 1159143947, "NAME_FA": "ویندسور٬ نوا اسکوشیا", "NAME_HE": "ווינדזור", "NAME_UK": "Віндзор", "NAME_UR": "ونڈسور", "NAME_ZHT": "溫莎", "GEONAMESID": 6182958, "FCLASS_ISO": null, "FCLASS_US": null, "FCLASS_FR": null, "FCLASS_RU": null, "FCLASS_ES": null, "FCLASS_CN": null, "FCLASS_TW": null, "FCLASS_IN": null, "FCLASS_NP": null, "FCLASS_PK": null, "FCLASS_DE": null, "FCLASS_GB": null, "FCLASS_BR": null, "FCLASS_IL": null, "FCLASS_PS": null, "FCLASS_SA": null, "FCLASS_EG": null, "FCLASS_MA": null, "FCLASS_PT": null, "FCLASS_AR": null, "FCLASS_JP": null, "FCLASS_KO": null, "FCLASS_VN": null, "FCLASS_TR": null, "FCLASS_ID": null, "FCLASS_PL": null, "FCLASS_GR": null, "FCLASS_IT": null, "FCLASS_NL": null, "FCLASS_SE": null, "FCLASS_BD": null, "FCLASS_UA": null, "FCLASS_TLC": null }, "geometry": { "type": "Point", "coordinates": [ -64.1291195, 44.9805994 ] } },
{ "type": "Feature", "properties": { "SCALERANK": 7, "NATSCALE": 20, "LABELRANK": 2, "FEATURECLA": "Populated place", "NAME": "Digby", "NAMEPAR": null, "NAMEALT": null, "NAMEASCII": "Digby", "ADM0CAP": 0, "CAPIN": null, "WORLDCITY": 0, "MEGACITY": 0, "SOV0NAME": "Canada", "SOV_A3": "CAN", "ADM0NAME": "Canada", "ADM0_A3": "CAN", "ADM1NAME": "Nova Scotia", "ISO_A2": "CA", "NOTE": null, "LATITUDE": 44.622585, "LONGITUDE": -65.760493, "POP_MAX": 3949, "POP_MIN": 2052, "POP_OTHER": 3949, "RANK_MAX": 4, "RANK_MIN": 4, "MEGANAME": null, "LS_NAME": "Digby", "MAX_POP10": 3949, "MAX_POP20": 3949, "MAX_POP50": 0, "MAX_POP300": 0, "MAX_POP310": 0, "MAX_NATSCA": 20, "MIN_AREAKM": 4, "MAX_AREAKM": 4, "MIN_AREAMI": 2, "MAX_AREAMI": 2, "MIN_PERKM": 10, "MAX_PERKM": 10, "MIN_PERMI": 6, "MAX_PERMI": 6, "MIN_BBXMIN": -65.775, "MAX_BBXMIN": -65.775, "MIN_BBXMAX": -65.75, "MAX_BBXMAX": -65.75, "MIN_BBYMIN": 44.608333, "MAX_BBYMIN": 44.608333, "MIN_BBYMAX": 44.633333, "MAX_BBYMAX": 44.633333, "MEAN_BBXC": -65.760119, "MEAN_BBYC": 44.620833, "TIMEZONE": "America/Halifax", "UN_FID": 0, "POP1950": 0, "POP1955": 0, "POP1960": 0, "POP1965": 0, "POP1970": 0, "POP1975": 0, "POP1980": 0, "POP1985": 0, "POP1990": 0, "POP1995": 0, "POP2000": 0, "POP2005": 0, "POP2010": 0, "POP2015": 0, "POP2020": 0, "POP2025": 0, "POP2050": 0, "MIN_ZOOM": 6.7, "WIKIDATAID": "Q1224586", "WOF_ID": 890456417, "CAPALT": 0, "NAME_EN": "Digby", "NAME_DE": "Digby", "NAME_ES": "Digby", "NAME_FR": "Digby", "NAME_PT": "Digby", "NAME_RU": "Дигби", "NAME_ZH": "迪格比", "LABEL": null, "NAME_AR": "ديغبي", "NAME_BN": "ডিগবি", "NAME_EL": "Ντίγκμπι", "NAME_HI": "डिग्बी", "NAME_HU": "Digby", "NAME_ID": "Digby", "NAME_IT": "Digby", "NAME_JA": "ディグビー", "NAME_KO": "딕비", "NAME_NL": "Digby", "NAME_PL": "Digby", "NAME_SV": "Digby", "NAME_TR": "Digby", "NAME_VI": "Digby", "NE_ID": 1159143951, "NAME_FA": "دیگبی", "NAME_HE": "דיגבי", "NAME_UK": "Дігбі", "NAME_UR": "ڈگبی", "NAME_ZHT": "迪格比", "GEONAMESID": 5939236, "FCLASS_ISO": null, "FCLASS_US": null, "FCLASS_FR": null, "FCLASS_RU": null, "FCLASS_ES": null, "FCLASS_CN": null, "FCLASS_TW": null, "FCLASS_IN": null, "FCLASS_NP": null, "FCLASS_PK": null, "FCLASS_DE": null, "FCLASS_GB": null, "FCLASS_BR": null, "FCLASS_IL": null, "FCLASS_PS": null, "FCLASS_SA": null, "FCLASS_EG": null, "FCLASS_MA": null, "FCLASS_PT": null, "FCLASS_AR": null, "FCLASS_JP": null, "FCLASS_KO": null, "FCLASS_VN": null, "FCLASS_TR": null, "FCLASS_ID": null, "FCLASS_PL": null, "FCLASS_GR": null, "FCLASS_IT": null, "FCLASS_NL": null, "FCLASS_SE": null, "FCLASS_BD": null, "FCLASS_UA": null, "FCLASS_TLC": null }, "geometry": { "type": "Point", "coordinates": [ -65.7604928, 44.6225851 ] } },
{ "type": "Feature", "properties": { "SCALERANK": 7, "NATSCALE": 20, "LABELRANK": 2, "FEATURECLA": "Populated place", "NAME": "Stephenville", "NAMEPAR": null, "NAMEALT": null, "NAMEASCII": "Stephenville", "ADM0CAP": 0, "CAPIN": null, "WORLDCITY": 0, "MEGACITY": 0, "SOV0NAME": "Canada", "SOV_A3": "CAN", "ADM0NAME": "Canada", "ADM0_A3": "CAN", "ADM1NAME": "Newfoundland and Labrador", "ISO_A2": "CA", "NOTE": null, "LATITUDE": 48.550407, "LONGITUDE": -58.566565, "POP_MAX": 7054, "POP_MIN": 6278, "POP_OTHER": 5497, "RANK_MAX": 5, "RANK_MIN": 5, "MEGANAME": null, "LS_NAME": "Stephenville", "MAX_POP10": 7054, "MAX_POP20": 7054, "MAX_POP50": 0, "MAX_POP300": 0, "MAX_POP310": 0, "MAX_NATSCA": 20, "MIN_AREAKM": 13, "MAX_AREAKM": 13, "MIN_AREAMI": 5, "MAX_AREAMI": 5, "MIN_PERKM": 27, "MAX_PERKM": 27, "MIN_PERMI": 17, "MAX_PERMI": 17, "MIN_BBXMIN": -58.633333, "MAX_BBXMIN": -58.633333, "MIN_BBXMAX": -58.533333, "MAX_BBXMAX": -58.533333, "MIN_BBYMIN": 48.541667, "MAX_BBYMIN": 48.541667, "MIN_BBYMAX": 48.566667, "MAX_BBYMAX": 48.566667, "MEAN_BBXC": -58.583712, "MEAN_BBYC": 48.550758, "TIMEZONE": "America/St_Johns", "UN_FID": 0, "POP1950": 0, "POP1955": 0, "POP1960": 0, "POP1965": 0, "POP1970": 0, "POP1975": 0, "POP1980": 0, "POP1985": 0, "POP1990": 0, "POP1995": 0, "POP2000": 0, "POP2005": 0, "POP2010": 0, "POP2015": 0, "POP2020": 0, "POP2025": 0, "POP2050": 0, "MIN_ZOOM": 6.7, "WIKIDATAID": "Q626279", "WOF_ID": 890457007, "CAPALT": 0, "NAME_EN": "Stephenville", "NAME_DE": "Stephenville", "NAME_ES": "Stephenville", "NAME_FR": "Stephenville", "NAME_PT": "Stephenville", "NAME_RU": "Стивенвилл", "NAME_ZH": "斯蒂芬维尔", "LABEL": null, "NAME_AR": "ستيفنفيل", "NAME_BN": "স্টেফেনভিলে", "NAME_EL": "Στέφενβιλ", "NAME_HI": "स्टीफ़ेनविला", "NAME_HU": "Stephenville", "NAME_ID": "Stephenville", "NAME_IT": "Stephenville", "NAME_JA": "スティーブンビル", "NAME_KO": "스티븐빌", "NAME_NL": "Stephenville", "NAME_PL": "Stephenville", "NAME_SV": "Stephenville", "NAME_TR": "Stephenville", "NAME_VI": "Stephenville", "NE_ID": 1159143955, "NAME_FA": "استفن ویل", "NAME_HE": "סטפנוויל", "NAME_UK": "Стівенвілл", "NAME_UR": "اسٹیفنولے", "NAME_ZHT": "斯蒂芬維爾", "GEONAMESID": 6156244, "FCLASS_ISO": null, "FCLASS_US": null, "FCLASS_FR": null, "FCLASS_RU": null, "FCLASS_ES": null, "FCLASS_CN": null, "FCLASS_TW": null, "FCLASS_IN": null, "FCLASS_NP": null, "FCLASS_PK": null, "FCLASS_DE": null, "FCLASS_GB": null, "FCLASS_BR": null, "FCLASS_IL": null, "FCLASS_PS": null, "FCLASS_SA": null, "FCLASS_EG": null, "FCLASS_MA": null, "FCLASS_PT": null, "FCLASS_AR": null, "FCLASS_JP": null, "FCLASS_KO": null, "FCLASS_VN": null, "FCLASS_TR": null, "FCLASS_ID": null, "FCLASS_PL": null, "FCLASS_GR": null, "FCLASS_IT": null, "FCLASS_NL": null, "FCLASS_SE": null, "FCLASS_BD": null, "FCLASS_UA": null, "FCLASS_TLC": null }, "geometry": { "type": "Point", "coordinates": [ -58.566565, 48.5504073 ] } },
{ "type": "Feature", "properties": { "SCALERANK": 7, "NATSCALE": 20, "LABELRANK": 2, "FEATURECLA": "Populated place", "NAME": "Argentia", "NAMEPAR": null, "NAMEALT": null, "NAMEASCII": "Argentia", "ADM0CAP": 0, "CAPIN": null, "WORLDCITY": 0, "MEGACITY": 0, "SOV0NAME": "Canada", "SOV_A3": "CAN", "ADM0NAME": "Canada", "ADM0_A3": "CAN", "ADM1NAME": "Newfoundland and Labrador", "ISO_A2": "CA", "NOTE": null, "LATITUDE": 47.300432, "LONGITUDE": -53.989997, "POP_MAX": 1063, "POP_MIN": 1063, "POP_OTHER": 1063, "RANK_MAX": 3, "RANK_MIN": 3, "MEGANAME": null, "LS_NAME": "Argentia", "MAX_POP10": 1063, "MAX_POP20": 1063, "MAX_POP50": 0, "MAX_POP300": 0, "MAX_POP310": 0, "MAX_NATSCA": 20, "MIN_AREAKM": 3, "MAX_AREAKM": 3, "MIN_AREAMI": 1, "MAX_AREAMI": 1, "MIN_PERKM": 8, "MAX_PERKM": 8, "MIN_PERMI": 5, "MAX_PERMI": 5, "MIN_BBXMIN": -54.0, "MAX_BBXMIN": -54.0, "MIN_BBXMAX": -53.975, "MAX_BBXMAX": -53.975, "MIN_BBYMIN": 47.3, "MAX_BBYMIN": 47.3, "MIN_BBYMAX": 47.316667, "MAX_BBYMAX": 47.316667, "MEAN_BBXC": -53.989167, "MEAN_BBYC": 47.309167, "TIMEZONE": null, "UN_FID": 0, "POP1950": 0, "POP1955": 0, "POP1960": 0, "POP1965": 0, "POP1970": 0, "POP1975": 0, "POP1980": 0, "POP1985": 0, "POP1990": 0, "POP1995": 0, "POP2000": 0, "POP2005": 0, "POP2010": 0, "POP2015": 0, "POP2020": 0, "POP2025": 0, "POP2050": 0, "MIN_ZOOM": 6.7, "WIKIDATAID": "Q2860953", "WOF_ID": 1141908015, "CAPALT": 0, "NAME_EN": "Argentia", "NAME_DE": "Argentia", "NAME_ES": "Argentia", "NAME_FR": "Argentia", "NAME_PT": "Argentia", "NAME_RU": "Аргентия", "NAME_ZH": "阿真舍", "LABEL": null, "NAME_AR": "الأرجنتين", "NAME_BN": "আর্জেন্টিনা", "NAME_EL": "Αρτζέντια", "NAME_HI": "अर्जेंटीआ", "NAME_HU": "Argentia", "NAME_ID": "Argentia", "NAME_IT": "Argentia", "NAME_JA": "アルジェンシャ", "NAME_KO": "아젠셔", "NAME_NL": "Argentia", "NAME_PL": "Argentia", "NAME_SV": "Argentia", "NAME_TR": "Argentia", "NAME_VI": "Argentia", "NE_ID": 1159143961, "NAME_FA": "آرژنتیا", "NAME_HE": "ארגנטיה", "NAME_UK": "Аргентія", "NAME_UR": "ارجنٹینا", "NAME_ZHT": "阿根提亞", "GEONAMESID": 5886823, "FCLASS_ISO": null, "FCLASS_US": null, "FCLASS_FR": null, "FCLASS_RU": null, "FCLASS_ES": null, "FCLASS_CN": null, "FCLASS_TW": null, "FCLASS_IN": null, "FCLASS_NP": null, "FCLASS_PK": null, "FCLASS_DE": null, "FCLASS_GB": null, "FCLASS_BR": null, "FCLASS_IL": null, "FCLASS_PS": null, "FCLASS_SA": null, "FCLASS_EG": null, "FCLASS_MA": null, "FCLASS_PT": null, "FCLASS_AR": null, "FCLASS_JP": null, "FCLASS_KO": null, "FCLASS_VN": null, "FCLASS_TR": null, "FCLASS_ID": null, "FCLASS_PL": null, "FCLASS_GR": null, "FCLASS_IT": null, "FCLASS_NL": null, "FCLASS_SE": null, "FCLASS_BD": null, "FCLASS_UA": null, "FCLASS_TLC": null }, "geometry": { "type": "Point", "coordinates": [ -53.9899968, 47.3004319 ] } },
{ "type": "Feature", "properties": { "SCALERANK": 7, "NATSCALE": 20, "LABELRANK": 2, "FEATURECLA": "Populated place", "NAME": "St. Anthony", "NAMEPAR": null, "NAMEALT": null, "NAMEASCII": "St. Anthony", "ADM0CAP": 0, "CAPIN": null, "WORLDCITY": 0, "MEGACITY": 0, "SOV0NAME": "Canada", "SOV_A3": "CAN", "ADM0NAME": "Canada", "ADM0_A3": "CAN", "ADM1NAME": "Newfoundland and Labrador", "ISO_A2": "CA", "NOTE": null, "LATITUDE": 51.383749, "LONGITUDE": -55.59995, "POP_MAX": 224, "POP_MIN": 224, "POP_OTHER": 0, "RANK_MAX": 2, "RANK_MIN": 2, "MEGANAME": null, "LS_NAME": "St. Anthony", "MAX_POP10": 224, "MAX_POP20": 224, "MAX_POP50": 0, "MAX_POP300": 0, "MAX_POP310": 0, "MAX_NATSCA": 20, "MIN_AREAKM": 1, "MAX_AREAKM": 1, "MIN_AREAMI": 0, "MAX_AREAMI": 0, "MIN_PERKM": 3, "MAX_PERKM": 3, "MIN_PERMI": 2, "MAX_PERMI": 2, "MIN_BBXMIN": -55.591667, "MAX_BBXMIN": -55.591667, "MIN_BBXMAX": -55.583333, "MAX_BBXMAX": -55.583333, "MIN_BBYMIN": 51.375, "MAX_BBYMIN": 51.375, "MIN_BBYMAX": 51.383333, "MAX_BBYMAX": 51.383333, "MEAN_BBXC": -55.5875, "MEAN_BBYC": 51.379167, "TIMEZONE": null, "UN_FID": 0, "POP1950": 0, "POP1955": 0, "POP1960": 0, "POP1965": 0, "POP1970": 0, "POP1975": 0, "POP1980": 0, "POP1985": 0, "POP1990": 0, "POP1995": 0, "POP2000": 0, "POP2005": 0, "POP2010": 0, "POP2015": 0, "POP2020": 0, "POP2025": 0, "POP2050": 0, "MIN_ZOOM": 6.7, "WIKIDATAID": "Q2317218", "WOF_ID": 1141908017, "CAPALT": 0, "NAME_EN": "St. Anthony", "NAME_DE": "St. Anthony", "NAME_ES": "St. Anthony", "NAME_FR": "St. Anthony", "NAME_PT": "St. Anthony", "NAME_RU": "Сент-Антони", "NAME_ZH": "圣安东尼", "LABEL": null, "NAME_AR": "سانت أنطوني", "NAME_BN": "সেন্ট অ্যান্থনি", "NAME_EL": "Σεντ Άντονι", "NAME_HI": "सेंट एंथनी", "NAME_HU": "St. Anthony", "NAME_ID": "St. Anthony", "NAME_IT": "St. Anthony", "NAME_JA": "セントアンソニー", "NAME_KO": "세인트 안토니", "NAME_NL": "St. Anthony", "NAME_PL": "St. Anthony", "NAME_SV": "St. Anthony", "NAME_TR": "St. Anthony", "NAME_VI": "St. Anthony", "NE_ID": 1159143965, "NAME_FA": "استی انتونی", "NAME_HE": "סנט אנטוני", "NAME_UK": "Сент-Ентоні", "NAME_UR": "سینٹ اینتھونی", "NAME_ZHT": "聖安東尼", "GEONAMESID": 6155302, "FCLASS_ISO": null, "FCLASS_US": null, "FCLASS_FR": null, "FCLASS_RU": null, "FCLASS_ES": null, "FCLASS_CN": null, "FCLASS_TW": null, "FCLASS_IN": null, "FCLASS_NP": null, "FCLASS_PK": null, "FCLASS_DE": null, "FCLASS_GB": null, "FCLASS_BR": null, "FCLASS_IL": null, "FCLASS_PS": null, "FCLASS_SA": null, "FCLASS_EG": null, "FCLASS_MA": null, "FCLASS_PT": null, "FCLASS_AR": null, "FCLASS_JP": null, "FCLASS_KO": null, "FCLASS_VN": null, "FCLASS_TR": null, "FCLASS_ID": null, "FCLASS_PL": null, "FCLASS_GR": null, "FCLASS_IT": null, "FCLASS_NL": null, "FCLASS_SE": null, "FCLASS_BD": null, "FCLASS_UA": null, "FCLASS_TLC": null }, "geometry": { "type": "Point", "coordinates": [ -55.5999502, 51.3837486 ] } },
{ "type": "Feature", "properties": { "SCALERANK": 7, "NATSCALE": 20, "LABELRANK": 2, "FEATURECLA": "Populated place", "NAME": "Channel-Port aux Basques", "NAMEPAR": null, "NAMEALT": null, "NAMEASCII": "Channel-Port aux Basques", "ADM0CAP": 0, "CAPIN": null, "WORLDCITY": 0, "MEGACITY": 0, "SOV0NAME": "Canada", "SOV_A3": "CAN", "ADM0NAME": "Canada", "ADM0_A3": "CAN", "ADM1NAME": "Newfoundland and Labrador", "ISO_A2": "CA", "NOTE": null, "LATITUDE": 47.567005, "LONGITUDE": -59.150044, "POP_MAX": 4220, "POP_MIN": 2244, "POP_OTHER": 0, "RANK_MAX": 4, "RANK_MIN": 4, "MEGANAME": null, "LS_NAME": "Channel-Port aux Basques", "MAX_POP10": 2244, "MAX_POP20": 2244, "MAX_POP50": 0, "MAX_POP300": 0, "MAX_POP310": 0, "MAX_NATSCA": 20, "MIN_AREAKM": 3, "MAX_AREAKM": 3, "MIN_AREAMI": 1, "MAX_AREAMI": 1, "MIN_PERKM": 10, "MAX_PERKM": 10, "MIN_PERMI": 6, "MAX_PERMI": 6, "MIN_BBXMIN": -59.166667, "MAX_BBXMIN": -59.166667, "MIN_BBXMAX": -59.133333, "MAX_BBXMAX": -59.133333, "MIN_BBYMIN": 47.575, "MAX_BBYMIN": 47.575, "MIN_BBYMAX": 47.591667, "MAX_BBYMAX": 47.591667, "MEAN_BBXC": -59.147222, "MEAN_BBYC": 47.581944, "TIMEZONE": "America/St_Johns", "UN_FID": 0, "POP1950": 0, "POP1955": 0, "POP1960": 0, "POP1965": 0, "POP1970": 0, "POP1975": 0, "POP1980": 0, "POP1985": 0, "POP1990": 0, "POP1995": 0, "POP2000": 0, "POP2005": 0, "POP2010": 0, "POP2015": 0, "POP2020": 0, "POP2025": 0, "POP2050": 0, "MIN_ZOOM": 6.7, "WIKIDATAID": "Q1013617", "WOF_ID": 890458079, "CAPALT": 0, "NAME_EN": "Channel-Port aux Basques", "NAME_DE": "Port aux Basques", "NAME_ES": "Channel-Port aux Basques", "NAME_FR": "Channel-Port aux Basques", "NAME_PT": "Channel-Port aux Basques", "NAME_RU": "Шанель-Порт-о-Баск", "NAME_ZH": "巴斯克港", "LABEL": null, "NAME_AR": "تشانيل بورت أوكس باسكويس", "NAME_BN": "চ্যানেল-পোর্ট অক্স বাস্কুয়েস", "NAME_EL": "Σανέλ-Πορ ο Μπασκ", "NAME_HI": "चैनल-पोर्ट ऑक्स बेस्क", "NAME_HU": "Channel-Port aux Basques", "NAME_ID": "Channel-Port aux Basques", "NAME_IT": "Channel-Port aux Basques", "NAME_JA": "チャンネル＝ポルトー・バスク", "NAME_KO": "채널 포트 옥스 바스크", "NAME_NL": "Channel-Port aux Basques", "NAME_PL": "Channel-Port aux Basques", "NAME_SV": "Channel-Port aux Basques", "NAME_TR": "Channel-Port aux Basques", "NAME_VI": "Channel-Port aux Basques", "NE_ID": 1159143969, "NAME_FA": "چنل- پورت او باسکز", "NAME_HE": "שנל פורט אוקס בסקס", "NAME_UK": "Ченел-Порт-о-Баск", "NAME_UR": "چینل پورٹ آکس بیسکس", "NAME_ZHT": "巴斯克港", "GEONAMESID": 5919815, "FCLASS_ISO": null, "FCLASS_US": null, "FCLASS_FR": null, "FCLASS_RU": null, "FCLASS_ES": null, "FCLASS_CN": null, "FCLASS_TW": null, "FCLASS_IN": null, "FCLASS_NP": null, "FCLASS_PK": null, "FCLASS_DE": null, "FCLASS_GB": null, "FCLASS_BR": null, "FCLASS_IL": null, "FCLASS_PS": null, "FCLASS_SA": null, "FCLASS_EG": null, "FCLASS_MA": null, "FCLASS_PT": null, "FCLASS_AR": null, "FCLASS_JP": null, "FCLASS_KO": null, "FCLASS_VN": null, "FCLASS_TR": null, "FCLASS_ID": null, "FCLASS_PL": null, "FCLASS_GR": null, "FCLASS_IT": null, "FCLASS_NL": null, "FCLASS_SE": null, "FCLASS_BD": null, "FCLASS_UA": null, "FCLASS_TLC": null }, "geometry": { "type": "Point", "coordinates": [ -59.1500436, 47.5670048 ] } },
{ "type": "Feature", "properties": { "SCALERANK": 7, "NATSCALE": 20, "LABELRANK": 2, "FEATURECLA": "Populated place", "NAME": "Buchans", "NAMEPAR": null, "NAMEALT": null, "NAMEASCII": "Buchans", "ADM0CAP": 0, "CAPIN": null, "WORLDCITY": 0, "MEGACITY": 0, "SOV0NAME": "Canada", "SOV_A3": "CAN", "ADM0NAME": "Canada", "ADM0_A3": "CAN", "ADM1NAME": "Newfoundland and Labrador", "ISO_A2": "CA", "NOTE": null, "LATITUDE": 48.817032, "LONGITUDE": -56.866591, "POP_MAX": 685, "POP_MIN": 685, "POP_OTHER": 0, "RANK_MAX": 2, "RANK_MIN": 2, "MEGANAME": null, "LS_NAME": "Buchans", "MAX_POP10": 685, "MAX_POP20": 685, "MAX_POP50": 0, "MAX_POP300": 0, "MAX_POP310": 0, "MAX_NATSCA": 20, "MIN_AREAKM": 2, "MAX_AREAKM": 2, "MIN_AREAMI": 1, "MAX_AREAMI": 1, "MIN_PERKM": 8, "MAX_PERKM": 8, "MIN_PERMI": 5, "MAX_PERMI": 5, "MIN_BBXMIN": -56.875, "MAX_BBXMIN": -56.875, "MIN_BBXMAX": -56.85, "MAX_BBXMAX": -56.85, "MIN_BBYMIN": 48.816667, "MAX_BBYMIN": 48.816667, "MIN_BBYMAX": 48.833333, "MAX_BBYMAX": 48.833333, "MEAN_BBXC": -56.860417, "MEAN_BBYC": 48.822917, "TIMEZONE": null, "UN_FID": 0, "POP1950": 0, "POP1955": 0, "POP1960": 0, "POP1965": 0, "POP1970": 0, "POP1975": 0, "POP1980": 0, "POP1985": 0, "POP1990": 0, "POP1995": 0, "POP2000": 0, "POP2005": 0, "POP2010": 0, "POP2015": 0, "POP2020": 0, "POP2025": 0, "POP2050": 0, "MIN_ZOOM": 6.7, "WIKIDATAID": "Q2927433", "WOF_ID": 1141908019, "CAPALT": 0, "NAME_EN": "Buchans", "NAME_DE": "Buchans", "NAME_ES": "Buchans", "NAME_FR": "Buchans", "NAME_PT": "Buchans", "NAME_RU": "Баканс", "NAME_ZH": "巴肯斯", "LABEL": null, "NAME_AR": "بوتشانس", "NAME_BN": "বুচান্স", "NAME_EL": "Μπούκανς", "NAME_HI": "बुकन्स", "NAME_HU": "Buchans", "NAME_ID": "Buchans", "NAME_IT": "Buchans", "NAME_JA": "バカンズ", "NAME_KO": "뷰컨스", "NAME_NL": "Buchans", "NAME_PL": "Buchans", "NAME_SV": "Buchans", "NAME_TR": "Buchans", "NAME_VI": "Buchans", "NE_ID": 1159143973, "NAME_FA": "بوچانس", "NAME_HE": "בושנס", "NAME_UK": "Бакенс", "NAME_UR": "بوچانز", "NAME_ZHT": "布坎斯", "GEONAMESID": 5910505, "FCLASS_ISO": null, "FCLASS_US": null, "FCLASS_FR": null, "FCLASS_RU": null, "FCLASS_ES": null, "FCLASS_CN": null, "FCLASS_TW": null, "FCLASS_IN": null, "FCLASS_NP": null, "FCLASS_PK": null, "FCLASS_DE": null, "FCLASS_GB": null, "FCLASS_BR": null, "FCLASS_IL": null, "FCLASS_PS": null, "FCLASS_SA": null, "FCLASS_EG": null, "FCLASS_MA": null, "FCLASS_PT": null, "FCLASS_AR": null, "FCLASS_JP": null, "FCLASS_KO": null, "FCLASS_VN": null, "FCLASS_TR": null, "FCLASS_ID": null, "FCLASS_PL": null, "FCLASS_GR": null, "FCLASS_IT": null, "FCLASS_NL": null, "FCLASS_SE": null, "FCLASS_BD": null, "FCLASS_UA": null, "FCLASS_TLC": null }, "geometry": { "type": "Point", "coordinates": [ -56.8665912, 48.8170319 ] } },
{ "type": "Feature", "properties": { "SCALERANK": 7, "NATSCALE": 20, "LABELRANK": 2, "FEATURECLA": "Populated place", "NAME": "Trout River", "NAMEPAR": null, "NAMEALT": null, "NAMEASCII": "Trout River", "ADM0CAP": 0, "CAPIN": null, "WORLDCITY": 0, "MEGACITY": 0, "SOV0NAME": "Canada", "SOV_A3": "CAN", "ADM0NAME": "Canada", "ADM0_A3": "CAN", "ADM1NAME": "Newfoundland and Labrador", "ISO_A2": "CA", "NOTE": null, "LATITUDE": 49.483658, "LONGITUDE": -58.116644, "POP_MAX": 452, "POP_MIN": 452, "POP_OTHER": 0, "RANK_MAX": 2, "RANK_MIN": 2, "MEGANAME": null, "LS_NAME": "Trout River", "MAX_POP10": 452, "MAX_POP20": 452, "MAX_POP50": 0, "MAX_POP300": 0, "MAX_POP310": 0, "MAX_NATSCA": 20, "MIN_AREAKM": 1, "MAX_AREAKM": 1, "MIN_AREAMI": 0, "MAX_AREAMI": 0, "MIN_PERKM": 3, "MAX_PERKM": 3, "MIN_PERMI": 2, "MAX_PERMI": 2, "MIN_BBXMIN": -58.133333, "MAX_BBXMIN": -58.133333, "MIN_BBXMAX": -58.125, "MAX_BBXMAX": -58.125, "MIN_BBYMIN": 49.475, "MAX_BBYMIN": 49.475, "MIN_BBYMAX": 49.483333, "MAX_BBYMAX": 49.483333, "MEAN_BBXC": -58.129167, "MEAN_BBYC": 49.479167, "TIMEZONE": null, "UN_FID": 0, "POP1950": 0, "POP1955": 0, "POP1960": 0, "POP1965": 0, "POP1970": 0, "POP1975": 0, "POP1980": 0, "POP1985": 0, "POP1990": 0, "POP1995": 0, "POP2000": 0, "POP2005": 0, "POP2010": 0, "POP2015": 0, "POP2020": 0, "POP2025": 0, "POP2050": 0, "MIN_ZOOM": 6.7, "WIKIDATAID": "Q3540999", "WOF_ID": 1141908023, "CAPALT": 0, "NAME_EN": "Trout River", "NAME_DE": "Trout River", "NAME_ES": "Trout River", "NAME_FR": "Trout River", "NAME_PT": "Trout River", "NAME_RU": "Траут-Ривер", "NAME_ZH": "特劳特里弗", "LABEL": null, "NAME_AR": "نهر التراوت", "NAME_BN": "ট্রাউট রিভার", "NAME_EL": "Τράουτ Ρίβερ", "NAME_HI": "ट्रूट रिवर", "NAME_HU": "Trout River", "NAME_ID": "Trout River", "NAME_IT": "Trout River", "NAME_JA": "トラウトリバー", "NAME_KO": "트라우트 리버", "NAME_NL": "Trout River", "NAME_PL": "Trout River", "NAME_SV": "Trout River", "NAME_TR": "Trout River", "NAME_VI": "Trout River", "NE_ID": 1159143979, "NAME_FA": "تروت ریور", "NAME_HE": "נהר פורל", "NAME_UK": "Траут-Рівер", "NAME_UR": "ٹراؤٹ ریور", "NAME_ZHT": "特勞特里弗", "GEONAMESID": 6169467, "FCLASS_ISO": null, "FCLASS_US": null, "FCLASS_FR": null, "FCLASS_RU": null, "FCLASS_ES": null, "FCLASS_CN": null, "FCLASS_TW": null, "FCLASS_IN": null, "FCLASS_NP": null, "FCLASS_PK": null, "FCLASS_DE": null, "FCLASS_GB": null, "FCLASS_BR": null, "FCLASS_IL": null, "FCLASS_PS": null, "FCLASS_SA": null, "FCLASS_EG": null, "FCLASS_MA": null, "FCLASS_PT": null, "FCLASS_AR": null, "FCLASS_JP": null, "FCLASS_KO": null, "FCLASS_VN": null, "FCLASS_TR": null, "FCLASS_ID": null, "FCLASS_PL": null, "FCLASS_GR": null, "FCLASS_IT": null, "FCLASS_NL": null, "FCLASS_SE": null, "FCLASS_BD": null, "FCLASS_UA": null, "FCLASS_TLC": null }, "geometry": { "type": "Point", "coordinates": [ -58.1166441, 49.4836579 ] } },
{ "type": "Feature", "properties": { "SCALERANK": 7, "NATSCALE": 20, "LABELRANK": 2, "FEATURECLA": "Populated place", "NAME": "Churchill Falls", "NAMEPAR": null, "NAMEALT": null, "NAMEASCII": "Churchill Falls", "ADM0CAP": 0, "CAPIN": null, "WORLDCITY": 0, "MEGACITY": 0, "SOV0NAME": "Canada", "SOV_A3": "CAN", "ADM0NAME": "Canada", "ADM0_A3": "CAN", "ADM1NAME": "Newfoundland and Labrador", "ISO_A2": "CA", "NOTE": null, "LATITUDE": 53.526409, "LONGITUDE": -63.980679, "POP_MAX": 100, "POP_MIN": 50, "POP_OTHER": 0, "RANK_MAX": 1, "RANK_MIN": 1, "MEGANAME": null, "LS_NAME": "Churchill Falls", "MAX_POP10": 0, "MAX_POP20": 0, "MAX_POP50": 0, "MAX_POP300": 0, "MAX_POP310": 0, "MAX_NATSCA": 0, "MIN_AREAKM": 0, "MAX_AREAKM": 0, "MIN_AREAMI": 0, "MAX_AREAMI": 0, "MIN_PERKM": 0, "MAX_PERKM": 0, "MIN_PERMI": 0, "MAX_PERMI": 0, "MIN_BBXMIN": 0.0, "MAX_BBXMIN": 0.0, "MIN_BBXMAX": 0.0, "MAX_BBXMAX": 0.0, "MIN_BBYMIN": 0.0, "MAX_BBYMIN": 0.0, "MIN_BBYMAX": 0.0, "MAX_BBYMAX": 0.0, "MEAN_BBXC": 0.0, "MEAN_BBYC": 0.0, "TIMEZONE": null, "UN_FID": 0, "POP1950": 0, "POP1955": 0, "POP1960": 0, "POP1965": 0, "POP1970": 0, "POP1975": 0, "POP1980": 0, "POP1985": 0, "POP1990": 0, "POP1995": 0, "POP2000": 0, "POP2005": 0, "POP2010": 0, "POP2015": 0, "POP2020": 0, "POP2025": 0, "POP2050": 0, "MIN_ZOOM": 6.7, "WIKIDATAID": null, "WOF_ID": 1141908025, "CAPALT": 0, "NAME_EN": "Churchill Falls", "NAME_DE": "Churchill Falls", "NAME_ES": "Cascadas Churchill", "NAME_FR": "Churchill Falls", "NAME_PT": "Churchill Falls", "NAME_RU": "Черчилл-Фолс", "NAME_ZH": "丘吉尔瀑布", "LABEL": null, "NAME_AR": "شلالات تشرشل", "NAME_BN": "চার্চিল ফলস", "NAME_EL": "Τσέρτσιλ Φολς", "NAME_HI": "चर्चिल फ़ॉल्स", "NAME_HU": "Churchill Falls", "NAME_ID": "Churchill Falls", "NAME_IT": "Churchill Falls", "NAME_JA": "チャーチルフォールズ", "NAME_KO": "처칠 폴스", "NAME_NL": "Churchill Falls", "NAME_PL": "Churchill Falls", "NAME_SV": "Churchill Falls", "NAME_TR": "Churchill Falls", "NAME_VI": "Churchill Falls", "NE_ID": 1159143983, "NAME_FA": "چورچیل فالز", "NAME_HE": "מפלי צ'רצ'יל", "NAME_UK": "Черчіль-Фолз", "NAME_UR": "چرچل فالز", "NAME_ZHT": "丘吉爾瀑布", "GEONAMESID": -1, "FCLASS_ISO": null, "FCLASS_US": null, "FCLASS_FR": null, "FCLASS_RU": null, "FCLASS_ES": null, "FCLASS_CN": null, "FCLASS_TW": null, "FCLASS_IN": null, "FCLASS_NP": null, "FCLASS_PK": null, "FCLASS_DE": null, "FCLASS_GB": null, "FCLASS_BR": null, "FCLASS_IL": null, "FCLASS_PS": null, "FCLASS_SA": null, "FCLASS_EG": null, "FCLASS_MA": null, "FCLASS_PT": null, "FCLASS_AR": null, "FCLASS_JP": null, "FCLASS_KO": null, "FCLASS_VN": null, "FCLASS_TR": null, "FCLASS_ID": null, "FCLASS_PL": null, "FCLASS_GR": null, "FCLASS_IT": null, "FCLASS_NL": null, "FCLASS_SE": null, "FCLASS_BD": null, "FCLASS_UA": null, "FCLASS_TLC": null }, "geometry": { "type": "Point", "coordinates": [ -63.980679, 53.5264085 ] } },
{ "type": "Feature", "properties": { "SCALERANK": 7, "NATSCALE": 20, "LABELRANK": 2, "FEATURECLA": "Populated place", "NAME": "Forteau", "NAMEPAR": null, "NAMEALT": null, "NAMEASCII": "Forteau", "ADM0CAP": 0, "CAPIN": null, "WORLDCITY": 0, "MEGACITY": 0, "SOV0NAME": "Canada", "SOV_A3": "CAN", "ADM0NAME": "Canada", "ADM0_A3": "CAN", "ADM1NAME": "Newfoundland and Labrador", "ISO_A2": "CA", "NOTE": null, "LATITUDE": 51.450385, "LONGITUDE": -56.949997, "POP_MAX": 448, "POP_MIN": 448, "POP_OTHER": 0, "RANK_MAX": 2, "RANK_MIN": 2, "MEGANAME": null, "LS_NAME": "Forteau", "MAX_POP10": 0, "MAX_POP20": 0, "MAX_POP50": 0, "MAX_POP300": 0, "MAX_POP310": 0, "MAX_NATSCA": 0, "MIN_AREAKM": 0, "MAX_AREAKM": 0, "MIN_AREAMI": 0, "MAX_AREAMI": 0, "MIN_PERKM": 0, "MAX_PERKM": 0, "MIN_PERMI": 0, "MAX_PERMI": 0, "MIN_BBXMIN": 0.0, "MAX_BBXMIN": 0.0, "MIN_BBXMAX": 0.0, "MAX_BBXMAX": 0.0, "MIN_BBYMIN": 0.0, "MAX_BBYMIN": 0.0, "MIN_BBYMAX": 0.0, "MAX_BBYMAX": 0.0, "MEAN_BBXC": 0.0, "MEAN_BBYC": 0.0, "TIMEZONE": null, "UN_FID": 0, "POP1950": 0, "POP1955": 0, "POP1960": 0, "POP1965": 0, "POP1970": 0, "POP1975": 0, "POP1980": 0, "POP1985": 0, "POP1990": 0, "POP1995": 0, "POP2000": 0, "POP2005": 0, "POP2010": 0, "POP2015": 0, "POP2020": 0, "POP2025": 0, "POP2050": 0, "MIN_ZOOM": 6.7, "WIKIDATAID": "Q3078398", "WOF_ID": 1141908027, "CAPALT": 0, "NAME_EN": "Forteau", "NAME_DE": "Forteau", "NAME_ES": "Forteau", "NAME_FR": "Forteau", "NAME_PT": "Forteau", "NAME_RU": "Форто", "NAME_ZH": "福尔托", "LABEL": null, "NAME_AR": "فورتو", "NAME_BN": "ফোর্টেউ", "NAME_EL": "Φορτό", "NAME_HI": "फ़ोर्टे", "NAME_HU": "Forteau", "NAME_ID": "Forteau", "NAME_IT": "Forteau", "NAME_JA": "フォートー", "NAME_KO": "포르토", "NAME_NL": "Forteau", "NAME_PL": "Forteau", "NAME_SV": "Forteau", "NAME_TR": "Forteau", "NAME_VI": "Forteau", "NE_ID": 1159143987, "NAME_FA": "فورتو", "NAME_HE": "פורטו", "NAME_UK": "Форто", "NAME_UR": "فورٹیو", "NAME_ZHT": "福爾托", "GEONAMESID": 5955808, "FCLASS_ISO": null, "FCLASS_US": null, "FCLASS_FR": null, "FCLASS_RU": null, "FCLASS_ES": null, "FCLASS_CN": null, "FCLASS_TW": null, "FCLASS_IN": null, "FCLASS_NP": null, "FCLASS_PK": null, "FCLASS_DE": null, "FCLASS_GB": null, "FCLASS_BR": null, "FCLASS_IL": null, "FCLASS_PS": null, "FCLASS_SA": null, "FCLASS_EG": null, "FCLASS_MA": null, "FCLASS_PT": null, "FCLASS_AR": null, "FCLASS_JP": null, "FCLASS_KO": null, "FCLASS_VN": null, "FCLASS_TR": null, "FCLASS_ID": null, "FCLASS_PL": null, "FCLASS_GR": null, "FCLASS_IT": null, "FCLASS_NL": null, "FCLASS_SE": null, "FCLASS_BD": null, "FCLASS_UA": null, "FCLASS_TLC": null }, "geometry": { "type": "Point", "coordinates": [ -56.949997, 51.4503854 ] } },
{ "type": "Feature", "properties": { "SCALERANK": 7, "NATSCALE": 20, "LABELRANK": 0, "FEATURECLA": "Populated place", "NAME": "Trepassey", "NAMEPAR": null, "NAMEALT": null, "NAMEASCII": "Trepassey", "ADM0CAP": 0, "CAPIN": null, "WORLDCITY": 0, "MEGACITY": 0, "SOV0NAME": "Canada", "SOV_A3": "CAN", "ADM0NAME": "Canada", "ADM0_A3": "CAN", "ADM1NAME": "Newfoundland and Labrador", "ISO_A2": "CA", "NOTE": null, "LATITUDE": 46.736978, "LONGITUDE": -53.363291, "POP_MAX": 398, "POP_MIN": 398, "POP_OTHER": 246, "RANK_MAX": 2, "RANK_MIN": 2, "MEGANAME": null, "LS_NAME": "Trepassey", "MAX_POP10": 398, "MAX_POP20": 398, "MAX_POP50": 0, "MAX_POP300": 0, "MAX_POP310": 0, "MAX_NATSCA": 20, "MIN_AREAKM": 1, "MAX_AREAKM": 1, "MIN_AREAMI": 0, "MAX_AREAMI": 0, "MIN_PERKM": 4, "MAX_PERKM": 4, "MIN_PERMI": 3, "MAX_PERMI": 3, "MIN_BBXMIN": -53.366667, "MAX_BBXMIN": -53.366667, "MIN_BBXMAX": -53.358333, "MAX_BBXMAX": -53.358333, "MIN_BBYMIN": 46.725, "MAX_BBYMIN": 46.725, "MIN_BBYMAX": 46.741667, "MAX_BBYMAX": 46.741667, "MEAN_BBXC": -53.3625, "MEAN_BBYC": 46.733333, "TIMEZONE": null, "UN_FID": 0, "POP1950": 0, "POP1955": 0, "POP1960": 0, "POP1965": 0, "POP1970": 0, "POP1975": 0, "POP1980": 0, "POP1985": 0, "POP1990": 0, "POP1995": 0, "POP2000": 0, "POP2005": 0, "POP2010": 0, "POP2015": 0, "POP2020": 0, "POP2025": 0, "POP2050": 0, "MIN_ZOOM": 6.7, "WIKIDATAID": "Q7838668", "WOF_ID": 1141908391, "CAPALT": 0, "NAME_EN": "Trepassey", "NAME_DE": "Trepassey", "NAME_ES": "Trepassey", "NAME_FR": "Trepassey", "NAME_PT": "Trepassey", "NAME_RU": "Трепасси", "NAME_ZH": "特里佩西", "LABEL": null, "NAME_AR": "تريباسي", "NAME_BN": "ত্রেপাসসে", "NAME_EL": "Τρεπασέι", "NAME_HI": "ट्रेपैसी", "NAME_HU": "Trepassey", "NAME_ID": "Trepassey", "NAME_IT": "Trepassey", "NAME_JA": "トレパッシー", "NAME_KO": "트레패시", "NAME_NL": "Trepassey", "NAME_PL": "Trepassey", "NAME_SV": "Trepassey", "NAME_TR": "Trepassey", "NAME_VI": "Trepassey", "NE_ID": 1159146073, "NAME_FA": "نرپاسی", "NAME_HE": "טרפסי", "NAME_UK": "Трепассе", "NAME_UR": "ٹریپیسی", "NAME_ZHT": "特雷帕西", "GEONAMESID": 6168779, "FCLASS_ISO": null, "FCLASS_US": null, "FCLASS_FR": null, "FCLASS_RU": null, "FCLASS_ES": null, "FCLASS_CN": null, "FCLASS_TW": null, "FCLASS_IN": null, "FCLASS_NP": null, "FCLASS_PK": null, "FCLASS_DE": null, "FCLASS_GB": null, "FCLASS_BR": null, "FCLASS_IL": null, "FCLASS_PS": null, "FCLASS_SA": null, "FCLASS_EG": null, "FCLASS_MA": null, "FCLASS_PT": null, "FCLASS_AR": null, "FCLASS_JP": null, "FCLASS_KO": null, "FCLASS_VN": null, "FCLASS_TR": null, "FCLASS_ID": null, "FCLASS_PL": null, "FCLASS_GR": null, "FCLASS_IT": null, "FCLASS_NL": null, "FCLASS_SE": null, "FCLASS_BD": null, "FCLASS_UA": null, "FCLASS_TLC": null }, "geometry": { "type": "Point", "coordinates": [ -53.3632909, 46.736978 ] } },
{ "type": "Feature", "properties": { "SCALERANK": 6, "NATSCALE": 30, "LABELRANK": 2, "FEATURECLA": "Populated place", "NAME": "Brochet", "NAMEPAR": null, "NAMEALT": null, "NAMEASCII": "Brochet", "ADM0CAP": 0, "CAPIN": null, "WORLDCITY": 0, "MEGACITY": 0, "SOV0NAME": "Canada", "SOV_A3": "CAN", "ADM0NAME": "Canada", "ADM0_A3": "CAN", "ADM1NAME": "Manitoba", "ISO_A2": "CA", "NOTE": null, "LATITUDE": 57.883223, "LONGITUDE": -101.666596, "POP_MAX": 278, "POP_MIN": 278, "POP_OTHER": 0, "RANK_MAX": 2, "RANK_MIN": 2, "MEGANAME": null, "LS_NAME": "Brochet", "MAX_POP10": 278, "MAX_POP20": 0, "MAX_POP50": 0, "MAX_POP300": 0, "MAX_POP310": 0, "MAX_NATSCA": 10, "MIN_AREAKM": 0, "MAX_AREAKM": 0, "MIN_AREAMI": 0, "MAX_AREAMI": 0, "MIN_PERKM": 3, "MAX_PERKM": 3, "MIN_PERMI": 2, "MAX_PERMI": 2, "MIN_BBXMIN": -101.666667, "MAX_BBXMIN": -101.666667, "MIN_BBXMAX": -101.658333, "MAX_BBXMAX": -101.658333, "MIN_BBYMIN": 57.883333, "MAX_BBYMIN": 57.883333, "MIN_BBYMAX": 57.891667, "MAX_BBYMAX": 57.891667, "MEAN_BBXC": -101.6625, "MEAN_BBYC": 57.8875, "TIMEZONE": null, "UN_FID": 0, "POP1950": 0, "POP1955": 0, "POP1960": 0, "POP1965": 0, "POP1970": 0, "POP1975": 0, "POP1980": 0, "POP1985": 0, "POP1990": 0, "POP1995": 0, "POP2000": 0, "POP2005": 0, "POP2010": 0, "POP2015": 0, "POP2020": 0, "POP2025": 0, "POP2050": 0, "MIN_ZOOM": 6.0, "WIKIDATAID": "Q4972659", "WOF_ID": 1141908735, "CAPALT": 0, "NAME_EN": "Brochet", "NAME_DE": "Brochet", "NAME_ES": "Brochet", "NAME_FR": "Brochet", "NAME_PT": "Brochet", "NAME_RU": "Брошет", "NAME_ZH": "布罗谢", "LABEL": null, "NAME_AR": "بروشيه", "NAME_BN": "ব্রশেট", "NAME_EL": "Μπροσέ", "NAME_HI": "ब्रोकेट", "NAME_HU": "Brochet", "NAME_ID": "Brochet", "NAME_IT": "Brochet", "NAME_JA": "ブロシェット", "NAME_KO": "브로셰", "NAME_NL": "Brochet", "NAME_PL": "Brochet", "NAME_SV": "Brochet", "NAME_TR": "Brochet", "NAME_VI": "Brochet", "NE_ID": 1159147631, "NAME_FA": "بروچت", "NAME_HE": "ברושט", "NAME_UK": "Брошет", "NAME_UR": "بروشے", "NAME_ZHT": "布羅謝", "GEONAMESID": 5909245, "FCLASS_ISO": null, "FCLASS_US": null, "FCLASS_FR": null, "FCLASS_RU": null, "FCLASS_ES": null, "FCLASS_CN": null, "FCLASS_TW": null, "FCLASS_IN": null, "FCLASS_NP": null, "FCLASS_PK": null, "FCLASS_DE": null, "FCLASS_GB": null, "FCLASS_BR": null, "FCLASS_IL": null, "FCLASS_PS": null, "FCLASS_SA": null, "FCLASS_EG": null, "FCLASS_MA": null, "FCLASS_PT": null, "FCLASS_AR": null, "FCLASS_JP": null, "FCLASS_KO": null, "FCLASS_VN": null, "FCLASS_TR": null, "FCLASS_ID": null, "FCLASS_PL": null, "FCLASS_GR": null, "FCLASS_IT": null, "FCLASS_NL": null, "FCLASS_SE": null, "FCLASS_BD": null, "FCLASS_UA": null, "FCLASS_TLC": null }, "geometry": { "type": "Point", "coordinates": [ -101.6665957, 57.8832227 ] } },
{ "type": "Feature", "properties": { "SCALERANK": 6, "NATSCALE": 30, "LABELRANK": 2, "FEATURECLA": "Populated place", "NAME": "Lynn Lake", "NAMEPAR": null, "NAMEALT": null, "NAMEASCII": "Lynn Lake", "ADM0CAP": 0, "CAPIN": null, "WORLDCITY": 0, "MEGACITY": 0, "SOV0NAME": "Canada", "SOV_A3": "CAN", "ADM0NAME": "Canada", "ADM0_A3": "CAN", "ADM1NAME": "Manitoba", "ISO_A2": "CA", "NOTE": null, "LATITUDE": 56.85003, "LONGITUDE": -101.049967, "POP_MAX": 482, "POP_MIN": 482, "POP_OTHER": 0, "RANK_MAX": 2, "RANK_MIN": 2, "MEGANAME": null, "LS_NAME": "Lynn Lake", "MAX_POP10": 0, "MAX_POP20": 0, "MAX_POP50": 0, "MAX_POP300": 0, "MAX_POP310": 0, "MAX_NATSCA": 0, "MIN_AREAKM": 0, "MAX_AREAKM": 0, "MIN_AREAMI": 0, "MAX_AREAMI": 0, "MIN_PERKM": 0, "MAX_PERKM": 0, "MIN_PERMI": 0, "MAX_PERMI": 0, "MIN_BBXMIN": 0.0, "MAX_BBXMIN": 0.0, "MIN_BBXMAX": 0.0, "MAX_BBXMAX": 0.0, "MIN_BBYMIN": 0.0, "MAX_BBYMIN": 0.0, "MIN_BBYMAX": 0.0, "MAX_BBYMAX": 0.0, "MEAN_BBXC": 0.0, "MEAN_BBYC": 0.0, "TIMEZONE": null, "UN_FID": 0, "POP1950": 0, "POP1955": 0, "POP1960": 0, "POP1965": 0, "POP1970": 0, "POP1975": 0, "POP1980": 0, "POP1985": 0, "POP1990": 0, "POP1995": 0, "POP2000": 0, "POP2005": 0, "POP2010": 0, "POP2015": 0, "POP2020": 0, "POP2025": 0, "POP2050": 0, "MIN_ZOOM": 6.0, "WIKIDATAID": "Q402571", "WOF_ID": 1141908737, "CAPALT": 0, "NAME_EN": "Lynn Lake", "NAME_DE": "Lynn Lake", "NAME_ES": "Lynn Lake", "NAME_FR": "Lynn Lake", "NAME_PT": "Lynn Lake", "NAME_RU": "Линн-Лейк", "NAME_ZH": "林莱克", "LABEL": null, "NAME_AR": "لين ليك", "NAME_BN": "লিন লেক", "NAME_EL": "Λιν Λέικ", "NAME_HI": "लिन लेक", "NAME_HU": "Lynn Lake", "NAME_ID": "Lynn Lake", "NAME_IT": "Lynn Lake", "NAME_JA": "リンレイク", "NAME_KO": "린 레이크", "NAME_NL": "Lynn Lake", "NAME_PL": "Lynn Lake", "NAME_SV": "Lynn Lake", "NAME_TR": "Lynn Lake", "NAME_VI": "Lynn Lake", "NE_ID": 1159147633, "NAME_FA": "لین لیک", "NAME_HE": "אגם לין", "NAME_UK": "Лінн-Лейк", "NAME_UR": "لن لیک", "NAME_ZHT": "林恩湖", "GEONAMESID": 6062333, "FCLASS_ISO": null, "FCLASS_US": null, "FCLASS_FR": null, "FCLASS_RU": null, "FCLASS_ES": null, "FCLASS_CN": null, "FCLASS_TW": null, "FCLASS_IN": null, "FCLASS_NP": null, "FCLASS_PK": null, "FCLASS_DE": null, "FCLASS_GB": null, "FCLASS_BR": null, "FCLASS_IL": null, "FCLASS_PS": null, "FCLASS_SA": null, "FCLASS_EG": null, "FCLASS_MA": null, "FCLASS_PT": null, "FCLASS_AR": null, "FCLASS_JP": null, "FCLASS_KO": null, "FCLASS_VN": null, "FCLASS_TR": null, "FCLASS_ID": null, "FCLASS_PL": null, "FCLASS_GR": null, "FCLASS_IT": null, "FCLASS_NL": null, "FCLASS_SE": null, "FCLASS_BD": null, "FCLASS_UA": null, "FCLASS_TLC": null }, "geometry": { "type": "Point", "coordinates": [ -101.0499667, 56.8500299 ] } },
{ "type": "Feature", "properties": { "SCALERANK": 6, "NATSCALE": 30, "LABELRANK": 2, "FEATURECLA": "Populated place", "NAME": "Gillam", "NAMEPAR": null, "NAMEALT": null, "NAMEASCII": "Gillam", "ADM0CAP": 0, "CAPIN": null, "WORLDCITY": 0, "MEGACITY": 0, "SOV0NAME": "Canada", "SOV_A3": "CAN", "ADM0NAME": "Canada", "ADM0_A3": "CAN", "ADM1NAME": "Manitoba", "ISO_A2": "CA", "NOTE": null, "LATITUDE": 56.349983, "LONGITUDE": -94.699967, "POP_MAX": 1281, "POP_MIN": 1281, "POP_OTHER": 0, "RANK_MAX": 3, "RANK_MIN": 3, "MEGANAME": null, "LS_NAME": "Gillam", "MAX_POP10": 0, "MAX_POP20": 0, "MAX_POP50": 0, "MAX_POP300": 0, "MAX_POP310": 0, "MAX_NATSCA": 0, "MIN_AREAKM": 0, "MAX_AREAKM": 0, "MIN_AREAMI": 0, "MAX_AREAMI": 0, "MIN_PERKM": 0, "MAX_PERKM": 0, "MIN_PERMI": 0, "MAX_PERMI": 0, "MIN_BBXMIN": 0.0, "MAX_BBXMIN": 0.0, "MIN_BBXMAX": 0.0, "MAX_BBXMAX": 0.0, "MIN_BBYMIN": 0.0, "MAX_BBYMIN": 0.0, "MIN_BBYMAX": 0.0, "MAX_BBYMAX": 0.0, "MEAN_BBXC": 0.0, "MEAN_BBYC": 0.0, "TIMEZONE": null, "UN_FID": 0, "POP1950": 0, "POP1955": 0, "POP1960": 0, "POP1965": 0, "POP1970": 0, "POP1975": 0, "POP1980": 0, "POP1985": 0, "POP1990": 0, "POP1995": 0, "POP2000": 0, "POP2005": 0, "POP2010": 0, "POP2015": 0, "POP2020": 0, "POP2025": 0, "POP2050": 0, "MIN_ZOOM": 6.0, "WIKIDATAID": "Q118259", "WOF_ID": 1141908739, "CAPALT": 0, "NAME_EN": "Gillam", "NAME_DE": "Gillam", "NAME_ES": "Gillam", "NAME_FR": "Gillam", "NAME_PT": "Gillam", "NAME_RU": "Гиллам", "NAME_ZH": "吉勒姆", "LABEL": null, "NAME_AR": "غيليام", "NAME_BN": "গিল্লাম", "NAME_EL": "Γκίλαμ", "NAME_HI": "गिलम", "NAME_HU": "Gillam", "NAME_ID": "Gillam", "NAME_IT": "Gillam", "NAME_JA": "ギラム", "NAME_KO": "길람", "NAME_NL": "Gillam", "NAME_PL": "Gillam", "NAME_SV": "Gillam", "NAME_TR": "Gillam", "NAME_VI": "Gillam", "NE_ID": 1159147635, "NAME_FA": "گیلم", "NAME_HE": "גילאם", "NAME_UK": "Джиллем", "NAME_UR": "گیلام", "NAME_ZHT": "吉拉姆", "GEONAMESID": null, "FCLASS_ISO": null, "FCLASS_US": null, "FCLASS_FR": null, "FCLASS_RU": null, "FCLASS_ES": null, "FCLASS_CN": null, "FCLASS_TW": null, "FCLASS_IN": null, "FCLASS_NP": null, "FCLASS_PK": null, "FCLASS_DE": null, "FCLASS_GB": null, "FCLASS_BR": null, "FCLASS_IL": null, "FCLASS_PS": null, "FCLASS_SA": null, "FCLASS_EG": null, "FCLASS_MA": null, "FCLASS_PT": null, "FCLASS_AR": null, "FCLASS_JP": null, "FCLASS_KO": null, "FCLASS_VN": null, "FCLASS_TR": null, "FCLASS_ID": null, "FCLASS_PL": null, "FCLASS_GR": null, "FCLASS_IT": null, "FCLASS_NL": null, "FCLASS_SE": null, "FCLASS_BD": null, "FCLASS_UA": null, "FCLASS_TLC": null }, "geometry": { "type": "Point", "coordinates": [ -94.6999667, 56.3499829 ] } },
{ "type": "Feature", "properties": { "SCALERANK": 6, "NATSCALE": 30, "LABELRANK": 2, "FEATURECLA": "Populated place", "NAME": "North Battleford", "NAMEPAR": null, "NAMEALT": null, "NAMEASCII": "North Battleford", "ADM0CAP": 0, "CAPIN": null, "WORLDCITY": 0, "MEGACITY": 0, "SOV0NAME": "Canada", "SOV_A3": "CAN", "ADM0NAME": "Canada", "ADM0_A3": "CAN", "ADM1NAME": "Saskatchewan", "ISO_A2": "CA", "NOTE": null, "LATITUDE": 52.766636, "LONGITUDE": -108.283349, "POP_MAX": 19440, "POP_MIN": 12003, "POP_OTHER": 11102, "RANK_MAX": 6, "RANK_MIN": 6, "MEGANAME": null, "LS_NAME": "North Battleford", "MAX_POP10": 12003, "MAX_POP20": 0, "MAX_POP50": 0, "MAX_POP300": 0, "MAX_POP310": 0, "MAX_NATSCA": 10, "MIN_AREAKM": 18, "MAX_AREAKM": 18, "MIN_AREAMI": 7, "MAX_AREAMI": 7, "MIN_PERKM": 32, "MAX_PERKM": 32, "MIN_PERMI": 20, "MAX_PERMI": 20, "MIN_BBXMIN": -108.325, "MAX_BBXMIN": -108.325, "MIN_BBXMAX": -108.241667, "MAX_BBXMAX": -108.241667, "MIN_BBYMIN": 52.733333, "MAX_BBYMIN": 52.733333, "MIN_BBYMAX": 52.808333, "MAX_BBYMAX": 52.808333, "MEAN_BBXC": -108.283452, "MEAN_BBYC": 52.774167, "TIMEZONE": "America/Swift_Current", "UN_FID": 0, "POP1950": 0, "POP1955": 0, "POP1960": 0, "POP1965": 0, "POP1970": 0, "POP1975": 0, "POP1980": 0, "POP1985": 0, "POP1990": 0, "POP1995": 0, "POP2000": 0, "POP2005": 0, "POP2010": 0, "POP2015": 0, "POP2020": 0, "POP2025": 0, "POP2050": 0, "MIN_ZOOM": 6.0, "WIKIDATAID": "Q999654", "WOF_ID": 101739893, "CAPALT": 0, "NAME_EN": "North Battleford", "NAME_DE": "North Battleford", "NAME_ES": "North Battleford", "NAME_FR": "North Battleford", "NAME_PT": "North Battleford", "NAME_RU": "Норт-Батлфорд", "NAME_ZH": "北巴特尔福德", "LABEL": null, "NAME_AR": "نورث باتلفورد", "NAME_BN": "নর্থ ব্যাটলফোর্ড", "NAME_EL": "Βόρειο Μπάτλφορντ", "NAME_HI": "नॉर्थ बैटलफोर्ड", "NAME_HU": "North Battleford", "NAME_ID": "North Battleford", "NAME_IT": "North Battleford", "NAME_JA": "ノースバトルフォード", "NAME_KO": "노스 배틀포드", "NAME_NL": "North Battleford", "NAME_PL": "North Battleford", "NAME_SV": "North Battleford", "NAME_TR": "North Battleford", "NAME_VI": "Bắc Battleford", "NE_ID": 1159147637, "NAME_FA": "نورث بتلفرد", "NAME_HE": "צפון בטלפורד", "NAME_UK": "Норт-Бетлфорд", "NAME_UR": "نارتھ بیٹلفورڈ", "NAME_ZHT": "北巴特爾福德", "GEONAMESID": 6089404, "FCLASS_ISO": null, "FCLASS_US": null, "FCLASS_FR": null, "FCLASS_RU": null, "FCLASS_ES": null, "FCLASS_CN": null, "FCLASS_TW": null, "FCLASS_IN": null, "FCLASS_NP": null, "FCLASS_PK": null, "FCLASS_DE": null, "FCLASS_GB": null, "FCLASS_BR": null, "FCLASS_IL": null, "FCLASS_PS": null, "FCLASS_SA": null, "FCLASS_EG": null, "FCLASS_MA": null, "FCLASS_PT": null, "FCLASS_AR": null, "FCLASS_JP": null, "FCLASS_KO": null, "FCLASS_VN": null, "FCLASS_TR": null, "FCLASS_ID": null, "FCLASS_PL": null, "FCLASS_GR": null, "FCLASS_IT": null, "FCLASS_NL": null, "FCLASS_SE": null, "FCLASS_BD": null, "FCLASS_UA": null, "FCLASS_TLC": null }, "geometry": { "type": "Point", "coordinates": [ -108.2833494, 52.7666358 ] } },
{ "type": "Feature", "properties": { "SCALERANK": 6, "NATSCALE": 30, "LABELRANK": 2, "FEATURECLA": "Populated place", "NAME": "Prince Albert", "NAMEPAR": null, "NAMEALT": null, "NAMEASCII": "Prince Albert", "ADM0CAP": 0, "CAPIN": null, "WORLDCITY": 0, "MEGACITY": 0, "SOV0NAME": "Canada", "SOV_A3": "CAN", "ADM0NAME": "Canada", "ADM0_A3": "CAN", "ADM1NAME": "Saskatchewan", "ISO_A2": "CA", "NOTE": null, "LATITUDE": 53.20002, "LONGITUDE": -105.74999, "POP_MAX": 34609, "POP_MIN": 24678, "POP_OTHER": 24256, "RANK_MAX": 7, "RANK_MIN": 7, "MEGANAME": null, "LS_NAME": "Prince Albert", "MAX_POP10": 24678, "MAX_POP20": 0, "MAX_POP50": 0, "MAX_POP300": 0, "MAX_POP310": 0, "MAX_NATSCA": 10, "MIN_AREAKM": 32, "MAX_AREAKM": 32, "MIN_AREAMI": 12, "MAX_AREAMI": 12, "MIN_PERKM": 42, "MAX_PERKM": 42, "MIN_PERMI": 26, "MAX_PERMI": 26, "MIN_BBXMIN": -105.825, "MAX_BBXMIN": -105.825, "MIN_BBXMAX": -105.691667, "MAX_BBXMAX": -105.691667, "MIN_BBYMIN": 53.158333, "MAX_BBYMIN": 53.158333, "MIN_BBYMAX": 53.225, "MAX_BBYMAX": 53.225, "MEAN_BBXC": -105.749249, "MEAN_BBYC": 53.197473, "TIMEZONE": "America/Regina", "UN_FID": 0, "POP1950": 0, "POP1955": 0, "POP1960": 0, "POP1965": 0, "POP1970": 0, "POP1975": 0, "POP1980": 0, "POP1985": 0, "POP1990": 0, "POP1995": 0, "POP2000": 0, "POP2005": 0, "POP2010": 0, "POP2015": 0, "POP2020": 0, "POP2025": 0, "POP2050": 0, "MIN_ZOOM": 6.0, "WIKIDATAID": "Q671431", "WOF_ID": 101739997, "CAPALT": 0, "NAME_EN": "Prince Albert", "NAME_DE": "Prince Albert", "NAME_ES": "Prince Albert", "NAME_FR": "Prince Albert", "NAME_PT": "Prince Albert", "NAME_RU": "Принс-Альберт", "NAME_ZH": "艾伯特亲王城", "LABEL": null, "NAME_AR": "برينس ألبرت", "NAME_BN": "প্রিন্স আলবার্ট", "NAME_EL": "Πρινς Άλμπερτ", "NAME_HI": "प्रिंस अल्बर्ट", "NAME_HU": "Prince Albert", "NAME_ID": "Prince Albert", "NAME_IT": "Prince Albert", "NAME_JA": "プリンス・アルバート", "NAME_KO": "프린스앨버트", "NAME_NL": "Prince Albert", "NAME_PL": "Prince Albert", "NAME_SV": "Prince Albert", "NAME_TR": "Prince Albert", "NAME_VI": "Prince Albert", "NE_ID": 1159147639, "NAME_FA": "پرینس آلبرت", "NAME_HE": "פרינס אלברט", "NAME_UK": "Принс-Альберт", "NAME_UR": "پرنس البرٹ", "NAME_ZHT": "艾伯特亲王城", "GEONAMESID": 6113335, "FCLASS_ISO": null, "FCLASS_US": null, "FCLASS_FR": null, "FCLASS_RU": null, "FCLASS_ES": null, "FCLASS_CN": null, "FCLASS_TW": null, "FCLASS_IN": null, "FCLASS_NP": null, "FCLASS_PK": null, "FCLASS_DE": null, "FCLASS_GB": null, "FCLASS_BR": null, "FCLASS_IL": null, "FCLASS_PS": null, "FCLASS_SA": null, "FCLASS_EG": null, "FCLASS_MA": null, "FCLASS_PT": null, "FCLASS_AR": null, "FCLASS_JP": null, "FCLASS_KO": null, "FCLASS_VN": null, "FCLASS_TR": null, "FCLASS_ID": null, "FCLASS_PL": null, "FCLASS_GR": null, "FCLASS_IT": null, "FCLASS_NL": null, "FCLASS_SE": null, "FCLASS_BD": null, "FCLASS_UA": null, "FCLASS_TLC": null }, "geometry": { "type": "Point", "coordinates": [ -105.7499899, 53.2000202 ] } },
{ "type": "Feature", "properties": { "SCALERANK": 6, "NATSCALE": 30, "LABELRANK": 2, "FEATURECLA": "Populated place", "NAME": "Courtenay", "NAMEPAR": null, "NAMEALT": null, "NAMEASCII": "Courtenay", "ADM0CAP": 0, "CAPIN": null, "WORLDCITY": 0, "MEGACITY": 0, "SOV0NAME": "Canada", "SOV_A3": "CAN", "ADM0NAME": "Canada", "ADM0_A3": "CAN", "ADM1NAME": "British Columbia", "ISO_A2": "CA", "NOTE": null, "LATITUDE": 49.683336, "LONGITUDE": -124.999978, "POP_MAX": 32793, "POP_MIN": 25099, "POP_OTHER": 25099, "RANK_MAX": 7, "RANK_MIN": 7, "MEGANAME": null, "LS_NAME": "Courtenay", "MAX_POP10": 25099, "MAX_POP20": 0, "MAX_POP50": 0, "MAX_POP300": 0, "MAX_POP310": 0, "MAX_NATSCA": 10, "MIN_AREAKM": 18, "MAX_AREAKM": 18, "MIN_AREAMI": 7, "MAX_AREAMI": 7, "MIN_PERKM": 30, "MAX_PERKM": 30, "MIN_PERMI": 19, "MAX_PERMI": 19, "MIN_BBXMIN": -125.041667, "MAX_BBXMIN": -125.041667, "MIN_BBXMAX": -124.958333, "MAX_BBXMAX": -124.958333, "MIN_BBYMIN": 49.658333, "MAX_BBYMIN": 49.658333, "MIN_BBYMAX": 49.725, "MAX_BBYMAX": 49.725, "MEAN_BBXC": -124.996591, "MEAN_BBYC": 49.686995, "TIMEZONE": "America/Vancouver", "UN_FID": 0, "POP1950": 0, "POP1955": 0, "POP1960": 0, "POP1965": 0, "POP1970": 0, "POP1975": 0, "POP1980": 0, "POP1985": 0, "POP1990": 0, "POP1995": 0, "POP2000": 0, "POP2005": 0, "POP2010": 0, "POP2015": 0, "POP2020": 0, "POP2025": 0, "POP2050": 0, "MIN_ZOOM": 6.0, "WIKIDATAID": "Q1017477", "WOF_ID": 101741017, "CAPALT": 0, "NAME_EN": "Courtenay", "NAME_DE": "Courtenay", "NAME_ES": "Courtenay", "NAME_FR": "Courtenay", "NAME_PT": "Courtenay", "NAME_RU": "Кортни", "NAME_ZH": "考特尼", "LABEL": null, "NAME_AR": "كورتيناي", "NAME_BN": "কার্টেনায়", "NAME_EL": "Κόρτενεϋ", "NAME_HI": "कोर्टने", "NAME_HU": "Courtenay", "NAME_ID": "Courtenay", "NAME_IT": "Courtenay", "NAME_JA": "コートネイ", "NAME_KO": "코트네이", "NAME_NL": "Courtenay", "NAME_PL": "Courtenay", "NAME_SV": "Courtenay", "NAME_TR": "Courtenay", "NAME_VI": "Courtenay", "NE_ID": 1159147641, "NAME_FA": "کورتنی", "NAME_HE": "קורטנאי", "NAME_UK": "Кортеней", "NAME_UR": "کورٹینی", "NAME_ZHT": "考特尼", "GEONAMESID": 5930890, "FCLASS_ISO": null, "FCLASS_US": null, "FCLASS_FR": null, "FCLASS_RU": null, "FCLASS_ES": null, "FCLASS_CN": null, "FCLASS_TW": null, "FCLASS_IN": null, "FCLASS_NP": null, "FCLASS_PK": null, "FCLASS_DE": null, "FCLASS_GB": null, "FCLASS_BR": null, "FCLASS_IL": null, "FCLASS_PS": null, "FCLASS_SA": null, "FCLASS_EG": null, "FCLASS_MA": null, "FCLASS_PT": null, "FCLASS_AR": null, "FCLASS_JP": null, "FCLASS_KO": null, "FCLASS_VN": null, "FCLASS_TR": null, "FCLASS_ID": null, "FCLASS_PL": null, "FCLASS_GR": null, "FCLASS_IT": null, "FCLASS_NL": null, "FCLASS_SE": null, "FCLASS_BD": null, "FCLASS_UA": null, "FCLASS_TLC": null }, "geometry": { "type": "Point", "coordinates": [ -124.9999777, 49.6833356 ] } },
{ "type": "Feature", "properties": { "SCALERANK": 6, "NATSCALE": 30, "LABELRANK": 2, "FEATURECLA": "Populated place", "NAME": "Kelowna", "NAMEPAR": null, "NAMEALT": null, "NAMEASCII": "Kelowna", "ADM0CAP": 0, "CAPIN": null, "WORLDCITY": 0, "MEGACITY": 0, "SOV0NAME": "Canada", "SOV_A3": "CAN", "ADM0NAME": "Canada", "ADM0_A3": "CAN", "ADM1NAME": "British Columbia", "ISO_A2": "CA", "NOTE": null, "LATITUDE": 49.899989, "LONGITUDE": -119.483312, "POP_MAX": 125109, "POP_MIN": 95306, "POP_OTHER": 91192, "RANK_MAX": 9, "RANK_MIN": 8, "MEGANAME": null, "LS_NAME": "Kilowna", "MAX_POP10": 95306, "MAX_POP20": 0, "MAX_POP50": 0, "MAX_POP300": 0, "MAX_POP310": 0, "MAX_NATSCA": 10, "MIN_AREAKM": 105, "MAX_AREAKM": 105, "MIN_AREAMI": 41, "MAX_AREAMI": 41, "MIN_PERKM": 116, "MAX_PERKM": 116, "MIN_PERMI": 72, "MAX_PERMI": 72, "MIN_BBXMIN": -119.508333, "MAX_BBXMIN": -119.508333, "MIN_BBXMAX": -119.341667, "MAX_BBXMAX": -119.341667, "MIN_BBYMIN": 49.8, "MAX_BBYMIN": 49.8, "MIN_BBYMAX": 49.966667, "MAX_BBYMAX": 49.966667, "MEAN_BBXC": -119.431886, "MEAN_BBYC": 49.875132, "TIMEZONE": "America/Vancouver", "UN_FID": 0, "POP1950": 0, "POP1955": 0, "POP1960": 0, "POP1965": 0, "POP1970": 0, "POP1975": 0, "POP1980": 0, "POP1985": 0, "POP1990": 0, "POP1995": 0, "POP2000": 0, "POP2005": 0, "POP2010": 0, "POP2015": 0, "POP2020": 0, "POP2025": 0, "POP2050": 0, "MIN_ZOOM": 6.0, "WIKIDATAID": "Q232226", "WOF_ID": 101741131, "CAPALT": 0, "NAME_EN": "Kelowna", "NAME_DE": "Kelowna", "NAME_ES": "Kelowna", "NAME_FR": "Kelowna", "NAME_PT": "Kelowna", "NAME_RU": "Келоуна", "NAME_ZH": "基隆拿", "LABEL": null, "NAME_AR": "كيلونا", "NAME_BN": "কেলোয়া", "NAME_EL": "Κελόουνα", "NAME_HI": "कलोना", "NAME_HU": "Kelowna", "NAME_ID": "Kelowna", "NAME_IT": "Kelowna", "NAME_JA": "ケロウナ", "NAME_KO": "켈로나", "NAME_NL": "Kelowna", "NAME_PL": "Kelowna", "NAME_SV": "Kelowna", "NAME_TR": "Kelowna", "NAME_VI": "Kelowna", "NE_ID": 1159147643, "NAME_FA": "کلونا", "NAME_HE": "קלונה", "NAME_UK": "Келоуна", "NAME_UR": "کیلوونا", "NAME_ZHT": "基隆拿", "GEONAMESID": 5990579, "FCLASS_ISO": null, "FCLASS_US": null, "FCLASS_FR": null, "FCLASS_RU": null, "FCLASS_ES": null, "FCLASS_CN": null, "FCLASS_TW": null, "FCLASS_IN": null, "FCLASS_NP": null, "FCLASS_PK": null, "FCLASS_DE": null, "FCLASS_GB": null, "FCLASS_BR": null, "FCLASS_IL": null, "FCLASS_PS": null, "FCLASS_SA": null, "FCLASS_EG": null, "FCLASS_MA": null, "FCLASS_PT": null, "FCLASS_AR": null, "FCLASS_JP": null, "FCLASS_KO": null, "FCLASS_VN": null, "FCLASS_TR": null, "FCLASS_ID": null, "FCLASS_PL": null, "FCLASS_GR": null, "FCLASS_IT": null, "FCLASS_NL": null, "FCLASS_SE": null, "FCLASS_BD": null, "FCLASS_UA": null, "FCLASS_TLC": null }, "geometry": { "type": "Point", "coordinates": [ -119.4833118, 49.899989 ] } },
{ "type": "Feature", "properties": { "SCALERANK": 6, "NATSCALE": 30, "LABELRANK": 2, "FEATURECLA": "Populated place", "NAME": "Pangnirtung", "NAMEPAR": null, "NAMEALT": null, "NAMEASCII": "Pangnirtung", "ADM0CAP": 0, "CAPIN": null, "WORLDCITY": 0, "MEGACITY": 0, "SOV0NAME": "Canada", "SOV_A3": "CAN", "ADM0NAME": "Canada", "ADM0_A3": "CAN", "ADM1NAME": "Nunavut", "ISO_A2": "CA", "NOTE": null, "LATITUDE": 66.133313, "LONGITUDE": -65.750028, "POP_MAX": 1320, "POP_MIN": 1320, "POP_OTHER": 0, "RANK_MAX": 3, "RANK_MIN": 3, "MEGANAME": null, "LS_NAME": "Pangnirtung", "MAX_POP10": 0, "MAX_POP20": 0, "MAX_POP50": 0, "MAX_POP300": 0, "MAX_POP310": 0, "MAX_NATSCA": 0, "MIN_AREAKM": 0, "MAX_AREAKM": 0, "MIN_AREAMI": 0, "MAX_AREAMI": 0, "MIN_PERKM": 0, "MAX_PERKM": 0, "MIN_PERMI": 0, "MAX_PERMI": 0, "MIN_BBXMIN": 0.0, "MAX_BBXMIN": 0.0, "MIN_BBXMAX": 0.0, "MAX_BBXMAX": 0.0, "MIN_BBYMIN": 0.0, "MAX_BBYMIN": 0.0, "MIN_BBYMAX": 0.0, "MAX_BBYMAX": 0.0, "MEAN_BBXC": 0.0, "MEAN_BBYC": 0.0, "TIMEZONE": "America/Pangnirtung", "UN_FID": 0, "POP1950": 0, "POP1955": 0, "POP1960": 0, "POP1965": 0, "POP1970": 0, "POP1975": 0, "POP1980": 0, "POP1985": 0, "POP1990": 0, "POP1995": 0, "POP2000": 0, "POP2005": 0, "POP2010": 0, "POP2015": 0, "POP2020": 0, "POP2025": 0, "POP2050": 0, "MIN_ZOOM": 6.0, "WIKIDATAID": "Q631747", "WOF_ID": 101735463, "CAPALT": 0, "NAME_EN": "Pangnirtung", "NAME_DE": "Pangnirtung", "NAME_ES": "Pangnirtung", "NAME_FR": "Pangnirtung", "NAME_PT": "Pangnirtung", "NAME_RU": "Пангниртунг", "NAME_ZH": "旁涅唐", "LABEL": null, "NAME_AR": "بانجنيرتونج", "NAME_BN": "প্যাংনিরটাং", "NAME_EL": "Πάνγκνιρτουνγκ", "NAME_HI": "पैननिर्टुंग", "NAME_HU": "Pangnirtung", "NAME_ID": "Pangnirtung", "NAME_IT": "Pangnirtung", "NAME_JA": "パングナータング", "NAME_KO": "팡니르퉁", "NAME_NL": "Pangnirtung", "NAME_PL": "Pangnirtung", "NAME_SV": "Pangnirtung", "NAME_TR": "Pangnirtung", "NAME_VI": "Pangnirtung", "NE_ID": 1159147645, "NAME_FA": "پاننیرتانگ", "NAME_HE": "פנגנירטונג", "NAME_UK": "Пангніртанг", "NAME_UR": "پنگ نرتنگ", "NAME_ZHT": "旁涅唐", "GEONAMESID": 6096551, "FCLASS_ISO": null, "FCLASS_US": null, "FCLASS_FR": null, "FCLASS_RU": null, "FCLASS_ES": null, "FCLASS_CN": null, "FCLASS_TW": null, "FCLASS_IN": null, "FCLASS_NP": null, "FCLASS_PK": null, "FCLASS_DE": null, "FCLASS_GB": null, "FCLASS_BR": null, "FCLASS_IL": null, "FCLASS_PS": null, "FCLASS_SA": null, "FCLASS_EG": null, "FCLASS_MA": null, "FCLASS_PT": null, "FCLASS_AR": null, "FCLASS_JP": null, "FCLASS_KO": null, "FCLASS_VN": null, "FCLASS_TR": null, "FCLASS_ID": null, "FCLASS_PL": null, "FCLASS_GR": null, "FCLASS_IT": null, "FCLASS_NL": null, "FCLASS_SE": null, "FCLASS_BD": null, "FCLASS_UA": null, "FCLASS_TLC": null }, "geometry": { "type": "Point", "coordinates": [ -65.7500283, 66.1333134 ] } },
{ "type": "Feature", "properties": { "SCALERANK": 6, "NATSCALE": 30, "LABELRANK": 2, "FEATURECLA": "Populated place", "NAME": "Holman", "NAMEPAR": null, "NAMEALT": null, "NAMEASCII": "Holman", "ADM0CAP": 0, "CAPIN": null, "WORLDCITY": 0, "MEGACITY": 0, "SOV0NAME": "Canada", "SOV_A3": "CAN", "ADM0NAME": "Canada", "ADM0_A3": "CAN", "ADM1NAME": "Northwest Territories", "ISO_A2": "CA", "NOTE": null, "LATITUDE": 70.733369, "LONGITUDE": -117.749981, "POP_MAX": 500, "POP_MIN": 398, "POP_OTHER": 0, "RANK_MAX": 2, "RANK_MIN": 2, "MEGANAME": null, "LS_NAME": "Holman", "MAX_POP10": 0, "MAX_POP20": 0, "MAX_POP50": 0, "MAX_POP300": 0, "MAX_POP310": 0, "MAX_NATSCA": 0, "MIN_AREAKM": 0, "MAX_AREAKM": 0, "MIN_AREAMI": 0, "MAX_AREAMI": 0, "MIN_PERKM": 0, "MAX_PERKM": 0, "MIN_PERMI": 0, "MAX_PERMI": 0, "MIN_BBXMIN": 0.0, "MAX_BBXMIN": 0.0, "MIN_BBXMAX": 0.0, "MAX_BBXMAX": 0.0, "MIN_BBYMIN": 0.0, "MAX_BBYMIN": 0.0, "MIN_BBYMAX": 0.0, "MAX_BBYMAX": 0.0, "MEAN_BBXC": 0.0, "MEAN_BBYC": 0.0, "TIMEZONE": null, "UN_FID": 0, "POP1950": 0, "POP1955": 0, "POP1960": 0, "POP1965": 0, "POP1970": 0, "POP1975": 0, "POP1980": 0, "POP1985": 0, "POP1990": 0, "POP1995": 0, "POP2000": 0, "POP2005": 0, "POP2010": 0, "POP2015": 0, "POP2020": 0, "POP2025": 0, "POP2050": 0, "MIN_ZOOM": 6.0, "WIKIDATAID": "Q718822", "WOF_ID": 1141908743, "CAPALT": 0, "NAME_EN": "Ulukhaktok", "NAME_DE": "Ulukhaktok", "NAME_ES": "Holman", "NAME_FR": "Ulukhaktok", "NAME_PT": "Ulukhaktok", "NAME_RU": "Улукхакток", "NAME_ZH": "烏路卡托克", "LABEL": null, "NAME_AR": "هولمان", "NAME_BN": "হোলম্যান", "NAME_EL": "Χόλμαν", "NAME_HI": "होलमैन", "NAME_HU": "Holman", "NAME_ID": "Holman", "NAME_IT": "Ulukhaktok", "NAME_JA": "ウルクハクトーク", "NAME_KO": "홀만", "NAME_NL": "Ulukhaktok", "NAME_PL": "Holman", "NAME_SV": "Ulukhaktok", "NAME_TR": "Ulukhaktok", "NAME_VI": "Holman", "NE_ID": 1159147649, "NAME_FA": "اولاکاکچوک", "NAME_HE": "חולמן", "NAME_UK": "Улукхакток", "NAME_UR": "ہولمان", "NAME_ZHT": "烏路卡托克", "GEONAMESID": 5976257, "FCLASS_ISO": null, "FCLASS_US": null, "FCLASS_FR": null, "FCLASS_RU": null, "FCLASS_ES": null, "FCLASS_CN": null, "FCLASS_TW": null, "FCLASS_IN": null, "FCLASS_NP": null, "FCLASS_PK": null, "FCLASS_DE": null, "FCLASS_GB": null, "FCLASS_BR": null, "FCLASS_IL": null, "FCLASS_PS": null, "FCLASS_SA": null, "FCLASS_EG": null, "FCLASS_MA": null, "FCLASS_PT": null, "FCLASS_AR": null, "FCLASS_JP": null, "FCLASS_KO": null, "FCLASS_VN": null, "FCLASS_TR": null, "FCLASS_ID": null, "FCLASS_PL": null, "FCLASS_GR": null, "FCLASS_IT": null, "FCLASS_NL": null, "FCLASS_SE": null, "FCLASS_BD": null, "FCLASS_UA": null, "FCLASS_TLC": null }, "geometry": { "type": "Point", "coordinates": [ -117.7499809, 70.7333685 ] } },
{ "type": "Feature", "properties": { "SCALERANK": 6, "NATSCALE": 30, "LABELRANK": 2, "FEATURECLA": "Populated place", "NAME": "Dryden", "NAMEPAR": null, "NAMEALT": null, "NAMEASCII": "Dryden", "ADM0CAP": 0, "CAPIN": null, "WORLDCITY": 0, "MEGACITY": 0, "SOV0NAME": "Canada", "SOV_A3": "CAN", "ADM0NAME": "Canada", "ADM0_A3": "CAN", "ADM1NAME": "Ontario", "ISO_A2": "CA", "NOTE": null, "LATITUDE": 49.78333, "LONGITUDE": -92.833336, "POP_MAX": 7862, "POP_MIN": 7862, "POP_OTHER": 7421, "RANK_MAX": 5, "RANK_MIN": 5, "MEGANAME": null, "LS_NAME": "Dryden", "MAX_POP10": 7862, "MAX_POP20": 0, "MAX_POP50": 0, "MAX_POP300": 0, "MAX_POP310": 0, "MAX_NATSCA": 10, "MIN_AREAKM": 10, "MAX_AREAKM": 10, "MIN_AREAMI": 4, "MAX_AREAMI": 4, "MIN_PERKM": 17, "MAX_PERKM": 17, "MIN_PERMI": 11, "MAX_PERMI": 11, "MIN_BBXMIN": -92.858333, "MAX_BBXMIN": -92.858333, "MIN_BBXMAX": -92.808333, "MAX_BBXMAX": -92.808333, "MIN_BBYMIN": 49.766667, "MAX_BBYMIN": 49.766667, "MIN_BBYMAX": 49.808333, "MAX_BBYMAX": 49.808333, "MEAN_BBXC": -92.837037, "MEAN_BBYC": 49.781944, "TIMEZONE": null, "UN_FID": 0, "POP1950": 0, "POP1955": 0, "POP1960": 0, "POP1965": 0, "POP1970": 0, "POP1975": 0, "POP1980": 0, "POP1985": 0, "POP1990": 0, "POP1995": 0, "POP2000": 0, "POP2005": 0, "POP2010": 0, "POP2015": 0, "POP2020": 0, "POP2025": 0, "POP2050": 0, "MIN_ZOOM": 6.0, "WIKIDATAID": "Q3040214", "WOF_ID": 1141908747, "CAPALT": 0, "NAME_EN": "Dryden", "NAME_DE": "Dryden", "NAME_ES": "Dryden", "NAME_FR": "Dryden", "NAME_PT": "Dryden", "NAME_RU": "Драйден", "NAME_ZH": "德赖登", "LABEL": null, "NAME_AR": "درايدن", "NAME_BN": "ড্রাইডেন", "NAME_EL": "Ντράιντεν", "NAME_HI": "ड्राडेन", "NAME_HU": "Dryden", "NAME_ID": "Dryden", "NAME_IT": "Dryden", "NAME_JA": "ドライデン", "NAME_KO": "드라이든", "NAME_NL": "Dryden", "NAME_PL": "Dryden", "NAME_SV": "Dryden", "NAME_TR": "Dryden", "NAME_VI": "Dryden", "NE_ID": 1159147655, "NAME_FA": "درایدن", "NAME_HE": "דריידן", "NAME_UK": "Драйден", "NAME_UR": "دریدین", "NAME_ZHT": "德赖登", "GEONAMESID": 5942911, "FCLASS_ISO": null, "FCLASS_US": null, "FCLASS_FR": null, "FCLASS_RU": null, "FCLASS_ES": null, "FCLASS_CN": null, "FCLASS_TW": null, "FCLASS_IN": null, "FCLASS_NP": null, "FCLASS_PK": null, "FCLASS_DE": null, "FCLASS_GB": null, "FCLASS_BR": null, "FCLASS_IL": null, "FCLASS_PS": null, "FCLASS_SA": null, "FCLASS_EG": null, "FCLASS_MA": null, "FCLASS_PT": null, "FCLASS_AR": null, "FCLASS_JP": null, "FCLASS_KO": null, "FCLASS_VN": null, "FCLASS_TR": null, "FCLASS_ID": null, "FCLASS_PL": null, "FCLASS_GR": null, "FCLASS_IT": null, "FCLASS_NL": null, "FCLASS_SE": null, "FCLASS_BD": null, "FCLASS_UA": null, "FCLASS_TLC": null }, "geometry": { "type": "Point", "coordinates": [ -92.8333364, 49.7833295 ] } },
{ "type": "Feature", "properties": { "SCALERANK": 6, "NATSCALE": 30, "LABELRANK": 2, "FEATURECLA": "Populated place", "NAME": "Attawapiskat", "NAMEPAR": null, "NAMEALT": null, "NAMEASCII": "Attawapiskat", "ADM0CAP": 0, "CAPIN": null, "WORLDCITY": 0, "MEGACITY": 0, "SOV0NAME": "Canada", "SOV_A3": "CAN", "ADM0NAME": "Canada", "ADM0_A3": "CAN", "ADM1NAME": "Ontario", "ISO_A2": "CA", "NOTE": null, "LATITUDE": 52.916627, "LONGITUDE": -82.433325, "POP_MAX": 1802, "POP_MIN": 1802, "POP_OTHER": 0, "RANK_MAX": 3, "RANK_MIN": 3, "MEGANAME": null, "LS_NAME": "Attawapiskat", "MAX_POP10": 0, "MAX_POP20": 0, "MAX_POP50": 0, "MAX_POP300": 0, "MAX_POP310": 0, "MAX_NATSCA": 0, "MIN_AREAKM": 0, "MAX_AREAKM": 0, "MIN_AREAMI": 0, "MAX_AREAMI": 0, "MIN_PERKM": 0, "MAX_PERKM": 0, "MIN_PERMI": 0, "MAX_PERMI": 0, "MIN_BBXMIN": 0.0, "MAX_BBXMIN": 0.0, "MIN_BBXMAX": 0.0, "MAX_BBXMAX": 0.0, "MIN_BBYMIN": 0.0, "MAX_BBYMIN": 0.0, "MIN_BBYMAX": 0.0, "MAX_BBYMAX": 0.0, "MEAN_BBXC": 0.0, "MEAN_BBYC": 0.0, "TIMEZONE": null, "UN_FID": 0, "POP1950": 0, "POP1955": 0, "POP1960": 0, "POP1965": 0, "POP1970": 0, "POP1975": 0, "POP1980": 0, "POP1985": 0, "POP1990": 0, "POP1995": 0, "POP2000": 0, "POP2005": 0, "POP2010": 0, "POP2015": 0, "POP2020": 0, "POP2025": 0, "POP2050": 0, "MIN_ZOOM": 6.0, "WIKIDATAID": "Q1656303", "WOF_ID": 1141908749, "CAPALT": 0, "NAME_EN": "Attawapiskat", "NAME_DE": "Attawapiskat", "NAME_ES": "Attawapiskat", "NAME_FR": "Attawapiskat", "NAME_PT": "Attawapiskat", "NAME_RU": "Аттавапискэт", "NAME_ZH": "阿塔瓦皮斯基特", "LABEL": null, "NAME_AR": "أتاوبيسكات", "NAME_BN": "আত্তাওয়াপিস্কাত", "NAME_EL": "Αταγουαπίσκατ", "NAME_HI": "अतावापिसकैट", "NAME_HU": "Attawapiskat", "NAME_ID": "Attawapiskat", "NAME_IT": "Attawapiskat", "NAME_JA": "アタワピスカト", "NAME_KO": "아타와피스캇", "NAME_NL": "Attawapiskat", "NAME_PL": "Attawapiskat", "NAME_SV": "Attawapiskat", "NAME_TR": "Attawapiskat", "NAME_VI": "Attawapiskat", "NE_ID": 1159147657, "NAME_FA": "آتاویپیسکات", "NAME_HE": "אטאוופיסקאט", "NAME_UK": "Аттавапіскат", "NAME_UR": "آتاواپسکات", "NAME_ZHT": "阿塔瓦皮斯基特", "GEONAMESID": 5888118, "FCLASS_ISO": null, "FCLASS_US": null, "FCLASS_FR": null, "FCLASS_RU": null, "FCLASS_ES": null, "FCLASS_CN": null, "FCLASS_TW": null, "FCLASS_IN": null, "FCLASS_NP": null, "FCLASS_PK": null, "FCLASS_DE": null, "FCLASS_GB": null, "FCLASS_BR": null, "FCLASS_IL": null, "FCLASS_PS": null, "FCLASS_SA": null, "FCLASS_EG": null, "FCLASS_MA": null, "FCLASS_PT": null, "FCLASS_AR": null, "FCLASS_JP": null, "FCLASS_KO": null, "FCLASS_VN": null, "FCLASS_TR": null, "FCLASS_ID": null, "FCLASS_PL": null, "FCLASS_GR": null, "FCLASS_IT": null, "FCLASS_NL": null, "FCLASS_SE": null, "FCLASS_BD": null, "FCLASS_UA": null, "FCLASS_TLC": null }, "geometry": { "type": "Point", "coordinates": [ -82.4333252, 52.9166266 ] } },
{ "type": "Feature", "properties": { "SCALERANK": 6, "NATSCALE": 30, "LABELRANK": 2, "FEATURECLA": "Populated place", "NAME": "Hamilton", "NAMEPAR": null, "NAMEALT": null, "NAMEASCII": "Hamilton", "ADM0CAP": 0, "CAPIN": null, "WORLDCITY": 0, "MEGACITY": 0, "SOV0NAME": "Canada", "SOV_A3": "CAN", "ADM0NAME": "Canada", "ADM0_A3": "CAN", "ADM1NAME": "Ontario", "ISO_A2": "CA", "NOTE": null, "LATITUDE": 43.249982, "LONGITUDE": -79.829996, "POP_MAX": 721053, "POP_MIN": 519949, "POP_OTHER": 52320, "RANK_MAX": 11, "RANK_MIN": 11, "MEGANAME": null, "LS_NAME": "Hamilton2", "MAX_POP10": 826507, "MAX_POP20": 826343, "MAX_POP50": 0, "MAX_POP300": 0, "MAX_POP310": 0, "MAX_NATSCA": 20, "MIN_AREAKM": 485, "MAX_AREAKM": 485, "MIN_AREAMI": 187, "MAX_AREAMI": 187, "MIN_PERKM": 410, "MAX_PERKM": 410, "MIN_PERMI": 255, "MAX_PERMI": 255, "MIN_BBXMIN": -80.008333, "MAX_BBXMIN": -80.008333, "MIN_BBXMAX": -79.625022, "MAX_BBXMAX": -79.625022, "MIN_BBYMIN": 43.141667, "MAX_BBYMIN": 43.141667, "MIN_BBYMAX": 43.640386, "MAX_BBYMAX": 43.640386, "MEAN_BBXC": -79.812905, "MEAN_BBYC": 43.335201, "TIMEZONE": null, "UN_FID": 0, "POP1950": 0, "POP1955": 0, "POP1960": 0, "POP1965": 0, "POP1970": 0, "POP1975": 0, "POP1980": 0, "POP1985": 0, "POP1990": 0, "POP1995": 0, "POP2000": 0, "POP2005": 0, "POP2010": 0, "POP2015": 0, "POP2020": 0, "POP2025": 0, "POP2050": 0, "MIN_ZOOM": 6.0, "WIKIDATAID": "Q133116", "WOF_ID": 1141908751, "CAPALT": 0, "NAME_EN": "Hamilton", "NAME_DE": "Hamilton", "NAME_ES": "Hamilton", "NAME_FR": "Hamilton", "NAME_PT": "Hamilton", "NAME_RU": "Гамильтон", "NAME_ZH": "哈密尔顿", "LABEL": null, "NAME_AR": "هاميلتون", "NAME_BN": "হ্যামিল্টন", "NAME_EL": "Χάμιλτον", "NAME_HI": "हैमिल्टन", "NAME_HU": "Hamilton", "NAME_ID": "Hamilton", "NAME_IT": "Hamilton", "NAME_JA": "ハミルトン", "NAME_KO": "해밀턴", "NAME_NL": "Hamilton", "NAME_PL": "Hamilton", "NAME_SV": "Hamilton", "NAME_TR": "Hamilton", "NAME_VI": "Hamilton", "NE_ID": 1159147659, "NAME_FA": "همیلتون", "NAME_HE": "המילטון", "NAME_UK": "Гамільтон", "NAME_UR": "ہیملٹن", "NAME_ZHT": "哈密爾頓", "GEONAMESID": -1, "FCLASS_ISO": null, "FCLASS_US": null, "FCLASS_FR": null, "FCLASS_RU": null, "FCLASS_ES": null, "FCLASS_CN": null, "FCLASS_TW": null, "FCLASS_IN": null, "FCLASS_NP": null, "FCLASS_PK": null, "FCLASS_DE": null, "FCLASS_GB": null, "FCLASS_BR": null, "FCLASS_IL": null, "FCLASS_PS": null, "FCLASS_SA": null, "FCLASS_EG": null, "FCLASS_MA": null, "FCLASS_PT": null, "FCLASS_AR": null, "FCLASS_JP": null, "FCLASS_KO": null, "FCLASS_VN": null, "FCLASS_TR": null, "FCLASS_ID": null, "FCLASS_PL": null, "FCLASS_GR": null, "FCLASS_IT": null, "FCLASS_NL": null, "FCLASS_SE": null, "FCLASS_BD": null, "FCLASS_UA": null, "FCLASS_TLC": null }, "geometry": { "type": "Point", "coordinates": [ -79.8299958, 43.2499815 ] } },
{ "type": "Feature", "properties": { "SCALERANK": 6, "NATSCALE": 30, "LABELRANK": 2, "FEATURECLA": "Populated place", "NAME": "Windsor", "NAMEPAR": null, "NAMEALT": null, "NAMEASCII": "Windsor", "ADM0CAP": 0, "CAPIN": null, "WORLDCITY": 0, "MEGACITY": 0, "SOV0NAME": "Canada", "SOV_A3": "CAN", "ADM0NAME": "Canada", "ADM0_A3": "CAN", "ADM1NAME": "Ontario", "ISO_A2": "CA", "NOTE": null, "LATITUDE": 42.315457, "LONGITUDE": -83.036853, "POP_MAX": 319246, "POP_MIN": 210891, "POP_OTHER": 3398, "RANK_MAX": 10, "RANK_MIN": 10, "MEGANAME": null, "LS_NAME": "Windsor1", "MAX_POP10": 1259633, "MAX_POP20": 0, "MAX_POP50": 0, "MAX_POP300": 0, "MAX_POP310": 0, "MAX_NATSCA": 10, "MIN_AREAKM": 710, "MAX_AREAKM": 710, "MIN_AREAMI": 274, "MAX_AREAMI": 274, "MIN_PERKM": 266, "MAX_PERKM": 266, "MIN_PERMI": 165, "MAX_PERMI": 165, "MIN_BBXMIN": -83.073277, "MAX_BBXMIN": -83.073277, "MIN_BBXMAX": -82.741667, "MAX_BBXMAX": -82.741667, "MIN_BBYMIN": 42.225, "MAX_BBYMIN": 42.225, "MIN_BBYMAX": 42.7, "MAX_BBYMAX": 42.7, "MEAN_BBXC": -82.949808, "MEAN_BBYC": 42.477497, "TIMEZONE": "America/Toronto", "UN_FID": 0, "POP1950": 0, "POP1955": 0, "POP1960": 0, "POP1965": 0, "POP1970": 0, "POP1975": 0, "POP1980": 0, "POP1985": 0, "POP1990": 0, "POP1995": 0, "POP2000": 0, "POP2005": 0, "POP2010": 0, "POP2015": 0, "POP2020": 0, "POP2025": 0, "POP2050": 0, "MIN_ZOOM": 6.0, "WIKIDATAID": "Q182625", "WOF_ID": 101735855, "CAPALT": 0, "NAME_EN": "Windsor", "NAME_DE": "Windsor", "NAME_ES": "Windsor", "NAME_FR": "Windsor", "NAME_PT": "Windsor", "NAME_RU": "Уинсор", "NAME_ZH": "温莎", "LABEL": null, "NAME_AR": "وندسور", "NAME_BN": "উইন্ডসর", "NAME_EL": "Ουίντσορ", "NAME_HI": "विंडसर", "NAME_HU": "Windsor", "NAME_ID": "Windsor", "NAME_IT": "Windsor", "NAME_JA": "ウィンザー", "NAME_KO": "윈저", "NAME_NL": "Windsor", "NAME_PL": "Windsor", "NAME_SV": "Windsor", "NAME_TR": "Windsor", "NAME_VI": "Windsor", "NE_ID": 1159147661, "NAME_FA": "ویندزور", "NAME_HE": "וינדזור", "NAME_UK": "Віндзор", "NAME_UR": "ونڈسر", "NAME_ZHT": "溫莎", "GEONAMESID": 6182962, "FCLASS_ISO": null, "FCLASS_US": null, "FCLASS_FR": null, "FCLASS_RU": null, "FCLASS_ES": null, "FCLASS_CN": null, "FCLASS_TW": null, "FCLASS_IN": null, "FCLASS_NP": null, "FCLASS_PK": null, "FCLASS_DE": null, "FCLASS_GB": null, "FCLASS_BR": null, "FCLASS_IL": null, "FCLASS_PS": null, "FCLASS_SA": null, "FCLASS_EG": null, "FCLASS_MA": null, "FCLASS_PT": null, "FCLASS_AR": null, "FCLASS_JP": null, "FCLASS_KO": null, "FCLASS_VN": null, "FCLASS_TR": null, "FCLASS_ID": null, "FCLASS_PL": null, "FCLASS_GR": null, "FCLASS_IT": null, "FCLASS_NL": null, "FCLASS_SE": null, "FCLASS_BD": null, "FCLASS_UA": null, "FCLASS_TLC": null }, "geometry": { "type": "Point", "coordinates": [ -83.0368525, 42.315457 ] } },
{ "type": "Feature", "properties": { "SCALERANK": 6, "NATSCALE": 30, "LABELRANK": 2, "FEATURECLA": "Populated place", "NAME": "Trois-Rivières", "NAMEPAR": null, "NAMEALT": null, "NAMEASCII": "Trois Rivieres", "ADM0CAP": 0, "CAPIN": null, "WORLDCITY": 0, "MEGACITY": 0, "SOV0NAME": "Canada", "SOV_A3": "CAN", "ADM0NAME": "Canada", "ADM0_A3": "CAN", "ADM1NAME": "Québec", "ISO_A2": "CA", "NOTE": null, "LATITUDE": 46.349973, "LONGITUDE": -72.549949, "POP_MAX": 119693, "POP_MIN": 116409, "POP_OTHER": 113476, "RANK_MAX": 9, "RANK_MIN": 9, "MEGANAME": null, "LS_NAME": "Trois Rivieres", "MAX_POP10": 116409, "MAX_POP20": 0, "MAX_POP50": 0, "MAX_POP300": 0, "MAX_POP310": 0, "MAX_NATSCA": 10, "MIN_AREAKM": 77, "MAX_AREAKM": 77, "MIN_AREAMI": 30, "MAX_AREAMI": 30, "MIN_PERKM": 81, "MAX_PERKM": 81, "MIN_PERMI": 51, "MAX_PERMI": 51, "MIN_BBXMIN": -72.633333, "MAX_BBXMIN": -72.633333, "MIN_BBXMAX": -72.475, "MAX_BBXMAX": -72.475, "MIN_BBYMIN": 46.3, "MAX_BBYMIN": 46.3, "MIN_BBYMAX": 46.416667, "MAX_BBYMAX": 46.416667, "MEAN_BBXC": -72.560833, "MEAN_BBYC": 46.361731, "TIMEZONE": "America/Montreal", "UN_FID": 0, "POP1950": 0, "POP1955": 0, "POP1960": 0, "POP1965": 0, "POP1970": 0, "POP1975": 0, "POP1980": 0, "POP1985": 0, "POP1990": 0, "POP1995": 0, "POP2000": 0, "POP2005": 0, "POP2010": 0, "POP2015": 0, "POP2020": 0, "POP2025": 0, "POP2050": 0, "MIN_ZOOM": 6.0, "WIKIDATAID": "Q44012", "WOF_ID": 101738021, "CAPALT": 0, "NAME_EN": "Trois-Rivières", "NAME_DE": "Trois-Rivières", "NAME_ES": "Trois-Rivières", "NAME_FR": "Trois-Rivières", "NAME_PT": "Trois-Rivières", "NAME_RU": "Труа-Ривьер", "NAME_ZH": "三河城", "LABEL": null, "NAME_AR": "تروا ريفيير", "NAME_BN": "ট্রস-রিভিরেস", "NAME_EL": "Τρουά-Ριβιέρ", "NAME_HI": "तरुआ-रिविएरा", "NAME_HU": "Trois-Rivières", "NAME_ID": "Trois-Rivières", "NAME_IT": "Trois-Rivières", "NAME_JA": "トロワリヴィエール", "NAME_KO": "트루아리비에르", "NAME_NL": "Trois-Rivières", "NAME_PL": "Trois-Rivières", "NAME_SV": "Trois-Rivières", "NAME_TR": "Trois-Rivières", "NAME_VI": "Trois‐Rivieres", "NE_ID": 1159147663, "NAME_FA": "تروا ریویر", "NAME_HE": "שלושת הנהרות", "NAME_UK": "Труа-Рів'єр", "NAME_UR": "ترو-ریویائر", "NAME_ZHT": "三河城", "GEONAMESID": 6169141, "FCLASS_ISO": null, "FCLASS_US": null, "FCLASS_FR": null, "FCLASS_RU": null, "FCLASS_ES": null, "FCLASS_CN": null, "FCLASS_TW": null, "FCLASS_IN": null, "FCLASS_NP": null, "FCLASS_PK": null, "FCLASS_DE": null, "FCLASS_GB": null, "FCLASS_BR": null, "FCLASS_IL": null, "FCLASS_PS": null, "FCLASS_SA": null, "FCLASS_EG": null, "FCLASS_MA": null, "FCLASS_PT": null, "FCLASS_AR": null, "FCLASS_JP": null, "FCLASS_KO": null, "FCLASS_VN": null, "FCLASS_TR": null, "FCLASS_ID": null, "FCLASS_PL": null, "FCLASS_GR": null, "FCLASS_IT": null, "FCLASS_NL": null, "FCLASS_SE": null, "FCLASS_BD": null, "FCLASS_UA": null, "FCLASS_TLC": null }, "geometry": { "type": "Point", "coordinates": [ -72.5499492, 46.3499732 ] } },
{ "type": "Feature", "properties": { "SCALERANK": 6, "NATSCALE": 30, "LABELRANK": 2, "FEATURECLA": "Populated place", "NAME": "Sept-Îles", "NAMEPAR": null, "NAMEALT": null, "NAMEASCII": "Sept-Iles", "ADM0CAP": 0, "CAPIN": null, "WORLDCITY": 0, "MEGACITY": 0, "SOV0NAME": "Canada", "SOV_A3": "CAN", "ADM0NAME": "Canada", "ADM0_A3": "CAN", "ADM1NAME": "Québec", "ISO_A2": "CA", "NOTE": null, "LATITUDE": 50.316088, "LONGITUDE": -66.360017, "POP_MAX": 25686, "POP_MIN": 25686, "POP_OTHER": 0, "RANK_MAX": 7, "RANK_MIN": 7, "MEGANAME": null, "LS_NAME": "Sept-Iles", "MAX_POP10": 0, "MAX_POP20": 0, "MAX_POP50": 0, "MAX_POP300": 0, "MAX_POP310": 0, "MAX_NATSCA": 0, "MIN_AREAKM": 0, "MAX_AREAKM": 0, "MIN_AREAMI": 0, "MAX_AREAMI": 0, "MIN_PERKM": 0, "MAX_PERKM": 0, "MIN_PERMI": 0, "MAX_PERMI": 0, "MIN_BBXMIN": 0.0, "MAX_BBXMIN": 0.0, "MIN_BBXMAX": 0.0, "MAX_BBXMAX": 0.0, "MIN_BBYMIN": 0.0, "MAX_BBYMIN": 0.0, "MIN_BBYMAX": 0.0, "MAX_BBYMAX": 0.0, "MEAN_BBXC": 0.0, "MEAN_BBYC": 0.0, "TIMEZONE": null, "UN_FID": 0, "POP1950": 0, "POP1955": 0, "POP1960": 0, "POP1965": 0, "POP1970": 0, "POP1975": 0, "POP1980": 0, "POP1985": 0, "POP1990": 0, "POP1995": 0, "POP2000": 0, "POP2005": 0, "POP2010": 0, "POP2015": 0, "POP2020": 0, "POP2025": 0, "POP2050": 0, "MIN_ZOOM": 6.0, "WIKIDATAID": "Q141699", "WOF_ID": 1141908753, "CAPALT": 0, "NAME_EN": "Sept-Îles", "NAME_DE": "Sept-Îles", "NAME_ES": "Sept-Îles", "NAME_FR": "Sept-Îles", "NAME_PT": "Sept-Îles", "NAME_RU": "Сет-Иль", "NAME_ZH": "七岛", "LABEL": null, "NAME_AR": "سات إيل", "NAME_BN": "সেপ্ট-ইল", "NAME_EL": "Σετ-Ιλ", "NAME_HI": "सीपटीले", "NAME_HU": "Sept-Îles", "NAME_ID": "Sept-Îles", "NAME_IT": "Sept-Îles", "NAME_JA": "セティル", "NAME_KO": "세틸", "NAME_NL": "Sept-Îles", "NAME_PL": "Sept-Îles", "NAME_SV": "Sept-Îles", "NAME_TR": "Sept-Îles", "NAME_VI": "Sept-Iles", "NE_ID": 1159147667, "NAME_FA": "ست-ایل", "NAME_HE": "סט איל", "NAME_UK": "Сет-Іль", "NAME_UR": "سیپت-لیس", "NAME_ZHT": "七島港", "GEONAMESID": -1, "FCLASS_ISO": null, "FCLASS_US": null, "FCLASS_FR": null, "FCLASS_RU": null, "FCLASS_ES": null, "FCLASS_CN": null, "FCLASS_TW": null, "FCLASS_IN": null, "FCLASS_NP": null, "FCLASS_PK": null, "FCLASS_DE": null, "FCLASS_GB": null, "FCLASS_BR": null, "FCLASS_IL": null, "FCLASS_PS": null, "FCLASS_SA": null, "FCLASS_EG": null, "FCLASS_MA": null, "FCLASS_PT": null, "FCLASS_AR": null, "FCLASS_JP": null, "FCLASS_KO": null, "FCLASS_VN": null, "FCLASS_TR": null, "FCLASS_ID": null, "FCLASS_PL": null, "FCLASS_GR": null, "FCLASS_IT": null, "FCLASS_NL": null, "FCLASS_SE": null, "FCLASS_BD": null, "FCLASS_UA": null, "FCLASS_TLC": null }, "geometry": { "type": "Point", "coordinates": [ -66.3600169, 50.3160877 ] } },
{ "type": "Feature", "properties": { "SCALERANK": 6, "NATSCALE": 30, "LABELRANK": 2, "FEATURECLA": "Populated place", "NAME": "Corner Brook", "NAMEPAR": null, "NAMEALT": null, "NAMEASCII": "Corner Brook", "ADM0CAP": 0, "CAPIN": null, "WORLDCITY": 0, "MEGACITY": 0, "SOV0NAME": "Canada", "SOV_A3": "CAN", "ADM0NAME": "Canada", "ADM0_A3": "CAN", "ADM1NAME": "Newfoundland and Labrador", "ISO_A2": "CA", "NOTE": null, "LATITUDE": 48.949995, "LONGITUDE": -57.933348, "POP_MAX": 20791, "POP_MIN": 18693, "POP_OTHER": 20364, "RANK_MAX": 7, "RANK_MIN": 6, "MEGANAME": null, "LS_NAME": "Corner Brook", "MAX_POP10": 20791, "MAX_POP20": 0, "MAX_POP50": 0, "MAX_POP300": 0, "MAX_POP310": 0, "MAX_NATSCA": 10, "MIN_AREAKM": 23, "MAX_AREAKM": 23, "MIN_AREAMI": 9, "MAX_AREAMI": 9, "MIN_PERKM": 39, "MAX_PERKM": 39, "MIN_PERMI": 25, "MAX_PERMI": 25, "MIN_BBXMIN": -58.016667, "MAX_BBXMIN": -58.016667, "MIN_BBXMAX": -57.891667, "MAX_BBXMAX": -57.891667, "MIN_BBYMIN": 48.925, "MAX_BBYMIN": 48.925, "MIN_BBYMAX": 48.966667, "MAX_BBYMAX": 48.966667, "MEAN_BBXC": -57.949695, "MEAN_BBYC": 48.949695, "TIMEZONE": "America/St_Johns", "UN_FID": 0, "POP1950": 0, "POP1955": 0, "POP1960": 0, "POP1965": 0, "POP1970": 0, "POP1975": 0, "POP1980": 0, "POP1985": 0, "POP1990": 0, "POP1995": 0, "POP2000": 0, "POP2005": 0, "POP2010": 0, "POP2015": 0, "POP2020": 0, "POP2025": 0, "POP2050": 0, "MIN_ZOOM": 6.0, "WIKIDATAID": "Q991363", "WOF_ID": 890456223, "CAPALT": 0, "NAME_EN": "Corner Brook", "NAME_DE": "Corner Brook", "NAME_ES": "Corner Brook", "NAME_FR": "Corner Brook", "NAME_PT": "Corner Brook", "NAME_RU": "Корнер-Брук", "NAME_ZH": "科纳布鲁克", "LABEL": null, "NAME_AR": "كورنر بروك", "NAME_BN": "কর্নার ব্রুক", "NAME_EL": "Κόρνερ Μπρουκ", "NAME_HI": "कॉर्नर ब्रुक", "NAME_HU": "Corner Brook", "NAME_ID": "Corner Brook", "NAME_IT": "Corner Brook", "NAME_JA": "コーナーブルック", "NAME_KO": "코너브룩", "NAME_NL": "Corner Brook", "NAME_PL": "Corner Brook", "NAME_SV": "Corner Brook", "NAME_TR": "Corner Brook", "NAME_VI": "Corner Brook", "NE_ID": 1159147669, "NAME_FA": "کرنر بروک", "NAME_HE": "קורנר ברוק", "NAME_UK": "Корнер-Брук", "NAME_UR": "کارنر بروک", "NAME_ZHT": "科納布魯克", "GEONAMESID": 5927969, "FCLASS_ISO": null, "FCLASS_US": null, "FCLASS_FR": null, "FCLASS_RU": null, "FCLASS_ES": null, "FCLASS_CN": null, "FCLASS_TW": null, "FCLASS_IN": null, "FCLASS_NP": null, "FCLASS_PK": null, "FCLASS_DE": null, "FCLASS_GB": null, "FCLASS_BR": null, "FCLASS_IL": null, "FCLASS_PS": null, "FCLASS_SA": null, "FCLASS_EG": null, "FCLASS_MA": null, "FCLASS_PT": null, "FCLASS_AR": null, "FCLASS_JP": null, "FCLASS_KO": null, "FCLASS_VN": null, "FCLASS_TR": null, "FCLASS_ID": null, "FCLASS_PL": null, "FCLASS_GR": null, "FCLASS_IT": null, "FCLASS_NL": null, "FCLASS_SE": null, "FCLASS_BD": null, "FCLASS_UA": null, "FCLASS_TLC": null }, "geometry": { "type": "Point", "coordinates": [ -57.9333478, 48.9499953 ] } },
{ "type": "Feature", "properties": { "SCALERANK": 6, "NATSCALE": 30, "LABELRANK": 2, "FEATURECLA": "Populated place", "NAME": "Norway House", "NAMEPAR": null, "NAMEALT": null, "NAMEASCII": "Norway House", "ADM0CAP": 0, "CAPIN": null, "WORLDCITY": 0, "MEGACITY": 0, "SOV0NAME": "Canada", "SOV_A3": "CAN", "ADM0NAME": "Canada", "ADM0_A3": "CAN", "ADM1NAME": "Manitoba", "ISO_A2": "CA", "NOTE": null, "LATITUDE": 53.966588, "LONGITUDE": -97.83329, "POP_MAX": 6000, "POP_MIN": 5000, "POP_OTHER": 0, "RANK_MAX": 5, "RANK_MIN": 4, "MEGANAME": null, "LS_NAME": "Norway House", "MAX_POP10": 0, "MAX_POP20": 0, "MAX_POP50": 0, "MAX_POP300": 0, "MAX_POP310": 0, "MAX_NATSCA": 0, "MIN_AREAKM": 0, "MAX_AREAKM": 0, "MIN_AREAMI": 0, "MAX_AREAMI": 0, "MIN_PERKM": 0, "MAX_PERKM": 0, "MIN_PERMI": 0, "MAX_PERMI": 0, "MIN_BBXMIN": 0.0, "MAX_BBXMIN": 0.0, "MIN_BBXMAX": 0.0, "MAX_BBXMAX": 0.0, "MIN_BBYMIN": 0.0, "MAX_BBYMIN": 0.0, "MIN_BBYMAX": 0.0, "MAX_BBYMAX": 0.0, "MEAN_BBXC": 0.0, "MEAN_BBYC": 0.0, "TIMEZONE": null, "UN_FID": 0, "POP1950": 0, "POP1955": 0, "POP1960": 0, "POP1965": 0, "POP1970": 0, "POP1975": 0, "POP1980": 0, "POP1985": 0, "POP1990": 0, "POP1995": 0, "POP2000": 0, "POP2005": 0, "POP2010": 0, "POP2015": 0, "POP2020": 0, "POP2025": 0, "POP2050": 0, "MIN_ZOOM": 6.0, "WIKIDATAID": "Q1020012", "WOF_ID": 1141909023, "CAPALT": 0, "NAME_EN": "Norway House", "NAME_DE": "Norway House", "NAME_ES": "Norway House", "NAME_FR": "Norway House", "NAME_PT": "Norway House", "NAME_RU": "Норуэй-Хаус", "NAME_ZH": "挪威豪斯", "LABEL": null, "NAME_AR": "نورواي هاوس", "NAME_BN": "নরওয়ে হাউস", "NAME_EL": "Νόργουεϊ Χάους", "NAME_HI": "नॉर्वे हाउस", "NAME_HU": "Norway House", "NAME_ID": "Norway House", "NAME_IT": "Norway House", "NAME_JA": "ノルウェー・ハウス", "NAME_KO": "노르웨이 하우스", "NAME_NL": "Norway House", "NAME_PL": "Norway House", "NAME_SV": "Norway House", "NAME_TR": "Norway House", "NAME_VI": "Norway House", "NE_ID": 1159148829, "NAME_FA": "نوروی هاوس", "NAME_HE": "נורווי האוס", "NAME_UK": "Норвей-Хаус", "NAME_UR": "ناروے ہاؤس", "NAME_ZHT": "諾威豪斯", "GEONAMESID": 6091143, "FCLASS_ISO": null, "FCLASS_US": null, "FCLASS_FR": null, "FCLASS_RU": null, "FCLASS_ES": null, "FCLASS_CN": null, "FCLASS_TW": null, "FCLASS_IN": null, "FCLASS_NP": null, "FCLASS_PK": null, "FCLASS_DE": null, "FCLASS_GB": null, "FCLASS_BR": null, "FCLASS_IL": null, "FCLASS_PS": null, "FCLASS_SA": null, "FCLASS_EG": null, "FCLASS_MA": null, "FCLASS_PT": null, "FCLASS_AR": null, "FCLASS_JP": null, "FCLASS_KO": null, "FCLASS_VN": null, "FCLASS_TR": null, "FCLASS_ID": null, "FCLASS_PL": null, "FCLASS_GR": null, "FCLASS_IT": null, "FCLASS_NL": null, "FCLASS_SE": null, "FCLASS_BD": null, "FCLASS_UA": null, "FCLASS_TLC": null }, "geometry": { "type": "Point", "coordinates": [ -97.8332896, 53.9665884 ] } },
{ "type": "Feature", "properties": { "SCALERANK": 6, "NATSCALE": 30, "LABELRANK": 2, "FEATURECLA": "Populated place", "NAME": "Flin Flon", "NAMEPAR": null, "NAMEALT": null, "NAMEASCII": "Flin Flon", "ADM0CAP": 0, "CAPIN": null, "WORLDCITY": 0, "MEGACITY": 0, "SOV0NAME": "Canada", "SOV_A3": "CAN", "ADM0NAME": "Canada", "ADM0_A3": "CAN", "ADM1NAME": "Manitoba", "ISO_A2": "CA", "NOTE": null, "LATITUDE": 54.766591, "LONGITUDE": -101.883301, "POP_MAX": 6393, "POP_MIN": 6002, "POP_OTHER": 0, "RANK_MAX": 5, "RANK_MIN": 5, "MEGANAME": null, "LS_NAME": "Flin Flon", "MAX_POP10": 6393, "MAX_POP20": 0, "MAX_POP50": 0, "MAX_POP300": 0, "MAX_POP310": 0, "MAX_NATSCA": 10, "MIN_AREAKM": 6, "MAX_AREAKM": 6, "MIN_AREAMI": 2, "MAX_AREAMI": 2, "MIN_PERKM": 17, "MAX_PERKM": 17, "MIN_PERMI": 11, "MAX_PERMI": 11, "MIN_BBXMIN": -101.891667, "MAX_BBXMIN": -101.891667, "MIN_BBXMAX": -101.833333, "MAX_BBXMAX": -101.833333, "MIN_BBYMIN": 54.758333, "MAX_BBYMIN": 54.758333, "MIN_BBYMAX": 54.791667, "MAX_BBYMAX": 54.791667, "MEAN_BBXC": -101.858013, "MEAN_BBYC": 54.774038, "TIMEZONE": "America/Regina", "UN_FID": 0, "POP1950": 0, "POP1955": 0, "POP1960": 0, "POP1965": 0, "POP1970": 0, "POP1975": 0, "POP1980": 0, "POP1985": 0, "POP1990": 0, "POP1995": 0, "POP2000": 0, "POP2005": 0, "POP2010": 0, "POP2015": 0, "POP2020": 0, "POP2025": 0, "POP2050": 0, "MIN_ZOOM": 6.0, "WIKIDATAID": "Q666831", "WOF_ID": 101734709, "CAPALT": 0, "NAME_EN": "Flin Flon", "NAME_DE": "Flin Flon", "NAME_ES": "Flin Flon", "NAME_FR": "Flin Flon", "NAME_PT": "Flin Flon", "NAME_RU": "Флин-Флон", "NAME_ZH": "弗林弗伦", "LABEL": null, "NAME_AR": "فلين فلون", "NAME_BN": "ফ্লিন ফ্লোন", "NAME_EL": "Φλιν Φλον", "NAME_HI": "फ्लिन फ्लोन", "NAME_HU": "Flin Flon", "NAME_ID": "Flin Flon", "NAME_IT": "Flin Flon", "NAME_JA": "フリンフロン", "NAME_KO": "플린 플런", "NAME_NL": "Flin Flon", "NAME_PL": "Flin Flon", "NAME_SV": "Flin Flon", "NAME_TR": "Flin Flon", "NAME_VI": "Flin Flon", "NE_ID": 1159148831, "NAME_FA": "فلین فلون", "NAME_HE": "פלין פלון", "NAME_UK": "Флін-Флон", "NAME_UR": "فلن فلان", "NAME_ZHT": "弗林弗倫", "GEONAMESID": 5954718, "FCLASS_ISO": null, "FCLASS_US": null, "FCLASS_FR": null, "FCLASS_RU": null, "FCLASS_ES": null, "FCLASS_CN": null, "FCLASS_TW": null, "FCLASS_IN": null, "FCLASS_NP": null, "FCLASS_PK": null, "FCLASS_DE": null, "FCLASS_GB": null, "FCLASS_BR": null, "FCLASS_IL": null, "FCLASS_PS": null, "FCLASS_SA": null, "FCLASS_EG": null, "FCLASS_MA": null, "FCLASS_PT": null, "FCLASS_AR": null, "FCLASS_JP": null, "FCLASS_KO": null, "FCLASS_VN": null, "FCLASS_TR": null, "FCLASS_ID": null, "FCLASS_PL": null, "FCLASS_GR": null, "FCLASS_IT": null, "FCLASS_NL": null, "FCLASS_SE": null, "FCLASS_BD": null, "FCLASS_UA": null, "FCLASS_TLC": null }, "geometry": { "type": "Point", "coordinates": [ -101.8833008, 54.7665912 ] } },
{ "type": "Feature", "properties": { "SCALERANK": 6, "NATSCALE": 30, "LABELRANK": 2, "FEATURECLA": "Populated place", "NAME": "Dauphin", "NAMEPAR": null, "NAMEALT": null, "NAMEASCII": "Dauphin", "ADM0CAP": 0, "CAPIN": null, "WORLDCITY": 0, "MEGACITY": 0, "SOV0NAME": "Canada", "SOV_A3": "CAN", "ADM0NAME": "Canada", "ADM0_A3": "CAN", "ADM1NAME": "Manitoba", "ISO_A2": "CA", "NOTE": null, "LATITUDE": 51.150016, "LONGITUDE": -100.04995, "POP_MAX": 9077, "POP_MIN": 8418, "POP_OTHER": 8385, "RANK_MAX": 5, "RANK_MIN": 5, "MEGANAME": null, "LS_NAME": "Dauphin", "MAX_POP10": 9077, "MAX_POP20": 9077, "MAX_POP50": 0, "MAX_POP300": 0, "MAX_POP310": 0, "MAX_NATSCA": 20, "MIN_AREAKM": 11, "MAX_AREAKM": 11, "MIN_AREAMI": 4, "MAX_AREAMI": 4, "MIN_PERKM": 19, "MAX_PERKM": 19, "MIN_PERMI": 12, "MAX_PERMI": 12, "MIN_BBXMIN": -100.075, "MAX_BBXMIN": -100.075, "MIN_BBXMAX": -100.025, "MAX_BBXMAX": -100.025, "MIN_BBYMIN": 51.125, "MAX_BBYMIN": 51.125, "MIN_BBYMAX": 51.166667, "MAX_BBYMAX": 51.166667, "MEAN_BBXC": -100.050595, "MEAN_BBYC": 51.150198, "TIMEZONE": "America/Winnipeg", "UN_FID": 0, "POP1950": 0, "POP1955": 0, "POP1960": 0, "POP1965": 0, "POP1970": 0, "POP1975": 0, "POP1980": 0, "POP1985": 0, "POP1990": 0, "POP1995": 0, "POP2000": 0, "POP2005": 0, "POP2010": 0, "POP2015": 0, "POP2020": 0, "POP2025": 0, "POP2050": 0, "MIN_ZOOM": 6.0, "WIKIDATAID": "Q1173008", "WOF_ID": 101734753, "CAPALT": 0, "NAME_EN": "Dauphin", "NAME_DE": "Dauphin", "NAME_ES": "Dauphin", "NAME_FR": "Dauphin", "NAME_PT": "Dauphin", "NAME_RU": "Дофин", "NAME_ZH": "多芬", "LABEL": null, "NAME_AR": "دوفان", "NAME_BN": "ডুপিন", "NAME_EL": "Ντωφέν", "NAME_HI": "दौफिन", "NAME_HU": "Dauphin", "NAME_ID": "Dauphin", "NAME_IT": "Dauphin", "NAME_JA": "ドーファン", "NAME_KO": "도핀", "NAME_NL": "Dauphin", "NAME_PL": "Dauphin", "NAME_SV": "Dauphin", "NAME_TR": "Dauphin", "NAME_VI": "Dauphin", "NE_ID": 1159148833, "NAME_FA": "دافین", "NAME_HE": "דאופין", "NAME_UK": "Дофін", "NAME_UR": "ڈافن", "NAME_ZHT": "多芬", "GEONAMESID": 5935341, "FCLASS_ISO": null, "FCLASS_US": null, "FCLASS_FR": null, "FCLASS_RU": null, "FCLASS_ES": null, "FCLASS_CN": null, "FCLASS_TW": null, "FCLASS_IN": null, "FCLASS_NP": null, "FCLASS_PK": null, "FCLASS_DE": null, "FCLASS_GB": null, "FCLASS_BR": null, "FCLASS_IL": null, "FCLASS_PS": null, "FCLASS_SA": null, "FCLASS_EG": null, "FCLASS_MA": null, "FCLASS_PT": null, "FCLASS_AR": null, "FCLASS_JP": null, "FCLASS_KO": null, "FCLASS_VN": null, "FCLASS_TR": null, "FCLASS_ID": null, "FCLASS_PL": null, "FCLASS_GR": null, "FCLASS_IT": null, "FCLASS_NL": null, "FCLASS_SE": null, "FCLASS_BD": null, "FCLASS_UA": null, "FCLASS_TLC": null }, "geometry": { "type": "Point", "coordinates": [ -100.0499502, 51.1500161 ] } },
{ "type": "Feature", "properties": { "SCALERANK": 6, "NATSCALE": 30, "LABELRANK": 2, "FEATURECLA": "Populated place", "NAME": "The Pas", "NAMEPAR": null, "NAMEALT": null, "NAMEASCII": "The Pas", "ADM0CAP": 0, "CAPIN": null, "WORLDCITY": 0, "MEGACITY": 0, "SOV0NAME": "Canada", "SOV_A3": "CAN", "ADM0NAME": "Canada", "ADM0_A3": "CAN", "ADM1NAME": "Manitoba", "ISO_A2": "CA", "NOTE": null, "LATITUDE": 53.816623, "LONGITUDE": -101.233315, "POP_MAX": 6055, "POP_MIN": 3802, "POP_OTHER": 0, "RANK_MAX": 5, "RANK_MIN": 4, "MEGANAME": null, "LS_NAME": "The Pas", "MAX_POP10": 3802, "MAX_POP20": 3802, "MAX_POP50": 0, "MAX_POP300": 0, "MAX_POP310": 0, "MAX_NATSCA": 20, "MIN_AREAKM": 7, "MAX_AREAKM": 7, "MIN_AREAMI": 3, "MAX_AREAMI": 3, "MIN_PERKM": 15, "MAX_PERKM": 15, "MIN_PERMI": 9, "MAX_PERMI": 9, "MIN_BBXMIN": -101.275, "MAX_BBXMIN": -101.275, "MIN_BBXMAX": -101.233333, "MAX_BBXMAX": -101.233333, "MIN_BBYMIN": 53.8, "MAX_BBYMIN": 53.8, "MIN_BBYMAX": 53.841667, "MAX_BBYMAX": 53.841667, "MEAN_BBXC": -101.250595, "MEAN_BBYC": 53.820833, "TIMEZONE": "America/Regina", "UN_FID": 0, "POP1950": 0, "POP1955": 0, "POP1960": 0, "POP1965": 0, "POP1970": 0, "POP1975": 0, "POP1980": 0, "POP1985": 0, "POP1990": 0, "POP1995": 0, "POP2000": 0, "POP2005": 0, "POP2010": 0, "POP2015": 0, "POP2020": 0, "POP2025": 0, "POP2050": 0, "MIN_ZOOM": 6.0, "WIKIDATAID": "Q61422", "WOF_ID": 101734715, "CAPALT": 0, "NAME_EN": "The Pas", "NAME_DE": "The Pas", "NAME_ES": "The Pas", "NAME_FR": "Le Pas", "NAME_PT": "The Pas", "NAME_RU": "Де-Па", "NAME_ZH": "帕斯（加拿大）", "LABEL": null, "NAME_AR": "ذا باس", "NAME_BN": "দ্য পাস", "NAME_EL": "Δε Πας", "NAME_HI": "द पास", "NAME_HU": "The Pas", "NAME_ID": "The Pas", "NAME_IT": "The Pas", "NAME_JA": "ザ・パス", "NAME_KO": "더 패스", "NAME_NL": "The Pas", "NAME_PL": "The Pas", "NAME_SV": "The Pas", "NAME_TR": "The Pas", "NAME_VI": "The Pas", "NE_ID": 1159148837, "NAME_FA": "لو په", "NAME_HE": "דה פאס", "NAME_UK": "Де-Па", "NAME_UR": "دی پاس", "NAME_ZHT": "帕斯（加拿大）", "GEONAMESID": 6164499, "FCLASS_ISO": null, "FCLASS_US": null, "FCLASS_FR": null, "FCLASS_RU": null, "FCLASS_ES": null, "FCLASS_CN": null, "FCLASS_TW": null, "FCLASS_IN": null, "FCLASS_NP": null, "FCLASS_PK": null, "FCLASS_DE": null, "FCLASS_GB": null, "FCLASS_BR": null, "FCLASS_IL": null, "FCLASS_PS": null, "FCLASS_SA": null, "FCLASS_EG": null, "FCLASS_MA": null, "FCLASS_PT": null, "FCLASS_AR": null, "FCLASS_JP": null, "FCLASS_KO": null, "FCLASS_VN": null, "FCLASS_TR": null, "FCLASS_ID": null, "FCLASS_PL": null, "FCLASS_GR": null, "FCLASS_IT": null, "FCLASS_NL": null, "FCLASS_SE": null, "FCLASS_BD": null, "FCLASS_UA": null, "FCLASS_TLC": null }, "geometry": { "type": "Point", "coordinates": [ -101.2333147, 53.8166234 ] } },
{ "type": "Feature", "properties": { "SCALERANK": 6, "NATSCALE": 30, "LABELRANK": 2, "FEATURECLA": "Populated place", "NAME": "Uranium City", "NAMEPAR": null, "NAMEALT": null, "NAMEASCII": "Uranium City", "ADM0CAP": 0, "CAPIN": null, "WORLDCITY": 0, "MEGACITY": 0, "SOV0NAME": "Canada", "SOV_A3": "CAN", "ADM0NAME": "Canada", "ADM0_A3": "CAN", "ADM1NAME": "Saskatchewan", "ISO_A2": "CA", "NOTE": null, "LATITUDE": 59.566557, "LONGITUDE": -108.616585, "POP_MAX": 89, "POP_MIN": 89, "POP_OTHER": 0, "RANK_MAX": 1, "RANK_MIN": 1, "MEGANAME": null, "LS_NAME": "Uranium City", "MAX_POP10": 0, "MAX_POP20": 0, "MAX_POP50": 0, "MAX_POP300": 0, "MAX_POP310": 0, "MAX_NATSCA": 0, "MIN_AREAKM": 0, "MAX_AREAKM": 0, "MIN_AREAMI": 0, "MAX_AREAMI": 0, "MIN_PERKM": 0, "MAX_PERKM": 0, "MIN_PERMI": 0, "MAX_PERMI": 0, "MIN_BBXMIN": 0.0, "MAX_BBXMIN": 0.0, "MIN_BBXMAX": 0.0, "MAX_BBXMAX": 0.0, "MIN_BBYMIN": 0.0, "MAX_BBYMIN": 0.0, "MIN_BBYMAX": 0.0, "MAX_BBYMAX": 0.0, "MEAN_BBXC": 0.0, "MEAN_BBYC": 0.0, "TIMEZONE": null, "UN_FID": 0, "POP1950": 0, "POP1955": 0, "POP1960": 0, "POP1965": 0, "POP1970": 0, "POP1975": 0, "POP1980": 0, "POP1985": 0, "POP1990": 0, "POP1995": 0, "POP2000": 0, "POP2005": 0, "POP2010": 0, "POP2015": 0, "POP2020": 0, "POP2025": 0, "POP2050": 0, "MIN_ZOOM": 6.0, "WIKIDATAID": "Q2141879", "WOF_ID": 1141909025, "CAPALT": 0, "NAME_EN": "Uranium City", "NAME_DE": "Uranium City", "NAME_ES": "Uranium City", "NAME_FR": "Uranium City", "NAME_PT": "Uranium City", "NAME_RU": "Ераниум-Сити", "NAME_ZH": "铀城", "LABEL": null, "NAME_AR": "مدينة اليورانيوم", "NAME_BN": "ইউরেনিয়াম সিটি", "NAME_EL": "Γιουρένιουμ Σίτι", "NAME_HI": "युरेनीयम सिटी", "NAME_HU": "Uranium City", "NAME_ID": "Uranium City", "NAME_IT": "Uranium City", "NAME_JA": "ウラニウム・シティ", "NAME_KO": "우라늄 시티", "NAME_NL": "Uranium City", "NAME_PL": "Uranium City", "NAME_SV": "Uranium City", "NAME_TR": "Uranium City", "NAME_VI": "Thành phố Uranium", "NE_ID": 1159148839, "NAME_FA": "اورانیوم سیتی", "NAME_HE": "אורניום סיטי", "NAME_UK": "Ераніум-Сіті", "NAME_UR": "یورینیم سٹی", "NAME_ZHT": "鈾城", "GEONAMESID": 6172763, "FCLASS_ISO": null, "FCLASS_US": null, "FCLASS_FR": null, "FCLASS_RU": null, "FCLASS_ES": null, "FCLASS_CN": null, "FCLASS_TW": null, "FCLASS_IN": null, "FCLASS_NP": null, "FCLASS_PK": null, "FCLASS_DE": null, "FCLASS_GB": null, "FCLASS_BR": null, "FCLASS_IL": null, "FCLASS_PS": null, "FCLASS_SA": null, "FCLASS_EG": null, "FCLASS_MA": null, "FCLASS_PT": null, "FCLASS_AR": null, "FCLASS_JP": null, "FCLASS_KO": null, "FCLASS_VN": null, "FCLASS_TR": null, "FCLASS_ID": null, "FCLASS_PL": null, "FCLASS_GR": null, "FCLASS_IT": null, "FCLASS_NL": null, "FCLASS_SE": null, "FCLASS_BD": null, "FCLASS_UA": null, "FCLASS_TLC": null }, "geometry": { "type": "Point", "coordinates": [ -108.6165849, 59.5665566 ] } },
{ "type": "Feature", "properties": { "SCALERANK": 6, "NATSCALE": 30, "LABELRANK": 2, "FEATURECLA": "Populated place", "NAME": "Moose Jaw", "NAMEPAR": null, "NAMEALT": null, "NAMEASCII": "Moose Jaw", "ADM0CAP": 0, "CAPIN": null, "WORLDCITY": 0, "MEGACITY": 0, "SOV0NAME": "Canada", "SOV_A3": "CAN", "ADM0NAME": "Canada", "ADM0_A3": "CAN", "ADM1NAME": "Saskatchewan", "ISO_A2": "CA", "NOTE": null, "LATITUDE": 50.399984, "LONGITUDE": -105.550002, "POP_MAX": 32166, "POP_MIN": 30707, "POP_OTHER": 30315, "RANK_MAX": 7, "RANK_MIN": 7, "MEGANAME": null, "LS_NAME": "Moose Jaw", "MAX_POP10": 30707, "MAX_POP20": 30707, "MAX_POP50": 0, "MAX_POP300": 0, "MAX_POP310": 0, "MAX_NATSCA": 20, "MIN_AREAKM": 24, "MAX_AREAKM": 24, "MIN_AREAMI": 9, "MAX_AREAMI": 9, "MIN_PERKM": 34, "MAX_PERKM": 34, "MIN_PERMI": 21, "MAX_PERMI": 21, "MIN_BBXMIN": -105.591667, "MAX_BBXMIN": -105.591667, "MIN_BBXMAX": -105.5, "MAX_BBXMAX": -105.5, "MIN_BBYMIN": 50.366667, "MAX_BBYMIN": 50.366667, "MIN_BBYMAX": 50.425, "MAX_BBYMAX": 50.425, "MEAN_BBXC": -105.546415, "MEAN_BBYC": 50.394477, "TIMEZONE": "America/Regina", "UN_FID": 0, "POP1950": 0, "POP1955": 0, "POP1960": 0, "POP1965": 0, "POP1970": 0, "POP1975": 0, "POP1980": 0, "POP1985": 0, "POP1990": 0, "POP1995": 0, "POP2000": 0, "POP2005": 0, "POP2010": 0, "POP2015": 0, "POP2020": 0, "POP2025": 0, "POP2050": 0, "MIN_ZOOM": 6.0, "WIKIDATAID": "Q1019496", "WOF_ID": 101739949, "CAPALT": 0, "NAME_EN": "Moose Jaw", "NAME_DE": "Moose Jaw", "NAME_ES": "Moose Jaw", "NAME_FR": "Moose Jaw", "NAME_PT": "Moose Jaw", "NAME_RU": "Мус-Джо", "NAME_ZH": "穆斯乔", "LABEL": null, "NAME_AR": "موسجاو", "NAME_BN": "মোস জো", "NAME_EL": "Μους Τζόου", "NAME_HI": "मूज़ जौ", "NAME_HU": "Moose Jaw", "NAME_ID": "Moose Jaw", "NAME_IT": "Moose Jaw", "NAME_JA": "ムースジョー", "NAME_KO": "무스조", "NAME_NL": "Moose Jaw", "NAME_PL": "Moose Jaw", "NAME_SV": "Moose Jaw", "NAME_TR": "Moose Jaw", "NAME_VI": "Moose Jaw", "NE_ID": 1159148841, "NAME_FA": "موس جاو", "NAME_HE": "מוס ג'ו", "NAME_UK": "Мус-Джо", "NAME_UR": "موسی جاو", "NAME_ZHT": "穆斯喬", "GEONAMESID": 6078112, "FCLASS_ISO": null, "FCLASS_US": null, "FCLASS_FR": null, "FCLASS_RU": null, "FCLASS_ES": null, "FCLASS_CN": null, "FCLASS_TW": null, "FCLASS_IN": null, "FCLASS_NP": null, "FCLASS_PK": null, "FCLASS_DE": null, "FCLASS_GB": null, "FCLASS_BR": null, "FCLASS_IL": null, "FCLASS_PS": null, "FCLASS_SA": null, "FCLASS_EG": null, "FCLASS_MA": null, "FCLASS_PT": null, "FCLASS_AR": null, "FCLASS_JP": null, "FCLASS_KO": null, "FCLASS_VN": null, "FCLASS_TR": null, "FCLASS_ID": null, "FCLASS_PL": null, "FCLASS_GR": null, "FCLASS_IT": null, "FCLASS_NL": null, "FCLASS_SE": null, "FCLASS_BD": null, "FCLASS_UA": null, "FCLASS_TLC": null }, "geometry": { "type": "Point", "coordinates": [ -105.5500021, 50.3999844 ] } },
{ "type": "Feature", "properties": { "SCALERANK": 6, "NATSCALE": 30, "LABELRANK": 2, "FEATURECLA": "Populated place", "NAME": "Jasper", "NAMEPAR": null, "NAMEALT": null, "NAMEASCII": "Jasper", "ADM0CAP": 0, "CAPIN": null, "WORLDCITY": 0, "MEGACITY": 0, "SOV0NAME": "Canada", "SOV_A3": "CAN", "ADM0NAME": "Canada", "ADM0_A3": "CAN", "ADM1NAME": "Alberta", "ISO_A2": "CA", "NOTE": null, "LATITUDE": 52.883321, "LONGITUDE": -118.083371, "POP_MAX": 3907, "POP_MIN": 3102, "POP_OTHER": 0, "RANK_MAX": 4, "RANK_MIN": 4, "MEGANAME": null, "LS_NAME": "Jasper", "MAX_POP10": 3102, "MAX_POP20": 3102, "MAX_POP50": 0, "MAX_POP300": 0, "MAX_POP310": 0, "MAX_NATSCA": 20, "MIN_AREAKM": 3, "MAX_AREAKM": 3, "MIN_AREAMI": 1, "MAX_AREAMI": 1, "MIN_PERKM": 9, "MAX_PERKM": 9, "MIN_PERMI": 6, "MAX_PERMI": 6, "MIN_BBXMIN": -118.1, "MAX_BBXMIN": -118.1, "MIN_BBXMAX": -118.075, "MAX_BBXMAX": -118.075, "MIN_BBYMIN": 52.866667, "MAX_BBYMIN": 52.866667, "MIN_BBYMAX": 52.891667, "MAX_BBYMAX": 52.891667, "MEAN_BBXC": -118.084722, "MEAN_BBYC": 52.876389, "TIMEZONE": "America/Edmonton", "UN_FID": 0, "POP1950": 0, "POP1955": 0, "POP1960": 0, "POP1965": 0, "POP1970": 0, "POP1975": 0, "POP1980": 0, "POP1985": 0, "POP1990": 0, "POP1995": 0, "POP2000": 0, "POP2005": 0, "POP2010": 0, "POP2015": 0, "POP2020": 0, "POP2025": 0, "POP2050": 0, "MIN_ZOOM": 6.0, "WIKIDATAID": "Q999429", "WOF_ID": 890456321, "CAPALT": 0, "NAME_EN": "Jasper", "NAME_DE": "Jasper", "NAME_ES": "Jasper", "NAME_FR": "Jasper", "NAME_PT": "Jasper", "NAME_RU": "Джаспер", "NAME_ZH": "贾斯珀", "LABEL": null, "NAME_AR": "جاسبر", "NAME_BN": "জ্যাস্পার", "NAME_EL": "Τζάσπερ", "NAME_HI": "जैस्पर", "NAME_HU": "Jasper", "NAME_ID": "Jasper", "NAME_IT": "Jasper", "NAME_JA": "ジャスパー", "NAME_KO": "재스퍼", "NAME_NL": "Jasper", "NAME_PL": "Jasper", "NAME_SV": "Jasper", "NAME_TR": "Jasper", "NAME_VI": "Jasper", "NE_ID": 1159148843, "NAME_FA": "جاسپر", "NAME_HE": "ג'ספר", "NAME_UK": "Джаспер", "NAME_UR": "جسپر", "NAME_ZHT": "賈斯珀", "GEONAMESID": 5985934, "FCLASS_ISO": null, "FCLASS_US": null, "FCLASS_FR": null, "FCLASS_RU": null, "FCLASS_ES": null, "FCLASS_CN": null, "FCLASS_TW": null, "FCLASS_IN": null, "FCLASS_NP": null, "FCLASS_PK": null, "FCLASS_DE": null, "FCLASS_GB": null, "FCLASS_BR": null, "FCLASS_IL": null, "FCLASS_PS": null, "FCLASS_SA": null, "FCLASS_EG": null, "FCLASS_MA": null, "FCLASS_PT": null, "FCLASS_AR": null, "FCLASS_JP": null, "FCLASS_KO": null, "FCLASS_VN": null, "FCLASS_TR": null, "FCLASS_ID": null, "FCLASS_PL": null, "FCLASS_GR": null, "FCLASS_IT": null, "FCLASS_NL": null, "FCLASS_SE": null, "FCLASS_BD": null, "FCLASS_UA": null, "FCLASS_TLC": null }, "geometry": { "type": "Point", "coordinates": [ -118.0833714, 52.8833211 ] } },
{ "type": "Feature", "properties": { "SCALERANK": 6, "NATSCALE": 30, "LABELRANK": 2, "FEATURECLA": "Populated place", "NAME": "Medicine Hat", "NAMEPAR": null, "NAMEALT": null, "NAMEASCII": "Medicine Hat", "ADM0CAP": 0, "CAPIN": null, "WORLDCITY": 0, "MEGACITY": 0, "SOV0NAME": "Canada", "SOV_A3": "CAN", "ADM0NAME": "Canada", "ADM0_A3": "CAN", "ADM1NAME": "Alberta", "ISO_A2": "CA", "NOTE": null, "LATITUDE": 50.033314, "LONGITUDE": -110.683332, "POP_MAX": 63138, "POP_MIN": 53626, "POP_OTHER": 52562, "RANK_MAX": 8, "RANK_MIN": 8, "MEGANAME": null, "LS_NAME": "Medicine Hat", "MAX_POP10": 53626, "MAX_POP20": 53626, "MAX_POP50": 0, "MAX_POP300": 0, "MAX_POP310": 0, "MAX_NATSCA": 20, "MIN_AREAKM": 40, "MAX_AREAKM": 40, "MIN_AREAMI": 16, "MAX_AREAMI": 16, "MIN_PERKM": 43, "MAX_PERKM": 43, "MIN_PERMI": 27, "MAX_PERMI": 27, "MIN_BBXMIN": -110.733333, "MAX_BBXMIN": -110.733333, "MIN_BBXMAX": -110.616667, "MAX_BBXMAX": -110.616667, "MIN_BBYMIN": 49.991667, "MAX_BBYMIN": 49.991667, "MIN_BBYMAX": 50.066667, "MAX_BBYMAX": 50.066667, "MEAN_BBXC": -110.675171, "MEAN_BBYC": 50.026998, "TIMEZONE": "America/Edmonton", "UN_FID": 0, "POP1950": 0, "POP1955": 0, "POP1960": 0, "POP1965": 0, "POP1970": 0, "POP1975": 0, "POP1980": 0, "POP1985": 0, "POP1990": 0, "POP1995": 0, "POP2000": 0, "POP2005": 0, "POP2010": 0, "POP2015": 0, "POP2020": 0, "POP2025": 0, "POP2050": 0, "MIN_ZOOM": 6.0, "WIKIDATAID": "Q368241", "WOF_ID": 890456255, "CAPALT": 0, "NAME_EN": "Medicine Hat", "NAME_DE": "Medicine Hat", "NAME_ES": "Medicine Hat", "NAME_FR": "Medicine Hat", "NAME_PT": "Medicine Hat", "NAME_RU": "Медисин-Хат", "NAME_ZH": "梅迪辛哈特", "LABEL": null, "NAME_AR": "مدسين هات", "NAME_BN": "মেডিসিন হাট", "NAME_EL": "Μέντισιν Χατ", "NAME_HI": "मेडिसिन हैट", "NAME_HU": "Medicine Hat", "NAME_ID": "Medicine Hat", "NAME_IT": "Medicine Hat", "NAME_JA": "メディシンハット", "NAME_KO": "메디신햇", "NAME_NL": "Medicine Hat", "NAME_PL": "Medicine Hat", "NAME_SV": "Medicine Hat", "NAME_TR": "Medicine Hat", "NAME_VI": "Medicine Hat", "NE_ID": 1159148845, "NAME_FA": "مدیسین هت", "NAME_HE": "מדיסין הט", "NAME_UK": "Медисин-Гет", "NAME_UR": "میڈیسن ہیٹ", "NAME_ZHT": "梅迪辛哈特", "GEONAMESID": 6071618, "FCLASS_ISO": null, "FCLASS_US": null, "FCLASS_FR": null, "FCLASS_RU": null, "FCLASS_ES": null, "FCLASS_CN": null, "FCLASS_TW": null, "FCLASS_IN": null, "FCLASS_NP": null, "FCLASS_PK": null, "FCLASS_DE": null, "FCLASS_GB": null, "FCLASS_BR": null, "FCLASS_IL": null, "FCLASS_PS": null, "FCLASS_SA": null, "FCLASS_EG": null, "FCLASS_MA": null, "FCLASS_PT": null, "FCLASS_AR": null, "FCLASS_JP": null, "FCLASS_KO": null, "FCLASS_VN": null, "FCLASS_TR": null, "FCLASS_ID": null, "FCLASS_PL": null, "FCLASS_GR": null, "FCLASS_IT": null, "FCLASS_NL": null, "FCLASS_SE": null, "FCLASS_BD": null, "FCLASS_UA": null, "FCLASS_TLC": null }, "geometry": { "type": "Point", "coordinates": [ -110.6833322, 50.0333142 ] } },
{ "type": "Feature", "properties": { "SCALERANK": 6, "NATSCALE": 30, "LABELRANK": 2, "FEATURECLA": "Populated place", "NAME": "Red Deer", "NAMEPAR": null, "NAMEALT": null, "NAMEASCII": "Red Deer", "ADM0CAP": 0, "CAPIN": null, "WORLDCITY": 0, "MEGACITY": 0, "SOV0NAME": "Canada", "SOV_A3": "CAN", "ADM0NAME": "Canada", "ADM0_A3": "CAN", "ADM1NAME": "Alberta", "ISO_A2": "CA", "NOTE": null, "LATITUDE": 52.26664, "LONGITUDE": -113.800041, "POP_MAX": 74857, "POP_MIN": 73593, "POP_OTHER": 74591, "RANK_MAX": 8, "RANK_MIN": 8, "MEGANAME": null, "LS_NAME": "Red Deer", "MAX_POP10": 74857, "MAX_POP20": 74857, "MAX_POP50": 0, "MAX_POP300": 0, "MAX_POP310": 0, "MAX_NATSCA": 20, "MIN_AREAKM": 37, "MAX_AREAKM": 37, "MIN_AREAMI": 14, "MAX_AREAMI": 14, "MIN_PERKM": 35, "MAX_PERKM": 35, "MIN_PERMI": 22, "MAX_PERMI": 22, "MIN_BBXMIN": -113.85, "MAX_BBXMIN": -113.85, "MIN_BBXMAX": -113.75, "MAX_BBXMAX": -113.75, "MIN_BBYMIN": 52.225, "MAX_BBYMIN": 52.225, "MIN_BBYMAX": 52.316667, "MAX_BBYMAX": 52.316667, "MEAN_BBXC": -113.807262, "MEAN_BBYC": 52.270595, "TIMEZONE": "America/Edmonton", "UN_FID": 0, "POP1950": 0, "POP1955": 0, "POP1960": 0, "POP1965": 0, "POP1970": 0, "POP1975": 0, "POP1980": 0, "POP1985": 0, "POP1990": 0, "POP1995": 0, "POP2000": 0, "POP2005": 0, "POP2010": 0, "POP2015": 0, "POP2020": 0, "POP2025": 0, "POP2050": 0, "MIN_ZOOM": 6.0, "WIKIDATAID": "Q23025", "WOF_ID": 890457071, "CAPALT": 0, "NAME_EN": "Red Deer", "NAME_DE": "Red Deer", "NAME_ES": "Red Deer", "NAME_FR": "Red Deer", "NAME_PT": "Red Deer", "NAME_RU": "Ред-Дир", "NAME_ZH": "红鹿", "LABEL": null, "NAME_AR": "رد دير", "NAME_BN": "রেড ডিয়ার", "NAME_EL": "Ρεντ Ντιρ", "NAME_HI": "रेड डियर", "NAME_HU": "Red Deer", "NAME_ID": "Red Deer", "NAME_IT": "Red Deer", "NAME_JA": "レッドディア", "NAME_KO": "레드디어", "NAME_NL": "Red Deer", "NAME_PL": "Red Deer", "NAME_SV": "Red Deer", "NAME_TR": "Red Deer", "NAME_VI": "Red Deer", "NE_ID": 1159148847, "NAME_FA": "رد دیر", "NAME_HE": "רד דיר", "NAME_UK": "Ред-Дір", "NAME_UR": "ریڈ ڈئیر", "NAME_ZHT": "红鹿市", "GEONAMESID": 6118158, "FCLASS_ISO": null, "FCLASS_US": null, "FCLASS_FR": null, "FCLASS_RU": null, "FCLASS_ES": null, "FCLASS_CN": null, "FCLASS_TW": null, "FCLASS_IN": null, "FCLASS_NP": null, "FCLASS_PK": null, "FCLASS_DE": null, "FCLASS_GB": null, "FCLASS_BR": null, "FCLASS_IL": null, "FCLASS_PS": null, "FCLASS_SA": null, "FCLASS_EG": null, "FCLASS_MA": null, "FCLASS_PT": null, "FCLASS_AR": null, "FCLASS_JP": null, "FCLASS_KO": null, "FCLASS_VN": null, "FCLASS_TR": null, "FCLASS_ID": null, "FCLASS_PL": null, "FCLASS_GR": null, "FCLASS_IT": null, "FCLASS_NL": null, "FCLASS_SE": null, "FCLASS_BD": null, "FCLASS_UA": null, "FCLASS_TLC": null }, "geometry": { "type": "Point", "coordinates": [ -113.8000411, 52.2666404 ] } },
{ "type": "Feature", "properties": { "SCALERANK": 6, "NATSCALE": 30, "LABELRANK": 2, "FEATURECLA": "Populated place", "NAME": "Banff", "NAMEPAR": null, "NAMEALT": null, "NAMEASCII": "Banff", "ADM0CAP": 0, "CAPIN": null, "WORLDCITY": 0, "MEGACITY": 0, "SOV0NAME": "Canada", "SOV_A3": "CAN", "ADM0NAME": "Canada", "ADM0_A3": "CAN", "ADM1NAME": "Alberta", "ISO_A2": "CA", "NOTE": null, "LATITUDE": 51.177999, "LONGITUDE": -115.571923, "POP_MAX": 7502, "POP_MIN": 6292, "POP_OTHER": 0, "RANK_MAX": 5, "RANK_MIN": 5, "MEGANAME": null, "LS_NAME": "Banff", "MAX_POP10": 6292, "MAX_POP20": 6292, "MAX_POP50": 0, "MAX_POP300": 0, "MAX_POP310": 0, "MAX_NATSCA": 20, "MIN_AREAKM": 1, "MAX_AREAKM": 1, "MIN_AREAMI": 0, "MAX_AREAMI": 0, "MIN_PERKM": 3, "MAX_PERKM": 3, "MIN_PERMI": 2, "MAX_PERMI": 2, "MIN_BBXMIN": -115.575, "MAX_BBXMIN": -115.575, "MIN_BBXMAX": -115.566667, "MAX_BBXMAX": -115.566667, "MIN_BBYMIN": 51.175, "MAX_BBYMIN": 51.175, "MIN_BBYMAX": 51.183333, "MAX_BBYMAX": 51.183333, "MEAN_BBXC": -115.570833, "MEAN_BBYC": 51.179167, "TIMEZONE": "America/Edmonton", "UN_FID": 0, "POP1950": 0, "POP1955": 0, "POP1960": 0, "POP1965": 0, "POP1970": 0, "POP1975": 0, "POP1980": 0, "POP1985": 0, "POP1990": 0, "POP1995": 0, "POP2000": 0, "POP2005": 0, "POP2010": 0, "POP2015": 0, "POP2020": 0, "POP2025": 0, "POP2050": 0, "MIN_ZOOM": 6.0, "WIKIDATAID": "Q58337", "WOF_ID": 890458667, "CAPALT": 0, "NAME_EN": "Banff", "NAME_DE": "Banff", "NAME_ES": "Banff", "NAME_FR": "Banff", "NAME_PT": "Banff", "NAME_RU": "Банф", "NAME_ZH": "班夫", "LABEL": null, "NAME_AR": "بانف", "NAME_BN": "ব্যানফ", "NAME_EL": "Μπανφ", "NAME_HI": "बैन्फ़", "NAME_HU": "Banff", "NAME_ID": "Banff", "NAME_IT": "Banff", "NAME_JA": "バンフ", "NAME_KO": "밴프", "NAME_NL": "Banff", "NAME_PL": "Banff", "NAME_SV": "Banff", "NAME_TR": "Banff", "NAME_VI": "Banff", "NE_ID": 1159148849, "NAME_FA": "بنف", "NAME_HE": "באנף", "NAME_UK": "Банфф", "NAME_UR": "بینف", "NAME_ZHT": "班夫", "GEONAMESID": 5892532, "FCLASS_ISO": null, "FCLASS_US": null, "FCLASS_FR": null, "FCLASS_RU": null, "FCLASS_ES": null, "FCLASS_CN": null, "FCLASS_TW": null, "FCLASS_IN": null, "FCLASS_NP": null, "FCLASS_PK": null, "FCLASS_DE": null, "FCLASS_GB": null, "FCLASS_BR": null, "FCLASS_IL": null, "FCLASS_PS": null, "FCLASS_SA": null, "FCLASS_EG": null, "FCLASS_MA": null, "FCLASS_PT": null, "FCLASS_AR": null, "FCLASS_JP": null, "FCLASS_KO": null, "FCLASS_VN": null, "FCLASS_TR": null, "FCLASS_ID": null, "FCLASS_PL": null, "FCLASS_GR": null, "FCLASS_IT": null, "FCLASS_NL": null, "FCLASS_SE": null, "FCLASS_BD": null, "FCLASS_UA": null, "FCLASS_TLC": null }, "geometry": { "type": "Point", "coordinates": [ -115.5719226, 51.1779989 ] } },
{ "type": "Feature", "properties": { "SCALERANK": 6, "NATSCALE": 30, "LABELRANK": 2, "FEATURECLA": "Populated place", "NAME": "Grand Prairie", "NAMEPAR": null, "NAMEALT": null, "NAMEASCII": "Grand Prairie", "ADM0CAP": 0, "CAPIN": null, "WORLDCITY": 0, "MEGACITY": 0, "SOV0NAME": "Canada", "SOV_A3": "CAN", "ADM0NAME": "Canada", "ADM0_A3": "CAN", "ADM1NAME": "Alberta", "ISO_A2": "CA", "NOTE": null, "LATITUDE": 55.166644, "LONGITUDE": -118.799994, "POP_MAX": 41462, "POP_MIN": 40845, "POP_OTHER": 849505, "RANK_MAX": 7, "RANK_MIN": 7, "MEGANAME": null, "LS_NAME": "Grand Prairie2", "MAX_POP10": 40845, "MAX_POP20": 40845, "MAX_POP50": 0, "MAX_POP300": 0, "MAX_POP310": 0, "MAX_NATSCA": 20, "MIN_AREAKM": 33, "MAX_AREAKM": 33, "MIN_AREAMI": 13, "MAX_AREAMI": 13, "MIN_PERKM": 42, "MAX_PERKM": 42, "MIN_PERMI": 26, "MAX_PERMI": 26, "MIN_BBXMIN": -118.85, "MAX_BBXMIN": -118.85, "MIN_BBXMAX": -118.758333, "MAX_BBXMAX": -118.758333, "MIN_BBYMIN": 55.108333, "MAX_BBYMIN": 55.108333, "MIN_BBYMAX": 55.216667, "MAX_BBYMAX": 55.216667, "MEAN_BBXC": -118.794949, "MEAN_BBYC": 55.163889, "TIMEZONE": "America/Edmonton", "UN_FID": 0, "POP1950": 0, "POP1955": 0, "POP1960": 0, "POP1965": 0, "POP1970": 0, "POP1975": 0, "POP1980": 0, "POP1985": 0, "POP1990": 0, "POP1995": 0, "POP2000": 0, "POP2005": 0, "POP2010": 0, "POP2015": 0, "POP2020": 0, "POP2025": 0, "POP2050": 0, "MIN_ZOOM": 6.0, "WIKIDATAID": "Q642900", "WOF_ID": 890458665, "CAPALT": 0, "NAME_EN": "Grande Prairie", "NAME_DE": "Grande Prairie", "NAME_ES": "Grande Prairie", "NAME_FR": "Grande Prairie", "NAME_PT": "Grande Prairie", "NAME_RU": "Гранд-Прери", "NAME_ZH": "大草原城", "LABEL": null, "NAME_AR": "غراند براري", "NAME_BN": "গ্রান্ডে প্রেইরি", "NAME_EL": "Γκραντ Πραίρι", "NAME_HI": "ग्रैंडे प्रेरी", "NAME_HU": "Grand Prairie", "NAME_ID": "Grande Prairie", "NAME_IT": "Grande Prairie", "NAME_JA": "グランドプレーリー", "NAME_KO": "그랜디프레리", "NAME_NL": "Grande Prairie", "NAME_PL": "Grande Prairie", "NAME_SV": "Grande Prairie", "NAME_TR": "Grande Prairie", "NAME_VI": "Grande Prairie", "NE_ID": 1159148851, "NAME_FA": "گرند پریری", "NAME_HE": "גרנד פריירי", "NAME_UK": "Ґранд-Прері", "NAME_UR": "گرینڈ پریری", "NAME_ZHT": "大草原城", "GEONAMESID": 5964347, "FCLASS_ISO": null, "FCLASS_US": null, "FCLASS_FR": null, "FCLASS_RU": null, "FCLASS_ES": null, "FCLASS_CN": null, "FCLASS_TW": null, "FCLASS_IN": null, "FCLASS_NP": null, "FCLASS_PK": null, "FCLASS_DE": null, "FCLASS_GB": null, "FCLASS_BR": null, "FCLASS_IL": null, "FCLASS_PS": null, "FCLASS_SA": null, "FCLASS_EG": null, "FCLASS_MA": null, "FCLASS_PT": null, "FCLASS_AR": null, "FCLASS_JP": null, "FCLASS_KO": null, "FCLASS_VN": null, "FCLASS_TR": null, "FCLASS_ID": null, "FCLASS_PL": null, "FCLASS_GR": null, "FCLASS_IT": null, "FCLASS_NL": null, "FCLASS_SE": null, "FCLASS_BD": null, "FCLASS_UA": null, "FCLASS_TLC": null }, "geometry": { "type": "Point", "coordinates": [ -118.7999943, 55.1666443 ] } },
{ "type": "Feature", "properties": { "SCALERANK": 6, "NATSCALE": 30, "LABELRANK": 2, "FEATURECLA": "Populated place", "NAME": "Smithers", "NAMEPAR": null, "NAMEALT": null, "NAMEASCII": "Smithers", "ADM0CAP": 0, "CAPIN": null, "WORLDCITY": 0, "MEGACITY": 0, "SOV0NAME": "Canada", "SOV_A3": "CAN", "ADM0NAME": "Canada", "ADM0_A3": "CAN", "ADM1NAME": "British Columbia", "ISO_A2": "CA", "NOTE": null, "LATITUDE": 54.766591, "LONGITUDE": -127.16659, "POP_MAX": 6245, "POP_MIN": 5438, "POP_OTHER": 0, "RANK_MAX": 5, "RANK_MIN": 5, "MEGANAME": null, "LS_NAME": "Smithers", "MAX_POP10": 6245, "MAX_POP20": 6245, "MAX_POP50": 0, "MAX_POP300": 0, "MAX_POP310": 0, "MAX_NATSCA": 20, "MIN_AREAKM": 6, "MAX_AREAKM": 6, "MIN_AREAMI": 2, "MAX_AREAMI": 2, "MIN_PERKM": 16, "MAX_PERKM": 16, "MIN_PERMI": 10, "MAX_PERMI": 10, "MIN_BBXMIN": -127.191667, "MAX_BBXMIN": -127.191667, "MIN_BBXMAX": -127.133333, "MAX_BBXMAX": -127.133333, "MIN_BBYMIN": 54.766667, "MAX_BBYMIN": 54.766667, "MIN_BBYMAX": 54.791667, "MAX_BBYMAX": 54.791667, "MEAN_BBXC": -127.160577, "MEAN_BBYC": 54.779808, "TIMEZONE": "America/Vancouver", "UN_FID": 0, "POP1950": 0, "POP1955": 0, "POP1960": 0, "POP1965": 0, "POP1970": 0, "POP1975": 0, "POP1980": 0, "POP1985": 0, "POP1990": 0, "POP1995": 0, "POP2000": 0, "POP2005": 0, "POP2010": 0, "POP2015": 0, "POP2020": 0, "POP2025": 0, "POP2050": 0, "MIN_ZOOM": 6.0, "WIKIDATAID": "Q1009247", "WOF_ID": 101740899, "CAPALT": 0, "NAME_EN": "Smithers", "NAME_DE": "Smithers", "NAME_ES": "Smithers", "NAME_FR": "Smithers", "NAME_PT": "Smithers", "NAME_RU": "Смитерс", "NAME_ZH": "史密特斯", "LABEL": null, "NAME_AR": "سميذرز", "NAME_BN": "স্মিদারস", "NAME_EL": "Σμίθερς", "NAME_HI": "स्मिथर्स", "NAME_HU": "Smithers", "NAME_ID": "Smithers", "NAME_IT": "Smithers", "NAME_JA": "スミサーズ", "NAME_KO": "스미더스", "NAME_NL": "Smithers", "NAME_PL": "Smithers", "NAME_SV": "Smithers", "NAME_TR": "Smithers", "NAME_VI": "Smithers", "NE_ID": 1159148855, "NAME_FA": "اسمیترز", "NAME_HE": "סמיט'רס", "NAME_UK": "Смітерс", "NAME_UR": "اسمدرز", "NAME_ZHT": "史密特斯", "GEONAMESID": 6149996, "FCLASS_ISO": null, "FCLASS_US": null, "FCLASS_FR": null, "FCLASS_RU": null, "FCLASS_ES": null, "FCLASS_CN": null, "FCLASS_TW": null, "FCLASS_IN": null, "FCLASS_NP": null, "FCLASS_PK": null, "FCLASS_DE": null, "FCLASS_GB": null, "FCLASS_BR": null, "FCLASS_IL": null, "FCLASS_PS": null, "FCLASS_SA": null, "FCLASS_EG": null, "FCLASS_MA": null, "FCLASS_PT": null, "FCLASS_AR": null, "FCLASS_JP": null, "FCLASS_KO": null, "FCLASS_VN": null, "FCLASS_TR": null, "FCLASS_ID": null, "FCLASS_PL": null, "FCLASS_GR": null, "FCLASS_IT": null, "FCLASS_NL": null, "FCLASS_SE": null, "FCLASS_BD": null, "FCLASS_UA": null, "FCLASS_TLC": null }, "geometry": { "type": "Point", "coordinates": [ -127.1665896, 54.7665912 ] } },
{ "type": "Feature", "properties": { "SCALERANK": 6, "NATSCALE": 30, "LABELRANK": 2, "FEATURECLA": "Populated place", "NAME": "Kamloops", "NAMEPAR": null, "NAMEALT": null, "NAMEASCII": "Kamloops", "ADM0CAP": 0, "CAPIN": null, "WORLDCITY": 0, "MEGACITY": 0, "SOV0NAME": "Canada", "SOV_A3": "CAN", "ADM0NAME": "Canada", "ADM0_A3": "CAN", "ADM1NAME": "British Columbia", "ISO_A2": "CA", "NOTE": null, "LATITUDE": 50.666661, "LONGITUDE": -120.333286, "POP_MAX": 68714, "POP_MIN": 68628, "POP_OTHER": 60179, "RANK_MAX": 8, "RANK_MIN": 8, "MEGANAME": null, "LS_NAME": "Kamloops", "MAX_POP10": 68628, "MAX_POP20": 68628, "MAX_POP50": 0, "MAX_POP300": 0, "MAX_POP310": 0, "MAX_NATSCA": 20, "MIN_AREAKM": 53, "MAX_AREAKM": 53, "MIN_AREAMI": 20, "MAX_AREAMI": 20, "MIN_PERKM": 87, "MAX_PERKM": 87, "MIN_PERMI": 54, "MAX_PERMI": 54, "MIN_BBXMIN": -120.458333, "MAX_BBXMIN": -120.458333, "MIN_BBXMAX": -120.233333, "MAX_BBXMAX": -120.233333, "MIN_BBYMIN": 50.633333, "MAX_BBYMIN": 50.633333, "MIN_BBYMAX": 50.783333, "MAX_BBYMAX": 50.783333, "MEAN_BBXC": -120.351418, "MEAN_BBYC": 50.691538, "TIMEZONE": "America/Vancouver", "UN_FID": 0, "POP1950": 0, "POP1955": 0, "POP1960": 0, "POP1965": 0, "POP1970": 0, "POP1975": 0, "POP1980": 0, "POP1985": 0, "POP1990": 0, "POP1995": 0, "POP2000": 0, "POP2005": 0, "POP2010": 0, "POP2015": 0, "POP2020": 0, "POP2025": 0, "POP2050": 0, "MIN_ZOOM": 6.0, "WIKIDATAID": "Q473209", "WOF_ID": 101741047, "CAPALT": 0, "NAME_EN": "Kamloops", "NAME_DE": "Kamloops", "NAME_ES": "Kamloops", "NAME_FR": "Kamloops", "NAME_PT": "Kamloops", "NAME_RU": "Камлупс", "NAME_ZH": "坎卢普斯", "LABEL": null, "NAME_AR": "كاملوبس", "NAME_BN": "কামলোপ্স", "NAME_EL": "Κάμλουπς", "NAME_HI": "कमलोप्स", "NAME_HU": "Kamloops", "NAME_ID": "Kamloops", "NAME_IT": "Kamloops", "NAME_JA": "カムループス", "NAME_KO": "캠루프스", "NAME_NL": "Kamloops", "NAME_PL": "Kamloops", "NAME_SV": "Kamloops", "NAME_TR": "Kamloops", "NAME_VI": "Kamloops", "NE_ID": 1159148857, "NAME_FA": "کملوپس", "NAME_HE": "קאמלופס", "NAME_UK": "Камлупс", "NAME_UR": "کاملوپس", "NAME_ZHT": "錦祿", "GEONAMESID": 5989045, "FCLASS_ISO": null, "FCLASS_US": null, "FCLASS_FR": null, "FCLASS_RU": null, "FCLASS_ES": null, "FCLASS_CN": null, "FCLASS_TW": null, "FCLASS_IN": null, "FCLASS_NP": null, "FCLASS_PK": null, "FCLASS_DE": null, "FCLASS_GB": null, "FCLASS_BR": null, "FCLASS_IL": null, "FCLASS_PS": null, "FCLASS_SA": null, "FCLASS_EG": null, "FCLASS_MA": null, "FCLASS_PT": null, "FCLASS_AR": null, "FCLASS_JP": null, "FCLASS_KO": null, "FCLASS_VN": null, "FCLASS_TR": null, "FCLASS_ID": null, "FCLASS_PL": null, "FCLASS_GR": null, "FCLASS_IT": null, "FCLASS_NL": null, "FCLASS_SE": null, "FCLASS_BD": null, "FCLASS_UA": null, "FCLASS_TLC": null }, "geometry": { "type": "Point", "coordinates": [ -120.3332858, 50.6666606 ] } },
{ "type": "Feature", "properties": { "SCALERANK": 6, "NATSCALE": 30, "LABELRANK": 2, "FEATURECLA": "Populated place", "NAME": "Williams Lake", "NAMEPAR": null, "NAMEALT": null, "NAMEASCII": "Williams Lake", "ADM0CAP": 0, "CAPIN": null, "WORLDCITY": 0, "MEGACITY": 0, "SOV0NAME": "Canada", "SOV_A3": "CAN", "ADM0NAME": "Canada", "ADM0_A3": "CAN", "ADM1NAME": "British Columbia", "ISO_A2": "CA", "NOTE": null, "LATITUDE": 52.11665, "LONGITUDE": -122.149997, "POP_MAX": 14168, "POP_MIN": 10554, "POP_OTHER": 0, "RANK_MAX": 6, "RANK_MIN": 6, "MEGANAME": null, "LS_NAME": "Williams Lake", "MAX_POP10": 10554, "MAX_POP20": 10554, "MAX_POP50": 0, "MAX_POP300": 0, "MAX_POP310": 0, "MAX_NATSCA": 20, "MIN_AREAKM": 16, "MAX_AREAKM": 16, "MIN_AREAMI": 6, "MAX_AREAMI": 6, "MIN_PERKM": 31, "MAX_PERKM": 31, "MIN_PERMI": 20, "MAX_PERMI": 20, "MIN_BBXMIN": -122.191667, "MAX_BBXMIN": -122.191667, "MIN_BBXMAX": -122.091667, "MAX_BBXMAX": -122.091667, "MIN_BBYMIN": 52.108333, "MAX_BBYMIN": 52.108333, "MIN_BBYMAX": 52.166667, "MAX_BBYMAX": 52.166667, "MEAN_BBXC": -122.142222, "MEAN_BBYC": 52.136667, "TIMEZONE": "America/Vancouver", "UN_FID": 0, "POP1950": 0, "POP1955": 0, "POP1960": 0, "POP1965": 0, "POP1970": 0, "POP1975": 0, "POP1980": 0, "POP1985": 0, "POP1990": 0, "POP1995": 0, "POP2000": 0, "POP2005": 0, "POP2010": 0, "POP2015": 0, "POP2020": 0, "POP2025": 0, "POP2050": 0, "MIN_ZOOM": 6.0, "WIKIDATAID": "Q2039207", "WOF_ID": 101740957, "CAPALT": 0, "NAME_EN": "Williams Lake", "NAME_DE": "Williams Lake", "NAME_ES": "Williams Lake", "NAME_FR": "Williams Lake", "NAME_PT": "Williams Lake", "NAME_RU": "Уильямс-Лейк", "NAME_ZH": "威廉姆斯湖", "LABEL": null, "NAME_AR": "ويليامز ليك", "NAME_BN": "উইলিয়ামস লেক ব্রিটিশ কলম্বিয়া", "NAME_EL": "Γουίλιαμς Λέικ", "NAME_HI": "विलियम्स लेक", "NAME_HU": "Williams Lake", "NAME_ID": "Williams Lake", "NAME_IT": "Williams Lake", "NAME_JA": "ウィリアムズ・レイク", "NAME_KO": "윌리엄스 레이크", "NAME_NL": "Williams Lake", "NAME_PL": "Williams Lake", "NAME_SV": "Williams Lake", "NAME_TR": "Williams Lake", "NAME_VI": "Williams Lake", "NE_ID": 1159148859, "NAME_FA": "ویلیامز لیک", "NAME_HE": "אגם וויליאם", "NAME_UK": "Вільямс-Лейк", "NAME_UR": "ولمیز لیک", "NAME_ZHT": "威廉姆斯湖", "GEONAMESID": 6182212, "FCLASS_ISO": null, "FCLASS_US": null, "FCLASS_FR": null, "FCLASS_RU": null, "FCLASS_ES": null, "FCLASS_CN": null, "FCLASS_TW": null, "FCLASS_IN": null, "FCLASS_NP": null, "FCLASS_PK": null, "FCLASS_DE": null, "FCLASS_GB": null, "FCLASS_BR": null, "FCLASS_IL": null, "FCLASS_PS": null, "FCLASS_SA": null, "FCLASS_EG": null, "FCLASS_MA": null, "FCLASS_PT": null, "FCLASS_AR": null, "FCLASS_JP": null, "FCLASS_KO": null, "FCLASS_VN": null, "FCLASS_TR": null, "FCLASS_ID": null, "FCLASS_PL": null, "FCLASS_GR": null, "FCLASS_IT": null, "FCLASS_NL": null, "FCLASS_SE": null, "FCLASS_BD": null, "FCLASS_UA": null, "FCLASS_TLC": null }, "geometry": { "type": "Point", "coordinates": [ -122.1499966, 52.1166496 ] } },
{ "type": "Feature", "properties": { "SCALERANK": 6, "NATSCALE": 30, "LABELRANK": 2, "FEATURECLA": "Populated place", "NAME": "Prince George", "NAMEPAR": null, "NAMEALT": null, "NAMEASCII": "Prince George", "ADM0CAP": 0, "CAPIN": null, "WORLDCITY": 0, "MEGACITY": 0, "SOV0NAME": "Canada", "SOV_A3": "CAN", "ADM0NAME": "Canada", "ADM0_A3": "CAN", "ADM1NAME": "British Columbia", "ISO_A2": "CA", "NOTE": null, "LATITUDE": 53.916669, "LONGITUDE": -122.766652, "POP_MAX": 65558, "POP_MIN": 62707, "POP_OTHER": 54876, "RANK_MAX": 8, "RANK_MIN": 8, "MEGANAME": null, "LS_NAME": "Prince George", "MAX_POP10": 62707, "MAX_POP20": 62707, "MAX_POP50": 0, "MAX_POP300": 0, "MAX_POP310": 0, "MAX_NATSCA": 20, "MIN_AREAKM": 78, "MAX_AREAKM": 78, "MIN_AREAMI": 30, "MAX_AREAMI": 30, "MIN_PERKM": 118, "MAX_PERKM": 118, "MIN_PERMI": 73, "MAX_PERMI": 73, "MIN_BBXMIN": -122.858333, "MAX_BBXMIN": -122.858333, "MIN_BBXMAX": -122.716667, "MAX_BBXMAX": -122.716667, "MIN_BBYMIN": 53.833333, "MAX_BBYMIN": 53.833333, "MIN_BBYMAX": 54.016667, "MAX_BBYMAX": 54.016667, "MEAN_BBXC": -122.780249, "MEAN_BBYC": 53.915693, "TIMEZONE": "America/Vancouver", "UN_FID": 0, "POP1950": 0, "POP1955": 0, "POP1960": 0, "POP1965": 0, "POP1970": 0, "POP1975": 0, "POP1980": 0, "POP1985": 0, "POP1990": 0, "POP1995": 0, "POP2000": 0, "POP2005": 0, "POP2010": 0, "POP2015": 0, "POP2020": 0, "POP2025": 0, "POP2050": 0, "MIN_ZOOM": 5.0, "WIKIDATAID": "Q590205", "WOF_ID": 101740817, "CAPALT": 0, "NAME_EN": "Prince George", "NAME_DE": "Prince George", "NAME_ES": "Prince George", "NAME_FR": "Prince George", "NAME_PT": "Prince George", "NAME_RU": "Принс-Джордж", "NAME_ZH": "乔治王子城", "LABEL": null, "NAME_AR": "برينس جورج", "NAME_BN": "প্রিন্স জর্জ", "NAME_EL": "Πρινς Τζορτζ", "NAME_HI": "प्रिंस जॉर्ज", "NAME_HU": "Prince George", "NAME_ID": "Prince George", "NAME_IT": "Prince George", "NAME_JA": "プリンスジョージ", "NAME_KO": "프린스조지", "NAME_NL": "Prince George", "NAME_PL": "Prince George", "NAME_SV": "Prince George", "NAME_TR": "Prince George", "NAME_VI": "Prince George", "NE_ID": 1159148861, "NAME_FA": "پرنس جورج", "NAME_HE": "פרינס ג'ורג'", "NAME_UK": "Прінс-Джордж", "NAME_UR": "پرنس جارج", "NAME_ZHT": "喬治王子城", "GEONAMESID": 6113365, "FCLASS_ISO": null, "FCLASS_US": null, "FCLASS_FR": null, "FCLASS_RU": null, "FCLASS_ES": null, "FCLASS_CN": null, "FCLASS_TW": null, "FCLASS_IN": null, "FCLASS_NP": null, "FCLASS_PK": null, "FCLASS_DE": null, "FCLASS_GB": null, "FCLASS_BR": null, "FCLASS_IL": null, "FCLASS_PS": null, "FCLASS_SA": null, "FCLASS_EG": null, "FCLASS_MA": null, "FCLASS_PT": null, "FCLASS_AR": null, "FCLASS_JP": null, "FCLASS_KO": null, "FCLASS_VN": null, "FCLASS_TR": null, "FCLASS_ID": null, "FCLASS_PL": null, "FCLASS_GR": null, "FCLASS_IT": null, "FCLASS_NL": null, "FCLASS_SE": null, "FCLASS_BD": null, "FCLASS_UA": null, "FCLASS_TLC": null }, "geometry": { "type": "Point", "coordinates": [ -122.7666515, 53.9166689 ] } },
{ "type": "Feature", "properties": { "SCALERANK": 6, "NATSCALE": 30, "LABELRANK": 2, "FEATURECLA": "Populated place", "NAME": "Fort Nelson", "NAMEPAR": null, "NAMEALT": null, "NAMEASCII": "Fort Nelson", "ADM0CAP": 0, "CAPIN": null, "WORLDCITY": 0, "MEGACITY": 0, "SOV0NAME": "Canada", "SOV_A3": "CAN", "ADM0NAME": "Canada", "ADM0_A3": "CAN", "ADM1NAME": "British Columbia", "ISO_A2": "CA", "NOTE": null, "LATITUDE": 58.816706, "LONGITUDE": -122.532971, "POP_MAX": 6315, "POP_MIN": 6315, "POP_OTHER": 0, "RANK_MAX": 5, "RANK_MIN": 5, "MEGANAME": null, "LS_NAME": "Fort Nelson", "MAX_POP10": 0, "MAX_POP20": 0, "MAX_POP50": 0, "MAX_POP300": 0, "MAX_POP310": 0, "MAX_NATSCA": 0, "MIN_AREAKM": 0, "MAX_AREAKM": 0, "MIN_AREAMI": 0, "MAX_AREAMI": 0, "MIN_PERKM": 0, "MAX_PERKM": 0, "MIN_PERMI": 0, "MAX_PERMI": 0, "MIN_BBXMIN": 0.0, "MAX_BBXMIN": 0.0, "MIN_BBXMAX": 0.0, "MAX_BBXMAX": 0.0, "MIN_BBYMIN": 0.0, "MAX_BBYMIN": 0.0, "MIN_BBYMAX": 0.0, "MAX_BBYMAX": 0.0, "MEAN_BBXC": 0.0, "MEAN_BBYC": 0.0, "TIMEZONE": null, "UN_FID": 0, "POP1950": 0, "POP1955": 0, "POP1960": 0, "POP1965": 0, "POP1970": 0, "POP1975": 0, "POP1980": 0, "POP1985": 0, "POP1990": 0, "POP1995": 0, "POP2000": 0, "POP2005": 0, "POP2010": 0, "POP2015": 0, "POP2020": 0, "POP2025": 0, "POP2050": 0, "MIN_ZOOM": 6.0, "WIKIDATAID": "Q606045", "WOF_ID": 1141909027, "CAPALT": 0, "NAME_EN": "Fort Nelson", "NAME_DE": "Fort Nelson", "NAME_ES": "Fort Nelson", "NAME_FR": "Fort Nelson", "NAME_PT": "Fort Nelson", "NAME_RU": "Форт-Нельсон", "NAME_ZH": "纳尔逊堡", "LABEL": null, "NAME_AR": "حصن نلسون", "NAME_BN": "ফোর্ট নেলসন", "NAME_EL": "Φορτ Νέλσον", "NAME_HI": "फ़ोर्ट नेलसन", "NAME_HU": "Fort Nelson", "NAME_ID": "Fort Nelson", "NAME_IT": "Fort Nelson", "NAME_JA": "フォート・ネルソン", "NAME_KO": "포트 넬슨", "NAME_NL": "Fort Nelson", "NAME_PL": "Fort Nelson", "NAME_SV": "Fort Nelson", "NAME_TR": "Fort Nelson", "NAME_VI": "Fort Nelson", "NE_ID": 1159148863, "NAME_FA": "فورت نلسون", "NAME_HE": "פורט נלסון", "NAME_UK": "Форт-Нельсон", "NAME_UR": "فورٹ نیلسن", "NAME_ZHT": "納爾遜堡", "GEONAMESID": 5955902, "FCLASS_ISO": null, "FCLASS_US": null, "FCLASS_FR": null, "FCLASS_RU": null, "FCLASS_ES": null, "FCLASS_CN": null, "FCLASS_TW": null, "FCLASS_IN": null, "FCLASS_NP": null, "FCLASS_PK": null, "FCLASS_DE": null, "FCLASS_GB": null, "FCLASS_BR": null, "FCLASS_IL": null, "FCLASS_PS": null, "FCLASS_SA": null, "FCLASS_EG": null, "FCLASS_MA": null, "FCLASS_PT": null, "FCLASS_AR": null, "FCLASS_JP": null, "FCLASS_KO": null, "FCLASS_VN": null, "FCLASS_TR": null, "FCLASS_ID": null, "FCLASS_PL": null, "FCLASS_GR": null, "FCLASS_IT": null, "FCLASS_NL": null, "FCLASS_SE": null, "FCLASS_BD": null, "FCLASS_UA": null, "FCLASS_TLC": null }, "geometry": { "type": "Point", "coordinates": [ -122.686543111009215, 58.803878101566148 ] } },
{ "type": "Feature", "properties": { "SCALERANK": 6, "NATSCALE": 30, "LABELRANK": 2, "FEATURECLA": "Populated place", "NAME": "Pond Inlet", "NAMEPAR": null, "NAMEALT": null, "NAMEASCII": "Pond Inlet", "ADM0CAP": 0, "CAPIN": null, "WORLDCITY": 0, "MEGACITY": 0, "SOV0NAME": "Canada", "SOV_A3": "CAN", "ADM0NAME": "Canada", "ADM0_A3": "CAN", "ADM1NAME": "Nunavut", "ISO_A2": "CA", "NOTE": null, "LATITUDE": 72.684981, "LONGITUDE": -78.000056, "POP_MAX": 1549, "POP_MIN": 1549, "POP_OTHER": 0, "RANK_MAX": 3, "RANK_MIN": 3, "MEGANAME": null, "LS_NAME": "Pond Inlet", "MAX_POP10": 0, "MAX_POP20": 0, "MAX_POP50": 0, "MAX_POP300": 0, "MAX_POP310": 0, "MAX_NATSCA": 0, "MIN_AREAKM": 0, "MAX_AREAKM": 0, "MIN_AREAMI": 0, "MAX_AREAMI": 0, "MIN_PERKM": 0, "MAX_PERKM": 0, "MIN_PERMI": 0, "MAX_PERMI": 0, "MIN_BBXMIN": 0.0, "MAX_BBXMIN": 0.0, "MIN_BBXMAX": 0.0, "MAX_BBXMAX": 0.0, "MIN_BBYMIN": 0.0, "MAX_BBYMIN": 0.0, "MIN_BBYMAX": 0.0, "MAX_BBYMAX": 0.0, "MEAN_BBXC": 0.0, "MEAN_BBYC": 0.0, "TIMEZONE": null, "UN_FID": 0, "POP1950": 0, "POP1955": 0, "POP1960": 0, "POP1965": 0, "POP1970": 0, "POP1975": 0, "POP1980": 0, "POP1985": 0, "POP1990": 0, "POP1995": 0, "POP2000": 0, "POP2005": 0, "POP2010": 0, "POP2015": 0, "POP2020": 0, "POP2025": 0, "POP2050": 0, "MIN_ZOOM": 6.0, "WIKIDATAID": "Q1017702", "WOF_ID": 1141909031, "CAPALT": 0, "NAME_EN": "Pond Inlet", "NAME_DE": "Pond Inlet", "NAME_ES": "Pond Inlet", "NAME_FR": "Pond Inlet", "NAME_PT": "Pond Inlet", "NAME_RU": "Понд-Инлет", "NAME_ZH": "龐德因萊特", "LABEL": null, "NAME_AR": "خليج بوند", "NAME_BN": "পন্ড ইনলেট", "NAME_EL": "Ποντ Ίνλετ", "NAME_HI": "पॉंड इनलेट", "NAME_HU": "Pond Inlet", "NAME_ID": "Pond Inlet", "NAME_IT": "Pond Inlet", "NAME_JA": "ポンドインレット", "NAME_KO": "폰드인레트", "NAME_NL": "Pond Inlet", "NAME_PL": "Pond Inlet", "NAME_SV": "Pond Inlet", "NAME_TR": "Pond Inlet", "NAME_VI": "Pond Inlet", "NE_ID": 1159148865, "NAME_FA": "پاند اینلت", "NAME_HE": "פונד אינלט", "NAME_UK": "Понд-Інлет", "NAME_UR": "پانڈ ان لٹ", "NAME_ZHT": "龐德因萊特", "GEONAMESID": 6109205, "FCLASS_ISO": null, "FCLASS_US": null, "FCLASS_FR": null, "FCLASS_RU": null, "FCLASS_ES": null, "FCLASS_CN": null, "FCLASS_TW": null, "FCLASS_IN": null, "FCLASS_NP": null, "FCLASS_PK": null, "FCLASS_DE": null, "FCLASS_GB": null, "FCLASS_BR": null, "FCLASS_IL": null, "FCLASS_PS": null, "FCLASS_SA": null, "FCLASS_EG": null, "FCLASS_MA": null, "FCLASS_PT": null, "FCLASS_AR": null, "FCLASS_JP": null, "FCLASS_KO": null, "FCLASS_VN": null, "FCLASS_TR": null, "FCLASS_ID": null, "FCLASS_PL": null, "FCLASS_GR": null, "FCLASS_IT": null, "FCLASS_NL": null, "FCLASS_SE": null, "FCLASS_BD": null, "FCLASS_UA": null, "FCLASS_TLC": null }, "geometry": { "type": "Point", "coordinates": [ -78.0000558, 72.6849807 ] } },
{ "type": "Feature", "properties": { "SCALERANK": 6, "NATSCALE": 30, "LABELRANK": 2, "FEATURECLA": "Populated place", "NAME": "Cape Dorset", "NAMEPAR": null, "NAMEALT": null, "NAMEASCII": "Cape Dorset", "ADM0CAP": 0, "CAPIN": null, "WORLDCITY": 0, "MEGACITY": 0, "SOV0NAME": "Canada", "SOV_A3": "CAN", "ADM0NAME": "Canada", "ADM0_A3": "CAN", "ADM1NAME": "Nunavut", "ISO_A2": "CA", "NOTE": null, "LATITUDE": 64.31252, "LONGITUDE": -76.538579, "POP_MAX": 1326, "POP_MIN": 1326, "POP_OTHER": 0, "RANK_MAX": 3, "RANK_MIN": 3, "MEGANAME": null, "LS_NAME": "Cape Dorset", "MAX_POP10": 1326, "MAX_POP20": 1326, "MAX_POP50": 0, "MAX_POP300": 0, "MAX_POP310": 0, "MAX_NATSCA": 20, "MIN_AREAKM": 0, "MAX_AREAKM": 0, "MIN_AREAMI": 0, "MAX_AREAMI": 0, "MIN_PERKM": 3, "MAX_PERKM": 3, "MIN_PERMI": 2, "MAX_PERMI": 2, "MIN_BBXMIN": -76.55, "MAX_BBXMIN": -76.55, "MIN_BBXMAX": -76.541667, "MAX_BBXMAX": -76.541667, "MIN_BBYMIN": 64.225, "MAX_BBYMIN": 64.225, "MIN_BBYMAX": 64.233333, "MAX_BBYMAX": 64.233333, "MEAN_BBXC": -76.545833, "MEAN_BBYC": 64.229167, "TIMEZONE": null, "UN_FID": 0, "POP1950": 0, "POP1955": 0, "POP1960": 0, "POP1965": 0, "POP1970": 0, "POP1975": 0, "POP1980": 0, "POP1985": 0, "POP1990": 0, "POP1995": 0, "POP2000": 0, "POP2005": 0, "POP2010": 0, "POP2015": 0, "POP2020": 0, "POP2025": 0, "POP2050": 0, "MIN_ZOOM": 6.0, "WIKIDATAID": "Q665280", "WOF_ID": 1141909033, "CAPALT": 0, "NAME_EN": "Kinngait", "NAME_DE": "Cape Dorset", "NAME_ES": "Cabo Dorset", "NAME_FR": "Cape Dorset", "NAME_PT": "Cape Dorset", "NAME_RU": "Кейп-Дорсет", "NAME_ZH": "多塞特角", "LABEL": null, "NAME_AR": "كيب دورست", "NAME_BN": "কেপ ডরসেট", "NAME_EL": "Κέιπ Ντόρσετ", "NAME_HI": "केप डोरसेट", "NAME_HU": "Cape Dorset", "NAME_ID": "Cape Dorset", "NAME_IT": "Cape Dorset", "NAME_JA": "ケープドーセット", "NAME_KO": "카페 도르셋", "NAME_NL": "Cape Dorset", "NAME_PL": "Cape Dorset", "NAME_SV": "Kinngait", "NAME_TR": "Cape Dorset", "NAME_VI": "Cape Dorset", "NE_ID": 1159148867, "NAME_FA": "کیپ دورست", "NAME_HE": "קפה דורסט", "NAME_UK": "Кейп-Дорсет", "NAME_UR": "کیپ ڈورسٹ", "NAME_ZHT": "多塞特角", "GEONAMESID": 5915732, "FCLASS_ISO": null, "FCLASS_US": null, "FCLASS_FR": null, "FCLASS_RU": null, "FCLASS_ES": null, "FCLASS_CN": null, "FCLASS_TW": null, "FCLASS_IN": null, "FCLASS_NP": null, "FCLASS_PK": null, "FCLASS_DE": null, "FCLASS_GB": null, "FCLASS_BR": null, "FCLASS_IL": null, "FCLASS_PS": null, "FCLASS_SA": null, "FCLASS_EG": null, "FCLASS_MA": null, "FCLASS_PT": null, "FCLASS_AR": null, "FCLASS_JP": null, "FCLASS_KO": null, "FCLASS_VN": null, "FCLASS_TR": null, "FCLASS_ID": null, "FCLASS_PL": null, "FCLASS_GR": null, "FCLASS_IT": null, "FCLASS_NL": null, "FCLASS_SE": null, "FCLASS_BD": null, "FCLASS_UA": null, "FCLASS_TLC": null }, "geometry": { "type": "Point", "coordinates": [ -76.5385786, 64.3125197 ] } },
{ "type": "Feature", "properties": { "SCALERANK": 6, "NATSCALE": 30, "LABELRANK": 2, "FEATURECLA": "Populated place", "NAME": "Kimmirut", "NAMEPAR": null, "NAMEALT": null, "NAMEASCII": "Kimmirut", "ADM0CAP": 0, "CAPIN": null, "WORLDCITY": 0, "MEGACITY": 0, "SOV0NAME": "Canada", "SOV_A3": "CAN", "ADM0NAME": "Canada", "ADM0_A3": "CAN", "ADM1NAME": "Nunavut", "ISO_A2": "CA", "NOTE": null, "LATITUDE": 62.850026, "LONGITUDE": -69.883316, "POP_MAX": 385, "POP_MIN": 385, "POP_OTHER": 0, "RANK_MAX": 2, "RANK_MIN": 2, "MEGANAME": null, "LS_NAME": "Kimmirut", "MAX_POP10": 385, "MAX_POP20": 385, "MAX_POP50": 0, "MAX_POP300": 0, "MAX_POP310": 0, "MAX_NATSCA": 20, "MIN_AREAKM": 2, "MAX_AREAKM": 2, "MIN_AREAMI": 1, "MAX_AREAMI": 1, "MIN_PERKM": 7, "MAX_PERKM": 7, "MIN_PERMI": 5, "MAX_PERMI": 5, "MIN_BBXMIN": -69.883333, "MAX_BBXMIN": -69.883333, "MIN_BBXMAX": -69.858333, "MAX_BBXMAX": -69.858333, "MIN_BBYMIN": 62.841667, "MAX_BBYMIN": 62.841667, "MIN_BBYMAX": 62.858333, "MAX_BBYMAX": 62.858333, "MEAN_BBXC": -69.8725, "MEAN_BBYC": 62.850833, "TIMEZONE": null, "UN_FID": 0, "POP1950": 0, "POP1955": 0, "POP1960": 0, "POP1965": 0, "POP1970": 0, "POP1975": 0, "POP1980": 0, "POP1985": 0, "POP1990": 0, "POP1995": 0, "POP2000": 0, "POP2005": 0, "POP2010": 0, "POP2015": 0, "POP2020": 0, "POP2025": 0, "POP2050": 0, "MIN_ZOOM": 6.0, "WIKIDATAID": "Q284160", "WOF_ID": 1141909035, "CAPALT": 0, "NAME_EN": "Kimmirut", "NAME_DE": "Kimmirut", "NAME_ES": "Kimmirut", "NAME_FR": "Kimmirut", "NAME_PT": "Kimmirut", "NAME_RU": "Киммирут", "NAME_ZH": "金米鲁特", "LABEL": null, "NAME_AR": "كيميروت", "NAME_BN": "কিমিরুত", "NAME_EL": "Κιμιρούτ", "NAME_HI": "किम्मिरुत", "NAME_HU": "Kimmirut", "NAME_ID": "Kimmirut", "NAME_IT": "Kimmirut", "NAME_JA": "キミルット", "NAME_KO": "키미루트", "NAME_NL": "Kimmirut", "NAME_PL": "Kimmirut", "NAME_SV": "Kimmirut", "NAME_TR": "Kimmirut", "NAME_VI": "Kimmirut", "NE_ID": 1159148869, "NAME_FA": "کیمیروت", "NAME_HE": "קימירוט", "NAME_UK": "Кіммірут", "NAME_UR": "کیممیروت", "NAME_ZHT": "基米魯特", "GEONAMESID": 5992095, "FCLASS_ISO": null, "FCLASS_US": null, "FCLASS_FR": null, "FCLASS_RU": null, "FCLASS_ES": null, "FCLASS_CN": null, "FCLASS_TW": null, "FCLASS_IN": null, "FCLASS_NP": null, "FCLASS_PK": null, "FCLASS_DE": null, "FCLASS_GB": null, "FCLASS_BR": null, "FCLASS_IL": null, "FCLASS_PS": null, "FCLASS_SA": null, "FCLASS_EG": null, "FCLASS_MA": null, "FCLASS_PT": null, "FCLASS_AR": null, "FCLASS_JP": null, "FCLASS_KO": null, "FCLASS_VN": null, "FCLASS_TR": null, "FCLASS_ID": null, "FCLASS_PL": null, "FCLASS_GR": null, "FCLASS_IT": null, "FCLASS_NL": null, "FCLASS_SE": null, "FCLASS_BD": null, "FCLASS_UA": null, "FCLASS_TLC": null }, "geometry": { "type": "Point", "coordinates": [ -69.8833161, 62.8500255 ] } },
{ "type": "Feature", "properties": { "SCALERANK": 6, "NATSCALE": 30, "LABELRANK": 2, "FEATURECLA": "Populated place", "NAME": "Gjoa Haven", "NAMEPAR": null, "NAMEALT": null, "NAMEASCII": "Gjoa Haven", "ADM0CAP": 0, "CAPIN": null, "WORLDCITY": 0, "MEGACITY": 0, "SOV0NAME": "Canada", "SOV_A3": "CAN", "ADM0NAME": "Canada", "ADM0_A3": "CAN", "ADM1NAME": "Nunavut", "ISO_A2": "CA", "NOTE": null, "LATITUDE": 68.63329, "LONGITUDE": -95.916662, "POP_MAX": 1109, "POP_MIN": 1109, "POP_OTHER": 0, "RANK_MAX": 3, "RANK_MIN": 3, "MEGANAME": null, "LS_NAME": "Gjoa Haven", "MAX_POP10": 0, "MAX_POP20": 0, "MAX_POP50": 0, "MAX_POP300": 0, "MAX_POP310": 0, "MAX_NATSCA": 0, "MIN_AREAKM": 0, "MAX_AREAKM": 0, "MIN_AREAMI": 0, "MAX_AREAMI": 0, "MIN_PERKM": 0, "MAX_PERKM": 0, "MIN_PERMI": 0, "MAX_PERMI": 0, "MIN_BBXMIN": 0.0, "MAX_BBXMIN": 0.0, "MIN_BBXMAX": 0.0, "MAX_BBXMAX": 0.0, "MIN_BBYMIN": 0.0, "MAX_BBYMIN": 0.0, "MIN_BBYMAX": 0.0, "MAX_BBYMAX": 0.0, "MEAN_BBXC": 0.0, "MEAN_BBYC": 0.0, "TIMEZONE": "America/Resolute", "UN_FID": 0, "POP1950": 0, "POP1955": 0, "POP1960": 0, "POP1965": 0, "POP1970": 0, "POP1975": 0, "POP1980": 0, "POP1985": 0, "POP1990": 0, "POP1995": 0, "POP2000": 0, "POP2005": 0, "POP2010": 0, "POP2015": 0, "POP2020": 0, "POP2025": 0, "POP2050": 0, "MIN_ZOOM": 6.0, "WIKIDATAID": "Q719585", "WOF_ID": 101735485, "CAPALT": 0, "NAME_EN": "Gjoa Haven", "NAME_DE": "Gjoa Haven", "NAME_ES": "Gjoa Haven", "NAME_FR": "Gjoa Haven", "NAME_PT": "Gjoa Haven", "NAME_RU": "Йоа-Хейвен", "NAME_ZH": "約阿港", "LABEL": null, "NAME_AR": "قرية غوا هافن", "NAME_BN": "গজোয়া হাভেন", "NAME_EL": "Γκόα Χέιβεν", "NAME_HI": "ज़ोआ हेवेन", "NAME_HU": "Gjoa Haven", "NAME_ID": "Gjoa Haven", "NAME_IT": "Gjoa Haven", "NAME_JA": "ジョア・ヘイヴン", "NAME_KO": "조아 헤이븐", "NAME_NL": "Gjoa Haven", "NAME_PL": "Gjoa Haven", "NAME_SV": "Gjoa Haven", "NAME_TR": "Gjoa Haven", "NAME_VI": "Gjoa Haven", "NE_ID": 1159148873, "NAME_FA": "جیجوی هیون", "NAME_HE": "גג'ואה האבן", "NAME_UK": "Йоа-Гейвен", "NAME_UR": "جوا ہیون", "NAME_ZHT": "約阿港", "GEONAMESID": 5961560, "FCLASS_ISO": null, "FCLASS_US": null, "FCLASS_FR": null, "FCLASS_RU": null, "FCLASS_ES": null, "FCLASS_CN": null, "FCLASS_TW": null, "FCLASS_IN": null, "FCLASS_NP": null, "FCLASS_PK": null, "FCLASS_DE": null, "FCLASS_GB": null, "FCLASS_BR": null, "FCLASS_IL": null, "FCLASS_PS": null, "FCLASS_SA": null, "FCLASS_EG": null, "FCLASS_MA": null, "FCLASS_PT": null, "FCLASS_AR": null, "FCLASS_JP": null, "FCLASS_KO": null, "FCLASS_VN": null, "FCLASS_TR": null, "FCLASS_ID": null, "FCLASS_PL": null, "FCLASS_GR": null, "FCLASS_IT": null, "FCLASS_NL": null, "FCLASS_SE": null, "FCLASS_BD": null, "FCLASS_UA": null, "FCLASS_TLC": null }, "geometry": { "type": "Point", "coordinates": [ -95.9166624, 68.63329 ] } },
{ "type": "Feature", "properties": { "SCALERANK": 6, "NATSCALE": 30, "LABELRANK": 2, "FEATURECLA": "Populated place", "NAME": "Grise Fiord", "NAMEPAR": null, "NAMEALT": null, "NAMEASCII": "Grise Fiord", "ADM0CAP": 0, "CAPIN": null, "WORLDCITY": 0, "MEGACITY": 0, "SOV0NAME": "Canada", "SOV_A3": "CAN", "ADM0NAME": "Canada", "ADM0_A3": "CAN", "ADM1NAME": "Nunavut", "ISO_A2": "CA", "NOTE": null, "LATITUDE": 76.441651, "LONGITUDE": -82.949986, "POP_MAX": 23, "POP_MIN": 23, "POP_OTHER": 0, "RANK_MAX": 1, "RANK_MIN": 1, "MEGANAME": null, "LS_NAME": "Grise Fjiord", "MAX_POP10": 0, "MAX_POP20": 0, "MAX_POP50": 0, "MAX_POP300": 0, "MAX_POP310": 0, "MAX_NATSCA": 0, "MIN_AREAKM": 0, "MAX_AREAKM": 0, "MIN_AREAMI": 0, "MAX_AREAMI": 0, "MIN_PERKM": 0, "MAX_PERKM": 0, "MIN_PERMI": 0, "MAX_PERMI": 0, "MIN_BBXMIN": 0.0, "MAX_BBXMIN": 0.0, "MIN_BBXMAX": 0.0, "MAX_BBXMAX": 0.0, "MIN_BBYMIN": 0.0, "MAX_BBYMIN": 0.0, "MIN_BBYMAX": 0.0, "MAX_BBYMAX": 0.0, "MEAN_BBXC": 0.0, "MEAN_BBYC": 0.0, "TIMEZONE": null, "UN_FID": 0, "POP1950": 0, "POP1955": 0, "POP1960": 0, "POP1965": 0, "POP1970": 0, "POP1975": 0, "POP1980": 0, "POP1985": 0, "POP1990": 0, "POP1995": 0, "POP2000": 0, "POP2005": 0, "POP2010": 0, "POP2015": 0, "POP2020": 0, "POP2025": 0, "POP2050": 0, "MIN_ZOOM": 6.0, "WIKIDATAID": "Q276115", "WOF_ID": 1141909037, "CAPALT": 0, "NAME_EN": "Grise Fiord", "NAME_DE": "Grise Fiord", "NAME_ES": "Grise Fiord", "NAME_FR": "Grise Fiord", "NAME_PT": "Grise Fiord", "NAME_RU": "Грис-Фьорд", "NAME_ZH": "格雷斯冰河", "LABEL": null, "NAME_AR": "غريسس فيورد", "NAME_BN": "গ্রিজ ফিওর্ড", "NAME_EL": "Γκράιζ Φιόρντ", "NAME_HI": "ग्रीस फ़िओर्ड", "NAME_HU": "Grise Fiord", "NAME_ID": "Grise Fiord", "NAME_IT": "Grise Fiord", "NAME_JA": "グリスフィヨルド", "NAME_KO": "그리세 피오르드", "NAME_NL": "Grise Fiord", "NAME_PL": "Grise Fiord", "NAME_SV": "Grise Fiord", "NAME_TR": "Grise Fiord", "NAME_VI": "Grise Fiord", "NE_ID": 1159148875, "NAME_FA": "گریس فیورد", "NAME_HE": "גרייס פיורד", "NAME_UK": "Грис-Фіорд", "NAME_UR": "جریسی فیورد", "NAME_ZHT": "格雷斯冰河", "GEONAMESID": 5967230, "FCLASS_ISO": null, "FCLASS_US": null, "FCLASS_FR": null, "FCLASS_RU": null, "FCLASS_ES": null, "FCLASS_CN": null, "FCLASS_TW": null, "FCLASS_IN": null, "FCLASS_NP": null, "FCLASS_PK": null, "FCLASS_DE": null, "FCLASS_GB": null, "FCLASS_BR": null, "FCLASS_IL": null, "FCLASS_PS": null, "FCLASS_SA": null, "FCLASS_EG": null, "FCLASS_MA": null, "FCLASS_PT": null, "FCLASS_AR": null, "FCLASS_JP": null, "FCLASS_KO": null, "FCLASS_VN": null, "FCLASS_TR": null, "FCLASS_ID": null, "FCLASS_PL": null, "FCLASS_GR": null, "FCLASS_IT": null, "FCLASS_NL": null, "FCLASS_SE": null, "FCLASS_BD": null, "FCLASS_UA": null, "FCLASS_TLC": null }, "geometry": { "type": "Point", "coordinates": [ -82.9499862, 76.4416506 ] } },
{ "type": "Feature", "properties": { "SCALERANK": 6, "NATSCALE": 30, "LABELRANK": 2, "FEATURECLA": "Populated place", "NAME": "Alert", "NAMEPAR": null, "NAMEALT": null, "NAMEASCII": "Alert", "ADM0CAP": 0, "CAPIN": null, "WORLDCITY": 0, "MEGACITY": 0, "SOV0NAME": "Canada", "SOV_A3": "CAN", "ADM0NAME": "Canada", "ADM0_A3": "CAN", "ADM1NAME": "Nunavut", "ISO_A2": "CA", "NOTE": null, "LATITUDE": 82.483323, "LONGITUDE": -62.249984, "POP_MAX": 125, "POP_MIN": 70, "POP_OTHER": 0, "RANK_MAX": 1, "RANK_MIN": 1, "MEGANAME": null, "LS_NAME": "Alert", "MAX_POP10": 0, "MAX_POP20": 0, "MAX_POP50": 0, "MAX_POP300": 0, "MAX_POP310": 0, "MAX_NATSCA": 0, "MIN_AREAKM": 0, "MAX_AREAKM": 0, "MIN_AREAMI": 0, "MAX_AREAMI": 0, "MIN_PERKM": 0, "MAX_PERKM": 0, "MIN_PERMI": 0, "MAX_PERMI": 0, "MIN_BBXMIN": 0.0, "MAX_BBXMIN": 0.0, "MIN_BBXMAX": 0.0, "MAX_BBXMAX": 0.0, "MIN_BBYMIN": 0.0, "MAX_BBYMIN": 0.0, "MIN_BBYMAX": 0.0, "MAX_BBYMAX": 0.0, "MEAN_BBXC": 0.0, "MEAN_BBYC": 0.0, "TIMEZONE": null, "UN_FID": 0, "POP1950": 0, "POP1955": 0, "POP1960": 0, "POP1965": 0, "POP1970": 0, "POP1975": 0, "POP1980": 0, "POP1985": 0, "POP1990": 0, "POP1995": 0, "POP2000": 0, "POP2005": 0, "POP2010": 0, "POP2015": 0, "POP2020": 0, "POP2025": 0, "POP2050": 0, "MIN_ZOOM": 6.0, "WIKIDATAID": "Q501744", "WOF_ID": 1141909039, "CAPALT": 0, "NAME_EN": "Alert", "NAME_DE": "Alert", "NAME_ES": "Alert", "NAME_FR": "Alert", "NAME_PT": "Alert", "NAME_RU": "Алерт", "NAME_ZH": "阿勒特", "LABEL": null, "NAME_AR": "ألرت", "NAME_BN": "আল্যার্ট", "NAME_EL": "Αλέρτ", "NAME_HI": "अलर्ट", "NAME_HU": "Alert", "NAME_ID": "Alert", "NAME_IT": "Alert", "NAME_JA": "アラート", "NAME_KO": "얼러트", "NAME_NL": "Alert", "NAME_PL": "Alert", "NAME_SV": "Alert", "NAME_TR": "Alert", "NAME_VI": "Alert", "NE_ID": 1159148877, "NAME_FA": "آلرت", "NAME_HE": "אלרט", "NAME_UK": "Алерт", "NAME_UR": "الرٹ", "NAME_ZHT": "阿勒特", "GEONAMESID": 6295922, "FCLASS_ISO": null, "FCLASS_US": null, "FCLASS_FR": null, "FCLASS_RU": null, "FCLASS_ES": null, "FCLASS_CN": null, "FCLASS_TW": null, "FCLASS_IN": null, "FCLASS_NP": null, "FCLASS_PK": null, "FCLASS_DE": null, "FCLASS_GB": null, "FCLASS_BR": null, "FCLASS_IL": null, "FCLASS_PS": null, "FCLASS_SA": null, "FCLASS_EG": null, "FCLASS_MA": null, "FCLASS_PT": null, "FCLASS_AR": null, "FCLASS_JP": null, "FCLASS_KO": null, "FCLASS_VN": null, "FCLASS_TR": null, "FCLASS_ID": null, "FCLASS_PL": null, "FCLASS_GR": null, "FCLASS_IT": null, "FCLASS_NL": null, "FCLASS_SE": null, "FCLASS_BD": null, "FCLASS_UA": null, "FCLASS_TLC": null }, "geometry": { "type": "Point", "coordinates": [ -62.2499836, 82.4833232 ] } },
{ "type": "Feature", "properties": { "SCALERANK": 6, "NATSCALE": 30, "LABELRANK": 2, "FEATURECLA": "Historic place", "NAME": "Ennadai", "NAMEPAR": null, "NAMEALT": null, "NAMEASCII": "Ennadai", "ADM0CAP": 0, "CAPIN": null, "WORLDCITY": 0, "MEGACITY": 0, "SOV0NAME": "Canada", "SOV_A3": "CAN", "ADM0NAME": "Canada", "ADM0_A3": "CAN", "ADM1NAME": "Nunavut", "ISO_A2": "CA", "NOTE": null, "LATITUDE": 61.133283, "LONGITUDE": -100.883336, "POP_MAX": 0, "POP_MIN": 0, "POP_OTHER": 0, "RANK_MAX": 0, "RANK_MIN": 0, "MEGANAME": null, "LS_NAME": "Ennadai", "MAX_POP10": 0, "MAX_POP20": 0, "MAX_POP50": 0, "MAX_POP300": 0, "MAX_POP310": 0, "MAX_NATSCA": 0, "MIN_AREAKM": 0, "MAX_AREAKM": 0, "MIN_AREAMI": 0, "MAX_AREAMI": 0, "MIN_PERKM": 0, "MAX_PERKM": 0, "MIN_PERMI": 0, "MAX_PERMI": 0, "MIN_BBXMIN": 0.0, "MAX_BBXMIN": 0.0, "MIN_BBXMAX": 0.0, "MAX_BBXMAX": 0.0, "MIN_BBYMIN": 0.0, "MAX_BBYMIN": 0.0, "MIN_BBYMAX": 0.0, "MAX_BBYMAX": 0.0, "MEAN_BBXC": 0.0, "MEAN_BBYC": 0.0, "TIMEZONE": null, "UN_FID": 0, "POP1950": 0, "POP1955": 0, "POP1960": 0, "POP1965": 0, "POP1970": 0, "POP1975": 0, "POP1980": 0, "POP1985": 0, "POP1990": 0, "POP1995": 0, "POP2000": 0, "POP2005": 0, "POP2010": 0, "POP2015": 0, "POP2020": 0, "POP2025": 0, "POP2050": 0, "MIN_ZOOM": 6.0, "WIKIDATAID": "Q5379128", "WOF_ID": 1141909041, "CAPALT": 0, "NAME_EN": "Ennadai", "NAME_DE": "Ennadai", "NAME_ES": "Ennadai", "NAME_FR": "Ennadai", "NAME_PT": "Ennadai", "NAME_RU": "Эннадай", "NAME_ZH": "恩纳代", "LABEL": null, "NAME_AR": "إيندا", "NAME_BN": "এন্নাদাই", "NAME_EL": "Εναντάι", "NAME_HI": "एनाडाइ", "NAME_HU": "Ennadai", "NAME_ID": "Ennadai", "NAME_IT": "Ennadai", "NAME_JA": "エナダイ", "NAME_KO": "엔나다이", "NAME_NL": "Ennadai", "NAME_PL": "Ennadai", "NAME_SV": "Ennadai", "NAME_TR": "Ennadai", "NAME_VI": "Ennadai", "NE_ID": 1159148879, "NAME_FA": "اننادای", "NAME_HE": "אנדאי", "NAME_UK": "Еннадай", "NAME_UR": "ایناڈائی", "NAME_ZHT": "恩納代", "GEONAMESID": -1, "FCLASS_ISO": null, "FCLASS_US": null, "FCLASS_FR": null, "FCLASS_RU": null, "FCLASS_ES": null, "FCLASS_CN": null, "FCLASS_TW": null, "FCLASS_IN": null, "FCLASS_NP": null, "FCLASS_PK": null, "FCLASS_DE": null, "FCLASS_GB": null, "FCLASS_BR": null, "FCLASS_IL": null, "FCLASS_PS": null, "FCLASS_SA": null, "FCLASS_EG": null, "FCLASS_MA": null, "FCLASS_PT": null, "FCLASS_AR": null, "FCLASS_JP": null, "FCLASS_KO": null, "FCLASS_VN": null, "FCLASS_TR": null, "FCLASS_ID": null, "FCLASS_PL": null, "FCLASS_GR": null, "FCLASS_IT": null, "FCLASS_NL": null, "FCLASS_SE": null, "FCLASS_BD": null, "FCLASS_UA": null, "FCLASS_TLC": null }, "geometry": { "type": "Point", "coordinates": [ -100.883336, 61.1332827 ] } },
{ "type": "Feature", "properties": { "SCALERANK": 6, "NATSCALE": 30, "LABELRANK": 2, "FEATURECLA": "Populated place", "NAME": "Rankin Inlet", "NAMEPAR": null, "NAMEALT": null, "NAMEASCII": "Rankin Inlet", "ADM0CAP": 0, "CAPIN": null, "WORLDCITY": 0, "MEGACITY": 0, "SOV0NAME": "Canada", "SOV_A3": "CAN", "ADM0NAME": "Canada", "ADM0_A3": "CAN", "ADM1NAME": "Nunavut", "ISO_A2": "CA", "NOTE": null, "LATITUDE": 62.816668, "LONGITUDE": -92.09532, "POP_MAX": 2472, "POP_MIN": 2334, "POP_OTHER": 0, "RANK_MAX": 4, "RANK_MIN": 4, "MEGANAME": null, "LS_NAME": "Rankin Inlet", "MAX_POP10": 2472, "MAX_POP20": 2472, "MAX_POP50": 0, "MAX_POP300": 0, "MAX_POP310": 0, "MAX_NATSCA": 20, "MIN_AREAKM": 4, "MAX_AREAKM": 4, "MIN_AREAMI": 2, "MAX_AREAMI": 2, "MIN_PERKM": 16, "MAX_PERKM": 16, "MIN_PERMI": 10, "MAX_PERMI": 10, "MIN_BBXMIN": -92.133333, "MAX_BBXMIN": -92.133333, "MIN_BBXMAX": -92.075, "MAX_BBXMAX": -92.075, "MIN_BBYMIN": 62.8, "MAX_BBYMIN": 62.8, "MIN_BBYMAX": 62.816667, "MAX_BBYMAX": 62.816667, "MEAN_BBXC": -92.1, "MEAN_BBYC": 62.81, "TIMEZONE": "America/Iqaluit", "UN_FID": 0, "POP1950": 0, "POP1955": 0, "POP1960": 0, "POP1965": 0, "POP1970": 0, "POP1975": 0, "POP1980": 0, "POP1985": 0, "POP1990": 0, "POP1995": 0, "POP2000": 0, "POP2005": 0, "POP2010": 0, "POP2015": 0, "POP2020": 0, "POP2025": 0, "POP2050": 0, "MIN_ZOOM": 6.0, "WIKIDATAID": "Q1021766", "WOF_ID": 101735457, "CAPALT": 0, "NAME_EN": "Rankin Inlet", "NAME_DE": "Rankin Inlet", "NAME_ES": "Rankin Inlet", "NAME_FR": "Rankin Inlet", "NAME_PT": "Rankin Inlet", "NAME_RU": "Ранкин-Инлет", "NAME_ZH": "兰金", "LABEL": null, "NAME_AR": "رانكين إنليت", "NAME_BN": "র্যাঙ্কিন ইনলেট", "NAME_EL": "Ράνκιν Ίνλετ", "NAME_HI": "रैंकिन इनलेट", "NAME_HU": "Rankin Inlet", "NAME_ID": "Rankin Inlet", "NAME_IT": "Rankin Inlet", "NAME_JA": "ランキン・インレット", "NAME_KO": "랜킨 인렛", "NAME_NL": "Rankin Inlet", "NAME_PL": "Rankin Inlet", "NAME_SV": "Rankin Inlet", "NAME_TR": "Rankin Inlet", "NAME_VI": "Rankin Inlet", "NE_ID": 1159148881, "NAME_FA": "رنکین اینلت", "NAME_HE": "רנקין אינלט", "NAME_UK": "Ранкін-Інлет", "NAME_UR": "رنکن ان لٹ", "NAME_ZHT": "蘭金因萊特", "GEONAMESID": 6116548, "FCLASS_ISO": null, "FCLASS_US": null, "FCLASS_FR": null, "FCLASS_RU": null, "FCLASS_ES": null, "FCLASS_CN": null, "FCLASS_TW": null, "FCLASS_IN": null, "FCLASS_NP": null, "FCLASS_PK": null, "FCLASS_DE": null, "FCLASS_GB": null, "FCLASS_BR": null, "FCLASS_IL": null, "FCLASS_PS": null, "FCLASS_SA": null, "FCLASS_EG": null, "FCLASS_MA": null, "FCLASS_PT": null, "FCLASS_AR": null, "FCLASS_JP": null, "FCLASS_KO": null, "FCLASS_VN": null, "FCLASS_TR": null, "FCLASS_ID": null, "FCLASS_PL": null, "FCLASS_GR": null, "FCLASS_IT": null, "FCLASS_NL": null, "FCLASS_SE": null, "FCLASS_BD": null, "FCLASS_UA": null, "FCLASS_TLC": null }, "geometry": { "type": "Point", "coordinates": [ -92.0953195, 62.8166683 ] } },
{ "type": "Feature", "properties": { "SCALERANK": 6, "NATSCALE": 30, "LABELRANK": 2, "FEATURECLA": "Populated place", "NAME": "Fort Resolution", "NAMEPAR": null, "NAMEALT": null, "NAMEASCII": "Fort Resolution", "ADM0CAP": 0, "CAPIN": null, "WORLDCITY": 0, "MEGACITY": 0, "SOV0NAME": "Canada", "SOV_A3": "CAN", "ADM0NAME": "Canada", "ADM0_A3": "CAN", "ADM1NAME": "Northwest Territories", "ISO_A2": "CA", "NOTE": null, "LATITUDE": 61.166588, "LONGITUDE": -113.682994, "POP_MAX": 448, "POP_MIN": 448, "POP_OTHER": 0, "RANK_MAX": 2, "RANK_MIN": 2, "MEGANAME": null, "LS_NAME": "Fort Resolution", "MAX_POP10": 448, "MAX_POP20": 448, "MAX_POP50": 0, "MAX_POP300": 0, "MAX_POP310": 0, "MAX_NATSCA": 20, "MIN_AREAKM": 1, "MAX_AREAKM": 1, "MIN_AREAMI": 0, "MAX_AREAMI": 0, "MIN_PERKM": 7, "MAX_PERKM": 7, "MIN_PERMI": 5, "MAX_PERMI": 5, "MIN_BBXMIN": -113.691667, "MAX_BBXMIN": -113.691666, "MIN_BBXMAX": -113.658333, "MAX_BBXMAX": -113.658333, "MIN_BBYMIN": 61.166666, "MAX_BBYMIN": 61.166667, "MIN_BBYMAX": 61.183332, "MAX_BBYMAX": 61.183333, "MEAN_BBXC": -113.67361, "MEAN_BBYC": 61.173611, "TIMEZONE": null, "UN_FID": 0, "POP1950": 0, "POP1955": 0, "POP1960": 0, "POP1965": 0, "POP1970": 0, "POP1975": 0, "POP1980": 0, "POP1985": 0, "POP1990": 0, "POP1995": 0, "POP2000": 0, "POP2005": 0, "POP2010": 0, "POP2015": 0, "POP2020": 0, "POP2025": 0, "POP2050": 0, "MIN_ZOOM": 6.0, "WIKIDATAID": "Q1438687", "WOF_ID": 1141909043, "CAPALT": 0, "NAME_EN": "Fort Resolution", "NAME_DE": "Fort Resolution", "NAME_ES": "Fort Resolution", "NAME_FR": "Fort Resolution", "NAME_PT": "Fort Resolution", "NAME_RU": "Форт-Ресольюшен", "NAME_ZH": "雷索盧申堡", "LABEL": null, "NAME_AR": "فورت ريزيلوشن", "NAME_BN": "ফোর্ট রেসোল্যুশন", "NAME_EL": "Φορτ Ρεζολούσιον", "NAME_HI": "फ़ोर्ट रीज़ोल्यूशन", "NAME_HU": "Fort Resolution", "NAME_ID": "Fort Resolution", "NAME_IT": "Fort Resolution", "NAME_JA": "フォートレゾリューション", "NAME_KO": "포트 리솔루션", "NAME_NL": "Fort Resolution", "NAME_PL": "Fort Resolution", "NAME_SV": "Fort Resolution", "NAME_TR": "Fort Resolution", "NAME_VI": "Fort Resolution", "NE_ID": 1159148883, "NAME_FA": "رزولوشن فورت", "NAME_HE": "פורט רזולושן", "NAME_UK": "Форт-Резолюшн", "NAME_UR": "فورٹ ریزولیوشن", "NAME_ZHT": "雷索盧申堡", "GEONAMESID": 5955925, "FCLASS_ISO": null, "FCLASS_US": null, "FCLASS_FR": null, "FCLASS_RU": null, "FCLASS_ES": null, "FCLASS_CN": null, "FCLASS_TW": null, "FCLASS_IN": null, "FCLASS_NP": null, "FCLASS_PK": null, "FCLASS_DE": null, "FCLASS_GB": null, "FCLASS_BR": null, "FCLASS_IL": null, "FCLASS_PS": null, "FCLASS_SA": null, "FCLASS_EG": null, "FCLASS_MA": null, "FCLASS_PT": null, "FCLASS_AR": null, "FCLASS_JP": null, "FCLASS_KO": null, "FCLASS_VN": null, "FCLASS_TR": null, "FCLASS_ID": null, "FCLASS_PL": null, "FCLASS_GR": null, "FCLASS_IT": null, "FCLASS_NL": null, "FCLASS_SE": null, "FCLASS_BD": null, "FCLASS_UA": null, "FCLASS_TLC": null }, "geometry": { "type": "Point", "coordinates": [ -113.682994, 61.1665882 ] } },
{ "type": "Feature", "properties": { "SCALERANK": 6, "NATSCALE": 30, "LABELRANK": 2, "FEATURECLA": "Populated place", "NAME": "Fort Simpson", "NAMEPAR": null, "NAMEALT": null, "NAMEASCII": "Fort Simpson", "ADM0CAP": 0, "CAPIN": null, "WORLDCITY": 0, "MEGACITY": 0, "SOV0NAME": "Canada", "SOV_A3": "CAN", "ADM0NAME": "Canada", "ADM0_A3": "CAN", "ADM1NAME": "Northwest Territories", "ISO_A2": "CA", "NOTE": null, "LATITUDE": 61.849983, "LONGITUDE": -121.333276, "POP_MAX": 283, "POP_MIN": 283, "POP_OTHER": 0, "RANK_MAX": 2, "RANK_MIN": 2, "MEGANAME": null, "LS_NAME": "Fort Simpson", "MAX_POP10": 283, "MAX_POP20": 283, "MAX_POP50": 0, "MAX_POP300": 0, "MAX_POP310": 0, "MAX_NATSCA": 20, "MIN_AREAKM": 1, "MAX_AREAKM": 1, "MIN_AREAMI": 0, "MAX_AREAMI": 0, "MIN_PERKM": 5, "MAX_PERKM": 5, "MIN_PERMI": 3, "MAX_PERMI": 3, "MIN_BBXMIN": -121.35, "MAX_BBXMIN": -121.35, "MIN_BBXMAX": -121.333333, "MAX_BBXMAX": -121.333333, "MIN_BBYMIN": 61.841667, "MAX_BBYMIN": 61.841667, "MIN_BBYMAX": 61.85, "MAX_BBYMAX": 61.85, "MEAN_BBXC": -121.341667, "MEAN_BBYC": 61.845833, "TIMEZONE": null, "UN_FID": 0, "POP1950": 0, "POP1955": 0, "POP1960": 0, "POP1965": 0, "POP1970": 0, "POP1975": 0, "POP1980": 0, "POP1985": 0, "POP1990": 0, "POP1995": 0, "POP2000": 0, "POP2005": 0, "POP2010": 0, "POP2015": 0, "POP2020": 0, "POP2025": 0, "POP2050": 0, "MIN_ZOOM": 6.0, "WIKIDATAID": "Q1240735", "WOF_ID": 1141909045, "CAPALT": 0, "NAME_EN": "Fort Simpson", "NAME_DE": "Fort Simpson", "NAME_ES": "Fort Simpson", "NAME_FR": "Fort Simpson", "NAME_PT": "Fort Simpson", "NAME_RU": "Форт-Симпсон", "NAME_ZH": "辛普森堡", "LABEL": null, "NAME_AR": "فورت سيمبسون", "NAME_BN": "ফোর্ট সিম্পসন", "NAME_EL": "Φορτ Σίμπσον", "NAME_HI": "फ़ोर्ट सिम्पसन", "NAME_HU": "Fort Simpson", "NAME_ID": "Fort Simpson", "NAME_IT": "Fort Simpson", "NAME_JA": "フォートシンプソン", "NAME_KO": "포트 심슨", "NAME_NL": "Fort Simpson", "NAME_PL": "Fort Simpson", "NAME_SV": "Fort Simpson", "NAME_TR": "Fort Simpson", "NAME_VI": "Fort Simpson", "NE_ID": 1159148885, "NAME_FA": "فورت سیمسون", "NAME_HE": "פורט סימפסון", "NAME_UK": "Форт-Сімпсон", "NAME_UR": "فورٹ سمپسن", "NAME_ZHT": "辛普森堡", "GEONAMESID": 5955953, "FCLASS_ISO": null, "FCLASS_US": null, "FCLASS_FR": null, "FCLASS_RU": null, "FCLASS_ES": null, "FCLASS_CN": null, "FCLASS_TW": null, "FCLASS_IN": null, "FCLASS_NP": null, "FCLASS_PK": null, "FCLASS_DE": null, "FCLASS_GB": null, "FCLASS_BR": null, "FCLASS_IL": null, "FCLASS_PS": null, "FCLASS_SA": null, "FCLASS_EG": null, "FCLASS_MA": null, "FCLASS_PT": null, "FCLASS_AR": null, "FCLASS_JP": null, "FCLASS_KO": null, "FCLASS_VN": null, "FCLASS_TR": null, "FCLASS_ID": null, "FCLASS_PL": null, "FCLASS_GR": null, "FCLASS_IT": null, "FCLASS_NL": null, "FCLASS_SE": null, "FCLASS_BD": null, "FCLASS_UA": null, "FCLASS_TLC": null }, "geometry": { "type": "Point", "coordinates": [ -121.3332764, 61.8499831 ] } },
{ "type": "Feature", "properties": { "SCALERANK": 6, "NATSCALE": 30, "LABELRANK": 2, "FEATURECLA": "Populated place", "NAME": "Inuvik", "NAMEPAR": null, "NAMEALT": null, "NAMEASCII": "Inuvik", "ADM0CAP": 0, "CAPIN": null, "WORLDCITY": 0, "MEGACITY": 0, "SOV0NAME": "Canada", "SOV_A3": "CAN", "ADM0NAME": "Canada", "ADM0_A3": "CAN", "ADM1NAME": "Northwest Territories", "ISO_A2": "CA", "NOTE": null, "LATITUDE": 68.349974, "LONGITUDE": -133.699989, "POP_MAX": 3022, "POP_MIN": 3022, "POP_OTHER": 0, "RANK_MAX": 4, "RANK_MIN": 4, "MEGANAME": null, "LS_NAME": "Inuvik", "MAX_POP10": 0, "MAX_POP20": 0, "MAX_POP50": 0, "MAX_POP300": 0, "MAX_POP310": 0, "MAX_NATSCA": 0, "MIN_AREAKM": 0, "MAX_AREAKM": 0, "MIN_AREAMI": 0, "MAX_AREAMI": 0, "MIN_PERKM": 0, "MAX_PERKM": 0, "MIN_PERMI": 0, "MAX_PERMI": 0, "MIN_BBXMIN": 0.0, "MAX_BBXMIN": 0.0, "MIN_BBXMAX": 0.0, "MAX_BBXMAX": 0.0, "MIN_BBYMIN": 0.0, "MAX_BBYMIN": 0.0, "MIN_BBYMAX": 0.0, "MAX_BBYMAX": 0.0, "MEAN_BBXC": 0.0, "MEAN_BBYC": 0.0, "TIMEZONE": "America/Inuvik", "UN_FID": 0, "POP1950": 0, "POP1955": 0, "POP1960": 0, "POP1965": 0, "POP1970": 0, "POP1975": 0, "POP1980": 0, "POP1985": 0, "POP1990": 0, "POP1995": 0, "POP2000": 0, "POP2005": 0, "POP2010": 0, "POP2015": 0, "POP2020": 0, "POP2025": 0, "POP2050": 0, "MIN_ZOOM": 6.0, "WIKIDATAID": "Q338686", "WOF_ID": 101735407, "CAPALT": 0, "NAME_EN": "Inuvik", "NAME_DE": "Inuvik", "NAME_ES": "Inuvik", "NAME_FR": "Inuvik", "NAME_PT": "Inuvik", "NAME_RU": "Инувик", "NAME_ZH": "因纽维克", "LABEL": null, "NAME_AR": "إنوفيك", "NAME_BN": "ইনুভিক", "NAME_EL": "Ινούβικ", "NAME_HI": "इनुविक", "NAME_HU": "Inuvik", "NAME_ID": "Inuvik", "NAME_IT": "Inuvik", "NAME_JA": "イヌヴィック", "NAME_KO": "이누빅", "NAME_NL": "Inuvik", "NAME_PL": "Inuvik", "NAME_SV": "Inuvik", "NAME_TR": "İnuvik", "NAME_VI": "Inuvik", "NE_ID": 1159148887, "NAME_FA": "اینوویک", "NAME_HE": "אינוויק", "NAME_UK": "Інувік", "NAME_UR": "انوئک", "NAME_ZHT": "因纽维克", "GEONAMESID": 5983607, "FCLASS_ISO": null, "FCLASS_US": null, "FCLASS_FR": null, "FCLASS_RU": null, "FCLASS_ES": null, "FCLASS_CN": null, "FCLASS_TW": null, "FCLASS_IN": null, "FCLASS_NP": null, "FCLASS_PK": null, "FCLASS_DE": null, "FCLASS_GB": null, "FCLASS_BR": null, "FCLASS_IL": null, "FCLASS_PS": null, "FCLASS_SA": null, "FCLASS_EG": null, "FCLASS_MA": null, "FCLASS_PT": null, "FCLASS_AR": null, "FCLASS_JP": null, "FCLASS_KO": null, "FCLASS_VN": null, "FCLASS_TR": null, "FCLASS_ID": null, "FCLASS_PL": null, "FCLASS_GR": null, "FCLASS_IT": null, "FCLASS_NL": null, "FCLASS_SE": null, "FCLASS_BD": null, "FCLASS_UA": null, "FCLASS_TLC": null }, "geometry": { "type": "Point", "coordinates": [ -133.6999893, 68.349974 ] } },
{ "type": "Feature", "properties": { "SCALERANK": 6, "NATSCALE": 30, "LABELRANK": 2, "FEATURECLA": "Populated place", "NAME": "Tuktoyaktuk", "NAMEPAR": null, "NAMEALT": null, "NAMEASCII": "Tuktoyaktuk", "ADM0CAP": 0, "CAPIN": null, "WORLDCITY": 0, "MEGACITY": 0, "SOV0NAME": "Canada", "SOV_A3": "CAN", "ADM0NAME": "Canada", "ADM0_A3": "CAN", "ADM1NAME": "Northwest Territories", "ISO_A2": "CA", "NOTE": null, "LATITUDE": 69.454775, "LONGITUDE": -133.049201, "POP_MAX": 929, "POP_MIN": 870, "POP_OTHER": 0, "RANK_MAX": 2, "RANK_MIN": 2, "MEGANAME": null, "LS_NAME": "Tuktoyaktuk", "MAX_POP10": 0, "MAX_POP20": 0, "MAX_POP50": 0, "MAX_POP300": 0, "MAX_POP310": 0, "MAX_NATSCA": 0, "MIN_AREAKM": 0, "MAX_AREAKM": 0, "MIN_AREAMI": 0, "MAX_AREAMI": 0, "MIN_PERKM": 0, "MAX_PERKM": 0, "MIN_PERMI": 0, "MAX_PERMI": 0, "MIN_BBXMIN": 0.0, "MAX_BBXMIN": 0.0, "MIN_BBXMAX": 0.0, "MAX_BBXMAX": 0.0, "MIN_BBYMIN": 0.0, "MAX_BBYMIN": 0.0, "MIN_BBYMAX": 0.0, "MAX_BBYMAX": 0.0, "MEAN_BBXC": 0.0, "MEAN_BBYC": 0.0, "TIMEZONE": null, "UN_FID": 0, "POP1950": 0, "POP1955": 0, "POP1960": 0, "POP1965": 0, "POP1970": 0, "POP1975": 0, "POP1980": 0, "POP1985": 0, "POP1990": 0, "POP1995": 0, "POP2000": 0, "POP2005": 0, "POP2010": 0, "POP2015": 0, "POP2020": 0, "POP2025": 0, "POP2050": 0, "MIN_ZOOM": 6.0, "WIKIDATAID": "Q719547", "WOF_ID": 1141909049, "CAPALT": 0, "NAME_EN": "Tuktoyaktuk", "NAME_DE": "Tuktoyaktuk", "NAME_ES": "Tuktoyaktuk", "NAME_FR": "Tuktoyaktuk", "NAME_PT": "Tuktoyaktuk", "NAME_RU": "Тактояктук", "NAME_ZH": "图克托亚图克", "LABEL": null, "NAME_AR": "توكتوياكتوك", "NAME_BN": "তুকতোইয়াকতুক", "NAME_EL": "Τουκτογιάκτουκ", "NAME_HI": "तुक्तोयाक्तुक", "NAME_HU": "Tuktoyaktuk", "NAME_ID": "Tuktoyaktuk", "NAME_IT": "Tuktoyaktuk", "NAME_JA": "トゥクトヤクトゥク", "NAME_KO": "뚝토약툭", "NAME_NL": "Tuktoyaktuk", "NAME_PL": "Tuktoyaktuk", "NAME_SV": "Tuktoyaktuk", "NAME_TR": "Tuktoyaktuk", "NAME_VI": "Tuktoyaktuk", "NE_ID": 1159148891, "NAME_FA": "توکتویاکتوک", "NAME_HE": "טוקטויאטוק", "NAME_UK": "Туктояктук", "NAME_UR": "ٹکٹویاکٹک", "NAME_ZHT": "圖克托亞圖克", "GEONAMESID": 6170031, "FCLASS_ISO": null, "FCLASS_US": null, "FCLASS_FR": null, "FCLASS_RU": null, "FCLASS_ES": null, "FCLASS_CN": null, "FCLASS_TW": null, "FCLASS_IN": null, "FCLASS_NP": null, "FCLASS_PK": null, "FCLASS_DE": null, "FCLASS_GB": null, "FCLASS_BR": null, "FCLASS_IL": null, "FCLASS_PS": null, "FCLASS_SA": null, "FCLASS_EG": null, "FCLASS_MA": null, "FCLASS_PT": null, "FCLASS_AR": null, "FCLASS_JP": null, "FCLASS_KO": null, "FCLASS_VN": null, "FCLASS_TR": null, "FCLASS_ID": null, "FCLASS_PL": null, "FCLASS_GR": null, "FCLASS_IT": null, "FCLASS_NL": null, "FCLASS_SE": null, "FCLASS_BD": null, "FCLASS_UA": null, "FCLASS_TLC": null }, "geometry": { "type": "Point", "coordinates": [ -133.0492013, 69.4547746 ] } },
{ "type": "Feature", "properties": { "SCALERANK": 6, "NATSCALE": 30, "LABELRANK": 2, "FEATURECLA": "Populated place", "NAME": "Watson Lake", "NAMEPAR": null, "NAMEALT": null, "NAMEASCII": "Watson Lake", "ADM0CAP": 0, "CAPIN": null, "WORLDCITY": 0, "MEGACITY": 0, "SOV0NAME": "Canada", "SOV_A3": "CAN", "ADM0NAME": "Canada", "ADM0_A3": "CAN", "ADM1NAME": "Yukon", "ISO_A2": "CA", "NOTE": null, "LATITUDE": 60.116626, "LONGITUDE": -128.80003, "POP_MAX": 802, "POP_MIN": 802, "POP_OTHER": 0, "RANK_MAX": 2, "RANK_MIN": 2, "MEGANAME": null, "LS_NAME": "Watson Lake", "MAX_POP10": 0, "MAX_POP20": 0, "MAX_POP50": 0, "MAX_POP300": 0, "MAX_POP310": 0, "MAX_NATSCA": 0, "MIN_AREAKM": 0, "MAX_AREAKM": 0, "MIN_AREAMI": 0, "MAX_AREAMI": 0, "MIN_PERKM": 0, "MAX_PERKM": 0, "MIN_PERMI": 0, "MAX_PERMI": 0, "MIN_BBXMIN": 0.0, "MAX_BBXMIN": 0.0, "MIN_BBXMAX": 0.0, "MAX_BBXMAX": 0.0, "MIN_BBYMIN": 0.0, "MAX_BBYMIN": 0.0, "MIN_BBYMAX": 0.0, "MAX_BBYMAX": 0.0, "MEAN_BBXC": 0.0, "MEAN_BBYC": 0.0, "TIMEZONE": null, "UN_FID": 0, "POP1950": 0, "POP1955": 0, "POP1960": 0, "POP1965": 0, "POP1970": 0, "POP1975": 0, "POP1980": 0, "POP1985": 0, "POP1990": 0, "POP1995": 0, "POP2000": 0, "POP2005": 0, "POP2010": 0, "POP2015": 0, "POP2020": 0, "POP2025": 0, "POP2050": 0, "MIN_ZOOM": 6.0, "WIKIDATAID": "Q1025947", "WOF_ID": 1141909051, "CAPALT": 0, "NAME_EN": "Watson Lake", "NAME_DE": "Watson Lake", "NAME_ES": "Watson Lake", "NAME_FR": "Watson Lake", "NAME_PT": "Watson Lake", "NAME_RU": "Уотсон-Лейк", "NAME_ZH": "沃森湖鎮", "LABEL": null, "NAME_AR": "بحيرة واتسون", "NAME_BN": "ওয়াটসন লেক", "NAME_EL": "Γουώτσον Λέικ", "NAME_HI": "वॉट्सन लेक", "NAME_HU": "Watson Lake", "NAME_ID": "Watson Lake", "NAME_IT": "Watson Lake", "NAME_JA": "ワトソン湖", "NAME_KO": "왓슨 레이크", "NAME_NL": "Watson Lake", "NAME_PL": "Watson Lake", "NAME_SV": "Watson Lake", "NAME_TR": "Watson Lake", "NAME_VI": "Watson Lake", "NE_ID": 1159148893, "NAME_FA": "واتسون لیک", "NAME_HE": "אגם ווטסון", "NAME_UK": "Вотсон-Лейк", "NAME_UR": "واٹسن لیک", "NAME_ZHT": "沃森湖鎮", "GEONAMESID": 6176992, "FCLASS_ISO": null, "FCLASS_US": null, "FCLASS_FR": null, "FCLASS_RU": null, "FCLASS_ES": null, "FCLASS_CN": null, "FCLASS_TW": null, "FCLASS_IN": null, "FCLASS_NP": null, "FCLASS_PK": null, "FCLASS_DE": null, "FCLASS_GB": null, "FCLASS_BR": null, "FCLASS_IL": null, "FCLASS_PS": null, "FCLASS_SA": null, "FCLASS_EG": null, "FCLASS_MA": null, "FCLASS_PT": null, "FCLASS_AR": null, "FCLASS_JP": null, "FCLASS_KO": null, "FCLASS_VN": null, "FCLASS_TR": null, "FCLASS_ID": null, "FCLASS_PL": null, "FCLASS_GR": null, "FCLASS_IT": null, "FCLASS_NL": null, "FCLASS_SE": null, "FCLASS_BD": null, "FCLASS_UA": null, "FCLASS_TLC": null }, "geometry": { "type": "Point", "coordinates": [ -128.711692444487852, 60.062305630873361 ] } },
{ "type": "Feature", "properties": { "SCALERANK": 6, "NATSCALE": 30, "LABELRANK": 2, "FEATURECLA": "Populated place", "NAME": "Lansdowne House", "NAMEPAR": null, "NAMEALT": null, "NAMEASCII": "Lansdowne House", "ADM0CAP": 0, "CAPIN": null, "WORLDCITY": 0, "MEGACITY": 0, "SOV0NAME": "Canada", "SOV_A3": "CAN", "ADM0NAME": "Canada", "ADM0_A3": "CAN", "ADM1NAME": "Ontario", "ISO_A2": "CA", "NOTE": null, "LATITUDE": 52.216644, "LONGITUDE": -87.883329, "POP_MAX": 120, "POP_MIN": 120, "POP_OTHER": 0, "RANK_MAX": 1, "RANK_MIN": 1, "MEGANAME": null, "LS_NAME": "Lansdowne House", "MAX_POP10": 120, "MAX_POP20": 120, "MAX_POP50": 0, "MAX_POP300": 0, "MAX_POP310": 0, "MAX_NATSCA": 20, "MIN_AREAKM": 1, "MAX_AREAKM": 1, "MIN_AREAMI": 0, "MAX_AREAMI": 0, "MIN_PERKM": 3, "MAX_PERKM": 3, "MIN_PERMI": 2, "MAX_PERMI": 2, "MIN_BBXMIN": -87.891667, "MAX_BBXMIN": -87.891667, "MIN_BBXMAX": -87.883333, "MAX_BBXMAX": -87.883333, "MIN_BBYMIN": 52.216667, "MAX_BBYMIN": 52.216667, "MIN_BBYMAX": 52.225, "MAX_BBYMAX": 52.225, "MEAN_BBXC": -87.8875, "MEAN_BBYC": 52.220833, "TIMEZONE": null, "UN_FID": 0, "POP1950": 0, "POP1955": 0, "POP1960": 0, "POP1965": 0, "POP1970": 0, "POP1975": 0, "POP1980": 0, "POP1985": 0, "POP1990": 0, "POP1995": 0, "POP2000": 0, "POP2005": 0, "POP2010": 0, "POP2015": 0, "POP2020": 0, "POP2025": 0, "POP2050": 0, "MIN_ZOOM": 6.0, "WIKIDATAID": null, "WOF_ID": 1141909059, "CAPALT": 0, "NAME_EN": "Neskantaga First Nation", "NAME_DE": "Lansdowne House", "NAME_ES": "Lansdowne House", "NAME_FR": "Lansdowne House", "NAME_PT": "Neskantaga", "NAME_RU": "Лансдаун-Хаус", "NAME_ZH": "兰斯当豪斯", "LABEL": null, "NAME_AR": "منزل لانسداون", "NAME_BN": "ল্যান্ডসডাউন হাউস", "NAME_EL": "Λάνσνταουν Χάους", "NAME_HI": "लैंज़्डाउन हाउस", "NAME_HU": "Lansdowne House", "NAME_ID": "Lansdowne House", "NAME_IT": "Lansdowne House", "NAME_JA": "ランズダウンハウス", "NAME_KO": "랜스다운 하우스", "NAME_NL": "Lansdowne House", "NAME_PL": "Lansdowne House", "NAME_SV": "Lansdowne House", "NAME_TR": "Lansdowne House", "NAME_VI": "Lansdowne House", "NE_ID": 1159148901, "NAME_FA": "لنسدان هوس", "NAME_HE": "לנדסוון האוס", "NAME_UK": "Ленсдоун-Хаус", "NAME_UR": "لینزڈاؤن ہاؤس", "NAME_ZHT": "蘭斯當豪斯", "GEONAMESID": -1, "FCLASS_ISO": null, "FCLASS_US": null, "FCLASS_FR": null, "FCLASS_RU": null, "FCLASS_ES": null, "FCLASS_CN": null, "FCLASS_TW": null, "FCLASS_IN": null, "FCLASS_NP": null, "FCLASS_PK": null, "FCLASS_DE": null, "FCLASS_GB": null, "FCLASS_BR": null, "FCLASS_IL": null, "FCLASS_PS": null, "FCLASS_SA": null, "FCLASS_EG": null, "FCLASS_MA": null, "FCLASS_PT": null, "FCLASS_AR": null, "FCLASS_JP": null, "FCLASS_KO": null, "FCLASS_VN": null, "FCLASS_TR": null, "FCLASS_ID": null, "FCLASS_PL": null, "FCLASS_GR": null, "FCLASS_IT": null, "FCLASS_NL": null, "FCLASS_SE": null, "FCLASS_BD": null, "FCLASS_UA": null, "FCLASS_TLC": null }, "geometry": { "type": "Point", "coordinates": [ -87.8833285, 52.2166435 ] } },
{ "type": "Feature", "properties": { "SCALERANK": 6, "NATSCALE": 30, "LABELRANK": 2, "FEATURECLA": "Populated place", "NAME": "Moosonee", "NAMEPAR": null, "NAMEALT": null, "NAMEASCII": "Moosonee", "ADM0CAP": 0, "CAPIN": null, "WORLDCITY": 0, "MEGACITY": 0, "SOV0NAME": "Canada", "SOV_A3": "CAN", "ADM0NAME": "Canada", "ADM0_A3": "CAN", "ADM1NAME": "Ontario", "ISO_A2": "CA", "NOTE": null, "LATITUDE": 51.280602, "LONGITUDE": -80.657981, "POP_MAX": 1725, "POP_MIN": 1725, "POP_OTHER": 0, "RANK_MAX": 3, "RANK_MIN": 3, "MEGANAME": null, "LS_NAME": "Moosonee", "MAX_POP10": 0, "MAX_POP20": 0, "MAX_POP50": 0, "MAX_POP300": 0, "MAX_POP310": 0, "MAX_NATSCA": 0, "MIN_AREAKM": 0, "MAX_AREAKM": 0, "MIN_AREAMI": 0, "MAX_AREAMI": 0, "MIN_PERKM": 0, "MAX_PERKM": 0, "MIN_PERMI": 0, "MAX_PERMI": 0, "MIN_BBXMIN": 0.0, "MAX_BBXMIN": 0.0, "MIN_BBXMAX": 0.0, "MAX_BBXMAX": 0.0, "MIN_BBYMIN": 0.0, "MAX_BBYMIN": 0.0, "MIN_BBYMAX": 0.0, "MAX_BBYMAX": 0.0, "MEAN_BBXC": 0.0, "MEAN_BBYC": 0.0, "TIMEZONE": null, "UN_FID": 0, "POP1950": 0, "POP1955": 0, "POP1960": 0, "POP1965": 0, "POP1970": 0, "POP1975": 0, "POP1980": 0, "POP1985": 0, "POP1990": 0, "POP1995": 0, "POP2000": 0, "POP2005": 0, "POP2010": 0, "POP2015": 0, "POP2020": 0, "POP2025": 0, "POP2050": 0, "MIN_ZOOM": 6.0, "WIKIDATAID": "Q1736159", "WOF_ID": 1141909061, "CAPALT": 0, "NAME_EN": "Moosonee", "NAME_DE": "Moosonee", "NAME_ES": "Moosonee", "NAME_FR": "Moosonee", "NAME_PT": "Moosonee", "NAME_RU": "Мусони", "NAME_ZH": "穆索尼", "LABEL": null, "NAME_AR": "موسوني", "NAME_BN": "মুসোনি", "NAME_EL": "Μουσονί", "NAME_HI": "मूसोनी", "NAME_HU": "Moosonee", "NAME_ID": "Moosonee", "NAME_IT": "Moosonee", "NAME_JA": "ムースニー", "NAME_KO": "무소니", "NAME_NL": "Moosonee", "NAME_PL": "Moosonee", "NAME_SV": "Moosonee", "NAME_TR": "Moosonee", "NAME_VI": "Moosonee", "NE_ID": 1159148903, "NAME_FA": "موزونی", "NAME_HE": "מונסונה", "NAME_UK": "Мусоні", "NAME_UR": "موسونی", "NAME_ZHT": "穆索尼", "GEONAMESID": 6078372, "FCLASS_ISO": null, "FCLASS_US": null, "FCLASS_FR": null, "FCLASS_RU": null, "FCLASS_ES": null, "FCLASS_CN": null, "FCLASS_TW": null, "FCLASS_IN": null, "FCLASS_NP": null, "FCLASS_PK": null, "FCLASS_DE": null, "FCLASS_GB": null, "FCLASS_BR": null, "FCLASS_IL": null, "FCLASS_PS": null, "FCLASS_SA": null, "FCLASS_EG": null, "FCLASS_MA": null, "FCLASS_PT": null, "FCLASS_AR": null, "FCLASS_JP": null, "FCLASS_KO": null, "FCLASS_VN": null, "FCLASS_TR": null, "FCLASS_ID": null, "FCLASS_PL": null, "FCLASS_GR": null, "FCLASS_IT": null, "FCLASS_NL": null, "FCLASS_SE": null, "FCLASS_BD": null, "FCLASS_UA": null, "FCLASS_TLC": null }, "geometry": { "type": "Point", "coordinates": [ -80.6579814, 51.2806024 ] } },
{ "type": "Feature", "properties": { "SCALERANK": 6, "NATSCALE": 30, "LABELRANK": 2, "FEATURECLA": "Populated place", "NAME": "Sudbury", "NAMEPAR": null, "NAMEALT": null, "NAMEASCII": "Sudbury", "ADM0CAP": 0, "CAPIN": null, "WORLDCITY": 0, "MEGACITY": 0, "SOV0NAME": "Canada", "SOV_A3": "CAN", "ADM0NAME": "Canada", "ADM0_A3": "CAN", "ADM1NAME": "Ontario", "ISO_A2": "CA", "NOTE": null, "LATITUDE": 46.49999, "LONGITUDE": -80.966645, "POP_MAX": 157857, "POP_MIN": 80507, "POP_OTHER": 0, "RANK_MAX": 9, "RANK_MIN": 8, "MEGANAME": null, "LS_NAME": "Sudbury", "MAX_POP10": 80507, "MAX_POP20": 80507, "MAX_POP50": 0, "MAX_POP300": 0, "MAX_POP310": 0, "MAX_NATSCA": 20, "MIN_AREAKM": 87, "MAX_AREAKM": 87, "MIN_AREAMI": 33, "MAX_AREAMI": 33, "MIN_PERKM": 101, "MAX_PERKM": 101, "MIN_PERMI": 63, "MAX_PERMI": 63, "MIN_BBXMIN": -81.075, "MAX_BBXMIN": -81.075, "MIN_BBXMAX": -80.891667, "MAX_BBXMAX": -80.891667, "MIN_BBYMIN": 46.416667, "MAX_BBYMIN": 46.416667, "MIN_BBYMAX": 46.541667, "MAX_BBYMAX": 46.541667, "MEAN_BBXC": -80.972317, "MEAN_BBYC": 46.481507, "TIMEZONE": "America/Toronto", "UN_FID": 0, "POP1950": 0, "POP1955": 0, "POP1960": 0, "POP1965": 0, "POP1970": 0, "POP1975": 0, "POP1980": 0, "POP1985": 0, "POP1990": 0, "POP1995": 0, "POP2000": 0, "POP2005": 0, "POP2010": 0, "POP2015": 0, "POP2020": 0, "POP2025": 0, "POP2050": 0, "MIN_ZOOM": 6.0, "WIKIDATAID": "Q383434", "WOF_ID": 101735493, "CAPALT": 0, "NAME_EN": "Greater Sudbury", "NAME_DE": "Greater Sudbury", "NAME_ES": "Gran Sudbury", "NAME_FR": "Grand Sudbury", "NAME_PT": "Sudbury", "NAME_RU": "Грейтер-Садбери", "NAME_ZH": "大萨德伯里", "LABEL": null, "NAME_AR": "غريتر سودبوري", "NAME_BN": "গ্রেটার সোদবারি", "NAME_EL": "Σάντμπερυ", "NAME_HI": "सडबरी", "NAME_HU": "Sudbury", "NAME_ID": "Greater Sudbury", "NAME_IT": "Greater Sudbury", "NAME_JA": "サドバリー", "NAME_KO": "서드베리", "NAME_NL": "Greater Sudbury", "NAME_PL": "Greater Sudbury", "NAME_SV": "Greater Sudbury", "NAME_TR": "Greater Sudbury", "NAME_VI": "Greater Sudbury", "NE_ID": 1159148905, "NAME_FA": "سودبری", "NAME_HE": "גרייטר סדברי", "NAME_UK": "Садбері", "NAME_UR": "گریٹر سڈبری", "NAME_ZHT": "實貝里", "GEONAMESID": 5964700, "FCLASS_ISO": null, "FCLASS_US": null, "FCLASS_FR": null, "FCLASS_RU": null, "FCLASS_ES": null, "FCLASS_CN": null, "FCLASS_TW": null, "FCLASS_IN": null, "FCLASS_NP": null, "FCLASS_PK": null, "FCLASS_DE": null, "FCLASS_GB": null, "FCLASS_BR": null, "FCLASS_IL": null, "FCLASS_PS": null, "FCLASS_SA": null, "FCLASS_EG": null, "FCLASS_MA": null, "FCLASS_PT": null, "FCLASS_AR": null, "FCLASS_JP": null, "FCLASS_KO": null, "FCLASS_VN": null, "FCLASS_TR": null, "FCLASS_ID": null, "FCLASS_PL": null, "FCLASS_GR": null, "FCLASS_IT": null, "FCLASS_NL": null, "FCLASS_SE": null, "FCLASS_BD": null, "FCLASS_UA": null, "FCLASS_TLC": null }, "geometry": { "type": "Point", "coordinates": [ -80.9666447, 46.4999898 ] } },
{ "type": "Feature", "properties": { "SCALERANK": 6, "NATSCALE": 30, "LABELRANK": 2, "FEATURECLA": "Populated place", "NAME": "Kenora", "NAMEPAR": null, "NAMEALT": null, "NAMEASCII": "Kenora", "ADM0CAP": 0, "CAPIN": null, "WORLDCITY": 0, "MEGACITY": 0, "SOV0NAME": "Canada", "SOV_A3": "CAN", "ADM0NAME": "Canada", "ADM0_A3": "CAN", "ADM1NAME": "Ontario", "ISO_A2": "CA", "NOTE": null, "LATITUDE": 49.76669, "LONGITUDE": -94.466648, "POP_MAX": 10852, "POP_MIN": 10852, "POP_OTHER": 0, "RANK_MAX": 6, "RANK_MIN": 6, "MEGANAME": null, "LS_NAME": "Kenora", "MAX_POP10": 10852, "MAX_POP20": 10852, "MAX_POP50": 0, "MAX_POP300": 0, "MAX_POP310": 0, "MAX_NATSCA": 20, "MIN_AREAKM": 12, "MAX_AREAKM": 12, "MIN_AREAMI": 5, "MAX_AREAMI": 5, "MIN_PERKM": 21, "MAX_PERKM": 21, "MIN_PERMI": 13, "MAX_PERMI": 13, "MIN_BBXMIN": -94.5, "MAX_BBXMIN": -94.5, "MIN_BBXMAX": -94.433333, "MAX_BBXMAX": -94.433333, "MIN_BBYMIN": 49.75, "MAX_BBYMIN": 49.75, "MIN_BBYMAX": 49.791667, "MAX_BBYMAX": 49.791667, "MEAN_BBXC": -94.467045, "MEAN_BBYC": 49.773485, "TIMEZONE": null, "UN_FID": 0, "POP1950": 0, "POP1955": 0, "POP1960": 0, "POP1965": 0, "POP1970": 0, "POP1975": 0, "POP1980": 0, "POP1985": 0, "POP1990": 0, "POP1995": 0, "POP2000": 0, "POP2005": 0, "POP2010": 0, "POP2015": 0, "POP2020": 0, "POP2025": 0, "POP2050": 0, "MIN_ZOOM": 6.0, "WIKIDATAID": "Q993714", "WOF_ID": 1141909063, "CAPALT": 0, "NAME_EN": "Kenora", "NAME_DE": "Kenora", "NAME_ES": "Kenora", "NAME_FR": "Kenora", "NAME_PT": "Kenora", "NAME_RU": "Кенора", "NAME_ZH": "肯诺拉", "LABEL": null, "NAME_AR": "كينورا", "NAME_BN": "কেনোরা", "NAME_EL": "Κενόρα", "NAME_HI": "केनोरा", "NAME_HU": "Kenora", "NAME_ID": "Kenora", "NAME_IT": "Kenora", "NAME_JA": "ケノーラ", "NAME_KO": "케노라", "NAME_NL": "Kenora", "NAME_PL": "Kenora", "NAME_SV": "Kenora", "NAME_TR": "Kenora", "NAME_VI": "Kenora", "NE_ID": 1159148909, "NAME_FA": "کنورا", "NAME_HE": "קנורה", "NAME_UK": "Кенора", "NAME_UR": "کینورا", "NAME_ZHT": "肯諾拉", "GEONAMESID": 5991055, "FCLASS_ISO": null, "FCLASS_US": null, "FCLASS_FR": null, "FCLASS_RU": null, "FCLASS_ES": null, "FCLASS_CN": null, "FCLASS_TW": null, "FCLASS_IN": null, "FCLASS_NP": null, "FCLASS_PK": null, "FCLASS_DE": null, "FCLASS_GB": null, "FCLASS_BR": null, "FCLASS_IL": null, "FCLASS_PS": null, "FCLASS_SA": null, "FCLASS_EG": null, "FCLASS_MA": null, "FCLASS_PT": null, "FCLASS_AR": null, "FCLASS_JP": null, "FCLASS_KO": null, "FCLASS_VN": null, "FCLASS_TR": null, "FCLASS_ID": null, "FCLASS_PL": null, "FCLASS_GR": null, "FCLASS_IT": null, "FCLASS_NL": null, "FCLASS_SE": null, "FCLASS_BD": null, "FCLASS_UA": null, "FCLASS_TLC": null }, "geometry": { "type": "Point", "coordinates": [ -94.4666476, 49.7666897 ] } },
{ "type": "Feature", "properties": { "SCALERANK": 6, "NATSCALE": 30, "LABELRANK": 2, "FEATURECLA": "Populated place", "NAME": "Gaspé", "NAMEPAR": null, "NAMEALT": null, "NAMEASCII": "Gaspe", "ADM0CAP": 0, "CAPIN": null, "WORLDCITY": 0, "MEGACITY": 0, "SOV0NAME": "Canada", "SOV_A3": "CAN", "ADM0NAME": "Canada", "ADM0_A3": "CAN", "ADM1NAME": "Québec", "ISO_A2": "CA", "NOTE": null, "LATITUDE": 48.837315, "LONGITUDE": -64.493361, "POP_MAX": 3677, "POP_MIN": 3331, "POP_OTHER": 3548, "RANK_MAX": 4, "RANK_MIN": 4, "MEGANAME": null, "LS_NAME": "Gaspe", "MAX_POP10": 3677, "MAX_POP20": 3677, "MAX_POP50": 0, "MAX_POP300": 0, "MAX_POP310": 0, "MAX_NATSCA": 20, "MIN_AREAKM": 5, "MAX_AREAKM": 5, "MIN_AREAMI": 2, "MAX_AREAMI": 2, "MIN_PERKM": 11, "MAX_PERKM": 11, "MIN_PERMI": 7, "MAX_PERMI": 7, "MIN_BBXMIN": -64.5, "MAX_BBXMIN": -64.5, "MIN_BBXMAX": -64.466667, "MAX_BBXMAX": -64.466667, "MIN_BBYMIN": 48.816667, "MAX_BBYMIN": 48.816667, "MIN_BBYMAX": 48.841667, "MAX_BBYMAX": 48.841667, "MEAN_BBXC": -64.484375, "MEAN_BBYC": 48.830208, "TIMEZONE": "America/Montreal", "UN_FID": 0, "POP1950": 0, "POP1955": 0, "POP1960": 0, "POP1965": 0, "POP1970": 0, "POP1975": 0, "POP1980": 0, "POP1985": 0, "POP1990": 0, "POP1995": 0, "POP2000": 0, "POP2005": 0, "POP2010": 0, "POP2015": 0, "POP2020": 0, "POP2025": 0, "POP2050": 0, "MIN_ZOOM": 6.0, "WIKIDATAID": "Q141903", "WOF_ID": 101738009, "CAPALT": 0, "NAME_EN": "Gaspé", "NAME_DE": "Gaspé", "NAME_ES": "Gaspé", "NAME_FR": "Gaspé", "NAME_PT": "Gaspé", "NAME_RU": "Гаспе", "NAME_ZH": "加斯佩", "LABEL": null, "NAME_AR": "غاسبيه", "NAME_BN": "গাস্পে", "NAME_EL": "Γκασπέ", "NAME_HI": "गेस्पे", "NAME_HU": "Gaspé", "NAME_ID": "Gaspé", "NAME_IT": "Gaspé", "NAME_JA": "ガスペ", "NAME_KO": "가스페", "NAME_NL": "Gaspé", "NAME_PL": "Gaspé", "NAME_SV": "Gaspé", "NAME_TR": "Gaspé", "NAME_VI": "Gaspe", "NE_ID": 1159148911, "NAME_FA": "گاسپه", "NAME_HE": "גאספה", "NAME_UK": "Гаспе", "NAME_UR": "جاسپی", "NAME_ZHT": "加斯佩", "GEONAMESID": 5959878, "FCLASS_ISO": null, "FCLASS_US": null, "FCLASS_FR": null, "FCLASS_RU": null, "FCLASS_ES": null, "FCLASS_CN": null, "FCLASS_TW": null, "FCLASS_IN": null, "FCLASS_NP": null, "FCLASS_PK": null, "FCLASS_DE": null, "FCLASS_GB": null, "FCLASS_BR": null, "FCLASS_IL": null, "FCLASS_PS": null, "FCLASS_SA": null, "FCLASS_EG": null, "FCLASS_MA": null, "FCLASS_PT": null, "FCLASS_AR": null, "FCLASS_JP": null, "FCLASS_KO": null, "FCLASS_VN": null, "FCLASS_TR": null, "FCLASS_ID": null, "FCLASS_PL": null, "FCLASS_GR": null, "FCLASS_IT": null, "FCLASS_NL": null, "FCLASS_SE": null, "FCLASS_BD": null, "FCLASS_UA": null, "FCLASS_TLC": null }, "geometry": { "type": "Point", "coordinates": [ -64.4933608, 48.8373149 ] } },
{ "type": "Feature", "properties": { "SCALERANK": 6, "NATSCALE": 30, "LABELRANK": 2, "FEATURECLA": "Populated place", "NAME": "Mingan", "NAMEPAR": null, "NAMEALT": null, "NAMEASCII": "Mingan", "ADM0CAP": 0, "CAPIN": null, "WORLDCITY": 0, "MEGACITY": 0, "SOV0NAME": "Canada", "SOV_A3": "CAN", "ADM0NAME": "Canada", "ADM0_A3": "CAN", "ADM1NAME": "Québec", "ISO_A2": "CA", "NOTE": null, "LATITUDE": 50.301759, "LONGITUDE": -64.017265, "POP_MAX": 588, "POP_MIN": 588, "POP_OTHER": 0, "RANK_MAX": 2, "RANK_MIN": 2, "MEGANAME": null, "LS_NAME": "Mingan", "MAX_POP10": 588, "MAX_POP20": 588, "MAX_POP50": 0, "MAX_POP300": 0, "MAX_POP310": 0, "MAX_NATSCA": 20, "MIN_AREAKM": 2, "MAX_AREAKM": 2, "MIN_AREAMI": 1, "MAX_AREAMI": 1, "MIN_PERKM": 6, "MAX_PERKM": 6, "MIN_PERMI": 4, "MAX_PERMI": 4, "MIN_BBXMIN": -64.033333, "MAX_BBXMIN": -64.033333, "MIN_BBXMAX": -64.016667, "MAX_BBXMAX": -64.016667, "MIN_BBYMIN": 50.283333, "MAX_BBYMIN": 50.283333, "MIN_BBYMAX": 50.3, "MAX_BBYMAX": 50.3, "MEAN_BBXC": -64.026389, "MEAN_BBYC": 50.290278, "TIMEZONE": null, "UN_FID": 0, "POP1950": 0, "POP1955": 0, "POP1960": 0, "POP1965": 0, "POP1970": 0, "POP1975": 0, "POP1980": 0, "POP1985": 0, "POP1990": 0, "POP1995": 0, "POP2000": 0, "POP2005": 0, "POP2010": 0, "POP2015": 0, "POP2020": 0, "POP2025": 0, "POP2050": 0, "MIN_ZOOM": 6.0, "WIKIDATAID": "Q500867", "WOF_ID": 1141909067, "CAPALT": 0, "NAME_EN": "Mingan", "NAME_DE": "Mingan", "NAME_ES": "Mingan", "NAME_FR": "Mingan", "NAME_PT": "Mingan", "NAME_RU": "Минган", "NAME_ZH": "明根", "LABEL": null, "NAME_AR": "مينغان", "NAME_BN": "মিংগান", "NAME_EL": "Μίνγκαν", "NAME_HI": "मिंगन", "NAME_HU": "Mingan", "NAME_ID": "Mingan", "NAME_IT": "Mingan", "NAME_JA": "ミンガン", "NAME_KO": "밍간", "NAME_NL": "Mingan", "NAME_PL": "Mingan", "NAME_SV": "Mingan Indian Reserve", "NAME_TR": "Mingan", "NAME_VI": "Mingan", "NE_ID": 1159148913, "NAME_FA": "مینگان", "NAME_HE": "מינגן", "NAME_UK": "Мінган", "NAME_UR": "منگان", "NAME_ZHT": "民安", "GEONAMESID": 6074639, "FCLASS_ISO": null, "FCLASS_US": null, "FCLASS_FR": null, "FCLASS_RU": null, "FCLASS_ES": null, "FCLASS_CN": null, "FCLASS_TW": null, "FCLASS_IN": null, "FCLASS_NP": null, "FCLASS_PK": null, "FCLASS_DE": null, "FCLASS_GB": null, "FCLASS_BR": null, "FCLASS_IL": null, "FCLASS_PS": null, "FCLASS_SA": null, "FCLASS_EG": null, "FCLASS_MA": null, "FCLASS_PT": null, "FCLASS_AR": null, "FCLASS_JP": null, "FCLASS_KO": null, "FCLASS_VN": null, "FCLASS_TR": null, "FCLASS_ID": null, "FCLASS_PL": null, "FCLASS_GR": null, "FCLASS_IT": null, "FCLASS_NL": null, "FCLASS_SE": null, "FCLASS_BD": null, "FCLASS_UA": null, "FCLASS_TLC": null }, "geometry": { "type": "Point", "coordinates": [ -64.0172653, 50.3017589 ] } },
{ "type": "Feature", "properties": { "SCALERANK": 6, "NATSCALE": 30, "LABELRANK": 2, "FEATURECLA": "Populated place", "NAME": "Dolbeau", "NAMEPAR": null, "NAMEALT": null, "NAMEASCII": "Dolbeau", "ADM0CAP": 0, "CAPIN": null, "WORLDCITY": 0, "MEGACITY": 0, "SOV0NAME": "Canada", "SOV_A3": "CAN", "ADM0NAME": "Canada", "ADM0_A3": "CAN", "ADM1NAME": "Québec", "ISO_A2": "CA", "NOTE": null, "LATITUDE": 48.86659, "LONGITUDE": -72.233328, "POP_MAX": 13337, "POP_MIN": 12916, "POP_OTHER": 0, "RANK_MAX": 6, "RANK_MIN": 6, "MEGANAME": null, "LS_NAME": "Dolbeau", "MAX_POP10": 13337, "MAX_POP20": 0, "MAX_POP50": 0, "MAX_POP300": 0, "MAX_POP310": 0, "MAX_NATSCA": 10, "MIN_AREAKM": 15, "MAX_AREAKM": 15, "MIN_AREAMI": 6, "MAX_AREAMI": 6, "MIN_PERKM": 26, "MAX_PERKM": 26, "MIN_PERMI": 16, "MAX_PERMI": 16, "MIN_BBXMIN": -72.266667, "MAX_BBXMIN": -72.266667, "MIN_BBXMAX": -72.191667, "MAX_BBXMAX": -72.191667, "MIN_BBYMIN": 48.858333, "MAX_BBYMIN": 48.858333, "MIN_BBYMAX": 48.908333, "MAX_BBYMAX": 48.908333, "MEAN_BBXC": -72.224359, "MEAN_BBYC": 48.883974, "TIMEZONE": "America/Montreal", "UN_FID": 0, "POP1950": 0, "POP1955": 0, "POP1960": 0, "POP1965": 0, "POP1970": 0, "POP1975": 0, "POP1980": 0, "POP1985": 0, "POP1990": 0, "POP1995": 0, "POP2000": 0, "POP2005": 0, "POP2010": 0, "POP2015": 0, "POP2020": 0, "POP2025": 0, "POP2050": 0, "MIN_ZOOM": 6.0, "WIKIDATAID": "Q141393", "WOF_ID": 101737009, "CAPALT": 0, "NAME_EN": "Dolbeau-Mistassini", "NAME_DE": "Dolbeau-Mistassini", "NAME_ES": "Dolbeau-Mistassini", "NAME_FR": "Dolbeau-Mistassini", "NAME_PT": "Dolbeau-Mistassini", "NAME_RU": "Дольбо-Мистассини", "NAME_ZH": "多尔博", "LABEL": null, "NAME_AR": "دولبو ميستاسيني", "NAME_BN": "দোলবেউ", "NAME_EL": "Ντολμπό", "NAME_HI": "डोलबीयू", "NAME_HU": "Dolbeau", "NAME_ID": "Dolbeau", "NAME_IT": "Dolbeau-Mistassini", "NAME_JA": "ドルボー", "NAME_KO": "돌보", "NAME_NL": "Dolbeau-Mistassini", "NAME_PL": "Dolbeau-Mistassini", "NAME_SV": "Dolbeau-Mistassini", "NAME_TR": "Dolbeau-Mistassini", "NAME_VI": "Dolbeau", "NE_ID": 1159148915, "NAME_FA": "دولبو-میستاسینی", "NAME_HE": "דולביו", "NAME_UK": "Дольбо", "NAME_UR": "ڈالبیو", "NAME_ZHT": "多爾博", "GEONAMESID": 5940934, "FCLASS_ISO": null, "FCLASS_US": null, "FCLASS_FR": null, "FCLASS_RU": null, "FCLASS_ES": null, "FCLASS_CN": null, "FCLASS_TW": null, "FCLASS_IN": null, "FCLASS_NP": null, "FCLASS_PK": null, "FCLASS_DE": null, "FCLASS_GB": null, "FCLASS_BR": null, "FCLASS_IL": null, "FCLASS_PS": null, "FCLASS_SA": null, "FCLASS_EG": null, "FCLASS_MA": null, "FCLASS_PT": null, "FCLASS_AR": null, "FCLASS_JP": null, "FCLASS_KO": null, "FCLASS_VN": null, "FCLASS_TR": null, "FCLASS_ID": null, "FCLASS_PL": null, "FCLASS_GR": null, "FCLASS_IT": null, "FCLASS_NL": null, "FCLASS_SE": null, "FCLASS_BD": null, "FCLASS_UA": null, "FCLASS_TLC": null }, "geometry": { "type": "Point", "coordinates": [ -72.2333277, 48.8665896 ] } },
{ "type": "Feature", "properties": { "SCALERANK": 6, "NATSCALE": 30, "LABELRANK": 2, "FEATURECLA": "Populated place", "NAME": "Val d'Or", "NAMEPAR": null, "NAMEALT": null, "NAMEASCII": "Val d'Or", "ADM0CAP": 0, "CAPIN": null, "WORLDCITY": 0, "MEGACITY": 0, "SOV0NAME": "Canada", "SOV_A3": "CAN", "ADM0NAME": "Canada", "ADM0_A3": "CAN", "ADM1NAME": "Québec", "ISO_A2": "CA", "NOTE": null, "LATITUDE": 48.116635, "LONGITUDE": -77.766633, "POP_MAX": 20625, "POP_MIN": 20625, "POP_OTHER": 0, "RANK_MAX": 7, "RANK_MIN": 7, "MEGANAME": null, "LS_NAME": "Val d'Or", "MAX_POP10": 20625, "MAX_POP20": 20625, "MAX_POP50": 0, "MAX_POP300": 0, "MAX_POP310": 0, "MAX_NATSCA": 20, "MIN_AREAKM": 22, "MAX_AREAKM": 22, "MIN_AREAMI": 8, "MAX_AREAMI": 8, "MIN_PERKM": 41, "MAX_PERKM": 41, "MIN_PERMI": 26, "MAX_PERMI": 26, "MIN_BBXMIN": -77.866667, "MAX_BBXMIN": -77.866667, "MIN_BBXMAX": -77.766667, "MAX_BBXMAX": -77.766667, "MIN_BBYMIN": 48.083333, "MAX_BBYMIN": 48.083333, "MIN_BBYMAX": 48.141667, "MAX_BBYMAX": 48.141667, "MEAN_BBXC": -77.807456, "MEAN_BBYC": 48.106579, "TIMEZONE": null, "UN_FID": 0, "POP1950": 0, "POP1955": 0, "POP1960": 0, "POP1965": 0, "POP1970": 0, "POP1975": 0, "POP1980": 0, "POP1985": 0, "POP1990": 0, "POP1995": 0, "POP2000": 0, "POP2005": 0, "POP2010": 0, "POP2015": 0, "POP2020": 0, "POP2025": 0, "POP2050": 0, "MIN_ZOOM": 6.0, "WIKIDATAID": "Q141937", "WOF_ID": 1141909069, "CAPALT": 0, "NAME_EN": "Val-d'Or", "NAME_DE": "Val-d’Or", "NAME_ES": "Val-d'Or", "NAME_FR": "Val-d'Or", "NAME_PT": "Val-d'Or", "NAME_RU": "Валь-д'Ор", "NAME_ZH": "瓦勒多", "LABEL": null, "NAME_AR": "فال دور", "NAME_BN": "ভাল দ'ওর", "NAME_EL": "Βαλ-ντ'Ορ", "NAME_HI": "वैल डोर", "NAME_HU": "Val d'Or", "NAME_ID": "Val d'Or", "NAME_IT": "Val-d'Or", "NAME_JA": "ヴァルドール", "NAME_KO": "발 도르", "NAME_NL": "Val-d'Or", "NAME_PL": "Val-d'Or", "NAME_SV": "Val-d'Or", "NAME_TR": "Val-d'Or", "NAME_VI": "Val d'Or", "NE_ID": 1159148917, "NAME_FA": "وال-دور", "NAME_HE": "ואל-ד'ור", "NAME_UK": "Валь-д'Ор", "NAME_UR": "ویل ڈ اور", "NAME_ZHT": "瓦鐸爾", "GEONAMESID": 6173017, "FCLASS_ISO": null, "FCLASS_US": null, "FCLASS_FR": null, "FCLASS_RU": null, "FCLASS_ES": null, "FCLASS_CN": null, "FCLASS_TW": null, "FCLASS_IN": null, "FCLASS_NP": null, "FCLASS_PK": null, "FCLASS_DE": null, "FCLASS_GB": null, "FCLASS_BR": null, "FCLASS_IL": null, "FCLASS_PS": null, "FCLASS_SA": null, "FCLASS_EG": null, "FCLASS_MA": null, "FCLASS_PT": null, "FCLASS_AR": null, "FCLASS_JP": null, "FCLASS_KO": null, "FCLASS_VN": null, "FCLASS_TR": null, "FCLASS_ID": null, "FCLASS_PL": null, "FCLASS_GR": null, "FCLASS_IT": null, "FCLASS_NL": null, "FCLASS_SE": null, "FCLASS_BD": null, "FCLASS_UA": null, "FCLASS_TLC": null }, "geometry": { "type": "Point", "coordinates": [ -77.7666333, 48.1166354 ] } },
{ "type": "Feature", "properties": { "SCALERANK": 6, "NATSCALE": 30, "LABELRANK": 2, "FEATURECLA": "Populated place", "NAME": "Ivugivik", "NAMEPAR": null, "NAMEALT": null, "NAMEASCII": "Ivugivik", "ADM0CAP": 0, "CAPIN": null, "WORLDCITY": 0, "MEGACITY": 0, "SOV0NAME": "Canada", "SOV_A3": "CAN", "ADM0NAME": "Canada", "ADM0_A3": "CAN", "ADM1NAME": "Québec", "ISO_A2": "CA", "NOTE": null, "LATITUDE": 62.416641, "LONGITUDE": -77.899984, "POP_MAX": 156, "POP_MIN": 156, "POP_OTHER": 0, "RANK_MAX": 1, "RANK_MIN": 1, "MEGANAME": null, "LS_NAME": "Ivujvik", "MAX_POP10": 0, "MAX_POP20": 0, "MAX_POP50": 0, "MAX_POP300": 0, "MAX_POP310": 0, "MAX_NATSCA": 0, "MIN_AREAKM": 0, "MAX_AREAKM": 0, "MIN_AREAMI": 0, "MAX_AREAMI": 0, "MIN_PERKM": 0, "MAX_PERKM": 0, "MIN_PERMI": 0, "MAX_PERMI": 0, "MIN_BBXMIN": 0.0, "MAX_BBXMIN": 0.0, "MIN_BBXMAX": 0.0, "MAX_BBXMAX": 0.0, "MIN_BBYMIN": 0.0, "MAX_BBYMIN": 0.0, "MIN_BBYMAX": 0.0, "MAX_BBYMAX": 0.0, "MEAN_BBXC": 0.0, "MEAN_BBYC": 0.0, "TIMEZONE": null, "UN_FID": 0, "POP1950": 0, "POP1955": 0, "POP1960": 0, "POP1965": 0, "POP1970": 0, "POP1975": 0, "POP1980": 0, "POP1985": 0, "POP1990": 0, "POP1995": 0, "POP2000": 0, "POP2005": 0, "POP2010": 0, "POP2015": 0, "POP2020": 0, "POP2025": 0, "POP2050": 0, "MIN_ZOOM": 6.0, "WIKIDATAID": "Q1013360", "WOF_ID": 1141909071, "CAPALT": 0, "NAME_EN": "Ivujivik", "NAME_DE": "Ivujivik", "NAME_ES": "Ivujivik", "NAME_FR": "Ivujivik", "NAME_PT": "Ivujivik", "NAME_RU": "Ивудживик", "NAME_ZH": "伊武吉维克", "LABEL": null, "NAME_AR": "إيفوجيفيك", "NAME_BN": "ইভুজিভিক", "NAME_EL": "Ιβούτζιβικ", "NAME_HI": "इवुहिविक", "NAME_HU": "Ivugivik", "NAME_ID": "Ivujivik", "NAME_IT": "Ivujivik", "NAME_JA": "イブジビク", "NAME_KO": "이부지빅", "NAME_NL": "Ivujivik", "NAME_PL": "Ivujivik", "NAME_SV": "Ivujivik", "NAME_TR": "Ivujivik", "NAME_VI": "Ivujivik", "NE_ID": 1159148919, "NAME_FA": "ایووگیویک", "NAME_HE": "איווגיוויק", "NAME_UK": "Івуджівік", "NAME_UR": "یووجیویک", "NAME_ZHT": "伊武吉维克", "GEONAMESID": 5984875, "FCLASS_ISO": null, "FCLASS_US": null, "FCLASS_FR": null, "FCLASS_RU": null, "FCLASS_ES": null, "FCLASS_CN": null, "FCLASS_TW": null, "FCLASS_IN": null, "FCLASS_NP": null, "FCLASS_PK": null, "FCLASS_DE": null, "FCLASS_GB": null, "FCLASS_BR": null, "FCLASS_IL": null, "FCLASS_PS": null, "FCLASS_SA": null, "FCLASS_EG": null, "FCLASS_MA": null, "FCLASS_PT": null, "FCLASS_AR": null, "FCLASS_JP": null, "FCLASS_KO": null, "FCLASS_VN": null, "FCLASS_TR": null, "FCLASS_ID": null, "FCLASS_PL": null, "FCLASS_GR": null, "FCLASS_IT": null, "FCLASS_NL": null, "FCLASS_SE": null, "FCLASS_BD": null, "FCLASS_UA": null, "FCLASS_TLC": null }, "geometry": { "type": "Point", "coordinates": [ -77.8999844, 62.4166411 ] } },
{ "type": "Feature", "properties": { "SCALERANK": 6, "NATSCALE": 30, "LABELRANK": 2, "FEATURECLA": "Populated place", "NAME": "Inukjuak", "NAMEPAR": null, "NAMEALT": "Inoucdjouac,Port Harrison", "NAMEASCII": "Inukjuak", "ADM0CAP": 0, "CAPIN": null, "WORLDCITY": 0, "MEGACITY": 0, "SOV0NAME": "Canada", "SOV_A3": "CAN", "ADM0NAME": "Canada", "ADM0_A3": "CAN", "ADM1NAME": "Québec", "ISO_A2": "CA", "NOTE": null, "LATITUDE": 58.470009, "LONGITUDE": -78.135991, "POP_MAX": 1597, "POP_MIN": 1597, "POP_OTHER": 0, "RANK_MAX": 3, "RANK_MIN": 3, "MEGANAME": null, "LS_NAME": "Inukjuak", "MAX_POP10": 0, "MAX_POP20": 0, "MAX_POP50": 0, "MAX_POP300": 0, "MAX_POP310": 0, "MAX_NATSCA": 0, "MIN_AREAKM": 0, "MAX_AREAKM": 0, "MIN_AREAMI": 0, "MAX_AREAMI": 0, "MIN_PERKM": 0, "MAX_PERKM": 0, "MIN_PERMI": 0, "MAX_PERMI": 0, "MIN_BBXMIN": 0.0, "MAX_BBXMIN": 0.0, "MIN_BBXMAX": 0.0, "MAX_BBXMAX": 0.0, "MIN_BBYMIN": 0.0, "MAX_BBYMIN": 0.0, "MIN_BBYMAX": 0.0, "MAX_BBYMAX": 0.0, "MEAN_BBXC": 0.0, "MEAN_BBYC": 0.0, "TIMEZONE": null, "UN_FID": 0, "POP1950": 0, "POP1955": 0, "POP1960": 0, "POP1965": 0, "POP1970": 0, "POP1975": 0, "POP1980": 0, "POP1985": 0, "POP1990": 0, "POP1995": 0, "POP2000": 0, "POP2005": 0, "POP2010": 0, "POP2015": 0, "POP2020": 0, "POP2025": 0, "POP2050": 0, "MIN_ZOOM": 6.0, "WIKIDATAID": "Q991143", "WOF_ID": 1141909073, "CAPALT": 0, "NAME_EN": "Inukjuak", "NAME_DE": "Inukjuaq", "NAME_ES": "Inujuak", "NAME_FR": "Inukjuak", "NAME_PT": "Inukjuak", "NAME_RU": "Энукжуук", "NAME_ZH": "伊努克爪克", "LABEL": null, "NAME_AR": "إنوكوجواك", "NAME_BN": "ইনোকজুয়াক", "NAME_EL": "Ινούκζουακ", "NAME_HI": "इनुकहुआक", "NAME_HU": "Inukjuak", "NAME_ID": "Inukjuak", "NAME_IT": "Inukjuak", "NAME_JA": "イヌクジュアク", "NAME_KO": "이누크주악", "NAME_NL": "Inukjuak", "NAME_PL": "Inukjuak", "NAME_SV": "Inukjuak", "NAME_TR": "Inukjuak", "NAME_VI": "Inukjuak", "NE_ID": 1159148921, "NAME_FA": "اینوک جواک", "NAME_HE": "אינוג'ואק", "NAME_UK": "Інукджуак", "NAME_UR": "انوکجواک", "NAME_ZHT": "伊努克爪克", "GEONAMESID": 5983577, "FCLASS_ISO": null, "FCLASS_US": null, "FCLASS_FR": null, "FCLASS_RU": null, "FCLASS_ES": null, "FCLASS_CN": null, "FCLASS_TW": null, "FCLASS_IN": null, "FCLASS_NP": null, "FCLASS_PK": null, "FCLASS_DE": null, "FCLASS_GB": null, "FCLASS_BR": null, "FCLASS_IL": null, "FCLASS_PS": null, "FCLASS_SA": null, "FCLASS_EG": null, "FCLASS_MA": null, "FCLASS_PT": null, "FCLASS_AR": null, "FCLASS_JP": null, "FCLASS_KO": null, "FCLASS_VN": null, "FCLASS_TR": null, "FCLASS_ID": null, "FCLASS_PL": null, "FCLASS_GR": null, "FCLASS_IT": null, "FCLASS_NL": null, "FCLASS_SE": null, "FCLASS_BD": null, "FCLASS_UA": null, "FCLASS_TLC": null }, "geometry": { "type": "Point", "coordinates": [ -78.1359906, 58.4700086 ] } },
{ "type": "Feature", "properties": { "SCALERANK": 6, "NATSCALE": 30, "LABELRANK": 2, "FEATURECLA": "Populated place", "NAME": "Chicoutimi", "NAMEPAR": null, "NAMEALT": null, "NAMEASCII": "Chicoutimi", "ADM0CAP": 0, "CAPIN": null, "WORLDCITY": 0, "MEGACITY": 0, "SOV0NAME": "Canada", "SOV_A3": "CAN", "ADM0NAME": "Canada", "ADM0_A3": "CAN", "ADM1NAME": "Québec", "ISO_A2": "CA", "NOTE": null, "LATITUDE": 48.433309, "LONGITUDE": -71.066706, "POP_MAX": 53940, "POP_MIN": 53940, "POP_OTHER": 53516, "RANK_MAX": 8, "RANK_MIN": 8, "MEGANAME": null, "LS_NAME": "Chicoutimi", "MAX_POP10": 53940, "MAX_POP20": 53940, "MAX_POP50": 0, "MAX_POP300": 0, "MAX_POP310": 0, "MAX_NATSCA": 20, "MIN_AREAKM": 39, "MAX_AREAKM": 39, "MIN_AREAMI": 15, "MAX_AREAMI": 15, "MIN_PERKM": 44, "MAX_PERKM": 44, "MIN_PERMI": 27, "MAX_PERMI": 27, "MIN_BBXMIN": -71.116667, "MAX_BBXMIN": -71.116667, "MIN_BBXMAX": -71.008333, "MAX_BBXMAX": -71.008333, "MIN_BBYMIN": 48.375, "MAX_BBYMIN": 48.375, "MIN_BBYMAX": 48.458333, "MAX_BBYMAX": 48.458333, "MEAN_BBXC": -71.066912, "MEAN_BBYC": 48.42451, "TIMEZONE": null, "UN_FID": 0, "POP1950": 0, "POP1955": 0, "POP1960": 0, "POP1965": 0, "POP1970": 0, "POP1975": 0, "POP1980": 0, "POP1985": 0, "POP1990": 0, "POP1995": 0, "POP2000": 0, "POP2005": 0, "POP2010": 0, "POP2015": 0, "POP2020": 0, "POP2025": 0, "POP2050": 0, "MIN_ZOOM": 6.0, "WIKIDATAID": "Q952269", "WOF_ID": 1141909075, "CAPALT": 0, "NAME_EN": "Chicoutimi", "NAME_DE": "Chicoutimi", "NAME_ES": "Chicoutimi", "NAME_FR": "Chicoutimi", "NAME_PT": "Chicoutimi", "NAME_RU": "Шикутими", "NAME_ZH": "希库蒂米", "LABEL": null, "NAME_AR": "شيكوتيمي", "NAME_BN": "চিকোউতিমি", "NAME_EL": "Σικουτιμί", "NAME_HI": "चिकूटिमी", "NAME_HU": "Chicoutimi", "NAME_ID": "Chicoutimi", "NAME_IT": "Chicoutimi", "NAME_JA": "チクーチミ", "NAME_KO": "치쿠티미", "NAME_NL": "Chicoutimi", "NAME_PL": "Chicoutimi", "NAME_SV": "Chicoutimi", "NAME_TR": "Chicoutimi", "NAME_VI": "Chicoutimi", "NE_ID": 1159148923, "NAME_FA": "چیکوتیمی", "NAME_HE": "שיקוטימי", "NAME_UK": "Шикутімі", "NAME_UR": "چیکوٹیمی", "NAME_ZHT": "希庫蒂米", "GEONAMESID": 5921225, "FCLASS_ISO": null, "FCLASS_US": null, "FCLASS_FR": null, "FCLASS_RU": null, "FCLASS_ES": null, "FCLASS_CN": null, "FCLASS_TW": null, "FCLASS_IN": null, "FCLASS_NP": null, "FCLASS_PK": null, "FCLASS_DE": null, "FCLASS_GB": null, "FCLASS_BR": null, "FCLASS_IL": null, "FCLASS_PS": null, "FCLASS_SA": null, "FCLASS_EG": null, "FCLASS_MA": null, "FCLASS_PT": null, "FCLASS_AR": null, "FCLASS_JP": null, "FCLASS_KO": null, "FCLASS_VN": null, "FCLASS_TR": null, "FCLASS_ID": null, "FCLASS_PL": null, "FCLASS_GR": null, "FCLASS_IT": null, "FCLASS_NL": null, "FCLASS_SE": null, "FCLASS_BD": null, "FCLASS_UA": null, "FCLASS_TLC": null }, "geometry": { "type": "Point", "coordinates": [ -71.0667064, 48.4333085 ] } },
{ "type": "Feature", "properties": { "SCALERANK": 6, "NATSCALE": 30, "LABELRANK": 2, "FEATURECLA": "Populated place", "NAME": "Moncton", "NAMEPAR": null, "NAMEALT": null, "NAMEASCII": "Moncton", "ADM0CAP": 0, "CAPIN": null, "WORLDCITY": 0, "MEGACITY": 0, "SOV0NAME": "Canada", "SOV_A3": "CAN", "ADM0NAME": "Canada", "ADM0_A3": "CAN", "ADM1NAME": "New Brunswick", "ISO_A2": "CA", "NOTE": null, "LATITUDE": 46.083349, "LONGITUDE": -64.766678, "POP_MAX": 90635, "POP_MIN": 87467, "POP_OTHER": 84371, "RANK_MAX": 8, "RANK_MIN": 8, "MEGANAME": null, "LS_NAME": "Moncton", "MAX_POP10": 90635, "MAX_POP20": 90635, "MAX_POP50": 0, "MAX_POP300": 0, "MAX_POP310": 0, "MAX_NATSCA": 20, "MIN_AREAKM": 99, "MAX_AREAKM": 99, "MIN_AREAMI": 38, "MAX_AREAMI": 38, "MIN_PERKM": 105, "MAX_PERKM": 105, "MIN_PERMI": 65, "MAX_PERMI": 65, "MIN_BBXMIN": -64.883333, "MAX_BBXMIN": -64.883333, "MIN_BBXMAX": -64.666667, "MAX_BBXMAX": -64.666667, "MIN_BBYMIN": 46.033333, "MAX_BBYMIN": 46.033333, "MIN_BBYMAX": 46.15, "MAX_BBYMAX": 46.15, "MEAN_BBXC": -64.788253, "MEAN_BBYC": 46.096386, "TIMEZONE": "America/Moncton", "UN_FID": 0, "POP1950": 0, "POP1955": 0, "POP1960": 0, "POP1965": 0, "POP1970": 0, "POP1975": 0, "POP1980": 0, "POP1985": 0, "POP1990": 0, "POP1995": 0, "POP2000": 0, "POP2005": 0, "POP2010": 0, "POP2015": 0, "POP2020": 0, "POP2025": 0, "POP2050": 0, "MIN_ZOOM": 6.0, "WIKIDATAID": "Q457334", "WOF_ID": 101735369, "CAPALT": 0, "NAME_EN": "Moncton", "NAME_DE": "Moncton", "NAME_ES": "Moncton", "NAME_FR": "Moncton", "NAME_PT": "Moncton", "NAME_RU": "Монктон", "NAME_ZH": "蒙克顿", "LABEL": null, "NAME_AR": "مونكتون", "NAME_BN": "মঙ্কটন", "NAME_EL": "Μόνκτον", "NAME_HI": "मोंक्टन", "NAME_HU": "Moncton", "NAME_ID": "Moncton", "NAME_IT": "Moncton", "NAME_JA": "モンクトン", "NAME_KO": "멍크턴", "NAME_NL": "Moncton", "NAME_PL": "Moncton", "NAME_SV": "Moncton", "NAME_TR": "Moncton", "NAME_VI": "Moncton", "NE_ID": 1159148927, "NAME_FA": "مونکتون", "NAME_HE": "מונקטון", "NAME_UK": "Монктон", "NAME_UR": "مانکٹن", "NAME_ZHT": "蒙克頓", "GEONAMESID": 6076211, "FCLASS_ISO": null, "FCLASS_US": null, "FCLASS_FR": null, "FCLASS_RU": null, "FCLASS_ES": null, "FCLASS_CN": null, "FCLASS_TW": null, "FCLASS_IN": null, "FCLASS_NP": null, "FCLASS_PK": null, "FCLASS_DE": null, "FCLASS_GB": null, "FCLASS_BR": null, "FCLASS_IL": null, "FCLASS_PS": null, "FCLASS_SA": null, "FCLASS_EG": null, "FCLASS_MA": null, "FCLASS_PT": null, "FCLASS_AR": null, "FCLASS_JP": null, "FCLASS_KO": null, "FCLASS_VN": null, "FCLASS_TR": null, "FCLASS_ID": null, "FCLASS_PL": null, "FCLASS_GR": null, "FCLASS_IT": null, "FCLASS_NL": null, "FCLASS_SE": null, "FCLASS_BD": null, "FCLASS_UA": null, "FCLASS_TLC": null }, "geometry": { "type": "Point", "coordinates": [ -64.7666775, 46.0833486 ] } },
{ "type": "Feature", "properties": { "SCALERANK": 6, "NATSCALE": 30, "LABELRANK": 2, "FEATURECLA": "Admin-1 capital", "NAME": "Fredericton", "NAMEPAR": null, "NAMEALT": null, "NAMEASCII": "Fredericton", "ADM0CAP": 0, "CAPIN": null, "WORLDCITY": 0, "MEGACITY": 0, "SOV0NAME": "Canada", "SOV_A3": "CAN", "ADM0NAME": "Canada", "ADM0_A3": "CAN", "ADM1NAME": "New Brunswick", "ISO_A2": "CA", "NOTE": null, "LATITUDE": 45.949998, "LONGITUDE": -66.633308, "POP_MAX": 52337, "POP_MIN": 36713, "POP_OTHER": 0, "RANK_MAX": 8, "RANK_MIN": 7, "MEGANAME": null, "LS_NAME": "Fredericton", "MAX_POP10": 36713, "MAX_POP20": 36713, "MAX_POP50": 0, "MAX_POP300": 0, "MAX_POP310": 0, "MAX_NATSCA": 20, "MIN_AREAKM": 34, "MAX_AREAKM": 34, "MIN_AREAMI": 13, "MAX_AREAMI": 13, "MIN_PERKM": 66, "MAX_PERKM": 66, "MIN_PERMI": 41, "MAX_PERMI": 41, "MIN_BBXMIN": -66.708333, "MAX_BBXMIN": -66.708333, "MIN_BBXMAX": -66.583333, "MAX_BBXMAX": -66.583333, "MIN_BBYMIN": 45.908333, "MAX_BBYMIN": 45.908333, "MIN_BBYMAX": 46.0, "MAX_BBYMAX": 46.0, "MEAN_BBXC": -66.635453, "MEAN_BBYC": 45.948611, "TIMEZONE": "America/Moncton", "UN_FID": 0, "POP1950": 0, "POP1955": 0, "POP1960": 0, "POP1965": 0, "POP1970": 0, "POP1975": 0, "POP1980": 0, "POP1985": 0, "POP1990": 0, "POP1995": 0, "POP2000": 0, "POP2005": 0, "POP2010": 0, "POP2015": 0, "POP2020": 0, "POP2025": 0, "POP2050": 0, "MIN_ZOOM": 6.0, "WIKIDATAID": "Q2138", "WOF_ID": 101735269, "CAPALT": 0, "NAME_EN": "Fredericton", "NAME_DE": "Fredericton", "NAME_ES": "Fredericton", "NAME_FR": "Fredericton", "NAME_PT": "Fredericton", "NAME_RU": "Фредериктон", "NAME_ZH": "弗雷德里克頓", "LABEL": null, "NAME_AR": "فريدريكتون", "NAME_BN": "ফ্রেডরিকটন", "NAME_EL": "Φρέντρικτον", "NAME_HI": "फ़्रेडरिक्टन", "NAME_HU": "Fredericton", "NAME_ID": "Fredericton", "NAME_IT": "Fredericton", "NAME_JA": "フレデリクトン", "NAME_KO": "프레더릭턴", "NAME_NL": "Fredericton", "NAME_PL": "Fredericton", "NAME_SV": "Fredericton", "NAME_TR": "Fredericton", "NAME_VI": "Fredericton", "NE_ID": 1159148929, "NAME_FA": "فردریکتون", "NAME_HE": "פרדריקטון", "NAME_UK": "Фредериктон", "NAME_UR": "فریڈریکٹن", "NAME_ZHT": "弗雷德里克頓", "GEONAMESID": 5957776, "FCLASS_ISO": null, "FCLASS_US": null, "FCLASS_FR": null, "FCLASS_RU": null, "FCLASS_ES": null, "FCLASS_CN": null, "FCLASS_TW": null, "FCLASS_IN": null, "FCLASS_NP": null, "FCLASS_PK": null, "FCLASS_DE": null, "FCLASS_GB": null, "FCLASS_BR": null, "FCLASS_IL": null, "FCLASS_PS": null, "FCLASS_SA": null, "FCLASS_EG": null, "FCLASS_MA": null, "FCLASS_PT": null, "FCLASS_AR": null, "FCLASS_JP": null, "FCLASS_KO": null, "FCLASS_VN": null, "FCLASS_TR": null, "FCLASS_ID": null, "FCLASS_PL": null, "FCLASS_GR": null, "FCLASS_IT": null, "FCLASS_NL": null, "FCLASS_SE": null, "FCLASS_BD": null, "FCLASS_UA": null, "FCLASS_TLC": null }, "geometry": { "type": "Point", "coordinates": [ -66.6333077, 45.9499976 ] } },
{ "type": "Feature", "properties": { "SCALERANK": 6, "NATSCALE": 30, "LABELRANK": 2, "FEATURECLA": "Populated place", "NAME": "Bathurst", "NAMEPAR": null, "NAMEALT": null, "NAMEASCII": "Bathurst", "ADM0CAP": 0, "CAPIN": null, "WORLDCITY": 0, "MEGACITY": 0, "SOV0NAME": "Canada", "SOV_A3": "CAN", "ADM0NAME": "Canada", "ADM0_A3": "CAN", "ADM1NAME": "New Brunswick", "ISO_A2": "CA", "NOTE": null, "LATITUDE": 47.599974, "LONGITUDE": -65.649983, "POP_MAX": 6111, "POP_MIN": 4496, "POP_OTHER": 17462, "RANK_MAX": 5, "RANK_MIN": 4, "MEGANAME": null, "LS_NAME": "Bathurst2", "MAX_POP10": 4496, "MAX_POP20": 6111, "MAX_POP50": 0, "MAX_POP300": 0, "MAX_POP310": 0, "MAX_NATSCA": 20, "MIN_AREAKM": 9, "MAX_AREAKM": 9, "MIN_AREAMI": 3, "MAX_AREAMI": 3, "MIN_PERKM": 15, "MAX_PERKM": 19, "MIN_PERMI": 9, "MAX_PERMI": 12, "MIN_BBXMIN": -65.666667, "MAX_BBXMIN": 149.541667, "MIN_BBXMAX": -65.616667, "MAX_BBXMAX": 149.575, "MIN_BBYMIN": -33.433333, "MAX_BBYMIN": 47.575, "MIN_BBYMAX": -33.391667, "MAX_BBYMAX": 47.625, "MEAN_BBXC": 41.956181, "MEAN_BBYC": 7.096458, "TIMEZONE": null, "UN_FID": 0, "POP1950": 0, "POP1955": 0, "POP1960": 0, "POP1965": 0, "POP1970": 0, "POP1975": 0, "POP1980": 0, "POP1985": 0, "POP1990": 0, "POP1995": 0, "POP2000": 0, "POP2005": 0, "POP2010": 0, "POP2015": 0, "POP2020": 0, "POP2025": 0, "POP2050": 0, "MIN_ZOOM": 6.0, "WIKIDATAID": "Q810807", "WOF_ID": 1141909077, "CAPALT": 0, "NAME_EN": "Bathurst", "NAME_DE": "Bathurst", "NAME_ES": "Bathurst", "NAME_FR": "Bathurst", "NAME_PT": "Bathurst", "NAME_RU": "Батерст", "NAME_ZH": "巴瑟斯特", "LABEL": null, "NAME_AR": "باثرست", "NAME_BN": "বাথাস্ট", "NAME_EL": "Μπάθερστ", "NAME_HI": "बाथर्स्ट", "NAME_HU": "Bathurst", "NAME_ID": "Bathurst", "NAME_IT": "Bathurst", "NAME_JA": "バサースト", "NAME_KO": "배서스트", "NAME_NL": "Bathurst", "NAME_PL": "Bathurst", "NAME_SV": "Bathurst", "NAME_TR": "Bathurst", "NAME_VI": "Bathurst", "NE_ID": 1159148931, "NAME_FA": "بثرست", "NAME_HE": "בת'רסט", "NAME_UK": "Батерст", "NAME_UR": "باتحورست", "NAME_ZHT": "巴瑟斯特", "GEONAMESID": -1, "FCLASS_ISO": null, "FCLASS_US": null, "FCLASS_FR": null, "FCLASS_RU": null, "FCLASS_ES": null, "FCLASS_CN": null, "FCLASS_TW": null, "FCLASS_IN": null, "FCLASS_NP": null, "FCLASS_PK": null, "FCLASS_DE": null, "FCLASS_GB": null, "FCLASS_BR": null, "FCLASS_IL": null, "FCLASS_PS": null, "FCLASS_SA": null, "FCLASS_EG": null, "FCLASS_MA": null, "FCLASS_PT": null, "FCLASS_AR": null, "FCLASS_JP": null, "FCLASS_KO": null, "FCLASS_VN": null, "FCLASS_TR": null, "FCLASS_ID": null, "FCLASS_PL": null, "FCLASS_GR": null, "FCLASS_IT": null, "FCLASS_NL": null, "FCLASS_SE": null, "FCLASS_BD": null, "FCLASS_UA": null, "FCLASS_TLC": null }, "geometry": { "type": "Point", "coordinates": [ -65.6499827, 47.5999744 ] } },
{ "type": "Feature", "properties": { "SCALERANK": 6, "NATSCALE": 30, "LABELRANK": 2, "FEATURECLA": "Populated place", "NAME": "Yarmouth", "NAMEPAR": null, "NAMEALT": null, "NAMEASCII": "Yarmouth", "ADM0CAP": 0, "CAPIN": null, "WORLDCITY": 0, "MEGACITY": 0, "SOV0NAME": "Canada", "SOV_A3": "CAN", "ADM0NAME": "Canada", "ADM0_A3": "CAN", "ADM1NAME": "Nova Scotia", "ISO_A2": "CA", "NOTE": null, "LATITUDE": 43.830795, "LONGITUDE": -66.112581, "POP_MAX": 7500, "POP_MIN": 7366, "POP_OTHER": 7232, "RANK_MAX": 5, "RANK_MIN": 5, "MEGANAME": null, "LS_NAME": "Yarmouth", "MAX_POP10": 7366, "MAX_POP20": 7366, "MAX_POP50": 0, "MAX_POP300": 0, "MAX_POP310": 0, "MAX_NATSCA": 20, "MIN_AREAKM": 11, "MAX_AREAKM": 11, "MIN_AREAMI": 4, "MAX_AREAMI": 4, "MIN_PERKM": 16, "MAX_PERKM": 16, "MIN_PERMI": 10, "MAX_PERMI": 10, "MIN_BBXMIN": -66.125, "MAX_BBXMIN": -66.125, "MIN_BBXMAX": -66.083333, "MAX_BBXMAX": -66.083333, "MIN_BBYMIN": 43.816667, "MAX_BBYMIN": 43.816667, "MIN_BBYMAX": 43.858333, "MAX_BBYMAX": 43.858333, "MEAN_BBXC": -66.108578, "MEAN_BBYC": 43.838971, "TIMEZONE": "America/Halifax", "UN_FID": 0, "POP1950": 0, "POP1955": 0, "POP1960": 0, "POP1965": 0, "POP1970": 0, "POP1975": 0, "POP1980": 0, "POP1985": 0, "POP1990": 0, "POP1995": 0, "POP2000": 0, "POP2005": 0, "POP2010": 0, "POP2015": 0, "POP2020": 0, "POP2025": 0, "POP2050": 0, "MIN_ZOOM": 6.0, "WIKIDATAID": "Q864688", "WOF_ID": 101741309, "CAPALT": 0, "NAME_EN": "Yarmouth", "NAME_DE": "Yarmouth", "NAME_ES": "Yarmouth", "NAME_FR": "Yarmouth", "NAME_PT": "Yarmouth", "NAME_RU": "Ярмут", "NAME_ZH": "雅茅斯", "LABEL": null, "NAME_AR": "يارموث", "NAME_BN": "ইয়ারমাউথ", "NAME_EL": "Γιάρμουθ", "NAME_HI": "यारमाउथ", "NAME_HU": "Yarmouth", "NAME_ID": "Yarmouth", "NAME_IT": "Yarmouth", "NAME_JA": "ヤーマス", "NAME_KO": "야머스", "NAME_NL": "Yarmouth", "NAME_PL": "Yarmouth", "NAME_SV": "Yarmouth", "NAME_TR": "Yarmouth", "NAME_VI": "Yarmouth", "NE_ID": 1159148933, "NAME_FA": "یارموت", "NAME_HE": "ירמות'", "NAME_UK": "Ярмут", "NAME_UR": "یارموتھ", "NAME_ZHT": "雅茅斯", "GEONAMESID": 6185217, "FCLASS_ISO": null, "FCLASS_US": null, "FCLASS_FR": null, "FCLASS_RU": null, "FCLASS_ES": null, "FCLASS_CN": null, "FCLASS_TW": null, "FCLASS_IN": null, "FCLASS_NP": null, "FCLASS_PK": null, "FCLASS_DE": null, "FCLASS_GB": null, "FCLASS_BR": null, "FCLASS_IL": null, "FCLASS_PS": null, "FCLASS_SA": null, "FCLASS_EG": null, "FCLASS_MA": null, "FCLASS_PT": null, "FCLASS_AR": null, "FCLASS_JP": null, "FCLASS_KO": null, "FCLASS_VN": null, "FCLASS_TR": null, "FCLASS_ID": null, "FCLASS_PL": null, "FCLASS_GR": null, "FCLASS_IT": null, "FCLASS_NL": null, "FCLASS_SE": null, "FCLASS_BD": null, "FCLASS_UA": null, "FCLASS_TLC": null }, "geometry": { "type": "Point", "coordinates": [ -66.1125812, 43.8307945 ] } },
{ "type": "Feature", "properties": { "SCALERANK": 6, "NATSCALE": 30, "LABELRANK": 2, "FEATURECLA": "Populated place", "NAME": "Gander", "NAMEPAR": null, "NAMEALT": null, "NAMEASCII": "Gander", "ADM0CAP": 0, "CAPIN": null, "WORLDCITY": 0, "MEGACITY": 0, "SOV0NAME": "Canada", "SOV_A3": "CAN", "ADM0NAME": "Canada", "ADM0_A3": "CAN", "ADM1NAME": "Newfoundland and Labrador", "ISO_A2": "CA", "NOTE": null, "LATITUDE": 48.949995, "LONGITUDE": -54.549988, "POP_MAX": 3345, "POP_MIN": 3345, "POP_OTHER": 0, "RANK_MAX": 4, "RANK_MIN": 4, "MEGANAME": null, "LS_NAME": "Gander", "MAX_POP10": 3345, "MAX_POP20": 3345, "MAX_POP50": 0, "MAX_POP300": 0, "MAX_POP310": 0, "MAX_NATSCA": 20, "MIN_AREAKM": 7, "MAX_AREAKM": 7, "MIN_AREAMI": 3, "MAX_AREAMI": 3, "MIN_PERKM": 14, "MAX_PERKM": 14, "MIN_PERMI": 9, "MAX_PERMI": 9, "MIN_BBXMIN": -54.591667, "MAX_BBXMIN": -54.591667, "MIN_BBXMAX": -54.55, "MAX_BBXMAX": -54.55, "MIN_BBYMIN": 48.925, "MAX_BBYMIN": 48.925, "MIN_BBYMAX": 48.958333, "MAX_BBYMAX": 48.958333, "MEAN_BBXC": -54.571528, "MEAN_BBYC": 48.94375, "TIMEZONE": null, "UN_FID": 0, "POP1950": 0, "POP1955": 0, "POP1960": 0, "POP1965": 0, "POP1970": 0, "POP1975": 0, "POP1980": 0, "POP1985": 0, "POP1990": 0, "POP1995": 0, "POP2000": 0, "POP2005": 0, "POP2010": 0, "POP2015": 0, "POP2020": 0, "POP2025": 0, "POP2050": 0, "MIN_ZOOM": 6.0, "WIKIDATAID": "Q745257", "WOF_ID": 1141909079, "CAPALT": 0, "NAME_EN": "Gander", "NAME_DE": "Gander", "NAME_ES": "Gander", "NAME_FR": "Gander", "NAME_PT": "Gander", "NAME_RU": "Гандер", "NAME_ZH": "甘德", "LABEL": null, "NAME_AR": "غاندر", "NAME_BN": "গান্দের", "NAME_EL": "Γκάντερ", "NAME_HI": "गैंडर", "NAME_HU": "Gander", "NAME_ID": "Gander", "NAME_IT": "Gander", "NAME_JA": "ガンダー", "NAME_KO": "간더", "NAME_NL": "Gander", "NAME_PL": "Gander", "NAME_SV": "Gander", "NAME_TR": "Gander", "NAME_VI": "Gander", "NE_ID": 1159148935, "NAME_FA": "گندر", "NAME_HE": "גנדר", "NAME_UK": "Гандер", "NAME_UR": "گانڈیر", "NAME_ZHT": "甘德", "GEONAMESID": 5959335, "FCLASS_ISO": null, "FCLASS_US": null, "FCLASS_FR": null, "FCLASS_RU": null, "FCLASS_ES": null, "FCLASS_CN": null, "FCLASS_TW": null, "FCLASS_IN": null, "FCLASS_NP": null, "FCLASS_PK": null, "FCLASS_DE": null, "FCLASS_GB": null, "FCLASS_BR": null, "FCLASS_IL": null, "FCLASS_PS": null, "FCLASS_SA": null, "FCLASS_EG": null, "FCLASS_MA": null, "FCLASS_PT": null, "FCLASS_AR": null, "FCLASS_JP": null, "FCLASS_KO": null, "FCLASS_VN": null, "FCLASS_TR": null, "FCLASS_ID": null, "FCLASS_PL": null, "FCLASS_GR": null, "FCLASS_IT": null, "FCLASS_NL": null, "FCLASS_SE": null, "FCLASS_BD": null, "FCLASS_UA": null, "FCLASS_TLC": null }, "geometry": { "type": "Point", "coordinates": [ -54.5499884, 48.9499953 ] } },
{ "type": "Feature", "properties": { "SCALERANK": 6, "NATSCALE": 30, "LABELRANK": 2, "FEATURECLA": "Populated place", "NAME": "Cartwright", "NAMEPAR": null, "NAMEALT": null, "NAMEASCII": "Cartwright", "ADM0CAP": 0, "CAPIN": null, "WORLDCITY": 0, "MEGACITY": 0, "SOV0NAME": "Canada", "SOV_A3": "CAN", "ADM0NAME": "Canada", "ADM0_A3": "CAN", "ADM1NAME": "Newfoundland and Labrador", "ISO_A2": "CA", "NOTE": null, "LATITUDE": 53.701407, "LONGITUDE": -57.012141, "POP_MAX": 505, "POP_MIN": 505, "POP_OTHER": 364, "RANK_MAX": 2, "RANK_MIN": 2, "MEGANAME": null, "LS_NAME": "Cartwright", "MAX_POP10": 505, "MAX_POP20": 505, "MAX_POP50": 0, "MAX_POP300": 0, "MAX_POP310": 0, "MAX_NATSCA": 20, "MIN_AREAKM": 2, "MAX_AREAKM": 2, "MIN_AREAMI": 1, "MAX_AREAMI": 1, "MIN_PERKM": 6, "MAX_PERKM": 6, "MIN_PERMI": 4, "MAX_PERMI": 4, "MIN_BBXMIN": -57.025, "MAX_BBXMIN": -57.025, "MIN_BBXMAX": -57.008333, "MAX_BBXMAX": -57.008333, "MIN_BBYMIN": 53.7, "MAX_BBYMIN": 53.7, "MIN_BBYMAX": 53.716667, "MAX_BBYMAX": 53.716667, "MEAN_BBXC": -57.015278, "MEAN_BBYC": 53.706944, "TIMEZONE": null, "UN_FID": 0, "POP1950": 0, "POP1955": 0, "POP1960": 0, "POP1965": 0, "POP1970": 0, "POP1975": 0, "POP1980": 0, "POP1985": 0, "POP1990": 0, "POP1995": 0, "POP2000": 0, "POP2005": 0, "POP2010": 0, "POP2015": 0, "POP2020": 0, "POP2025": 0, "POP2050": 0, "MIN_ZOOM": 6.0, "WIKIDATAID": "Q2940694", "WOF_ID": 1141909081, "CAPALT": 0, "NAME_EN": "Cartwright", "NAME_DE": "Cartwright", "NAME_ES": "Cartwright", "NAME_FR": "Cartwright", "NAME_PT": "Cartwright", "NAME_RU": "Картрайт", "NAME_ZH": "卡特赖特", "LABEL": null, "NAME_AR": "كارترايت", "NAME_BN": "কার্টরিট", "NAME_EL": "Κάρτραιτ", "NAME_HI": "कार्टराइट", "NAME_HU": "Cartwright", "NAME_ID": "Cartwright", "NAME_IT": "Cartwright", "NAME_JA": "カートライト", "NAME_KO": "카트라이트", "NAME_NL": "Cartwright", "NAME_PL": "Cartwright", "NAME_SV": "Cartwright", "NAME_TR": "Cartwright", "NAME_VI": "Cartwright", "NE_ID": 1159148937, "NAME_FA": "کارترایت", "NAME_HE": "קרטרייט", "NAME_UK": "Картрайт", "NAME_UR": "کارٹرائٹ", "NAME_ZHT": "卡特賴特", "GEONAMESID": 6943726, "FCLASS_ISO": null, "FCLASS_US": null, "FCLASS_FR": null, "FCLASS_RU": null, "FCLASS_ES": null, "FCLASS_CN": null, "FCLASS_TW": null, "FCLASS_IN": null, "FCLASS_NP": null, "FCLASS_PK": null, "FCLASS_DE": null, "FCLASS_GB": null, "FCLASS_BR": null, "FCLASS_IL": null, "FCLASS_PS": null, "FCLASS_SA": null, "FCLASS_EG": null, "FCLASS_MA": null, "FCLASS_PT": null, "FCLASS_AR": null, "FCLASS_JP": null, "FCLASS_KO": null, "FCLASS_VN": null, "FCLASS_TR": null, "FCLASS_ID": null, "FCLASS_PL": null, "FCLASS_GR": null, "FCLASS_IT": null, "FCLASS_NL": null, "FCLASS_SE": null, "FCLASS_BD": null, "FCLASS_UA": null, "FCLASS_TLC": null }, "geometry": { "type": "Point", "coordinates": [ -57.0121411, 53.7014066 ] } },
{ "type": "Feature", "properties": { "SCALERANK": 6, "NATSCALE": 30, "LABELRANK": 2, "FEATURECLA": "Populated place", "NAME": "Rigolet", "NAMEPAR": null, "NAMEALT": null, "NAMEASCII": "Rigolet", "ADM0CAP": 0, "CAPIN": null, "WORLDCITY": 0, "MEGACITY": 0, "SOV0NAME": "Canada", "SOV_A3": "CAN", "ADM0NAME": "Canada", "ADM0_A3": "CAN", "ADM1NAME": "Newfoundland and Labrador", "ISO_A2": "CA", "NOTE": null, "LATITUDE": 54.176601, "LONGITUDE": -58.447322, "POP_MAX": 124, "POP_MIN": 124, "POP_OTHER": 0, "RANK_MAX": 1, "RANK_MIN": 1, "MEGANAME": null, "LS_NAME": "Rigolet", "MAX_POP10": 124, "MAX_POP20": 124, "MAX_POP50": 0, "MAX_POP300": 0, "MAX_POP310": 0, "MAX_NATSCA": 20, "MIN_AREAKM": 1, "MAX_AREAKM": 1, "MIN_AREAMI": 0, "MAX_AREAMI": 0, "MIN_PERKM": 3, "MAX_PERKM": 3, "MIN_PERMI": 2, "MAX_PERMI": 2, "MIN_BBXMIN": -58.458333, "MAX_BBXMIN": -58.458333, "MIN_BBXMAX": -58.45, "MAX_BBXMAX": -58.45, "MIN_BBYMIN": 54.175, "MAX_BBYMIN": 54.175, "MIN_BBYMAX": 54.183333, "MAX_BBYMAX": 54.183333, "MEAN_BBXC": -58.454167, "MEAN_BBYC": 54.179167, "TIMEZONE": null, "UN_FID": 0, "POP1950": 0, "POP1955": 0, "POP1960": 0, "POP1965": 0, "POP1970": 0, "POP1975": 0, "POP1980": 0, "POP1985": 0, "POP1990": 0, "POP1995": 0, "POP2000": 0, "POP2005": 0, "POP2010": 0, "POP2015": 0, "POP2020": 0, "POP2025": 0, "POP2050": 0, "MIN_ZOOM": 6.0, "WIKIDATAID": "Q15068820", "WOF_ID": 1141909085, "CAPALT": 0, "NAME_EN": "Rigolet", "NAME_DE": "Rigolet", "NAME_ES": "Rigolet", "NAME_FR": "Rigolet", "NAME_PT": "Rigolet", "NAME_RU": "Риголет", "NAME_ZH": "里哥列", "LABEL": null, "NAME_AR": "ريجوليت", "NAME_BN": "রিগোলেট", "NAME_EL": "Ρίγκολετ", "NAME_HI": "रईगोलेट", "NAME_HU": "Rigolet", "NAME_ID": "Rigolet", "NAME_IT": "Rigolet", "NAME_JA": "リゴレット", "NAME_KO": "리골렛", "NAME_NL": "Rigolet", "NAME_PL": "Rigolet", "NAME_SV": "Rigolet", "NAME_TR": "Rigolet", "NAME_VI": "Rigolet", "NE_ID": 1159148939, "NAME_FA": "ریگولت", "NAME_HE": "ריגולט", "NAME_UK": "Риголет", "NAME_UR": "ریجولیت", "NAME_ZHT": "里哥列", "GEONAMESID": 6947098, "FCLASS_ISO": null, "FCLASS_US": null, "FCLASS_FR": null, "FCLASS_RU": null, "FCLASS_ES": null, "FCLASS_CN": null, "FCLASS_TW": null, "FCLASS_IN": null, "FCLASS_NP": null, "FCLASS_PK": null, "FCLASS_DE": null, "FCLASS_GB": null, "FCLASS_BR": null, "FCLASS_IL": null, "FCLASS_PS": null, "FCLASS_SA": null, "FCLASS_EG": null, "FCLASS_MA": null, "FCLASS_PT": null, "FCLASS_AR": null, "FCLASS_JP": null, "FCLASS_KO": null, "FCLASS_VN": null, "FCLASS_TR": null, "FCLASS_ID": null, "FCLASS_PL": null, "FCLASS_GR": null, "FCLASS_IT": null, "FCLASS_NL": null, "FCLASS_SE": null, "FCLASS_BD": null, "FCLASS_UA": null, "FCLASS_TLC": null }, "geometry": { "type": "Point", "coordinates": [ -58.4473216, 54.1766014 ] } },
{ "type": "Feature", "properties": { "SCALERANK": 6, "NATSCALE": 30, "LABELRANK": 2, "FEATURECLA": "Populated place", "NAME": "Port Burwell", "NAMEPAR": null, "NAMEALT": null, "NAMEASCII": "Port Burwell", "ADM0CAP": 0, "CAPIN": null, "WORLDCITY": 0, "MEGACITY": 0, "SOV0NAME": "Canada", "SOV_A3": "CAN", "ADM0NAME": "Canada", "ADM0_A3": "CAN", "ADM1NAME": "Newfoundland and Labrador", "ISO_A2": "CA", "NOTE": null, "LATITUDE": 60.266462, "LONGITUDE": -64.741098, "POP_MAX": 2762, "POP_MIN": 2762, "POP_OTHER": 0, "RANK_MAX": 4, "RANK_MIN": 4, "MEGANAME": null, "LS_NAME": "Port Burwell", "MAX_POP10": 0, "MAX_POP20": 0, "MAX_POP50": 0, "MAX_POP300": 0, "MAX_POP310": 0, "MAX_NATSCA": 0, "MIN_AREAKM": 0, "MAX_AREAKM": 0, "MIN_AREAMI": 0, "MAX_AREAMI": 0, "MIN_PERKM": 0, "MAX_PERKM": 0, "MIN_PERMI": 0, "MAX_PERMI": 0, "MIN_BBXMIN": 0.0, "MAX_BBXMIN": 0.0, "MIN_BBXMAX": 0.0, "MAX_BBXMAX": 0.0, "MIN_BBYMIN": 0.0, "MAX_BBYMIN": 0.0, "MIN_BBYMAX": 0.0, "MAX_BBYMAX": 0.0, "MEAN_BBXC": 0.0, "MEAN_BBYC": 0.0, "TIMEZONE": null, "UN_FID": 0, "POP1950": 0, "POP1955": 0, "POP1960": 0, "POP1965": 0, "POP1970": 0, "POP1975": 0, "POP1980": 0, "POP1985": 0, "POP1990": 0, "POP1995": 0, "POP2000": 0, "POP2005": 0, "POP2010": 0, "POP2015": 0, "POP2020": 0, "POP2025": 0, "POP2050": 0, "MIN_ZOOM": 6.0, "WIKIDATAID": "Q7230519", "WOF_ID": 1141909087, "CAPALT": 0, "NAME_EN": "Port Burwell", "NAME_DE": "Port Burwell", "NAME_ES": "Port Burwell", "NAME_FR": "Port Burwell", "NAME_PT": "Port Burwell", "NAME_RU": "Порт-Беруэлл", "NAME_ZH": "伯韦尔港", "LABEL": null, "NAME_AR": "بورت بورويل", "NAME_BN": "পোর্ট বুরওয়েল", "NAME_EL": "Πορτ Μπέργουελ", "NAME_HI": "पोर्ट बरवेल", "NAME_HU": "Port Burwell", "NAME_ID": "Port Burwell", "NAME_IT": "Port Burwell", "NAME_JA": "ポートバーウェル", "NAME_KO": "포트 버웰", "NAME_NL": "Port Burwell", "NAME_PL": "Port Burwell", "NAME_SV": "Port Burwell", "NAME_TR": "Port Burwell", "NAME_VI": "Port Burwell", "NE_ID": 1159148941, "NAME_FA": "پورت برول", "NAME_HE": "פורט בורוול", "NAME_UK": "Порт-Бервелл", "NAME_UR": "پورٹ بروویل", "NAME_ZHT": "伯威爾港", "GEONAMESID": 6111689, "FCLASS_ISO": null, "FCLASS_US": null, "FCLASS_FR": null, "FCLASS_RU": null, "FCLASS_ES": null, "FCLASS_CN": null, "FCLASS_TW": null, "FCLASS_IN": null, "FCLASS_NP": null, "FCLASS_PK": null, "FCLASS_DE": null, "FCLASS_GB": null, "FCLASS_BR": null, "FCLASS_IL": null, "FCLASS_PS": null, "FCLASS_SA": null, "FCLASS_EG": null, "FCLASS_MA": null, "FCLASS_PT": null, "FCLASS_AR": null, "FCLASS_JP": null, "FCLASS_KO": null, "FCLASS_VN": null, "FCLASS_TR": null, "FCLASS_ID": null, "FCLASS_PL": null, "FCLASS_GR": null, "FCLASS_IT": null, "FCLASS_NL": null, "FCLASS_SE": null, "FCLASS_BD": null, "FCLASS_UA": null, "FCLASS_TLC": null }, "geometry": { "type": "Point", "coordinates": [ -64.7410977, 60.2664622 ] } },
{ "type": "Feature", "properties": { "SCALERANK": 4, "NATSCALE": 50, "LABELRANK": 2, "FEATURECLA": "Populated place", "NAME": "Thompson", "NAMEPAR": null, "NAMEALT": null, "NAMEASCII": "Thompson", "ADM0CAP": 0, "CAPIN": null, "WORLDCITY": 0, "MEGACITY": 0, "SOV0NAME": "Canada", "SOV_A3": "CAN", "ADM0NAME": "Canada", "ADM0_A3": "CAN", "ADM1NAME": "Manitoba", "ISO_A2": "CA", "NOTE": null, "LATITUDE": 55.749942, "LONGITUDE": -97.866621, "POP_MAX": 13727, "POP_MIN": 12467, "POP_OTHER": 13471, "RANK_MAX": 6, "RANK_MIN": 6, "MEGANAME": null, "LS_NAME": "Thompson", "MAX_POP10": 13727, "MAX_POP20": 13727, "MAX_POP50": 13727, "MAX_POP300": 0, "MAX_POP310": 0, "MAX_NATSCA": 50, "MIN_AREAKM": 12, "MAX_AREAKM": 12, "MIN_AREAMI": 4, "MAX_AREAMI": 4, "MIN_PERKM": 19, "MAX_PERKM": 19, "MIN_PERMI": 12, "MAX_PERMI": 12, "MIN_BBXMIN": -97.883333, "MAX_BBXMIN": -97.883333, "MIN_BBXMAX": -97.825, "MAX_BBXMAX": -97.825, "MIN_BBYMIN": 55.725, "MAX_BBYMIN": 55.725, "MIN_BBYMAX": 55.775, "MAX_BBYMAX": 55.775, "MEAN_BBXC": -97.850347, "MEAN_BBYC": 55.748264, "TIMEZONE": "America/Winnipeg", "UN_FID": 0, "POP1950": 0, "POP1955": 0, "POP1960": 0, "POP1965": 0, "POP1970": 0, "POP1975": 0, "POP1980": 0, "POP1985": 0, "POP1990": 0, "POP1995": 0, "POP2000": 0, "POP2005": 0, "POP2010": 0, "POP2015": 0, "POP2020": 0, "POP2025": 0, "POP2050": 0, "MIN_ZOOM": 5.6, "WIKIDATAID": "Q991295", "WOF_ID": 101735139, "CAPALT": 0, "NAME_EN": "Thompson", "NAME_DE": "Thompson", "NAME_ES": "Thompson", "NAME_FR": "Thompson", "NAME_PT": "Thompson", "NAME_RU": "Томпсон", "NAME_ZH": "汤普森", "LABEL": null, "NAME_AR": "تومبسون", "NAME_BN": "থমপসন", "NAME_EL": "Τόμπσον", "NAME_HI": "थॉम्पसन", "NAME_HU": "Thompson", "NAME_ID": "Thompson", "NAME_IT": "Thompson", "NAME_JA": "トンプソン", "NAME_KO": "탐슨", "NAME_NL": "Thompson", "NAME_PL": "Thompson", "NAME_SV": "Thompson", "NAME_TR": "Thompson", "NAME_VI": "Thompson", "NE_ID": 1159150227, "NAME_FA": "تامپسون", "NAME_HE": "תומפסון", "NAME_UK": "Томпсон", "NAME_UR": "تھامپسن", "NAME_ZHT": "湯普森", "GEONAMESID": 6165406, "FCLASS_ISO": null, "FCLASS_US": null, "FCLASS_FR": null, "FCLASS_RU": null, "FCLASS_ES": null, "FCLASS_CN": null, "FCLASS_TW": null, "FCLASS_IN": null, "FCLASS_NP": null, "FCLASS_PK": null, "FCLASS_DE": null, "FCLASS_GB": null, "FCLASS_BR": null, "FCLASS_IL": null, "FCLASS_PS": null, "FCLASS_SA": null, "FCLASS_EG": null, "FCLASS_MA": null, "FCLASS_PT": null, "FCLASS_AR": null, "FCLASS_JP": null, "FCLASS_KO": null, "FCLASS_VN": null, "FCLASS_TR": null, "FCLASS_ID": null, "FCLASS_PL": null, "FCLASS_GR": null, "FCLASS_IT": null, "FCLASS_NL": null, "FCLASS_SE": null, "FCLASS_BD": null, "FCLASS_UA": null, "FCLASS_TLC": null }, "geometry": { "type": "Point", "coordinates": [ -97.8666209, 55.749942 ] } },
{ "type": "Feature", "properties": { "SCALERANK": 4, "NATSCALE": 50, "LABELRANK": 2, "FEATURECLA": "Populated place", "NAME": "Brandon", "NAMEPAR": null, "NAMEALT": null, "NAMEASCII": "Brandon", "ADM0CAP": 0, "CAPIN": null, "WORLDCITY": 0, "MEGACITY": 0, "SOV0NAME": "Canada", "SOV_A3": "CAN", "ADM0NAME": "Canada", "ADM0_A3": "CAN", "ADM1NAME": "Manitoba", "ISO_A2": "CA", "NOTE": null, "LATITUDE": 49.833275, "LONGITUDE": -99.949982, "POP_MAX": 28418, "POP_MIN": 26234, "POP_OTHER": 28279, "RANK_MAX": 7, "RANK_MIN": 7, "MEGANAME": null, "LS_NAME": "Brandon", "MAX_POP10": 28418, "MAX_POP20": 28418, "MAX_POP50": 28418, "MAX_POP300": 0, "MAX_POP310": 0, "MAX_NATSCA": 50, "MIN_AREAKM": 27, "MAX_AREAKM": 27, "MIN_AREAMI": 11, "MAX_AREAMI": 11, "MIN_PERKM": 38, "MAX_PERKM": 38, "MIN_PERMI": 24, "MAX_PERMI": 24, "MIN_BBXMIN": -100.008333, "MAX_BBXMIN": -100.008333, "MIN_BBXMAX": -99.9, "MAX_BBXMAX": -99.9, "MIN_BBYMIN": 49.808333, "MAX_BBYMIN": 49.808333, "MIN_BBYMAX": 49.858333, "MAX_BBYMAX": 49.858333, "MEAN_BBXC": -99.953997, "MEAN_BBYC": 49.83631, "TIMEZONE": "America/Winnipeg", "UN_FID": 0, "POP1950": 0, "POP1955": 0, "POP1960": 0, "POP1965": 0, "POP1970": 0, "POP1975": 0, "POP1980": 0, "POP1985": 0, "POP1990": 0, "POP1995": 0, "POP2000": 0, "POP2005": 0, "POP2010": 0, "POP2015": 0, "POP2020": 0, "POP2025": 0, "POP2050": 0, "MIN_ZOOM": 5.6, "WIKIDATAID": "Q61432", "WOF_ID": 101734971, "CAPALT": 0, "NAME_EN": "Brandon", "NAME_DE": "Brandon", "NAME_ES": "Brandon", "NAME_FR": "Brandon", "NAME_PT": "Brandon", "NAME_RU": "Брандон", "NAME_ZH": "布兰登", "LABEL": null, "NAME_AR": "براندون", "NAME_BN": "ব্রেন্ডন", "NAME_EL": "Μπράντον", "NAME_HI": "ब्रैंडन", "NAME_HU": "Brandon", "NAME_ID": "Brandon", "NAME_IT": "Brandon", "NAME_JA": "ブランドン", "NAME_KO": "브랜든", "NAME_NL": "Brandon", "NAME_PL": "Brandon", "NAME_SV": "Brandon", "NAME_TR": "Brandon", "NAME_VI": "Brandon", "NE_ID": 1159150229, "NAME_FA": "برندن", "NAME_HE": "ברנדון", "NAME_UK": "Брендон", "NAME_UR": "برانڈن", "NAME_ZHT": "布兰登", "GEONAMESID": 5907896, "FCLASS_ISO": null, "FCLASS_US": null, "FCLASS_FR": null, "FCLASS_RU": null, "FCLASS_ES": null, "FCLASS_CN": null, "FCLASS_TW": null, "FCLASS_IN": null, "FCLASS_NP": null, "FCLASS_PK": null, "FCLASS_DE": null, "FCLASS_GB": null, "FCLASS_BR": null, "FCLASS_IL": null, "FCLASS_PS": null, "FCLASS_SA": null, "FCLASS_EG": null, "FCLASS_MA": null, "FCLASS_PT": null, "FCLASS_AR": null, "FCLASS_JP": null, "FCLASS_KO": null, "FCLASS_VN": null, "FCLASS_TR": null, "FCLASS_ID": null, "FCLASS_PL": null, "FCLASS_GR": null, "FCLASS_IT": null, "FCLASS_NL": null, "FCLASS_SE": null, "FCLASS_BD": null, "FCLASS_UA": null, "FCLASS_TLC": null }, "geometry": { "type": "Point", "coordinates": [ -99.9499821, 49.8332748 ] } },
{ "type": "Feature", "properties": { "SCALERANK": 4, "NATSCALE": 50, "LABELRANK": 2, "FEATURECLA": "Populated place", "NAME": "Fort Smith", "NAMEPAR": null, "NAMEALT": null, "NAMEASCII": "Fort Smith", "ADM0CAP": 0, "CAPIN": null, "WORLDCITY": 0, "MEGACITY": 0, "SOV0NAME": "Canada", "SOV_A3": "CAN", "ADM0NAME": "Canada", "ADM0_A3": "CAN", "ADM1NAME": "Alberta", "ISO_A2": "CA", "NOTE": null, "LATITUDE": 60.000019, "LONGITUDE": -111.883336, "POP_MAX": 518, "POP_MIN": 518, "POP_OTHER": 93357, "RANK_MAX": 2, "RANK_MIN": 2, "MEGANAME": null, "LS_NAME": "Fort Smith2", "MAX_POP10": 518, "MAX_POP20": 518, "MAX_POP50": 518, "MAX_POP300": 0, "MAX_POP310": 0, "MAX_NATSCA": 50, "MIN_AREAKM": 2, "MAX_AREAKM": 2, "MIN_AREAMI": 1, "MAX_AREAMI": 1, "MIN_PERKM": 9, "MAX_PERKM": 9, "MIN_PERMI": 6, "MAX_PERMI": 6, "MIN_BBXMIN": -111.9, "MAX_BBXMIN": -111.9, "MIN_BBXMAX": -111.866667, "MAX_BBXMAX": -111.866667, "MIN_BBYMIN": 59.991667, "MAX_BBYMIN": 59.991667, "MIN_BBYMAX": 60.008333, "MAX_BBYMAX": 60.008333, "MEAN_BBXC": -111.885833, "MEAN_BBYC": 60.0025, "TIMEZONE": null, "UN_FID": 0, "POP1950": 0, "POP1955": 0, "POP1960": 0, "POP1965": 0, "POP1970": 0, "POP1975": 0, "POP1980": 0, "POP1985": 0, "POP1990": 0, "POP1995": 0, "POP2000": 0, "POP2005": 0, "POP2010": 0, "POP2015": 0, "POP2020": 0, "POP2025": 0, "POP2050": 0, "MIN_ZOOM": 5.1, "WIKIDATAID": "Q686415", "WOF_ID": 1141909291, "CAPALT": 0, "NAME_EN": "Fort Smith", "NAME_DE": "Fort Smith", "NAME_ES": "Fort Smith", "NAME_FR": "Fort Smith", "NAME_PT": "Fort Smith", "NAME_RU": "Форт-Смит", "NAME_ZH": "史密斯堡", "LABEL": null, "NAME_AR": "حصن سميث", "NAME_BN": "ফোর্ট স্মিথ", "NAME_EL": "Φορτ Σμιθ", "NAME_HI": "फ़ोर्ट स्मिथ", "NAME_HU": "Fort Smith", "NAME_ID": "Fort Smith", "NAME_IT": "Fort Smith", "NAME_JA": "フォートスミス", "NAME_KO": "포트 스미스", "NAME_NL": "Fort Smith", "NAME_PL": "Fort Smith", "NAME_SV": "Fort Smith", "NAME_TR": "Fort Smith", "NAME_VI": "Fort Smith", "NE_ID": 1159150231, "NAME_FA": "فورت اسمیت", "NAME_HE": "פורט סמית'", "NAME_UK": "Форт-Сміт", "NAME_UR": "فورٹ اسمتھ", "NAME_ZHT": "史密斯堡", "GEONAMESID": 5955954, "FCLASS_ISO": null, "FCLASS_US": null, "FCLASS_FR": null, "FCLASS_RU": null, "FCLASS_ES": null, "FCLASS_CN": null, "FCLASS_TW": null, "FCLASS_IN": null, "FCLASS_NP": null, "FCLASS_PK": null, "FCLASS_DE": null, "FCLASS_GB": null, "FCLASS_BR": null, "FCLASS_IL": null, "FCLASS_PS": null, "FCLASS_SA": null, "FCLASS_EG": null, "FCLASS_MA": null, "FCLASS_PT": null, "FCLASS_AR": null, "FCLASS_JP": null, "FCLASS_KO": null, "FCLASS_VN": null, "FCLASS_TR": null, "FCLASS_ID": null, "FCLASS_PL": null, "FCLASS_GR": null, "FCLASS_IT": null, "FCLASS_NL": null, "FCLASS_SE": null, "FCLASS_BD": null, "FCLASS_UA": null, "FCLASS_TLC": null }, "geometry": { "type": "Point", "coordinates": [ -111.8833364, 60.0000185 ] } },
{ "type": "Feature", "properties": { "SCALERANK": 4, "NATSCALE": 50, "LABELRANK": 2, "FEATURECLA": "Populated place", "NAME": "Fort McMurray", "NAMEPAR": null, "NAMEALT": null, "NAMEASCII": "Fort McMurray", "ADM0CAP": 0, "CAPIN": null, "WORLDCITY": 0, "MEGACITY": 0, "SOV0NAME": "Canada", "SOV_A3": "CAN", "ADM0NAME": "Canada", "ADM0_A3": "CAN", "ADM1NAME": "Alberta", "ISO_A2": "CA", "NOTE": null, "LATITUDE": 56.733319, "LONGITUDE": -111.383315, "POP_MAX": 21863, "POP_MIN": 21863, "POP_OTHER": 0, "RANK_MAX": 7, "RANK_MIN": 7, "MEGANAME": null, "LS_NAME": "Fort McMurray", "MAX_POP10": 0, "MAX_POP20": 21863, "MAX_POP50": 10758, "MAX_POP300": 0, "MAX_POP310": 0, "MAX_NATSCA": 50, "MIN_AREAKM": 13, "MAX_AREAKM": 22, "MIN_AREAMI": 5, "MAX_AREAMI": 8, "MIN_PERKM": 24, "MAX_PERKM": 43, "MIN_PERMI": 15, "MAX_PERMI": 27, "MIN_BBXMIN": -111.483333, "MAX_BBXMIN": -111.391667, "MIN_BBXMAX": -111.408333, "MAX_BBXMAX": -111.283333, "MIN_BBYMIN": 56.641667, "MAX_BBYMIN": 56.716667, "MIN_BBYMAX": 56.733333, "MAX_BBYMAX": 56.758333, "MEAN_BBXC": -111.397431, "MEAN_BBYC": 56.713917, "TIMEZONE": null, "UN_FID": 0, "POP1950": 0, "POP1955": 0, "POP1960": 0, "POP1965": 0, "POP1970": 0, "POP1975": 0, "POP1980": 0, "POP1985": 0, "POP1990": 0, "POP1995": 0, "POP2000": 0, "POP2005": 0, "POP2010": 0, "POP2015": 0, "POP2020": 0, "POP2025": 0, "POP2050": 0, "MIN_ZOOM": 5.6, "WIKIDATAID": "Q126624", "WOF_ID": 1141909293, "CAPALT": 0, "NAME_EN": "Fort McMurray", "NAME_DE": "Fort McMurray", "NAME_ES": "Fort Mcmurray", "NAME_FR": "Fort McMurray", "NAME_PT": "Fort McMurray", "NAME_RU": "Форт-Мак-Мюррей", "NAME_ZH": "麦克默里堡", "LABEL": null, "NAME_AR": "فورت ماكموراي", "NAME_BN": "ফোর্ট ম্যাকমারি", "NAME_EL": "Φορτ Μακ Μουρέϊ", "NAME_HI": "फोर्ट मैकमुरे", "NAME_HU": "Fort McMurray", "NAME_ID": "Fort McMurray", "NAME_IT": "Fort McMurray", "NAME_JA": "フォートマクマレー", "NAME_KO": "포트맥머리", "NAME_NL": "Fort McMurray", "NAME_PL": "Fort McMurray", "NAME_SV": "Fort McMurray", "NAME_TR": "Fort McMurray", "NAME_VI": "Fort McMurray", "NE_ID": 1159150233, "NAME_FA": "فورت مکموری", "NAME_HE": "פורט מקמרי", "NAME_UK": "Форт-МакМеррей", "NAME_UR": "فورٹ مکمورای", "NAME_ZHT": "麥克墨雷堡", "GEONAMESID": 5955895, "FCLASS_ISO": null, "FCLASS_US": null, "FCLASS_FR": null, "FCLASS_RU": null, "FCLASS_ES": null, "FCLASS_CN": null, "FCLASS_TW": null, "FCLASS_IN": null, "FCLASS_NP": null, "FCLASS_PK": null, "FCLASS_DE": null, "FCLASS_GB": null, "FCLASS_BR": null, "FCLASS_IL": null, "FCLASS_PS": null, "FCLASS_SA": null, "FCLASS_EG": null, "FCLASS_MA": null, "FCLASS_PT": null, "FCLASS_AR": null, "FCLASS_JP": null, "FCLASS_KO": null, "FCLASS_VN": null, "FCLASS_TR": null, "FCLASS_ID": null, "FCLASS_PL": null, "FCLASS_GR": null, "FCLASS_IT": null, "FCLASS_NL": null, "FCLASS_SE": null, "FCLASS_BD": null, "FCLASS_UA": null, "FCLASS_TLC": null }, "geometry": { "type": "Point", "coordinates": [ -111.3833153, 56.7333187 ] } },
{ "type": "Feature", "properties": { "SCALERANK": 4, "NATSCALE": 50, "LABELRANK": 2, "FEATURECLA": "Populated place", "NAME": "Peace River", "NAMEPAR": null, "NAMEALT": null, "NAMEASCII": "Peace River", "ADM0CAP": 0, "CAPIN": null, "WORLDCITY": 0, "MEGACITY": 0, "SOV0NAME": "Canada", "SOV_A3": "CAN", "ADM0NAME": "Canada", "ADM0_A3": "CAN", "ADM1NAME": "Alberta", "ISO_A2": "CA", "NOTE": null, "LATITUDE": 56.233323, "LONGITUDE": -117.283291, "POP_MAX": 5340, "POP_MIN": 4689, "POP_OTHER": 0, "RANK_MAX": 5, "RANK_MIN": 4, "MEGANAME": null, "LS_NAME": "Peace River", "MAX_POP10": 4689, "MAX_POP20": 4689, "MAX_POP50": 4689, "MAX_POP300": 0, "MAX_POP310": 0, "MAX_NATSCA": 50, "MIN_AREAKM": 5, "MAX_AREAKM": 5, "MIN_AREAMI": 2, "MAX_AREAMI": 2, "MIN_PERKM": 14, "MAX_PERKM": 14, "MIN_PERMI": 9, "MAX_PERMI": 9, "MIN_BBXMIN": -117.325, "MAX_BBXMIN": -117.325, "MIN_BBXMAX": -117.283333, "MAX_BBXMAX": -117.283333, "MIN_BBYMIN": 56.225, "MAX_BBYMIN": 56.225, "MIN_BBYMAX": 56.258333, "MAX_BBYMAX": 56.258333, "MEAN_BBXC": -117.302652, "MEAN_BBYC": 56.239773, "TIMEZONE": "America/Edmonton", "UN_FID": 0, "POP1950": 0, "POP1955": 0, "POP1960": 0, "POP1965": 0, "POP1970": 0, "POP1975": 0, "POP1980": 0, "POP1985": 0, "POP1990": 0, "POP1995": 0, "POP2000": 0, "POP2005": 0, "POP2010": 0, "POP2015": 0, "POP2020": 0, "POP2025": 0, "POP2050": 0, "MIN_ZOOM": 5.6, "WIKIDATAID": "Q1743985", "WOF_ID": 890457589, "CAPALT": 0, "NAME_EN": "Peace River", "NAME_DE": "Peace River", "NAME_ES": "Río de la Paz", "NAME_FR": "Rivière-la-Paix", "NAME_PT": "Peace River", "NAME_RU": "Пис-Ривер", "NAME_ZH": "皮斯里弗", "LABEL": null, "NAME_AR": "نهر السلام", "NAME_BN": "পিস রিভার", "NAME_EL": "Πις Ρίβερ", "NAME_HI": "पीस रिवर", "NAME_HU": "Peace-folyó", "NAME_ID": "Peace River", "NAME_IT": "Peace River", "NAME_JA": "ピース・リバー", "NAME_KO": "피스 리버", "NAME_NL": "Peace River", "NAME_PL": "Peace River", "NAME_SV": "Peace River", "NAME_TR": "Peace River", "NAME_VI": "Peace River", "NE_ID": 1159150235, "NAME_FA": "پیس ریور", "NAME_HE": "פיס ריבר", "NAME_UK": "Піс-Рівер", "NAME_UR": "پیس ریور", "NAME_ZHT": "皮斯里弗", "GEONAMESID": 6100069, "FCLASS_ISO": null, "FCLASS_US": null, "FCLASS_FR": null, "FCLASS_RU": null, "FCLASS_ES": null, "FCLASS_CN": null, "FCLASS_TW": null, "FCLASS_IN": null, "FCLASS_NP": null, "FCLASS_PK": null, "FCLASS_DE": null, "FCLASS_GB": null, "FCLASS_BR": null, "FCLASS_IL": null, "FCLASS_PS": null, "FCLASS_SA": null, "FCLASS_EG": null, "FCLASS_MA": null, "FCLASS_PT": null, "FCLASS_AR": null, "FCLASS_JP": null, "FCLASS_KO": null, "FCLASS_VN": null, "FCLASS_TR": null, "FCLASS_ID": null, "FCLASS_PL": null, "FCLASS_GR": null, "FCLASS_IT": null, "FCLASS_NL": null, "FCLASS_SE": null, "FCLASS_BD": null, "FCLASS_UA": null, "FCLASS_TLC": null }, "geometry": { "type": "Point", "coordinates": [ -117.2832911, 56.2333234 ] } },
{ "type": "Feature", "properties": { "SCALERANK": 4, "NATSCALE": 50, "LABELRANK": 2, "FEATURECLA": "Populated place", "NAME": "Fort St. John", "NAMEPAR": null, "NAMEALT": null, "NAMEASCII": "Fort St. John", "ADM0CAP": 0, "CAPIN": null, "WORLDCITY": 0, "MEGACITY": 0, "SOV0NAME": "Canada", "SOV_A3": "CAN", "ADM0NAME": "Canada", "ADM0_A3": "CAN", "ADM1NAME": "British Columbia", "ISO_A2": "CA", "NOTE": null, "LATITUDE": 56.249989, "LONGITUDE": -120.833281, "POP_MAX": 18776, "POP_MIN": 17402, "POP_OTHER": 16903, "RANK_MAX": 6, "RANK_MIN": 6, "MEGANAME": null, "LS_NAME": "Fort St. John", "MAX_POP10": 18776, "MAX_POP20": 18776, "MAX_POP50": 18776, "MAX_POP300": 0, "MAX_POP310": 0, "MAX_NATSCA": 50, "MIN_AREAKM": 22, "MAX_AREAKM": 22, "MIN_AREAMI": 9, "MAX_AREAMI": 9, "MIN_PERKM": 39, "MAX_PERKM": 39, "MIN_PERMI": 24, "MAX_PERMI": 24, "MIN_BBXMIN": -120.908333, "MAX_BBXMIN": -120.908333, "MIN_BBXMAX": -120.783333, "MAX_BBXMAX": -120.783333, "MIN_BBYMIN": 56.216667, "MAX_BBYMIN": 56.216667, "MIN_BBYMAX": 56.266667, "MAX_BBYMAX": 56.266667, "MEAN_BBXC": -120.842935, "MEAN_BBYC": 56.243116, "TIMEZONE": "America/Dawson_Creek", "UN_FID": 0, "POP1950": 0, "POP1955": 0, "POP1960": 0, "POP1965": 0, "POP1970": 0, "POP1975": 0, "POP1980": 0, "POP1985": 0, "POP1990": 0, "POP1995": 0, "POP2000": 0, "POP2005": 0, "POP2010": 0, "POP2015": 0, "POP2020": 0, "POP2025": 0, "POP2050": 0, "MIN_ZOOM": 5.1, "WIKIDATAID": "Q23021", "WOF_ID": 101740873, "CAPALT": 0, "NAME_EN": "Fort St. John", "NAME_DE": "Fort St. John", "NAME_ES": "Fort St. John", "NAME_FR": "Fort St. John", "NAME_PT": "Fort St. John", "NAME_RU": "Форт-Сент-Джон", "NAME_ZH": "圣约翰堡", "LABEL": null, "NAME_AR": "فورت سانت جون", "NAME_BN": "ফোর্ট সেন্ট জন", "NAME_EL": "Φορτ Σεντ Τζον", "NAME_HI": "फोर्ट सेंट जॉन", "NAME_HU": "Fort St. John", "NAME_ID": "Fort St. John", "NAME_IT": "Fort St. John", "NAME_JA": "フォート・セント・ジョン", "NAME_KO": "포트 세인트 존", "NAME_NL": "Fort St. John", "NAME_PL": "Fort St. John", "NAME_SV": "Fort St. John", "NAME_TR": "Fort St. John", "NAME_VI": "Fort St. John", "NE_ID": 1159150237, "NAME_FA": "فورت سنت جان", "NAME_HE": "פורט סנט ג'ון", "NAME_UK": "Форт-Сент-Джон", "NAME_UR": "فورٹ سینٹ جان", "NAME_ZHT": "聖約翰堡", "GEONAMESID": 5955960, "FCLASS_ISO": null, "FCLASS_US": null, "FCLASS_FR": null, "FCLASS_RU": null, "FCLASS_ES": null, "FCLASS_CN": null, "FCLASS_TW": null, "FCLASS_IN": null, "FCLASS_NP": null, "FCLASS_PK": null, "FCLASS_DE": null, "FCLASS_GB": null, "FCLASS_BR": null, "FCLASS_IL": null, "FCLASS_PS": null, "FCLASS_SA": null, "FCLASS_EG": null, "FCLASS_MA": null, "FCLASS_PT": null, "FCLASS_AR": null, "FCLASS_JP": null, "FCLASS_KO": null, "FCLASS_VN": null, "FCLASS_TR": null, "FCLASS_ID": null, "FCLASS_PL": null, "FCLASS_GR": null, "FCLASS_IT": null, "FCLASS_NL": null, "FCLASS_SE": null, "FCLASS_BD": null, "FCLASS_UA": null, "FCLASS_TLC": null }, "geometry": { "type": "Point", "coordinates": [ -120.8332811, 56.249989 ] } },
{ "type": "Feature", "properties": { "SCALERANK": 4, "NATSCALE": 50, "LABELRANK": 2, "FEATURECLA": "Admin-1 capital", "NAME": "Iqaluit", "NAMEPAR": null, "NAMEALT": null, "NAMEASCII": "Iqaluit", "ADM0CAP": 0, "CAPIN": null, "WORLDCITY": 0, "MEGACITY": 0, "SOV0NAME": "Canada", "SOV_A3": "CAN", "ADM0NAME": "Canada", "ADM0_A3": "CAN", "ADM1NAME": "Nunavut", "ISO_A2": "CA", "NOTE": null, "LATITUDE": 63.750459, "LONGITUDE": -68.500192, "POP_MAX": 6124, "POP_MIN": 6124, "POP_OTHER": 0, "RANK_MAX": 5, "RANK_MIN": 5, "MEGANAME": null, "LS_NAME": "Iqaluit", "MAX_POP10": 0, "MAX_POP20": 0, "MAX_POP50": 0, "MAX_POP300": 0, "MAX_POP310": 0, "MAX_NATSCA": 0, "MIN_AREAKM": 0, "MAX_AREAKM": 0, "MIN_AREAMI": 0, "MAX_AREAMI": 0, "MIN_PERKM": 0, "MAX_PERKM": 0, "MIN_PERMI": 0, "MAX_PERMI": 0, "MIN_BBXMIN": 0.0, "MAX_BBXMIN": 0.0, "MIN_BBXMAX": 0.0, "MAX_BBXMAX": 0.0, "MIN_BBYMIN": 0.0, "MAX_BBYMIN": 0.0, "MIN_BBYMAX": 0.0, "MAX_BBYMAX": 0.0, "MEAN_BBXC": 0.0, "MEAN_BBYC": 0.0, "TIMEZONE": "America/Iqaluit", "UN_FID": 0, "POP1950": 0, "POP1955": 0, "POP1960": 0, "POP1965": 0, "POP1970": 0, "POP1975": 0, "POP1980": 0, "POP1985": 0, "POP1990": 0, "POP1995": 0, "POP2000": 0, "POP2005": 0, "POP2010": 0, "POP2015": 0, "POP2020": 0, "POP2025": 0, "POP2050": 0, "MIN_ZOOM": 5.1, "WIKIDATAID": "Q2030", "WOF_ID": 101735445, "CAPALT": 0, "NAME_EN": "Iqaluit", "NAME_DE": "Iqaluit", "NAME_ES": "Iqaluit", "NAME_FR": "Iqaluit", "NAME_PT": "Iqaluit", "NAME_RU": "Икалуит", "NAME_ZH": "伊魁特", "LABEL": null, "NAME_AR": "إيكالويت", "NAME_BN": "ইক্যালুইট", "NAME_EL": "Ικαλούιτ", "NAME_HI": "इकलौत", "NAME_HU": "Iqaluit", "NAME_ID": "Iqaluit", "NAME_IT": "Iqaluit", "NAME_JA": "イカルイト", "NAME_KO": "이칼루이트", "NAME_NL": "Iqaluit", "NAME_PL": "Iqaluit", "NAME_SV": "Iqaluit", "NAME_TR": "Iqaluit", "NAME_VI": "Iqaluit", "NE_ID": 1159150241, "NAME_FA": "ایکالویت", "NAME_HE": "איקאלואיט", "NAME_UK": "Ікалуїт", "NAME_UR": "اکالوئٹ", "NAME_ZHT": "伊魁特", "GEONAMESID": 5983720, "FCLASS_ISO": null, "FCLASS_US": null, "FCLASS_FR": null, "FCLASS_RU": null, "FCLASS_ES": null, "FCLASS_CN": null, "FCLASS_TW": null, "FCLASS_IN": null, "FCLASS_NP": null, "FCLASS_PK": null, "FCLASS_DE": null, "FCLASS_GB": null, "FCLASS_BR": null, "FCLASS_IL": null, "FCLASS_PS": null, "FCLASS_SA": null, "FCLASS_EG": null, "FCLASS_MA": null, "FCLASS_PT": null, "FCLASS_AR": null, "FCLASS_JP": null, "FCLASS_KO": null, "FCLASS_VN": null, "FCLASS_TR": null, "FCLASS_ID": null, "FCLASS_PL": null, "FCLASS_GR": null, "FCLASS_IT": null, "FCLASS_NL": null, "FCLASS_SE": null, "FCLASS_BD": null, "FCLASS_UA": null, "FCLASS_TLC": null }, "geometry": { "type": "Point", "coordinates": [ -68.5001917, 63.7504594 ] } },
{ "type": "Feature", "properties": { "SCALERANK": 4, "NATSCALE": 50, "LABELRANK": 2, "FEATURECLA": "Populated place", "NAME": "Cambridge Bay", "NAMEPAR": null, "NAMEALT": null, "NAMEASCII": "Cambridge Bay", "ADM0CAP": 0, "CAPIN": null, "WORLDCITY": 0, "MEGACITY": 0, "SOV0NAME": "Canada", "SOV_A3": "CAN", "ADM0NAME": "Canada", "ADM0_A3": "CAN", "ADM1NAME": "Nunavut", "ISO_A2": "CA", "NOTE": null, "LATITUDE": 69.116956, "LONGITUDE": -105.033315, "POP_MAX": 1477, "POP_MIN": 1477, "POP_OTHER": 0, "RANK_MAX": 3, "RANK_MIN": 3, "MEGANAME": null, "LS_NAME": "Campbridge Bay", "MAX_POP10": 0, "MAX_POP20": 0, "MAX_POP50": 0, "MAX_POP300": 0, "MAX_POP310": 0, "MAX_NATSCA": 0, "MIN_AREAKM": 0, "MAX_AREAKM": 0, "MIN_AREAMI": 0, "MAX_AREAMI": 0, "MIN_PERKM": 0, "MAX_PERKM": 0, "MIN_PERMI": 0, "MAX_PERMI": 0, "MIN_BBXMIN": 0.0, "MAX_BBXMIN": 0.0, "MIN_BBXMAX": 0.0, "MAX_BBXMAX": 0.0, "MIN_BBYMIN": 0.0, "MAX_BBYMIN": 0.0, "MIN_BBYMAX": 0.0, "MAX_BBYMAX": 0.0, "MEAN_BBXC": 0.0, "MEAN_BBYC": 0.0, "TIMEZONE": null, "UN_FID": 0, "POP1950": 0, "POP1955": 0, "POP1960": 0, "POP1965": 0, "POP1970": 0, "POP1975": 0, "POP1980": 0, "POP1985": 0, "POP1990": 0, "POP1995": 0, "POP2000": 0, "POP2005": 0, "POP2010": 0, "POP2015": 0, "POP2020": 0, "POP2025": 0, "POP2050": 0, "MIN_ZOOM": 5.6, "WIKIDATAID": "Q719611", "WOF_ID": 1141909295, "CAPALT": 0, "NAME_EN": "Cambridge Bay", "NAME_DE": "Cambridge Bay", "NAME_ES": "Cambridge Bay", "NAME_FR": "Ikaluktutiak", "NAME_PT": "Cambridge Bay", "NAME_RU": "Кеймбридж-Бей", "NAME_ZH": "剑桥湾", "LABEL": null, "NAME_AR": "خليج كامبردج", "NAME_BN": "কেম্ব্রিজ বে", "NAME_EL": "Κέιμπριτζ Μπέι", "NAME_HI": "कैम्ब्रिज बे", "NAME_HU": "Cambridge Bay", "NAME_ID": "Cambridge Bay", "NAME_IT": "Cambridge Bay", "NAME_JA": "ケンブリッジ・ベイ", "NAME_KO": "캠브리지 베이", "NAME_NL": "Cambridge Bay", "NAME_PL": "Cambridge Bay", "NAME_SV": "Cambridge Bay", "NAME_TR": "Cambridge Bay", "NAME_VI": "Vịnh Cambridge", "NE_ID": 1159150243, "NAME_FA": "کمبریج بی", "NAME_HE": "קיימברדיג' ביי", "NAME_UK": "Кеймбрідж-Бей", "NAME_UR": "کیمبرج بے", "NAME_ZHT": "劍橋灣", "GEONAMESID": 5913698, "FCLASS_ISO": null, "FCLASS_US": null, "FCLASS_FR": null, "FCLASS_RU": null, "FCLASS_ES": null, "FCLASS_CN": null, "FCLASS_TW": null, "FCLASS_IN": null, "FCLASS_NP": null, "FCLASS_PK": null, "FCLASS_DE": null, "FCLASS_GB": null, "FCLASS_BR": null, "FCLASS_IL": null, "FCLASS_PS": null, "FCLASS_SA": null, "FCLASS_EG": null, "FCLASS_MA": null, "FCLASS_PT": null, "FCLASS_AR": null, "FCLASS_JP": null, "FCLASS_KO": null, "FCLASS_VN": null, "FCLASS_TR": null, "FCLASS_ID": null, "FCLASS_PL": null, "FCLASS_GR": null, "FCLASS_IT": null, "FCLASS_NL": null, "FCLASS_SE": null, "FCLASS_BD": null, "FCLASS_UA": null, "FCLASS_TLC": null }, "geometry": { "type": "Point", "coordinates": [ -105.0333153, 69.1169556 ] } },
{ "type": "Feature", "properties": { "SCALERANK": 4, "NATSCALE": 50, "LABELRANK": 2, "FEATURECLA": "Populated place", "NAME": "Kugluktuk", "NAMEPAR": null, "NAMEALT": null, "NAMEASCII": "Kugluktuk", "ADM0CAP": 0, "CAPIN": null, "WORLDCITY": 0, "MEGACITY": 0, "SOV0NAME": "Canada", "SOV_A3": "CAN", "ADM0NAME": "Canada", "ADM0_A3": "CAN", "ADM1NAME": "Nunavut", "ISO_A2": "CA", "NOTE": null, "LATITUDE": 67.798663, "LONGITUDE": -115.12535, "POP_MAX": 1302, "POP_MIN": 1302, "POP_OTHER": 0, "RANK_MAX": 3, "RANK_MIN": 3, "MEGANAME": null, "LS_NAME": "Kugluktuk", "MAX_POP10": 0, "MAX_POP20": 0, "MAX_POP50": 0, "MAX_POP300": 0, "MAX_POP310": 0, "MAX_NATSCA": 0, "MIN_AREAKM": 0, "MAX_AREAKM": 0, "MIN_AREAMI": 0, "MAX_AREAMI": 0, "MIN_PERKM": 0, "MAX_PERKM": 0, "MIN_PERMI": 0, "MAX_PERMI": 0, "MIN_BBXMIN": 0.0, "MAX_BBXMIN": 0.0, "MIN_BBXMAX": 0.0, "MAX_BBXMAX": 0.0, "MIN_BBYMIN": 0.0, "MAX_BBYMIN": 0.0, "MIN_BBYMAX": 0.0, "MAX_BBYMAX": 0.0, "MEAN_BBXC": 0.0, "MEAN_BBYC": 0.0, "TIMEZONE": "America/Resolute", "UN_FID": 0, "POP1950": 0, "POP1955": 0, "POP1960": 0, "POP1965": 0, "POP1970": 0, "POP1975": 0, "POP1980": 0, "POP1985": 0, "POP1990": 0, "POP1995": 0, "POP2000": 0, "POP2005": 0, "POP2010": 0, "POP2015": 0, "POP2020": 0, "POP2025": 0, "POP2050": 0, "MIN_ZOOM": 5.6, "WIKIDATAID": "Q719707", "WOF_ID": 101735475, "CAPALT": 0, "NAME_EN": "Kugluktuk", "NAME_DE": "Kugluktuk", "NAME_ES": "Kugluktuk", "NAME_FR": "Kugluktuk", "NAME_PT": "Kugluktuk", "NAME_RU": "Куглуктук", "NAME_ZH": "库格鲁克图克", "LABEL": null, "NAME_AR": "كوغلوكتوك", "NAME_BN": "কুগ্লুকটুক", "NAME_EL": "Κουγκλουκτούκ", "NAME_HI": "कुग्लुकटूक", "NAME_HU": "Kugluktuk", "NAME_ID": "Kugluktuk", "NAME_IT": "Kugluktuk", "NAME_JA": "クグルクトゥク", "NAME_KO": "쿠글룩투크", "NAME_NL": "Kugluktuk", "NAME_PL": "Kugluktuk", "NAME_SV": "Kugluktuk", "NAME_TR": "Kugluktuk", "NAME_VI": "Kugluktuk", "NE_ID": 1159150245, "NAME_FA": "کوگلاکتوک", "NAME_HE": "קוגלולקטוק", "NAME_UK": "Куглуктук", "NAME_UR": "کگ لک تک", "NAME_ZHT": "庫格魯克圖克", "GEONAMESID": 5994339, "FCLASS_ISO": null, "FCLASS_US": null, "FCLASS_FR": null, "FCLASS_RU": null, "FCLASS_ES": null, "FCLASS_CN": null, "FCLASS_TW": null, "FCLASS_IN": null, "FCLASS_NP": null, "FCLASS_PK": null, "FCLASS_DE": null, "FCLASS_GB": null, "FCLASS_BR": null, "FCLASS_IL": null, "FCLASS_PS": null, "FCLASS_SA": null, "FCLASS_EG": null, "FCLASS_MA": null, "FCLASS_PT": null, "FCLASS_AR": null, "FCLASS_JP": null, "FCLASS_KO": null, "FCLASS_VN": null, "FCLASS_TR": null, "FCLASS_ID": null, "FCLASS_PL": null, "FCLASS_GR": null, "FCLASS_IT": null, "FCLASS_NL": null, "FCLASS_SE": null, "FCLASS_BD": null, "FCLASS_UA": null, "FCLASS_TLC": null }, "geometry": { "type": "Point", "coordinates": [ -115.1253504, 67.7986628 ] } },
{ "type": "Feature", "properties": { "SCALERANK": 4, "NATSCALE": 50, "LABELRANK": 2, "FEATURECLA": "Populated place", "NAME": "Chesterfield Inlet", "NAMEPAR": null, "NAMEALT": null, "NAMEASCII": "Chesterfield Inlet", "ADM0CAP": 0, "CAPIN": null, "WORLDCITY": 0, "MEGACITY": 0, "SOV0NAME": "Canada", "SOV_A3": "CAN", "ADM0NAME": "Canada", "ADM0_A3": "CAN", "ADM1NAME": "Nunavut", "ISO_A2": "CA", "NOTE": null, "LATITUDE": 63.33829, "LONGITUDE": -90.700082, "POP_MAX": 374, "POP_MIN": 374, "POP_OTHER": 0, "RANK_MAX": 2, "RANK_MIN": 2, "MEGANAME": null, "LS_NAME": "Chesterfield Inlet", "MAX_POP10": 374, "MAX_POP20": 374, "MAX_POP50": 374, "MAX_POP300": 0, "MAX_POP310": 0, "MAX_NATSCA": 50, "MIN_AREAKM": 0, "MAX_AREAKM": 0, "MIN_AREAMI": 0, "MAX_AREAMI": 0, "MIN_PERKM": 3, "MAX_PERKM": 3, "MIN_PERMI": 2, "MAX_PERMI": 2, "MIN_BBXMIN": -90.708333, "MAX_BBXMIN": -90.708333, "MIN_BBXMAX": -90.7, "MAX_BBXMAX": -90.7, "MIN_BBYMIN": 63.341667, "MAX_BBYMIN": 63.341667, "MIN_BBYMAX": 63.35, "MAX_BBYMAX": 63.35, "MEAN_BBXC": -90.704167, "MEAN_BBYC": 63.345833, "TIMEZONE": null, "UN_FID": 0, "POP1950": 0, "POP1955": 0, "POP1960": 0, "POP1965": 0, "POP1970": 0, "POP1975": 0, "POP1980": 0, "POP1985": 0, "POP1990": 0, "POP1995": 0, "POP2000": 0, "POP2005": 0, "POP2010": 0, "POP2015": 0, "POP2020": 0, "POP2025": 0, "POP2050": 0, "MIN_ZOOM": 5.6, "WIKIDATAID": "Q1070783", "WOF_ID": 1141909297, "CAPALT": 0, "NAME_EN": "Chesterfield Inlet", "NAME_DE": "Chesterfield Inlet", "NAME_ES": "Chesterfield Inlet", "NAME_FR": "Chesterfield Inlet", "NAME_PT": "Chesterfield Inlet", "NAME_RU": "Честерфилд-Инлет", "NAME_ZH": "切斯特菲尔德入口", "LABEL": null, "NAME_AR": "تشيسترفيلد إنليت", "NAME_BN": "চেস্টারফিল্ড ইনলেট", "NAME_EL": "Τσέστερφιλντ Ίνλετ", "NAME_HI": "चेस्टरफ़ील्ड इनलेट", "NAME_HU": "Chesterfield-öböl", "NAME_ID": "Chesterfield Inlet", "NAME_IT": "Chesterfield Inlet", "NAME_JA": "チェスターフィールド・インレット", "NAME_KO": "체스터필드 인렛", "NAME_NL": "Chesterfield Inlet", "NAME_PL": "Chesterfield Inlet", "NAME_SV": "Chesterfield Inlet", "NAME_TR": "Chesterfield Inlet", "NAME_VI": "Chesterfield Inlet", "NE_ID": 1159150247, "NAME_FA": "چسترفیلد اینلت", "NAME_HE": "צ'סטרפילד אינלט", "NAME_UK": "Честерфілд-Інлет", "NAME_UR": "چیستیرفییلد انلیت", "NAME_ZHT": "切斯特菲爾德因萊特", "GEONAMESID": 5921048, "FCLASS_ISO": null, "FCLASS_US": null, "FCLASS_FR": null, "FCLASS_RU": null, "FCLASS_ES": null, "FCLASS_CN": null, "FCLASS_TW": null, "FCLASS_IN": null, "FCLASS_NP": null, "FCLASS_PK": null, "FCLASS_DE": null, "FCLASS_GB": null, "FCLASS_BR": null, "FCLASS_IL": null, "FCLASS_PS": null, "FCLASS_SA": null, "FCLASS_EG": null, "FCLASS_MA": null, "FCLASS_PT": null, "FCLASS_AR": null, "FCLASS_JP": null, "FCLASS_KO": null, "FCLASS_VN": null, "FCLASS_TR": null, "FCLASS_ID": null, "FCLASS_PL": null, "FCLASS_GR": null, "FCLASS_IT": null, "FCLASS_NL": null, "FCLASS_SE": null, "FCLASS_BD": null, "FCLASS_UA": null, "FCLASS_TLC": null }, "geometry": { "type": "Point", "coordinates": [ -90.7000816, 63.3382902 ] } },
{ "type": "Feature", "properties": { "SCALERANK": 4, "NATSCALE": 50, "LABELRANK": 2, "FEATURECLA": "Populated place", "NAME": "Arviat", "NAMEPAR": null, "NAMEALT": null, "NAMEASCII": "Arviat", "ADM0CAP": 0, "CAPIN": null, "WORLDCITY": 0, "MEGACITY": 0, "SOV0NAME": "Canada", "SOV_A3": "CAN", "ADM0NAME": "Canada", "ADM0_A3": "CAN", "ADM1NAME": "Nunavut", "ISO_A2": "CA", "NOTE": null, "LATITUDE": 61.108592, "LONGITUDE": -94.058607, "POP_MAX": 1868, "POP_MIN": 1868, "POP_OTHER": 0, "RANK_MAX": 3, "RANK_MIN": 3, "MEGANAME": null, "LS_NAME": "Arviat", "MAX_POP10": 1868, "MAX_POP20": 1868, "MAX_POP50": 1868, "MAX_POP300": 0, "MAX_POP310": 0, "MAX_NATSCA": 50, "MIN_AREAKM": 0, "MAX_AREAKM": 0, "MIN_AREAMI": 0, "MAX_AREAMI": 0, "MIN_PERKM": 3, "MAX_PERKM": 3, "MIN_PERMI": 2, "MAX_PERMI": 2, "MIN_BBXMIN": -94.058333, "MAX_BBXMIN": -94.058333, "MIN_BBXMAX": -94.05, "MAX_BBXMAX": -94.05, "MIN_BBYMIN": 61.1, "MAX_BBYMIN": 61.1, "MIN_BBYMAX": 61.108333, "MAX_BBYMAX": 61.108333, "MEAN_BBXC": -94.054167, "MEAN_BBYC": 61.104167, "TIMEZONE": null, "UN_FID": 0, "POP1950": 0, "POP1955": 0, "POP1960": 0, "POP1965": 0, "POP1970": 0, "POP1975": 0, "POP1980": 0, "POP1985": 0, "POP1990": 0, "POP1995": 0, "POP2000": 0, "POP2005": 0, "POP2010": 0, "POP2015": 0, "POP2020": 0, "POP2025": 0, "POP2050": 0, "MIN_ZOOM": 5.6, "WIKIDATAID": "Q643346", "WOF_ID": 1141909301, "CAPALT": 0, "NAME_EN": "Arviat", "NAME_DE": "Arviat", "NAME_ES": "Arviat", "NAME_FR": "Arviat", "NAME_PT": "Arviat", "NAME_RU": "Арвиат", "NAME_ZH": "亚怀亚特", "LABEL": null, "NAME_AR": "آرفيات", "NAME_BN": "আরভিয়াট", "NAME_EL": "Άρβιατ", "NAME_HI": "अरवियत", "NAME_HU": "Arviat", "NAME_ID": "Arviat", "NAME_IT": "Arviat", "NAME_JA": "アルビアト", "NAME_KO": "아리밧", "NAME_NL": "Arviat", "NAME_PL": "Arviat", "NAME_SV": "Arviat", "NAME_TR": "Arviat", "NAME_VI": "Arviat", "NE_ID": 1159150249, "NAME_FA": "آرویات", "NAME_HE": "ארוויאט", "NAME_UK": "Арвіат", "NAME_UR": "ارویات", "NAME_ZHT": "亞懷亞特", "GEONAMESID": -1, "FCLASS_ISO": null, "FCLASS_US": null, "FCLASS_FR": null, "FCLASS_RU": null, "FCLASS_ES": null, "FCLASS_CN": null, "FCLASS_TW": null, "FCLASS_IN": null, "FCLASS_NP": null, "FCLASS_PK": null, "FCLASS_DE": null, "FCLASS_GB": null, "FCLASS_BR": null, "FCLASS_IL": null, "FCLASS_PS": null, "FCLASS_SA": null, "FCLASS_EG": null, "FCLASS_MA": null, "FCLASS_PT": null, "FCLASS_AR": null, "FCLASS_JP": null, "FCLASS_KO": null, "FCLASS_VN": null, "FCLASS_TR": null, "FCLASS_ID": null, "FCLASS_PL": null, "FCLASS_GR": null, "FCLASS_IT": null, "FCLASS_NL": null, "FCLASS_SE": null, "FCLASS_BD": null, "FCLASS_UA": null, "FCLASS_TLC": null }, "geometry": { "type": "Point", "coordinates": [ -94.0586067, 61.1085921 ] } },
{ "type": "Feature", "properties": { "SCALERANK": 4, "NATSCALE": 50, "LABELRANK": 2, "FEATURECLA": "Populated place", "NAME": "Taloyoak", "NAMEPAR": null, "NAMEALT": null, "NAMEASCII": "Taloyoak", "ADM0CAP": 0, "CAPIN": null, "WORLDCITY": 0, "MEGACITY": 0, "SOV0NAME": "Canada", "SOV_A3": "CAN", "ADM0NAME": "Canada", "ADM0_A3": "CAN", "ADM1NAME": "Nunavut", "ISO_A2": "CA", "NOTE": null, "LATITUDE": 69.533313, "LONGITUDE": -93.53332, "POP_MAX": 774, "POP_MIN": 774, "POP_OTHER": 0, "RANK_MAX": 2, "RANK_MIN": 2, "MEGANAME": null, "LS_NAME": "Taloyoak", "MAX_POP10": 774, "MAX_POP20": 774, "MAX_POP50": 774, "MAX_POP300": 0, "MAX_POP310": 0, "MAX_NATSCA": 50, "MIN_AREAKM": 0, "MAX_AREAKM": 0, "MIN_AREAMI": 0, "MAX_AREAMI": 0, "MIN_PERKM": 3, "MAX_PERKM": 3, "MIN_PERMI": 2, "MAX_PERMI": 2, "MIN_BBXMIN": -93.533333, "MAX_BBXMIN": -93.533333, "MIN_BBXMAX": -93.525, "MAX_BBXMAX": -93.525, "MIN_BBYMIN": 69.533333, "MAX_BBYMIN": 69.533333, "MIN_BBYMAX": 69.541667, "MAX_BBYMAX": 69.541667, "MEAN_BBXC": -93.529167, "MEAN_BBYC": 69.5375, "TIMEZONE": null, "UN_FID": 0, "POP1950": 0, "POP1955": 0, "POP1960": 0, "POP1965": 0, "POP1970": 0, "POP1975": 0, "POP1980": 0, "POP1985": 0, "POP1990": 0, "POP1995": 0, "POP2000": 0, "POP2005": 0, "POP2010": 0, "POP2015": 0, "POP2020": 0, "POP2025": 0, "POP2050": 0, "MIN_ZOOM": 5.6, "WIKIDATAID": "Q719605", "WOF_ID": 1141909303, "CAPALT": 0, "NAME_EN": "Taloyoak", "NAME_DE": "Taloyoak", "NAME_ES": "Taloyoak", "NAME_FR": "Taloyoak", "NAME_PT": "Taloyoak", "NAME_RU": "Талойоак", "NAME_ZH": "塔洛約克", "LABEL": null, "NAME_AR": "تالويواك", "NAME_BN": "তালোয়াক", "NAME_EL": "Ταλογιοάκ", "NAME_HI": "टालोयोआक", "NAME_HU": "Taloyoak", "NAME_ID": "Taloyoak", "NAME_IT": "Taloyoak", "NAME_JA": "タロヨーク", "NAME_KO": "탈로요크", "NAME_NL": "Taloyoak", "NAME_PL": "Taloyoak", "NAME_SV": "Taloyoak", "NAME_TR": "Taloyoak", "NAME_VI": "Taloyoak", "NE_ID": 1159150251, "NAME_FA": "تالویوک", "NAME_HE": "טלויאק", "NAME_UK": "Талойоак", "NAME_UR": "ٹالویوک", "NAME_ZHT": "塔洛約克", "GEONAMESID": 6161366, "FCLASS_ISO": null, "FCLASS_US": null, "FCLASS_FR": null, "FCLASS_RU": null, "FCLASS_ES": null, "FCLASS_CN": null, "FCLASS_TW": null, "FCLASS_IN": null, "FCLASS_NP": null, "FCLASS_PK": null, "FCLASS_DE": null, "FCLASS_GB": null, "FCLASS_BR": null, "FCLASS_IL": null, "FCLASS_PS": null, "FCLASS_SA": null, "FCLASS_EG": null, "FCLASS_MA": null, "FCLASS_PT": null, "FCLASS_AR": null, "FCLASS_JP": null, "FCLASS_KO": null, "FCLASS_VN": null, "FCLASS_TR": null, "FCLASS_ID": null, "FCLASS_PL": null, "FCLASS_GR": null, "FCLASS_IT": null, "FCLASS_NL": null, "FCLASS_SE": null, "FCLASS_BD": null, "FCLASS_UA": null, "FCLASS_TLC": null }, "geometry": { "type": "Point", "coordinates": [ -93.5333195, 69.5333126 ] } },
{ "type": "Feature", "properties": { "SCALERANK": 4, "NATSCALE": 50, "LABELRANK": 2, "FEATURECLA": "Populated place", "NAME": "Igloolik", "NAMEPAR": null, "NAMEALT": null, "NAMEASCII": "Igloolik", "ADM0CAP": 0, "CAPIN": null, "WORLDCITY": 0, "MEGACITY": 0, "SOV0NAME": "Canada", "SOV_A3": "CAN", "ADM0NAME": "Canada", "ADM0_A3": "CAN", "ADM1NAME": "Nunavut", "ISO_A2": "CA", "NOTE": null, "LATITUDE": 69.256535, "LONGITUDE": -81.793592, "POP_MAX": 1612, "POP_MIN": 1612, "POP_OTHER": 0, "RANK_MAX": 3, "RANK_MIN": 3, "MEGANAME": null, "LS_NAME": "Igloolik", "MAX_POP10": 0, "MAX_POP20": 0, "MAX_POP50": 0, "MAX_POP300": 0, "MAX_POP310": 0, "MAX_NATSCA": 0, "MIN_AREAKM": 0, "MAX_AREAKM": 0, "MIN_AREAMI": 0, "MAX_AREAMI": 0, "MIN_PERKM": 0, "MAX_PERKM": 0, "MIN_PERMI": 0, "MAX_PERMI": 0, "MIN_BBXMIN": 0.0, "MAX_BBXMIN": 0.0, "MIN_BBXMAX": 0.0, "MAX_BBXMAX": 0.0, "MIN_BBYMIN": 0.0, "MAX_BBYMIN": 0.0, "MIN_BBYMAX": 0.0, "MAX_BBYMAX": 0.0, "MEAN_BBXC": 0.0, "MEAN_BBYC": 0.0, "TIMEZONE": null, "UN_FID": 0, "POP1950": 0, "POP1955": 0, "POP1960": 0, "POP1965": 0, "POP1970": 0, "POP1975": 0, "POP1980": 0, "POP1985": 0, "POP1990": 0, "POP1995": 0, "POP2000": 0, "POP2005": 0, "POP2010": 0, "POP2015": 0, "POP2020": 0, "POP2025": 0, "POP2050": 0, "MIN_ZOOM": 5.6, "WIKIDATAID": "Q999339", "WOF_ID": 1141909305, "CAPALT": 0, "NAME_EN": "Igloolik", "NAME_DE": "Iglulik", "NAME_ES": "Igloolik", "NAME_FR": "Igloolik", "NAME_PT": "Igloolik", "NAME_RU": "Иглулик", "NAME_ZH": "伊格卢利克", "LABEL": null, "NAME_AR": "إيجلوليك", "NAME_BN": "ইগ্লোলিক", "NAME_EL": "Ιγκλούλικ", "NAME_HI": "इग्लूलिक", "NAME_HU": "Igloolik", "NAME_ID": "Igloolik", "NAME_IT": "Iglulik", "NAME_JA": "イグルーリク", "NAME_KO": "이글루릭", "NAME_NL": "Igloolik", "NAME_PL": "Igloolik", "NAME_SV": "Igloolik", "NAME_TR": "İglulik", "NAME_VI": "Igloolik", "NE_ID": 1159150253, "NAME_FA": "ایگلولیک", "NAME_HE": "איגלוליק", "NAME_UK": "Іглулік", "NAME_UR": "اگلولک", "NAME_ZHT": "格盧利克", "GEONAMESID": 5979345, "FCLASS_ISO": null, "FCLASS_US": null, "FCLASS_FR": null, "FCLASS_RU": null, "FCLASS_ES": null, "FCLASS_CN": null, "FCLASS_TW": null, "FCLASS_IN": null, "FCLASS_NP": null, "FCLASS_PK": null, "FCLASS_DE": null, "FCLASS_GB": null, "FCLASS_BR": null, "FCLASS_IL": null, "FCLASS_PS": null, "FCLASS_SA": null, "FCLASS_EG": null, "FCLASS_MA": null, "FCLASS_PT": null, "FCLASS_AR": null, "FCLASS_JP": null, "FCLASS_KO": null, "FCLASS_VN": null, "FCLASS_TR": null, "FCLASS_ID": null, "FCLASS_PL": null, "FCLASS_GR": null, "FCLASS_IT": null, "FCLASS_NL": null, "FCLASS_SE": null, "FCLASS_BD": null, "FCLASS_UA": null, "FCLASS_TLC": null }, "geometry": { "type": "Point", "coordinates": [ -81.7935921, 69.2565351 ] } },
{ "type": "Feature", "properties": { "SCALERANK": 4, "NATSCALE": 50, "LABELRANK": 2, "FEATURECLA": "Populated place", "NAME": "Dawson City", "NAMEPAR": null, "NAMEALT": "Dawson", "NAMEASCII": "Dawson City", "ADM0CAP": 0, "CAPIN": null, "WORLDCITY": 0, "MEGACITY": 0, "SOV0NAME": "Canada", "SOV_A3": "CAN", "ADM0NAME": "Canada", "ADM0_A3": "CAN", "ADM1NAME": "Yukon", "ISO_A2": "CA", "NOTE": null, "LATITUDE": 64.066644, "LONGITUDE": -139.416669, "POP_MAX": 1319, "POP_MIN": 1319, "POP_OTHER": 0, "RANK_MAX": 3, "RANK_MIN": 3, "MEGANAME": null, "LS_NAME": "Dawson", "MAX_POP10": 0, "MAX_POP20": 0, "MAX_POP50": 0, "MAX_POP300": 0, "MAX_POP310": 0, "MAX_NATSCA": 0, "MIN_AREAKM": 0, "MAX_AREAKM": 0, "MIN_AREAMI": 0, "MAX_AREAMI": 0, "MIN_PERKM": 0, "MAX_PERKM": 0, "MIN_PERMI": 0, "MAX_PERMI": 0, "MIN_BBXMIN": 0.0, "MAX_BBXMIN": 0.0, "MIN_BBXMAX": 0.0, "MAX_BBXMAX": 0.0, "MIN_BBYMIN": 0.0, "MAX_BBYMIN": 0.0, "MIN_BBYMAX": 0.0, "MAX_BBYMAX": 0.0, "MEAN_BBXC": 0.0, "MEAN_BBYC": 0.0, "TIMEZONE": null, "UN_FID": 0, "POP1950": 0, "POP1955": 0, "POP1960": 0, "POP1965": 0, "POP1970": 0, "POP1975": 0, "POP1980": 0, "POP1985": 0, "POP1990": 0, "POP1995": 0, "POP2000": 0, "POP2005": 0, "POP2010": 0, "POP2015": 0, "POP2020": 0, "POP2025": 0, "POP2050": 0, "MIN_ZOOM": 5.1, "WIKIDATAID": "Q372324", "WOF_ID": 1141909307, "CAPALT": 0, "NAME_EN": "Dawson City", "NAME_DE": "Dawson", "NAME_ES": "Dawson City", "NAME_FR": "Dawson City", "NAME_PT": "Dawson City", "NAME_RU": "Доусон", "NAME_ZH": "道森", "LABEL": null, "NAME_AR": "داوسون", "NAME_BN": "ডসন সিটি", "NAME_EL": "Ντόσον Σίτι", "NAME_HI": "डॉसन सिटी", "NAME_HU": "Dawson City", "NAME_ID": "Kota Dawson", "NAME_IT": "Dawson City", "NAME_JA": "ドーソン・シティ", "NAME_KO": "도슨시티", "NAME_NL": "Dawson City", "NAME_PL": "Dawson City", "NAME_SV": "Dawson City", "NAME_TR": "Dawson City", "NAME_VI": "Dawson", "NE_ID": 1159150255, "NAME_FA": "داوسون سیتی", "NAME_HE": "דוסון סיטי", "NAME_UK": "Доусон-Сіті", "NAME_UR": "ڈاوسن شہر", "NAME_ZHT": "道森市", "GEONAMESID": 6943713, "FCLASS_ISO": null, "FCLASS_US": null, "FCLASS_FR": null, "FCLASS_RU": null, "FCLASS_ES": null, "FCLASS_CN": null, "FCLASS_TW": null, "FCLASS_IN": null, "FCLASS_NP": null, "FCLASS_PK": null, "FCLASS_DE": null, "FCLASS_GB": null, "FCLASS_BR": null, "FCLASS_IL": null, "FCLASS_PS": null, "FCLASS_SA": null, "FCLASS_EG": null, "FCLASS_MA": null, "FCLASS_PT": null, "FCLASS_AR": null, "FCLASS_JP": null, "FCLASS_KO": null, "FCLASS_VN": null, "FCLASS_TR": null, "FCLASS_ID": null, "FCLASS_PL": null, "FCLASS_GR": null, "FCLASS_IT": null, "FCLASS_NL": null, "FCLASS_SE": null, "FCLASS_BD": null, "FCLASS_UA": null, "FCLASS_TLC": null }, "geometry": { "type": "Point", "coordinates": [ -139.4166687, 64.0666437 ] } },
{ "type": "Feature", "properties": { "SCALERANK": 4, "NATSCALE": 50, "LABELRANK": 2, "FEATURECLA": "Populated place", "NAME": "Timmins", "NAMEPAR": null, "NAMEALT": null, "NAMEASCII": "Timmins", "ADM0CAP": 0, "CAPIN": null, "WORLDCITY": 0, "MEGACITY": 0, "SOV0NAME": "Canada", "SOV_A3": "CAN", "ADM0NAME": "Canada", "ADM0_A3": "CAN", "ADM1NAME": "Ontario", "ISO_A2": "CA", "NOTE": null, "LATITUDE": 48.466588, "LONGITUDE": -81.333315, "POP_MAX": 34974, "POP_MIN": 32901, "POP_OTHER": 33847, "RANK_MAX": 7, "RANK_MIN": 7, "MEGANAME": null, "LS_NAME": "Timmins", "MAX_POP10": 34974, "MAX_POP20": 34974, "MAX_POP50": 34974, "MAX_POP300": 0, "MAX_POP310": 0, "MAX_NATSCA": 50, "MIN_AREAKM": 22, "MAX_AREAKM": 22, "MIN_AREAMI": 9, "MAX_AREAMI": 9, "MIN_PERKM": 33, "MAX_PERKM": 33, "MIN_PERMI": 20, "MAX_PERMI": 20, "MIN_BBXMIN": -81.383333, "MAX_BBXMIN": -81.383333, "MIN_BBXMAX": -81.275, "MAX_BBXMAX": -81.275, "MIN_BBYMIN": 48.45, "MAX_BBYMIN": 48.45, "MIN_BBYMAX": 48.5, "MAX_BBYMAX": 48.5, "MEAN_BBXC": -81.336004, "MEAN_BBYC": 48.479594, "TIMEZONE": "America/Nipigon", "UN_FID": 0, "POP1950": 0, "POP1955": 0, "POP1960": 0, "POP1965": 0, "POP1970": 0, "POP1975": 0, "POP1980": 0, "POP1985": 0, "POP1990": 0, "POP1995": 0, "POP2000": 0, "POP2005": 0, "POP2010": 0, "POP2015": 0, "POP2020": 0, "POP2025": 0, "POP2050": 0, "MIN_ZOOM": 5.6, "WIKIDATAID": "Q991310", "WOF_ID": 101735491, "CAPALT": 0, "NAME_EN": "Timmins", "NAME_DE": "Timmins", "NAME_ES": "Timmins", "NAME_FR": "Timmins", "NAME_PT": "Timmins", "NAME_RU": "Тимминс", "NAME_ZH": "蒂明斯", "LABEL": null, "NAME_AR": "تيمينز", "NAME_BN": "তিমিনিস", "NAME_EL": "Τίμμινς", "NAME_HI": "टिमिन्स", "NAME_HU": "Timmins", "NAME_ID": "Timmins", "NAME_IT": "Timmins", "NAME_JA": "ティミンズ", "NAME_KO": "티민스", "NAME_NL": "Timmins", "NAME_PL": "Timmins", "NAME_SV": "Timmins", "NAME_TR": "Timmins", "NAME_VI": "Timmins", "NE_ID": 1159150259, "NAME_FA": "تیمینس", "NAME_HE": "טימינס", "NAME_UK": "Тіммінс", "NAME_UR": "ٹمنس", "NAME_ZHT": "蒂明斯", "GEONAMESID": 6166739, "FCLASS_ISO": null, "FCLASS_US": null, "FCLASS_FR": null, "FCLASS_RU": null, "FCLASS_ES": null, "FCLASS_CN": null, "FCLASS_TW": null, "FCLASS_IN": null, "FCLASS_NP": null, "FCLASS_PK": null, "FCLASS_DE": null, "FCLASS_GB": null, "FCLASS_BR": null, "FCLASS_IL": null, "FCLASS_PS": null, "FCLASS_SA": null, "FCLASS_EG": null, "FCLASS_MA": null, "FCLASS_PT": null, "FCLASS_AR": null, "FCLASS_JP": null, "FCLASS_KO": null, "FCLASS_VN": null, "FCLASS_TR": null, "FCLASS_ID": null, "FCLASS_PL": null, "FCLASS_GR": null, "FCLASS_IT": null, "FCLASS_NL": null, "FCLASS_SE": null, "FCLASS_BD": null, "FCLASS_UA": null, "FCLASS_TLC": null }, "geometry": { "type": "Point", "coordinates": [ -81.3333149, 48.4665882 ] } },
{ "type": "Feature", "properties": { "SCALERANK": 4, "NATSCALE": 50, "LABELRANK": 2, "FEATURECLA": "Populated place", "NAME": "North Bay", "NAMEPAR": null, "NAMEALT": null, "NAMEASCII": "North Bay", "ADM0CAP": 0, "CAPIN": null, "WORLDCITY": 0, "MEGACITY": 0, "SOV0NAME": "Canada", "SOV_A3": "CAN", "ADM0NAME": "Canada", "ADM0_A3": "CAN", "ADM1NAME": "Ontario", "ISO_A2": "CA", "NOTE": null, "LATITUDE": 46.300002, "LONGITUDE": -79.449993, "POP_MAX": 50170, "POP_MIN": 41807, "POP_OTHER": 41108, "RANK_MAX": 8, "RANK_MIN": 7, "MEGANAME": null, "LS_NAME": "North Bay", "MAX_POP10": 41807, "MAX_POP20": 41807, "MAX_POP50": 41807, "MAX_POP300": 0, "MAX_POP310": 0, "MAX_NATSCA": 50, "MIN_AREAKM": 45, "MAX_AREAKM": 45, "MIN_AREAMI": 17, "MAX_AREAMI": 17, "MIN_PERKM": 52, "MAX_PERKM": 52, "MIN_PERMI": 32, "MAX_PERMI": 32, "MIN_BBXMIN": -79.5, "MAX_BBXMIN": -79.5, "MIN_BBXMAX": -79.391667, "MAX_BBXMAX": -79.391667, "MIN_BBYMIN": 46.266667, "MAX_BBYMIN": 46.266667, "MIN_BBYMAX": 46.375, "MAX_BBYMAX": 46.375, "MEAN_BBXC": -79.442167, "MEAN_BBYC": 46.3245, "TIMEZONE": "America/Toronto", "UN_FID": 0, "POP1950": 0, "POP1955": 0, "POP1960": 0, "POP1965": 0, "POP1970": 0, "POP1975": 0, "POP1980": 0, "POP1985": 0, "POP1990": 0, "POP1995": 0, "POP2000": 0, "POP2005": 0, "POP2010": 0, "POP2015": 0, "POP2020": 0, "POP2025": 0, "POP2050": 0, "MIN_ZOOM": 5.6, "WIKIDATAID": "Q912253", "WOF_ID": 101735749, "CAPALT": 0, "NAME_EN": "North Bay", "NAME_DE": "North Bay", "NAME_ES": "North Bay", "NAME_FR": "North Bay", "NAME_PT": "North Bay", "NAME_RU": "Норт-Бей", "NAME_ZH": "北湾", "LABEL": null, "NAME_AR": "نورث باي", "NAME_BN": "নর্থ বে", "NAME_EL": "Νορθ Μπέι", "NAME_HI": "नॉर्थ बे", "NAME_HU": "North Bay", "NAME_ID": "North Bay", "NAME_IT": "North Bay", "NAME_JA": "ノースベイ", "NAME_KO": "노스 베이", "NAME_NL": "North Bay", "NAME_PL": "North Bay", "NAME_SV": "North Bay", "NAME_TR": "North Bay", "NAME_VI": "North Bay", "NE_ID": 1159150261, "NAME_FA": "نورث بی", "NAME_HE": "מפרץ צפוני", "NAME_UK": "Норт-Бей", "NAME_UR": "نارتھ بے", "NAME_ZHT": "北灣", "GEONAMESID": 6089426, "FCLASS_ISO": null, "FCLASS_US": null, "FCLASS_FR": null, "FCLASS_RU": null, "FCLASS_ES": null, "FCLASS_CN": null, "FCLASS_TW": null, "FCLASS_IN": null, "FCLASS_NP": null, "FCLASS_PK": null, "FCLASS_DE": null, "FCLASS_GB": null, "FCLASS_BR": null, "FCLASS_IL": null, "FCLASS_PS": null, "FCLASS_SA": null, "FCLASS_EG": null, "FCLASS_MA": null, "FCLASS_PT": null, "FCLASS_AR": null, "FCLASS_JP": null, "FCLASS_KO": null, "FCLASS_VN": null, "FCLASS_TR": null, "FCLASS_ID": null, "FCLASS_PL": null, "FCLASS_GR": null, "FCLASS_IT": null, "FCLASS_NL": null, "FCLASS_SE": null, "FCLASS_BD": null, "FCLASS_UA": null, "FCLASS_TLC": null }, "geometry": { "type": "Point", "coordinates": [ -79.4499931, 46.3000021 ] } },
{ "type": "Feature", "properties": { "SCALERANK": 4, "NATSCALE": 50, "LABELRANK": 2, "FEATURECLA": "Populated place", "NAME": "Kuujjuarapik", "NAMEPAR": null, "NAMEALT": null, "NAMEASCII": "Kuujjuarapik", "ADM0CAP": 0, "CAPIN": null, "WORLDCITY": 0, "MEGACITY": 0, "SOV0NAME": "Canada", "SOV_A3": "CAN", "ADM0NAME": "Canada", "ADM0_A3": "CAN", "ADM1NAME": "Québec", "ISO_A2": "CA", "NOTE": null, "LATITUDE": 55.281495, "LONGITUDE": -77.765832, "POP_MAX": 1243, "POP_MIN": 1243, "POP_OTHER": 0, "RANK_MAX": 3, "RANK_MIN": 3, "MEGANAME": null, "LS_NAME": "Kuujjuarapik", "MAX_POP10": 1243, "MAX_POP20": 1243, "MAX_POP50": 1243, "MAX_POP300": 0, "MAX_POP310": 0, "MAX_NATSCA": 50, "MIN_AREAKM": 1, "MAX_AREAKM": 1, "MIN_AREAMI": 1, "MAX_AREAMI": 1, "MIN_PERKM": 6, "MAX_PERKM": 6, "MIN_PERMI": 4, "MAX_PERMI": 4, "MIN_BBXMIN": -77.766667, "MAX_BBXMIN": -77.766667, "MIN_BBXMAX": -77.75, "MAX_BBXMAX": -77.75, "MIN_BBYMIN": 55.275, "MAX_BBYMIN": 55.275, "MIN_BBYMAX": 55.291667, "MAX_BBYMAX": 55.291667, "MEAN_BBXC": -77.759722, "MEAN_BBYC": 55.281944, "TIMEZONE": null, "UN_FID": 0, "POP1950": 0, "POP1955": 0, "POP1960": 0, "POP1965": 0, "POP1970": 0, "POP1975": 0, "POP1980": 0, "POP1985": 0, "POP1990": 0, "POP1995": 0, "POP2000": 0, "POP2005": 0, "POP2010": 0, "POP2015": 0, "POP2020": 0, "POP2025": 0, "POP2050": 0, "MIN_ZOOM": 5.6, "WIKIDATAID": "Q1794745", "WOF_ID": 1141909309, "CAPALT": 0, "NAME_EN": "Kuujjuarapik", "NAME_DE": "Kuujjuarapik", "NAME_ES": "Kuujjuarapik", "NAME_FR": "Kuujjuarapik", "NAME_PT": "Kuujjuarapik", "NAME_RU": "Кууджуарапик", "NAME_ZH": "库居阿尔阿皮克", "LABEL": null, "NAME_AR": "كوجوارابيك", "NAME_BN": "কুজুরাপিক", "NAME_EL": "Κουτζουαράπικ", "NAME_HI": "कूजुआरापिक", "NAME_HU": "Kuujjuarapik", "NAME_ID": "Kuujjuarapik", "NAME_IT": "Kuujjuarapik", "NAME_JA": "クージュアラピク", "NAME_KO": "쿠주아라픽", "NAME_NL": "Kuujjuarapik", "NAME_PL": "Kuujjuarapik", "NAME_SV": "Kuujjuarapik", "NAME_TR": "Kuujjuarapik", "NAME_VI": "Kuujjuarapik", "NE_ID": 1159150263, "NAME_FA": "کوججواراپیک", "NAME_HE": "קווג'וארפיק", "NAME_UK": "Кууджуарапік", "NAME_UR": "کوججواراپیک", "NAME_ZHT": "库居阿尔阿皮克", "GEONAMESID": 5994519, "FCLASS_ISO": null, "FCLASS_US": null, "FCLASS_FR": null, "FCLASS_RU": null, "FCLASS_ES": null, "FCLASS_CN": null, "FCLASS_TW": null, "FCLASS_IN": null, "FCLASS_NP": null, "FCLASS_PK": null, "FCLASS_DE": null, "FCLASS_GB": null, "FCLASS_BR": null, "FCLASS_IL": null, "FCLASS_PS": null, "FCLASS_SA": null, "FCLASS_EG": null, "FCLASS_MA": null, "FCLASS_PT": null, "FCLASS_AR": null, "FCLASS_JP": null, "FCLASS_KO": null, "FCLASS_VN": null, "FCLASS_TR": null, "FCLASS_ID": null, "FCLASS_PL": null, "FCLASS_GR": null, "FCLASS_IT": null, "FCLASS_NL": null, "FCLASS_SE": null, "FCLASS_BD": null, "FCLASS_UA": null, "FCLASS_TLC": null }, "geometry": { "type": "Point", "coordinates": [ -77.7658324, 55.2814952 ] } },
{ "type": "Feature", "properties": { "SCALERANK": 4, "NATSCALE": 50, "LABELRANK": 2, "FEATURECLA": "Populated place", "NAME": "Kuujjuaq", "NAMEPAR": null, "NAMEALT": null, "NAMEASCII": "Kuujjuaq", "ADM0CAP": 0, "CAPIN": null, "WORLDCITY": 0, "MEGACITY": 0, "SOV0NAME": "Canada", "SOV_A3": "CAN", "ADM0NAME": "Canada", "ADM0_A3": "CAN", "ADM1NAME": "Québec", "ISO_A2": "CA", "NOTE": null, "LATITUDE": 58.100005, "LONGITUDE": -68.399996, "POP_MAX": 1273, "POP_MIN": 1273, "POP_OTHER": 1127, "RANK_MAX": 3, "RANK_MIN": 3, "MEGANAME": null, "LS_NAME": "Kuujjuaq", "MAX_POP10": 1273, "MAX_POP20": 1273, "MAX_POP50": 1273, "MAX_POP300": 0, "MAX_POP310": 0, "MAX_NATSCA": 50, "MIN_AREAKM": 2, "MAX_AREAKM": 2, "MIN_AREAMI": 1, "MAX_AREAMI": 1, "MIN_PERKM": 8, "MAX_PERKM": 8, "MIN_PERMI": 5, "MAX_PERMI": 5, "MIN_BBXMIN": -68.416667, "MAX_BBXMIN": -68.416667, "MIN_BBXMAX": -68.391667, "MAX_BBXMAX": -68.391667, "MIN_BBYMIN": 58.1, "MAX_BBYMIN": 58.1, "MIN_BBYMAX": 58.116667, "MAX_BBYMAX": 58.116667, "MEAN_BBXC": -68.4025, "MEAN_BBYC": 58.1075, "TIMEZONE": null, "UN_FID": 0, "POP1950": 0, "POP1955": 0, "POP1960": 0, "POP1965": 0, "POP1970": 0, "POP1975": 0, "POP1980": 0, "POP1985": 0, "POP1990": 0, "POP1995": 0, "POP2000": 0, "POP2005": 0, "POP2010": 0, "POP2015": 0, "POP2020": 0, "POP2025": 0, "POP2050": 0, "MIN_ZOOM": 5.6, "WIKIDATAID": "Q1543830", "WOF_ID": 1141909311, "CAPALT": 0, "NAME_EN": "Kuujjuaq", "NAME_DE": "Kuujjuaq", "NAME_ES": "Kuujjuaq", "NAME_FR": "Kuujjuaq", "NAME_PT": "Kuujjuaq", "NAME_RU": "Кууджуак", "NAME_ZH": "库朱瓦克", "LABEL": null, "NAME_AR": "كوجواك", "NAME_BN": "কুজুুওাক", "NAME_EL": "Κούτζουακ", "NAME_HI": "कुजुकुआक", "NAME_HU": "Kuujjuaq", "NAME_ID": "Kuujjuaq", "NAME_IT": "Kuujjuaq", "NAME_JA": "クージュアク", "NAME_KO": "쿠주아크", "NAME_NL": "Kuujjuaq", "NAME_PL": "Kuujjuaq", "NAME_SV": "Kuujjuaq", "NAME_TR": "Kuujjuaq", "NAME_VI": "Kuujjuaq", "NE_ID": 1159150265, "NAME_FA": "کوجوآک", "NAME_HE": "קוג'ואק", "NAME_UK": "Кууджуак", "NAME_UR": "کوججواق", "NAME_ZHT": "库朱瓦克", "GEONAMESID": 5994517, "FCLASS_ISO": null, "FCLASS_US": null, "FCLASS_FR": null, "FCLASS_RU": null, "FCLASS_ES": null, "FCLASS_CN": null, "FCLASS_TW": null, "FCLASS_IN": null, "FCLASS_NP": null, "FCLASS_PK": null, "FCLASS_DE": null, "FCLASS_GB": null, "FCLASS_BR": null, "FCLASS_IL": null, "FCLASS_PS": null, "FCLASS_SA": null, "FCLASS_EG": null, "FCLASS_MA": null, "FCLASS_PT": null, "FCLASS_AR": null, "FCLASS_JP": null, "FCLASS_KO": null, "FCLASS_VN": null, "FCLASS_TR": null, "FCLASS_ID": null, "FCLASS_PL": null, "FCLASS_GR": null, "FCLASS_IT": null, "FCLASS_NL": null, "FCLASS_SE": null, "FCLASS_BD": null, "FCLASS_UA": null, "FCLASS_TLC": null }, "geometry": { "type": "Point", "coordinates": [ -68.3999958, 58.1000053 ] } },
{ "type": "Feature", "properties": { "SCALERANK": 4, "NATSCALE": 50, "LABELRANK": 2, "FEATURECLA": "Populated place", "NAME": "Sydney", "NAMEPAR": null, "NAMEALT": null, "NAMEASCII": "Sydney", "ADM0CAP": 0, "CAPIN": null, "WORLDCITY": 0, "MEGACITY": 0, "SOV0NAME": "Canada", "SOV_A3": "CAN", "ADM0NAME": "Canada", "ADM0_A3": "CAN", "ADM1NAME": "Nova Scotia", "ISO_A2": "CA", "NOTE": null, "LATITUDE": 46.066115, "LONGITUDE": -60.179981, "POP_MAX": 37538, "POP_MIN": 37538, "POP_OTHER": 2669348, "RANK_MAX": 7, "RANK_MIN": 7, "MEGANAME": null, "LS_NAME": "Sydney2", "MAX_POP10": 37538, "MAX_POP20": 37538, "MAX_POP50": 0, "MAX_POP300": 0, "MAX_POP310": 0, "MAX_NATSCA": 20, "MIN_AREAKM": 39, "MAX_AREAKM": 39, "MIN_AREAMI": 15, "MAX_AREAMI": 15, "MIN_PERKM": 55, "MAX_PERKM": 55, "MIN_PERMI": 34, "MAX_PERMI": 34, "MIN_BBXMIN": -60.25, "MAX_BBXMIN": -60.25, "MIN_BBXMAX": -60.133333, "MAX_BBXMAX": -60.133333, "MIN_BBYMIN": 46.091667, "MAX_BBYMIN": 46.091667, "MIN_BBYMAX": 46.183333, "MAX_BBYMAX": 46.183333, "MEAN_BBXC": -60.197222, "MEAN_BBYC": 46.134722, "TIMEZONE": null, "UN_FID": 0, "POP1950": 0, "POP1955": 0, "POP1960": 0, "POP1965": 0, "POP1970": 0, "POP1975": 0, "POP1980": 0, "POP1985": 0, "POP1990": 0, "POP1995": 0, "POP2000": 0, "POP2005": 0, "POP2010": 0, "POP2015": 0, "POP2020": 0, "POP2025": 0, "POP2050": 0, "MIN_ZOOM": 5.6, "WIKIDATAID": "Q932261", "WOF_ID": 1141909313, "CAPALT": 0, "NAME_EN": "Sydney", "NAME_DE": "Sydney", "NAME_ES": "Sydney", "NAME_FR": "Sydney", "NAME_PT": "Sydney", "NAME_RU": "Сидней", "NAME_ZH": "悉尼", "LABEL": null, "NAME_AR": "سيدني", "NAME_BN": "সিডনি", "NAME_EL": "Σίδνεϋ", "NAME_HI": "सिडनी", "NAME_HU": "Sydney", "NAME_ID": "Sydney", "NAME_IT": "Sydney", "NAME_JA": "シドニー", "NAME_KO": "시드니", "NAME_NL": "Sydney", "NAME_PL": "Sydney", "NAME_SV": "Sydney", "NAME_TR": "Sydney", "NAME_VI": "Sydney", "NE_ID": 1159150267, "NAME_FA": "سیدنی٬ نوا اسکوشیا", "NAME_HE": "סידני", "NAME_UK": "Сідней", "NAME_UR": "سڈنی", "NAME_ZHT": "悉尼", "GEONAMESID": -1, "FCLASS_ISO": null, "FCLASS_US": null, "FCLASS_FR": null, "FCLASS_RU": null, "FCLASS_ES": null, "FCLASS_CN": null, "FCLASS_TW": null, "FCLASS_IN": null, "FCLASS_NP": null, "FCLASS_PK": null, "FCLASS_DE": null, "FCLASS_GB": null, "FCLASS_BR": null, "FCLASS_IL": null, "FCLASS_PS": null, "FCLASS_SA": null, "FCLASS_EG": null, "FCLASS_MA": null, "FCLASS_PT": null, "FCLASS_AR": null, "FCLASS_JP": null, "FCLASS_KO": null, "FCLASS_VN": null, "FCLASS_TR": null, "FCLASS_ID": null, "FCLASS_PL": null, "FCLASS_GR": null, "FCLASS_IT": null, "FCLASS_NL": null, "FCLASS_SE": null, "FCLASS_BD": null, "FCLASS_UA": null, "FCLASS_TLC": null }, "geometry": { "type": "Point", "coordinates": [ -60.1799807, 46.0661145 ] } },
{ "type": "Feature", "properties": { "SCALERANK": 4, "NATSCALE": 50, "LABELRANK": 2, "FEATURECLA": "Populated place", "NAME": "Labrador City", "NAMEPAR": null, "NAMEALT": null, "NAMEASCII": "Labrador City", "ADM0CAP": 0, "CAPIN": null, "WORLDCITY": 0, "MEGACITY": 0, "SOV0NAME": "Canada", "SOV_A3": "CAN", "ADM0NAME": "Canada", "ADM0_A3": "CAN", "ADM1NAME": "Newfoundland and Labrador", "ISO_A2": "CA", "NOTE": null, "LATITUDE": 52.941431, "LONGITUDE": -66.915875, "POP_MAX": 10313, "POP_MIN": 7367, "POP_OTHER": 6411, "RANK_MAX": 6, "RANK_MIN": 5, "MEGANAME": null, "LS_NAME": "Labrador City", "MAX_POP10": 6553, "MAX_POP20": 6553, "MAX_POP50": 6553, "MAX_POP300": 0, "MAX_POP310": 0, "MAX_NATSCA": 50, "MIN_AREAKM": 6, "MAX_AREAKM": 6, "MIN_AREAMI": 2, "MAX_AREAMI": 2, "MIN_PERKM": 13, "MAX_PERKM": 13, "MIN_PERMI": 8, "MAX_PERMI": 8, "MIN_BBXMIN": -66.933333, "MAX_BBXMIN": -66.933333, "MIN_BBXMAX": -66.891667, "MAX_BBXMAX": -66.891667, "MIN_BBYMIN": 52.925, "MAX_BBYMIN": 52.925, "MIN_BBYMAX": 52.95, "MAX_BBYMAX": 52.95, "MEAN_BBXC": -66.914773, "MEAN_BBYC": 52.939773, "TIMEZONE": "America/Goose_Bay", "UN_FID": 0, "POP1950": 0, "POP1955": 0, "POP1960": 0, "POP1965": 0, "POP1970": 0, "POP1975": 0, "POP1980": 0, "POP1985": 0, "POP1990": 0, "POP1995": 0, "POP2000": 0, "POP2005": 0, "POP2010": 0, "POP2015": 0, "POP2020": 0, "POP2025": 0, "POP2050": 0, "MIN_ZOOM": 5.6, "WIKIDATAID": "Q767147", "WOF_ID": 890456227, "CAPALT": 0, "NAME_EN": "Labrador City", "NAME_DE": "Labrador City", "NAME_ES": "Labrador City", "NAME_FR": "Labrador City", "NAME_PT": "Labrador City", "NAME_RU": "Лабрадор-Сити", "NAME_ZH": "拉布拉多", "LABEL": null, "NAME_AR": "مدينة لابردور", "NAME_BN": "ল্যাব্রাডর সিটি", "NAME_EL": "Λάμπραντορ Σίτι", "NAME_HI": "लैब्राडोर सिटी", "NAME_HU": "Labrador City", "NAME_ID": "Labrador City", "NAME_IT": "Labrador City", "NAME_JA": "ラブラドール・シティ", "NAME_KO": "래브라도 시티", "NAME_NL": "Labrador City", "NAME_PL": "Labrador City", "NAME_SV": "Labrador City", "NAME_TR": "Labrador City", "NAME_VI": "Labrador City", "NE_ID": 1159150269, "NAME_FA": "لابرادور سیتی", "NAME_HE": "לברדור סיטי", "NAME_UK": "Лабрадор-Сіті", "NAME_UR": "لیبراڈور سٹی", "NAME_ZHT": "拉布拉多市", "GEONAMESID": 5994839, "FCLASS_ISO": null, "FCLASS_US": null, "FCLASS_FR": null, "FCLASS_RU": null, "FCLASS_ES": null, "FCLASS_CN": null, "FCLASS_TW": null, "FCLASS_IN": null, "FCLASS_NP": null, "FCLASS_PK": null, "FCLASS_DE": null, "FCLASS_GB": null, "FCLASS_BR": null, "FCLASS_IL": null, "FCLASS_PS": null, "FCLASS_SA": null, "FCLASS_EG": null, "FCLASS_MA": null, "FCLASS_PT": null, "FCLASS_AR": null, "FCLASS_JP": null, "FCLASS_KO": null, "FCLASS_VN": null, "FCLASS_TR": null, "FCLASS_ID": null, "FCLASS_PL": null, "FCLASS_GR": null, "FCLASS_IT": null, "FCLASS_NL": null, "FCLASS_SE": null, "FCLASS_BD": null, "FCLASS_UA": null, "FCLASS_TLC": null }, "geometry": { "type": "Point", "coordinates": [ -66.9158745, 52.9414313 ] } },
{ "type": "Feature", "properties": { "SCALERANK": 3, "NATSCALE": 110, "LABELRANK": 2, "FEATURECLA": "Admin-1 capital", "NAME": "Winnipeg", "NAMEPAR": null, "NAMEALT": null, "NAMEASCII": "Winnipeg", "ADM0CAP": 0, "CAPIN": null, "WORLDCITY": 0, "MEGACITY": 0, "SOV0NAME": "Canada", "SOV_A3": "CAN", "ADM0NAME": "Canada", "ADM0_A3": "CAN", "ADM1NAME": "Manitoba", "ISO_A2": "CA", "NOTE": null, "LATITUDE": 49.882988, "LONGITUDE": -97.165992, "POP_MAX": 632063, "POP_MIN": 575313, "POP_OTHER": 0, "RANK_MAX": 11, "RANK_MIN": 11, "MEGANAME": null, "LS_NAME": "Winnipeg", "MAX_POP10": 575313, "MAX_POP20": 575313, "MAX_POP50": 575313, "MAX_POP300": 575313, "MAX_POP310": 0, "MAX_NATSCA": 100, "MIN_AREAKM": 314, "MAX_AREAKM": 314, "MIN_AREAMI": 121, "MAX_AREAMI": 121, "MIN_PERKM": 163, "MAX_PERKM": 163, "MIN_PERMI": 101, "MAX_PERMI": 101, "MIN_BBXMIN": -97.333333, "MAX_BBXMIN": -97.333333, "MIN_BBXMAX": -96.958333, "MAX_BBXMAX": -96.958333, "MIN_BBYMIN": 49.758333, "MAX_BBYMIN": 49.758333, "MIN_BBYMAX": 49.983333, "MAX_BBYMAX": 49.983333, "MEAN_BBXC": -97.149161, "MEAN_BBYC": 49.882809, "TIMEZONE": "America/Winnipeg", "UN_FID": 0, "POP1950": 0, "POP1955": 0, "POP1960": 0, "POP1965": 0, "POP1970": 0, "POP1975": 0, "POP1980": 0, "POP1985": 0, "POP1990": 0, "POP1995": 0, "POP2000": 0, "POP2005": 0, "POP2010": 0, "POP2015": 0, "POP2020": 0, "POP2025": 0, "POP2050": 0, "MIN_ZOOM": 4.0, "WIKIDATAID": "Q2135", "WOF_ID": 101734959, "CAPALT": 0, "NAME_EN": "Winnipeg", "NAME_DE": "Winnipeg", "NAME_ES": "Winnipeg", "NAME_FR": "Winnipeg", "NAME_PT": "Winnipeg", "NAME_RU": "Виннипег", "NAME_ZH": "温尼伯", "LABEL": null, "NAME_AR": "وينيبيغ", "NAME_BN": "উইনিপেগ", "NAME_EL": "Γουίνιπεγκ", "NAME_HI": "विनीपैग", "NAME_HU": "Winnipeg", "NAME_ID": "Winnipeg", "NAME_IT": "Winnipeg", "NAME_JA": "ウィニペグ", "NAME_KO": "위니펙", "NAME_NL": "Winnipeg", "NAME_PL": "Winnipeg", "NAME_SV": "Winnipeg", "NAME_TR": "Winnipeg", "NAME_VI": "Winnipeg", "NE_ID": 1159151025, "NAME_FA": "وینیپگ", "NAME_HE": "ויניפג", "NAME_UK": "Вінніпег", "NAME_UR": "ونی پیگ", "NAME_ZHT": "溫尼伯", "GEONAMESID": 6183235, "FCLASS_ISO": null, "FCLASS_US": null, "FCLASS_FR": null, "FCLASS_RU": null, "FCLASS_ES": null, "FCLASS_CN": null, "FCLASS_TW": null, "FCLASS_IN": null, "FCLASS_NP": null, "FCLASS_PK": null, "FCLASS_DE": null, "FCLASS_GB": null, "FCLASS_BR": null, "FCLASS_IL": null, "FCLASS_PS": null, "FCLASS_SA": null, "FCLASS_EG": null, "FCLASS_MA": null, "FCLASS_PT": null, "FCLASS_AR": null, "FCLASS_JP": null, "FCLASS_KO": null, "FCLASS_VN": null, "FCLASS_TR": null, "FCLASS_ID": null, "FCLASS_PL": null, "FCLASS_GR": null, "FCLASS_IT": null, "FCLASS_NL": null, "FCLASS_SE": null, "FCLASS_BD": null, "FCLASS_UA": null, "FCLASS_TLC": null }, "geometry": { "type": "Point", "coordinates": [ -97.1659919, 49.8829875 ] } },
{ "type": "Feature", "properties": { "SCALERANK": 3, "NATSCALE": 110, "LABELRANK": 2, "FEATURECLA": "Populated place", "NAME": "Churchill", "NAMEPAR": null, "NAMEALT": null, "NAMEASCII": "Churchill", "ADM0CAP": 0, "CAPIN": null, "WORLDCITY": 0, "MEGACITY": 0, "SOV0NAME": "Canada", "SOV_A3": "CAN", "ADM0NAME": "Canada", "ADM0_A3": "CAN", "ADM1NAME": "Manitoba", "ISO_A2": "CA", "NOTE": null, "LATITUDE": 58.765985, "LONGITUDE": -94.165994, "POP_MAX": 1000, "POP_MIN": 923, "POP_OTHER": 0, "RANK_MAX": 2, "RANK_MIN": 2, "MEGANAME": null, "LS_NAME": "Churchill", "MAX_POP10": 0, "MAX_POP20": 0, "MAX_POP50": 0, "MAX_POP300": 0, "MAX_POP310": 0, "MAX_NATSCA": 0, "MIN_AREAKM": 0, "MAX_AREAKM": 0, "MIN_AREAMI": 0, "MAX_AREAMI": 0, "MIN_PERKM": 0, "MAX_PERKM": 0, "MIN_PERMI": 0, "MAX_PERMI": 0, "MIN_BBXMIN": 0.0, "MAX_BBXMIN": 0.0, "MIN_BBXMAX": 0.0, "MAX_BBXMAX": 0.0, "MIN_BBYMIN": 0.0, "MAX_BBYMIN": 0.0, "MIN_BBYMAX": 0.0, "MAX_BBYMAX": 0.0, "MEAN_BBXC": 0.0, "MEAN_BBYC": 0.0, "TIMEZONE": null, "UN_FID": 0, "POP1950": 0, "POP1955": 0, "POP1960": 0, "POP1965": 0, "POP1970": 0, "POP1975": 0, "POP1980": 0, "POP1985": 0, "POP1990": 0, "POP1995": 0, "POP2000": 0, "POP2005": 0, "POP2010": 0, "POP2015": 0, "POP2020": 0, "POP2025": 0, "POP2050": 0, "MIN_ZOOM": 4.0, "WIKIDATAID": "Q744553", "WOF_ID": 101734697, "CAPALT": 0, "NAME_EN": "Churchill", "NAME_DE": "Churchill", "NAME_ES": "Churchill", "NAME_FR": "Churchill", "NAME_PT": "Churchill", "NAME_RU": "Черчилл", "NAME_ZH": "邱吉尔", "LABEL": null, "NAME_AR": "تشرشل", "NAME_BN": "চার্চিল", "NAME_EL": "Τσέρτσιλ", "NAME_HI": "चर्चिल", "NAME_HU": "Churchill", "NAME_ID": "Churchill", "NAME_IT": "Churchill", "NAME_JA": "チャーチル", "NAME_KO": "처칠", "NAME_NL": "Churchill", "NAME_PL": "Churchill", "NAME_SV": "Churchill", "NAME_TR": "Churchill", "NAME_VI": "Churchill", "NE_ID": 1159151027, "NAME_FA": "چرچیل", "NAME_HE": "צ'רצ'יל", "NAME_UK": "Черчилл", "NAME_UR": "چرچل", "NAME_ZHT": "丘吉爾", "GEONAMESID": 5922111, "FCLASS_ISO": null, "FCLASS_US": null, "FCLASS_FR": null, "FCLASS_RU": null, "FCLASS_ES": null, "FCLASS_CN": null, "FCLASS_TW": null, "FCLASS_IN": null, "FCLASS_NP": null, "FCLASS_PK": null, "FCLASS_DE": null, "FCLASS_GB": null, "FCLASS_BR": null, "FCLASS_IL": null, "FCLASS_PS": null, "FCLASS_SA": null, "FCLASS_EG": null, "FCLASS_MA": null, "FCLASS_PT": null, "FCLASS_AR": null, "FCLASS_JP": null, "FCLASS_KO": null, "FCLASS_VN": null, "FCLASS_TR": null, "FCLASS_ID": null, "FCLASS_PL": null, "FCLASS_GR": null, "FCLASS_IT": null, "FCLASS_NL": null, "FCLASS_SE": null, "FCLASS_BD": null, "FCLASS_UA": null, "FCLASS_TLC": null }, "geometry": { "type": "Point", "coordinates": [ -94.1659941, 58.7659853 ] } },
{ "type": "Feature", "properties": { "SCALERANK": 3, "NATSCALE": 110, "LABELRANK": 2, "FEATURECLA": "Admin-1 capital", "NAME": "Regina", "NAMEPAR": null, "NAMEALT": null, "NAMEASCII": "Regina", "ADM0CAP": 0, "CAPIN": null, "WORLDCITY": 0, "MEGACITY": 0, "SOV0NAME": "Canada", "SOV_A3": "CAN", "ADM0NAME": "Canada", "ADM0_A3": "CAN", "ADM1NAME": "Saskatchewan", "ISO_A2": "CA", "NOTE": null, "LATITUDE": 50.450033, "LONGITUDE": -104.61701, "POP_MAX": 176183, "POP_MIN": 176183, "POP_OTHER": 0, "RANK_MAX": 9, "RANK_MIN": 9, "MEGANAME": null, "LS_NAME": "Regina", "MAX_POP10": 0, "MAX_POP20": 169534, "MAX_POP50": 169534, "MAX_POP300": 169534, "MAX_POP310": 0, "MAX_NATSCA": 100, "MIN_AREAKM": 89, "MAX_AREAKM": 89, "MIN_AREAMI": 34, "MAX_AREAMI": 34, "MIN_PERKM": 73, "MAX_PERKM": 73, "MIN_PERMI": 45, "MAX_PERMI": 45, "MIN_BBXMIN": -104.708333, "MAX_BBXMIN": -104.708333, "MIN_BBXMAX": -104.525, "MAX_BBXMAX": -104.525, "MIN_BBYMIN": 50.4, "MAX_BBYMIN": 50.4, "MIN_BBYMAX": 50.508333, "MAX_BBYMAX": 50.508333, "MEAN_BBXC": -104.613272, "MEAN_BBYC": 50.45607, "TIMEZONE": "America/Regina", "UN_FID": 0, "POP1950": 0, "POP1955": 0, "POP1960": 0, "POP1965": 0, "POP1970": 0, "POP1975": 0, "POP1980": 0, "POP1985": 0, "POP1990": 0, "POP1995": 0, "POP2000": 0, "POP2005": 0, "POP2010": 0, "POP2015": 0, "POP2020": 0, "POP2025": 0, "POP2050": 0, "MIN_ZOOM": 5.0, "WIKIDATAID": "Q2123", "WOF_ID": 101739917, "CAPALT": 0, "NAME_EN": "Regina", "NAME_DE": "Regina", "NAME_ES": "Regina", "NAME_FR": "Regina", "NAME_PT": "Regina", "NAME_RU": "Реджайна", "NAME_ZH": "里贾纳", "LABEL": null, "NAME_AR": "ريجاينا", "NAME_BN": "রিজাইনা", "NAME_EL": "Ρεγγίνα", "NAME_HI": "रेजिना", "NAME_HU": "Regina", "NAME_ID": "Regina", "NAME_IT": "Regina", "NAME_JA": "レジャイナ", "NAME_KO": "리자이나", "NAME_NL": "Regina", "NAME_PL": "Regina", "NAME_SV": "Regina", "NAME_TR": "Regina", "NAME_VI": "Regina", "NE_ID": 1159151029, "NAME_FA": "رجاینا", "NAME_HE": "רג'יינה", "NAME_UK": "Реджайна", "NAME_UR": "ریجینا", "NAME_ZHT": "雷吉納", "GEONAMESID": 6119109, "FCLASS_ISO": null, "FCLASS_US": null, "FCLASS_FR": null, "FCLASS_RU": null, "FCLASS_ES": null, "FCLASS_CN": null, "FCLASS_TW": null, "FCLASS_IN": null, "FCLASS_NP": null, "FCLASS_PK": null, "FCLASS_DE": null, "FCLASS_GB": null, "FCLASS_BR": null, "FCLASS_IL": null, "FCLASS_PS": null, "FCLASS_SA": null, "FCLASS_EG": null, "FCLASS_MA": null, "FCLASS_PT": null, "FCLASS_AR": null, "FCLASS_JP": null, "FCLASS_KO": null, "FCLASS_VN": null, "FCLASS_TR": null, "FCLASS_ID": null, "FCLASS_PL": null, "FCLASS_GR": null, "FCLASS_IT": null, "FCLASS_NL": null, "FCLASS_SE": null, "FCLASS_BD": null, "FCLASS_UA": null, "FCLASS_TLC": null }, "geometry": { "type": "Point", "coordinates": [ -104.6170099, 50.450033 ] } },
{ "type": "Feature", "properties": { "SCALERANK": 3, "NATSCALE": 110, "LABELRANK": 2, "FEATURECLA": "Populated place", "NAME": "Saskatoon", "NAMEPAR": null, "NAMEALT": null, "NAMEASCII": "Saskatoon", "ADM0CAP": 0, "CAPIN": null, "WORLDCITY": 0, "MEGACITY": 0, "SOV0NAME": "Canada", "SOV_A3": "CAN", "ADM0NAME": "Canada", "ADM0_A3": "CAN", "ADM1NAME": "Saskatchewan", "ISO_A2": "CA", "NOTE": null, "LATITUDE": 52.170031, "LONGITUDE": -106.669985, "POP_MAX": 198958, "POP_MIN": 189193, "POP_OTHER": 185222, "RANK_MAX": 9, "RANK_MIN": 9, "MEGANAME": null, "LS_NAME": "Saskatoon", "MAX_POP10": 189193, "MAX_POP20": 189193, "MAX_POP50": 189193, "MAX_POP300": 189193, "MAX_POP310": 0, "MAX_NATSCA": 100, "MIN_AREAKM": 116, "MAX_AREAKM": 116, "MIN_AREAMI": 45, "MAX_AREAMI": 45, "MIN_PERKM": 92, "MAX_PERKM": 92, "MIN_PERMI": 57, "MAX_PERMI": 57, "MIN_BBXMIN": -106.766667, "MAX_BBXMIN": -106.766667, "MIN_BBXMAX": -106.558333, "MAX_BBXMAX": -106.558333, "MIN_BBYMIN": 52.083333, "MAX_BBYMIN": 52.083333, "MIN_BBYMAX": 52.208333, "MAX_BBYMAX": 52.208333, "MEAN_BBXC": -106.654928, "MEAN_BBYC": 52.136168, "TIMEZONE": "America/Swift_Current", "UN_FID": 0, "POP1950": 0, "POP1955": 0, "POP1960": 0, "POP1965": 0, "POP1970": 0, "POP1975": 0, "POP1980": 0, "POP1985": 0, "POP1990": 0, "POP1995": 0, "POP2000": 0, "POP2005": 0, "POP2010": 0, "POP2015": 0, "POP2020": 0, "POP2025": 0, "POP2050": 0, "MIN_ZOOM": 5.0, "WIKIDATAID": "Q10566", "WOF_ID": 101740015, "CAPALT": 0, "NAME_EN": "Saskatoon", "NAME_DE": "Saskatoon", "NAME_ES": "Saskatoon", "NAME_FR": "Saskatoon", "NAME_PT": "Saskatoon", "NAME_RU": "Саскатун", "NAME_ZH": "萨斯卡通", "LABEL": null, "NAME_AR": "ساسكاتون", "NAME_BN": "স্যাসকাটুন", "NAME_EL": "Σασκατούν", "NAME_HI": "सास्काटून", "NAME_HU": "Saskatoon", "NAME_ID": "Saskatoon", "NAME_IT": "Saskatoon", "NAME_JA": "サスカトゥーン", "NAME_KO": "새스커툰", "NAME_NL": "Saskatoon", "NAME_PL": "Saskatoon", "NAME_SV": "Saskatoon", "NAME_TR": "Saskatoon", "NAME_VI": "Saskatoon", "NE_ID": 1159151033, "NAME_FA": "سسکتون", "NAME_HE": "ססקטון", "NAME_UK": "Саскатун", "NAME_UR": "ساسکاٹون", "NAME_ZHT": "薩克屯", "GEONAMESID": 6141256, "FCLASS_ISO": null, "FCLASS_US": null, "FCLASS_FR": null, "FCLASS_RU": null, "FCLASS_ES": null, "FCLASS_CN": null, "FCLASS_TW": null, "FCLASS_IN": null, "FCLASS_NP": null, "FCLASS_PK": null, "FCLASS_DE": null, "FCLASS_GB": null, "FCLASS_BR": null, "FCLASS_IL": null, "FCLASS_PS": null, "FCLASS_SA": null, "FCLASS_EG": null, "FCLASS_MA": null, "FCLASS_PT": null, "FCLASS_AR": null, "FCLASS_JP": null, "FCLASS_KO": null, "FCLASS_VN": null, "FCLASS_TR": null, "FCLASS_ID": null, "FCLASS_PL": null, "FCLASS_GR": null, "FCLASS_IT": null, "FCLASS_NL": null, "FCLASS_SE": null, "FCLASS_BD": null, "FCLASS_UA": null, "FCLASS_TLC": null }, "geometry": { "type": "Point", "coordinates": [ -106.6699854, 52.1700314 ] } },
{ "type": "Feature", "properties": { "SCALERANK": 3, "NATSCALE": 110, "LABELRANK": 2, "FEATURECLA": "Populated place", "NAME": "Calgary", "NAMEPAR": null, "NAMEALT": null, "NAMEASCII": "Calgary", "ADM0CAP": 0, "CAPIN": null, "WORLDCITY": 0, "MEGACITY": 1, "SOV0NAME": "Canada", "SOV_A3": "CAN", "ADM0NAME": "Canada", "ADM0_A3": "CAN", "ADM1NAME": "Alberta", "ISO_A2": "CA", "NOTE": null, "LATITUDE": 51.084938, "LONGITUDE": -114.081944, "POP_MAX": 1110000, "POP_MIN": 915322, "POP_OTHER": 0, "RANK_MAX": 12, "RANK_MIN": 11, "MEGANAME": "Calgary", "LS_NAME": "Calgary", "MAX_POP10": 915322, "MAX_POP20": 915322, "MAX_POP50": 915322, "MAX_POP300": 915322, "MAX_POP310": 0, "MAX_NATSCA": 100, "MIN_AREAKM": 411, "MAX_AREAKM": 411, "MIN_AREAMI": 159, "MAX_AREAMI": 159, "MIN_PERKM": 272, "MAX_PERKM": 272, "MIN_PERMI": 169, "MAX_PERMI": 169, "MIN_BBXMIN": -114.258333, "MAX_BBXMIN": -114.258333, "MIN_BBXMAX": -113.916667, "MAX_BBXMAX": -113.916667, "MIN_BBYMIN": 50.891667, "MAX_BBYMIN": 50.891667, "MIN_BBYMAX": 51.166667, "MAX_BBYMAX": 51.166667, "MEAN_BBXC": -114.070657, "MEAN_BBYC": 51.038764, "TIMEZONE": "America/Edmonton", "UN_FID": 10, "POP1950": 132, "POP1955": 186, "POP1960": 262, "POP1965": 320, "POP1970": 389, "POP1975": 457, "POP1980": 568, "POP1985": 656, "POP1990": 738, "POP1995": 809, "POP2000": 953, "POP2005": 1056, "POP2010": 1110, "POP2015": 1182, "POP2020": 1258, "POP2025": 1304, "POP2050": 1345, "MIN_ZOOM": 4.0, "WIKIDATAID": "Q36312", "WOF_ID": 890458845, "CAPALT": 0, "NAME_EN": "Calgary", "NAME_DE": "Calgary", "NAME_ES": "Calgary", "NAME_FR": "Calgary", "NAME_PT": "Calgary", "NAME_RU": "Калгари", "NAME_ZH": "卡尔加里", "LABEL": null, "NAME_AR": "كالغاري", "NAME_BN": "ক্যালগারি", "NAME_EL": "Κάλγκαρι", "NAME_HI": "कैलगरी", "NAME_HU": "Calgary", "NAME_ID": "Calgary", "NAME_IT": "Calgary", "NAME_JA": "カルガリー", "NAME_KO": "캘거리", "NAME_NL": "Calgary", "NAME_PL": "Calgary", "NAME_SV": "Calgary", "NAME_TR": "Calgary", "NAME_VI": "Calgary", "NE_ID": 1159151035, "NAME_FA": "کالگری", "NAME_HE": "קלגרי", "NAME_UK": "Калгарі", "NAME_UR": "کیلگری", "NAME_ZHT": "卡加利", "GEONAMESID": 5913490, "FCLASS_ISO": null, "FCLASS_US": null, "FCLASS_FR": null, "FCLASS_RU": null, "FCLASS_ES": null, "FCLASS_CN": null, "FCLASS_TW": null, "FCLASS_IN": null, "FCLASS_NP": null, "FCLASS_PK": null, "FCLASS_DE": null, "FCLASS_GB": null, "FCLASS_BR": null, "FCLASS_IL": null, "FCLASS_PS": null, "FCLASS_SA": null, "FCLASS_EG": null, "FCLASS_MA": null, "FCLASS_PT": null, "FCLASS_AR": null, "FCLASS_JP": null, "FCLASS_KO": null, "FCLASS_VN": null, "FCLASS_TR": null, "FCLASS_ID": null, "FCLASS_PL": null, "FCLASS_GR": null, "FCLASS_IT": null, "FCLASS_NL": null, "FCLASS_SE": null, "FCLASS_BD": null, "FCLASS_UA": null, "FCLASS_TLC": null }, "geometry": { "type": "Point", "coordinates": [ -114.0819441, 51.0849376 ] } },
{ "type": "Feature", "properties": { "SCALERANK": 3, "NATSCALE": 110, "LABELRANK": 2, "FEATURECLA": "Populated place", "NAME": "Prince Rupert", "NAMEPAR": null, "NAMEALT": null, "NAMEASCII": "Prince Rupert", "ADM0CAP": 0, "CAPIN": null, "WORLDCITY": 0, "MEGACITY": 0, "SOV0NAME": "Canada", "SOV_A3": "CAN", "ADM0NAME": "Canada", "ADM0_A3": "CAN", "ADM1NAME": "British Columbia", "ISO_A2": "CA", "NOTE": null, "LATITUDE": 54.31667, "LONGITUDE": -130.329988, "POP_MAX": 14708, "POP_MIN": 14708, "POP_OTHER": 0, "RANK_MAX": 6, "RANK_MIN": 6, "MEGANAME": null, "LS_NAME": "Prince Rupert", "MAX_POP10": 0, "MAX_POP20": 0, "MAX_POP50": 0, "MAX_POP300": 0, "MAX_POP310": 0, "MAX_NATSCA": 0, "MIN_AREAKM": 0, "MAX_AREAKM": 0, "MIN_AREAMI": 0, "MAX_AREAMI": 0, "MIN_PERKM": 0, "MAX_PERKM": 0, "MIN_PERMI": 0, "MAX_PERMI": 0, "MIN_BBXMIN": 0.0, "MAX_BBXMIN": 0.0, "MIN_BBXMAX": 0.0, "MAX_BBXMAX": 0.0, "MIN_BBYMIN": 0.0, "MAX_BBYMIN": 0.0, "MIN_BBYMAX": 0.0, "MAX_BBYMAX": 0.0, "MEAN_BBXC": 0.0, "MEAN_BBYC": 0.0, "TIMEZONE": "America/Vancouver", "UN_FID": 0, "POP1950": 0, "POP1955": 0, "POP1960": 0, "POP1965": 0, "POP1970": 0, "POP1975": 0, "POP1980": 0, "POP1985": 0, "POP1990": 0, "POP1995": 0, "POP2000": 0, "POP2005": 0, "POP2010": 0, "POP2015": 0, "POP2020": 0, "POP2025": 0, "POP2050": 0, "MIN_ZOOM": 4.0, "WIKIDATAID": "Q1015639", "WOF_ID": 101741099, "CAPALT": 0, "NAME_EN": "Prince Rupert", "NAME_DE": "Prince Rupert", "NAME_ES": "Prince Rupert", "NAME_FR": "Prince Rupert", "NAME_PT": "Prince Rupert", "NAME_RU": "Принс-Руперт", "NAME_ZH": "鲁珀特王子港", "LABEL": null, "NAME_AR": "برينس روبيرت", "NAME_BN": "প্রিন্স রুপার্ট", "NAME_EL": "Πρινς Ρούπερτ", "NAME_HI": "प्रिंस रूपर्ट", "NAME_HU": "Prince Rupert", "NAME_ID": "Prince Rupert", "NAME_IT": "Prince Rupert", "NAME_JA": "プリンスルパート", "NAME_KO": "프린스루퍼트", "NAME_NL": "Prince Rupert", "NAME_PL": "Prince Rupert", "NAME_SV": "Prince Rupert", "NAME_TR": "Prince Rupert", "NAME_VI": "Prince Rupert", "NE_ID": 1159151037, "NAME_FA": "پرنس روپرت", "NAME_HE": "פרינס רופרט", "NAME_UK": "Прінс-Руперт", "NAME_UR": "پرنس رپرٹ", "NAME_ZHT": "魯珀特王子港", "GEONAMESID": 6113406, "FCLASS_ISO": null, "FCLASS_US": null, "FCLASS_FR": null, "FCLASS_RU": null, "FCLASS_ES": null, "FCLASS_CN": null, "FCLASS_TW": null, "FCLASS_IN": null, "FCLASS_NP": null, "FCLASS_PK": null, "FCLASS_DE": null, "FCLASS_GB": null, "FCLASS_BR": null, "FCLASS_IL": null, "FCLASS_PS": null, "FCLASS_SA": null, "FCLASS_EG": null, "FCLASS_MA": null, "FCLASS_PT": null, "FCLASS_AR": null, "FCLASS_JP": null, "FCLASS_KO": null, "FCLASS_VN": null, "FCLASS_TR": null, "FCLASS_ID": null, "FCLASS_PL": null, "FCLASS_GR": null, "FCLASS_IT": null, "FCLASS_NL": null, "FCLASS_SE": null, "FCLASS_BD": null, "FCLASS_UA": null, "FCLASS_TLC": null }, "geometry": { "type": "Point", "coordinates": [ -130.3299882, 54.3166703 ] } },
{ "type": "Feature", "properties": { "SCALERANK": 3, "NATSCALE": 110, "LABELRANK": 2, "FEATURECLA": "Admin-1 capital", "NAME": "Victoria", "NAMEPAR": null, "NAMEALT": null, "NAMEASCII": "Victoria", "ADM0CAP": 0, "CAPIN": null, "WORLDCITY": 0, "MEGACITY": 0, "SOV0NAME": "Canada", "SOV_A3": "CAN", "ADM0NAME": "Canada", "ADM0_A3": "CAN", "ADM1NAME": "British Columbia", "ISO_A2": "CA", "NOTE": null, "LATITUDE": 48.433283, "LONGITUDE": -123.350001, "POP_MAX": 289625, "POP_MIN": 251358, "POP_OTHER": 33737, "RANK_MAX": 10, "RANK_MIN": 10, "MEGANAME": null, "LS_NAME": "Victoria2", "MAX_POP10": 251358, "MAX_POP20": 251358, "MAX_POP50": 251358, "MAX_POP300": 251358, "MAX_POP310": 0, "MAX_NATSCA": 100, "MIN_AREAKM": 146, "MAX_AREAKM": 146, "MIN_AREAMI": 56, "MAX_AREAMI": 56, "MIN_PERKM": 101, "MAX_PERKM": 101, "MIN_PERMI": 63, "MAX_PERMI": 63, "MIN_BBXMIN": -123.541667, "MAX_BBXMIN": -123.541667, "MIN_BBXMAX": -123.275, "MAX_BBXMAX": -123.275, "MIN_BBYMIN": 48.391667, "MAX_BBYMIN": 48.391667, "MIN_BBYMAX": 48.533333, "MAX_BBYMAX": 48.533333, "MEAN_BBXC": -123.396029, "MEAN_BBYC": 48.454886, "TIMEZONE": "America/Vancouver", "UN_FID": 0, "POP1950": 0, "POP1955": 0, "POP1960": 0, "POP1965": 0, "POP1970": 0, "POP1975": 0, "POP1980": 0, "POP1985": 0, "POP1990": 0, "POP1995": 0, "POP2000": 0, "POP2005": 0, "POP2010": 0, "POP2015": 0, "POP2020": 0, "POP2025": 0, "POP2050": 0, "MIN_ZOOM": 5.0, "WIKIDATAID": "Q2132", "WOF_ID": 101740879, "CAPALT": 0, "NAME_EN": "Victoria", "NAME_DE": "Victoria", "NAME_ES": "Victoria", "NAME_FR": "Victoria", "NAME_PT": "Vitória", "NAME_RU": "Виктория", "NAME_ZH": "维多利亚", "LABEL": null, "NAME_AR": "فكتوريا", "NAME_BN": "ভিক্টোরিয়া", "NAME_EL": "Βικτωρία Βρετανικής Κολομβίας", "NAME_HI": "विक्टोरिया", "NAME_HU": "Victoria", "NAME_ID": "Victoria", "NAME_IT": "Victoria", "NAME_JA": "ビクトリア", "NAME_KO": "빅토리아", "NAME_NL": "Victoria", "NAME_PL": "Victoria", "NAME_SV": "Victoria", "NAME_TR": "Victoria", "NAME_VI": "Victoria", "NE_ID": 1159151039, "NAME_FA": "ویکتوریا", "NAME_HE": "ויקטוריה", "NAME_UK": "Вікторія", "NAME_UR": "وکٹوریا", "NAME_ZHT": "維多利亞", "GEONAMESID": 6174041, "FCLASS_ISO": null, "FCLASS_US": null, "FCLASS_FR": null, "FCLASS_RU": null, "FCLASS_ES": null, "FCLASS_CN": null, "FCLASS_TW": null, "FCLASS_IN": null, "FCLASS_NP": null, "FCLASS_PK": null, "FCLASS_DE": null, "FCLASS_GB": null, "FCLASS_BR": null, "FCLASS_IL": null, "FCLASS_PS": null, "FCLASS_SA": null, "FCLASS_EG": null, "FCLASS_MA": null, "FCLASS_PT": null, "FCLASS_AR": null, "FCLASS_JP": null, "FCLASS_KO": null, "FCLASS_VN": null, "FCLASS_TR": null, "FCLASS_ID": null, "FCLASS_PL": null, "FCLASS_GR": null, "FCLASS_IT": null, "FCLASS_NL": null, "FCLASS_SE": null, "FCLASS_BD": null, "FCLASS_UA": null, "FCLASS_TLC": null }, "geometry": { "type": "Point", "coordinates": [ -123.3500009, 48.4332827 ] } },
{ "type": "Feature", "properties": { "SCALERANK": 3, "NATSCALE": 110, "LABELRANK": 2, "FEATURECLA": "Populated place", "NAME": "Arctic Bay", "NAMEPAR": null, "NAMEALT": null, "NAMEASCII": "Arctic Bay", "ADM0CAP": 0, "CAPIN": null, "WORLDCITY": 0, "MEGACITY": 0, "SOV0NAME": "Canada", "SOV_A3": "CAN", "ADM0NAME": "Canada", "ADM0_A3": "CAN", "ADM1NAME": "Nunavut", "ISO_A2": "CA", "NOTE": null, "LATITUDE": 73.033306, "LONGITUDE": -85.166621, "POP_MAX": 604, "POP_MIN": 604, "POP_OTHER": 0, "RANK_MAX": 2, "RANK_MIN": 2, "MEGANAME": null, "LS_NAME": "Arctic Bay", "MAX_POP10": 604, "MAX_POP20": 604, "MAX_POP50": 604, "MAX_POP300": 604, "MAX_POP310": 0, "MAX_NATSCA": 100, "MIN_AREAKM": 0, "MAX_AREAKM": 0, "MIN_AREAMI": 0, "MAX_AREAMI": 0, "MIN_PERKM": 2, "MAX_PERKM": 2, "MIN_PERMI": 1, "MAX_PERMI": 1, "MIN_BBXMIN": -85.175, "MAX_BBXMIN": -85.175, "MIN_BBXMAX": -85.166667, "MAX_BBXMAX": -85.166667, "MIN_BBYMIN": 73.033333, "MAX_BBYMIN": 73.033333, "MIN_BBYMAX": 73.041667, "MAX_BBYMAX": 73.041667, "MEAN_BBXC": -85.170833, "MEAN_BBYC": 73.0375, "TIMEZONE": null, "UN_FID": 0, "POP1950": 0, "POP1955": 0, "POP1960": 0, "POP1965": 0, "POP1970": 0, "POP1975": 0, "POP1980": 0, "POP1985": 0, "POP1990": 0, "POP1995": 0, "POP2000": 0, "POP2005": 0, "POP2010": 0, "POP2015": 0, "POP2020": 0, "POP2025": 0, "POP2050": 0, "MIN_ZOOM": 5.0, "WIKIDATAID": "Q638017", "WOF_ID": 1141909377, "CAPALT": 0, "NAME_EN": "Arctic Bay", "NAME_DE": "Arctic Bay", "NAME_ES": "Arctic Bay", "NAME_FR": "Arctic Bay", "NAME_PT": "Arctic Bay", "NAME_RU": "Арктик-Бей", "NAME_ZH": "北極灣", "LABEL": null, "NAME_AR": "خليج أركتيك", "NAME_BN": "আর্কটিক বে", "NAME_EL": "Άρκτικ Μπέι", "NAME_HI": "आर्कटिक बे", "NAME_HU": "Arctic Bay", "NAME_ID": "Arctic Bay", "NAME_IT": "Arctic Bay", "NAME_JA": "アークティックベイ", "NAME_KO": "악틱 베이", "NAME_NL": "Arctic Bay", "NAME_PL": "Arctic Bay", "NAME_SV": "Arctic Bay", "NAME_TR": "Arctic Bay", "NAME_VI": "Arctic Bay", "NE_ID": 1159151041, "NAME_FA": "آرکتیک بی", "NAME_HE": "מפרץ ארקטי", "NAME_UK": "Арктік-Бей", "NAME_UR": "ارکٹک بے", "NAME_ZHT": "北極灣", "GEONAMESID": 5886735, "FCLASS_ISO": null, "FCLASS_US": null, "FCLASS_FR": null, "FCLASS_RU": null, "FCLASS_ES": null, "FCLASS_CN": null, "FCLASS_TW": null, "FCLASS_IN": null, "FCLASS_NP": null, "FCLASS_PK": null, "FCLASS_DE": null, "FCLASS_GB": null, "FCLASS_BR": null, "FCLASS_IL": null, "FCLASS_PS": null, "FCLASS_SA": null, "FCLASS_EG": null, "FCLASS_MA": null, "FCLASS_PT": null, "FCLASS_AR": null, "FCLASS_JP": null, "FCLASS_KO": null, "FCLASS_VN": null, "FCLASS_TR": null, "FCLASS_ID": null, "FCLASS_PL": null, "FCLASS_GR": null, "FCLASS_IT": null, "FCLASS_NL": null, "FCLASS_SE": null, "FCLASS_BD": null, "FCLASS_UA": null, "FCLASS_TLC": null }, "geometry": { "type": "Point", "coordinates": [ -85.1666209, 73.0333057 ] } },
{ "type": "Feature", "properties": { "SCALERANK": 3, "NATSCALE": 110, "LABELRANK": 2, "FEATURECLA": "Populated place", "NAME": "Resolute", "NAMEPAR": null, "NAMEALT": null, "NAMEASCII": "Resolute", "ADM0CAP": 0, "CAPIN": null, "WORLDCITY": 0, "MEGACITY": 0, "SOV0NAME": "Canada", "SOV_A3": "CAN", "ADM0NAME": "Canada", "ADM0_A3": "CAN", "ADM1NAME": "Nunavut", "ISO_A2": "CA", "NOTE": null, "LATITUDE": 74.683334, "LONGITUDE": -94.900006, "POP_MAX": 250, "POP_MIN": 229, "POP_OTHER": 0, "RANK_MAX": 2, "RANK_MIN": 2, "MEGANAME": null, "LS_NAME": "Resolute", "MAX_POP10": 0, "MAX_POP20": 0, "MAX_POP50": 0, "MAX_POP300": 0, "MAX_POP310": 0, "MAX_NATSCA": 0, "MIN_AREAKM": 0, "MAX_AREAKM": 0, "MIN_AREAMI": 0, "MAX_AREAMI": 0, "MIN_PERKM": 0, "MAX_PERKM": 0, "MIN_PERMI": 0, "MAX_PERMI": 0, "MIN_BBXMIN": 0.0, "MAX_BBXMIN": 0.0, "MIN_BBXMAX": 0.0, "MAX_BBXMAX": 0.0, "MIN_BBYMIN": 0.0, "MAX_BBYMIN": 0.0, "MIN_BBYMAX": 0.0, "MAX_BBYMAX": 0.0, "MEAN_BBXC": 0.0, "MEAN_BBYC": 0.0, "TIMEZONE": null, "UN_FID": 0, "POP1950": 0, "POP1955": 0, "POP1960": 0, "POP1965": 0, "POP1970": 0, "POP1975": 0, "POP1980": 0, "POP1985": 0, "POP1990": 0, "POP1995": 0, "POP2000": 0, "POP2005": 0, "POP2010": 0, "POP2015": 0, "POP2020": 0, "POP2025": 0, "POP2050": 0, "MIN_ZOOM": 5.0, "WIKIDATAID": "Q606622", "WOF_ID": 1141909379, "CAPALT": 0, "NAME_EN": "Resolute", "NAME_DE": "Resolute Bay", "NAME_ES": "Resolute", "NAME_FR": "Resolute", "NAME_PT": "Resolute", "NAME_RU": "Резольют", "NAME_ZH": "雷索卢特", "LABEL": null, "NAME_AR": "قرية ريزولوت", "NAME_BN": "রেজোলিউট", "NAME_EL": "Ρεσολούτ", "NAME_HI": "रेसोलूट", "NAME_HU": "Resolute", "NAME_ID": "Resolute", "NAME_IT": "Resolute", "NAME_JA": "レゾリュート", "NAME_KO": "리솔루트", "NAME_NL": "Resolute", "NAME_PL": "Resolute", "NAME_SV": "Resolute", "NAME_TR": "Resolute", "NAME_VI": "Resolute", "NE_ID": 1159151043, "NAME_FA": "رزلوت", "NAME_HE": "רזולוט", "NAME_UK": "Резольют", "NAME_UR": "ریسولوتی", "NAME_ZHT": "努勒維特", "GEONAMESID": 6121522, "FCLASS_ISO": null, "FCLASS_US": null, "FCLASS_FR": null, "FCLASS_RU": null, "FCLASS_ES": null, "FCLASS_CN": null, "FCLASS_TW": null, "FCLASS_IN": null, "FCLASS_NP": null, "FCLASS_PK": null, "FCLASS_DE": null, "FCLASS_GB": null, "FCLASS_BR": null, "FCLASS_IL": null, "FCLASS_PS": null, "FCLASS_SA": null, "FCLASS_EG": null, "FCLASS_MA": null, "FCLASS_PT": null, "FCLASS_AR": null, "FCLASS_JP": null, "FCLASS_KO": null, "FCLASS_VN": null, "FCLASS_TR": null, "FCLASS_ID": null, "FCLASS_PL": null, "FCLASS_GR": null, "FCLASS_IT": null, "FCLASS_NL": null, "FCLASS_SE": null, "FCLASS_BD": null, "FCLASS_UA": null, "FCLASS_TLC": null }, "geometry": { "type": "Point", "coordinates": [ -94.9000061, 74.6833342 ] } },
{ "type": "Feature", "properties": { "SCALERANK": 3, "NATSCALE": 110, "LABELRANK": 2, "FEATURECLA": "Populated place", "NAME": "Naujaat", "NAMEPAR": "Repulse Bay", "NAMEALT": null, "NAMEASCII": "Repulse Bay", "ADM0CAP": 0, "CAPIN": null, "WORLDCITY": 0, "MEGACITY": 0, "SOV0NAME": "Canada", "SOV_A3": "CAN", "ADM0NAME": "Canada", "ADM0_A3": "CAN", "ADM1NAME": "Nunavut", "ISO_A2": "CA", "NOTE": null, "LATITUDE": 66.529467, "LONGITUDE": -86.282935, "POP_MAX": 1000, "POP_MIN": 748, "POP_OTHER": 0, "RANK_MAX": 2, "RANK_MIN": 2, "MEGANAME": null, "LS_NAME": "Repulse Bay", "MAX_POP10": 0, "MAX_POP20": 0, "MAX_POP50": 0, "MAX_POP300": 0, "MAX_POP310": 0, "MAX_NATSCA": 0, "MIN_AREAKM": 0, "MAX_AREAKM": 0, "MIN_AREAMI": 0, "MAX_AREAMI": 0, "MIN_PERKM": 0, "MAX_PERKM": 0, "MIN_PERMI": 0, "MAX_PERMI": 0, "MIN_BBXMIN": 0.0, "MAX_BBXMIN": 0.0, "MIN_BBXMAX": 0.0, "MAX_BBXMAX": 0.0, "MIN_BBYMIN": 0.0, "MAX_BBYMIN": 0.0, "MIN_BBYMAX": 0.0, "MAX_BBYMAX": 0.0, "MEAN_BBXC": 0.0, "MEAN_BBYC": 0.0, "TIMEZONE": null, "UN_FID": 0, "POP1950": 0, "POP1955": 0, "POP1960": 0, "POP1965": 0, "POP1970": 0, "POP1975": 0, "POP1980": 0, "POP1985": 0, "POP1990": 0, "POP1995": 0, "POP2000": 0, "POP2005": 0, "POP2010": 0, "POP2015": 0, "POP2020": 0, "POP2025": 0, "POP2050": 0, "MIN_ZOOM": 4.0, "WIKIDATAID": "Q1723761", "WOF_ID": 101735481, "CAPALT": 0, "NAME_EN": "Naujaat", "NAME_DE": "Naujaat", "NAME_ES": "Naujaat", "NAME_FR": "Naujaat", "NAME_PT": "Repulse Bay", "NAME_RU": "Репалс-Бей", "NAME_ZH": "努雅特", "LABEL": null, "NAME_AR": "نوجات", "NAME_BN": "নউজাত", "NAME_EL": "Ναουτζάτ", "NAME_HI": "नाउजात", "NAME_HU": "Naujaat", "NAME_ID": "Naujaat", "NAME_IT": "Repulse Bay", "NAME_JA": "リパルス湾", "NAME_KO": "나우자트", "NAME_NL": "Naujaat", "NAME_PL": "Naujaat", "NAME_SV": "Repulse Bay", "NAME_TR": "Naujaat", "NAME_VI": "Naujaat", "NE_ID": 1159151045, "NAME_FA": "ناوجات", "NAME_HE": "נאוג'אאט", "NAME_UK": "Репалс-Бей", "NAME_UR": "نوجات", "NAME_ZHT": "努雅特", "GEONAMESID": -1, "FCLASS_ISO": null, "FCLASS_US": null, "FCLASS_FR": null, "FCLASS_RU": null, "FCLASS_ES": null, "FCLASS_CN": null, "FCLASS_TW": null, "FCLASS_IN": null, "FCLASS_NP": null, "FCLASS_PK": null, "FCLASS_DE": null, "FCLASS_GB": null, "FCLASS_BR": null, "FCLASS_IL": null, "FCLASS_PS": null, "FCLASS_SA": null, "FCLASS_EG": null, "FCLASS_MA": null, "FCLASS_PT": null, "FCLASS_AR": null, "FCLASS_JP": null, "FCLASS_KO": null, "FCLASS_VN": null, "FCLASS_TR": null, "FCLASS_ID": null, "FCLASS_PL": null, "FCLASS_GR": null, "FCLASS_IT": null, "FCLASS_NL": null, "FCLASS_SE": null, "FCLASS_BD": null, "FCLASS_UA": null, "FCLASS_TLC": null }, "geometry": { "type": "Point", "coordinates": [ -86.282935, 66.5294669 ] } },
{ "type": "Feature", "properties": { "SCALERANK": 3, "NATSCALE": 110, "LABELRANK": 2, "FEATURECLA": "Admin-1 capital", "NAME": "Yellowknife", "NAMEPAR": null, "NAMEALT": null, "NAMEASCII": "Yellowknife", "ADM0CAP": 0, "CAPIN": null, "WORLDCITY": 0, "MEGACITY": 0, "SOV0NAME": "Canada", "SOV_A3": "CAN", "ADM0NAME": "Canada", "ADM0_A3": "CAN", "ADM1NAME": "Northwest Territories", "ISO_A2": "CA", "NOTE": null, "LATITUDE": 62.442014, "LONGITUDE": -114.396981, "POP_MAX": 19234, "POP_MIN": 18083, "POP_OTHER": 0, "RANK_MAX": 6, "RANK_MIN": 6, "MEGANAME": null, "LS_NAME": "Yellowknife", "MAX_POP10": 0, "MAX_POP20": 0, "MAX_POP50": 18083, "MAX_POP300": 0, "MAX_POP310": 0, "MAX_NATSCA": 50, "MIN_AREAKM": 15, "MAX_AREAKM": 15, "MIN_AREAMI": 6, "MAX_AREAMI": 6, "MIN_PERKM": 35, "MAX_PERKM": 35, "MIN_PERMI": 21, "MAX_PERMI": 21, "MIN_BBXMIN": -114.433333, "MAX_BBXMIN": -114.433333, "MIN_BBXMAX": -114.333333, "MAX_BBXMAX": -114.333333, "MIN_BBYMIN": 62.425, "MAX_BBYMIN": 62.425, "MIN_BBYMAX": 62.475, "MAX_BBYMAX": 62.475, "MEAN_BBXC": -114.386184, "MEAN_BBYC": 62.445175, "TIMEZONE": "America/Yellowknife", "UN_FID": 0, "POP1950": 0, "POP1955": 0, "POP1960": 0, "POP1965": 0, "POP1970": 0, "POP1975": 0, "POP1980": 0, "POP1985": 0, "POP1990": 0, "POP1995": 0, "POP2000": 0, "POP2005": 0, "POP2010": 0, "POP2015": 0, "POP2020": 0, "POP2025": 0, "POP2050": 0, "MIN_ZOOM": 4.0, "WIKIDATAID": "Q2061", "WOF_ID": 101735429, "CAPALT": 0, "NAME_EN": "Yellowknife", "NAME_DE": "Yellowknife", "NAME_ES": "Yellowknife", "NAME_FR": "Yellowknife", "NAME_PT": "Yellowknife", "NAME_RU": "Йеллоунайф", "NAME_ZH": "黄刀镇", "LABEL": null, "NAME_AR": "يلونايف", "NAME_BN": "ইয়েলোনাইফ", "NAME_EL": "Γέλοουναϊφ", "NAME_HI": "येलोनाइफ़", "NAME_HU": "Yellowknife", "NAME_ID": "Yellowknife", "NAME_IT": "Yellowknife", "NAME_JA": "イエローナイフ", "NAME_KO": "옐로나이프", "NAME_NL": "Yellowknife", "NAME_PL": "Yellowknife", "NAME_SV": "Yellowknife", "NAME_TR": "Yellowknife", "NAME_VI": "Yellowknife", "NE_ID": 1159151047, "NAME_FA": "یلونایف", "NAME_HE": "ילונייף", "NAME_UK": "Єлловнайф", "NAME_UR": "یلوکنیفے", "NAME_ZHT": "黃刀鎮", "GEONAMESID": 6185377, "FCLASS_ISO": null, "FCLASS_US": null, "FCLASS_FR": null, "FCLASS_RU": null, "FCLASS_ES": null, "FCLASS_CN": null, "FCLASS_TW": null, "FCLASS_IN": null, "FCLASS_NP": null, "FCLASS_PK": null, "FCLASS_DE": null, "FCLASS_GB": null, "FCLASS_BR": null, "FCLASS_IL": null, "FCLASS_PS": null, "FCLASS_SA": null, "FCLASS_EG": null, "FCLASS_MA": null, "FCLASS_PT": null, "FCLASS_AR": null, "FCLASS_JP": null, "FCLASS_KO": null, "FCLASS_VN": null, "FCLASS_TR": null, "FCLASS_ID": null, "FCLASS_PL": null, "FCLASS_GR": null, "FCLASS_IT": null, "FCLASS_NL": null, "FCLASS_SE": null, "FCLASS_BD": null, "FCLASS_UA": null, "FCLASS_TLC": null }, "geometry": { "type": "Point", "coordinates": [ -114.3969814, 62.4420142 ] } },
{ "type": "Feature", "properties": { "SCALERANK": 3, "NATSCALE": 110, "LABELRANK": 2, "FEATURECLA": "Populated place", "NAME": "Fort Good Hope", "NAMEPAR": null, "NAMEALT": null, "NAMEASCII": "Fort Good Hope", "ADM0CAP": 0, "CAPIN": null, "WORLDCITY": 0, "MEGACITY": 0, "SOV0NAME": "Canada", "SOV_A3": "CAN", "ADM0NAME": "Canada", "ADM0_A3": "CAN", "ADM1NAME": "Northwest Territories", "ISO_A2": "CA", "NOTE": null, "LATITUDE": 66.266613, "LONGITUDE": -128.633322, "POP_MAX": 597, "POP_MIN": 597, "POP_OTHER": 0, "RANK_MAX": 2, "RANK_MIN": 2, "MEGANAME": null, "LS_NAME": "Fort Good Hope", "MAX_POP10": 597, "MAX_POP20": 597, "MAX_POP50": 597, "MAX_POP300": 597, "MAX_POP310": 0, "MAX_NATSCA": 100, "MIN_AREAKM": 0, "MAX_AREAKM": 0, "MIN_AREAMI": 0, "MAX_AREAMI": 0, "MIN_PERKM": 3, "MAX_PERKM": 3, "MIN_PERMI": 2, "MAX_PERMI": 2, "MIN_BBXMIN": -128.633333, "MAX_BBXMIN": -128.633333, "MIN_BBXMAX": -128.625, "MAX_BBXMAX": -128.625, "MIN_BBYMIN": 66.25, "MAX_BBYMIN": 66.25, "MIN_BBYMAX": 66.258333, "MAX_BBYMAX": 66.258333, "MEAN_BBXC": -128.629167, "MEAN_BBYC": 66.254167, "TIMEZONE": null, "UN_FID": 0, "POP1950": 0, "POP1955": 0, "POP1960": 0, "POP1965": 0, "POP1970": 0, "POP1975": 0, "POP1980": 0, "POP1985": 0, "POP1990": 0, "POP1995": 0, "POP2000": 0, "POP2005": 0, "POP2010": 0, "POP2015": 0, "POP2020": 0, "POP2025": 0, "POP2050": 0, "MIN_ZOOM": 5.0, "WIKIDATAID": "Q201313", "WOF_ID": 1141909383, "CAPALT": 0, "NAME_EN": "Fort Good Hope", "NAME_DE": "Fort Good Hope", "NAME_ES": "Fort Good Hope", "NAME_FR": "Fort Good Hope", "NAME_PT": "Fort Good Hope", "NAME_RU": "Форт-Гуд-Хоп", "NAME_ZH": "德望堡", "LABEL": null, "NAME_AR": "فورت جود هوب", "NAME_BN": "ফোর্ট গুড হোপ", "NAME_EL": "Φορτ Γκουντ Χόουπ", "NAME_HI": "फ़ोर्ट गुड होप", "NAME_HU": "Fort Good Hope", "NAME_ID": "Fort Good Hope", "NAME_IT": "Fort Good Hope", "NAME_JA": "フォートグッドホープ", "NAME_KO": "포트 굿 호프", "NAME_NL": "Fort Good Hope", "NAME_PL": "Fort Good Hope", "NAME_SV": "Fort Good Hope", "NAME_TR": "Fort Good Hope", "NAME_VI": "Fort Good Hope", "NE_ID": 1159151051, "NAME_FA": "فورت گود هوپ", "NAME_HE": "פורט גוד הופ", "NAME_UK": "Форт-Гуд-Гоуп", "NAME_UR": "فورٹ گڈ ہوپ", "NAME_ZHT": "德望堡", "GEONAMESID": 5955840, "FCLASS_ISO": null, "FCLASS_US": null, "FCLASS_FR": null, "FCLASS_RU": null, "FCLASS_ES": null, "FCLASS_CN": null, "FCLASS_TW": null, "FCLASS_IN": null, "FCLASS_NP": null, "FCLASS_PK": null, "FCLASS_DE": null, "FCLASS_GB": null, "FCLASS_BR": null, "FCLASS_IL": null, "FCLASS_PS": null, "FCLASS_SA": null, "FCLASS_EG": null, "FCLASS_MA": null, "FCLASS_PT": null, "FCLASS_AR": null, "FCLASS_JP": null, "FCLASS_KO": null, "FCLASS_VN": null, "FCLASS_TR": null, "FCLASS_ID": null, "FCLASS_PL": null, "FCLASS_GR": null, "FCLASS_IT": null, "FCLASS_NL": null, "FCLASS_SE": null, "FCLASS_BD": null, "FCLASS_UA": null, "FCLASS_TLC": null }, "geometry": { "type": "Point", "coordinates": [ -128.6333218, 66.2666128 ] } },
{ "type": "Feature", "properties": { "SCALERANK": 3, "NATSCALE": 110, "LABELRANK": 2, "FEATURECLA": "Admin-1 capital", "NAME": "Whitehorse", "NAMEPAR": null, "NAMEALT": null, "NAMEASCII": "Whitehorse", "ADM0CAP": 0, "CAPIN": null, "WORLDCITY": 0, "MEGACITY": 0, "SOV0NAME": "Canada", "SOV_A3": "CAN", "ADM0NAME": "Canada", "ADM0_A3": "CAN", "ADM1NAME": "Yukon", "ISO_A2": "CA", "NOTE": null, "LATITUDE": 60.716719, "LONGITUDE": -135.049984, "POP_MAX": 23276, "POP_MIN": 23272, "POP_OTHER": 0, "RANK_MAX": 7, "RANK_MIN": 7, "MEGANAME": null, "LS_NAME": "Whitehorse", "MAX_POP10": 0, "MAX_POP20": 13287, "MAX_POP50": 13287, "MAX_POP300": 13287, "MAX_POP310": 0, "MAX_NATSCA": 100, "MIN_AREAKM": 19, "MAX_AREAKM": 19, "MIN_AREAMI": 7, "MAX_AREAMI": 7, "MIN_PERKM": 43, "MAX_PERKM": 43, "MIN_PERMI": 27, "MAX_PERMI": 27, "MIN_BBXMIN": -135.116667, "MAX_BBXMIN": -135.116667, "MIN_BBXMAX": -135.008333, "MAX_BBXMAX": -135.008333, "MIN_BBYMIN": 60.691667, "MAX_BBYMIN": 60.691667, "MIN_BBYMAX": 60.758333, "MAX_BBYMAX": 60.758333, "MEAN_BBXC": -135.070644, "MEAN_BBYC": 60.721212, "TIMEZONE": "America/Whitehorse", "UN_FID": 0, "POP1950": 0, "POP1955": 0, "POP1960": 0, "POP1965": 0, "POP1970": 0, "POP1975": 0, "POP1980": 0, "POP1985": 0, "POP1990": 0, "POP1995": 0, "POP2000": 0, "POP2005": 0, "POP2010": 0, "POP2015": 0, "POP2020": 0, "POP2025": 0, "POP2050": 0, "MIN_ZOOM": 4.0, "WIKIDATAID": "Q2058", "WOF_ID": 101740697, "CAPALT": 0, "NAME_EN": "Whitehorse", "NAME_DE": "Whitehorse", "NAME_ES": "Whitehorse", "NAME_FR": "Whitehorse", "NAME_PT": "Whitehorse", "NAME_RU": "Уайтхорс", "NAME_ZH": "白马", "LABEL": null, "NAME_AR": "وايت هورس", "NAME_BN": "হোয়াইটহর্স", "NAME_EL": "Γουάιτχορς", "NAME_HI": "व्हाइटहॉर्स", "NAME_HU": "Whitehorse", "NAME_ID": "Whitehorse", "NAME_IT": "Whitehorse", "NAME_JA": "ホワイトホース", "NAME_KO": "화이트호스", "NAME_NL": "Whitehorse", "NAME_PL": "Whitehorse", "NAME_SV": "Whitehorse", "NAME_TR": "Whitehorse", "NAME_VI": "Whitehorse", "NE_ID": 1159151053, "NAME_FA": "وایتهورس", "NAME_HE": "וייטהורס", "NAME_UK": "Вайтхорс", "NAME_UR": "وائٹ ہارس", "NAME_ZHT": "白馬市", "GEONAMESID": 6180550, "FCLASS_ISO": null, "FCLASS_US": null, "FCLASS_FR": null, "FCLASS_RU": null, "FCLASS_ES": null, "FCLASS_CN": null, "FCLASS_TW": null, "FCLASS_IN": null, "FCLASS_NP": null, "FCLASS_PK": null, "FCLASS_DE": null, "FCLASS_GB": null, "FCLASS_BR": null, "FCLASS_IL": null, "FCLASS_PS": null, "FCLASS_SA": null, "FCLASS_EG": null, "FCLASS_MA": null, "FCLASS_PT": null, "FCLASS_AR": null, "FCLASS_JP": null, "FCLASS_KO": null, "FCLASS_VN": null, "FCLASS_TR": null, "FCLASS_ID": null, "FCLASS_PL": null, "FCLASS_GR": null, "FCLASS_IT": null, "FCLASS_NL": null, "FCLASS_SE": null, "FCLASS_BD": null, "FCLASS_UA": null, "FCLASS_TLC": null }, "geometry": { "type": "Point", "coordinates": [ -135.0499844, 60.716719 ] } },
{ "type": "Feature", "properties": { "SCALERANK": 3, "NATSCALE": 110, "LABELRANK": 2, "FEATURECLA": "Admin-0 capital", "NAME": "Ottawa", "NAMEPAR": null, "NAMEALT": "Ottawa-Gatineau", "NAMEASCII": "Ottawa", "ADM0CAP": 1, "CAPIN": null, "WORLDCITY": 0, "MEGACITY": 1, "SOV0NAME": "Canada", "SOV_A3": "CAN", "ADM0NAME": "Canada", "ADM0_A3": "CAN", "ADM1NAME": "Ontario", "ISO_A2": "CA", "NOTE": null, "LATITUDE": 45.418643, "LONGITUDE": -75.701961, "POP_MAX": 1145000, "POP_MIN": 812129, "POP_OTHER": 872781, "RANK_MAX": 12, "RANK_MIN": 11, "MEGANAME": "Ottawa-Gatineau", "LS_NAME": "Ottawa", "MAX_POP10": 885780, "MAX_POP20": 885780, "MAX_POP50": 885780, "MAX_POP300": 885780, "MAX_POP310": 0, "MAX_NATSCA": 100, "MIN_AREAKM": 504, "MAX_AREAKM": 504, "MIN_AREAMI": 195, "MAX_AREAMI": 195, "MIN_PERKM": 442, "MAX_PERKM": 442, "MIN_PERMI": 274, "MAX_PERMI": 274, "MIN_BBXMIN": -75.983333, "MAX_BBXMIN": -75.983333, "MIN_BBXMAX": -75.45, "MAX_BBXMAX": -75.45, "MIN_BBYMIN": 45.225, "MAX_BBYMIN": 45.225, "MIN_BBYMAX": 45.55, "MAX_BBYMAX": 45.55, "MEAN_BBXC": -75.717666, "MEAN_BBYC": 45.405246, "TIMEZONE": "America/Montreal", "UN_FID": 13, "POP1950": 282, "POP1955": 342, "POP1960": 415, "POP1965": 482, "POP1970": 581, "POP1975": 676, "POP1980": 729, "POP1985": 803, "POP1990": 918, "POP1995": 988, "POP2000": 1079, "POP2005": 1119, "POP2010": 1145, "POP2015": 1182, "POP2020": 1232, "POP2025": 1274, "POP2050": 1315, "MIN_ZOOM": 3.0, "WIKIDATAID": "Q1930", "WOF_ID": 101735873, "CAPALT": 0, "NAME_EN": "Ottawa", "NAME_DE": "Ottawa", "NAME_ES": "Ottawa", "NAME_FR": "Ottawa", "NAME_PT": "Ottawa", "NAME_RU": "Оттава", "NAME_ZH": "渥太华", "LABEL": null, "NAME_AR": "أوتاوا", "NAME_BN": "অটোয়া", "NAME_EL": "Οττάβα", "NAME_HI": "ओटावा", "NAME_HU": "Ottawa", "NAME_ID": "Ottawa", "NAME_IT": "Ottawa", "NAME_JA": "オタワ", "NAME_KO": "오타와", "NAME_NL": "Ottawa", "NAME_PL": "Ottawa", "NAME_SV": "Ottawa", "NAME_TR": "Ottawa", "NAME_VI": "Ottawa", "NE_ID": 1159151059, "NAME_FA": "اتاوا", "NAME_HE": "אוטווה", "NAME_UK": "Оттава", "NAME_UR": "اوٹاوا", "NAME_ZHT": "渥太華", "GEONAMESID": 6094817, "FCLASS_ISO": null, "FCLASS_US": null, "FCLASS_FR": null, "FCLASS_RU": null, "FCLASS_ES": null, "FCLASS_CN": null, "FCLASS_TW": null, "FCLASS_IN": null, "FCLASS_NP": null, "FCLASS_PK": null, "FCLASS_DE": null, "FCLASS_GB": null, "FCLASS_BR": null, "FCLASS_IL": null, "FCLASS_PS": null, "FCLASS_SA": null, "FCLASS_EG": null, "FCLASS_MA": null, "FCLASS_PT": null, "FCLASS_AR": null, "FCLASS_JP": null, "FCLASS_KO": null, "FCLASS_VN": null, "FCLASS_TR": null, "FCLASS_ID": null, "FCLASS_PL": null, "FCLASS_GR": null, "FCLASS_IT": null, "FCLASS_NL": null, "FCLASS_SE": null, "FCLASS_BD": null, "FCLASS_UA": null, "FCLASS_TLC": null }, "geometry": { "type": "Point", "coordinates": [ -75.7019612, 45.4186427 ] } },
{ "type": "Feature", "properties": { "SCALERANK": 3, "NATSCALE": 110, "LABELRANK": 2, "FEATURECLA": "Populated place", "NAME": "Fort Severn", "NAMEPAR": null, "NAMEALT": null, "NAMEASCII": "Fort Severn", "ADM0CAP": 0, "CAPIN": null, "WORLDCITY": 0, "MEGACITY": 0, "SOV0NAME": "Canada", "SOV_A3": "CAN", "ADM0NAME": "Canada", "ADM0_A3": "CAN", "ADM1NAME": "Ontario", "ISO_A2": "CA", "NOTE": null, "LATITUDE": 55.983339, "LONGITUDE": -87.649984, "POP_MAX": 125, "POP_MIN": 125, "POP_OTHER": 0, "RANK_MAX": 1, "RANK_MIN": 1, "MEGANAME": null, "LS_NAME": "Fort Severn", "MAX_POP10": 125, "MAX_POP20": 125, "MAX_POP50": 125, "MAX_POP300": 125, "MAX_POP310": 0, "MAX_NATSCA": 100, "MIN_AREAKM": 0, "MAX_AREAKM": 0, "MIN_AREAMI": 0, "MAX_AREAMI": 0, "MIN_PERKM": 3, "MAX_PERKM": 3, "MIN_PERMI": 2, "MAX_PERMI": 2, "MIN_BBXMIN": -87.641667, "MAX_BBXMIN": -87.641667, "MIN_BBXMAX": -87.633333, "MAX_BBXMAX": -87.633333, "MIN_BBYMIN": 55.983333, "MAX_BBYMIN": 55.983333, "MIN_BBYMAX": 55.991667, "MAX_BBYMAX": 55.991667, "MEAN_BBXC": -87.6375, "MEAN_BBYC": 55.9875, "TIMEZONE": null, "UN_FID": 0, "POP1950": 0, "POP1955": 0, "POP1960": 0, "POP1965": 0, "POP1970": 0, "POP1975": 0, "POP1980": 0, "POP1985": 0, "POP1990": 0, "POP1995": 0, "POP2000": 0, "POP2005": 0, "POP2010": 0, "POP2015": 0, "POP2020": 0, "POP2025": 0, "POP2050": 0, "MIN_ZOOM": 5.0, "WIKIDATAID": "Q3078079", "WOF_ID": 1141909385, "CAPALT": 0, "NAME_EN": "Fort Severn", "NAME_DE": "Fort Severn", "NAME_ES": "Fort Severn", "NAME_FR": "Fort Severn", "NAME_PT": "Primeira Nação de Fort Severn", "NAME_RU": "Форт-Северн", "NAME_ZH": "塞文堡", "LABEL": null, "NAME_AR": "فورت سيفيرن", "NAME_BN": "ফোর্ট সেভের্ন", "NAME_EL": "Φορτ Σέβερν", "NAME_HI": "फ़ोर्ट सेवर्न", "NAME_HU": "Fort Severn", "NAME_ID": "Fort Severn", "NAME_IT": "Fort Severn", "NAME_JA": "フォートセバーン", "NAME_KO": "포트 세번", "NAME_NL": "Fort Severn", "NAME_PL": "Fort Severn", "NAME_SV": "Fort Severn", "NAME_TR": "Fort Severn", "NAME_VI": "Fort Severn", "NE_ID": 1159151061, "NAME_FA": "فورت سورن", "NAME_HE": "פורט סברן", "NAME_UK": "Форт-Северн", "NAME_UR": "فورٹ سیورن", "NAME_ZHT": "塞文堡", "GEONAMESID": -1, "FCLASS_ISO": null, "FCLASS_US": null, "FCLASS_FR": null, "FCLASS_RU": null, "FCLASS_ES": null, "FCLASS_CN": null, "FCLASS_TW": null, "FCLASS_IN": null, "FCLASS_NP": null, "FCLASS_PK": null, "FCLASS_DE": null, "FCLASS_GB": null, "FCLASS_BR": null, "FCLASS_IL": null, "FCLASS_PS": null, "FCLASS_SA": null, "FCLASS_EG": null, "FCLASS_MA": null, "FCLASS_PT": null, "FCLASS_AR": null, "FCLASS_JP": null, "FCLASS_KO": null, "FCLASS_VN": null, "FCLASS_TR": null, "FCLASS_ID": null, "FCLASS_PL": null, "FCLASS_GR": null, "FCLASS_IT": null, "FCLASS_NL": null, "FCLASS_SE": null, "FCLASS_BD": null, "FCLASS_UA": null, "FCLASS_TLC": null }, "geometry": { "type": "Point", "coordinates": [ -87.6499836, 55.9833386 ] } },
{ "type": "Feature", "properties": { "SCALERANK": 3, "NATSCALE": 110, "LABELRANK": 2, "FEATURECLA": "Populated place", "NAME": "Thunder Bay", "NAMEPAR": null, "NAMEALT": null, "NAMEASCII": "Thunder Bay", "ADM0CAP": 0, "CAPIN": null, "WORLDCITY": 0, "MEGACITY": 0, "SOV0NAME": "Canada", "SOV_A3": "CAN", "ADM0NAME": "Canada", "ADM0_A3": "CAN", "ADM1NAME": "Ontario", "ISO_A2": "CA", "NOTE": null, "LATITUDE": 48.44615, "LONGITUDE": -89.274975, "POP_MAX": 99334, "POP_MIN": 97374, "POP_OTHER": 88822, "RANK_MAX": 8, "RANK_MIN": 8, "MEGANAME": null, "LS_NAME": "Thunder Bay", "MAX_POP10": 97374, "MAX_POP20": 97374, "MAX_POP50": 97374, "MAX_POP300": 97374, "MAX_POP310": 0, "MAX_NATSCA": 100, "MIN_AREAKM": 90, "MAX_AREAKM": 90, "MIN_AREAMI": 35, "MAX_AREAMI": 35, "MIN_PERKM": 91, "MAX_PERKM": 91, "MIN_PERMI": 57, "MAX_PERMI": 57, "MIN_BBXMIN": -89.391667, "MAX_BBXMIN": -89.391667, "MIN_BBXMAX": -89.166667, "MAX_BBXMAX": -89.166667, "MIN_BBYMIN": 48.341667, "MAX_BBYMIN": 48.341667, "MIN_BBYMAX": 48.483333, "MAX_BBYMAX": 48.483333, "MEAN_BBXC": -89.261969, "MEAN_BBYC": 48.408519, "TIMEZONE": "America/Thunder_Bay", "UN_FID": 0, "POP1950": 0, "POP1955": 0, "POP1960": 0, "POP1965": 0, "POP1970": 0, "POP1975": 0, "POP1980": 0, "POP1985": 0, "POP1990": 0, "POP1995": 0, "POP2000": 0, "POP2005": 0, "POP2010": 0, "POP2015": 0, "POP2020": 0, "POP2025": 0, "POP2050": 0, "MIN_ZOOM": 5.0, "WIKIDATAID": "Q34116", "WOF_ID": 101735591, "CAPALT": 0, "NAME_EN": "Thunder Bay", "NAME_DE": "Thunder Bay", "NAME_ES": "Thunder Bay", "NAME_FR": "Thunder Bay", "NAME_PT": "Thunder Bay", "NAME_RU": "Тандер-Бей", "NAME_ZH": "桑德贝", "LABEL": null, "NAME_AR": "ثاندر باي", "NAME_BN": "থান্ডার বে", "NAME_EL": "Θάντερ Μπέι", "NAME_HI": "थंडर बे", "NAME_HU": "Thunder Bay", "NAME_ID": "Thunder Bay", "NAME_IT": "Thunder Bay", "NAME_JA": "サンダーベイ", "NAME_KO": "선더베이", "NAME_NL": "Thunder Bay", "NAME_PL": "Thunder Bay", "NAME_SV": "Thunder Bay", "NAME_TR": "Thunder Bay", "NAME_VI": "Vịnh Thunder", "NE_ID": 1159151063, "NAME_FA": "ثاندر بی", "NAME_HE": "ת'אנדר ביי", "NAME_UK": "Тандер-Бей", "NAME_UR": "تھنڈربے", "NAME_ZHT": "珊德灣", "GEONAMESID": 6166142, "FCLASS_ISO": null, "FCLASS_US": null, "FCLASS_FR": null, "FCLASS_RU": null, "FCLASS_ES": null, "FCLASS_CN": null, "FCLASS_TW": null, "FCLASS_IN": null, "FCLASS_NP": null, "FCLASS_PK": null, "FCLASS_DE": null, "FCLASS_GB": null, "FCLASS_BR": null, "FCLASS_IL": null, "FCLASS_PS": null, "FCLASS_SA": null, "FCLASS_EG": null, "FCLASS_MA": null, "FCLASS_PT": null, "FCLASS_AR": null, "FCLASS_JP": null, "FCLASS_KO": null, "FCLASS_VN": null, "FCLASS_TR": null, "FCLASS_ID": null, "FCLASS_PL": null, "FCLASS_GR": null, "FCLASS_IT": null, "FCLASS_NL": null, "FCLASS_SE": null, "FCLASS_BD": null, "FCLASS_UA": null, "FCLASS_TLC": null }, "geometry": { "type": "Point", "coordinates": [ -89.2749748, 48.4461501 ] } },
{ "type": "Feature", "properties": { "SCALERANK": 3, "NATSCALE": 110, "LABELRANK": 2, "FEATURECLA": "Admin-1 capital", "NAME": "Québec", "NAMEPAR": null, "NAMEALT": null, "NAMEASCII": "Quebec", "ADM0CAP": 0, "CAPIN": null, "WORLDCITY": 0, "MEGACITY": 0, "SOV0NAME": "Canada", "SOV_A3": "CAN", "ADM0NAME": "Canada", "ADM0_A3": "CAN", "ADM1NAME": "Québec", "ISO_A2": "CA", "NOTE": null, "LATITUDE": 46.839969, "LONGITUDE": -71.24561, "POP_MAX": 624177, "POP_MIN": 528595, "POP_OTHER": 514985, "RANK_MAX": 11, "RANK_MIN": 11, "MEGANAME": null, "LS_NAME": "Quebec", "MAX_POP10": 624177, "MAX_POP20": 624177, "MAX_POP50": 624177, "MAX_POP300": 624177, "MAX_POP310": 0, "MAX_NATSCA": 100, "MIN_AREAKM": 385, "MAX_AREAKM": 385, "MIN_AREAMI": 149, "MAX_AREAMI": 149, "MIN_PERKM": 357, "MAX_PERKM": 357, "MIN_PERMI": 222, "MAX_PERMI": 222, "MIN_BBXMIN": -71.466667, "MAX_BBXMIN": -71.466667, "MIN_BBXMAX": -71.091667, "MAX_BBXMAX": -71.091667, "MIN_BBYMIN": 46.658333, "MAX_BBYMIN": 46.658333, "MIN_BBYMAX": 46.941667, "MAX_BBYMAX": 46.941667, "MEAN_BBXC": -71.279753, "MEAN_BBYC": 46.808869, "TIMEZONE": "America/Montreal", "UN_FID": 0, "POP1950": 0, "POP1955": 0, "POP1960": 0, "POP1965": 0, "POP1970": 0, "POP1975": 0, "POP1980": 0, "POP1985": 0, "POP1990": 0, "POP1995": 0, "POP2000": 0, "POP2005": 0, "POP2010": 0, "POP2015": 0, "POP2020": 0, "POP2025": 0, "POP2050": 0, "MIN_ZOOM": 4.0, "WIKIDATAID": "Q2145", "WOF_ID": 101737491, "CAPALT": 0, "NAME_EN": "Quebec City", "NAME_DE": "Québec", "NAME_ES": "Quebec", "NAME_FR": "Québec", "NAME_PT": "Quebec", "NAME_RU": "Квебек", "NAME_ZH": "魁北克", "LABEL": null, "NAME_AR": "مدينة كيبك", "NAME_BN": "কেবেক সিটি", "NAME_EL": "Κεμπέκ", "NAME_HI": "क्यूबेक नगर", "NAME_HU": "Québec", "NAME_ID": "Kota Quebec", "NAME_IT": "Québec", "NAME_JA": "ケベック・シティー", "NAME_KO": "퀘벡", "NAME_NL": "Quebec", "NAME_PL": "Québec", "NAME_SV": "Québec", "NAME_TR": "Québec", "NAME_VI": "Thành phố Québec", "NE_ID": 1159151065, "NAME_FA": "کبک", "NAME_HE": "קוויבק סיטי", "NAME_UK": "Квебек", "NAME_UR": "کیوبک شہر", "NAME_ZHT": "魁北克市", "GEONAMESID": 6325494, "FCLASS_ISO": null, "FCLASS_US": null, "FCLASS_FR": null, "FCLASS_RU": null, "FCLASS_ES": null, "FCLASS_CN": null, "FCLASS_TW": null, "FCLASS_IN": null, "FCLASS_NP": null, "FCLASS_PK": null, "FCLASS_DE": null, "FCLASS_GB": null, "FCLASS_BR": null, "FCLASS_IL": null, "FCLASS_PS": null, "FCLASS_SA": null, "FCLASS_EG": null, "FCLASS_MA": null, "FCLASS_PT": null, "FCLASS_AR": null, "FCLASS_JP": null, "FCLASS_KO": null, "FCLASS_VN": null, "FCLASS_TR": null, "FCLASS_ID": null, "FCLASS_PL": null, "FCLASS_GR": null, "FCLASS_IT": null, "FCLASS_NL": null, "FCLASS_SE": null, "FCLASS_BD": null, "FCLASS_UA": null, "FCLASS_TLC": null }, "geometry": { "type": "Point", "coordinates": [ -71.2456102, 46.8399691 ] } },
{ "type": "Feature", "properties": { "SCALERANK": 3, "NATSCALE": 110, "LABELRANK": 2, "FEATURECLA": "Admin-1 capital", "NAME": "Halifax", "NAMEPAR": null, "NAMEALT": null, "NAMEASCII": "Halifax", "ADM0CAP": 0, "CAPIN": null, "WORLDCITY": 0, "MEGACITY": 0, "SOV0NAME": "Canada", "SOV_A3": "CAN", "ADM0NAME": "Canada", "ADM0_A3": "CAN", "ADM1NAME": "Nova Scotia", "ISO_A2": "CA", "NOTE": null, "LATITUDE": 44.650025, "LONGITUDE": -63.600005, "POP_MAX": 359111, "POP_MIN": 222874, "POP_OTHER": 0, "RANK_MAX": 10, "RANK_MIN": 10, "MEGANAME": null, "LS_NAME": "Halifax", "MAX_POP10": 222874, "MAX_POP20": 222874, "MAX_POP50": 223994, "MAX_POP300": 222874, "MAX_POP310": 0, "MAX_NATSCA": 100, "MIN_AREAKM": 139, "MAX_AREAKM": 142, "MIN_AREAMI": 54, "MAX_AREAMI": 55, "MIN_PERKM": 146, "MAX_PERKM": 152, "MIN_PERMI": 90, "MAX_PERMI": 95, "MIN_BBXMIN": -63.716667, "MAX_BBXMIN": -63.716667, "MIN_BBXMAX": -63.45, "MAX_BBXMAX": -63.45, "MIN_BBYMIN": 44.558333, "MAX_BBYMIN": 44.558333, "MIN_BBYMAX": 44.75, "MAX_BBYMAX": 44.75, "MEAN_BBXC": -63.585456, "MEAN_BBYC": 44.667386, "TIMEZONE": "America/Halifax", "UN_FID": 0, "POP1950": 0, "POP1955": 0, "POP1960": 0, "POP1965": 0, "POP1970": 0, "POP1975": 0, "POP1980": 0, "POP1985": 0, "POP1990": 0, "POP1995": 0, "POP2000": 0, "POP2005": 0, "POP2010": 0, "POP2015": 0, "POP2020": 0, "POP2025": 0, "POP2050": 0, "MIN_ZOOM": 4.0, "WIKIDATAID": "Q2141", "WOF_ID": 890456547, "CAPALT": 0, "NAME_EN": "Halifax", "NAME_DE": "Halifax", "NAME_ES": "Halifax", "NAME_FR": "Halifax", "NAME_PT": "Halifax", "NAME_RU": "Галифакс", "NAME_ZH": "哈利法克斯", "LABEL": null, "NAME_AR": "هاليفاكس", "NAME_BN": "হ্যালিফ্যাক্স", "NAME_EL": "Χάλιφαξ", "NAME_HI": "हालीफैक्स", "NAME_HU": "Halifax", "NAME_ID": "Halifax", "NAME_IT": "Halifax", "NAME_JA": "ハリファックス", "NAME_KO": "핼리팩스", "NAME_NL": "Halifax", "NAME_PL": "Halifax", "NAME_SV": "Halifax", "NAME_TR": "Halifax", "NAME_VI": "Halifax", "NE_ID": 1159151069, "NAME_FA": "هالیفاکس", "NAME_HE": "הליפקס", "NAME_UK": "Галіфакс", "NAME_UR": "ہیلی فیکس", "NAME_ZHT": "哈利法克斯", "GEONAMESID": 6324729, "FCLASS_ISO": null, "FCLASS_US": null, "FCLASS_FR": null, "FCLASS_RU": null, "FCLASS_ES": null, "FCLASS_CN": null, "FCLASS_TW": null, "FCLASS_IN": null, "FCLASS_NP": null, "FCLASS_PK": null, "FCLASS_DE": null, "FCLASS_GB": null, "FCLASS_BR": null, "FCLASS_IL": null, "FCLASS_PS": null, "FCLASS_SA": null, "FCLASS_EG": null, "FCLASS_MA": null, "FCLASS_PT": null, "FCLASS_AR": null, "FCLASS_JP": null, "FCLASS_KO": null, "FCLASS_VN": null, "FCLASS_TR": null, "FCLASS_ID": null, "FCLASS_PL": null, "FCLASS_GR": null, "FCLASS_IT": null, "FCLASS_NL": null, "FCLASS_SE": null, "FCLASS_BD": null, "FCLASS_UA": null, "FCLASS_TLC": null }, "geometry": { "type": "Point", "coordinates": [ -63.6000045, 44.6500252 ] } },
{ "type": "Feature", "properties": { "SCALERANK": 3, "NATSCALE": 110, "LABELRANK": 2, "FEATURECLA": "Admin-1 capital", "NAME": "St. John's", "NAMEPAR": null, "NAMEALT": "Saint John's", "NAMEASCII": "St. John's", "ADM0CAP": 0, "CAPIN": null, "WORLDCITY": 0, "MEGACITY": 0, "SOV0NAME": "Canada", "SOV_A3": "CAN", "ADM0NAME": "Canada", "ADM0_A3": "CAN", "ADM1NAME": "Newfoundland and Labrador", "ISO_A2": "CA", "NOTE": null, "LATITUDE": 47.584988, "LONGITUDE": -52.681007, "POP_MAX": 131469, "POP_MIN": 99182, "POP_OTHER": 0, "RANK_MAX": 9, "RANK_MIN": 8, "MEGANAME": null, "LS_NAME": "St. John ۪s", "MAX_POP10": 131469, "MAX_POP20": 131469, "MAX_POP50": 131469, "MAX_POP300": 131469, "MAX_POP310": 0, "MAX_NATSCA": 100, "MIN_AREAKM": 102, "MAX_AREAKM": 102, "MIN_AREAMI": 39, "MAX_AREAMI": 39, "MIN_PERKM": 118, "MAX_PERKM": 118, "MIN_PERMI": 73, "MAX_PERMI": 73, "MIN_BBXMIN": -52.9, "MAX_BBXMIN": -52.9, "MIN_BBXMAX": -52.65, "MAX_BBXMAX": -52.65, "MIN_BBYMIN": 47.491667, "MAX_BBYMIN": 47.491667, "MIN_BBYMAX": 47.633333, "MAX_BBYMAX": 47.633333, "MEAN_BBXC": -52.76169, "MEAN_BBYC": 47.558024, "TIMEZONE": "America/St_Johns", "UN_FID": 0, "POP1950": 0, "POP1955": 0, "POP1960": 0, "POP1965": 0, "POP1970": 0, "POP1975": 0, "POP1980": 0, "POP1985": 0, "POP1990": 0, "POP1995": 0, "POP2000": 0, "POP2005": 0, "POP2010": 0, "POP2015": 0, "POP2020": 0, "POP2025": 0, "POP2050": 0, "MIN_ZOOM": 4.0, "WIKIDATAID": "Q2082", "WOF_ID": 890456615, "CAPALT": 0, "NAME_EN": "St. John's", "NAME_DE": "St. John’s", "NAME_ES": "San Juan de Terranova", "NAME_FR": "Saint-Jean de Terre-Neuve", "NAME_PT": "St. John's", "NAME_RU": "Сент-Джонс", "NAME_ZH": "圣约翰斯", "LABEL": null, "NAME_AR": "سانت جونز", "NAME_BN": "সেন্টজোন্স", "NAME_EL": "Άγιος Ιωάννης Νέας Γης", "NAME_HI": "सेंट जॉन्स", "NAME_HU": "St. John’s", "NAME_ID": "St. John's", "NAME_IT": "Saint John's", "NAME_JA": "セイント・ジョンズ", "NAME_KO": "세인트존스", "NAME_NL": "St. John's", "NAME_PL": "St. John's", "NAME_SV": "St. John's", "NAME_TR": "St. John's", "NAME_VI": "St. John's", "NE_ID": 1159151071, "NAME_FA": "سنت جونز", "NAME_HE": "סנט ג'ונס", "NAME_UK": "Сент-Джонс", "NAME_UR": "سینٹ جانز", "NAME_ZHT": "聖約翰", "GEONAMESID": 6324733, "FCLASS_ISO": null, "FCLASS_US": null, "FCLASS_FR": null, "FCLASS_RU": null, "FCLASS_ES": null, "FCLASS_CN": null, "FCLASS_TW": null, "FCLASS_IN": null, "FCLASS_NP": null, "FCLASS_PK": null, "FCLASS_DE": null, "FCLASS_GB": null, "FCLASS_BR": null, "FCLASS_IL": null, "FCLASS_PS": null, "FCLASS_SA": null, "FCLASS_EG": null, "FCLASS_MA": null, "FCLASS_PT": null, "FCLASS_AR": null, "FCLASS_JP": null, "FCLASS_KO": null, "FCLASS_VN": null, "FCLASS_TR": null, "FCLASS_ID": null, "FCLASS_PL": null, "FCLASS_GR": null, "FCLASS_IT": null, "FCLASS_NL": null, "FCLASS_SE": null, "FCLASS_BD": null, "FCLASS_UA": null, "FCLASS_TLC": null }, "geometry": { "type": "Point", "coordinates": [ -52.6810069, 47.5849882 ] } },
{ "type": "Feature", "properties": { "SCALERANK": 3, "NATSCALE": 110, "LABELRANK": 2, "FEATURECLA": "Populated place", "NAME": "Nain", "NAMEPAR": null, "NAMEALT": null, "NAMEASCII": "Nain", "ADM0CAP": 0, "CAPIN": null, "WORLDCITY": 0, "MEGACITY": 0, "SOV0NAME": "Canada", "SOV_A3": "CAN", "ADM0NAME": "Canada", "ADM0_A3": "CAN", "ADM1NAME": "Newfoundland and Labrador", "ISO_A2": "CA", "NOTE": null, "LATITUDE": 56.547352, "LONGITUDE": -61.686045, "POP_MAX": 1151, "POP_MIN": 1151, "POP_OTHER": 0, "RANK_MAX": 3, "RANK_MIN": 3, "MEGANAME": null, "LS_NAME": "Nain", "MAX_POP10": 1151, "MAX_POP20": 1151, "MAX_POP50": 1151, "MAX_POP300": 1151, "MAX_POP310": 0, "MAX_NATSCA": 100, "MIN_AREAKM": 1, "MAX_AREAKM": 1, "MIN_AREAMI": 1, "MAX_AREAMI": 1, "MIN_PERKM": 6, "MAX_PERKM": 6, "MIN_PERMI": 4, "MAX_PERMI": 4, "MIN_BBXMIN": -61.7, "MAX_BBXMIN": -61.7, "MIN_BBXMAX": -61.683333, "MAX_BBXMAX": -61.683333, "MIN_BBYMIN": 56.533333, "MAX_BBYMIN": 56.533333, "MIN_BBYMAX": 56.55, "MAX_BBYMAX": 56.55, "MEAN_BBXC": -61.693056, "MEAN_BBYC": 56.543056, "TIMEZONE": null, "UN_FID": 0, "POP1950": 0, "POP1955": 0, "POP1960": 0, "POP1965": 0, "POP1970": 0, "POP1975": 0, "POP1980": 0, "POP1985": 0, "POP1990": 0, "POP1995": 0, "POP2000": 0, "POP2005": 0, "POP2010": 0, "POP2015": 0, "POP2020": 0, "POP2025": 0, "POP2050": 0, "MIN_ZOOM": 5.0, "WIKIDATAID": "Q3335210", "WOF_ID": 1141909387, "CAPALT": 0, "NAME_EN": "Nain", "NAME_DE": "Nain", "NAME_ES": "Nain", "NAME_FR": "Nain", "NAME_PT": "Nain", "NAME_RU": "Нейн", "NAME_ZH": "奈恩", "LABEL": null, "NAME_AR": "ناين", "NAME_BN": "নাইন", "NAME_EL": "Νέιν", "NAME_HI": "नैन", "NAME_HU": "Nain", "NAME_ID": "Nain", "NAME_IT": "Nain", "NAME_JA": "ネーン", "NAME_KO": "나인", "NAME_NL": "Nain", "NAME_PL": "Nain", "NAME_SV": "Nain", "NAME_TR": "Nain", "NAME_VI": "Nain", "NE_ID": 1159151073, "NAME_FA": "نایین", "NAME_HE": "נאין", "NAME_UK": "Найн", "NAME_UR": "نین", "NAME_ZHT": "奈恩", "GEONAMESID": 6943610, "FCLASS_ISO": null, "FCLASS_US": null, "FCLASS_FR": null, "FCLASS_RU": null, "FCLASS_ES": null, "FCLASS_CN": null, "FCLASS_TW": null, "FCLASS_IN": null, "FCLASS_NP": null, "FCLASS_PK": null, "FCLASS_DE": null, "FCLASS_GB": null, "FCLASS_BR": null, "FCLASS_IL": null, "FCLASS_PS": null, "FCLASS_SA": null, "FCLASS_EG": null, "FCLASS_MA": null, "FCLASS_PT": null, "FCLASS_AR": null, "FCLASS_JP": null, "FCLASS_KO": null, "FCLASS_VN": null, "FCLASS_TR": null, "FCLASS_ID": null, "FCLASS_PL": null, "FCLASS_GR": null, "FCLASS_IT": null, "FCLASS_NL": null, "FCLASS_SE": null, "FCLASS_BD": null, "FCLASS_UA": null, "FCLASS_TLC": null }, "geometry": { "type": "Point", "coordinates": [ -61.6860454, 56.5473515 ] } },
{ "type": "Feature", "properties": { "SCALERANK": 3, "NATSCALE": 110, "LABELRANK": 2, "FEATURECLA": "Admin-1 capital", "NAME": "Charlottetown", "NAMEPAR": null, "NAMEALT": null, "NAMEASCII": "Charlottetown", "ADM0CAP": 0, "CAPIN": null, "WORLDCITY": 0, "MEGACITY": 0, "SOV0NAME": "Canada", "SOV_A3": "CAN", "ADM0NAME": "Canada", "ADM0_A3": "CAN", "ADM1NAME": "Prince Edward Island", "ISO_A2": "CA", "NOTE": null, "LATITUDE": 46.249282, "LONGITUDE": -63.131325, "POP_MAX": 42402, "POP_MIN": 31293, "POP_OTHER": 29876, "RANK_MAX": 7, "RANK_MIN": 7, "MEGANAME": null, "LS_NAME": "Charlottetown", "MAX_POP10": 31293, "MAX_POP20": 31293, "MAX_POP50": 31293, "MAX_POP300": 31293, "MAX_POP310": 0, "MAX_NATSCA": 100, "MIN_AREAKM": 33, "MAX_AREAKM": 33, "MIN_AREAMI": 13, "MAX_AREAMI": 13, "MIN_PERKM": 45, "MAX_PERKM": 45, "MIN_PERMI": 28, "MAX_PERMI": 28, "MIN_BBXMIN": -63.191667, "MAX_BBXMIN": -63.191667, "MIN_BBXMAX": -63.083333, "MAX_BBXMAX": -63.083333, "MIN_BBYMIN": 46.225, "MAX_BBYMIN": 46.225, "MIN_BBYMAX": 46.3, "MAX_BBYMAX": 46.3, "MEAN_BBXC": -63.135227, "MEAN_BBYC": 46.2625, "TIMEZONE": "America/Moncton", "UN_FID": 0, "POP1950": 0, "POP1955": 0, "POP1960": 0, "POP1965": 0, "POP1970": 0, "POP1975": 0, "POP1980": 0, "POP1985": 0, "POP1990": 0, "POP1995": 0, "POP2000": 0, "POP2005": 0, "POP2010": 0, "POP2015": 0, "POP2020": 0, "POP2025": 0, "POP2050": 0, "MIN_ZOOM": 5.0, "WIKIDATAID": "Q2127", "WOF_ID": 1141909391, "CAPALT": 0, "NAME_EN": "Charlottetown", "NAME_DE": "Charlottetown", "NAME_ES": "Charlottetown", "NAME_FR": "Charlottetown", "NAME_PT": "Charlottetown", "NAME_RU": "Шарлоттаун", "NAME_ZH": "夏洛特顿", "LABEL": null, "NAME_AR": "شارلوت تاون", "NAME_BN": "শার্লটটাউন", "NAME_EL": "Σαρλοττάουν", "NAME_HI": "शार्लेटटाउन", "NAME_HU": "Charlottetown", "NAME_ID": "Charlottetown", "NAME_IT": "Charlottetown", "NAME_JA": "シャーロットタウン", "NAME_KO": "샬럿타운", "NAME_NL": "Charlottetown", "NAME_PL": "Charlottetown", "NAME_SV": "Charlottetown", "NAME_TR": "Charlottetown", "NAME_VI": "Charlottetown", "NE_ID": 1159151075, "NAME_FA": "شارلوتتاون", "NAME_HE": "שרלוטטאון", "NAME_UK": "Шарлоттаун", "NAME_UR": "شارلٹٹاؤن", "NAME_ZHT": "夏洛特顿", "GEONAMESID": 5920288, "FCLASS_ISO": null, "FCLASS_US": null, "FCLASS_FR": null, "FCLASS_RU": null, "FCLASS_ES": null, "FCLASS_CN": null, "FCLASS_TW": null, "FCLASS_IN": null, "FCLASS_NP": null, "FCLASS_PK": null, "FCLASS_DE": null, "FCLASS_GB": null, "FCLASS_BR": null, "FCLASS_IL": null, "FCLASS_PS": null, "FCLASS_SA": null, "FCLASS_EG": null, "FCLASS_MA": null, "FCLASS_PT": null, "FCLASS_AR": null, "FCLASS_JP": null, "FCLASS_KO": null, "FCLASS_VN": null, "FCLASS_TR": null, "FCLASS_ID": null, "FCLASS_PL": null, "FCLASS_GR": null, "FCLASS_IT": null, "FCLASS_NL": null, "FCLASS_SE": null, "FCLASS_BD": null, "FCLASS_UA": null, "FCLASS_TLC": null }, "geometry": { "type": "Point", "coordinates": [ -63.1313251, 46.2492816 ] } },
{ "type": "Feature", "properties": { "SCALERANK": 2, "NATSCALE": 200, "LABELRANK": 2, "FEATURECLA": "Admin-1 capital", "NAME": "Edmonton", "NAMEPAR": null, "NAMEALT": null, "NAMEASCII": "Edmonton", "ADM0CAP": 0, "CAPIN": null, "WORLDCITY": 0, "MEGACITY": 1, "SOV0NAME": "Canada", "SOV_A3": "CAN", "ADM0NAME": "Canada", "ADM0_A3": "CAN", "ADM1NAME": "Alberta", "ISO_A2": "CA", "NOTE": null, "LATITUDE": 53.551971, "LONGITUDE": -113.501928, "POP_MAX": 1058000, "POP_MIN": 712391, "POP_OTHER": 0, "RANK_MAX": 12, "RANK_MIN": 11, "MEGANAME": "Edmonton", "LS_NAME": "Edmonton", "MAX_POP10": 719206, "MAX_POP20": 719206, "MAX_POP50": 719206, "MAX_POP300": 719206, "MAX_POP310": 0, "MAX_NATSCA": 100, "MIN_AREAKM": 356, "MAX_AREAKM": 356, "MIN_AREAMI": 137, "MAX_AREAMI": 137, "MIN_PERKM": 208, "MAX_PERKM": 208, "MIN_PERMI": 129, "MAX_PERMI": 129, "MIN_BBXMIN": -113.675, "MAX_BBXMIN": -113.675, "MIN_BBXMAX": -113.316667, "MAX_BBXMAX": -113.316667, "MIN_BBYMIN": 53.433333, "MAX_BBYMIN": 53.433333, "MIN_BBYMAX": 53.666667, "MAX_BBYMAX": 53.666667, "MEAN_BBXC": -113.504455, "MEAN_BBYC": 53.543528, "TIMEZONE": "America/Edmonton", "UN_FID": 11, "POP1950": 163, "POP1955": 228, "POP1960": 318, "POP1965": 389, "POP1970": 477, "POP1975": 543, "POP1980": 623, "POP1985": 756, "POP1990": 831, "POP1995": 859, "POP2000": 924, "POP2005": 1017, "POP2010": 1058, "POP2015": 1112, "POP2020": 1174, "POP2025": 1217, "POP2050": 1256, "MIN_ZOOM": 4.0, "WIKIDATAID": "Q2096", "WOF_ID": 890458485, "CAPALT": 0, "NAME_EN": "Edmonton", "NAME_DE": "Edmonton", "NAME_ES": "Edmonton", "NAME_FR": "Edmonton", "NAME_PT": "Edmonton", "NAME_RU": "Эдмонтон", "NAME_ZH": "埃德蒙顿", "LABEL": null, "NAME_AR": "إدمونتون", "NAME_BN": "এডমন্টন", "NAME_EL": "Έντμοντον", "NAME_HI": "एडमंटन", "NAME_HU": "Edmonton", "NAME_ID": "Edmonton", "NAME_IT": "Edmonton", "NAME_JA": "エドモントン", "NAME_KO": "에드먼턴", "NAME_NL": "Edmonton", "NAME_PL": "Edmonton", "NAME_SV": "Edmonton", "NAME_TR": "Edmonton", "NAME_VI": "Edmonton", "NE_ID": 1159151455, "NAME_FA": "ادمونتون", "NAME_HE": "אדמונטון", "NAME_UK": "Едмонтон", "NAME_UR": "ایڈمنٹن", "NAME_ZHT": "艾德蒙頓", "GEONAMESID": 5946768, "FCLASS_ISO": null, "FCLASS_US": null, "FCLASS_FR": null, "FCLASS_RU": null, "FCLASS_ES": null, "FCLASS_CN": null, "FCLASS_TW": null, "FCLASS_IN": null, "FCLASS_NP": null, "FCLASS_PK": null, "FCLASS_DE": null, "FCLASS_GB": null, "FCLASS_BR": null, "FCLASS_IL": null, "FCLASS_PS": null, "FCLASS_SA": null, "FCLASS_EG": null, "FCLASS_MA": null, "FCLASS_PT": null, "FCLASS_AR": null, "FCLASS_JP": null, "FCLASS_KO": null, "FCLASS_VN": null, "FCLASS_TR": null, "FCLASS_ID": null, "FCLASS_PL": null, "FCLASS_GR": null, "FCLASS_IT": null, "FCLASS_NL": null, "FCLASS_SE": null, "FCLASS_BD": null, "FCLASS_UA": null, "FCLASS_TLC": null }, "geometry": { "type": "Point", "coordinates": [ -113.5019278, 53.5519705 ] } },
{ "type": "Feature", "properties": { "SCALERANK": 2, "NATSCALE": 200, "LABELRANK": 2, "FEATURECLA": "Populated place", "NAME": "Montréal", "NAMEPAR": null, "NAMEALT": "Montreal", "NAMEASCII": "Montreal", "ADM0CAP": 0, "CAPIN": null, "WORLDCITY": 0, "MEGACITY": 1, "SOV0NAME": "Canada", "SOV_A3": "CAN", "ADM0NAME": "Canada", "ADM0_A3": "CAN", "ADM1NAME": "Québec", "ISO_A2": "CA", "NOTE": null, "LATITUDE": 45.501945, "LONGITUDE": -73.585243, "POP_MAX": 3678000, "POP_MIN": 2356556, "POP_OTHER": 2314616, "RANK_MAX": 12, "RANK_MIN": 12, "MEGANAME": "Montreal", "LS_NAME": "Montreal", "MAX_POP10": 2356556, "MAX_POP20": 2672190, "MAX_POP50": 2672190, "MAX_POP300": 2672190, "MAX_POP310": 0, "MAX_NATSCA": 100, "MIN_AREAKM": 756, "MAX_AREAKM": 1041, "MIN_AREAMI": 292, "MAX_AREAMI": 402, "MIN_PERKM": 412, "MAX_PERKM": 733, "MIN_PERMI": 256, "MAX_PERMI": 456, "MIN_BBXMIN": -74.075, "MAX_BBXMIN": -73.940974, "MIN_BBXMAX": -73.425, "MAX_BBXMAX": -73.4, "MIN_BBYMIN": 45.35, "MAX_BBYMIN": 45.4, "MIN_BBYMAX": 45.791667, "MAX_BBYMAX": 45.858333, "MEAN_BBXC": -73.70253, "MEAN_BBYC": 45.573019, "TIMEZONE": "America/Montreal", "UN_FID": 12, "POP1950": 1343, "POP1955": 1652, "POP1960": 2031, "POP1965": 2373, "POP1970": 2684, "POP1975": 2791, "POP1980": 2824, "POP1985": 2904, "POP1990": 3154, "POP1995": 3305, "POP2000": 3471, "POP2005": 3603, "POP2010": 3678, "POP2015": 3781, "POP2020": 3912, "POP2025": 4014, "POP2050": 4108, "MIN_ZOOM": 4.0, "WIKIDATAID": "Q340", "WOF_ID": 101736545, "CAPALT": 0, "NAME_EN": "Montreal", "NAME_DE": "Montreal", "NAME_ES": "Montreal", "NAME_FR": "Montréal", "NAME_PT": "Montreal", "NAME_RU": "Монреаль", "NAME_ZH": "蒙特利尔", "LABEL": null, "NAME_AR": "مونتريال", "NAME_BN": "মন্ট্রিয়ল", "NAME_EL": "Μόντρεαλ", "NAME_HI": "मॉन्ट्रियल", "NAME_HU": "Montréal", "NAME_ID": "Montreal", "NAME_IT": "Montréal", "NAME_JA": "モントリオール", "NAME_KO": "몬트리올", "NAME_NL": "Montreal", "NAME_PL": "Montreal", "NAME_SV": "Montréal", "NAME_TR": "Montreal", "NAME_VI": "Montréal", "NE_ID": 1159151457, "NAME_FA": "مونترآل", "NAME_HE": "מונטריאול", "NAME_UK": "Монреаль", "NAME_UR": "مانٹریال", "NAME_ZHT": "蒙特利爾", "GEONAMESID": 6077243, "FCLASS_ISO": null, "FCLASS_US": null, "FCLASS_FR": null, "FCLASS_RU": null, "FCLASS_ES": null, "FCLASS_CN": null, "FCLASS_TW": null, "FCLASS_IN": null, "FCLASS_NP": null, "FCLASS_PK": null, "FCLASS_DE": null, "FCLASS_GB": null, "FCLASS_BR": null, "FCLASS_IL": null, "FCLASS_PS": null, "FCLASS_SA": null, "FCLASS_EG": null, "FCLASS_MA": null, "FCLASS_PT": null, "FCLASS_AR": null, "FCLASS_JP": null, "FCLASS_KO": null, "FCLASS_VN": null, "FCLASS_TR": null, "FCLASS_ID": null, "FCLASS_PL": null, "FCLASS_GR": null, "FCLASS_IT": null, "FCLASS_NL": null, "FCLASS_SE": null, "FCLASS_BD": null, "FCLASS_UA": null, "FCLASS_TLC": null }, "geometry": { "type": "Point", "coordinates": [ -73.5852428, 45.5019451 ] } },
{ "type": "Feature", "properties": { "SCALERANK": 1, "NATSCALE": 300, "LABELRANK": 2, "FEATURECLA": "Populated place", "NAME": "Vancouver", "NAMEPAR": null, "NAMEALT": null, "NAMEASCII": "Vancouver", "ADM0CAP": 0, "CAPIN": null, "WORLDCITY": 0, "MEGACITY": 1, "SOV0NAME": "Canada", "SOV_A3": "CAN", "ADM0NAME": "Canada", "ADM0_A3": "CAN", "ADM1NAME": "British Columbia", "ISO_A2": "CA", "NOTE": null, "LATITUDE": 49.275362, "LONGITUDE": -123.12359, "POP_MAX": 2313328, "POP_MIN": 603502, "POP_OTHER": 482002, "RANK_MAX": 12, "RANK_MIN": 11, "MEGANAME": "Vancouver", "LS_NAME": "Vancouver2", "MAX_POP10": 1590116, "MAX_POP20": 1588839, "MAX_POP50": 1590116, "MAX_POP300": 1590116, "MAX_POP310": 0, "MAX_NATSCA": 100, "MIN_AREAKM": 706, "MAX_AREAKM": 708, "MIN_AREAMI": 273, "MAX_AREAMI": 273, "MIN_PERKM": 398, "MAX_PERKM": 405, "MIN_PERMI": 248, "MAX_PERMI": 251, "MIN_BBXMIN": -123.283333, "MAX_BBXMIN": -123.283333, "MIN_BBXMAX": -122.708333, "MAX_BBXMAX": -122.708333, "MIN_BBYMIN": 49.1, "MAX_BBYMIN": 49.1, "MIN_BBYMAX": 49.383333, "MAX_BBYMAX": 49.383333, "MEAN_BBXC": -122.982768, "MEAN_BBYC": 49.228888, "TIMEZONE": "America/Vancouver", "UN_FID": 15, "POP1950": 556, "POP1955": 588, "POP1960": 620, "POP1965": 836, "POP1970": 1045, "POP1975": 1150, "POP1980": 1247, "POP1985": 1359, "POP1990": 1559, "POP1995": 1789, "POP2000": 1959, "POP2005": 2093, "POP2010": 2146, "POP2015": 2219, "POP2020": 2310, "POP2025": 2380, "POP2050": 2444, "MIN_ZOOM": 2.1, "WIKIDATAID": "Q24639", "WOF_ID": 101741075, "CAPALT": 0, "NAME_EN": "Vancouver", "NAME_DE": "Vancouver", "NAME_ES": "Vancouver", "NAME_FR": "Vancouver", "NAME_PT": "Vancouver", "NAME_RU": "Ванкувер", "NAME_ZH": "温哥华", "LABEL": null, "NAME_AR": "فانكوفر", "NAME_BN": "ভ্যানকুভার", "NAME_EL": "Βανκούβερ", "NAME_HI": "वैंकूवर", "NAME_HU": "Vancouver", "NAME_ID": "Vancouver", "NAME_IT": "Vancouver", "NAME_JA": "バンクーバー", "NAME_KO": "밴쿠버", "NAME_NL": "Vancouver", "NAME_PL": "Vancouver", "NAME_SV": "Vancouver", "NAME_TR": "Vancouver", "NAME_VI": "Vancouver", "NE_ID": 1159151555, "NAME_FA": "ونکوور", "NAME_HE": "ונקובר", "NAME_UK": "Ванкувер", "NAME_UR": "وینکوور", "NAME_ZHT": "溫哥華", "GEONAMESID": 6173331, "FCLASS_ISO": null, "FCLASS_US": null, "FCLASS_FR": null, "FCLASS_RU": null, "FCLASS_ES": null, "FCLASS_CN": null, "FCLASS_TW": null, "FCLASS_IN": null, "FCLASS_NP": null, "FCLASS_PK": null, "FCLASS_DE": null, "FCLASS_GB": null, "FCLASS_BR": null, "FCLASS_IL": null, "FCLASS_PS": null, "FCLASS_SA": null, "FCLASS_EG": null, "FCLASS_MA": null, "FCLASS_PT": null, "FCLASS_AR": null, "FCLASS_JP": null, "FCLASS_KO": null, "FCLASS_VN": null, "FCLASS_TR": null, "FCLASS_ID": null, "FCLASS_PL": null, "FCLASS_GR": null, "FCLASS_IT": null, "FCLASS_NL": null, "FCLASS_SE": null, "FCLASS_BD": null, "FCLASS_UA": null, "FCLASS_TLC": null }, "geometry": { "type": "Point", "coordinates": [ -123.1235901, 49.2753624 ] } },
{ "type": "Feature", "properties": { "SCALERANK": 1, "NATSCALE": 300, "LABELRANK": 2, "FEATURECLA": "Admin-1 capital", "NAME": "Toronto", "NAMEPAR": null, "NAMEALT": null, "NAMEASCII": "Toronto", "ADM0CAP": 0, "CAPIN": null, "WORLDCITY": 1, "MEGACITY": 1, "SOV0NAME": "Canada", "SOV_A3": "CAN", "ADM0NAME": "Canada", "ADM0_A3": "CAN", "ADM1NAME": "Ontario", "ISO_A2": "CA", "NOTE": null, "LATITUDE": 43.701926, "LONGITUDE": -79.421967, "POP_MAX": 5213000, "POP_MIN": 3934421, "POP_OTHER": 3749229, "RANK_MAX": 13, "RANK_MIN": 12, "MEGANAME": "Toronto", "LS_NAME": "Toronto", "MAX_POP10": 3934421, "MAX_POP20": 4377344, "MAX_POP50": 5190755, "MAX_POP300": 5190755, "MAX_POP310": 5190755, "MAX_NATSCA": 300, "MIN_AREAKM": 1432, "MAX_AREAKM": 2286, "MIN_AREAMI": 553, "MAX_AREAMI": 883, "MIN_PERKM": 464, "MAX_PERKM": 1161, "MIN_PERMI": 289, "MAX_PERMI": 721, "MIN_BBXMIN": -80.008333, "MAX_BBXMIN": -79.806554, "MIN_BBXMAX": -79.130272, "MAX_BBXMAX": -78.608333, "MIN_BBYMIN": 43.141667, "MAX_BBYMIN": 43.475, "MIN_BBYMAX": 44.090162, "MAX_BBYMAX": 44.125, "MEAN_BBXC": -79.464213, "MEAN_BBYC": 43.712937, "TIMEZONE": "America/Toronto", "UN_FID": 14, "POP1950": 1068, "POP1955": 1365, "POP1960": 1744, "POP1965": 2093, "POP1970": 2535, "POP1975": 2770, "POP1980": 3008, "POP1985": 3355, "POP1990": 3807, "POP1995": 4197, "POP2000": 4607, "POP2005": 5035, "POP2010": 5213, "POP2015": 5447, "POP2020": 5687, "POP2025": 5827, "POP2050": 5946, "MIN_ZOOM": 2.1, "WIKIDATAID": "Q172", "WOF_ID": 101735835, "CAPALT": 0, "NAME_EN": "Toronto", "NAME_DE": "Toronto", "NAME_ES": "Toronto", "NAME_FR": "Toronto", "NAME_PT": "Toronto", "NAME_RU": "Торонто", "NAME_ZH": "多伦多", "LABEL": null, "NAME_AR": "تورونتو", "NAME_BN": "টরন্টো", "NAME_EL": "Τορόντο", "NAME_HI": "टोरण्टो", "NAME_HU": "Toronto", "NAME_ID": "Toronto", "NAME_IT": "Toronto", "NAME_JA": "トロント", "NAME_KO": "토론토", "NAME_NL": "Toronto", "NAME_PL": "Toronto", "NAME_SV": "Toronto", "NAME_TR": "Toronto", "NAME_VI": "Toronto", "NE_ID": 1159151557, "NAME_FA": "تورنتو", "NAME_HE": "טורונטו", "NAME_UK": "Торонто", "NAME_UR": "ٹورانٹو", "NAME_ZHT": "多倫多", "GEONAMESID": 6167865, "FCLASS_ISO": null, "FCLASS_US": null, "FCLASS_FR": null, "FCLASS_RU": null, "FCLASS_ES": null, "FCLASS_CN": null, "FCLASS_TW": null, "FCLASS_IN": null, "FCLASS_NP": null, "FCLASS_PK": null, "FCLASS_DE": null, "FCLASS_GB": null, "FCLASS_BR": null, "FCLASS_IL": null, "FCLASS_PS": null, "FCLASS_SA": null, "FCLASS_EG": null, "FCLASS_MA": null, "FCLASS_PT": null, "FCLASS_AR": null, "FCLASS_JP": null, "FCLASS_KO": null, "FCLASS_VN": null, "FCLASS_TR": null, "FCLASS_ID": null, "FCLASS_PL": null, "FCLASS_GR": null, "FCLASS_IT": null, "FCLASS_NL": null, "FCLASS_SE": null, "FCLASS_BD": null, "FCLASS_UA": null, "FCLASS_TLC": null }, "geometry": { "type": "Point", "coordinates": [ -79.38945855491194, 43.664644547434293 ] } }
]
}
