{
"type": "FeatureCollection",
"name": "ecoregion_points",
"crs": { "type": "name", "properties": { "name": "urn:ogc:def:crs:OGC:1.3:CRS84" } },
"features": [
{ "type": "Feature", "properties": { "eco_name": "Admiralty Islands lowland rain forests", "biome": 1.0, "realm": "AA", "places_n": 1.0, "min_lon": 142.81219471638872, "min_lat": -2.576917688236847, "max_lon": 147.8791966771883, "max_lat": -1.3723978000306261 }, "geometry": { "type": "Point", "coordinates": [ 145.345695696788511, -1.974657744133737 ] } },
{ "type": "Feature", "properties": { "eco_name": "Aegean and Western Turkey sclerophyllous and mixed forests", "biome": 12.0, "realm": "PA", "places_n": 27.0, "min_lon": 19.280755518862236, "min_lat": 35.320892630127673, "max_lon": 30.530021447497518, "max_lat": 41.769422001814689 }, "geometry": { "type": "Point", "coordinates": [ 24.905388483179877, 38.545157315971181 ] } },
{ "type": "Feature", "properties": { "eco_name": "Afghan Mountains semi-desert", "biome": 13.0, "realm": "PA", "places_n": 2.0, "min_lon": 63.857269478762504, "min_lat": 34.34107899340961, "max_lon": 70.887763608555986, "max_lat": 37.078277152606802 }, "geometry": { "type": "Point", "coordinates": [ 67.372516543659245, 35.709678073008206 ] } },
{ "type": "Feature", "properties": { "eco_name": "Alai-Western Tian Shan steppe", "biome": 8.0, "realm": "PA", "places_n": 15.0, "min_lon": 65.059432543431626, "min_lat": 37.742658314867015, "max_lon": 72.641029599086977, "max_lat": 44.620718818093849 }, "geometry": { "type": "Point", "coordinates": [ 68.850231071259302, 41.181688566480432 ] } },
{ "type": "Feature", "properties": { "eco_name": "Alashan Plateau semi-desert", "biome": 13.0, "realm": "PA", "places_n": 9.0, "min_lon": 93.486305652400063, "min_lat": 36.133042386918987, "max_lon": 110.4433516000073, "max_lat": 45.711982430487978 }, "geometry": { "type": "Point", "coordinates": [ 101.964828626203683, 40.922512408703483 ] } },
{ "type": "Feature", "properties": { "eco_name": "Alaska Peninsula montane taiga", "biome": 6.0, "realm": "NA", "places_n": 4.0, "min_lon": -164.95028663186861, "min_lat": 54.365672177214776, "max_lon": -152.15328970759168, "max_lat": 59.42042096902685 }, "geometry": { "type": "Point", "coordinates": [ -158.551788169730145, 56.893046573120813 ] } },
{ "type": "Feature", "properties": { "eco_name": "Alaska-St. Elias Range tundra", "biome": 11.0, "realm": "NA", "places_n": 2.0, "min_lon": -155.31861871758281, "min_lat": 59.208240298379678, "max_lon": -136.81752059164108, "max_lat": 64.220454619574184 }, "geometry": { "type": "Point", "coordinates": [ -146.068069654611946, 61.714347458976931 ] } },
{ "type": "Feature", "properties": { "eco_name": "Albany thickets", "biome": 12.0, "realm": "AT", "places_n": 2.0, "min_lon": 20.952180439073913, "min_lat": -34.034004366072764, "max_lon": 26.631664494003701, "max_lat": -32.244644894606324 }, "geometry": { "type": "Point", "coordinates": [ 23.791922466538807, -33.139324630339544 ] } },
{ "type": "Feature", "properties": { "eco_name": "Alberta-British Columbia foothills forests", "biome": 5.0, "realm": "NA", "places_n": 1.0, "min_lon": -122.92933666556513, "min_lat": 50.50920579653598, "max_lon": -114.24191260837283, "max_lat": 58.285409354072272 }, "geometry": { "type": "Point", "coordinates": [ -118.585624636968987, 54.397307575304126 ] } },
{ "type": "Feature", "properties": { "eco_name": "Alberta Mountain forests", "biome": 5.0, "realm": "NA", "places_n": 2.0, "min_lon": -120.59625268997098, "min_lat": 50.528535303466867, "max_lon": -115.08126063516538, "max_lat": 54.593514936874044 }, "geometry": { "type": "Point", "coordinates": [ -117.838756662568187, 52.561025120170456 ] } },
{ "type": "Feature", "properties": { "eco_name": "Albertine Rift montane forests", "biome": 1.0, "realm": "AT", "places_n": 21.0, "min_lon": 27.955793470082597, "min_lat": -8.0506927399671895, "max_lon": 31.396608480340802, "max_lat": 2.6638585599101248 }, "geometry": { "type": "Point", "coordinates": [ 29.6762009752117, -2.693417090028532 ] } },
{ "type": "Feature", "properties": { "eco_name": "Aldabra Island xeric scrub", "biome": 13.0, "realm": "AT", "places_n": 0.0, "min_lon": 46.19919953802497, "min_lat": -9.4672534886755102, "max_lon": 46.52122152948931, "max_lat": -9.3371767448314245 }, "geometry": { "type": "Point", "coordinates": [ 46.36021053375714, -9.402215116753467 ] } },
{ "type": "Feature", "properties": { "eco_name": "Aleutian Islands tundra", "biome": 11.0, "realm": "NA", "places_n": 2.0, "min_lon": -179.14199821531119, "min_lat": 51.210815349422717, "max_lon": 179.7774658349029, "max_lat": 57.248312785171549 }, "geometry": { "type": "Point", "coordinates": [ 0.317733809795854, 54.229564067297133 ] } },
{ "type": "Feature", "properties": { "eco_name": "Al Hajar montane woodlands", "biome": 8.0, "realm": "AT", "places_n": 2.0, "min_lon": 56.051952553985643, "min_lat": 22.385416942255802, "max_lon": 59.111633541684171, "max_lat": 24.825490212289935 }, "geometry": { "type": "Point", "coordinates": [ 57.581793047834907, 23.605453577272868 ] } },
{ "type": "Feature", "properties": { "eco_name": "Allegheny Highlands forests", "biome": 4.0, "realm": "NA", "places_n": 4.0, "min_lon": -81.353012632606067, "min_lat": 40.866613580193416, "max_lon": -74.029617589939747, "max_lat": 42.975162965676645 }, "geometry": { "type": "Point", "coordinates": [ -77.6913151112729, 41.920888272935031 ] } },
{ "type": "Feature", "properties": { "eco_name": "Alps conifer and mixed forests", "biome": 5.0, "realm": "PA", "places_n": 16.0, "min_lon": 5.0450934260782958, "min_lat": 44.029445788864336, "max_lon": 16.268161548676261, "max_lat": 48.158654269984083 }, "geometry": { "type": "Point", "coordinates": [ 10.656627487377278, 46.09405002942421 ] } },
{ "type": "Feature", "properties": { "eco_name": "Altai alpine meadow and tundra", "biome": 10.0, "realm": "PA", "places_n": 0.0, "min_lon": 81.243133593224741, "min_lat": 46.107060587183298, "max_lon": 93.44474750586528, "max_lat": 50.591990166239555 }, "geometry": { "type": "Point", "coordinates": [ 87.34394054954501, 48.349525376711426 ] } },
{ "type": "Feature", "properties": { "eco_name": "Altai montane forest and forest steppe", "biome": 5.0, "realm": "PA", "places_n": 4.0, "min_lon": 82.699127508372783, "min_lat": 44.507736127601675, "max_lon": 98.469749593832262, "max_lat": 51.699589940299745 }, "geometry": { "type": "Point", "coordinates": [ 90.584438551102522, 48.10366303395071 ] } },
{ "type": "Feature", "properties": { "eco_name": "Altai steppe and semi-desert", "biome": 8.0, "realm": "PA", "places_n": 4.0, "min_lon": 79.976829523188371, "min_lat": 46.72747397338162, "max_lon": 87.306816597432203, "max_lat": 50.31032821206901 }, "geometry": { "type": "Point", "coordinates": [ 83.641823060310287, 48.518901092725315 ] } },
{ "type": "Feature", "properties": { "eco_name": "Alto Paraná Atlantic forests", "biome": 1.0, "realm": "NT", "places_n": 62.0, "min_lon": -57.293830584679455, "min_lat": -30.259193312738745, "max_lon": -41.006725515713953, "max_lat": -14.969566238535805 }, "geometry": { "type": "Point", "coordinates": [ -49.150278050196704, -22.614379775637275 ] } },
{ "type": "Feature", "properties": { "eco_name": "Amazon-Orinoco-Southern Caribbean mangroves", "biome": 14.0, "realm": "NT", "places_n": 18.0, "min_lon": -77.353851558669234, "min_lat": -3.0407581288004621, "max_lon": -41.816562537778907, "max_lat": 12.629702560552062 }, "geometry": { "type": "Point", "coordinates": [ -59.585207048224071, 4.7944722158758 ] } },
{ "type": "Feature", "properties": { "eco_name": "Amsterdam and Saint-Paul Islands temperate grasslands", "biome": 8.0, "realm": "AT", "places_n": 0.0, "min_lon": 77.481658650769475, "min_lat": -38.737632718967603, "max_lon": 77.588882638498603, "max_lat": -37.816536660981114 }, "geometry": { "type": "Point", "coordinates": [ 77.535270644634039, -38.277084689974359 ] } },
{ "type": "Feature", "properties": { "eco_name": "Amur meadow steppe", "biome": 9.0, "realm": "PA", "places_n": 10.0, "min_lon": 126.65740167720821, "min_lat": 46.217804974249418, "max_lon": 135.97709666375607, "max_lat": 51.924733894772089 }, "geometry": { "type": "Point", "coordinates": [ 131.317249170482143, 49.071269434510754 ] } },
{ "type": "Feature", "properties": { "eco_name": "Anatolian conifer and deciduous mixed forests", "biome": 12.0, "realm": "PA", "places_n": 9.0, "min_lon": 26.199371525365052, "min_lat": 36.837189141899273, "max_lon": 32.016639484115899, "max_lat": 40.747351670750561 }, "geometry": { "type": "Point", "coordinates": [ 29.108005504740476, 38.792270406324917 ] } },
{ "type": "Feature", "properties": { "eco_name": "Andaman Islands rain forests", "biome": 1.0, "realm": "IM", "places_n": 1.0, "min_lon": 92.215377621653658, "min_lat": 10.504589696188475, "max_lon": 94.298042516640521, "max_lat": 14.91701413632893 }, "geometry": { "type": "Point", "coordinates": [ 93.25671006914709, 12.710801916258703 ] } },
{ "type": "Feature", "properties": { "eco_name": "Angolan Miombo woodlands", "biome": 7.0, "realm": "AT", "places_n": 22.0, "min_lon": 12.981708505631076, "min_lat": -16.962564047839265, "max_lon": 22.946239564958432, "max_lat": -6.0502368808493543 }, "geometry": { "type": "Point", "coordinates": [ 17.963974035294754, -11.50640046434431 ] } },
{ "type": "Feature", "properties": { "eco_name": "Angolan montane forest-grassland mosaic", "biome": 10.0, "realm": "AT", "places_n": 0.0, "min_lon": 13.194618569493286, "min_lat": -15.29223061906012, "max_lon": 16.189950512987565, "max_lat": -10.871344982932271 }, "geometry": { "type": "Point", "coordinates": [ 14.692284541240426, -13.081787800996196 ] } },
{ "type": "Feature", "properties": { "eco_name": "Angolan Mopane woodlands", "biome": 7.0, "realm": "AT", "places_n": 8.0, "min_lon": 13.023832430630762, "min_lat": -20.940408433238531, "max_lon": 17.688850552340369, "max_lat": -14.940092449458348 }, "geometry": { "type": "Point", "coordinates": [ 15.356341491485566, -17.940250441348439 ] } },
{ "type": "Feature", "properties": { "eco_name": "Angolan scarp savanna and woodlands", "biome": 10.0, "realm": "AT", "places_n": 7.0, "min_lon": 12.270039495458008, "min_lat": -14.460093711214171, "max_lon": 14.603989489289063, "max_lat": -5.9055105818977154 }, "geometry": { "type": "Point", "coordinates": [ 13.437014492373535, -10.182802146555943 ] } },
{ "type": "Feature", "properties": { "eco_name": "Antipodes Subantarctic Islands tundra", "biome": 11.0, "realm": "AA", "places_n": 0.0, "min_lon": 158.82885767914672, "min_lat": -54.751874485172095, "max_lon": 179.20275863148669, "max_lat": -47.659535153293263 }, "geometry": { "type": "Point", "coordinates": [ 169.015808155316705, -51.205704819232679 ] } },
{ "type": "Feature", "properties": { "eco_name": "Appalachian-Blue Ridge forests", "biome": 4.0, "realm": "NA", "places_n": 23.0, "min_lon": -86.585014536862715, "min_lat": 33.053144751656646, "max_lon": -74.005317614421187, "max_lat": 41.773533828240261 }, "geometry": { "type": "Point", "coordinates": [ -80.295166075641959, 37.413339289948453 ] } },
{ "type": "Feature", "properties": { "eco_name": "Appalachian mixed mesophytic forests", "biome": 4.0, "realm": "NA", "places_n": 13.0, "min_lon": -87.724929565179494, "min_lat": 32.43683397179035, "max_lon": -77.624694655125026, "max_lat": 41.433228056086193 }, "geometry": { "type": "Point", "coordinates": [ -82.67481211015226, 36.935031013938271 ] } },
{ "type": "Feature", "properties": { "eco_name": "Appenine deciduous montane forests", "biome": 4.0, "realm": "PA", "places_n": 1.0, "min_lon": 9.1280515712612669, "min_lat": 41.272069371219914, "max_lon": 14.683901548409779, "max_lat": 44.745596770307543 }, "geometry": { "type": "Point", "coordinates": [ 11.905976559835523, 43.008833070763728 ] } },
{ "type": "Feature", "properties": { "eco_name": "Apure-Villavicencio dry forests", "biome": 2.0, "realm": "NT", "places_n": 5.0, "min_lon": -74.575538487977596, "min_lat": 2.5685004972413594, "max_lon": -68.365440566603212, "max_lat": 9.2378031638048697 }, "geometry": { "type": "Point", "coordinates": [ -71.470489527290397, 5.903151830523115 ] } },
{ "type": "Feature", "properties": { "eco_name": "Arabian Desert and East Sahero-Arabian xeric shrublands", "biome": 13.0, "realm": "PA", "places_n": 27.0, "min_lon": 32.567214517715286, "min_lat": 16.551649877640955, "max_lon": 59.340103602977706, "max_lat": 33.779082778532768 }, "geometry": { "type": "Point", "coordinates": [ 45.953659060346496, 25.165366328086861 ] } },
{ "type": "Feature", "properties": { "eco_name": "Arabian Peninsula coastal fog desert", "biome": 13.0, "realm": "AT", "places_n": 12.0, "min_lon": 38.944995597393785, "min_lat": 12.591866146668679, "max_lon": 58.379714523972638, "max_lat": 22.401781267116576 }, "geometry": { "type": "Point", "coordinates": [ 48.662355060683211, 17.496823706892627 ] } },
{ "type": "Feature", "properties": { "eco_name": "Araucaria moist forests", "biome": 1.0, "realm": "NT", "places_n": 23.0, "min_lon": -54.453235614746632, "min_lat": -29.732235967738802, "max_lon": -48.157504482414765, "max_lat": -23.569536367761174 }, "geometry": { "type": "Point", "coordinates": [ -51.305370048580698, -26.650886167749988 ] } },
{ "type": "Feature", "properties": { "eco_name": "Araya and Paria xeric scrub", "biome": 13.0, "realm": "NT", "places_n": 3.0, "min_lon": -64.406654617385882, "min_lat": 10.322114490422678, "max_lon": -61.843589490992329, "max_lat": 11.386469679027641 }, "geometry": { "type": "Point", "coordinates": [ -63.125122054189106, 10.854292084725159 ] } },
{ "type": "Feature", "properties": { "eco_name": "Arctic coastal tundra", "biome": 11.0, "realm": "NA", "places_n": 4.0, "min_lon": -163.14971971765587, "min_lat": 68.278009395503545, "max_lon": -122.57811765546646, "max_lat": 74.225657020079552 }, "geometry": { "type": "Point", "coordinates": [ -142.863918686561163, 71.251833207791549 ] } },
{ "type": "Feature", "properties": { "eco_name": "Arctic desert", "biome": 11.0, "realm": "PA", "places_n": 0.0, "min_lon": -9.1220534813432153, "min_lat": 70.800887822361176, "max_lon": 107.86170161496165, "max_lat": 81.901846870642999 }, "geometry": { "type": "Point", "coordinates": [ 49.369824066809215, 76.351367346502087 ] } },
{ "type": "Feature", "properties": { "eco_name": "Arctic foothills tundra", "biome": 11.0, "realm": "NA", "places_n": 1.0, "min_lon": -166.83810463199126, "min_lat": 66.982973334821509, "max_lon": -135.72326665146733, "max_lat": 70.179521581408949 }, "geometry": { "type": "Point", "coordinates": [ -151.280685641729292, 68.581247458115229 ] } },
{ "type": "Feature", "properties": { "eco_name": "Arizona Mountains forests", "biome": 5.0, "realm": "NA", "places_n": 2.0, "min_lon": -113.40192453945322, "min_lat": 31.716702424525465, "max_lon": -104.4283525335067, "max_lat": 36.832596194230973 }, "geometry": { "type": "Point", "coordinates": [ -108.915138536479958, 34.274649309378219 ] } },
{ "type": "Feature", "properties": { "eco_name": "Arnhem Land tropical savanna", "biome": 7.0, "realm": "AA", "places_n": 4.0, "min_lon": 129.35408054295112, "min_lat": -14.586368423774331, "max_lon": 136.97821056048144, "max_lat": -10.970769274473241 }, "geometry": { "type": "Point", "coordinates": [ 133.166145551716284, -12.778568849123786 ] } },
{ "type": "Feature", "properties": { "eco_name": "Ascension scrub and grasslands", "biome": 7.0, "realm": "AT", "places_n": 0.0, "min_lon": -14.41611248219769, "min_lat": -7.9834985425464424, "max_lon": -14.293055582269574, "max_lat": -7.882472636945181 }, "geometry": { "type": "Point", "coordinates": [ -14.354584032233632, -7.932985589745812 ] } },
{ "type": "Feature", "properties": { "eco_name": "Atacama desert", "biome": 13.0, "realm": "NT", "places_n": 9.0, "min_lon": -70.393943614876719, "min_lat": -26.314451409943018, "max_lon": -68.426284634172347, "max_lat": -18.394002507059753 }, "geometry": { "type": "Point", "coordinates": [ -69.41011412452454, -22.354226958501386 ] } },
{ "type": "Feature", "properties": { "eco_name": "Atlantic coastal desert", "biome": 13.0, "realm": "PA", "places_n": 4.0, "min_lon": -17.103179484284198, "min_lat": 17.589579440080058, "max_lon": -13.185110473798233, "max_lat": 27.156599914408275 }, "geometry": { "type": "Point", "coordinates": [ -15.144144979041215, 22.373089677244167 ] } },
{ "type": "Feature", "properties": { "eco_name": "Atlantic coastal pine barrens", "biome": 5.0, "realm": "NA", "places_n": 0.0, "min_lon": -75.411865509224825, "min_lat": 39.04980320816378, "max_lon": -69.92608656630766, "max_lat": 42.077955667038509 }, "geometry": { "type": "Point", "coordinates": [ -72.668976037766242, 40.563879437601145 ] } },
{ "type": "Feature", "properties": { "eco_name": "Atlantic Coast restingas", "biome": 1.0, "realm": "NT", "places_n": 2.0, "min_lon": -53.416023543220007, "min_lat": -33.766368688689056, "max_lon": -35.039825497716379, "max_lat": -5.1330172854470106 }, "geometry": { "type": "Point", "coordinates": [ -44.227924520468193, -19.449692987068033 ] } },
{ "type": "Feature", "properties": { "eco_name": "Atlantic dry forests", "biome": 2.0, "realm": "NT", "places_n": 3.0, "min_lon": -45.17211146443907, "min_lat": -16.938248314342729, "max_lon": -40.118026519359091, "max_lat": -7.2061487713913834 }, "geometry": { "type": "Point", "coordinates": [ -42.64506899189908, -12.072198542867056 ] } },
{ "type": "Feature", "properties": { "eco_name": "Atlantic Equatorial coastal forests", "biome": 1.0, "realm": "AT", "places_n": 16.0, "min_lon": 8.9941754783422994, "min_lat": -5.7436603900188743, "max_lon": 13.576348545369314, "max_lat": 4.2391842895735863 }, "geometry": { "type": "Point", "coordinates": [ 11.285262011855806, -0.752238050222644 ] } },
{ "type": "Feature", "properties": { "eco_name": "Atlantic mixed forests", "biome": 4.0, "realm": "PA", "places_n": 66.0, "min_lon": -5.1307244577407971, "min_lat": 43.069259384278212, "max_lon": 12.562170446704442, "max_lat": 56.695981239941034 }, "geometry": { "type": "Point", "coordinates": [ 3.715722994481823, 49.882620312109623 ] } },
{ "type": "Feature", "properties": { "eco_name": "Australian Alps montane grasslands", "biome": 10.0, "realm": "AA", "places_n": 0.0, "min_lon": 145.79150364611985, "min_lat": -37.898925237216332, "max_lon": 148.99967960407923, "max_lat": -35.468594923804346 }, "geometry": { "type": "Point", "coordinates": [ 147.395591625099541, -36.683760080510339 ] } },
{ "type": "Feature", "properties": { "eco_name": "Azerbaijan shrub desert and steppe", "biome": 13.0, "realm": "PA", "places_n": 9.0, "min_lon": 44.664508604441636, "min_lat": 38.809015940142444, "max_lon": 50.354907573696636, "max_lat": 41.826782382782824 }, "geometry": { "type": "Point", "coordinates": [ 47.509708089069136, 40.317899161462634 ] } },
{ "type": "Feature", "properties": { "eco_name": "Azores temperate mixed forests", "biome": 4.0, "realm": "PA", "places_n": 3.0, "min_lon": -31.290000562495493, "min_lat": 36.92710315845045, "max_lon": -25.01222246095378, "max_lat": 39.725670427632167 }, "geometry": { "type": "Point", "coordinates": [ -28.151111511724636, 38.326386793041308 ] } },
{ "type": "Feature", "properties": { "eco_name": "Badghyz and Karabil semi-desert", "biome": 13.0, "realm": "PA", "places_n": 7.0, "min_lon": 60.880577546843284, "min_lat": 34.65183889211886, "max_lon": 69.311531627520338, "max_lat": 38.515674642076362 }, "geometry": { "type": "Point", "coordinates": [ 65.096054587181811, 36.583756767097611 ] } },
{ "type": "Feature", "properties": { "eco_name": "Baffin coastal tundra", "biome": 11.0, "realm": "NA", "places_n": 0.0, "min_lon": -72.015830649085075, "min_lat": 69.054976113683153, "max_lon": -66.661231508470891, "max_lat": 71.571197130118435 }, "geometry": { "type": "Point", "coordinates": [ -69.338531078777976, 70.313086621900794 ] } },
{ "type": "Feature", "properties": { "eco_name": "Bahamian-Antillean mangroves", "biome": 14.0, "realm": "NT", "places_n": 12.0, "min_lon": -84.939620622814999, "min_lat": 12.452383733986608, "max_lon": -60.975463540724618, "max_lat": 26.881752950439932 }, "geometry": { "type": "Point", "coordinates": [ -72.957542081769816, 19.66706834221327 ] } },
{ "type": "Feature", "properties": { "eco_name": "Bahamian pine mosaic", "biome": 3.0, "realm": "NT", "places_n": 1.0, "min_lon": -78.773879565448297, "min_lat": 20.9247633594901, "max_lon": -71.124442570550954, "max_lat": 27.028435585594536 }, "geometry": { "type": "Point", "coordinates": [ -74.949161067999626, 23.976599472542318 ] } },
{ "type": "Feature", "properties": { "eco_name": "Bahia coastal forests", "biome": 1.0, "realm": "NT", "places_n": 14.0, "min_lon": -41.792522568897084, "min_lat": -21.04285557434352, "max_lon": -37.603683552151068, "max_lat": -11.858694118250128 }, "geometry": { "type": "Point", "coordinates": [ -39.698103060524076, -16.450774846296824 ] } },
{ "type": "Feature", "properties": { "eco_name": "Bahia interior forests", "biome": 1.0, "realm": "NT", "places_n": 26.0, "min_lon": -46.137103549396244, "min_lat": -22.291000921685622, "max_lon": -37.558601485879962, "max_lat": -11.507573176418703 }, "geometry": { "type": "Point", "coordinates": [ -41.847852517638103, -16.899287049052163 ] } },
{ "type": "Feature", "properties": { "eco_name": "Baja California desert", "biome": 13.0, "realm": "NA", "places_n": 5.0, "min_lon": -116.68611161879184, "min_lat": 24.017284979136718, "max_lon": -110.89266955511549, "max_lat": 31.705822714193573 }, "geometry": { "type": "Point", "coordinates": [ -113.789390586953658, 27.861553846665146 ] } },
{ "type": "Feature", "properties": { "eco_name": "Bajío dry forests", "biome": 2.0, "realm": "NT", "places_n": 8.0, "min_lon": -104.04721867858507, "min_lat": 19.634362826544475, "max_lon": -100.34476457211852, "max_lat": 21.382959258812036 }, "geometry": { "type": "Point", "coordinates": [ -102.195991625351795, 20.508661042678256 ] } },
{ "type": "Feature", "properties": { "eco_name": "Balkan mixed forests", "biome": 4.0, "realm": "PA", "places_n": 36.0, "min_lon": 18.676900582402396, "min_lat": 40.438124319219298, "max_lon": 29.118032524061505, "max_lat": 45.213438731450822 }, "geometry": { "type": "Point", "coordinates": [ 23.897466553231951, 42.82578152533506 ] } },
{ "type": "Feature", "properties": { "eco_name": "Balsas dry forests", "biome": 2.0, "realm": "NT", "places_n": 7.0, "min_lon": -103.22457863468382, "min_lat": 17.016374776628481, "max_lon": -96.800826671720671, "max_lat": 19.854774190841511 }, "geometry": { "type": "Point", "coordinates": [ -100.01270265320224, 18.435574483734996 ] } },
{ "type": "Feature", "properties": { "eco_name": "Baltic mixed forests", "biome": 4.0, "realm": "PA", "places_n": 21.0, "min_lon": 8.193007523463649, "min_lat": 52.557713933136938, "max_lon": 18.820407482078934, "max_lat": 57.747244566326003 }, "geometry": { "type": "Point", "coordinates": [ 13.506707502771292, 55.152479249731471 ] } },
{ "type": "Feature", "properties": { "eco_name": "Baluchistan xeric woodlands", "biome": 13.0, "realm": "PA", "places_n": 12.0, "min_lon": 62.271102595521825, "min_lat": 25.211688748390998, "max_lon": 74.883422555704811, "max_lat": 35.522998756062805 }, "geometry": { "type": "Point", "coordinates": [ 68.577262575613318, 30.367343752226901 ] } },
{ "type": "Feature", "properties": { "eco_name": "Banda Sea Islands moist deciduous forests", "biome": 1.0, "realm": "AA", "places_n": 0.0, "min_lon": 127.13960267669478, "min_lat": -8.3433946664584937, "max_lon": 133.19760157707753, "max_lat": -5.2716569815831349 }, "geometry": { "type": "Point", "coordinates": [ 130.168602126886157, -6.807525824020814 ] } },
{ "type": "Feature", "properties": { "eco_name": "Belizian pine forests", "biome": 3.0, "realm": "NT", "places_n": 0.0, "min_lon": -88.971359639854171, "min_lat": 16.317405355606411, "max_lon": -88.254295533878178, "max_lat": 17.953183215046181 }, "geometry": { "type": "Point", "coordinates": [ -88.612827586866175, 17.135294285326296 ] } },
{ "type": "Feature", "properties": { "eco_name": "Beni savanna", "biome": 7.0, "realm": "NT", "places_n": 7.0, "min_lon": -68.940132514955621, "min_lat": -16.389252598941113, "max_lon": -62.449962518806473, "max_lat": -10.770509011257104 }, "geometry": { "type": "Point", "coordinates": [ -65.695047516881047, -13.579880805099108 ] } },
{ "type": "Feature", "properties": { "eco_name": "Beringia lowland tundra", "biome": 11.0, "realm": "NA", "places_n": 13.0, "min_lon": -173.11425765014383, "min_lat": 54.653132229093274, "max_lon": -154.23129258802805, "max_lat": 67.077071429803709 }, "geometry": { "type": "Point", "coordinates": [ -163.672775119085941, 60.865101829448491 ] } },
{ "type": "Feature", "properties": { "eco_name": "Beringia upland tundra", "biome": 11.0, "realm": "NA", "places_n": 8.0, "min_lon": -171.8477177133519, "min_lat": 58.545310211198512, "max_lon": -157.50611859025355, "max_lat": 66.364601947876679 }, "geometry": { "type": "Point", "coordinates": [ -164.676918151802738, 62.454956079537595 ] } },
{ "type": "Feature", "properties": { "eco_name": "Bering tundra", "biome": 11.0, "realm": "PA", "places_n": 5.0, "min_lon": -179.99998860061166, "min_lat": 59.801640822275147, "max_lon": 179.9999886006118, "max_lat": 67.543472877065938 }, "geometry": { "type": "Point", "coordinates": [ 0.0, 63.672556849670542 ] } },
{ "type": "Feature", "properties": { "eco_name": "Bermuda subtropical conifer forests", "biome": 3.0, "realm": "NA", "places_n": 1.0, "min_lon": -64.876113615291317, "min_lat": 32.258617611032037, "max_lon": -64.638626637829375, "max_lat": 32.380279594632384 }, "geometry": { "type": "Point", "coordinates": [ -64.757370126560346, 32.31944860283221 ] } },
{ "type": "Feature", "properties": { "eco_name": "Biak-Numfoor rain forests", "biome": 1.0, "realm": "AA", "places_n": 1.0, "min_lon": 134.82492058746283, "min_lat": -1.2721361563616256, "max_lon": 136.61369366098256, "max_lat": -0.62609359243793961 }, "geometry": { "type": "Point", "coordinates": [ 135.719307124222695, -0.949114874399783 ] } },
{ "type": "Feature", "properties": { "eco_name": "Blue Mountains forests", "biome": 5.0, "realm": "NA", "places_n": 2.0, "min_lon": -121.4273986892226, "min_lat": 43.522226484756402, "max_lon": -116.04775257787816, "max_lat": 46.362154255195833 }, "geometry": { "type": "Point", "coordinates": [ -118.737575633550378, 44.942190369976117 ] } },
{ "type": "Feature", "properties": { "eco_name": "Bohai Sea saline meadow", "biome": 9.0, "realm": "PA", "places_n": 1.0, "min_lon": 117.48654163091436, "min_lat": 36.872135475565017, "max_lon": 119.81160764556148, "max_lat": 39.426792547237426 }, "geometry": { "type": "Point", "coordinates": [ 118.64907463823792, 38.149464011401221 ] } },
{ "type": "Feature", "properties": { "eco_name": "Bolivian montane dry forests", "biome": 2.0, "realm": "NT", "places_n": 12.0, "min_lon": -69.056671646968425, "min_lat": -22.04283204680695, "max_lon": -63.528762576443242, "max_lat": -14.185635499915435 }, "geometry": { "type": "Point", "coordinates": [ -66.292717111705826, -18.114233773361192 ] } },
{ "type": "Feature", "properties": { "eco_name": "Bolivian Yungas", "biome": 1.0, "realm": "NT", "places_n": 4.0, "min_lon": -69.472961550773491, "min_lat": -18.008167745556818, "max_lon": -63.378326525043178, "max_lat": -13.377200267338878 }, "geometry": { "type": "Point", "coordinates": [ -66.425644037908341, -15.692684006447848 ] } },
{ "type": "Feature", "properties": { "eco_name": "Borneo lowland rain forests", "biome": 1.0, "realm": "IM", "places_n": 8.0, "min_lon": 107.00776656205932, "min_lat": -5.5873139234081464, "max_lon": 119.27110263044642, "max_lat": 7.362134564708299 }, "geometry": { "type": "Point", "coordinates": [ 113.139434596252869, 0.887410320650076 ] } },
{ "type": "Feature", "properties": { "eco_name": "Borneo montane rain forests", "biome": 1.0, "realm": "IM", "places_n": 0.0, "min_lon": 109.75536364562174, "min_lat": -0.8939066308930137, "max_lon": 118.03047165930815, "max_lat": 5.0293531758190397 }, "geometry": { "type": "Point", "coordinates": [ 113.892917652464945, 2.067723272463013 ] } },
{ "type": "Feature", "properties": { "eco_name": "Borneo peat swamp forests", "biome": 1.0, "realm": "IM", "places_n": 2.0, "min_lon": 109.2256776558595, "min_lat": -3.4693464638701812, "max_lon": 118.58190164703223, "max_lat": 5.0452038576527798 }, "geometry": { "type": "Point", "coordinates": [ 113.903789651445862, 0.787928696891299 ] } },
{ "type": "Feature", "properties": { "eco_name": "Brahmaputra Valley semi-evergreen forests", "biome": 1.0, "realm": "IM", "places_n": 5.0, "min_lon": 89.821304571565292, "min_lat": 25.655982926007425, "max_lon": 96.276107630146896, "max_lat": 28.207492593034488 }, "geometry": { "type": "Point", "coordinates": [ 93.048706100856094, 26.931737759520956 ] } },
{ "type": "Feature", "properties": { "eco_name": "Brigalow tropical savanna", "biome": 7.0, "realm": "AA", "places_n": 13.0, "min_lon": 145.89721671198117, "min_lat": -28.998869227709434, "max_lon": 152.21362264670483, "max_lat": -19.08266168425223 }, "geometry": { "type": "Point", "coordinates": [ 149.055419679343004, -24.040765455980832 ] } },
{ "type": "Feature", "properties": { "eco_name": "British Columbia mainland coastal forests", "biome": 5.0, "realm": "NA", "places_n": 2.0, "min_lon": -131.09722857051139, "min_lat": 47.225198592839661, "max_lon": -120.87267260189074, "max_lat": 56.484392834572759 }, "geometry": { "type": "Point", "coordinates": [ -125.984950586201066, 51.85479571370621 ] } },
{ "type": "Feature", "properties": { "eco_name": "Brooks-British Range tundra", "biome": 11.0, "realm": "NA", "places_n": 1.0, "min_lon": -163.87220758554366, "min_lat": 65.847661815370998, "max_lon": -134.99510155291543, "max_lat": 69.695500032551024 }, "geometry": { "type": "Point", "coordinates": [ -149.433654569229532, 67.771580923961011 ] } },
{ "type": "Feature", "properties": { "eco_name": "Buru rain forests", "biome": 1.0, "realm": "AA", "places_n": 0.0, "min_lon": 125.99649766366451, "min_lat": -3.9114975564806969, "max_lon": 127.26550255054457, "max_lat": -3.0594717334854522 }, "geometry": { "type": "Point", "coordinates": [ 126.631000107104541, -3.485484644983075 ] } },
{ "type": "Feature", "properties": { "eco_name": "Caatinga", "biome": 13.0, "realm": "NT", "places_n": 43.0, "min_lon": -44.472259596649877, "min_lat": -16.640939861499987, "max_lon": -34.983261565188741, "max_lat": -2.8991597884787552 }, "geometry": { "type": "Point", "coordinates": [ -39.727760580919309, -9.770049824989371 ] } },
{ "type": "Feature", "properties": { "eco_name": "Caatinga Enclaves moist forests", "biome": 1.0, "realm": "NT", "places_n": 1.0, "min_lon": -41.278224579912887, "min_lat": -7.336010267961683, "max_lon": -38.667716540397635, "max_lat": -3.2383475823862682 }, "geometry": { "type": "Point", "coordinates": [ -39.972970560155261, -5.287178925173976 ] } },
{ "type": "Feature", "properties": { "eco_name": "Caledon conifer forests", "biome": 5.0, "realm": "PA", "places_n": 2.0, "min_lon": -5.5976315014030718, "min_lat": 56.342973866979207, "max_lon": -2.3296444616228484, "max_lat": 58.238826927131356 }, "geometry": { "type": "Point", "coordinates": [ -3.96363798151296, 57.290900397055282 ] } },
{ "type": "Feature", "properties": { "eco_name": "California Central Valley grasslands", "biome": 8.0, "realm": "NA", "places_n": 12.0, "min_lon": -122.48399357658435, "min_lat": 34.980329365907778, "max_lon": -118.76493056132213, "max_lat": 40.67750946247611 }, "geometry": { "type": "Point", "coordinates": [ -120.62446206895325, 37.828919414191944 ] } },
{ "type": "Feature", "properties": { "eco_name": "California coastal sage and chaparral", "biome": 12.0, "realm": "NA", "places_n": 11.0, "min_lon": -120.41570263972835, "min_lat": 28.035413629424966, "max_lon": -115.14983365565979, "max_lat": 34.500132647110433 }, "geometry": { "type": "Point", "coordinates": [ -117.782768147694071, 31.2677731382677 ] } },
{ "type": "Feature", "properties": { "eco_name": "California interior chaparral and woodlands", "biome": 12.0, "realm": "NA", "places_n": 13.0, "min_lon": -123.33927157801472, "min_lat": 34.440514349062823, "max_lon": -118.59931153049594, "max_lat": 40.831865729995002 }, "geometry": { "type": "Point", "coordinates": [ -120.969291554255335, 37.636190039528913 ] } },
{ "type": "Feature", "properties": { "eco_name": "California montane chaparral and woodlands", "biome": 12.0, "realm": "NA", "places_n": 2.0, "min_lon": -121.95439157349203, "min_lat": 33.659755154968934, "max_lon": -116.53556056768011, "max_lat": 36.639508157930663 }, "geometry": { "type": "Point", "coordinates": [ -119.244976070586063, 35.149631656449799 ] } },
{ "type": "Feature", "properties": { "eco_name": "Cameroonian Highlands forests", "biome": 1.0, "realm": "AT", "places_n": 5.0, "min_lon": 9.0168875861218112, "min_lat": 4.670002546166188, "max_lon": 14.681030578931427, "max_lat": 8.9459977656781007 }, "geometry": { "type": "Point", "coordinates": [ 11.848959082526619, 6.808000155922144 ] } },
{ "type": "Feature", "properties": { "eco_name": "Campos Rupestres montane savanna", "biome": 7.0, "realm": "NT", "places_n": 1.0, "min_lon": -46.57815946253686, "min_lat": -23.005786155824154, "max_lon": -41.207050487222631, "max_lat": -11.273776248014144 }, "geometry": { "type": "Point", "coordinates": [ -43.892604974879745, -17.139781201919149 ] } },
{ "type": "Feature", "properties": { "eco_name": "Canadian Aspen forests and parklands", "biome": 8.0, "realm": "NA", "places_n": 20.0, "min_lon": -122.11260267828487, "min_lat": 48.504337368306381, "max_lon": -96.158409616199862, "max_lat": 58.987734553852817 }, "geometry": { "type": "Point", "coordinates": [ -109.135506147242367, 53.746035961079599 ] } },
{ "type": "Feature", "properties": { "eco_name": "Canary Islands dry woodlands and forests", "biome": 12.0, "realm": "PA", "places_n": 2.0, "min_lon": -18.169637524759764, "min_lat": 27.637057478032716, "max_lon": -15.360811476634041, "max_lat": 28.854370329791379 }, "geometry": { "type": "Point", "coordinates": [ -16.765224500696903, 28.245713903912048 ] } },
{ "type": "Feature", "properties": { "eco_name": "Cantabrian mixed forests", "biome": 4.0, "realm": "PA", "places_n": 15.0, "min_lon": -9.2937864399893328, "min_lat": 40.240613655523418, "max_lon": -0.20592450193018408, "max_lat": 43.781300550952608 }, "geometry": { "type": "Point", "coordinates": [ -4.749855470959758, 42.010957103238013 ] } },
{ "type": "Feature", "properties": { "eco_name": "Cantebury-Otago tussock grasslands", "biome": 8.0, "realm": "AA", "places_n": 8.0, "min_lon": 168.21815464862374, "min_lat": -46.452406649178386, "max_lon": 173.80616766466704, "max_lat": -42.102411294498978 }, "geometry": { "type": "Point", "coordinates": [ 171.012161156645391, -44.277408971838682 ] } },
{ "type": "Feature", "properties": { "eco_name": "Cape Verde Islands dry forests", "biome": 2.0, "realm": "AT", "places_n": 2.0, "min_lon": -25.360557593443218, "min_lat": 14.771057541628068, "max_lon": -22.650911588199733, "max_lat": 17.191843884799539 }, "geometry": { "type": "Point", "coordinates": [ -24.005734590821476, 15.981450713213803 ] } },
{ "type": "Feature", "properties": { "eco_name": "Cape York Peninsula tropical savanna", "biome": 7.0, "realm": "AA", "places_n": 1.0, "min_lon": 141.46528657730488, "min_lat": -15.950323342276164, "max_lon": 145.35642956200502, "max_lat": -10.060471789995802 }, "geometry": { "type": "Point", "coordinates": [ 143.41085806965495, -13.005397566135983 ] } },
{ "type": "Feature", "properties": { "eco_name": "Caqueta moist forests", "biome": 1.0, "realm": "NT", "places_n": 1.0, "min_lon": -75.167701507687113, "min_lat": -1.5720686478149446, "max_lon": -68.910766517153107, "max_lat": 2.8537522529072135 }, "geometry": { "type": "Point", "coordinates": [ -72.03923401242011, 0.640841802546134 ] } },
{ "type": "Feature", "properties": { "eco_name": "Cardamom Mountains rain forests", "biome": 1.0, "realm": "IM", "places_n": 1.0, "min_lon": 101.31622363065782, "min_lat": 9.6562205622759052, "max_lon": 104.62808959832626, "max_lat": 13.731109784540479 }, "geometry": { "type": "Point", "coordinates": [ 102.972156614492036, 11.693665173408192 ] } },
{ "type": "Feature", "properties": { "eco_name": "Caribbean shrublands", "biome": 13.0, "realm": "NT", "places_n": 4.0, "min_lon": -69.957260540626805, "min_lat": 11.991502943436956, "max_lon": -59.420375581020977, "max_lat": 18.755916071249146 }, "geometry": { "type": "Point", "coordinates": [ -64.688818060823891, 15.373709507343051 ] } },
{ "type": "Feature", "properties": { "eco_name": "Carnarvon xeric shrublands", "biome": 13.0, "realm": "AA", "places_n": 3.0, "min_lon": 113.06800058074492, "min_lat": -27.940732405438098, "max_lon": 115.64054061049683, "max_lat": -21.576403442178389 }, "geometry": { "type": "Point", "coordinates": [ 114.354270595620875, -24.758567923808243 ] } },
{ "type": "Feature", "properties": { "eco_name": "Carolines tropical moist forests", "biome": 1.0, "realm": "OC", "places_n": 1.0, "min_lon": 143.84275859758657, "min_lat": 5.2594540201959035, "max_lon": 163.03489669650094, "max_lat": 8.99197250463817 }, "geometry": { "type": "Point", "coordinates": [ 153.438827647043752, 7.125713262417037 ] } },
{ "type": "Feature", "properties": { "eco_name": "Carpathian montane forests", "biome": 5.0, "realm": "PA", "places_n": 7.0, "min_lon": 17.65458851725046, "min_lat": 45.119177859908802, "max_lon": 26.874135518736466, "max_lat": 50.194870513204876 }, "geometry": { "type": "Point", "coordinates": [ 22.264362017993463, 47.657024186556839 ] } },
{ "type": "Feature", "properties": { "eco_name": "Carpentaria tropical savanna", "biome": 7.0, "realm": "AA", "places_n": 2.0, "min_lon": 132.85597263768693, "min_lat": -21.726793225472875, "max_lon": 144.16693155304574, "max_lat": -13.838719591272991 }, "geometry": { "type": "Point", "coordinates": [ 138.511452095366337, -17.782756408372933 ] } },
{ "type": "Feature", "properties": { "eco_name": "Cascade Mountains leeward forests", "biome": 5.0, "realm": "NA", "places_n": 1.0, "min_lon": -126.02687854230432, "min_lat": 47.143385182800898, "max_lon": -119.44773062055145, "max_lat": 52.45359778747013 }, "geometry": { "type": "Point", "coordinates": [ -122.737304581427878, 49.798491485135514 ] } },
{ "type": "Feature", "properties": { "eco_name": "Caspian Hyrcanian mixed forests", "biome": 4.0, "realm": "PA", "places_n": 4.0, "min_lon": 46.964595541774287, "min_lat": 36.021297032974701, "max_lon": 56.65257257873094, "max_lat": 39.299330454272308 }, "geometry": { "type": "Point", "coordinates": [ 51.808584060252613, 37.660313743623504 ] } },
{ "type": "Feature", "properties": { "eco_name": "Caspian lowland desert", "biome": 13.0, "realm": "PA", "places_n": 7.0, "min_lon": 44.585193504465622, "min_lat": 36.835728176174428, "max_lon": 54.976768617020213, "max_lat": 49.294797274230348 }, "geometry": { "type": "Point", "coordinates": [ 49.780981060742917, 43.065262725202388 ] } },
{ "type": "Feature", "properties": { "eco_name": "Catatumbo moist forests", "biome": 1.0, "realm": "NT", "places_n": 2.0, "min_lon": -73.391525596461491, "min_lat": 7.7418300850436594, "max_lon": -70.408958620963062, "max_lat": 10.767855384528559 }, "geometry": { "type": "Point", "coordinates": [ -71.900242108712277, 9.254842734786109 ] } },
{ "type": "Feature", "properties": { "eco_name": "Caucasus mixed forests", "biome": 4.0, "realm": "PA", "places_n": 16.0, "min_lon": 39.121478580573864, "min_lat": 38.908189109864111, "max_lon": 48.854114565328928, "max_lat": 44.235160491757881 }, "geometry": { "type": "Point", "coordinates": [ 43.987796572951396, 41.571674800810996 ] } },
{ "type": "Feature", "properties": { "eco_name": "Cauca Valley dry forests", "biome": 2.0, "realm": "NT", "places_n": 3.0, "min_lon": -76.657180623138075, "min_lat": 3.0011342740634745, "max_lon": -75.359100590495956, "max_lat": 7.2948583922743637 }, "geometry": { "type": "Point", "coordinates": [ -76.008140606817022, 5.147996333168919 ] } },
{ "type": "Feature", "properties": { "eco_name": "Cauca Valley montane forests", "biome": 1.0, "realm": "NT", "places_n": 6.0, "min_lon": -76.907600541935636, "min_lat": 1.9524886160426149, "max_lon": -75.106033499035064, "max_lat": 7.7291978863942177 }, "geometry": { "type": "Point", "coordinates": [ -76.006817020485357, 4.840843251218416 ] } },
{ "type": "Feature", "properties": { "eco_name": "Cayos Miskitos-San Andrés and Providencia moist forests", "biome": 1.0, "realm": "NT", "places_n": 0.0, "min_lon": -83.072578510836536, "min_lat": 12.136218178276351, "max_lon": -81.349609579913675, "max_lat": 14.40902118255724 }, "geometry": { "type": "Point", "coordinates": [ -82.211094045375106, 13.272619680416796 ] } },
{ "type": "Feature", "properties": { "eco_name": "Celtic broadleaf forests", "biome": 4.0, "realm": "PA", "places_n": 47.0, "min_lon": -10.592790493638375, "min_lat": 49.401937442927647, "max_lon": 1.76193447098413, "max_lat": 57.719472806508975 }, "geometry": { "type": "Point", "coordinates": [ -4.415428011327123, 53.560705124718311 ] } },
{ "type": "Feature", "properties": { "eco_name": "Central Afghan Mountains xeric woodlands", "biome": 13.0, "realm": "PA", "places_n": 8.0, "min_lon": 60.876022485377376, "min_lat": 30.952438648258124, "max_lon": 70.200309581403218, "max_lat": 35.665413326116493 }, "geometry": { "type": "Point", "coordinates": [ 65.538166033390297, 33.308925987187308 ] } },
{ "type": "Feature", "properties": { "eco_name": "Central African mangroves", "biome": 14.0, "realm": "AT", "places_n": 7.0, "min_lon": 0.38833349066095479, "min_lat": -6.2329446006094145, "max_lon": 13.151479596018135, "max_lat": 6.6062996302820238 }, "geometry": { "type": "Point", "coordinates": [ 6.769906543339545, 0.186677514836305 ] } },
{ "type": "Feature", "properties": { "eco_name": "Central American Atlantic moist forests", "biome": 1.0, "realm": "NT", "places_n": 3.0, "min_lon": -90.208770619065618, "min_lat": 12.069501749337064, "max_lon": -83.157722553924231, "max_lat": 16.509087411466737 }, "geometry": { "type": "Point", "coordinates": [ -86.683246586494931, 14.289294580401901 ] } },
{ "type": "Feature", "properties": { "eco_name": "Central American dry forests", "biome": 2.0, "realm": "NT", "places_n": 23.0, "min_lon": -93.436851585428457, "min_lat": 9.7557533156440854, "max_lon": -74.832778593757311, "max_lat": 15.749547340557399 }, "geometry": { "type": "Point", "coordinates": [ -84.134815089592877, 12.752650328100742 ] } },
{ "type": "Feature", "properties": { "eco_name": "Central American montane forests", "biome": 1.0, "realm": "NT", "places_n": 4.0, "min_lon": -92.135459527562517, "min_lat": 12.874389257572318, "max_lon": -85.00112149631758, "max_lat": 15.678804915881074 }, "geometry": { "type": "Point", "coordinates": [ -88.568290511940049, 14.276597086726696 ] } },
{ "type": "Feature", "properties": { "eco_name": "Central American pine-oak forests", "biome": 3.0, "realm": "NT", "places_n": 31.0, "min_lon": -93.94412252205997, "min_lat": 11.629086884151889, "max_lon": -84.750678611105286, "max_lat": 17.197086597602549 }, "geometry": { "type": "Point", "coordinates": [ -89.347400566582621, 14.413086740877219 ] } },
{ "type": "Feature", "properties": { "eco_name": "Central Anatolian steppe", "biome": 8.0, "realm": "PA", "places_n": 2.0, "min_lon": 31.018743567660636, "min_lat": 37.219944392172636, "max_lon": 34.810184484548273, "max_lat": 40.253514577988881 }, "geometry": { "type": "Point", "coordinates": [ 32.914464026104454, 38.736729485080758 ] } },
{ "type": "Feature", "properties": { "eco_name": "Central Anatolian steppe and woodlands", "biome": 4.0, "realm": "PA", "places_n": 9.0, "min_lon": 30.964767463921788, "min_lat": 36.766588706662901, "max_lon": 37.822090468120962, "max_lat": 40.519285449552399 }, "geometry": { "type": "Point", "coordinates": [ 34.393428966021375, 38.64293707810765 ] } },
{ "type": "Feature", "properties": { "eco_name": "Central Andean dry puna", "biome": 10.0, "realm": "NT", "places_n": 12.0, "min_lon": -69.75028955808412, "min_lat": -26.971435039729869, "max_lon": -65.139770570871988, "max_lat": -16.66130553930239 }, "geometry": { "type": "Point", "coordinates": [ -67.445030064478061, -21.816370289516129 ] } },
{ "type": "Feature", "properties": { "eco_name": "Central Andean puna", "biome": 10.0, "realm": "NT", "places_n": 11.0, "min_lon": -75.146934504360303, "min_lat": -29.758933838120015, "max_lon": -64.164710479087219, "max_lat": -13.078140164368904 }, "geometry": { "type": "Point", "coordinates": [ -69.655822491723768, -21.418537001244459 ] } },
{ "type": "Feature", "properties": { "eco_name": "Central Andean wet puna", "biome": 10.0, "realm": "NT", "places_n": 15.0, "min_lon": -78.103996521938555, "min_lat": -17.293086630235933, "max_lon": -67.299804623191861, "max_lat": -8.2344636203270625 }, "geometry": { "type": "Point", "coordinates": [ -72.701900572565208, -12.763775125281498 ] } },
{ "type": "Feature", "properties": { "eco_name": "Central and Southern Cascades forests", "biome": 5.0, "realm": "NA", "places_n": 0.0, "min_lon": -123.23907464263829, "min_lat": 42.078588668366876, "max_lon": -121.04062666330572, "max_lat": 47.533977512550621 }, "geometry": { "type": "Point", "coordinates": [ -122.139850652972001, 44.806283090458749 ] } },
{ "type": "Feature", "properties": { "eco_name": "Central and Southern mixed grasslands", "biome": 8.0, "realm": "NA", "places_n": 20.0, "min_lon": -101.76260356106225, "min_lat": 30.761142159944256, "max_lon": -96.543281632303163, "max_lat": 41.959525410029471 }, "geometry": { "type": "Point", "coordinates": [ -99.152942596682706, 36.360333784986864 ] } },
{ "type": "Feature", "properties": { "eco_name": "Central Asian northern desert", "biome": 13.0, "realm": "PA", "places_n": 17.0, "min_lon": 50.225189575308804, "min_lat": 42.216107536409311, "max_lon": 81.07659959384705, "max_lat": 47.892341089284628 }, "geometry": { "type": "Point", "coordinates": [ 65.650894584577927, 45.054224312846969 ] } },
{ "type": "Feature", "properties": { "eco_name": "Central Asian riparian woodlands", "biome": 13.0, "realm": "PA", "places_n": 14.0, "min_lon": 58.293521569520578, "min_lat": 37.62154735758196, "max_lon": 76.747268647999476, "max_lat": 46.299932202743378 }, "geometry": { "type": "Point", "coordinates": [ 67.520395108760027, 41.960739780162669 ] } },
{ "type": "Feature", "properties": { "eco_name": "Central Asian southern desert", "biome": 13.0, "realm": "PA", "places_n": 9.0, "min_lon": 52.161228496806643, "min_lat": 36.181342265822138, "max_lon": 68.154296569741831, "max_lat": 44.427028122954709 }, "geometry": { "type": "Point", "coordinates": [ 60.157762533274237, 40.304185194388424 ] } },
{ "type": "Feature", "properties": { "eco_name": "Central British Columbia Mountain forests", "biome": 5.0, "realm": "NA", "places_n": 0.0, "min_lon": -129.09451261501923, "min_lat": 53.693121676835972, "max_lon": -120.07420361983709, "max_lat": 57.248029979758144 }, "geometry": { "type": "Point", "coordinates": [ -124.584358117428167, 55.470575828297058 ] } },
{ "type": "Feature", "properties": { "eco_name": "Central Canadian Shield forests", "biome": 6.0, "realm": "NA", "places_n": 16.0, "min_lon": -91.98947158454375, "min_lat": 47.559028506594416, "max_lon": -69.867118536309007, "max_lat": 55.005649093080876 }, "geometry": { "type": "Point", "coordinates": [ -80.928295060426379, 51.282338799837646 ] } },
{ "type": "Feature", "properties": { "eco_name": "Central China loess plateau mixed forests", "biome": 4.0, "realm": "PA", "places_n": 22.0, "min_lon": 104.15210763572554, "min_lat": 33.972723182252821, "max_lon": 122.44525862267989, "max_lat": 43.943856163803389 }, "geometry": { "type": "Point", "coordinates": [ 113.298683129202715, 38.958289673028105 ] } },
{ "type": "Feature", "properties": { "eco_name": "Central Congolian lowland forests", "biome": 1.0, "realm": "AT", "places_n": 2.0, "min_lon": 16.354799582187354, "min_lat": -4.3770090132629775, "max_lon": 25.722927552260899, "max_lat": 2.0421820209020325 }, "geometry": { "type": "Point", "coordinates": [ 21.038863567224126, -1.167413496180473 ] } },
{ "type": "Feature", "properties": { "eco_name": "Central Deccan Plateau dry deciduous forests", "biome": 2.0, "realm": "IM", "places_n": 17.0, "min_lon": 74.475830552833003, "min_lat": 14.404697293981144, "max_lon": 81.41541254904422, "max_lat": 21.703767550695488 }, "geometry": { "type": "Point", "coordinates": [ 77.945621550938611, 18.054232422338316 ] } },
{ "type": "Feature", "properties": { "eco_name": "Central European mixed forests", "biome": 4.0, "realm": "PA", "places_n": 78.0, "min_lon": 9.7740974879462499, "min_lat": 44.169818694940602, "max_lon": 35.393238554792418, "max_lat": 56.007771165121142 }, "geometry": { "type": "Point", "coordinates": [ 22.583668021369334, 50.088794930030872 ] } },
{ "type": "Feature", "properties": { "eco_name": "Central forest-grasslands transition", "biome": 8.0, "realm": "NA", "places_n": 45.0, "min_lon": -99.643615520992682, "min_lat": 31.176198750514914, "max_lon": -86.21211958985603, "max_lat": 42.800957680867555 }, "geometry": { "type": "Point", "coordinates": [ -92.927867555424356, 36.988578215691234 ] } },
{ "type": "Feature", "properties": { "eco_name": "Central Indochina dry forests", "biome": 2.0, "realm": "IM", "places_n": 43.0, "min_lon": 98.537795560254551, "min_lat": 10.458264928951394, "max_lon": 108.25814065745783, "max_lat": 20.445292513508377 }, "geometry": { "type": "Point", "coordinates": [ 103.39796810885619, 15.451778721229886 ] } },
{ "type": "Feature", "properties": { "eco_name": "Central Korean deciduous forests", "biome": 4.0, "realm": "PA", "places_n": 33.0, "min_lon": 124.66110257151701, "min_lat": 34.915362743077026, "max_lon": 129.58834870195261, "max_lat": 40.439768345709695 }, "geometry": { "type": "Point", "coordinates": [ 127.124725636734809, 37.67756554439336 ] } },
{ "type": "Feature", "properties": { "eco_name": "Central Mexican matorral", "biome": 13.0, "realm": "NA", "places_n": 12.0, "min_lon": -103.74647565709398, "min_lat": 19.105382593030299, "max_lon": -98.205230643328107, "max_lat": 23.011256102022685 }, "geometry": { "type": "Point", "coordinates": [ -100.975853150211037, 21.058319347526492 ] } },
{ "type": "Feature", "properties": { "eco_name": "Central Pacific coastal forests", "biome": 5.0, "realm": "NA", "places_n": 10.0, "min_lon": -128.43739370131499, "min_lat": 42.089929551011892, "max_lon": -122.68677561919219, "max_lat": 50.873862506179989 }, "geometry": { "type": "Point", "coordinates": [ -125.562084660253589, 46.481896028595941 ] } },
{ "type": "Feature", "properties": { "eco_name": "Central Persian desert basins", "biome": 13.0, "realm": "PA", "places_n": 19.0, "min_lon": 48.393917570441005, "min_lat": 28.7619310134491, "max_lon": 63.103382498636051, "max_lat": 37.704019920487099 }, "geometry": { "type": "Point", "coordinates": [ 55.748650034538528, 33.232975466968099 ] } },
{ "type": "Feature", "properties": { "eco_name": "Central Polynesian tropical moist forests", "biome": 1.0, "realm": "OC", "places_n": 0.0, "min_lon": -169.54348760127576, "min_lat": -13.456864892677572, "max_lon": -150.20835859264483, "max_lat": 16.739949835566847 }, "geometry": { "type": "Point", "coordinates": [ -159.875923096960292, 1.641542471444637 ] } },
{ "type": "Feature", "properties": { "eco_name": "Central Range montane rain forests", "biome": 1.0, "realm": "AA", "places_n": 5.0, "min_lon": 135.05259654724881, "min_lat": -7.5277642405513348, "max_lon": 146.37033055495061, "max_lat": -2.8917582326918136 }, "geometry": { "type": "Point", "coordinates": [ 140.711463551099712, -5.209761236621574 ] } },
{ "type": "Feature", "properties": { "eco_name": "Central Range sub-alpine grasslands", "biome": 10.0, "realm": "AA", "places_n": 0.0, "min_lon": 135.66415361454369, "min_lat": -8.9753554653962624, "max_lon": 147.60003672111799, "max_lat": -3.4216059931854943 }, "geometry": { "type": "Point", "coordinates": [ 141.63209516783084, -6.198480729290878 ] } },
{ "type": "Feature", "properties": { "eco_name": "Central Ranges xeric scrub", "biome": 13.0, "realm": "AA", "places_n": 3.0, "min_lon": 126.56163055435064, "min_lat": -27.354910295486718, "max_lon": 136.22212266021717, "max_lat": -20.934169782699229 }, "geometry": { "type": "Point", "coordinates": [ 131.391876607283905, -24.144540039092973 ] } },
{ "type": "Feature", "properties": { "eco_name": "Central tall grasslands", "biome": 8.0, "realm": "NA", "places_n": 20.0, "min_lon": -97.804847580108088, "min_lat": 39.131764977888906, "max_lon": -90.135589563477183, "max_lat": 46.202351929902704 }, "geometry": { "type": "Point", "coordinates": [ -93.970218571792628, 42.667058453895805 ] } },
{ "type": "Feature", "properties": { "eco_name": "Central Tibetan Plateau alpine steppe", "biome": 10.0, "realm": "PA", "places_n": 2.0, "min_lon": 77.85984760782668, "min_lat": 29.186341137420015, "max_lon": 101.75290653726967, "max_lat": 38.30805104455186 }, "geometry": { "type": "Point", "coordinates": [ 89.806377072548173, 33.747196090985938 ] } },
{ "type": "Feature", "properties": { "eco_name": "Central U.S. hardwood forests", "biome": 4.0, "realm": "NA", "places_n": 26.0, "min_lon": -95.115928512694182, "min_lat": 33.771022908069824, "max_lon": -83.326217583370664, "max_lat": 40.130637050788891 }, "geometry": { "type": "Point", "coordinates": [ -89.221073048032423, 36.950829979429358 ] } },
{ "type": "Feature", "properties": { "eco_name": "Central Zambezian Miombo woodlands", "biome": 7.0, "realm": "AT", "places_n": 65.0, "min_lon": 21.60036055594739, "min_lat": -17.163141314633776, "max_lon": 36.004508458084274, "max_lat": -1.4360040399748186 }, "geometry": { "type": "Point", "coordinates": [ 28.802434507015832, -9.299572677304297 ] } },
{ "type": "Feature", "properties": { "eco_name": "Cerrado", "biome": 7.0, "realm": "NT", "places_n": 71.0, "min_lon": -62.44377147747727, "min_lat": -25.530658302172924, "max_lon": -41.372337594682762, "max_lat": -4.7138942983660286 }, "geometry": { "type": "Point", "coordinates": [ -51.908054536080016, -15.122276300269476 ] } },
{ "type": "Feature", "properties": { "eco_name": "Changbai Mountains mixed forests", "biome": 4.0, "realm": "PA", "places_n": 6.0, "min_lon": 124.69374857567317, "min_lat": 38.447594645127197, "max_lon": 130.26892068367778, "max_lat": 45.742057537299786 }, "geometry": { "type": "Point", "coordinates": [ 127.481334629675473, 42.094826091213491 ] } },
{ "type": "Feature", "properties": { "eco_name": "Changjiang Plain evergreen forests", "biome": 4.0, "realm": "PA", "places_n": 53.0, "min_lon": 110.63525359700714, "min_lat": 26.600521490816845, "max_lon": 122.32666055996913, "max_lat": 33.943233132283183 }, "geometry": { "type": "Point", "coordinates": [ 116.480957078488132, 30.271877311550014 ] } },
{ "type": "Feature", "properties": { "eco_name": "Chao Phraya freshwater swamp forests", "biome": 1.0, "realm": "IM", "places_n": 19.0, "min_lon": 99.47059661076031, "min_lat": 12.972441599200238, "max_lon": 101.83260351675472, "max_lat": 17.248095507614551 }, "geometry": { "type": "Point", "coordinates": [ 100.651600063757513, 15.110268553407394 ] } },
{ "type": "Feature", "properties": { "eco_name": "Chao Phraya lowland moist deciduous forests", "biome": 1.0, "realm": "IM", "places_n": 5.0, "min_lon": 98.338981510613678, "min_lat": 11.183183548762372, "max_lon": 102.19696753033952, "max_lat": 15.230493627345027 }, "geometry": { "type": "Point", "coordinates": [ 100.267974520476599, 13.206838588053699 ] } },
{ "type": "Feature", "properties": { "eco_name": "Chatham Island temperate forests", "biome": 4.0, "realm": "AA", "places_n": 1.0, "min_lon": -176.8494566672241, "min_lat": -44.343700019191459, "max_lon": -176.11499072441131, "max_lat": -43.700917680329923 }, "geometry": { "type": "Point", "coordinates": [ -176.482223695817709, -44.022308849760691 ] } },
{ "type": "Feature", "properties": { "eco_name": "Cherskii-Kolyma mountain tundra", "biome": 11.0, "realm": "PA", "places_n": 2.0, "min_lon": 126.32479853880341, "min_lat": 59.13662766451489, "max_lon": 170.18267862989956, "max_lat": 71.725617435377615 }, "geometry": { "type": "Point", "coordinates": [ 148.253738584351481, 65.431122549946252 ] } },
{ "type": "Feature", "properties": { "eco_name": "Chhota-Nagpur dry deciduous forests", "biome": 2.0, "realm": "IM", "places_n": 5.0, "min_lon": 82.000747502782588, "min_lat": 21.306089495270726, "max_lon": 87.804550604621795, "max_lat": 25.279283433145849 }, "geometry": { "type": "Point", "coordinates": [ 84.902649053702191, 23.292686464208288 ] } },
{ "type": "Feature", "properties": { "eco_name": "Chiapas Depression dry forests", "biome": 2.0, "realm": "NT", "places_n": 1.0, "min_lon": -94.059623639182561, "min_lat": 15.446633909056004, "max_lon": -91.697029664689225, "max_lat": 17.1204523655407 }, "geometry": { "type": "Point", "coordinates": [ -92.878326651935893, 16.283543137298352 ] } },
{ "type": "Feature", "properties": { "eco_name": "Chiapas montane forests", "biome": 1.0, "realm": "NT", "places_n": 0.0, "min_lon": -93.41855657298845, "min_lat": 15.961530030651375, "max_lon": -91.184600504838741, "max_lat": 17.371410905436846 }, "geometry": { "type": "Point", "coordinates": [ -92.301578538913589, 16.66647046804411 ] } },
{ "type": "Feature", "properties": { "eco_name": "Chihuahuan desert", "biome": 13.0, "realm": "NA", "places_n": 35.0, "min_lon": -111.63961766051072, "min_lat": 24.175558948203388, "max_lon": -100.34917462665935, "max_lat": 34.356520470729947 }, "geometry": { "type": "Point", "coordinates": [ -105.994396143585035, 29.266039709466668 ] } },
{ "type": "Feature", "properties": { "eco_name": "Chilean matorral", "biome": 12.0, "realm": "NT", "places_n": 39.0, "min_lon": -73.157035484663695, "min_lat": -39.476726645804007, "max_lon": -69.091834569012477, "max_lat": -22.958491770026882 }, "geometry": { "type": "Point", "coordinates": [ -71.124435026838086, -31.217609207915444 ] } },
{ "type": "Feature", "properties": { "eco_name": "Chimalapas montane forests", "biome": 1.0, "realm": "NT", "places_n": 0.0, "min_lon": -94.544570550151931, "min_lat": 16.356090018091948, "max_lon": -93.837768575881256, "max_lat": 16.936905784910039 }, "geometry": { "type": "Point", "coordinates": [ -94.191169563016587, 16.646497901500993 ] } },
{ "type": "Feature", "properties": { "eco_name": "Chin Hills-Arakan Yoma montane forests", "biome": 1.0, "realm": "IM", "places_n": 1.0, "min_lon": 93.023063512085628, "min_lat": 18.487457290972884, "max_lon": 94.896583661758314, "max_lat": 24.090602324470865 }, "geometry": { "type": "Point", "coordinates": [ 93.959823586921971, 21.289029807721874 ] } },
{ "type": "Feature", "properties": { "eco_name": "Chiquitano dry forests", "biome": 2.0, "realm": "NT", "places_n": 13.0, "min_lon": -64.16705355630306, "min_lat": -19.426557760815825, "max_lon": -56.668586540038547, "max_lat": -12.175918308332371 }, "geometry": { "type": "Point", "coordinates": [ -60.417820048170803, -15.801238034574098 ] } },
{ "type": "Feature", "properties": { "eco_name": "Chocó-Darién moist forests", "biome": 1.0, "realm": "NT", "places_n": 3.0, "min_lon": -79.143501546899984, "min_lat": 1.1986527655255941, "max_lon": -76.192855540932385, "max_lat": 9.5665648759808164 }, "geometry": { "type": "Point", "coordinates": [ -77.668178543916184, 5.382608820753205 ] } },
{ "type": "Feature", "properties": { "eco_name": "Christmas and Cocos Islands tropical forests", "biome": 1.0, "realm": "IM", "places_n": 0.0, "min_lon": 96.817489559972955, "min_lat": -12.199112543182991, "max_lon": 105.7518996378667, "max_lat": -10.383320237113992 }, "geometry": { "type": "Point", "coordinates": [ 101.284694598919828, -11.291216390148492 ] } },
{ "type": "Feature", "properties": { "eco_name": "Chukchi Peninsula tundra", "biome": 11.0, "realm": "PA", "places_n": 6.0, "min_lon": -179.99998860061166, "min_lat": 64.233974294132622, "max_lon": 179.9999886006118, "max_lat": 70.128584755764336 }, "geometry": { "type": "Point", "coordinates": [ 0.0, 67.181279524948479 ] } },
{ "type": "Feature", "properties": { "eco_name": "Clipperton Island shrub and grasslands", "biome": 7.0, "realm": "NT", "places_n": 0.0, "min_lon": -109.25738354575452, "min_lat": 10.27330817692922, "max_lon": -109.18345264510731, "max_lat": 10.340711251377286 }, "geometry": { "type": "Point", "coordinates": [ -109.220418095430915, 10.307009714153253 ] } },
{ "type": "Feature", "properties": { "eco_name": "Cocos Island moist forests", "biome": 1.0, "realm": "NT", "places_n": 0.0, "min_lon": -87.094650511296408, "min_lat": 5.4986656580568365, "max_lon": -87.027442567554417, "max_lat": 5.5566742954171673 }, "geometry": { "type": "Point", "coordinates": [ -87.061046539425405, 5.527669976737002 ] } },
{ "type": "Feature", "properties": { "eco_name": "Colorado Plateau shrublands", "biome": 13.0, "realm": "NA", "places_n": 17.0, "min_lon": -114.20317061366954, "min_lat": 33.498924537793243, "max_lon": -104.31456752724183, "max_lat": 40.912693931133617 }, "geometry": { "type": "Point", "coordinates": [ -109.258869070455688, 37.20580923446343 ] } },
{ "type": "Feature", "properties": { "eco_name": "Colorado Rockies forests", "biome": 5.0, "realm": "NA", "places_n": 4.0, "min_lon": -109.04036752279897, "min_lat": 35.17419541046155, "max_lon": -103.87921164354196, "max_lat": 42.826050584427264 }, "geometry": { "type": "Point", "coordinates": [ -106.459789583170476, 39.000122997444407 ] } },
{ "type": "Feature", "properties": { "eco_name": "Comoros forests", "biome": 1.0, "realm": "AT", "places_n": 2.0, "min_lon": 43.215789510704354, "min_lat": -12.999189677181391, "max_lon": 45.292949506956631, "max_lat": -11.361552041063305 }, "geometry": { "type": "Point", "coordinates": [ 44.254369508830493, -12.180370859122348 ] } },
{ "type": "Feature", "properties": { "eco_name": "Cook Inlet taiga", "biome": 6.0, "realm": "NA", "places_n": 6.0, "min_lon": -152.54527259507952, "min_lat": 59.763176268567236, "max_lon": -148.65887460577144, "max_lat": 62.975426334387862 }, "geometry": { "type": "Point", "coordinates": [ -150.602073600425484, 61.369301301477549 ] } },
{ "type": "Feature", "properties": { "eco_name": "Cook Islands tropical moist forests", "biome": 1.0, "realm": "OC", "places_n": 1.0, "min_lon": -159.83941663965501, "min_lat": -21.942680541345794, "max_lon": -157.31213369031269, "max_lat": -18.825138773059109 }, "geometry": { "type": "Point", "coordinates": [ -158.575775164983838, -20.383909657202452 ] } },
{ "type": "Feature", "properties": { "eco_name": "Coolgardie woodlands", "biome": 12.0, "realm": "AA", "places_n": 3.0, "min_lon": 117.60582768023841, "min_lat": -33.211815939115013, "max_lon": 129.4365086817694, "max_lat": -29.605216606899859 }, "geometry": { "type": "Point", "coordinates": [ 123.521168181003901, -31.408516273007436 ] } },
{ "type": "Feature", "properties": { "eco_name": "Copper Plateau taiga", "biome": 6.0, "realm": "NA", "places_n": 1.0, "min_lon": -147.38255265268853, "min_lat": 61.004014775628377, "max_lon": -142.18116766146545, "max_lat": 62.875736168877893 }, "geometry": { "type": "Point", "coordinates": [ -144.781860157077006, 61.939875472253135 ] } },
{ "type": "Feature", "properties": { "eco_name": "Cordillera Central páramo", "biome": 10.0, "realm": "NT", "places_n": 0.0, "min_lon": -79.55340561394587, "min_lat": -9.1823299683382515, "max_lon": -76.512092561245055, "max_lat": -4.0920630294252192 }, "geometry": { "type": "Point", "coordinates": [ -78.032749087595462, -6.637196498881735 ] } },
{ "type": "Feature", "properties": { "eco_name": "Cordillera de Merida páramo", "biome": 10.0, "realm": "NT", "places_n": 0.0, "min_lon": -71.9912875983742, "min_lat": 7.9538967618075844, "max_lon": -70.096267531760375, "max_lat": 9.6207679616578616 }, "geometry": { "type": "Point", "coordinates": [ -71.043777565067288, 8.787332361732723 ] } },
{ "type": "Feature", "properties": { "eco_name": "Cordillera La Costa montane forests", "biome": 1.0, "realm": "NT", "places_n": 2.0, "min_lon": -69.143173558371814, "min_lat": 9.8173311350178665, "max_lon": -61.938030573452821, "max_lat": 10.762822722219255 }, "geometry": { "type": "Point", "coordinates": [ -65.54060206591231, 10.290076928618561 ] } },
{ "type": "Feature", "properties": { "eco_name": "Cordillera Oriental montane forests", "biome": 1.0, "realm": "NT", "places_n": 2.0, "min_lon": -76.074119512095251, "min_lat": 1.3141832193093137, "max_lon": -71.811164522279711, "max_lat": 11.204488334997393 }, "geometry": { "type": "Point", "coordinates": [ -73.942642017187481, 6.259335777153353 ] } },
{ "type": "Feature", "properties": { "eco_name": "Corsican montane broadleaf and mixed forests", "biome": 12.0, "realm": "PA", "places_n": 0.0, "min_lon": 8.6512674605259292, "min_lat": 41.539069029790085, "max_lon": 9.3413715101891341, "max_lat": 42.562896375399532 }, "geometry": { "type": "Point", "coordinates": [ 8.996319485357532, 42.050982702594808 ] } },
{ "type": "Feature", "properties": { "eco_name": "Costa Rican seasonal moist forests", "biome": 1.0, "realm": "NT", "places_n": 6.0, "min_lon": -86.419914513481629, "min_lat": 9.5509037927971008, "max_lon": -83.765594601303675, "max_lat": 12.165918111101689 }, "geometry": { "type": "Point", "coordinates": [ -85.092754557392652, 10.858410951949395 ] } },
{ "type": "Feature", "properties": { "eco_name": "Crete Mediterranean forests", "biome": 12.0, "realm": "PA", "places_n": 2.0, "min_lon": 23.516693455423336, "min_lat": 34.922427681632087, "max_lon": 26.321910591314492, "max_lat": 35.6533477441223 }, "geometry": { "type": "Point", "coordinates": [ 24.919302023368914, 35.287887712877193 ] } },
{ "type": "Feature", "properties": { "eco_name": "Crimean Submediterranean forest complex", "biome": 4.0, "realm": "PA", "places_n": 8.0, "min_lon": 33.36527245123682, "min_lat": 43.763504597028145, "max_lon": 42.004734587862316, "max_lat": 45.257170976033308 }, "geometry": { "type": "Point", "coordinates": [ 37.685003519549568, 44.510337786530727 ] } },
{ "type": "Feature", "properties": { "eco_name": "Cross-Niger transition forests", "biome": 1.0, "realm": "AT", "places_n": 7.0, "min_lon": 6.6369435749533352, "min_lat": 4.6334673389329737, "max_lon": 8.1793265810879632, "max_lat": 6.4176390828812373 }, "geometry": { "type": "Point", "coordinates": [ 7.408135078020649, 5.525553210907105 ] } },
{ "type": "Feature", "properties": { "eco_name": "Cross-Sanaga-Bioko coastal forests", "biome": 1.0, "realm": "AT", "places_n": 6.0, "min_lon": 7.923959495393575, "min_lat": 3.209715755483785, "max_lon": 11.164840466107563, "max_lat": 6.5758335915057273 }, "geometry": { "type": "Point", "coordinates": [ 9.544399980750569, 4.892774673494756 ] } },
{ "type": "Feature", "properties": { "eco_name": "Cuban cactus scrub", "biome": 13.0, "realm": "NT", "places_n": 2.0, "min_lon": -84.869766512238058, "min_lat": 19.82671476410718, "max_lon": -74.131774549556539, "max_lat": 23.210896774955529 }, "geometry": { "type": "Point", "coordinates": [ -79.500770530897299, 21.518805769531355 ] } },
{ "type": "Feature", "properties": { "eco_name": "Cuban dry forests", "biome": 2.0, "realm": "NT", "places_n": 16.0, "min_lon": -84.957427640851691, "min_lat": 17.404053724469804, "max_lon": -74.50283050700483, "max_lat": 23.166019227122092 }, "geometry": { "type": "Point", "coordinates": [ -79.730129073928254, 20.285036475795948 ] } },
{ "type": "Feature", "properties": { "eco_name": "Cuban moist forests", "biome": 1.0, "realm": "NT", "places_n": 6.0, "min_lon": -84.34146152484432, "min_lat": 19.845352428749322, "max_lon": -74.199386501031967, "max_lat": 23.114626928858513 }, "geometry": { "type": "Point", "coordinates": [ -79.27042401293815, 21.479989678803918 ] } },
{ "type": "Feature", "properties": { "eco_name": "Cuban pine forests", "biome": 3.0, "realm": "NT", "places_n": 1.0, "min_lon": -84.402328558828174, "min_lat": 19.95445446570568, "max_lon": -74.322105610261787, "max_lat": 22.869392725922353 }, "geometry": { "type": "Point", "coordinates": [ -79.36221708454498, 21.411923595814017 ] } },
{ "type": "Feature", "properties": { "eco_name": "Cuban wetlands", "biome": 9.0, "realm": "NT", "places_n": 0.0, "min_lon": -84.433837641636586, "min_lat": 20.343510224963893, "max_lon": -76.973876585681708, "max_lat": 23.078701588900913 }, "geometry": { "type": "Point", "coordinates": [ -80.703857113659154, 21.711105906932403 ] } },
{ "type": "Feature", "properties": { "eco_name": "Cyprus Mediterranean forests", "biome": 12.0, "realm": "PA", "places_n": 5.0, "min_lon": 32.273086494216415, "min_lat": 34.561509133169807, "max_lon": 34.597919491955054, "max_lat": 35.699507387866618 }, "geometry": { "type": "Point", "coordinates": [ 33.435502993085734, 35.130508260518212 ] } },
{ "type": "Feature", "properties": { "eco_name": "Daba Mountains evergreen forests", "biome": 4.0, "realm": "PA", "places_n": 9.0, "min_lon": 103.57769061379753, "min_lat": 29.260402292842684, "max_lon": 112.87588467757587, "max_lat": 33.353448058506729 }, "geometry": { "type": "Point", "coordinates": [ 108.226787645686699, 31.306925175674706 ] } },
{ "type": "Feature", "properties": { "eco_name": "Da Hinggan-Dzhagdy Mountains conifer forests", "biome": 5.0, "realm": "PA", "places_n": 7.0, "min_lon": 119.65881359715792, "min_lat": 46.709425724171354, "max_lon": 131.98339857903795, "max_lat": 54.525458241615752 }, "geometry": { "type": "Point", "coordinates": [ 125.821106088097935, 50.617441982893553 ] } },
{ "type": "Feature", "properties": { "eco_name": "Daurian forest steppe", "biome": 8.0, "realm": "PA", "places_n": 12.0, "min_lon": 104.44175754362971, "min_lat": 47.178087267807939, "max_lon": 120.05098759203833, "max_lat": 53.181407660965078 }, "geometry": { "type": "Point", "coordinates": [ 112.246372567834015, 50.179747464386509 ] } },
{ "type": "Feature", "properties": { "eco_name": "Davis Highlands tundra", "biome": 11.0, "realm": "NA", "places_n": 0.0, "min_lon": -80.763191516645946, "min_lat": 65.511372315946232, "max_lon": -61.269004495724531, "max_lat": 73.730280004065037 }, "geometry": { "type": "Point", "coordinates": [ -71.016098006185246, 69.620826160005635 ] } },
{ "type": "Feature", "properties": { "eco_name": "Deccan thorn scrub forests", "biome": 13.0, "realm": "IM", "places_n": 27.0, "min_lon": 73.694221601394389, "min_lat": 8.2021140840866451, "max_lon": 81.151702619835419, "max_lat": 21.957022899701883 }, "geometry": { "type": "Point", "coordinates": [ 77.422962110614904, 15.079568491894264 ] } },
{ "type": "Feature", "properties": { "eco_name": "Dinaric Mountains mixed forests", "biome": 4.0, "realm": "PA", "places_n": 2.0, "min_lon": 13.186246556955808, "min_lat": 42.096075497701975, "max_lon": 20.615648535009058, "max_lat": 46.449914793181222 }, "geometry": { "type": "Point", "coordinates": [ 16.900947545982433, 44.272995145441598 ] } },
{ "type": "Feature", "properties": { "eco_name": "Drakensberg alti-montane grasslands and woodlands", "biome": 10.0, "realm": "AT", "places_n": 1.0, "min_lon": 27.346506557445821, "min_lat": -31.291036440000369, "max_lon": 29.651102455776879, "max_lat": -28.582027962312992 }, "geometry": { "type": "Point", "coordinates": [ 28.49880450661135, -29.93653220115668 ] } },
{ "type": "Feature", "properties": { "eco_name": "Drakensberg montane grasslands, woodlands and forests", "biome": 10.0, "realm": "AT", "places_n": 16.0, "min_lon": 23.453763467428018, "min_lat": -33.586095073613393, "max_lon": 32.305736521686129, "max_lat": -22.32455904454622 }, "geometry": { "type": "Point", "coordinates": [ 27.879749994557073, -27.955327059079806 ] } },
{ "type": "Feature", "properties": { "eco_name": "Dry Chaco", "biome": 7.0, "realm": "NT", "places_n": 37.0, "min_lon": -67.720085486378608, "min_lat": -33.868649868111021, "max_lon": -57.990444523268962, "max_lat": -17.540598196266956 }, "geometry": { "type": "Point", "coordinates": [ -62.855265004823785, -25.704624032188988 ] } },
{ "type": "Feature", "properties": { "eco_name": "East Afghan montane conifer forests", "biome": 5.0, "realm": "PA", "places_n": 1.0, "min_lon": 66.777877593568434, "min_lat": 29.540871334552207, "max_lon": 70.938583590470216, "max_lat": 35.645080840650678 }, "geometry": { "type": "Point", "coordinates": [ 68.858230592019325, 32.592976087601443 ] } },
{ "type": "Feature", "properties": { "eco_name": "East African halophytics", "biome": 9.0, "realm": "AT", "places_n": 0.0, "min_lon": 34.985538593007618, "min_lat": -6.2518239993393649, "max_lon": 36.2589184980732, "max_lat": -2.1038771031011834 }, "geometry": { "type": "Point", "coordinates": [ 35.622228545540409, -4.177850551220274 ] } },
{ "type": "Feature", "properties": { "eco_name": "East African mangroves", "biome": 14.0, "realm": "AT", "places_n": 7.0, "min_lon": 34.479358477256369, "min_lat": -24.00062167178919, "max_lon": 42.564170466592856, "max_lat": -0.35689569593893111 }, "geometry": { "type": "Point", "coordinates": [ 38.521764471924612, -12.178758683864061 ] } },
{ "type": "Feature", "properties": { "eco_name": "East African montane forests", "biome": 1.0, "realm": "AT", "places_n": 11.0, "min_lon": 32.539947516107929, "min_lat": -4.5549600029665385, "max_lon": 38.063301525167219, "max_lat": 4.5631865894840189 }, "geometry": { "type": "Point", "coordinates": [ 35.301624520637574, 0.00411329325874 ] } },
{ "type": "Feature", "properties": { "eco_name": "East African montane moorlands", "biome": 10.0, "realm": "AT", "places_n": 0.0, "min_lon": 34.421058484941398, "min_lat": -3.3159407041723057, "max_lon": 37.561214460378409, "max_lat": 1.2329813529267426 }, "geometry": { "type": "Point", "coordinates": [ 35.991136472659903, -1.041479675622782 ] } },
{ "type": "Feature", "properties": { "eco_name": "East Central Texas forests", "biome": 4.0, "realm": "NA", "places_n": 2.0, "min_lon": -98.756545631340501, "min_lat": 28.091393343300751, "max_lon": -95.021438647557162, "max_lat": 33.457765034573868 }, "geometry": { "type": "Point", "coordinates": [ -96.888992139448831, 30.774579188937309 ] } },
{ "type": "Feature", "properties": { "eco_name": "East Deccan dry-evergreen forests", "biome": 2.0, "realm": "IM", "places_n": 4.0, "min_lon": 78.777343638396019, "min_lat": 9.514735545285248, "max_lon": 80.294532655218518, "max_lat": 14.224169371962887 }, "geometry": { "type": "Point", "coordinates": [ 79.535938146807268, 11.869452458624068 ] } },
{ "type": "Feature", "properties": { "eco_name": "Eastern Anatolian deciduous forests", "biome": 4.0, "realm": "PA", "places_n": 8.0, "min_lon": 36.015014503172239, "min_lat": 36.869380343988723, "max_lon": 41.905731570775316, "max_lat": 40.441611190943547 }, "geometry": { "type": "Point", "coordinates": [ 38.960373036973778, 38.655495767466135 ] } },
{ "type": "Feature", "properties": { "eco_name": "Eastern Anatolian montane steppe", "biome": 8.0, "realm": "PA", "places_n": 19.0, "min_lon": 40.574012613725955, "min_lat": 36.057093291623289, "max_lon": 48.784900496879061, "max_lat": 41.726541190957562 }, "geometry": { "type": "Point", "coordinates": [ 44.679456555302508, 38.891817241290425 ] } },
{ "type": "Feature", "properties": { "eco_name": "Eastern Arc forests", "biome": 1.0, "realm": "AT", "places_n": 2.0, "min_lon": 34.875049518712473, "min_lat": -8.9927822803045387, "max_lon": 38.819549519782328, "max_lat": -2.6500982409110634 }, "geometry": { "type": "Point", "coordinates": [ 36.8472995192474, -5.821440260607801 ] } },
{ "type": "Feature", "properties": { "eco_name": "Eastern Australia mulga shrublands", "biome": 8.0, "realm": "AA", "places_n": 2.0, "min_lon": 142.15722659904134, "min_lat": -31.843978858334822, "max_lon": 148.81512468049567, "max_lat": -24.592662315712232 }, "geometry": { "type": "Point", "coordinates": [ 145.486175639768504, -28.218320587023527 ] } },
{ "type": "Feature", "properties": { "eco_name": "Eastern Australian temperate forests", "biome": 4.0, "realm": "AA", "places_n": 38.0, "min_lon": 149.58157361892285, "min_lat": -35.618829306613804, "max_lon": 153.63726761234557, "max_lat": -23.913653056016557 }, "geometry": { "type": "Point", "coordinates": [ 151.609420615634207, -29.766241181315181 ] } },
{ "type": "Feature", "properties": { "eco_name": "Eastern Canadian forests", "biome": 6.0, "realm": "NA", "places_n": 25.0, "min_lon": -74.362213519907812, "min_lat": 46.05248752429975, "max_lon": -52.63328554942261, "max_lat": 54.572773246894826 }, "geometry": { "type": "Point", "coordinates": [ -63.497749534665211, 50.312630385597288 ] } },
{ "type": "Feature", "properties": { "eco_name": "Eastern Canadian Shield taiga", "biome": 6.0, "realm": "NA", "places_n": 6.0, "min_lon": -79.766654641972806, "min_lat": 51.422451196362999, "max_lon": -55.580345609570358, "max_lat": 59.487653387926173 }, "geometry": { "type": "Point", "coordinates": [ -67.673500125771582, 55.455052292144586 ] } },
{ "type": "Feature", "properties": { "eco_name": "Eastern Cascades forests", "biome": 5.0, "realm": "NA", "places_n": 2.0, "min_lon": -122.48624462050324, "min_lat": 40.634137136816321, "max_lon": -120.07134958180319, "max_lat": 47.336703218524519 }, "geometry": { "type": "Point", "coordinates": [ -121.278797101153216, 43.98542017767042 ] } },
{ "type": "Feature", "properties": { "eco_name": "Eastern Congolian swamp forests", "biome": 1.0, "realm": "AT", "places_n": 7.0, "min_lon": 16.206109481220352, "min_lat": -2.753290700847117, "max_lon": 25.984037582740314, "max_lat": 2.1601159016045699 }, "geometry": { "type": "Point", "coordinates": [ 21.095073531980333, -0.296587399621274 ] } },
{ "type": "Feature", "properties": { "eco_name": "Eastern Cordillera real montane forests", "biome": 1.0, "realm": "NT", "places_n": 13.0, "min_lon": -80.479530646204253, "min_lat": -6.0636147336059594, "max_lon": -76.037292614631255, "max_lat": 1.9747018329446746 }, "geometry": { "type": "Point", "coordinates": [ -78.258411630417754, -2.044456450330642 ] } },
{ "type": "Feature", "properties": { "eco_name": "Eastern forest-boreal transition", "biome": 4.0, "realm": "NA", "places_n": 8.0, "min_lon": -85.036224571572902, "min_lat": 43.016326659847607, "max_lon": -69.954078602540378, "max_lat": 49.517601001333958 }, "geometry": { "type": "Point", "coordinates": [ -77.49515158705664, 46.266963830590782 ] } },
{ "type": "Feature", "properties": { "eco_name": "Eastern Gobi desert steppe", "biome": 13.0, "realm": "PA", "places_n": 6.0, "min_lon": 102.92502567580681, "min_lat": 39.928906601754477, "max_lon": 114.11517353837644, "max_lat": 46.409231717338741 }, "geometry": { "type": "Point", "coordinates": [ 108.520099607091623, 43.169069159546609 ] } },
{ "type": "Feature", "properties": { "eco_name": "Eastern Great Lakes lowland forests", "biome": 4.0, "realm": "NA", "places_n": 28.0, "min_lon": -84.107391514034063, "min_lat": 42.586631075367393, "max_lon": -69.769256631521358, "max_lat": 47.601154946165025 }, "geometry": { "type": "Point", "coordinates": [ -76.938324072777704, 45.093893010766209 ] } },
{ "type": "Feature", "properties": { "eco_name": "Eastern Guinean forests", "biome": 1.0, "realm": "AT", "places_n": 20.0, "min_lon": -7.0818045368629043, "min_lat": 4.7363696173808307, "max_lon": 1.6701325145599242, "max_lat": 10.473994073188976 }, "geometry": { "type": "Point", "coordinates": [ -2.70583601115149, 7.605181845284903 ] } },
{ "type": "Feature", "properties": { "eco_name": "Eastern highlands moist deciduous forests", "biome": 1.0, "realm": "IM", "places_n": 9.0, "min_lon": 77.841186641493721, "min_lat": 16.34976536922602, "max_lon": 87.289184593534003, "max_lat": 23.507331833486546 }, "geometry": { "type": "Point", "coordinates": [ 82.565185617513862, 19.928548601356283 ] } },
{ "type": "Feature", "properties": { "eco_name": "Eastern Himalayan alpine shrub and meadows", "biome": 10.0, "realm": "PA", "places_n": 0.0, "min_lon": 83.677818640616579, "min_lat": 27.170408429350459, "max_lon": 98.299301580944132, "max_lat": 30.011409586311515 }, "geometry": { "type": "Point", "coordinates": [ 90.988560110780355, 28.590909007830987 ] } },
{ "type": "Feature", "properties": { "eco_name": "Eastern Himalayan broadleaf forests", "biome": 4.0, "realm": "IM", "places_n": 10.0, "min_lon": 84.82289859767485, "min_lat": 26.476069339284891, "max_lon": 97.164047561349491, "max_lat": 29.104498390720096 }, "geometry": { "type": "Point", "coordinates": [ 90.993473079512171, 27.790283865002493 ] } },
{ "type": "Feature", "properties": { "eco_name": "Eastern Himalayan subalpine conifer forests", "biome": 5.0, "realm": "IM", "places_n": 0.0, "min_lon": 83.668357651217491, "min_lat": 26.935509783591499, "max_lon": 97.214225657117993, "max_lat": 29.276522536682819 }, "geometry": { "type": "Point", "coordinates": [ 90.441291654167742, 28.106016160137159 ] } },
{ "type": "Feature", "properties": { "eco_name": "Eastern Java-Bali montane rain forests", "biome": 1.0, "realm": "IM", "places_n": 1.0, "min_lon": 111.00231155427508, "min_lat": -8.5526347978309332, "max_lon": 115.71980256920665, "max_lat": -7.495592652115306 }, "geometry": { "type": "Point", "coordinates": [ 113.361057061740865, -8.02411372497312 ] } },
{ "type": "Feature", "properties": { "eco_name": "Eastern Java-Bali rain forests", "biome": 1.0, "realm": "IM", "places_n": 16.0, "min_lon": 110.23370360522591, "min_lat": -8.8634583990044007, "max_lon": 116.26499960608555, "max_lat": -5.7201149534248543 }, "geometry": { "type": "Point", "coordinates": [ 113.249351605655733, -7.291786676214628 ] } },
{ "type": "Feature", "properties": { "eco_name": "Eastern Mediterranean conifer-sclerophyllous-broadleaf forests", "biome": 12.0, "realm": "PA", "places_n": 38.0, "min_lon": 30.413646600787104, "min_lat": 29.555287705113244, "max_lon": 42.681945594049068, "max_lat": 38.427533062772284 }, "geometry": { "type": "Point", "coordinates": [ 36.547796097418086, 33.991410383942764 ] } },
{ "type": "Feature", "properties": { "eco_name": "Eastern Micronesia tropical moist forests", "biome": 1.0, "realm": "OC", "places_n": 0.0, "min_lon": 160.95254561996921, "min_lat": -2.6728304652582437, "max_lon": 176.85012872822148, "max_lat": 19.31883111035296 }, "geometry": { "type": "Point", "coordinates": [ 168.901337174095346, 8.323000322547358 ] } },
{ "type": "Feature", "properties": { "eco_name": "Eastern Miombo woodlands", "biome": 7.0, "realm": "AT", "places_n": 14.0, "min_lon": 33.583980612807011, "min_lat": -17.938112972217681, "max_lon": 40.155338561379438, "max_lat": -5.4140794306258044 }, "geometry": { "type": "Point", "coordinates": [ 36.869659587093224, -11.676096201421743 ] } },
{ "type": "Feature", "properties": { "eco_name": "Eastern Panamanian montane forests", "biome": 1.0, "realm": "NT", "places_n": 0.0, "min_lon": -79.677131557386048, "min_lat": 7.2928894832166407, "max_lon": -77.123733615209872, "max_lat": 9.5087438256137489 }, "geometry": { "type": "Point", "coordinates": [ -78.400432586297967, 8.400816654415195 ] } },
{ "type": "Feature", "properties": { "eco_name": "Eastern Zimbabwe montane forest-grassland mosaic", "biome": 10.0, "realm": "AT", "places_n": 1.0, "min_lon": 32.49879857408655, "min_lat": -20.092386142479711, "max_lon": 34.092929606455812, "max_lat": -17.793721781755323 }, "geometry": { "type": "Point", "coordinates": [ 33.295864090271181, -18.943053962117517 ] } },
{ "type": "Feature", "properties": { "eco_name": "East European forest steppe", "biome": 4.0, "realm": "PA", "places_n": 81.0, "min_lon": 26.25859050954503, "min_lat": 43.367327069911255, "max_lon": 59.082248600780474, "max_lat": 57.466287697851214 }, "geometry": { "type": "Point", "coordinates": [ 42.670419555162752, 50.416807383881235 ] } },
{ "type": "Feature", "properties": { "eco_name": "East Saharan montane xeric woodlands", "biome": 13.0, "realm": "AT", "places_n": 0.0, "min_lon": 21.779359451186963, "min_lat": 12.706139650251089, "max_lon": 24.620639557885966, "max_lat": 17.861277993574788 }, "geometry": { "type": "Point", "coordinates": [ 23.199999504536464, 15.283708821912938 ] } },
{ "type": "Feature", "properties": { "eco_name": "East Siberian taiga", "biome": 6.0, "realm": "PA", "places_n": 60.0, "min_lon": 86.348808649483431, "min_lat": 51.337362641474385, "max_lon": 142.5747985987573, "max_lat": 71.417455256102869 }, "geometry": { "type": "Point", "coordinates": [ 114.461803624120364, 61.377408948788627 ] } },
{ "type": "Feature", "properties": { "eco_name": "East Sudanian savanna", "biome": 7.0, "realm": "AT", "places_n": 26.0, "min_lon": 12.820608494087111, "min_lat": 0.73130282209911002, "max_lon": 37.200118550844735, "max_lat": 15.27203618353991 }, "geometry": { "type": "Point", "coordinates": [ 25.010363522465923, 8.00166950281951 ] } },
{ "type": "Feature", "properties": { "eco_name": "Ecuadorian dry forests", "biome": 2.0, "realm": "NT", "places_n": 5.0, "min_lon": -81.007003645888034, "min_lat": -3.0527073699785205, "max_lon": -79.263763585030674, "max_lat": 0.45068190030394817 }, "geometry": { "type": "Point", "coordinates": [ -80.135383615459347, -1.301012734837286 ] } },
{ "type": "Feature", "properties": { "eco_name": "Edwards Plateau savanna", "biome": 8.0, "realm": "NA", "places_n": 1.0, "min_lon": -101.00710256165883, "min_lat": 29.041777950304379, "max_lon": -97.43504354371926, "max_lat": 31.939306829971315 }, "geometry": { "type": "Point", "coordinates": [ -99.221073052689036, 30.490542390137847 ] } },
{ "type": "Feature", "properties": { "eco_name": "Einasleigh upland savanna", "biome": 7.0, "realm": "AA", "places_n": 3.0, "min_lon": 142.18850668825479, "min_lat": -20.936221504960429, "max_lon": 147.68618759841604, "max_lat": -15.574406383895791 }, "geometry": { "type": "Point", "coordinates": [ 144.937347143335415, -18.25531394442811 ] } },
{ "type": "Feature", "properties": { "eco_name": "Elburz Range forest steppe", "biome": 5.0, "realm": "PA", "places_n": 4.0, "min_lon": 45.769187620518608, "min_lat": 35.355224905566274, "max_lon": 59.132064598331397, "max_lat": 38.934772818723957 }, "geometry": { "type": "Point", "coordinates": [ 52.450626109425002, 37.144998862145115 ] } },
{ "type": "Feature", "properties": { "eco_name": "Emin Valley steppe", "biome": 8.0, "realm": "PA", "places_n": 2.0, "min_lon": 80.181922624141919, "min_lat": 44.948260963356574, "max_lon": 86.933441535011184, "max_lat": 47.58774272760536 }, "geometry": { "type": "Point", "coordinates": [ 83.557682079576551, 46.268001845480967 ] } },
{ "type": "Feature", "properties": { "eco_name": "English Lowlands beech forests", "biome": 4.0, "realm": "PA", "places_n": 14.0, "min_lon": -3.1076124819566928, "min_lat": 50.514669121030806, "max_lon": 1.7678115262201004, "max_lat": 52.597033440969597 }, "geometry": { "type": "Point", "coordinates": [ -0.669900477868296, 51.555851281000201 ] } },
{ "type": "Feature", "properties": { "eco_name": "Enriquillo wetlands", "biome": 9.0, "realm": "NT", "places_n": 0.0, "min_lon": -72.068931514493528, "min_lat": 18.113412682125556, "max_lon": -68.611419585456218, "max_lat": 18.655683093689049 }, "geometry": { "type": "Point", "coordinates": [ -70.340175549974873, 18.384547887907303 ] } },
{ "type": "Feature", "properties": { "eco_name": "Eritrean coastal desert", "biome": 13.0, "realm": "AT", "places_n": 1.0, "min_lon": 42.095313456974054, "min_lat": 11.997376645911629, "max_lon": 43.416980500449938, "max_lat": 13.662905400148077 }, "geometry": { "type": "Point", "coordinates": [ 42.756146978711996, 12.830141023029853 ] } },
{ "type": "Feature", "properties": { "eco_name": "Esperance mallee", "biome": 12.0, "realm": "AA", "places_n": 2.0, "min_lon": 117.7642825307758, "min_lat": -34.759349792393806, "max_lon": 126.67467460037409, "max_lat": -31.595492141687458 }, "geometry": { "type": "Point", "coordinates": [ 122.219478565574946, -33.177420967040632 ] } },
{ "type": "Feature", "properties": { "eco_name": "Espinal", "biome": 8.0, "realm": "NT", "places_n": 18.0, "min_lon": -66.837943485245916, "min_lat": -41.084849924433229, "max_lon": -57.516220581041921, "max_lat": -28.661962820210363 }, "geometry": { "type": "Point", "coordinates": [ -62.177082033143918, -34.873406372321796 ] } },
{ "type": "Feature", "properties": { "eco_name": "Ethiopian montane forests", "biome": 1.0, "realm": "AT", "places_n": 11.0, "min_lon": 34.54494854604593, "min_lat": 4.2485198857010005, "max_lon": 43.353889579913499, "max_lat": 22.020129578216256 }, "geometry": { "type": "Point", "coordinates": [ 38.949419062979715, 13.134324731958628 ] } },
{ "type": "Feature", "properties": { "eco_name": "Ethiopian montane grasslands and woodlands", "biome": 10.0, "realm": "AT", "places_n": 20.0, "min_lon": 34.669998494912932, "min_lat": 4.0285479007688423, "max_lon": 42.89968162248806, "max_lat": 17.768493510459393 }, "geometry": { "type": "Point", "coordinates": [ 38.784840058700496, 10.898520705614118 ] } },
{ "type": "Feature", "properties": { "eco_name": "Ethiopian montane moorlands", "biome": 10.0, "realm": "AT", "places_n": 1.0, "min_lon": 36.455158465246512, "min_lat": 5.5467169297115788, "max_lon": 40.375720589015316, "max_lat": 13.368455008652802 }, "geometry": { "type": "Point", "coordinates": [ 38.415439527130914, 9.45758596918219 ] } },
{ "type": "Feature", "properties": { "eco_name": "Ethiopian xeric grasslands and shrublands", "biome": 13.0, "realm": "AT", "places_n": 8.0, "min_lon": 38.212268564215378, "min_lat": 9.9037180467095709, "max_lon": 47.645240613695194, "max_lat": 18.196027737384782 }, "geometry": { "type": "Point", "coordinates": [ 42.928754588955286, 14.049872892047176 ] } },
{ "type": "Feature", "properties": { "eco_name": "Etosha Pan halophytics", "biome": 9.0, "realm": "AT", "places_n": 0.0, "min_lon": 15.797848434836453, "min_lat": -19.187052588705427, "max_lon": 17.083316553034877, "max_lat": -18.390626947009793 }, "geometry": { "type": "Point", "coordinates": [ 16.440582493935665, -18.78883976785761 ] } },
{ "type": "Feature", "properties": { "eco_name": "Euxine-Colchic broadleaf forests", "biome": 4.0, "realm": "PA", "places_n": 15.0, "min_lon": 27.59728857446089, "min_lat": 39.943673503506602, "max_lon": 43.080844557491446, "max_lat": 42.956737866099218 }, "geometry": { "type": "Point", "coordinates": [ 35.339066565976168, 41.45020568480291 ] } },
{ "type": "Feature", "properties": { "eco_name": "Everglades", "biome": 9.0, "realm": "NT", "places_n": 4.0, "min_lon": -81.801277653036522, "min_lat": 25.118634032717011, "max_lon": -80.028457520569347, "max_lat": 27.205485017791716 }, "geometry": { "type": "Point", "coordinates": [ -80.914867586802927, 26.162059525254364 ] } },
{ "type": "Feature", "properties": { "eco_name": "Eyre and York mallee", "biome": 12.0, "realm": "AA", "places_n": 9.0, "min_lon": 132.08839465690096, "min_lat": -35.300499878777799, "max_lon": 138.78691060299099, "max_lat": -31.734743549117837 }, "geometry": { "type": "Point", "coordinates": [ 135.437652629945973, -33.517621713947818 ] } },
{ "type": "Feature", "properties": { "eco_name": "Faroe Islands boreal grasslands", "biome": 8.0, "realm": "PA", "places_n": 2.0, "min_lon": -7.5007774878769169, "min_lat": 61.389997393903457, "max_lon": -6.2577804731080278, "max_lat": 62.393473310945865 }, "geometry": { "type": "Point", "coordinates": [ -6.879278980492472, 61.891735352424661 ] } },
{ "type": "Feature", "properties": { "eco_name": "Fernando de Noronha-Atol das Rocas moist forests", "biome": 1.0, "realm": "NT", "places_n": 0.0, "min_lon": -32.482631559226576, "min_lat": -3.8804248355520485, "max_lon": -32.39299749824167, "max_lat": -3.8319345198085557 }, "geometry": { "type": "Point", "coordinates": [ -32.437814528734123, -3.856179677680302 ] } },
{ "type": "Feature", "properties": { "eco_name": "Fiji tropical dry forests", "biome": 2.0, "realm": "OC", "places_n": 2.0, "min_lon": 177.25271572906451, "min_lat": -18.19205379326641, "max_lon": 179.84022567026364, "max_lat": -16.194811052914815 }, "geometry": { "type": "Point", "coordinates": [ 178.54647069966407, -17.193432423090613 ] } },
{ "type": "Feature", "properties": { "eco_name": "Fiji tropical moist forests", "biome": 1.0, "realm": "OC", "places_n": 1.0, "min_lon": -179.99941963702358, "min_lat": -20.674554413195466, "max_lon": 179.99923674389623, "max_lat": -12.479211775324075 }, "geometry": { "type": "Point", "coordinates": [ -0.000091446563673, -16.57688309425977 ] } },
{ "type": "Feature", "properties": { "eco_name": "Fiordland temperate forests", "biome": 4.0, "realm": "AA", "places_n": 0.0, "min_lon": 166.45553562760671, "min_lat": -46.230359640294182, "max_lon": 168.13107270952008, "max_lat": -44.357360174447251 }, "geometry": { "type": "Point", "coordinates": [ 167.293304168563395, -45.293859907370717 ] } },
{ "type": "Feature", "properties": { "eco_name": "Flint Hills tall grasslands", "biome": 8.0, "realm": "NA", "places_n": 1.0, "min_lon": -97.190589528331401, "min_lat": 36.469674035631726, "max_lon": -95.723640633360887, "max_lat": 39.784606606398711 }, "geometry": { "type": "Point", "coordinates": [ -96.457115080846137, 38.127140321015219 ] } },
{ "type": "Feature", "properties": { "eco_name": "Florida sand pine scrub", "biome": 5.0, "realm": "NA", "places_n": 3.0, "min_lon": -82.261802547976998, "min_lat": 26.216730907862257, "max_lon": -80.050849607285329, "max_lat": 29.779036407981664 }, "geometry": { "type": "Point", "coordinates": [ -81.156326077631164, 27.99788365792196 ] } },
{ "type": "Feature", "properties": { "eco_name": "Fraser Plateau and Basin complex", "biome": 5.0, "realm": "NA", "places_n": 5.0, "min_lon": -127.72634864001489, "min_lat": 50.991776102676795, "max_lon": -120.5217135984288, "max_lat": 55.796411250433664 }, "geometry": { "type": "Point", "coordinates": [ -124.124031119221854, 53.394093676555229 ] } },
{ "type": "Feature", "properties": { "eco_name": "Galápagos Islands scrubland mosaic", "biome": 13.0, "realm": "NT", "places_n": 3.0, "min_lon": -91.661872609977408, "min_lat": -1.4099460440825737, "max_lon": -89.239860664922517, "max_lat": 0.64509427730712332 }, "geometry": { "type": "Point", "coordinates": [ -90.450866637449963, -0.382425883387725 ] } },
{ "type": "Feature", "properties": { "eco_name": "Ghorat-Hazarajat alpine meadow", "biome": 10.0, "realm": "PA", "places_n": 0.0, "min_lon": 62.401603631305051, "min_lat": 32.43906573733193, "max_lon": 69.501991601896549, "max_lat": 35.703025440270665 }, "geometry": { "type": "Point", "coordinates": [ 65.9517976166008, 34.071045588801297 ] } },
{ "type": "Feature", "properties": { "eco_name": "Gibson desert", "biome": 13.0, "realm": "AA", "places_n": 0.0, "min_lon": 124.00640066341469, "min_lat": -27.311883974790334, "max_lon": 128.84715259379789, "max_lat": -22.069901570775329 }, "geometry": { "type": "Point", "coordinates": [ 126.426776628606291, -24.690892772782831 ] } },
{ "type": "Feature", "properties": { "eco_name": "Gissaro-Alai open woodlands", "biome": 8.0, "realm": "PA", "places_n": 20.0, "min_lon": 66.617111517047277, "min_lat": 36.726779360408216, "max_lon": 74.4430775955922, "max_lat": 43.780320538832427 }, "geometry": { "type": "Point", "coordinates": [ 70.530094556319739, 40.253549949620322 ] } },
{ "type": "Feature", "properties": { "eco_name": "Goadavari-Krishna mangroves", "biome": 14.0, "realm": "IM", "places_n": 2.0, "min_lon": 79.393592559816796, "min_lat": 10.2676282640561, "max_lon": 87.044067569604351, "max_lat": 20.776688657854834 }, "geometry": { "type": "Point", "coordinates": [ 83.218830064710573, 15.522158460955467 ] } },
{ "type": "Feature", "properties": { "eco_name": "Gobi Lakes Valley desert steppe", "biome": 13.0, "realm": "PA", "places_n": 1.0, "min_lon": 96.190208545220457, "min_lat": 43.991570147674054, "max_lon": 104.32239555426287, "max_lat": 47.05477270817596 }, "geometry": { "type": "Point", "coordinates": [ 100.256302049741663, 45.523171427925007 ] } },
{ "type": "Feature", "properties": { "eco_name": "Granitic Seychelles forests", "biome": 1.0, "realm": "AT", "places_n": 1.0, "min_lon": 46.48273048896732, "min_lat": -10.192963527785025, "max_lon": 56.286109568950963, "max_lat": -4.2669043330478189 }, "geometry": { "type": "Point", "coordinates": [ 51.384420028959141, -7.229933930416422 ] } },
{ "type": "Feature", "properties": { "eco_name": "Great Basin montane forests", "biome": 5.0, "realm": "NA", "places_n": 0.0, "min_lon": -118.36753061744503, "min_lat": 36.147621031125595, "max_lon": -114.10575864944478, "max_lat": 41.883789047436608 }, "geometry": { "type": "Point", "coordinates": [ -116.236644633444911, 39.015705039281102 ] } },
{ "type": "Feature", "properties": { "eco_name": "Great Basin shrub steppe", "biome": 13.0, "realm": "NA", "places_n": 14.0, "min_lon": -120.34300253774457, "min_lat": 36.392866633450069, "max_lon": -111.23273459901016, "max_lat": 43.486558469226566 }, "geometry": { "type": "Point", "coordinates": [ -115.787868568377363, 39.939712551338317 ] } },
{ "type": "Feature", "properties": { "eco_name": "Greater Negros-Panay rain forests", "biome": 1.0, "realm": "IM", "places_n": 6.0, "min_lon": 121.68250258315715, "min_lat": 9.0384333939829276, "max_lon": 124.07440153519781, "max_lat": 12.962501164939113 }, "geometry": { "type": "Point", "coordinates": [ 122.878452059177476, 11.00046727946102 ] } },
{ "type": "Feature", "properties": { "eco_name": "Great Lakes Basin desert steppe", "biome": 13.0, "realm": "PA", "places_n": 2.0, "min_lon": 89.628066666836105, "min_lat": 45.858857011225439, "max_lon": 97.049720581224847, "max_lat": 51.158419737348083 }, "geometry": { "type": "Point", "coordinates": [ 93.338893624030476, 48.508638374286761 ] } },
{ "type": "Feature", "properties": { "eco_name": "Great Sandy-Tanami desert", "biome": 13.0, "realm": "AA", "places_n": 2.0, "min_lon": 119.42865759985813, "min_lat": -25.950760966097988, "max_lon": 137.76547260270297, "max_lat": -17.972803825474443 }, "geometry": { "type": "Point", "coordinates": [ 128.597065101280549, -21.961782395786216 ] } },
{ "type": "Feature", "properties": { "eco_name": "Great Victoria desert", "biome": 13.0, "realm": "AA", "places_n": 0.0, "min_lon": 122.46909357020979, "min_lat": -32.643107160892868, "max_lon": 135.23289463748176, "max_lat": -25.613929492813355 }, "geometry": { "type": "Point", "coordinates": [ 128.850994103845778, -29.128518326853111 ] } },
{ "type": "Feature", "properties": { "eco_name": "Guajira-Barranquilla xeric scrub", "biome": 13.0, "realm": "NT", "places_n": 8.0, "min_lon": -75.781097564540431, "min_lat": 9.3219961961573858, "max_lon": -71.112411521997842, "max_lat": 12.462405137432484 }, "geometry": { "type": "Point", "coordinates": [ -73.446754543269137, 10.892200666794935 ] } },
{ "type": "Feature", "properties": { "eco_name": "Guayaquil flooded grasslands", "biome": 9.0, "realm": "NT", "places_n": 1.0, "min_lon": -79.858665643062409, "min_lat": -2.9078940668718474, "max_lon": -79.421615609091134, "max_lat": -1.5569627818980507 }, "geometry": { "type": "Point", "coordinates": [ -79.640140626076771, -2.232428424384949 ] } },
{ "type": "Feature", "properties": { "eco_name": "Guianan freshwater swamp forests", "biome": 1.0, "realm": "NT", "places_n": 2.0, "min_lon": -57.132480624782545, "min_lat": 5.465003096682608, "max_lon": -54.017593572872073, "max_lat": 5.9678500648140016 }, "geometry": { "type": "Point", "coordinates": [ -55.575037098827309, 5.716426580748305 ] } },
{ "type": "Feature", "properties": { "eco_name": "Guianan Highlands moist forests", "biome": 1.0, "realm": "NT", "places_n": 0.0, "min_lon": -67.519233628435813, "min_lat": 0.57264764407563007, "max_lon": -52.996143502643491, "max_lat": 7.9914942914502376 }, "geometry": { "type": "Point", "coordinates": [ -60.257688565539652, 4.282070967762934 ] } },
{ "type": "Feature", "properties": { "eco_name": "Guianan moist forests", "biome": 1.0, "realm": "NT", "places_n": 20.0, "min_lon": -63.008041535049699, "min_lat": 1.1120584855491416, "max_lon": -50.96594261606117, "max_lat": 8.6634689550803046 }, "geometry": { "type": "Point", "coordinates": [ -56.986992075555435, 4.887763720314723 ] } },
{ "type": "Feature", "properties": { "eco_name": "Guianan piedmont and lowland moist forests", "biome": 1.0, "realm": "NT", "places_n": 3.0, "min_lon": -67.83722660667803, "min_lat": -0.10116097997092766, "max_lon": -60.096626524017097, "max_lat": 7.6890319739781603 }, "geometry": { "type": "Point", "coordinates": [ -63.966926565347563, 3.793935497003616 ] } },
{ "type": "Feature", "properties": { "eco_name": "Guianan savanna", "biome": 7.0, "realm": "NT", "places_n": 6.0, "min_lon": -62.097743547658041, "min_lat": -0.091295647562333215, "max_lon": -50.585296587904821, "max_lat": 6.642784881372279 }, "geometry": { "type": "Point", "coordinates": [ -56.341520067781431, 3.275744616904973 ] } },
{ "type": "Feature", "properties": { "eco_name": "Guinean forest-savanna mosaic", "biome": 7.0, "realm": "AT", "places_n": 58.0, "min_lon": -17.214363585991293, "min_lat": 5.0519524631816921, "max_lon": 12.804456566652988, "max_lat": 14.741394489176741 }, "geometry": { "type": "Point", "coordinates": [ -2.204953509669153, 9.896673476179217 ] } },
{ "type": "Feature", "properties": { "eco_name": "Guinean mangroves", "biome": 14.0, "realm": "AT", "places_n": 8.0, "min_lon": -16.797920460996039, "min_lat": 4.8992296609552, "max_lon": -3.0278494530745945, "max_lat": 14.195324057986113 }, "geometry": { "type": "Point", "coordinates": [ -9.912884957035317, 9.547276859470657 ] } },
{ "type": "Feature", "properties": { "eco_name": "Guinean montane forests", "biome": 1.0, "realm": "AT", "places_n": 5.0, "min_lon": -13.02184357264332, "min_lat": 7.3568948693903735, "max_lon": -7.2394964665725752, "max_lat": 12.17247058009616 }, "geometry": { "type": "Point", "coordinates": [ -10.130670019607948, 9.764682724743267 ] } },
{ "type": "Feature", "properties": { "eco_name": "Guizhou Plateau broadleaf and mixed forests", "biome": 1.0, "realm": "PA", "places_n": 9.0, "min_lon": 103.67803959689769, "min_lat": 24.949418327234923, "max_lon": 112.27121753469754, "max_lat": 30.908037192525512 }, "geometry": { "type": "Point", "coordinates": [ 107.974628565797616, 27.928727759880218 ] } },
{ "type": "Feature", "properties": { "eco_name": "Gulf of California xeric scrub", "biome": 13.0, "realm": "NA", "places_n": 3.0, "min_lon": -114.53958852385111, "min_lat": 23.521998822952696, "max_lon": -110.27548253109045, "max_lat": 29.994148397810136 }, "geometry": { "type": "Point", "coordinates": [ -112.40753552747077, 26.758073610381416 ] } },
{ "type": "Feature", "properties": { "eco_name": "Gulf of Oman desert and semi-desert", "biome": 13.0, "realm": "AT", "places_n": 11.0, "min_lon": 53.623886527899572, "min_lat": 20.16694426094233, "max_lon": 59.847221486057094, "max_lat": 26.38079341926732 }, "geometry": { "type": "Point", "coordinates": [ 56.735554006978333, 23.273868840104825 ] } },
{ "type": "Feature", "properties": { "eco_name": "Gulf of St. Lawrence lowland forests", "biome": 4.0, "realm": "NA", "places_n": 7.0, "min_lon": -66.958305603300616, "min_lat": 44.619463879549244, "max_lon": -61.393802484581855, "max_lat": 48.021210000879989 }, "geometry": { "type": "Point", "coordinates": [ -64.176054043941235, 46.320336940214617 ] } },
{ "type": "Feature", "properties": { "eco_name": "Gurupa varzeá", "biome": 1.0, "realm": "NT", "places_n": 0.0, "min_lon": -55.267890554761323, "min_lat": -2.4678719776698586, "max_lon": -52.221923534137048, "max_lat": -1.5360745762512238 }, "geometry": { "type": "Point", "coordinates": [ -53.744907044449185, -2.001973276960541 ] } },
{ "type": "Feature", "properties": { "eco_name": "Hainan Island monsoon rain forests", "biome": 1.0, "realm": "IM", "places_n": 0.0, "min_lon": 108.77540567253084, "min_lat": 18.413847584855603, "max_lon": 110.52915965746513, "max_lat": 20.707488503364232 }, "geometry": { "type": "Point", "coordinates": [ 109.652282664997983, 19.560668044109917 ] } },
{ "type": "Feature", "properties": { "eco_name": "Halmahera rain forests", "biome": 1.0, "realm": "AA", "places_n": 2.0, "min_lon": 127.00779758441433, "min_lat": -1.8731303492650113, "max_lon": 129.64320356442119, "max_lat": 2.6455818200190038 }, "geometry": { "type": "Point", "coordinates": [ 128.325500574417759, 0.386225735376996 ] } },
{ "type": "Feature", "properties": { "eco_name": "Hawaii tropical dry forests", "biome": 2.0, "realm": "OC", "places_n": 4.0, "min_lon": -160.21405066393416, "min_lat": 18.947817732972851, "max_lon": -154.96844459553498, "max_lat": 22.199544048215671 }, "geometry": { "type": "Point", "coordinates": [ -157.591247629734568, 20.573680890594261 ] } },
{ "type": "Feature", "properties": { "eco_name": "Hawaii tropical high shrublands", "biome": 7.0, "realm": "OC", "places_n": 0.0, "min_lon": -156.34112557816476, "min_lat": 19.169900784040749, "max_lon": -155.39152568493716, "max_lat": 20.770488228794022 }, "geometry": { "type": "Point", "coordinates": [ -155.866325631550978, 19.970194506417386 ] } },
{ "type": "Feature", "properties": { "eco_name": "Hawaii tropical low shrublands", "biome": 7.0, "realm": "OC", "places_n": 0.0, "min_lon": -160.55020169431836, "min_lat": 18.912369826220583, "max_lon": -155.59797665420638, "max_lat": 22.105752060337693 }, "geometry": { "type": "Point", "coordinates": [ -158.074089174262383, 20.509060943279138 ] } },
{ "type": "Feature", "properties": { "eco_name": "Hawaii tropical moist forests", "biome": 1.0, "realm": "OC", "places_n": 2.0, "min_lon": -159.7175907060284, "min_lat": 19.064610166099897, "max_lon": -154.80993660373139, "max_lat": 22.232936041755124 }, "geometry": { "type": "Point", "coordinates": [ -157.263763654879881, 20.64877310392751 ] } },
{ "type": "Feature", "properties": { "eco_name": "Helanshan montane conifer forests", "biome": 5.0, "realm": "PA", "places_n": 3.0, "min_lon": 105.0053555402049, "min_lat": 37.445576005772182, "max_lon": 106.80809051749503, "max_lat": 39.695561793207617 }, "geometry": { "type": "Point", "coordinates": [ 105.906723028849967, 38.570568899489899 ] } },
{ "type": "Feature", "properties": { "eco_name": "Hengduan Mountains subalpine conifer forests", "biome": 5.0, "realm": "PA", "places_n": 1.0, "min_lon": 97.85546153484222, "min_lat": 26.550106857740559, "max_lon": 102.42962653156792, "max_lat": 32.501186033479769 }, "geometry": { "type": "Point", "coordinates": [ 100.14254403320507, 29.525646445610164 ] } },
{ "type": "Feature", "properties": { "eco_name": "High Arctic tundra", "biome": 11.0, "realm": "NA", "places_n": 4.0, "min_lon": -123.06482661012302, "min_lat": 66.583828781615807, "max_lon": -61.129360479949042, "max_lat": 83.116336194495318 }, "geometry": { "type": "Point", "coordinates": [ -92.097093545036032, 74.850082488055563 ] } },
{ "type": "Feature", "properties": { "eco_name": "High Monte", "biome": 10.0, "realm": "NT", "places_n": 7.0, "min_lon": -69.661987549153096, "min_lat": -32.991416644758573, "max_lon": -65.232452627130442, "max_lat": -23.095689778815427 }, "geometry": { "type": "Point", "coordinates": [ -67.447220088141762, -28.043553211787 ] } },
{ "type": "Feature", "properties": { "eco_name": "Highveld grasslands", "biome": 10.0, "realm": "AT", "places_n": 21.0, "min_lon": 24.617528530700469, "min_lat": -31.423230117312414, "max_lon": 30.493158507849841, "max_lat": -24.994213816235998 }, "geometry": { "type": "Point", "coordinates": [ 27.555343519275155, -28.208721966774206 ] } },
{ "type": "Feature", "properties": { "eco_name": "Himalayan subtropical broadleaf forests", "biome": 1.0, "realm": "IM", "places_n": 2.0, "min_lon": 80.145805506239469, "min_lat": 26.659956057546708, "max_lon": 92.117286555632973, "max_lat": 29.77048066412641 }, "geometry": { "type": "Point", "coordinates": [ 86.131546030936221, 28.215218360836559 ] } },
{ "type": "Feature", "properties": { "eco_name": "Himalayan subtropical pine forests", "biome": 3.0, "realm": "IM", "places_n": 4.0, "min_lon": 72.112968525075871, "min_lat": 26.751553830809371, "max_lon": 90.999648614320506, "max_lat": 34.984056295339201 }, "geometry": { "type": "Point", "coordinates": [ 81.556308569698189, 30.867805063074286 ] } },
{ "type": "Feature", "properties": { "eco_name": "Hindu Kush alpine meadow", "biome": 10.0, "realm": "PA", "places_n": 0.0, "min_lon": 69.340957639749661, "min_lat": 34.743526351745629, "max_lon": 71.480613609050408, "max_lat": 38.302791232666266 }, "geometry": { "type": "Point", "coordinates": [ 70.410785624400035, 36.523158792205948 ] } },
{ "type": "Feature", "properties": { "eco_name": "Hispaniolan dry forests", "biome": 2.0, "realm": "NT", "places_n": 11.0, "min_lon": -74.477706590403358, "min_lat": 17.541934523091641, "max_lon": -70.056892535728679, "max_lat": 20.086438595438153 }, "geometry": { "type": "Point", "coordinates": [ -72.267299563066018, 18.814186559264897 ] } },
{ "type": "Feature", "properties": { "eco_name": "Hispaniolan moist forests", "biome": 1.0, "realm": "NT", "places_n": 25.0, "min_lon": -74.469551501520243, "min_lat": 17.865361656805646, "max_lon": -68.319999587237803, "max_lat": 19.949710476142059 }, "geometry": { "type": "Point", "coordinates": [ -71.39477554437903, 18.907536066473853 ] } },
{ "type": "Feature", "properties": { "eco_name": "Hispaniolan pine forests", "biome": 3.0, "realm": "NT", "places_n": 0.0, "min_lon": -73.564193640226733, "min_lat": 18.005724336960043, "max_lon": -70.43157953363594, "max_lat": 19.557527261168161 }, "geometry": { "type": "Point", "coordinates": [ -71.997886586931344, 18.781625799064102 ] } },
{ "type": "Feature", "properties": { "eco_name": "Hobyo grasslands and shrublands", "biome": 13.0, "realm": "AT", "places_n": 3.0, "min_lon": 44.522895511970319, "min_lat": 1.5264073082150276, "max_lon": 49.135803509227742, "max_lat": 6.5350837957139447 }, "geometry": { "type": "Point", "coordinates": [ 46.82934951059903, 4.030745551964486 ] } },
{ "type": "Feature", "properties": { "eco_name": "Hokkaido deciduous forests", "biome": 4.0, "realm": "PA", "places_n": 7.0, "min_lon": 140.32134957656461, "min_lat": 41.922034833471457, "max_lon": 144.73214759221145, "max_lat": 45.134798709957238 }, "geometry": { "type": "Point", "coordinates": [ 142.526748584388031, 43.528416771714348 ] } },
{ "type": "Feature", "properties": { "eco_name": "Hokkaido montane conifer forests", "biome": 5.0, "realm": "PA", "places_n": 1.0, "min_lon": 140.46762066027293, "min_lat": 42.034033823805999, "max_lon": 145.82220471346136, "max_lat": 45.512859088619621 }, "geometry": { "type": "Point", "coordinates": [ 143.144912686867144, 43.77344645621281 ] } },
{ "type": "Feature", "properties": { "eco_name": "Honshu alpine conifer forests", "biome": 5.0, "realm": "PA", "places_n": 1.0, "min_lon": 136.7622986018132, "min_lat": 35.283933633869538, "max_lon": 141.61584466921528, "max_lat": 42.672979597942515 }, "geometry": { "type": "Point", "coordinates": [ 139.189071635514239, 38.978456615906026 ] } },
{ "type": "Feature", "properties": { "eco_name": "Huang He Plain mixed forests", "biome": 4.0, "realm": "PA", "places_n": 59.0, "min_lon": 106.22128252809125, "min_lat": 32.066358880232713, "max_lon": 122.69303857725083, "max_lat": 40.263566323924294 }, "geometry": { "type": "Point", "coordinates": [ 114.457160552671041, 36.164962602078504 ] } },
{ "type": "Feature", "properties": { "eco_name": "Humid Chaco", "biome": 7.0, "realm": "NT", "places_n": 25.0, "min_lon": -62.439426634143203, "min_lat": -30.642543342862012, "max_lon": -55.762329468171529, "max_lat": -20.991592525027045 }, "geometry": { "type": "Point", "coordinates": [ -59.100878051157366, -25.817067933944529 ] } },
{ "type": "Feature", "properties": { "eco_name": "Humid Pampas", "biome": 8.0, "realm": "NT", "places_n": 39.0, "min_lon": -64.91612261847979, "min_lat": -39.012698450609065, "max_lon": -56.669032624925961, "max_lat": -31.665584968867051 }, "geometry": { "type": "Point", "coordinates": [ -60.792577621702875, -35.339141709738058 ] } },
{ "type": "Feature", "properties": { "eco_name": "Huon Peninsula montane rain forests", "biome": 1.0, "realm": "AA", "places_n": 0.0, "min_lon": 145.42886362238175, "min_lat": -6.7474100600192628, "max_lon": 147.86193867381013, "max_lat": -5.4120746470224503 }, "geometry": { "type": "Point", "coordinates": [ 146.645401148095942, -6.079742353520857 ] } },
{ "type": "Feature", "properties": { "eco_name": "Iberian conifer forests", "biome": 12.0, "realm": "PA", "places_n": 0.0, "min_lon": -4.5378835097018282, "min_lat": 36.808705758501958, "max_lon": -0.091365510725410104, "max_lat": 41.999503064900068 }, "geometry": { "type": "Point", "coordinates": [ -2.314624510213619, 39.404104411701013 ] } },
{ "type": "Feature", "properties": { "eco_name": "Iberian sclerophyllous and semi-deciduous forests", "biome": 12.0, "realm": "PA", "places_n": 19.0, "min_lon": -8.3636154630643773, "min_lat": 36.566488705435631, "max_lon": 2.0380095514069012, "max_lat": 42.895222240447026 }, "geometry": { "type": "Point", "coordinates": [ -3.162802955828738, 39.730855472941329 ] } },
{ "type": "Feature", "properties": { "eco_name": "Iceland boreal birch forests and alpine tundra", "biome": 6.0, "realm": "PA", "places_n": 9.0, "min_lon": -24.542226518330438, "min_lat": 63.299392759752664, "max_lon": -13.497496461725035, "max_lat": 66.563715902013428 }, "geometry": { "type": "Point", "coordinates": [ -19.019861490027736, 64.931554330883046 ] } },
{ "type": "Feature", "properties": { "eco_name": "Ile Europa and Bassas da India xeric scrub", "biome": 13.0, "realm": "AT", "places_n": 0.0, "min_lon": 40.321399486141445, "min_lat": -22.365201887253392, "max_lon": 40.391090484882454, "max_lat": -22.314154588124836 }, "geometry": { "type": "Point", "coordinates": [ 40.35624498551195, -22.339678237689114 ] } },
{ "type": "Feature", "properties": { "eco_name": "Illyrian deciduous forests", "biome": 12.0, "realm": "PA", "places_n": 23.0, "min_lon": 13.372573582510398, "min_lat": 39.151356503113334, "max_lon": 21.082620454601937, "max_lat": 45.977562194658844 }, "geometry": { "type": "Point", "coordinates": [ 17.227597018556168, 42.564459348886089 ] } },
{ "type": "Feature", "properties": { "eco_name": "Indochina mangroves", "biome": 14.0, "realm": "IM", "places_n": 18.0, "min_lon": 99.100646561618021, "min_lat": 6.1872331372284748, "max_lon": 107.21189859399379, "max_lat": 21.066484746150536 }, "geometry": { "type": "Point", "coordinates": [ 103.156272577805908, 13.626858941689505 ] } },
{ "type": "Feature", "properties": { "eco_name": "Indus River Delta-Arabian Sea mangroves", "biome": 14.0, "realm": "IM", "places_n": 3.0, "min_lon": 65.856407535061891, "min_lat": 20.120824682695172, "max_lon": 72.964202593496452, "max_lat": 25.74072480538041 }, "geometry": { "type": "Point", "coordinates": [ 69.410305064279171, 22.930774744037791 ] } },
{ "type": "Feature", "properties": { "eco_name": "Indus Valley desert", "biome": 13.0, "realm": "IM", "places_n": 0.0, "min_lon": 70.916068625053583, "min_lat": 29.838110049960449, "max_lon": 72.296836635512619, "max_lat": 32.278303851762359 }, "geometry": { "type": "Point", "coordinates": [ 71.606452630283101, 31.058206950861404 ] } },
{ "type": "Feature", "properties": { "eco_name": "Inner Niger Delta flooded savanna", "biome": 9.0, "realm": "AT", "places_n": 3.0, "min_lon": -5.2811925280110188, "min_lat": 13.234944031436498, "max_lon": -0.1859725548689255, "max_lat": 17.182360431899895 }, "geometry": { "type": "Point", "coordinates": [ -2.733582541439972, 15.208652231668196 ] } },
{ "type": "Feature", "properties": { "eco_name": "Interior Alaska-Yukon lowland taiga", "biome": 6.0, "realm": "NA", "places_n": 19.0, "min_lon": -163.8928527159982, "min_lat": 59.722814890168934, "max_lon": -135.19483962356321, "max_lat": 68.812455300445492 }, "geometry": { "type": "Point", "coordinates": [ -149.543846169780693, 64.267635095307213 ] } },
{ "type": "Feature", "properties": { "eco_name": "Interior Yukon-Alaska alpine tundra", "biome": 11.0, "realm": "NA", "places_n": 2.0, "min_lon": -161.737670612155, "min_lat": 60.189049369919758, "max_lon": -130.04476964945638, "max_lat": 68.728626042691133 }, "geometry": { "type": "Point", "coordinates": [ -145.891220130805692, 64.458837706305445 ] } },
{ "type": "Feature", "properties": { "eco_name": "Iquitos varzeá", "biome": 1.0, "realm": "NT", "places_n": 6.0, "min_lon": -77.810035633589152, "min_lat": -11.141110501914795, "max_lon": -66.767105506873335, "max_lat": -0.67066620663359799 }, "geometry": { "type": "Point", "coordinates": [ -72.288570570231244, -5.905888354274197 ] } },
{ "type": "Feature", "properties": { "eco_name": "Irrawaddy dry forests", "biome": 2.0, "realm": "IM", "places_n": 6.0, "min_lon": 94.52358259985732, "min_lat": 16.840500654895664, "max_lon": 97.867263589800359, "max_lat": 24.329941367260176 }, "geometry": { "type": "Point", "coordinates": [ 96.19542309482884, 20.58522101107792 ] } },
{ "type": "Feature", "properties": { "eco_name": "Irrawaddy freshwater swamp forests", "biome": 1.0, "realm": "IM", "places_n": 4.0, "min_lon": 94.676116641624162, "min_lat": 16.259567206156873, "max_lon": 96.653808592800829, "max_lat": 17.50210992177324 }, "geometry": { "type": "Point", "coordinates": [ 95.664962617212495, 16.880838563965057 ] } },
{ "type": "Feature", "properties": { "eco_name": "Irrawaddy moist deciduous forests", "biome": 1.0, "realm": "IM", "places_n": 11.0, "min_lon": 93.761543548332895, "min_lat": 15.554191999446061, "max_lon": 98.361442664211893, "max_lat": 24.961490782389717 }, "geometry": { "type": "Point", "coordinates": [ 96.061493106272394, 20.257841390917889 ] } },
{ "type": "Feature", "properties": { "eco_name": "Islas Revillagigedo dry forests", "biome": 2.0, "realm": "NT", "places_n": 0.0, "min_lon": -114.803069627103, "min_lat": 18.316775422985927, "max_lon": -110.78861962648379, "max_lat": 19.340323818857428 }, "geometry": { "type": "Point", "coordinates": [ -112.795844626793397, 18.828549620921677 ] } },
{ "type": "Feature", "properties": { "eco_name": "Isthmian-Atlantic moist forests", "biome": 1.0, "realm": "NT", "places_n": 6.0, "min_lon": -85.48456553204619, "min_lat": 7.8988789551411287, "max_lon": -77.651863588465147, "max_lat": 12.535613015111096 }, "geometry": { "type": "Point", "coordinates": [ -81.568214560255669, 10.217245985126112 ] } },
{ "type": "Feature", "properties": { "eco_name": "Isthmian-Pacific moist forests", "biome": 1.0, "realm": "NT", "places_n": 5.0, "min_lon": -84.680267606880861, "min_lat": 7.1973736731299596, "max_lon": -79.883453612984297, "max_lat": 9.8377875050127273 }, "geometry": { "type": "Point", "coordinates": [ -82.281860609932579, 8.517580589071343 ] } },
{ "type": "Feature", "properties": { "eco_name": "Italian sclerophyllous and semi-deciduous forests", "biome": 12.0, "realm": "PA", "places_n": 17.0, "min_lon": 6.8708345483116204, "min_lat": 40.076373615408954, "max_lon": 16.848131581463178, "max_lat": 45.112742905196967 }, "geometry": { "type": "Point", "coordinates": [ 11.859483064887399, 42.594558260302961 ] } },
{ "type": "Feature", "properties": { "eco_name": "Itigi-Sumbu thicket", "biome": 7.0, "realm": "AT", "places_n": 1.0, "min_lon": 29.58841755463061, "min_lat": -8.792252455082064, "max_lon": 34.815746547862602, "max_lat": -5.159603173601738 }, "geometry": { "type": "Point", "coordinates": [ 32.202082051246606, -6.975927814341901 ] } },
{ "type": "Feature", "properties": { "eco_name": "Jalisco dry forests", "biome": 2.0, "realm": "NT", "places_n": 5.0, "min_lon": -106.69641858902257, "min_lat": 17.925516061380847, "max_lon": -102.13056156709401, "max_lat": 21.817738299934888 }, "geometry": { "type": "Point", "coordinates": [ -104.413490078058288, 19.871627180657867 ] } },
{ "type": "Feature", "properties": { "eco_name": "Jamaican dry forests", "biome": 2.0, "realm": "NT", "places_n": 3.0, "min_lon": -78.36663859668181, "min_lat": 17.702312517495443, "max_lon": -76.180320572359904, "max_lat": 18.525683798630382 }, "geometry": { "type": "Point", "coordinates": [ -77.273479584520857, 18.113998158062913 ] } },
{ "type": "Feature", "properties": { "eco_name": "Jamaican moist forests", "biome": 1.0, "realm": "NT", "places_n": 7.0, "min_lon": -78.314880512163313, "min_lat": 17.893115982264078, "max_lon": -76.241668559948408, "max_lat": 18.470298194052248 }, "geometry": { "type": "Point", "coordinates": [ -77.278274536055861, 18.181707088158163 ] } },
{ "type": "Feature", "properties": { "eco_name": "Japurá-Solimoes-Negro moist forests", "biome": 1.0, "realm": "NT", "places_n": 6.0, "min_lon": -70.774230562300701, "min_lat": -3.9974782811441401, "max_lon": -59.652278534582237, "max_lat": 2.9261668672685914 }, "geometry": { "type": "Point", "coordinates": [ -65.213254548441469, -0.535655706937774 ] } },
{ "type": "Feature", "properties": { "eco_name": "Jarrah-Karri forest and shrublands", "biome": 12.0, "realm": "AA", "places_n": 2.0, "min_lon": 114.97351864581964, "min_lat": -35.134042154719111, "max_lon": 118.21074661548829, "max_lat": -33.532210667895356 }, "geometry": { "type": "Point", "coordinates": [ 116.592132630653964, -34.333126411307234 ] } },
{ "type": "Feature", "properties": { "eco_name": "Jian Nan subtropical evergreen forests", "biome": 1.0, "realm": "IM", "places_n": 37.0, "min_lon": 106.19729653866597, "min_lat": 21.935734206720895, "max_lon": 122.18470766514275, "max_lat": 30.114783765908612 }, "geometry": { "type": "Point", "coordinates": [ 114.19100210190436, 26.025258986314753 ] } },
{ "type": "Feature", "properties": { "eco_name": "Jos Plateau forest-grassland mosaic", "biome": 10.0, "realm": "AT", "places_n": 1.0, "min_lon": 8.3740775869797801, "min_lat": 9.0618147129126214, "max_lon": 9.6815765318669662, "max_lat": 10.611685440798851 }, "geometry": { "type": "Point", "coordinates": [ 9.027827059423373, 9.836750076855736 ] } },
{ "type": "Feature", "properties": { "eco_name": "Juan Fernández Islands temperate forests", "biome": 4.0, "realm": "NT", "places_n": 0.0, "min_lon": -80.785850650797357, "min_lat": -33.791174931159873, "max_lon": -78.761466637386164, "max_lat": -33.58816674480417 }, "geometry": { "type": "Point", "coordinates": [ -79.773658644091768, -33.689670837982021 ] } },
{ "type": "Feature", "properties": { "eco_name": "Junggar Basin semi-desert", "biome": 13.0, "realm": "PA", "places_n": 3.0, "min_lon": 82.119499624873811, "min_lat": 42.759199206846688, "max_lon": 96.060844598423103, "max_lat": 49.097582324078758 }, "geometry": { "type": "Point", "coordinates": [ 89.090172111648457, 45.928390765462723 ] } },
{ "type": "Feature", "properties": { "eco_name": "Juruá-Purus moist forests", "biome": 1.0, "realm": "NT", "places_n": 1.0, "min_lon": -69.632347630754566, "min_lat": -9.0821098989090387, "max_lon": -62.808799505432276, "max_lat": -2.6803611023541976 }, "geometry": { "type": "Point", "coordinates": [ -66.220573568093414, -5.881235500631618 ] } },
{ "type": "Feature", "properties": { "eco_name": "Kalaallit Nunaat high arctic tundra", "biome": 11.0, "realm": "NA", "places_n": 4.0, "min_lon": -72.849441598424804, "min_lat": 68.037945485726993, "max_lon": -12.155027546205076, "max_lat": 83.6231251716938 }, "geometry": { "type": "Point", "coordinates": [ -42.50223457231494, 75.830535328710397 ] } },
{ "type": "Feature", "properties": { "eco_name": "Kalaallit Nunaat low arctic tundra", "biome": 11.0, "realm": "NA", "places_n": 14.0, "min_lon": -57.727214541836432, "min_lat": 59.78841937583195, "max_lon": -31.996660547326258, "max_lat": 74.743344985987221 }, "geometry": { "type": "Point", "coordinates": [ -44.861937544581345, 67.265882180909585 ] } },
{ "type": "Feature", "properties": { "eco_name": "Kalahari Acacia-Baikiaea woodlands", "biome": 7.0, "realm": "AT", "places_n": 15.0, "min_lon": 17.05672043895828, "min_lat": -25.746511419880846, "max_lon": 28.314384531668992, "max_lat": -18.07951567891908 }, "geometry": { "type": "Point", "coordinates": [ 22.685552485313636, -21.913013549399963 ] } },
{ "type": "Feature", "properties": { "eco_name": "Kalahari xeric savanna", "biome": 13.0, "realm": "AT", "places_n": 12.0, "min_lon": 15.489029449628305, "min_lat": -29.226716345958408, "max_lon": 26.093330559451203, "max_lat": -19.38785801090458 }, "geometry": { "type": "Point", "coordinates": [ 20.791180004539754, -24.307287178431494 ] } },
{ "type": "Feature", "properties": { "eco_name": "Kamchatka-Kurile meadows and sparse forests", "biome": 6.0, "realm": "PA", "places_n": 6.0, "min_lon": 149.46279869805494, "min_lat": 45.569591162125107, "max_lon": 168.03860472706896, "max_lat": 60.371113191877271 }, "geometry": { "type": "Point", "coordinates": [ 158.750701712561948, 52.970352177001189 ] } },
{ "type": "Feature", "properties": { "eco_name": "Kamchatka-Kurile taiga", "biome": 6.0, "realm": "PA", "places_n": 0.0, "min_lon": 158.94129956924547, "min_lat": 54.864616698862108, "max_lon": 161.8722077019591, "max_lat": 57.338044746785613 }, "geometry": { "type": "Point", "coordinates": [ 160.406753635602286, 56.10133072282386 ] } },
{ "type": "Feature", "properties": { "eco_name": "Kamchatka Mountain tundra and forest tundra", "biome": 11.0, "realm": "PA", "places_n": 1.0, "min_lon": 156.4532927094773, "min_lat": 50.869235360346693, "max_lon": 164.62600672332491, "max_lat": 61.139572278325886 }, "geometry": { "type": "Point", "coordinates": [ 160.539649716401101, 56.004403819336289 ] } },
{ "type": "Feature", "properties": { "eco_name": "Kaokoveld desert", "biome": 13.0, "realm": "AT", "places_n": 2.0, "min_lon": 11.679220430104891, "min_lat": -20.210226481142683, "max_lon": 13.767250581319388, "max_lat": -12.577558992306024 }, "geometry": { "type": "Point", "coordinates": [ 12.72323550571214, -16.393892736724354 ] } },
{ "type": "Feature", "properties": { "eco_name": "Karakoram-West Tibetan Plateau alpine steppe", "biome": 10.0, "realm": "PA", "places_n": 2.0, "min_lon": 71.255546600449293, "min_lat": 31.405747730386167, "max_lon": 80.635269592472355, "max_lat": 37.397674770184437 }, "geometry": { "type": "Point", "coordinates": [ 75.945408096460824, 34.401711250285302 ] } },
{ "type": "Feature", "properties": { "eco_name": "Kayah-Karen montane rain forests", "biome": 1.0, "realm": "IM", "places_n": 2.0, "min_lon": 96.301086539823302, "min_lat": 14.137830907671571, "max_lon": 99.955634549198237, "max_lat": 21.384592053552183 }, "geometry": { "type": "Point", "coordinates": [ 98.12836054451077, 17.761211480611877 ] } },
{ "type": "Feature", "properties": { "eco_name": "Kazakh forest steppe", "biome": 8.0, "realm": "PA", "places_n": 34.0, "min_lon": 57.687030524509623, "min_lat": 49.940923321909736, "max_lon": 87.764663641943685, "max_lat": 56.562321064848106 }, "geometry": { "type": "Point", "coordinates": [ 72.725847083226654, 53.251622193378921 ] } },
{ "type": "Feature", "properties": { "eco_name": "Kazakh semi-desert", "biome": 13.0, "realm": "PA", "places_n": 10.0, "min_lon": 51.356788582201375, "min_lat": 45.754299809813119, "max_lon": 81.307113498412775, "max_lat": 50.666362290270285 }, "geometry": { "type": "Point", "coordinates": [ 66.331951040307075, 48.210331050041702 ] } },
{ "type": "Feature", "properties": { "eco_name": "Kazakh steppe", "biome": 8.0, "realm": "PA", "places_n": 45.0, "min_lon": 51.151103551245058, "min_lat": 47.806879372066305, "max_lon": 83.783759526606389, "max_lat": 55.418169990300555 }, "geometry": { "type": "Point", "coordinates": [ 67.467431538925723, 51.61252468118343 ] } },
{ "type": "Feature", "properties": { "eco_name": "Kazakh upland", "biome": 8.0, "realm": "PA", "places_n": 3.0, "min_lon": 66.654830584286088, "min_lat": 47.311705030470762, "max_lon": 79.862106581957335, "max_lat": 53.652028893565898 }, "geometry": { "type": "Point", "coordinates": [ 73.258468583121712, 50.48186696201833 ] } },
{ "type": "Feature", "properties": { "eco_name": "Kermadec Islands subtropical moist forests", "biome": 1.0, "realm": "OC", "places_n": 1.0, "min_lon": -178.56416372381733, "min_lat": -30.545298681424811, "max_lon": -177.88064567076131, "max_lat": -29.239269922355959 }, "geometry": { "type": "Point", "coordinates": [ -178.222404697289335, -29.892284301890385 ] } },
{ "type": "Feature", "properties": { "eco_name": "Khangai Mountains alpine meadow", "biome": 10.0, "realm": "PA", "places_n": 0.0, "min_lon": 96.203185575366831, "min_lat": 46.093636633959193, "max_lon": 102.18740059368423, "max_lat": 48.486381990583311 }, "geometry": { "type": "Point", "coordinates": [ 99.195293084525531, 47.290009312271252 ] } },
{ "type": "Feature", "properties": { "eco_name": "Khangai Mountains conifer forests", "biome": 5.0, "realm": "PA", "places_n": 0.0, "min_lon": 97.86973558068712, "min_lat": 48.241586999373965, "max_lon": 99.998107664284532, "max_lat": 48.544380569659836 }, "geometry": { "type": "Point", "coordinates": [ 98.933921622485826, 48.3929837845169 ] } },
{ "type": "Feature", "properties": { "eco_name": "Khathiar-Gir dry deciduous forests", "biome": 2.0, "realm": "IM", "places_n": 14.0, "min_lon": 70.41075151005407, "min_lat": 20.090207602023554, "max_lon": 78.614746618943514, "max_lat": 28.406907289857486 }, "geometry": { "type": "Point", "coordinates": [ 74.512749064498792, 24.24855744594052 ] } },
{ "type": "Feature", "properties": { "eco_name": "Kimberly tropical savanna", "biome": 7.0, "realm": "AA", "places_n": 6.0, "min_lon": 119.41468764946063, "min_lat": -20.28817415743336, "max_lon": 132.95841961115389, "max_lat": -13.308165739255173 }, "geometry": { "type": "Point", "coordinates": [ 126.186553630307259, -16.798169948344267 ] } },
{ "type": "Feature", "properties": { "eco_name": "Kinabalu montane alpine meadows", "biome": 10.0, "realm": "IM", "places_n": 0.0, "min_lon": 115.86870557051446, "min_lat": 5.2573322252241041, "max_lon": 116.91625956946473, "max_lat": 6.2909164414149359 }, "geometry": { "type": "Point", "coordinates": [ 116.392482569989596, 5.77412433331952 ] } },
{ "type": "Feature", "properties": { "eco_name": "Klamath-Siskiyou forests", "biome": 5.0, "realm": "NA", "places_n": 4.0, "min_lon": -124.23533659088703, "min_lat": 39.165696430717276, "max_lon": -121.65774562627692, "max_lat": 43.718243660943074 }, "geometry": { "type": "Point", "coordinates": [ -122.946541108581982, 41.441970045830175 ] } },
{ "type": "Feature", "properties": { "eco_name": "Knysna-Amatole montane forests", "biome": 1.0, "realm": "AT", "places_n": 2.0, "min_lon": 22.242059450003467, "min_lat": -34.128190806314535, "max_lon": 27.266509505826832, "max_lat": -32.541586387727676 }, "geometry": { "type": "Point", "coordinates": [ 24.754284477915149, -33.334888597021106 ] } },
{ "type": "Feature", "properties": { "eco_name": "Kola Peninsula tundra", "biome": 11.0, "realm": "PA", "places_n": 4.0, "min_lon": 28.539346598842286, "min_lat": 66.280132480357167, "max_lon": 41.357643615488485, "max_lat": 70.915358468306408 }, "geometry": { "type": "Point", "coordinates": [ 34.948495107165385, 68.597745474331788 ] } },
{ "type": "Feature", "properties": { "eco_name": "Kopet Dag semi-desert", "biome": 13.0, "realm": "PA", "places_n": 3.0, "min_lon": 54.039958502221879, "min_lat": 37.00621457817914, "max_lon": 58.541469497431336, "max_lat": 39.495692461955969 }, "geometry": { "type": "Point", "coordinates": [ 56.290713999826608, 38.250953520067554 ] } },
{ "type": "Feature", "properties": { "eco_name": "Kopet Dag woodlands and forest steppe", "biome": 10.0, "realm": "PA", "places_n": 2.0, "min_lon": 54.174961625842883, "min_lat": 35.771607680858608, "max_lon": 61.531925520205846, "max_lat": 40.075286817842198 }, "geometry": { "type": "Point", "coordinates": [ 57.853443573024364, 37.923447249350403 ] } },
{ "type": "Feature", "properties": { "eco_name": "Kuh Rud and Eastern Iran montane woodlands", "biome": 10.0, "realm": "PA", "places_n": 2.0, "min_lon": 50.840415569265105, "min_lat": 26.381703526314993, "max_lon": 63.799411548021453, "max_lat": 35.959420482571488 }, "geometry": { "type": "Point", "coordinates": [ 57.319913558643279, 31.170562004443241 ] } },
{ "type": "Feature", "properties": { "eco_name": "KwaZulu-Cape coastal forest mosaic", "biome": 1.0, "realm": "AT", "places_n": 4.0, "min_lon": 26.020700530178033, "min_lat": -33.777820547732205, "max_lon": 32.441581523662848, "max_lat": -28.143367094187965 }, "geometry": { "type": "Point", "coordinates": [ 29.23114102692044, -30.960593820960085 ] } },
{ "type": "Feature", "properties": { "eco_name": "La Costa xeric shrublands", "biome": 13.0, "realm": "NT", "places_n": 11.0, "min_lon": -69.293289588708333, "min_lat": 8.7285224144280846, "max_lon": -62.984203570034595, "max_lat": 10.748090018632126 }, "geometry": { "type": "Point", "coordinates": [ -66.138746579371457, 9.738306216530106 ] } },
{ "type": "Feature", "properties": { "eco_name": "Lake", "biome": 98.0, "realm": "NT", "places_n": 16.0, "min_lon": -125.137954575668, "min_lat": -16.5922120026203, "max_lon": 109.84670258571407, "max_lat": 67.035794244663634 }, "geometry": { "type": "Point", "coordinates": [ -7.645625994976967, 25.221791121021667 ] } },
{ "type": "Feature", "properties": { "eco_name": "Lake Chad flooded savanna", "biome": 9.0, "realm": "AT", "places_n": 1.0, "min_lon": 8.1804445593345463, "min_lat": 11.105583050901544, "max_lon": 15.336666566324482, "max_lat": 14.449803500133385 }, "geometry": { "type": "Point", "coordinates": [ 11.758555562829514, 12.777693275517464 ] } },
{ "type": "Feature", "properties": { "eco_name": "Lara-Falcón dry forests", "biome": 2.0, "realm": "NT", "places_n": 0.0, "min_lon": -70.159599515832369, "min_lat": 10.066135693433978, "max_lon": -68.303199571049547, "max_lat": 11.534374395666362 }, "geometry": { "type": "Point", "coordinates": [ -69.231399543440958, 10.80025504455017 ] } },
{ "type": "Feature", "properties": { "eco_name": "Leeward Islands moist forests", "biome": 1.0, "realm": "NT", "places_n": 1.0, "min_lon": -65.038230519329474, "min_lat": 15.947246932350993, "max_lon": -61.550823526760738, "max_lat": 18.45051254395014 }, "geometry": { "type": "Point", "coordinates": [ -63.294527023045106, 17.198879738150566 ] } },
{ "type": "Feature", "properties": { "eco_name": "Lesser Antillean dry forests", "biome": 2.0, "realm": "NT", "places_n": 3.0, "min_lon": -63.066314537636401, "min_lat": 10.035369750161806, "max_lon": -60.517932493963144, "max_lat": 18.261110868669846 }, "geometry": { "type": "Point", "coordinates": [ -61.792123515799773, 14.148240309415826 ] } },
{ "type": "Feature", "properties": { "eco_name": "Lesser Sundas deciduous forests", "biome": 2.0, "realm": "AA", "places_n": 6.0, "min_lon": 115.83529664553055, "min_lat": -9.1127197711439862, "max_lon": 125.13240055898086, "max_lat": -7.779655350995597 }, "geometry": { "type": "Point", "coordinates": [ 120.483848602255705, -8.446187561069792 ] } },
{ "type": "Feature", "properties": { "eco_name": "Llanos", "biome": 7.0, "realm": "NT", "places_n": 14.0, "min_lon": -73.890083544734011, "min_lat": 2.5810736872923599, "max_lon": -61.877944565207585, "max_lat": 9.9643837473789745 }, "geometry": { "type": "Point", "coordinates": [ -67.884014054970805, 6.272728717335667 ] } },
{ "type": "Feature", "properties": { "eco_name": "Lord Howe Island subtropical forests", "biome": 1.0, "realm": "AA", "places_n": 0.0, "min_lon": 159.04498270579393, "min_lat": -31.598086173084596, "max_lon": 159.10189867825522, "max_lat": -31.519757790751328 }, "geometry": { "type": "Point", "coordinates": [ 159.073440692024576, -31.558921981917962 ] } },
{ "type": "Feature", "properties": { "eco_name": "Louisiade Archipelago rain forests", "biome": 1.0, "realm": "AA", "places_n": 0.0, "min_lon": 150.76759364097518, "min_lat": -11.642191738321628, "max_lon": 154.29580658808709, "max_lat": -10.532008661700331 }, "geometry": { "type": "Point", "coordinates": [ 152.531700114531134, -11.08710020001098 ] } },
{ "type": "Feature", "properties": { "eco_name": "Low Arctic tundra", "biome": 11.0, "realm": "NA", "places_n": 7.0, "min_lon": -132.79484559706623, "min_lat": 55.674398903280235, "max_lon": -69.096687523317513, "max_lat": 69.831112688171459 }, "geometry": { "type": "Point", "coordinates": [ -100.945766560191871, 62.752755795725847 ] } },
{ "type": "Feature", "properties": { "eco_name": "Lower Gangetic Plains moist deciduous forests", "biome": 1.0, "realm": "IM", "places_n": 27.0, "min_lon": 82.732833655643617, "min_lat": 20.736628860333042, "max_lon": 92.617057532934155, "max_lat": 27.340801959867861 }, "geometry": { "type": "Point", "coordinates": [ 87.674945594288886, 24.038715410100451 ] } },
{ "type": "Feature", "properties": { "eco_name": "Lowland fynbos and renosterveld", "biome": 12.0, "realm": "AT", "places_n": 6.0, "min_lon": 17.845699597865917, "min_lat": -34.837819661252809, "max_lon": 25.70224956474587, "max_lat": -31.65958620839686 }, "geometry": { "type": "Point", "coordinates": [ 21.773974581305893, -33.248702934824834 ] } },
{ "type": "Feature", "properties": { "eco_name": "Low Monte", "biome": 8.0, "realm": "NT", "places_n": 18.0, "min_lon": -70.17544550380029, "min_lat": -44.22815330451553, "max_lon": -62.893348601032031, "max_lat": -31.370659826375459 }, "geometry": { "type": "Point", "coordinates": [ -66.534397052416153, -37.799406565445494 ] } },
{ "type": "Feature", "properties": { "eco_name": "Luang Prabang montane rain forests", "biome": 1.0, "realm": "IM", "places_n": 1.0, "min_lon": 100.55770866650778, "min_lat": 15.977131937598642, "max_lon": 104.44575453798171, "max_lat": 20.148596107236131 }, "geometry": { "type": "Point", "coordinates": [ 102.501731602244746, 18.062864022417386 ] } },
{ "type": "Feature", "properties": { "eco_name": "Luzon montane rain forests", "biome": 1.0, "realm": "IM", "places_n": 0.0, "min_lon": 120.04402960656785, "min_lat": 14.649256250796839, "max_lon": 122.31478155913976, "max_lat": 18.461240709472406 }, "geometry": { "type": "Point", "coordinates": [ 121.179405582853803, 16.555248480134622 ] } },
{ "type": "Feature", "properties": { "eco_name": "Luzon rain forests", "biome": 1.0, "realm": "IM", "places_n": 15.0, "min_lon": 119.74790166096943, "min_lat": 12.381141580242513, "max_lon": 124.41909758060126, "max_lat": 20.837094519525522 }, "geometry": { "type": "Point", "coordinates": [ 122.083499620785346, 16.609118049884017 ] } },
{ "type": "Feature", "properties": { "eco_name": "Luzon tropical pine forests", "biome": 3.0, "realm": "IM", "places_n": 1.0, "min_lon": 120.54309868329648, "min_lat": 16.190700316136827, "max_lon": 121.3433536812804, "max_lat": 17.830584805222202 }, "geometry": { "type": "Point", "coordinates": [ 120.943226182288441, 17.010642560679514 ] } },
{ "type": "Feature", "properties": { "eco_name": "Madagascar dry deciduous forests", "biome": 2.0, "realm": "AT", "places_n": 7.0, "min_lon": 44.001487489791884, "min_lat": -21.591140504355195, "max_lon": 49.942459599034663, "max_lat": -11.944561016668331 }, "geometry": { "type": "Point", "coordinates": [ 46.971973544413274, -16.767850760511763 ] } },
{ "type": "Feature", "properties": { "eco_name": "Madagascar ericoid thickets", "biome": 10.0, "realm": "AT", "places_n": 0.0, "min_lon": 46.856155507531327, "min_lat": -22.28293719554722, "max_lon": 49.77218257697146, "max_lat": -13.844998139671418 }, "geometry": { "type": "Point", "coordinates": [ 48.314169042251393, -18.063967667609319 ] } },
{ "type": "Feature", "properties": { "eco_name": "Madagascar lowland forests", "biome": 1.0, "realm": "AT", "places_n": 5.0, "min_lon": 46.689254548432274, "min_lat": -25.159519866797325, "max_lon": 50.483779502777168, "max_lat": -13.373997374494479 }, "geometry": { "type": "Point", "coordinates": [ 48.586517025604721, -19.266758620645902 ] } },
{ "type": "Feature", "properties": { "eco_name": "Madagascar mangroves", "biome": 14.0, "realm": "AT", "places_n": 0.0, "min_lon": 43.459949488928544, "min_lat": -21.721794426052469, "max_lon": 48.416892534704346, "max_lat": -13.530054162531144 }, "geometry": { "type": "Point", "coordinates": [ 45.938421011816445, -17.625924294291806 ] } },
{ "type": "Feature", "properties": { "eco_name": "Madagascar spiny thickets", "biome": 13.0, "realm": "AT", "places_n": 3.0, "min_lon": 43.191379564616028, "min_lat": -25.607278955551635, "max_lon": 46.834014542634691, "max_lat": -22.015321467093088 }, "geometry": { "type": "Point", "coordinates": [ 45.012697053625359, -23.811300211322362 ] } },
{ "type": "Feature", "properties": { "eco_name": "Madagascar subhumid forests", "biome": 1.0, "realm": "AT", "places_n": 6.0, "min_lon": 44.002563558522553, "min_lat": -24.754071619483653, "max_lon": 50.059810602189799, "max_lat": -12.44116229346173 }, "geometry": { "type": "Point", "coordinates": [ 47.031187080356176, -18.597616956472692 ] } },
{ "type": "Feature", "properties": { "eco_name": "Madagascar succulent woodlands", "biome": 13.0, "realm": "AT", "places_n": 3.0, "min_lon": 43.236160552924787, "min_lat": -24.777513455754303, "max_lon": 46.239734589457214, "max_lat": -19.823661655872513 }, "geometry": { "type": "Point", "coordinates": [ 44.737947571191, -22.300587555813408 ] } },
{ "type": "Feature", "properties": { "eco_name": "Madeira evergreen forests", "biome": 4.0, "realm": "PA", "places_n": 1.0, "min_lon": -17.255836572389768, "min_lat": 32.412504659610704, "max_lon": -16.277225571140434, "max_lat": 33.108032303547645 }, "geometry": { "type": "Point", "coordinates": [ -16.766531071765101, 32.760268481579175 ] } },
{ "type": "Feature", "properties": { "eco_name": "Madeira-Tapajós moist forests", "biome": 1.0, "realm": "NT", "places_n": 15.0, "min_lon": -65.663055636449286, "min_lat": -16.014793421162381, "max_lon": -54.39181856027588, "max_lat": -1.7857947737710447 }, "geometry": { "type": "Point", "coordinates": [ -60.027437098362583, -8.900294097466713 ] } },
{ "type": "Feature", "properties": { "eco_name": "Magdalena-Urabá moist forests", "biome": 1.0, "realm": "NT", "places_n": 9.0, "min_lon": -76.936614499804449, "min_lat": 5.3648953447560075, "max_lon": -73.268958534955416, "max_lat": 10.128596294851036 }, "geometry": { "type": "Point", "coordinates": [ -75.10278651737994, 7.746745819803522 ] } },
{ "type": "Feature", "properties": { "eco_name": "Magdalena Valley dry forests", "biome": 2.0, "realm": "NT", "places_n": 5.0, "min_lon": -75.972816500774755, "min_lat": 1.9947513453590204, "max_lon": -74.302200601858331, "max_lat": 5.396159173077308 }, "geometry": { "type": "Point", "coordinates": [ -75.137508551316543, 3.695455259218164 ] } },
{ "type": "Feature", "properties": { "eco_name": "Magdalena Valley montane forests", "biome": 1.0, "realm": "NT", "places_n": 10.0, "min_lon": -76.601684545075969, "min_lat": 1.4884461716122814, "max_lon": -72.403572628838305, "max_lat": 9.2811238569410648 }, "geometry": { "type": "Point", "coordinates": [ -74.502628586957144, 5.384785014276673 ] } },
{ "type": "Feature", "properties": { "eco_name": "Magellanic subpolar forests", "biome": 4.0, "realm": "NT", "places_n": 8.0, "min_lon": -75.710319600594644, "min_lat": -55.977512243172328, "max_lon": -63.806961631132666, "max_lat": -46.254773944972158 }, "geometry": { "type": "Point", "coordinates": [ -69.758640615863655, -51.116143094072243 ] } },
{ "type": "Feature", "properties": { "eco_name": "Malabar Coast moist forests", "biome": 1.0, "realm": "IM", "places_n": 9.0, "min_lon": 72.659576571536689, "min_lat": 8.0680636475814254, "max_lon": 77.784576608498526, "max_lat": 19.967673397577926 }, "geometry": { "type": "Point", "coordinates": [ 75.222076590017608, 14.017868522579676 ] } },
{ "type": "Feature", "properties": { "eco_name": "Maldives-Lakshadweep-Chagos Archipelago tropical moist forests", "biome": 1.0, "realm": "IM", "places_n": 1.0, "min_lon": 71.258605492196978, "min_lat": -7.4361160082314655, "max_lon": 120.42099765560738, "max_lat": 13.898443752757998 }, "geometry": { "type": "Point", "coordinates": [ 95.839801573902179, 3.231163872263267 ] } },
{ "type": "Feature", "properties": { "eco_name": "Malpelo Island xeric scrub", "biome": 13.0, "realm": "NT", "places_n": 0.0, "min_lon": -81.61621059516844, "min_lat": 3.9586840671842083, "max_lon": -81.578544501557744, "max_lat": 3.9920535972231619 }, "geometry": { "type": "Point", "coordinates": [ -81.597377548363085, 3.975368832203685 ] } },
{ "type": "Feature", "properties": { "eco_name": "Manchurian mixed forests", "biome": 4.0, "realm": "PA", "places_n": 40.0, "min_lon": 120.13462054562012, "min_lat": 37.061317377343869, "max_lon": 135.08531161828722, "max_lat": 53.252328117264994 }, "geometry": { "type": "Point", "coordinates": [ 127.609966081953672, 45.156822747304432 ] } },
{ "type": "Feature", "properties": { "eco_name": "Mandara Plateau mosaic", "biome": 7.0, "realm": "AT", "places_n": 0.0, "min_lon": 13.284580530530718, "min_lat": 9.8798817580751574, "max_lon": 14.152700445828145, "max_lat": 11.127667521770661 }, "geometry": { "type": "Point", "coordinates": [ 13.718640488179432, 10.503774639922909 ] } },
{ "type": "Feature", "properties": { "eco_name": "Maputaland coastal forest mosaic", "biome": 1.0, "realm": "AT", "places_n": 5.0, "min_lon": 31.821008546027912, "min_lat": -28.381220193180951, "max_lon": 33.659538608500156, "max_lat": -24.344989649501997 }, "geometry": { "type": "Point", "coordinates": [ 32.740273577264034, -26.363104921341474 ] } },
{ "type": "Feature", "properties": { "eco_name": "Maputaland-Pondoland bushland and thickets", "biome": 10.0, "realm": "AT", "places_n": 1.0, "min_lon": 25.966489565511978, "min_lat": -33.777820547732205, "max_lon": 31.769473587772154, "max_lat": -28.46421360754988 }, "geometry": { "type": "Point", "coordinates": [ 28.867981576642066, -31.121017077641042 ] } },
{ "type": "Feature", "properties": { "eco_name": "Maracaibo dry forests", "biome": 2.0, "realm": "NT", "places_n": 2.0, "min_lon": -72.792297638196871, "min_lat": 8.4699376837397153, "max_lon": -70.03535456494707, "max_lat": 11.141847690299983 }, "geometry": { "type": "Point", "coordinates": [ -71.413826101571971, 9.805892687019849 ] } },
{ "type": "Feature", "properties": { "eco_name": "Marajó varzeá", "biome": 1.0, "realm": "NT", "places_n": 2.0, "min_lon": -53.638164597057923, "min_lat": -2.2557965837266352, "max_lon": -48.3585665584894, "max_lat": 4.3445897395880593 }, "geometry": { "type": "Point", "coordinates": [ -50.998365577773662, 1.044396577930712 ] } },
{ "type": "Feature", "properties": { "eco_name": "Maranhão Babaçu forests", "biome": 1.0, "realm": "NT", "places_n": 15.0, "min_lon": -46.968055591408188, "min_lat": -6.0753659942308218, "max_lon": -40.853614463731986, "max_lat": -2.4518690804743528 }, "geometry": { "type": "Point", "coordinates": [ -43.910835027570087, -4.263617537352587 ] } },
{ "type": "Feature", "properties": { "eco_name": "Marañón dry forests", "biome": 2.0, "realm": "NT", "places_n": 0.0, "min_lon": -79.331092563454618, "min_lat": -8.3399859140719173, "max_lon": -77.39655249388403, "max_lat": -5.0844067732119242 }, "geometry": { "type": "Point", "coordinates": [ -78.363822528669317, -6.712196343641921 ] } },
{ "type": "Feature", "properties": { "eco_name": "Marianas tropical dry forests", "biome": 2.0, "realm": "OC", "places_n": 2.0, "min_lon": 144.61924771492278, "min_lat": 13.239641585256493, "max_lon": 146.08122262090626, "max_lat": 20.541389860037896 }, "geometry": { "type": "Point", "coordinates": [ 145.350235167914519, 16.890515722647194 ] } },
{ "type": "Feature", "properties": { "eco_name": "Marielandia Antarctic tundra", "biome": 11.0, "realm": "AN", "places_n": 5.0, "min_lon": -163.81640657384378, "min_lat": -85.01583479579881, "max_lon": -55.000282537658123, "max_lat": -62.977715180689927 }, "geometry": { "type": "Point", "coordinates": [ -109.408344555750944, -73.996774988244368 ] } },
{ "type": "Feature", "properties": { "eco_name": "Marquesas tropical moist forests", "biome": 1.0, "realm": "OC", "places_n": 0.0, "min_lon": -140.72093166511635, "min_lat": -10.538257202885404, "max_lon": -138.59352065053793, "max_lat": -7.8276677306195666 }, "geometry": { "type": "Point", "coordinates": [ -139.657226157827154, -9.182962466752485 ] } },
{ "type": "Feature", "properties": { "eco_name": "Masai xeric grasslands and shrublands", "biome": 13.0, "realm": "AT", "places_n": 0.0, "min_lon": 35.381908568621554, "min_lat": 0.35764797174982732, "max_lon": 40.260700593135454, "max_lat": 4.7709729635683402 }, "geometry": { "type": "Point", "coordinates": [ 37.821304580878504, 2.564310467659084 ] } },
{ "type": "Feature", "properties": { "eco_name": "Mascarene forests", "biome": 1.0, "realm": "AT", "places_n": 4.0, "min_lon": 55.210761514321177, "min_lat": -21.410093574891846, "max_lon": 63.498073579042398, "max_lat": -19.671183269942816 }, "geometry": { "type": "Point", "coordinates": [ 59.354417546681788, -20.540638422417331 ] } },
{ "type": "Feature", "properties": { "eco_name": "Mato Grosso seasonal forests", "biome": 1.0, "realm": "NT", "places_n": 8.0, "min_lon": -59.356937482054676, "min_lat": -13.632047172121702, "max_lon": -47.237808537535983, "max_lat": -5.202214087176344 }, "geometry": { "type": "Point", "coordinates": [ -53.297373009795329, -9.417130629649023 ] } },
{ "type": "Feature", "properties": { "eco_name": "Maudlandia Antarctic desert", "biome": 11.0, "realm": "AN", "places_n": 10.0, "min_lon": -179.99998860061166, "min_lat": -87.260078811915633, "max_lon": 179.9999886006118, "max_lat": -64.923666373254207 }, "geometry": { "type": "Point", "coordinates": [ 0.0, -76.09187259258492 ] } },
{ "type": "Feature", "properties": { "eco_name": "Mediterranean acacia-argania dry woodlands and succulent thickets", "biome": 12.0, "realm": "PA", "places_n": 8.0, "min_lon": -14.504034455638362, "min_lat": 27.012326405866645, "max_lon": -6.2108054378220174, "max_lat": 33.002376569904072 }, "geometry": { "type": "Point", "coordinates": [ -10.35741994673019, 30.007351487885359 ] } },
{ "type": "Feature", "properties": { "eco_name": "Mediterranean conifer and mixed forests", "biome": 5.0, "realm": "PA", "places_n": 4.0, "min_lon": -5.9445165646418161, "min_lat": 31.916730676661416, "max_lon": 9.332273457197914, "max_lat": 37.091669925151052 }, "geometry": { "type": "Point", "coordinates": [ 1.693878446278049, 34.504200300906234 ] } },
{ "type": "Feature", "properties": { "eco_name": "Mediterranean dry woodlands and steppe", "biome": 12.0, "realm": "PA", "places_n": 18.0, "min_lon": -7.3674185583843439, "min_lat": 30.63046108088065, "max_lon": 30.971759479919172, "max_lat": 36.029093711677717 }, "geometry": { "type": "Point", "coordinates": [ 11.802170460767414, 33.329777396279184 ] } },
{ "type": "Feature", "properties": { "eco_name": "Mediterranean High Atlas juniper steppe", "biome": 10.0, "realm": "PA", "places_n": 0.0, "min_lon": -8.9038894729276876, "min_lat": 30.761752362495997, "max_lon": -3.7839485850891492, "max_lat": 33.726102277254029 }, "geometry": { "type": "Point", "coordinates": [ -6.343919029008418, 32.243927319875013 ] } },
{ "type": "Feature", "properties": { "eco_name": "Mediterranean woodlands and forests", "biome": 12.0, "realm": "PA", "places_n": 61.0, "min_lon": -9.2858754321269146, "min_lat": 30.138830775589099, "max_lon": 22.31678545798664, "max_lat": 37.541859933466583 }, "geometry": { "type": "Point", "coordinates": [ 6.515455012929863, 33.840345354527841 ] } },
{ "type": "Feature", "properties": { "eco_name": "Meghalaya subtropical forests", "biome": 1.0, "realm": "IM", "places_n": 1.0, "min_lon": 89.818572574041752, "min_lat": 24.934291841836227, "max_lon": 93.915023571692984, "max_lat": 26.638980009554473 }, "geometry": { "type": "Point", "coordinates": [ 91.866798072867368, 25.78663592569535 ] } },
{ "type": "Feature", "properties": { "eco_name": "Mentawai Islands rain forests", "biome": 1.0, "realm": "IM", "places_n": 0.0, "min_lon": 98.589088616784409, "min_lat": -5.5193006464083396, "max_lon": 102.40200061686625, "max_lat": -0.91357107867509058 }, "geometry": { "type": "Point", "coordinates": [ 100.495544616825327, -3.216435862541715 ] } },
{ "type": "Feature", "properties": { "eco_name": "Meseta Central matorral", "biome": 13.0, "realm": "NA", "places_n": 9.0, "min_lon": -105.27848857261027, "min_lat": 20.0208106404462, "max_lon": -98.261207674994864, "max_lat": 25.648852943883639 }, "geometry": { "type": "Point", "coordinates": [ -101.769848123802575, 22.83483179216492 ] } },
{ "type": "Feature", "properties": { "eco_name": "Mesoamerican Gulf-Caribbean mangroves", "biome": 14.0, "realm": "NT", "places_n": 12.0, "min_lon": -98.510070571457106, "min_lat": 8.8782724908716091, "max_lon": -77.82067863897511, "max_lat": 22.95944906718961 }, "geometry": { "type": "Point", "coordinates": [ -88.165374605216101, 15.918860779030609 ] } },
{ "type": "Feature", "properties": { "eco_name": "Mesopotamian shrub desert", "biome": 13.0, "realm": "PA", "places_n": 11.0, "min_lon": 34.314804451048644, "min_lat": 30.358795887360657, "max_lon": 46.135665550086259, "max_lat": 36.618947684698298 }, "geometry": { "type": "Point", "coordinates": [ 40.225235000567451, 33.488871786029478 ] } },
{ "type": "Feature", "properties": { "eco_name": "Mid-Continental Canadian forests", "biome": 6.0, "realm": "NA", "places_n": 4.0, "min_lon": -116.91657254972945, "min_lat": 50.346872639395713, "max_lon": -96.611366658394246, "max_lat": 61.481611260420209 }, "geometry": { "type": "Point", "coordinates": [ -106.763969604061856, 55.914241949907961 ] } },
{ "type": "Feature", "properties": { "eco_name": "Middle Arctic tundra", "biome": 11.0, "realm": "NA", "places_n": 11.0, "min_lon": -125.63884755452932, "min_lat": 60.193268484706095, "max_lon": -62.987502519489468, "max_lat": 74.56275352914281 }, "geometry": { "type": "Point", "coordinates": [ -94.313175037009387, 67.378011006924453 ] } },
{ "type": "Feature", "properties": { "eco_name": "Middle Atlantic coastal forests", "biome": 5.0, "realm": "NA", "places_n": 21.0, "min_lon": -81.904914521479355, "min_lat": 30.950859497698389, "max_lon": -75.04254158825033, "max_lat": 39.476981707118057 }, "geometry": { "type": "Point", "coordinates": [ -78.473728054864836, 35.213920602408223 ] } },
{ "type": "Feature", "properties": { "eco_name": "Middle East steppe", "biome": 8.0, "realm": "PA", "places_n": 12.0, "min_lon": 35.218051581482541, "min_lat": 29.756443323227359, "max_lon": 45.771652570606733, "max_lat": 37.007943429529689 }, "geometry": { "type": "Point", "coordinates": [ 40.494852076044637, 33.382193376378524 ] } },
{ "type": "Feature", "properties": { "eco_name": "Midwestern Canadian Shield forests", "biome": 6.0, "realm": "NA", "places_n": 15.0, "min_lon": -111.23984563803276, "min_lat": 49.880939405245272, "max_lon": -88.707336562742455, "max_lat": 59.346798354778741 }, "geometry": { "type": "Point", "coordinates": [ -99.973591100387608, 54.613868880012006 ] } },
{ "type": "Feature", "properties": { "eco_name": "Mindanao-Eastern Visayas rain forests", "biome": 1.0, "realm": "IM", "places_n": 14.0, "min_lon": 121.58139755238983, "min_lat": 5.369200122592872, "max_lon": 126.60040255626728, "max_lat": 12.694358214774752 }, "geometry": { "type": "Point", "coordinates": [ 124.090900054328557, 9.031779168683812 ] } },
{ "type": "Feature", "properties": { "eco_name": "Mindanao montane rain forests", "biome": 1.0, "realm": "IM", "places_n": 0.0, "min_lon": 123.50702665304829, "min_lat": 5.7310165405241946, "max_lon": 126.44568653746381, "max_lat": 9.4497489735248905 }, "geometry": { "type": "Point", "coordinates": [ 124.97635659525605, 7.590382757024543 ] } },
{ "type": "Feature", "properties": { "eco_name": "Mindoro rain forests", "biome": 1.0, "realm": "IM", "places_n": 0.0, "min_lon": 120.29900358100292, "min_lat": 11.828020124456032, "max_lon": 121.58910353890042, "max_lat": 13.530725301519226 }, "geometry": { "type": "Point", "coordinates": [ 120.944053559951669, 12.679372712987629 ] } },
{ "type": "Feature", "properties": { "eco_name": "Miskito pine forests", "biome": 3.0, "realm": "NT", "places_n": 2.0, "min_lon": -84.737121553258646, "min_lat": 12.89316371487439, "max_lon": -83.227096549086838, "max_lat": 15.788565099875427 }, "geometry": { "type": "Point", "coordinates": [ -83.982109051172742, 14.340864407374909 ] } },
{ "type": "Feature", "properties": { "eco_name": "Mississippi lowland forests", "biome": 4.0, "realm": "NA", "places_n": 13.0, "min_lon": -92.476051625529351, "min_lat": 29.284512334435135, "max_lon": -89.008697665774278, "max_lat": 37.331804242914359 }, "geometry": { "type": "Point", "coordinates": [ -90.742374645651807, 33.308158288674747 ] } },
{ "type": "Feature", "properties": { "eco_name": "Mitchell grass downs", "biome": 7.0, "realm": "AA", "places_n": 10.0, "min_lon": 133.35026570598177, "min_lat": -25.831326389449544, "max_lon": 147.02920564500982, "max_lat": -17.257013601144251 }, "geometry": { "type": "Point", "coordinates": [ 140.189735675495797, -21.544169995296897 ] } },
{ "type": "Feature", "properties": { "eco_name": "Mizoram-Manipur-Kachin rain forests", "biome": 1.0, "realm": "IM", "places_n": 5.0, "min_lon": 91.913276564208786, "min_lat": 17.592999424216885, "max_lon": 97.800262511428912, "max_lat": 26.928880033449673 }, "geometry": { "type": "Point", "coordinates": [ 94.856769537818849, 22.260939728833279 ] } },
{ "type": "Feature", "properties": { "eco_name": "Mojave desert", "biome": 13.0, "realm": "NA", "places_n": 8.0, "min_lon": -118.65139768270504, "min_lat": 33.690600223407159, "max_lon": -113.10323357549946, "max_lat": 38.178075218822073 }, "geometry": { "type": "Point", "coordinates": [ -115.877315629102242, 35.934337721114616 ] } },
{ "type": "Feature", "properties": { "eco_name": "Mongolian-Manchurian grassland", "biome": 8.0, "realm": "PA", "places_n": 31.0, "min_lon": 101.94578552890454, "min_lat": 38.667481134646891, "max_lon": 127.22993461493871, "max_lat": 51.635024810631421 }, "geometry": { "type": "Point", "coordinates": [ 114.587860071921625, 45.151252972639156 ] } },
{ "type": "Feature", "properties": { "eco_name": "Montana Valley and Foothill grasslands", "biome": 8.0, "realm": "NA", "places_n": 8.0, "min_lon": -114.68568459342094, "min_lat": 44.379886120157266, "max_lon": -106.94638856725726, "max_lat": 51.72759454938722 }, "geometry": { "type": "Point", "coordinates": [ -110.816036580339102, 48.053740334772243 ] } },
{ "type": "Feature", "properties": { "eco_name": "Montane fynbos and renosterveld", "biome": 12.0, "realm": "AT", "places_n": 2.0, "min_lon": 17.420364447059683, "min_lat": -34.756953741549836, "max_lon": 25.461036496042851, "max_lat": -29.319691601190215 }, "geometry": { "type": "Point", "coordinates": [ 21.440700471551267, -32.038322671370025 ] } },
{ "type": "Feature", "properties": { "eco_name": "Monte Alegre varzeá", "biome": 1.0, "realm": "NT", "places_n": 3.0, "min_lon": -65.360641598739591, "min_lat": -11.959622961412492, "max_lon": -54.710227616192114, "max_lat": -0.050915493700927072 }, "geometry": { "type": "Point", "coordinates": [ -60.035434607465852, -6.00526922755671 ] } },
{ "type": "Feature", "properties": { "eco_name": "Motagua Valley thornscrub", "biome": 13.0, "realm": "NT", "places_n": 3.0, "min_lon": -90.212188591545683, "min_lat": 14.726317289368808, "max_lon": -89.177856541952821, "max_lat": 15.278926443232706 }, "geometry": { "type": "Point", "coordinates": [ -89.695022566749259, 15.002621866300757 ] } },
{ "type": "Feature", "properties": { "eco_name": "Mount Cameroon and Bioko montane forests", "biome": 1.0, "realm": "AT", "places_n": 1.0, "min_lon": 8.4790634389209174, "min_lat": 3.3156558032832777, "max_lon": 9.3218525722463141, "max_lat": 4.4233357083379587 }, "geometry": { "type": "Point", "coordinates": [ 8.900458005583616, 3.869495755810618 ] } },
{ "type": "Feature", "properties": { "eco_name": "Mount Lofty woodlands", "biome": 12.0, "realm": "AA", "places_n": 3.0, "min_lon": 136.5313416298452, "min_lat": -36.07485043733584, "max_lon": 139.27432263168657, "max_lat": -32.352028306134002 }, "geometry": { "type": "Point", "coordinates": [ 137.902832130765887, -34.213439371734921 ] } },
{ "type": "Feature", "properties": { "eco_name": "Murray-Darling woodlands and mallee", "biome": 12.0, "realm": "AA", "places_n": 8.0, "min_lon": 138.80551155489718, "min_lat": -37.315832107303351, "max_lon": 146.24456764139882, "max_lat": -30.798484795910895 }, "geometry": { "type": "Point", "coordinates": [ 142.525039598147998, -34.057158451607123 ] } },
{ "type": "Feature", "properties": { "eco_name": "Muskwa-Slave Lake forests", "biome": 6.0, "realm": "NA", "places_n": 5.0, "min_lon": -129.9768986971726, "min_lat": 57.02447506649122, "max_lon": -113.00330368755844, "max_lat": 66.483833011915806 }, "geometry": { "type": "Point", "coordinates": [ -121.490101192365529, 61.754154039203513 ] } },
{ "type": "Feature", "properties": { "eco_name": "Myanmar coastal rain forests", "biome": 1.0, "realm": "IM", "places_n": 6.0, "min_lon": 92.189697649595018, "min_lat": 11.211231743746396, "max_lon": 98.985786660088934, "max_lat": 21.476920058220173 }, "geometry": { "type": "Point", "coordinates": [ 95.587742154841976, 16.344075900983285 ] } },
{ "type": "Feature", "properties": { "eco_name": "Myanmar Coast mangroves", "biome": 14.0, "realm": "IM", "places_n": 5.0, "min_lon": 91.822761565199357, "min_lat": 4.5565700827492037, "max_lon": 100.6940005915622, "max_lat": 21.926567422123583 }, "geometry": { "type": "Point", "coordinates": [ 96.258381078380779, 13.241568752436393 ] } },
{ "type": "Feature", "properties": { "eco_name": "Nama Karoo", "biome": 13.0, "realm": "AT", "places_n": 11.0, "min_lon": 15.917573528249221, "min_lat": -33.585930955949067, "max_lon": 26.894359542375071, "max_lat": -26.551129701385833 }, "geometry": { "type": "Point", "coordinates": [ 21.405966535312146, -30.06853032866745 ] } },
{ "type": "Feature", "properties": { "eco_name": "Namib desert", "biome": 13.0, "realm": "AT", "places_n": 2.0, "min_lon": 13.17034156038946, "min_lat": -27.100814409229088, "max_lon": 17.195390477583885, "max_lat": -19.932080567719453 }, "geometry": { "type": "Point", "coordinates": [ 15.182866018986672, -23.51644748847427 ] } },
{ "type": "Feature", "properties": { "eco_name": "Namibian savanna woodlands", "biome": 13.0, "realm": "AT", "places_n": 9.0, "min_lon": 12.056853499343021, "min_lat": -27.033518287865633, "max_lon": 19.230001586345082, "max_lat": -12.868568277268423 }, "geometry": { "type": "Point", "coordinates": [ 15.643427542844051, -19.951043282567028 ] } },
{ "type": "Feature", "properties": { "eco_name": "Nansei Islands subtropical evergreen forests", "biome": 1.0, "realm": "IM", "places_n": 1.0, "min_lon": 122.93525663614554, "min_lat": 24.03340103202521, "max_lon": 131.08551066986132, "max_lat": 30.838388438576544 }, "geometry": { "type": "Point", "coordinates": [ 127.01038365300343, 27.435894735300877 ] } },
{ "type": "Feature", "properties": { "eco_name": "Napo moist forests", "biome": 1.0, "realm": "NT", "places_n": 7.0, "min_lon": -78.427207570188472, "min_lat": -5.0791960792790292, "max_lon": -73.023086636825084, "max_lat": 2.0434019230913236 }, "geometry": { "type": "Point", "coordinates": [ -75.725147103506771, -1.517897078093853 ] } },
{ "type": "Feature", "properties": { "eco_name": "Naracoorte woodlands", "biome": 12.0, "realm": "AA", "places_n": 4.0, "min_lon": 138.70297254813329, "min_lat": -38.432125926621353, "max_lon": 141.77310157814975, "max_lat": -35.270635660650072 }, "geometry": { "type": "Point", "coordinates": [ 140.238037063141519, -36.851380793635713 ] } },
{ "type": "Feature", "properties": { "eco_name": "Narmada Valley dry deciduous forests", "biome": 2.0, "realm": "IM", "places_n": 7.0, "min_lon": 73.545448519585904, "min_lat": 15.812566344364484, "max_lon": 82.958503658359746, "max_lat": 25.285749233261413 }, "geometry": { "type": "Point", "coordinates": [ 78.251976088972825, 20.549157788812948 ] } },
{ "type": "Feature", "properties": { "eco_name": "Nebraska Sand Hills mixed grasslands", "biome": 8.0, "realm": "NA", "places_n": 2.0, "min_lon": -103.24687164730419, "min_lat": 40.687164576752934, "max_lon": -98.081375618578903, "max_lat": 43.181666908573959 }, "geometry": { "type": "Point", "coordinates": [ -100.664123632941539, 41.934415742663447 ] } },
{ "type": "Feature", "properties": { "eco_name": "Negro-Branco moist forests", "biome": 1.0, "realm": "NT", "places_n": 2.0, "min_lon": -72.830429597986495, "min_lat": -1.1345626383104559, "max_lon": -61.809554605478695, "max_lat": 4.9213449772281024 }, "geometry": { "type": "Point", "coordinates": [ -67.319992101732595, 1.893391169458823 ] } },
{ "type": "Feature", "properties": { "eco_name": "Nelson Coast temperate forests", "biome": 4.0, "realm": "AA", "places_n": 2.0, "min_lon": 171.15104661018279, "min_lat": -42.760075870100422, "max_lon": 173.06329366713305, "max_lat": -40.493437587972807 }, "geometry": { "type": "Point", "coordinates": [ 172.107170138657921, -41.626756729036615 ] } },
{ "type": "Feature", "properties": { "eco_name": "Nenjiang River grassland", "biome": 9.0, "realm": "PA", "places_n": 4.0, "min_lon": 122.83213760168132, "min_lat": 44.75452684995895, "max_lon": 125.29597457306841, "max_lat": 47.891970944440061 }, "geometry": { "type": "Point", "coordinates": [ 124.064056087374865, 46.323248897199505 ] } },
{ "type": "Feature", "properties": { "eco_name": "New Britain-New Ireland lowland rain forests", "biome": 1.0, "realm": "AA", "places_n": 4.0, "min_lon": 145.88209559100051, "min_lat": -6.309271887376724, "max_lon": 154.23989862330257, "max_lat": -1.3523982437592963 }, "geometry": { "type": "Point", "coordinates": [ 150.060997107151536, -3.83083506556801 ] } },
{ "type": "Feature", "properties": { "eco_name": "New Britain-New Ireland montane rain forests", "biome": 1.0, "realm": "AA", "places_n": 0.0, "min_lon": 148.35247765530721, "min_lat": -6.0591951236954742, "max_lon": 153.0008696015006, "max_lat": -3.256301116090583 }, "geometry": { "type": "Point", "coordinates": [ 150.676673628403904, -4.657748119893029 ] } },
{ "type": "Feature", "properties": { "eco_name": "New Caledonia dry forests", "biome": 2.0, "realm": "AA", "places_n": 1.0, "min_lon": 163.98217765239383, "min_lat": -22.315159578316525, "max_lon": 166.57853670405962, "max_lat": -20.063342847949741 }, "geometry": { "type": "Point", "coordinates": [ 165.280357178226723, -21.189251213133133 ] } },
{ "type": "Feature", "properties": { "eco_name": "New Caledonia rain forests", "biome": 1.0, "realm": "AA", "places_n": 0.0, "min_lon": 163.56637557535402, "min_lat": -22.692638755812197, "max_lon": 168.14608771560643, "max_lat": -19.547537457497072 }, "geometry": { "type": "Point", "coordinates": [ 165.856231645480221, -21.120088106654634 ] } },
{ "type": "Feature", "properties": { "eco_name": "New England-Acadian forests", "biome": 4.0, "realm": "NA", "places_n": 19.0, "min_lon": -76.226730499733293, "min_lat": 40.285229185063372, "max_lon": -59.677204638268577, "max_lat": 48.846946655093291 }, "geometry": { "type": "Point", "coordinates": [ -67.951967569000942, 44.566087920078331 ] } },
{ "type": "Feature", "properties": { "eco_name": "Newfoundland Highland forests", "biome": 6.0, "realm": "NA", "places_n": 2.0, "min_lon": -59.332294519057868, "min_lat": 47.556915764078042, "max_lon": -56.180149572221723, "max_lat": 50.946952534299839 }, "geometry": { "type": "Point", "coordinates": [ -57.756222045639795, 49.251934149188941 ] } },
{ "type": "Feature", "properties": { "eco_name": "New Guinea mangroves", "biome": 14.0, "realm": "AA", "places_n": 1.0, "min_lon": 131.22482259463271, "min_lat": -10.522289342045156, "max_lon": 150.14599555658094, "max_lat": -0.91635286470358324 }, "geometry": { "type": "Point", "coordinates": [ 140.685409075606827, -5.719321103374369 ] } },
{ "type": "Feature", "properties": { "eco_name": "Nicobar Islands rain forests", "biome": 1.0, "realm": "IM", "places_n": 0.0, "min_lon": 92.71131153131563, "min_lat": 6.7449493847019539, "max_lon": 93.935676581136534, "max_lat": 9.2457126629246886 }, "geometry": { "type": "Point", "coordinates": [ 93.323494056226082, 7.995331023813321 ] } },
{ "type": "Feature", "properties": { "eco_name": "Niger Delta swamp forests", "biome": 1.0, "realm": "AT", "places_n": 1.0, "min_lon": 5.6180845186367492, "min_lat": 4.5046567653837428, "max_lon": 7.317409441784207, "max_lat": 5.8370967337449429 }, "geometry": { "type": "Point", "coordinates": [ 6.467746980210478, 5.170876749564343 ] } },
{ "type": "Feature", "properties": { "eco_name": "Nigerian lowland forests", "biome": 1.0, "realm": "AT", "places_n": 13.0, "min_lon": 2.5620255189417946, "min_lat": 5.3845458785788196, "max_lon": 6.7606324703814664, "max_lat": 8.178027679461195 }, "geometry": { "type": "Point", "coordinates": [ 4.661328994661631, 6.781286779020007 ] } },
{ "type": "Feature", "properties": { "eco_name": "Nihonkai evergreen forests", "biome": 4.0, "realm": "PA", "places_n": 8.0, "min_lon": 132.15254169723852, "min_lat": 34.949488153145012, "max_lon": 140.02902265642177, "max_lat": 39.377660177710084 }, "geometry": { "type": "Point", "coordinates": [ 136.090782176830146, 37.163574165427548 ] } },
{ "type": "Feature", "properties": { "eco_name": "Nihonkai montane deciduous forests", "biome": 4.0, "realm": "PA", "places_n": 10.0, "min_lon": 131.67001363588975, "min_lat": 34.268663037943782, "max_lon": 141.89584365379426, "max_lat": 42.887810458738215 }, "geometry": { "type": "Point", "coordinates": [ 136.782928644842002, 38.578236748340998 ] } },
{ "type": "Feature", "properties": { "eco_name": "Nile Delta flooded savanna", "biome": 9.0, "realm": "PA", "places_n": 25.0, "min_lon": 30.08262445696073, "min_lat": 23.542983923400357, "max_lon": 33.076419494687315, "max_lat": 31.601326365398336 }, "geometry": { "type": "Point", "coordinates": [ 31.579521975824022, 27.572155144399346 ] } },
{ "type": "Feature", "properties": { "eco_name": "Norfolk Island subtropical forests", "biome": 1.0, "realm": "AA", "places_n": 0.0, "min_lon": 167.90942367339903, "min_lat": -29.079291241819817, "max_lon": 167.99999969266366, "max_lat": -28.998740146400422 }, "geometry": { "type": "Point", "coordinates": [ 167.954711683031348, -29.03901569411012 ] } },
{ "type": "Feature", "properties": { "eco_name": "North Atlantic moist mixed forests", "biome": 4.0, "realm": "PA", "places_n": 7.0, "min_lon": -10.258733430307387, "min_lat": 52.052913311011594, "max_lon": 5.2187354469934348, "max_lat": 61.901291308786767 }, "geometry": { "type": "Point", "coordinates": [ -2.519998991656976, 56.97710230989918 ] } },
{ "type": "Feature", "properties": { "eco_name": "North Central Rockies forests", "biome": 5.0, "realm": "NA", "places_n": 8.0, "min_lon": -122.42828359235301, "min_lat": 45.495567054714513, "max_lon": -111.63861853765128, "max_lat": 54.107194064334863 }, "geometry": { "type": "Point", "coordinates": [ -117.03345106500214, 49.801380559524688 ] } },
{ "type": "Feature", "properties": { "eco_name": "Northeast China Plain deciduous forests", "biome": 4.0, "realm": "PA", "places_n": 35.0, "min_lon": 117.84214756150106, "min_lat": 38.715401480973924, "max_lon": 130.91383370232847, "max_lat": 48.391135239588834 }, "geometry": { "type": "Point", "coordinates": [ 124.37799063191477, 43.553268360281379 ] } },
{ "type": "Feature", "properties": { "eco_name": "Northeastern Brazil restingas", "biome": 1.0, "realm": "NT", "places_n": 3.0, "min_lon": -43.972110595515119, "min_lat": -3.1765920666649663, "max_lon": -39.672225610826445, "max_lat": -2.3291130908705213 }, "geometry": { "type": "Point", "coordinates": [ -41.822168103170782, -2.752852578767744 ] } },
{ "type": "Feature", "properties": { "eco_name": "Northeastern coastal forests", "biome": 4.0, "realm": "NA", "places_n": 32.0, "min_lon": -77.47737851572785, "min_lat": 38.923443000191128, "max_lon": -68.65933959650711, "max_lat": 45.242293768435331 }, "geometry": { "type": "Point", "coordinates": [ -73.068359056117487, 42.08286838431323 ] } },
{ "type": "Feature", "properties": { "eco_name": "Northeastern Congolian lowland forests", "biome": 1.0, "realm": "AT", "places_n": 20.0, "min_lon": 18.765079544994705, "min_lat": -3.8680977381785056, "max_lon": 30.154350581794603, "max_lat": 5.7803487346234306 }, "geometry": { "type": "Point", "coordinates": [ 24.459715063394654, 0.956125498222463 ] } },
{ "type": "Feature", "properties": { "eco_name": "Northeastern Himalayan subalpine conifer forests", "biome": 5.0, "realm": "PA", "places_n": 1.0, "min_lon": 91.650733563561175, "min_lat": 27.41580892924577, "max_lon": 97.587707672623594, "max_lat": 30.873589414461037 }, "geometry": { "type": "Point", "coordinates": [ 94.619220618092385, 29.144699171853404 ] } },
{ "type": "Feature", "properties": { "eco_name": "Northeastern Spain and Southern France Mediterranean forests", "biome": 12.0, "realm": "PA", "places_n": 13.0, "min_lon": -1.5904504548624345, "min_lat": 38.497916909630419, "max_lon": 7.8031655416868659, "max_lat": 45.604019326536104 }, "geometry": { "type": "Point", "coordinates": [ 3.106357543412216, 42.050968118083262 ] } },
{ "type": "Feature", "properties": { "eco_name": "Northeast India-Myanmar pine forests", "biome": 3.0, "realm": "IM", "places_n": 0.0, "min_lon": 93.416953617823822, "min_lat": 23.832337111931849, "max_lon": 95.182342522566785, "max_lat": 26.649822336598163 }, "geometry": { "type": "Point", "coordinates": [ 94.299648070195303, 25.241079724265006 ] } },
{ "type": "Feature", "properties": { "eco_name": "Northeast Siberian coastal tundra", "biome": 11.0, "realm": "PA", "places_n": 5.0, "min_lon": 130.26585357766498, "min_lat": 68.588924359421696, "max_lon": 161.85249363331019, "max_lat": 72.915349131797598 }, "geometry": { "type": "Point", "coordinates": [ 146.059173605487587, 70.752136745609647 ] } },
{ "type": "Feature", "properties": { "eco_name": "Northeast Siberian taiga", "biome": 6.0, "realm": "PA", "places_n": 17.0, "min_lon": 124.99839756404765, "min_lat": 58.809506123153824, "max_lon": 169.92158469267423, "max_lat": 70.400206531025901 }, "geometry": { "type": "Point", "coordinates": [ 147.45999112836094, 64.604856327089863 ] } },
{ "type": "Feature", "properties": { "eco_name": "Northern Acacia-Commiphora bushlands and thickets", "biome": 7.0, "realm": "AT", "places_n": 17.0, "min_lon": 33.1536215168708, "min_lat": -4.5242922955996505, "max_lon": 40.066589461732633, "max_lat": 5.9066326672770515 }, "geometry": { "type": "Point", "coordinates": [ 36.610105489301716, 0.6911701858387 ] } },
{ "type": "Feature", "properties": { "eco_name": "Northern Anatolian conifer and deciduous forests", "biome": 5.0, "realm": "PA", "places_n": 8.0, "min_lon": 30.180803532964802, "min_lat": 38.89088550893257, "max_lon": 41.756427579219206, "max_lat": 41.843410234679709 }, "geometry": { "type": "Point", "coordinates": [ 35.968615556092004, 40.367147871806139 ] } },
{ "type": "Feature", "properties": { "eco_name": "Northern Andean páramo", "biome": 10.0, "realm": "NT", "places_n": 0.0, "min_lon": -79.641723548492934, "min_lat": -3.7717328412993538, "max_lon": -72.021842485324228, "max_lat": 10.386260022017609 }, "geometry": { "type": "Point", "coordinates": [ -75.831783016908588, 3.307263590359128 ] } },
{ "type": "Feature", "properties": { "eco_name": "Northern Annamites rain forests", "biome": 1.0, "realm": "IM", "places_n": 0.0, "min_lon": 103.5294495758547, "min_lat": 16.25489949191217, "max_lon": 106.88511651971169, "max_lat": 19.241095496212836 }, "geometry": { "type": "Point", "coordinates": [ 105.207283047783193, 17.747997494062503 ] } },
{ "type": "Feature", "properties": { "eco_name": "Northern California coastal forests", "biome": 5.0, "realm": "NA", "places_n": 3.0, "min_lon": -124.39147166589945, "min_lat": 36.937734932086187, "max_lon": -121.67967955816491, "max_lat": 42.198777616301811 }, "geometry": { "type": "Point", "coordinates": [ -123.035575612032176, 39.568256274193999 ] } },
{ "type": "Feature", "properties": { "eco_name": "Northern Canadian Shield taiga", "biome": 6.0, "realm": "NA", "places_n": 4.0, "min_lon": -118.87575558229686, "min_lat": 56.604662416416318, "max_lon": -94.17362255161666, "max_lat": 67.009044238844581 }, "geometry": { "type": "Point", "coordinates": [ -106.524689066956768, 61.806853327630449 ] } },
{ "type": "Feature", "properties": { "eco_name": "Northern Congolian forest-savanna mosaic", "biome": 7.0, "realm": "AT", "places_n": 26.0, "min_lon": 10.067894426269362, "min_lat": 0.6660367976866155, "max_lon": 31.669931446672393, "max_lat": 9.0205993862180094 }, "geometry": { "type": "Point", "coordinates": [ 20.868912936470878, 4.843318091952312 ] } },
{ "type": "Feature", "properties": { "eco_name": "Northern Cordillera forests", "biome": 6.0, "realm": "NA", "places_n": 2.0, "min_lon": -138.02786254979836, "min_lat": 56.411541690693639, "max_lon": -122.80983754826219, "max_lat": 62.682379576399626 }, "geometry": { "type": "Point", "coordinates": [ -130.418850049030283, 59.546960633546632 ] } },
{ "type": "Feature", "properties": { "eco_name": "Northern dry deciduous forests", "biome": 2.0, "realm": "IM", "places_n": 1.0, "min_lon": 81.415939603116385, "min_lat": 17.857219308415381, "max_lon": 85.753471570676481, "max_lat": 22.118286358357921 }, "geometry": { "type": "Point", "coordinates": [ 83.584705586896433, 19.987752833386651 ] } },
{ "type": "Feature", "properties": { "eco_name": "Northern Indochina subtropical forests", "biome": 1.0, "realm": "IM", "places_n": 17.0, "min_lon": 96.127326669349429, "min_lat": 18.970714410260484, "max_lon": 105.69840264371385, "max_lat": 27.138301716845092 }, "geometry": { "type": "Point", "coordinates": [ 100.912864656531639, 23.054508063552788 ] } },
{ "type": "Feature", "properties": { "eco_name": "Northern Khorat Plateau moist deciduous forests", "biome": 1.0, "realm": "IM", "places_n": 3.0, "min_lon": 101.92700151623285, "min_lat": 16.840085750688104, "max_lon": 104.86060359262956, "max_lat": 18.66718155611386 }, "geometry": { "type": "Point", "coordinates": [ 103.393802554431204, 17.753633653400982 ] } },
{ "type": "Feature", "properties": { "eco_name": "Northern Mesoamerican Pacific mangroves", "biome": 14.0, "realm": "NT", "places_n": 3.0, "min_lon": -113.36174052212628, "min_lat": 15.647801932386869, "max_lon": -95.509460543528348, "max_lat": 29.367363927002202 }, "geometry": { "type": "Point", "coordinates": [ -104.435600532827323, 22.507582929694536 ] } },
{ "type": "Feature", "properties": { "eco_name": "Northern mixed grasslands", "biome": 8.0, "realm": "NA", "places_n": 13.0, "min_lon": -113.78537766698565, "min_lat": 41.807163532554057, "max_lon": -96.987182531022228, "max_lat": 52.659320872266846 }, "geometry": { "type": "Point", "coordinates": [ -105.38628009900394, 47.233242202410452 ] } },
{ "type": "Feature", "properties": { "eco_name": "Northern New Guinea lowland rain and freshwater swamp forests", "biome": 1.0, "realm": "AA", "places_n": 2.0, "min_lon": 135.95550555170826, "min_lat": -7.0088288798119152, "max_lon": 147.07138069961889, "max_lat": -1.5413199712633059 }, "geometry": { "type": "Point", "coordinates": [ 141.513443125663571, -4.275074425537611 ] } },
{ "type": "Feature", "properties": { "eco_name": "Northern New Guinea montane rain forests", "biome": 1.0, "realm": "AA", "places_n": 1.0, "min_lon": 136.62960854819465, "min_lat": -5.0950001577310218, "max_lon": 145.64858968227452, "max_lat": -2.3039611787124272 }, "geometry": { "type": "Point", "coordinates": [ 141.139099115234586, -3.699480668221724 ] } },
{ "type": "Feature", "properties": { "eco_name": "Northern Pacific coastal forests", "biome": 5.0, "realm": "NA", "places_n": 9.0, "min_lon": -152.94265761916895, "min_lat": 54.663302495139703, "max_lon": -130.06236259368578, "max_lat": 61.324843686993574 }, "geometry": { "type": "Point", "coordinates": [ -141.502510106427366, 57.994073091066639 ] } },
{ "type": "Feature", "properties": { "eco_name": "Northern short grasslands", "biome": 8.0, "realm": "NA", "places_n": 19.0, "min_lon": -112.65453353429379, "min_lat": 41.938125573012314, "max_lon": -98.236053583541931, "max_lat": 52.036337762190612 }, "geometry": { "type": "Point", "coordinates": [ -105.445293558917854, 46.987231667601463 ] } },
{ "type": "Feature", "properties": { "eco_name": "Northern tall grasslands", "biome": 8.0, "realm": "NA", "places_n": 7.0, "min_lon": -100.4028776479925, "min_lat": 45.652522550410481, "max_lon": -95.421333548735802, "max_lat": 51.722627433560831 }, "geometry": { "type": "Point", "coordinates": [ -97.91210559836415, 48.687574991985656 ] } },
{ "type": "Feature", "properties": { "eco_name": "Northern Thailand-Laos moist deciduous forests", "biome": 1.0, "realm": "IM", "places_n": 3.0, "min_lon": 98.681777546203477, "min_lat": 16.461672326263624, "max_lon": 103.21369959490437, "max_lat": 20.703402996114676 }, "geometry": { "type": "Point", "coordinates": [ 100.947738570553923, 18.58253766118915 ] } },
{ "type": "Feature", "properties": { "eco_name": "Northern transitional alpine forests", "biome": 5.0, "realm": "NA", "places_n": 0.0, "min_lon": -131.10897865766981, "min_lat": 54.042483760103437, "max_lon": -126.63619965310608, "max_lat": 57.376532769822461 }, "geometry": { "type": "Point", "coordinates": [ -128.872589155387942, 55.709508264962949 ] } },
{ "type": "Feature", "properties": { "eco_name": "Northern Triangle subtropical forests", "biome": 1.0, "realm": "IM", "places_n": 0.0, "min_lon": 95.158149667770886, "min_lat": 25.082120953708227, "max_lon": 98.60263058720534, "max_lat": 27.589202342912472 }, "geometry": { "type": "Point", "coordinates": [ 96.880390127488113, 26.335661648310349 ] } },
{ "type": "Feature", "properties": { "eco_name": "Northern Triangle temperate forests", "biome": 4.0, "realm": "IM", "places_n": 0.0, "min_lon": 95.277587597180627, "min_lat": 26.530807693299209, "max_lon": 98.372550529948398, "max_lat": 28.1342084400369 }, "geometry": { "type": "Point", "coordinates": [ 96.825069063564513, 27.332508066668055 ] } },
{ "type": "Feature", "properties": { "eco_name": "Northern Vietnam lowland rain forests", "biome": 1.0, "realm": "IM", "places_n": 7.0, "min_lon": 104.43058061101101, "min_lat": 15.441480212064789, "max_lon": 108.67459853460269, "max_lat": 20.672053504742848 }, "geometry": { "type": "Point", "coordinates": [ 106.552589572806852, 18.056766858403819 ] } },
{ "type": "Feature", "properties": { "eco_name": "Northern Zanzibar-Inhambane coastal forest mosaic", "biome": 1.0, "realm": "AT", "places_n": 12.0, "min_lon": 35.954696483846874, "min_lat": -9.6541922255244117, "max_lon": 43.22830553617564, "max_lat": 1.782730098510342 }, "geometry": { "type": "Point", "coordinates": [ 39.591501010011257, -3.935731063507035 ] } },
{ "type": "Feature", "properties": { "eco_name": "North Island temperate forests", "biome": 4.0, "realm": "AA", "places_n": 20.0, "min_lon": 173.75164774304966, "min_lat": -41.618707922685871, "max_lon": 178.56552159213311, "max_lat": -37.393818843262864 }, "geometry": { "type": "Point", "coordinates": [ 176.158584667591384, -39.506263382974367 ] } },
{ "type": "Feature", "properties": { "eco_name": "Northland temperate kauri forests", "biome": 4.0, "realm": "AA", "places_n": 11.0, "min_lon": 172.1330256277692, "min_lat": -38.684093480022682, "max_lon": 176.29553272802701, "max_lat": -34.145791126618718 }, "geometry": { "type": "Point", "coordinates": [ 174.214279177898106, -36.4149423033207 ] } },
{ "type": "Feature", "properties": { "eco_name": "North Saharan steppe and woodlands", "biome": 13.0, "realm": "PA", "places_n": 34.0, "min_lon": -16.46480954689639, "min_lat": 17.940832145429567, "max_lon": 32.766166533482561, "max_lat": 34.803171807159572 }, "geometry": { "type": "Point", "coordinates": [ 8.150678493293086, 26.37200197629457 ] } },
{ "type": "Feature", "properties": { "eco_name": "North Tibetan Plateau-Kunlun Mountains alpine desert", "biome": 10.0, "realm": "PA", "places_n": 0.0, "min_lon": 75.769950639135232, "min_lat": 33.977896157621387, "max_lon": 93.866897533461895, "max_lat": 38.801058831812554 }, "geometry": { "type": "Point", "coordinates": [ 84.818424086298563, 36.389477494716971 ] } },
{ "type": "Feature", "properties": { "eco_name": "Northwestern Andean montane forests", "biome": 1.0, "realm": "NT", "places_n": 11.0, "min_lon": -79.758705580269933, "min_lat": -3.3190515637197109, "max_lon": -75.541335570916502, "max_lat": 8.3440617821329965 }, "geometry": { "type": "Point", "coordinates": [ -77.650020575593217, 2.512505109206643 ] } },
{ "type": "Feature", "properties": { "eco_name": "Northwestern Congolian lowland forests", "biome": 1.0, "realm": "AT", "places_n": 22.0, "min_lon": 11.044509528732704, "min_lat": -4.1419822920233855, "max_lon": 18.856391495358821, "max_lat": 6.1609950980558779 }, "geometry": { "type": "Point", "coordinates": [ 14.950450512045762, 1.009506403016246 ] } },
{ "type": "Feature", "properties": { "eco_name": "North Western Ghats moist deciduous forests", "biome": 1.0, "realm": "IM", "places_n": 4.0, "min_lon": 72.706748581547487, "min_lat": 12.466341782081543, "max_lon": 76.403633583901012, "max_lat": 21.878097222947758 }, "geometry": { "type": "Point", "coordinates": [ 74.555191082724249, 17.17221950251465 ] } },
{ "type": "Feature", "properties": { "eco_name": "North Western Ghats montane rain forests", "biome": 1.0, "realm": "IM", "places_n": 0.0, "min_lon": 73.221618551604934, "min_lat": 12.484429426236773, "max_lon": 75.98687764627897, "max_lat": 20.297595668068595 }, "geometry": { "type": "Point", "coordinates": [ 74.604248098941952, 16.391012547152684 ] } },
{ "type": "Feature", "properties": { "eco_name": "Northwestern Hawaii scrub", "biome": 7.0, "realm": "OC", "places_n": 0.0, "min_lon": -178.31469766560201, "min_lat": 23.050173278502541, "max_lon": -161.91363559371834, "max_lat": 28.396598554770492 }, "geometry": { "type": "Point", "coordinates": [ -170.11416662966019, 25.723385916636516 ] } },
{ "type": "Feature", "properties": { "eco_name": "Northwestern Himalayan alpine shrub and meadows", "biome": 10.0, "realm": "PA", "places_n": 0.0, "min_lon": 71.187057566624759, "min_lat": 31.571750149463981, "max_lon": 78.769561544204521, "max_lat": 36.206141802770389 }, "geometry": { "type": "Point", "coordinates": [ 74.97830955541464, 33.888945976117185 ] } },
{ "type": "Feature", "properties": { "eco_name": "Northwestern thorn scrub forests", "biome": 13.0, "realm": "IM", "places_n": 47.0, "min_lon": 66.216529635083759, "min_lat": 20.690063700112717, "max_lon": 77.803810561733144, "max_lat": 33.475728291285861 }, "geometry": { "type": "Point", "coordinates": [ 72.010170098408452, 27.082895995699289 ] } },
{ "type": "Feature", "properties": { "eco_name": "Northwest Iberian montane forests", "biome": 12.0, "realm": "PA", "places_n": 6.0, "min_lon": -8.0162395555752255, "min_lat": 39.158574495220535, "max_lon": -1.934695553874576, "max_lat": 42.878285263960777 }, "geometry": { "type": "Point", "coordinates": [ -4.975467554724901, 41.018429879590656 ] } },
{ "type": "Feature", "properties": { "eco_name": "Northwest Russian-Novaya Zemlya tundra", "biome": 11.0, "realm": "PA", "places_n": 8.0, "min_lon": 41.999999483116056, "min_lat": 64.121466186998703, "max_lon": 68.169860590486678, "max_lat": 74.002270247790534 }, "geometry": { "type": "Point", "coordinates": [ 55.084930036801367, 69.061868217394618 ] } },
{ "type": "Feature", "properties": { "eco_name": "Northwest Territories taiga", "biome": 6.0, "realm": "NA", "places_n": 4.0, "min_lon": -136.2589565984797, "min_lat": 60.205133068661951, "max_lon": -114.57396656448108, "max_lat": 69.006306089935435 }, "geometry": { "type": "Point", "coordinates": [ -125.416461581480391, 64.605719579298693 ] } },
{ "type": "Feature", "properties": { "eco_name": "Novosibirsk Islands arctic desert", "biome": 11.0, "realm": "PA", "places_n": 2.0, "min_lon": 135.38710070129554, "min_lat": 73.193869548655073, "max_lon": 150.89379861610087, "max_lat": 76.788935549728137 }, "geometry": { "type": "Point", "coordinates": [ 143.140449658698202, 74.991402549191605 ] } },
{ "type": "Feature", "properties": { "eco_name": "Nujiang Langcang Gorge alpine conifer and mixed forests", "biome": 5.0, "realm": "PA", "places_n": 2.0, "min_lon": 93.069908627872337, "min_lat": 24.984910658074057, "max_lon": 100.60271462509797, "max_lat": 32.516700600995819 }, "geometry": { "type": "Point", "coordinates": [ 96.836311626485156, 28.750805629534938 ] } },
{ "type": "Feature", "properties": { "eco_name": "Nullarbor Plains xeric shrublands", "biome": 13.0, "realm": "AA", "places_n": 0.0, "min_lon": 123.73440555818541, "min_lat": -32.460775118033467, "max_lon": 133.01275663964378, "max_lat": -28.842593336723553 }, "geometry": { "type": "Point", "coordinates": [ 128.373581098914599, -30.65168422737851 ] } },
{ "type": "Feature", "properties": { "eco_name": "Oaxacan montane forests", "biome": 1.0, "realm": "NT", "places_n": 0.0, "min_lon": -97.426483608912392, "min_lat": 16.751378225281087, "max_lon": -95.22467767152655, "max_lat": 19.958377196395475 }, "geometry": { "type": "Point", "coordinates": [ -96.325580640219471, 18.354877710838281 ] } },
{ "type": "Feature", "properties": { "eco_name": "Ogasawara subtropical moist forests", "biome": 1.0, "realm": "OC", "places_n": 0.0, "min_lon": 141.27586361199053, "min_lat": 24.229656254262295, "max_lon": 153.98522958250527, "max_lat": 27.682870446261404 }, "geometry": { "type": "Point", "coordinates": [ 147.6305465972479, 25.95626335026185 ] } },
{ "type": "Feature", "properties": { "eco_name": "Ogilvie-MacKenzie alpine tundra", "biome": 11.0, "realm": "NA", "places_n": 1.0, "min_lon": -143.28347761642672, "min_lat": 60.683724317723602, "max_lon": -125.41437566105421, "max_lat": 67.29143038945017 }, "geometry": { "type": "Point", "coordinates": [ -134.348926638740465, 63.987577353586886 ] } },
{ "type": "Feature", "properties": { "eco_name": "Okanagan dry forests", "biome": 5.0, "realm": "NA", "places_n": 4.0, "min_lon": -121.54032857372469, "min_lat": 47.498516362391285, "max_lon": -117.18888063522363, "max_lat": 51.932709946203204 }, "geometry": { "type": "Point", "coordinates": [ -119.364604604474152, 49.715613154297245 ] } },
{ "type": "Feature", "properties": { "eco_name": "Okhotsk-Manchurian taiga", "biome": 6.0, "realm": "PA", "places_n": 7.0, "min_lon": 130.79420466552619, "min_lat": 45.530151122524728, "max_lon": 141.60319570675949, "max_lat": 58.443522558235941 }, "geometry": { "type": "Point", "coordinates": [ 136.198700186142844, 51.986836840380334 ] } },
{ "type": "Feature", "properties": { "eco_name": "Ordos Plateau steppe", "biome": 10.0, "realm": "PA", "places_n": 3.0, "min_lon": 104.29685254250222, "min_lat": 34.914523882206424, "max_lon": 112.15288568123191, "max_lat": 40.647380879122011 }, "geometry": { "type": "Point", "coordinates": [ 108.224869111867065, 37.780952380664218 ] } },
{ "type": "Feature", "properties": { "eco_name": "Orinoco Delta swamp forests", "biome": 1.0, "realm": "NT", "places_n": 2.0, "min_lon": -68.310356542901602, "min_lat": 7.5989905524985488, "max_lon": -59.134700539244349, "max_lat": 10.81095261612586 }, "geometry": { "type": "Point", "coordinates": [ -63.722528541072975, 9.204971584312204 ] } },
{ "type": "Feature", "properties": { "eco_name": "Orinoco wetlands", "biome": 9.0, "realm": "NT", "places_n": 0.0, "min_lon": -62.946903597954957, "min_lat": 8.6634689550803046, "max_lon": -61.34551249632446, "max_lat": 10.369338468233252 }, "geometry": { "type": "Point", "coordinates": [ -62.146208047139709, 9.516403711656778 ] } },
{ "type": "Feature", "properties": { "eco_name": "Orissa semi-evergreen forests", "biome": 1.0, "realm": "IM", "places_n": 4.0, "min_lon": 84.567260608869617, "min_lat": 19.040855517202431, "max_lon": 87.00175454886886, "max_lat": 21.428731658629317 }, "geometry": { "type": "Point", "coordinates": [ 85.784507578869238, 20.234793587915874 ] } },
{ "type": "Feature", "properties": { "eco_name": "Ozark Mountain forests", "biome": 4.0, "realm": "NA", "places_n": 4.0, "min_lon": -96.042945547089346, "min_lat": 34.072089303385724, "max_lon": -91.427535551731722, "max_lat": 36.214869543279008 }, "geometry": { "type": "Point", "coordinates": [ -93.735240549410534, 35.143479423332366 ] } },
{ "type": "Feature", "properties": { "eco_name": "Pacific Coastal Mountain icefields and tundra", "biome": 11.0, "realm": "NA", "places_n": 3.0, "min_lon": -151.49609368037818, "min_lat": 54.702861557765345, "max_lon": -129.04019167978342, "max_lat": 61.962016018054612 }, "geometry": { "type": "Point", "coordinates": [ -140.268142680080814, 58.332438787909979 ] } },
{ "type": "Feature", "properties": { "eco_name": "Palau tropical moist forests", "biome": 1.0, "realm": "OC", "places_n": 1.0, "min_lon": 131.16923565674011, "min_lat": 3.0009203678941958, "max_lon": 134.72372469686502, "max_lat": 8.0923220488602396 }, "geometry": { "type": "Point", "coordinates": [ 132.946480176802567, 5.546621208377218 ] } },
{ "type": "Feature", "properties": { "eco_name": "Palawan rain forests", "biome": 1.0, "realm": "IM", "places_n": 1.0, "min_lon": 116.93830062207536, "min_lat": 7.806433603828566, "max_lon": 121.08470156009042, "max_lat": 12.330734826155208 }, "geometry": { "type": "Point", "coordinates": [ 119.011501091082891, 10.068584214991887 ] } },
{ "type": "Feature", "properties": { "eco_name": "Palouse grasslands", "biome": 8.0, "realm": "NA", "places_n": 3.0, "min_lon": -121.07384464853513, "min_lat": 44.795161981315232, "max_lon": -115.96726954351261, "max_lat": 49.009111335979583 }, "geometry": { "type": "Point", "coordinates": [ -118.520557096023879, 46.902136658647407 ] } },
{ "type": "Feature", "properties": { "eco_name": "Pamir alpine desert and tundra", "biome": 10.0, "realm": "PA", "places_n": 0.0, "min_lon": 67.836013577649481, "min_lat": 36.6697928123221, "max_lon": 76.737937578099775, "max_lat": 40.128440153964561 }, "geometry": { "type": "Point", "coordinates": [ 72.286975577874628, 38.399116483143331 ] } },
{ "type": "Feature", "properties": { "eco_name": "Panamanian dry forests", "biome": 2.0, "realm": "NT", "places_n": 4.0, "min_lon": -81.115127514742923, "min_lat": 7.4908794241365513, "max_lon": -78.214660610372164, "max_lat": 9.1167575853646099 }, "geometry": { "type": "Point", "coordinates": [ -79.664894062557551, 8.303818504750581 ] } },
{ "type": "Feature", "properties": { "eco_name": "Pannonian mixed forests", "biome": 4.0, "realm": "PA", "places_n": 59.0, "min_lon": 14.032696570315494, "min_lat": 43.978504939906202, "max_lon": 26.366310538304532, "max_lat": 49.948144331502135 }, "geometry": { "type": "Point", "coordinates": [ 20.199503554310013, 46.963324635704168 ] } },
{ "type": "Feature", "properties": { "eco_name": "Pantanal", "biome": 9.0, "realm": "NT", "places_n": 2.0, "min_lon": -61.093402618207094, "min_lat": -21.647221471621407, "max_lon": -54.799087524599003, "max_lat": -15.009601728538343 }, "geometry": { "type": "Point", "coordinates": [ -57.946245071403048, -18.328411600079875 ] } },
{ "type": "Feature", "properties": { "eco_name": "Pantanos de Centla", "biome": 1.0, "realm": "NT", "places_n": 3.0, "min_lon": -93.476196574246757, "min_lat": 17.536884594061803, "max_lon": -91.092788657768764, "max_lat": 18.791348220023451 }, "geometry": { "type": "Point", "coordinates": [ -92.284492616007753, 18.164116407042627 ] } },
{ "type": "Feature", "properties": { "eco_name": "Pantepui", "biome": 1.0, "realm": "NT", "places_n": 0.0, "min_lon": -67.43540956746142, "min_lat": 0.69551947158146277, "max_lon": -56.369243631655181, "max_lat": 7.331741616127772 }, "geometry": { "type": "Point", "coordinates": [ -61.9023265995583, 4.013630543854617 ] } },
{ "type": "Feature", "properties": { "eco_name": "Paraguana xeric scrub", "biome": 13.0, "realm": "NT", "places_n": 4.0, "min_lon": -71.588935626096429, "min_lat": 9.6121805342085622, "max_lon": -69.250389499473897, "max_lat": 12.201017665957693 }, "geometry": { "type": "Point", "coordinates": [ -70.419662562785163, 10.906599100083127 ] } },
{ "type": "Feature", "properties": { "eco_name": "Paraná flooded savanna", "biome": 9.0, "realm": "NT", "places_n": 6.0, "min_lon": -60.847206508061632, "min_lat": -34.298648877486471, "max_lon": -57.560398575235666, "max_lat": -25.391406056552199 }, "geometry": { "type": "Point", "coordinates": [ -59.203802541648649, -29.845027467019335 ] } },
{ "type": "Feature", "properties": { "eco_name": "Paropamisus xeric woodlands", "biome": 13.0, "realm": "PA", "places_n": 8.0, "min_lon": 62.364215481603907, "min_lat": 34.451012179885652, "max_lon": 72.784912510940302, "max_lat": 38.200630920288233 }, "geometry": { "type": "Point", "coordinates": [ 67.574563996272104, 36.325821550086943 ] } },
{ "type": "Feature", "properties": { "eco_name": "Patagonian steppe", "biome": 8.0, "realm": "NT", "places_n": 24.0, "min_lon": -73.636733647859714, "min_lat": -54.080585293584306, "max_lon": -57.712486532115079, "max_lat": -33.370151096074977 }, "geometry": { "type": "Point", "coordinates": [ -65.674610089987397, -43.725368194829642 ] } },
{ "type": "Feature", "properties": { "eco_name": "Patía Valley dry forests", "biome": 2.0, "realm": "NT", "places_n": 0.0, "min_lon": -77.666046606841533, "min_lat": 1.2908909161914721, "max_lon": -76.786369555796981, "max_lat": 2.3782658284227409 }, "geometry": { "type": "Point", "coordinates": [ -77.226208081319257, 1.834578372307107 ] } },
{ "type": "Feature", "properties": { "eco_name": "Peninsular Malaysian montane rain forests", "biome": 1.0, "realm": "IM", "places_n": 0.0, "min_lon": 100.73533661766265, "min_lat": 3.1331646719014543, "max_lon": 102.97103159544679, "max_lat": 6.112083507858415 }, "geometry": { "type": "Point", "coordinates": [ 101.853184106554721, 4.622624089879935 ] } },
{ "type": "Feature", "properties": { "eco_name": "Peninsular Malaysian peat swamp forests", "biome": 1.0, "realm": "IM", "places_n": 0.0, "min_lon": 101.06861852258726, "min_lat": 1.6519130649771228, "max_lon": 104.22244253226904, "max_lat": 3.805870405127223 }, "geometry": { "type": "Point", "coordinates": [ 102.64553052742815, 2.728891735052173 ] } },
{ "type": "Feature", "properties": { "eco_name": "Peninsular Malaysian rain forests", "biome": 1.0, "realm": "IM", "places_n": 24.0, "min_lon": 100.17579663569461, "min_lat": -0.68507922443330926, "max_lon": 106.43109866385043, "max_lat": 6.8886200667666344 }, "geometry": { "type": "Point", "coordinates": [ 103.303447649772522, 3.101770421166663 ] } },
{ "type": "Feature", "properties": { "eco_name": "Pernambuco coastal forests", "biome": 1.0, "realm": "NT", "places_n": 4.0, "min_lon": -36.506153461299078, "min_lat": -10.088469861198803, "max_lon": -34.940624500076183, "max_lat": -6.6156896249609645 }, "geometry": { "type": "Point", "coordinates": [ -35.723388980687631, -8.352079743079884 ] } },
{ "type": "Feature", "properties": { "eco_name": "Pernambuco interior forests", "biome": 1.0, "realm": "NT", "places_n": 4.0, "min_lon": -37.897777545123006, "min_lat": -11.789900821340041, "max_lon": -34.790122566917091, "max_lat": -5.7980703410664773 }, "geometry": { "type": "Point", "coordinates": [ -36.343950056020049, -8.793985581203259 ] } },
{ "type": "Feature", "properties": { "eco_name": "Persian Gulf desert and semi-desert", "biome": 13.0, "realm": "PA", "places_n": 11.0, "min_lon": 46.750640589861234, "min_lat": 23.775014114251974, "max_lon": 53.027877555733454, "max_lat": 30.367485406390699 }, "geometry": { "type": "Point", "coordinates": [ 49.889259072797344, 27.071249760321336 ] } },
{ "type": "Feature", "properties": { "eco_name": "Peruvian Yungas", "biome": 1.0, "realm": "NT", "places_n": 16.0, "min_lon": -79.224296555702026, "min_lat": -14.985697378850034, "max_lon": -69.377304589437244, "max_lat": -4.9910518177658787 }, "geometry": { "type": "Point", "coordinates": [ -74.300800572569642, -9.988374598307956 ] } },
{ "type": "Feature", "properties": { "eco_name": "Petén-Veracruz moist forests", "biome": 1.0, "realm": "NT", "places_n": 16.0, "min_lon": -97.163452613861438, "min_lat": 15.072183951370789, "max_lon": -88.227500601058097, "max_lat": 19.131082011104297 }, "geometry": { "type": "Point", "coordinates": [ -92.695476607459767, 17.101632981237543 ] } },
{ "type": "Feature", "properties": { "eco_name": "Pilbara shrublands", "biome": 13.0, "realm": "AA", "places_n": 6.0, "min_lon": 115.21112062299323, "min_lat": -23.572443044147064, "max_lon": 121.49446866683832, "max_lat": -19.95084546965191 }, "geometry": { "type": "Point", "coordinates": [ 118.352794644915775, -21.761644256899487 ] } },
{ "type": "Feature", "properties": { "eco_name": "Pindus Mountains mixed forests", "biome": 12.0, "realm": "PA", "places_n": 11.0, "min_lon": 19.719123523290051, "min_lat": 36.866668630670858, "max_lon": 22.801820546577517, "max_lat": 42.458023008599071 }, "geometry": { "type": "Point", "coordinates": [ 21.260472034933784, 39.662345819634965 ] } },
{ "type": "Feature", "properties": { "eco_name": "Piney Woods forests", "biome": 5.0, "realm": "NA", "places_n": 10.0, "min_lon": -95.92706255045772, "min_lat": 30.028776889707217, "max_lon": -91.498611576154715, "max_lat": 34.733478461485674 }, "geometry": { "type": "Point", "coordinates": [ -93.71283706330621, 32.381127675596446 ] } },
{ "type": "Feature", "properties": { "eco_name": "Po Basin mixed forests", "biome": 4.0, "realm": "PA", "places_n": 11.0, "min_lon": 7.3622874925318058, "min_lat": 44.043202000730616, "max_lon": 13.62772743258779, "max_lat": 46.402620575022013 }, "geometry": { "type": "Point", "coordinates": [ 10.495007462559798, 45.222911287876315 ] } },
{ "type": "Feature", "properties": { "eco_name": "Pontic steppe", "biome": 8.0, "realm": "PA", "places_n": 92.0, "min_lon": 26.740409461884468, "min_lat": 41.867901149952729, "max_lon": 58.601791540070224, "max_lat": 54.868129889762315 }, "geometry": { "type": "Point", "coordinates": [ 42.671100500977346, 48.368015519857522 ] } },
{ "type": "Feature", "properties": { "eco_name": "Puerto Rican dry forests", "biome": 2.0, "realm": "NT", "places_n": 1.0, "min_lon": -67.942726604560434, "min_lat": 17.927714802223875, "max_lon": -65.242736551784034, "max_lat": 18.389655903526204 }, "geometry": { "type": "Point", "coordinates": [ -66.592731578172234, 18.15868535287504 ] } },
{ "type": "Feature", "properties": { "eco_name": "Puerto Rican moist forests", "biome": 1.0, "realm": "NT", "places_n": 3.0, "min_lon": -67.265701508986311, "min_lat": 17.954030457819954, "max_lon": -65.422286640976921, "max_lat": 18.518875178674648 }, "geometry": { "type": "Point", "coordinates": [ -66.343994074981623, 18.236452818247301 ] } },
{ "type": "Feature", "properties": { "eco_name": "Puget lowland forests", "biome": 5.0, "realm": "NA", "places_n": 11.0, "min_lon": -125.3788065519819, "min_lat": 45.949966957722836, "max_lon": -121.62602263729927, "max_lat": 50.304686185398282 }, "geometry": { "type": "Point", "coordinates": [ -123.502414594640584, 48.127326571560559 ] } },
{ "type": "Feature", "properties": { "eco_name": "Purus-Madeira moist forests", "biome": 1.0, "realm": "NT", "places_n": 0.0, "min_lon": -67.528259597059659, "min_lat": -9.8941275569061418, "max_lon": -59.192604570452929, "max_lat": -3.2660204357457587 }, "geometry": { "type": "Point", "coordinates": [ -63.360432083756294, -6.58007399632595 ] } },
{ "type": "Feature", "properties": { "eco_name": "Purus varzeá", "biome": 1.0, "realm": "NT", "places_n": 3.0, "min_lon": -76.319770630895732, "min_lat": -9.874570732760958, "max_lon": -62.589385587614061, "max_lat": 1.8869604056985736 }, "geometry": { "type": "Point", "coordinates": [ -69.454578109254896, -3.993805163531192 ] } },
{ "type": "Feature", "properties": { "eco_name": "Pyrenees conifer and mixed forests", "biome": 4.0, "realm": "PA", "places_n": 1.0, "min_lon": -1.3379994332854892, "min_lat": 41.998023156073998, "max_lon": 2.6406335215652632, "max_lat": 43.47585477886156 }, "geometry": { "type": "Point", "coordinates": [ 0.651317044139887, 42.736938967467779 ] } },
{ "type": "Feature", "properties": { "eco_name": "Qaidam Basin semi-desert", "biome": 13.0, "realm": "PA", "places_n": 1.0, "min_lon": 88.281402608772908, "min_lat": 36.112812998862296, "max_lon": 99.10176051655111, "max_lat": 39.523757253108329 }, "geometry": { "type": "Point", "coordinates": [ 93.691581562662009, 37.818285125985312 ] } },
{ "type": "Feature", "properties": { "eco_name": "Qilian Mountains conifer forests", "biome": 5.0, "realm": "PA", "places_n": 0.0, "min_lon": 99.437957647402811, "min_lat": 33.688120185893297, "max_lon": 104.29567756731399, "max_lat": 38.722347061227651 }, "geometry": { "type": "Point", "coordinates": [ 101.866817607358399, 36.205233623560474 ] } },
{ "type": "Feature", "properties": { "eco_name": "Qilian Mountains subalpine meadows", "biome": 10.0, "realm": "PA", "places_n": 0.0, "min_lon": 94.946609542164992, "min_lat": 36.863746699221167, "max_lon": 101.43117556548384, "max_lat": 39.928498570707518 }, "geometry": { "type": "Point", "coordinates": [ 98.188892553824417, 38.396122634964343 ] } },
{ "type": "Feature", "properties": { "eco_name": "Qin Ling Mountains deciduous forests", "biome": 4.0, "realm": "PA", "places_n": 2.0, "min_lon": 103.86432655695506, "min_lat": 32.290099536474088, "max_lon": 113.31698568535558, "max_lat": 34.620849654945914 }, "geometry": { "type": "Point", "coordinates": [ 108.59065612115532, 33.455474595710001 ] } },
{ "type": "Feature", "properties": { "eco_name": "Qionglai-Minshan conifer forests", "biome": 5.0, "realm": "PA", "places_n": 3.0, "min_lon": 100.95133155717247, "min_lat": 27.457790026615157, "max_lon": 104.60218867929967, "max_lat": 33.871410950838822 }, "geometry": { "type": "Point", "coordinates": [ 102.776760118236069, 30.66460048872699 ] } },
{ "type": "Feature", "properties": { "eco_name": "Queen Charlotte Islands", "biome": 5.0, "realm": "NA", "places_n": 1.0, "min_lon": -133.20452854950611, "min_lat": 51.941629129380487, "max_lon": -130.9382325843045, "max_lat": 54.256405854955972 }, "geometry": { "type": "Point", "coordinates": [ -132.071380566905304, 53.09901749216823 ] } },
{ "type": "Feature", "properties": { "eco_name": "Queensland tropical rain forests", "biome": 1.0, "realm": "AA", "places_n": 5.0, "min_lon": 144.85784864731772, "min_lat": -23.060300545385445, "max_lon": 150.83372467779623, "max_lat": -15.512619519856599 }, "geometry": { "type": "Point", "coordinates": [ 147.845786662556975, -19.286460032621022 ] } },
{ "type": "Feature", "properties": { "eco_name": "Rakiura Island temperate forests", "biome": 4.0, "realm": "AA", "places_n": 1.0, "min_lon": 166.50192258856538, "min_lat": -48.0712054549779, "max_lon": 168.58163470669888, "max_lat": -46.680083614792721 }, "geometry": { "type": "Point", "coordinates": [ 167.541778647632128, -47.375644534885311 ] } },
{ "type": "Feature", "properties": { "eco_name": "Rann of Kutch seasonal salt marsh", "biome": 9.0, "realm": "IM", "places_n": 0.0, "min_lon": 67.408203586109352, "min_lat": 22.587560283841071, "max_lon": 71.790977546653295, "max_lat": 24.708382787241305 }, "geometry": { "type": "Point", "coordinates": [ 69.599590566381323, 23.647971535541188 ] } },
{ "type": "Feature", "properties": { "eco_name": "Rapa Nui subtropical broadleaf forests", "biome": 1.0, "realm": "OC", "places_n": 0.0, "min_lon": -109.45589467341436, "min_lat": -27.201217036509632, "max_lon": -109.22909562833944, "max_lat": -27.056962303431106 }, "geometry": { "type": "Point", "coordinates": [ -109.3424951508769, -27.129089669970369 ] } },
{ "type": "Feature", "properties": { "eco_name": "Red River freshwater swamp forests", "biome": 1.0, "realm": "IM", "places_n": 8.0, "min_lon": 104.88760354680147, "min_lat": 20.080486941263871, "max_lon": 106.74549865547414, "max_lat": 21.630031780754337 }, "geometry": { "type": "Point", "coordinates": [ 105.816551101137804, 20.855259361009104 ] } },
{ "type": "Feature", "properties": { "eco_name": "Red Sea coastal desert", "biome": 13.0, "realm": "PA", "places_n": 3.0, "min_lon": 32.242160456593439, "min_lat": 19.712738315173624, "max_lon": 37.315010471243966, "max_lat": 29.577201017519371 }, "geometry": { "type": "Point", "coordinates": [ 34.778585463918702, 24.644969666346498 ] } },
{ "type": "Feature", "properties": { "eco_name": "Red Sea Nubo-Sindian tropical desert and semi-desert", "biome": 13.0, "realm": "PA", "places_n": 10.0, "min_lon": 33.175113554822985, "min_lat": 14.91195917815719, "max_lon": 58.156684485483083, "max_lat": 31.832508475285863 }, "geometry": { "type": "Point", "coordinates": [ 45.665899020153034, 23.372233826721526 ] } },
{ "type": "Feature", "properties": { "eco_name": "Registan-North Pakistan sandy desert", "biome": 13.0, "realm": "PA", "places_n": 7.0, "min_lon": 59.974876530433448, "min_lat": 27.178936177649064, "max_lon": 67.078544507378638, "max_lat": 33.137260502861807 }, "geometry": { "type": "Point", "coordinates": [ 63.526710518906043, 30.158098340255435 ] } },
{ "type": "Feature", "properties": { "eco_name": "Richmond temperate forests", "biome": 4.0, "realm": "AA", "places_n": 4.0, "min_lon": 172.13356072846847, "min_lat": -42.458362727134926, "max_lon": 174.3994136262678, "max_lat": -40.706774961259299 }, "geometry": { "type": "Point", "coordinates": [ 173.266487177368134, -41.582568844197112 ] } },
{ "type": "Feature", "properties": { "eco_name": "Rio Negro campinarana", "biome": 1.0, "realm": "NT", "places_n": 0.0, "min_lon": -69.653686615154598, "min_lat": -1.6372320777324489, "max_lon": -60.608787630603771, "max_lat": 5.0513704238246646 }, "geometry": { "type": "Point", "coordinates": [ -65.131237122879185, 1.707069173046108 ] } },
{ "type": "Feature", "properties": { "eco_name": "Rock and Ice", "biome": 99.0, "realm": "NT", "places_n": 4.0, "min_lon": -179.99998860061166, "min_lat": -89.89197327740294, "max_lon": 179.9999886006118, "max_lat": 82.906146058216109 }, "geometry": { "type": "Point", "coordinates": [ 0.0, -3.492913609593415 ] } },
{ "type": "Feature", "properties": { "eco_name": "Rodope montane mixed forests", "biome": 4.0, "realm": "PA", "places_n": 1.0, "min_lon": 22.279249451513351, "min_lat": 41.218546057891047, "max_lon": 27.042182451638723, "max_lat": 43.763367804368158 }, "geometry": { "type": "Point", "coordinates": [ 24.660715951576037, 42.490956931129602 ] } },
{ "type": "Feature", "properties": { "eco_name": "Rwenzori-Virunga montane moorlands", "biome": 10.0, "realm": "AT", "places_n": 1.0, "min_lon": 29.271085573273439, "min_lat": -1.6190141788017058, "max_lon": 30.198671571256682, "max_lat": 0.7436830607388174 }, "geometry": { "type": "Point", "coordinates": [ 29.73487857226506, -0.437665559031444 ] } },
{ "type": "Feature", "properties": { "eco_name": "Sahara desert", "biome": 13.0, "realm": "PA", "places_n": 29.0, "min_lon": -9.635476567273173, "min_lat": 16.747569488474596, "max_lon": 35.379711504159161, "max_lat": 30.460068220915446 }, "geometry": { "type": "Point", "coordinates": [ 12.872117468442994, 23.603818854695021 ] } },
{ "type": "Feature", "properties": { "eco_name": "Saharan flooded grasslands", "biome": 9.0, "realm": "AT", "places_n": 4.0, "min_lon": 27.818912464872426, "min_lat": 4.7796294578998868, "max_lon": 33.640750572514918, "max_lat": 9.9604239686771621 }, "geometry": { "type": "Point", "coordinates": [ 30.729831518693672, 7.370026713288524 ] } },
{ "type": "Feature", "properties": { "eco_name": "Saharan halophytics", "biome": 9.0, "realm": "PA", "places_n": 4.0, "min_lon": -16.093334494288968, "min_lat": 18.282757636554777, "max_lon": 29.125530471735061, "max_lat": 35.962124484538379 }, "geometry": { "type": "Point", "coordinates": [ 6.516097988723047, 27.122441060546578 ] } },
{ "type": "Feature", "properties": { "eco_name": "Sahelian Acacia savanna", "biome": 7.0, "realm": "AT", "places_n": 71.0, "min_lon": -16.596147431893428, "min_lat": 8.449961261521139, "max_lon": 39.213520594705244, "max_lat": 20.905995440072502 }, "geometry": { "type": "Point", "coordinates": [ 11.308686581405908, 14.67797835079682 ] } },
{ "type": "Feature", "properties": { "eco_name": "Sakhalin Island taiga", "biome": 6.0, "realm": "PA", "places_n": 8.0, "min_lon": 141.65879857026817, "min_lat": 46.034546395812129, "max_lon": 144.78930663986512, "max_lat": 54.466657849680757 }, "geometry": { "type": "Point", "coordinates": [ 143.224052605066646, 50.250602122746443 ] } },
{ "type": "Feature", "properties": { "eco_name": "Samoan tropical moist forests", "biome": 1.0, "realm": "OC", "places_n": 2.0, "min_lon": -172.79859970249041, "min_lat": -14.381445643093514, "max_lon": -169.4160766379201, "max_lat": -13.431238732437407 }, "geometry": { "type": "Point", "coordinates": [ -171.107338170205253, -13.90634218776546 ] } },
{ "type": "Feature", "properties": { "eco_name": "San Félix-San Ambrosio Islands temperate forests", "biome": 4.0, "realm": "NT", "places_n": 0.0, "min_lon": -80.099731525545536, "min_lat": -26.367486896506648, "max_lon": -79.884559521290285, "max_lat": -26.249690311378288 }, "geometry": { "type": "Point", "coordinates": [ -79.992145523417918, -26.308588603942468 ] } },
{ "type": "Feature", "properties": { "eco_name": "San Lucan xeric scrub", "biome": 13.0, "realm": "NT", "places_n": 1.0, "min_lon": -110.41175853052886, "min_lat": 22.86559773543712, "max_lon": -109.395576654089, "max_lat": 24.589057845886487 }, "geometry": { "type": "Point", "coordinates": [ -109.903667592308921, 23.727327790661803 ] } },
{ "type": "Feature", "properties": { "eco_name": "Santa Marta montane forests", "biome": 1.0, "realm": "NT", "places_n": 0.0, "min_lon": -74.146736582014768, "min_lat": 10.247103833007429, "max_lon": -73.106414489131026, "max_lat": 11.238920857998039 }, "geometry": { "type": "Point", "coordinates": [ -73.626575535572897, 10.743012345502734 ] } },
{ "type": "Feature", "properties": { "eco_name": "Santa Marta páramo", "biome": 10.0, "realm": "NT", "places_n": 0.0, "min_lon": -73.952674568564603, "min_lat": 10.627943315489233, "max_lon": -73.341758549225148, "max_lat": 10.99956823652559 }, "geometry": { "type": "Point", "coordinates": [ -73.647216558894883, 10.813755776007412 ] } },
{ "type": "Feature", "properties": { "eco_name": "Sao Tome, Principe and Annobon moist lowland forests", "biome": 1.0, "realm": "AT", "places_n": 2.0, "min_lon": 5.6023664385114103, "min_lat": -1.4598371434860269, "max_lon": 7.4724775005213928, "max_lat": 1.7108785804048239 }, "geometry": { "type": "Point", "coordinates": [ 6.537421969516402, 0.125520718459398 ] } },
{ "type": "Feature", "properties": { "eco_name": "Sarmatic mixed forests", "biome": 4.0, "realm": "PA", "places_n": 92.0, "min_lon": 6.547585446221234, "min_lat": 52.457705925858306, "max_lon": 58.892032539786896, "max_lat": 60.998342574106175 }, "geometry": { "type": "Point", "coordinates": [ 32.719808993004065, 56.728024249982241 ] } },
{ "type": "Feature", "properties": { "eco_name": "Sayan Alpine meadows and tundra", "biome": 10.0, "realm": "PA", "places_n": 0.0, "min_lon": 86.638046503027113, "min_lat": 49.440158083252925, "max_lon": 103.51159662498861, "max_lat": 54.549476752825399 }, "geometry": { "type": "Point", "coordinates": [ 95.074821564007863, 51.994817418039162 ] } },
{ "type": "Feature", "properties": { "eco_name": "Sayan Intermontane steppe", "biome": 8.0, "realm": "PA", "places_n": 1.0, "min_lon": 90.17594155414406, "min_lat": 50.171829331906395, "max_lon": 98.243736603637899, "max_lat": 52.018763761062417 }, "geometry": { "type": "Point", "coordinates": [ 94.20983907889098, 51.095296546484406 ] } },
{ "type": "Feature", "properties": { "eco_name": "Sayan montane conifer forests", "biome": 5.0, "realm": "PA", "places_n": 5.0, "min_lon": 84.241203569212814, "min_lat": 49.64511657084131, "max_lon": 106.66729767806925, "max_lat": 56.186395389288407 }, "geometry": { "type": "Point", "coordinates": [ 95.45425062364103, 52.915755980064858 ] } },
{ "type": "Feature", "properties": { "eco_name": "Scandinavian and Russian taiga", "biome": 6.0, "realm": "PA", "places_n": 94.0, "min_lon": 7.2736994930641856, "min_lat": 56.352576175265938, "max_lon": 62.546634528618341, "max_lat": 69.984037326626662 }, "geometry": { "type": "Point", "coordinates": [ 34.910167010841263, 63.1683067509463 ] } },
{ "type": "Feature", "properties": { "eco_name": "Scandinavian coastal conifer forests", "biome": 5.0, "realm": "PA", "places_n": 5.0, "min_lon": 4.6318434709197334, "min_lat": 58.198134631195387, "max_lon": 19.002027566081949, "max_lat": 69.69520297790217 }, "geometry": { "type": "Point", "coordinates": [ 11.816935518500841, 63.946668804548779 ] } },
{ "type": "Feature", "properties": { "eco_name": "Scandinavian Montane Birch forest and grasslands", "biome": 11.0, "realm": "PA", "places_n": 11.0, "min_lon": 4.9355805082278721, "min_lat": 58.167104490334907, "max_lon": 30.779783554533253, "max_lat": 71.211624882945387 }, "geometry": { "type": "Point", "coordinates": [ 17.857682031380563, 64.689364686640147 ] } },
{ "type": "Feature", "properties": { "eco_name": "Scotia Sea Islands tundra", "biome": 11.0, "realm": "AN", "places_n": 10.0, "min_lon": -62.729446519253898, "min_lat": -63.333566030487674, "max_lon": 3.4847225204362928, "max_lat": -53.968247841999215 }, "geometry": { "type": "Point", "coordinates": [ -29.622361999408803, -58.650906936243445 ] } },
{ "type": "Feature", "properties": { "eco_name": "Sechura desert", "biome": 13.0, "realm": "NT", "places_n": 31.0, "min_lon": -81.191413562546558, "min_lat": -18.479706461280074, "max_lon": -69.627418568768618, "max_lat": -5.041642973723242 }, "geometry": { "type": "Point", "coordinates": [ -75.409416065657581, -11.760674717501658 ] } },
{ "type": "Feature", "properties": { "eco_name": "Selenge-Orkhon forest steppe", "biome": 8.0, "realm": "PA", "places_n": 10.0, "min_lon": 92.737342537479606, "min_lat": 45.848438976120917, "max_lon": 110.82793460808881, "max_lat": 52.727178078229429 }, "geometry": { "type": "Point", "coordinates": [ 101.782638572784208, 49.287808527175173 ] } },
{ "type": "Feature", "properties": { "eco_name": "Seram rain forests", "biome": 1.0, "realm": "AA", "places_n": 2.0, "min_lon": 127.48259769866615, "min_lat": -4.7806942110610748, "max_lon": 131.75570669363594, "max_lat": -2.7767129234643448 }, "geometry": { "type": "Point", "coordinates": [ 129.619152196151049, -3.77870356726271 ] } },
{ "type": "Feature", "properties": { "eco_name": "Serengeti volcanic grasslands", "biome": 7.0, "realm": "AT", "places_n": 0.0, "min_lon": 34.550819566311617, "min_lat": -3.8336774527564899, "max_lon": 36.964588580138013, "max_lat": -2.2994076259890903 }, "geometry": { "type": "Point", "coordinates": [ 35.757704073224815, -3.06654253937279 ] } },
{ "type": "Feature", "properties": { "eco_name": "Serra do Mar coastal forests", "biome": 1.0, "realm": "NT", "places_n": 27.0, "min_lon": -50.290336576695978, "min_lat": -29.927828684348299, "max_lon": -41.556594457789174, "max_lat": -21.581261090349216 }, "geometry": { "type": "Point", "coordinates": [ -45.923465517242576, -25.754544887348757 ] } },
{ "type": "Feature", "properties": { "eco_name": "Sichuan Basin evergreen broadleaf forests", "biome": 4.0, "realm": "PA", "places_n": 11.0, "min_lon": 103.02810665643051, "min_lat": 28.46985672386819, "max_lon": 107.65876752463009, "max_lat": 31.802825473904932 }, "geometry": { "type": "Point", "coordinates": [ 105.343437090530301, 30.136341098886561 ] } },
{ "type": "Feature", "properties": { "eco_name": "Sierra de la Laguna dry forests", "biome": 2.0, "realm": "NT", "places_n": 0.0, "min_lon": -110.29006167821127, "min_lat": 22.902298736715295, "max_lon": -109.44270356946069, "max_lat": 24.260700811996287 }, "geometry": { "type": "Point", "coordinates": [ -109.866382623835989, 23.581499774355791 ] } },
{ "type": "Feature", "properties": { "eco_name": "Sierra de la Laguna pine-oak forests", "biome": 3.0, "realm": "NT", "places_n": 0.0, "min_lon": -110.05239063415543, "min_lat": 23.103547561592848, "max_lon": -109.80757854386357, "max_lat": 23.751048409032364 }, "geometry": { "type": "Point", "coordinates": [ -109.929984589009507, 23.427297985312606 ] } },
{ "type": "Feature", "properties": { "eco_name": "Sierra de los Tuxtlas", "biome": 1.0, "realm": "NT", "places_n": 0.0, "min_lon": -95.407638524762746, "min_lat": 17.969017300711585, "max_lon": -94.462623532576401, "max_lat": 18.714923535541175 }, "geometry": { "type": "Point", "coordinates": [ -94.935131028669574, 18.34197041812638 ] } },
{ "type": "Feature", "properties": { "eco_name": "Sierra Juarez and San Pedro Martir pine-oak forests", "biome": 5.0, "realm": "NA", "places_n": 0.0, "min_lon": -116.28009055221463, "min_lat": 30.307243662384337, "max_lon": -115.05473358797103, "max_lat": 32.642405511777611 }, "geometry": { "type": "Point", "coordinates": [ -115.667412070092837, 31.474824587080974 ] } },
{ "type": "Feature", "properties": { "eco_name": "Sierra Madre de Chiapas moist forests", "biome": 1.0, "realm": "NT", "places_n": 5.0, "min_lon": -93.803748610155282, "min_lat": 13.916757540661138, "max_lon": -89.769119512898513, "max_lat": 16.382367284571444 }, "geometry": { "type": "Point", "coordinates": [ -91.786434061526904, 15.149562412616291 ] } },
{ "type": "Feature", "properties": { "eco_name": "Sierra Madre del Sur pine-oak forests", "biome": 3.0, "realm": "NT", "places_n": 2.0, "min_lon": -103.51457957669332, "min_lat": 15.832370099377499, "max_lon": -95.44922651087289, "max_lat": 19.100104843871918 }, "geometry": { "type": "Point", "coordinates": [ -99.481903043783106, 17.466237471624709 ] } },
{ "type": "Feature", "properties": { "eco_name": "Sierra Madre de Oaxaca pine-oak forests", "biome": 3.0, "realm": "NT", "places_n": 0.0, "min_lon": -97.389129657376245, "min_lat": 16.398123418537239, "max_lon": -94.394340525932122, "max_lat": 18.902389661738368 }, "geometry": { "type": "Point", "coordinates": [ -95.891735091654184, 17.650256540137804 ] } },
{ "type": "Feature", "properties": { "eco_name": "Sierra Madre Occidental pine-oak forests", "biome": 3.0, "realm": "NA", "places_n": 5.0, "min_lon": -111.63303367556028, "min_lat": 20.680287215877854, "max_lon": -102.37437453452641, "max_lat": 33.098774659119783 }, "geometry": { "type": "Point", "coordinates": [ -107.00370410504334, 26.889530937498819 ] } },
{ "type": "Feature", "properties": { "eco_name": "Sierra Madre Oriental pine-oak forests", "biome": 3.0, "realm": "NA", "places_n": 0.0, "min_lon": -106.53773457725214, "min_lat": 19.97269533105117, "max_lon": -97.940460571004692, "max_lat": 32.074617737077233 }, "geometry": { "type": "Point", "coordinates": [ -102.239097574128408, 26.023656534064202 ] } },
{ "type": "Feature", "properties": { "eco_name": "Sierra Nevada forests", "biome": 5.0, "realm": "NA", "places_n": 0.0, "min_lon": -121.95368162629242, "min_lat": 35.609177796555571, "max_lon": -117.96406552842453, "max_lat": 40.935650958124143 }, "geometry": { "type": "Point", "coordinates": [ -119.958873577358474, 38.272414377339857 ] } },
{ "type": "Feature", "properties": { "eco_name": "Simpson desert", "biome": 13.0, "realm": "AA", "places_n": 4.0, "min_lon": 133.961852612852, "min_lat": -31.31450191323799, "max_lon": 144.08178667176776, "max_lat": -21.535027518218811 }, "geometry": { "type": "Point", "coordinates": [ 139.021819642309879, -26.424764715728401 ] } },
{ "type": "Feature", "properties": { "eco_name": "Sinaloan dry forests", "biome": 2.0, "realm": "NT", "places_n": 12.0, "min_lon": -109.31166055981765, "min_lat": 20.410145517080423, "max_lon": -102.91394764964552, "max_lat": 28.294861025588943 }, "geometry": { "type": "Point", "coordinates": [ -106.112804104731595, 24.352503271334683 ] } },
{ "type": "Feature", "properties": { "eco_name": "Sinú Valley dry forests", "biome": 2.0, "realm": "NT", "places_n": 2.0, "min_lon": -75.25052661344013, "min_lat": 8.6193501371230354, "max_lon": -73.090125601398896, "max_lat": 11.270291807041986 }, "geometry": { "type": "Point", "coordinates": [ -74.170326107419513, 9.94482097208251 ] } },
{ "type": "Feature", "properties": { "eco_name": "Snake-Columbia shrub steppe", "biome": 13.0, "realm": "NA", "places_n": 12.0, "min_lon": -121.54344161256695, "min_lat": 40.078196846989385, "max_lon": -110.9593195993816, "max_lat": 47.83127054269147 }, "geometry": { "type": "Point", "coordinates": [ -116.251380605974276, 43.954733694840428 ] } },
{ "type": "Feature", "properties": { "eco_name": "Society Islands tropical moist forests", "biome": 1.0, "realm": "OC", "places_n": 1.0, "min_lon": -154.68817169035995, "min_lat": -17.879595553334156, "max_lon": -148.059341713869, "max_lat": -15.786835997067527 }, "geometry": { "type": "Point", "coordinates": [ -151.373756702114463, -16.833215775200841 ] } },
{ "type": "Feature", "properties": { "eco_name": "Socotra Island xeric shrublands", "biome": 13.0, "realm": "AT", "places_n": 1.0, "min_lon": 52.062770471064596, "min_lat": 12.110211814907757, "max_lon": 54.530540566701347, "max_lat": 12.713555958187612 }, "geometry": { "type": "Point", "coordinates": [ 53.296655518882972, 12.411883886547685 ] } },
{ "type": "Feature", "properties": { "eco_name": "Solimões-Japurá moist forests", "biome": 1.0, "realm": "NT", "places_n": 2.0, "min_lon": -74.681281561052316, "min_lat": -4.3282957388948375, "max_lon": -65.954406567785483, "max_lat": -0.22253160861663446 }, "geometry": { "type": "Point", "coordinates": [ -70.317844064418892, -2.275413673755736 ] } },
{ "type": "Feature", "properties": { "eco_name": "Solomon Islands rain forests", "biome": 1.0, "realm": "AA", "places_n": 4.0, "min_lon": 154.51359559015418, "min_lat": -11.843582887915204, "max_lon": 162.50109871267506, "max_lat": -5.0061766267839403 }, "geometry": { "type": "Point", "coordinates": [ 158.507347151414621, -8.424879757349572 ] } },
{ "type": "Feature", "properties": { "eco_name": "Somali Acacia-Commiphora bushlands and thickets", "biome": 7.0, "realm": "AT", "places_n": 24.0, "min_lon": 35.565299581129125, "min_lat": -1.9860377702665915, "max_lon": 50.404079505806976, "max_lat": 17.886217508306174 }, "geometry": { "type": "Point", "coordinates": [ 42.98468954346805, 7.950089869019791 ] } },
{ "type": "Feature", "properties": { "eco_name": "Somali montane xeric woodlands", "biome": 13.0, "realm": "AT", "places_n": 5.0, "min_lon": 44.398933534136489, "min_lat": 7.4654510768114619, "max_lon": 51.413028470351946, "max_lat": 11.984328537226304 }, "geometry": { "type": "Point", "coordinates": [ 47.905981002244218, 9.724889807018883 ] } },
{ "type": "Feature", "properties": { "eco_name": "Sonoran desert", "biome": 13.0, "realm": "NA", "places_n": 17.0, "min_lon": -116.75317354978037, "min_lat": 27.568947306232076, "max_lon": -109.41852563445248, "max_lat": 35.031543967823893 }, "geometry": { "type": "Point", "coordinates": [ -113.085849592116432, 31.300245637027984 ] } },
{ "type": "Feature", "properties": { "eco_name": "Sonoran-Sinaloan transition subtropical dry forest", "biome": 2.0, "realm": "NA", "places_n": 7.0, "min_lon": -110.81371253004349, "min_lat": 25.03785897284456, "max_lon": -107.96623953799654, "max_lat": 30.268270159515112 }, "geometry": { "type": "Point", "coordinates": [ -109.389976034020009, 27.653064566179836 ] } },
{ "type": "Feature", "properties": { "eco_name": "South American Pacific mangroves", "biome": 14.0, "realm": "NT", "places_n": 10.0, "min_lon": -81.078597504289689, "min_lat": -5.7020752537558224, "max_lon": -77.132263542803344, "max_lat": 9.1481384250542988 }, "geometry": { "type": "Point", "coordinates": [ -79.105430523546516, 1.723031585649238 ] } },
{ "type": "Feature", "properties": { "eco_name": "South Appenine mixed montane forests", "biome": 12.0, "realm": "PA", "places_n": 1.0, "min_lon": 13.744605528765334, "min_lat": 37.424896174238484, "max_lon": 16.837839442544464, "max_lat": 40.952561783072497 }, "geometry": { "type": "Point", "coordinates": [ 15.291222485654899, 39.18872897865549 ] } },
{ "type": "Feature", "properties": { "eco_name": "South Avalon-Burin oceanic barrens", "biome": 6.0, "realm": "NA", "places_n": 1.0, "min_lon": -55.996456475923438, "min_lat": 46.608740291477375, "max_lon": -53.024135538876209, "max_lat": 47.063080515335059 }, "geometry": { "type": "Point", "coordinates": [ -54.510296007399823, 46.835910403406217 ] } },
{ "type": "Feature", "properties": { "eco_name": "South Central Rockies forests", "biome": 5.0, "realm": "NA", "places_n": 1.0, "min_lon": -116.34735867802148, "min_lat": 41.926078598843162, "max_lon": -103.39424159851981, "max_lat": 47.134049921949554 }, "geometry": { "type": "Point", "coordinates": [ -109.870800138270653, 44.530064260396358 ] } },
{ "type": "Feature", "properties": { "eco_name": "South China Sea Islands", "biome": 1.0, "realm": "IM", "places_n": 0.0, "min_lon": 111.19637256189685, "min_lat": 9.6990085016457783, "max_lon": 115.85636858249518, "max_lat": 16.985183535588817 }, "geometry": { "type": "Point", "coordinates": [ 113.526370572196015, 13.342096018617298 ] } },
{ "type": "Feature", "properties": { "eco_name": "South China-Vietnam subtropical evergreen forests", "biome": 1.0, "realm": "IM", "places_n": 29.0, "min_lon": 67.102203602579806, "min_lat": 6.8197719522097486, "max_lon": 117.50971960487283, "max_lat": 24.749758878838975 }, "geometry": { "type": "Point", "coordinates": [ 92.305961603726317, 15.784765415524362 ] } },
{ "type": "Feature", "properties": { "eco_name": "South Deccan Plateau dry deciduous forests", "biome": 2.0, "realm": "IM", "places_n": 12.0, "min_lon": 75.698051511819642, "min_lat": 8.5389569567595913, "max_lon": 79.350982652070513, "max_lat": 14.384658678040921 }, "geometry": { "type": "Point", "coordinates": [ 77.524517081945078, 11.461807817400256 ] } },
{ "type": "Feature", "properties": { "eco_name": "Southeast Australia temperate forests", "biome": 4.0, "realm": "AA", "places_n": 37.0, "min_lon": 141.18083160535559, "min_lat": -39.13661365742314, "max_lon": 150.32699571502451, "max_lat": -31.898558291464809 }, "geometry": { "type": "Point", "coordinates": [ 145.753913660190051, -35.517585974443975 ] } },
{ "type": "Feature", "properties": { "eco_name": "Southeast Australia temperate savanna", "biome": 8.0, "realm": "AA", "places_n": 13.0, "min_lon": 141.95318559457536, "min_lat": -36.950262440764618, "max_lon": 150.91244466264618, "max_lat": -27.858969957370647 }, "geometry": { "type": "Point", "coordinates": [ 146.43281512861077, -32.404616199067632 ] } },
{ "type": "Feature", "properties": { "eco_name": "Southeastern conifer forests", "biome": 5.0, "realm": "NA", "places_n": 39.0, "min_lon": -90.763931559534612, "min_lat": 26.086214952291414, "max_lon": -80.027961647177023, "max_lat": 33.22443061958694 }, "geometry": { "type": "Point", "coordinates": [ -85.39594660335581, 29.655322785939177 ] } },
{ "type": "Feature", "properties": { "eco_name": "Southeastern Iberian shrubs and woodlands", "biome": 12.0, "realm": "PA", "places_n": 2.0, "min_lon": -3.0076735415602514, "min_lat": 36.681976411513119, "max_lon": -0.69050948232012388, "max_lat": 37.920099852495127 }, "geometry": { "type": "Point", "coordinates": [ -1.849091511940188, 37.301038132004123 ] } },
{ "type": "Feature", "properties": { "eco_name": "Southeastern Indochina dry evergreen forests", "biome": 2.0, "realm": "IM", "places_n": 11.0, "min_lon": 101.04821059999284, "min_lat": 10.460755862939379, "max_lon": 109.18132062421375, "max_lat": 16.226413258667776 }, "geometry": { "type": "Point", "coordinates": [ 105.114765612103298, 13.343584560803578 ] } },
{ "type": "Feature", "properties": { "eco_name": "Southeastern mixed forests", "biome": 4.0, "realm": "NA", "places_n": 37.0, "min_lon": -91.563430509851415, "min_lat": 30.604561838234758, "max_lon": -75.95578749099154, "max_lat": 39.79326226253994 }, "geometry": { "type": "Point", "coordinates": [ -83.759609000421477, 35.198912050387349 ] } },
{ "type": "Feature", "properties": { "eco_name": "Southeastern Papuan rain forests", "biome": 1.0, "realm": "AA", "places_n": 5.0, "min_lon": 145.77607759150141, "min_lat": -10.701466771822538, "max_lon": 150.86700468910919, "max_lat": -6.7359038862434772 }, "geometry": { "type": "Point", "coordinates": [ 148.3215411403053, -8.718685329033008 ] } },
{ "type": "Feature", "properties": { "eco_name": "Southeast Tibet shrublands and meadows", "biome": 10.0, "realm": "PA", "places_n": 5.0, "min_lon": 90.601493628604658, "min_lat": 27.849742236337363, "max_lon": 105.23802962885907, "max_lat": 38.268806638571732 }, "geometry": { "type": "Point", "coordinates": [ 97.919761628731862, 33.059274437454548 ] } },
{ "type": "Feature", "properties": { "eco_name": "Southern Acacia-Commiphora bushlands and thickets", "biome": 7.0, "realm": "AT", "places_n": 13.0, "min_lon": 32.562179508473122, "min_lat": -8.7926874758572353, "max_lon": 38.742942612724846, "max_lat": 0.099098109778708476 }, "geometry": { "type": "Point", "coordinates": [ 35.652561060598984, -4.346794683039263 ] } },
{ "type": "Feature", "properties": { "eco_name": "Southern Africa bushveld", "biome": 7.0, "realm": "AT", "places_n": 11.0, "min_lon": 25.357038535210904, "min_lat": -26.093296235557517, "max_lon": 31.899194603645128, "max_lat": -18.665579522958268 }, "geometry": { "type": "Point", "coordinates": [ 28.628116569428016, -22.379437879257893 ] } },
{ "type": "Feature", "properties": { "eco_name": "Southern Africa mangroves", "biome": 14.0, "realm": "AT", "places_n": 1.0, "min_lon": 29.091653501277392, "min_lat": -31.972735620065606, "max_lon": 32.895969524368667, "max_lat": -26.77959842157486 }, "geometry": { "type": "Point", "coordinates": [ 30.993811512823029, -29.376167020820233 ] } },
{ "type": "Feature", "properties": { "eco_name": "Southern Anatolian montane conifer and deciduous forests", "biome": 12.0, "realm": "PA", "places_n": 4.0, "min_lon": 28.529365596169725, "min_lat": 33.102791267125212, "max_lon": 37.276504510934302, "max_lat": 38.540172262871977 }, "geometry": { "type": "Point", "coordinates": [ 32.902935053552014, 35.821481764998595 ] } },
{ "type": "Feature", "properties": { "eco_name": "Southern Andean steppe", "biome": 10.0, "realm": "NT", "places_n": 0.0, "min_lon": -70.830001566787217, "min_lat": -36.609750809068373, "max_lon": -66.062423483555762, "max_lat": -24.298233717165203 }, "geometry": { "type": "Point", "coordinates": [ -68.446212525171489, -30.453992263116788 ] } },
{ "type": "Feature", "properties": { "eco_name": "Southern Andean Yungas", "biome": 1.0, "realm": "NT", "places_n": 8.0, "min_lon": -66.508064633013731, "min_lat": -29.129752143001696, "max_lon": -63.418312561816933, "max_lat": -18.042487615778697 }, "geometry": { "type": "Point", "coordinates": [ -64.963188597415325, -23.586119879390196 ] } },
{ "type": "Feature", "properties": { "eco_name": "Southern Annamites montane rain forests", "biome": 1.0, "realm": "IM", "places_n": 1.0, "min_lon": 105.98570260124154, "min_lat": 7.863862381126637, "max_lon": 117.8413695532476, "max_lat": 20.718575079066625 }, "geometry": { "type": "Point", "coordinates": [ 111.913536077244572, 14.291218730096631 ] } },
{ "type": "Feature", "properties": { "eco_name": "Southern Atlantic mangroves", "biome": 14.0, "realm": "NT", "places_n": 10.0, "min_lon": -48.954360618657887, "min_lat": -28.572380391749078, "max_lon": -34.802612608488516, "max_lat": -2.8479316078795023 }, "geometry": { "type": "Point", "coordinates": [ -41.878486613573202, -15.71015599981429 ] } },
{ "type": "Feature", "properties": { "eco_name": "Southern Cone Mesopotamian savanna", "biome": 9.0, "realm": "NT", "places_n": 1.0, "min_lon": -57.719085604491255, "min_lat": -30.184512064118564, "max_lon": -55.304420565214556, "max_lat": -27.307731412315292 }, "geometry": { "type": "Point", "coordinates": [ -56.511753084852906, -28.746121738216928 ] } },
{ "type": "Feature", "properties": { "eco_name": "Southern Congolian forest-savanna mosaic", "biome": 7.0, "realm": "AT", "places_n": 26.0, "min_lon": 16.224042563080928, "min_lat": -10.179543430236379, "max_lon": 28.796899517248789, "max_lat": -1.9995009507975965 }, "geometry": { "type": "Point", "coordinates": [ 22.510471040164859, -6.089522190516988 ] } },
{ "type": "Feature", "properties": { "eco_name": "Southern Great Lakes forests", "biome": 4.0, "realm": "NA", "places_n": 45.0, "min_lon": -87.477630564213186, "min_lat": 38.263560908283523, "max_lon": -76.065612550916498, "max_lat": 44.45157603516941 }, "geometry": { "type": "Point", "coordinates": [ -81.771621557564842, 41.357568471726466 ] } },
{ "type": "Feature", "properties": { "eco_name": "Southern Hudson Bay taiga", "biome": 6.0, "realm": "NA", "places_n": 6.0, "min_lon": -95.831420508909133, "min_lat": 50.035559535076345, "max_lon": -75.650848488766911, "max_lat": 59.019592659109776 }, "geometry": { "type": "Point", "coordinates": [ -85.741134498838022, 54.527576097093061 ] } },
{ "type": "Feature", "properties": { "eco_name": "Southern Indian Ocean Islands tundra", "biome": 11.0, "realm": "AN", "places_n": 0.0, "min_lon": 37.575553549792062, "min_lat": -53.197394716363419, "max_lon": 73.773986641933277, "max_lat": -45.945919755770632 }, "geometry": { "type": "Point", "coordinates": [ 55.674770095862669, -49.571657236067026 ] } },
{ "type": "Feature", "properties": { "eco_name": "Southern Korea evergreen forests", "biome": 4.0, "realm": "PA", "places_n": 5.0, "min_lon": 126.0988765760776, "min_lat": 33.188306963800073, "max_lon": 129.47525067647268, "max_lat": 35.611104628459316 }, "geometry": { "type": "Point", "coordinates": [ 127.787063626275142, 34.399705796129695 ] } },
{ "type": "Feature", "properties": { "eco_name": "Southern Mesoamerican Pacific mangroves", "biome": 14.0, "realm": "NT", "places_n": 1.0, "min_lon": -95.056617662855331, "min_lat": 7.3143899030719695, "max_lon": -80.893318551909118, "max_lat": 16.366566223604536 }, "geometry": { "type": "Point", "coordinates": [ -87.974968107382225, 11.840478063338253 ] } },
{ "type": "Feature", "properties": { "eco_name": "Southern Miombo woodlands", "biome": 7.0, "realm": "AT", "places_n": 21.0, "min_lon": 25.298656567882801, "min_lat": -24.623295992552158, "max_lon": 34.949573522828928, "max_lat": -11.111183587151288 }, "geometry": { "type": "Point", "coordinates": [ 30.124115045355865, -17.867239789851723 ] } },
{ "type": "Feature", "properties": { "eco_name": "Southern New Guinea freshwater swamp forests", "biome": 1.0, "realm": "AA", "places_n": 0.0, "min_lon": 131.16595464455804, "min_lat": -9.1289655758937442, "max_lon": 146.66889964603212, "max_lat": -1.0976961782634476 }, "geometry": { "type": "Point", "coordinates": [ 138.917427145295079, -5.113330877078596 ] } },
{ "type": "Feature", "properties": { "eco_name": "Southern New Guinea lowland rain forests", "biome": 1.0, "realm": "AA", "places_n": 1.0, "min_lon": 135.34634369706703, "min_lat": -8.2379003682702319, "max_lon": 145.86247271745822, "max_lat": -4.2229434301464721 }, "geometry": { "type": "Point", "coordinates": [ 140.604408207262622, -6.230421899208352 ] } },
{ "type": "Feature", "properties": { "eco_name": "Southern Pacific dry forests", "biome": 2.0, "realm": "NT", "places_n": 15.0, "min_lon": -102.23308565407022, "min_lat": 15.644508012073914, "max_lon": -93.401389597078833, "max_lat": 18.234380308866207 }, "geometry": { "type": "Point", "coordinates": [ -97.817237625574535, 16.93944416047006 ] } },
{ "type": "Feature", "properties": { "eco_name": "Southern Rift montane forest-grassland mosaic", "biome": 10.0, "realm": "AT", "places_n": 5.0, "min_lon": 31.559822575505649, "min_lat": -15.402982382201003, "max_lon": 35.256141464118173, "max_lat": -7.7634144077496785 }, "geometry": { "type": "Point", "coordinates": [ 33.407982019811911, -11.583198394975341 ] } },
{ "type": "Feature", "properties": { "eco_name": "Southern Vietnam lowland dry forests", "biome": 2.0, "realm": "IM", "places_n": 7.0, "min_lon": 106.53260066155252, "min_lat": 8.6299834195012863, "max_lon": 109.46369956638262, "max_lat": 16.304514156148628 }, "geometry": { "type": "Point", "coordinates": [ 107.998150113967569, 12.467248787824957 ] } },
{ "type": "Feature", "properties": { "eco_name": "Southern Zanzibar-Inhambane coastal forest mosaic", "biome": 1.0, "realm": "AT", "places_n": 12.0, "min_lon": 33.51055949951143, "min_lat": -25.202098929139851, "max_lon": 40.844470477911443, "max_lat": -7.4011586104534786 }, "geometry": { "type": "Point", "coordinates": [ 37.177514988711437, -16.301628769796665 ] } },
{ "type": "Feature", "properties": { "eco_name": "South Florida rocklands", "biome": 1.0, "realm": "NT", "places_n": 4.0, "min_lon": -82.134094529972515, "min_lat": 24.544242994688886, "max_lon": -80.147720603478646, "max_lat": 26.216061026159878 }, "geometry": { "type": "Point", "coordinates": [ -81.140907566725588, 25.380152010424382 ] } },
{ "type": "Feature", "properties": { "eco_name": "South Iran Nubo-Sindian desert and semi-desert", "biome": 13.0, "realm": "PA", "places_n": 9.0, "min_lon": 45.571479479183722, "min_lat": 25.033112301071924, "max_lon": 65.575920556079581, "max_lat": 33.436494446503787 }, "geometry": { "type": "Point", "coordinates": [ 55.573700017631651, 29.234803373787855 ] } },
{ "type": "Feature", "properties": { "eco_name": "South Island montane grasslands", "biome": 10.0, "realm": "AA", "places_n": 2.0, "min_lon": 167.60285958778525, "min_lat": -45.652187358102026, "max_lon": 173.83474760758901, "max_lat": -41.762867772620382 }, "geometry": { "type": "Point", "coordinates": [ 170.718803597687128, -43.707527565361204 ] } },
{ "type": "Feature", "properties": { "eco_name": "South Island temperate forests", "biome": 4.0, "realm": "AA", "places_n": 1.0, "min_lon": 166.92263763433704, "min_lat": -46.678694398159109, "max_lon": 169.85385170651682, "max_lat": -45.53071916410326 }, "geometry": { "type": "Point", "coordinates": [ 168.388244670426928, -46.104706781131185 ] } },
{ "type": "Feature", "properties": { "eco_name": "South Malawi montane forest-grassland mosaic", "biome": 10.0, "realm": "AT", "places_n": 5.0, "min_lon": 34.526721594659762, "min_lat": -16.267117373087046, "max_lon": 35.789894520942994, "max_lat": -15.079504118877622 }, "geometry": { "type": "Point", "coordinates": [ 35.158308057801378, -15.673310745982334 ] } },
{ "type": "Feature", "properties": { "eco_name": "South Saharan steppe and woodlands", "biome": 13.0, "realm": "PA", "places_n": 6.0, "min_lon": -12.023781526866941, "min_lat": 15.43481056406381, "max_lon": 36.847850461743633, "max_lat": 22.965619656675074 }, "geometry": { "type": "Point", "coordinates": [ 12.412034467438346, 19.200215110369442 ] } },
{ "type": "Feature", "properties": { "eco_name": "South Sakhalin-Kurile mixed forests", "biome": 4.0, "realm": "PA", "places_n": 2.0, "min_lon": 141.8003995927989, "min_lat": 43.698681807655987, "max_lon": 148.88999971871743, "max_lat": 47.796270397207252 }, "geometry": { "type": "Point", "coordinates": [ 145.345199655758165, 45.747476102431619 ] } },
{ "type": "Feature", "properties": { "eco_name": "South Siberian forest steppe", "biome": 8.0, "realm": "PA", "places_n": 23.0, "min_lon": 83.864066541005116, "min_lat": 52.341340466879444, "max_lon": 105.42939753098807, "max_lat": 57.019095728666287 }, "geometry": { "type": "Point", "coordinates": [ 94.646732035996592, 54.680218097772865 ] } },
{ "type": "Feature", "properties": { "eco_name": "South Taiwan monsoon rain forests", "biome": 1.0, "realm": "IM", "places_n": 0.0, "min_lon": 120.30182660599507, "min_lat": 21.901565881308613, "max_lon": 120.94177267645745, "max_lat": 22.849261573771003 }, "geometry": { "type": "Point", "coordinates": [ 120.621799641226261, 22.375413727539808 ] } },
{ "type": "Feature", "properties": { "eco_name": "Southwest Amazon moist forests", "biome": 1.0, "realm": "NT", "places_n": 11.0, "min_lon": -75.424186571628084, "min_lat": -17.541761269152687, "max_lon": -62.924560629191618, "max_lat": -3.4242685885506603 }, "geometry": { "type": "Point", "coordinates": [ -69.174373600409851, -10.483014928851674 ] } },
{ "type": "Feature", "properties": { "eco_name": "Southwest Australia savanna", "biome": 12.0, "realm": "AA", "places_n": 8.0, "min_lon": 112.92009754048684, "min_lat": -34.255251070841013, "max_lon": 119.57974257820263, "max_lat": -25.480095979962556 }, "geometry": { "type": "Point", "coordinates": [ 116.249920059344731, -29.867673525401784 ] } },
{ "type": "Feature", "properties": { "eco_name": "Southwest Australia woodlands", "biome": 12.0, "realm": "AA", "places_n": 1.0, "min_lon": 115.07248662655132, "min_lat": -34.98325087826214, "max_lon": 118.48497767721079, "max_lat": -30.819739123088794 }, "geometry": { "type": "Point", "coordinates": [ 116.778732151881059, -32.901495000675467 ] } },
{ "type": "Feature", "properties": { "eco_name": "Southwest Borneo freshwater swamp forests", "biome": 1.0, "realm": "IM", "places_n": 4.0, "min_lon": 108.89772060638916, "min_lat": -4.141430595155839, "max_lon": 117.1056746557901, "max_lat": 1.9958022683800891 }, "geometry": { "type": "Point", "coordinates": [ 113.001697631089627, -1.072814163387875 ] } },
{ "type": "Feature", "properties": { "eco_name": "Southwestern Arabian foothills savanna", "biome": 13.0, "realm": "AT", "places_n": 5.0, "min_lon": 37.965167543802266, "min_lat": 12.963154282835148, "max_lon": 54.674041599045637, "max_lat": 25.004196579108395 }, "geometry": { "type": "Point", "coordinates": [ 46.319604571423952, 18.983675430971772 ] } },
{ "type": "Feature", "properties": { "eco_name": "Southwestern Arabian montane woodlands", "biome": 13.0, "realm": "AT", "places_n": 9.0, "min_lon": 39.768428569336152, "min_lat": 13.747466733326462, "max_lon": 45.958557612204856, "max_lat": 22.134669291043735 }, "geometry": { "type": "Point", "coordinates": [ 42.863493090770504, 17.941068012185099 ] } },
{ "type": "Feature", "properties": { "eco_name": "South Western Ghats moist deciduous forests", "biome": 1.0, "realm": "IM", "places_n": 1.0, "min_lon": 75.125106519728661, "min_lat": 8.3526713378067257, "max_lon": 77.636222621849186, "max_lat": 12.732227820994751 }, "geometry": { "type": "Point", "coordinates": [ 76.380664570788923, 10.542449579400738 ] } },
{ "type": "Feature", "properties": { "eco_name": "South Western Ghats montane rain forests", "biome": 1.0, "realm": "IM", "places_n": 1.0, "min_lon": 75.133476520609406, "min_lat": 8.502602630997103, "max_lon": 77.50196850509667, "max_lat": 12.759366747121476 }, "geometry": { "type": "Point", "coordinates": [ 76.317722512853038, 10.630984689059289 ] } },
{ "type": "Feature", "properties": { "eco_name": "Southwest Iberian Mediterranean sclerophyllous and mixed forests", "biome": 12.0, "realm": "PA", "places_n": 16.0, "min_lon": -9.4933684395998625, "min_lat": 36.020423135748842, "max_lon": -3.827620479968715, "max_lat": 40.717806970772187 }, "geometry": { "type": "Point", "coordinates": [ -6.660494459784289, 38.369115053260515 ] } },
{ "type": "Feature", "properties": { "eco_name": "Sri Lanka dry-zone dry evergreen forests", "biome": 2.0, "realm": "IM", "places_n": 5.0, "min_lon": 79.698486635040354, "min_lat": 5.9188905301302839, "max_lon": 81.883392643951993, "max_lat": 9.4616990528932092 }, "geometry": { "type": "Point", "coordinates": [ 80.790939639496173, 7.690294791511747 ] } },
{ "type": "Feature", "properties": { "eco_name": "Sri Lanka lowland rain forests", "biome": 1.0, "realm": "IM", "places_n": 7.0, "min_lon": 79.843208575402286, "min_lat": 5.9358885268717358, "max_lon": 81.175743594545622, "max_lat": 7.6161193069296473 }, "geometry": { "type": "Point", "coordinates": [ 80.509476084973954, 6.776003916900692 ] } },
{ "type": "Feature", "properties": { "eco_name": "Sri Lanka montane rain forests", "biome": 1.0, "realm": "IM", "places_n": 1.0, "min_lon": 80.448623551682601, "min_lat": 6.7074381886620813, "max_lon": 81.21865860356769, "max_lat": 7.6132743213512413 }, "geometry": { "type": "Point", "coordinates": [ 80.833641077625145, 7.160356255006661 ] } },
{ "type": "Feature", "properties": { "eco_name": "St. Helena scrub and woodlands", "biome": 7.0, "realm": "AT", "places_n": 0.0, "min_lon": -5.7930565799488818, "min_lat": -16.022196988606083, "max_lon": -5.64527742421987, "max_lat": -15.901927574400588 }, "geometry": { "type": "Point", "coordinates": [ -5.719167002084376, -15.962062281503336 ] } },
{ "type": "Feature", "properties": { "eco_name": "St. Peter and St. Paul rocks", "biome": 13.0, "realm": "NT", "places_n": 0.0, "min_lon": -29.33027153275475, "min_lat": 0.90147406454411794, "max_lon": -29.276569517249982, "max_lat": 0.92197267933102012 }, "geometry": { "type": "Point", "coordinates": [ -29.303420525002366, 0.911723371937569 ] } },
{ "type": "Feature", "properties": { "eco_name": "Succulent Karoo", "biome": 13.0, "realm": "AT", "places_n": 7.0, "min_lon": 15.07726946157959, "min_lat": -34.034172339412549, "max_lon": 23.60593054947347, "max_lat": -26.400573453494133 }, "geometry": { "type": "Point", "coordinates": [ 19.34160000552653, -30.217372896453341 ] } },
{ "type": "Feature", "properties": { "eco_name": "Suiphun-Khanka meadows and forest meadows", "biome": 9.0, "realm": "PA", "places_n": 7.0, "min_lon": 130.6839755978678, "min_lat": 43.258391665190175, "max_lon": 134.26348864230823, "max_lat": 46.363737261431027 }, "geometry": { "type": "Point", "coordinates": [ 132.473732120088016, 44.811064463310601 ] } },
{ "type": "Feature", "properties": { "eco_name": "Sulaiman Range alpine meadows", "biome": 10.0, "realm": "PA", "places_n": 0.0, "min_lon": 65.945877478382471, "min_lat": 28.173375732507736, "max_lon": 71.290466614939078, "max_lat": 34.125593003061113 }, "geometry": { "type": "Point", "coordinates": [ 68.618172046660774, 31.149484367784424 ] } },
{ "type": "Feature", "properties": { "eco_name": "Sulawesi lowland rain forests", "biome": 1.0, "realm": "AA", "places_n": 13.0, "min_lon": 117.30165059301311, "min_lat": -7.5344427733696762, "max_lon": 149.69912763177308, "max_lat": 4.7769246177426226 }, "geometry": { "type": "Point", "coordinates": [ 133.500389112393094, -1.378759077813527 ] } },
{ "type": "Feature", "properties": { "eco_name": "Sulawesi montane rain forests", "biome": 1.0, "realm": "AA", "places_n": 1.0, "min_lon": 118.89130367742581, "min_lat": -5.5356066332229261, "max_lon": 125.04273967590575, "max_lat": 1.4908579804342139 }, "geometry": { "type": "Point", "coordinates": [ 121.96702167666578, -2.022374326394356 ] } },
{ "type": "Feature", "properties": { "eco_name": "Sulu Archipelago rain forests", "biome": 1.0, "realm": "IM", "places_n": 0.0, "min_lon": 119.3945006738341, "min_lat": 4.6490050405018337, "max_lon": 121.5941546413967, "max_lat": 6.4361877317115272 }, "geometry": { "type": "Point", "coordinates": [ 120.494327657615401, 5.54259638610668 ] } },
{ "type": "Feature", "properties": { "eco_name": "Sumatran freshwater swamp forests", "biome": 1.0, "realm": "IM", "places_n": 1.0, "min_lon": 97.284576646915582, "min_lat": -5.7158654961489788, "max_lon": 105.92079968087495, "max_lat": 5.2320901237877706 }, "geometry": { "type": "Point", "coordinates": [ 101.602688163895266, -0.241887686180604 ] } },
{ "type": "Feature", "properties": { "eco_name": "Sumatran lowland rain forests", "biome": 1.0, "realm": "IM", "places_n": 17.0, "min_lon": 95.005576566335264, "min_lat": -6.1696122812613226, "max_lon": 107.10240160175942, "max_lat": 5.9066214355268016 }, "geometry": { "type": "Point", "coordinates": [ 101.053989084047345, -0.13149542286726 ] } },
{ "type": "Feature", "properties": { "eco_name": "Sumatran montane rain forests", "biome": 1.0, "realm": "IM", "places_n": 4.0, "min_lon": 95.285926585019581, "min_lat": -5.5968141401141338, "max_lon": 105.15710453291962, "max_lat": 5.4129757854338436 }, "geometry": { "type": "Point", "coordinates": [ 100.2215155589696, -0.091919177340145 ] } },
{ "type": "Feature", "properties": { "eco_name": "Sumatran peat swamp forests", "biome": 1.0, "realm": "IM", "places_n": 1.0, "min_lon": 99.599006529337373, "min_lat": -4.3368650614332296, "max_lon": 106.08799752698474, "max_lat": 3.2039352597724928 }, "geometry": { "type": "Point", "coordinates": [ 102.843502028161055, -0.566464900830368 ] } },
{ "type": "Feature", "properties": { "eco_name": "Sumatran tropical pine forests", "biome": 3.0, "realm": "IM", "places_n": 0.0, "min_lon": 96.025527616998545, "min_lat": -2.3255536318646932, "max_lon": 101.40660066354087, "max_lat": 5.1379839821784685 }, "geometry": { "type": "Point", "coordinates": [ 98.716064140269708, 1.406215175156888 ] } },
{ "type": "Feature", "properties": { "eco_name": "Sumba deciduous forests", "biome": 2.0, "realm": "AA", "places_n": 1.0, "min_lon": 118.92800166121879, "min_lat": -10.326013165050142, "max_lon": 120.8215025916997, "max_lat": -9.2819275976370932 }, "geometry": { "type": "Point", "coordinates": [ 119.874752126459242, -9.803970381343618 ] } },
{ "type": "Feature", "properties": { "eco_name": "Sundaland heath forests", "biome": 1.0, "realm": "IM", "places_n": 3.0, "min_lon": 105.11219764842502, "min_lat": -4.0563769089844754, "max_lon": 117.99422462190637, "max_lat": 4.3113509672387522 }, "geometry": { "type": "Point", "coordinates": [ 111.553211135165697, 0.127487029127138 ] } },
{ "type": "Feature", "properties": { "eco_name": "Sundarbans freshwater swamp forests", "biome": 1.0, "realm": "IM", "places_n": 3.0, "min_lon": 88.141937630449434, "min_lat": 21.883656939329228, "max_lon": 90.514434655915693, "max_lat": 23.46709484253148 }, "geometry": { "type": "Point", "coordinates": [ 89.328186143182563, 22.675375890930354 ] } },
{ "type": "Feature", "properties": { "eco_name": "Sundarbans mangroves", "biome": 14.0, "realm": "IM", "places_n": 0.0, "min_lon": 88.045532500435058, "min_lat": 21.518533860592072, "max_lon": 91.568878579282568, "max_lat": 23.583703879616849 }, "geometry": { "type": "Point", "coordinates": [ 89.807205539858813, 22.55111887010446 ] } },
{ "type": "Feature", "properties": { "eco_name": "Sunda Shelf mangroves", "biome": 14.0, "realm": "IM", "places_n": 5.0, "min_lon": 97.430488649891515, "min_lat": -4.4182880424217501, "max_lon": 119.2649006926431, "max_lat": 7.3533551916760871 }, "geometry": { "type": "Point", "coordinates": [ 108.347694671267305, 1.467533574627168 ] } },
{ "type": "Feature", "properties": { "eco_name": "Swan Coastal Plain Scrub and Woodlands", "biome": 12.0, "realm": "AA", "places_n": 6.0, "min_lon": 114.95952556136939, "min_lat": -33.730332707609421, "max_lon": 116.02876253802634, "max_lat": -30.050440002303162 }, "geometry": { "type": "Point", "coordinates": [ 115.494144049697866, -31.890386354956291 ] } },
{ "type": "Feature", "properties": { "eco_name": "Taiheiyo evergreen forests", "biome": 4.0, "realm": "PA", "places_n": 33.0, "min_lon": 128.60107466848729, "min_lat": 30.99477094737091, "max_lon": 141.95553571258989, "max_lat": 39.247062247126109 }, "geometry": { "type": "Point", "coordinates": [ 135.278305190538589, 35.12091659724851 ] } },
{ "type": "Feature", "properties": { "eco_name": "Taiheiyo montane deciduous forests", "biome": 4.0, "realm": "PA", "places_n": 5.0, "min_lon": 130.70399460015454, "min_lat": 31.829134591616537, "max_lon": 142.06970259836379, "max_lat": 40.813784120809999 }, "geometry": { "type": "Point", "coordinates": [ 136.386848599259167, 36.321459356213268 ] } },
{ "type": "Feature", "properties": { "eco_name": "Taimyr-Central Siberian tundra", "biome": 11.0, "realm": "PA", "places_n": 13.0, "min_lon": 79.109626588099218, "min_lat": 64.747640287616832, "max_lon": 130.33940159297475, "max_lat": 77.762534005235807 }, "geometry": { "type": "Point", "coordinates": [ 104.724514090536985, 71.25508714642632 ] } },
{ "type": "Feature", "properties": { "eco_name": "Taiwan subtropical evergreen forests", "biome": 1.0, "realm": "IM", "places_n": 24.0, "min_lon": 120.04914860247993, "min_lat": 22.498484122332059, "max_lon": 122.00221267808547, "max_lat": 25.282509460043059 }, "geometry": { "type": "Point", "coordinates": [ 121.025680640282701, 23.890496791187559 ] } },
{ "type": "Feature", "properties": { "eco_name": "Taklimakan desert", "biome": 13.0, "realm": "PA", "places_n": 9.0, "min_lon": 74.651840629035462, "min_lat": 36.226473282407824, "max_lon": 95.970970647369086, "max_lat": 43.424646882467982 }, "geometry": { "type": "Point", "coordinates": [ 85.311405638202274, 39.825560082437903 ] } },
{ "type": "Feature", "properties": { "eco_name": "Talamancan montane forests", "biome": 1.0, "realm": "NT", "places_n": 0.0, "min_lon": -85.492759512960077, "min_lat": 7.2361436633898961, "max_lon": -80.041076643449799, "max_lat": 10.990905874861824 }, "geometry": { "type": "Point", "coordinates": [ -82.766918078204938, 9.11352476912586 ] } },
{ "type": "Feature", "properties": { "eco_name": "Tamaulipan matorral", "biome": 13.0, "realm": "NA", "places_n": 3.0, "min_lon": -100.66021766605814, "min_lat": 23.831602354298809, "max_lon": -98.170097560859389, "max_lat": 27.056054459497489 }, "geometry": { "type": "Point", "coordinates": [ -99.415157613458774, 25.443828406898149 ] } },
{ "type": "Feature", "properties": { "eco_name": "Tamaulipan mezquital", "biome": 13.0, "realm": "NA", "places_n": 15.0, "min_lon": -101.99859654810081, "min_lat": 23.899552934662836, "max_lon": -97.345992527919776, "max_lat": 29.765732818887273 }, "geometry": { "type": "Point", "coordinates": [ -99.672294538010291, 26.832642876775054 ] } },
{ "type": "Feature", "properties": { "eco_name": "Tapajós-Xingu moist forests", "biome": 1.0, "realm": "NT", "places_n": 4.0, "min_lon": -58.196933546378602, "min_lat": -10.515846843620466, "max_lon": -51.611534568869757, "max_lat": -1.8001186081208971 }, "geometry": { "type": "Point", "coordinates": [ -54.90423405762418, -6.157982725870681 ] } },
{ "type": "Feature", "properties": { "eco_name": "Tarim Basin deciduous forests and steppe", "biome": 4.0, "realm": "PA", "places_n": 0.0, "min_lon": 79.541694586456401, "min_lat": 37.399116625170052, "max_lon": 87.712318656564321, "max_lat": 41.381092450648339 }, "geometry": { "type": "Point", "coordinates": [ 83.627006621510361, 39.390104537909195 ] } },
{ "type": "Feature", "properties": { "eco_name": "Tasmanian Central Highland forests", "biome": 4.0, "realm": "AA", "places_n": 4.0, "min_lon": 145.36471557621581, "min_lat": -43.060444388157293, "max_lon": 147.76574661177466, "max_lat": -41.317238693102979 }, "geometry": { "type": "Point", "coordinates": [ 146.565231093995237, -42.188841540630136 ] } },
{ "type": "Feature", "properties": { "eco_name": "Tasmanian temperate forests", "biome": 4.0, "realm": "AA", "places_n": 2.0, "min_lon": 143.83300759433735, "min_lat": -43.241751324257393, "max_lon": 148.48039270632034, "max_lat": -39.449348835436581 }, "geometry": { "type": "Point", "coordinates": [ 146.156700150328845, -41.345550079846987 ] } },
{ "type": "Feature", "properties": { "eco_name": "Tasmanian temperate rain forests", "biome": 4.0, "realm": "AA", "places_n": 4.0, "min_lon": 144.60617060485237, "min_lat": -43.658082634664169, "max_lon": 148.12615956383701, "max_lat": -40.387866679189472 }, "geometry": { "type": "Point", "coordinates": [ 146.366165084344686, -42.02297465692682 ] } },
{ "type": "Feature", "properties": { "eco_name": "Tehuacán Valley matorral", "biome": 13.0, "realm": "NT", "places_n": 1.0, "min_lon": -98.079200514702848, "min_lat": 17.971810318490327, "max_lon": -97.148155640552005, "max_lat": 19.642767193228224 }, "geometry": { "type": "Point", "coordinates": [ -97.613678077627426, 18.807288755859275 ] } },
{ "type": "Feature", "properties": { "eco_name": "Tenasserim-South Thailand semi-evergreen rain forests", "biome": 1.0, "realm": "IM", "places_n": 12.0, "min_lon": 97.628723510022439, "min_lat": 6.1705823189168996, "max_lon": 103.60690255221954, "max_lat": 16.047660456105689 }, "geometry": { "type": "Point", "coordinates": [ 100.617813031120988, 11.109121387511294 ] } },
{ "type": "Feature", "properties": { "eco_name": "Terai-Duar savanna and grasslands", "biome": 7.0, "realm": "IM", "places_n": 7.0, "min_lon": 78.704475563072435, "min_lat": 26.343531333390047, "max_lon": 90.09951066705338, "max_lat": 29.320204825122289 }, "geometry": { "type": "Point", "coordinates": [ 84.401993115062908, 27.831868079256168 ] } },
{ "type": "Feature", "properties": { "eco_name": "Texas blackland prairies", "biome": 8.0, "realm": "NA", "places_n": 9.0, "min_lon": -98.796630574571822, "min_lat": 28.977594364868935, "max_lon": -95.152824644678461, "max_lat": 33.810778777782161 }, "geometry": { "type": "Point", "coordinates": [ -96.974727609625148, 31.394186571325548 ] } },
{ "type": "Feature", "properties": { "eco_name": "Thar desert", "biome": 13.0, "realm": "IM", "places_n": 1.0, "min_lon": 68.354316607612702, "min_lat": 24.162856676843376, "max_lon": 76.108177531661795, "max_lat": 30.06687565716021 }, "geometry": { "type": "Point", "coordinates": [ 72.231247069637249, 27.114866167001793 ] } },
{ "type": "Feature", "properties": { "eco_name": "Tian Shan foothill arid steppe", "biome": 8.0, "realm": "PA", "places_n": 16.0, "min_lon": 71.016471587610255, "min_lat": 40.831792807437296, "max_lon": 82.096900505149222, "max_lat": 46.129750734376501 }, "geometry": { "type": "Point", "coordinates": [ 76.556686046379738, 43.480771770906898 ] } },
{ "type": "Feature", "properties": { "eco_name": "Tian Shan montane conifer forests", "biome": 5.0, "realm": "PA", "places_n": 0.0, "min_lon": 71.906631549689962, "min_lat": 41.857212211737362, "max_lon": 94.293647549525417, "max_lat": 44.233070380380127 }, "geometry": { "type": "Point", "coordinates": [ 83.10013954960769, 43.045141296058745 ] } },
{ "type": "Feature", "properties": { "eco_name": "Tian Shan montane steppe and meadows", "biome": 10.0, "realm": "PA", "places_n": 0.0, "min_lon": 70.511810607991947, "min_lat": 38.555372844294823, "max_lon": 95.173332647197071, "max_lat": 45.771709525638869 }, "geometry": { "type": "Point", "coordinates": [ 82.842571627594509, 42.163541184966846 ] } },
{ "type": "Feature", "properties": { "eco_name": "Tibesti-Jebel Uweinat montane xeric woodlands", "biome": 13.0, "realm": "PA", "places_n": 1.0, "min_lon": 15.627949436606826, "min_lat": 19.373968945873003, "max_lon": 25.269245475441153, "max_lat": 23.094533830547618 }, "geometry": { "type": "Point", "coordinates": [ 20.44859745602399, 21.234251388210311 ] } },
{ "type": "Feature", "properties": { "eco_name": "Tibetan Plateau alpine shrublands and meadows", "biome": 10.0, "realm": "PA", "places_n": 2.0, "min_lon": 87.743301523490857, "min_lat": 29.301656679206133, "max_lon": 102.90103163975442, "max_lat": 36.460942271809586 }, "geometry": { "type": "Point", "coordinates": [ 95.322166581622639, 32.881299475507859 ] } },
{ "type": "Feature", "properties": { "eco_name": "Tigris-Euphrates alluvial salt marsh", "biome": 9.0, "realm": "PA", "places_n": 2.0, "min_lon": 44.213447548747297, "min_lat": 30.529643717030581, "max_lon": 49.554115463356737, "max_lat": 33.133029653411029 }, "geometry": { "type": "Point", "coordinates": [ 46.883781506052017, 31.831336685220805 ] } },
{ "type": "Feature", "properties": { "eco_name": "Timor and Wetar deciduous forests", "biome": 2.0, "realm": "AA", "places_n": 2.0, "min_lon": 121.51909654240939, "min_lat": -11.005406818825747, "max_lon": 127.34369665478886, "max_lat": -7.559161173495113 }, "geometry": { "type": "Point", "coordinates": [ 124.431396598599122, -9.28228399616043 ] } },
{ "type": "Feature", "properties": { "eco_name": "Tirari-Sturt stony desert", "biome": 13.0, "realm": "AA", "places_n": 6.0, "min_lon": 133.23399362140441, "min_lat": -34.017815725902693, "max_lon": 143.43142658951439, "max_lat": -25.750726176077507 }, "geometry": { "type": "Point", "coordinates": [ 138.332710105459398, -29.8842709509901 ] } },
{ "type": "Feature", "properties": { "eco_name": "Tocantins/Pindare moist forests", "biome": 1.0, "realm": "NT", "places_n": 12.0, "min_lon": -49.731094487567049, "min_lat": -5.3574157534502547, "max_lon": -44.491085518837508, "max_lat": -0.72008758418263596 }, "geometry": { "type": "Point", "coordinates": [ -47.111090003202278, -3.038751668816445 ] } },
{ "type": "Feature", "properties": { "eco_name": "Tongan tropical moist forests", "biome": 1.0, "realm": "OC", "places_n": 3.0, "min_lon": -176.21263168223103, "min_lat": -22.344210919473539, "max_lon": -169.77517664866778, "max_lat": -15.561880132502608 }, "geometry": { "type": "Point", "coordinates": [ -172.993904165449408, -18.953045525988074 ] } },
{ "type": "Feature", "properties": { "eco_name": "Tonle Sap freshwater swamp forests", "biome": 1.0, "realm": "IM", "places_n": 8.0, "min_lon": 103.08709765284391, "min_lat": 9.7439611513316891, "max_lon": 106.72058059841487, "max_lat": 13.618788258571442 }, "geometry": { "type": "Point", "coordinates": [ 104.903839125629389, 11.681374704951565 ] } },
{ "type": "Feature", "properties": { "eco_name": "Tonle Sap-Mekong peat swamp forests", "biome": 1.0, "realm": "IM", "places_n": 3.0, "min_lon": 102.94329856002241, "min_lat": 9.1837680514676094, "max_lon": 106.43419661526701, "max_lat": 13.492446826061951 }, "geometry": { "type": "Point", "coordinates": [ 104.688747587644713, 11.33810743876478 ] } },
{ "type": "Feature", "properties": { "eco_name": "Torngat Mountain tundra", "biome": 11.0, "realm": "NA", "places_n": 1.0, "min_lon": -65.538543638128573, "min_lat": 57.178253653242734, "max_lon": -61.881748608148271, "max_lat": 60.484173498792927 }, "geometry": { "type": "Point", "coordinates": [ -63.710146123138422, 58.831213576017831 ] } },
{ "type": "Feature", "properties": { "eco_name": "Trans-Baikal Bald Mountain tundra", "biome": 11.0, "realm": "PA", "places_n": 0.0, "min_lon": 109.04489861202188, "min_lat": 50.131473820840313, "max_lon": 140.66020159143062, "max_lat": 59.798428709337259 }, "geometry": { "type": "Point", "coordinates": [ 124.852550101726251, 54.964951265088786 ] } },
{ "type": "Feature", "properties": { "eco_name": "Trans-Baikal conifer forests", "biome": 6.0, "realm": "PA", "places_n": 3.0, "min_lon": 103.65235157821201, "min_lat": 48.108025730738575, "max_lon": 114.56639854409707, "max_lat": 55.337178006773684 }, "geometry": { "type": "Point", "coordinates": [ 109.109375061154537, 51.722601868756129 ] } },
{ "type": "Feature", "properties": { "eco_name": "Trans Fly savanna and grasslands", "biome": 7.0, "realm": "AA", "places_n": 1.0, "min_lon": 139.93730166918232, "min_lat": -9.3387438254505355, "max_lon": 143.26077271708408, "max_lat": -7.8782652568233402 }, "geometry": { "type": "Point", "coordinates": [ 141.599037193133199, -8.608504541136938 ] } },
{ "type": "Feature", "properties": { "eco_name": "Trans-Mexican Volcanic Belt pine-oak forests", "biome": 3.0, "realm": "NT", "places_n": 8.0, "min_lon": -105.51290861169745, "min_lat": 18.066530518326829, "max_lon": -96.942558619579117, "max_lat": 22.590610290771394 }, "geometry": { "type": "Point", "coordinates": [ -101.227733615638286, 20.328570404549112 ] } },
{ "type": "Feature", "properties": { "eco_name": "Trindade-Martin Vaz Islands tropical forests", "biome": 1.0, "realm": "NT", "places_n": 0.0, "min_lon": -30.336112990513556, "min_lat": -20.520000500399533, "max_lon": -29.840000211037648, "max_lat": -20.481391945594908 }, "geometry": { "type": "Point", "coordinates": [ -30.088056600775602, -20.50069622299722 ] } },
{ "type": "Feature", "properties": { "eco_name": "Trinidad and Tobago moist forests", "biome": 1.0, "realm": "NT", "places_n": 1.0, "min_lon": -61.883109493949092, "min_lat": 10.048191715099279, "max_lon": -60.5297395780632, "max_lat": 11.322334205716459 }, "geometry": { "type": "Point", "coordinates": [ -61.206424536006146, 10.685262960407869 ] } },
{ "type": "Feature", "properties": { "eco_name": "Tristan Da Cunha-Gough Islands shrub and grasslands", "biome": 8.0, "realm": "AT", "places_n": 0.0, "min_lon": -12.682500545888843, "min_lat": -40.401778626816878, "max_lon": -9.8922234818695642, "max_lat": -37.050445629819848 }, "geometry": { "type": "Point", "coordinates": [ -11.287362013879203, -38.726112128318363 ] } },
{ "type": "Feature", "properties": { "eco_name": "Trobriand Islands rain forests", "biome": 1.0, "realm": "AA", "places_n": 0.0, "min_lon": 150.10929857861629, "min_lat": -10.390468491786748, "max_lon": 153.02180457816723, "max_lat": -8.3238301309623353 }, "geometry": { "type": "Point", "coordinates": [ 151.565551578391762, -9.357149311374542 ] } },
{ "type": "Feature", "properties": { "eco_name": "Tuamotu tropical moist forests", "biome": 1.0, "realm": "OC", "places_n": 0.0, "min_lon": -148.71495071153382, "min_lat": -25.075877022569756, "max_lon": -128.28631559613109, "max_lat": -14.090771969534501 }, "geometry": { "type": "Point", "coordinates": [ -138.500633153832439, -19.583324496052128 ] } },
{ "type": "Feature", "properties": { "eco_name": "Tubuai tropical moist forests", "biome": 1.0, "realm": "OC", "places_n": 0.0, "min_lon": -154.6796415951284, "min_lat": -27.651810549644409, "max_lon": -144.29672264162923, "max_lat": -21.783521108026804 }, "geometry": { "type": "Point", "coordinates": [ -149.488182118378802, -24.717665828835607 ] } },
{ "type": "Feature", "properties": { "eco_name": "Tumbes-Piura dry forests", "biome": 2.0, "realm": "NT", "places_n": 7.0, "min_lon": -81.326744586220087, "min_lat": -7.5650397374736826, "max_lon": -78.818183623465927, "max_lat": -2.7891209900226386 }, "geometry": { "type": "Point", "coordinates": [ -80.072464104843007, -5.177080363748161 ] } },
{ "type": "Feature", "properties": { "eco_name": "Tyrrhenian-Adriatic Sclerophyllous and mixed forests", "biome": 12.0, "realm": "PA", "places_n": 21.0, "min_lon": 8.1209194680503174, "min_lat": 35.498081369555791, "max_lon": 18.524442480678431, "max_lat": 45.235557065208866 }, "geometry": { "type": "Point", "coordinates": [ 13.322680974364374, 40.366819217382329 ] } },
{ "type": "Feature", "properties": { "eco_name": "Uatuma-Trombetas moist forests", "biome": 1.0, "realm": "NT", "places_n": 4.0, "min_lon": -62.666282508521689, "min_lat": -3.6850064625287473, "max_lon": -50.88795453899715, "max_lat": 3.2828652951162098 }, "geometry": { "type": "Point", "coordinates": [ -56.77711852375942, -0.201070583706269 ] } },
{ "type": "Feature", "properties": { "eco_name": "Ucayali moist forests", "biome": 1.0, "realm": "NT", "places_n": 7.0, "min_lon": -78.544341649689216, "min_lat": -10.898863106358988, "max_lon": -73.843543530223215, "max_lat": -3.8573456004131117 }, "geometry": { "type": "Point", "coordinates": [ -76.193942589956208, -7.37810435338605 ] } },
{ "type": "Feature", "properties": { "eco_name": "Upper Gangetic Plains moist deciduous forests", "biome": 1.0, "realm": "IM", "places_n": 35.0, "min_lon": 76.861526561241931, "min_lat": 24.706733061056752, "max_lon": 84.640632604212556, "max_lat": 30.598173989818804 }, "geometry": { "type": "Point", "coordinates": [ 80.751079582727243, 27.652453525437778 ] } },
{ "type": "Feature", "properties": { "eco_name": "Upper Midwest forest-savanna transition", "biome": 4.0, "realm": "NA", "places_n": 22.0, "min_lon": -96.333610671107081, "min_lat": 42.081774462128806, "max_lon": -84.538497605181959, "max_lat": 47.851080835588959 }, "geometry": { "type": "Point", "coordinates": [ -90.436054138144527, 44.966427648858883 ] } },
{ "type": "Feature", "properties": { "eco_name": "Ural montane forests and tundra", "biome": 6.0, "realm": "PA", "places_n": 11.0, "min_lon": 53.885242483418381, "min_lat": 51.8861350629752, "max_lon": 62.38224059676142, "max_lat": 65.704687837098845 }, "geometry": { "type": "Point", "coordinates": [ 58.1337415400899, 58.795411450037022 ] } },
{ "type": "Feature", "properties": { "eco_name": "Uruguayan savanna", "biome": 7.0, "realm": "NT", "places_n": 50.0, "min_lon": -58.442722631305486, "min_lat": -34.97880310515697, "max_lon": -50.184608591046981, "max_lat": -27.435718882971884 }, "geometry": { "type": "Point", "coordinates": [ -54.313665611176233, -31.207260994064427 ] } },
{ "type": "Feature", "properties": { "eco_name": "Ussuri broadleaf and mixed forests", "biome": 4.0, "realm": "PA", "places_n": 7.0, "min_lon": 131.37930257904259, "min_lat": 42.690015480886359, "max_lon": 139.6156007046099, "max_lat": 50.511547867923468 }, "geometry": { "type": "Point", "coordinates": [ 135.497451641826245, 46.600781674404914 ] } },
{ "type": "Feature", "properties": { "eco_name": "Valdivian temperate forests", "biome": 4.0, "realm": "NT", "places_n": 29.0, "min_lon": -75.694244619031736, "min_lat": -46.988361967245538, "max_lon": -69.921379624756085, "max_lat": -32.789614781908995 }, "geometry": { "type": "Point", "coordinates": [ -72.807812121893903, -39.888988374577266 ] } },
{ "type": "Feature", "properties": { "eco_name": "Vanuatu rain forests", "biome": 1.0, "realm": "AA", "places_n": 3.0, "min_lon": 165.77804567168204, "min_lat": -20.252777212652433, "max_lon": 170.23245271793456, "max_lat": -10.309801223189197 }, "geometry": { "type": "Point", "coordinates": [ 168.0052491948083, -15.281289217920815 ] } },
{ "type": "Feature", "properties": { "eco_name": "Venezuelan Andes montane forests", "biome": 1.0, "realm": "NT", "places_n": 4.0, "min_lon": -72.455963547047133, "min_lat": 7.562952895038336, "max_lon": -69.209297554394141, "max_lat": 10.032884851144104 }, "geometry": { "type": "Point", "coordinates": [ -70.832630550720637, 8.79791887309122 ] } },
{ "type": "Feature", "properties": { "eco_name": "Veracruz dry forests", "biome": 2.0, "realm": "NT", "places_n": 1.0, "min_lon": -96.822868562521663, "min_lat": 18.52688190787137, "max_lon": -96.009818589328503, "max_lat": 19.692348329851995 }, "geometry": { "type": "Point", "coordinates": [ -96.416343575925083, 19.109615118861683 ] } },
{ "type": "Feature", "properties": { "eco_name": "Veracruz moist forests", "biome": 1.0, "realm": "NT", "places_n": 12.0, "min_lon": -100.02686362717326, "min_lat": 19.071168670064651, "max_lon": -96.393890636591991, "max_lat": 24.512505588837769 }, "geometry": { "type": "Point", "coordinates": [ -98.210377131882623, 21.79183712945121 ] } },
{ "type": "Feature", "properties": { "eco_name": "Veracruz montane forests", "biome": 1.0, "realm": "NT", "places_n": 0.0, "min_lon": -99.119102674237098, "min_lat": 19.906996129882145, "max_lon": -97.434600643955051, "max_lat": 21.36960688704113 }, "geometry": { "type": "Point", "coordinates": [ -98.276851659096081, 20.638301508461637 ] } },
{ "type": "Feature", "properties": { "eco_name": "Victoria Basin forest-savanna mosaic", "biome": 7.0, "realm": "AT", "places_n": 36.0, "min_lon": 29.093887446113769, "min_lat": -3.0761756930631918, "max_lon": 35.598777572995289, "max_lat": 6.9139880643888318 }, "geometry": { "type": "Point", "coordinates": [ 32.346332509554529, 1.91890618566282 ] } },
{ "type": "Feature", "properties": { "eco_name": "Victoria Plains tropical savanna", "biome": 7.0, "realm": "AA", "places_n": 0.0, "min_lon": 124.78463757520268, "min_lat": -19.549843319062774, "max_lon": 135.6477205580768, "max_lat": -14.753647239068869 }, "geometry": { "type": "Point", "coordinates": [ 130.216179066639739, -17.151745279065821 ] } },
{ "type": "Feature", "properties": { "eco_name": "Vogelkop-Aru lowland rain forests", "biome": 1.0, "realm": "AA", "places_n": 3.0, "min_lon": 129.29724168399906, "min_lat": -7.0933638938143417, "max_lon": 136.1313625743586, "max_lat": 0.31414220619137723 }, "geometry": { "type": "Point", "coordinates": [ 132.714302129178833, -3.389610843811482 ] } },
{ "type": "Feature", "properties": { "eco_name": "Vogelkop montane rain forests", "biome": 1.0, "realm": "AA", "places_n": 0.0, "min_lon": 131.95138557621016, "min_lat": -4.0520701194908497, "max_lon": 134.65692159904677, "max_lat": -0.34218294128140769 }, "geometry": { "type": "Point", "coordinates": [ 133.304153587628463, -2.197126530386129 ] } },
{ "type": "Feature", "properties": { "eco_name": "Wasatch and Uinta montane forests", "biome": 5.0, "realm": "NA", "places_n": 1.0, "min_lon": -113.71418764867937, "min_lat": 37.291975953558506, "max_lon": -109.25796457928318, "max_lat": 42.626962949466474 }, "geometry": { "type": "Point", "coordinates": [ -111.486076113981284, 39.95946945151249 ] } },
{ "type": "Feature", "properties": { "eco_name": "Western Australian Mulga shrublands", "biome": 13.0, "realm": "AA", "places_n": 4.0, "min_lon": 114.9469605855835, "min_lat": -30.683206972689106, "max_lon": 123.63028756849985, "max_lat": -22.703929011761971 }, "geometry": { "type": "Point", "coordinates": [ 119.288624077041675, -26.693567992225539 ] } },
{ "type": "Feature", "properties": { "eco_name": "Western Congolian forest-savanna mosaic", "biome": 7.0, "realm": "AT", "places_n": 26.0, "min_lon": 10.687769526645297, "min_lat": -10.204691654357077, "max_lon": 19.135259593560335, "max_lat": 0.069309496417702121 }, "geometry": { "type": "Point", "coordinates": [ 14.911514560102816, -5.067691078969688 ] } },
{ "type": "Feature", "properties": { "eco_name": "Western Congolian swamp forests", "biome": 1.0, "realm": "AT", "places_n": 6.0, "min_lon": 15.343480550698274, "min_lat": -3.0614386308864141, "max_lon": 24.590698561525102, "max_lat": 3.9310781014121403 }, "geometry": { "type": "Point", "coordinates": [ 19.967089556111688, 0.434819735262863 ] } },
{ "type": "Feature", "properties": { "eco_name": "Western Ecuador moist forests", "biome": 1.0, "realm": "NT", "places_n": 2.0, "min_lon": -80.767135537369796, "min_lat": -2.7678473844674158, "max_lon": -78.263839583281168, "max_lat": 1.7046902212846362 }, "geometry": { "type": "Point", "coordinates": [ -79.515487560325482, -0.53157858159139 ] } },
{ "type": "Feature", "properties": { "eco_name": "Western European broadleaf forests", "biome": 4.0, "realm": "PA", "places_n": 80.0, "min_lon": 0.24801758152628395, "min_lat": 42.891213343792515, "max_lon": 18.106525481827418, "max_lat": 52.416242997743666 }, "geometry": { "type": "Point", "coordinates": [ 9.177271531676851, 47.65372817076809 ] } },
{ "type": "Feature", "properties": { "eco_name": "Western Great Lakes forests", "biome": 4.0, "realm": "NA", "places_n": 20.0, "min_lon": -96.649459558515019, "min_lat": 43.671033094177631, "max_lon": -83.265693536865058, "max_lat": 50.725037288933663 }, "geometry": { "type": "Point", "coordinates": [ -89.957576547690039, 47.198035191555647 ] } },
{ "type": "Feature", "properties": { "eco_name": "Western Guinean lowland forests", "biome": 1.0, "realm": "AT", "places_n": 25.0, "min_lon": -13.784899516661909, "min_lat": 4.3527319203402612, "max_lon": -6.0742525003024639, "max_lat": 10.015296265504389 }, "geometry": { "type": "Point", "coordinates": [ -9.929576008482186, 7.184014092922325 ] } },
{ "type": "Feature", "properties": { "eco_name": "Western Gulf coastal grasslands", "biome": 7.0, "realm": "NA", "places_n": 17.0, "min_lon": -98.408286606531959, "min_lat": 24.190647212123565, "max_lon": -88.806533537069114, "max_lat": 30.813033516723351 }, "geometry": { "type": "Point", "coordinates": [ -93.60741007180053, 27.501840364423458 ] } },
{ "type": "Feature", "properties": { "eco_name": "Western Himalayan alpine shrub and Meadows", "biome": 10.0, "realm": "PA", "places_n": 0.0, "min_lon": 77.98454249927488, "min_lat": 28.49992948374711, "max_lon": 84.059432610952513, "max_lat": 32.444779848370047 }, "geometry": { "type": "Point", "coordinates": [ 81.021987555113697, 30.472354666058578 ] } },
{ "type": "Feature", "properties": { "eco_name": "Western Himalayan broadleaf forests", "biome": 4.0, "realm": "IM", "places_n": 7.0, "min_lon": 72.990783620147283, "min_lat": 28.266716103442207, "max_lon": 83.992507640261977, "max_lat": 34.903610141347656 }, "geometry": { "type": "Point", "coordinates": [ 78.49164563020463, 31.585163122394931 ] } },
{ "type": "Feature", "properties": { "eco_name": "Western Himalayan subalpine conifer forests", "biome": 5.0, "realm": "IM", "places_n": 5.0, "min_lon": 71.440803592243498, "min_lat": 28.145847886073284, "max_lon": 83.573730658144427, "max_lat": 35.825283544825425 }, "geometry": { "type": "Point", "coordinates": [ 77.507267125193962, 31.985565715449354 ] } },
{ "type": "Feature", "properties": { "eco_name": "Western Java montane rain forests", "biome": 1.0, "realm": "IM", "places_n": 5.0, "min_lon": 106.06427757916646, "min_lat": -7.6947604180705298, "max_lon": 110.60594157866109, "max_lat": -6.5122170418205201 }, "geometry": { "type": "Point", "coordinates": [ 108.335109578913773, -7.103488729945525 ] } },
{ "type": "Feature", "properties": { "eco_name": "Western Java rain forests", "biome": 1.0, "realm": "IM", "places_n": 10.0, "min_lon": 105.1076965664156, "min_lat": -8.0213639578147991, "max_lon": 110.67040260509191, "max_lat": -5.7965134863692356 }, "geometry": { "type": "Point", "coordinates": [ 107.889049585753753, -6.908938722092017 ] } },
{ "type": "Feature", "properties": { "eco_name": "Western Polynesian tropical moist forests", "biome": 1.0, "realm": "OC", "places_n": 0.0, "min_lon": -176.64508072190696, "min_lat": -11.069683443386509, "max_lon": 179.86337263118025, "max_lat": 0.8121528161860283 }, "geometry": { "type": "Point", "coordinates": [ 1.609145954636645, -5.12876531360024 ] } },
{ "type": "Feature", "properties": { "eco_name": "Western short grasslands", "biome": 8.0, "realm": "NA", "places_n": 26.0, "min_lon": -105.29530367622425, "min_lat": 30.818297184284347, "max_lon": -98.505210576353392, "max_lat": 43.292872467953202 }, "geometry": { "type": "Point", "coordinates": [ -101.900257126288821, 37.055584826118775 ] } },
{ "type": "Feature", "properties": { "eco_name": "Western Siberian hemiboreal forests", "biome": 4.0, "realm": "PA", "places_n": 9.0, "min_lon": 61.086170544502636, "min_lat": 52.16323625598568, "max_lon": 92.003852583473417, "max_lat": 57.588643703035189 }, "geometry": { "type": "Point", "coordinates": [ 76.545011563988027, 54.875939979510434 ] } },
{ "type": "Feature", "properties": { "eco_name": "Western Zambezian grasslands", "biome": 7.0, "realm": "AT", "places_n": 0.0, "min_lon": 21.559730453733039, "min_lat": -17.377428189912848, "max_lon": 24.49266851575959, "max_lat": -12.719818329512748 }, "geometry": { "type": "Point", "coordinates": [ 23.026199484746314, -15.048623259712798 ] } },
{ "type": "Feature", "properties": { "eco_name": "Westland temperate forests", "biome": 4.0, "realm": "AA", "places_n": 1.0, "min_lon": 168.02719159241849, "min_lat": -44.548750875352908, "max_lon": 171.37181068496579, "max_lat": -42.559287044069578 }, "geometry": { "type": "Point", "coordinates": [ 169.699501138692142, -43.554018959711243 ] } },
{ "type": "Feature", "properties": { "eco_name": "West Saharan montane xeric woodlands", "biome": 13.0, "realm": "PA", "places_n": 3.0, "min_lon": -13.234150474752454, "min_lat": 15.936024569816993, "max_lon": 12.545590539293784, "max_lat": 26.729488805955611 }, "geometry": { "type": "Point", "coordinates": [ -0.344279967729335, 21.332756687886302 ] } },
{ "type": "Feature", "properties": { "eco_name": "West Siberian taiga", "biome": 6.0, "realm": "PA", "places_n": 38.0, "min_lon": 58.974849598912868, "min_lat": 54.376254665259751, "max_lon": 93.474067570838315, "max_lat": 68.332601401488319 }, "geometry": { "type": "Point", "coordinates": [ 76.224458584875592, 61.354428033374035 ] } },
{ "type": "Feature", "properties": { "eco_name": "West Sudanian savanna", "biome": 7.0, "realm": "AT", "places_n": 107.0, "min_lon": -17.535240441842745, "min_lat": 7.5136056135133913, "max_lon": 13.854933502881295, "max_lat": 15.672180362519214 }, "geometry": { "type": "Point", "coordinates": [ -1.840153469480725, 11.592892988016303 ] } },
{ "type": "Feature", "properties": { "eco_name": "Willamette Valley forests", "biome": 4.0, "realm": "NA", "places_n": 7.0, "min_lon": -123.68035167038488, "min_lat": 43.600519160182102, "max_lon": -122.18484462544066, "max_lat": 46.002327198166029 }, "geometry": { "type": "Point", "coordinates": [ -122.932598147912771, 44.801423179174066 ] } },
{ "type": "Feature", "properties": { "eco_name": "Windward Islands moist forests", "biome": 1.0, "realm": "NT", "places_n": 2.0, "min_lon": -61.749820637167133, "min_lat": 12.030543333893547, "max_lon": -60.847007521680055, "max_lat": 15.589599673063049 }, "geometry": { "type": "Point", "coordinates": [ -61.298414079423594, 13.810071503478298 ] } },
{ "type": "Feature", "properties": { "eco_name": "Wrangel Island arctic desert", "biome": 11.0, "realm": "PA", "places_n": 1.0, "min_lon": -179.99998860061166, "min_lat": 70.795073128484887, "max_lon": 179.9999886006118, "max_lat": 71.583290037117024 }, "geometry": { "type": "Point", "coordinates": [ 0.0, 71.189181582800956 ] } },
{ "type": "Feature", "properties": { "eco_name": "Wyoming Basin shrub steppe", "biome": 13.0, "realm": "NA", "places_n": 10.0, "min_lon": -111.59600862990504, "min_lat": 40.172075671384334, "max_lon": -105.48860159538023, "max_lat": 45.268011794334427 }, "geometry": { "type": "Point", "coordinates": [ -108.542305112642637, 42.720043732859381 ] } },
{ "type": "Feature", "properties": { "eco_name": "Xingu-Tocantins-Araguaia moist forests", "biome": 1.0, "realm": "NT", "places_n": 3.0, "min_lon": -52.926391483647322, "min_lat": -10.381913083207564, "max_lon": -47.668922507672875, "max_lat": -1.1752302914511006 }, "geometry": { "type": "Point", "coordinates": [ -50.297656995660098, -5.778571687329332 ] } },
{ "type": "Feature", "properties": { "eco_name": "Yamal-Gydan tundra", "biome": 11.0, "realm": "PA", "places_n": 4.0, "min_lon": 65.266738634463593, "min_lat": 65.531514364571706, "max_lon": 86.348808649483431, "max_lat": 73.579887035647346 }, "geometry": { "type": "Point", "coordinates": [ 75.807773641973512, 69.555700700109526 ] } },
{ "type": "Feature", "properties": { "eco_name": "Yapen rain forests", "biome": 1.0, "realm": "AA", "places_n": 0.0, "min_lon": 135.09869366199536, "min_lat": -1.9603328201365002, "max_lon": 137.0664676424114, "max_lat": -1.4725642252794842 }, "geometry": { "type": "Point", "coordinates": [ 136.082580652203376, -1.716448522707992 ] } },
{ "type": "Feature", "properties": { "eco_name": "Yap tropical dry forests", "biome": 2.0, "realm": "OC", "places_n": 0.0, "min_lon": 138.05281061407118, "min_lat": 9.4376609280301409, "max_lon": 140.52923569529685, "max_lat": 9.9175909346681692 }, "geometry": { "type": "Point", "coordinates": [ 139.291023154684012, 9.677625931349155 ] } },
{ "type": "Feature", "properties": { "eco_name": "Yarlung Tsangpo arid steppe", "biome": 10.0, "realm": "PA", "places_n": 3.0, "min_lon": 83.222091547058199, "min_lat": 27.869356560338417, "max_lon": 92.944007580556104, "max_lat": 30.202732393801398 }, "geometry": { "type": "Point", "coordinates": [ 88.083049563807151, 29.036044477069908 ] } },
{ "type": "Feature", "properties": { "eco_name": "Yellow Sea saline meadow", "biome": 9.0, "realm": "PA", "places_n": 0.0, "min_lon": 119.50424962607815, "min_lat": 32.686375970048516, "max_lon": 120.90693664863755, "max_lat": 34.635158234231994 }, "geometry": { "type": "Point", "coordinates": [ 120.205593137357852, 33.660767102140255 ] } },
{ "type": "Feature", "properties": { "eco_name": "Yucatán dry forests", "biome": 2.0, "realm": "NT", "places_n": 10.0, "min_lon": -91.050605556532631, "min_lat": 19.004815680447336, "max_lon": -87.181205563965975, "max_lat": 21.608101872179873 }, "geometry": { "type": "Point", "coordinates": [ -89.115905560249303, 20.306458776313605 ] } },
{ "type": "Feature", "properties": { "eco_name": "Yucatán moist forests", "biome": 1.0, "realm": "NT", "places_n": 4.0, "min_lon": -91.303405600558108, "min_lat": 17.776825960413873, "max_lon": -86.734962593859436, "max_lat": 21.555822768559551 }, "geometry": { "type": "Point", "coordinates": [ -89.019184097208779, 19.666324364486712 ] } },
{ "type": "Feature", "properties": { "eco_name": "Yukon Interior dry forests", "biome": 6.0, "realm": "NA", "places_n": 1.0, "min_lon": -138.76370262181902, "min_lat": 58.910285768439564, "max_lon": -131.33445755299337, "max_lat": 63.697458562018653 }, "geometry": { "type": "Point", "coordinates": [ -135.049080087406196, 61.303872165229109 ] } },
{ "type": "Feature", "properties": { "eco_name": "Yunnan Plateau subtropical evergreen forests", "biome": 1.0, "realm": "PA", "places_n": 11.0, "min_lon": 99.146903603077362, "min_lat": 23.209198098456397, "max_lon": 106.59646556702887, "max_lat": 29.020474505173809 }, "geometry": { "type": "Point", "coordinates": [ 102.871684585053117, 26.114836301815103 ] } },
{ "type": "Feature", "properties": { "eco_name": "Zagros Mountains forest steppe", "biome": 4.0, "realm": "PA", "places_n": 23.0, "min_lon": 41.4393654951445, "min_lat": 27.578174775808463, "max_lon": 57.508098516857473, "max_lat": 38.343523426461388 }, "geometry": { "type": "Point", "coordinates": [ 49.473732006000986, 32.960849101134926 ] } },
{ "type": "Feature", "properties": { "eco_name": "Zambezian and Mopane woodlands", "biome": 7.0, "realm": "AT", "places_n": 21.0, "min_lon": 21.638252458029854, "min_lat": -27.343711737557754, "max_lon": 36.802791529525308, "max_lat": -10.406937590437281 }, "geometry": { "type": "Point", "coordinates": [ 29.220521993777581, -18.875324663997517 ] } },
{ "type": "Feature", "properties": { "eco_name": "Zambezian Baikiaea woodlands", "biome": 7.0, "realm": "AT", "places_n": 7.0, "min_lon": 14.2409095832719, "min_lat": -20.006491248504858, "max_lon": 28.62544852582576, "max_lat": -13.252772590964184 }, "geometry": { "type": "Point", "coordinates": [ 21.43317905454883, -16.629631919734521 ] } },
{ "type": "Feature", "properties": { "eco_name": "Zambezian coastal flooded savanna", "biome": 9.0, "realm": "AT", "places_n": 3.0, "min_lon": 34.140426499034021, "min_lat": -21.389649442475644, "max_lon": 37.12376745947239, "max_lat": -17.525431310094945 }, "geometry": { "type": "Point", "coordinates": [ 35.632096979253205, -19.457540376285294 ] } },
{ "type": "Feature", "properties": { "eco_name": "Zambezian Cryptosepalum dry forests", "biome": 2.0, "realm": "AT", "places_n": 2.0, "min_lon": 21.777900497118878, "min_lat": -16.504552382749267, "max_lon": 25.433490544697548, "max_lat": -12.359913823697525 }, "geometry": { "type": "Point", "coordinates": [ 23.605695520908213, -14.432233103223396 ] } },
{ "type": "Feature", "properties": { "eco_name": "Zambezian flooded grasslands", "biome": 9.0, "realm": "AT", "places_n": 7.0, "min_lon": 21.436038540819794, "min_lat": -20.370501545775369, "max_lon": 37.677177588004469, "max_lat": -3.6243369061838848 }, "geometry": { "type": "Point", "coordinates": [ 29.556608064412131, -11.997419225979627 ] } },
{ "type": "Feature", "properties": { "eco_name": "Zambezian halophytics", "biome": 9.0, "realm": "AT", "places_n": 0.0, "min_lon": 24.301929591645461, "min_lat": -24.7551505380614, "max_lon": 34.05010948057776, "max_lat": -19.828042541390261 }, "geometry": { "type": "Point", "coordinates": [ 29.17601953611161, -22.29159653972583 ] } }
]
}
