{
"type": "FeatureCollection",
"name": "SELECT",
"crs": { "type": "name", "properties": { "name": "urn:ogc:def:crs:OGC:1.3:CRS84" } },
"features": [
{ "type": "Feature", "properties": { "raw_text": "METAR AGGH 280100Z 07010KT 9999 FEW020 BKN300 32/27 Q1008", "station_id": "AGGH", "observation_time": "2026-04-28T01:00:00.000Z", "latitude": -9.43, "longitude": 160.047, "temp_c": 32.0, "dewpoint_c": 27.0, "wind_dir_degrees": 70.0, "wind_speed_kt": 10.0, "wind_gust_kt": 0.0, "visibility_statute_mi": 6.0, "altim_in_hg": 29.76, "sea_level_pressure_mb": 0.0, "quality_control_flags": null, "wx_string": "", "sky_condition": null, "flight_category": "VFR", "three_hr_pressure_tendency_mb": 0.0, "maxT_c": 0.0, "minT_c": 0.0, "maxT24hr_c": 0.0, "minT24hr_c": 0.0, "precip_in": 0.0, "pcp3hr_in": 0.0, "pcp6hr_in": 0.0, "pcp24hr_in": 0.0, "snow_in": 0.0, "vert_vis_ft": 0.0, "metar_type": "METAR", "elevation_m": 6.0, "municipality": "Honiara", "continent": "OC", "iso_country": "SB", "iso_region": "SB-GU", "wikipedia_link": "https://en.wikipedia.org/wiki/Honiara_International_Airport" }, "geometry": { "type": "Point", "coordinates": [ 160.047, -9.43 ] } },
{ "type": "Feature", "properties": { "raw_text": "METAR BGGH 280120Z AUTO 34016KT 9999 -SN OVC035/// M07/M12 Q1011", "station_id": "BGGH", "observation_time": "2026-04-28T01:20:00.000Z", "latitude": 64.191, "longitude": -51.677, "temp_c": -7.0, "dewpoint_c": -12.0, "wind_dir_degrees": 340.0, "wind_speed_kt": 16.0, "wind_gust_kt": 0.0, "visibility_statute_mi": 6.0, "altim_in_hg": 29.85, "sea_level_pressure_mb": 0.0, "quality_control_flags": null, "wx_string": "-SN", "sky_condition": null, "flight_category": "VFR", "three_hr_pressure_tendency_mb": 0.0, "maxT_c": 0.0, "minT_c": 0.0, "maxT24hr_c": 0.0, "minT24hr_c": 0.0, "precip_in": 0.0, "pcp3hr_in": 0.0, "pcp6hr_in": 0.0, "pcp24hr_in": 0.0, "snow_in": 0.0, "vert_vis_ft": 0.0, "metar_type": "METAR", "elevation_m": 76.0, "municipality": "Nuuk", "continent": "NA", "iso_country": "GL", "iso_region": "GL-SE", "wikipedia_link": "https://en.wikipedia.org/wiki/Nuuk_Airport" }, "geometry": { "type": "Point", "coordinates": [ -51.677, 64.191 ] } },
{ "type": "Feature", "properties": { "raw_text": "METAR BIAR 280100Z 14032G42KT 9999 FEW060 11/04 Q1005", "station_id": "BIAR", "observation_time": "2026-04-28T01:00:00.000Z", "latitude": 65.655, "longitude": -18.069, "temp_c": 11.0, "dewpoint_c": 4.0, "wind_dir_degrees": 140.0, "wind_speed_kt": 32.0, "wind_gust_kt": 42.0, "visibility_statute_mi": 6.0, "altim_in_hg": 29.68, "sea_level_pressure_mb": 0.0, "quality_control_flags": null, "wx_string": "", "sky_condition": null, "flight_category": "VFR", "three_hr_pressure_tendency_mb": 0.0, "maxT_c": 0.0, "minT_c": 0.0, "maxT24hr_c": 0.0, "minT24hr_c": 0.0, "precip_in": 0.0, "pcp3hr_in": 0.0, "pcp6hr_in": 0.0, "pcp24hr_in": 0.0, "snow_in": 0.0, "vert_vis_ft": 0.0, "metar_type": "METAR", "elevation_m": 1.0, "municipality": "Akureyri", "continent": "EU", "iso_country": "IS", "iso_region": "IS-6", "wikipedia_link": "https://en.wikipedia.org/wiki/Akureyri_Airport" }, "geometry": { "type": "Point", "coordinates": [ -18.069, 65.655 ] } },
{ "type": "Feature", "properties": { "raw_text": "METAR BIKF 280130Z 18021KT 9999 BKN014 BKN023 08/07 Q1006", "station_id": "BIKF", "observation_time": "2026-04-28T01:30:00.000Z", "latitude": 63.987, "longitude": -22.614, "temp_c": 8.0, "dewpoint_c": 7.0, "wind_dir_degrees": 180.0, "wind_speed_kt": 21.0, "wind_gust_kt": 0.0, "visibility_statute_mi": 6.0, "altim_in_hg": 29.7, "sea_level_pressure_mb": 0.0, "quality_control_flags": null, "wx_string": "", "sky_condition": null, "flight_category": "MVFR", "three_hr_pressure_tendency_mb": 0.0, "maxT_c": 0.0, "minT_c": 0.0, "maxT24hr_c": 0.0, "minT24hr_c": 0.0, "precip_in": 0.0, "pcp3hr_in": 0.0, "pcp6hr_in": 0.0, "pcp24hr_in": 0.0, "snow_in": 0.0, "vert_vis_ft": 0.0, "metar_type": "METAR", "elevation_m": 49.0, "municipality": "Reykjavík", "continent": "EU", "iso_country": "IS", "iso_region": "IS-2", "wikipedia_link": "https://en.wikipedia.org/wiki/Keflav%C3%ADk_International_Airport" }, "geometry": { "type": "Point", "coordinates": [ -22.614, 63.987 ] } },
{ "type": "Feature", "properties": { "raw_text": "METAR CYEG 280100Z 11014KT 20SM FEW050 05/M03 A2992 RMK CU1 CU TR SLP168", "station_id": "CYEG", "observation_time": "2026-04-28T01:00:00.000Z", "latitude": 53.308, "longitude": -113.592, "temp_c": 5.0, "dewpoint_c": -3.0, "wind_dir_degrees": 110.0, "wind_speed_kt": 14.0, "wind_gust_kt": 0.0, "visibility_statute_mi": 20.0, "altim_in_hg": 29.92, "sea_level_pressure_mb": 1016.8, "quality_control_flags": null, "wx_string": "", "sky_condition": null, "flight_category": "VFR", "three_hr_pressure_tendency_mb": 0.0, "maxT_c": 0.0, "minT_c": 0.0, "maxT24hr_c": 0.0, "minT24hr_c": 0.0, "precip_in": 0.0, "pcp3hr_in": 0.0, "pcp6hr_in": 0.0, "pcp24hr_in": 0.0, "snow_in": 0.0, "vert_vis_ft": 0.0, "metar_type": "METAR", "elevation_m": 710.0, "municipality": "Edmonton", "continent": "NA", "iso_country": "CA", "iso_region": "CA-AB", "wikipedia_link": "https://en.wikipedia.org/wiki/Edmonton_International_Airport" }, "geometry": { "type": "Point", "coordinates": [ -113.592, 53.308 ] } },
{ "type": "Feature", "properties": { "raw_text": "SPECI CYHZ 280101Z 15008KT 15SM SCT230 02/M01 A3036 RMK CI3 SLP287", "station_id": "CYHZ", "observation_time": "2026-04-28T01:01:00.000Z", "latitude": 44.8781, "longitude": -63.5136, "temp_c": 2.0, "dewpoint_c": -1.0, "wind_dir_degrees": 150.0, "wind_speed_kt": 8.0, "wind_gust_kt": 0.0, "visibility_statute_mi": 15.0, "altim_in_hg": 30.36, "sea_level_pressure_mb": 1028.7, "quality_control_flags": null, "wx_string": "", "sky_condition": null, "flight_category": "VFR", "three_hr_pressure_tendency_mb": 0.0, "maxT_c": 0.0, "minT_c": 0.0, "maxT24hr_c": 0.0, "minT24hr_c": 0.0, "precip_in": 0.0, "pcp3hr_in": 0.0, "pcp6hr_in": 0.0, "pcp24hr_in": 0.0, "snow_in": 0.0, "vert_vis_ft": 0.0, "metar_type": "SPECI", "elevation_m": 136.0, "municipality": "Halifax", "continent": "NA", "iso_country": "CA", "iso_region": "CA-NS", "wikipedia_link": "https://en.wikipedia.org/wiki/Halifax_International_Airport" }, "geometry": { "type": "Point", "coordinates": [ -63.5136, 44.8781 ] } },
{ "type": "Feature", "properties": { "raw_text": "METAR CYLW 280100Z AUTO 31011G16KT 9SM CLR 19/M06 A2979 RMK SLP099 DENSITY ALT 2400FT", "station_id": "CYLW", "observation_time": "2026-04-28T01:00:00.000Z", "latitude": 49.953, "longitude": -119.375, "temp_c": 19.0, "dewpoint_c": -6.0, "wind_dir_degrees": 310.0, "wind_speed_kt": 11.0, "wind_gust_kt": 16.0, "visibility_statute_mi": 9.0, "altim_in_hg": 29.79, "sea_level_pressure_mb": 1009.9, "quality_control_flags": null, "wx_string": "", "sky_condition": null, "flight_category": "VFR", "three_hr_pressure_tendency_mb": 0.0, "maxT_c": 0.0, "minT_c": 0.0, "maxT24hr_c": 0.0, "minT24hr_c": 0.0, "precip_in": 0.0, "pcp3hr_in": 0.0, "pcp6hr_in": 0.0, "pcp24hr_in": 0.0, "snow_in": 0.0, "vert_vis_ft": 0.0, "metar_type": "METAR", "elevation_m": 420.0, "municipality": "Kelowna", "continent": "NA", "iso_country": "CA", "iso_region": "CA-BC", "wikipedia_link": "https://en.wikipedia.org/wiki/Kelowna_International_Airport" }, "geometry": { "type": "Point", "coordinates": [ -119.375, 49.953 ] } },
{ "type": "Feature", "properties": { "raw_text": "METAR CYOW 280100Z 11003KT 15SM SCT250 14/02 A3013 RMK CI3 SLP205", "station_id": "CYOW", "observation_time": "2026-04-28T01:00:00.000Z", "latitude": 45.307, "longitude": -75.66, "temp_c": 14.0, "dewpoint_c": 2.0, "wind_dir_degrees": 110.0, "wind_speed_kt": 3.0, "wind_gust_kt": 0.0, "visibility_statute_mi": 15.0, "altim_in_hg": 30.13, "sea_level_pressure_mb": 1020.5, "quality_control_flags": null, "wx_string": "", "sky_condition": null, "flight_category": "VFR", "three_hr_pressure_tendency_mb": 0.0, "maxT_c": 0.0, "minT_c": 0.0, "maxT24hr_c": 0.0, "minT24hr_c": 0.0, "precip_in": 0.0, "pcp3hr_in": 0.0, "pcp6hr_in": 0.0, "pcp24hr_in": 0.0, "snow_in": 0.0, "vert_vis_ft": 0.0, "metar_type": "METAR", "elevation_m": 111.0, "municipality": "Ottawa", "continent": "NA", "iso_country": "CA", "iso_region": "CA-ON", "wikipedia_link": "https://en.wikipedia.org/wiki/Ottawa_Macdonald%E2%80%93Cartier_International_Airport" }, "geometry": { "type": "Point", "coordinates": [ -75.66, 45.307 ] } },
{ "type": "Feature", "properties": { "raw_text": "METAR CYQB 280100Z 07006KT 15SM FEW080 11/03 A3019 RMK AC1 AC TR SLP226", "station_id": "CYQB", "observation_time": "2026-04-28T01:00:00.000Z", "latitude": 46.791, "longitude": -71.396, "temp_c": 11.0, "dewpoint_c": 3.0, "wind_dir_degrees": 70.0, "wind_speed_kt": 6.0, "wind_gust_kt": 0.0, "visibility_statute_mi": 15.0, "altim_in_hg": 30.19, "sea_level_pressure_mb": 1022.6, "quality_control_flags": null, "wx_string": "", "sky_condition": null, "flight_category": "VFR", "three_hr_pressure_tendency_mb": 0.0, "maxT_c": 0.0, "minT_c": 0.0, "maxT24hr_c": 0.0, "minT24hr_c": 0.0, "precip_in": 0.0, "pcp3hr_in": 0.0, "pcp6hr_in": 0.0, "pcp24hr_in": 0.0, "snow_in": 0.0, "vert_vis_ft": 0.0, "metar_type": "METAR", "elevation_m": 73.0, "municipality": "Quebec", "continent": "NA", "iso_country": "CA", "iso_region": "CA-QC", "wikipedia_link": "https://en.wikipedia.org/wiki/Qu%C3%A9bec/Jean_Lesage_International_Airport" }, "geometry": { "type": "Point", "coordinates": [ -71.396, 46.791 ] } },
{ "type": "Feature", "properties": { "raw_text": "METAR CYUL 280100Z 11005KT 15SM FEW250 20/02 A3015 RMK CI1 CI TR SLP211 DENSITY ALT 500FT", "station_id": "CYUL", "observation_time": "2026-04-28T01:00:00.000Z", "latitude": 45.468, "longitude": -73.742, "temp_c": 20.0, "dewpoint_c": 2.0, "wind_dir_degrees": 110.0, "wind_speed_kt": 5.0, "wind_gust_kt": 0.0, "visibility_statute_mi": 15.0, "altim_in_hg": 30.15, "sea_level_pressure_mb": 1021.1, "quality_control_flags": null, "wx_string": "", "sky_condition": null, "flight_category": "VFR", "three_hr_pressure_tendency_mb": 0.0, "maxT_c": 0.0, "minT_c": 0.0, "maxT24hr_c": 0.0, "minT24hr_c": 0.0, "precip_in": 0.0, "pcp3hr_in": 0.0, "pcp6hr_in": 0.0, "pcp24hr_in": 0.0, "snow_in": 0.0, "vert_vis_ft": 0.0, "metar_type": "METAR", "elevation_m": 31.0, "municipality": "Montréal", "continent": "NA", "iso_country": "CA", "iso_region": "CA-QC", "wikipedia_link": "https://en.wikipedia.org/wiki/Montréal–Trudeau_International_Airport" }, "geometry": { "type": "Point", "coordinates": [ -73.742, 45.468 ] } },
{ "type": "Feature", "properties": { "raw_text": "METAR CYVR 280100Z 16009KT 30SM FEW031 SCT040 14/09 A3001 RMK CU1SC2 SLP164", "station_id": "CYVR", "observation_time": "2026-04-28T01:00:00.000Z", "latitude": 49.183, "longitude": -123.168, "temp_c": 14.0, "dewpoint_c": 9.0, "wind_dir_degrees": 160.0, "wind_speed_kt": 9.0, "wind_gust_kt": 0.0, "visibility_statute_mi": 30.0, "altim_in_hg": 30.01, "sea_level_pressure_mb": 1016.4, "quality_control_flags": null, "wx_string": "", "sky_condition": null, "flight_category": "VFR", "three_hr_pressure_tendency_mb": 0.0, "maxT_c": 0.0, "minT_c": 0.0, "maxT24hr_c": 0.0, "minT24hr_c": 0.0, "precip_in": 0.0, "pcp3hr_in": 0.0, "pcp6hr_in": 0.0, "pcp24hr_in": 0.0, "snow_in": 0.0, "vert_vis_ft": 0.0, "metar_type": "METAR", "elevation_m": 2.0, "municipality": "Vancouver", "continent": "NA", "iso_country": "CA", "iso_region": "CA-BC", "wikipedia_link": "https://en.wikipedia.org/wiki/Vancouver_International_Airport" }, "geometry": { "type": "Point", "coordinates": [ -123.168, 49.183 ] } },
{ "type": "Feature", "properties": { "raw_text": "METAR CYWG 280100Z 02012G20KT 15SM FEW080 BKN250 06/M05 A2992 RMK AC1CI6 SLP145", "station_id": "CYWG", "observation_time": "2026-04-28T01:00:00.000Z", "latitude": 49.916, "longitude": -97.249, "temp_c": 6.0, "dewpoint_c": -5.0, "wind_dir_degrees": 20.0, "wind_speed_kt": 12.0, "wind_gust_kt": 20.0, "visibility_statute_mi": 15.0, "altim_in_hg": 29.92, "sea_level_pressure_mb": 1014.5, "quality_control_flags": null, "wx_string": "", "sky_condition": null, "flight_category": "VFR", "three_hr_pressure_tendency_mb": 0.0, "maxT_c": 0.0, "minT_c": 0.0, "maxT24hr_c": 0.0, "minT24hr_c": 0.0, "precip_in": 0.0, "pcp3hr_in": 0.0, "pcp6hr_in": 0.0, "pcp24hr_in": 0.0, "snow_in": 0.0, "vert_vis_ft": 0.0, "metar_type": "METAR", "elevation_m": 238.0, "municipality": "Winnipeg", "continent": "NA", "iso_country": "CA", "iso_region": "CA-MB", "wikipedia_link": "https://en.wikipedia.org/wiki/Winnipeg_James_Armstrong_Richardson_International_Airport" }, "geometry": { "type": "Point", "coordinates": [ -97.249, 49.916 ] } },
{ "type": "Feature", "properties": { "raw_text": "METAR CYXE 280100Z 00000KT 15SM FEW040 02/M06 A3004 RMK SC2 SLP203", "station_id": "CYXE", "observation_time": "2026-04-28T01:00:00.000Z", "latitude": 52.172, "longitude": -106.695, "temp_c": 2.0, "dewpoint_c": -6.0, "wind_dir_degrees": 0.0, "wind_speed_kt": 0.0, "wind_gust_kt": 0.0, "visibility_statute_mi": 15.0, "altim_in_hg": 30.04, "sea_level_pressure_mb": 1020.3, "quality_control_flags": null, "wx_string": "", "sky_condition": null, "flight_category": "VFR", "three_hr_pressure_tendency_mb": 0.0, "maxT_c": 0.0, "minT_c": 0.0, "maxT24hr_c": 0.0, "minT24hr_c": 0.0, "precip_in": 0.0, "pcp3hr_in": 0.0, "pcp6hr_in": 0.0, "pcp24hr_in": 0.0, "snow_in": 0.0, "vert_vis_ft": 0.0, "metar_type": "METAR", "elevation_m": 504.0, "municipality": "Saskatoon", "continent": "NA", "iso_country": "CA", "iso_region": "CA-SK", "wikipedia_link": "https://en.wikipedia.org/wiki/Saskatoon/John_G._Diefenbaker_International_Airport" }, "geometry": { "type": "Point", "coordinates": [ -106.695, 52.172 ] } },
{ "type": "Feature", "properties": { "raw_text": "METAR CYYC 280100Z 15008KT 40SM FEW058 07/M06 A2987 RMK SC1 SLP163", "station_id": "CYYC", "observation_time": "2026-04-28T01:00:00.000Z", "latitude": 51.116, "longitude": -114.011, "temp_c": 7.0, "dewpoint_c": -6.0, "wind_dir_degrees": 150.0, "wind_speed_kt": 8.0, "wind_gust_kt": 0.0, "visibility_statute_mi": 40.0, "altim_in_hg": 29.87, "sea_level_pressure_mb": 1016.3, "quality_control_flags": null, "wx_string": "", "sky_condition": null, "flight_category": "VFR", "three_hr_pressure_tendency_mb": 0.0, "maxT_c": 0.0, "minT_c": 0.0, "maxT24hr_c": 0.0, "minT24hr_c": 0.0, "precip_in": 0.0, "pcp3hr_in": 0.0, "pcp6hr_in": 0.0, "pcp24hr_in": 0.0, "snow_in": 0.0, "vert_vis_ft": 0.0, "metar_type": "METAR", "elevation_m": 1085.0, "municipality": "Calgary", "continent": "NA", "iso_country": "CA", "iso_region": "CA-AB", "wikipedia_link": "https://en.wikipedia.org/wiki/Calgary_International_Airport" }, "geometry": { "type": "Point", "coordinates": [ -114.011, 51.116 ] } },
{ "type": "Feature", "properties": { "raw_text": "METAR CYYJ 280100Z 12009KT 20SM BKN049 BKN120 13/09 A3000 RMK SC5AC2 SLP162", "station_id": "CYYJ", "observation_time": "2026-04-28T01:00:00.000Z", "latitude": 48.642, "longitude": -123.433, "temp_c": 13.0, "dewpoint_c": 9.0, "wind_dir_degrees": 120.0, "wind_speed_kt": 9.0, "wind_gust_kt": 0.0, "visibility_statute_mi": 20.0, "altim_in_hg": 30.0, "sea_level_pressure_mb": 1016.2, "quality_control_flags": null, "wx_string": "", "sky_condition": null, "flight_category": "VFR", "three_hr_pressure_tendency_mb": 0.0, "maxT_c": 0.0, "minT_c": 0.0, "maxT24hr_c": 0.0, "minT24hr_c": 0.0, "precip_in": 0.0, "pcp3hr_in": 0.0, "pcp6hr_in": 0.0, "pcp24hr_in": 0.0, "snow_in": 0.0, "vert_vis_ft": 0.0, "metar_type": "METAR", "elevation_m": 16.0, "municipality": "Victoria", "continent": "NA", "iso_country": "CA", "iso_region": "CA-BC", "wikipedia_link": "https://en.wikipedia.org/wiki/Victoria_International_Airport" }, "geometry": { "type": "Point", "coordinates": [ -123.433, 48.642 ] } },
{ "type": "Feature", "properties": { "raw_text": "METAR CYYT 280100Z 02008KT 15SM FEW028 M03/M04 A3037 RMK SC2 SLP295", "station_id": "CYYT", "observation_time": "2026-04-28T01:00:00.000Z", "latitude": 47.627, "longitude": -52.748, "temp_c": -3.0, "dewpoint_c": -4.0, "wind_dir_degrees": 20.0, "wind_speed_kt": 8.0, "wind_gust_kt": 0.0, "visibility_statute_mi": 15.0, "altim_in_hg": 30.37, "sea_level_pressure_mb": 1029.5, "quality_control_flags": null, "wx_string": "", "sky_condition": null, "flight_category": "VFR", "three_hr_pressure_tendency_mb": 0.0, "maxT_c": 0.0, "minT_c": 0.0, "maxT24hr_c": 0.0, "minT24hr_c": 0.0, "precip_in": 0.0, "pcp3hr_in": 0.0, "pcp6hr_in": 0.0, "pcp24hr_in": 0.0, "snow_in": 0.0, "vert_vis_ft": 0.0, "metar_type": "METAR", "elevation_m": 128.0, "municipality": "St. John's", "continent": "NA", "iso_country": "CA", "iso_region": "CA-NL", "wikipedia_link": "https://en.wikipedia.org/wiki/St._John's_International_Airport" }, "geometry": { "type": "Point", "coordinates": [ -52.748, 47.627 ] } },
{ "type": "Feature", "properties": { "raw_text": "METAR CYYZ 280100Z 10010G16KT 15SM BKN260 15/02 A3000 RMK CS6 SLP164", "station_id": "CYYZ", "observation_time": "2026-04-28T01:00:00.000Z", "latitude": 43.679, "longitude": -79.629, "temp_c": 15.0, "dewpoint_c": 2.0, "wind_dir_degrees": 100.0, "wind_speed_kt": 10.0, "wind_gust_kt": 16.0, "visibility_statute_mi": 15.0, "altim_in_hg": 30.0, "sea_level_pressure_mb": 1016.4, "quality_control_flags": null, "wx_string": "", "sky_condition": null, "flight_category": "VFR", "three_hr_pressure_tendency_mb": 0.0, "maxT_c": 0.0, "minT_c": 0.0, "maxT24hr_c": 0.0, "minT24hr_c": 0.0, "precip_in": 0.0, "pcp3hr_in": 0.0, "pcp6hr_in": 0.0, "pcp24hr_in": 0.0, "snow_in": 0.0, "vert_vis_ft": 0.0, "metar_type": "METAR", "elevation_m": 171.0, "municipality": "Toronto", "continent": "NA", "iso_country": "CA", "iso_region": "CA-ON", "wikipedia_link": "https://en.wikipedia.org/wiki/Toronto_Pearson_International_Airport" }, "geometry": { "type": "Point", "coordinates": [ -79.629, 43.679 ] } },
{ "type": "Feature", "properties": { "raw_text": "METAR DAAE 280100Z 11003KT 6000 SCT016 FEW020CB BKN033 18/17 Q1014", "station_id": "DAAE", "observation_time": "2026-04-28T01:00:00.000Z", "latitude": 36.712, "longitude": 5.07, "temp_c": 18.0, "dewpoint_c": 17.0, "wind_dir_degrees": 110.0, "wind_speed_kt": 3.0, "wind_gust_kt": 0.0, "visibility_statute_mi": 3.73, "altim_in_hg": 29.94, "sea_level_pressure_mb": 0.0, "quality_control_flags": null, "wx_string": "", "sky_condition": null, "flight_category": "MVFR", "three_hr_pressure_tendency_mb": 0.0, "maxT_c": 0.0, "minT_c": 0.0, "maxT24hr_c": 0.0, "minT24hr_c": 0.0, "precip_in": 0.0, "pcp3hr_in": 0.0, "pcp6hr_in": 0.0, "pcp24hr_in": 0.0, "snow_in": 0.0, "vert_vis_ft": 0.0, "metar_type": "METAR", "elevation_m": 1.0, "municipality": "Béjaïa", "continent": "AF", "iso_country": "DZ", "iso_region": "DZ-06", "wikipedia_link": "https://en.wikipedia.org/wiki/Abane_Ramdane_Airport" }, "geometry": { "type": "Point", "coordinates": [ 5.07, 36.712 ] } },
{ "type": "Feature", "properties": { "raw_text": "METAR DAAG 280130Z 04004KT 6000 SCT013 BKN200 17/16 Q1013", "station_id": "DAAG", "observation_time": "2026-04-28T01:30:00.000Z", "latitude": 36.691, "longitude": 3.215, "temp_c": 17.0, "dewpoint_c": 16.0, "wind_dir_degrees": 40.0, "wind_speed_kt": 4.0, "wind_gust_kt": 0.0, "visibility_statute_mi": 3.73, "altim_in_hg": 29.91, "sea_level_pressure_mb": 0.0, "quality_control_flags": null, "wx_string": "", "sky_condition": null, "flight_category": "MVFR", "three_hr_pressure_tendency_mb": 0.0, "maxT_c": 0.0, "minT_c": 0.0, "maxT24hr_c": 0.0, "minT24hr_c": 0.0, "precip_in": 0.0, "pcp3hr_in": 0.0, "pcp6hr_in": 0.0, "pcp24hr_in": 0.0, "snow_in": 0.0, "vert_vis_ft": 0.0, "metar_type": "METAR", "elevation_m": 18.0, "municipality": "Algiers", "continent": "AF", "iso_country": "DZ", "iso_region": "DZ-16", "wikipedia_link": "https://en.wikipedia.org/wiki/Houari_Boumediene_Airport" }, "geometry": { "type": "Point", "coordinates": [ 3.215, 36.691 ] } },
{ "type": "Feature", "properties": { "raw_text": "METAR DAAJ 280100Z 02007KT CAVOK 26/00 Q1016", "station_id": "DAAJ", "observation_time": "2026-04-28T01:00:00.000Z", "latitude": 24.286, "longitude": 9.464, "temp_c": 26.0, "dewpoint_c": 0.0, "wind_dir_degrees": 20.0, "wind_speed_kt": 7.0, "wind_gust_kt": 0.0, "visibility_statute_mi": 6.0, "altim_in_hg": 30.0, "sea_level_pressure_mb": 0.0, "quality_control_flags": null, "wx_string": "", "sky_condition": null, "flight_category": "VFR", "three_hr_pressure_tendency_mb": 0.0, "maxT_c": 0.0, "minT_c": 0.0, "maxT24hr_c": 0.0, "minT24hr_c": 0.0, "precip_in": 0.0, "pcp3hr_in": 0.0, "pcp6hr_in": 0.0, "pcp24hr_in": 0.0, "snow_in": 0.0, "vert_vis_ft": 0.0, "metar_type": "METAR", "elevation_m": 962.0, "municipality": "Djanet", "continent": "AF", "iso_country": "DZ", "iso_region": "DZ-56", "wikipedia_link": "https://en.wikipedia.org/wiki/Djanet_Inedbirene_Airport" }, "geometry": { "type": "Point", "coordinates": [ 9.464, 24.286 ] } },
{ "type": "Feature", "properties": { "raw_text": "METAR DAAT 280130Z 16005KT 360V160 9000 NSC 25/02 Q1018", "station_id": "DAAT", "observation_time": "2026-04-28T01:30:00.000Z", "latitude": 22.824, "longitude": 5.452, "temp_c": 25.0, "dewpoint_c": 2.0, "wind_dir_degrees": 160.0, "wind_speed_kt": 5.0, "wind_gust_kt": 0.0, "visibility_statute_mi": 5.59, "altim_in_hg": 30.06, "sea_level_pressure_mb": 0.0, "quality_control_flags": null, "wx_string": "", "sky_condition": null, "flight_category": "VFR", "three_hr_pressure_tendency_mb": 0.0, "maxT_c": 0.0, "minT_c": 0.0, "maxT24hr_c": 0.0, "minT24hr_c": 0.0, "precip_in": 0.0, "pcp3hr_in": 0.0, "pcp6hr_in": 0.0, "pcp24hr_in": 0.0, "snow_in": 0.0, "vert_vis_ft": 0.0, "metar_type": "METAR", "elevation_m": 1372.0, "municipality": "Tamanrasset", "continent": "AF", "iso_country": "DZ", "iso_region": "DZ-11", "wikipedia_link": "https://en.wikipedia.org/wiki/Tamanrasset_Airport" }, "geometry": { "type": "Point", "coordinates": [ 5.452, 22.824 ] } },
{ "type": "Feature", "properties": { "raw_text": "METAR DAAV 280100Z 08003KT 020V130 8000 SCT016 BKN033 17/16 Q1014", "station_id": "DAAV", "observation_time": "2026-04-28T01:00:00.000Z", "latitude": 36.795, "longitude": 5.877, "temp_c": 17.0, "dewpoint_c": 16.0, "wind_dir_degrees": 80.0, "wind_speed_kt": 3.0, "wind_gust_kt": 0.0, "visibility_statute_mi": 4.97, "altim_in_hg": 29.94, "sea_level_pressure_mb": 0.0, "quality_control_flags": null, "wx_string": "", "sky_condition": null, "flight_category": "MVFR", "three_hr_pressure_tendency_mb": 0.0, "maxT_c": 0.0, "minT_c": 0.0, "maxT24hr_c": 0.0, "minT24hr_c": 0.0, "precip_in": 0.0, "pcp3hr_in": 0.0, "pcp6hr_in": 0.0, "pcp24hr_in": 0.0, "snow_in": 0.0, "vert_vis_ft": 0.0, "metar_type": "METAR", "elevation_m": 11.0, "municipality": "Tahir", "continent": "AF", "iso_country": "DZ", "iso_region": "DZ-18", "wikipedia_link": "https://en.wikipedia.org/wiki/Jijel_Ferhat_Abbas_Airport" }, "geometry": { "type": "Point", "coordinates": [ 5.877, 36.795 ] } },
{ "type": "Feature", "properties": { "raw_text": "METAR DABB 280130Z VRB02KT 2000 BR NSC 14/13 Q1014", "station_id": "DABB", "observation_time": "2026-04-28T01:30:00.000Z", "latitude": 36.822, "longitude": 7.809, "temp_c": 14.0, "dewpoint_c": 13.0, "wind_dir_degrees": 0.0, "wind_speed_kt": 2.0, "wind_gust_kt": 0.0, "visibility_statute_mi": 1.24, "altim_in_hg": 29.94, "sea_level_pressure_mb": 0.0, "quality_control_flags": null, "wx_string": "BR", "sky_condition": null, "flight_category": "IFR", "three_hr_pressure_tendency_mb": 0.0, "maxT_c": 0.0, "minT_c": 0.0, "maxT24hr_c": 0.0, "minT24hr_c": 0.0, "precip_in": 0.0, "pcp3hr_in": 0.0, "pcp6hr_in": 0.0, "pcp24hr_in": 0.0, "snow_in": 0.0, "vert_vis_ft": 0.0, "metar_type": "METAR", "elevation_m": 3.0, "municipality": "Annaba", "continent": "AF", "iso_country": "DZ", "iso_region": "DZ-23", "wikipedia_link": "https://en.wikipedia.org/wiki/Rabah_Bitat_Airport" }, "geometry": { "type": "Point", "coordinates": [ 7.809, 36.822 ] } },
{ "type": "Feature", "properties": { "raw_text": "METAR DABC 280100Z 00000KT 8000 FEW033 14/13 Q1016", "station_id": "DABC", "observation_time": "2026-04-28T01:00:00.000Z", "latitude": 36.278, "longitude": 6.629, "temp_c": 14.0, "dewpoint_c": 13.0, "wind_dir_degrees": 0.0, "wind_speed_kt": 0.0, "wind_gust_kt": 0.0, "visibility_statute_mi": 4.97, "altim_in_hg": 30.0, "sea_level_pressure_mb": 0.0, "quality_control_flags": null, "wx_string": "", "sky_condition": null, "flight_category": "MVFR", "three_hr_pressure_tendency_mb": 0.0, "maxT_c": 0.0, "minT_c": 0.0, "maxT24hr_c": 0.0, "minT24hr_c": 0.0, "precip_in": 0.0, "pcp3hr_in": 0.0, "pcp6hr_in": 0.0, "pcp24hr_in": 0.0, "snow_in": 0.0, "vert_vis_ft": 0.0, "metar_type": "METAR", "elevation_m": 686.0, "municipality": "Constantine", "continent": "AF", "iso_country": "DZ", "iso_region": "DZ-25", "wikipedia_link": "https://en.wikipedia.org/wiki/Mohamed_Boudiaf_International_Airport" }, "geometry": { "type": "Point", "coordinates": [ 6.629, 36.278 ] } },
{ "type": "Feature", "properties": { "raw_text": "METAR DABT 280100Z 00000KT 9999 FEW023 14/13 Q1017", "station_id": "DABT", "observation_time": "2026-04-28T01:00:00.000Z", "latitude": 35.752, "longitude": 6.309, "temp_c": 14.0, "dewpoint_c": 13.0, "wind_dir_degrees": 0.0, "wind_speed_kt": 0.0, "wind_gust_kt": 0.0, "visibility_statute_mi": 6.0, "altim_in_hg": 30.03, "sea_level_pressure_mb": 0.0, "quality_control_flags": null, "wx_string": "", "sky_condition": null, "flight_category": "VFR", "three_hr_pressure_tendency_mb": 0.0, "maxT_c": 0.0, "minT_c": 0.0, "maxT24hr_c": 0.0, "minT24hr_c": 0.0, "precip_in": 0.0, "pcp3hr_in": 0.0, "pcp6hr_in": 0.0, "pcp24hr_in": 0.0, "snow_in": 0.0, "vert_vis_ft": 0.0, "metar_type": "METAR", "elevation_m": 813.0, "municipality": "Batna", "continent": "AF", "iso_country": "DZ", "iso_region": "DZ-05", "wikipedia_link": "https://en.wikipedia.org/wiki/Batna_Airport" }, "geometry": { "type": "Point", "coordinates": [ 6.309, 35.752 ] } },
{ "type": "Feature", "properties": { "raw_text": "METAR DAOI 280100Z 03004KT CAVOK 18/15 Q1013", "station_id": "DAOI", "observation_time": "2026-04-28T01:00:00.000Z", "latitude": 36.213, "longitude": 1.332, "temp_c": 18.0, "dewpoint_c": 15.0, "wind_dir_degrees": 30.0, "wind_speed_kt": 4.0, "wind_gust_kt": 0.0, "visibility_statute_mi": 6.0, "altim_in_hg": 29.91, "sea_level_pressure_mb": 0.0, "quality_control_flags": null, "wx_string": "", "sky_condition": null, "flight_category": "VFR", "three_hr_pressure_tendency_mb": 0.0, "maxT_c": 0.0, "minT_c": 0.0, "maxT24hr_c": 0.0, "minT24hr_c": 0.0, "precip_in": 0.0, "pcp3hr_in": 0.0, "pcp6hr_in": 0.0, "pcp24hr_in": 0.0, "snow_in": 0.0, "vert_vis_ft": 0.0, "metar_type": "METAR", "elevation_m": 141.0, "municipality": "Chlef", "continent": "AF", "iso_country": "DZ", "iso_region": "DZ-02", "wikipedia_link": "https://en.wikipedia.org/wiki/Chlef_International_Airport" }, "geometry": { "type": "Point", "coordinates": [ 1.332, 36.213 ] } },
{ "type": "Feature", "properties": { "raw_text": "METAR DAON 280100Z 32005KT 8000 FEW026 16/15 Q1010", "station_id": "DAON", "observation_time": "2026-04-28T01:00:00.000Z", "latitude": 35.013, "longitude": -1.457, "temp_c": 16.0, "dewpoint_c": 15.0, "wind_dir_degrees": 320.0, "wind_speed_kt": 5.0, "wind_gust_kt": 0.0, "visibility_statute_mi": 4.97, "altim_in_hg": 29.82, "sea_level_pressure_mb": 0.0, "quality_control_flags": null, "wx_string": "", "sky_condition": null, "flight_category": "MVFR", "three_hr_pressure_tendency_mb": 0.0, "maxT_c": 0.0, "minT_c": 0.0, "maxT24hr_c": 0.0, "minT24hr_c": 0.0, "precip_in": 0.0, "pcp3hr_in": 0.0, "pcp6hr_in": 0.0, "pcp24hr_in": 0.0, "snow_in": 0.0, "vert_vis_ft": 0.0, "metar_type": "METAR", "elevation_m": 245.0, "municipality": "Zenata", "continent": "AF", "iso_country": "DZ", "iso_region": "DZ-13", "wikipedia_link": "https://en.wikipedia.org/wiki/Zenata_%E2%80%93_Messali_El_Hadj_Airport" }, "geometry": { "type": "Point", "coordinates": [ -1.457, 35.013 ] } },
{ "type": "Feature", "properties": { "raw_text": "METAR DAOO 280130Z 03010KT 9999 SCT013 17/16 Q1010", "station_id": "DAOO", "observation_time": "2026-04-28T01:30:00.000Z", "latitude": 35.623, "longitude": -0.624, "temp_c": 17.0, "dewpoint_c": 16.0, "wind_dir_degrees": 30.0, "wind_speed_kt": 10.0, "wind_gust_kt": 0.0, "visibility_statute_mi": 6.0, "altim_in_hg": 29.82, "sea_level_pressure_mb": 0.0, "quality_control_flags": null, "wx_string": "", "sky_condition": null, "flight_category": "VFR", "three_hr_pressure_tendency_mb": 0.0, "maxT_c": 0.0, "minT_c": 0.0, "maxT24hr_c": 0.0, "minT24hr_c": 0.0, "precip_in": 0.0, "pcp3hr_in": 0.0, "pcp6hr_in": 0.0, "pcp24hr_in": 0.0, "snow_in": 0.0, "vert_vis_ft": 0.0, "metar_type": "METAR", "elevation_m": 87.0, "municipality": "Es-Sénia", "continent": "AF", "iso_country": "DZ", "iso_region": "DZ-31", "wikipedia_link": "https://en.wikipedia.org/wiki/Oran_Es_Senia_Airport" }, "geometry": { "type": "Point", "coordinates": [ -0.624, 35.623 ] } },
{ "type": "Feature", "properties": { "raw_text": "METAR DBBB 280100Z 21006KT 9999 FEW012 29/26 Q1009 NOSIG", "station_id": "DBBB", "observation_time": "2026-04-28T01:00:00.000Z", "latitude": 6.357, "longitude": 2.384, "temp_c": 29.0, "dewpoint_c": 26.0, "wind_dir_degrees": 210.0, "wind_speed_kt": 6.0, "wind_gust_kt": 0.0, "visibility_statute_mi": 6.0, "altim_in_hg": 29.79, "sea_level_pressure_mb": 0.0, "quality_control_flags": null, "wx_string": "", "sky_condition": null, "flight_category": "VFR", "three_hr_pressure_tendency_mb": 0.0, "maxT_c": 0.0, "minT_c": 0.0, "maxT24hr_c": 0.0, "minT24hr_c": 0.0, "precip_in": 0.0, "pcp3hr_in": 0.0, "pcp6hr_in": 0.0, "pcp24hr_in": 0.0, "snow_in": 0.0, "vert_vis_ft": 0.0, "metar_type": "METAR", "elevation_m": 4.0, "municipality": "Cotonou", "continent": "AF", "iso_country": "BJ", "iso_region": "BJ-AQ", "wikipedia_link": "https://en.wikipedia.org/wiki/Cadjehoun_Airport" }, "geometry": { "type": "Point", "coordinates": [ 2.384, 6.357 ] } },
{ "type": "Feature", "properties": { "raw_text": "METAR DGAA 280100Z 21005KT CAVOK 28/25 Q1010 NOSIG", "station_id": "DGAA", "observation_time": "2026-04-28T01:00:00.000Z", "latitude": 5.6, "longitude": -0.17, "temp_c": 28.0, "dewpoint_c": 25.0, "wind_dir_degrees": 210.0, "wind_speed_kt": 5.0, "wind_gust_kt": 0.0, "visibility_statute_mi": 6.0, "altim_in_hg": 29.82, "sea_level_pressure_mb": 0.0, "quality_control_flags": null, "wx_string": "", "sky_condition": null, "flight_category": "VFR", "three_hr_pressure_tendency_mb": 0.0, "maxT_c": 0.0, "minT_c": 0.0, "maxT24hr_c": 0.0, "minT24hr_c": 0.0, "precip_in": 0.0, "pcp3hr_in": 0.0, "pcp6hr_in": 0.0, "pcp24hr_in": 0.0, "snow_in": 0.0, "vert_vis_ft": 0.0, "metar_type": "METAR", "elevation_m": 68.0, "municipality": "Accra", "continent": "AF", "iso_country": "GH", "iso_region": "GH-AA", "wikipedia_link": "https://en.wikipedia.org/wiki/Kotoka_International_Airport" }, "geometry": { "type": "Point", "coordinates": [ -0.17, 5.6 ] } },
{ "type": "Feature", "properties": { "raw_text": "METAR DIAP 280130Z 23006KT 9999 SCT011 28/26 Q1010 NOSIG", "station_id": "DIAP", "observation_time": "2026-04-28T01:30:00.000Z", "latitude": 5.261, "longitude": -3.926, "temp_c": 28.0, "dewpoint_c": 26.0, "wind_dir_degrees": 230.0, "wind_speed_kt": 6.0, "wind_gust_kt": 0.0, "visibility_statute_mi": 6.0, "altim_in_hg": 29.82, "sea_level_pressure_mb": 0.0, "quality_control_flags": null, "wx_string": "", "sky_condition": null, "flight_category": "VFR", "three_hr_pressure_tendency_mb": 0.0, "maxT_c": 0.0, "minT_c": 0.0, "maxT24hr_c": 0.0, "minT24hr_c": 0.0, "precip_in": 0.0, "pcp3hr_in": 0.0, "pcp6hr_in": 0.0, "pcp24hr_in": 0.0, "snow_in": 0.0, "vert_vis_ft": 0.0, "metar_type": "METAR", "elevation_m": 4.0, "municipality": "Abidjan", "continent": "AF", "iso_country": "CI", "iso_region": "CI-AB", "wikipedia_link": "https://en.wikipedia.org/wiki/F%C3%A9lix-Houphou%C3%ABt-Boigny_International_Airport" }, "geometry": { "type": "Point", "coordinates": [ -3.926, 5.261 ] } },
{ "type": "Feature", "properties": { "raw_text": "METAR DRRN 280100Z 23003KT 9000 NSC 29/19 Q1010 NOSIG", "station_id": "DRRN", "observation_time": "2026-04-28T01:00:00.000Z", "latitude": 13.483, "longitude": 2.17, "temp_c": 29.0, "dewpoint_c": 19.0, "wind_dir_degrees": 230.0, "wind_speed_kt": 3.0, "wind_gust_kt": 0.0, "visibility_statute_mi": 5.59, "altim_in_hg": 29.82, "sea_level_pressure_mb": 0.0, "quality_control_flags": null, "wx_string": "", "sky_condition": null, "flight_category": "VFR", "three_hr_pressure_tendency_mb": 0.0, "maxT_c": 0.0, "minT_c": 0.0, "maxT24hr_c": 0.0, "minT24hr_c": 0.0, "precip_in": 0.0, "pcp3hr_in": 0.0, "pcp6hr_in": 0.0, "pcp24hr_in": 0.0, "snow_in": 0.0, "vert_vis_ft": 0.0, "metar_type": "METAR", "elevation_m": 223.0, "municipality": "Niamey", "continent": "AF", "iso_country": "NE", "iso_region": "NE-8", "wikipedia_link": "https://en.wikipedia.org/wiki/Diori_Hamani_International_Airport" }, "geometry": { "type": "Point", "coordinates": [ 2.17, 13.483 ] } },
{ "type": "Feature", "properties": { "raw_text": "METAR DTTA 280130Z 11004KT 050V160 9999 FEW023 17/16 Q1015", "station_id": "DTTA", "observation_time": "2026-04-28T01:30:00.000Z", "latitude": 36.851, "longitude": 10.227, "temp_c": 17.0, "dewpoint_c": 16.0, "wind_dir_degrees": 110.0, "wind_speed_kt": 4.0, "wind_gust_kt": 0.0, "visibility_statute_mi": 6.0, "altim_in_hg": 29.97, "sea_level_pressure_mb": 0.0, "quality_control_flags": null, "wx_string": "", "sky_condition": null, "flight_category": "VFR", "three_hr_pressure_tendency_mb": 0.0, "maxT_c": 0.0, "minT_c": 0.0, "maxT24hr_c": 0.0, "minT24hr_c": 0.0, "precip_in": 0.0, "pcp3hr_in": 0.0, "pcp6hr_in": 0.0, "pcp24hr_in": 0.0, "snow_in": 0.0, "vert_vis_ft": 0.0, "metar_type": "METAR", "elevation_m": 4.0, "municipality": "Tunis", "continent": "AF", "iso_country": "TN", "iso_region": "TN-11", "wikipedia_link": "https://en.wikipedia.org/wiki/Tunis-Carthage_International_Airport" }, "geometry": { "type": "Point", "coordinates": [ 10.227, 36.851 ] } },
{ "type": "Feature", "properties": { "raw_text": "METAR DTTJ 280130Z 01003KT CAVOK 19/15 Q1012", "station_id": "DTTJ", "observation_time": "2026-04-28T01:30:00.000Z", "latitude": 33.875, "longitude": 10.775, "temp_c": 19.0, "dewpoint_c": 15.0, "wind_dir_degrees": 10.0, "wind_speed_kt": 3.0, "wind_gust_kt": 0.0, "visibility_statute_mi": 6.0, "altim_in_hg": 29.88, "sea_level_pressure_mb": 0.0, "quality_control_flags": null, "wx_string": "", "sky_condition": null, "flight_category": "VFR", "three_hr_pressure_tendency_mb": 0.0, "maxT_c": 0.0, "minT_c": 0.0, "maxT24hr_c": 0.0, "minT24hr_c": 0.0, "precip_in": 0.0, "pcp3hr_in": 0.0, "pcp6hr_in": 0.0, "pcp24hr_in": 0.0, "snow_in": 0.0, "vert_vis_ft": 0.0, "metar_type": "METAR", "elevation_m": 3.0, "municipality": "Mellita", "continent": "AF", "iso_country": "TN", "iso_region": "TN-82", "wikipedia_link": "https://en.wikipedia.org/wiki/Djerba-Zarzis_Airport" }, "geometry": { "type": "Point", "coordinates": [ 10.775, 33.875 ] } },
{ "type": "Feature", "properties": { "raw_text": "METAR DTTX 280100Z 01008KT 9999 SCT020 18/15 Q1013", "station_id": "DTTX", "observation_time": "2026-04-28T01:00:00.000Z", "latitude": 34.718, "longitude": 10.691, "temp_c": 18.0, "dewpoint_c": 15.0, "wind_dir_degrees": 10.0, "wind_speed_kt": 8.0, "wind_gust_kt": 0.0, "visibility_statute_mi": 6.0, "altim_in_hg": 29.91, "sea_level_pressure_mb": 0.0, "quality_control_flags": null, "wx_string": "", "sky_condition": null, "flight_category": "VFR", "three_hr_pressure_tendency_mb": 0.0, "maxT_c": 0.0, "minT_c": 0.0, "maxT24hr_c": 0.0, "minT24hr_c": 0.0, "precip_in": 0.0, "pcp3hr_in": 0.0, "pcp6hr_in": 0.0, "pcp24hr_in": 0.0, "snow_in": 0.0, "vert_vis_ft": 0.0, "metar_type": "METAR", "elevation_m": 17.0, "municipality": "Sfax", "continent": "AF", "iso_country": "TN", "iso_region": "TN-61", "wikipedia_link": "https://en.wikipedia.org/wiki/Thyna_Airport" }, "geometry": { "type": "Point", "coordinates": [ 10.691, 34.718 ] } },
{ "type": "Feature", "properties": { "raw_text": "METAR DXXX 280100Z 22004KT 9999 FEW012 28/25 Q1010 NOSIG", "station_id": "DXXX", "observation_time": "2026-04-28T01:00:00.000Z", "latitude": 6.166, "longitude": 1.254, "temp_c": 28.0, "dewpoint_c": 25.0, "wind_dir_degrees": 220.0, "wind_speed_kt": 4.0, "wind_gust_kt": 0.0, "visibility_statute_mi": 6.0, "altim_in_hg": 29.82, "sea_level_pressure_mb": 0.0, "quality_control_flags": null, "wx_string": "", "sky_condition": null, "flight_category": "VFR", "three_hr_pressure_tendency_mb": 0.0, "maxT_c": 0.0, "minT_c": 0.0, "maxT24hr_c": 0.0, "minT24hr_c": 0.0, "precip_in": 0.0, "pcp3hr_in": 0.0, "pcp6hr_in": 0.0, "pcp24hr_in": 0.0, "snow_in": 0.0, "vert_vis_ft": 0.0, "metar_type": "METAR", "elevation_m": 22.0, "municipality": "Lomé", "continent": "AF", "iso_country": "TG", "iso_region": "TG-M", "wikipedia_link": "https://en.wikipedia.org/wiki/Lom%C3%A9%E2%80%93Tokoin_International_Airport" }, "geometry": { "type": "Point", "coordinates": [ 1.254, 6.166 ] } },
{ "type": "Feature", "properties": { "raw_text": "METAR EBBR 280120Z 05006KT CAVOK 11/01 Q1020 NOSIG", "station_id": "EBBR", "observation_time": "2026-04-28T01:20:00.000Z", "latitude": 50.896, "longitude": 4.526, "temp_c": 11.0, "dewpoint_c": 1.0, "wind_dir_degrees": 50.0, "wind_speed_kt": 6.0, "wind_gust_kt": 0.0, "visibility_statute_mi": 6.0, "altim_in_hg": 30.12, "sea_level_pressure_mb": 0.0, "quality_control_flags": null, "wx_string": "", "sky_condition": null, "flight_category": "VFR", "three_hr_pressure_tendency_mb": 0.0, "maxT_c": 0.0, "minT_c": 0.0, "maxT24hr_c": 0.0, "minT24hr_c": 0.0, "precip_in": 0.0, "pcp3hr_in": 0.0, "pcp6hr_in": 0.0, "pcp24hr_in": 0.0, "snow_in": 0.0, "vert_vis_ft": 0.0, "metar_type": "METAR", "elevation_m": 49.0, "municipality": "Zaventem", "continent": "EU", "iso_country": "BE", "iso_region": "BE-VBR", "wikipedia_link": "https://en.wikipedia.org/wiki/Brussels_Airport" }, "geometry": { "type": "Point", "coordinates": [ 4.526, 50.896 ] } },
{ "type": "Feature", "properties": { "raw_text": "METAR EBCI 280120Z 03009KT CAVOK 10/01 Q1020 NOSIG", "station_id": "EBCI", "observation_time": "2026-04-28T01:20:00.000Z", "latitude": 50.459, "longitude": 4.454, "temp_c": 10.0, "dewpoint_c": 1.0, "wind_dir_degrees": 30.0, "wind_speed_kt": 9.0, "wind_gust_kt": 0.0, "visibility_statute_mi": 6.0, "altim_in_hg": 30.12, "sea_level_pressure_mb": 0.0, "quality_control_flags": null, "wx_string": "", "sky_condition": null, "flight_category": "VFR", "three_hr_pressure_tendency_mb": 0.0, "maxT_c": 0.0, "minT_c": 0.0, "maxT24hr_c": 0.0, "minT24hr_c": 0.0, "precip_in": 0.0, "pcp3hr_in": 0.0, "pcp6hr_in": 0.0, "pcp24hr_in": 0.0, "snow_in": 0.0, "vert_vis_ft": 0.0, "metar_type": "METAR", "elevation_m": 176.0, "municipality": "Charleroi", "continent": "EU", "iso_country": "BE", "iso_region": "BE-WHT", "wikipedia_link": "https://en.wikipedia.org/wiki/Brussels_South_Charleroi_Airport" }, "geometry": { "type": "Point", "coordinates": [ 4.454, 50.459 ] } },
{ "type": "Feature", "properties": { "raw_text": "METAR EBOS 280120Z 04010KT CAVOK 12/06 Q1021 NOSIG", "station_id": "EBOS", "observation_time": "2026-04-28T01:20:00.000Z", "latitude": 51.199, "longitude": 2.862, "temp_c": 12.0, "dewpoint_c": 6.0, "wind_dir_degrees": 40.0, "wind_speed_kt": 10.0, "wind_gust_kt": 0.0, "visibility_statute_mi": 6.0, "altim_in_hg": 30.15, "sea_level_pressure_mb": 0.0, "quality_control_flags": null, "wx_string": "", "sky_condition": null, "flight_category": "VFR", "three_hr_pressure_tendency_mb": 0.0, "maxT_c": 0.0, "minT_c": 0.0, "maxT24hr_c": 0.0, "minT24hr_c": 0.0, "precip_in": 0.0, "pcp3hr_in": 0.0, "pcp6hr_in": 0.0, "pcp24hr_in": 0.0, "snow_in": 0.0, "vert_vis_ft": 0.0, "metar_type": "METAR", "elevation_m": 5.0, "municipality": "Oostende", "continent": "EU", "iso_country": "BE", "iso_region": "BE-VWV", "wikipedia_link": "https://en.wikipedia.org/wiki/Ostend-Bruges_International_Airport" }, "geometry": { "type": "Point", "coordinates": [ 2.862, 51.199 ] } },
{ "type": "Feature", "properties": { "raw_text": "METAR EDDB 280120Z AUTO 06008KT CAVOK 05/M03 Q1024 NOSIG", "station_id": "EDDB", "observation_time": "2026-04-28T01:20:00.000Z", "latitude": 52.3807, "longitude": 13.5306, "temp_c": 5.0, "dewpoint_c": -3.0, "wind_dir_degrees": 60.0, "wind_speed_kt": 8.0, "wind_gust_kt": 0.0, "visibility_statute_mi": 6.0, "altim_in_hg": 30.24, "sea_level_pressure_mb": 0.0, "quality_control_flags": null, "wx_string": "", "sky_condition": null, "flight_category": "VFR", "three_hr_pressure_tendency_mb": 0.0, "maxT_c": 0.0, "minT_c": 0.0, "maxT24hr_c": 0.0, "minT24hr_c": 0.0, "precip_in": 0.0, "pcp3hr_in": 0.0, "pcp6hr_in": 0.0, "pcp24hr_in": 0.0, "snow_in": 0.0, "vert_vis_ft": 0.0, "metar_type": "METAR", "elevation_m": 48.0, "municipality": "Berlin", "continent": "EU", "iso_country": "DE", "iso_region": "DE-BR", "wikipedia_link": "https://en.wikipedia.org/wiki/Berlin_Brandenburg_Airport" }, "geometry": { "type": "Point", "coordinates": [ 13.5306, 52.3807 ] } },
{ "type": "Feature", "properties": { "raw_text": "METAR EDDC 280120Z AUTO VRB01KT CAVOK 06/00 Q1022", "station_id": "EDDC", "observation_time": "2026-04-28T01:20:00.000Z", "latitude": 51.128, "longitude": 13.7543, "temp_c": 6.0, "dewpoint_c": 0.0, "wind_dir_degrees": 0.0, "wind_speed_kt": 1.0, "wind_gust_kt": 0.0, "visibility_statute_mi": 6.0, "altim_in_hg": 30.18, "sea_level_pressure_mb": 0.0, "quality_control_flags": null, "wx_string": "", "sky_condition": null, "flight_category": "VFR", "three_hr_pressure_tendency_mb": 0.0, "maxT_c": 0.0, "minT_c": 0.0, "maxT24hr_c": 0.0, "minT24hr_c": 0.0, "precip_in": 0.0, "pcp3hr_in": 0.0, "pcp6hr_in": 0.0, "pcp24hr_in": 0.0, "snow_in": 0.0, "vert_vis_ft": 0.0, "metar_type": "METAR", "elevation_m": 227.0, "municipality": "Dresden", "continent": "EU", "iso_country": "DE", "iso_region": "DE-SN", "wikipedia_link": "https://en.wikipedia.org/wiki/Dresden_Airport" }, "geometry": { "type": "Point", "coordinates": [ 13.7543, 51.128 ] } },
{ "type": "Feature", "properties": { "raw_text": "METAR EDDE 280120Z AUTO 34004KT CAVOK 06/01 Q1021", "station_id": "EDDE", "observation_time": "2026-04-28T01:20:00.000Z", "latitude": 50.983, "longitude": 10.961, "temp_c": 6.0, "dewpoint_c": 1.0, "wind_dir_degrees": 340.0, "wind_speed_kt": 4.0, "wind_gust_kt": 0.0, "visibility_statute_mi": 6.0, "altim_in_hg": 30.15, "sea_level_pressure_mb": 0.0, "quality_control_flags": null, "wx_string": "", "sky_condition": null, "flight_category": "VFR", "three_hr_pressure_tendency_mb": 0.0, "maxT_c": 0.0, "minT_c": 0.0, "maxT24hr_c": 0.0, "minT24hr_c": 0.0, "precip_in": 0.0, "pcp3hr_in": 0.0, "pcp6hr_in": 0.0, "pcp24hr_in": 0.0, "snow_in": 0.0, "vert_vis_ft": 0.0, "metar_type": "METAR", "elevation_m": 314.0, "municipality": "Erfurt", "continent": "EU", "iso_country": "DE", "iso_region": "DE-TH", "wikipedia_link": "https://en.wikipedia.org/wiki/Erfurt_Airport" }, "geometry": { "type": "Point", "coordinates": [ 10.961, 50.983 ] } },
{ "type": "Feature", "properties": { "raw_text": "METAR EDDF 280120Z AUTO 02008KT CAVOK 12/02 Q1019 NOSIG", "station_id": "EDDF", "observation_time": "2026-04-28T01:20:00.000Z", "latitude": 50.045, "longitude": 8.598, "temp_c": 12.0, "dewpoint_c": 2.0, "wind_dir_degrees": 20.0, "wind_speed_kt": 8.0, "wind_gust_kt": 0.0, "visibility_statute_mi": 6.0, "altim_in_hg": 30.09, "sea_level_pressure_mb": 0.0, "quality_control_flags": null, "wx_string": "", "sky_condition": null, "flight_category": "VFR", "three_hr_pressure_tendency_mb": 0.0, "maxT_c": 0.0, "minT_c": 0.0, "maxT24hr_c": 0.0, "minT24hr_c": 0.0, "precip_in": 0.0, "pcp3hr_in": 0.0, "pcp6hr_in": 0.0, "pcp24hr_in": 0.0, "snow_in": 0.0, "vert_vis_ft": 0.0, "metar_type": "METAR", "elevation_m": 113.0, "municipality": "Frankfurt am Main", "continent": "EU", "iso_country": "DE", "iso_region": "DE-HE", "wikipedia_link": "https://en.wikipedia.org/wiki/Frankfurt_Airport" }, "geometry": { "type": "Point", "coordinates": [ 8.598, 50.045 ] } },
{ "type": "Feature", "properties": { "raw_text": "METAR EDDG 280120Z AUTO 05005KT 350V140 CAVOK 08/03 Q1022 NOSIG", "station_id": "EDDG", "observation_time": "2026-04-28T01:20:00.000Z", "latitude": 52.135, "longitude": 7.697, "temp_c": 8.0, "dewpoint_c": 3.0, "wind_dir_degrees": 50.0, "wind_speed_kt": 5.0, "wind_gust_kt": 0.0, "visibility_statute_mi": 6.0, "altim_in_hg": 30.18, "sea_level_pressure_mb": 0.0, "quality_control_flags": null, "wx_string": "", "sky_condition": null, "flight_category": "VFR", "three_hr_pressure_tendency_mb": 0.0, "maxT_c": 0.0, "minT_c": 0.0, "maxT24hr_c": 0.0, "minT24hr_c": 0.0, "precip_in": 0.0, "pcp3hr_in": 0.0, "pcp6hr_in": 0.0, "pcp24hr_in": 0.0, "snow_in": 0.0, "vert_vis_ft": 0.0, "metar_type": "METAR", "elevation_m": 46.0, "municipality": "Greven", "continent": "EU", "iso_country": "DE", "iso_region": "DE-NW", "wikipedia_link": "https://en.wikipedia.org/wiki/M%C3%BCnster_Osnabr%C3%BCck_International_Airport" }, "geometry": { "type": "Point", "coordinates": [ 7.697, 52.135 ] } },
{ "type": "Feature", "properties": { "raw_text": "METAR EDDH 280120Z AUTO 06006KT CAVOK 05/01 Q1025 NOSIG", "station_id": "EDDH", "observation_time": "2026-04-28T01:20:00.000Z", "latitude": 53.633, "longitude": 9.988, "temp_c": 5.0, "dewpoint_c": 1.0, "wind_dir_degrees": 60.0, "wind_speed_kt": 6.0, "wind_gust_kt": 0.0, "visibility_statute_mi": 6.0, "altim_in_hg": 30.27, "sea_level_pressure_mb": 0.0, "quality_control_flags": null, "wx_string": "", "sky_condition": null, "flight_category": "VFR", "three_hr_pressure_tendency_mb": 0.0, "maxT_c": 0.0, "minT_c": 0.0, "maxT24hr_c": 0.0, "minT24hr_c": 0.0, "precip_in": 0.0, "pcp3hr_in": 0.0, "pcp6hr_in": 0.0, "pcp24hr_in": 0.0, "snow_in": 0.0, "vert_vis_ft": 0.0, "metar_type": "METAR", "elevation_m": 8.0, "municipality": "Hamburg", "continent": "EU", "iso_country": "DE", "iso_region": "DE-HH", "wikipedia_link": "https://en.wikipedia.org/wiki/Hamburg_Airport" }, "geometry": { "type": "Point", "coordinates": [ 9.988, 53.633 ] } },
{ "type": "Feature", "properties": { "raw_text": "METAR EDDK 280120Z AUTO 06003KT CAVOK 07/02 Q1020 NOSIG", "station_id": "EDDK", "observation_time": "2026-04-28T01:20:00.000Z", "latitude": 50.865, "longitude": 7.157, "temp_c": 7.0, "dewpoint_c": 2.0, "wind_dir_degrees": 60.0, "wind_speed_kt": 3.0, "wind_gust_kt": 0.0, "visibility_statute_mi": 6.0, "altim_in_hg": 30.12, "sea_level_pressure_mb": 0.0, "quality_control_flags": null, "wx_string": "", "sky_condition": null, "flight_category": "VFR", "three_hr_pressure_tendency_mb": 0.0, "maxT_c": 0.0, "minT_c": 0.0, "maxT24hr_c": 0.0, "minT24hr_c": 0.0, "precip_in": 0.0, "pcp3hr_in": 0.0, "pcp6hr_in": 0.0, "pcp24hr_in": 0.0, "snow_in": 0.0, "vert_vis_ft": 0.0, "metar_type": "METAR", "elevation_m": 92.0, "municipality": "Köln (Cologne)", "continent": "EU", "iso_country": "DE", "iso_region": "DE-NW", "wikipedia_link": "https://en.wikipedia.org/wiki/Cologne_Bonn_Airport" }, "geometry": { "type": "Point", "coordinates": [ 7.157, 50.865 ] } },
{ "type": "Feature", "properties": { "raw_text": "METAR EDDL 280120Z AUTO 03008KT CAVOK 09/02 Q1020 NOSIG", "station_id": "EDDL", "observation_time": "2026-04-28T01:20:00.000Z", "latitude": 51.296, "longitude": 6.769, "temp_c": 9.0, "dewpoint_c": 2.0, "wind_dir_degrees": 30.0, "wind_speed_kt": 8.0, "wind_gust_kt": 0.0, "visibility_statute_mi": 6.0, "altim_in_hg": 30.12, "sea_level_pressure_mb": 0.0, "quality_control_flags": null, "wx_string": "", "sky_condition": null, "flight_category": "VFR", "three_hr_pressure_tendency_mb": 0.0, "maxT_c": 0.0, "minT_c": 0.0, "maxT24hr_c": 0.0, "minT24hr_c": 0.0, "precip_in": 0.0, "pcp3hr_in": 0.0, "pcp6hr_in": 0.0, "pcp24hr_in": 0.0, "snow_in": 0.0, "vert_vis_ft": 0.0, "metar_type": "METAR", "elevation_m": 37.0, "municipality": "Düsseldorf", "continent": "EU", "iso_country": "DE", "iso_region": "DE-NW", "wikipedia_link": "https://en.wikipedia.org/wiki/D%C3%BCsseldorf_Airport" }, "geometry": { "type": "Point", "coordinates": [ 6.769, 51.296 ] } },
{ "type": "Feature", "properties": { "raw_text": "METAR EDDM 280120Z AUTO VRB02KT CAVOK 05/01 Q1018 NOSIG", "station_id": "EDDM", "observation_time": "2026-04-28T01:20:00.000Z", "latitude": 48.348, "longitude": 11.813, "temp_c": 5.0, "dewpoint_c": 1.0, "wind_dir_degrees": 0.0, "wind_speed_kt": 2.0, "wind_gust_kt": 0.0, "visibility_statute_mi": 6.0, "altim_in_hg": 30.06, "sea_level_pressure_mb": 0.0, "quality_control_flags": null, "wx_string": "", "sky_condition": null, "flight_category": "VFR", "three_hr_pressure_tendency_mb": 0.0, "maxT_c": 0.0, "minT_c": 0.0, "maxT24hr_c": 0.0, "minT24hr_c": 0.0, "precip_in": 0.0, "pcp3hr_in": 0.0, "pcp6hr_in": 0.0, "pcp24hr_in": 0.0, "snow_in": 0.0, "vert_vis_ft": 0.0, "metar_type": "METAR", "elevation_m": 445.0, "municipality": "Munich", "continent": "EU", "iso_country": "DE", "iso_region": "DE-BY", "wikipedia_link": "https://en.wikipedia.org/wiki/Munich_Airport" }, "geometry": { "type": "Point", "coordinates": [ 11.813, 48.348 ] } },
{ "type": "Feature", "properties": { "raw_text": "METAR EDDN 280120Z AUTO VRB02KT CAVOK 09/02 Q1019", "station_id": "EDDN", "observation_time": "2026-04-28T01:20:00.000Z", "latitude": 49.503, "longitude": 11.055, "temp_c": 9.0, "dewpoint_c": 2.0, "wind_dir_degrees": 0.0, "wind_speed_kt": 2.0, "wind_gust_kt": 0.0, "visibility_statute_mi": 6.0, "altim_in_hg": 30.09, "sea_level_pressure_mb": 0.0, "quality_control_flags": null, "wx_string": "", "sky_condition": null, "flight_category": "VFR", "three_hr_pressure_tendency_mb": 0.0, "maxT_c": 0.0, "minT_c": 0.0, "maxT24hr_c": 0.0, "minT24hr_c": 0.0, "precip_in": 0.0, "pcp3hr_in": 0.0, "pcp6hr_in": 0.0, "pcp24hr_in": 0.0, "snow_in": 0.0, "vert_vis_ft": 0.0, "metar_type": "METAR", "elevation_m": 312.0, "municipality": "Nuremberg", "continent": "EU", "iso_country": "DE", "iso_region": "DE-BY", "wikipedia_link": "https://en.wikipedia.org/wiki/Nuremberg_Airport" }, "geometry": { "type": "Point", "coordinates": [ 11.055, 49.503 ] } },
{ "type": "Feature", "properties": { "raw_text": "METAR EDDP 280120Z AUTO 05008KT CAVOK 06/01 Q1022 NOSIG", "station_id": "EDDP", "observation_time": "2026-04-28T01:20:00.000Z", "latitude": 51.435, "longitude": 12.24, "temp_c": 6.0, "dewpoint_c": 1.0, "wind_dir_degrees": 50.0, "wind_speed_kt": 8.0, "wind_gust_kt": 0.0, "visibility_statute_mi": 6.0, "altim_in_hg": 30.18, "sea_level_pressure_mb": 0.0, "quality_control_flags": null, "wx_string": "", "sky_condition": null, "flight_category": "VFR", "three_hr_pressure_tendency_mb": 0.0, "maxT_c": 0.0, "minT_c": 0.0, "maxT24hr_c": 0.0, "minT24hr_c": 0.0, "precip_in": 0.0, "pcp3hr_in": 0.0, "pcp6hr_in": 0.0, "pcp24hr_in": 0.0, "snow_in": 0.0, "vert_vis_ft": 0.0, "metar_type": "METAR", "elevation_m": 129.0, "municipality": "Schkeuditz", "continent": "EU", "iso_country": "DE", "iso_region": "DE-SN", "wikipedia_link": "https://en.wikipedia.org/wiki/Leipzig/Halle_Airport" }, "geometry": { "type": "Point", "coordinates": [ 12.24, 51.435 ] } },
{ "type": "Feature", "properties": { "raw_text": "METAR EDDS 280120Z AUTO 24002KT CAVOK 08/02 Q1016", "station_id": "EDDS", "observation_time": "2026-04-28T01:20:00.000Z", "latitude": 48.69, "longitude": 9.222, "temp_c": 8.0, "dewpoint_c": 2.0, "wind_dir_degrees": 240.0, "wind_speed_kt": 2.0, "wind_gust_kt": 0.0, "visibility_statute_mi": 6.0, "altim_in_hg": 30.0, "sea_level_pressure_mb": 0.0, "quality_control_flags": null, "wx_string": "", "sky_condition": null, "flight_category": "VFR", "three_hr_pressure_tendency_mb": 0.0, "maxT_c": 0.0, "minT_c": 0.0, "maxT24hr_c": 0.0, "minT24hr_c": 0.0, "precip_in": 0.0, "pcp3hr_in": 0.0, "pcp6hr_in": 0.0, "pcp24hr_in": 0.0, "snow_in": 0.0, "vert_vis_ft": 0.0, "metar_type": "METAR", "elevation_m": 374.0, "municipality": "Stuttgart", "continent": "EU", "iso_country": "DE", "iso_region": "DE-BW", "wikipedia_link": "https://en.wikipedia.org/wiki/Stuttgart_Airport" }, "geometry": { "type": "Point", "coordinates": [ 9.222, 48.69 ] } },
{ "type": "Feature", "properties": { "raw_text": "METAR EDDV 280120Z AUTO 06004KT CAVOK 05/01 Q1024", "station_id": "EDDV", "observation_time": "2026-04-28T01:20:00.000Z", "latitude": 52.466, "longitude": 9.68, "temp_c": 5.0, "dewpoint_c": 1.0, "wind_dir_degrees": 60.0, "wind_speed_kt": 4.0, "wind_gust_kt": 0.0, "visibility_statute_mi": 6.0, "altim_in_hg": 30.24, "sea_level_pressure_mb": 0.0, "quality_control_flags": null, "wx_string": "", "sky_condition": null, "flight_category": "VFR", "three_hr_pressure_tendency_mb": 0.0, "maxT_c": 0.0, "minT_c": 0.0, "maxT24hr_c": 0.0, "minT24hr_c": 0.0, "precip_in": 0.0, "pcp3hr_in": 0.0, "pcp6hr_in": 0.0, "pcp24hr_in": 0.0, "snow_in": 0.0, "vert_vis_ft": 0.0, "metar_type": "METAR", "elevation_m": 53.0, "municipality": "Hannover", "continent": "EU", "iso_country": "DE", "iso_region": "DE-NI", "wikipedia_link": "https://en.wikipedia.org/wiki/Hanover/Langenhagen_International_Airport" }, "geometry": { "type": "Point", "coordinates": [ 9.68, 52.466 ] } },
{ "type": "Feature", "properties": { "raw_text": "METAR EDDW 280120Z AUTO 06007KT CAVOK 06/M01 Q1024", "station_id": "EDDW", "observation_time": "2026-04-28T01:20:00.000Z", "latitude": 53.047, "longitude": 8.787, "temp_c": 6.0, "dewpoint_c": -1.0, "wind_dir_degrees": 60.0, "wind_speed_kt": 7.0, "wind_gust_kt": 0.0, "visibility_statute_mi": 6.0, "altim_in_hg": 30.24, "sea_level_pressure_mb": 0.0, "quality_control_flags": null, "wx_string": "", "sky_condition": null, "flight_category": "VFR", "three_hr_pressure_tendency_mb": 0.0, "maxT_c": 0.0, "minT_c": 0.0, "maxT24hr_c": 0.0, "minT24hr_c": 0.0, "precip_in": 0.0, "pcp3hr_in": 0.0, "pcp6hr_in": 0.0, "pcp24hr_in": 0.0, "snow_in": 0.0, "vert_vis_ft": 0.0, "metar_type": "METAR", "elevation_m": 5.0, "municipality": "Bremen", "continent": "EU", "iso_country": "DE", "iso_region": "DE-HB", "wikipedia_link": "https://en.wikipedia.org/wiki/Bremen_Airport" }, "geometry": { "type": "Point", "coordinates": [ 8.787, 53.047 ] } },
{ "type": "Feature", "properties": { "raw_text": "METAR EDFH 280120Z 08008KT CAVOK 09/00 Q1018", "station_id": "EDFH", "observation_time": "2026-04-28T01:20:00.000Z", "latitude": 49.946, "longitude": 7.265, "temp_c": 9.0, "dewpoint_c": 0.0, "wind_dir_degrees": 80.0, "wind_speed_kt": 8.0, "wind_gust_kt": 0.0, "visibility_statute_mi": 6.0, "altim_in_hg": 30.06, "sea_level_pressure_mb": 0.0, "quality_control_flags": null, "wx_string": "", "sky_condition": null, "flight_category": "VFR", "three_hr_pressure_tendency_mb": 0.0, "maxT_c": 0.0, "minT_c": 0.0, "maxT24hr_c": 0.0, "minT24hr_c": 0.0, "precip_in": 0.0, "pcp3hr_in": 0.0, "pcp6hr_in": 0.0, "pcp24hr_in": 0.0, "snow_in": 0.0, "vert_vis_ft": 0.0, "metar_type": "METAR", "elevation_m": 494.0, "municipality": "Frankfurt am Main (Lautzenhausen)", "continent": "EU", "iso_country": "DE", "iso_region": "DE-RP", "wikipedia_link": "https://en.wikipedia.org/wiki/Frankfurt-Hahn_Airport" }, "geometry": { "type": "Point", "coordinates": [ 7.265, 49.946 ] } },
{ "type": "Feature", "properties": { "raw_text": "METAR EDJA 280120Z AUTO 04005KT 9999 // BKN190/// 04/00 Q1017", "station_id": "EDJA", "observation_time": "2026-04-28T01:20:00.000Z", "latitude": 47.989, "longitude": 10.239, "temp_c": 4.0, "dewpoint_c": 0.0, "wind_dir_degrees": 40.0, "wind_speed_kt": 5.0, "wind_gust_kt": 0.0, "visibility_statute_mi": 6.0, "altim_in_hg": 30.03, "sea_level_pressure_mb": 0.0, "quality_control_flags": null, "wx_string": "", "sky_condition": null, "flight_category": "VFR", "three_hr_pressure_tendency_mb": 0.0, "maxT_c": 0.0, "minT_c": 0.0, "maxT24hr_c": 0.0, "minT24hr_c": 0.0, "precip_in": 0.0, "pcp3hr_in": 0.0, "pcp6hr_in": 0.0, "pcp24hr_in": 0.0, "snow_in": 0.0, "vert_vis_ft": 0.0, "metar_type": "METAR", "elevation_m": 625.0, "municipality": "Memmingen", "continent": "EU", "iso_country": "DE", "iso_region": "DE-BY", "wikipedia_link": "https://en.wikipedia.org/wiki/Memmingen_Airport" }, "geometry": { "type": "Point", "coordinates": [ 10.239, 47.989 ] } },
{ "type": "Feature", "properties": { "raw_text": "METAR EDLP 280120Z 12004KT CAVOK 07/02 Q1021", "station_id": "EDLP", "observation_time": "2026-04-28T01:20:00.000Z", "latitude": 51.614, "longitude": 8.616, "temp_c": 7.0, "dewpoint_c": 2.0, "wind_dir_degrees": 120.0, "wind_speed_kt": 4.0, "wind_gust_kt": 0.0, "visibility_statute_mi": 6.0, "altim_in_hg": 30.15, "sea_level_pressure_mb": 0.0, "quality_control_flags": null, "wx_string": "", "sky_condition": null, "flight_category": "VFR", "three_hr_pressure_tendency_mb": 0.0, "maxT_c": 0.0, "minT_c": 0.0, "maxT24hr_c": 0.0, "minT24hr_c": 0.0, "precip_in": 0.0, "pcp3hr_in": 0.0, "pcp6hr_in": 0.0, "pcp24hr_in": 0.0, "snow_in": 0.0, "vert_vis_ft": 0.0, "metar_type": "METAR", "elevation_m": 211.0, "municipality": "Büren", "continent": "EU", "iso_country": "DE", "iso_region": "DE-NW", "wikipedia_link": "https://en.wikipedia.org/wiki/Paderborn_Lippstadt_Airport" }, "geometry": { "type": "Point", "coordinates": [ 8.616, 51.614 ] } },
{ "type": "Feature", "properties": { "raw_text": "METAR EDLV 280120Z AUTO 04005KT 350V110 9999 // OVC130/// 09/03 Q1021", "station_id": "EDLV", "observation_time": "2026-04-28T01:20:00.000Z", "latitude": 51.602, "longitude": 6.142, "temp_c": 9.0, "dewpoint_c": 3.0, "wind_dir_degrees": 40.0, "wind_speed_kt": 5.0, "wind_gust_kt": 0.0, "visibility_statute_mi": 6.0, "altim_in_hg": 30.15, "sea_level_pressure_mb": 0.0, "quality_control_flags": null, "wx_string": "", "sky_condition": null, "flight_category": "VFR", "three_hr_pressure_tendency_mb": 0.0, "maxT_c": 0.0, "minT_c": 0.0, "maxT24hr_c": 0.0, "minT24hr_c": 0.0, "precip_in": 0.0, "pcp3hr_in": 0.0, "pcp6hr_in": 0.0, "pcp24hr_in": 0.0, "snow_in": 0.0, "vert_vis_ft": 0.0, "metar_type": "METAR", "elevation_m": 27.0, "municipality": "Weeze", "continent": "EU", "iso_country": "DE", "iso_region": "DE-NW", "wikipedia_link": "https://en.wikipedia.org/wiki/Airport_Weeze" }, "geometry": { "type": "Point", "coordinates": [ 6.142, 51.602 ] } },
{ "type": "Feature", "properties": { "raw_text": "METAR EDLW 280120Z AUTO 04003KT 9999 // SCT140/// BKN160/// 06/02 Q1021", "station_id": "EDLW", "observation_time": "2026-04-28T01:20:00.000Z", "latitude": 51.518, "longitude": 7.612, "temp_c": 6.0, "dewpoint_c": 2.0, "wind_dir_degrees": 40.0, "wind_speed_kt": 3.0, "wind_gust_kt": 0.0, "visibility_statute_mi": 6.0, "altim_in_hg": 30.15, "sea_level_pressure_mb": 0.0, "quality_control_flags": null, "wx_string": "", "sky_condition": null, "flight_category": "VFR", "three_hr_pressure_tendency_mb": 0.0, "maxT_c": 0.0, "minT_c": 0.0, "maxT24hr_c": 0.0, "minT24hr_c": 0.0, "precip_in": 0.0, "pcp3hr_in": 0.0, "pcp6hr_in": 0.0, "pcp24hr_in": 0.0, "snow_in": 0.0, "vert_vis_ft": 0.0, "metar_type": "METAR", "elevation_m": 122.0, "municipality": "Dortmund", "continent": "EU", "iso_country": "DE", "iso_region": "DE-NW", "wikipedia_link": "https://en.wikipedia.org/wiki/Dortmund_Airport" }, "geometry": { "type": "Point", "coordinates": [ 7.612, 51.518 ] } },
{ "type": "Feature", "properties": { "raw_text": "METAR EDNY 280120Z AUTO 07005KT 9999 // BKN240/// 08/02 Q1017", "station_id": "EDNY", "observation_time": "2026-04-28T01:20:00.000Z", "latitude": 47.671, "longitude": 9.511, "temp_c": 8.0, "dewpoint_c": 2.0, "wind_dir_degrees": 70.0, "wind_speed_kt": 5.0, "wind_gust_kt": 0.0, "visibility_statute_mi": 6.0, "altim_in_hg": 30.03, "sea_level_pressure_mb": 0.0, "quality_control_flags": null, "wx_string": "", "sky_condition": null, "flight_category": "VFR", "three_hr_pressure_tendency_mb": 0.0, "maxT_c": 0.0, "minT_c": 0.0, "maxT24hr_c": 0.0, "minT24hr_c": 0.0, "precip_in": 0.0, "pcp3hr_in": 0.0, "pcp6hr_in": 0.0, "pcp24hr_in": 0.0, "snow_in": 0.0, "vert_vis_ft": 0.0, "metar_type": "METAR", "elevation_m": 411.0, "municipality": "Friedrichshafen", "continent": "EU", "iso_country": "DE", "iso_region": "DE-BW", "wikipedia_link": "https://en.wikipedia.org/wiki/Friedrichshafen_Airport" }, "geometry": { "type": "Point", "coordinates": [ 9.511, 47.671 ] } },
{ "type": "Feature", "properties": { "raw_text": "METAR EDSB 280120Z AUTO 03007KT 9999 SCT220/// 10/03 Q1016", "station_id": "EDSB", "observation_time": "2026-04-28T01:20:00.000Z", "latitude": 48.779, "longitude": 8.081, "temp_c": 10.0, "dewpoint_c": 3.0, "wind_dir_degrees": 30.0, "wind_speed_kt": 7.0, "wind_gust_kt": 0.0, "visibility_statute_mi": 6.0, "altim_in_hg": 30.0, "sea_level_pressure_mb": 0.0, "quality_control_flags": null, "wx_string": "", "sky_condition": null, "flight_category": "VFR", "three_hr_pressure_tendency_mb": 0.0, "maxT_c": 0.0, "minT_c": 0.0, "maxT24hr_c": 0.0, "minT24hr_c": 0.0, "precip_in": 0.0, "pcp3hr_in": 0.0, "pcp6hr_in": 0.0, "pcp24hr_in": 0.0, "snow_in": 0.0, "vert_vis_ft": 0.0, "metar_type": "METAR", "elevation_m": 122.0, "municipality": "Rheinmünster", "continent": "EU", "iso_country": "DE", "iso_region": "DE-BW", "wikipedia_link": "https://en.wikipedia.org/wiki/Baden_Airpark" }, "geometry": { "type": "Point", "coordinates": [ 8.081, 48.779 ] } },
{ "type": "Feature", "properties": { "raw_text": "METAR EDVK 280120Z AUTO 04005KT 9999 // FEW150/// 06/01 Q1021", "station_id": "EDVK", "observation_time": "2026-04-28T01:20:00.000Z", "latitude": 51.421, "longitude": 9.388, "temp_c": 6.0, "dewpoint_c": 1.0, "wind_dir_degrees": 40.0, "wind_speed_kt": 5.0, "wind_gust_kt": 0.0, "visibility_statute_mi": 6.0, "altim_in_hg": 30.15, "sea_level_pressure_mb": 0.0, "quality_control_flags": null, "wx_string": "", "sky_condition": null, "flight_category": "VFR", "three_hr_pressure_tendency_mb": 0.0, "maxT_c": 0.0, "minT_c": 0.0, "maxT24hr_c": 0.0, "minT24hr_c": 0.0, "precip_in": 0.0, "pcp3hr_in": 0.0, "pcp6hr_in": 0.0, "pcp24hr_in": 0.0, "snow_in": 0.0, "vert_vis_ft": 0.0, "metar_type": "METAR", "elevation_m": 262.0, "municipality": "Calden", "continent": "EU", "iso_country": "DE", "iso_region": "DE-HE", "wikipedia_link": "https://en.wikipedia.org/wiki/Kassel_Airport" }, "geometry": { "type": "Point", "coordinates": [ 9.388, 51.421 ] } },
{ "type": "Feature", "properties": { "raw_text": "METAR EETN 280150Z 34011KT CAVOK 03/M04 Q1016", "station_id": "EETN", "observation_time": "2026-04-28T01:50:00.000Z", "latitude": 59.413, "longitude": 24.801, "temp_c": 3.0, "dewpoint_c": -4.0, "wind_dir_degrees": 340.0, "wind_speed_kt": 11.0, "wind_gust_kt": 0.0, "visibility_statute_mi": 6.0, "altim_in_hg": 30.0, "sea_level_pressure_mb": 0.0, "quality_control_flags": null, "wx_string": "", "sky_condition": null, "flight_category": "VFR", "three_hr_pressure_tendency_mb": 0.0, "maxT_c": 0.0, "minT_c": 0.0, "maxT24hr_c": 0.0, "minT24hr_c": 0.0, "precip_in": 0.0, "pcp3hr_in": 0.0, "pcp6hr_in": 0.0, "pcp24hr_in": 0.0, "snow_in": 0.0, "vert_vis_ft": 0.0, "metar_type": "METAR", "elevation_m": 41.0, "municipality": "Tallinn", "continent": "EU", "iso_country": "EE", "iso_region": "EE-37", "wikipedia_link": "https://en.wikipedia.org/wiki/Tallinn_Airport" }, "geometry": { "type": "Point", "coordinates": [ 24.801, 59.413 ] } },
{ "type": "Feature", "properties": { "raw_text": "METAR EFHK 280150Z 31011KT CAVOK 00/M06 Q1016 NOSIG", "station_id": "EFHK", "observation_time": "2026-04-28T01:50:00.000Z", "latitude": 60.327, "longitude": 24.957, "temp_c": 0.0, "dewpoint_c": -6.0, "wind_dir_degrees": 310.0, "wind_speed_kt": 11.0, "wind_gust_kt": 0.0, "visibility_statute_mi": 6.0, "altim_in_hg": 30.0, "sea_level_pressure_mb": 0.0, "quality_control_flags": null, "wx_string": "", "sky_condition": null, "flight_category": "VFR", "three_hr_pressure_tendency_mb": 0.0, "maxT_c": 0.0, "minT_c": 0.0, "maxT24hr_c": 0.0, "minT24hr_c": 0.0, "precip_in": 0.0, "pcp3hr_in": 0.0, "pcp6hr_in": 0.0, "pcp24hr_in": 0.0, "snow_in": 0.0, "vert_vis_ft": 0.0, "metar_type": "METAR", "elevation_m": 56.0, "municipality": "Helsinki (Vantaa)", "continent": "EU", "iso_country": "FI", "iso_region": "FI-18", "wikipedia_link": "https://en.wikipedia.org/wiki/Helsinki_Airport" }, "geometry": { "type": "Point", "coordinates": [ 24.957, 60.327 ] } },
{ "type": "Feature", "properties": { "raw_text": "METAR EFIV 280150Z AUTO 33009KT 300V360 9999 -SHSN NSC M02/M06 Q1021", "station_id": "EFIV", "observation_time": "2026-04-28T01:50:00.000Z", "latitude": 68.607, "longitude": 27.405, "temp_c": -2.0, "dewpoint_c": -6.0, "wind_dir_degrees": 330.0, "wind_speed_kt": 9.0, "wind_gust_kt": 0.0, "visibility_statute_mi": 6.0, "altim_in_hg": 30.15, "sea_level_pressure_mb": 0.0, "quality_control_flags": null, "wx_string": "-SHSN", "sky_condition": null, "flight_category": "VFR", "three_hr_pressure_tendency_mb": 0.0, "maxT_c": 0.0, "minT_c": 0.0, "maxT24hr_c": 0.0, "minT24hr_c": 0.0, "precip_in": 0.0, "pcp3hr_in": 0.0, "pcp6hr_in": 0.0, "pcp24hr_in": 0.0, "snow_in": 0.0, "vert_vis_ft": 0.0, "metar_type": "METAR", "elevation_m": 145.0, "municipality": "Ivalo", "continent": "EU", "iso_country": "FI", "iso_region": "FI-10", "wikipedia_link": "https://en.wikipedia.org/wiki/Ivalo_Airport" }, "geometry": { "type": "Point", "coordinates": [ 27.405, 68.607 ] } },
{ "type": "Feature", "properties": { "raw_text": "METAR EFKT 280120Z AUTO 34009KT CAVOK M04/M07 Q1022", "station_id": "EFKT", "observation_time": "2026-04-28T01:20:00.000Z", "latitude": 67.701, "longitude": 24.847, "temp_c": -4.0, "dewpoint_c": -7.0, "wind_dir_degrees": 340.0, "wind_speed_kt": 9.0, "wind_gust_kt": 0.0, "visibility_statute_mi": 6.0, "altim_in_hg": 30.18, "sea_level_pressure_mb": 0.0, "quality_control_flags": null, "wx_string": "", "sky_condition": null, "flight_category": "VFR", "three_hr_pressure_tendency_mb": 0.0, "maxT_c": 0.0, "minT_c": 0.0, "maxT24hr_c": 0.0, "minT24hr_c": 0.0, "precip_in": 0.0, "pcp3hr_in": 0.0, "pcp6hr_in": 0.0, "pcp24hr_in": 0.0, "snow_in": 0.0, "vert_vis_ft": 0.0, "metar_type": "METAR", "elevation_m": 190.0, "municipality": "Kittilä", "continent": "EU", "iso_country": "FI", "iso_region": "FI-10", "wikipedia_link": "https://en.wikipedia.org/wiki/Kittil%C3%A4_Airport" }, "geometry": { "type": "Point", "coordinates": [ 24.847, 67.701 ] } },
{ "type": "Feature", "properties": { "raw_text": "METAR EFKU 280120Z AUTO 34013KT CAVOK M00/M05 Q1014", "station_id": "EFKU", "observation_time": "2026-04-28T01:20:00.000Z", "latitude": 63.008, "longitude": 27.799, "temp_c": 0.0, "dewpoint_c": -5.0, "wind_dir_degrees": 340.0, "wind_speed_kt": 13.0, "wind_gust_kt": 0.0, "visibility_statute_mi": 6.0, "altim_in_hg": 29.94, "sea_level_pressure_mb": 0.0, "quality_control_flags": null, "wx_string": "", "sky_condition": null, "flight_category": "VFR", "three_hr_pressure_tendency_mb": 0.0, "maxT_c": 0.0, "minT_c": 0.0, "maxT24hr_c": 0.0, "minT24hr_c": 0.0, "precip_in": 0.0, "pcp3hr_in": 0.0, "pcp6hr_in": 0.0, "pcp24hr_in": 0.0, "snow_in": 0.0, "vert_vis_ft": 0.0, "metar_type": "METAR", "elevation_m": 92.0, "municipality": "Kuopio / Siilinjärvi", "continent": "EU", "iso_country": "FI", "iso_region": "FI-15", "wikipedia_link": "https://en.wikipedia.org/wiki/Kuopio_Airport" }, "geometry": { "type": "Point", "coordinates": [ 27.799, 63.008 ] } },
{ "type": "Feature", "properties": { "raw_text": "METAR EFLP 280120Z AUTO 34011KT 310V010 CAVOK 01/M04 Q1011", "station_id": "EFLP", "observation_time": "2026-04-28T01:20:00.000Z", "latitude": 61.044, "longitude": 28.151, "temp_c": 1.0, "dewpoint_c": -4.0, "wind_dir_degrees": 340.0, "wind_speed_kt": 11.0, "wind_gust_kt": 0.0, "visibility_statute_mi": 6.0, "altim_in_hg": 29.85, "sea_level_pressure_mb": 0.0, "quality_control_flags": null, "wx_string": "", "sky_condition": null, "flight_category": "VFR", "three_hr_pressure_tendency_mb": 0.0, "maxT_c": 0.0, "minT_c": 0.0, "maxT24hr_c": 0.0, "minT24hr_c": 0.0, "precip_in": 0.0, "pcp3hr_in": 0.0, "pcp6hr_in": 0.0, "pcp24hr_in": 0.0, "snow_in": 0.0, "vert_vis_ft": 0.0, "metar_type": "METAR", "elevation_m": 102.0, "municipality": "Lappeenranta", "continent": "EU", "iso_country": "FI", "iso_region": "FI-02", "wikipedia_link": "https://en.wikipedia.org/wiki/Lappeenranta_Airport" }, "geometry": { "type": "Point", "coordinates": [ 28.151, 61.044 ] } },
{ "type": "Feature", "properties": { "raw_text": "METAR EFMA 280150Z AUTO 34004KT CAVOK 01/M01 Q1023", "station_id": "EFMA", "observation_time": "2026-04-28T01:50:00.000Z", "latitude": 60.125, "longitude": 19.903, "temp_c": 1.0, "dewpoint_c": -1.0, "wind_dir_degrees": 340.0, "wind_speed_kt": 4.0, "wind_gust_kt": 0.0, "visibility_statute_mi": 6.0, "altim_in_hg": 30.21, "sea_level_pressure_mb": 0.0, "quality_control_flags": null, "wx_string": "", "sky_condition": null, "flight_category": "VFR", "three_hr_pressure_tendency_mb": 0.0, "maxT_c": 0.0, "minT_c": 0.0, "maxT24hr_c": 0.0, "minT24hr_c": 0.0, "precip_in": 0.0, "pcp3hr_in": 0.0, "pcp6hr_in": 0.0, "pcp24hr_in": 0.0, "snow_in": 0.0, "vert_vis_ft": 0.0, "metar_type": "METAR", "elevation_m": 6.0, "municipality": "Mariehamn", "continent": "EU", "iso_country": "FI", "iso_region": "FI-01", "wikipedia_link": "https://en.wikipedia.org/wiki/Mariehamn_Airport" }, "geometry": { "type": "Point", "coordinates": [ 19.903, 60.125 ] } },
{ "type": "Feature", "properties": { "raw_text": "METAR EFOU 280150Z AUTO 36011KT CAVOK M00/M06 Q1020", "station_id": "EFOU", "observation_time": "2026-04-28T01:50:00.000Z", "latitude": 64.93, "longitude": 25.355, "temp_c": 0.0, "dewpoint_c": -6.0, "wind_dir_degrees": 360.0, "wind_speed_kt": 11.0, "wind_gust_kt": 0.0, "visibility_statute_mi": 6.0, "altim_in_hg": 30.12, "sea_level_pressure_mb": 0.0, "quality_control_flags": null, "wx_string": "", "sky_condition": null, "flight_category": "VFR", "three_hr_pressure_tendency_mb": 0.0, "maxT_c": 0.0, "minT_c": 0.0, "maxT24hr_c": 0.0, "minT24hr_c": 0.0, "precip_in": 0.0, "pcp3hr_in": 0.0, "pcp6hr_in": 0.0, "pcp24hr_in": 0.0, "snow_in": 0.0, "vert_vis_ft": 0.0, "metar_type": "METAR", "elevation_m": 15.0, "municipality": "Oulu / Oulunsalo", "continent": "EU", "iso_country": "FI", "iso_region": "FI-14", "wikipedia_link": "https://en.wikipedia.org/wiki/Oulu_Airport" }, "geometry": { "type": "Point", "coordinates": [ 25.355, 64.93 ] } },
{ "type": "Feature", "properties": { "raw_text": "METAR EFRO 280150Z AUTO 34010KT 300V010 CAVOK M03/M07 Q1020", "station_id": "EFRO", "observation_time": "2026-04-28T01:50:00.000Z", "latitude": 66.562, "longitude": 25.829, "temp_c": -3.0, "dewpoint_c": -7.0, "wind_dir_degrees": 340.0, "wind_speed_kt": 10.0, "wind_gust_kt": 0.0, "visibility_statute_mi": 6.0, "altim_in_hg": 30.12, "sea_level_pressure_mb": 0.0, "quality_control_flags": null, "wx_string": "", "sky_condition": null, "flight_category": "VFR", "three_hr_pressure_tendency_mb": 0.0, "maxT_c": 0.0, "minT_c": 0.0, "maxT24hr_c": 0.0, "minT24hr_c": 0.0, "precip_in": 0.0, "pcp3hr_in": 0.0, "pcp6hr_in": 0.0, "pcp24hr_in": 0.0, "snow_in": 0.0, "vert_vis_ft": 0.0, "metar_type": "METAR", "elevation_m": 201.0, "municipality": "Rovaniemi", "continent": "EU", "iso_country": "FI", "iso_region": "FI-10", "wikipedia_link": "https://en.wikipedia.org/wiki/Rovaniemi_Airport" }, "geometry": { "type": "Point", "coordinates": [ 25.829, 66.562 ] } },
{ "type": "Feature", "properties": { "raw_text": "METAR EFTP 280150Z AUTO 34007KT 310V020 CAVOK M00/M06 Q1018", "station_id": "EFTP", "observation_time": "2026-04-28T01:50:00.000Z", "latitude": 61.419, "longitude": 23.616, "temp_c": 0.0, "dewpoint_c": -6.0, "wind_dir_degrees": 340.0, "wind_speed_kt": 7.0, "wind_gust_kt": 0.0, "visibility_statute_mi": 6.0, "altim_in_hg": 30.06, "sea_level_pressure_mb": 0.0, "quality_control_flags": null, "wx_string": "", "sky_condition": null, "flight_category": "VFR", "three_hr_pressure_tendency_mb": 0.0, "maxT_c": 0.0, "minT_c": 0.0, "maxT24hr_c": 0.0, "minT24hr_c": 0.0, "precip_in": 0.0, "pcp3hr_in": 0.0, "pcp6hr_in": 0.0, "pcp24hr_in": 0.0, "snow_in": 0.0, "vert_vis_ft": 0.0, "metar_type": "METAR", "elevation_m": 111.0, "municipality": "Tampere / Pirkkala", "continent": "EU", "iso_country": "FI", "iso_region": "FI-11", "wikipedia_link": "https://en.wikipedia.org/wiki/Tampere-Pirkkala_Airport" }, "geometry": { "type": "Point", "coordinates": [ 23.616, 61.419 ] } },
{ "type": "Feature", "properties": { "raw_text": "METAR EFTU 280150Z AUTO 34006KT 310V040 CAVOK 01/M07 Q1020", "station_id": "EFTU", "observation_time": "2026-04-28T01:50:00.000Z", "latitude": 60.514, "longitude": 22.263, "temp_c": 1.0, "dewpoint_c": -7.0, "wind_dir_degrees": 340.0, "wind_speed_kt": 6.0, "wind_gust_kt": 0.0, "visibility_statute_mi": 6.0, "altim_in_hg": 30.12, "sea_level_pressure_mb": 0.0, "quality_control_flags": null, "wx_string": "", "sky_condition": null, "flight_category": "VFR", "three_hr_pressure_tendency_mb": 0.0, "maxT_c": 0.0, "minT_c": 0.0, "maxT24hr_c": 0.0, "minT24hr_c": 0.0, "precip_in": 0.0, "pcp3hr_in": 0.0, "pcp6hr_in": 0.0, "pcp24hr_in": 0.0, "snow_in": 0.0, "vert_vis_ft": 0.0, "metar_type": "METAR", "elevation_m": 47.0, "municipality": "Turku", "continent": "EU", "iso_country": "FI", "iso_region": "FI-19", "wikipedia_link": "https://en.wikipedia.org/wiki/Turku_Airport" }, "geometry": { "type": "Point", "coordinates": [ 22.263, 60.514 ] } },
{ "type": "Feature", "properties": { "raw_text": "METAR EFVA 280150Z AUTO 35007KT CAVOK M01/M05 Q1023", "station_id": "EFVA", "observation_time": "2026-04-28T01:50:00.000Z", "latitude": 63.051, "longitude": 21.762, "temp_c": -1.0, "dewpoint_c": -5.0, "wind_dir_degrees": 350.0, "wind_speed_kt": 7.0, "wind_gust_kt": 0.0, "visibility_statute_mi": 6.0, "altim_in_hg": 30.21, "sea_level_pressure_mb": 0.0, "quality_control_flags": null, "wx_string": "", "sky_condition": null, "flight_category": "VFR", "three_hr_pressure_tendency_mb": 0.0, "maxT_c": 0.0, "minT_c": 0.0, "maxT24hr_c": 0.0, "minT24hr_c": 0.0, "precip_in": 0.0, "pcp3hr_in": 0.0, "pcp6hr_in": 0.0, "pcp24hr_in": 0.0, "snow_in": 0.0, "vert_vis_ft": 0.0, "metar_type": "METAR", "elevation_m": 4.0, "municipality": "Vaasa", "continent": "EU", "iso_country": "FI", "iso_region": "FI-12", "wikipedia_link": "https://en.wikipedia.org/wiki/Vaasa_Airport" }, "geometry": { "type": "Point", "coordinates": [ 21.762, 63.051 ] } },
{ "type": "Feature", "properties": { "raw_text": "METAR EGAA 280120Z AUTO 33004KT 9999 NCD 07/06 Q1029", "station_id": "EGAA", "observation_time": "2026-04-28T01:20:00.000Z", "latitude": 54.654, "longitude": -6.225, "temp_c": 7.0, "dewpoint_c": 6.0, "wind_dir_degrees": 330.0, "wind_speed_kt": 4.0, "wind_gust_kt": 0.0, "visibility_statute_mi": 6.0, "altim_in_hg": 30.38, "sea_level_pressure_mb": 0.0, "quality_control_flags": null, "wx_string": "", "sky_condition": null, "flight_category": "VFR", "three_hr_pressure_tendency_mb": 0.0, "maxT_c": 0.0, "minT_c": 0.0, "maxT24hr_c": 0.0, "minT24hr_c": 0.0, "precip_in": 0.0, "pcp3hr_in": 0.0, "pcp6hr_in": 0.0, "pcp24hr_in": 0.0, "snow_in": 0.0, "vert_vis_ft": 0.0, "metar_type": "METAR", "elevation_m": 65.0, "municipality": "Belfast", "continent": "EU", "iso_country": "GB", "iso_region": "GB-NIR", "wikipedia_link": "https://en.wikipedia.org/wiki/Belfast_International_Airport" }, "geometry": { "type": "Point", "coordinates": [ -6.225, 54.654 ] } },
{ "type": "Feature", "properties": { "raw_text": "METAR EGBB 280120Z 01009KT 9999 OVC015 09/05 Q1026", "station_id": "EGBB", "observation_time": "2026-04-28T01:20:00.000Z", "latitude": 52.46, "longitude": -1.758, "temp_c": 9.0, "dewpoint_c": 5.0, "wind_dir_degrees": 10.0, "wind_speed_kt": 9.0, "wind_gust_kt": 0.0, "visibility_statute_mi": 6.0, "altim_in_hg": 30.3, "sea_level_pressure_mb": 0.0, "quality_control_flags": null, "wx_string": "", "sky_condition": null, "flight_category": "MVFR", "three_hr_pressure_tendency_mb": 0.0, "maxT_c": 0.0, "minT_c": 0.0, "maxT24hr_c": 0.0, "minT24hr_c": 0.0, "precip_in": 0.0, "pcp3hr_in": 0.0, "pcp6hr_in": 0.0, "pcp24hr_in": 0.0, "snow_in": 0.0, "vert_vis_ft": 0.0, "metar_type": "METAR", "elevation_m": 91.0, "municipality": "Birmingham, West Midlands", "continent": "EU", "iso_country": "GB", "iso_region": "GB-ENG", "wikipedia_link": "https://en.wikipedia.org/wiki/Birmingham_Airport" }, "geometry": { "type": "Point", "coordinates": [ -1.758, 52.46 ] } },
{ "type": "Feature", "properties": { "raw_text": "METAR EGCC 280120Z AUTO 06011KT 9999 OVC018 09/05 Q1027 TEMPO BKN014", "station_id": "EGCC", "observation_time": "2026-04-28T01:20:00.000Z", "latitude": 53.354, "longitude": -2.275, "temp_c": 9.0, "dewpoint_c": 5.0, "wind_dir_degrees": 60.0, "wind_speed_kt": 11.0, "wind_gust_kt": 0.0, "visibility_statute_mi": 6.0, "altim_in_hg": 30.32, "sea_level_pressure_mb": 0.0, "quality_control_flags": null, "wx_string": "", "sky_condition": null, "flight_category": "MVFR", "three_hr_pressure_tendency_mb": 0.0, "maxT_c": 0.0, "minT_c": 0.0, "maxT24hr_c": 0.0, "minT24hr_c": 0.0, "precip_in": 0.0, "pcp3hr_in": 0.0, "pcp6hr_in": 0.0, "pcp24hr_in": 0.0, "snow_in": 0.0, "vert_vis_ft": 0.0, "metar_type": "METAR", "elevation_m": 78.0, "municipality": "Manchester, Greater Manchester", "continent": "EU", "iso_country": "GB", "iso_region": "GB-ENG", "wikipedia_link": "https://en.wikipedia.org/wiki/Manchester_Airport" }, "geometry": { "type": "Point", "coordinates": [ -2.275, 53.354 ] } },
{ "type": "Feature", "properties": { "raw_text": "METAR EGFF 280120Z AUTO 05011KT 9999 NCD 11/07 Q1024", "station_id": "EGFF", "observation_time": "2026-04-28T01:20:00.000Z", "latitude": 51.397, "longitude": -3.343, "temp_c": 11.0, "dewpoint_c": 7.0, "wind_dir_degrees": 50.0, "wind_speed_kt": 11.0, "wind_gust_kt": 0.0, "visibility_statute_mi": 6.0, "altim_in_hg": 30.24, "sea_level_pressure_mb": 0.0, "quality_control_flags": null, "wx_string": "", "sky_condition": null, "flight_category": "VFR", "three_hr_pressure_tendency_mb": 0.0, "maxT_c": 0.0, "minT_c": 0.0, "maxT24hr_c": 0.0, "minT24hr_c": 0.0, "precip_in": 0.0, "pcp3hr_in": 0.0, "pcp6hr_in": 0.0, "pcp24hr_in": 0.0, "snow_in": 0.0, "vert_vis_ft": 0.0, "metar_type": "METAR", "elevation_m": 65.0, "municipality": "Cardiff", "continent": "EU", "iso_country": "GB", "iso_region": "GB-WLS", "wikipedia_link": "https://en.wikipedia.org/wiki/Cardiff_Airport" }, "geometry": { "type": "Point", "coordinates": [ -3.343, 51.397 ] } },
{ "type": "Feature", "properties": { "raw_text": "METAR EGGD 280120Z AUTO 02009KT 9999 NCD 09/07 Q1024", "station_id": "EGGD", "observation_time": "2026-04-28T01:20:00.000Z", "latitude": 51.383, "longitude": -2.719, "temp_c": 9.0, "dewpoint_c": 7.0, "wind_dir_degrees": 20.0, "wind_speed_kt": 9.0, "wind_gust_kt": 0.0, "visibility_statute_mi": 6.0, "altim_in_hg": 30.24, "sea_level_pressure_mb": 0.0, "quality_control_flags": null, "wx_string": "", "sky_condition": null, "flight_category": "VFR", "three_hr_pressure_tendency_mb": 0.0, "maxT_c": 0.0, "minT_c": 0.0, "maxT24hr_c": 0.0, "minT24hr_c": 0.0, "precip_in": 0.0, "pcp3hr_in": 0.0, "pcp6hr_in": 0.0, "pcp24hr_in": 0.0, "snow_in": 0.0, "vert_vis_ft": 0.0, "metar_type": "METAR", "elevation_m": 182.0, "municipality": "Bristol", "continent": "EU", "iso_country": "GB", "iso_region": "GB-ENG", "wikipedia_link": "https://en.wikipedia.org/wiki/Bristol_Airport" }, "geometry": { "type": "Point", "coordinates": [ -2.719, 51.383 ] } },
{ "type": "Feature", "properties": { "raw_text": "METAR EGGP 280120Z 04007KT 360V060 9999 SCT019 09/05 Q1028", "station_id": "EGGP", "observation_time": "2026-04-28T01:20:00.000Z", "latitude": 53.334, "longitude": -2.85, "temp_c": 9.0, "dewpoint_c": 5.0, "wind_dir_degrees": 40.0, "wind_speed_kt": 7.0, "wind_gust_kt": 0.0, "visibility_statute_mi": 6.0, "altim_in_hg": 30.35, "sea_level_pressure_mb": 0.0, "quality_control_flags": null, "wx_string": "", "sky_condition": null, "flight_category": "VFR", "three_hr_pressure_tendency_mb": 0.0, "maxT_c": 0.0, "minT_c": 0.0, "maxT24hr_c": 0.0, "minT24hr_c": 0.0, "precip_in": 0.0, "pcp3hr_in": 0.0, "pcp6hr_in": 0.0, "pcp24hr_in": 0.0, "snow_in": 0.0, "vert_vis_ft": 0.0, "metar_type": "METAR", "elevation_m": 23.0, "municipality": "Liverpool", "continent": "EU", "iso_country": "GB", "iso_region": "GB-ENG", "wikipedia_link": "https://en.wikipedia.org/wiki/Liverpool_John_Lennon_Airport" }, "geometry": { "type": "Point", "coordinates": [ -2.85, 53.334 ] } },
{ "type": "Feature", "properties": { "raw_text": "METAR EGGW 280120Z AUTO 01008KT 9999 BKN010 BKN014 08/06 Q1024", "station_id": "EGGW", "observation_time": "2026-04-28T01:20:00.000Z", "latitude": 51.875, "longitude": -0.368, "temp_c": 8.0, "dewpoint_c": 6.0, "wind_dir_degrees": 10.0, "wind_speed_kt": 8.0, "wind_gust_kt": 0.0, "visibility_statute_mi": 6.0, "altim_in_hg": 30.24, "sea_level_pressure_mb": 0.0, "quality_control_flags": null, "wx_string": "", "sky_condition": null, "flight_category": "MVFR", "three_hr_pressure_tendency_mb": 0.0, "maxT_c": 0.0, "minT_c": 0.0, "maxT24hr_c": 0.0, "minT24hr_c": 0.0, "precip_in": 0.0, "pcp3hr_in": 0.0, "pcp6hr_in": 0.0, "pcp24hr_in": 0.0, "snow_in": 0.0, "vert_vis_ft": 0.0, "metar_type": "METAR", "elevation_m": 159.0, "municipality": "Luton, Luton", "continent": "EU", "iso_country": "GB", "iso_region": "GB-ENG", "wikipedia_link": "https://en.wikipedia.org/wiki/Luton_Airport" }, "geometry": { "type": "Point", "coordinates": [ -0.368, 51.875 ] } },
{ "type": "Feature", "properties": { "raw_text": "METAR EGKK 280120Z 03011KT 9999 BKN011 10/07 Q1023", "station_id": "EGKK", "observation_time": "2026-04-28T01:20:00.000Z", "latitude": 51.148, "longitude": -0.19, "temp_c": 10.0, "dewpoint_c": 7.0, "wind_dir_degrees": 30.0, "wind_speed_kt": 11.0, "wind_gust_kt": 0.0, "visibility_statute_mi": 6.0, "altim_in_hg": 30.21, "sea_level_pressure_mb": 0.0, "quality_control_flags": null, "wx_string": "", "sky_condition": null, "flight_category": "MVFR", "three_hr_pressure_tendency_mb": 0.0, "maxT_c": 0.0, "minT_c": 0.0, "maxT24hr_c": 0.0, "minT24hr_c": 0.0, "precip_in": 0.0, "pcp3hr_in": 0.0, "pcp6hr_in": 0.0, "pcp24hr_in": 0.0, "snow_in": 0.0, "vert_vis_ft": 0.0, "metar_type": "METAR", "elevation_m": 58.0, "municipality": "London", "continent": "EU", "iso_country": "GB", "iso_region": "GB-ENG", "wikipedia_link": "https://en.wikipedia.org/wiki/Gatwick_Airport" }, "geometry": { "type": "Point", "coordinates": [ -0.19, 51.148 ] } },
{ "type": "Feature", "properties": { "raw_text": "METAR EGLL 280120Z AUTO 02006KT 340V060 9999 OVC016 10/06 Q1024 TEMPO BKN012", "station_id": "EGLL", "observation_time": "2026-04-28T01:20:00.000Z", "latitude": 51.477, "longitude": -0.461, "temp_c": 10.0, "dewpoint_c": 6.0, "wind_dir_degrees": 20.0, "wind_speed_kt": 6.0, "wind_gust_kt": 0.0, "visibility_statute_mi": 6.0, "altim_in_hg": 30.24, "sea_level_pressure_mb": 0.0, "quality_control_flags": null, "wx_string": "", "sky_condition": null, "flight_category": "MVFR", "three_hr_pressure_tendency_mb": 0.0, "maxT_c": 0.0, "minT_c": 0.0, "maxT24hr_c": 0.0, "minT24hr_c": 0.0, "precip_in": 0.0, "pcp3hr_in": 0.0, "pcp6hr_in": 0.0, "pcp24hr_in": 0.0, "snow_in": 0.0, "vert_vis_ft": 0.0, "metar_type": "METAR", "elevation_m": 26.0, "municipality": "London", "continent": "EU", "iso_country": "GB", "iso_region": "GB-ENG", "wikipedia_link": "https://en.wikipedia.org/wiki/Heathrow_Airport" }, "geometry": { "type": "Point", "coordinates": [ -0.461, 51.477 ] } },
{ "type": "Feature", "properties": { "raw_text": "METAR EGNS 280050Z 04005KT CAVOK 11/07 Q1027", "station_id": "EGNS", "observation_time": "2026-04-28T00:50:00.000Z", "latitude": 54.085, "longitude": -4.632, "temp_c": 11.0, "dewpoint_c": 7.0, "wind_dir_degrees": 40.0, "wind_speed_kt": 5.0, "wind_gust_kt": 0.0, "visibility_statute_mi": 6.0, "altim_in_hg": 30.32, "sea_level_pressure_mb": 0.0, "quality_control_flags": null, "wx_string": "", "sky_condition": null, "flight_category": "VFR", "three_hr_pressure_tendency_mb": 0.0, "maxT_c": 0.0, "minT_c": 0.0, "maxT24hr_c": 0.0, "minT24hr_c": 0.0, "precip_in": 0.0, "pcp3hr_in": 0.0, "pcp6hr_in": 0.0, "pcp24hr_in": 0.0, "snow_in": 0.0, "vert_vis_ft": 0.0, "metar_type": "METAR", "elevation_m": 18.0, "municipality": "Castletown", "continent": "EU", "iso_country": "IM", "iso_region": "IM-U-A", "wikipedia_link": "https://en.wikipedia.org/wiki/Isle_of_Man_Airport" }, "geometry": { "type": "Point", "coordinates": [ -4.632, 54.085 ] } },
{ "type": "Feature", "properties": { "raw_text": "METAR EGNT 280120Z 03007KT 9999 BKN012 08/07 Q1030", "station_id": "EGNT", "observation_time": "2026-04-28T01:20:00.000Z", "latitude": 55.037, "longitude": -1.702, "temp_c": 8.0, "dewpoint_c": 7.0, "wind_dir_degrees": 30.0, "wind_speed_kt": 7.0, "wind_gust_kt": 0.0, "visibility_statute_mi": 6.0, "altim_in_hg": 30.41, "sea_level_pressure_mb": 0.0, "quality_control_flags": null, "wx_string": "", "sky_condition": null, "flight_category": "MVFR", "three_hr_pressure_tendency_mb": 0.0, "maxT_c": 0.0, "minT_c": 0.0, "maxT24hr_c": 0.0, "minT24hr_c": 0.0, "precip_in": 0.0, "pcp3hr_in": 0.0, "pcp6hr_in": 0.0, "pcp24hr_in": 0.0, "snow_in": 0.0, "vert_vis_ft": 0.0, "metar_type": "METAR", "elevation_m": 77.0, "municipality": "Newcastle upon Tyne, Tyne and Wear", "continent": "EU", "iso_country": "GB", "iso_region": "GB-ENG", "wikipedia_link": "https://en.wikipedia.org/wiki/Newcastle_International_Airport" }, "geometry": { "type": "Point", "coordinates": [ -1.702, 55.037 ] } },
{ "type": "Feature", "properties": { "raw_text": "METAR EGNX 280120Z 01007KT 330V030 9999 BKN012 09/07 Q1026", "station_id": "EGNX", "observation_time": "2026-04-28T01:20:00.000Z", "latitude": 52.833, "longitude": -1.333, "temp_c": 9.0, "dewpoint_c": 7.0, "wind_dir_degrees": 10.0, "wind_speed_kt": 7.0, "wind_gust_kt": 0.0, "visibility_statute_mi": 6.0, "altim_in_hg": 30.3, "sea_level_pressure_mb": 0.0, "quality_control_flags": null, "wx_string": "", "sky_condition": null, "flight_category": "MVFR", "three_hr_pressure_tendency_mb": 0.0, "maxT_c": 0.0, "minT_c": 0.0, "maxT24hr_c": 0.0, "minT24hr_c": 0.0, "precip_in": 0.0, "pcp3hr_in": 0.0, "pcp6hr_in": 0.0, "pcp24hr_in": 0.0, "snow_in": 0.0, "vert_vis_ft": 0.0, "metar_type": "METAR", "elevation_m": 91.0, "municipality": "Nottingham, Leicestershire", "continent": "EU", "iso_country": "GB", "iso_region": "GB-ENG", "wikipedia_link": "https://en.wikipedia.org/wiki/East_Midlands_Airport" }, "geometry": { "type": "Point", "coordinates": [ -1.333, 52.833 ] } },
{ "type": "Feature", "properties": { "raw_text": "METAR EGPD 280120Z AUTO 11003KT 9999 BKN006 OVC021 08/06 Q1031 TEMPO BKN004", "station_id": "EGPD", "observation_time": "2026-04-28T01:20:00.000Z", "latitude": 57.205, "longitude": -2.205, "temp_c": 8.0, "dewpoint_c": 6.0, "wind_dir_degrees": 110.0, "wind_speed_kt": 3.0, "wind_gust_kt": 0.0, "visibility_statute_mi": 6.0, "altim_in_hg": 30.44, "sea_level_pressure_mb": 0.0, "quality_control_flags": null, "wx_string": "", "sky_condition": null, "flight_category": "IFR", "three_hr_pressure_tendency_mb": 0.0, "maxT_c": 0.0, "minT_c": 0.0, "maxT24hr_c": 0.0, "minT24hr_c": 0.0, "precip_in": 0.0, "pcp3hr_in": 0.0, "pcp6hr_in": 0.0, "pcp24hr_in": 0.0, "snow_in": 0.0, "vert_vis_ft": 0.0, "metar_type": "METAR", "elevation_m": 65.0, "municipality": "Aberdeen", "continent": "EU", "iso_country": "GB", "iso_region": "GB-SCT", "wikipedia_link": "https://en.wikipedia.org/wiki/Aberdeen_Airport" }, "geometry": { "type": "Point", "coordinates": [ -2.205, 57.205 ] } },
{ "type": "Feature", "properties": { "raw_text": "METAR EGPF 280120Z AUTO 08003KT 060V130 9999 BKN010 BKN029 10/08 Q1030", "station_id": "EGPF", "observation_time": "2026-04-28T01:20:00.000Z", "latitude": 55.867, "longitude": -4.433, "temp_c": 10.0, "dewpoint_c": 8.0, "wind_dir_degrees": 80.0, "wind_speed_kt": 3.0, "wind_gust_kt": 0.0, "visibility_statute_mi": 6.0, "altim_in_hg": 30.41, "sea_level_pressure_mb": 0.0, "quality_control_flags": null, "wx_string": "", "sky_condition": null, "flight_category": "MVFR", "three_hr_pressure_tendency_mb": 0.0, "maxT_c": 0.0, "minT_c": 0.0, "maxT24hr_c": 0.0, "minT24hr_c": 0.0, "precip_in": 0.0, "pcp3hr_in": 0.0, "pcp6hr_in": 0.0, "pcp24hr_in": 0.0, "snow_in": 0.0, "vert_vis_ft": 0.0, "metar_type": "METAR", "elevation_m": 8.0, "municipality": "Glasgow", "continent": "EU", "iso_country": "GB", "iso_region": "GB-SCT", "wikipedia_link": "https://en.wikipedia.org/wiki/Glasgow_International_Airport" }, "geometry": { "type": "Point", "coordinates": [ -4.433, 55.867 ] } },
{ "type": "Feature", "properties": { "raw_text": "METAR EGPH 280120Z 09006KT 9999 BKN005 09/08 Q1030", "station_id": "EGPH", "observation_time": "2026-04-28T01:20:00.000Z", "latitude": 55.952, "longitude": -3.36, "temp_c": 9.0, "dewpoint_c": 8.0, "wind_dir_degrees": 90.0, "wind_speed_kt": 6.0, "wind_gust_kt": 0.0, "visibility_statute_mi": 6.0, "altim_in_hg": 30.41, "sea_level_pressure_mb": 0.0, "quality_control_flags": null, "wx_string": "", "sky_condition": null, "flight_category": "IFR", "three_hr_pressure_tendency_mb": 0.0, "maxT_c": 0.0, "minT_c": 0.0, "maxT24hr_c": 0.0, "minT24hr_c": 0.0, "precip_in": 0.0, "pcp3hr_in": 0.0, "pcp6hr_in": 0.0, "pcp24hr_in": 0.0, "snow_in": 0.0, "vert_vis_ft": 0.0, "metar_type": "METAR", "elevation_m": 29.0, "municipality": "Edinburgh", "continent": "EU", "iso_country": "GB", "iso_region": "GB-SCT", "wikipedia_link": "https://en.wikipedia.org/wiki/Edinburgh_Airport" }, "geometry": { "type": "Point", "coordinates": [ -3.36, 55.952 ] } },
{ "type": "Feature", "properties": { "raw_text": "METAR EGPK 280120Z 02005KT CAVOK 08/06 Q1029", "station_id": "EGPK", "observation_time": "2026-04-28T01:20:00.000Z", "latitude": 55.509, "longitude": -4.587, "temp_c": 8.0, "dewpoint_c": 6.0, "wind_dir_degrees": 20.0, "wind_speed_kt": 5.0, "wind_gust_kt": 0.0, "visibility_statute_mi": 6.0, "altim_in_hg": 30.38, "sea_level_pressure_mb": 0.0, "quality_control_flags": null, "wx_string": "", "sky_condition": null, "flight_category": "VFR", "three_hr_pressure_tendency_mb": 0.0, "maxT_c": 0.0, "minT_c": 0.0, "maxT24hr_c": 0.0, "minT24hr_c": 0.0, "precip_in": 0.0, "pcp3hr_in": 0.0, "pcp6hr_in": 0.0, "pcp24hr_in": 0.0, "snow_in": 0.0, "vert_vis_ft": 0.0, "metar_type": "METAR", "elevation_m": 14.0, "municipality": "Prestwick, South Ayrshire", "continent": "EU", "iso_country": "GB", "iso_region": "GB-SCT", "wikipedia_link": "https://en.wikipedia.org/wiki/Glasgow_Prestwick_International_Airport" }, "geometry": { "type": "Point", "coordinates": [ -4.587, 55.509 ] } },
{ "type": "Feature", "properties": { "raw_text": "METAR EGSS 280120Z AUTO 01006KT 9999 OVC010 09/07 Q1024", "station_id": "EGSS", "observation_time": "2026-04-28T01:20:00.000Z", "latitude": 51.881, "longitude": 0.223, "temp_c": 9.0, "dewpoint_c": 7.0, "wind_dir_degrees": 10.0, "wind_speed_kt": 6.0, "wind_gust_kt": 0.0, "visibility_statute_mi": 6.0, "altim_in_hg": 30.24, "sea_level_pressure_mb": 0.0, "quality_control_flags": null, "wx_string": "", "sky_condition": null, "flight_category": "MVFR", "three_hr_pressure_tendency_mb": 0.0, "maxT_c": 0.0, "minT_c": 0.0, "maxT24hr_c": 0.0, "minT24hr_c": 0.0, "precip_in": 0.0, "pcp3hr_in": 0.0, "pcp6hr_in": 0.0, "pcp24hr_in": 0.0, "snow_in": 0.0, "vert_vis_ft": 0.0, "metar_type": "METAR", "elevation_m": 101.0, "municipality": "London, Essex", "continent": "EU", "iso_country": "GB", "iso_region": "GB-ENG", "wikipedia_link": "https://en.wikipedia.org/wiki/London_Stansted_Airport" }, "geometry": { "type": "Point", "coordinates": [ 0.223, 51.881 ] } },
{ "type": "Feature", "properties": { "raw_text": "METAR EGYP 280050Z 30012KT 9999 FEW020 SCT034 BKN065 07/05 Q1000", "station_id": "EGYP", "observation_time": "2026-04-28T00:50:00.000Z", "latitude": -51.82, "longitude": -58.448, "temp_c": 7.0, "dewpoint_c": 5.0, "wind_dir_degrees": 300.0, "wind_speed_kt": 12.0, "wind_gust_kt": 0.0, "visibility_statute_mi": 6.0, "altim_in_hg": 29.53, "sea_level_pressure_mb": 0.0, "quality_control_flags": null, "wx_string": "", "sky_condition": null, "flight_category": "VFR", "three_hr_pressure_tendency_mb": 0.0, "maxT_c": 0.0, "minT_c": 0.0, "maxT24hr_c": 0.0, "minT24hr_c": 0.0, "precip_in": 0.0, "pcp3hr_in": 0.0, "pcp6hr_in": 0.0, "pcp24hr_in": 0.0, "snow_in": 0.0, "vert_vis_ft": 0.0, "metar_type": "METAR", "elevation_m": 70.0, "municipality": "Mount Pleasant", "continent": "SA", "iso_country": "FK", "iso_region": "FK-U-A", "wikipedia_link": "https://en.wikipedia.org/wiki/RAF_Mount_Pleasant" }, "geometry": { "type": "Point", "coordinates": [ -58.448, -51.82 ] } },
{ "type": "Feature", "properties": { "raw_text": "METAR EHAM 280125Z 05010KT 020V090 9999 FEW015 09/05 Q1023 NOSIG", "station_id": "EHAM", "observation_time": "2026-04-28T01:25:00.000Z", "latitude": 52.315, "longitude": 4.79, "temp_c": 9.0, "dewpoint_c": 5.0, "wind_dir_degrees": 50.0, "wind_speed_kt": 10.0, "wind_gust_kt": 0.0, "visibility_statute_mi": 6.0, "altim_in_hg": 30.21, "sea_level_pressure_mb": 0.0, "quality_control_flags": null, "wx_string": "", "sky_condition": null, "flight_category": "VFR", "three_hr_pressure_tendency_mb": 0.0, "maxT_c": 0.0, "minT_c": 0.0, "maxT24hr_c": 0.0, "minT24hr_c": 0.0, "precip_in": 0.0, "pcp3hr_in": 0.0, "pcp6hr_in": 0.0, "pcp24hr_in": 0.0, "snow_in": 0.0, "vert_vis_ft": 0.0, "metar_type": "METAR", "elevation_m": -2.0, "municipality": "Amsterdam", "continent": "EU", "iso_country": "NL", "iso_region": "NL-NH", "wikipedia_link": "https://en.wikipedia.org/wiki/Amsterdam_Airport_Schiphol" }, "geometry": { "type": "Point", "coordinates": [ 4.79, 52.315 ] } },
{ "type": "Feature", "properties": { "raw_text": "METAR EHBK 280125Z AUTO 03009KT 9999 NSC 09/02 Q1020 NOSIG", "station_id": "EHBK", "observation_time": "2026-04-28T01:25:00.000Z", "latitude": 50.905, "longitude": 5.762, "temp_c": 9.0, "dewpoint_c": 2.0, "wind_dir_degrees": 30.0, "wind_speed_kt": 9.0, "wind_gust_kt": 0.0, "visibility_statute_mi": 6.0, "altim_in_hg": 30.12, "sea_level_pressure_mb": 0.0, "quality_control_flags": null, "wx_string": "", "sky_condition": null, "flight_category": "VFR", "three_hr_pressure_tendency_mb": 0.0, "maxT_c": 0.0, "minT_c": 0.0, "maxT24hr_c": 0.0, "minT24hr_c": 0.0, "precip_in": 0.0, "pcp3hr_in": 0.0, "pcp6hr_in": 0.0, "pcp24hr_in": 0.0, "snow_in": 0.0, "vert_vis_ft": 0.0, "metar_type": "METAR", "elevation_m": 112.0, "municipality": "Maastricht", "continent": "EU", "iso_country": "NL", "iso_region": "NL-LI", "wikipedia_link": "https://en.wikipedia.org/wiki/Maastricht_Aachen_Airport" }, "geometry": { "type": "Point", "coordinates": [ 5.762, 50.905 ] } },
{ "type": "Feature", "properties": { "raw_text": "METAR EHEH 280125Z AUTO 02006KT 9999 OVC120 10/04 Q1021 BLU", "station_id": "EHEH", "observation_time": "2026-04-28T01:25:00.000Z", "latitude": 51.45, "longitude": 5.377, "temp_c": 10.0, "dewpoint_c": 4.0, "wind_dir_degrees": 20.0, "wind_speed_kt": 6.0, "wind_gust_kt": 0.0, "visibility_statute_mi": 6.0, "altim_in_hg": 30.15, "sea_level_pressure_mb": 0.0, "quality_control_flags": null, "wx_string": "", "sky_condition": null, "flight_category": "VFR", "three_hr_pressure_tendency_mb": 0.0, "maxT_c": 0.0, "minT_c": 0.0, "maxT24hr_c": 0.0, "minT24hr_c": 0.0, "precip_in": 0.0, "pcp3hr_in": 0.0, "pcp6hr_in": 0.0, "pcp24hr_in": 0.0, "snow_in": 0.0, "vert_vis_ft": 0.0, "metar_type": "METAR", "elevation_m": 20.0, "municipality": "Eindhoven", "continent": "EU", "iso_country": "NL", "iso_region": "NL-NB", "wikipedia_link": "https://en.wikipedia.org/wiki/Eindhoven_Airport" }, "geometry": { "type": "Point", "coordinates": [ 5.377, 51.45 ] } },
{ "type": "Feature", "properties": { "raw_text": "METAR EHGG 280125Z AUTO 04006KT 9999 NSC 08/06 Q1024 NOSIG", "station_id": "EHGG", "observation_time": "2026-04-28T01:25:00.000Z", "latitude": 53.12, "longitude": 6.579, "temp_c": 8.0, "dewpoint_c": 6.0, "wind_dir_degrees": 40.0, "wind_speed_kt": 6.0, "wind_gust_kt": 0.0, "visibility_statute_mi": 6.0, "altim_in_hg": 30.24, "sea_level_pressure_mb": 0.0, "quality_control_flags": null, "wx_string": "", "sky_condition": null, "flight_category": "VFR", "three_hr_pressure_tendency_mb": 0.0, "maxT_c": 0.0, "minT_c": 0.0, "maxT24hr_c": 0.0, "minT24hr_c": 0.0, "precip_in": 0.0, "pcp3hr_in": 0.0, "pcp6hr_in": 0.0, "pcp24hr_in": 0.0, "snow_in": 0.0, "vert_vis_ft": 0.0, "metar_type": "METAR", "elevation_m": 2.0, "municipality": "Groningen", "continent": "EU", "iso_country": "NL", "iso_region": "NL-DR", "wikipedia_link": "https://en.wikipedia.org/wiki/Groningen_Airport_Eelde" }, "geometry": { "type": "Point", "coordinates": [ 6.579, 53.12 ] } },
{ "type": "Feature", "properties": { "raw_text": "METAR EHRD 280125Z AUTO 05010KT 010V070 9999 NSC 09/05 Q1022 NOSIG", "station_id": "EHRD", "observation_time": "2026-04-28T01:25:00.000Z", "latitude": 51.954, "longitude": 4.444, "temp_c": 9.0, "dewpoint_c": 5.0, "wind_dir_degrees": 50.0, "wind_speed_kt": 10.0, "wind_gust_kt": 0.0, "visibility_statute_mi": 6.0, "altim_in_hg": 30.18, "sea_level_pressure_mb": 0.0, "quality_control_flags": null, "wx_string": "", "sky_condition": null, "flight_category": "VFR", "three_hr_pressure_tendency_mb": 0.0, "maxT_c": 0.0, "minT_c": 0.0, "maxT24hr_c": 0.0, "minT24hr_c": 0.0, "precip_in": 0.0, "pcp3hr_in": 0.0, "pcp6hr_in": 0.0, "pcp24hr_in": 0.0, "snow_in": 0.0, "vert_vis_ft": 0.0, "metar_type": "METAR", "elevation_m": -4.0, "municipality": "Rotterdam", "continent": "EU", "iso_country": "NL", "iso_region": "NL-ZH", "wikipedia_link": "https://en.wikipedia.org/wiki/Rotterdam_The_Hague_Airport" }, "geometry": { "type": "Point", "coordinates": [ 4.444, 51.954 ] } },
{ "type": "Feature", "properties": { "raw_text": "METAR EICK 280130Z 35007KT 9999 FEW042 10/08 Q1027 NOSIG", "station_id": "EICK", "observation_time": "2026-04-28T01:30:00.000Z", "latitude": 51.848, "longitude": -8.479, "temp_c": 10.0, "dewpoint_c": 8.0, "wind_dir_degrees": 350.0, "wind_speed_kt": 7.0, "wind_gust_kt": 0.0, "visibility_statute_mi": 6.0, "altim_in_hg": 30.32, "sea_level_pressure_mb": 0.0, "quality_control_flags": null, "wx_string": "", "sky_condition": null, "flight_category": "VFR", "three_hr_pressure_tendency_mb": 0.0, "maxT_c": 0.0, "minT_c": 0.0, "maxT24hr_c": 0.0, "minT24hr_c": 0.0, "precip_in": 0.0, "pcp3hr_in": 0.0, "pcp6hr_in": 0.0, "pcp24hr_in": 0.0, "snow_in": 0.0, "vert_vis_ft": 0.0, "metar_type": "METAR", "elevation_m": 158.0, "municipality": "Cork", "continent": "EU", "iso_country": "IE", "iso_region": "IE-CO", "wikipedia_link": "https://en.wikipedia.org/wiki/Cork_Airport" }, "geometry": { "type": "Point", "coordinates": [ -8.479, 51.848 ] } },
{ "type": "Feature", "properties": { "raw_text": "METAR EIDW 280130Z 28005KT 9999 FEW010 04/04 Q1028 NOSIG", "station_id": "EIDW", "observation_time": "2026-04-28T01:30:00.000Z", "latitude": 53.422, "longitude": -6.298, "temp_c": 4.0, "dewpoint_c": 4.0, "wind_dir_degrees": 280.0, "wind_speed_kt": 5.0, "wind_gust_kt": 0.0, "visibility_statute_mi": 6.0, "altim_in_hg": 30.35, "sea_level_pressure_mb": 0.0, "quality_control_flags": null, "wx_string": "", "sky_condition": null, "flight_category": "VFR", "three_hr_pressure_tendency_mb": 0.0, "maxT_c": 0.0, "minT_c": 0.0, "maxT24hr_c": 0.0, "minT24hr_c": 0.0, "precip_in": 0.0, "pcp3hr_in": 0.0, "pcp6hr_in": 0.0, "pcp24hr_in": 0.0, "snow_in": 0.0, "vert_vis_ft": 0.0, "metar_type": "METAR", "elevation_m": 75.0, "municipality": "Dublin", "continent": "EU", "iso_country": "IE", "iso_region": "IE-D", "wikipedia_link": "https://en.wikipedia.org/wiki/Dublin_Airport" }, "geometry": { "type": "Point", "coordinates": [ -6.298, 53.422 ] } },
{ "type": "Feature", "properties": { "raw_text": "METAR EINN 280130Z 36004KT 9999 SCT044 09/08 Q1028 NOSIG", "station_id": "EINN", "observation_time": "2026-04-28T01:30:00.000Z", "latitude": 52.702, "longitude": -8.925, "temp_c": 9.0, "dewpoint_c": 8.0, "wind_dir_degrees": 360.0, "wind_speed_kt": 4.0, "wind_gust_kt": 0.0, "visibility_statute_mi": 6.0, "altim_in_hg": 30.35, "sea_level_pressure_mb": 0.0, "quality_control_flags": null, "wx_string": "", "sky_condition": null, "flight_category": "VFR", "three_hr_pressure_tendency_mb": 0.0, "maxT_c": 0.0, "minT_c": 0.0, "maxT24hr_c": 0.0, "minT24hr_c": 0.0, "precip_in": 0.0, "pcp3hr_in": 0.0, "pcp6hr_in": 0.0, "pcp24hr_in": 0.0, "snow_in": 0.0, "vert_vis_ft": 0.0, "metar_type": "METAR", "elevation_m": 20.0, "municipality": "Shannon", "continent": "EU", "iso_country": "IE", "iso_region": "IE-CE", "wikipedia_link": "https://en.wikipedia.org/wiki/Shannon_Airport" }, "geometry": { "type": "Point", "coordinates": [ -8.925, 52.702 ] } },
{ "type": "Feature", "properties": { "raw_text": "METAR EKAH 280120Z AUTO 26002KT 9999 FEW210/// M00/M02 Q1028", "station_id": "EKAH", "observation_time": "2026-04-28T01:20:00.000Z", "latitude": 56.3, "longitude": 10.619, "temp_c": 0.0, "dewpoint_c": -2.0, "wind_dir_degrees": 260.0, "wind_speed_kt": 2.0, "wind_gust_kt": 0.0, "visibility_statute_mi": 6.0, "altim_in_hg": 30.35, "sea_level_pressure_mb": 0.0, "quality_control_flags": null, "wx_string": "", "sky_condition": null, "flight_category": "VFR", "three_hr_pressure_tendency_mb": 0.0, "maxT_c": 0.0, "minT_c": 0.0, "maxT24hr_c": 0.0, "minT24hr_c": 0.0, "precip_in": 0.0, "pcp3hr_in": 0.0, "pcp6hr_in": 0.0, "pcp24hr_in": 0.0, "snow_in": 0.0, "vert_vis_ft": 0.0, "metar_type": "METAR", "elevation_m": 25.0, "municipality": "Aarhus", "continent": "EU", "iso_country": "DK", "iso_region": "DK-82", "wikipedia_link": "https://en.wikipedia.org/wiki/Aarhus_Airport" }, "geometry": { "type": "Point", "coordinates": [ 10.619, 56.3 ] } },
{ "type": "Feature", "properties": { "raw_text": "METAR EKBI 280120Z AUTO 36004KT 9999 NCD M00/M03 Q1028", "station_id": "EKBI", "observation_time": "2026-04-28T01:20:00.000Z", "latitude": 55.74, "longitude": 9.152, "temp_c": 0.0, "dewpoint_c": -3.0, "wind_dir_degrees": 360.0, "wind_speed_kt": 4.0, "wind_gust_kt": 0.0, "visibility_statute_mi": 6.0, "altim_in_hg": 30.35, "sea_level_pressure_mb": 0.0, "quality_control_flags": null, "wx_string": "", "sky_condition": null, "flight_category": "VFR", "three_hr_pressure_tendency_mb": 0.0, "maxT_c": 0.0, "minT_c": 0.0, "maxT24hr_c": 0.0, "minT24hr_c": 0.0, "precip_in": 0.0, "pcp3hr_in": 0.0, "pcp6hr_in": 0.0, "pcp24hr_in": 0.0, "snow_in": 0.0, "vert_vis_ft": 0.0, "metar_type": "METAR", "elevation_m": 67.0, "municipality": "Billund", "continent": "EU", "iso_country": "DK", "iso_region": "DK-83", "wikipedia_link": "https://en.wikipedia.org/wiki/Billund_Airport" }, "geometry": { "type": "Point", "coordinates": [ 9.152, 55.74 ] } },
{ "type": "Feature", "properties": { "raw_text": "METAR EKCH 280120Z AUTO 02007KT 9999 NCD 06/M00 Q1027 NOSIG", "station_id": "EKCH", "observation_time": "2026-04-28T01:20:00.000Z", "latitude": 55.618, "longitude": 12.656, "temp_c": 6.0, "dewpoint_c": 0.0, "wind_dir_degrees": 20.0, "wind_speed_kt": 7.0, "wind_gust_kt": 0.0, "visibility_statute_mi": 6.0, "altim_in_hg": 30.32, "sea_level_pressure_mb": 0.0, "quality_control_flags": null, "wx_string": "", "sky_condition": null, "flight_category": "VFR", "three_hr_pressure_tendency_mb": 0.0, "maxT_c": 0.0, "minT_c": 0.0, "maxT24hr_c": 0.0, "minT24hr_c": 0.0, "precip_in": 0.0, "pcp3hr_in": 0.0, "pcp6hr_in": 0.0, "pcp24hr_in": 0.0, "snow_in": 0.0, "vert_vis_ft": 0.0, "metar_type": "METAR", "elevation_m": 4.0, "municipality": "Copenhagen", "continent": "EU", "iso_country": "DK", "iso_region": "DK-84", "wikipedia_link": "https://en.wikipedia.org/wiki/Copenhagen_Airport" }, "geometry": { "type": "Point", "coordinates": [ 12.656, 55.618 ] } },
{ "type": "Feature", "properties": { "raw_text": "METAR EKOD 280120Z AUTO 36003KT 9999 FEW100/// 02/01 Q1027", "station_id": "EKOD", "observation_time": "2026-04-28T01:20:00.000Z", "latitude": 55.475, "longitude": 10.331, "temp_c": 2.0, "dewpoint_c": 1.0, "wind_dir_degrees": 360.0, "wind_speed_kt": 3.0, "wind_gust_kt": 0.0, "visibility_statute_mi": 6.0, "altim_in_hg": 30.32, "sea_level_pressure_mb": 0.0, "quality_control_flags": null, "wx_string": "", "sky_condition": null, "flight_category": "VFR", "three_hr_pressure_tendency_mb": 0.0, "maxT_c": 0.0, "minT_c": 0.0, "maxT24hr_c": 0.0, "minT24hr_c": 0.0, "precip_in": 0.0, "pcp3hr_in": 0.0, "pcp6hr_in": 0.0, "pcp24hr_in": 0.0, "snow_in": 0.0, "vert_vis_ft": 0.0, "metar_type": "METAR", "elevation_m": 13.0, "municipality": "Odense", "continent": "EU", "iso_country": "DK", "iso_region": "DK-83", "wikipedia_link": "https://en.wikipedia.org/wiki/Hans_Christian_Andersen_Airport" }, "geometry": { "type": "Point", "coordinates": [ 10.331, 55.475 ] } },
{ "type": "Feature", "properties": { "raw_text": "METAR EKVG 280150Z AUTO 21012KT 6000 OVC002/// 08/07 Q1027 RMK OVC004/// WIND SKEID 21016KT", "station_id": "EKVG", "observation_time": "2026-04-28T01:50:00.000Z", "latitude": 62.065, "longitude": -7.282, "temp_c": 8.0, "dewpoint_c": 7.0, "wind_dir_degrees": 210.0, "wind_speed_kt": 12.0, "wind_gust_kt": 0.0, "visibility_statute_mi": 3.73, "altim_in_hg": 30.32, "sea_level_pressure_mb": 0.0, "quality_control_flags": null, "wx_string": "", "sky_condition": null, "flight_category": "LIFR", "three_hr_pressure_tendency_mb": 0.0, "maxT_c": 0.0, "minT_c": -16.0, "maxT24hr_c": 0.0, "minT24hr_c": 0.0, "precip_in": 0.0, "pcp3hr_in": 0.0, "pcp6hr_in": 0.0, "pcp24hr_in": 0.0, "snow_in": 0.0, "vert_vis_ft": 0.0, "metar_type": "METAR", "elevation_m": 89.0, "municipality": "Vágar", "continent": "EU", "iso_country": "FO", "iso_region": "FO-U-A", "wikipedia_link": "https://en.wikipedia.org/wiki/V%C3%A1gar_Airport" }, "geometry": { "type": "Point", "coordinates": [ -7.282, 62.065 ] } },
{ "type": "Feature", "properties": { "raw_text": "METAR EKYT 280120Z AUTO 03001KT 9999 NCD 01/M02 Q1029", "station_id": "EKYT", "observation_time": "2026-04-28T01:20:00.000Z", "latitude": 57.093, "longitude": 9.879, "temp_c": 1.0, "dewpoint_c": -2.0, "wind_dir_degrees": 30.0, "wind_speed_kt": 1.0, "wind_gust_kt": 0.0, "visibility_statute_mi": 6.0, "altim_in_hg": 30.38, "sea_level_pressure_mb": 0.0, "quality_control_flags": null, "wx_string": "", "sky_condition": null, "flight_category": "VFR", "three_hr_pressure_tendency_mb": 0.0, "maxT_c": 0.0, "minT_c": 0.0, "maxT24hr_c": 0.0, "minT24hr_c": 0.0, "precip_in": 0.0, "pcp3hr_in": 0.0, "pcp6hr_in": 0.0, "pcp24hr_in": 0.0, "snow_in": 0.0, "vert_vis_ft": 0.0, "metar_type": "METAR", "elevation_m": 2.0, "municipality": "Aalborg", "continent": "EU", "iso_country": "DK", "iso_region": "DK-81", "wikipedia_link": "https://en.wikipedia.org/wiki/Aalborg_Airport" }, "geometry": { "type": "Point", "coordinates": [ 9.879, 57.093 ] } },
{ "type": "Feature", "properties": { "raw_text": "METAR ELLX 280120Z AUTO 05009KT 9999 NCD 10/02 Q1017 NOSIG", "station_id": "ELLX", "observation_time": "2026-04-28T01:20:00.000Z", "latitude": 49.626, "longitude": 6.204, "temp_c": 10.0, "dewpoint_c": 2.0, "wind_dir_degrees": 50.0, "wind_speed_kt": 9.0, "wind_gust_kt": 0.0, "visibility_statute_mi": 6.0, "altim_in_hg": 30.03, "sea_level_pressure_mb": 0.0, "quality_control_flags": null, "wx_string": "", "sky_condition": null, "flight_category": "VFR", "three_hr_pressure_tendency_mb": 0.0, "maxT_c": 0.0, "minT_c": 0.0, "maxT24hr_c": 0.0, "minT24hr_c": 0.0, "precip_in": 0.0, "pcp3hr_in": 0.0, "pcp6hr_in": 0.0, "pcp24hr_in": 0.0, "snow_in": 0.0, "vert_vis_ft": 0.0, "metar_type": "METAR", "elevation_m": 374.0, "municipality": "Luxembourg", "continent": "EU", "iso_country": "LU", "iso_region": "LU-L", "wikipedia_link": "https://en.wikipedia.org/wiki/Luxembourg-Findel_International_Airport" }, "geometry": { "type": "Point", "coordinates": [ 6.204, 49.626 ] } },
{ "type": "Feature", "properties": { "raw_text": "METAR ENAL 280120Z AUTO 19004KT 9999 NCD 02/M01 Q1030", "station_id": "ENAL", "observation_time": "2026-04-28T01:20:00.000Z", "latitude": 62.562, "longitude": 6.115, "temp_c": 2.0, "dewpoint_c": -1.0, "wind_dir_degrees": 190.0, "wind_speed_kt": 4.0, "wind_gust_kt": 0.0, "visibility_statute_mi": 6.0, "altim_in_hg": 30.41, "sea_level_pressure_mb": 0.0, "quality_control_flags": null, "wx_string": "", "sky_condition": null, "flight_category": "VFR", "three_hr_pressure_tendency_mb": 0.0, "maxT_c": 0.0, "minT_c": 0.0, "maxT24hr_c": 0.0, "minT24hr_c": 0.0, "precip_in": 0.0, "pcp3hr_in": 0.0, "pcp6hr_in": 0.0, "pcp24hr_in": 0.0, "snow_in": 0.0, "vert_vis_ft": 0.0, "metar_type": "METAR", "elevation_m": 21.0, "municipality": "Ålesund", "continent": "EU", "iso_country": "NO", "iso_region": "NO-15", "wikipedia_link": "https://en.wikipedia.org/wiki/%C3%85lesund_Airport%2C_Vigra" }, "geometry": { "type": "Point", "coordinates": [ 6.115, 62.562 ] } },
{ "type": "Feature", "properties": { "raw_text": "METAR ENBO 280120Z AUTO 34005KT 300V010 9999 OVC060/// 02/M02 Q1029", "station_id": "ENBO", "observation_time": "2026-04-28T01:20:00.000Z", "latitude": 67.267, "longitude": 14.359, "temp_c": 2.0, "dewpoint_c": -2.0, "wind_dir_degrees": 340.0, "wind_speed_kt": 5.0, "wind_gust_kt": 0.0, "visibility_statute_mi": 6.0, "altim_in_hg": 30.38, "sea_level_pressure_mb": 0.0, "quality_control_flags": null, "wx_string": "", "sky_condition": null, "flight_category": "VFR", "three_hr_pressure_tendency_mb": 0.0, "maxT_c": 0.0, "minT_c": 0.0, "maxT24hr_c": 0.0, "minT24hr_c": 0.0, "precip_in": 0.0, "pcp3hr_in": 0.0, "pcp6hr_in": 0.0, "pcp24hr_in": 0.0, "snow_in": 0.0, "vert_vis_ft": 0.0, "metar_type": "METAR", "elevation_m": 13.0, "municipality": "Bodø", "continent": "EU", "iso_country": "NO", "iso_region": "NO-18", "wikipedia_link": "https://en.wikipedia.org/wiki/Bod%C3%B8_Airport" }, "geometry": { "type": "Point", "coordinates": [ 14.359, 67.267 ] } },
{ "type": "Feature", "properties": { "raw_text": "METAR ENBR 280120Z AUTO 01003KT 9999 NCD 03/00 Q1030 RMK WIND 1200FT 02007KT", "station_id": "ENBR", "observation_time": "2026-04-28T01:20:00.000Z", "latitude": 60.29, "longitude": 5.222, "temp_c": 3.0, "dewpoint_c": 0.0, "wind_dir_degrees": 10.0, "wind_speed_kt": 3.0, "wind_gust_kt": 0.0, "visibility_statute_mi": 6.0, "altim_in_hg": 30.41, "sea_level_pressure_mb": 0.0, "quality_control_flags": null, "wx_string": "", "sky_condition": null, "flight_category": "VFR", "three_hr_pressure_tendency_mb": 0.0, "maxT_c": 0.0, "minT_c": 0.0, "maxT24hr_c": 0.0, "minT24hr_c": 0.0, "precip_in": 0.0, "pcp3hr_in": 0.0, "pcp6hr_in": 0.0, "pcp24hr_in": 0.0, "snow_in": 0.0, "vert_vis_ft": 0.0, "metar_type": "METAR", "elevation_m": 49.0, "municipality": "Bergen", "continent": "EU", "iso_country": "NO", "iso_region": "NO-46", "wikipedia_link": "https://en.wikipedia.org/wiki/Bergen_Airport%2C_Flesland" }, "geometry": { "type": "Point", "coordinates": [ 5.222, 60.29 ] } },
{ "type": "Feature", "properties": { "raw_text": "METAR ENCN 280120Z AUTO 05007KT 9999 NCD 00/M02 Q1029", "station_id": "ENCN", "observation_time": "2026-04-28T01:20:00.000Z", "latitude": 58.2, "longitude": 8.077, "temp_c": 0.0, "dewpoint_c": -2.0, "wind_dir_degrees": 50.0, "wind_speed_kt": 7.0, "wind_gust_kt": 0.0, "visibility_statute_mi": 6.0, "altim_in_hg": 30.38, "sea_level_pressure_mb": 0.0, "quality_control_flags": null, "wx_string": "", "sky_condition": null, "flight_category": "VFR", "three_hr_pressure_tendency_mb": 0.0, "maxT_c": 0.0, "minT_c": 0.0, "maxT24hr_c": 0.0, "minT24hr_c": 0.0, "precip_in": 0.0, "pcp3hr_in": 0.0, "pcp6hr_in": 0.0, "pcp24hr_in": 0.0, "snow_in": 0.0, "vert_vis_ft": 0.0, "metar_type": "METAR", "elevation_m": 17.0, "municipality": "Kristiansand(Kjevik)", "continent": "EU", "iso_country": "NO", "iso_region": "NO-42", "wikipedia_link": "https://en.wikipedia.org/wiki/Kristiansand_Airport%2C_Kjevik" }, "geometry": { "type": "Point", "coordinates": [ 8.077, 58.2 ] } },
{ "type": "Feature", "properties": { "raw_text": "METAR ENEV 280120Z 29003KT 260V320 9999 FEW033 BKN045 M01/M02 Q1029 RMK WIND 1400FT 33003KT", "station_id": "ENEV", "observation_time": "2026-04-28T01:20:00.000Z", "latitude": 68.491, "longitude": 16.683, "temp_c": -1.0, "dewpoint_c": -2.0, "wind_dir_degrees": 290.0, "wind_speed_kt": 3.0, "wind_gust_kt": 0.0, "visibility_statute_mi": 6.0, "altim_in_hg": 30.38, "sea_level_pressure_mb": 0.0, "quality_control_flags": null, "wx_string": "", "sky_condition": null, "flight_category": "VFR", "three_hr_pressure_tendency_mb": 0.0, "maxT_c": 0.0, "minT_c": 0.0, "maxT24hr_c": 0.0, "minT24hr_c": 0.0, "precip_in": 0.0, "pcp3hr_in": 0.0, "pcp6hr_in": 0.0, "pcp24hr_in": 0.0, "snow_in": 0.0, "vert_vis_ft": 0.0, "metar_type": "METAR", "elevation_m": 26.0, "municipality": "Evenes", "continent": "EU", "iso_country": "NO", "iso_region": "NO-18", "wikipedia_link": "https://en.wikipedia.org/wiki/Harstad/Narvik_Airport%2C_Evenes" }, "geometry": { "type": "Point", "coordinates": [ 16.683, 68.491 ] } },
{ "type": "Feature", "properties": { "raw_text": "METAR ENGM 280120Z VRB02KT CAVOK 03/M06 Q1030", "station_id": "ENGM", "observation_time": "2026-04-28T01:20:00.000Z", "latitude": 60.201, "longitude": 11.08, "temp_c": 3.0, "dewpoint_c": -6.0, "wind_dir_degrees": 0.0, "wind_speed_kt": 2.0, "wind_gust_kt": 0.0, "visibility_statute_mi": 6.0, "altim_in_hg": 30.41, "sea_level_pressure_mb": 0.0, "quality_control_flags": null, "wx_string": "", "sky_condition": null, "flight_category": "VFR", "three_hr_pressure_tendency_mb": 0.0, "maxT_c": 0.0, "minT_c": 0.0, "maxT24hr_c": 0.0, "minT24hr_c": 0.0, "precip_in": 0.0, "pcp3hr_in": 0.0, "pcp6hr_in": 0.0, "pcp24hr_in": 0.0, "snow_in": 0.0, "vert_vis_ft": 0.0, "metar_type": "METAR", "elevation_m": 204.0, "municipality": "Oslo (Gardermoen)", "continent": "EU", "iso_country": "NO", "iso_region": "NO-32", "wikipedia_link": "https://en.wikipedia.org/wiki/Oslo_Airport,_Gardermoen" }, "geometry": { "type": "Point", "coordinates": [ 11.08, 60.201 ] } },
{ "type": "Feature", "properties": { "raw_text": "METAR ENTC 280120Z AUTO 23005KT 9999 SCT025/// SCT039/// BKN055/// M00/M02 Q1028 RMK WIND 2600FT 32014KT", "station_id": "ENTC", "observation_time": "2026-04-28T01:20:00.000Z", "latitude": 69.675, "longitude": 18.916, "temp_c": 0.0, "dewpoint_c": -2.0, "wind_dir_degrees": 230.0, "wind_speed_kt": 5.0, "wind_gust_kt": 0.0, "visibility_statute_mi": 6.0, "altim_in_hg": 30.35, "sea_level_pressure_mb": 0.0, "quality_control_flags": null, "wx_string": "", "sky_condition": null, "flight_category": "VFR", "three_hr_pressure_tendency_mb": 0.0, "maxT_c": 0.0, "minT_c": 0.0, "maxT24hr_c": 0.0, "minT24hr_c": 0.0, "precip_in": 0.0, "pcp3hr_in": 0.0, "pcp6hr_in": 0.0, "pcp24hr_in": 0.0, "snow_in": 0.0, "vert_vis_ft": 0.0, "metar_type": "METAR", "elevation_m": 9.0, "municipality": "Tromsø", "continent": "EU", "iso_country": "NO", "iso_region": "NO-55", "wikipedia_link": "https://en.wikipedia.org/wiki/Troms%C3%B8_Airport" }, "geometry": { "type": "Point", "coordinates": [ 18.916, 69.675 ] } },
{ "type": "Feature", "properties": { "raw_text": "METAR ENTO 280120Z AUTO 02004KT 9999 NCD 04/M03 Q1030", "station_id": "ENTO", "observation_time": "2026-04-28T01:20:00.000Z", "latitude": 59.184, "longitude": 10.255, "temp_c": 4.0, "dewpoint_c": -3.0, "wind_dir_degrees": 20.0, "wind_speed_kt": 4.0, "wind_gust_kt": 0.0, "visibility_statute_mi": 6.0, "altim_in_hg": 30.41, "sea_level_pressure_mb": 0.0, "quality_control_flags": null, "wx_string": "", "sky_condition": null, "flight_category": "VFR", "three_hr_pressure_tendency_mb": 0.0, "maxT_c": 0.0, "minT_c": 0.0, "maxT24hr_c": 0.0, "minT24hr_c": 0.0, "precip_in": 0.0, "pcp3hr_in": 0.0, "pcp6hr_in": 0.0, "pcp24hr_in": 0.0, "snow_in": 0.0, "vert_vis_ft": 0.0, "metar_type": "METAR", "elevation_m": 84.0, "municipality": "Sandefjord(Torp)", "continent": "EU", "iso_country": "NO", "iso_region": "NO-39", "wikipedia_link": "https://en.wikipedia.org/wiki/Sandefjord_Airport%2C_Torp" }, "geometry": { "type": "Point", "coordinates": [ 10.255, 59.184 ] } },
{ "type": "Feature", "properties": { "raw_text": "METAR ENVA 280120Z AUTO 11007KT 9999 NCD M01/M02 Q1031 RMK WIND 670FT 16008KT", "station_id": "ENVA", "observation_time": "2026-04-28T01:20:00.000Z", "latitude": 63.46, "longitude": 10.931, "temp_c": -1.0, "dewpoint_c": -2.0, "wind_dir_degrees": 110.0, "wind_speed_kt": 7.0, "wind_gust_kt": 0.0, "visibility_statute_mi": 6.0, "altim_in_hg": 30.44, "sea_level_pressure_mb": 0.0, "quality_control_flags": null, "wx_string": "", "sky_condition": null, "flight_category": "VFR", "three_hr_pressure_tendency_mb": 0.0, "maxT_c": 0.0, "minT_c": 0.0, "maxT24hr_c": 0.0, "minT24hr_c": 0.0, "precip_in": 0.0, "pcp3hr_in": 0.0, "pcp6hr_in": 0.0, "pcp24hr_in": 0.0, "snow_in": 0.0, "vert_vis_ft": 0.0, "metar_type": "METAR", "elevation_m": 12.0, "municipality": "Trondheim", "continent": "EU", "iso_country": "NO", "iso_region": "NO-50", "wikipedia_link": "https://en.wikipedia.org/wiki/Trondheim_Airport%2C_V%C3%A6rnes" }, "geometry": { "type": "Point", "coordinates": [ 10.931, 63.46 ] } },
{ "type": "Feature", "properties": { "raw_text": "METAR ENZV 280120Z AUTO 16002KT 9999 NCD 03/01 Q1030", "station_id": "ENZV", "observation_time": "2026-04-28T01:20:00.000Z", "latitude": 58.884, "longitude": 5.637, "temp_c": 3.0, "dewpoint_c": 1.0, "wind_dir_degrees": 160.0, "wind_speed_kt": 2.0, "wind_gust_kt": 0.0, "visibility_statute_mi": 6.0, "altim_in_hg": 30.41, "sea_level_pressure_mb": 0.0, "quality_control_flags": null, "wx_string": "", "sky_condition": null, "flight_category": "VFR", "three_hr_pressure_tendency_mb": 0.0, "maxT_c": 0.0, "minT_c": 0.0, "maxT24hr_c": 0.0, "minT24hr_c": 0.0, "precip_in": 0.0, "pcp3hr_in": 0.0, "pcp6hr_in": 0.0, "pcp24hr_in": 0.0, "snow_in": 0.0, "vert_vis_ft": 0.0, "metar_type": "METAR", "elevation_m": 7.0, "municipality": "Stavanger", "continent": "EU", "iso_country": "NO", "iso_region": "NO-11", "wikipedia_link": "https://en.wikipedia.org/wiki/Stavanger_Airport,_Sola" }, "geometry": { "type": "Point", "coordinates": [ 5.637, 58.884 ] } },
{ "type": "Feature", "properties": { "raw_text": "METAR EPGD 280130Z 28003KT CAVOK M02/M03 Q1025", "station_id": "EPGD", "observation_time": "2026-04-28T01:30:00.000Z", "latitude": 54.379, "longitude": 18.466, "temp_c": -2.0, "dewpoint_c": -3.0, "wind_dir_degrees": 280.0, "wind_speed_kt": 3.0, "wind_gust_kt": 0.0, "visibility_statute_mi": 6.0, "altim_in_hg": 30.27, "sea_level_pressure_mb": 0.0, "quality_control_flags": null, "wx_string": "", "sky_condition": null, "flight_category": "VFR", "three_hr_pressure_tendency_mb": 0.0, "maxT_c": 0.0, "minT_c": 0.0, "maxT24hr_c": 0.0, "minT24hr_c": 0.0, "precip_in": 0.0, "pcp3hr_in": 0.0, "pcp6hr_in": 0.0, "pcp24hr_in": 0.0, "snow_in": 0.0, "vert_vis_ft": 0.0, "metar_type": "METAR", "elevation_m": 136.0, "municipality": "Gdańsk", "continent": "EU", "iso_country": "PL", "iso_region": "PL-PM", "wikipedia_link": "https://en.wikipedia.org/wiki/Gda%C5%84sk_Lech_Wa%C5%82%C4%99sa_Airport" }, "geometry": { "type": "Point", "coordinates": [ 18.466, 54.379 ] } },
{ "type": "Feature", "properties": { "raw_text": "METAR EPKK 280130Z 05002KT CAVOK 02/M01 Q1021", "station_id": "EPKK", "observation_time": "2026-04-28T01:30:00.000Z", "latitude": 50.078, "longitude": 19.797, "temp_c": 2.0, "dewpoint_c": -1.0, "wind_dir_degrees": 50.0, "wind_speed_kt": 2.0, "wind_gust_kt": 0.0, "visibility_statute_mi": 6.0, "altim_in_hg": 30.15, "sea_level_pressure_mb": 0.0, "quality_control_flags": null, "wx_string": "", "sky_condition": null, "flight_category": "VFR", "three_hr_pressure_tendency_mb": 0.0, "maxT_c": 0.0, "minT_c": 0.0, "maxT24hr_c": 0.0, "minT24hr_c": 0.0, "precip_in": 0.0, "pcp3hr_in": 0.0, "pcp6hr_in": 0.0, "pcp24hr_in": 0.0, "snow_in": 0.0, "vert_vis_ft": 0.0, "metar_type": "METAR", "elevation_m": 237.0, "municipality": "Balice", "continent": "EU", "iso_country": "PL", "iso_region": "PL-MA", "wikipedia_link": "https://en.wikipedia.org/wiki/Kraków_John_Paul_II_International_Airport" }, "geometry": { "type": "Point", "coordinates": [ 19.797, 50.078 ] } },
{ "type": "Feature", "properties": { "raw_text": "METAR EPKT 280130Z 01004KT CAVOK 01/M03 Q1021", "station_id": "EPKT", "observation_time": "2026-04-28T01:30:00.000Z", "latitude": 50.478, "longitude": 19.085, "temp_c": 1.0, "dewpoint_c": -3.0, "wind_dir_degrees": 10.0, "wind_speed_kt": 4.0, "wind_gust_kt": 0.0, "visibility_statute_mi": 6.0, "altim_in_hg": 30.15, "sea_level_pressure_mb": 0.0, "quality_control_flags": null, "wx_string": "", "sky_condition": null, "flight_category": "VFR", "three_hr_pressure_tendency_mb": 0.0, "maxT_c": 0.0, "minT_c": 0.0, "maxT24hr_c": 0.0, "minT24hr_c": 0.0, "precip_in": 0.0, "pcp3hr_in": 0.0, "pcp6hr_in": 0.0, "pcp24hr_in": 0.0, "snow_in": 0.0, "vert_vis_ft": 0.0, "metar_type": "METAR", "elevation_m": 296.0, "municipality": "Katowice", "continent": "EU", "iso_country": "PL", "iso_region": "PL-SL", "wikipedia_link": "https://en.wikipedia.org/wiki/Katowice_International_Airport" }, "geometry": { "type": "Point", "coordinates": [ 19.085, 50.478 ] } },
{ "type": "Feature", "properties": { "raw_text": "METAR EPLB 280130Z 36008KT CAVOK 02/M05 Q1021", "station_id": "EPLB", "observation_time": "2026-04-28T01:30:00.000Z", "latitude": 51.239, "longitude": 22.714, "temp_c": 2.0, "dewpoint_c": -5.0, "wind_dir_degrees": 360.0, "wind_speed_kt": 8.0, "wind_gust_kt": 0.0, "visibility_statute_mi": 6.0, "altim_in_hg": 30.15, "sea_level_pressure_mb": 0.0, "quality_control_flags": null, "wx_string": "", "sky_condition": null, "flight_category": "VFR", "three_hr_pressure_tendency_mb": 0.0, "maxT_c": 0.0, "minT_c": 0.0, "maxT24hr_c": 0.0, "minT24hr_c": 0.0, "precip_in": 0.0, "pcp3hr_in": 0.0, "pcp6hr_in": 0.0, "pcp24hr_in": 0.0, "snow_in": 0.0, "vert_vis_ft": 0.0, "metar_type": "METAR", "elevation_m": 206.0, "municipality": "Lublin", "continent": "EU", "iso_country": "PL", "iso_region": "PL-LU", "wikipedia_link": "https://en.wikipedia.org/wiki/Lublin_Airport" }, "geometry": { "type": "Point", "coordinates": [ 22.714, 51.239 ] } },
{ "type": "Feature", "properties": { "raw_text": "METAR EPLL 280130Z 03008KT CAVOK 03/M06 Q1023", "station_id": "EPLL", "observation_time": "2026-04-28T01:30:00.000Z", "latitude": 51.724, "longitude": 19.401, "temp_c": 3.0, "dewpoint_c": -6.0, "wind_dir_degrees": 30.0, "wind_speed_kt": 8.0, "wind_gust_kt": 0.0, "visibility_statute_mi": 6.0, "altim_in_hg": 30.21, "sea_level_pressure_mb": 0.0, "quality_control_flags": null, "wx_string": "", "sky_condition": null, "flight_category": "VFR", "three_hr_pressure_tendency_mb": 0.0, "maxT_c": 0.0, "minT_c": 0.0, "maxT24hr_c": 0.0, "minT24hr_c": 0.0, "precip_in": 0.0, "pcp3hr_in": 0.0, "pcp6hr_in": 0.0, "pcp24hr_in": 0.0, "snow_in": 0.0, "vert_vis_ft": 0.0, "metar_type": "METAR", "elevation_m": 176.0, "municipality": "Łódź", "continent": "EU", "iso_country": "PL", "iso_region": "PL-LD", "wikipedia_link": "https://en.wikipedia.org/wiki/%C5%81%C3%B3d%C5%BA_W%C5%82adys%C5%82aw_Reymont_Airport" }, "geometry": { "type": "Point", "coordinates": [ 19.401, 51.724 ] } },
{ "type": "Feature", "properties": { "raw_text": "METAR EPMO 280130Z 31005KT CAVOK M01/M05 Q1024", "station_id": "EPMO", "observation_time": "2026-04-28T01:30:00.000Z", "latitude": 52.452, "longitude": 20.642, "temp_c": -1.0, "dewpoint_c": -5.0, "wind_dir_degrees": 310.0, "wind_speed_kt": 5.0, "wind_gust_kt": 0.0, "visibility_statute_mi": 6.0, "altim_in_hg": 30.24, "sea_level_pressure_mb": 0.0, "quality_control_flags": null, "wx_string": "", "sky_condition": null, "flight_category": "VFR", "three_hr_pressure_tendency_mb": 0.0, "maxT_c": 0.0, "minT_c": 0.0, "maxT24hr_c": 0.0, "minT24hr_c": 0.0, "precip_in": 0.0, "pcp3hr_in": 0.0, "pcp6hr_in": 0.0, "pcp24hr_in": 0.0, "snow_in": 0.0, "vert_vis_ft": 0.0, "metar_type": "METAR", "elevation_m": 102.0, "municipality": "Nowy Dwór Mazowiecki", "continent": "EU", "iso_country": "PL", "iso_region": "PL-MZ", "wikipedia_link": "https://en.wikipedia.org/wiki/Warsaw_Modlin_Airport" }, "geometry": { "type": "Point", "coordinates": [ 20.642, 52.452 ] } },
{ "type": "Feature", "properties": { "raw_text": "METAR EPPO 280130Z 07007KT CAVOK 02/M06 Q1025", "station_id": "EPPO", "observation_time": "2026-04-28T01:30:00.000Z", "latitude": 52.417, "longitude": 16.835, "temp_c": 2.0, "dewpoint_c": -6.0, "wind_dir_degrees": 70.0, "wind_speed_kt": 7.0, "wind_gust_kt": 0.0, "visibility_statute_mi": 6.0, "altim_in_hg": 30.27, "sea_level_pressure_mb": 0.0, "quality_control_flags": null, "wx_string": "", "sky_condition": null, "flight_category": "VFR", "three_hr_pressure_tendency_mb": 0.0, "maxT_c": 0.0, "minT_c": 0.0, "maxT24hr_c": 0.0, "minT24hr_c": 0.0, "precip_in": 0.0, "pcp3hr_in": 0.0, "pcp6hr_in": 0.0, "pcp24hr_in": 0.0, "snow_in": 0.0, "vert_vis_ft": 0.0, "metar_type": "METAR", "elevation_m": 87.0, "municipality": "Poznań", "continent": "EU", "iso_country": "PL", "iso_region": "PL-WP", "wikipedia_link": "https://en.wikipedia.org/wiki/Pozna%C5%84-%C5%81awica_Airport" }, "geometry": { "type": "Point", "coordinates": [ 16.835, 52.417 ] } },
{ "type": "Feature", "properties": { "raw_text": "METAR EPRZ 280130Z 22002KT CAVOK 02/M01 Q1020", "station_id": "EPRZ", "observation_time": "2026-04-28T01:30:00.000Z", "latitude": 50.112, "longitude": 22.025, "temp_c": 2.0, "dewpoint_c": -1.0, "wind_dir_degrees": 220.0, "wind_speed_kt": 2.0, "wind_gust_kt": 0.0, "visibility_statute_mi": 6.0, "altim_in_hg": 30.12, "sea_level_pressure_mb": 0.0, "quality_control_flags": null, "wx_string": "", "sky_condition": null, "flight_category": "VFR", "three_hr_pressure_tendency_mb": 0.0, "maxT_c": 0.0, "minT_c": 0.0, "maxT24hr_c": 0.0, "minT24hr_c": 0.0, "precip_in": 0.0, "pcp3hr_in": 0.0, "pcp6hr_in": 0.0, "pcp24hr_in": 0.0, "snow_in": 0.0, "vert_vis_ft": 0.0, "metar_type": "METAR", "elevation_m": 206.0, "municipality": "Jasionka", "continent": "EU", "iso_country": "PL", "iso_region": "PL-PK", "wikipedia_link": "https://en.wikipedia.org/wiki/Rzesz%C3%B3w-Jasionka_Airport" }, "geometry": { "type": "Point", "coordinates": [ 22.025, 50.112 ] } },
{ "type": "Feature", "properties": { "raw_text": "METAR EPSC 280130Z 00000KT CAVOK M01/M05 Q1026", "station_id": "EPSC", "observation_time": "2026-04-28T01:30:00.000Z", "latitude": 53.585, "longitude": 14.902, "temp_c": -1.0, "dewpoint_c": -5.0, "wind_dir_degrees": 0.0, "wind_speed_kt": 0.0, "wind_gust_kt": 0.0, "visibility_statute_mi": 6.0, "altim_in_hg": 30.3, "sea_level_pressure_mb": 0.0, "quality_control_flags": null, "wx_string": "", "sky_condition": null, "flight_category": "VFR", "three_hr_pressure_tendency_mb": 0.0, "maxT_c": 0.0, "minT_c": 0.0, "maxT24hr_c": 0.0, "minT24hr_c": 0.0, "precip_in": 0.0, "pcp3hr_in": 0.0, "pcp6hr_in": 0.0, "pcp24hr_in": 0.0, "snow_in": 0.0, "vert_vis_ft": 0.0, "metar_type": "METAR", "elevation_m": 47.0, "municipality": "Szczecin(Glewice)", "continent": "EU", "iso_country": "PL", "iso_region": "PL-ZP", "wikipedia_link": "https://en.wikipedia.org/wiki/Szczecin-Goleni%C3%B3w_%22Solidarno%C5%9B%C4%87%22_Airport" }, "geometry": { "type": "Point", "coordinates": [ 14.902, 53.585 ] } },
{ "type": "Feature", "properties": { "raw_text": "METAR EPWA 280130Z 32007KT CAVOK 01/M06 Q1023 NOSIG", "station_id": "EPWA", "observation_time": "2026-04-28T01:30:00.000Z", "latitude": 52.163, "longitude": 20.961, "temp_c": 1.0, "dewpoint_c": -6.0, "wind_dir_degrees": 320.0, "wind_speed_kt": 7.0, "wind_gust_kt": 0.0, "visibility_statute_mi": 6.0, "altim_in_hg": 30.21, "sea_level_pressure_mb": 0.0, "quality_control_flags": null, "wx_string": "", "sky_condition": null, "flight_category": "VFR", "three_hr_pressure_tendency_mb": 0.0, "maxT_c": 0.0, "minT_c": 0.0, "maxT24hr_c": 0.0, "minT24hr_c": 0.0, "precip_in": 0.0, "pcp3hr_in": 0.0, "pcp6hr_in": 0.0, "pcp24hr_in": 0.0, "snow_in": 0.0, "vert_vis_ft": 0.0, "metar_type": "METAR", "elevation_m": 107.0, "municipality": "Warsaw", "continent": "EU", "iso_country": "PL", "iso_region": "PL-MZ", "wikipedia_link": "https://en.wikipedia.org/wiki/Warsaw_Frederic_Chopin_Airport" }, "geometry": { "type": "Point", "coordinates": [ 20.961, 52.163 ] } },
{ "type": "Feature", "properties": { "raw_text": "METAR EPWR 280130Z 05006KT CAVOK 07/M04 Q1022", "station_id": "EPWR", "observation_time": "2026-04-28T01:30:00.000Z", "latitude": 51.1032, "longitude": 16.8998, "temp_c": 7.0, "dewpoint_c": -4.0, "wind_dir_degrees": 50.0, "wind_speed_kt": 6.0, "wind_gust_kt": 0.0, "visibility_statute_mi": 6.0, "altim_in_hg": 30.18, "sea_level_pressure_mb": 0.0, "quality_control_flags": null, "wx_string": "", "sky_condition": null, "flight_category": "VFR", "three_hr_pressure_tendency_mb": 0.0, "maxT_c": 0.0, "minT_c": 0.0, "maxT24hr_c": 0.0, "minT24hr_c": 0.0, "precip_in": 0.0, "pcp3hr_in": 0.0, "pcp6hr_in": 0.0, "pcp24hr_in": 0.0, "snow_in": 0.0, "vert_vis_ft": 0.0, "metar_type": "METAR", "elevation_m": 118.0, "municipality": "Wrocław", "continent": "EU", "iso_country": "PL", "iso_region": "PL-DS", "wikipedia_link": "https://en.wikipedia.org/wiki/Copernicus_Airport_Wroc%C5%82aw" }, "geometry": { "type": "Point", "coordinates": [ 16.8998, 51.1032 ] } },
{ "type": "Feature", "properties": { "raw_text": "METAR ESGG 280120Z 01005KT CAVOK 03/M02 Q1027", "station_id": "ESGG", "observation_time": "2026-04-28T01:20:00.000Z", "latitude": 57.667, "longitude": 12.285, "temp_c": 3.0, "dewpoint_c": -2.0, "wind_dir_degrees": 10.0, "wind_speed_kt": 5.0, "wind_gust_kt": 0.0, "visibility_statute_mi": 6.0, "altim_in_hg": 30.32, "sea_level_pressure_mb": 0.0, "quality_control_flags": null, "wx_string": "", "sky_condition": null, "flight_category": "VFR", "three_hr_pressure_tendency_mb": 0.0, "maxT_c": 0.0, "minT_c": 0.0, "maxT24hr_c": 0.0, "minT24hr_c": 0.0, "precip_in": 0.0, "pcp3hr_in": 0.0, "pcp6hr_in": 0.0, "pcp24hr_in": 0.0, "snow_in": 0.0, "vert_vis_ft": 0.0, "metar_type": "METAR", "elevation_m": 152.0, "municipality": "Göteborg", "continent": "EU", "iso_country": "SE", "iso_region": "SE-Q", "wikipedia_link": "https://en.wikipedia.org/wiki/G%C3%B6teborg_Landvetter_Airport" }, "geometry": { "type": "Point", "coordinates": [ 12.285, 57.667 ] } },
{ "type": "Feature", "properties": { "raw_text": "METAR ESKN 280120Z 29006KT CAVOK 00/M03 Q1025", "station_id": "ESKN", "observation_time": "2026-04-28T01:20:00.000Z", "latitude": 58.786, "longitude": 16.918, "temp_c": 0.0, "dewpoint_c": -3.0, "wind_dir_degrees": 290.0, "wind_speed_kt": 6.0, "wind_gust_kt": 0.0, "visibility_statute_mi": 6.0, "altim_in_hg": 30.27, "sea_level_pressure_mb": 0.0, "quality_control_flags": null, "wx_string": "", "sky_condition": null, "flight_category": "VFR", "three_hr_pressure_tendency_mb": 0.0, "maxT_c": 0.0, "minT_c": 0.0, "maxT24hr_c": 0.0, "minT24hr_c": 0.0, "precip_in": 0.0, "pcp3hr_in": 0.0, "pcp6hr_in": 0.0, "pcp24hr_in": 0.0, "snow_in": 0.0, "vert_vis_ft": 0.0, "metar_type": "METAR", "elevation_m": 41.0, "municipality": "Nyköping", "continent": "EU", "iso_country": "SE", "iso_region": "SE-D", "wikipedia_link": "https://en.wikipedia.org/wiki/Stockholm-Skavsta_Airport" }, "geometry": { "type": "Point", "coordinates": [ 16.918, 58.786 ] } },
{ "type": "Feature", "properties": { "raw_text": "METAR ESMS 280120Z 07003KT CAVOK 02/00 Q1026", "station_id": "ESMS", "observation_time": "2026-04-28T01:20:00.000Z", "latitude": 55.539, "longitude": 13.373, "temp_c": 2.0, "dewpoint_c": 0.0, "wind_dir_degrees": 70.0, "wind_speed_kt": 3.0, "wind_gust_kt": 0.0, "visibility_statute_mi": 6.0, "altim_in_hg": 30.3, "sea_level_pressure_mb": 0.0, "quality_control_flags": null, "wx_string": "", "sky_condition": null, "flight_category": "VFR", "three_hr_pressure_tendency_mb": 0.0, "maxT_c": 0.0, "minT_c": 0.0, "maxT24hr_c": 0.0, "minT24hr_c": 0.0, "precip_in": 0.0, "pcp3hr_in": 0.0, "pcp6hr_in": 0.0, "pcp24hr_in": 0.0, "snow_in": 0.0, "vert_vis_ft": 0.0, "metar_type": "METAR", "elevation_m": 68.0, "municipality": "Malmö", "continent": "EU", "iso_country": "SE", "iso_region": "SE-M", "wikipedia_link": "https://en.wikipedia.org/wiki/Malm%C3%B6_Airport" }, "geometry": { "type": "Point", "coordinates": [ 13.373, 55.539 ] } },
{ "type": "Feature", "properties": { "raw_text": "METAR ESNQ 280120Z AUTO 35008KT 9999 NCD M04/M07 Q1023", "station_id": "ESNQ", "observation_time": "2026-04-28T01:20:00.000Z", "latitude": 67.823, "longitude": 20.34, "temp_c": -4.0, "dewpoint_c": -7.0, "wind_dir_degrees": 350.0, "wind_speed_kt": 8.0, "wind_gust_kt": 0.0, "visibility_statute_mi": 6.0, "altim_in_hg": 30.21, "sea_level_pressure_mb": 0.0, "quality_control_flags": null, "wx_string": "", "sky_condition": null, "flight_category": "VFR", "three_hr_pressure_tendency_mb": 0.0, "maxT_c": 0.0, "minT_c": 0.0, "maxT24hr_c": 0.0, "minT24hr_c": 0.0, "precip_in": 0.0, "pcp3hr_in": 0.0, "pcp6hr_in": 0.0, "pcp24hr_in": 0.0, "snow_in": 0.0, "vert_vis_ft": 0.0, "metar_type": "METAR", "elevation_m": 447.0, "municipality": "Kiruna", "continent": "EU", "iso_country": "SE", "iso_region": "SE-BD", "wikipedia_link": "https://en.wikipedia.org/wiki/Kiruna_Airport" }, "geometry": { "type": "Point", "coordinates": [ 20.34, 67.823 ] } },
{ "type": "Feature", "properties": { "raw_text": "METAR ESNU 280120Z AUTO 31005KT 9999 NCD M03/M08 Q1024", "station_id": "ESNU", "observation_time": "2026-04-28T01:20:00.000Z", "latitude": 63.789, "longitude": 20.285, "temp_c": -3.0, "dewpoint_c": -8.0, "wind_dir_degrees": 310.0, "wind_speed_kt": 5.0, "wind_gust_kt": 0.0, "visibility_statute_mi": 6.0, "altim_in_hg": 30.24, "sea_level_pressure_mb": 0.0, "quality_control_flags": null, "wx_string": "", "sky_condition": null, "flight_category": "VFR", "three_hr_pressure_tendency_mb": 0.0, "maxT_c": 0.0, "minT_c": 0.0, "maxT24hr_c": 0.0, "minT24hr_c": 0.0, "precip_in": 0.0, "pcp3hr_in": 0.0, "pcp6hr_in": 0.0, "pcp24hr_in": 0.0, "snow_in": 0.0, "vert_vis_ft": 0.0, "metar_type": "METAR", "elevation_m": 8.0, "municipality": "Umeå", "continent": "EU", "iso_country": "SE", "iso_region": "SE-AC", "wikipedia_link": "https://en.wikipedia.org/wiki/Ume%C3%A5_Airport" }, "geometry": { "type": "Point", "coordinates": [ 20.285, 63.789 ] } },
{ "type": "Feature", "properties": { "raw_text": "METAR ESOW 280120Z AUTO 33010KT 9999 NCD 02/M06 Q1026", "station_id": "ESOW", "observation_time": "2026-04-28T01:20:00.000Z", "latitude": 59.595, "longitude": 16.638, "temp_c": 2.0, "dewpoint_c": -6.0, "wind_dir_degrees": 330.0, "wind_speed_kt": 10.0, "wind_gust_kt": 0.0, "visibility_statute_mi": 6.0, "altim_in_hg": 30.3, "sea_level_pressure_mb": 0.0, "quality_control_flags": null, "wx_string": "", "sky_condition": null, "flight_category": "VFR", "three_hr_pressure_tendency_mb": 0.0, "maxT_c": 0.0, "minT_c": 0.0, "maxT24hr_c": 0.0, "minT24hr_c": 0.0, "precip_in": 0.0, "pcp3hr_in": 0.0, "pcp6hr_in": 0.0, "pcp24hr_in": 0.0, "snow_in": 0.0, "vert_vis_ft": 0.0, "metar_type": "METAR", "elevation_m": 7.0, "municipality": "Stockholm / Västerås", "continent": "EU", "iso_country": "SE", "iso_region": "SE-U", "wikipedia_link": "https://en.wikipedia.org/wiki/Stockholm-V%C3%A4ster%C3%A5s_Airport" }, "geometry": { "type": "Point", "coordinates": [ 16.638, 59.595 ] } },
{ "type": "Feature", "properties": { "raw_text": "METAR ESPA 280120Z AUTO 33008KT 9999 NCD M01/M06 Q1024", "station_id": "ESPA", "observation_time": "2026-04-28T01:20:00.000Z", "latitude": 65.541, "longitude": 22.126, "temp_c": -1.0, "dewpoint_c": -6.0, "wind_dir_degrees": 330.0, "wind_speed_kt": 8.0, "wind_gust_kt": 0.0, "visibility_statute_mi": 6.0, "altim_in_hg": 30.24, "sea_level_pressure_mb": 0.0, "quality_control_flags": null, "wx_string": "", "sky_condition": null, "flight_category": "VFR", "three_hr_pressure_tendency_mb": 0.0, "maxT_c": 0.0, "minT_c": 0.0, "maxT24hr_c": 0.0, "minT24hr_c": 0.0, "precip_in": 0.0, "pcp3hr_in": 0.0, "pcp6hr_in": 0.0, "pcp24hr_in": 0.0, "snow_in": 0.0, "vert_vis_ft": 0.0, "metar_type": "METAR", "elevation_m": 12.0, "municipality": "Luleå", "continent": "EU", "iso_country": "SE", "iso_region": "SE-BD", "wikipedia_link": "https://en.wikipedia.org/wiki/Lule%C3%A5_Airport" }, "geometry": { "type": "Point", "coordinates": [ 22.126, 65.541 ] } },
{ "type": "Feature", "properties": { "raw_text": "METAR ESSA 280120Z 28005KT CAVOK M01/M03 Q1024 NOSIG", "station_id": "ESSA", "observation_time": "2026-04-28T01:20:00.000Z", "latitude": 59.664, "longitude": 17.92, "temp_c": -1.0, "dewpoint_c": -3.0, "wind_dir_degrees": 280.0, "wind_speed_kt": 5.0, "wind_gust_kt": 0.0, "visibility_statute_mi": 6.0, "altim_in_hg": 30.24, "sea_level_pressure_mb": 0.0, "quality_control_flags": null, "wx_string": "", "sky_condition": null, "flight_category": "VFR", "three_hr_pressure_tendency_mb": 0.0, "maxT_c": 0.0, "minT_c": 0.0, "maxT24hr_c": 0.0, "minT24hr_c": 0.0, "precip_in": 0.0, "pcp3hr_in": 0.0, "pcp6hr_in": 0.0, "pcp24hr_in": 0.0, "snow_in": 0.0, "vert_vis_ft": 0.0, "metar_type": "METAR", "elevation_m": 36.0, "municipality": "Stockholm", "continent": "EU", "iso_country": "SE", "iso_region": "SE-AB", "wikipedia_link": "https://en.wikipedia.org/wiki/Stockholm-Arlanda_Airport" }, "geometry": { "type": "Point", "coordinates": [ 17.92, 59.664 ] } },
{ "type": "Feature", "properties": { "raw_text": "METAR ESSL 280120Z AUTO 36004KT 330V040 9999 NCD 04/M04 Q1026", "station_id": "ESSL", "observation_time": "2026-04-28T01:20:00.000Z", "latitude": 58.406, "longitude": 15.681, "temp_c": 4.0, "dewpoint_c": -4.0, "wind_dir_degrees": 360.0, "wind_speed_kt": 4.0, "wind_gust_kt": 0.0, "visibility_statute_mi": 6.0, "altim_in_hg": 30.3, "sea_level_pressure_mb": 0.0, "quality_control_flags": null, "wx_string": "", "sky_condition": null, "flight_category": "VFR", "three_hr_pressure_tendency_mb": 0.0, "maxT_c": 0.0, "minT_c": 0.0, "maxT24hr_c": 0.0, "minT24hr_c": 0.0, "precip_in": 0.0, "pcp3hr_in": 0.0, "pcp6hr_in": 0.0, "pcp24hr_in": 0.0, "snow_in": 0.0, "vert_vis_ft": 0.0, "metar_type": "METAR", "elevation_m": 51.0, "municipality": "Linköping", "continent": "EU", "iso_country": "SE", "iso_region": "SE-E", "wikipedia_link": "https://en.wikipedia.org/wiki/Link%C3%B6ping_SAAB_Airport" }, "geometry": { "type": "Point", "coordinates": [ 15.681, 58.406 ] } },
{ "type": "Feature", "properties": { "raw_text": "METAR ESSV 280120Z AUTO 36005KT 9999 NCD 03/M00 Q1024", "station_id": "ESSV", "observation_time": "2026-04-28T01:20:00.000Z", "latitude": 57.662, "longitude": 18.348, "temp_c": 3.0, "dewpoint_c": 0.0, "wind_dir_degrees": 360.0, "wind_speed_kt": 5.0, "wind_gust_kt": 0.0, "visibility_statute_mi": 6.0, "altim_in_hg": 30.24, "sea_level_pressure_mb": 0.0, "quality_control_flags": null, "wx_string": "", "sky_condition": null, "flight_category": "VFR", "three_hr_pressure_tendency_mb": 0.0, "maxT_c": 0.0, "minT_c": 0.0, "maxT24hr_c": 0.0, "minT24hr_c": 0.0, "precip_in": 0.0, "pcp3hr_in": 0.0, "pcp6hr_in": 0.0, "pcp24hr_in": 0.0, "snow_in": 0.0, "vert_vis_ft": 0.0, "metar_type": "METAR", "elevation_m": 38.0, "municipality": "Visby", "continent": "EU", "iso_country": "SE", "iso_region": "SE-I", "wikipedia_link": "https://en.wikipedia.org/wiki/Visby_Airport" }, "geometry": { "type": "Point", "coordinates": [ 18.348, 57.662 ] } },
{ "type": "Feature", "properties": { "raw_text": "METAR EVLA 280150Z AUTO 33007KT 290V360 9999 NCD 04/M00 Q1022", "station_id": "EVLA", "observation_time": "2026-04-28T01:50:00.000Z", "latitude": 56.517, "longitude": 21.097, "temp_c": 4.0, "dewpoint_c": 0.0, "wind_dir_degrees": 330.0, "wind_speed_kt": 7.0, "wind_gust_kt": 0.0, "visibility_statute_mi": 6.0, "altim_in_hg": 30.18, "sea_level_pressure_mb": 0.0, "quality_control_flags": null, "wx_string": "", "sky_condition": null, "flight_category": "VFR", "three_hr_pressure_tendency_mb": 0.0, "maxT_c": 0.0, "minT_c": 0.0, "maxT24hr_c": 0.0, "minT24hr_c": 0.0, "precip_in": 0.0, "pcp3hr_in": 0.0, "pcp6hr_in": 0.0, "pcp24hr_in": 0.0, "snow_in": 0.0, "vert_vis_ft": 0.0, "metar_type": "METAR", "elevation_m": 5.0, "municipality": "Liepāja", "continent": "EU", "iso_country": "LV", "iso_region": "LV-112", "wikipedia_link": "https://en.wikipedia.org/wiki/Liep%C4%81ja_International_Airport" }, "geometry": { "type": "Point", "coordinates": [ 21.097, 56.517 ] } },
{ "type": "Feature", "properties": { "raw_text": "METAR EVRA 280150Z 32009KT 290V350 CAVOK 03/M01 Q1018 NOSIG", "station_id": "EVRA", "observation_time": "2026-04-28T01:50:00.000Z", "latitude": 56.924, "longitude": 23.968, "temp_c": 3.0, "dewpoint_c": -1.0, "wind_dir_degrees": 320.0, "wind_speed_kt": 9.0, "wind_gust_kt": 0.0, "visibility_statute_mi": 6.0, "altim_in_hg": 30.06, "sea_level_pressure_mb": 0.0, "quality_control_flags": null, "wx_string": "", "sky_condition": null, "flight_category": "VFR", "three_hr_pressure_tendency_mb": 0.0, "maxT_c": 0.0, "minT_c": 0.0, "maxT24hr_c": 0.0, "minT24hr_c": 0.0, "precip_in": 0.0, "pcp3hr_in": 0.0, "pcp6hr_in": 0.0, "pcp24hr_in": 0.0, "snow_in": 0.0, "vert_vis_ft": 0.0, "metar_type": "METAR", "elevation_m": 7.0, "municipality": "Riga", "continent": "EU", "iso_country": "LV", "iso_region": "LV-062", "wikipedia_link": "https://en.wikipedia.org/wiki/Riga_International_Airport" }, "geometry": { "type": "Point", "coordinates": [ 23.968, 56.924 ] } },
{ "type": "Feature", "properties": { "raw_text": "METAR EYKA 280150Z 31005KT 280V340 CAVOK M00/M03 Q1019", "station_id": "EYKA", "observation_time": "2026-04-28T01:50:00.000Z", "latitude": 54.962, "longitude": 24.069, "temp_c": 0.0, "dewpoint_c": -3.0, "wind_dir_degrees": 310.0, "wind_speed_kt": 5.0, "wind_gust_kt": 0.0, "visibility_statute_mi": 6.0, "altim_in_hg": 30.09, "sea_level_pressure_mb": 0.0, "quality_control_flags": null, "wx_string": "", "sky_condition": null, "flight_category": "VFR", "three_hr_pressure_tendency_mb": 0.0, "maxT_c": 0.0, "minT_c": 0.0, "maxT24hr_c": 0.0, "minT24hr_c": 0.0, "precip_in": 0.0, "pcp3hr_in": 0.0, "pcp6hr_in": 0.0, "pcp24hr_in": 0.0, "snow_in": 0.0, "vert_vis_ft": 0.0, "metar_type": "METAR", "elevation_m": 68.0, "municipality": "Kaunas", "continent": "EU", "iso_country": "LT", "iso_region": "LT-KU", "wikipedia_link": "https://en.wikipedia.org/wiki/Kaunas_Airport" }, "geometry": { "type": "Point", "coordinates": [ 24.069, 54.962 ] } },
{ "type": "Feature", "properties": { "raw_text": "METAR EYPA 280150Z VRB06G16KT CAVOK 05/00 Q1022", "station_id": "EYPA", "observation_time": "2026-04-28T01:50:00.000Z", "latitude": 55.973, "longitude": 21.092, "temp_c": 5.0, "dewpoint_c": 0.0, "wind_dir_degrees": 0.0, "wind_speed_kt": 6.0, "wind_gust_kt": 16.0, "visibility_statute_mi": 6.0, "altim_in_hg": 30.18, "sea_level_pressure_mb": 0.0, "quality_control_flags": null, "wx_string": "", "sky_condition": null, "flight_category": "VFR", "three_hr_pressure_tendency_mb": 0.0, "maxT_c": 0.0, "minT_c": 0.0, "maxT24hr_c": 0.0, "minT24hr_c": 0.0, "precip_in": 0.0, "pcp3hr_in": 0.0, "pcp6hr_in": 0.0, "pcp24hr_in": 0.0, "snow_in": 0.0, "vert_vis_ft": 0.0, "metar_type": "METAR", "elevation_m": 15.0, "municipality": "Palanga", "continent": "EU", "iso_country": "LT", "iso_region": "LT-KL", "wikipedia_link": "https://en.wikipedia.org/wiki/Palanga_International_Airport" }, "geometry": { "type": "Point", "coordinates": [ 21.092, 55.973 ] } },
{ "type": "Feature", "properties": { "raw_text": "METAR EYVI 280150Z 31008KT CAVOK M00/M04 Q1017 NOSIG", "station_id": "EYVI", "observation_time": "2026-04-28T01:50:00.000Z", "latitude": 54.634, "longitude": 25.286, "temp_c": 0.0, "dewpoint_c": -4.0, "wind_dir_degrees": 310.0, "wind_speed_kt": 8.0, "wind_gust_kt": 0.0, "visibility_statute_mi": 6.0, "altim_in_hg": 30.03, "sea_level_pressure_mb": 0.0, "quality_control_flags": null, "wx_string": "", "sky_condition": null, "flight_category": "VFR", "three_hr_pressure_tendency_mb": 0.0, "maxT_c": 0.0, "minT_c": 0.0, "maxT24hr_c": 0.0, "minT24hr_c": 0.0, "precip_in": 0.0, "pcp3hr_in": 0.0, "pcp6hr_in": 0.0, "pcp24hr_in": 0.0, "snow_in": 0.0, "vert_vis_ft": 0.0, "metar_type": "METAR", "elevation_m": 180.0, "municipality": "Vilnius", "continent": "EU", "iso_country": "LT", "iso_region": "LT-VL", "wikipedia_link": "https://en.wikipedia.org/wiki/Vilnius_International_Airport" }, "geometry": { "type": "Point", "coordinates": [ 25.286, 54.634 ] } },
{ "type": "Feature", "properties": { "raw_text": "METAR FACT 280100Z 07004KT 9999 SCT035 10/09 Q1025 NOSIG", "station_id": "FACT", "observation_time": "2026-04-28T01:00:00.000Z", "latitude": -33.965, "longitude": 18.602, "temp_c": 10.0, "dewpoint_c": 9.0, "wind_dir_degrees": 70.0, "wind_speed_kt": 4.0, "wind_gust_kt": 0.0, "visibility_statute_mi": 6.0, "altim_in_hg": 30.27, "sea_level_pressure_mb": 0.0, "quality_control_flags": null, "wx_string": "", "sky_condition": null, "flight_category": "VFR", "three_hr_pressure_tendency_mb": 0.0, "maxT_c": 0.0, "minT_c": 0.0, "maxT24hr_c": 0.0, "minT24hr_c": 0.0, "precip_in": 0.0, "pcp3hr_in": 0.0, "pcp6hr_in": 0.0, "pcp24hr_in": 0.0, "snow_in": 0.0, "vert_vis_ft": 0.0, "metar_type": "METAR", "elevation_m": 48.0, "municipality": "Cape Town", "continent": "AF", "iso_country": "ZA", "iso_region": "ZA-WC", "wikipedia_link": "https://en.wikipedia.org/wiki/Cape_Town_International_Airport" }, "geometry": { "type": "Point", "coordinates": [ 18.602, -33.965 ] } },
{ "type": "Feature", "properties": { "raw_text": "METAR FAGG 280100Z AUTO 29010KT 9999 -RA FEW014/// SCT022/// BKN036/// 10/09 Q1023", "station_id": "FAGG", "observation_time": "2026-04-28T01:00:00.000Z", "latitude": -34.006, "longitude": 22.379, "temp_c": 10.0, "dewpoint_c": 9.0, "wind_dir_degrees": 290.0, "wind_speed_kt": 10.0, "wind_gust_kt": 0.0, "visibility_statute_mi": 6.0, "altim_in_hg": 30.21, "sea_level_pressure_mb": 0.0, "quality_control_flags": null, "wx_string": "-RA", "sky_condition": null, "flight_category": "VFR", "three_hr_pressure_tendency_mb": 0.0, "maxT_c": 0.0, "minT_c": 0.0, "maxT24hr_c": 0.0, "minT24hr_c": 0.0, "precip_in": 0.0, "pcp3hr_in": 0.0, "pcp6hr_in": 0.0, "pcp24hr_in": 0.0, "snow_in": 0.0, "vert_vis_ft": 0.0, "metar_type": "METAR", "elevation_m": 196.0, "municipality": "George", "continent": "AF", "iso_country": "ZA", "iso_region": "ZA-WC", "wikipedia_link": "https://en.wikipedia.org/wiki/George_Airport" }, "geometry": { "type": "Point", "coordinates": [ 22.379, -34.006 ] } },
{ "type": "Feature", "properties": { "raw_text": "METAR FAKM 280100Z AUTO 20005KT //// // ////// 04/02 Q1021", "station_id": "FAKM", "observation_time": "2026-04-28T01:00:00.000Z", "latitude": -28.803, "longitude": 24.765, "temp_c": 4.0, "dewpoint_c": 2.0, "wind_dir_degrees": 200.0, "wind_speed_kt": 5.0, "wind_gust_kt": 0.0, "visibility_statute_mi": 0.0, "altim_in_hg": 30.15, "sea_level_pressure_mb": 0.0, "quality_control_flags": null, "wx_string": "", "sky_condition": null, "flight_category": "null", "three_hr_pressure_tendency_mb": 0.0, "maxT_c": 0.0, "minT_c": 0.0, "maxT24hr_c": 0.0, "minT24hr_c": 0.0, "precip_in": 0.0, "pcp3hr_in": 0.0, "pcp6hr_in": 0.0, "pcp24hr_in": 0.0, "snow_in": 0.0, "vert_vis_ft": 0.0, "metar_type": "METAR", "elevation_m": 1203.0, "municipality": "Kimberley", "continent": "AF", "iso_country": "ZA", "iso_region": "ZA-NC", "wikipedia_link": "https://en.wikipedia.org/wiki/Kimberley_Airport" }, "geometry": { "type": "Point", "coordinates": [ 24.765, -28.803 ] } },
{ "type": "Feature", "properties": { "raw_text": "METAR FAKN 280100Z AUTO 08005KT //// // ////// 17/16 Q1018", "station_id": "FAKN", "observation_time": "2026-04-28T01:00:00.000Z", "latitude": -25.383, "longitude": 31.106, "temp_c": 17.0, "dewpoint_c": 16.0, "wind_dir_degrees": 80.0, "wind_speed_kt": 5.0, "wind_gust_kt": 0.0, "visibility_statute_mi": 0.0, "altim_in_hg": 30.06, "sea_level_pressure_mb": 0.0, "quality_control_flags": null, "wx_string": "", "sky_condition": null, "flight_category": "null", "three_hr_pressure_tendency_mb": 0.0, "maxT_c": 0.0, "minT_c": 0.0, "maxT24hr_c": 0.0, "minT24hr_c": 0.0, "precip_in": 0.0, "pcp3hr_in": 0.0, "pcp6hr_in": 0.0, "pcp24hr_in": 0.0, "snow_in": 0.0, "vert_vis_ft": 0.0, "metar_type": "METAR", "elevation_m": 864.0, "municipality": "Mbombela", "continent": "AF", "iso_country": "ZA", "iso_region": "ZA-MP", "wikipedia_link": "https://en.wikipedia.org/wiki/Kruger_Mpumalanga_International_Airport" }, "geometry": { "type": "Point", "coordinates": [ 31.106, -25.383 ] } },
{ "type": "Feature", "properties": { "raw_text": "METAR FALE 280100Z VRB01KT 9999 OVC042 17/15 Q1016 NOSIG", "station_id": "FALE", "observation_time": "2026-04-28T01:00:00.000Z", "latitude": -29.602, "longitude": 31.13, "temp_c": 17.0, "dewpoint_c": 15.0, "wind_dir_degrees": 0.0, "wind_speed_kt": 1.0, "wind_gust_kt": 0.0, "visibility_statute_mi": 6.0, "altim_in_hg": 30.0, "sea_level_pressure_mb": 0.0, "quality_control_flags": null, "wx_string": "", "sky_condition": null, "flight_category": "VFR", "three_hr_pressure_tendency_mb": 0.0, "maxT_c": 0.0, "minT_c": 0.0, "maxT24hr_c": 0.0, "minT24hr_c": 0.0, "precip_in": 0.0, "pcp3hr_in": 0.0, "pcp6hr_in": 0.0, "pcp24hr_in": 0.0, "snow_in": 0.0, "vert_vis_ft": 0.0, "metar_type": "METAR", "elevation_m": 109.0, "municipality": "Durban", "continent": "AF", "iso_country": "ZA", "iso_region": "ZA-NL", "wikipedia_link": "https://en.wikipedia.org/wiki/King_Shaka_International_Airport" }, "geometry": { "type": "Point", "coordinates": [ 31.13, -29.602 ] } },
{ "type": "Feature", "properties": { "raw_text": "METAR FAOR 280100Z 29002KT CAVOK 11/09 Q1021 NOSIG", "station_id": "FAOR", "observation_time": "2026-04-28T01:00:00.000Z", "latitude": -26.139, "longitude": 28.246, "temp_c": 11.0, "dewpoint_c": 9.0, "wind_dir_degrees": 290.0, "wind_speed_kt": 2.0, "wind_gust_kt": 0.0, "visibility_statute_mi": 6.0, "altim_in_hg": 30.15, "sea_level_pressure_mb": 0.0, "quality_control_flags": null, "wx_string": "", "sky_condition": null, "flight_category": "VFR", "three_hr_pressure_tendency_mb": 0.0, "maxT_c": 0.0, "minT_c": 0.0, "maxT24hr_c": 0.0, "minT24hr_c": 0.0, "precip_in": 0.0, "pcp3hr_in": 0.0, "pcp6hr_in": 0.0, "pcp24hr_in": 0.0, "snow_in": 0.0, "vert_vis_ft": 0.0, "metar_type": "METAR", "elevation_m": 1684.0, "municipality": "Johannesburg", "continent": "AF", "iso_country": "ZA", "iso_region": "ZA-GT", "wikipedia_link": "https://en.wikipedia.org/wiki/O._R._Tambo_International_Airport" }, "geometry": { "type": "Point", "coordinates": [ 28.246, -26.139 ] } },
{ "type": "Feature", "properties": { "raw_text": "METAR FAPP 280100Z AUTO 00000KT //// // ////// 16/16 Q1020", "station_id": "FAPP", "observation_time": "2026-04-28T01:00:00.000Z", "latitude": -23.845, "longitude": 29.459, "temp_c": 16.0, "dewpoint_c": 16.0, "wind_dir_degrees": 0.0, "wind_speed_kt": 0.0, "wind_gust_kt": 0.0, "visibility_statute_mi": 0.0, "altim_in_hg": 30.12, "sea_level_pressure_mb": 0.0, "quality_control_flags": null, "wx_string": "", "sky_condition": null, "flight_category": "null", "three_hr_pressure_tendency_mb": 0.0, "maxT_c": 0.0, "minT_c": 0.0, "maxT24hr_c": 0.0, "minT24hr_c": 0.0, "precip_in": 0.0, "pcp3hr_in": 0.0, "pcp6hr_in": 0.0, "pcp24hr_in": 0.0, "snow_in": 0.0, "vert_vis_ft": 0.0, "metar_type": "METAR", "elevation_m": 1238.0, "municipality": "Polokwane", "continent": "AF", "iso_country": "ZA", "iso_region": "ZA-NP", "wikipedia_link": "https://en.wikipedia.org/wiki/Polokwane_International_Airport" }, "geometry": { "type": "Point", "coordinates": [ 29.459, -23.845 ] } },
{ "type": "Feature", "properties": { "raw_text": "METAR FBPM 280100Z 29003KT CAVOK 14/13 Q1018", "station_id": "FBPM", "observation_time": "2026-04-28T01:00:00.000Z", "latitude": -21.159, "longitude": 27.477, "temp_c": 14.0, "dewpoint_c": 13.0, "wind_dir_degrees": 290.0, "wind_speed_kt": 3.0, "wind_gust_kt": 0.0, "visibility_statute_mi": 6.0, "altim_in_hg": 30.06, "sea_level_pressure_mb": 0.0, "quality_control_flags": null, "wx_string": "", "sky_condition": null, "flight_category": "VFR", "three_hr_pressure_tendency_mb": 0.0, "maxT_c": 0.0, "minT_c": 0.0, "maxT24hr_c": 0.0, "minT24hr_c": 0.0, "precip_in": 0.0, "pcp3hr_in": 0.0, "pcp6hr_in": 0.0, "pcp24hr_in": 0.0, "snow_in": 0.0, "vert_vis_ft": 0.0, "metar_type": "METAR", "elevation_m": 1009.0, "municipality": "Francistown", "continent": "AF", "iso_country": "BW", "iso_region": "BW-FR", "wikipedia_link": "https://en.wikipedia.org/wiki/Francistown_Airport" }, "geometry": { "type": "Point", "coordinates": [ 27.477, -21.159 ] } },
{ "type": "Feature", "properties": { "raw_text": "METAR FBMN 280100Z VRB02KT CAVOK 19/18 Q1017", "station_id": "FBMN", "observation_time": "2026-04-28T01:00:00.000Z", "latitude": -19.973, "longitude": 23.431, "temp_c": 19.0, "dewpoint_c": 18.0, "wind_dir_degrees": 0.0, "wind_speed_kt": 2.0, "wind_gust_kt": 0.0, "visibility_statute_mi": 6.0, "altim_in_hg": 30.03, "sea_level_pressure_mb": 0.0, "quality_control_flags": null, "wx_string": "", "sky_condition": null, "flight_category": "VFR", "three_hr_pressure_tendency_mb": 0.0, "maxT_c": 0.0, "minT_c": 0.0, "maxT24hr_c": 0.0, "minT24hr_c": 0.0, "precip_in": 0.0, "pcp3hr_in": 0.0, "pcp6hr_in": 0.0, "pcp24hr_in": 0.0, "snow_in": 0.0, "vert_vis_ft": 0.0, "metar_type": "METAR", "elevation_m": 946.0, "municipality": "Maun", "continent": "AF", "iso_country": "BW", "iso_region": "BW-NW", "wikipedia_link": "https://en.wikipedia.org/wiki/Maun_Airport" }, "geometry": { "type": "Point", "coordinates": [ 23.431, -19.973 ] } },
{ "type": "Feature", "properties": { "raw_text": "METAR FEFF 280100Z VRB03KT 8000 TS FEW010 FEW033CB 25/23 Q1012 NOSIG", "station_id": "FEFF", "observation_time": "2026-04-28T01:00:00.000Z", "latitude": 4.399, "longitude": 18.519, "temp_c": 25.0, "dewpoint_c": 23.0, "wind_dir_degrees": 0.0, "wind_speed_kt": 3.0, "wind_gust_kt": 0.0, "visibility_statute_mi": 4.97, "altim_in_hg": 29.88, "sea_level_pressure_mb": 0.0, "quality_control_flags": null, "wx_string": "TS", "sky_condition": null, "flight_category": "MVFR", "three_hr_pressure_tendency_mb": 0.0, "maxT_c": 0.0, "minT_c": 0.0, "maxT24hr_c": 0.0, "minT24hr_c": 0.0, "precip_in": 0.0, "pcp3hr_in": 0.0, "pcp6hr_in": 0.0, "pcp24hr_in": 0.0, "snow_in": 0.0, "vert_vis_ft": 0.0, "metar_type": "METAR", "elevation_m": 364.0, "municipality": "Bangui", "continent": "AF", "iso_country": "CF", "iso_region": "CF-MP", "wikipedia_link": "https://en.wikipedia.org/wiki/Bangui_M'Poko_International_Airport" }, "geometry": { "type": "Point", "coordinates": [ 18.519, 4.399 ] } },
{ "type": "Feature", "properties": { "raw_text": "METAR FGBT 280100Z 15002KT 9999 FEW010 26/26 Q1009 NOSIG", "station_id": "FGBT", "observation_time": "2026-04-28T01:00:00.000Z", "latitude": 1.905, "longitude": 9.806, "temp_c": 26.0, "dewpoint_c": 26.0, "wind_dir_degrees": 150.0, "wind_speed_kt": 2.0, "wind_gust_kt": 0.0, "visibility_statute_mi": 6.0, "altim_in_hg": 29.79, "sea_level_pressure_mb": 0.0, "quality_control_flags": null, "wx_string": "", "sky_condition": null, "flight_category": "VFR", "three_hr_pressure_tendency_mb": 0.0, "maxT_c": 0.0, "minT_c": 0.0, "maxT24hr_c": 0.0, "minT24hr_c": 0.0, "precip_in": 0.0, "pcp3hr_in": 0.0, "pcp6hr_in": 0.0, "pcp24hr_in": 0.0, "snow_in": 0.0, "vert_vis_ft": 0.0, "metar_type": "METAR", "elevation_m": 2.0, "municipality": "Bata", "continent": "AF", "iso_country": "GQ", "iso_region": "GQ-LI", "wikipedia_link": "https://en.wikipedia.org/wiki/Bata_Airport" }, "geometry": { "type": "Point", "coordinates": [ 9.806, 1.905 ] } },
{ "type": "Feature", "properties": { "raw_text": "METAR FGSL 280100Z 25006KT 9999 SCT008 27/25 Q1011 NOSIG", "station_id": "FGSL", "observation_time": "2026-04-28T01:00:00.000Z", "latitude": 3.756, "longitude": 8.71, "temp_c": 27.0, "dewpoint_c": 25.0, "wind_dir_degrees": 250.0, "wind_speed_kt": 6.0, "wind_gust_kt": 0.0, "visibility_statute_mi": 6.0, "altim_in_hg": 29.85, "sea_level_pressure_mb": 0.0, "quality_control_flags": null, "wx_string": "", "sky_condition": null, "flight_category": "VFR", "three_hr_pressure_tendency_mb": 0.0, "maxT_c": 0.0, "minT_c": 0.0, "maxT24hr_c": 0.0, "minT24hr_c": 0.0, "precip_in": 0.0, "pcp3hr_in": 0.0, "pcp6hr_in": 0.0, "pcp24hr_in": 0.0, "snow_in": 0.0, "vert_vis_ft": 0.0, "metar_type": "METAR", "elevation_m": 23.0, "municipality": "Malabo", "continent": "AF", "iso_country": "GQ", "iso_region": "GQ-BN", "wikipedia_link": "https://en.wikipedia.org/wiki/Malabo_International_Airport" }, "geometry": { "type": "Point", "coordinates": [ 8.71, 3.756 ] } },
{ "type": "Feature", "properties": { "raw_text": "METAR FIMP 280100Z 07009KT 8000 -SHRA FEW008 FEW///CB BKN014 24/24 Q1010 RETS", "station_id": "FIMP", "observation_time": "2026-04-28T01:00:00.000Z", "latitude": -20.434, "longitude": 57.684, "temp_c": 24.0, "dewpoint_c": 24.0, "wind_dir_degrees": 70.0, "wind_speed_kt": 9.0, "wind_gust_kt": 0.0, "visibility_statute_mi": 4.97, "altim_in_hg": 29.82, "sea_level_pressure_mb": 0.0, "quality_control_flags": null, "wx_string": "-SHRA", "sky_condition": null, "flight_category": "MVFR", "three_hr_pressure_tendency_mb": 0.0, "maxT_c": 0.0, "minT_c": 0.0, "maxT24hr_c": 0.0, "minT24hr_c": 0.0, "precip_in": 0.0, "pcp3hr_in": 0.0, "pcp6hr_in": 0.0, "pcp24hr_in": 0.0, "snow_in": 0.0, "vert_vis_ft": 0.0, "metar_type": "METAR", "elevation_m": 57.0, "municipality": "Plaine Magnien", "continent": "AF", "iso_country": "MU", "iso_region": "MU-GP", "wikipedia_link": "https://en.wikipedia.org/wiki/Sir_Seewoosagur_Ramgoolam_International_Airport" }, "geometry": { "type": "Point", "coordinates": [ 57.684, -20.434 ] } },
{ "type": "Feature", "properties": { "raw_text": "METAR FKKD 280100Z VRB02KT 9999 BKN013 FEW016CB 27/26 Q1010 NOSIG", "station_id": "FKKD", "observation_time": "2026-04-28T01:00:00.000Z", "latitude": 4.006, "longitude": 9.72, "temp_c": 27.0, "dewpoint_c": 26.0, "wind_dir_degrees": 0.0, "wind_speed_kt": 2.0, "wind_gust_kt": 0.0, "visibility_statute_mi": 6.0, "altim_in_hg": 29.82, "sea_level_pressure_mb": 0.0, "quality_control_flags": null, "wx_string": "", "sky_condition": null, "flight_category": "MVFR", "three_hr_pressure_tendency_mb": 0.0, "maxT_c": 0.0, "minT_c": 0.0, "maxT24hr_c": 0.0, "minT24hr_c": 0.0, "precip_in": 0.0, "pcp3hr_in": 0.0, "pcp6hr_in": 0.0, "pcp24hr_in": 0.0, "snow_in": 0.0, "vert_vis_ft": 0.0, "metar_type": "METAR", "elevation_m": 10.0, "municipality": "Douala", "continent": "AF", "iso_country": "CM", "iso_region": "CM-LT", "wikipedia_link": "https://en.wikipedia.org/wiki/Douala_International_Airport" }, "geometry": { "type": "Point", "coordinates": [ 9.72, 4.006 ] } },
{ "type": "Feature", "properties": { "raw_text": "METAR FKYS 280100Z 26004KT 8000 SCT006 23/20 Q1013 NOSIG", "station_id": "FKYS", "observation_time": "2026-04-28T01:00:00.000Z", "latitude": 3.833, "longitude": 11.521, "temp_c": 23.0, "dewpoint_c": 20.0, "wind_dir_degrees": 260.0, "wind_speed_kt": 4.0, "wind_gust_kt": 0.0, "visibility_statute_mi": 4.97, "altim_in_hg": 29.91, "sea_level_pressure_mb": 0.0, "quality_control_flags": null, "wx_string": "", "sky_condition": null, "flight_category": "MVFR", "three_hr_pressure_tendency_mb": 0.0, "maxT_c": 0.0, "minT_c": 0.0, "maxT24hr_c": 0.0, "minT24hr_c": 0.0, "precip_in": 0.0, "pcp3hr_in": 0.0, "pcp6hr_in": 0.0, "pcp24hr_in": 0.0, "snow_in": 0.0, "vert_vis_ft": 0.0, "metar_type": "METAR", "elevation_m": 694.0, "municipality": "Yaoundé", "continent": "AF", "iso_country": "CM", "iso_region": "CM-CE", "wikipedia_link": "https://en.wikipedia.org/wiki/Yaoundé_Nsimalen_International_Airport" }, "geometry": { "type": "Point", "coordinates": [ 11.521, 3.833 ] } },
{ "type": "Feature", "properties": { "raw_text": "METAR FLKK 280100Z VRB03KT CAVOK 16/14 Q1018", "station_id": "FLKK", "observation_time": "2026-04-28T01:00:00.000Z", "latitude": -15.329, "longitude": 28.448, "temp_c": 16.0, "dewpoint_c": 14.0, "wind_dir_degrees": 0.0, "wind_speed_kt": 3.0, "wind_gust_kt": 0.0, "visibility_statute_mi": 6.0, "altim_in_hg": 30.06, "sea_level_pressure_mb": 0.0, "quality_control_flags": null, "wx_string": "", "sky_condition": null, "flight_category": "VFR", "three_hr_pressure_tendency_mb": 0.0, "maxT_c": 0.0, "minT_c": 0.0, "maxT24hr_c": 0.0, "minT24hr_c": 0.0, "precip_in": 0.0, "pcp3hr_in": 0.0, "pcp6hr_in": 0.0, "pcp24hr_in": 0.0, "snow_in": 0.0, "vert_vis_ft": 0.0, "metar_type": "METAR", "elevation_m": 1149.0, "municipality": "Lusaka", "continent": "AF", "iso_country": "ZM", "iso_region": "ZM-09", "wikipedia_link": "https://en.wikipedia.org/wiki/Kenneth_Kaunda_International_Airport" }, "geometry": { "type": "Point", "coordinates": [ 28.448, -15.329 ] } },
{ "type": "Feature", "properties": { "raw_text": "METAR FMCZ 280130Z AUTO 23004KT 4300 BR FEW019 SCT031 27/25 Q1009 TEMPO FEW015TCU BECMG 9999 NSW", "station_id": "FMCZ", "observation_time": "2026-04-28T01:30:00.000Z", "latitude": -12.805, "longitude": 45.281, "temp_c": 27.0, "dewpoint_c": 25.0, "wind_dir_degrees": 230.0, "wind_speed_kt": 4.0, "wind_gust_kt": 0.0, "visibility_statute_mi": 2.67, "altim_in_hg": 29.79, "sea_level_pressure_mb": 0.0, "quality_control_flags": null, "wx_string": "BR", "sky_condition": null, "flight_category": "IFR", "three_hr_pressure_tendency_mb": 0.0, "maxT_c": 0.0, "minT_c": 0.0, "maxT24hr_c": 0.0, "minT24hr_c": 0.0, "precip_in": 0.0, "pcp3hr_in": 0.0, "pcp6hr_in": 0.0, "pcp24hr_in": 0.0, "snow_in": 0.0, "vert_vis_ft": 0.0, "metar_type": "METAR", "elevation_m": 7.0, "municipality": "Dzaoudzi", "continent": "AF", "iso_country": "YT", "iso_region": "YT-U-A", "wikipedia_link": "https://en.wikipedia.org/wiki/Dzaoudzi_Pamandzi_International_Airport" }, "geometry": { "type": "Point", "coordinates": [ 45.281, -12.805 ] } },
{ "type": "Feature", "properties": { "raw_text": "METAR FMEE 280130Z AUTO 11008KT 9999 OVC056 26/23 Q1009 TEMPO 1500 TSRA BKN020CB", "station_id": "FMEE", "observation_time": "2026-04-28T01:30:00.000Z", "latitude": -20.887, "longitude": 55.51, "temp_c": 26.0, "dewpoint_c": 23.0, "wind_dir_degrees": 110.0, "wind_speed_kt": 8.0, "wind_gust_kt": 0.0, "visibility_statute_mi": 6.0, "altim_in_hg": 29.79, "sea_level_pressure_mb": 0.0, "quality_control_flags": null, "wx_string": "", "sky_condition": null, "flight_category": "VFR", "three_hr_pressure_tendency_mb": 0.0, "maxT_c": 0.0, "minT_c": 0.0, "maxT24hr_c": 0.0, "minT24hr_c": 0.0, "precip_in": 0.0, "pcp3hr_in": 0.0, "pcp6hr_in": 0.0, "pcp24hr_in": 0.0, "snow_in": 0.0, "vert_vis_ft": 0.0, "metar_type": "METAR", "elevation_m": 20.0, "municipality": "Sainte-Marie", "continent": "AF", "iso_country": "RE", "iso_region": "RE-SD", "wikipedia_link": "https://en.wikipedia.org/wiki/Roland_Garros_Airport" }, "geometry": { "type": "Point", "coordinates": [ 55.51, -20.887 ] } },
{ "type": "Feature", "properties": { "raw_text": "METAR FMEP 280130Z AUTO 05005KT CAVOK 25/20 Q1009", "station_id": "FMEP", "observation_time": "2026-04-28T01:30:00.000Z", "latitude": -21.32, "longitude": 55.425, "temp_c": 25.0, "dewpoint_c": 20.0, "wind_dir_degrees": 50.0, "wind_speed_kt": 5.0, "wind_gust_kt": 0.0, "visibility_statute_mi": 6.0, "altim_in_hg": 29.79, "sea_level_pressure_mb": 0.0, "quality_control_flags": null, "wx_string": "", "sky_condition": null, "flight_category": "VFR", "three_hr_pressure_tendency_mb": 0.0, "maxT_c": 0.0, "minT_c": 0.0, "maxT24hr_c": 0.0, "minT24hr_c": 0.0, "precip_in": 0.0, "pcp3hr_in": 0.0, "pcp6hr_in": 0.0, "pcp24hr_in": 0.0, "snow_in": 0.0, "vert_vis_ft": 0.0, "metar_type": "METAR", "elevation_m": 21.0, "municipality": "Saint-Pierre", "continent": "AF", "iso_country": "RE", "iso_region": "RE-SR", "wikipedia_link": "https://en.wikipedia.org/wiki/Pierrefonds_Airport" }, "geometry": { "type": "Point", "coordinates": [ 55.425, -21.32 ] } },
{ "type": "Feature", "properties": { "raw_text": "METAR FMMI 280130Z VRB03KT 9999 FEW010 16/16 Q1017 NOSIG", "station_id": "FMMI", "observation_time": "2026-04-28T01:30:00.000Z", "latitude": -18.797, "longitude": 47.479, "temp_c": 16.0, "dewpoint_c": 16.0, "wind_dir_degrees": 0.0, "wind_speed_kt": 3.0, "wind_gust_kt": 0.0, "visibility_statute_mi": 6.0, "altim_in_hg": 30.03, "sea_level_pressure_mb": 0.0, "quality_control_flags": null, "wx_string": "", "sky_condition": null, "flight_category": "VFR", "three_hr_pressure_tendency_mb": 0.0, "maxT_c": 0.0, "minT_c": 0.0, "maxT24hr_c": 0.0, "minT24hr_c": 0.0, "precip_in": 0.0, "pcp3hr_in": 0.0, "pcp6hr_in": 0.0, "pcp24hr_in": 0.0, "snow_in": 0.0, "vert_vis_ft": 0.0, "metar_type": "METAR", "elevation_m": 1269.0, "municipality": "Antananarivo", "continent": "AF", "iso_country": "MG", "iso_region": "MG-T", "wikipedia_link": "https://en.wikipedia.org/wiki/Ivato_Airport" }, "geometry": { "type": "Point", "coordinates": [ 47.479, -18.797 ] } },
{ "type": "Feature", "properties": { "raw_text": "METAR FMMT 280100Z 28003KT 9999 FEW017 22/21 Q1010", "station_id": "FMMT", "observation_time": "2026-04-28T01:00:00.000Z", "latitude": -18.11, "longitude": 49.392, "temp_c": 22.0, "dewpoint_c": 21.0, "wind_dir_degrees": 280.0, "wind_speed_kt": 3.0, "wind_gust_kt": 0.0, "visibility_statute_mi": 6.0, "altim_in_hg": 29.82, "sea_level_pressure_mb": 0.0, "quality_control_flags": null, "wx_string": "", "sky_condition": null, "flight_category": "VFR", "three_hr_pressure_tendency_mb": 0.0, "maxT_c": 0.0, "minT_c": 0.0, "maxT24hr_c": 0.0, "minT24hr_c": 0.0, "precip_in": 0.0, "pcp3hr_in": 0.0, "pcp6hr_in": 0.0, "pcp24hr_in": 0.0, "snow_in": 0.0, "vert_vis_ft": 0.0, "metar_type": "METAR", "elevation_m": 13.0, "municipality": "Toamasina", "continent": "AF", "iso_country": "MG", "iso_region": "MG-A", "wikipedia_link": "https://en.wikipedia.org/wiki/Toamasina_Airport" }, "geometry": { "type": "Point", "coordinates": [ 49.392, -18.11 ] } },
{ "type": "Feature", "properties": { "raw_text": "METAR FMNM 280100Z 12005KT 9999 FEW020 26/26 Q1009", "station_id": "FMNM", "observation_time": "2026-04-28T01:00:00.000Z", "latitude": -15.667, "longitude": 46.352, "temp_c": 26.0, "dewpoint_c": 26.0, "wind_dir_degrees": 120.0, "wind_speed_kt": 5.0, "wind_gust_kt": 0.0, "visibility_statute_mi": 6.0, "altim_in_hg": 29.79, "sea_level_pressure_mb": 0.0, "quality_control_flags": null, "wx_string": "", "sky_condition": null, "flight_category": "VFR", "three_hr_pressure_tendency_mb": 0.0, "maxT_c": 0.0, "minT_c": 0.0, "maxT24hr_c": 0.0, "minT24hr_c": 0.0, "precip_in": 0.0, "pcp3hr_in": 0.0, "pcp6hr_in": 0.0, "pcp24hr_in": 0.0, "snow_in": 0.0, "vert_vis_ft": 0.0, "metar_type": "METAR", "elevation_m": 18.0, "municipality": "Mahajanga", "continent": "AF", "iso_country": "MG", "iso_region": "MG-M", "wikipedia_link": "https://en.wikipedia.org/wiki/Amborovy_Airport" }, "geometry": { "type": "Point", "coordinates": [ 46.352, -15.667 ] } },
{ "type": "Feature", "properties": { "raw_text": "METAR FNLU 280100Z 19004KT 160V230 9999 BKN020 25/23 Q1009", "station_id": "FNLU", "observation_time": "2026-04-28T01:00:00.000Z", "latitude": -8.858, "longitude": 13.231, "temp_c": 25.0, "dewpoint_c": 23.0, "wind_dir_degrees": 190.0, "wind_speed_kt": 4.0, "wind_gust_kt": 0.0, "visibility_statute_mi": 6.0, "altim_in_hg": 29.79, "sea_level_pressure_mb": 0.0, "quality_control_flags": null, "wx_string": "", "sky_condition": null, "flight_category": "MVFR", "three_hr_pressure_tendency_mb": 0.0, "maxT_c": 0.0, "minT_c": 0.0, "maxT24hr_c": 0.0, "minT24hr_c": 0.0, "precip_in": 0.0, "pcp3hr_in": 0.0, "pcp6hr_in": 0.0, "pcp24hr_in": 0.0, "snow_in": 0.0, "vert_vis_ft": 0.0, "metar_type": "METAR", "elevation_m": 75.0, "municipality": "Luanda", "continent": "AF", "iso_country": "AO", "iso_region": "AO-LUA", "wikipedia_link": "https://en.wikipedia.org/wiki/Quatro_de_Fevereiro_Airport" }, "geometry": { "type": "Point", "coordinates": [ 13.231, -8.858 ] } },
{ "type": "Feature", "properties": { "raw_text": "METAR FQBR 280100Z 05004KT 9999 FEW020 23/22 Q1010", "station_id": "FQBR", "observation_time": "2026-04-28T01:00:00.000Z", "latitude": -19.796, "longitude": 34.908, "temp_c": 23.0, "dewpoint_c": 22.0, "wind_dir_degrees": 50.0, "wind_speed_kt": 4.0, "wind_gust_kt": 0.0, "visibility_statute_mi": 6.0, "altim_in_hg": 29.82, "sea_level_pressure_mb": 0.0, "quality_control_flags": null, "wx_string": "", "sky_condition": null, "flight_category": "VFR", "three_hr_pressure_tendency_mb": 0.0, "maxT_c": 0.0, "minT_c": 0.0, "maxT24hr_c": 0.0, "minT24hr_c": 0.0, "precip_in": 0.0, "pcp3hr_in": 0.0, "pcp6hr_in": 0.0, "pcp24hr_in": 0.0, "snow_in": 0.0, "vert_vis_ft": 0.0, "metar_type": "METAR", "elevation_m": 14.0, "municipality": "Beira", "continent": "AF", "iso_country": "MZ", "iso_region": "MZ-S", "wikipedia_link": "https://en.wikipedia.org/wiki/Beira_Airport" }, "geometry": { "type": "Point", "coordinates": [ 34.908, -19.796 ] } },
{ "type": "Feature", "properties": { "raw_text": "METAR FQNP 280100Z 20004KT 9999 SCT020 22/21 Q1013", "station_id": "FQNP", "observation_time": "2026-04-28T01:00:00.000Z", "latitude": -15.106, "longitude": 39.282, "temp_c": 22.0, "dewpoint_c": 21.0, "wind_dir_degrees": 200.0, "wind_speed_kt": 4.0, "wind_gust_kt": 0.0, "visibility_statute_mi": 6.0, "altim_in_hg": 29.91, "sea_level_pressure_mb": 0.0, "quality_control_flags": null, "wx_string": "", "sky_condition": null, "flight_category": "VFR", "three_hr_pressure_tendency_mb": 0.0, "maxT_c": 0.0, "minT_c": 0.0, "maxT24hr_c": 0.0, "minT24hr_c": 0.0, "precip_in": 0.0, "pcp3hr_in": 0.0, "pcp6hr_in": 0.0, "pcp24hr_in": 0.0, "snow_in": 0.0, "vert_vis_ft": 0.0, "metar_type": "METAR", "elevation_m": 434.0, "municipality": "Nampula", "continent": "AF", "iso_country": "MZ", "iso_region": "MZ-N", "wikipedia_link": "https://en.wikipedia.org/wiki/Nampula_Airport" }, "geometry": { "type": "Point", "coordinates": [ 39.282, -15.106 ] } },
{ "type": "Feature", "properties": { "raw_text": "METAR FSIA 280100Z VRB03KT 9999 SCT022 28/25 Q1007 NOSIG", "station_id": "FSIA", "observation_time": "2026-04-28T01:00:00.000Z", "latitude": -4.674, "longitude": 55.522, "temp_c": 28.0, "dewpoint_c": 25.0, "wind_dir_degrees": 0.0, "wind_speed_kt": 3.0, "wind_gust_kt": 0.0, "visibility_statute_mi": 6.0, "altim_in_hg": 29.73, "sea_level_pressure_mb": 0.0, "quality_control_flags": null, "wx_string": "", "sky_condition": null, "flight_category": "VFR", "three_hr_pressure_tendency_mb": 0.0, "maxT_c": 0.0, "minT_c": 0.0, "maxT24hr_c": 0.0, "minT24hr_c": 0.0, "precip_in": 0.0, "pcp3hr_in": 0.0, "pcp6hr_in": 0.0, "pcp24hr_in": 0.0, "snow_in": 0.0, "vert_vis_ft": 0.0, "metar_type": "METAR", "elevation_m": 3.0, "municipality": "Victoria", "continent": "AF", "iso_country": "SC", "iso_region": "SC-20", "wikipedia_link": "https://en.wikipedia.org/wiki/Seychelles_International_Airport" }, "geometry": { "type": "Point", "coordinates": [ 55.522, -4.674 ] } },
{ "type": "Feature", "properties": { "raw_text": "METAR FTTJ 280100Z 01003KT 6000 NSC 29/09 Q1007 NOSIG", "station_id": "FTTJ", "observation_time": "2026-04-28T01:00:00.000Z", "latitude": 12.134, "longitude": 15.034, "temp_c": 29.0, "dewpoint_c": 9.0, "wind_dir_degrees": 10.0, "wind_speed_kt": 3.0, "wind_gust_kt": 0.0, "visibility_statute_mi": 3.73, "altim_in_hg": 29.73, "sea_level_pressure_mb": 0.0, "quality_control_flags": null, "wx_string": "", "sky_condition": null, "flight_category": "MVFR", "three_hr_pressure_tendency_mb": 0.0, "maxT_c": 0.0, "minT_c": 0.0, "maxT24hr_c": 0.0, "minT24hr_c": 0.0, "precip_in": 0.0, "pcp3hr_in": 0.0, "pcp6hr_in": 0.0, "pcp24hr_in": 0.0, "snow_in": 0.0, "vert_vis_ft": 0.0, "metar_type": "METAR", "elevation_m": 295.0, "municipality": "N'Djamena", "continent": "AF", "iso_country": "TD", "iso_region": "TD-ND", "wikipedia_link": "https://en.wikipedia.org/wiki/N'Djamena_International_Airport" }, "geometry": { "type": "Point", "coordinates": [ 15.034, 12.134 ] } },
{ "type": "Feature", "properties": { "raw_text": "METAR FYWB 280100Z AUTO 05005KT //// // ////// 13/09 Q1015", "station_id": "FYWB", "observation_time": "2026-04-28T01:00:00.000Z", "latitude": -22.98, "longitude": 14.645, "temp_c": 13.0, "dewpoint_c": 9.0, "wind_dir_degrees": 50.0, "wind_speed_kt": 5.0, "wind_gust_kt": 0.0, "visibility_statute_mi": 0.0, "altim_in_hg": 29.97, "sea_level_pressure_mb": 0.0, "quality_control_flags": null, "wx_string": "", "sky_condition": null, "flight_category": "null", "three_hr_pressure_tendency_mb": 0.0, "maxT_c": 0.0, "minT_c": 0.0, "maxT24hr_c": 0.0, "minT24hr_c": 0.0, "precip_in": 0.0, "pcp3hr_in": 0.0, "pcp6hr_in": 0.0, "pcp24hr_in": 0.0, "snow_in": 0.0, "vert_vis_ft": 0.0, "metar_type": "METAR", "elevation_m": 87.0, "municipality": "Walvis Bay(Rooikop)", "continent": "AF", "iso_country": "NA", "iso_region": "NA-ER", "wikipedia_link": "https://en.wikipedia.org/wiki/Walvis_Bay_Airport" }, "geometry": { "type": "Point", "coordinates": [ 14.645, -22.98 ] } },
{ "type": "Feature", "properties": { "raw_text": "METAR FZAA 280100Z 24006KT 7000 SCT016 25/23 Q1011 NOSIG", "station_id": "FZAA", "observation_time": "2026-04-28T01:00:00.000Z", "latitude": -4.387, "longitude": 15.448, "temp_c": 25.0, "dewpoint_c": 23.0, "wind_dir_degrees": 240.0, "wind_speed_kt": 6.0, "wind_gust_kt": 0.0, "visibility_statute_mi": 4.35, "altim_in_hg": 29.85, "sea_level_pressure_mb": 0.0, "quality_control_flags": null, "wx_string": "", "sky_condition": null, "flight_category": "MVFR", "three_hr_pressure_tendency_mb": 0.0, "maxT_c": 0.0, "minT_c": 0.0, "maxT24hr_c": 0.0, "minT24hr_c": 0.0, "precip_in": 0.0, "pcp3hr_in": 0.0, "pcp6hr_in": 0.0, "pcp24hr_in": 0.0, "snow_in": 0.0, "vert_vis_ft": 0.0, "metar_type": "METAR", "elevation_m": 309.0, "municipality": "Kinshasa", "continent": "AF", "iso_country": "CD", "iso_region": "CD-KN", "wikipedia_link": "https://en.wikipedia.org/wiki/N%27djili_Airport" }, "geometry": { "type": "Point", "coordinates": [ 15.448, -4.387 ] } },
{ "type": "Feature", "properties": { "raw_text": "METAR GABS 280130Z VRB02KT 9999 FEW025 29/18 Q1011 NOSIG", "station_id": "GABS", "observation_time": "2026-04-28T01:30:00.000Z", "latitude": 12.534, "longitude": -7.95, "temp_c": 29.0, "dewpoint_c": 18.0, "wind_dir_degrees": 0.0, "wind_speed_kt": 2.0, "wind_gust_kt": 0.0, "visibility_statute_mi": 6.0, "altim_in_hg": 29.85, "sea_level_pressure_mb": 0.0, "quality_control_flags": null, "wx_string": "", "sky_condition": null, "flight_category": "VFR", "three_hr_pressure_tendency_mb": 0.0, "maxT_c": 0.0, "minT_c": 0.0, "maxT24hr_c": 0.0, "minT24hr_c": 0.0, "precip_in": 0.0, "pcp3hr_in": 0.0, "pcp6hr_in": 0.0, "pcp24hr_in": 0.0, "snow_in": 0.0, "vert_vis_ft": 0.0, "metar_type": "METAR", "elevation_m": 375.0, "municipality": "Bamako", "continent": "AF", "iso_country": "ML", "iso_region": "ML-2", "wikipedia_link": "https://en.wikipedia.org/wiki/Bamako%E2%80%93S%C3%A9nou_International_Airport" }, "geometry": { "type": "Point", "coordinates": [ -7.95, 12.534 ] } },
{ "type": "Feature", "properties": { "raw_text": "METAR GBYD 280100Z 28007KT CAVOK 21/17 Q1012 NOSIG", "station_id": "GBYD", "observation_time": "2026-04-28T01:00:00.000Z", "latitude": 13.341, "longitude": -16.653, "temp_c": 21.0, "dewpoint_c": 17.0, "wind_dir_degrees": 280.0, "wind_speed_kt": 7.0, "wind_gust_kt": 0.0, "visibility_statute_mi": 6.0, "altim_in_hg": 29.88, "sea_level_pressure_mb": 0.0, "quality_control_flags": null, "wx_string": "", "sky_condition": null, "flight_category": "VFR", "three_hr_pressure_tendency_mb": 0.0, "maxT_c": 0.0, "minT_c": 0.0, "maxT24hr_c": 0.0, "minT24hr_c": 0.0, "precip_in": 0.0, "pcp3hr_in": 0.0, "pcp6hr_in": 0.0, "pcp24hr_in": 0.0, "snow_in": 0.0, "vert_vis_ft": 0.0, "metar_type": "METAR", "elevation_m": 29.0, "municipality": "Yundum", "continent": "AF", "iso_country": "GM", "iso_region": "GM-W", "wikipedia_link": "https://en.wikipedia.org/wiki/Banjul_International_Airport" }, "geometry": { "type": "Point", "coordinates": [ -16.653, 13.341 ] } },
{ "type": "Feature", "properties": { "raw_text": "METAR GCFV 280130Z AUTO 32010KT 9999 OVC039 20/14 Q1015", "station_id": "GCFV", "observation_time": "2026-04-28T01:30:00.000Z", "latitude": 28.445, "longitude": -13.863, "temp_c": 20.0, "dewpoint_c": 14.0, "wind_dir_degrees": 320.0, "wind_speed_kt": 10.0, "wind_gust_kt": 0.0, "visibility_statute_mi": 6.0, "altim_in_hg": 29.97, "sea_level_pressure_mb": 0.0, "quality_control_flags": null, "wx_string": "", "sky_condition": null, "flight_category": "VFR", "three_hr_pressure_tendency_mb": 0.0, "maxT_c": 0.0, "minT_c": 0.0, "maxT24hr_c": 0.0, "minT24hr_c": 0.0, "precip_in": 0.0, "pcp3hr_in": 0.0, "pcp6hr_in": 0.0, "pcp24hr_in": 0.0, "snow_in": 0.0, "vert_vis_ft": 0.0, "metar_type": "METAR", "elevation_m": 11.0, "municipality": "El Matorral", "continent": "AF", "iso_country": "ES", "iso_region": "ES-CN", "wikipedia_link": "https://en.wikipedia.org/wiki/Fuerteventura_Airport" }, "geometry": { "type": "Point", "coordinates": [ -13.863, 28.445 ] } },
{ "type": "Feature", "properties": { "raw_text": "METAR GCLP 280130Z 35014KT 9999 BKN033 18/14 Q1016 NOSIG", "station_id": "GCLP", "observation_time": "2026-04-28T01:30:00.000Z", "latitude": 27.923, "longitude": -15.389, "temp_c": 18.0, "dewpoint_c": 14.0, "wind_dir_degrees": 350.0, "wind_speed_kt": 14.0, "wind_gust_kt": 0.0, "visibility_statute_mi": 6.0, "altim_in_hg": 30.0, "sea_level_pressure_mb": 0.0, "quality_control_flags": null, "wx_string": "", "sky_condition": null, "flight_category": "VFR", "three_hr_pressure_tendency_mb": 0.0, "maxT_c": 0.0, "minT_c": 0.0, "maxT24hr_c": 0.0, "minT24hr_c": 0.0, "precip_in": 0.0, "pcp3hr_in": 0.0, "pcp6hr_in": 0.0, "pcp24hr_in": 0.0, "snow_in": 0.0, "vert_vis_ft": 0.0, "metar_type": "METAR", "elevation_m": 16.0, "municipality": "Gran Canaria Island", "continent": "AF", "iso_country": "ES", "iso_region": "ES-CN", "wikipedia_link": "https://en.wikipedia.org/wiki/Gran_Canaria_Airport" }, "geometry": { "type": "Point", "coordinates": [ -15.389, 27.923 ] } },
{ "type": "Feature", "properties": { "raw_text": "METAR GCRR 280130Z AUTO 33010KT 9999 OVC039 19/14 Q1015", "station_id": "GCRR", "observation_time": "2026-04-28T01:30:00.000Z", "latitude": 28.952, "longitude": -13.6, "temp_c": 19.0, "dewpoint_c": 14.0, "wind_dir_degrees": 330.0, "wind_speed_kt": 10.0, "wind_gust_kt": 0.0, "visibility_statute_mi": 6.0, "altim_in_hg": 29.97, "sea_level_pressure_mb": 0.0, "quality_control_flags": null, "wx_string": "", "sky_condition": null, "flight_category": "VFR", "three_hr_pressure_tendency_mb": 0.0, "maxT_c": 0.0, "minT_c": 0.0, "maxT24hr_c": 0.0, "minT24hr_c": 0.0, "precip_in": 0.0, "pcp3hr_in": 0.0, "pcp6hr_in": 0.0, "pcp24hr_in": 0.0, "snow_in": 0.0, "vert_vis_ft": 0.0, "metar_type": "METAR", "elevation_m": 9.0, "municipality": "San Bartolomé", "continent": "AF", "iso_country": "ES", "iso_region": "ES-CN", "wikipedia_link": "https://en.wikipedia.org/wiki/Lanzarote_Airport" }, "geometry": { "type": "Point", "coordinates": [ -13.6, 28.952 ] } },
{ "type": "Feature", "properties": { "raw_text": "METAR GCTS 280130Z 00000KT 9999 BKN030 19/14 Q1016 NOSIG", "station_id": "GCTS", "observation_time": "2026-04-28T01:30:00.000Z", "latitude": 28.047, "longitude": -16.561, "temp_c": 19.0, "dewpoint_c": 14.0, "wind_dir_degrees": 0.0, "wind_speed_kt": 0.0, "wind_gust_kt": 0.0, "visibility_statute_mi": 6.0, "altim_in_hg": 30.0, "sea_level_pressure_mb": 0.0, "quality_control_flags": null, "wx_string": "", "sky_condition": null, "flight_category": "MVFR", "three_hr_pressure_tendency_mb": 0.0, "maxT_c": 0.0, "minT_c": 0.0, "maxT24hr_c": 0.0, "minT24hr_c": 0.0, "precip_in": 0.0, "pcp3hr_in": 0.0, "pcp6hr_in": 0.0, "pcp24hr_in": 0.0, "snow_in": 0.0, "vert_vis_ft": 0.0, "metar_type": "METAR", "elevation_m": 59.0, "municipality": "Tenerife", "continent": "AF", "iso_country": "ES", "iso_region": "ES-CN", "wikipedia_link": "https://en.wikipedia.org/wiki/Tenerife%E2%80%93South_Airport" }, "geometry": { "type": "Point", "coordinates": [ -16.561, 28.047 ] } },
{ "type": "Feature", "properties": { "raw_text": "METAR GCXO 280130Z AUTO 30014KT 6000 BKN005 OVC013 13/13 Q1017", "station_id": "GCXO", "observation_time": "2026-04-28T01:30:00.000Z", "latitude": 28.483, "longitude": -16.342, "temp_c": 13.0, "dewpoint_c": 13.0, "wind_dir_degrees": 300.0, "wind_speed_kt": 14.0, "wind_gust_kt": 0.0, "visibility_statute_mi": 3.73, "altim_in_hg": 30.03, "sea_level_pressure_mb": 0.0, "quality_control_flags": null, "wx_string": "", "sky_condition": null, "flight_category": "IFR", "three_hr_pressure_tendency_mb": 0.0, "maxT_c": 0.0, "minT_c": 0.0, "maxT24hr_c": 0.0, "minT24hr_c": 0.0, "precip_in": 0.0, "pcp3hr_in": 0.0, "pcp6hr_in": 0.0, "pcp24hr_in": 0.0, "snow_in": 0.0, "vert_vis_ft": 0.0, "metar_type": "METAR", "elevation_m": 623.0, "municipality": "Tenerife", "continent": "AF", "iso_country": "ES", "iso_region": "ES-CN", "wikipedia_link": "https://en.wikipedia.org/wiki/Los_Rodeos_Airport" }, "geometry": { "type": "Point", "coordinates": [ -16.342, 28.483 ] } },
{ "type": "Feature", "properties": { "raw_text": "METAR GGOV 280100Z 28005KT 8000 NSC 23/20 Q1011 NOSIG", "station_id": "GGOV", "observation_time": "2026-04-28T01:00:00.000Z", "latitude": 11.895, "longitude": -15.654, "temp_c": 23.0, "dewpoint_c": 20.0, "wind_dir_degrees": 280.0, "wind_speed_kt": 5.0, "wind_gust_kt": 0.0, "visibility_statute_mi": 4.97, "altim_in_hg": 29.85, "sea_level_pressure_mb": 0.0, "quality_control_flags": null, "wx_string": "", "sky_condition": null, "flight_category": "MVFR", "three_hr_pressure_tendency_mb": 0.0, "maxT_c": 0.0, "minT_c": 0.0, "maxT24hr_c": 0.0, "minT24hr_c": 0.0, "precip_in": 0.0, "pcp3hr_in": 0.0, "pcp6hr_in": 0.0, "pcp24hr_in": 0.0, "snow_in": 0.0, "vert_vis_ft": 0.0, "metar_type": "METAR", "elevation_m": 31.0, "municipality": "Bissau", "continent": "AF", "iso_country": "GW", "iso_region": "GW-BS", "wikipedia_link": "https://en.wikipedia.org/wiki/Osvaldo_Vieira_International_Airport" }, "geometry": { "type": "Point", "coordinates": [ -15.654, 11.895 ] } },
{ "type": "Feature", "properties": { "raw_text": "METAR GMAD 280130Z 23008KT 8000 FEW008 BKN016 18/15 Q1012 NOSIG", "station_id": "GMAD", "observation_time": "2026-04-28T01:30:00.000Z", "latitude": 30.325, "longitude": -9.413, "temp_c": 18.0, "dewpoint_c": 15.0, "wind_dir_degrees": 230.0, "wind_speed_kt": 8.0, "wind_gust_kt": 0.0, "visibility_statute_mi": 4.97, "altim_in_hg": 29.88, "sea_level_pressure_mb": 0.0, "quality_control_flags": null, "wx_string": "", "sky_condition": null, "flight_category": "MVFR", "three_hr_pressure_tendency_mb": 0.0, "maxT_c": 0.0, "minT_c": 0.0, "maxT24hr_c": 0.0, "minT24hr_c": 0.0, "precip_in": 0.0, "pcp3hr_in": 0.0, "pcp6hr_in": 0.0, "pcp24hr_in": 0.0, "snow_in": 0.0, "vert_vis_ft": 0.0, "metar_type": "METAR", "elevation_m": 66.0, "municipality": "Agadir (Temsia)", "continent": "AF", "iso_country": "MA", "iso_region": "MA-09", "wikipedia_link": "https://en.wikipedia.org/wiki/Al_Massira_Airport" }, "geometry": { "type": "Point", "coordinates": [ -9.413, 30.325 ] } },
{ "type": "Feature", "properties": { "raw_text": "METAR GMAZ 280100Z 22013KT CAVOK 21/06 Q1011 NOSIG", "station_id": "GMAZ", "observation_time": "2026-04-28T01:00:00.000Z", "latitude": 30.266, "longitude": -5.854, "temp_c": 21.0, "dewpoint_c": 6.0, "wind_dir_degrees": 220.0, "wind_speed_kt": 13.0, "wind_gust_kt": 0.0, "visibility_statute_mi": 6.0, "altim_in_hg": 29.85, "sea_level_pressure_mb": 0.0, "quality_control_flags": null, "wx_string": "", "sky_condition": null, "flight_category": "VFR", "three_hr_pressure_tendency_mb": 0.0, "maxT_c": 0.0, "minT_c": 0.0, "maxT24hr_c": 0.0, "minT24hr_c": 0.0, "precip_in": 0.0, "pcp3hr_in": 0.0, "pcp6hr_in": 0.0, "pcp24hr_in": 0.0, "snow_in": 0.0, "vert_vis_ft": 0.0, "metar_type": "METAR", "elevation_m": 729.0, "municipality": "Zagora", "continent": "AF", "iso_country": "MA", "iso_region": "MA-08", "wikipedia_link": "https://en.wikipedia.org/wiki/Zagora_Airport" }, "geometry": { "type": "Point", "coordinates": [ -5.854, 30.266 ] } },
{ "type": "Feature", "properties": { "raw_text": "METAR GMFF 280130Z 24005KT 230V330 9999 TS SCT040CB SCT100 BKN200 18/11 Q1012 NOSIG", "station_id": "GMFF", "observation_time": "2026-04-28T01:30:00.000Z", "latitude": 33.929, "longitude": -4.976, "temp_c": 18.0, "dewpoint_c": 11.0, "wind_dir_degrees": 240.0, "wind_speed_kt": 5.0, "wind_gust_kt": 0.0, "visibility_statute_mi": 6.0, "altim_in_hg": 29.88, "sea_level_pressure_mb": 0.0, "quality_control_flags": null, "wx_string": "TS", "sky_condition": null, "flight_category": "VFR", "three_hr_pressure_tendency_mb": 0.0, "maxT_c": 0.0, "minT_c": 0.0, "maxT24hr_c": 0.0, "minT24hr_c": 0.0, "precip_in": 0.0, "pcp3hr_in": 0.0, "pcp6hr_in": 0.0, "pcp24hr_in": 0.0, "snow_in": 0.0, "vert_vis_ft": 0.0, "metar_type": "METAR", "elevation_m": 575.0, "municipality": "Saïss", "continent": "AF", "iso_country": "MA", "iso_region": "MA-03", "wikipedia_link": "https://en.wikipedia.org/wiki/Sa%C3%AFss_Airport" }, "geometry": { "type": "Point", "coordinates": [ -4.976, 33.929 ] } },
{ "type": "Feature", "properties": { "raw_text": "METAR GMFO 280130Z 01011KT 2000 BR SCT006 15/15 Q1011 NOSIG", "station_id": "GMFO", "observation_time": "2026-04-28T01:30:00.000Z", "latitude": 34.787, "longitude": -1.924, "temp_c": 15.0, "dewpoint_c": 15.0, "wind_dir_degrees": 10.0, "wind_speed_kt": 11.0, "wind_gust_kt": 0.0, "visibility_statute_mi": 1.24, "altim_in_hg": 29.85, "sea_level_pressure_mb": 0.0, "quality_control_flags": null, "wx_string": "BR", "sky_condition": null, "flight_category": "IFR", "three_hr_pressure_tendency_mb": 0.0, "maxT_c": 0.0, "minT_c": 0.0, "maxT24hr_c": 0.0, "minT24hr_c": 0.0, "precip_in": 0.0, "pcp3hr_in": 0.0, "pcp6hr_in": 0.0, "pcp24hr_in": 0.0, "snow_in": 0.0, "vert_vis_ft": 0.0, "metar_type": "METAR", "elevation_m": 452.0, "municipality": "Ahl Angad", "continent": "AF", "iso_country": "MA", "iso_region": "MA-02", "wikipedia_link": "https://en.wikipedia.org/wiki/Angads_Airport" }, "geometry": { "type": "Point", "coordinates": [ -1.924, 34.787 ] } },
{ "type": "Feature", "properties": { "raw_text": "METAR GMME 280130Z 28006KT 5000 SCT016 SCT100 BKN200 20/17 Q1007 NOSIG", "station_id": "GMME", "observation_time": "2026-04-28T01:30:00.000Z", "latitude": 34.051, "longitude": -6.752, "temp_c": 20.0, "dewpoint_c": 17.0, "wind_dir_degrees": 280.0, "wind_speed_kt": 6.0, "wind_gust_kt": 0.0, "visibility_statute_mi": 3.11, "altim_in_hg": 29.73, "sea_level_pressure_mb": 0.0, "quality_control_flags": null, "wx_string": "", "sky_condition": null, "flight_category": "MVFR", "three_hr_pressure_tendency_mb": 0.0, "maxT_c": 0.0, "minT_c": 0.0, "maxT24hr_c": 0.0, "minT24hr_c": 0.0, "precip_in": 0.0, "pcp3hr_in": 0.0, "pcp6hr_in": 0.0, "pcp24hr_in": 0.0, "snow_in": 0.0, "vert_vis_ft": 0.0, "metar_type": "METAR", "elevation_m": 84.0, "municipality": "Rabat", "continent": "AF", "iso_country": "MA", "iso_region": "MA-04", "wikipedia_link": "https://en.wikipedia.org/wiki/Sale_Airport" }, "geometry": { "type": "Point", "coordinates": [ -6.752, 34.051 ] } },
{ "type": "Feature", "properties": { "raw_text": "METAR GMMH 280100Z AUTO 03010KT 9999 ////// 18/16 Q1015", "station_id": "GMMH", "observation_time": "2026-04-28T01:00:00.000Z", "latitude": 23.718, "longitude": -15.932, "temp_c": 18.0, "dewpoint_c": 16.0, "wind_dir_degrees": 30.0, "wind_speed_kt": 10.0, "wind_gust_kt": 0.0, "visibility_statute_mi": 6.0, "altim_in_hg": 29.97, "sea_level_pressure_mb": 0.0, "quality_control_flags": null, "wx_string": "", "sky_condition": null, "flight_category": "VFR", "three_hr_pressure_tendency_mb": 0.0, "maxT_c": 0.0, "minT_c": 0.0, "maxT24hr_c": 0.0, "minT24hr_c": 0.0, "precip_in": 0.0, "pcp3hr_in": 0.0, "pcp6hr_in": 0.0, "pcp24hr_in": 0.0, "snow_in": 0.0, "vert_vis_ft": 0.0, "metar_type": "METAR", "elevation_m": 11.0, "municipality": "Dakhla", "continent": "AF", "iso_country": "EH", "iso_region": "EH-U-A", "wikipedia_link": "https://en.wikipedia.org/wiki/Dakhla_Airport" }, "geometry": { "type": "Point", "coordinates": [ -15.932, 23.718 ] } },
{ "type": "Feature", "properties": { "raw_text": "METAR GMML 280100Z 01009KT 6000 BKN016 19/16 Q1015 NOSIG", "station_id": "GMML", "observation_time": "2026-04-28T01:00:00.000Z", "latitude": 27.141, "longitude": -13.23, "temp_c": 19.0, "dewpoint_c": 16.0, "wind_dir_degrees": 10.0, "wind_speed_kt": 9.0, "wind_gust_kt": 0.0, "visibility_statute_mi": 3.73, "altim_in_hg": 29.97, "sea_level_pressure_mb": 0.0, "quality_control_flags": null, "wx_string": "", "sky_condition": null, "flight_category": "MVFR", "three_hr_pressure_tendency_mb": 0.0, "maxT_c": 0.0, "minT_c": 0.0, "maxT24hr_c": 0.0, "minT24hr_c": 0.0, "precip_in": 0.0, "pcp3hr_in": 0.0, "pcp6hr_in": 0.0, "pcp24hr_in": 0.0, "snow_in": 0.0, "vert_vis_ft": 0.0, "metar_type": "METAR", "elevation_m": 63.0, "municipality": "El Aaiún", "continent": "AF", "iso_country": "EH", "iso_region": "EH-U-A", "wikipedia_link": "https://en.wikipedia.org/wiki/Hassan_Airport" }, "geometry": { "type": "Point", "coordinates": [ -13.23, 27.141 ] } },
{ "type": "Feature", "properties": { "raw_text": "SPECI GMMN 280142Z 25015KT 8000 SCT020TCU FEW026CB SCT100 16/14 Q1009 NOSIG", "station_id": "GMMN", "observation_time": "2026-04-28T01:42:00.000Z", "latitude": 33.367, "longitude": -7.59, "temp_c": 16.0, "dewpoint_c": 14.0, "wind_dir_degrees": 250.0, "wind_speed_kt": 15.0, "wind_gust_kt": 0.0, "visibility_statute_mi": 4.97, "altim_in_hg": 29.79, "sea_level_pressure_mb": 0.0, "quality_control_flags": null, "wx_string": "", "sky_condition": null, "flight_category": "MVFR", "three_hr_pressure_tendency_mb": 0.0, "maxT_c": 0.0, "minT_c": 0.0, "maxT24hr_c": 0.0, "minT24hr_c": 0.0, "precip_in": 0.0, "pcp3hr_in": 0.0, "pcp6hr_in": 0.0, "pcp24hr_in": 0.0, "snow_in": 0.0, "vert_vis_ft": 0.0, "metar_type": "SPECI", "elevation_m": 196.0, "municipality": "Casablanca", "continent": "AF", "iso_country": "MA", "iso_region": "MA-06", "wikipedia_link": "https://en.wikipedia.org/wiki/Mohammed_V_International_Airport" }, "geometry": { "type": "Point", "coordinates": [ -7.59, 33.367 ] } },
{ "type": "Feature", "properties": { "raw_text": "METAR GMMW 280100Z 01006KT 4000 BR OVC003 15/15 Q1011 NOSIG", "station_id": "GMMW", "observation_time": "2026-04-28T01:00:00.000Z", "latitude": 34.993, "longitude": -3.025, "temp_c": 15.0, "dewpoint_c": 15.0, "wind_dir_degrees": 10.0, "wind_speed_kt": 6.0, "wind_gust_kt": 0.0, "visibility_statute_mi": 2.49, "altim_in_hg": 29.85, "sea_level_pressure_mb": 0.0, "quality_control_flags": null, "wx_string": "BR", "sky_condition": null, "flight_category": "LIFR", "three_hr_pressure_tendency_mb": 0.0, "maxT_c": 0.0, "minT_c": 0.0, "maxT24hr_c": 0.0, "minT24hr_c": 0.0, "precip_in": 0.0, "pcp3hr_in": 0.0, "pcp6hr_in": 0.0, "pcp24hr_in": 0.0, "snow_in": 0.0, "vert_vis_ft": 0.0, "metar_type": "METAR", "elevation_m": 174.0, "municipality": "Al Aaroui", "continent": "AF", "iso_country": "MA", "iso_region": "MA-02", "wikipedia_link": "https://en.wikipedia.org/wiki/Nador_International_Airport" }, "geometry": { "type": "Point", "coordinates": [ -3.025, 34.993 ] } },
{ "type": "Feature", "properties": { "raw_text": "METAR GMMX 280130Z 25006KT 210V280 8000 BKN023 16/14 Q1011 NOSIG", "station_id": "GMMX", "observation_time": "2026-04-28T01:30:00.000Z", "latitude": 31.607, "longitude": -8.036, "temp_c": 16.0, "dewpoint_c": 14.0, "wind_dir_degrees": 250.0, "wind_speed_kt": 6.0, "wind_gust_kt": 0.0, "visibility_statute_mi": 4.97, "altim_in_hg": 29.85, "sea_level_pressure_mb": 0.0, "quality_control_flags": null, "wx_string": "", "sky_condition": null, "flight_category": "MVFR", "three_hr_pressure_tendency_mb": 0.0, "maxT_c": 0.0, "minT_c": 0.0, "maxT24hr_c": 0.0, "minT24hr_c": 0.0, "precip_in": 0.0, "pcp3hr_in": 0.0, "pcp6hr_in": 0.0, "pcp24hr_in": 0.0, "snow_in": 0.0, "vert_vis_ft": 0.0, "metar_type": "METAR", "elevation_m": 465.0, "municipality": "Marrakesh", "continent": "AF", "iso_country": "MA", "iso_region": "MA-07", "wikipedia_link": "https://en.wikipedia.org/wiki/Menara_International_Airport" }, "geometry": { "type": "Point", "coordinates": [ -8.036, 31.607 ] } },
{ "type": "Feature", "properties": { "raw_text": "METAR GMMZ 280100Z 18004KT 9999 FEW040 SCT200 20/05 Q1012 NOSIG", "station_id": "GMMZ", "observation_time": "2026-04-28T01:00:00.000Z", "latitude": 30.939, "longitude": -6.909, "temp_c": 20.0, "dewpoint_c": 5.0, "wind_dir_degrees": 180.0, "wind_speed_kt": 4.0, "wind_gust_kt": 0.0, "visibility_statute_mi": 6.0, "altim_in_hg": 29.88, "sea_level_pressure_mb": 0.0, "quality_control_flags": null, "wx_string": "", "sky_condition": null, "flight_category": "VFR", "three_hr_pressure_tendency_mb": 0.0, "maxT_c": 0.0, "minT_c": 0.0, "maxT24hr_c": 0.0, "minT24hr_c": 0.0, "precip_in": 0.0, "pcp3hr_in": 0.0, "pcp6hr_in": 0.0, "pcp24hr_in": 0.0, "snow_in": 0.0, "vert_vis_ft": 0.0, "metar_type": "METAR", "elevation_m": 1139.0, "municipality": "Ouarzazate", "continent": "AF", "iso_country": "MA", "iso_region": "MA-08", "wikipedia_link": "https://en.wikipedia.org/wiki/Ouarzazate_Airport" }, "geometry": { "type": "Point", "coordinates": [ -6.909, 30.939 ] } },
{ "type": "Feature", "properties": { "raw_text": "SPECI GMTN 280109Z 07007KT 3000 -TSRA BKN008 SCT020CB 17/16 Q1011 NOSIG", "station_id": "GMTN", "observation_time": "2026-04-28T01:09:00.000Z", "latitude": 35.594, "longitude": -5.32, "temp_c": 17.0, "dewpoint_c": 16.0, "wind_dir_degrees": 70.0, "wind_speed_kt": 7.0, "wind_gust_kt": 0.0, "visibility_statute_mi": 1.86, "altim_in_hg": 29.85, "sea_level_pressure_mb": 0.0, "quality_control_flags": null, "wx_string": "-TSRA", "sky_condition": null, "flight_category": "IFR", "three_hr_pressure_tendency_mb": 0.0, "maxT_c": 0.0, "minT_c": 0.0, "maxT24hr_c": 0.0, "minT24hr_c": 0.0, "precip_in": 0.0, "pcp3hr_in": 0.0, "pcp6hr_in": 0.0, "pcp24hr_in": 0.0, "snow_in": 0.0, "vert_vis_ft": 0.0, "metar_type": "SPECI", "elevation_m": 10.0, "municipality": "Tétouan", "continent": "AF", "iso_country": "MA", "iso_region": "MA-01", "wikipedia_link": "https://en.wikipedia.org/wiki/Sania_Ramel_Airport" }, "geometry": { "type": "Point", "coordinates": [ -5.32, 35.594 ] } },
{ "type": "Feature", "properties": { "raw_text": "METAR GMTT 280130Z AUTO 10006KT 9999 SCT020 19/15 Q1010 NOSIG", "station_id": "GMTT", "observation_time": "2026-04-28T01:30:00.000Z", "latitude": 35.727, "longitude": -5.917, "temp_c": 19.0, "dewpoint_c": 15.0, "wind_dir_degrees": 100.0, "wind_speed_kt": 6.0, "wind_gust_kt": 0.0, "visibility_statute_mi": 6.0, "altim_in_hg": 29.82, "sea_level_pressure_mb": 0.0, "quality_control_flags": null, "wx_string": "", "sky_condition": null, "flight_category": "VFR", "three_hr_pressure_tendency_mb": 0.0, "maxT_c": 0.0, "minT_c": 0.0, "maxT24hr_c": 0.0, "minT24hr_c": 0.0, "precip_in": 0.0, "pcp3hr_in": 0.0, "pcp6hr_in": 0.0, "pcp24hr_in": 0.0, "snow_in": 0.0, "vert_vis_ft": 0.0, "metar_type": "METAR", "elevation_m": 19.0, "municipality": "Tangier", "continent": "AF", "iso_country": "MA", "iso_region": "MA-01", "wikipedia_link": "https://en.wikipedia.org/wiki/Tangier_Ibn_Battouta_Airport" }, "geometry": { "type": "Point", "coordinates": [ -5.917, 35.727 ] } },
{ "type": "Feature", "properties": { "raw_text": "METAR GOBD 280130Z 34012KT CAVOK 19/18 Q1013 NOSIG", "station_id": "GOBD", "observation_time": "2026-04-28T01:30:00.000Z", "latitude": 14.671, "longitude": -17.067, "temp_c": 19.0, "dewpoint_c": 18.0, "wind_dir_degrees": 340.0, "wind_speed_kt": 12.0, "wind_gust_kt": 0.0, "visibility_statute_mi": 6.0, "altim_in_hg": 29.91, "sea_level_pressure_mb": 0.0, "quality_control_flags": null, "wx_string": "", "sky_condition": null, "flight_category": "VFR", "three_hr_pressure_tendency_mb": 0.0, "maxT_c": 0.0, "minT_c": 0.0, "maxT24hr_c": 0.0, "minT24hr_c": 0.0, "precip_in": 0.0, "pcp3hr_in": 0.0, "pcp6hr_in": 0.0, "pcp24hr_in": 0.0, "snow_in": 0.0, "vert_vis_ft": 0.0, "metar_type": "METAR", "elevation_m": 90.0, "municipality": "Dakar", "continent": "AF", "iso_country": "SN", "iso_region": "SN-DK", "wikipedia_link": "https://en.wikipedia.org/wiki/Blaise_Diagne_International_Airport" }, "geometry": { "type": "Point", "coordinates": [ -17.067, 14.671 ] } },
{ "type": "Feature", "properties": { "raw_text": "METAR GOOY 280100Z 32010KT 270V350 CAVOK 20/18 Q1013", "station_id": "GOOY", "observation_time": "2026-04-28T01:00:00.000Z", "latitude": 14.741, "longitude": -17.49, "temp_c": 20.0, "dewpoint_c": 18.0, "wind_dir_degrees": 320.0, "wind_speed_kt": 10.0, "wind_gust_kt": 0.0, "visibility_statute_mi": 6.0, "altim_in_hg": 29.91, "sea_level_pressure_mb": 0.0, "quality_control_flags": null, "wx_string": "", "sky_condition": null, "flight_category": "VFR", "three_hr_pressure_tendency_mb": 0.0, "maxT_c": 0.0, "minT_c": 0.0, "maxT24hr_c": 0.0, "minT24hr_c": 0.0, "precip_in": 0.0, "pcp3hr_in": 0.0, "pcp6hr_in": 0.0, "pcp24hr_in": 0.0, "snow_in": 0.0, "vert_vis_ft": 0.0, "metar_type": "METAR", "elevation_m": 21.0, "municipality": "Dakar", "continent": "AF", "iso_country": "SN", "iso_region": "SN-DK", "wikipedia_link": "https://en.wikipedia.org/wiki/Dakar-Yoff-L%C3%A9opold_S%C3%A9dar_Senghor_International_Airport" }, "geometry": { "type": "Point", "coordinates": [ -17.49, 14.741 ] } },
{ "type": "Feature", "properties": { "raw_text": "METAR GQNO 280130Z 34013KT 8000 NSC 19/17 Q1012 NOSIG", "station_id": "GQNO", "observation_time": "2026-04-28T01:30:00.000Z", "latitude": 18.31, "longitude": -15.97, "temp_c": 19.0, "dewpoint_c": 17.0, "wind_dir_degrees": 340.0, "wind_speed_kt": 13.0, "wind_gust_kt": 0.0, "visibility_statute_mi": 4.97, "altim_in_hg": 29.88, "sea_level_pressure_mb": 0.0, "quality_control_flags": null, "wx_string": "", "sky_condition": null, "flight_category": "MVFR", "three_hr_pressure_tendency_mb": 0.0, "maxT_c": 0.0, "minT_c": 0.0, "maxT24hr_c": 0.0, "minT24hr_c": 0.0, "precip_in": 0.0, "pcp3hr_in": 0.0, "pcp6hr_in": 0.0, "pcp24hr_in": 0.0, "snow_in": 0.0, "vert_vis_ft": 0.0, "metar_type": "METAR", "elevation_m": 1.0, "municipality": "Nouakchott", "continent": "AF", "iso_country": "MR", "iso_region": "MR-NKC", "wikipedia_link": "https://en.wikipedia.org/wiki/Nouakchott%E2%80%93Oumtounsy_International_Airport" }, "geometry": { "type": "Point", "coordinates": [ -15.97, 18.31 ] } },
{ "type": "Feature", "properties": { "raw_text": "METAR GQPP 280100Z 35011KT 7000 NSC 18/15 Q1015 NOSIG", "station_id": "GQPP", "observation_time": "2026-04-28T01:00:00.000Z", "latitude": 20.929, "longitude": -17.031, "temp_c": 18.0, "dewpoint_c": 15.0, "wind_dir_degrees": 350.0, "wind_speed_kt": 11.0, "wind_gust_kt": 0.0, "visibility_statute_mi": 4.35, "altim_in_hg": 29.97, "sea_level_pressure_mb": 0.0, "quality_control_flags": null, "wx_string": "", "sky_condition": null, "flight_category": "MVFR", "three_hr_pressure_tendency_mb": 0.0, "maxT_c": 0.0, "minT_c": 0.0, "maxT24hr_c": 0.0, "minT24hr_c": 0.0, "precip_in": 0.0, "pcp3hr_in": 0.0, "pcp6hr_in": 0.0, "pcp24hr_in": 0.0, "snow_in": 0.0, "vert_vis_ft": 0.0, "metar_type": "METAR", "elevation_m": 5.0, "municipality": "Nouadhibou", "continent": "AF", "iso_country": "MR", "iso_region": "MR-08", "wikipedia_link": "https://en.wikipedia.org/wiki/Nouadhibou_International_Airport" }, "geometry": { "type": "Point", "coordinates": [ -17.031, 20.929 ] } },
{ "type": "Feature", "properties": { "raw_text": "METAR GUCY 280100Z 29004KT 8000 FEW015 25/23 Q1012 NOSIG", "station_id": "GUCY", "observation_time": "2026-04-28T01:00:00.000Z", "latitude": 9.577, "longitude": -13.612, "temp_c": 25.0, "dewpoint_c": 23.0, "wind_dir_degrees": 290.0, "wind_speed_kt": 4.0, "wind_gust_kt": 0.0, "visibility_statute_mi": 4.97, "altim_in_hg": 29.88, "sea_level_pressure_mb": 0.0, "quality_control_flags": null, "wx_string": "", "sky_condition": null, "flight_category": "MVFR", "three_hr_pressure_tendency_mb": 0.0, "maxT_c": 0.0, "minT_c": 0.0, "maxT24hr_c": 0.0, "minT24hr_c": 0.0, "precip_in": 0.0, "pcp3hr_in": 0.0, "pcp6hr_in": 0.0, "pcp24hr_in": 0.0, "snow_in": 0.0, "vert_vis_ft": 0.0, "metar_type": "METAR", "elevation_m": 10.0, "municipality": "Conakry", "continent": "AF", "iso_country": "GN", "iso_region": "GN-C", "wikipedia_link": "https://en.wikipedia.org/wiki/Ahmed_S%C3%A9kou_Tour%C3%A9_International_Airport" }, "geometry": { "type": "Point", "coordinates": [ -13.612, 9.577 ] } },
{ "type": "Feature", "properties": { "raw_text": "METAR GVAC 280100Z 04010KT 9999 BKN014 21/14 Q1017 NOSIG", "station_id": "GVAC", "observation_time": "2026-04-28T01:00:00.000Z", "latitude": 16.742, "longitude": -22.949, "temp_c": 21.0, "dewpoint_c": 14.0, "wind_dir_degrees": 40.0, "wind_speed_kt": 10.0, "wind_gust_kt": 0.0, "visibility_statute_mi": 6.0, "altim_in_hg": 30.03, "sea_level_pressure_mb": 0.0, "quality_control_flags": null, "wx_string": "", "sky_condition": null, "flight_category": "MVFR", "three_hr_pressure_tendency_mb": 0.0, "maxT_c": 0.0, "minT_c": 0.0, "maxT24hr_c": 0.0, "minT24hr_c": 0.0, "precip_in": 0.0, "pcp3hr_in": 0.0, "pcp6hr_in": 0.0, "pcp24hr_in": 0.0, "snow_in": 0.0, "vert_vis_ft": 0.0, "metar_type": "METAR", "elevation_m": 54.0, "municipality": "Espargos", "continent": "AF", "iso_country": "CV", "iso_region": "CV-B", "wikipedia_link": "https://en.wikipedia.org/wiki/Am%C3%ADlcar_Cabral_International_Airport" }, "geometry": { "type": "Point", "coordinates": [ -22.949, 16.742 ] } },
{ "type": "Feature", "properties": { "raw_text": "METAR GVNP 280100Z 04012KT 9999 SCT017 21/16 Q1016 NOSIG", "station_id": "GVNP", "observation_time": "2026-04-28T01:00:00.000Z", "latitude": 14.947, "longitude": -23.484, "temp_c": 21.0, "dewpoint_c": 16.0, "wind_dir_degrees": 40.0, "wind_speed_kt": 12.0, "wind_gust_kt": 0.0, "visibility_statute_mi": 6.0, "altim_in_hg": 30.0, "sea_level_pressure_mb": 0.0, "quality_control_flags": null, "wx_string": "", "sky_condition": null, "flight_category": "VFR", "three_hr_pressure_tendency_mb": 0.0, "maxT_c": 0.0, "minT_c": 0.0, "maxT24hr_c": 0.0, "minT24hr_c": 0.0, "precip_in": 0.0, "pcp3hr_in": 0.0, "pcp6hr_in": 0.0, "pcp24hr_in": 0.0, "snow_in": 0.0, "vert_vis_ft": 0.0, "metar_type": "METAR", "elevation_m": 70.0, "municipality": "Praia", "continent": "AF", "iso_country": "CV", "iso_region": "CV-S", "wikipedia_link": "https://en.wikipedia.org/wiki/Nelson_Mandela_International_Airport" }, "geometry": { "type": "Point", "coordinates": [ -23.484, 14.947 ] } },
{ "type": "Feature", "properties": { "raw_text": "METAR GVSV 280100Z 06011KT 9999 BKN023 21/14 Q1017 NOSIG", "station_id": "GVSV", "observation_time": "2026-04-28T01:00:00.000Z", "latitude": 16.833, "longitude": -25.055, "temp_c": 21.0, "dewpoint_c": 14.0, "wind_dir_degrees": 60.0, "wind_speed_kt": 11.0, "wind_gust_kt": 0.0, "visibility_statute_mi": 6.0, "altim_in_hg": 30.03, "sea_level_pressure_mb": 0.0, "quality_control_flags": null, "wx_string": "", "sky_condition": null, "flight_category": "MVFR", "three_hr_pressure_tendency_mb": 0.0, "maxT_c": 0.0, "minT_c": 0.0, "maxT24hr_c": 0.0, "minT24hr_c": 0.0, "precip_in": 0.0, "pcp3hr_in": 0.0, "pcp6hr_in": 0.0, "pcp24hr_in": 0.0, "snow_in": 0.0, "vert_vis_ft": 0.0, "metar_type": "METAR", "elevation_m": 16.0, "municipality": "São Pedro", "continent": "AF", "iso_country": "CV", "iso_region": "CV-B", "wikipedia_link": "https://en.wikipedia.org/wiki/S%C3%A3o_Pedro_Airport" }, "geometry": { "type": "Point", "coordinates": [ -25.055, 16.833 ] } },
{ "type": "Feature", "properties": { "raw_text": "METAR HAAB 280100Z 30003KT 9999 BKN023 17/09 Q1024 NOSIG", "station_id": "HAAB", "observation_time": "2026-04-28T01:00:00.000Z", "latitude": 8.978, "longitude": 38.799, "temp_c": 17.0, "dewpoint_c": 9.0, "wind_dir_degrees": 300.0, "wind_speed_kt": 3.0, "wind_gust_kt": 0.0, "visibility_statute_mi": 6.0, "altim_in_hg": 30.24, "sea_level_pressure_mb": 0.0, "quality_control_flags": null, "wx_string": "", "sky_condition": null, "flight_category": "MVFR", "three_hr_pressure_tendency_mb": 0.0, "maxT_c": 0.0, "minT_c": 0.0, "maxT24hr_c": 0.0, "minT24hr_c": 0.0, "precip_in": 0.0, "pcp3hr_in": 0.0, "pcp6hr_in": 0.0, "pcp24hr_in": 0.0, "snow_in": 0.0, "vert_vis_ft": 0.0, "metar_type": "METAR", "elevation_m": 2319.0, "municipality": "Addis Ababa", "continent": "AF", "iso_country": "ET", "iso_region": "ET-AA", "wikipedia_link": "https://en.wikipedia.org/wiki/Addis_Ababa_Bole_International_Airport" }, "geometry": { "type": "Point", "coordinates": [ 38.799, 8.978 ] } },
{ "type": "Feature", "properties": { "raw_text": "METAR HEAR 280100Z 00000KT CAVOK 15/13 Q1013 NOSIG", "station_id": "HEAR", "observation_time": "2026-04-28T01:00:00.000Z", "latitude": 31.041, "longitude": 33.817, "temp_c": 15.0, "dewpoint_c": 13.0, "wind_dir_degrees": 0.0, "wind_speed_kt": 0.0, "wind_gust_kt": 0.0, "visibility_statute_mi": 6.0, "altim_in_hg": 29.91, "sea_level_pressure_mb": 0.0, "quality_control_flags": null, "wx_string": "", "sky_condition": null, "flight_category": "VFR", "three_hr_pressure_tendency_mb": 0.0, "maxT_c": 0.0, "minT_c": 0.0, "maxT24hr_c": 0.0, "minT24hr_c": 0.0, "precip_in": 0.0, "pcp3hr_in": 0.0, "pcp6hr_in": 0.0, "pcp24hr_in": 0.0, "snow_in": 0.0, "vert_vis_ft": 0.0, "metar_type": "METAR", "elevation_m": 36.0, "municipality": "El Arish", "continent": "AS", "iso_country": "EG", "iso_region": "EG-SIN", "wikipedia_link": "https://en.wikipedia.org/wiki/El_Arish_International_Airport" }, "geometry": { "type": "Point", "coordinates": [ 33.817, 31.041 ] } },
{ "type": "Feature", "properties": { "raw_text": "METAR HEAT 280100Z 35008KT CAVOK 17/08 Q1016 NOSIG", "station_id": "HEAT", "observation_time": "2026-04-28T01:00:00.000Z", "latitude": 27.049, "longitude": 31.014, "temp_c": 17.0, "dewpoint_c": 8.0, "wind_dir_degrees": 350.0, "wind_speed_kt": 8.0, "wind_gust_kt": 0.0, "visibility_statute_mi": 6.0, "altim_in_hg": 30.0, "sea_level_pressure_mb": 0.0, "quality_control_flags": null, "wx_string": "", "sky_condition": null, "flight_category": "VFR", "three_hr_pressure_tendency_mb": 0.0, "maxT_c": 0.0, "minT_c": 0.0, "maxT24hr_c": 0.0, "minT24hr_c": 0.0, "precip_in": 0.0, "pcp3hr_in": 0.0, "pcp6hr_in": 0.0, "pcp24hr_in": 0.0, "snow_in": 0.0, "vert_vis_ft": 0.0, "metar_type": "METAR", "elevation_m": 229.0, "municipality": "Asyut", "continent": "AF", "iso_country": "EG", "iso_region": "EG-AST", "wikipedia_link": "https://en.wikipedia.org/wiki/Assiut_Airport" }, "geometry": { "type": "Point", "coordinates": [ 31.014, 27.049 ] } },
{ "type": "Feature", "properties": { "raw_text": "METAR HEAX 280100Z 31005KT 9999 FEW020 17/15 Q1014 NOSIG", "station_id": "HEAX", "observation_time": "2026-04-28T01:00:00.000Z", "latitude": 30.918, "longitude": 29.696, "temp_c": 17.0, "dewpoint_c": 15.0, "wind_dir_degrees": 310.0, "wind_speed_kt": 5.0, "wind_gust_kt": 0.0, "visibility_statute_mi": 6.0, "altim_in_hg": 29.94, "sea_level_pressure_mb": 0.0, "quality_control_flags": null, "wx_string": "", "sky_condition": null, "flight_category": "VFR", "three_hr_pressure_tendency_mb": 0.0, "maxT_c": 0.0, "minT_c": 0.0, "maxT24hr_c": 0.0, "minT24hr_c": 0.0, "precip_in": 0.0, "pcp3hr_in": 0.0, "pcp6hr_in": 0.0, "pcp24hr_in": 0.0, "snow_in": 0.0, "vert_vis_ft": 0.0, "metar_type": "METAR", "elevation_m": 41.0, "municipality": "Alexandria", "continent": "AF", "iso_country": "EG", "iso_region": "EG-ALX", "wikipedia_link": "https://en.wikipedia.org/wiki/Borg_El_Arab_Airport" }, "geometry": { "type": "Point", "coordinates": [ 29.696, 30.918 ] } },
{ "type": "Feature", "properties": { "raw_text": "METAR HECA 280130Z 09004KT 050V140 9999 BKN025 18/13 Q1014 NOSIG", "station_id": "HECA", "observation_time": "2026-04-28T01:30:00.000Z", "latitude": 30.133, "longitude": 31.405, "temp_c": 18.0, "dewpoint_c": 13.0, "wind_dir_degrees": 90.0, "wind_speed_kt": 4.0, "wind_gust_kt": 0.0, "visibility_statute_mi": 6.0, "altim_in_hg": 29.94, "sea_level_pressure_mb": 0.0, "quality_control_flags": null, "wx_string": "", "sky_condition": null, "flight_category": "MVFR", "three_hr_pressure_tendency_mb": 0.0, "maxT_c": 0.0, "minT_c": 0.0, "maxT24hr_c": 0.0, "minT24hr_c": 0.0, "precip_in": 0.0, "pcp3hr_in": 0.0, "pcp6hr_in": 0.0, "pcp24hr_in": 0.0, "snow_in": 0.0, "vert_vis_ft": 0.0, "metar_type": "METAR", "elevation_m": 142.0, "municipality": "Cairo", "continent": "AF", "iso_country": "EG", "iso_region": "EG-C", "wikipedia_link": "https://en.wikipedia.org/wiki/Cairo_International_Airport" }, "geometry": { "type": "Point", "coordinates": [ 31.405, 30.133 ] } },
{ "type": "Feature", "properties": { "raw_text": "METAR HEGN 280100Z 29010KT CAVOK 20/10 Q1012 NOSIG", "station_id": "HEGN", "observation_time": "2026-04-28T01:00:00.000Z", "latitude": 27.179, "longitude": 33.801, "temp_c": 20.0, "dewpoint_c": 10.0, "wind_dir_degrees": 290.0, "wind_speed_kt": 10.0, "wind_gust_kt": 0.0, "visibility_statute_mi": 6.0, "altim_in_hg": 29.88, "sea_level_pressure_mb": 0.0, "quality_control_flags": null, "wx_string": "", "sky_condition": null, "flight_category": "VFR", "three_hr_pressure_tendency_mb": 0.0, "maxT_c": 0.0, "minT_c": 0.0, "maxT24hr_c": 0.0, "minT24hr_c": 0.0, "precip_in": 0.0, "pcp3hr_in": 0.0, "pcp6hr_in": 0.0, "pcp24hr_in": 0.0, "snow_in": 0.0, "vert_vis_ft": 0.0, "metar_type": "METAR", "elevation_m": 14.0, "municipality": "Hurghada", "continent": "AF", "iso_country": "EG", "iso_region": "EG-BA", "wikipedia_link": "https://en.wikipedia.org/wiki/Hurghada_International_Airport" }, "geometry": { "type": "Point", "coordinates": [ 33.801, 27.179 ] } },
{ "type": "Feature", "properties": { "raw_text": "METAR HELX 280100Z 31003KT CAVOK 20/09 Q1011 NOSIG", "station_id": "HELX", "observation_time": "2026-04-28T01:00:00.000Z", "latitude": 25.671, "longitude": 32.706, "temp_c": 20.0, "dewpoint_c": 9.0, "wind_dir_degrees": 310.0, "wind_speed_kt": 3.0, "wind_gust_kt": 0.0, "visibility_statute_mi": 6.0, "altim_in_hg": 29.85, "sea_level_pressure_mb": 0.0, "quality_control_flags": null, "wx_string": "", "sky_condition": null, "flight_category": "VFR", "three_hr_pressure_tendency_mb": 0.0, "maxT_c": 0.0, "minT_c": 0.0, "maxT24hr_c": 0.0, "minT24hr_c": 0.0, "precip_in": 0.0, "pcp3hr_in": 0.0, "pcp6hr_in": 0.0, "pcp24hr_in": 0.0, "snow_in": 0.0, "vert_vis_ft": 0.0, "metar_type": "METAR", "elevation_m": 86.0, "municipality": "Luxor", "continent": "AF", "iso_country": "EG", "iso_region": "EG-LX", "wikipedia_link": "https://en.wikipedia.org/wiki/Luxor_International_Airport" }, "geometry": { "type": "Point", "coordinates": [ 32.706, 25.671 ] } },
{ "type": "Feature", "properties": { "raw_text": "METAR HEMA 280100Z 29004KT CAVOK 20/11 Q1011 NOSIG", "station_id": "HEMA", "observation_time": "2026-04-28T01:00:00.000Z", "latitude": 25.557, "longitude": 34.584, "temp_c": 20.0, "dewpoint_c": 11.0, "wind_dir_degrees": 290.0, "wind_speed_kt": 4.0, "wind_gust_kt": 0.0, "visibility_statute_mi": 6.0, "altim_in_hg": 29.85, "sea_level_pressure_mb": 0.0, "quality_control_flags": null, "wx_string": "", "sky_condition": null, "flight_category": "VFR", "three_hr_pressure_tendency_mb": 0.0, "maxT_c": 0.0, "minT_c": 0.0, "maxT24hr_c": 0.0, "minT24hr_c": 0.0, "precip_in": 0.0, "pcp3hr_in": 0.0, "pcp6hr_in": 0.0, "pcp24hr_in": 0.0, "snow_in": 0.0, "vert_vis_ft": 0.0, "metar_type": "METAR", "elevation_m": 77.0, "municipality": "Marsa Alam", "continent": "AF", "iso_country": "EG", "iso_region": "EG-BA", "wikipedia_link": "https://en.wikipedia.org/wiki/Marsa_Alam_International_Airport" }, "geometry": { "type": "Point", "coordinates": [ 34.584, 25.557 ] } },
{ "type": "Feature", "properties": { "raw_text": "METAR HEMM 280100Z 27008KT CAVOK 15/12 Q1016 NOSIG", "station_id": "HEMM", "observation_time": "2026-04-28T01:00:00.000Z", "latitude": 31.325, "longitude": 27.222, "temp_c": 15.0, "dewpoint_c": 12.0, "wind_dir_degrees": 270.0, "wind_speed_kt": 8.0, "wind_gust_kt": 0.0, "visibility_statute_mi": 6.0, "altim_in_hg": 30.0, "sea_level_pressure_mb": 0.0, "quality_control_flags": null, "wx_string": "", "sky_condition": null, "flight_category": "VFR", "three_hr_pressure_tendency_mb": 0.0, "maxT_c": 0.0, "minT_c": 0.0, "maxT24hr_c": 0.0, "minT24hr_c": 0.0, "precip_in": 0.0, "pcp3hr_in": 0.0, "pcp6hr_in": 0.0, "pcp24hr_in": 0.0, "snow_in": 0.0, "vert_vis_ft": 0.0, "metar_type": "METAR", "elevation_m": 26.0, "municipality": "Marsa Matruh", "continent": "AF", "iso_country": "EG", "iso_region": "EG-MT", "wikipedia_link": "https://en.wikipedia.org/wiki/Mersa_Matruh_Airport" }, "geometry": { "type": "Point", "coordinates": [ 27.222, 31.325 ] } },
{ "type": "Feature", "properties": { "raw_text": "METAR HEPS 280100Z 01002KT 9999 FEW020 19/14 Q1014 NOSIG", "station_id": "HEPS", "observation_time": "2026-04-28T01:00:00.000Z", "latitude": 31.279, "longitude": 32.238, "temp_c": 19.0, "dewpoint_c": 14.0, "wind_dir_degrees": 10.0, "wind_speed_kt": 2.0, "wind_gust_kt": 0.0, "visibility_statute_mi": 6.0, "altim_in_hg": 29.94, "sea_level_pressure_mb": 0.0, "quality_control_flags": null, "wx_string": "", "sky_condition": null, "flight_category": "VFR", "three_hr_pressure_tendency_mb": 0.0, "maxT_c": 0.0, "minT_c": 0.0, "maxT24hr_c": 0.0, "minT24hr_c": 0.0, "precip_in": 0.0, "pcp3hr_in": 0.0, "pcp6hr_in": 0.0, "pcp24hr_in": 0.0, "snow_in": 0.0, "vert_vis_ft": 0.0, "metar_type": "METAR", "elevation_m": 2.0, "municipality": "Port Said", "continent": "AF", "iso_country": "EG", "iso_region": "EG-PTS", "wikipedia_link": "https://en.wikipedia.org/wiki/Port_Said_Airport" }, "geometry": { "type": "Point", "coordinates": [ 32.238, 31.279 ] } },
{ "type": "Feature", "properties": { "raw_text": "METAR HESH 280100Z 35014KT CAVOK 22/13 Q1010 NOSIG", "station_id": "HESH", "observation_time": "2026-04-28T01:00:00.000Z", "latitude": 27.977, "longitude": 34.395, "temp_c": 22.0, "dewpoint_c": 13.0, "wind_dir_degrees": 350.0, "wind_speed_kt": 14.0, "wind_gust_kt": 0.0, "visibility_statute_mi": 6.0, "altim_in_hg": 29.82, "sea_level_pressure_mb": 0.0, "quality_control_flags": null, "wx_string": "", "sky_condition": null, "flight_category": "VFR", "three_hr_pressure_tendency_mb": 0.0, "maxT_c": 0.0, "minT_c": 0.0, "maxT24hr_c": 0.0, "minT24hr_c": 0.0, "precip_in": 0.0, "pcp3hr_in": 0.0, "pcp6hr_in": 0.0, "pcp24hr_in": 0.0, "snow_in": 0.0, "vert_vis_ft": 0.0, "metar_type": "METAR", "elevation_m": 50.0, "municipality": "Sharm El Sheikh", "continent": "AS", "iso_country": "EG", "iso_region": "EG-JS", "wikipedia_link": "https://en.wikipedia.org/wiki/Sharm_el-Sheikh_International_Airport" }, "geometry": { "type": "Point", "coordinates": [ 34.395, 27.977 ] } },
{ "type": "Feature", "properties": { "raw_text": "METAR HESN 280100Z 31008KT CAVOK 20/06 Q1012 NOSIG", "station_id": "HESN", "observation_time": "2026-04-28T01:00:00.000Z", "latitude": 23.964, "longitude": 32.82, "temp_c": 20.0, "dewpoint_c": 6.0, "wind_dir_degrees": 310.0, "wind_speed_kt": 8.0, "wind_gust_kt": 0.0, "visibility_statute_mi": 6.0, "altim_in_hg": 29.88, "sea_level_pressure_mb": 0.0, "quality_control_flags": null, "wx_string": "", "sky_condition": null, "flight_category": "VFR", "three_hr_pressure_tendency_mb": 0.0, "maxT_c": 0.0, "minT_c": 0.0, "maxT24hr_c": 0.0, "minT24hr_c": 0.0, "precip_in": 0.0, "pcp3hr_in": 0.0, "pcp6hr_in": 0.0, "pcp24hr_in": 0.0, "snow_in": 0.0, "vert_vis_ft": 0.0, "metar_type": "METAR", "elevation_m": 197.0, "municipality": "Aswan", "continent": "AF", "iso_country": "EG", "iso_region": "EG-ASN", "wikipedia_link": "https://en.wikipedia.org/wiki/Aswan_International_Airport" }, "geometry": { "type": "Point", "coordinates": [ 32.82, 23.964 ] } },
{ "type": "Feature", "properties": { "raw_text": "METAR HESX 280100Z 29006KT CAVOK 16/14 Q1014 NOSIG", "station_id": "HESX", "observation_time": "2026-04-28T01:00:00.000Z", "latitude": 30.108, "longitude": 30.896, "temp_c": 16.0, "dewpoint_c": 14.0, "wind_dir_degrees": 290.0, "wind_speed_kt": 6.0, "wind_gust_kt": 0.0, "visibility_statute_mi": 6.0, "altim_in_hg": 29.94, "sea_level_pressure_mb": 0.0, "quality_control_flags": null, "wx_string": "", "sky_condition": null, "flight_category": "VFR", "three_hr_pressure_tendency_mb": 0.0, "maxT_c": 0.0, "minT_c": 0.0, "maxT24hr_c": 0.0, "minT24hr_c": 0.0, "precip_in": 0.0, "pcp3hr_in": 0.0, "pcp6hr_in": 0.0, "pcp24hr_in": 0.0, "snow_in": 0.0, "vert_vis_ft": 0.0, "metar_type": "METAR", "elevation_m": 168.0, "municipality": "Al Jiza", "continent": "AF", "iso_country": "EG", "iso_region": "EG-GZ", "wikipedia_link": "https://en.wikipedia.org/wiki/Sphinx_International_Airport" }, "geometry": { "type": "Point", "coordinates": [ 30.896, 30.108 ] } },
{ "type": "Feature", "properties": { "raw_text": "METAR HKEL 280100Z 22003KT 9999 -RA BKN016 OVC080 14/13 Q1024", "station_id": "HKEL", "observation_time": "2026-04-28T01:00:00.000Z", "latitude": 0.404, "longitude": 35.239, "temp_c": 14.0, "dewpoint_c": 13.0, "wind_dir_degrees": 220.0, "wind_speed_kt": 3.0, "wind_gust_kt": 0.0, "visibility_statute_mi": 6.0, "altim_in_hg": 30.24, "sea_level_pressure_mb": 0.0, "quality_control_flags": null, "wx_string": "-RA", "sky_condition": null, "flight_category": "MVFR", "three_hr_pressure_tendency_mb": 0.0, "maxT_c": 0.0, "minT_c": 0.0, "maxT24hr_c": 0.0, "minT24hr_c": 0.0, "precip_in": 0.0, "pcp3hr_in": 0.0, "pcp6hr_in": 0.0, "pcp24hr_in": 0.0, "snow_in": 0.0, "vert_vis_ft": 0.0, "metar_type": "METAR", "elevation_m": 2116.0, "municipality": "Eldoret", "continent": "AF", "iso_country": "KE", "iso_region": "KE-27", "wikipedia_link": "https://en.wikipedia.org/wiki/Eldoret_International_Airport" }, "geometry": { "type": "Point", "coordinates": [ 35.239, 0.404 ] } },
{ "type": "Feature", "properties": { "raw_text": "METAR HKJK 280100Z 32006KT 9999 BKN015 16/15 Q1020 NOSIG", "station_id": "HKJK", "observation_time": "2026-04-28T01:00:00.000Z", "latitude": -1.319, "longitude": 36.928, "temp_c": 16.0, "dewpoint_c": 15.0, "wind_dir_degrees": 320.0, "wind_speed_kt": 6.0, "wind_gust_kt": 0.0, "visibility_statute_mi": 6.0, "altim_in_hg": 30.12, "sea_level_pressure_mb": 0.0, "quality_control_flags": null, "wx_string": "", "sky_condition": null, "flight_category": "MVFR", "three_hr_pressure_tendency_mb": 0.0, "maxT_c": 0.0, "minT_c": 0.0, "maxT24hr_c": 0.0, "minT24hr_c": 0.0, "precip_in": 0.0, "pcp3hr_in": 0.0, "pcp6hr_in": 0.0, "pcp24hr_in": 0.0, "snow_in": 0.0, "vert_vis_ft": 0.0, "metar_type": "METAR", "elevation_m": 1615.0, "municipality": "Nairobi", "continent": "AF", "iso_country": "KE", "iso_region": "KE-47", "wikipedia_link": "https://en.wikipedia.org/wiki/Jomo_Kenyatta_International_Airport" }, "geometry": { "type": "Point", "coordinates": [ 36.928, -1.319 ] } },
{ "type": "Feature", "properties": { "raw_text": "METAR HKMO 280130Z VRB02KT 9999 FEW019 BKN080 25/23 Q1009 NOSIG", "station_id": "HKMO", "observation_time": "2026-04-28T01:30:00.000Z", "latitude": -4.015, "longitude": 39.606, "temp_c": 25.0, "dewpoint_c": 23.0, "wind_dir_degrees": 0.0, "wind_speed_kt": 2.0, "wind_gust_kt": 0.0, "visibility_statute_mi": 6.0, "altim_in_hg": 29.79, "sea_level_pressure_mb": 0.0, "quality_control_flags": null, "wx_string": "", "sky_condition": null, "flight_category": "VFR", "three_hr_pressure_tendency_mb": 0.0, "maxT_c": 0.0, "minT_c": 0.0, "maxT24hr_c": 0.0, "minT24hr_c": 0.0, "precip_in": 0.0, "pcp3hr_in": 0.0, "pcp6hr_in": 0.0, "pcp24hr_in": 0.0, "snow_in": 0.0, "vert_vis_ft": 0.0, "metar_type": "METAR", "elevation_m": 55.0, "municipality": "Mombasa", "continent": "AF", "iso_country": "KE", "iso_region": "KE-01", "wikipedia_link": "https://en.wikipedia.org/wiki/Moi_International_Airport" }, "geometry": { "type": "Point", "coordinates": [ 39.606, -4.015 ] } },
{ "type": "Feature", "properties": { "raw_text": "METAR HRYR 280130Z VRB02KT 9999 SCT020 18/18 Q1019 NOSIG", "station_id": "HRYR", "observation_time": "2026-04-28T01:30:00.000Z", "latitude": -1.969, "longitude": 30.14, "temp_c": 18.0, "dewpoint_c": 18.0, "wind_dir_degrees": 0.0, "wind_speed_kt": 2.0, "wind_gust_kt": 0.0, "visibility_statute_mi": 6.0, "altim_in_hg": 30.09, "sea_level_pressure_mb": 0.0, "quality_control_flags": null, "wx_string": "", "sky_condition": null, "flight_category": "VFR", "three_hr_pressure_tendency_mb": 0.0, "maxT_c": 0.0, "minT_c": 0.0, "maxT24hr_c": 0.0, "minT24hr_c": 0.0, "precip_in": 0.0, "pcp3hr_in": 0.0, "pcp6hr_in": 0.0, "pcp24hr_in": 0.0, "snow_in": 0.0, "vert_vis_ft": 0.0, "metar_type": "METAR", "elevation_m": 1493.0, "municipality": "Kigali", "continent": "AF", "iso_country": "RW", "iso_region": "RW-01", "wikipedia_link": "https://en.wikipedia.org/wiki/Kigali_International_Airport" }, "geometry": { "type": "Point", "coordinates": [ 30.14, -1.969 ] } },
{ "type": "Feature", "properties": { "raw_text": "METAR HTDA 280100Z VRB02KT 9999 FEW010 FEW012CB BKN070 25/24 Q1010 NOSIG", "station_id": "HTDA", "observation_time": "2026-04-28T01:00:00.000Z", "latitude": -6.881, "longitude": 39.201, "temp_c": 25.0, "dewpoint_c": 24.0, "wind_dir_degrees": 0.0, "wind_speed_kt": 2.0, "wind_gust_kt": 0.0, "visibility_statute_mi": 6.0, "altim_in_hg": 29.82, "sea_level_pressure_mb": 0.0, "quality_control_flags": null, "wx_string": "", "sky_condition": null, "flight_category": "VFR", "three_hr_pressure_tendency_mb": 0.0, "maxT_c": 0.0, "minT_c": 0.0, "maxT24hr_c": 0.0, "minT24hr_c": 0.0, "precip_in": 0.0, "pcp3hr_in": 0.0, "pcp6hr_in": 0.0, "pcp24hr_in": 0.0, "snow_in": 0.0, "vert_vis_ft": 0.0, "metar_type": "METAR", "elevation_m": 53.0, "municipality": "Dar es Salaam", "continent": "AF", "iso_country": "TZ", "iso_region": "TZ-02", "wikipedia_link": "https://en.wikipedia.org/wiki/Julius_Nyerere_International_Airport" }, "geometry": { "type": "Point", "coordinates": [ 39.201, -6.881 ] } },
{ "type": "Feature", "properties": { "raw_text": "METAR HUEN 280130Z 35008KT 9999 FEW022 FEW024CB 20/18 Q1016", "station_id": "HUEN", "observation_time": "2026-04-28T01:30:00.000Z", "latitude": 0.036, "longitude": 32.437, "temp_c": 20.0, "dewpoint_c": 18.0, "wind_dir_degrees": 350.0, "wind_speed_kt": 8.0, "wind_gust_kt": 0.0, "visibility_statute_mi": 6.0, "altim_in_hg": 30.0, "sea_level_pressure_mb": 0.0, "quality_control_flags": null, "wx_string": "", "sky_condition": null, "flight_category": "VFR", "three_hr_pressure_tendency_mb": 0.0, "maxT_c": 0.0, "minT_c": 0.0, "maxT24hr_c": 0.0, "minT24hr_c": 0.0, "precip_in": 0.0, "pcp3hr_in": 0.0, "pcp6hr_in": 0.0, "pcp24hr_in": 0.0, "snow_in": 0.0, "vert_vis_ft": 0.0, "metar_type": "METAR", "elevation_m": 1147.0, "municipality": "Entebbe", "continent": "AF", "iso_country": "UG", "iso_region": "UG-C", "wikipedia_link": "https://en.wikipedia.org/wiki/Entebbe_International_Airport" }, "geometry": { "type": "Point", "coordinates": [ 32.437, 0.036 ] } },
{ "type": "Feature", "properties": { "raw_text": "METAR KABQ 280052Z 11005KT 10SM SCT200 21/M12 A2986 RMK AO2 SLP056 T02111117 $", "station_id": "KABQ", "observation_time": "2026-04-28T00:52:00.000Z", "latitude": 35.0419, "longitude": -106.6154, "temp_c": 21.1, "dewpoint_c": -11.7, "wind_dir_degrees": 110.0, "wind_speed_kt": 5.0, "wind_gust_kt": 0.0, "visibility_statute_mi": 10.0, "altim_in_hg": 29.86, "sea_level_pressure_mb": 1005.6, "quality_control_flags": null, "wx_string": "", "sky_condition": null, "flight_category": "VFR", "three_hr_pressure_tendency_mb": 0.0, "maxT_c": 0.0, "minT_c": 0.0, "maxT24hr_c": 0.0, "minT24hr_c": 0.0, "precip_in": 0.0, "pcp3hr_in": 0.0, "pcp6hr_in": 0.0, "pcp24hr_in": 0.0, "snow_in": 0.0, "vert_vis_ft": 0.0, "metar_type": "METAR", "elevation_m": 1620.0, "municipality": "Albuquerque", "continent": "NA", "iso_country": "US", "iso_region": "US-NM", "wikipedia_link": "https://en.wikipedia.org/wiki/Albuquerque_International_Sunport" }, "geometry": { "type": "Point", "coordinates": [ -106.6154, 35.0419 ] } },
{ "type": "Feature", "properties": { "raw_text": "METAR KALB 280051Z 00000KT 10SM FEW250 16/03 A3017 RMK AO2 SLP218 T01610033", "station_id": "KALB", "observation_time": "2026-04-28T00:51:00.000Z", "latitude": 42.7473, "longitude": -73.7991, "temp_c": 16.1, "dewpoint_c": 3.3, "wind_dir_degrees": 0.0, "wind_speed_kt": 0.0, "wind_gust_kt": 0.0, "visibility_statute_mi": 10.0, "altim_in_hg": 30.17, "sea_level_pressure_mb": 1021.8, "quality_control_flags": null, "wx_string": "", "sky_condition": null, "flight_category": "VFR", "three_hr_pressure_tendency_mb": 0.0, "maxT_c": 0.0, "minT_c": 0.0, "maxT24hr_c": 0.0, "minT24hr_c": 0.0, "precip_in": 0.0, "pcp3hr_in": 0.0, "pcp6hr_in": 0.0, "pcp24hr_in": 0.0, "snow_in": 0.0, "vert_vis_ft": 0.0, "metar_type": "METAR", "elevation_m": 82.0, "municipality": "Albany", "continent": "NA", "iso_country": "US", "iso_region": "US-NY", "wikipedia_link": "https://en.wikipedia.org/wiki/Albany_International_Airport" }, "geometry": { "type": "Point", "coordinates": [ -73.7991, 42.7473 ] } },
{ "type": "Feature", "properties": { "raw_text": "METAR KATL 280052Z 14007KT 10SM CLR 21/12 A3012 RMK AO2 SLP192 T02110117 $", "station_id": "KATL", "observation_time": "2026-04-28T00:52:00.000Z", "latitude": 33.6297, "longitude": -84.4422, "temp_c": 21.1, "dewpoint_c": 11.7, "wind_dir_degrees": 140.0, "wind_speed_kt": 7.0, "wind_gust_kt": 0.0, "visibility_statute_mi": 10.0, "altim_in_hg": 30.12, "sea_level_pressure_mb": 1019.2, "quality_control_flags": null, "wx_string": "", "sky_condition": null, "flight_category": "VFR", "three_hr_pressure_tendency_mb": 0.0, "maxT_c": 0.0, "minT_c": 0.0, "maxT24hr_c": 0.0, "minT24hr_c": 0.0, "precip_in": 0.0, "pcp3hr_in": 0.0, "pcp6hr_in": 0.0, "pcp24hr_in": 0.0, "snow_in": 0.0, "vert_vis_ft": 0.0, "metar_type": "METAR", "elevation_m": 309.0, "municipality": "Atlanta", "continent": "NA", "iso_country": "US", "iso_region": "US-GA", "wikipedia_link": "https://en.wikipedia.org/wiki/Hartsfield–Jackson_Atlanta_International_Airport" }, "geometry": { "type": "Point", "coordinates": [ -84.4422, 33.6297 ] } },
{ "type": "Feature", "properties": { "raw_text": "METAR KAUS 280053Z 14014KT 7SM SCT036 SCT048 BKN250 29/23 A2979 RMK AO2 SLP075 T02890233", "station_id": "KAUS", "observation_time": "2026-04-28T00:53:00.000Z", "latitude": 30.1831, "longitude": -97.6806, "temp_c": 28.9, "dewpoint_c": 23.3, "wind_dir_degrees": 140.0, "wind_speed_kt": 14.0, "wind_gust_kt": 0.0, "visibility_statute_mi": 7.0, "altim_in_hg": 29.79, "sea_level_pressure_mb": 1007.5, "quality_control_flags": null, "wx_string": "", "sky_condition": null, "flight_category": "VFR", "three_hr_pressure_tendency_mb": 0.0, "maxT_c": 0.0, "minT_c": 0.0, "maxT24hr_c": 0.0, "minT24hr_c": 0.0, "precip_in": 0.0, "pcp3hr_in": 0.0, "pcp6hr_in": 0.0, "pcp24hr_in": 0.0, "snow_in": 0.0, "vert_vis_ft": 0.0, "metar_type": "METAR", "elevation_m": 148.0, "municipality": "Austin", "continent": "NA", "iso_country": "US", "iso_region": "US-TX", "wikipedia_link": "https://en.wikipedia.org/wiki/Austin-Bergstrom_International_Airport" }, "geometry": { "type": "Point", "coordinates": [ -97.6806, 30.1831 ] } },
{ "type": "Feature", "properties": { "raw_text": "METAR KBDL 280051Z 19007KT 10SM CLR 16/02 A3023 RMK AO2 SLP238 T01560017", "station_id": "KBDL", "observation_time": "2026-04-28T00:51:00.000Z", "latitude": 41.9374, "longitude": -72.682, "temp_c": 15.6, "dewpoint_c": 1.7, "wind_dir_degrees": 190.0, "wind_speed_kt": 7.0, "wind_gust_kt": 0.0, "visibility_statute_mi": 10.0, "altim_in_hg": 30.23, "sea_level_pressure_mb": 1023.8, "quality_control_flags": null, "wx_string": "", "sky_condition": null, "flight_category": "VFR", "three_hr_pressure_tendency_mb": 0.0, "maxT_c": 0.0, "minT_c": 0.0, "maxT24hr_c": 0.0, "minT24hr_c": 0.0, "precip_in": 0.0, "pcp3hr_in": 0.0, "pcp6hr_in": 0.0, "pcp24hr_in": 0.0, "snow_in": 0.0, "vert_vis_ft": 0.0, "metar_type": "METAR", "elevation_m": 52.0, "municipality": "Hartford", "continent": "NA", "iso_country": "US", "iso_region": "US-CT", "wikipedia_link": "https://en.wikipedia.org/wiki/Bradley_International_Airport" }, "geometry": { "type": "Point", "coordinates": [ -72.682, 41.9374 ] } },
{ "type": "Feature", "properties": { "raw_text": "METAR KBHM 280053Z 16008KT 10SM FEW080 FEW200 24/17 A3002 RMK AO2 SLP159 T02390172", "station_id": "KBHM", "observation_time": "2026-04-28T00:53:00.000Z", "latitude": 33.5655, "longitude": -86.7449, "temp_c": 23.9, "dewpoint_c": 17.2, "wind_dir_degrees": 160.0, "wind_speed_kt": 8.0, "wind_gust_kt": 0.0, "visibility_statute_mi": 10.0, "altim_in_hg": 30.02, "sea_level_pressure_mb": 1015.9, "quality_control_flags": null, "wx_string": "", "sky_condition": null, "flight_category": "VFR", "three_hr_pressure_tendency_mb": 0.0, "maxT_c": 0.0, "minT_c": 0.0, "maxT24hr_c": 0.0, "minT24hr_c": 0.0, "precip_in": 0.0, "pcp3hr_in": 0.0, "pcp6hr_in": 0.0, "pcp24hr_in": 0.0, "snow_in": 0.0, "vert_vis_ft": 0.0, "metar_type": "METAR", "elevation_m": 191.0, "municipality": "Birmingham", "continent": "NA", "iso_country": "US", "iso_region": "US-AL", "wikipedia_link": "https://en.wikipedia.org/wiki/Birmingham_International_Airport_(US)" }, "geometry": { "type": "Point", "coordinates": [ -86.7449, 33.5655 ] } },
{ "type": "Feature", "properties": { "raw_text": "METAR KBNA 280053Z 19016G27KT 10SM SCT047 BKN060 BKN250 26/16 A2988 RMK AO2 PK WND 18027/0046 SLP111 T02610156 $", "station_id": "KBNA", "observation_time": "2026-04-28T00:53:00.000Z", "latitude": 36.1105, "longitude": -86.6881, "temp_c": 26.1, "dewpoint_c": 15.6, "wind_dir_degrees": 190.0, "wind_speed_kt": 16.0, "wind_gust_kt": 27.0, "visibility_statute_mi": 10.0, "altim_in_hg": 29.88, "sea_level_pressure_mb": 1011.1, "quality_control_flags": null, "wx_string": "", "sky_condition": null, "flight_category": "VFR", "three_hr_pressure_tendency_mb": 0.0, "maxT_c": 0.0, "minT_c": 0.0, "maxT24hr_c": 0.0, "minT24hr_c": 0.0, "precip_in": 0.0, "pcp3hr_in": 0.0, "pcp6hr_in": 0.0, "pcp24hr_in": 0.0, "snow_in": 0.0, "vert_vis_ft": 0.0, "metar_type": "METAR", "elevation_m": 168.0, "municipality": "Nashville", "continent": "NA", "iso_country": "US", "iso_region": "US-TN", "wikipedia_link": "https://en.wikipedia.org/wiki/Nashville_International_Airport" }, "geometry": { "type": "Point", "coordinates": [ -86.6881, 36.1105 ] } },
{ "type": "Feature", "properties": { "raw_text": "METAR KBOI 280053Z AUTO 29014KT 10SM FEW065 14/M02 A2992 RMK AO2 SLP133 T01441017", "station_id": "KBOI", "observation_time": "2026-04-28T00:53:00.000Z", "latitude": 43.567, "longitude": -116.2406, "temp_c": 14.4, "dewpoint_c": -1.7, "wind_dir_degrees": 290.0, "wind_speed_kt": 14.0, "wind_gust_kt": 0.0, "visibility_statute_mi": 10.0, "altim_in_hg": 29.92, "sea_level_pressure_mb": 1013.3, "quality_control_flags": null, "wx_string": "", "sky_condition": null, "flight_category": "VFR", "three_hr_pressure_tendency_mb": 0.0, "maxT_c": 0.0, "minT_c": 0.0, "maxT24hr_c": 0.0, "minT24hr_c": 0.0, "precip_in": 0.0, "pcp3hr_in": 0.0, "pcp6hr_in": 0.0, "pcp24hr_in": 0.0, "snow_in": 0.0, "vert_vis_ft": 0.0, "metar_type": "METAR", "elevation_m": 860.0, "municipality": "Boise", "continent": "NA", "iso_country": "US", "iso_region": "US-ID", "wikipedia_link": "https://en.wikipedia.org/wiki/Boise_Airport" }, "geometry": { "type": "Point", "coordinates": [ -116.2406, 43.567 ] } },
{ "type": "Feature", "properties": { "raw_text": "METAR KBOS 280054Z 12007KT 10SM CLR 11/04 A3026 RMK AO2 SLP245 T01060039 $", "station_id": "KBOS", "observation_time": "2026-04-28T00:54:00.000Z", "latitude": 42.3606, "longitude": -71.0097, "temp_c": 10.6, "dewpoint_c": 3.9, "wind_dir_degrees": 120.0, "wind_speed_kt": 7.0, "wind_gust_kt": 0.0, "visibility_statute_mi": 10.0, "altim_in_hg": 30.26, "sea_level_pressure_mb": 1024.5, "quality_control_flags": null, "wx_string": "", "sky_condition": null, "flight_category": "VFR", "three_hr_pressure_tendency_mb": 0.0, "maxT_c": 0.0, "minT_c": 0.0, "maxT24hr_c": 0.0, "minT24hr_c": 0.0, "precip_in": 0.0, "pcp3hr_in": 0.0, "pcp6hr_in": 0.0, "pcp24hr_in": 0.0, "snow_in": 0.0, "vert_vis_ft": 0.0, "metar_type": "METAR", "elevation_m": 4.0, "municipality": "Boston", "continent": "NA", "iso_country": "US", "iso_region": "US-MA", "wikipedia_link": "https://en.wikipedia.org/wiki/Logan_International_Airport" }, "geometry": { "type": "Point", "coordinates": [ -71.0097, 42.3606 ] } },
{ "type": "Feature", "properties": { "raw_text": "METAR KBUF 280054Z 14007KT 10SM FEW210 BKN270 20/02 A3002 RMK AO2 SLP166 T02000022", "station_id": "KBUF", "observation_time": "2026-04-28T00:54:00.000Z", "latitude": 42.94, "longitude": -78.7361, "temp_c": 20.0, "dewpoint_c": 2.2, "wind_dir_degrees": 140.0, "wind_speed_kt": 7.0, "wind_gust_kt": 0.0, "visibility_statute_mi": 10.0, "altim_in_hg": 30.02, "sea_level_pressure_mb": 1016.6, "quality_control_flags": null, "wx_string": "", "sky_condition": null, "flight_category": "VFR", "three_hr_pressure_tendency_mb": 0.0, "maxT_c": 0.0, "minT_c": 0.0, "maxT24hr_c": 0.0, "minT24hr_c": 0.0, "precip_in": 0.0, "pcp3hr_in": 0.0, "pcp6hr_in": 0.0, "pcp24hr_in": 0.0, "snow_in": 0.0, "vert_vis_ft": 0.0, "metar_type": "METAR", "elevation_m": 217.0, "municipality": "Buffalo", "continent": "NA", "iso_country": "US", "iso_region": "US-NY", "wikipedia_link": "https://en.wikipedia.org/wiki/Buffalo_Niagara_International_Airport" }, "geometry": { "type": "Point", "coordinates": [ -78.7361, 42.94 ] } },
{ "type": "Feature", "properties": { "raw_text": "METAR KBUR 280053Z 20007KT 10SM SCT060 17/04 A2999 RMK AO2 SLP148 T01720044", "station_id": "KBUR", "observation_time": "2026-04-28T00:53:00.000Z", "latitude": 34.1996, "longitude": -118.3654, "temp_c": 17.2, "dewpoint_c": 4.4, "wind_dir_degrees": 200.0, "wind_speed_kt": 7.0, "wind_gust_kt": 0.0, "visibility_statute_mi": 10.0, "altim_in_hg": 29.99, "sea_level_pressure_mb": 1014.8, "quality_control_flags": null, "wx_string": "", "sky_condition": null, "flight_category": "VFR", "three_hr_pressure_tendency_mb": 0.0, "maxT_c": 0.0, "minT_c": 0.0, "maxT24hr_c": 0.0, "minT24hr_c": 0.0, "precip_in": 0.0, "pcp3hr_in": 0.0, "pcp6hr_in": 0.0, "pcp24hr_in": 0.0, "snow_in": 0.0, "vert_vis_ft": 0.0, "metar_type": "METAR", "elevation_m": 221.0, "municipality": "Burbank", "continent": "NA", "iso_country": "US", "iso_region": "US-CA", "wikipedia_link": "https://en.wikipedia.org/wiki/Hollywood_Burbank_Airport" }, "geometry": { "type": "Point", "coordinates": [ -118.3654, 34.1996 ] } },
{ "type": "Feature", "properties": { "raw_text": "METAR KBWI 280054Z 16004KT 10SM BKN250 16/06 A3022 RMK AO2 SLP233 T01610056", "station_id": "KBWI", "observation_time": "2026-04-28T00:54:00.000Z", "latitude": 39.1733, "longitude": -76.684, "temp_c": 16.1, "dewpoint_c": 5.6, "wind_dir_degrees": 160.0, "wind_speed_kt": 4.0, "wind_gust_kt": 0.0, "visibility_statute_mi": 10.0, "altim_in_hg": 30.22, "sea_level_pressure_mb": 1023.3, "quality_control_flags": null, "wx_string": "", "sky_condition": null, "flight_category": "VFR", "three_hr_pressure_tendency_mb": 0.0, "maxT_c": 0.0, "minT_c": 0.0, "maxT24hr_c": 0.0, "minT24hr_c": 0.0, "precip_in": 0.0, "pcp3hr_in": 0.0, "pcp6hr_in": 0.0, "pcp24hr_in": 0.0, "snow_in": 0.0, "vert_vis_ft": 0.0, "metar_type": "METAR", "elevation_m": 42.0, "municipality": "Baltimore", "continent": "NA", "iso_country": "US", "iso_region": "US-MD", "wikipedia_link": "https://en.wikipedia.org/wiki/Baltimore/Washington_International_Airport" }, "geometry": { "type": "Point", "coordinates": [ -76.684, 39.1733 ] } },
{ "type": "Feature", "properties": { "raw_text": "METAR KCHS 280056Z 12005KT 10SM CLR 15/11 A3020 RMK AO2 SLP224 T01500106", "station_id": "KCHS", "observation_time": "2026-04-28T00:56:00.000Z", "latitude": 32.8995, "longitude": -80.0407, "temp_c": 15.0, "dewpoint_c": 10.6, "wind_dir_degrees": 120.0, "wind_speed_kt": 5.0, "wind_gust_kt": 0.0, "visibility_statute_mi": 10.0, "altim_in_hg": 30.2, "sea_level_pressure_mb": 1022.4, "quality_control_flags": null, "wx_string": "", "sky_condition": null, "flight_category": "VFR", "three_hr_pressure_tendency_mb": 0.0, "maxT_c": 0.0, "minT_c": 0.0, "maxT24hr_c": 0.0, "minT24hr_c": 0.0, "precip_in": 0.0, "pcp3hr_in": 0.0, "pcp6hr_in": 0.0, "pcp24hr_in": 0.0, "snow_in": 0.0, "vert_vis_ft": 0.0, "metar_type": "METAR", "elevation_m": 12.0, "municipality": "Charleston", "continent": "NA", "iso_country": "US", "iso_region": "US-SC", "wikipedia_link": "https://en.wikipedia.org/wiki/Charleston_International_Airport" }, "geometry": { "type": "Point", "coordinates": [ -80.0407, 32.8995 ] } },
{ "type": "Feature", "properties": { "raw_text": "METAR KCLE 280051Z 15011KT 10SM OVC150 20/06 A2989 RMK AO2 PRESFR SLP137 T02000056 $", "station_id": "KCLE", "observation_time": "2026-04-28T00:51:00.000Z", "latitude": 41.4057, "longitude": -81.8519, "temp_c": 20.0, "dewpoint_c": 5.6, "wind_dir_degrees": 150.0, "wind_speed_kt": 11.0, "wind_gust_kt": 0.0, "visibility_statute_mi": 10.0, "altim_in_hg": 29.89, "sea_level_pressure_mb": 1013.7, "quality_control_flags": null, "wx_string": "", "sky_condition": null, "flight_category": "VFR", "three_hr_pressure_tendency_mb": 0.0, "maxT_c": 0.0, "minT_c": 0.0, "maxT24hr_c": 0.0, "minT24hr_c": 0.0, "precip_in": 0.0, "pcp3hr_in": 0.0, "pcp6hr_in": 0.0, "pcp24hr_in": 0.0, "snow_in": 0.0, "vert_vis_ft": 0.0, "metar_type": "METAR", "elevation_m": 237.0, "municipality": "Cleveland", "continent": "NA", "iso_country": "US", "iso_region": "US-OH", "wikipedia_link": "https://en.wikipedia.org/wiki/Cleveland_Hopkins_International_Airport" }, "geometry": { "type": "Point", "coordinates": [ -81.8519, 41.4057 ] } },
{ "type": "Feature", "properties": { "raw_text": "METAR KCLT 280052Z 12003KT 10SM FEW200 FEW250 19/06 A3017 RMK AO2 SLP227 T01940061", "station_id": "KCLT", "observation_time": "2026-04-28T00:52:00.000Z", "latitude": 35.2225, "longitude": -80.9543, "temp_c": 19.4, "dewpoint_c": 6.1, "wind_dir_degrees": 120.0, "wind_speed_kt": 3.0, "wind_gust_kt": 0.0, "visibility_statute_mi": 10.0, "altim_in_hg": 30.17, "sea_level_pressure_mb": 1022.7, "quality_control_flags": null, "wx_string": "", "sky_condition": null, "flight_category": "VFR", "three_hr_pressure_tendency_mb": 0.0, "maxT_c": 0.0, "minT_c": 0.0, "maxT24hr_c": 0.0, "minT24hr_c": 0.0, "precip_in": 0.0, "pcp3hr_in": 0.0, "pcp6hr_in": 0.0, "pcp24hr_in": 0.0, "snow_in": 0.0, "vert_vis_ft": 0.0, "metar_type": "METAR", "elevation_m": 223.0, "municipality": "Charlotte", "continent": "NA", "iso_country": "US", "iso_region": "US-NC", "wikipedia_link": "https://en.wikipedia.org/wiki/Charlotte/Douglas_International_Airport" }, "geometry": { "type": "Point", "coordinates": [ -80.9543, 35.2225 ] } },
{ "type": "Feature", "properties": { "raw_text": "METAR KCMH 280051Z 00000KT 7SM -RA SCT050 OVC090 18/17 A2995 RMK AO2 SLP142 P0006 T01830167", "station_id": "KCMH", "observation_time": "2026-04-28T00:51:00.000Z", "latitude": 39.9907, "longitude": -82.877, "temp_c": 18.3, "dewpoint_c": 16.7, "wind_dir_degrees": 0.0, "wind_speed_kt": 0.0, "wind_gust_kt": 0.0, "visibility_statute_mi": 7.0, "altim_in_hg": 29.95, "sea_level_pressure_mb": 1014.2, "quality_control_flags": null, "wx_string": "-RA", "sky_condition": null, "flight_category": "VFR", "three_hr_pressure_tendency_mb": 0.0, "maxT_c": 0.0, "minT_c": 0.0, "maxT24hr_c": 0.0, "minT24hr_c": 0.0, "precip_in": 0.06, "pcp3hr_in": 0.0, "pcp6hr_in": 0.0, "pcp24hr_in": 0.0, "snow_in": 0.0, "vert_vis_ft": 0.0, "metar_type": "METAR", "elevation_m": 257.0, "municipality": "Columbus", "continent": "NA", "iso_country": "US", "iso_region": "US-OH", "wikipedia_link": "https://en.wikipedia.org/wiki/John_Glenn_Columbus_International_Airport" }, "geometry": { "type": "Point", "coordinates": [ -82.877, 39.9907 ] } },
{ "type": "Feature", "properties": { "raw_text": "SPECI KCOS 280117Z 02009KT 10SM BKN050 BKN100 BKN200 08/03 A2994 RMK AO2 TSE17 CB DSNT NE AND E MOV NE VCSH NE T00780033", "station_id": "KCOS", "observation_time": "2026-04-28T01:17:00.000Z", "latitude": 38.8095, "longitude": -104.6887, "temp_c": 7.8, "dewpoint_c": 3.3, "wind_dir_degrees": 20.0, "wind_speed_kt": 9.0, "wind_gust_kt": 0.0, "visibility_statute_mi": 10.0, "altim_in_hg": 29.94, "sea_level_pressure_mb": 0.0, "quality_control_flags": null, "wx_string": "", "sky_condition": null, "flight_category": "VFR", "three_hr_pressure_tendency_mb": 0.0, "maxT_c": 0.0, "minT_c": 0.0, "maxT24hr_c": 0.0, "minT24hr_c": 0.0, "precip_in": 0.0, "pcp3hr_in": 0.0, "pcp6hr_in": 0.0, "pcp24hr_in": 0.0, "snow_in": 0.0, "vert_vis_ft": 0.0, "metar_type": "SPECI", "elevation_m": 1886.0, "municipality": "Colorado Springs", "continent": "NA", "iso_country": "US", "iso_region": "US-CO", "wikipedia_link": "https://en.wikipedia.org/wiki/Colorado_Springs_Airport" }, "geometry": { "type": "Point", "coordinates": [ -104.6887, 38.8095 ] } },
{ "type": "Feature", "properties": { "raw_text": "METAR KCVG 280052Z 10011KT 3SM RA BR BKN065 OVC090 17/16 A2996 RMK AO2 SLP141 P0022 T01670156", "station_id": "KCVG", "observation_time": "2026-04-28T00:52:00.000Z", "latitude": 39.0444, "longitude": -84.6724, "temp_c": 16.7, "dewpoint_c": 15.6, "wind_dir_degrees": 100.0, "wind_speed_kt": 11.0, "wind_gust_kt": 0.0, "visibility_statute_mi": 3.0, "altim_in_hg": 29.96, "sea_level_pressure_mb": 1014.1, "quality_control_flags": null, "wx_string": "RA BR", "sky_condition": null, "flight_category": "MVFR", "three_hr_pressure_tendency_mb": 0.0, "maxT_c": 0.0, "minT_c": 0.0, "maxT24hr_c": 0.0, "minT24hr_c": 0.0, "precip_in": 0.22, "pcp3hr_in": 0.0, "pcp6hr_in": 0.0, "pcp24hr_in": 0.0, "snow_in": 0.0, "vert_vis_ft": 0.0, "metar_type": "METAR", "elevation_m": 264.0, "municipality": "Cincinnati / Covington", "continent": "NA", "iso_country": "US", "iso_region": "US-KY", "wikipedia_link": "https://en.wikipedia.org/wiki/Cincinnati/Northern_Kentucky_International_Airport" }, "geometry": { "type": "Point", "coordinates": [ -84.6724, 39.0444 ] } },
{ "type": "Feature", "properties": { "raw_text": "SPECI KDAL 280129Z VRB04KT 7SM BKN039 BKN048 BKN110 26/24 A2978 RMK AO2 RAE12 TSE29 FRQ LTGICCCCG DSNT NE-E TS MOVD NE CB DSNT NE-E MOV NE TCU DSNT W-N P0010 T02610239", "station_id": "KDAL", "observation_time": "2026-04-28T01:29:00.000Z", "latitude": 32.8384, "longitude": -96.8358, "temp_c": 26.1, "dewpoint_c": 23.9, "wind_dir_degrees": 0.0, "wind_speed_kt": 4.0, "wind_gust_kt": 0.0, "visibility_statute_mi": 7.0, "altim_in_hg": 29.78, "sea_level_pressure_mb": 0.0, "quality_control_flags": null, "wx_string": "", "sky_condition": null, "flight_category": "VFR", "three_hr_pressure_tendency_mb": 0.0, "maxT_c": 0.0, "minT_c": 0.0, "maxT24hr_c": 0.0, "minT24hr_c": 0.0, "precip_in": 0.1, "pcp3hr_in": 0.0, "pcp6hr_in": 0.0, "pcp24hr_in": 0.0, "snow_in": 0.0, "vert_vis_ft": 0.0, "metar_type": "SPECI", "elevation_m": 148.0, "municipality": "Dallas", "continent": "NA", "iso_country": "US", "iso_region": "US-TX", "wikipedia_link": "https://en.wikipedia.org/wiki/Dallas_Love_Field" }, "geometry": { "type": "Point", "coordinates": [ -96.8358, 32.8384 ] } },
{ "type": "Feature", "properties": { "raw_text": "METAR KDCA 280052Z 13005KT 10SM BKN250 16/06 A3022 RMK AO2 SLP233 T01610056", "station_id": "KDCA", "observation_time": "2026-04-28T00:52:00.000Z", "latitude": 38.8472, "longitude": -77.0345, "temp_c": 16.1, "dewpoint_c": 5.6, "wind_dir_degrees": 130.0, "wind_speed_kt": 5.0, "wind_gust_kt": 0.0, "visibility_statute_mi": 10.0, "altim_in_hg": 30.22, "sea_level_pressure_mb": 1023.3, "quality_control_flags": null, "wx_string": "", "sky_condition": null, "flight_category": "VFR", "three_hr_pressure_tendency_mb": 0.0, "maxT_c": 0.0, "minT_c": 0.0, "maxT24hr_c": 0.0, "minT24hr_c": 0.0, "precip_in": 0.0, "pcp3hr_in": 0.0, "pcp6hr_in": 0.0, "pcp24hr_in": 0.0, "snow_in": 0.0, "vert_vis_ft": 0.0, "metar_type": "METAR", "elevation_m": 4.0, "municipality": "Washington", "continent": "NA", "iso_country": "US", "iso_region": "US-DC", "wikipedia_link": "https://en.wikipedia.org/wiki/Ronald_Reagan_Washington_National_Airport" }, "geometry": { "type": "Point", "coordinates": [ -77.0345, 38.8472 ] } },
{ "type": "Feature", "properties": { "raw_text": "METAR KDEN 280053Z 08015G19KT 10SM -RA BKN050 OVC090 10/M01 A2992 RMK AO2 RAB52 SLP109 P0000 T01001006", "station_id": "KDEN", "observation_time": "2026-04-28T00:53:00.000Z", "latitude": 39.8466, "longitude": -104.6562, "temp_c": 10.0, "dewpoint_c": -0.6, "wind_dir_degrees": 80.0, "wind_speed_kt": 15.0, "wind_gust_kt": 19.0, "visibility_statute_mi": 10.0, "altim_in_hg": 29.92, "sea_level_pressure_mb": 1010.9, "quality_control_flags": null, "wx_string": "-RA", "sky_condition": null, "flight_category": "VFR", "three_hr_pressure_tendency_mb": 0.0, "maxT_c": 0.0, "minT_c": 0.0, "maxT24hr_c": 0.0, "minT24hr_c": 0.0, "precip_in": 0.005, "pcp3hr_in": 0.0, "pcp6hr_in": 0.0, "pcp24hr_in": 0.0, "snow_in": 0.0, "vert_vis_ft": 0.0, "metar_type": "METAR", "elevation_m": 1656.0, "municipality": "Denver", "continent": "NA", "iso_country": "US", "iso_region": "US-CO", "wikipedia_link": "https://en.wikipedia.org/wiki/Denver_International_Airport" }, "geometry": { "type": "Point", "coordinates": [ -104.6562, 39.8466 ] } },
{ "type": "Feature", "properties": { "raw_text": "SPECI KDFW 280138Z 16009KT 10SM FEW045 SCT100 BKN250 28/22 A2977 RMK AO2 TSE33 OCNL LTGIC DSNT E TS MOVD E CB DSNT E MOV E TCU DSNT N-NE T02830222", "station_id": "KDFW", "observation_time": "2026-04-28T01:38:00.000Z", "latitude": 32.8974, "longitude": -97.022, "temp_c": 28.3, "dewpoint_c": 22.2, "wind_dir_degrees": 160.0, "wind_speed_kt": 9.0, "wind_gust_kt": 0.0, "visibility_statute_mi": 10.0, "altim_in_hg": 29.77, "sea_level_pressure_mb": 0.0, "quality_control_flags": null, "wx_string": "", "sky_condition": null, "flight_category": "VFR", "three_hr_pressure_tendency_mb": 0.0, "maxT_c": 0.0, "minT_c": 0.0, "maxT24hr_c": 0.0, "minT24hr_c": 0.0, "precip_in": 0.0, "pcp3hr_in": 0.0, "pcp6hr_in": 0.0, "pcp24hr_in": 0.0, "snow_in": 0.0, "vert_vis_ft": 0.0, "metar_type": "SPECI", "elevation_m": 168.0, "municipality": "Dallas-Fort Worth", "continent": "NA", "iso_country": "US", "iso_region": "US-TX", "wikipedia_link": "https://en.wikipedia.org/wiki/Dallas/Fort_Worth_International_Airport" }, "geometry": { "type": "Point", "coordinates": [ -97.022, 32.8974 ] } },
{ "type": "Feature", "properties": { "raw_text": "METAR KDSM 280054Z 29019G29KT 10SM OVC021 12/07 A2975 RMK AO2 PK WND 27029/0054 SLP072 T01220072", "station_id": "KDSM", "observation_time": "2026-04-28T00:54:00.000Z", "latitude": 41.5339, "longitude": -93.6531, "temp_c": 12.2, "dewpoint_c": 7.2, "wind_dir_degrees": 290.0, "wind_speed_kt": 19.0, "wind_gust_kt": 29.0, "visibility_statute_mi": 10.0, "altim_in_hg": 29.75, "sea_level_pressure_mb": 1007.2, "quality_control_flags": null, "wx_string": "", "sky_condition": null, "flight_category": "MVFR", "three_hr_pressure_tendency_mb": 0.0, "maxT_c": 0.0, "minT_c": 0.0, "maxT24hr_c": 0.0, "minT24hr_c": 0.0, "precip_in": 0.0, "pcp3hr_in": 0.0, "pcp6hr_in": 0.0, "pcp24hr_in": 0.0, "snow_in": 0.0, "vert_vis_ft": 0.0, "metar_type": "METAR", "elevation_m": 286.0, "municipality": "Des Moines", "continent": "NA", "iso_country": "US", "iso_region": "US-IA", "wikipedia_link": "https://en.wikipedia.org/wiki/Des_Moines_International_Airport" }, "geometry": { "type": "Point", "coordinates": [ -93.6531, 41.5339 ] } },
{ "type": "Feature", "properties": { "raw_text": "METAR KDTW 280053Z 12007KT 10SM FEW130 SCT160 OVC230 16/10 A2981 RMK AO2 SLP093 T01560100", "station_id": "KDTW", "observation_time": "2026-04-28T00:53:00.000Z", "latitude": 42.2311, "longitude": -83.3312, "temp_c": 15.6, "dewpoint_c": 10.0, "wind_dir_degrees": 120.0, "wind_speed_kt": 7.0, "wind_gust_kt": 0.0, "visibility_statute_mi": 10.0, "altim_in_hg": 29.81, "sea_level_pressure_mb": 1009.3, "quality_control_flags": null, "wx_string": "", "sky_condition": null, "flight_category": "VFR", "three_hr_pressure_tendency_mb": 0.0, "maxT_c": 0.0, "minT_c": 0.0, "maxT24hr_c": 0.0, "minT24hr_c": 0.0, "precip_in": 0.0, "pcp3hr_in": 0.0, "pcp6hr_in": 0.0, "pcp24hr_in": 0.0, "snow_in": 0.0, "vert_vis_ft": 0.0, "metar_type": "METAR", "elevation_m": 192.0, "municipality": "Detroit", "continent": "NA", "iso_country": "US", "iso_region": "US-MI", "wikipedia_link": "https://en.wikipedia.org/wiki/Detroit_Metropolitan_Airport" }, "geometry": { "type": "Point", "coordinates": [ -83.3312, 42.2311 ] } },
{ "type": "Feature", "properties": { "raw_text": "METAR KELP 280051Z 23011G19KT 10SM FEW130 BKN250 28/M06 A2986 RMK AO2 SLP047 T02831061 $", "station_id": "KELP", "observation_time": "2026-04-28T00:51:00.000Z", "latitude": 31.8123, "longitude": -106.3774, "temp_c": 28.3, "dewpoint_c": -6.1, "wind_dir_degrees": 230.0, "wind_speed_kt": 11.0, "wind_gust_kt": 19.0, "visibility_statute_mi": 10.0, "altim_in_hg": 29.86, "sea_level_pressure_mb": 1004.7, "quality_control_flags": null, "wx_string": "", "sky_condition": null, "flight_category": "VFR", "three_hr_pressure_tendency_mb": 0.0, "maxT_c": 0.0, "minT_c": 0.0, "maxT24hr_c": 0.0, "minT24hr_c": 0.0, "precip_in": 0.0, "pcp3hr_in": 0.0, "pcp6hr_in": 0.0, "pcp24hr_in": 0.0, "snow_in": 0.0, "vert_vis_ft": 0.0, "metar_type": "METAR", "elevation_m": 1205.0, "municipality": "El Paso", "continent": "NA", "iso_country": "US", "iso_region": "US-TX", "wikipedia_link": "https://en.wikipedia.org/wiki/El_Paso_International_Airport" }, "geometry": { "type": "Point", "coordinates": [ -106.3774, 31.8123 ] } },
{ "type": "Feature", "properties": { "raw_text": "METAR KEWR 280051Z 16004KT 10SM FEW200 SCT250 13/01 A3027 RMK AO2 SLP248 T01330011 $", "station_id": "KEWR", "observation_time": "2026-04-28T00:51:00.000Z", "latitude": 40.6828, "longitude": -74.1692, "temp_c": 13.3, "dewpoint_c": 1.1, "wind_dir_degrees": 160.0, "wind_speed_kt": 4.0, "wind_gust_kt": 0.0, "visibility_statute_mi": 10.0, "altim_in_hg": 30.27, "sea_level_pressure_mb": 1024.8, "quality_control_flags": null, "wx_string": "", "sky_condition": null, "flight_category": "VFR", "three_hr_pressure_tendency_mb": 0.0, "maxT_c": 0.0, "minT_c": 0.0, "maxT24hr_c": 0.0, "minT24hr_c": 0.0, "precip_in": 0.0, "pcp3hr_in": 0.0, "pcp6hr_in": 0.0, "pcp24hr_in": 0.0, "snow_in": 0.0, "vert_vis_ft": 0.0, "metar_type": "METAR", "elevation_m": 2.0, "municipality": "Newark", "continent": "NA", "iso_country": "US", "iso_region": "US-NJ", "wikipedia_link": "https://en.wikipedia.org/wiki/Newark_Liberty_International_Airport" }, "geometry": { "type": "Point", "coordinates": [ -74.1692, 40.6828 ] } },
{ "type": "Feature", "properties": { "raw_text": "METAR KFAT 280053Z 31008KT 10SM FEW040 BKN065 BKN120 20/04 A2999 RMK AO2 SLP152 T02000039", "station_id": "KFAT", "observation_time": "2026-04-28T00:53:00.000Z", "latitude": 36.78, "longitude": -119.7202, "temp_c": 20.0, "dewpoint_c": 3.9, "wind_dir_degrees": 310.0, "wind_speed_kt": 8.0, "wind_gust_kt": 0.0, "visibility_statute_mi": 10.0, "altim_in_hg": 29.99, "sea_level_pressure_mb": 1015.2, "quality_control_flags": null, "wx_string": "", "sky_condition": null, "flight_category": "VFR", "three_hr_pressure_tendency_mb": 0.0, "maxT_c": 0.0, "minT_c": 0.0, "maxT24hr_c": 0.0, "minT24hr_c": 0.0, "precip_in": 0.0, "pcp3hr_in": 0.0, "pcp6hr_in": 0.0, "pcp24hr_in": 0.0, "snow_in": 0.0, "vert_vis_ft": 0.0, "metar_type": "METAR", "elevation_m": 102.0, "municipality": "Fresno", "continent": "NA", "iso_country": "US", "iso_region": "US-CA", "wikipedia_link": "https://en.wikipedia.org/wiki/Fresno_Yosemite_International_Airport" }, "geometry": { "type": "Point", "coordinates": [ -119.7202, 36.78 ] } },
{ "type": "Feature", "properties": { "raw_text": "METAR KFLL 280053Z 04009KT 10SM FEW023 FEW090 FEW250 25/21 A3000 RMK AO2 SLP157 T02500206 $", "station_id": "KFLL", "observation_time": "2026-04-28T00:53:00.000Z", "latitude": 26.0787, "longitude": -80.1622, "temp_c": 25.0, "dewpoint_c": 20.6, "wind_dir_degrees": 40.0, "wind_speed_kt": 9.0, "wind_gust_kt": 0.0, "visibility_statute_mi": 10.0, "altim_in_hg": 30.0, "sea_level_pressure_mb": 1015.7, "quality_control_flags": null, "wx_string": "", "sky_condition": null, "flight_category": "VFR", "three_hr_pressure_tendency_mb": 0.0, "maxT_c": 0.0, "minT_c": 0.0, "maxT24hr_c": 0.0, "minT24hr_c": 0.0, "precip_in": 0.0, "pcp3hr_in": 0.0, "pcp6hr_in": 0.0, "pcp24hr_in": 0.0, "snow_in": 0.0, "vert_vis_ft": 0.0, "metar_type": "METAR", "elevation_m": 1.0, "municipality": "Fort Lauderdale", "continent": "NA", "iso_country": "US", "iso_region": "US-FL", "wikipedia_link": "https://en.wikipedia.org/wiki/Fort_Lauderdale–Hollywood_International_Airport" }, "geometry": { "type": "Point", "coordinates": [ -80.1622, 26.0787 ] } },
{ "type": "Feature", "properties": { "raw_text": "METAR KGEG 280053Z 12006KT 10SM -RA SCT050 BKN070 BKN085 BKN140 13/01 A2988 RMK AO2 RAB43 SLP122 P0000 T01280006", "station_id": "KGEG", "observation_time": "2026-04-28T00:53:00.000Z", "latitude": 47.6217, "longitude": -117.528, "temp_c": 12.8, "dewpoint_c": 0.6, "wind_dir_degrees": 120.0, "wind_speed_kt": 6.0, "wind_gust_kt": 0.0, "visibility_statute_mi": 10.0, "altim_in_hg": 29.88, "sea_level_pressure_mb": 1012.2, "quality_control_flags": null, "wx_string": "-RA", "sky_condition": null, "flight_category": "VFR", "three_hr_pressure_tendency_mb": 0.0, "maxT_c": 0.0, "minT_c": 0.0, "maxT24hr_c": 0.0, "minT24hr_c": 0.0, "precip_in": 0.005, "pcp3hr_in": 0.0, "pcp6hr_in": 0.0, "pcp24hr_in": 0.0, "snow_in": 0.0, "vert_vis_ft": 0.0, "metar_type": "METAR", "elevation_m": 718.0, "municipality": "Spokane", "continent": "NA", "iso_country": "US", "iso_region": "US-WA", "wikipedia_link": "https://en.wikipedia.org/wiki/Spokane_International_Airport" }, "geometry": { "type": "Point", "coordinates": [ -117.528, 47.6217 ] } },
{ "type": "Feature", "properties": { "raw_text": "METAR KGRR 280053Z 16013G24KT 10SM OVC065 18/13 A2967 RMK AO2 PK WND 14027/0020 SLP047 T01830133 $", "station_id": "KGRR", "observation_time": "2026-04-28T00:53:00.000Z", "latitude": 42.8821, "longitude": -85.523, "temp_c": 18.3, "dewpoint_c": 13.3, "wind_dir_degrees": 160.0, "wind_speed_kt": 13.0, "wind_gust_kt": 24.0, "visibility_statute_mi": 10.0, "altim_in_hg": 29.67, "sea_level_pressure_mb": 1004.7, "quality_control_flags": null, "wx_string": "", "sky_condition": null, "flight_category": "VFR", "three_hr_pressure_tendency_mb": 0.0, "maxT_c": 0.0, "minT_c": 0.0, "maxT24hr_c": 0.0, "minT24hr_c": 0.0, "precip_in": 0.0, "pcp3hr_in": 0.0, "pcp6hr_in": 0.0, "pcp24hr_in": 0.0, "snow_in": 0.0, "vert_vis_ft": 0.0, "metar_type": "METAR", "elevation_m": 239.0, "municipality": "Grand Rapids", "continent": "NA", "iso_country": "US", "iso_region": "US-MI", "wikipedia_link": "https://en.wikipedia.org/wiki/Gerald_R._Ford_International_Airport" }, "geometry": { "type": "Point", "coordinates": [ -85.523, 42.8821 ] } },
{ "type": "Feature", "properties": { "raw_text": "METAR KGSO 280054Z 14006KT 10SM BKN250 17/06 A3018 RMK AO2 SLP216 T01720061", "station_id": "KGSO", "observation_time": "2026-04-28T00:54:00.000Z", "latitude": 36.0969, "longitude": -79.9432, "temp_c": 17.2, "dewpoint_c": 6.1, "wind_dir_degrees": 140.0, "wind_speed_kt": 6.0, "wind_gust_kt": 0.0, "visibility_statute_mi": 10.0, "altim_in_hg": 30.18, "sea_level_pressure_mb": 1021.6, "quality_control_flags": null, "wx_string": "", "sky_condition": null, "flight_category": "VFR", "three_hr_pressure_tendency_mb": 0.0, "maxT_c": 0.0, "minT_c": 0.0, "maxT24hr_c": 0.0, "minT24hr_c": 0.0, "precip_in": 0.0, "pcp3hr_in": 0.0, "pcp6hr_in": 0.0, "pcp24hr_in": 0.0, "snow_in": 0.0, "vert_vis_ft": 0.0, "metar_type": "METAR", "elevation_m": 275.0, "municipality": "Greensboro", "continent": "NA", "iso_country": "US", "iso_region": "US-NC", "wikipedia_link": "https://en.wikipedia.org/wiki/Piedmont_Triad_International_Airport" }, "geometry": { "type": "Point", "coordinates": [ -79.9432, 36.0969 ] } },
{ "type": "Feature", "properties": { "raw_text": "METAR KHOU 280053Z 16011KT 10SM FEW017 SCT030 SCT250 27/23 A2986 RMK AO2 SLP116 T02670228", "station_id": "KHOU", "observation_time": "2026-04-28T00:53:00.000Z", "latitude": 29.6458, "longitude": -95.2821, "temp_c": 26.7, "dewpoint_c": 22.8, "wind_dir_degrees": 160.0, "wind_speed_kt": 11.0, "wind_gust_kt": 0.0, "visibility_statute_mi": 10.0, "altim_in_hg": 29.86, "sea_level_pressure_mb": 1011.6, "quality_control_flags": null, "wx_string": "", "sky_condition": null, "flight_category": "VFR", "three_hr_pressure_tendency_mb": 0.0, "maxT_c": 0.0, "minT_c": 0.0, "maxT24hr_c": 0.0, "minT24hr_c": 0.0, "precip_in": 0.0, "pcp3hr_in": 0.0, "pcp6hr_in": 0.0, "pcp24hr_in": 0.0, "snow_in": 0.0, "vert_vis_ft": 0.0, "metar_type": "METAR", "elevation_m": 13.0, "municipality": "Houston", "continent": "NA", "iso_country": "US", "iso_region": "US-TX", "wikipedia_link": "https://en.wikipedia.org/wiki/William_P._Hobby_Airport" }, "geometry": { "type": "Point", "coordinates": [ -95.2821, 29.6458 ] } },
{ "type": "Feature", "properties": { "raw_text": "METAR KIAD 280052Z 14006KT 10SM SCT250 15/07 A3021 RMK AO2 SLP228 T01500067 $", "station_id": "KIAD", "observation_time": "2026-04-28T00:52:00.000Z", "latitude": 38.9348, "longitude": -77.4473, "temp_c": 15.0, "dewpoint_c": 6.7, "wind_dir_degrees": 140.0, "wind_speed_kt": 6.0, "wind_gust_kt": 0.0, "visibility_statute_mi": 10.0, "altim_in_hg": 30.21, "sea_level_pressure_mb": 1022.8, "quality_control_flags": null, "wx_string": "", "sky_condition": null, "flight_category": "VFR", "three_hr_pressure_tendency_mb": 0.0, "maxT_c": 0.0, "minT_c": 0.0, "maxT24hr_c": 0.0, "minT24hr_c": 0.0, "precip_in": 0.0, "pcp3hr_in": 0.0, "pcp6hr_in": 0.0, "pcp24hr_in": 0.0, "snow_in": 0.0, "vert_vis_ft": 0.0, "metar_type": "METAR", "elevation_m": 90.0, "municipality": "Dulles", "continent": "NA", "iso_country": "US", "iso_region": "US-VA", "wikipedia_link": "https://en.wikipedia.org/wiki/Washington_Dulles_International_Airport" }, "geometry": { "type": "Point", "coordinates": [ -77.4473, 38.9348 ] } },
{ "type": "Feature", "properties": { "raw_text": "METAR KIAH 280053Z 15014KT 10SM FEW033 FEW180 SCT250 28/23 A2986 RMK AO2 SLP109 T02780228", "station_id": "KIAH", "observation_time": "2026-04-28T00:53:00.000Z", "latitude": 29.9844, "longitude": -95.3607, "temp_c": 27.8, "dewpoint_c": 22.8, "wind_dir_degrees": 150.0, "wind_speed_kt": 14.0, "wind_gust_kt": 0.0, "visibility_statute_mi": 10.0, "altim_in_hg": 29.86, "sea_level_pressure_mb": 1010.9, "quality_control_flags": null, "wx_string": "", "sky_condition": null, "flight_category": "VFR", "three_hr_pressure_tendency_mb": 0.0, "maxT_c": 0.0, "minT_c": 0.0, "maxT24hr_c": 0.0, "minT24hr_c": 0.0, "precip_in": 0.0, "pcp3hr_in": 0.0, "pcp6hr_in": 0.0, "pcp24hr_in": 0.0, "snow_in": 0.0, "vert_vis_ft": 0.0, "metar_type": "METAR", "elevation_m": 27.0, "municipality": "Houston", "continent": "NA", "iso_country": "US", "iso_region": "US-TX", "wikipedia_link": "https://en.wikipedia.org/wiki/George_Bush_Intercontinental_Airport" }, "geometry": { "type": "Point", "coordinates": [ -95.3607, 29.9844 ] } },
{ "type": "Feature", "properties": { "raw_text": "SPECI KIND 280112Z COR 14017G33KT 10SM -TSRA SCT040CB OVC080 18/14 A2970 RMK AO2 PK WND 13035/0058 TSB11 OCNL LTGICCG DSNT SW-NW TS DSNT SW-NW MOV NE P0000 T01780144", "station_id": "KIND", "observation_time": "2026-04-28T01:12:00.000Z", "latitude": 39.7252, "longitude": -86.2816, "temp_c": 17.8, "dewpoint_c": 14.4, "wind_dir_degrees": 140.0, "wind_speed_kt": 17.0, "wind_gust_kt": 33.0, "visibility_statute_mi": 10.0, "altim_in_hg": 29.7, "sea_level_pressure_mb": 0.0, "quality_control_flags": null, "wx_string": "-TSRA", "sky_condition": null, "flight_category": "VFR", "three_hr_pressure_tendency_mb": 0.0, "maxT_c": 0.0, "minT_c": 0.0, "maxT24hr_c": 0.0, "minT24hr_c": 0.0, "precip_in": 0.005, "pcp3hr_in": 0.0, "pcp6hr_in": 0.0, "pcp24hr_in": 0.0, "snow_in": 0.0, "vert_vis_ft": 0.0, "metar_type": "SPECI", "elevation_m": 242.0, "municipality": "Indianapolis", "continent": "NA", "iso_country": "US", "iso_region": "US-IN", "wikipedia_link": "https://en.wikipedia.org/wiki/Indianapolis_International_Airport" }, "geometry": { "type": "Point", "coordinates": [ -86.2816, 39.7252 ] } },
{ "type": "Feature", "properties": { "raw_text": "METAR KJAX 280056Z 04011KT 10SM BKN018 OVC038 19/14 A3015 RMK AO2 SLP211 T01890144 $", "station_id": "KJAX", "observation_time": "2026-04-28T00:56:00.000Z", "latitude": 30.4953, "longitude": -81.6937, "temp_c": 18.9, "dewpoint_c": 14.4, "wind_dir_degrees": 40.0, "wind_speed_kt": 11.0, "wind_gust_kt": 0.0, "visibility_statute_mi": 10.0, "altim_in_hg": 30.15, "sea_level_pressure_mb": 1021.1, "quality_control_flags": null, "wx_string": "", "sky_condition": null, "flight_category": "MVFR", "three_hr_pressure_tendency_mb": 0.0, "maxT_c": 0.0, "minT_c": 0.0, "maxT24hr_c": 0.0, "minT24hr_c": 0.0, "precip_in": 0.0, "pcp3hr_in": 0.0, "pcp6hr_in": 0.0, "pcp24hr_in": 0.0, "snow_in": 0.0, "vert_vis_ft": 0.0, "metar_type": "METAR", "elevation_m": 8.0, "municipality": "Jacksonville", "continent": "NA", "iso_country": "US", "iso_region": "US-FL", "wikipedia_link": "https://en.wikipedia.org/wiki/Jacksonville_International_Airport" }, "geometry": { "type": "Point", "coordinates": [ -81.6937, 30.4953 ] } },
{ "type": "Feature", "properties": { "raw_text": "METAR KJFK 280051Z 20006KT 10SM FEW250 09/05 A3028 RMK SLP254 T00890050", "station_id": "KJFK", "observation_time": "2026-04-28T00:51:00.000Z", "latitude": 40.6392, "longitude": -73.7639, "temp_c": 8.9, "dewpoint_c": 5.0, "wind_dir_degrees": 200.0, "wind_speed_kt": 6.0, "wind_gust_kt": 0.0, "visibility_statute_mi": 10.0, "altim_in_hg": 30.28, "sea_level_pressure_mb": 1025.4, "quality_control_flags": null, "wx_string": "", "sky_condition": null, "flight_category": "VFR", "three_hr_pressure_tendency_mb": 0.0, "maxT_c": 0.0, "minT_c": 0.0, "maxT24hr_c": 0.0, "minT24hr_c": 0.0, "precip_in": 0.0, "pcp3hr_in": 0.0, "pcp6hr_in": 0.0, "pcp24hr_in": 0.0, "snow_in": 0.0, "vert_vis_ft": 0.0, "metar_type": "METAR", "elevation_m": 3.0, "municipality": "New York", "continent": "NA", "iso_country": "US", "iso_region": "US-NY", "wikipedia_link": "https://en.wikipedia.org/wiki/John_F._Kennedy_International_Airport" }, "geometry": { "type": "Point", "coordinates": [ -73.7639, 40.6392 ] } },
{ "type": "Feature", "properties": { "raw_text": "METAR KLAS 280056Z 25014G22KT 10SM FEW100 FEW150 21/M03 A2985 RMK AO2 PK WND 24026/0030 WSHFT 0002 SLP095 T02111028", "station_id": "KLAS", "observation_time": "2026-04-28T00:56:00.000Z", "latitude": 36.0719, "longitude": -115.1634, "temp_c": 21.1, "dewpoint_c": -2.8, "wind_dir_degrees": 250.0, "wind_speed_kt": 14.0, "wind_gust_kt": 22.0, "visibility_statute_mi": 10.0, "altim_in_hg": 29.85, "sea_level_pressure_mb": 1009.5, "quality_control_flags": null, "wx_string": "", "sky_condition": null, "flight_category": "VFR", "three_hr_pressure_tendency_mb": 0.0, "maxT_c": 0.0, "minT_c": 0.0, "maxT24hr_c": 0.0, "minT24hr_c": 0.0, "precip_in": 0.0, "pcp3hr_in": 0.0, "pcp6hr_in": 0.0, "pcp24hr_in": 0.0, "snow_in": 0.0, "vert_vis_ft": 0.0, "metar_type": "METAR", "elevation_m": 662.0, "municipality": "Las Vegas", "continent": "NA", "iso_country": "US", "iso_region": "US-NV", "wikipedia_link": "https://en.wikipedia.org/wiki/Harry_Reid_International_Airport" }, "geometry": { "type": "Point", "coordinates": [ -115.1634, 36.0719 ] } },
{ "type": "Feature", "properties": { "raw_text": "METAR KLAX 280053Z 25011G16KT 10SM FEW025 FEW090 17/08 A3001 RMK AO2 SLP159 T01720083", "station_id": "KLAX", "observation_time": "2026-04-28T00:53:00.000Z", "latitude": 33.9382, "longitude": -118.3866, "temp_c": 17.2, "dewpoint_c": 8.3, "wind_dir_degrees": 250.0, "wind_speed_kt": 11.0, "wind_gust_kt": 16.0, "visibility_statute_mi": 10.0, "altim_in_hg": 30.01, "sea_level_pressure_mb": 1015.9, "quality_control_flags": null, "wx_string": "", "sky_condition": null, "flight_category": "VFR", "three_hr_pressure_tendency_mb": 0.0, "maxT_c": 0.0, "minT_c": 0.0, "maxT24hr_c": 0.0, "minT24hr_c": 0.0, "precip_in": 0.0, "pcp3hr_in": 0.0, "pcp6hr_in": 0.0, "pcp24hr_in": 0.0, "snow_in": 0.0, "vert_vis_ft": 0.0, "metar_type": "METAR", "elevation_m": 30.0, "municipality": "Los Angeles", "continent": "NA", "iso_country": "US", "iso_region": "US-CA", "wikipedia_link": "https://en.wikipedia.org/wiki/Los_Angeles_International_Airport" }, "geometry": { "type": "Point", "coordinates": [ -118.3866, 33.9382 ] } },
{ "type": "Feature", "properties": { "raw_text": "METAR KLGA 280051Z 18005KT 10SM FEW050 FEW200 SCT250 13/03 A3026 RMK AO2 SLP247 T01280028", "station_id": "KLGA", "observation_time": "2026-04-28T00:51:00.000Z", "latitude": 40.7794, "longitude": -73.8803, "temp_c": 12.8, "dewpoint_c": 2.8, "wind_dir_degrees": 180.0, "wind_speed_kt": 5.0, "wind_gust_kt": 0.0, "visibility_statute_mi": 10.0, "altim_in_hg": 30.26, "sea_level_pressure_mb": 1024.7, "quality_control_flags": null, "wx_string": "", "sky_condition": null, "flight_category": "VFR", "three_hr_pressure_tendency_mb": 0.0, "maxT_c": 0.0, "minT_c": 0.0, "maxT24hr_c": 0.0, "minT24hr_c": 0.0, "precip_in": 0.0, "pcp3hr_in": 0.0, "pcp6hr_in": 0.0, "pcp24hr_in": 0.0, "snow_in": 0.0, "vert_vis_ft": 0.0, "metar_type": "METAR", "elevation_m": 9.0, "municipality": "New York", "continent": "NA", "iso_country": "US", "iso_region": "US-NY", "wikipedia_link": "https://en.wikipedia.org/wiki/LaGuardia_Airport" }, "geometry": { "type": "Point", "coordinates": [ -73.8803, 40.7794 ] } },
{ "type": "Feature", "properties": { "raw_text": "METAR KLGB 280053Z 28010G17KT 10SM SCT045 18/06 A2999 RMK AO2 SLP156 T01830056 $", "station_id": "KLGB", "observation_time": "2026-04-28T00:53:00.000Z", "latitude": 33.8118, "longitude": -118.1472, "temp_c": 18.3, "dewpoint_c": 5.6, "wind_dir_degrees": 280.0, "wind_speed_kt": 10.0, "wind_gust_kt": 17.0, "visibility_statute_mi": 10.0, "altim_in_hg": 29.99, "sea_level_pressure_mb": 1015.6, "quality_control_flags": null, "wx_string": "", "sky_condition": null, "flight_category": "VFR", "three_hr_pressure_tendency_mb": 0.0, "maxT_c": 0.0, "minT_c": 0.0, "maxT24hr_c": 0.0, "minT24hr_c": 0.0, "precip_in": 0.0, "pcp3hr_in": 0.0, "pcp6hr_in": 0.0, "pcp24hr_in": 0.0, "snow_in": 0.0, "vert_vis_ft": 0.0, "metar_type": "METAR", "elevation_m": 10.0, "municipality": "Long Beach", "continent": "NA", "iso_country": "US", "iso_region": "US-CA", "wikipedia_link": "https://en.wikipedia.org/wiki/Long_Beach_Airport" }, "geometry": { "type": "Point", "coordinates": [ -118.1472, 33.8118 ] } },
{ "type": "Feature", "properties": { "raw_text": "METAR KMCI 280053Z 31014G23KT 10SM FEW020 BKN033 15/09 A2981 RMK AO2 SLP092 T01500089", "station_id": "KMCI", "observation_time": "2026-04-28T00:53:00.000Z", "latitude": 39.2975, "longitude": -94.7309, "temp_c": 15.0, "dewpoint_c": 8.9, "wind_dir_degrees": 310.0, "wind_speed_kt": 14.0, "wind_gust_kt": 23.0, "visibility_statute_mi": 10.0, "altim_in_hg": 29.81, "sea_level_pressure_mb": 1009.2, "quality_control_flags": null, "wx_string": "", "sky_condition": null, "flight_category": "VFR", "three_hr_pressure_tendency_mb": 0.0, "maxT_c": 0.0, "minT_c": 0.0, "maxT24hr_c": 0.0, "minT24hr_c": 0.0, "precip_in": 0.0, "pcp3hr_in": 0.0, "pcp6hr_in": 0.0, "pcp24hr_in": 0.0, "snow_in": 0.0, "vert_vis_ft": 0.0, "metar_type": "METAR", "elevation_m": 308.0, "municipality": "Kansas City", "continent": "NA", "iso_country": "US", "iso_region": "US-MO", "wikipedia_link": "https://en.wikipedia.org/wiki/Kansas_City_International_Airport" }, "geometry": { "type": "Point", "coordinates": [ -94.7309, 39.2975 ] } },
{ "type": "Feature", "properties": { "raw_text": "METAR KMCO 280053Z 03010G20KT 10SM FEW050 23/18 A3008 RMK AO2 SLP183 T02280178", "station_id": "KMCO", "observation_time": "2026-04-28T00:53:00.000Z", "latitude": 28.4182, "longitude": -81.3241, "temp_c": 22.8, "dewpoint_c": 17.8, "wind_dir_degrees": 30.0, "wind_speed_kt": 10.0, "wind_gust_kt": 20.0, "visibility_statute_mi": 10.0, "altim_in_hg": 30.08, "sea_level_pressure_mb": 1018.3, "quality_control_flags": null, "wx_string": "", "sky_condition": null, "flight_category": "VFR", "three_hr_pressure_tendency_mb": 0.0, "maxT_c": 0.0, "minT_c": 0.0, "maxT24hr_c": 0.0, "minT24hr_c": 0.0, "precip_in": 0.0, "pcp3hr_in": 0.0, "pcp6hr_in": 0.0, "pcp24hr_in": 0.0, "snow_in": 0.0, "vert_vis_ft": 0.0, "metar_type": "METAR", "elevation_m": 27.0, "municipality": "Orlando", "continent": "NA", "iso_country": "US", "iso_region": "US-FL", "wikipedia_link": "https://en.wikipedia.org/wiki/Orlando_International_Airport" }, "geometry": { "type": "Point", "coordinates": [ -81.3241, 28.4182 ] } },
{ "type": "Feature", "properties": { "raw_text": "SPECI KMDW 280139Z 12018G31KT 9SM -TSRA FEW017 BKN050CB OVC100 17/15 A2948 RMK AO2 PK WND 13031/0132 WSHFT 0119 TSB01 PRESFR FRQ LTGICCG NE TS NE MOV NE P0015 T01670150", "station_id": "KMDW", "observation_time": "2026-04-28T01:39:00.000Z", "latitude": 41.7841, "longitude": -87.7552, "temp_c": 16.7, "dewpoint_c": 15.0, "wind_dir_degrees": 120.0, "wind_speed_kt": 18.0, "wind_gust_kt": 31.0, "visibility_statute_mi": 9.0, "altim_in_hg": 29.48, "sea_level_pressure_mb": 0.0, "quality_control_flags": null, "wx_string": "-TSRA", "sky_condition": null, "flight_category": "VFR", "three_hr_pressure_tendency_mb": 0.0, "maxT_c": 0.0, "minT_c": 0.0, "maxT24hr_c": 0.0, "minT24hr_c": 0.0, "precip_in": 0.15, "pcp3hr_in": 0.0, "pcp6hr_in": 0.0, "pcp24hr_in": 0.0, "snow_in": 0.0, "vert_vis_ft": 0.0, "metar_type": "SPECI", "elevation_m": 186.0, "municipality": "Chicago", "continent": "NA", "iso_country": "US", "iso_region": "US-IL", "wikipedia_link": "https://en.wikipedia.org/wiki/Midway_International_Airport" }, "geometry": { "type": "Point", "coordinates": [ -87.7552, 41.7841 ] } },
{ "type": "Feature", "properties": { "raw_text": "METAR KMEM 280054Z 19009KT 10SM SCT075 26/21 A2983 RMK AO2 PK WND 18033/0036 LTG DSNT SE RAB33E36 SLP098 P0000 T02560211 $", "station_id": "KMEM", "observation_time": "2026-04-28T00:54:00.000Z", "latitude": 35.0564, "longitude": -89.9864, "temp_c": 25.6, "dewpoint_c": 21.1, "wind_dir_degrees": 190.0, "wind_speed_kt": 9.0, "wind_gust_kt": 0.0, "visibility_statute_mi": 10.0, "altim_in_hg": 29.83, "sea_level_pressure_mb": 1009.8, "quality_control_flags": null, "wx_string": "", "sky_condition": null, "flight_category": "VFR", "three_hr_pressure_tendency_mb": 0.0, "maxT_c": 0.0, "minT_c": 0.0, "maxT24hr_c": 0.0, "minT24hr_c": 0.0, "precip_in": 0.005, "pcp3hr_in": 0.0, "pcp6hr_in": 0.0, "pcp24hr_in": 0.0, "snow_in": 0.0, "vert_vis_ft": 0.0, "metar_type": "METAR", "elevation_m": 78.0, "municipality": "Memphis", "continent": "NA", "iso_country": "US", "iso_region": "US-TN", "wikipedia_link": "https://en.wikipedia.org/wiki/Memphis_International_Airport" }, "geometry": { "type": "Point", "coordinates": [ -89.9864, 35.0564 ] } },
{ "type": "Feature", "properties": { "raw_text": "METAR KMIA 280053Z 05009KT 10SM SCT025 26/21 A3001 RMK AO2 SLP162 T02610211 $", "station_id": "KMIA", "observation_time": "2026-04-28T00:53:00.000Z", "latitude": 25.7881, "longitude": -80.3169, "temp_c": 26.1, "dewpoint_c": 21.1, "wind_dir_degrees": 50.0, "wind_speed_kt": 9.0, "wind_gust_kt": 0.0, "visibility_statute_mi": 10.0, "altim_in_hg": 30.01, "sea_level_pressure_mb": 1016.2, "quality_control_flags": null, "wx_string": "", "sky_condition": null, "flight_category": "VFR", "three_hr_pressure_tendency_mb": 0.0, "maxT_c": 0.0, "minT_c": 0.0, "maxT24hr_c": 0.0, "minT24hr_c": 0.0, "precip_in": 0.0, "pcp3hr_in": 0.0, "pcp6hr_in": 0.0, "pcp24hr_in": 0.0, "snow_in": 0.0, "vert_vis_ft": 0.0, "metar_type": "METAR", "elevation_m": 1.0, "municipality": "Miami", "continent": "NA", "iso_country": "US", "iso_region": "US-FL", "wikipedia_link": "https://en.wikipedia.org/wiki/Miami_International_Airport" }, "geometry": { "type": "Point", "coordinates": [ -80.3169, 25.7881 ] } },
{ "type": "Feature", "properties": { "raw_text": "METAR KMKE 280052Z 17011KT 10SM FEW010 FEW029 FEW140 FEW190 BKN220 15/13 A2955 RMK AO2 SLP008 T01500128", "station_id": "KMKE", "observation_time": "2026-04-28T00:52:00.000Z", "latitude": 42.9549, "longitude": -87.9045, "temp_c": 15.0, "dewpoint_c": 12.8, "wind_dir_degrees": 170.0, "wind_speed_kt": 11.0, "wind_gust_kt": 0.0, "visibility_statute_mi": 10.0, "altim_in_hg": 29.55, "sea_level_pressure_mb": 1000.8, "quality_control_flags": null, "wx_string": "", "sky_condition": null, "flight_category": "VFR", "three_hr_pressure_tendency_mb": 0.0, "maxT_c": 0.0, "minT_c": 0.0, "maxT24hr_c": 0.0, "minT24hr_c": 0.0, "precip_in": 0.0, "pcp3hr_in": 0.0, "pcp6hr_in": 0.0, "pcp24hr_in": 0.0, "snow_in": 0.0, "vert_vis_ft": 0.0, "metar_type": "METAR", "elevation_m": 203.0, "municipality": "Milwaukee", "continent": "NA", "iso_country": "US", "iso_region": "US-WI", "wikipedia_link": "https://en.wikipedia.org/wiki/General_Mitchell_International_Airport" }, "geometry": { "type": "Point", "coordinates": [ -87.9045, 42.9549 ] } },
{ "type": "Feature", "properties": { "raw_text": "METAR KMSP 280053Z 31012KT 10SM -RA OVC010 08/07 A2957 RMK AO2 RAE12B31 SLP014 P0000 T00830072", "station_id": "KMSP", "observation_time": "2026-04-28T00:53:00.000Z", "latitude": 44.8852, "longitude": -93.2313, "temp_c": 8.3, "dewpoint_c": 7.2, "wind_dir_degrees": 310.0, "wind_speed_kt": 12.0, "wind_gust_kt": 0.0, "visibility_statute_mi": 10.0, "altim_in_hg": 29.57, "sea_level_pressure_mb": 1001.4, "quality_control_flags": null, "wx_string": "-RA", "sky_condition": null, "flight_category": "MVFR", "three_hr_pressure_tendency_mb": 0.0, "maxT_c": 0.0, "minT_c": 0.0, "maxT24hr_c": 0.0, "minT24hr_c": 0.0, "precip_in": 0.005, "pcp3hr_in": 0.0, "pcp6hr_in": 0.0, "pcp24hr_in": 0.0, "snow_in": 0.0, "vert_vis_ft": 0.0, "metar_type": "METAR", "elevation_m": 255.0, "municipality": "Minneapolis", "continent": "NA", "iso_country": "US", "iso_region": "US-MN", "wikipedia_link": "https://en.wikipedia.org/wiki/Minneapolis–Saint_Paul_International_Airport" }, "geometry": { "type": "Point", "coordinates": [ -93.2313, 44.8852 ] } },
{ "type": "Feature", "properties": { "raw_text": "METAR KMSY 280053Z 15009KT 10SM FEW025 SCT150 26/20 A2999 RMK AO2 SLP157 T02560200", "station_id": "KMSY", "observation_time": "2026-04-28T00:53:00.000Z", "latitude": 29.9974, "longitude": -90.2777, "temp_c": 25.6, "dewpoint_c": 20.0, "wind_dir_degrees": 150.0, "wind_speed_kt": 9.0, "wind_gust_kt": 0.0, "visibility_statute_mi": 10.0, "altim_in_hg": 29.99, "sea_level_pressure_mb": 1015.7, "quality_control_flags": null, "wx_string": "", "sky_condition": null, "flight_category": "VFR", "three_hr_pressure_tendency_mb": 0.0, "maxT_c": 0.0, "minT_c": 0.0, "maxT24hr_c": 0.0, "minT24hr_c": 0.0, "precip_in": 0.0, "pcp3hr_in": 0.0, "pcp6hr_in": 0.0, "pcp24hr_in": 0.0, "snow_in": 0.0, "vert_vis_ft": 0.0, "metar_type": "METAR", "elevation_m": 0.0, "municipality": "New Orleans", "continent": "NA", "iso_country": "US", "iso_region": "US-LA", "wikipedia_link": "https://en.wikipedia.org/wiki/Louis_Armstrong_New_Orleans_International_Airport" }, "geometry": { "type": "Point", "coordinates": [ -90.2777, 29.9974 ] } },
{ "type": "Feature", "properties": { "raw_text": "METAR KMYR 280053Z 11004KT 10SM SCT022 17/12 A3021 RMK AO2 SLP230 T01670122 $", "station_id": "KMYR", "observation_time": "2026-04-28T00:53:00.000Z", "latitude": 33.6769, "longitude": -78.9325, "temp_c": 16.7, "dewpoint_c": 12.2, "wind_dir_degrees": 110.0, "wind_speed_kt": 4.0, "wind_gust_kt": 0.0, "visibility_statute_mi": 10.0, "altim_in_hg": 30.21, "sea_level_pressure_mb": 1023.0, "quality_control_flags": null, "wx_string": "", "sky_condition": null, "flight_category": "VFR", "three_hr_pressure_tendency_mb": 0.0, "maxT_c": 0.0, "minT_c": 0.0, "maxT24hr_c": 0.0, "minT24hr_c": 0.0, "precip_in": 0.0, "pcp3hr_in": 0.0, "pcp6hr_in": 0.0, "pcp24hr_in": 0.0, "snow_in": 0.0, "vert_vis_ft": 0.0, "metar_type": "METAR", "elevation_m": 7.0, "municipality": "Myrtle Beach", "continent": "NA", "iso_country": "US", "iso_region": "US-SC", "wikipedia_link": "https://en.wikipedia.org/wiki/Myrtle_Beach_International_Airport" }, "geometry": { "type": "Point", "coordinates": [ -78.9325, 33.6769 ] } },
{ "type": "Feature", "properties": { "raw_text": "METAR KOAK 280053Z 25014KT 10SM FEW030 SCT140 16/08 A3006 RMK AO2 SLP177 T01610083", "station_id": "KOAK", "observation_time": "2026-04-28T00:53:00.000Z", "latitude": 37.7178, "longitude": -122.233, "temp_c": 16.1, "dewpoint_c": 8.3, "wind_dir_degrees": 250.0, "wind_speed_kt": 14.0, "wind_gust_kt": 0.0, "visibility_statute_mi": 10.0, "altim_in_hg": 30.06, "sea_level_pressure_mb": 1017.7, "quality_control_flags": null, "wx_string": "", "sky_condition": null, "flight_category": "VFR", "three_hr_pressure_tendency_mb": 0.0, "maxT_c": 0.0, "minT_c": 0.0, "maxT24hr_c": 0.0, "minT24hr_c": 0.0, "precip_in": 0.0, "pcp3hr_in": 0.0, "pcp6hr_in": 0.0, "pcp24hr_in": 0.0, "snow_in": 0.0, "vert_vis_ft": 0.0, "metar_type": "METAR", "elevation_m": 3.0, "municipality": "Oakland", "continent": "NA", "iso_country": "US", "iso_region": "US-CA", "wikipedia_link": "https://en.wikipedia.org/wiki/Oakland_International_Airport" }, "geometry": { "type": "Point", "coordinates": [ -122.233, 37.7178 ] } },
{ "type": "Feature", "properties": { "raw_text": "METAR KOKC 280052Z 04015KT 10SM CLR 25/13 A2980 RMK AO2 SLP076 T02500128", "station_id": "KOKC", "observation_time": "2026-04-28T00:52:00.000Z", "latitude": 35.3843, "longitude": -97.6003, "temp_c": 25.0, "dewpoint_c": 12.8, "wind_dir_degrees": 40.0, "wind_speed_kt": 15.0, "wind_gust_kt": 0.0, "visibility_statute_mi": 10.0, "altim_in_hg": 29.8, "sea_level_pressure_mb": 1007.6, "quality_control_flags": null, "wx_string": "", "sky_condition": null, "flight_category": "VFR", "three_hr_pressure_tendency_mb": 0.0, "maxT_c": 0.0, "minT_c": 0.0, "maxT24hr_c": 0.0, "minT24hr_c": 0.0, "precip_in": 0.0, "pcp3hr_in": 0.0, "pcp6hr_in": 0.0, "pcp24hr_in": 0.0, "snow_in": 0.0, "vert_vis_ft": 0.0, "metar_type": "METAR", "elevation_m": 391.0, "municipality": "Oklahoma City", "continent": "NA", "iso_country": "US", "iso_region": "US-OK", "wikipedia_link": "https://en.wikipedia.org/wiki/Will_Rogers_World_Airport" }, "geometry": { "type": "Point", "coordinates": [ -97.6003, 35.3843 ] } },
{ "type": "Feature", "properties": { "raw_text": "METAR KOMA 280052Z 32016G27KT 10SM BKN024 OVC032 09/05 A2985 RMK AO2 PK WND 32030/0029 SLP106 T00940050", "station_id": "KOMA", "observation_time": "2026-04-28T00:52:00.000Z", "latitude": 41.3119, "longitude": -95.9018, "temp_c": 9.4, "dewpoint_c": 5.0, "wind_dir_degrees": 320.0, "wind_speed_kt": 16.0, "wind_gust_kt": 27.0, "visibility_statute_mi": 10.0, "altim_in_hg": 29.85, "sea_level_pressure_mb": 1010.6, "quality_control_flags": null, "wx_string": "", "sky_condition": null, "flight_category": "MVFR", "three_hr_pressure_tendency_mb": 0.0, "maxT_c": 0.0, "minT_c": 0.0, "maxT24hr_c": 0.0, "minT24hr_c": 0.0, "precip_in": 0.0, "pcp3hr_in": 0.0, "pcp6hr_in": 0.0, "pcp24hr_in": 0.0, "snow_in": 0.0, "vert_vis_ft": 0.0, "metar_type": "METAR", "elevation_m": 299.0, "municipality": "Omaha", "continent": "NA", "iso_country": "US", "iso_region": "US-NE", "wikipedia_link": "https://en.wikipedia.org/wiki/Eppley_Airfield" }, "geometry": { "type": "Point", "coordinates": [ -95.9018, 41.3119 ] } },
{ "type": "Feature", "properties": { "raw_text": "METAR KONT 280053Z COR 24010KT 10SM FEW065 18/04 A2998 RMK AO2 SLP146 T01830044 $", "station_id": "KONT", "observation_time": "2026-04-28T00:53:00.000Z", "latitude": 34.0531, "longitude": -117.5769, "temp_c": 18.3, "dewpoint_c": 4.4, "wind_dir_degrees": 240.0, "wind_speed_kt": 10.0, "wind_gust_kt": 0.0, "visibility_statute_mi": 10.0, "altim_in_hg": 29.98, "sea_level_pressure_mb": 1014.6, "quality_control_flags": null, "wx_string": "", "sky_condition": null, "flight_category": "VFR", "three_hr_pressure_tendency_mb": 0.0, "maxT_c": 0.0, "minT_c": 0.0, "maxT24hr_c": 0.0, "minT24hr_c": 0.0, "precip_in": 0.0, "pcp3hr_in": 0.0, "pcp6hr_in": 0.0, "pcp24hr_in": 0.0, "snow_in": 0.0, "vert_vis_ft": 0.0, "metar_type": "METAR", "elevation_m": 279.0, "municipality": "Ontario", "continent": "NA", "iso_country": "US", "iso_region": "US-CA", "wikipedia_link": "https://en.wikipedia.org/wiki/LA/Ontario_International_Airport" }, "geometry": { "type": "Point", "coordinates": [ -117.5769, 34.0531 ] } },
{ "type": "Feature", "properties": { "raw_text": "SPECI KORD 280147Z 27013G23KT 10SM FEW012 SCT055 OVC150 17/15 A2955 RMK AO2 RAE37 TSE43 OCNL LTGIC DSNT NE-E CB DSNT NE-E MOV E P0007 $", "station_id": "KORD", "observation_time": "2026-04-28T01:47:00.000Z", "latitude": 41.9602, "longitude": -87.9316, "temp_c": 17.0, "dewpoint_c": 15.0, "wind_dir_degrees": 270.0, "wind_speed_kt": 13.0, "wind_gust_kt": 23.0, "visibility_statute_mi": 10.0, "altim_in_hg": 29.55, "sea_level_pressure_mb": 0.0, "quality_control_flags": null, "wx_string": "", "sky_condition": null, "flight_category": "VFR", "three_hr_pressure_tendency_mb": 0.0, "maxT_c": 0.0, "minT_c": 0.0, "maxT24hr_c": 0.0, "minT24hr_c": 0.0, "precip_in": 0.07, "pcp3hr_in": 0.0, "pcp6hr_in": 0.0, "pcp24hr_in": 0.0, "snow_in": 0.0, "vert_vis_ft": 0.0, "metar_type": "SPECI", "elevation_m": 202.0, "municipality": "Chicago", "continent": "NA", "iso_country": "US", "iso_region": "US-IL", "wikipedia_link": "https://en.wikipedia.org/wiki/O'Hare_International_Airport" }, "geometry": { "type": "Point", "coordinates": [ -87.9316, 41.9602 ] } },
{ "type": "Feature", "properties": { "raw_text": "METAR KORF 280051Z AUTO 09003KT 10SM CLR 12/04 A3025 RMK AO2 SLP243 T01170044", "station_id": "KORF", "observation_time": "2026-04-28T00:51:00.000Z", "latitude": 36.9037, "longitude": -76.1927, "temp_c": 11.7, "dewpoint_c": 4.4, "wind_dir_degrees": 90.0, "wind_speed_kt": 3.0, "wind_gust_kt": 0.0, "visibility_statute_mi": 10.0, "altim_in_hg": 30.25, "sea_level_pressure_mb": 1024.3, "quality_control_flags": null, "wx_string": "", "sky_condition": null, "flight_category": "VFR", "three_hr_pressure_tendency_mb": 0.0, "maxT_c": 0.0, "minT_c": 0.0, "maxT24hr_c": 0.0, "minT24hr_c": 0.0, "precip_in": 0.0, "pcp3hr_in": 0.0, "pcp6hr_in": 0.0, "pcp24hr_in": 0.0, "snow_in": 0.0, "vert_vis_ft": 0.0, "metar_type": "METAR", "elevation_m": 5.0, "municipality": "Norfolk", "continent": "NA", "iso_country": "US", "iso_region": "US-VA", "wikipedia_link": "https://en.wikipedia.org/wiki/Norfolk_International_Airport" }, "geometry": { "type": "Point", "coordinates": [ -76.1927, 36.9037 ] } },
{ "type": "Feature", "properties": { "raw_text": "METAR KPBI 280053Z 03009KT 10SM FEW022 SCT037 SCT060 26/20 A3003 RMK AO2 RAB12E21 SLP169 P0000 T02560200 $", "station_id": "KPBI", "observation_time": "2026-04-28T00:53:00.000Z", "latitude": 26.6851, "longitude": -80.0992, "temp_c": 25.6, "dewpoint_c": 20.0, "wind_dir_degrees": 30.0, "wind_speed_kt": 9.0, "wind_gust_kt": 0.0, "visibility_statute_mi": 10.0, "altim_in_hg": 30.03, "sea_level_pressure_mb": 1016.9, "quality_control_flags": null, "wx_string": "", "sky_condition": null, "flight_category": "VFR", "three_hr_pressure_tendency_mb": 0.0, "maxT_c": 0.0, "minT_c": 0.0, "maxT24hr_c": 0.0, "minT24hr_c": 0.0, "precip_in": 0.005, "pcp3hr_in": 0.0, "pcp6hr_in": 0.0, "pcp24hr_in": 0.0, "snow_in": 0.0, "vert_vis_ft": 0.0, "metar_type": "METAR", "elevation_m": 4.0, "municipality": "West Palm Beach", "continent": "NA", "iso_country": "US", "iso_region": "US-FL", "wikipedia_link": "https://en.wikipedia.org/wiki/Palm_Beach_International_Airport" }, "geometry": { "type": "Point", "coordinates": [ -80.0992, 26.6851 ] } },
{ "type": "Feature", "properties": { "raw_text": "METAR KPDX 280053Z 20003KT 10SM SCT036 OVC050 14/06 A3009 RMK AO2 SLP188 T01440061 $", "station_id": "KPDX", "observation_time": "2026-04-28T00:53:00.000Z", "latitude": 45.5958, "longitude": -122.6092, "temp_c": 14.4, "dewpoint_c": 6.1, "wind_dir_degrees": 200.0, "wind_speed_kt": 3.0, "wind_gust_kt": 0.0, "visibility_statute_mi": 10.0, "altim_in_hg": 30.09, "sea_level_pressure_mb": 1018.8, "quality_control_flags": null, "wx_string": "", "sky_condition": null, "flight_category": "VFR", "three_hr_pressure_tendency_mb": 0.0, "maxT_c": 0.0, "minT_c": 0.0, "maxT24hr_c": 0.0, "minT24hr_c": 0.0, "precip_in": 0.0, "pcp3hr_in": 0.0, "pcp6hr_in": 0.0, "pcp24hr_in": 0.0, "snow_in": 0.0, "vert_vis_ft": 0.0, "metar_type": "METAR", "elevation_m": 7.0, "municipality": "Portland", "continent": "NA", "iso_country": "US", "iso_region": "US-OR", "wikipedia_link": "https://en.wikipedia.org/wiki/Portland_International_Airport" }, "geometry": { "type": "Point", "coordinates": [ -122.6092, 45.5958 ] } },
{ "type": "Feature", "properties": { "raw_text": "METAR KPHL 280054Z 15005KT 10SM BKN300 16/04 A3026 RMK AO2 SLP245 T01560044 $", "station_id": "KPHL", "observation_time": "2026-04-28T00:54:00.000Z", "latitude": 39.8733, "longitude": -75.2268, "temp_c": 15.6, "dewpoint_c": 4.4, "wind_dir_degrees": 150.0, "wind_speed_kt": 5.0, "wind_gust_kt": 0.0, "visibility_statute_mi": 10.0, "altim_in_hg": 30.26, "sea_level_pressure_mb": 1024.5, "quality_control_flags": null, "wx_string": "", "sky_condition": null, "flight_category": "VFR", "three_hr_pressure_tendency_mb": 0.0, "maxT_c": 0.0, "minT_c": 0.0, "maxT24hr_c": 0.0, "minT24hr_c": 0.0, "precip_in": 0.0, "pcp3hr_in": 0.0, "pcp6hr_in": 0.0, "pcp24hr_in": 0.0, "snow_in": 0.0, "vert_vis_ft": 0.0, "metar_type": "METAR", "elevation_m": 2.0, "municipality": "Philadelphia", "continent": "NA", "iso_country": "US", "iso_region": "US-PA", "wikipedia_link": "https://en.wikipedia.org/wiki/Philadelphia_International_Airport" }, "geometry": { "type": "Point", "coordinates": [ -75.2268, 39.8733 ] } },
{ "type": "Feature", "properties": { "raw_text": "METAR KPHX 280051Z 27014G21KT 10SM CLR 27/M03 A2982 RMK AO2 SLP086 T02671028", "station_id": "KPHX", "observation_time": "2026-04-28T00:51:00.000Z", "latitude": 33.4278, "longitude": -112.0037, "temp_c": 26.7, "dewpoint_c": -2.8, "wind_dir_degrees": 270.0, "wind_speed_kt": 14.0, "wind_gust_kt": 21.0, "visibility_statute_mi": 10.0, "altim_in_hg": 29.82, "sea_level_pressure_mb": 1008.6, "quality_control_flags": null, "wx_string": "", "sky_condition": null, "flight_category": "VFR", "three_hr_pressure_tendency_mb": 0.0, "maxT_c": 0.0, "minT_c": 0.0, "maxT24hr_c": 0.0, "minT24hr_c": 0.0, "precip_in": 0.0, "pcp3hr_in": 0.0, "pcp6hr_in": 0.0, "pcp24hr_in": 0.0, "snow_in": 0.0, "vert_vis_ft": 0.0, "metar_type": "METAR", "elevation_m": 338.0, "municipality": "Phoenix", "continent": "NA", "iso_country": "US", "iso_region": "US-AZ", "wikipedia_link": "https://en.wikipedia.org/wiki/Phoenix_Sky_Harbor_International_Airport" }, "geometry": { "type": "Point", "coordinates": [ -112.0037, 33.4278 ] } },
{ "type": "Feature", "properties": { "raw_text": "METAR KPIE 280053Z 07016G23KT 10SM CLR 27/21 A3003 RMK AO2 SLP170 T02670206", "station_id": "KPIE", "observation_time": "2026-04-28T00:53:00.000Z", "latitude": 27.9126, "longitude": -82.6856, "temp_c": 26.7, "dewpoint_c": 20.6, "wind_dir_degrees": 70.0, "wind_speed_kt": 16.0, "wind_gust_kt": 23.0, "visibility_statute_mi": 10.0, "altim_in_hg": 30.03, "sea_level_pressure_mb": 1017.0, "quality_control_flags": null, "wx_string": "", "sky_condition": null, "flight_category": "VFR", "three_hr_pressure_tendency_mb": 0.0, "maxT_c": 0.0, "minT_c": 0.0, "maxT24hr_c": 0.0, "minT24hr_c": 0.0, "precip_in": 0.0, "pcp3hr_in": 0.0, "pcp6hr_in": 0.0, "pcp24hr_in": 0.0, "snow_in": 0.0, "vert_vis_ft": 0.0, "metar_type": "METAR", "elevation_m": 1.0, "municipality": "Pinellas Park", "continent": "NA", "iso_country": "US", "iso_region": "US-FL", "wikipedia_link": "https://en.wikipedia.org/wiki/St._Petersburg-Clearwater_International_Airport" }, "geometry": { "type": "Point", "coordinates": [ -82.6856, 27.9126 ] } },
{ "type": "Feature", "properties": { "raw_text": "METAR KPIT 280051Z 12013KT 10SM OVC180 19/03 A3003 RMK AO2 SLP174 T01940033", "station_id": "KPIT", "observation_time": "2026-04-28T00:51:00.000Z", "latitude": 40.4814, "longitude": -80.2083, "temp_c": 19.4, "dewpoint_c": 3.3, "wind_dir_degrees": 120.0, "wind_speed_kt": 13.0, "wind_gust_kt": 0.0, "visibility_statute_mi": 10.0, "altim_in_hg": 30.03, "sea_level_pressure_mb": 1017.4, "quality_control_flags": null, "wx_string": "", "sky_condition": null, "flight_category": "VFR", "three_hr_pressure_tendency_mb": 0.0, "maxT_c": 0.0, "minT_c": 0.0, "maxT24hr_c": 0.0, "minT24hr_c": 0.0, "precip_in": 0.0, "pcp3hr_in": 0.0, "pcp6hr_in": 0.0, "pcp24hr_in": 0.0, "snow_in": 0.0, "vert_vis_ft": 0.0, "metar_type": "METAR", "elevation_m": 339.0, "municipality": "Pittsburgh", "continent": "NA", "iso_country": "US", "iso_region": "US-PA", "wikipedia_link": "https://en.wikipedia.org/wiki/Pittsburgh_International_Airport" }, "geometry": { "type": "Point", "coordinates": [ -80.2083, 40.4814 ] } },
{ "type": "Feature", "properties": { "raw_text": "METAR KPNS 280053Z 17009KT 10SM FEW011 23/21 A3005 RMK AO2 SLP176 T02280206", "station_id": "KPNS", "observation_time": "2026-04-28T00:53:00.000Z", "latitude": 30.478, "longitude": -87.1869, "temp_c": 22.8, "dewpoint_c": 20.6, "wind_dir_degrees": 170.0, "wind_speed_kt": 9.0, "wind_gust_kt": 0.0, "visibility_statute_mi": 10.0, "altim_in_hg": 30.05, "sea_level_pressure_mb": 1017.6, "quality_control_flags": null, "wx_string": "", "sky_condition": null, "flight_category": "VFR", "three_hr_pressure_tendency_mb": 0.0, "maxT_c": 0.0, "minT_c": 0.0, "maxT24hr_c": 0.0, "minT24hr_c": 0.0, "precip_in": 0.0, "pcp3hr_in": 0.0, "pcp6hr_in": 0.0, "pcp24hr_in": 0.0, "snow_in": 0.0, "vert_vis_ft": 0.0, "metar_type": "METAR", "elevation_m": 34.0, "municipality": "Pensacola", "continent": "NA", "iso_country": "US", "iso_region": "US-FL", "wikipedia_link": "https://en.wikipedia.org/wiki/Pensacola_Regional_Airport" }, "geometry": { "type": "Point", "coordinates": [ -87.1869, 30.478 ] } },
{ "type": "Feature", "properties": { "raw_text": "METAR KPSP 280053Z 33015G22KT 10SM CLR 23/02 A2987 RMK AO2 SLP114 T02330022", "station_id": "KPSP", "observation_time": "2026-04-28T00:53:00.000Z", "latitude": 33.8222, "longitude": -116.5043, "temp_c": 23.3, "dewpoint_c": 2.2, "wind_dir_degrees": 330.0, "wind_speed_kt": 15.0, "wind_gust_kt": 22.0, "visibility_statute_mi": 10.0, "altim_in_hg": 29.87, "sea_level_pressure_mb": 1011.4, "quality_control_flags": null, "wx_string": "", "sky_condition": null, "flight_category": "VFR", "three_hr_pressure_tendency_mb": 0.0, "maxT_c": 0.0, "minT_c": 0.0, "maxT24hr_c": 0.0, "minT24hr_c": 0.0, "precip_in": 0.0, "pcp3hr_in": 0.0, "pcp6hr_in": 0.0, "pcp24hr_in": 0.0, "snow_in": 0.0, "vert_vis_ft": 0.0, "metar_type": "METAR", "elevation_m": 123.0, "municipality": "Palm Springs", "continent": "NA", "iso_country": "US", "iso_region": "US-CA", "wikipedia_link": "https://en.wikipedia.org/wiki/Palm_Springs_International_Airport" }, "geometry": { "type": "Point", "coordinates": [ -116.5043, 33.8222 ] } },
{ "type": "Feature", "properties": { "raw_text": "METAR KPVD 280051Z 09004KT 10SM CLR 13/02 A3026 RMK AO2 SLP246 T01280017", "station_id": "KPVD", "observation_time": "2026-04-28T00:51:00.000Z", "latitude": 41.7225, "longitude": -71.4325, "temp_c": 12.8, "dewpoint_c": 1.7, "wind_dir_degrees": 90.0, "wind_speed_kt": 4.0, "wind_gust_kt": 0.0, "visibility_statute_mi": 10.0, "altim_in_hg": 30.26, "sea_level_pressure_mb": 1024.6, "quality_control_flags": null, "wx_string": "", "sky_condition": null, "flight_category": "VFR", "three_hr_pressure_tendency_mb": 0.0, "maxT_c": 0.0, "minT_c": 0.0, "maxT24hr_c": 0.0, "minT24hr_c": 0.0, "precip_in": 0.0, "pcp3hr_in": 0.0, "pcp6hr_in": 0.0, "pcp24hr_in": 0.0, "snow_in": 0.0, "vert_vis_ft": 0.0, "metar_type": "METAR", "elevation_m": 15.0, "municipality": "Providence/Warwick", "continent": "NA", "iso_country": "US", "iso_region": "US-RI", "wikipedia_link": "https://en.wikipedia.org/wiki/T._F._Green_Airport" }, "geometry": { "type": "Point", "coordinates": [ -71.4325, 41.7225 ] } },
{ "type": "Feature", "properties": { "raw_text": "METAR KPWM 280051Z 15006KT 10SM CLR 10/03 A3026 RMK AO2 SLP247 T01000028", "station_id": "KPWM", "observation_time": "2026-04-28T00:51:00.000Z", "latitude": 43.6424, "longitude": -70.3044, "temp_c": 10.0, "dewpoint_c": 2.8, "wind_dir_degrees": 150.0, "wind_speed_kt": 6.0, "wind_gust_kt": 0.0, "visibility_statute_mi": 10.0, "altim_in_hg": 30.26, "sea_level_pressure_mb": 1024.7, "quality_control_flags": null, "wx_string": "", "sky_condition": null, "flight_category": "VFR", "three_hr_pressure_tendency_mb": 0.0, "maxT_c": 0.0, "minT_c": 0.0, "maxT24hr_c": 0.0, "minT24hr_c": 0.0, "precip_in": 0.0, "pcp3hr_in": 0.0, "pcp6hr_in": 0.0, "pcp24hr_in": 0.0, "snow_in": 0.0, "vert_vis_ft": 0.0, "metar_type": "METAR", "elevation_m": 15.0, "municipality": "Portland", "continent": "NA", "iso_country": "US", "iso_region": "US-ME", "wikipedia_link": "https://en.wikipedia.org/wiki/Portland_International_Jetport" }, "geometry": { "type": "Point", "coordinates": [ -70.3044, 43.6424 ] } },
{ "type": "Feature", "properties": { "raw_text": "METAR KRDU 280051Z 12004KT 10SM FEW250 16/08 A3021 RMK AO2 SLP228 T01560078", "station_id": "KRDU", "observation_time": "2026-04-28T00:51:00.000Z", "latitude": 35.8923, "longitude": -78.782, "temp_c": 15.6, "dewpoint_c": 7.8, "wind_dir_degrees": 120.0, "wind_speed_kt": 4.0, "wind_gust_kt": 0.0, "visibility_statute_mi": 10.0, "altim_in_hg": 30.21, "sea_level_pressure_mb": 1022.8, "quality_control_flags": null, "wx_string": "", "sky_condition": null, "flight_category": "VFR", "three_hr_pressure_tendency_mb": 0.0, "maxT_c": 0.0, "minT_c": 0.0, "maxT24hr_c": 0.0, "minT24hr_c": 0.0, "precip_in": 0.0, "pcp3hr_in": 0.0, "pcp6hr_in": 0.0, "pcp24hr_in": 0.0, "snow_in": 0.0, "vert_vis_ft": 0.0, "metar_type": "METAR", "elevation_m": 121.0, "municipality": "Raleigh/Durham", "continent": "NA", "iso_country": "US", "iso_region": "US-NC", "wikipedia_link": "https://en.wikipedia.org/wiki/Raleigh-Durham_International_Airport" }, "geometry": { "type": "Point", "coordinates": [ -78.782, 35.8923 ] } },
{ "type": "Feature", "properties": { "raw_text": "METAR KRIC 280054Z 13005KT 10SM BKN300 13/05 A3023 RMK AO2 SLP242 T01280050", "station_id": "KRIC", "observation_time": "2026-04-28T00:54:00.000Z", "latitude": 37.5115, "longitude": -77.3234, "temp_c": 12.8, "dewpoint_c": 5.0, "wind_dir_degrees": 130.0, "wind_speed_kt": 5.0, "wind_gust_kt": 0.0, "visibility_statute_mi": 10.0, "altim_in_hg": 30.23, "sea_level_pressure_mb": 1024.2, "quality_control_flags": null, "wx_string": "", "sky_condition": null, "flight_category": "VFR", "three_hr_pressure_tendency_mb": 0.0, "maxT_c": 0.0, "minT_c": 0.0, "maxT24hr_c": 0.0, "minT24hr_c": 0.0, "precip_in": 0.0, "pcp3hr_in": 0.0, "pcp6hr_in": 0.0, "pcp24hr_in": 0.0, "snow_in": 0.0, "vert_vis_ft": 0.0, "metar_type": "METAR", "elevation_m": 51.0, "municipality": "Richmond", "continent": "NA", "iso_country": "US", "iso_region": "US-VA", "wikipedia_link": "https://en.wikipedia.org/wiki/Richmond_International_Airport" }, "geometry": { "type": "Point", "coordinates": [ -77.3234, 37.5115 ] } },
{ "type": "Feature", "properties": { "raw_text": "METAR KRNO 280055Z 28016G21KT 10SM -RA BKN070 BKN110 13/M02 A2997 RMK AO2 RAB46 SLP135 P0000 T01281022", "station_id": "KRNO", "observation_time": "2026-04-28T00:55:00.000Z", "latitude": 39.5077, "longitude": -119.7683, "temp_c": 12.8, "dewpoint_c": -2.2, "wind_dir_degrees": 280.0, "wind_speed_kt": 16.0, "wind_gust_kt": 21.0, "visibility_statute_mi": 10.0, "altim_in_hg": 29.97, "sea_level_pressure_mb": 1013.5, "quality_control_flags": null, "wx_string": "-RA", "sky_condition": null, "flight_category": "VFR", "three_hr_pressure_tendency_mb": 0.0, "maxT_c": 0.0, "minT_c": 0.0, "maxT24hr_c": 0.0, "minT24hr_c": 0.0, "precip_in": 0.005, "pcp3hr_in": 0.0, "pcp6hr_in": 0.0, "pcp24hr_in": 0.0, "snow_in": 0.0, "vert_vis_ft": 0.0, "metar_type": "METAR", "elevation_m": 1344.0, "municipality": "Reno", "continent": "NA", "iso_country": "US", "iso_region": "US-NV", "wikipedia_link": "https://en.wikipedia.org/wiki/Reno-Tahoe_International_Airport" }, "geometry": { "type": "Point", "coordinates": [ -119.7683, 39.5077 ] } },
{ "type": "Feature", "properties": { "raw_text": "METAR KROC 280054Z 13009KT 10SM FEW150 FEW200 BKN250 18/02 A3007 RMK AO2 SLP187 T01780022", "station_id": "KROC", "observation_time": "2026-04-28T00:54:00.000Z", "latitude": 43.1172, "longitude": -77.6754, "temp_c": 17.8, "dewpoint_c": 2.2, "wind_dir_degrees": 130.0, "wind_speed_kt": 9.0, "wind_gust_kt": 0.0, "visibility_statute_mi": 10.0, "altim_in_hg": 30.07, "sea_level_pressure_mb": 1018.7, "quality_control_flags": null, "wx_string": "", "sky_condition": null, "flight_category": "VFR", "three_hr_pressure_tendency_mb": 0.0, "maxT_c": 0.0, "minT_c": 0.0, "maxT24hr_c": 0.0, "minT24hr_c": 0.0, "precip_in": 0.0, "pcp3hr_in": 0.0, "pcp6hr_in": 0.0, "pcp24hr_in": 0.0, "snow_in": 0.0, "vert_vis_ft": 0.0, "metar_type": "METAR", "elevation_m": 166.0, "municipality": "Rochester", "continent": "NA", "iso_country": "US", "iso_region": "US-NY", "wikipedia_link": "https://en.wikipedia.org/wiki/Greater_Rochester_International_Airport" }, "geometry": { "type": "Point", "coordinates": [ -77.6754, 43.1172 ] } },
{ "type": "Feature", "properties": { "raw_text": "METAR KRSW 280053Z 06010KT 10SM CLR 26/21 A3002 RMK AO2 SLP162 T02610206", "station_id": "KRSW", "observation_time": "2026-04-28T00:53:00.000Z", "latitude": 26.538, "longitude": -81.7567, "temp_c": 26.1, "dewpoint_c": 20.6, "wind_dir_degrees": 60.0, "wind_speed_kt": 10.0, "wind_gust_kt": 0.0, "visibility_statute_mi": 10.0, "altim_in_hg": 30.02, "sea_level_pressure_mb": 1016.2, "quality_control_flags": null, "wx_string": "", "sky_condition": null, "flight_category": "VFR", "three_hr_pressure_tendency_mb": 0.0, "maxT_c": 0.0, "minT_c": 0.0, "maxT24hr_c": 0.0, "minT24hr_c": 0.0, "precip_in": 0.0, "pcp3hr_in": 0.0, "pcp6hr_in": 0.0, "pcp24hr_in": 0.0, "snow_in": 0.0, "vert_vis_ft": 0.0, "metar_type": "METAR", "elevation_m": 8.0, "municipality": "Fort Myers", "continent": "NA", "iso_country": "US", "iso_region": "US-FL", "wikipedia_link": "https://en.wikipedia.org/wiki/Southwest_Florida_International_Airport" }, "geometry": { "type": "Point", "coordinates": [ -81.7567, 26.538 ] } },
{ "type": "Feature", "properties": { "raw_text": "METAR KSAN 280051Z 30010G17KT 10SM FEW060 18/07 A3002 RMK AO2 SLP165 T01830072", "station_id": "KSAN", "observation_time": "2026-04-28T00:51:00.000Z", "latitude": 32.7364, "longitude": -117.1973, "temp_c": 18.3, "dewpoint_c": 7.2, "wind_dir_degrees": 300.0, "wind_speed_kt": 10.0, "wind_gust_kt": 17.0, "visibility_statute_mi": 10.0, "altim_in_hg": 30.02, "sea_level_pressure_mb": 1016.5, "quality_control_flags": null, "wx_string": "", "sky_condition": null, "flight_category": "VFR", "three_hr_pressure_tendency_mb": 0.0, "maxT_c": 0.0, "minT_c": 0.0, "maxT24hr_c": 0.0, "minT24hr_c": 0.0, "precip_in": 0.0, "pcp3hr_in": 0.0, "pcp6hr_in": 0.0, "pcp24hr_in": 0.0, "snow_in": 0.0, "vert_vis_ft": 0.0, "metar_type": "METAR", "elevation_m": 3.0, "municipality": "San Diego", "continent": "NA", "iso_country": "US", "iso_region": "US-CA", "wikipedia_link": "https://en.wikipedia.org/wiki/San_Diego_International_Airport" }, "geometry": { "type": "Point", "coordinates": [ -117.1973, 32.7364 ] } },
{ "type": "Feature", "properties": { "raw_text": "METAR KSAT 280051Z 12015G19KT 7SM SCT036 BKN045 BKN250 29/23 A2979 RMK AO2 SLP068 T02940228", "station_id": "KSAT", "observation_time": "2026-04-28T00:51:00.000Z", "latitude": 29.5443, "longitude": -98.4839, "temp_c": 29.4, "dewpoint_c": 22.8, "wind_dir_degrees": 120.0, "wind_speed_kt": 15.0, "wind_gust_kt": 19.0, "visibility_statute_mi": 7.0, "altim_in_hg": 29.79, "sea_level_pressure_mb": 1006.8, "quality_control_flags": null, "wx_string": "", "sky_condition": null, "flight_category": "VFR", "three_hr_pressure_tendency_mb": 0.0, "maxT_c": 0.0, "minT_c": 0.0, "maxT24hr_c": 0.0, "minT24hr_c": 0.0, "precip_in": 0.0, "pcp3hr_in": 0.0, "pcp6hr_in": 0.0, "pcp24hr_in": 0.0, "snow_in": 0.0, "vert_vis_ft": 0.0, "metar_type": "METAR", "elevation_m": 246.0, "municipality": "San Antonio", "continent": "NA", "iso_country": "US", "iso_region": "US-TX", "wikipedia_link": "https://en.wikipedia.org/wiki/San_Antonio_International_Airport" }, "geometry": { "type": "Point", "coordinates": [ -98.4839, 29.5443 ] } },
{ "type": "Feature", "properties": { "raw_text": "METAR KSAV 280053Z 08005KT 10SM OVC025 17/11 A3018 RMK AO2 SLP220 T01670111", "station_id": "KSAV", "observation_time": "2026-04-28T00:53:00.000Z", "latitude": 32.1313, "longitude": -81.2023, "temp_c": 16.7, "dewpoint_c": 11.1, "wind_dir_degrees": 80.0, "wind_speed_kt": 5.0, "wind_gust_kt": 0.0, "visibility_statute_mi": 10.0, "altim_in_hg": 30.18, "sea_level_pressure_mb": 1022.0, "quality_control_flags": null, "wx_string": "", "sky_condition": null, "flight_category": "MVFR", "three_hr_pressure_tendency_mb": 0.0, "maxT_c": 0.0, "minT_c": 0.0, "maxT24hr_c": 0.0, "minT24hr_c": 0.0, "precip_in": 0.0, "pcp3hr_in": 0.0, "pcp6hr_in": 0.0, "pcp24hr_in": 0.0, "snow_in": 0.0, "vert_vis_ft": 0.0, "metar_type": "METAR", "elevation_m": 10.0, "municipality": "Savannah", "continent": "NA", "iso_country": "US", "iso_region": "US-GA", "wikipedia_link": "https://en.wikipedia.org/wiki/Savannah/Hilton_Head_International_Airport" }, "geometry": { "type": "Point", "coordinates": [ -81.2023, 32.1313 ] } },
{ "type": "Feature", "properties": { "raw_text": "METAR KSBD 280056Z 25007KT 10SM SCT060 19/00 A2998", "station_id": "KSBD", "observation_time": "2026-04-28T00:56:00.000Z", "latitude": 34.09, "longitude": -117.247, "temp_c": 19.0, "dewpoint_c": 0.0, "wind_dir_degrees": 250.0, "wind_speed_kt": 7.0, "wind_gust_kt": 0.0, "visibility_statute_mi": 10.0, "altim_in_hg": 29.98, "sea_level_pressure_mb": 0.0, "quality_control_flags": null, "wx_string": "", "sky_condition": null, "flight_category": "VFR", "three_hr_pressure_tendency_mb": 0.0, "maxT_c": 0.0, "minT_c": 0.0, "maxT24hr_c": 0.0, "minT24hr_c": 0.0, "precip_in": 0.0, "pcp3hr_in": 0.0, "pcp6hr_in": 0.0, "pcp24hr_in": 0.0, "snow_in": 0.0, "vert_vis_ft": 0.0, "metar_type": "METAR", "elevation_m": 353.0, "municipality": "San Bernardino", "continent": "NA", "iso_country": "US", "iso_region": "US-CA", "wikipedia_link": "https://en.wikipedia.org/wiki/San_Bernardino_International_Airport" }, "geometry": { "type": "Point", "coordinates": [ -117.247, 34.09 ] } },
{ "type": "Feature", "properties": { "raw_text": "SPECI KSDF 280141Z 09013G22KT 10SM -RA FEW008 BKN075 OVC090 18/17 A2985 RMK AO2 PK WND 35028/0057 WSHFT 0053 TSE41 OCNL LTGIC DSNT NE-SE TS MOV NE CB DSNT NE-SE P0066 T01780167", "station_id": "KSDF", "observation_time": "2026-04-28T01:41:00.000Z", "latitude": 38.1774, "longitude": -85.7308, "temp_c": 17.8, "dewpoint_c": 16.7, "wind_dir_degrees": 90.0, "wind_speed_kt": 13.0, "wind_gust_kt": 22.0, "visibility_statute_mi": 10.0, "altim_in_hg": 29.85, "sea_level_pressure_mb": 0.0, "quality_control_flags": null, "wx_string": "-RA", "sky_condition": null, "flight_category": "VFR", "three_hr_pressure_tendency_mb": 0.0, "maxT_c": 0.0, "minT_c": 0.0, "maxT24hr_c": 0.0, "minT24hr_c": 0.0, "precip_in": 0.66, "pcp3hr_in": 0.0, "pcp6hr_in": 0.0, "pcp24hr_in": 0.0, "snow_in": 0.0, "vert_vis_ft": 0.0, "metar_type": "SPECI", "elevation_m": 146.0, "municipality": "Louisville", "continent": "NA", "iso_country": "US", "iso_region": "US-KY", "wikipedia_link": "https://en.wikipedia.org/wiki/Louisville_International_Airport" }, "geometry": { "type": "Point", "coordinates": [ -85.7308, 38.1774 ] } },
{ "type": "Feature", "properties": { "raw_text": "METAR KSEA 280053Z 20008KT 10SM BKN032 BKN043 13/07 A3005 RMK AO2 SLP182 T01280072", "station_id": "KSEA", "observation_time": "2026-04-28T00:53:00.000Z", "latitude": 47.4447, "longitude": -122.3144, "temp_c": 12.8, "dewpoint_c": 7.2, "wind_dir_degrees": 200.0, "wind_speed_kt": 8.0, "wind_gust_kt": 0.0, "visibility_statute_mi": 10.0, "altim_in_hg": 30.05, "sea_level_pressure_mb": 1018.2, "quality_control_flags": null, "wx_string": "", "sky_condition": null, "flight_category": "VFR", "three_hr_pressure_tendency_mb": 0.0, "maxT_c": 0.0, "minT_c": 0.0, "maxT24hr_c": 0.0, "minT24hr_c": 0.0, "precip_in": 0.0, "pcp3hr_in": 0.0, "pcp6hr_in": 0.0, "pcp24hr_in": 0.0, "snow_in": 0.0, "vert_vis_ft": 0.0, "metar_type": "METAR", "elevation_m": 115.0, "municipality": "Seattle", "continent": "NA", "iso_country": "US", "iso_region": "US-WA", "wikipedia_link": "https://en.wikipedia.org/wiki/Seattle%E2%80%93Tacoma_International_Airport" }, "geometry": { "type": "Point", "coordinates": [ -122.3144, 47.4447 ] } },
{ "type": "Feature", "properties": { "raw_text": "METAR KSFB 280053Z 01008KT 10SM CLR 21/18 A3009 RMK AO2 SLP187 T02110178", "station_id": "KSFB", "observation_time": "2026-04-28T00:53:00.000Z", "latitude": 28.7795, "longitude": -81.2435, "temp_c": 21.1, "dewpoint_c": 17.8, "wind_dir_degrees": 10.0, "wind_speed_kt": 8.0, "wind_gust_kt": 0.0, "visibility_statute_mi": 10.0, "altim_in_hg": 30.09, "sea_level_pressure_mb": 1018.7, "quality_control_flags": null, "wx_string": "", "sky_condition": null, "flight_category": "VFR", "three_hr_pressure_tendency_mb": 0.0, "maxT_c": 0.0, "minT_c": 0.0, "maxT24hr_c": 0.0, "minT24hr_c": 0.0, "precip_in": 0.0, "pcp3hr_in": 0.0, "pcp6hr_in": 0.0, "pcp24hr_in": 0.0, "snow_in": 0.0, "vert_vis_ft": 0.0, "metar_type": "METAR", "elevation_m": 16.0, "municipality": "Orlando", "continent": "NA", "iso_country": "US", "iso_region": "US-FL", "wikipedia_link": "https://en.wikipedia.org/wiki/Orlando_Sanford_International_Airport" }, "geometry": { "type": "Point", "coordinates": [ -81.2435, 28.7795 ] } },
{ "type": "Feature", "properties": { "raw_text": "METAR KSFO 280056Z 28018KT 10SM FEW026 15/08 A3005 RMK AO2 PK WND 29029/0032 SLP177 T01500078", "station_id": "KSFO", "observation_time": "2026-04-28T00:56:00.000Z", "latitude": 37.6196, "longitude": -122.3656, "temp_c": 15.0, "dewpoint_c": 7.8, "wind_dir_degrees": 280.0, "wind_speed_kt": 18.0, "wind_gust_kt": 0.0, "visibility_statute_mi": 10.0, "altim_in_hg": 30.05, "sea_level_pressure_mb": 1017.7, "quality_control_flags": null, "wx_string": "", "sky_condition": null, "flight_category": "VFR", "three_hr_pressure_tendency_mb": 0.0, "maxT_c": 0.0, "minT_c": 0.0, "maxT24hr_c": 0.0, "minT24hr_c": 0.0, "precip_in": 0.0, "pcp3hr_in": 0.0, "pcp6hr_in": 0.0, "pcp24hr_in": 0.0, "snow_in": 0.0, "vert_vis_ft": 0.0, "metar_type": "METAR", "elevation_m": 2.0, "municipality": "San Francisco", "continent": "NA", "iso_country": "US", "iso_region": "US-CA", "wikipedia_link": "https://en.wikipedia.org/wiki/San_Francisco_International_Airport" }, "geometry": { "type": "Point", "coordinates": [ -122.3656, 37.6196 ] } },
{ "type": "Feature", "properties": { "raw_text": "METAR KSJC 280053Z 34016G21KT 10SM FEW045 FEW065 17/08 A3003 RMK AO2 SLP168 T01720078", "station_id": "KSJC", "observation_time": "2026-04-28T00:53:00.000Z", "latitude": 37.3594, "longitude": -121.9244, "temp_c": 17.2, "dewpoint_c": 7.8, "wind_dir_degrees": 340.0, "wind_speed_kt": 16.0, "wind_gust_kt": 21.0, "visibility_statute_mi": 10.0, "altim_in_hg": 30.03, "sea_level_pressure_mb": 1016.8, "quality_control_flags": null, "wx_string": "", "sky_condition": null, "flight_category": "VFR", "three_hr_pressure_tendency_mb": 0.0, "maxT_c": 0.0, "minT_c": 0.0, "maxT24hr_c": 0.0, "minT24hr_c": 0.0, "precip_in": 0.0, "pcp3hr_in": 0.0, "pcp6hr_in": 0.0, "pcp24hr_in": 0.0, "snow_in": 0.0, "vert_vis_ft": 0.0, "metar_type": "METAR", "elevation_m": 13.0, "municipality": "San Jose", "continent": "NA", "iso_country": "US", "iso_region": "US-CA", "wikipedia_link": "https://en.wikipedia.org/wiki/San_Jose_International_Airport" }, "geometry": { "type": "Point", "coordinates": [ -121.9244, 37.3594 ] } },
{ "type": "Feature", "properties": { "raw_text": "METAR KSLC 280054Z 17012KT 10SM FEW030 SCT070 BKN090 BKN130 06/03 A2993 RMK AO2 SLP129 SH DSNT NE AND SW T00560033", "station_id": "KSLC", "observation_time": "2026-04-28T00:54:00.000Z", "latitude": 40.7707, "longitude": -111.965, "temp_c": 5.6, "dewpoint_c": 3.3, "wind_dir_degrees": 170.0, "wind_speed_kt": 12.0, "wind_gust_kt": 0.0, "visibility_statute_mi": 10.0, "altim_in_hg": 29.93, "sea_level_pressure_mb": 1012.9, "quality_control_flags": null, "wx_string": "", "sky_condition": null, "flight_category": "VFR", "three_hr_pressure_tendency_mb": 0.0, "maxT_c": 0.0, "minT_c": 0.0, "maxT24hr_c": 0.0, "minT24hr_c": 0.0, "precip_in": 0.0, "pcp3hr_in": 0.0, "pcp6hr_in": 0.0, "pcp24hr_in": 0.0, "snow_in": 0.0, "vert_vis_ft": 0.0, "metar_type": "METAR", "elevation_m": 1286.0, "municipality": "Salt Lake City", "continent": "NA", "iso_country": "US", "iso_region": "US-UT", "wikipedia_link": "https://en.wikipedia.org/wiki/Salt_Lake_City_International_Airport" }, "geometry": { "type": "Point", "coordinates": [ -111.965, 40.7707 ] } },
{ "type": "Feature", "properties": { "raw_text": "METAR KSMF 280053Z 00000KT 10SM SCT060 BKN250 20/06 A2999 RMK AO2 SLP153 T02000061", "station_id": "KSMF", "observation_time": "2026-04-28T00:53:00.000Z", "latitude": 38.7007, "longitude": -121.5948, "temp_c": 20.0, "dewpoint_c": 6.1, "wind_dir_degrees": 0.0, "wind_speed_kt": 0.0, "wind_gust_kt": 0.0, "visibility_statute_mi": 10.0, "altim_in_hg": 29.99, "sea_level_pressure_mb": 1015.3, "quality_control_flags": null, "wx_string": "", "sky_condition": null, "flight_category": "VFR", "three_hr_pressure_tendency_mb": 0.0, "maxT_c": 0.0, "minT_c": 0.0, "maxT24hr_c": 0.0, "minT24hr_c": 0.0, "precip_in": 0.0, "pcp3hr_in": 0.0, "pcp6hr_in": 0.0, "pcp24hr_in": 0.0, "snow_in": 0.0, "vert_vis_ft": 0.0, "metar_type": "METAR", "elevation_m": 7.0, "municipality": "Sacramento", "continent": "NA", "iso_country": "US", "iso_region": "US-CA", "wikipedia_link": "https://en.wikipedia.org/wiki/Sacramento_International_Airport" }, "geometry": { "type": "Point", "coordinates": [ -121.5948, 38.7007 ] } },
{ "type": "Feature", "properties": { "raw_text": "METAR KSNA 280053Z 24008KT 10SM FEW050 18/08 A3001 RMK AO2 SLP160 T01780078", "station_id": "KSNA", "observation_time": "2026-04-28T00:53:00.000Z", "latitude": 33.6798, "longitude": -117.8675, "temp_c": 17.8, "dewpoint_c": 7.8, "wind_dir_degrees": 240.0, "wind_speed_kt": 8.0, "wind_gust_kt": 0.0, "visibility_statute_mi": 10.0, "altim_in_hg": 30.01, "sea_level_pressure_mb": 1016.0, "quality_control_flags": null, "wx_string": "", "sky_condition": null, "flight_category": "VFR", "three_hr_pressure_tendency_mb": 0.0, "maxT_c": 0.0, "minT_c": 0.0, "maxT24hr_c": 0.0, "minT24hr_c": 0.0, "precip_in": 0.0, "pcp3hr_in": 0.0, "pcp6hr_in": 0.0, "pcp24hr_in": 0.0, "snow_in": 0.0, "vert_vis_ft": 0.0, "metar_type": "METAR", "elevation_m": 14.0, "municipality": "Santa Ana", "continent": "NA", "iso_country": "US", "iso_region": "US-CA", "wikipedia_link": "https://en.wikipedia.org/wiki/John_Wayne_Airport" }, "geometry": { "type": "Point", "coordinates": [ -117.8675, 33.6798 ] } },
{ "type": "Feature", "properties": { "raw_text": "METAR KSRQ 280053Z 07011KT 10SM BKN065 27/18 A3003 RMK AO2 SLP168 T02670183", "station_id": "KSRQ", "observation_time": "2026-04-28T00:53:00.000Z", "latitude": 27.4015, "longitude": -82.5597, "temp_c": 26.7, "dewpoint_c": 18.3, "wind_dir_degrees": 70.0, "wind_speed_kt": 11.0, "wind_gust_kt": 0.0, "visibility_statute_mi": 10.0, "altim_in_hg": 30.03, "sea_level_pressure_mb": 1016.8, "quality_control_flags": null, "wx_string": "", "sky_condition": null, "flight_category": "VFR", "three_hr_pressure_tendency_mb": 0.0, "maxT_c": 0.0, "minT_c": 0.0, "maxT24hr_c": 0.0, "minT24hr_c": 0.0, "precip_in": 0.0, "pcp3hr_in": 0.0, "pcp6hr_in": 0.0, "pcp24hr_in": 0.0, "snow_in": 0.0, "vert_vis_ft": 0.0, "metar_type": "METAR", "elevation_m": 5.0, "municipality": "Sarasota/Bradenton", "continent": "NA", "iso_country": "US", "iso_region": "US-FL", "wikipedia_link": "https://en.wikipedia.org/wiki/Sarasota-Bradenton_International_Airport" }, "geometry": { "type": "Point", "coordinates": [ -82.5597, 27.4015 ] } },
{ "type": "Feature", "properties": { "raw_text": "METAR KSTL 280051Z COR 29008KT 10SM -RA FEW055 BKN090 BKN110 19/17 A2965 RMK TORNADO B11 W MOV NE TORNADO E18 AO2 PK WND 24042/0010 WSHFT 2339 SLP033 RAB2357E36B45GRB10E19 TSE47 GR 1/2 CB DSNT SE-S MOV NE P0075 T01940172 $", "station_id": "KSTL", "observation_time": "2026-04-28T00:51:00.000Z", "latitude": 38.7525, "longitude": -90.3734, "temp_c": 19.4, "dewpoint_c": 17.2, "wind_dir_degrees": 290.0, "wind_speed_kt": 8.0, "wind_gust_kt": 0.0, "visibility_statute_mi": 10.0, "altim_in_hg": 29.65, "sea_level_pressure_mb": 1003.3, "quality_control_flags": null, "wx_string": "-RA", "sky_condition": null, "flight_category": "VFR", "three_hr_pressure_tendency_mb": 0.0, "maxT_c": 0.0, "minT_c": 0.0, "maxT24hr_c": 0.0, "minT24hr_c": 0.0, "precip_in": 0.75, "pcp3hr_in": 0.0, "pcp6hr_in": 0.0, "pcp24hr_in": 0.0, "snow_in": 0.0, "vert_vis_ft": 0.0, "metar_type": "METAR", "elevation_m": 163.0, "municipality": "St Louis", "continent": "NA", "iso_country": "US", "iso_region": "US-MO", "wikipedia_link": "https://en.wikipedia.org/wiki/St._Louis_Lambert_International_Airport" }, "geometry": { "type": "Point", "coordinates": [ -90.3734, 38.7525 ] } },
{ "type": "Feature", "properties": { "raw_text": "METAR KSYR 280054Z 09005KT 10SM BKN250 18/04 A3012 RMK AO2 SLP195 T01780039", "station_id": "KSYR", "observation_time": "2026-04-28T00:54:00.000Z", "latitude": 43.1111, "longitude": -76.1038, "temp_c": 17.8, "dewpoint_c": 3.9, "wind_dir_degrees": 90.0, "wind_speed_kt": 5.0, "wind_gust_kt": 0.0, "visibility_statute_mi": 10.0, "altim_in_hg": 30.12, "sea_level_pressure_mb": 1019.5, "quality_control_flags": null, "wx_string": "", "sky_condition": null, "flight_category": "VFR", "three_hr_pressure_tendency_mb": 0.0, "maxT_c": 0.0, "minT_c": 0.0, "maxT24hr_c": 0.0, "minT24hr_c": 0.0, "precip_in": 0.0, "pcp3hr_in": 0.0, "pcp6hr_in": 0.0, "pcp24hr_in": 0.0, "snow_in": 0.0, "vert_vis_ft": 0.0, "metar_type": "METAR", "elevation_m": 125.0, "municipality": "Syracuse", "continent": "NA", "iso_country": "US", "iso_region": "US-NY", "wikipedia_link": "https://en.wikipedia.org/wiki/Syracuse_Hancock_International_Airport" }, "geometry": { "type": "Point", "coordinates": [ -76.1038, 43.1111 ] } },
{ "type": "Feature", "properties": { "raw_text": "METAR KTPA 280053Z 07007G15KT 10SM FEW055 26/18 A3005 RMK AO2 SLP174 T02610178", "station_id": "KTPA", "observation_time": "2026-04-28T00:53:00.000Z", "latitude": 27.9633, "longitude": -82.54, "temp_c": 26.1, "dewpoint_c": 17.8, "wind_dir_degrees": 70.0, "wind_speed_kt": 7.0, "wind_gust_kt": 15.0, "visibility_statute_mi": 10.0, "altim_in_hg": 30.05, "sea_level_pressure_mb": 1017.4, "quality_control_flags": null, "wx_string": "", "sky_condition": null, "flight_category": "VFR", "three_hr_pressure_tendency_mb": 0.0, "maxT_c": 0.0, "minT_c": 0.0, "maxT24hr_c": 0.0, "minT24hr_c": 0.0, "precip_in": 0.0, "pcp3hr_in": 0.0, "pcp6hr_in": 0.0, "pcp24hr_in": 0.0, "snow_in": 0.0, "vert_vis_ft": 0.0, "metar_type": "METAR", "elevation_m": 2.0, "municipality": "Tampa", "continent": "NA", "iso_country": "US", "iso_region": "US-FL", "wikipedia_link": "https://en.wikipedia.org/wiki/Tampa_International_Airport" }, "geometry": { "type": "Point", "coordinates": [ -82.54, 27.9633 ] } },
{ "type": "Feature", "properties": { "raw_text": "METAR KTUL 280053Z 31003KT 10SM CLR 23/14 A2979 RMK AO2 SLP079 T02330139", "station_id": "KTUL", "observation_time": "2026-04-28T00:53:00.000Z", "latitude": 36.1985, "longitude": -95.8782, "temp_c": 23.3, "dewpoint_c": 13.9, "wind_dir_degrees": 310.0, "wind_speed_kt": 3.0, "wind_gust_kt": 0.0, "visibility_statute_mi": 10.0, "altim_in_hg": 29.79, "sea_level_pressure_mb": 1007.9, "quality_control_flags": null, "wx_string": "", "sky_condition": null, "flight_category": "VFR", "three_hr_pressure_tendency_mb": 0.0, "maxT_c": 0.0, "minT_c": 0.0, "maxT24hr_c": 0.0, "minT24hr_c": 0.0, "precip_in": 0.0, "pcp3hr_in": 0.0, "pcp6hr_in": 0.0, "pcp24hr_in": 0.0, "snow_in": 0.0, "vert_vis_ft": 0.0, "metar_type": "METAR", "elevation_m": 196.0, "municipality": "Tulsa", "continent": "NA", "iso_country": "US", "iso_region": "US-OK", "wikipedia_link": "https://en.wikipedia.org/wiki/Tulsa_International_Airport" }, "geometry": { "type": "Point", "coordinates": [ -95.8782, 36.1985 ] } },
{ "type": "Feature", "properties": { "raw_text": "METAR KTUS 280053Z 29007G16KT 10SM CLR 27/M08 A2988 RMK AO2 SLP082 T02721078", "station_id": "KTUS", "observation_time": "2026-04-28T00:53:00.000Z", "latitude": 32.1315, "longitude": -110.9564, "temp_c": 27.2, "dewpoint_c": -7.8, "wind_dir_degrees": 290.0, "wind_speed_kt": 7.0, "wind_gust_kt": 16.0, "visibility_statute_mi": 10.0, "altim_in_hg": 29.88, "sea_level_pressure_mb": 1008.2, "quality_control_flags": null, "wx_string": "", "sky_condition": null, "flight_category": "VFR", "three_hr_pressure_tendency_mb": 0.0, "maxT_c": 0.0, "minT_c": 0.0, "maxT24hr_c": 0.0, "minT24hr_c": 0.0, "precip_in": 0.0, "pcp3hr_in": 0.0, "pcp6hr_in": 0.0, "pcp24hr_in": 0.0, "snow_in": 0.0, "vert_vis_ft": 0.0, "metar_type": "METAR", "elevation_m": 776.0, "municipality": "Tucson", "continent": "NA", "iso_country": "US", "iso_region": "US-AZ", "wikipedia_link": "https://en.wikipedia.org/wiki/Tucson_International_Airport" }, "geometry": { "type": "Point", "coordinates": [ -110.9564, 32.1315 ] } },
{ "type": "Feature", "properties": { "raw_text": "METAR KTYS 280053Z 20012KT 10SM FEW150 23/10 A2998 RMK AO2 SLP145 T02330100", "station_id": "KTYS", "observation_time": "2026-04-28T00:53:00.000Z", "latitude": 35.818, "longitude": -83.9857, "temp_c": 23.3, "dewpoint_c": 10.0, "wind_dir_degrees": 200.0, "wind_speed_kt": 12.0, "wind_gust_kt": 0.0, "visibility_statute_mi": 10.0, "altim_in_hg": 29.98, "sea_level_pressure_mb": 1014.5, "quality_control_flags": null, "wx_string": "", "sky_condition": null, "flight_category": "VFR", "three_hr_pressure_tendency_mb": 0.0, "maxT_c": 0.0, "minT_c": 0.0, "maxT24hr_c": 0.0, "minT24hr_c": 0.0, "precip_in": 0.0, "pcp3hr_in": 0.0, "pcp6hr_in": 0.0, "pcp24hr_in": 0.0, "snow_in": 0.0, "vert_vis_ft": 0.0, "metar_type": "METAR", "elevation_m": 300.0, "municipality": "Knoxville/Maryville", "continent": "NA", "iso_country": "US", "iso_region": "US-TN", "wikipedia_link": "https://en.wikipedia.org/wiki/McGhee_Tyson_Airport" }, "geometry": { "type": "Point", "coordinates": [ -83.9857, 35.818 ] } },
{ "type": "Feature", "properties": { "raw_text": "METAR LATI 280150Z 16002KT CAVOK 11/07 Q1016 NOSIG", "station_id": "LATI", "observation_time": "2026-04-28T01:50:00.000Z", "latitude": 41.419, "longitude": 19.716, "temp_c": 11.0, "dewpoint_c": 7.0, "wind_dir_degrees": 160.0, "wind_speed_kt": 2.0, "wind_gust_kt": 0.0, "visibility_statute_mi": 6.0, "altim_in_hg": 30.0, "sea_level_pressure_mb": 0.0, "quality_control_flags": null, "wx_string": "", "sky_condition": null, "flight_category": "VFR", "three_hr_pressure_tendency_mb": 0.0, "maxT_c": 0.0, "minT_c": 0.0, "maxT24hr_c": 0.0, "minT24hr_c": 0.0, "precip_in": 0.0, "pcp3hr_in": 0.0, "pcp6hr_in": 0.0, "pcp24hr_in": 0.0, "snow_in": 0.0, "vert_vis_ft": 0.0, "metar_type": "METAR", "elevation_m": 32.0, "municipality": "Rinas", "continent": "EU", "iso_country": "AL", "iso_region": "AL-02", "wikipedia_link": "https://en.wikipedia.org/wiki/Tirana_International_Airport_N%C3%ABn%C3%AB_Tereza" }, "geometry": { "type": "Point", "coordinates": [ 19.716, 41.419 ] } },
{ "type": "Feature", "properties": { "raw_text": "METAR LBPD 280130Z AUTO VRB02KT 9999 NCD 04/03 Q1020", "station_id": "LBPD", "observation_time": "2026-04-28T01:30:00.000Z", "latitude": 42.064, "longitude": 24.86, "temp_c": 4.0, "dewpoint_c": 3.0, "wind_dir_degrees": 0.0, "wind_speed_kt": 2.0, "wind_gust_kt": 0.0, "visibility_statute_mi": 6.0, "altim_in_hg": 30.12, "sea_level_pressure_mb": 0.0, "quality_control_flags": null, "wx_string": "", "sky_condition": null, "flight_category": "VFR", "three_hr_pressure_tendency_mb": 0.0, "maxT_c": 0.0, "minT_c": 0.0, "maxT24hr_c": 0.0, "minT24hr_c": 0.0, "precip_in": 0.0, "pcp3hr_in": 0.0, "pcp6hr_in": 0.0, "pcp24hr_in": 0.0, "snow_in": 0.0, "vert_vis_ft": 0.0, "metar_type": "METAR", "elevation_m": 182.0, "municipality": "Plovdiv", "continent": "EU", "iso_country": "BG", "iso_region": "BG-16", "wikipedia_link": "https://en.wikipedia.org/wiki/Plovdiv_International_Airport" }, "geometry": { "type": "Point", "coordinates": [ 24.86, 42.064 ] } },
{ "type": "Feature", "properties": { "raw_text": "METAR LBSF 280130Z AUTO VRB02KT 9999 NCD 05/03 Q1019 NOSIG", "station_id": "LBSF", "observation_time": "2026-04-28T01:30:00.000Z", "latitude": 42.694, "longitude": 23.414, "temp_c": 5.0, "dewpoint_c": 3.0, "wind_dir_degrees": 0.0, "wind_speed_kt": 2.0, "wind_gust_kt": 0.0, "visibility_statute_mi": 6.0, "altim_in_hg": 30.09, "sea_level_pressure_mb": 0.0, "quality_control_flags": null, "wx_string": "", "sky_condition": null, "flight_category": "VFR", "three_hr_pressure_tendency_mb": 0.0, "maxT_c": 0.0, "minT_c": 0.0, "maxT24hr_c": 0.0, "minT24hr_c": 0.0, "precip_in": 0.0, "pcp3hr_in": 0.0, "pcp6hr_in": 0.0, "pcp24hr_in": 0.0, "snow_in": 0.0, "vert_vis_ft": 0.0, "metar_type": "METAR", "elevation_m": 531.0, "municipality": "Sofia", "continent": "EU", "iso_country": "BG", "iso_region": "BG-22", "wikipedia_link": "https://en.wikipedia.org/wiki/Sofia_Airport" }, "geometry": { "type": "Point", "coordinates": [ 23.414, 42.694 ] } },
{ "type": "Feature", "properties": { "raw_text": "METAR LBWN 280130Z AUTO 01002KT 9999 NCD 03/01 Q1020 NOSIG", "station_id": "LBWN", "observation_time": "2026-04-28T01:30:00.000Z", "latitude": 43.232, "longitude": 27.825, "temp_c": 3.0, "dewpoint_c": 1.0, "wind_dir_degrees": 10.0, "wind_speed_kt": 2.0, "wind_gust_kt": 0.0, "visibility_statute_mi": 6.0, "altim_in_hg": 30.12, "sea_level_pressure_mb": 0.0, "quality_control_flags": null, "wx_string": "", "sky_condition": null, "flight_category": "VFR", "three_hr_pressure_tendency_mb": 0.0, "maxT_c": 0.0, "minT_c": 0.0, "maxT24hr_c": 0.0, "minT24hr_c": 0.0, "precip_in": 0.0, "pcp3hr_in": 0.0, "pcp6hr_in": 0.0, "pcp24hr_in": 0.0, "snow_in": 0.0, "vert_vis_ft": 0.0, "metar_type": "METAR", "elevation_m": 74.0, "municipality": "Varna", "continent": "EU", "iso_country": "BG", "iso_region": "BG-03", "wikipedia_link": "https://en.wikipedia.org/wiki/Varna_Airport" }, "geometry": { "type": "Point", "coordinates": [ 27.825, 43.232 ] } },
{ "type": "Feature", "properties": { "raw_text": "METAR LCEN 280120Z 24003KT 9999 FEW020 13/13 Q1012 NOSIG RMK RWY11R 26004KT", "station_id": "LCEN", "observation_time": "2026-04-28T01:20:00.000Z", "latitude": 35.155, "longitude": 33.496, "temp_c": 13.0, "dewpoint_c": 13.0, "wind_dir_degrees": 240.0, "wind_speed_kt": 3.0, "wind_gust_kt": 0.0, "visibility_statute_mi": 6.0, "altim_in_hg": 29.88, "sea_level_pressure_mb": 0.0, "quality_control_flags": null, "wx_string": "", "sky_condition": null, "flight_category": "VFR", "three_hr_pressure_tendency_mb": 0.0, "maxT_c": 0.0, "minT_c": 0.0, "maxT24hr_c": 0.0, "minT24hr_c": 0.0, "precip_in": 0.0, "pcp3hr_in": 0.0, "pcp6hr_in": 0.0, "pcp24hr_in": 0.0, "snow_in": 0.0, "vert_vis_ft": 0.0, "metar_type": "METAR", "elevation_m": 91.0, "municipality": "Tymbou (Kirklar)", "continent": "AS", "iso_country": "CY", "iso_region": "CY-02", "wikipedia_link": "https://en.wikipedia.org/wiki/Ercan_International_Airport" }, "geometry": { "type": "Point", "coordinates": [ 33.496, 35.155 ] } },
{ "type": "Feature", "properties": { "raw_text": "METAR LCLK 280130Z 27002KT CAVOK 16/15 Q1011 NOSIG", "station_id": "LCLK", "observation_time": "2026-04-28T01:30:00.000Z", "latitude": 34.874, "longitude": 33.617, "temp_c": 16.0, "dewpoint_c": 15.0, "wind_dir_degrees": 270.0, "wind_speed_kt": 2.0, "wind_gust_kt": 0.0, "visibility_statute_mi": 6.0, "altim_in_hg": 29.85, "sea_level_pressure_mb": 0.0, "quality_control_flags": null, "wx_string": "", "sky_condition": null, "flight_category": "VFR", "three_hr_pressure_tendency_mb": 0.0, "maxT_c": 0.0, "minT_c": 0.0, "maxT24hr_c": 0.0, "minT24hr_c": 0.0, "precip_in": 0.0, "pcp3hr_in": 0.0, "pcp6hr_in": 0.0, "pcp24hr_in": 0.0, "snow_in": 0.0, "vert_vis_ft": 0.0, "metar_type": "METAR", "elevation_m": 2.0, "municipality": "Larnaca", "continent": "AS", "iso_country": "CY", "iso_region": "CY-04", "wikipedia_link": "https://en.wikipedia.org/wiki/Larnaca_International_Airport" }, "geometry": { "type": "Point", "coordinates": [ 33.617, 34.874 ] } },
{ "type": "Feature", "properties": { "raw_text": "METAR LCPH 280130Z AUTO 36004KT 9999 NCD 15/11 Q1012 NOSIG", "station_id": "LCPH", "observation_time": "2026-04-28T01:30:00.000Z", "latitude": 34.715, "longitude": 32.479, "temp_c": 15.0, "dewpoint_c": 11.0, "wind_dir_degrees": 360.0, "wind_speed_kt": 4.0, "wind_gust_kt": 0.0, "visibility_statute_mi": 6.0, "altim_in_hg": 29.88, "sea_level_pressure_mb": 0.0, "quality_control_flags": null, "wx_string": "", "sky_condition": null, "flight_category": "VFR", "three_hr_pressure_tendency_mb": 0.0, "maxT_c": 0.0, "minT_c": 0.0, "maxT24hr_c": 0.0, "minT24hr_c": 0.0, "precip_in": 0.0, "pcp3hr_in": 0.0, "pcp6hr_in": 0.0, "pcp24hr_in": 0.0, "snow_in": 0.0, "vert_vis_ft": 0.0, "metar_type": "METAR", "elevation_m": 8.0, "municipality": "Paphos", "continent": "AS", "iso_country": "CY", "iso_region": "CY-06", "wikipedia_link": "https://en.wikipedia.org/wiki/Paphos_International_Airport" }, "geometry": { "type": "Point", "coordinates": [ 32.479, 34.715 ] } },
{ "type": "Feature", "properties": { "raw_text": "METAR LDDU 280130Z AUTO 11003KT CAVOK 11/06 Q1016", "station_id": "LDDU", "observation_time": "2026-04-28T01:30:00.000Z", "latitude": 42.56, "longitude": 18.269, "temp_c": 11.0, "dewpoint_c": 6.0, "wind_dir_degrees": 110.0, "wind_speed_kt": 3.0, "wind_gust_kt": 0.0, "visibility_statute_mi": 6.0, "altim_in_hg": 30.0, "sea_level_pressure_mb": 0.0, "quality_control_flags": null, "wx_string": "", "sky_condition": null, "flight_category": "VFR", "three_hr_pressure_tendency_mb": 0.0, "maxT_c": 0.0, "minT_c": 0.0, "maxT24hr_c": 0.0, "minT24hr_c": 0.0, "precip_in": 0.0, "pcp3hr_in": 0.0, "pcp6hr_in": 0.0, "pcp24hr_in": 0.0, "snow_in": 0.0, "vert_vis_ft": 0.0, "metar_type": "METAR", "elevation_m": 156.0, "municipality": "Dubrovnik", "continent": "EU", "iso_country": "HR", "iso_region": "HR-19", "wikipedia_link": "https://en.wikipedia.org/wiki/Dubrovnik_Airport" }, "geometry": { "type": "Point", "coordinates": [ 18.269, 42.56 ] } },
{ "type": "Feature", "properties": { "raw_text": "METAR LDPL 280130Z AUTO 08005KT CAVOK 08/05 Q1016", "station_id": "LDPL", "observation_time": "2026-04-28T01:30:00.000Z", "latitude": 44.894, "longitude": 13.922, "temp_c": 8.0, "dewpoint_c": 5.0, "wind_dir_degrees": 80.0, "wind_speed_kt": 5.0, "wind_gust_kt": 0.0, "visibility_statute_mi": 6.0, "altim_in_hg": 30.0, "sea_level_pressure_mb": 0.0, "quality_control_flags": null, "wx_string": "", "sky_condition": null, "flight_category": "VFR", "three_hr_pressure_tendency_mb": 0.0, "maxT_c": 0.0, "minT_c": 0.0, "maxT24hr_c": 0.0, "minT24hr_c": 0.0, "precip_in": 0.0, "pcp3hr_in": 0.0, "pcp6hr_in": 0.0, "pcp24hr_in": 0.0, "snow_in": 0.0, "vert_vis_ft": 0.0, "metar_type": "METAR", "elevation_m": 63.0, "municipality": "Pula", "continent": "EU", "iso_country": "HR", "iso_region": "HR-18", "wikipedia_link": "https://en.wikipedia.org/wiki/Pula_Airport" }, "geometry": { "type": "Point", "coordinates": [ 13.922, 44.894 ] } },
{ "type": "Feature", "properties": { "raw_text": "METAR LDRI 280130Z VRB02KT CAVOK 11/07 Q1016", "station_id": "LDRI", "observation_time": "2026-04-28T01:30:00.000Z", "latitude": 45.218, "longitude": 14.573, "temp_c": 11.0, "dewpoint_c": 7.0, "wind_dir_degrees": 0.0, "wind_speed_kt": 2.0, "wind_gust_kt": 0.0, "visibility_statute_mi": 6.0, "altim_in_hg": 30.0, "sea_level_pressure_mb": 0.0, "quality_control_flags": null, "wx_string": "", "sky_condition": null, "flight_category": "VFR", "three_hr_pressure_tendency_mb": 0.0, "maxT_c": 0.0, "minT_c": 0.0, "maxT24hr_c": 0.0, "minT24hr_c": 0.0, "precip_in": 0.0, "pcp3hr_in": 0.0, "pcp6hr_in": 0.0, "pcp24hr_in": 0.0, "snow_in": 0.0, "vert_vis_ft": 0.0, "metar_type": "METAR", "elevation_m": 80.0, "municipality": "Rijeka(Omišalj)", "continent": "EU", "iso_country": "HR", "iso_region": "HR-08", "wikipedia_link": "https://en.wikipedia.org/wiki/Rijeka_Airport" }, "geometry": { "type": "Point", "coordinates": [ 14.573, 45.218 ] } },
{ "type": "Feature", "properties": { "raw_text": "METAR LDSP 280130Z AUTO 00000KT CAVOK 12/05 Q1016", "station_id": "LDSP", "observation_time": "2026-04-28T01:30:00.000Z", "latitude": 43.539, "longitude": 16.301, "temp_c": 12.0, "dewpoint_c": 5.0, "wind_dir_degrees": 0.0, "wind_speed_kt": 0.0, "wind_gust_kt": 0.0, "visibility_statute_mi": 6.0, "altim_in_hg": 30.0, "sea_level_pressure_mb": 0.0, "quality_control_flags": null, "wx_string": "", "sky_condition": null, "flight_category": "VFR", "three_hr_pressure_tendency_mb": 0.0, "maxT_c": 0.0, "minT_c": 0.0, "maxT24hr_c": 0.0, "minT24hr_c": 0.0, "precip_in": 0.0, "pcp3hr_in": 0.0, "pcp6hr_in": 0.0, "pcp24hr_in": 0.0, "snow_in": 0.0, "vert_vis_ft": 0.0, "metar_type": "METAR", "elevation_m": 16.0, "municipality": "Split", "continent": "EU", "iso_country": "HR", "iso_region": "HR-17", "wikipedia_link": "https://en.wikipedia.org/wiki/Split_Airport" }, "geometry": { "type": "Point", "coordinates": [ 16.301, 43.539 ] } },
{ "type": "Feature", "properties": { "raw_text": "METAR LDZA 280130Z 26001KT CAVOK 06/05 Q1018 NOSIG", "station_id": "LDZA", "observation_time": "2026-04-28T01:30:00.000Z", "latitude": 45.729, "longitude": 16.054, "temp_c": 6.0, "dewpoint_c": 5.0, "wind_dir_degrees": 260.0, "wind_speed_kt": 1.0, "wind_gust_kt": 0.0, "visibility_statute_mi": 6.0, "altim_in_hg": 30.06, "sea_level_pressure_mb": 0.0, "quality_control_flags": null, "wx_string": "", "sky_condition": null, "flight_category": "VFR", "three_hr_pressure_tendency_mb": 0.0, "maxT_c": 0.0, "minT_c": 0.0, "maxT24hr_c": 0.0, "minT24hr_c": 0.0, "precip_in": 0.0, "pcp3hr_in": 0.0, "pcp6hr_in": 0.0, "pcp24hr_in": 0.0, "snow_in": 0.0, "vert_vis_ft": 0.0, "metar_type": "METAR", "elevation_m": 103.0, "municipality": "Velika Gorica", "continent": "EU", "iso_country": "HR", "iso_region": "HR-01", "wikipedia_link": "https://en.wikipedia.org/wiki/Zagreb_Airport" }, "geometry": { "type": "Point", "coordinates": [ 16.054, 45.729 ] } },
{ "type": "Feature", "properties": { "raw_text": "METAR LDZD 280130Z AUTO 20002KT CAVOK 06/06 Q1016", "station_id": "LDZD", "observation_time": "2026-04-28T01:30:00.000Z", "latitude": 44.108, "longitude": 15.347, "temp_c": 6.0, "dewpoint_c": 6.0, "wind_dir_degrees": 200.0, "wind_speed_kt": 2.0, "wind_gust_kt": 0.0, "visibility_statute_mi": 6.0, "altim_in_hg": 30.0, "sea_level_pressure_mb": 0.0, "quality_control_flags": null, "wx_string": "", "sky_condition": null, "flight_category": "VFR", "three_hr_pressure_tendency_mb": 0.0, "maxT_c": 0.0, "minT_c": 0.0, "maxT24hr_c": 0.0, "minT24hr_c": 0.0, "precip_in": 0.0, "pcp3hr_in": 0.0, "pcp6hr_in": 0.0, "pcp24hr_in": 0.0, "snow_in": 0.0, "vert_vis_ft": 0.0, "metar_type": "METAR", "elevation_m": 82.0, "municipality": "Zadar", "continent": "EU", "iso_country": "HR", "iso_region": "HR-13", "wikipedia_link": "https://en.wikipedia.org/wiki/Zadar_Airport" }, "geometry": { "type": "Point", "coordinates": [ 15.347, 44.108 ] } },
{ "type": "Feature", "properties": { "raw_text": "METAR LEAL 280130Z 01003KT 9999 FEW010 16/10 Q1015 NOSIG", "station_id": "LEAL", "observation_time": "2026-04-28T01:30:00.000Z", "latitude": 38.282, "longitude": -0.558, "temp_c": 16.0, "dewpoint_c": 10.0, "wind_dir_degrees": 10.0, "wind_speed_kt": 3.0, "wind_gust_kt": 0.0, "visibility_statute_mi": 6.0, "altim_in_hg": 29.97, "sea_level_pressure_mb": 0.0, "quality_control_flags": null, "wx_string": "", "sky_condition": null, "flight_category": "VFR", "three_hr_pressure_tendency_mb": 0.0, "maxT_c": 0.0, "minT_c": 0.0, "maxT24hr_c": 0.0, "minT24hr_c": 0.0, "precip_in": 0.0, "pcp3hr_in": 0.0, "pcp6hr_in": 0.0, "pcp24hr_in": 0.0, "snow_in": 0.0, "vert_vis_ft": 0.0, "metar_type": "METAR", "elevation_m": 26.0, "municipality": "Alicante", "continent": "EU", "iso_country": "ES", "iso_region": "ES-VC", "wikipedia_link": "https://en.wikipedia.org/wiki/Alicante–Elche_Miguel_Hernández_Airport" }, "geometry": { "type": "Point", "coordinates": [ -0.558, 38.282 ] } },
{ "type": "Feature", "properties": { "raw_text": "METAR LEAS 280130Z AUTO 11003KT 080V160 2300 -RA BR BKN003 OVC008 14/13 Q1016", "station_id": "LEAS", "observation_time": "2026-04-28T01:30:00.000Z", "latitude": 43.567, "longitude": -6.044, "temp_c": 14.0, "dewpoint_c": 13.0, "wind_dir_degrees": 110.0, "wind_speed_kt": 3.0, "wind_gust_kt": 0.0, "visibility_statute_mi": 1.43, "altim_in_hg": 30.0, "sea_level_pressure_mb": 0.0, "quality_control_flags": null, "wx_string": "-RA BR", "sky_condition": null, "flight_category": "LIFR", "three_hr_pressure_tendency_mb": 0.0, "maxT_c": 0.0, "minT_c": 0.0, "maxT24hr_c": 0.0, "minT24hr_c": 0.0, "precip_in": 0.0, "pcp3hr_in": 0.0, "pcp6hr_in": 0.0, "pcp24hr_in": 0.0, "snow_in": 0.0, "vert_vis_ft": 0.0, "metar_type": "METAR", "elevation_m": 120.0, "municipality": "Ranón", "continent": "EU", "iso_country": "ES", "iso_region": "ES-AS", "wikipedia_link": "https://en.wikipedia.org/wiki/Asturias_Airport" }, "geometry": { "type": "Point", "coordinates": [ -6.044, 43.567 ] } },
{ "type": "Feature", "properties": { "raw_text": "METAR LEBB 280130Z AUTO VRB01KT 9999 BKN011 OVC017 16/15 Q1016", "station_id": "LEBB", "observation_time": "2026-04-28T01:30:00.000Z", "latitude": 43.298, "longitude": -2.906, "temp_c": 16.0, "dewpoint_c": 15.0, "wind_dir_degrees": 0.0, "wind_speed_kt": 1.0, "wind_gust_kt": 0.0, "visibility_statute_mi": 6.0, "altim_in_hg": 30.0, "sea_level_pressure_mb": 0.0, "quality_control_flags": null, "wx_string": "", "sky_condition": null, "flight_category": "MVFR", "three_hr_pressure_tendency_mb": 0.0, "maxT_c": 0.0, "minT_c": 0.0, "maxT24hr_c": 0.0, "minT24hr_c": 0.0, "precip_in": 0.0, "pcp3hr_in": 0.0, "pcp6hr_in": 0.0, "pcp24hr_in": 0.0, "snow_in": 0.0, "vert_vis_ft": 0.0, "metar_type": "METAR", "elevation_m": 38.0, "municipality": "Bilbao", "continent": "EU", "iso_country": "ES", "iso_region": "ES-PV", "wikipedia_link": "https://en.wikipedia.org/wiki/Bilbao_Airport" }, "geometry": { "type": "Point", "coordinates": [ -2.906, 43.298 ] } },
{ "type": "Feature", "properties": { "raw_text": "METAR LEBL 280130Z 32005KT 9999 FEW030 15/11 Q1015 NOSIG", "station_id": "LEBL", "observation_time": "2026-04-28T01:30:00.000Z", "latitude": 41.293, "longitude": 2.07, "temp_c": 15.0, "dewpoint_c": 11.0, "wind_dir_degrees": 320.0, "wind_speed_kt": 5.0, "wind_gust_kt": 0.0, "visibility_statute_mi": 6.0, "altim_in_hg": 29.97, "sea_level_pressure_mb": 0.0, "quality_control_flags": null, "wx_string": "", "sky_condition": null, "flight_category": "VFR", "three_hr_pressure_tendency_mb": 0.0, "maxT_c": 0.0, "minT_c": 0.0, "maxT24hr_c": 0.0, "minT24hr_c": 0.0, "precip_in": 0.0, "pcp3hr_in": 0.0, "pcp6hr_in": 0.0, "pcp24hr_in": 0.0, "snow_in": 0.0, "vert_vis_ft": 0.0, "metar_type": "METAR", "elevation_m": 2.0, "municipality": "Barcelona", "continent": "EU", "iso_country": "ES", "iso_region": "ES-CT", "wikipedia_link": "https://en.wikipedia.org/wiki/Barcelona%E2%80%93El_Prat_Airport" }, "geometry": { "type": "Point", "coordinates": [ 2.07, 41.293 ] } },
{ "type": "Feature", "properties": { "raw_text": "METAR LEGE 280130Z 35002KT 9999 FEW090 13/10 Q1015 NOSIG", "station_id": "LEGE", "observation_time": "2026-04-28T01:30:00.000Z", "latitude": 41.911, "longitude": 2.763, "temp_c": 13.0, "dewpoint_c": 10.0, "wind_dir_degrees": 350.0, "wind_speed_kt": 2.0, "wind_gust_kt": 0.0, "visibility_statute_mi": 6.0, "altim_in_hg": 29.97, "sea_level_pressure_mb": 0.0, "quality_control_flags": null, "wx_string": "", "sky_condition": null, "flight_category": "VFR", "three_hr_pressure_tendency_mb": 0.0, "maxT_c": 0.0, "minT_c": 0.0, "maxT24hr_c": 0.0, "minT24hr_c": 0.0, "precip_in": 0.0, "pcp3hr_in": 0.0, "pcp6hr_in": 0.0, "pcp24hr_in": 0.0, "snow_in": 0.0, "vert_vis_ft": 0.0, "metar_type": "METAR", "elevation_m": 140.0, "municipality": "Girona", "continent": "EU", "iso_country": "ES", "iso_region": "ES-CT", "wikipedia_link": "https://en.wikipedia.org/wiki/Girona-Costa_Brava_Airport" }, "geometry": { "type": "Point", "coordinates": [ 2.763, 41.911 ] } },
{ "type": "Feature", "properties": { "raw_text": "METAR LEIB 280130Z 03005KT 9999 FEW015 15/13 Q1015 NOSIG", "station_id": "LEIB", "observation_time": "2026-04-28T01:30:00.000Z", "latitude": 38.876, "longitude": 1.384, "temp_c": 15.0, "dewpoint_c": 13.0, "wind_dir_degrees": 30.0, "wind_speed_kt": 5.0, "wind_gust_kt": 0.0, "visibility_statute_mi": 6.0, "altim_in_hg": 29.97, "sea_level_pressure_mb": 0.0, "quality_control_flags": null, "wx_string": "", "sky_condition": null, "flight_category": "VFR", "three_hr_pressure_tendency_mb": 0.0, "maxT_c": 0.0, "minT_c": 0.0, "maxT24hr_c": 0.0, "minT24hr_c": 0.0, "precip_in": 0.0, "pcp3hr_in": 0.0, "pcp6hr_in": 0.0, "pcp24hr_in": 0.0, "snow_in": 0.0, "vert_vis_ft": 0.0, "metar_type": "METAR", "elevation_m": 4.0, "municipality": "Ibiza (Eivissa)", "continent": "EU", "iso_country": "ES", "iso_region": "ES-IB", "wikipedia_link": "https://en.wikipedia.org/wiki/Ibiza_Airport" }, "geometry": { "type": "Point", "coordinates": [ 1.384, 38.876 ] } },
{ "type": "Feature", "properties": { "raw_text": "METAR LEMD 280130Z 05003KT 350V100 CAVOK 15/M00 Q1015 NOSIG", "station_id": "LEMD", "observation_time": "2026-04-28T01:30:00.000Z", "latitude": 40.466, "longitude": -3.555, "temp_c": 15.0, "dewpoint_c": 0.0, "wind_dir_degrees": 50.0, "wind_speed_kt": 3.0, "wind_gust_kt": 0.0, "visibility_statute_mi": 6.0, "altim_in_hg": 29.97, "sea_level_pressure_mb": 0.0, "quality_control_flags": null, "wx_string": "", "sky_condition": null, "flight_category": "VFR", "three_hr_pressure_tendency_mb": 0.0, "maxT_c": 0.0, "minT_c": 0.0, "maxT24hr_c": 0.0, "minT24hr_c": 0.0, "precip_in": 0.0, "pcp3hr_in": 0.0, "pcp6hr_in": 0.0, "pcp24hr_in": 0.0, "snow_in": 0.0, "vert_vis_ft": 0.0, "metar_type": "METAR", "elevation_m": 589.0, "municipality": "Madrid", "continent": "EU", "iso_country": "ES", "iso_region": "ES-MD", "wikipedia_link": "https://en.wikipedia.org/wiki/Adolfo_Su%C3%A1rez_Madrid%E2%80%93Barajas_Airport" }, "geometry": { "type": "Point", "coordinates": [ -3.555, 40.466 ] } },
{ "type": "Feature", "properties": { "raw_text": "METAR LEMG 280130Z 14004KT 110V180 9999 OVC028 17/14 Q1013 NOSIG", "station_id": "LEMG", "observation_time": "2026-04-28T01:30:00.000Z", "latitude": 36.666, "longitude": -4.482, "temp_c": 17.0, "dewpoint_c": 14.0, "wind_dir_degrees": 140.0, "wind_speed_kt": 4.0, "wind_gust_kt": 0.0, "visibility_statute_mi": 6.0, "altim_in_hg": 29.91, "sea_level_pressure_mb": 0.0, "quality_control_flags": null, "wx_string": "", "sky_condition": null, "flight_category": "MVFR", "three_hr_pressure_tendency_mb": 0.0, "maxT_c": 0.0, "minT_c": 0.0, "maxT24hr_c": 0.0, "minT24hr_c": 0.0, "precip_in": 0.0, "pcp3hr_in": 0.0, "pcp6hr_in": 0.0, "pcp24hr_in": 0.0, "snow_in": 0.0, "vert_vis_ft": 0.0, "metar_type": "METAR", "elevation_m": 5.0, "municipality": "Málaga", "continent": "EU", "iso_country": "ES", "iso_region": "ES-AN", "wikipedia_link": "https://en.wikipedia.org/wiki/M%C3%A1laga_Airport" }, "geometry": { "type": "Point", "coordinates": [ -4.482, 36.666 ] } },
{ "type": "Feature", "properties": { "raw_text": "METAR LEMH 280130Z AUTO 13005KT CAVOK 15/14 Q1016", "station_id": "LEMH", "observation_time": "2026-04-28T01:30:00.000Z", "latitude": 39.855, "longitude": 4.216, "temp_c": 15.0, "dewpoint_c": 14.0, "wind_dir_degrees": 130.0, "wind_speed_kt": 5.0, "wind_gust_kt": 0.0, "visibility_statute_mi": 6.0, "altim_in_hg": 30.0, "sea_level_pressure_mb": 0.0, "quality_control_flags": null, "wx_string": "", "sky_condition": null, "flight_category": "VFR", "three_hr_pressure_tendency_mb": 0.0, "maxT_c": 0.0, "minT_c": 0.0, "maxT24hr_c": 0.0, "minT24hr_c": 0.0, "precip_in": 0.0, "pcp3hr_in": 0.0, "pcp6hr_in": 0.0, "pcp24hr_in": 0.0, "snow_in": 0.0, "vert_vis_ft": 0.0, "metar_type": "METAR", "elevation_m": 82.0, "municipality": "Mahón (Maó)", "continent": "EU", "iso_country": "ES", "iso_region": "ES-IB", "wikipedia_link": "https://en.wikipedia.org/wiki/Menorca_Airport" }, "geometry": { "type": "Point", "coordinates": [ 4.216, 39.855 ] } },
{ "type": "Feature", "properties": { "raw_text": "METAR LEMI 280130Z AUTO 36005KT CAVOK 14/12 Q1015", "station_id": "LEMI", "observation_time": "2026-04-28T01:30:00.000Z", "latitude": 37.803, "longitude": -1.125, "temp_c": 14.0, "dewpoint_c": 12.0, "wind_dir_degrees": 360.0, "wind_speed_kt": 5.0, "wind_gust_kt": 0.0, "visibility_statute_mi": 6.0, "altim_in_hg": 29.97, "sea_level_pressure_mb": 0.0, "quality_control_flags": null, "wx_string": "", "sky_condition": null, "flight_category": "VFR", "three_hr_pressure_tendency_mb": 0.0, "maxT_c": 0.0, "minT_c": 0.0, "maxT24hr_c": 0.0, "minT24hr_c": 0.0, "precip_in": 0.0, "pcp3hr_in": 0.0, "pcp6hr_in": 0.0, "pcp24hr_in": 0.0, "snow_in": 0.0, "vert_vis_ft": 0.0, "metar_type": "METAR", "elevation_m": 193.0, "municipality": "Corvera", "continent": "EU", "iso_country": "ES", "iso_region": "ES-MC", "wikipedia_link": "https://en.wikipedia.org/wiki/Murcia-Corvera_Airport" }, "geometry": { "type": "Point", "coordinates": [ -1.125, 37.803 ] } },
{ "type": "Feature", "properties": { "raw_text": "METAR LEPA 280130Z VRB02KT CAVOK 11/10 Q1015 NOSIG", "station_id": "LEPA", "observation_time": "2026-04-28T01:30:00.000Z", "latitude": 39.561, "longitude": 2.737, "temp_c": 11.0, "dewpoint_c": 10.0, "wind_dir_degrees": 0.0, "wind_speed_kt": 2.0, "wind_gust_kt": 0.0, "visibility_statute_mi": 6.0, "altim_in_hg": 29.97, "sea_level_pressure_mb": 0.0, "quality_control_flags": null, "wx_string": "", "sky_condition": null, "flight_category": "VFR", "three_hr_pressure_tendency_mb": 0.0, "maxT_c": 0.0, "minT_c": 0.0, "maxT24hr_c": 0.0, "minT24hr_c": 0.0, "precip_in": 0.0, "pcp3hr_in": 0.0, "pcp6hr_in": 0.0, "pcp24hr_in": 0.0, "snow_in": 0.0, "vert_vis_ft": 0.0, "metar_type": "METAR", "elevation_m": 8.0, "municipality": "Palma de Mallorca", "continent": "EU", "iso_country": "ES", "iso_region": "ES-IB", "wikipedia_link": "https://en.wikipedia.org/wiki/Son_Sant_Joan_Airport" }, "geometry": { "type": "Point", "coordinates": [ 2.737, 39.561 ] } },
{ "type": "Feature", "properties": { "raw_text": "METAR LERS 280130Z AUTO 04005KT CAVOK 10/08 Q1016", "station_id": "LERS", "observation_time": "2026-04-28T01:30:00.000Z", "latitude": 41.15, "longitude": 1.179, "temp_c": 10.0, "dewpoint_c": 8.0, "wind_dir_degrees": 40.0, "wind_speed_kt": 5.0, "wind_gust_kt": 0.0, "visibility_statute_mi": 6.0, "altim_in_hg": 30.0, "sea_level_pressure_mb": 0.0, "quality_control_flags": null, "wx_string": "", "sky_condition": null, "flight_category": "VFR", "three_hr_pressure_tendency_mb": 0.0, "maxT_c": 0.0, "minT_c": 0.0, "maxT24hr_c": 0.0, "minT24hr_c": 0.0, "precip_in": 0.0, "pcp3hr_in": 0.0, "pcp6hr_in": 0.0, "pcp24hr_in": 0.0, "snow_in": 0.0, "vert_vis_ft": 0.0, "metar_type": "METAR", "elevation_m": 68.0, "municipality": "Reus", "continent": "EU", "iso_country": "ES", "iso_region": "ES-CT", "wikipedia_link": "https://en.wikipedia.org/wiki/Reus_Airport" }, "geometry": { "type": "Point", "coordinates": [ 1.179, 41.15 ] } },
{ "type": "Feature", "properties": { "raw_text": "METAR LEST 280130Z 07004KT 030V120 9999 SCT007 11/10 Q1013 TEMPO BKN005", "station_id": "LEST", "observation_time": "2026-04-28T01:30:00.000Z", "latitude": 42.888, "longitude": -8.411, "temp_c": 11.0, "dewpoint_c": 10.0, "wind_dir_degrees": 70.0, "wind_speed_kt": 4.0, "wind_gust_kt": 0.0, "visibility_statute_mi": 6.0, "altim_in_hg": 29.91, "sea_level_pressure_mb": 0.0, "quality_control_flags": null, "wx_string": "", "sky_condition": null, "flight_category": "VFR", "three_hr_pressure_tendency_mb": 0.0, "maxT_c": 0.0, "minT_c": 0.0, "maxT24hr_c": 0.0, "minT24hr_c": 0.0, "precip_in": 0.0, "pcp3hr_in": 0.0, "pcp6hr_in": 0.0, "pcp24hr_in": 0.0, "snow_in": 0.0, "vert_vis_ft": 0.0, "metar_type": "METAR", "elevation_m": 363.0, "municipality": "Santiago de Compostela", "continent": "EU", "iso_country": "ES", "iso_region": "ES-GA", "wikipedia_link": "https://en.wikipedia.org/wiki/Santiago_de_Compostela_Airport" }, "geometry": { "type": "Point", "coordinates": [ -8.411, 42.888 ] } },
{ "type": "Feature", "properties": { "raw_text": "METAR LEVC 280130Z 31003KT CAVOK 12/08 Q1016 NOSIG", "station_id": "LEVC", "observation_time": "2026-04-28T01:30:00.000Z", "latitude": 39.489, "longitude": -0.482, "temp_c": 12.0, "dewpoint_c": 8.0, "wind_dir_degrees": 310.0, "wind_speed_kt": 3.0, "wind_gust_kt": 0.0, "visibility_statute_mi": 6.0, "altim_in_hg": 30.0, "sea_level_pressure_mb": 0.0, "quality_control_flags": null, "wx_string": "", "sky_condition": null, "flight_category": "VFR", "three_hr_pressure_tendency_mb": 0.0, "maxT_c": 0.0, "minT_c": 0.0, "maxT24hr_c": 0.0, "minT24hr_c": 0.0, "precip_in": 0.0, "pcp3hr_in": 0.0, "pcp6hr_in": 0.0, "pcp24hr_in": 0.0, "snow_in": 0.0, "vert_vis_ft": 0.0, "metar_type": "METAR", "elevation_m": 58.0, "municipality": "Valencia", "continent": "EU", "iso_country": "ES", "iso_region": "ES-VC", "wikipedia_link": "https://en.wikipedia.org/wiki/Valencia_Airport" }, "geometry": { "type": "Point", "coordinates": [ -0.482, 39.489 ] } },
{ "type": "Feature", "properties": { "raw_text": "METAR LEZG 280130Z 22003KT CAVOK 14/12 Q1015 NOSIG", "station_id": "LEZG", "observation_time": "2026-04-28T01:30:00.000Z", "latitude": 41.661, "longitude": -1.004, "temp_c": 14.0, "dewpoint_c": 12.0, "wind_dir_degrees": 220.0, "wind_speed_kt": 3.0, "wind_gust_kt": 0.0, "visibility_statute_mi": 6.0, "altim_in_hg": 29.97, "sea_level_pressure_mb": 0.0, "quality_control_flags": null, "wx_string": "", "sky_condition": null, "flight_category": "VFR", "three_hr_pressure_tendency_mb": 0.0, "maxT_c": 0.0, "minT_c": 0.0, "maxT24hr_c": 0.0, "minT24hr_c": 0.0, "precip_in": 0.0, "pcp3hr_in": 0.0, "pcp6hr_in": 0.0, "pcp24hr_in": 0.0, "snow_in": 0.0, "vert_vis_ft": 0.0, "metar_type": "METAR", "elevation_m": 245.0, "municipality": "Zaragoza", "continent": "EU", "iso_country": "ES", "iso_region": "ES-AR", "wikipedia_link": "https://en.wikipedia.org/wiki/Zaragoza_Airport" }, "geometry": { "type": "Point", "coordinates": [ -1.004, 41.661 ] } },
{ "type": "Feature", "properties": { "raw_text": "METAR LEZL 280130Z AUTO VRB02KT CAVOK 17/14 Q1010", "station_id": "LEZL", "observation_time": "2026-04-28T01:30:00.000Z", "latitude": 37.418, "longitude": -5.893, "temp_c": 17.0, "dewpoint_c": 14.0, "wind_dir_degrees": 0.0, "wind_speed_kt": 2.0, "wind_gust_kt": 0.0, "visibility_statute_mi": 6.0, "altim_in_hg": 29.82, "sea_level_pressure_mb": 0.0, "quality_control_flags": null, "wx_string": "", "sky_condition": null, "flight_category": "VFR", "three_hr_pressure_tendency_mb": 0.0, "maxT_c": 0.0, "minT_c": 0.0, "maxT24hr_c": 0.0, "minT24hr_c": 0.0, "precip_in": 0.0, "pcp3hr_in": 0.0, "pcp6hr_in": 0.0, "pcp24hr_in": 0.0, "snow_in": 0.0, "vert_vis_ft": 0.0, "metar_type": "METAR", "elevation_m": 26.0, "municipality": "Seville", "continent": "EU", "iso_country": "ES", "iso_region": "ES-AN", "wikipedia_link": "https://en.wikipedia.org/wiki/Seville_Airport" }, "geometry": { "type": "Point", "coordinates": [ -5.893, 37.418 ] } },
{ "type": "Feature", "properties": { "raw_text": "METAR LFBD 280130Z AUTO 04006KT CAVOK 17/07 Q1015 TEMPO 4500 -SHRA BKN070TCU", "station_id": "LFBD", "observation_time": "2026-04-28T01:30:00.000Z", "latitude": 44.831, "longitude": -0.691, "temp_c": 17.0, "dewpoint_c": 7.0, "wind_dir_degrees": 40.0, "wind_speed_kt": 6.0, "wind_gust_kt": 0.0, "visibility_statute_mi": 6.0, "altim_in_hg": 29.97, "sea_level_pressure_mb": 0.0, "quality_control_flags": null, "wx_string": "", "sky_condition": null, "flight_category": "VFR", "three_hr_pressure_tendency_mb": 0.0, "maxT_c": 0.0, "minT_c": 0.0, "maxT24hr_c": 0.0, "minT24hr_c": 0.0, "precip_in": 0.0, "pcp3hr_in": 0.0, "pcp6hr_in": 0.0, "pcp24hr_in": 0.0, "snow_in": 0.0, "vert_vis_ft": 0.0, "metar_type": "METAR", "elevation_m": 48.0, "municipality": "Bordeaux", "continent": "EU", "iso_country": "FR", "iso_region": "FR-NAQ", "wikipedia_link": "https://en.wikipedia.org/wiki/Bordeaux%E2%80%93M%C3%A9rignac_Airport" }, "geometry": { "type": "Point", "coordinates": [ -0.691, 44.831 ] } },
{ "type": "Feature", "properties": { "raw_text": "METAR LFBO 280130Z AUTO 20004KT CAVOK 15/13 Q1015 NOSIG", "station_id": "LFBO", "observation_time": "2026-04-28T01:30:00.000Z", "latitude": 43.621, "longitude": 1.379, "temp_c": 15.0, "dewpoint_c": 13.0, "wind_dir_degrees": 200.0, "wind_speed_kt": 4.0, "wind_gust_kt": 0.0, "visibility_statute_mi": 6.0, "altim_in_hg": 29.97, "sea_level_pressure_mb": 0.0, "quality_control_flags": null, "wx_string": "", "sky_condition": null, "flight_category": "VFR", "three_hr_pressure_tendency_mb": 0.0, "maxT_c": 0.0, "minT_c": 0.0, "maxT24hr_c": 0.0, "minT24hr_c": 0.0, "precip_in": 0.0, "pcp3hr_in": 0.0, "pcp6hr_in": 0.0, "pcp24hr_in": 0.0, "snow_in": 0.0, "vert_vis_ft": 0.0, "metar_type": "METAR", "elevation_m": 150.0, "municipality": "Toulouse/Blagnac", "continent": "EU", "iso_country": "FR", "iso_region": "FR-OCC", "wikipedia_link": "https://en.wikipedia.org/wiki/Toulouse_Blagnac_International_Airport" }, "geometry": { "type": "Point", "coordinates": [ 1.379, 43.621 ] } },
{ "type": "Feature", "properties": { "raw_text": "METAR LFKB 280130Z AUTO 22004KT CAVOK 09/08 Q1016 NOSIG", "station_id": "LFKB", "observation_time": "2026-04-28T01:30:00.000Z", "latitude": 42.553, "longitude": 9.484, "temp_c": 9.0, "dewpoint_c": 8.0, "wind_dir_degrees": 220.0, "wind_speed_kt": 4.0, "wind_gust_kt": 0.0, "visibility_statute_mi": 6.0, "altim_in_hg": 30.0, "sea_level_pressure_mb": 0.0, "quality_control_flags": null, "wx_string": "", "sky_condition": null, "flight_category": "VFR", "three_hr_pressure_tendency_mb": 0.0, "maxT_c": 0.0, "minT_c": 0.0, "maxT24hr_c": 0.0, "minT24hr_c": 0.0, "precip_in": 0.0, "pcp3hr_in": 0.0, "pcp6hr_in": 0.0, "pcp24hr_in": 0.0, "snow_in": 0.0, "vert_vis_ft": 0.0, "metar_type": "METAR", "elevation_m": 7.0, "municipality": "Bastia", "continent": "EU", "iso_country": "FR", "iso_region": "FR-COR", "wikipedia_link": "https://en.wikipedia.org/wiki/Bastia_-_Poretta_Airport" }, "geometry": { "type": "Point", "coordinates": [ 9.484, 42.553 ] } },
{ "type": "Feature", "properties": { "raw_text": "METAR LFKF 280130Z AUTO 02004KT 360V070 CAVOK 13/11 Q1016", "station_id": "LFKF", "observation_time": "2026-04-28T01:30:00.000Z", "latitude": 41.501, "longitude": 9.098, "temp_c": 13.0, "dewpoint_c": 11.0, "wind_dir_degrees": 20.0, "wind_speed_kt": 4.0, "wind_gust_kt": 0.0, "visibility_statute_mi": 6.0, "altim_in_hg": 30.0, "sea_level_pressure_mb": 0.0, "quality_control_flags": null, "wx_string": "", "sky_condition": null, "flight_category": "VFR", "three_hr_pressure_tendency_mb": 0.0, "maxT_c": 0.0, "minT_c": 0.0, "maxT24hr_c": 0.0, "minT24hr_c": 0.0, "precip_in": 0.0, "pcp3hr_in": 0.0, "pcp6hr_in": 0.0, "pcp24hr_in": 0.0, "snow_in": 0.0, "vert_vis_ft": 0.0, "metar_type": "METAR", "elevation_m": 15.0, "municipality": "Figari", "continent": "EU", "iso_country": "FR", "iso_region": "FR-COR", "wikipedia_link": "https://en.wikipedia.org/wiki/Figari_Sud-Corse_Airport" }, "geometry": { "type": "Point", "coordinates": [ 9.098, 41.501 ] } },
{ "type": "Feature", "properties": { "raw_text": "METAR LFLC 280130Z AUTO 10002KT CAVOK 11/05 Q1016 TEMPO FEW070TCU", "station_id": "LFLC", "observation_time": "2026-04-28T01:30:00.000Z", "latitude": 45.787, "longitude": 3.169, "temp_c": 11.0, "dewpoint_c": 5.0, "wind_dir_degrees": 100.0, "wind_speed_kt": 2.0, "wind_gust_kt": 0.0, "visibility_statute_mi": 6.0, "altim_in_hg": 30.0, "sea_level_pressure_mb": 0.0, "quality_control_flags": null, "wx_string": "", "sky_condition": null, "flight_category": "VFR", "three_hr_pressure_tendency_mb": 0.0, "maxT_c": 0.0, "minT_c": 0.0, "maxT24hr_c": 0.0, "minT24hr_c": 0.0, "precip_in": 0.0, "pcp3hr_in": 0.0, "pcp6hr_in": 0.0, "pcp24hr_in": 0.0, "snow_in": 0.0, "vert_vis_ft": 0.0, "metar_type": "METAR", "elevation_m": 325.0, "municipality": "Clermont-Ferrand", "continent": "EU", "iso_country": "FR", "iso_region": "FR-ARA", "wikipedia_link": "https://en.wikipedia.org/wiki/Clermont-Ferrand_Auvergne_Airport" }, "geometry": { "type": "Point", "coordinates": [ 3.169, 45.787 ] } },
{ "type": "Feature", "properties": { "raw_text": "METAR LFLL 280130Z VRB01KT CAVOK 14/07 Q1015 NOSIG", "station_id": "LFLL", "observation_time": "2026-04-28T01:30:00.000Z", "latitude": 45.726, "longitude": 5.078, "temp_c": 14.0, "dewpoint_c": 7.0, "wind_dir_degrees": 0.0, "wind_speed_kt": 1.0, "wind_gust_kt": 0.0, "visibility_statute_mi": 6.0, "altim_in_hg": 29.97, "sea_level_pressure_mb": 0.0, "quality_control_flags": null, "wx_string": "", "sky_condition": null, "flight_category": "VFR", "three_hr_pressure_tendency_mb": 0.0, "maxT_c": 0.0, "minT_c": 0.0, "maxT24hr_c": 0.0, "minT24hr_c": 0.0, "precip_in": 0.0, "pcp3hr_in": 0.0, "pcp6hr_in": 0.0, "pcp24hr_in": 0.0, "snow_in": 0.0, "vert_vis_ft": 0.0, "metar_type": "METAR", "elevation_m": 234.0, "municipality": "Colombier-Saugnieu, Rhône", "continent": "EU", "iso_country": "FR", "iso_region": "FR-ARA", "wikipedia_link": "https://en.wikipedia.org/wiki/Lyon%E2%80%93Saint-Exup%C3%A9ry_Airport" }, "geometry": { "type": "Point", "coordinates": [ 5.078, 45.726 ] } },
{ "type": "Feature", "properties": { "raw_text": "METAR LFML 280130Z AUTO 14003KT CAVOK 13/12 Q1016 TEMPO 2000 BR BKN010", "station_id": "LFML", "observation_time": "2026-04-28T01:30:00.000Z", "latitude": 43.438, "longitude": 5.216, "temp_c": 13.0, "dewpoint_c": 12.0, "wind_dir_degrees": 140.0, "wind_speed_kt": 3.0, "wind_gust_kt": 0.0, "visibility_statute_mi": 6.0, "altim_in_hg": 30.0, "sea_level_pressure_mb": 0.0, "quality_control_flags": null, "wx_string": "", "sky_condition": null, "flight_category": "VFR", "three_hr_pressure_tendency_mb": 0.0, "maxT_c": 0.0, "minT_c": 0.0, "maxT24hr_c": 0.0, "minT24hr_c": 0.0, "precip_in": 0.0, "pcp3hr_in": 0.0, "pcp6hr_in": 0.0, "pcp24hr_in": 0.0, "snow_in": 0.0, "vert_vis_ft": 0.0, "metar_type": "METAR", "elevation_m": 20.0, "municipality": "Marignane, Bouches-du-Rhône", "continent": "EU", "iso_country": "FR", "iso_region": "FR-PAC", "wikipedia_link": "https://en.wikipedia.org/wiki/Marseille_Provence_Airport" }, "geometry": { "type": "Point", "coordinates": [ 5.216, 43.438 ] } },
{ "type": "Feature", "properties": { "raw_text": "METAR LFMN 280130Z 33004KT 9999 BKN010 15/12 Q1016 NOSIG", "station_id": "LFMN", "observation_time": "2026-04-28T01:30:00.000Z", "latitude": 43.658, "longitude": 7.216, "temp_c": 15.0, "dewpoint_c": 12.0, "wind_dir_degrees": 330.0, "wind_speed_kt": 4.0, "wind_gust_kt": 0.0, "visibility_statute_mi": 6.0, "altim_in_hg": 30.0, "sea_level_pressure_mb": 0.0, "quality_control_flags": null, "wx_string": "", "sky_condition": null, "flight_category": "MVFR", "three_hr_pressure_tendency_mb": 0.0, "maxT_c": 0.0, "minT_c": 0.0, "maxT24hr_c": 0.0, "minT24hr_c": 0.0, "precip_in": 0.0, "pcp3hr_in": 0.0, "pcp6hr_in": 0.0, "pcp24hr_in": 0.0, "snow_in": 0.0, "vert_vis_ft": 0.0, "metar_type": "METAR", "elevation_m": 4.0, "municipality": "Nice, Alpes-Maritimes", "continent": "EU", "iso_country": "FR", "iso_region": "FR-PAC", "wikipedia_link": "https://en.wikipedia.org/wiki/C%C3%B4te_d'Azur_International_Airport" }, "geometry": { "type": "Point", "coordinates": [ 7.216, 43.658 ] } },
{ "type": "Feature", "properties": { "raw_text": "METAR LFMT 280130Z AUTO 15004KT 110V170 9999 BKN009 BKN200 16/15 Q1016 TEMPO 0800 FG VV///", "station_id": "LFMT", "observation_time": "2026-04-28T01:30:00.000Z", "latitude": 43.577, "longitude": 3.963, "temp_c": 16.0, "dewpoint_c": 15.0, "wind_dir_degrees": 150.0, "wind_speed_kt": 4.0, "wind_gust_kt": 0.0, "visibility_statute_mi": 6.0, "altim_in_hg": 30.0, "sea_level_pressure_mb": 0.0, "quality_control_flags": null, "wx_string": "", "sky_condition": null, "flight_category": "IFR", "three_hr_pressure_tendency_mb": 0.0, "maxT_c": 0.0, "minT_c": 0.0, "maxT24hr_c": 0.0, "minT24hr_c": 0.0, "precip_in": 0.0, "pcp3hr_in": 0.0, "pcp6hr_in": 0.0, "pcp24hr_in": 0.0, "snow_in": 0.0, "vert_vis_ft": 0.0, "metar_type": "METAR", "elevation_m": 1.0, "municipality": "Montpellier/Méditerranée", "continent": "EU", "iso_country": "FR", "iso_region": "FR-OCC", "wikipedia_link": "https://en.wikipedia.org/wiki/Montpellier_-_M%C3%A9diterran%C3%A9e_Airport" }, "geometry": { "type": "Point", "coordinates": [ 3.963, 43.577 ] } },
{ "type": "Feature", "properties": { "raw_text": "METAR LFOB 280130Z AUTO 30004KT 250V340 CAVOK 08/05 Q1019 NOSIG", "station_id": "LFOB", "observation_time": "2026-04-28T01:30:00.000Z", "latitude": 49.454, "longitude": 2.113, "temp_c": 8.0, "dewpoint_c": 5.0, "wind_dir_degrees": 300.0, "wind_speed_kt": 4.0, "wind_gust_kt": 0.0, "visibility_statute_mi": 6.0, "altim_in_hg": 30.09, "sea_level_pressure_mb": 0.0, "quality_control_flags": null, "wx_string": "", "sky_condition": null, "flight_category": "VFR", "three_hr_pressure_tendency_mb": 0.0, "maxT_c": 0.0, "minT_c": 0.0, "maxT24hr_c": 0.0, "minT24hr_c": 0.0, "precip_in": 0.0, "pcp3hr_in": 0.0, "pcp6hr_in": 0.0, "pcp24hr_in": 0.0, "snow_in": 0.0, "vert_vis_ft": 0.0, "metar_type": "METAR", "elevation_m": 99.0, "municipality": "Beauvais", "continent": "EU", "iso_country": "FR", "iso_region": "FR-HDF", "wikipedia_link": "https://en.wikipedia.org/wiki/Paris_Beauvais_Till%C3%A9_Airport" }, "geometry": { "type": "Point", "coordinates": [ 2.113, 49.454 ] } },
{ "type": "Feature", "properties": { "raw_text": "METAR LFPB 280130Z AUTO 35007KT 320V020 CAVOK 11/05 Q1018 NOSIG", "station_id": "LFPB", "observation_time": "2026-04-28T01:30:00.000Z", "latitude": 48.967, "longitude": 2.428, "temp_c": 11.0, "dewpoint_c": 5.0, "wind_dir_degrees": 350.0, "wind_speed_kt": 7.0, "wind_gust_kt": 0.0, "visibility_statute_mi": 6.0, "altim_in_hg": 30.06, "sea_level_pressure_mb": 0.0, "quality_control_flags": null, "wx_string": "", "sky_condition": null, "flight_category": "VFR", "three_hr_pressure_tendency_mb": 0.0, "maxT_c": 0.0, "minT_c": 0.0, "maxT24hr_c": 0.0, "minT24hr_c": 0.0, "precip_in": 0.0, "pcp3hr_in": 0.0, "pcp6hr_in": 0.0, "pcp24hr_in": 0.0, "snow_in": 0.0, "vert_vis_ft": 0.0, "metar_type": "METAR", "elevation_m": 50.0, "municipality": "Paris", "continent": "EU", "iso_country": "FR", "iso_region": "FR-IDF", "wikipedia_link": "https://en.wikipedia.org/wiki/Le_Bourget_Airport" }, "geometry": { "type": "Point", "coordinates": [ 2.428, 48.967 ] } },
{ "type": "Feature", "properties": { "raw_text": "METAR LFPG 280130Z 36010KT CAVOK 10/05 Q1018 NOSIG", "station_id": "LFPG", "observation_time": "2026-04-28T01:30:00.000Z", "latitude": 49.015, "longitude": 2.534, "temp_c": 10.0, "dewpoint_c": 5.0, "wind_dir_degrees": 360.0, "wind_speed_kt": 10.0, "wind_gust_kt": 0.0, "visibility_statute_mi": 6.0, "altim_in_hg": 30.06, "sea_level_pressure_mb": 0.0, "quality_control_flags": null, "wx_string": "", "sky_condition": null, "flight_category": "VFR", "three_hr_pressure_tendency_mb": 0.0, "maxT_c": 0.0, "minT_c": 0.0, "maxT24hr_c": 0.0, "minT24hr_c": 0.0, "precip_in": 0.0, "pcp3hr_in": 0.0, "pcp6hr_in": 0.0, "pcp24hr_in": 0.0, "snow_in": 0.0, "vert_vis_ft": 0.0, "metar_type": "METAR", "elevation_m": 107.0, "municipality": "Paris (Roissy-en-France, Val-d'Oise)", "continent": "EU", "iso_country": "FR", "iso_region": "FR-IDF", "wikipedia_link": "https://en.wikipedia.org/wiki/Charles_de_Gaulle_Airport" }, "geometry": { "type": "Point", "coordinates": [ 2.534, 49.015 ] } },
{ "type": "Feature", "properties": { "raw_text": "METAR LFPO 280130Z AUTO 01009KT CAVOK 12/05 Q1018 NOSIG", "station_id": "LFPO", "observation_time": "2026-04-28T01:30:00.000Z", "latitude": 48.717, "longitude": 2.384, "temp_c": 12.0, "dewpoint_c": 5.0, "wind_dir_degrees": 10.0, "wind_speed_kt": 9.0, "wind_gust_kt": 0.0, "visibility_statute_mi": 6.0, "altim_in_hg": 30.06, "sea_level_pressure_mb": 0.0, "quality_control_flags": null, "wx_string": "", "sky_condition": null, "flight_category": "VFR", "three_hr_pressure_tendency_mb": 0.0, "maxT_c": 0.0, "minT_c": 0.0, "maxT24hr_c": 0.0, "minT24hr_c": 0.0, "precip_in": 0.0, "pcp3hr_in": 0.0, "pcp6hr_in": 0.0, "pcp24hr_in": 0.0, "snow_in": 0.0, "vert_vis_ft": 0.0, "metar_type": "METAR", "elevation_m": 88.0, "municipality": "Paris (Orly, Val-de-Marne)", "continent": "EU", "iso_country": "FR", "iso_region": "FR-IDF", "wikipedia_link": "https://en.wikipedia.org/wiki/Orly_Airport" }, "geometry": { "type": "Point", "coordinates": [ 2.384, 48.717 ] } },
{ "type": "Feature", "properties": { "raw_text": "METAR LFQQ 280130Z AUTO 01010KT CAVOK 12/03 Q1020 NOSIG", "station_id": "LFQQ", "observation_time": "2026-04-28T01:30:00.000Z", "latitude": 50.562, "longitude": 3.089, "temp_c": 12.0, "dewpoint_c": 3.0, "wind_dir_degrees": 10.0, "wind_speed_kt": 10.0, "wind_gust_kt": 0.0, "visibility_statute_mi": 6.0, "altim_in_hg": 30.12, "sea_level_pressure_mb": 0.0, "quality_control_flags": null, "wx_string": "", "sky_condition": null, "flight_category": "VFR", "three_hr_pressure_tendency_mb": 0.0, "maxT_c": 0.0, "minT_c": 0.0, "maxT24hr_c": 0.0, "minT24hr_c": 0.0, "precip_in": 0.0, "pcp3hr_in": 0.0, "pcp6hr_in": 0.0, "pcp24hr_in": 0.0, "snow_in": 0.0, "vert_vis_ft": 0.0, "metar_type": "METAR", "elevation_m": 43.0, "municipality": "Lesquin", "continent": "EU", "iso_country": "FR", "iso_region": "FR-HDF", "wikipedia_link": "https://en.wikipedia.org/wiki/Lille_Airport" }, "geometry": { "type": "Point", "coordinates": [ 3.089, 50.562 ] } },
{ "type": "Feature", "properties": { "raw_text": "METAR LFRB 280130Z AUTO 01005KT CAVOK 09/08 Q1021 TEMPO 3000 BR", "station_id": "LFRB", "observation_time": "2026-04-28T01:30:00.000Z", "latitude": 48.444, "longitude": -4.412, "temp_c": 9.0, "dewpoint_c": 8.0, "wind_dir_degrees": 10.0, "wind_speed_kt": 5.0, "wind_gust_kt": 0.0, "visibility_statute_mi": 6.0, "altim_in_hg": 30.15, "sea_level_pressure_mb": 0.0, "quality_control_flags": null, "wx_string": "", "sky_condition": null, "flight_category": "VFR", "three_hr_pressure_tendency_mb": 0.0, "maxT_c": 0.0, "minT_c": 0.0, "maxT24hr_c": 0.0, "minT24hr_c": 0.0, "precip_in": 0.0, "pcp3hr_in": 0.0, "pcp6hr_in": 0.0, "pcp24hr_in": 0.0, "snow_in": 0.0, "vert_vis_ft": 0.0, "metar_type": "METAR", "elevation_m": 91.0, "municipality": "Brest", "continent": "EU", "iso_country": "FR", "iso_region": "FR-BRE", "wikipedia_link": "https://en.wikipedia.org/wiki/Brest_Bretagne_Airport" }, "geometry": { "type": "Point", "coordinates": [ -4.412, 48.444 ] } },
{ "type": "Feature", "properties": { "raw_text": "METAR LFSB 280130Z AUTO 00000KT CAVOK 07/04 Q1016 NOSIG", "station_id": "LFSB", "observation_time": "2026-04-28T01:30:00.000Z", "latitude": 47.614, "longitude": 7.51, "temp_c": 7.0, "dewpoint_c": 4.0, "wind_dir_degrees": 0.0, "wind_speed_kt": 0.0, "wind_gust_kt": 0.0, "visibility_statute_mi": 6.0, "altim_in_hg": 30.0, "sea_level_pressure_mb": 0.0, "quality_control_flags": null, "wx_string": "", "sky_condition": null, "flight_category": "VFR", "three_hr_pressure_tendency_mb": 0.0, "maxT_c": 0.0, "minT_c": 0.0, "maxT24hr_c": 0.0, "minT24hr_c": 0.0, "precip_in": 0.0, "pcp3hr_in": 0.0, "pcp6hr_in": 0.0, "pcp24hr_in": 0.0, "snow_in": 0.0, "vert_vis_ft": 0.0, "metar_type": "METAR", "elevation_m": 262.0, "municipality": "Bâle / Mulhouse", "continent": "EU", "iso_country": "FR", "iso_region": "FR-GES", "wikipedia_link": "https://en.wikipedia.org/wiki/EuroAirport_Basel-Mulhouse-Freiburg" }, "geometry": { "type": "Point", "coordinates": [ 7.51, 47.614 ] } },
{ "type": "Feature", "properties": { "raw_text": "METAR LFST 280130Z AUTO 32005KT CAVOK 09/02 Q1016 NOSIG", "station_id": "LFST", "observation_time": "2026-04-28T01:30:00.000Z", "latitude": 48.549, "longitude": 7.64, "temp_c": 9.0, "dewpoint_c": 2.0, "wind_dir_degrees": 320.0, "wind_speed_kt": 5.0, "wind_gust_kt": 0.0, "visibility_statute_mi": 6.0, "altim_in_hg": 30.0, "sea_level_pressure_mb": 0.0, "quality_control_flags": null, "wx_string": "", "sky_condition": null, "flight_category": "VFR", "three_hr_pressure_tendency_mb": 0.0, "maxT_c": 0.0, "minT_c": 0.0, "maxT24hr_c": 0.0, "minT24hr_c": 0.0, "precip_in": 0.0, "pcp3hr_in": 0.0, "pcp6hr_in": 0.0, "pcp24hr_in": 0.0, "snow_in": 0.0, "vert_vis_ft": 0.0, "metar_type": "METAR", "elevation_m": 149.0, "municipality": "Strasbourg", "continent": "EU", "iso_country": "FR", "iso_region": "FR-GES", "wikipedia_link": "https://en.wikipedia.org/wiki/Strasbourg_Airport" }, "geometry": { "type": "Point", "coordinates": [ 7.64, 48.549 ] } },
{ "type": "Feature", "properties": { "raw_text": "METAR LGAV 280120Z 35004KT CAVOK 16/04 Q1017 NOSIG", "station_id": "LGAV", "observation_time": "2026-04-28T01:20:00.000Z", "latitude": 37.936, "longitude": 23.945, "temp_c": 16.0, "dewpoint_c": 4.0, "wind_dir_degrees": 350.0, "wind_speed_kt": 4.0, "wind_gust_kt": 0.0, "visibility_statute_mi": 6.0, "altim_in_hg": 30.03, "sea_level_pressure_mb": 0.0, "quality_control_flags": null, "wx_string": "", "sky_condition": null, "flight_category": "VFR", "three_hr_pressure_tendency_mb": 0.0, "maxT_c": 0.0, "minT_c": 0.0, "maxT24hr_c": 0.0, "minT24hr_c": 0.0, "precip_in": 0.0, "pcp3hr_in": 0.0, "pcp6hr_in": 0.0, "pcp24hr_in": 0.0, "snow_in": 0.0, "vert_vis_ft": 0.0, "metar_type": "METAR", "elevation_m": 83.0, "municipality": "Spata-Artemida", "continent": "EU", "iso_country": "GR", "iso_region": "GR-I", "wikipedia_link": "https://en.wikipedia.org/wiki/Athens_International_Airport" }, "geometry": { "type": "Point", "coordinates": [ 23.945, 37.936 ] } },
{ "type": "Feature", "properties": { "raw_text": "METAR LGIR 280120Z 17005KT 9999 FEW020 13/10 Q1016 NOSIG", "station_id": "LGIR", "observation_time": "2026-04-28T01:20:00.000Z", "latitude": 35.337, "longitude": 25.173, "temp_c": 13.0, "dewpoint_c": 10.0, "wind_dir_degrees": 170.0, "wind_speed_kt": 5.0, "wind_gust_kt": 0.0, "visibility_statute_mi": 6.0, "altim_in_hg": 30.0, "sea_level_pressure_mb": 0.0, "quality_control_flags": null, "wx_string": "", "sky_condition": null, "flight_category": "VFR", "three_hr_pressure_tendency_mb": 0.0, "maxT_c": 0.0, "minT_c": 0.0, "maxT24hr_c": 0.0, "minT24hr_c": 0.0, "precip_in": 0.0, "pcp3hr_in": 0.0, "pcp6hr_in": 0.0, "pcp24hr_in": 0.0, "snow_in": 0.0, "vert_vis_ft": 0.0, "metar_type": "METAR", "elevation_m": 37.0, "municipality": "Heraklion", "continent": "EU", "iso_country": "GR", "iso_region": "GR-M", "wikipedia_link": "https://en.wikipedia.org/wiki/Heraklion_International_Airport_\"Nikos_Kazantzakis\"" }, "geometry": { "type": "Point", "coordinates": [ 25.173, 35.337 ] } },
{ "type": "Feature", "properties": { "raw_text": "METAR LGKO 280050Z 36013KT CAVOK 17/11 Q1013", "station_id": "LGKO", "observation_time": "2026-04-28T00:50:00.000Z", "latitude": 36.801, "longitude": 27.091, "temp_c": 17.0, "dewpoint_c": 11.0, "wind_dir_degrees": 360.0, "wind_speed_kt": 13.0, "wind_gust_kt": 0.0, "visibility_statute_mi": 6.0, "altim_in_hg": 29.91, "sea_level_pressure_mb": 0.0, "quality_control_flags": null, "wx_string": "", "sky_condition": null, "flight_category": "VFR", "three_hr_pressure_tendency_mb": 0.0, "maxT_c": 0.0, "minT_c": 0.0, "maxT24hr_c": 0.0, "minT24hr_c": 0.0, "precip_in": 0.0, "pcp3hr_in": 0.0, "pcp6hr_in": 0.0, "pcp24hr_in": 0.0, "snow_in": 0.0, "vert_vis_ft": 0.0, "metar_type": "METAR", "elevation_m": 130.0, "municipality": "Kos Island", "continent": "AS", "iso_country": "GR", "iso_region": "GR-L", "wikipedia_link": "https://en.wikipedia.org/wiki/Kos_International_Airport" }, "geometry": { "type": "Point", "coordinates": [ 27.091, 36.801 ] } },
{ "type": "Feature", "properties": { "raw_text": "METAR LGKR 280120Z VRB02KT 9999 FEW030 14/12 Q1016 NOSIG", "station_id": "LGKR", "observation_time": "2026-04-28T01:20:00.000Z", "latitude": 39.61, "longitude": 19.913, "temp_c": 14.0, "dewpoint_c": 12.0, "wind_dir_degrees": 0.0, "wind_speed_kt": 2.0, "wind_gust_kt": 0.0, "visibility_statute_mi": 6.0, "altim_in_hg": 30.0, "sea_level_pressure_mb": 0.0, "quality_control_flags": null, "wx_string": "", "sky_condition": null, "flight_category": "VFR", "three_hr_pressure_tendency_mb": 0.0, "maxT_c": 0.0, "minT_c": 0.0, "maxT24hr_c": 0.0, "minT24hr_c": 0.0, "precip_in": 0.0, "pcp3hr_in": 0.0, "pcp6hr_in": 0.0, "pcp24hr_in": 0.0, "snow_in": 0.0, "vert_vis_ft": 0.0, "metar_type": "METAR", "elevation_m": 2.0, "municipality": "Kerkyra (Corfu)", "continent": "EU", "iso_country": "GR", "iso_region": "GR-F", "wikipedia_link": "https://en.wikipedia.org/wiki/Corfu_International_Airport" }, "geometry": { "type": "Point", "coordinates": [ 19.913, 39.61 ] } },
{ "type": "Feature", "properties": { "raw_text": "METAR LGKV 280050Z 00000KT CAVOK 09/08 Q1019", "station_id": "LGKV", "observation_time": "2026-04-28T00:50:00.000Z", "latitude": 40.915, "longitude": 24.622, "temp_c": 9.0, "dewpoint_c": 8.0, "wind_dir_degrees": 0.0, "wind_speed_kt": 0.0, "wind_gust_kt": 0.0, "visibility_statute_mi": 6.0, "altim_in_hg": 30.09, "sea_level_pressure_mb": 0.0, "quality_control_flags": null, "wx_string": "", "sky_condition": null, "flight_category": "VFR", "three_hr_pressure_tendency_mb": 0.0, "maxT_c": 0.0, "minT_c": 0.0, "maxT24hr_c": 0.0, "minT24hr_c": 0.0, "precip_in": 0.0, "pcp3hr_in": 0.0, "pcp6hr_in": 0.0, "pcp24hr_in": 0.0, "snow_in": 0.0, "vert_vis_ft": 0.0, "metar_type": "METAR", "elevation_m": 5.0, "municipality": "Kavala", "continent": "EU", "iso_country": "GR", "iso_region": "GR-A", "wikipedia_link": "https://en.wikipedia.org/wiki/Kavala_International_Airport" }, "geometry": { "type": "Point", "coordinates": [ 24.622, 40.915 ] } },
{ "type": "Feature", "properties": { "raw_text": "METAR LGRP 280120Z 24007KT 9999 FEW020 18/13 Q1012 NOSIG", "station_id": "LGRP", "observation_time": "2026-04-28T01:20:00.000Z", "latitude": 36.405, "longitude": 28.086, "temp_c": 18.0, "dewpoint_c": 13.0, "wind_dir_degrees": 240.0, "wind_speed_kt": 7.0, "wind_gust_kt": 0.0, "visibility_statute_mi": 6.0, "altim_in_hg": 29.88, "sea_level_pressure_mb": 0.0, "quality_control_flags": null, "wx_string": "", "sky_condition": null, "flight_category": "VFR", "three_hr_pressure_tendency_mb": 0.0, "maxT_c": 0.0, "minT_c": 0.0, "maxT24hr_c": 0.0, "minT24hr_c": 0.0, "precip_in": 0.0, "pcp3hr_in": 0.0, "pcp6hr_in": 0.0, "pcp24hr_in": 0.0, "snow_in": 0.0, "vert_vis_ft": 0.0, "metar_type": "METAR", "elevation_m": 3.0, "municipality": "Rhodes", "continent": "AS", "iso_country": "GR", "iso_region": "GR-L", "wikipedia_link": "https://en.wikipedia.org/wiki/Rhodes_International_Airport" }, "geometry": { "type": "Point", "coordinates": [ 28.086, 36.405 ] } },
{ "type": "Feature", "properties": { "raw_text": "METAR LGSA 280120Z 00000KT 9999 FEW018 15/08 Q1015", "station_id": "LGSA", "observation_time": "2026-04-28T01:20:00.000Z", "latitude": 35.54, "longitude": 24.141, "temp_c": 15.0, "dewpoint_c": 8.0, "wind_dir_degrees": 0.0, "wind_speed_kt": 0.0, "wind_gust_kt": 0.0, "visibility_statute_mi": 6.0, "altim_in_hg": 29.97, "sea_level_pressure_mb": 0.0, "quality_control_flags": null, "wx_string": "", "sky_condition": null, "flight_category": "VFR", "three_hr_pressure_tendency_mb": 0.0, "maxT_c": 0.0, "minT_c": 0.0, "maxT24hr_c": 0.0, "minT24hr_c": 0.0, "precip_in": 0.0, "pcp3hr_in": 0.0, "pcp6hr_in": 0.0, "pcp24hr_in": 0.0, "snow_in": 0.0, "vert_vis_ft": 0.0, "metar_type": "METAR", "elevation_m": 122.0, "municipality": "Souda", "continent": "AS", "iso_country": "GR", "iso_region": "GR-M", "wikipedia_link": "https://en.wikipedia.org/wiki/Chania_International_Airport" }, "geometry": { "type": "Point", "coordinates": [ 24.141, 35.54 ] } },
{ "type": "Feature", "properties": { "raw_text": "METAR LGTS 280120Z 12006KT 9999 FEW025 09/09 Q1019 NOSIG", "station_id": "LGTS", "observation_time": "2026-04-28T01:20:00.000Z", "latitude": 40.52, "longitude": 22.971, "temp_c": 9.0, "dewpoint_c": 9.0, "wind_dir_degrees": 120.0, "wind_speed_kt": 6.0, "wind_gust_kt": 0.0, "visibility_statute_mi": 6.0, "altim_in_hg": 30.09, "sea_level_pressure_mb": 0.0, "quality_control_flags": null, "wx_string": "", "sky_condition": null, "flight_category": "VFR", "three_hr_pressure_tendency_mb": 0.0, "maxT_c": 0.0, "minT_c": 0.0, "maxT24hr_c": 0.0, "minT24hr_c": 0.0, "precip_in": 0.0, "pcp3hr_in": 0.0, "pcp6hr_in": 0.0, "pcp24hr_in": 0.0, "snow_in": 0.0, "vert_vis_ft": 0.0, "metar_type": "METAR", "elevation_m": 4.0, "municipality": "Thessaloniki", "continent": "EU", "iso_country": "GR", "iso_region": "GR-B", "wikipedia_link": "https://en.wikipedia.org/wiki/Thessaloniki_Airport" }, "geometry": { "type": "Point", "coordinates": [ 22.971, 40.52 ] } },
{ "type": "Feature", "properties": { "raw_text": "METAR LHBP 280130Z VRB02KT CAVOK 05/M00 Q1019 NOSIG", "station_id": "LHBP", "observation_time": "2026-04-28T01:30:00.000Z", "latitude": 47.437, "longitude": 19.256, "temp_c": 5.0, "dewpoint_c": 0.0, "wind_dir_degrees": 0.0, "wind_speed_kt": 2.0, "wind_gust_kt": 0.0, "visibility_statute_mi": 6.0, "altim_in_hg": 30.09, "sea_level_pressure_mb": 0.0, "quality_control_flags": null, "wx_string": "", "sky_condition": null, "flight_category": "VFR", "three_hr_pressure_tendency_mb": 0.0, "maxT_c": 0.0, "minT_c": 0.0, "maxT24hr_c": 0.0, "minT24hr_c": 0.0, "precip_in": 0.0, "pcp3hr_in": 0.0, "pcp6hr_in": 0.0, "pcp24hr_in": 0.0, "snow_in": 0.0, "vert_vis_ft": 0.0, "metar_type": "METAR", "elevation_m": 141.0, "municipality": "Budapest", "continent": "EU", "iso_country": "HU", "iso_region": "HU-BU", "wikipedia_link": "https://en.wikipedia.org/wiki/Budapest_Ferenc_Liszt_International_Airport" }, "geometry": { "type": "Point", "coordinates": [ 19.256, 47.437 ] } },
{ "type": "Feature", "properties": { "raw_text": "METAR LHDC 280115Z AUTO 02003KT 330V050 CAVOK 05/M02 Q1020", "station_id": "LHDC", "observation_time": "2026-04-28T01:15:00.000Z", "latitude": 47.489, "longitude": 21.615, "temp_c": 5.0, "dewpoint_c": -2.0, "wind_dir_degrees": 20.0, "wind_speed_kt": 3.0, "wind_gust_kt": 0.0, "visibility_statute_mi": 6.0, "altim_in_hg": 30.12, "sea_level_pressure_mb": 0.0, "quality_control_flags": null, "wx_string": "", "sky_condition": null, "flight_category": "VFR", "three_hr_pressure_tendency_mb": 0.0, "maxT_c": 0.0, "minT_c": 0.0, "maxT24hr_c": 0.0, "minT24hr_c": 0.0, "precip_in": 0.0, "pcp3hr_in": 0.0, "pcp6hr_in": 0.0, "pcp24hr_in": 0.0, "snow_in": 0.0, "vert_vis_ft": 0.0, "metar_type": "METAR", "elevation_m": 105.0, "municipality": "Debrecen", "continent": "EU", "iso_country": "HU", "iso_region": "HU-HB", "wikipedia_link": "https://en.wikipedia.org/wiki/Debrecen_International_Airport" }, "geometry": { "type": "Point", "coordinates": [ 21.615, 47.489 ] } },
{ "type": "Feature", "properties": { "raw_text": "METAR LHPP 280115Z AUTO 05006KT CAVOK 10/00 Q1019", "station_id": "LHPP", "observation_time": "2026-04-28T01:15:00.000Z", "latitude": 45.991, "longitude": 18.241, "temp_c": 10.0, "dewpoint_c": 0.0, "wind_dir_degrees": 50.0, "wind_speed_kt": 6.0, "wind_gust_kt": 0.0, "visibility_statute_mi": 6.0, "altim_in_hg": 30.09, "sea_level_pressure_mb": 0.0, "quality_control_flags": null, "wx_string": "", "sky_condition": null, "flight_category": "VFR", "three_hr_pressure_tendency_mb": 0.0, "maxT_c": 0.0, "minT_c": 0.0, "maxT24hr_c": 0.0, "minT24hr_c": 0.0, "precip_in": 0.0, "pcp3hr_in": 0.0, "pcp6hr_in": 0.0, "pcp24hr_in": 0.0, "snow_in": 0.0, "vert_vis_ft": 0.0, "metar_type": "METAR", "elevation_m": 193.0, "municipality": "Pécs", "continent": "EU", "iso_country": "HU", "iso_region": "HU-BA", "wikipedia_link": "https://en.wikipedia.org/wiki/P%C3%A9cs-Pog%C3%A1ny_International_Airport" }, "geometry": { "type": "Point", "coordinates": [ 18.241, 45.991 ] } },
{ "type": "Feature", "properties": { "raw_text": "METAR LIBD 280120Z 23005KT CAVOK 10/08 Q1016", "station_id": "LIBD", "observation_time": "2026-04-28T01:20:00.000Z", "latitude": 41.138, "longitude": 16.765, "temp_c": 10.0, "dewpoint_c": 8.0, "wind_dir_degrees": 230.0, "wind_speed_kt": 5.0, "wind_gust_kt": 0.0, "visibility_statute_mi": 6.0, "altim_in_hg": 30.0, "sea_level_pressure_mb": 0.0, "quality_control_flags": null, "wx_string": "", "sky_condition": null, "flight_category": "VFR", "three_hr_pressure_tendency_mb": 0.0, "maxT_c": 0.0, "minT_c": 0.0, "maxT24hr_c": 0.0, "minT24hr_c": 0.0, "precip_in": 0.0, "pcp3hr_in": 0.0, "pcp6hr_in": 0.0, "pcp24hr_in": 0.0, "snow_in": 0.0, "vert_vis_ft": 0.0, "metar_type": "METAR", "elevation_m": 42.0, "municipality": "Bari", "continent": "EU", "iso_country": "IT", "iso_region": "IT-75", "wikipedia_link": "https://en.wikipedia.org/wiki/Bari_Karol_Wojty%C5%82a_Airport" }, "geometry": { "type": "Point", "coordinates": [ 16.765, 41.138 ] } },
{ "type": "Feature", "properties": { "raw_text": "METAR LIBP 280120Z AUTO 22005KT 9999 NCD 10/10 Q1015", "station_id": "LIBP", "observation_time": "2026-04-28T01:20:00.000Z", "latitude": 42.432, "longitude": 14.181, "temp_c": 10.0, "dewpoint_c": 10.0, "wind_dir_degrees": 220.0, "wind_speed_kt": 5.0, "wind_gust_kt": 0.0, "visibility_statute_mi": 6.0, "altim_in_hg": 29.97, "sea_level_pressure_mb": 0.0, "quality_control_flags": null, "wx_string": "", "sky_condition": null, "flight_category": "VFR", "three_hr_pressure_tendency_mb": 0.0, "maxT_c": 0.0, "minT_c": 0.0, "maxT24hr_c": 0.0, "minT24hr_c": 0.0, "precip_in": 0.0, "pcp3hr_in": 0.0, "pcp6hr_in": 0.0, "pcp24hr_in": 0.0, "snow_in": 0.0, "vert_vis_ft": 0.0, "metar_type": "METAR", "elevation_m": 10.0, "municipality": "Pescara", "continent": "EU", "iso_country": "IT", "iso_region": "IT-65", "wikipedia_link": "https://en.wikipedia.org/wiki/Abruzzo_Airport" }, "geometry": { "type": "Point", "coordinates": [ 14.181, 42.432 ] } },
{ "type": "Feature", "properties": { "raw_text": "METAR LIBR 280120Z VRB02KT CAVOK 13/11 Q1016", "station_id": "LIBR", "observation_time": "2026-04-28T01:20:00.000Z", "latitude": 40.658, "longitude": 17.951, "temp_c": 13.0, "dewpoint_c": 11.0, "wind_dir_degrees": 0.0, "wind_speed_kt": 2.0, "wind_gust_kt": 0.0, "visibility_statute_mi": 6.0, "altim_in_hg": 30.0, "sea_level_pressure_mb": 0.0, "quality_control_flags": null, "wx_string": "", "sky_condition": null, "flight_category": "VFR", "three_hr_pressure_tendency_mb": 0.0, "maxT_c": 0.0, "minT_c": 0.0, "maxT24hr_c": 0.0, "minT24hr_c": 0.0, "precip_in": 0.0, "pcp3hr_in": 0.0, "pcp6hr_in": 0.0, "pcp24hr_in": 0.0, "snow_in": 0.0, "vert_vis_ft": 0.0, "metar_type": "METAR", "elevation_m": 5.0, "municipality": "Brindisi", "continent": "EU", "iso_country": "IT", "iso_region": "IT-75", "wikipedia_link": "https://en.wikipedia.org/wiki/Brindisi_Airport" }, "geometry": { "type": "Point", "coordinates": [ 17.951, 40.658 ] } },
{ "type": "Feature", "properties": { "raw_text": "METAR LICA 280120Z AUTO 09005KT 9999 FEW012/// 09/09 Q1017", "station_id": "LICA", "observation_time": "2026-04-28T01:20:00.000Z", "latitude": 38.908, "longitude": 16.242, "temp_c": 9.0, "dewpoint_c": 9.0, "wind_dir_degrees": 90.0, "wind_speed_kt": 5.0, "wind_gust_kt": 0.0, "visibility_statute_mi": 6.0, "altim_in_hg": 30.03, "sea_level_pressure_mb": 0.0, "quality_control_flags": null, "wx_string": "", "sky_condition": null, "flight_category": "VFR", "three_hr_pressure_tendency_mb": 0.0, "maxT_c": 0.0, "minT_c": 0.0, "maxT24hr_c": 0.0, "minT24hr_c": 0.0, "precip_in": 0.0, "pcp3hr_in": 0.0, "pcp6hr_in": 0.0, "pcp24hr_in": 0.0, "snow_in": 0.0, "vert_vis_ft": 0.0, "metar_type": "METAR", "elevation_m": 7.0, "municipality": "Lamezia Terme (CZ)", "continent": "EU", "iso_country": "IT", "iso_region": "IT-78", "wikipedia_link": "https://en.wikipedia.org/wiki/Lamezia_Terme_International_Airport" }, "geometry": { "type": "Point", "coordinates": [ 16.242, 38.908 ] } },
{ "type": "Feature", "properties": { "raw_text": "METAR LICC 280120Z 21006KT CAVOK 11/06 Q1016", "station_id": "LICC", "observation_time": "2026-04-28T01:20:00.000Z", "latitude": 37.467, "longitude": 15.064, "temp_c": 11.0, "dewpoint_c": 6.0, "wind_dir_degrees": 210.0, "wind_speed_kt": 6.0, "wind_gust_kt": 0.0, "visibility_statute_mi": 6.0, "altim_in_hg": 30.0, "sea_level_pressure_mb": 0.0, "quality_control_flags": null, "wx_string": "", "sky_condition": null, "flight_category": "VFR", "three_hr_pressure_tendency_mb": 0.0, "maxT_c": 0.0, "minT_c": 0.0, "maxT24hr_c": 0.0, "minT24hr_c": 0.0, "precip_in": 0.0, "pcp3hr_in": 0.0, "pcp6hr_in": 0.0, "pcp24hr_in": 0.0, "snow_in": 0.0, "vert_vis_ft": 0.0, "metar_type": "METAR", "elevation_m": 6.0, "municipality": "Catania", "continent": "EU", "iso_country": "IT", "iso_region": "IT-82", "wikipedia_link": "https://en.wikipedia.org/wiki/Catania-Fontanarossa_Airport" }, "geometry": { "type": "Point", "coordinates": [ 15.064, 37.467 ] } },
{ "type": "Feature", "properties": { "raw_text": "METAR LICJ 280120Z 17003KT 150V210 CAVOK 16/14 Q1016", "station_id": "LICJ", "observation_time": "2026-04-28T01:20:00.000Z", "latitude": 38.176, "longitude": 13.091, "temp_c": 16.0, "dewpoint_c": 14.0, "wind_dir_degrees": 170.0, "wind_speed_kt": 3.0, "wind_gust_kt": 0.0, "visibility_statute_mi": 6.0, "altim_in_hg": 30.0, "sea_level_pressure_mb": 0.0, "quality_control_flags": null, "wx_string": "", "sky_condition": null, "flight_category": "VFR", "three_hr_pressure_tendency_mb": 0.0, "maxT_c": 0.0, "minT_c": 0.0, "maxT24hr_c": 0.0, "minT24hr_c": 0.0, "precip_in": 0.0, "pcp3hr_in": 0.0, "pcp6hr_in": 0.0, "pcp24hr_in": 0.0, "snow_in": 0.0, "vert_vis_ft": 0.0, "metar_type": "METAR", "elevation_m": 20.0, "municipality": "Palermo", "continent": "EU", "iso_country": "IT", "iso_region": "IT-82", "wikipedia_link": "https://en.wikipedia.org/wiki/Falcone%E2%80%93Borsellino_Airport" }, "geometry": { "type": "Point", "coordinates": [ 13.091, 38.176 ] } },
{ "type": "Feature", "properties": { "raw_text": "METAR LIEE 280120Z 35004KT CAVOK 11/08 Q1016", "station_id": "LIEE", "observation_time": "2026-04-28T01:20:00.000Z", "latitude": 39.243, "longitude": 9.06, "temp_c": 11.0, "dewpoint_c": 8.0, "wind_dir_degrees": 350.0, "wind_speed_kt": 4.0, "wind_gust_kt": 0.0, "visibility_statute_mi": 6.0, "altim_in_hg": 30.0, "sea_level_pressure_mb": 0.0, "quality_control_flags": null, "wx_string": "", "sky_condition": null, "flight_category": "VFR", "three_hr_pressure_tendency_mb": 0.0, "maxT_c": 0.0, "minT_c": 0.0, "maxT24hr_c": 0.0, "minT24hr_c": 0.0, "precip_in": 0.0, "pcp3hr_in": 0.0, "pcp6hr_in": 0.0, "pcp24hr_in": 0.0, "snow_in": 0.0, "vert_vis_ft": 0.0, "metar_type": "METAR", "elevation_m": 1.0, "municipality": "Cagliari", "continent": "EU", "iso_country": "IT", "iso_region": "IT-88", "wikipedia_link": "https://en.wikipedia.org/wiki/Cagliari_Elmas_Airport" }, "geometry": { "type": "Point", "coordinates": [ 9.06, 39.243 ] } },
{ "type": "Feature", "properties": { "raw_text": "METAR LIEO 280120Z 22001KT CAVOK 08/07 Q1016", "station_id": "LIEO", "observation_time": "2026-04-28T01:20:00.000Z", "latitude": 40.899, "longitude": 9.518, "temp_c": 8.0, "dewpoint_c": 7.0, "wind_dir_degrees": 220.0, "wind_speed_kt": 1.0, "wind_gust_kt": 0.0, "visibility_statute_mi": 6.0, "altim_in_hg": 30.0, "sea_level_pressure_mb": 0.0, "quality_control_flags": null, "wx_string": "", "sky_condition": null, "flight_category": "VFR", "three_hr_pressure_tendency_mb": 0.0, "maxT_c": 0.0, "minT_c": 0.0, "maxT24hr_c": 0.0, "minT24hr_c": 0.0, "precip_in": 0.0, "pcp3hr_in": 0.0, "pcp6hr_in": 0.0, "pcp24hr_in": 0.0, "snow_in": 0.0, "vert_vis_ft": 0.0, "metar_type": "METAR", "elevation_m": 8.0, "municipality": "Olbia (SS)", "continent": "EU", "iso_country": "IT", "iso_region": "IT-88", "wikipedia_link": "https://en.wikipedia.org/wiki/Olbia_Costa_Smeralda_Airport" }, "geometry": { "type": "Point", "coordinates": [ 9.518, 40.899 ] } },
{ "type": "Feature", "properties": { "raw_text": "METAR LIMC 280120Z VRB01KT 9999 SCT070 12/10 Q1015 NOSIG", "station_id": "LIMC", "observation_time": "2026-04-28T01:20:00.000Z", "latitude": 45.631, "longitude": 8.728, "temp_c": 12.0, "dewpoint_c": 10.0, "wind_dir_degrees": 0.0, "wind_speed_kt": 1.0, "wind_gust_kt": 0.0, "visibility_statute_mi": 6.0, "altim_in_hg": 29.97, "sea_level_pressure_mb": 0.0, "quality_control_flags": null, "wx_string": "", "sky_condition": null, "flight_category": "VFR", "three_hr_pressure_tendency_mb": 0.0, "maxT_c": 0.0, "minT_c": 0.0, "maxT24hr_c": 0.0, "minT24hr_c": 0.0, "precip_in": 0.0, "pcp3hr_in": 0.0, "pcp6hr_in": 0.0, "pcp24hr_in": 0.0, "snow_in": 0.0, "vert_vis_ft": 0.0, "metar_type": "METAR", "elevation_m": 221.0, "municipality": "Ferno (VA)", "continent": "EU", "iso_country": "IT", "iso_region": "IT-25", "wikipedia_link": "https://en.wikipedia.org/wiki/Malpensa_Airport" }, "geometry": { "type": "Point", "coordinates": [ 8.728, 45.631 ] } },
{ "type": "Feature", "properties": { "raw_text": "METAR LIME 280120Z 02004KT 9999 SCT055 17/11 Q1015 NOSIG", "station_id": "LIME", "observation_time": "2026-04-28T01:20:00.000Z", "latitude": 45.674, "longitude": 9.704, "temp_c": 17.0, "dewpoint_c": 11.0, "wind_dir_degrees": 20.0, "wind_speed_kt": 4.0, "wind_gust_kt": 0.0, "visibility_statute_mi": 6.0, "altim_in_hg": 29.97, "sea_level_pressure_mb": 0.0, "quality_control_flags": null, "wx_string": "", "sky_condition": null, "flight_category": "VFR", "three_hr_pressure_tendency_mb": 0.0, "maxT_c": 0.0, "minT_c": 0.0, "maxT24hr_c": 0.0, "minT24hr_c": 0.0, "precip_in": 0.0, "pcp3hr_in": 0.0, "pcp6hr_in": 0.0, "pcp24hr_in": 0.0, "snow_in": 0.0, "vert_vis_ft": 0.0, "metar_type": "METAR", "elevation_m": 239.0, "municipality": "Orio al Serio (BG)", "continent": "EU", "iso_country": "IT", "iso_region": "IT-25", "wikipedia_link": "https://en.wikipedia.org/wiki/Orio_al_Serio_International_Airport" }, "geometry": { "type": "Point", "coordinates": [ 9.704, 45.674 ] } },
{ "type": "Feature", "properties": { "raw_text": "METAR LIMF 280120Z 04004KT 9999 SCT090 16/12 Q1015", "station_id": "LIMF", "observation_time": "2026-04-28T01:20:00.000Z", "latitude": 45.203, "longitude": 7.649, "temp_c": 16.0, "dewpoint_c": 12.0, "wind_dir_degrees": 40.0, "wind_speed_kt": 4.0, "wind_gust_kt": 0.0, "visibility_statute_mi": 6.0, "altim_in_hg": 29.97, "sea_level_pressure_mb": 0.0, "quality_control_flags": null, "wx_string": "", "sky_condition": null, "flight_category": "VFR", "three_hr_pressure_tendency_mb": 0.0, "maxT_c": 0.0, "minT_c": 0.0, "maxT24hr_c": 0.0, "minT24hr_c": 0.0, "precip_in": 0.0, "pcp3hr_in": 0.0, "pcp6hr_in": 0.0, "pcp24hr_in": 0.0, "snow_in": 0.0, "vert_vis_ft": 0.0, "metar_type": "METAR", "elevation_m": 295.0, "municipality": "Caselle Torinese (TO)", "continent": "EU", "iso_country": "IT", "iso_region": "IT-21", "wikipedia_link": "https://en.wikipedia.org/wiki/Turin_International_Airport" }, "geometry": { "type": "Point", "coordinates": [ 7.649, 45.203 ] } },
{ "type": "Feature", "properties": { "raw_text": "METAR LIMJ 280120Z 01003KT CAVOK 15/12 Q1016", "station_id": "LIMJ", "observation_time": "2026-04-28T01:20:00.000Z", "latitude": 44.413, "longitude": 8.838, "temp_c": 15.0, "dewpoint_c": 12.0, "wind_dir_degrees": 10.0, "wind_speed_kt": 3.0, "wind_gust_kt": 0.0, "visibility_statute_mi": 6.0, "altim_in_hg": 30.0, "sea_level_pressure_mb": 0.0, "quality_control_flags": null, "wx_string": "", "sky_condition": null, "flight_category": "VFR", "three_hr_pressure_tendency_mb": 0.0, "maxT_c": 0.0, "minT_c": 0.0, "maxT24hr_c": 0.0, "minT24hr_c": 0.0, "precip_in": 0.0, "pcp3hr_in": 0.0, "pcp6hr_in": 0.0, "pcp24hr_in": 0.0, "snow_in": 0.0, "vert_vis_ft": 0.0, "metar_type": "METAR", "elevation_m": 3.0, "municipality": "Genova (GE)", "continent": "EU", "iso_country": "IT", "iso_region": "IT-42", "wikipedia_link": "https://en.wikipedia.org/wiki/Genoa_Cristoforo_Colombo_Airport" }, "geometry": { "type": "Point", "coordinates": [ 8.838, 44.413 ] } },
{ "type": "Feature", "properties": { "raw_text": "METAR LIML 280120Z 04003KT 010V090 CAVOK 17/10 Q1015 NOSIG", "station_id": "LIML", "observation_time": "2026-04-28T01:20:00.000Z", "latitude": 45.461, "longitude": 9.263, "temp_c": 17.0, "dewpoint_c": 10.0, "wind_dir_degrees": 40.0, "wind_speed_kt": 3.0, "wind_gust_kt": 0.0, "visibility_statute_mi": 6.0, "altim_in_hg": 29.97, "sea_level_pressure_mb": 0.0, "quality_control_flags": null, "wx_string": "", "sky_condition": null, "flight_category": "VFR", "three_hr_pressure_tendency_mb": 0.0, "maxT_c": 0.0, "minT_c": 0.0, "maxT24hr_c": 0.0, "minT24hr_c": 0.0, "precip_in": 0.0, "pcp3hr_in": 0.0, "pcp6hr_in": 0.0, "pcp24hr_in": 0.0, "snow_in": 0.0, "vert_vis_ft": 0.0, "metar_type": "METAR", "elevation_m": 109.0, "municipality": "Segrate (MI)", "continent": "EU", "iso_country": "IT", "iso_region": "IT-25", "wikipedia_link": "https://en.wikipedia.org/wiki/Linate_Airport" }, "geometry": { "type": "Point", "coordinates": [ 9.263, 45.461 ] } },
{ "type": "Feature", "properties": { "raw_text": "METAR LIPE 280120Z VRB02KT CAVOK 14/09 Q1015", "station_id": "LIPE", "observation_time": "2026-04-28T01:20:00.000Z", "latitude": 44.531, "longitude": 11.297, "temp_c": 14.0, "dewpoint_c": 9.0, "wind_dir_degrees": 0.0, "wind_speed_kt": 2.0, "wind_gust_kt": 0.0, "visibility_statute_mi": 6.0, "altim_in_hg": 29.97, "sea_level_pressure_mb": 0.0, "quality_control_flags": null, "wx_string": "", "sky_condition": null, "flight_category": "VFR", "three_hr_pressure_tendency_mb": 0.0, "maxT_c": 0.0, "minT_c": 0.0, "maxT24hr_c": 0.0, "minT24hr_c": 0.0, "precip_in": 0.0, "pcp3hr_in": 0.0, "pcp6hr_in": 0.0, "pcp24hr_in": 0.0, "snow_in": 0.0, "vert_vis_ft": 0.0, "metar_type": "METAR", "elevation_m": 37.0, "municipality": "Bologna", "continent": "EU", "iso_country": "IT", "iso_region": "IT-45", "wikipedia_link": "https://en.wikipedia.org/wiki/Bologna_Airport" }, "geometry": { "type": "Point", "coordinates": [ 11.297, 44.531 ] } },
{ "type": "Feature", "properties": { "raw_text": "METAR LIPH 280120Z AUTO VRB02KT 9999 NCD 14/11 Q1016", "station_id": "LIPH", "observation_time": "2026-04-28T01:20:00.000Z", "latitude": 45.648, "longitude": 12.194, "temp_c": 14.0, "dewpoint_c": 11.0, "wind_dir_degrees": 0.0, "wind_speed_kt": 2.0, "wind_gust_kt": 0.0, "visibility_statute_mi": 6.0, "altim_in_hg": 30.0, "sea_level_pressure_mb": 0.0, "quality_control_flags": null, "wx_string": "", "sky_condition": null, "flight_category": "VFR", "three_hr_pressure_tendency_mb": 0.0, "maxT_c": 0.0, "minT_c": 0.0, "maxT24hr_c": 0.0, "minT24hr_c": 0.0, "precip_in": 0.0, "pcp3hr_in": 0.0, "pcp6hr_in": 0.0, "pcp24hr_in": 0.0, "snow_in": 0.0, "vert_vis_ft": 0.0, "metar_type": "METAR", "elevation_m": 10.0, "municipality": "Treviso (TV)", "continent": "EU", "iso_country": "IT", "iso_region": "IT-34", "wikipedia_link": "https://en.wikipedia.org/wiki/Treviso_Airport" }, "geometry": { "type": "Point", "coordinates": [ 12.194, 45.648 ] } },
{ "type": "Feature", "properties": { "raw_text": "METAR LIPQ 280120Z AUTO 07003KT 030V090 9999 BKN150/// 13/08 Q1016", "station_id": "LIPQ", "observation_time": "2026-04-28T01:20:00.000Z", "latitude": 45.828, "longitude": 13.472, "temp_c": 13.0, "dewpoint_c": 8.0, "wind_dir_degrees": 70.0, "wind_speed_kt": 3.0, "wind_gust_kt": 0.0, "visibility_statute_mi": 6.0, "altim_in_hg": 30.0, "sea_level_pressure_mb": 0.0, "quality_control_flags": null, "wx_string": "", "sky_condition": null, "flight_category": "VFR", "three_hr_pressure_tendency_mb": 0.0, "maxT_c": 0.0, "minT_c": 0.0, "maxT24hr_c": 0.0, "minT24hr_c": 0.0, "precip_in": 0.0, "pcp3hr_in": 0.0, "pcp6hr_in": 0.0, "pcp24hr_in": 0.0, "snow_in": 0.0, "vert_vis_ft": 0.0, "metar_type": "METAR", "elevation_m": 6.0, "municipality": "Ronchi dei Legionari/Trieste", "continent": "EU", "iso_country": "IT", "iso_region": "IT-36", "wikipedia_link": "https://en.wikipedia.org/wiki/Trieste_%E2%80%93_Friuli_Venezia_Giulia_Airport" }, "geometry": { "type": "Point", "coordinates": [ 13.472, 45.828 ] } },
{ "type": "Feature", "properties": { "raw_text": "METAR LIPR 280120Z AUTO 24002KT 9999 NCD 13/11 Q1015", "station_id": "LIPR", "observation_time": "2026-04-28T01:20:00.000Z", "latitude": 44.02, "longitude": 12.612, "temp_c": 13.0, "dewpoint_c": 11.0, "wind_dir_degrees": 240.0, "wind_speed_kt": 2.0, "wind_gust_kt": 0.0, "visibility_statute_mi": 6.0, "altim_in_hg": 29.97, "sea_level_pressure_mb": 0.0, "quality_control_flags": null, "wx_string": "", "sky_condition": null, "flight_category": "VFR", "three_hr_pressure_tendency_mb": 0.0, "maxT_c": 0.0, "minT_c": 0.0, "maxT24hr_c": 0.0, "minT24hr_c": 0.0, "precip_in": 0.0, "pcp3hr_in": 0.0, "pcp6hr_in": 0.0, "pcp24hr_in": 0.0, "snow_in": 0.0, "vert_vis_ft": 0.0, "metar_type": "METAR", "elevation_m": 10.0, "municipality": "Rimini (RN)", "continent": "EU", "iso_country": "IT", "iso_region": "IT-45", "wikipedia_link": "https://en.wikipedia.org/wiki/Federico_Fellini_International_Airport" }, "geometry": { "type": "Point", "coordinates": [ 12.612, 44.02 ] } },
{ "type": "Feature", "properties": { "raw_text": "METAR LIPX 280120Z VRB02KT CAVOK 14/10 Q1015", "station_id": "LIPX", "observation_time": "2026-04-28T01:20:00.000Z", "latitude": 45.387, "longitude": 10.872, "temp_c": 14.0, "dewpoint_c": 10.0, "wind_dir_degrees": 0.0, "wind_speed_kt": 2.0, "wind_gust_kt": 0.0, "visibility_statute_mi": 6.0, "altim_in_hg": 29.97, "sea_level_pressure_mb": 0.0, "quality_control_flags": null, "wx_string": "", "sky_condition": null, "flight_category": "VFR", "three_hr_pressure_tendency_mb": 0.0, "maxT_c": 0.0, "minT_c": 0.0, "maxT24hr_c": 0.0, "minT24hr_c": 0.0, "precip_in": 0.0, "pcp3hr_in": 0.0, "pcp6hr_in": 0.0, "pcp24hr_in": 0.0, "snow_in": 0.0, "vert_vis_ft": 0.0, "metar_type": "METAR", "elevation_m": 67.0, "municipality": "Caselle (VR)", "continent": "EU", "iso_country": "IT", "iso_region": "IT-34", "wikipedia_link": "https://en.wikipedia.org/wiki/Verona_Airport" }, "geometry": { "type": "Point", "coordinates": [ 10.872, 45.387 ] } },
{ "type": "Feature", "properties": { "raw_text": "METAR LIPZ 280120Z 01004KT CAVOK 15/12 Q1016 NOSIG", "station_id": "LIPZ", "observation_time": "2026-04-28T01:20:00.000Z", "latitude": 45.505, "longitude": 12.352, "temp_c": 15.0, "dewpoint_c": 12.0, "wind_dir_degrees": 10.0, "wind_speed_kt": 4.0, "wind_gust_kt": 0.0, "visibility_statute_mi": 6.0, "altim_in_hg": 30.0, "sea_level_pressure_mb": 0.0, "quality_control_flags": null, "wx_string": "", "sky_condition": null, "flight_category": "VFR", "three_hr_pressure_tendency_mb": 0.0, "maxT_c": 0.0, "minT_c": 0.0, "maxT24hr_c": 0.0, "minT24hr_c": 0.0, "precip_in": 0.0, "pcp3hr_in": 0.0, "pcp6hr_in": 0.0, "pcp24hr_in": 0.0, "snow_in": 0.0, "vert_vis_ft": 0.0, "metar_type": "METAR", "elevation_m": 3.0, "municipality": "Venezia (VE)", "continent": "EU", "iso_country": "IT", "iso_region": "IT-34", "wikipedia_link": "https://en.wikipedia.org/wiki/Venice_Marco_Polo_Airport" }, "geometry": { "type": "Point", "coordinates": [ 12.352, 45.505 ] } },
{ "type": "Feature", "properties": { "raw_text": "METAR LIRA 280120Z 19003KT CAVOK 13/07 Q1017", "station_id": "LIRA", "observation_time": "2026-04-28T01:20:00.000Z", "latitude": 41.808, "longitude": 12.585, "temp_c": 13.0, "dewpoint_c": 7.0, "wind_dir_degrees": 190.0, "wind_speed_kt": 3.0, "wind_gust_kt": 0.0, "visibility_statute_mi": 6.0, "altim_in_hg": 30.03, "sea_level_pressure_mb": 0.0, "quality_control_flags": null, "wx_string": "", "sky_condition": null, "flight_category": "VFR", "three_hr_pressure_tendency_mb": 0.0, "maxT_c": 0.0, "minT_c": 0.0, "maxT24hr_c": 0.0, "minT24hr_c": 0.0, "precip_in": 0.0, "pcp3hr_in": 0.0, "pcp6hr_in": 0.0, "pcp24hr_in": 0.0, "snow_in": 0.0, "vert_vis_ft": 0.0, "metar_type": "METAR", "elevation_m": 101.0, "municipality": "Rome", "continent": "EU", "iso_country": "IT", "iso_region": "IT-62", "wikipedia_link": "https://en.wikipedia.org/wiki/Ciampino%E2%80%93G._B._Pastine_International_Airport" }, "geometry": { "type": "Point", "coordinates": [ 12.585, 41.808 ] } },
{ "type": "Feature", "properties": { "raw_text": "METAR LIRF 280120Z AUTO 05002KT 9999 NCD 08/08 Q1017", "station_id": "LIRF", "observation_time": "2026-04-28T01:20:00.000Z", "latitude": 41.8, "longitude": 12.239, "temp_c": 8.0, "dewpoint_c": 8.0, "wind_dir_degrees": 50.0, "wind_speed_kt": 2.0, "wind_gust_kt": 0.0, "visibility_statute_mi": 6.0, "altim_in_hg": 30.03, "sea_level_pressure_mb": 0.0, "quality_control_flags": null, "wx_string": "", "sky_condition": null, "flight_category": "VFR", "three_hr_pressure_tendency_mb": 0.0, "maxT_c": 0.0, "minT_c": 0.0, "maxT24hr_c": 0.0, "minT24hr_c": 0.0, "precip_in": 0.0, "pcp3hr_in": 0.0, "pcp6hr_in": 0.0, "pcp24hr_in": 0.0, "snow_in": 0.0, "vert_vis_ft": 0.0, "metar_type": "METAR", "elevation_m": 2.0, "municipality": "Rome", "continent": "EU", "iso_country": "IT", "iso_region": "IT-62", "wikipedia_link": "https://en.wikipedia.org/wiki/Rome_Fiumicino_Airport" }, "geometry": { "type": "Point", "coordinates": [ 12.239, 41.8 ] } },
{ "type": "Feature", "properties": { "raw_text": "METAR LIRN 280120Z VRB01KT CAVOK 13/11 Q1017 NOSIG", "station_id": "LIRN", "observation_time": "2026-04-28T01:20:00.000Z", "latitude": 40.885, "longitude": 14.292, "temp_c": 13.0, "dewpoint_c": 11.0, "wind_dir_degrees": 0.0, "wind_speed_kt": 1.0, "wind_gust_kt": 0.0, "visibility_statute_mi": 6.0, "altim_in_hg": 30.03, "sea_level_pressure_mb": 0.0, "quality_control_flags": null, "wx_string": "", "sky_condition": null, "flight_category": "VFR", "three_hr_pressure_tendency_mb": 0.0, "maxT_c": 0.0, "minT_c": 0.0, "maxT24hr_c": 0.0, "minT24hr_c": 0.0, "precip_in": 0.0, "pcp3hr_in": 0.0, "pcp6hr_in": 0.0, "pcp24hr_in": 0.0, "snow_in": 0.0, "vert_vis_ft": 0.0, "metar_type": "METAR", "elevation_m": 76.0, "municipality": "Napoli", "continent": "EU", "iso_country": "IT", "iso_region": "IT-72", "wikipedia_link": "https://en.wikipedia.org/wiki/Naples_International_Airport" }, "geometry": { "type": "Point", "coordinates": [ 14.292, 40.885 ] } },
{ "type": "Feature", "properties": { "raw_text": "METAR LIRP 280115Z 13003KT 8000 MIFG NSC 10/09 Q1017 TEMPO 5000 BR", "station_id": "LIRP", "observation_time": "2026-04-28T01:15:00.000Z", "latitude": 43.684, "longitude": 10.393, "temp_c": 10.0, "dewpoint_c": 9.0, "wind_dir_degrees": 130.0, "wind_speed_kt": 3.0, "wind_gust_kt": 0.0, "visibility_statute_mi": 4.97, "altim_in_hg": 30.03, "sea_level_pressure_mb": 0.0, "quality_control_flags": null, "wx_string": "MIFG", "sky_condition": null, "flight_category": "MVFR", "three_hr_pressure_tendency_mb": 0.0, "maxT_c": 0.0, "minT_c": 0.0, "maxT24hr_c": 0.0, "minT24hr_c": 0.0, "precip_in": 0.0, "pcp3hr_in": 0.0, "pcp6hr_in": 0.0, "pcp24hr_in": 0.0, "snow_in": 0.0, "vert_vis_ft": 0.0, "metar_type": "METAR", "elevation_m": 1.0, "municipality": "Pisa (PI)", "continent": "EU", "iso_country": "IT", "iso_region": "IT-52", "wikipedia_link": "https://en.wikipedia.org/wiki/Pisa_International_Airport" }, "geometry": { "type": "Point", "coordinates": [ 10.393, 43.684 ] } },
{ "type": "Feature", "properties": { "raw_text": "METAR LIRQ 280120Z VRB01KT CAVOK 10/08 Q1017", "station_id": "LIRQ", "observation_time": "2026-04-28T01:20:00.000Z", "latitude": 43.81, "longitude": 11.205, "temp_c": 10.0, "dewpoint_c": 8.0, "wind_dir_degrees": 0.0, "wind_speed_kt": 1.0, "wind_gust_kt": 0.0, "visibility_statute_mi": 6.0, "altim_in_hg": 30.03, "sea_level_pressure_mb": 0.0, "quality_control_flags": null, "wx_string": "", "sky_condition": null, "flight_category": "VFR", "three_hr_pressure_tendency_mb": 0.0, "maxT_c": 0.0, "minT_c": 0.0, "maxT24hr_c": 0.0, "minT24hr_c": 0.0, "precip_in": 0.0, "pcp3hr_in": 0.0, "pcp6hr_in": 0.0, "pcp24hr_in": 0.0, "snow_in": 0.0, "vert_vis_ft": 0.0, "metar_type": "METAR", "elevation_m": 33.0, "municipality": "Firenze (FI)", "continent": "EU", "iso_country": "IT", "iso_region": "IT-52", "wikipedia_link": "https://en.wikipedia.org/wiki/Florence_Airport" }, "geometry": { "type": "Point", "coordinates": [ 11.205, 43.81 ] } },
{ "type": "Feature", "properties": { "raw_text": "METAR LIRZ 280120Z AUTO 32004KT 260V340 9999 NCD 10/08 Q1017", "station_id": "LIRZ", "observation_time": "2026-04-28T01:20:00.000Z", "latitude": 43.097, "longitude": 12.51, "temp_c": 10.0, "dewpoint_c": 8.0, "wind_dir_degrees": 320.0, "wind_speed_kt": 4.0, "wind_gust_kt": 0.0, "visibility_statute_mi": 6.0, "altim_in_hg": 30.03, "sea_level_pressure_mb": 0.0, "quality_control_flags": null, "wx_string": "", "sky_condition": null, "flight_category": "VFR", "three_hr_pressure_tendency_mb": 0.0, "maxT_c": 0.0, "minT_c": 0.0, "maxT24hr_c": 0.0, "minT24hr_c": 0.0, "precip_in": 0.0, "pcp3hr_in": 0.0, "pcp6hr_in": 0.0, "pcp24hr_in": 0.0, "snow_in": 0.0, "vert_vis_ft": 0.0, "metar_type": "METAR", "elevation_m": 206.0, "municipality": "Perugia (PG)", "continent": "EU", "iso_country": "IT", "iso_region": "IT-55", "wikipedia_link": "https://en.wikipedia.org/wiki/Perugia_San_Francesco_d%27Assisi_%E2%80%93_Umbria_International_Airport" }, "geometry": { "type": "Point", "coordinates": [ 12.51, 43.097 ] } },
{ "type": "Feature", "properties": { "raw_text": "METAR LJLJ 280130Z VRB02KT 9999 FEW080 SCT110 09/05 Q1018 NOSIG", "station_id": "LJLJ", "observation_time": "2026-04-28T01:30:00.000Z", "latitude": 46.218, "longitude": 14.477, "temp_c": 9.0, "dewpoint_c": 5.0, "wind_dir_degrees": 0.0, "wind_speed_kt": 2.0, "wind_gust_kt": 0.0, "visibility_statute_mi": 6.0, "altim_in_hg": 30.06, "sea_level_pressure_mb": 0.0, "quality_control_flags": null, "wx_string": "", "sky_condition": null, "flight_category": "VFR", "three_hr_pressure_tendency_mb": 0.0, "maxT_c": 0.0, "minT_c": 0.0, "maxT24hr_c": 0.0, "minT24hr_c": 0.0, "precip_in": 0.0, "pcp3hr_in": 0.0, "pcp6hr_in": 0.0, "pcp24hr_in": 0.0, "snow_in": 0.0, "vert_vis_ft": 0.0, "metar_type": "METAR", "elevation_m": 363.0, "municipality": "Zgornji Brnik", "continent": "EU", "iso_country": "SI", "iso_region": "SI-012", "wikipedia_link": "https://en.wikipedia.org/wiki/Ljubljana_Jo%C5%BEe_Pu%C4%8Dnik_Airport" }, "geometry": { "type": "Point", "coordinates": [ 14.477, 46.218 ] } },
{ "type": "Feature", "properties": { "raw_text": "METAR LKKV 280100Z 03003KT CAVOK 04/M03 Q1020", "station_id": "LKKV", "observation_time": "2026-04-28T01:00:00.000Z", "latitude": 50.202, "longitude": 12.91, "temp_c": 4.0, "dewpoint_c": -3.0, "wind_dir_degrees": 30.0, "wind_speed_kt": 3.0, "wind_gust_kt": 0.0, "visibility_statute_mi": 6.0, "altim_in_hg": 30.12, "sea_level_pressure_mb": 0.0, "quality_control_flags": null, "wx_string": "", "sky_condition": null, "flight_category": "VFR", "three_hr_pressure_tendency_mb": 0.0, "maxT_c": 0.0, "minT_c": 0.0, "maxT24hr_c": 0.0, "minT24hr_c": 0.0, "precip_in": 0.0, "pcp3hr_in": 0.0, "pcp6hr_in": 0.0, "pcp24hr_in": 0.0, "snow_in": 0.0, "vert_vis_ft": 0.0, "metar_type": "METAR", "elevation_m": 600.0, "municipality": "Karlovy Vary", "continent": "EU", "iso_country": "CZ", "iso_region": "CZ-KA", "wikipedia_link": "https://en.wikipedia.org/wiki/Karlovy_Vary_Airport" }, "geometry": { "type": "Point", "coordinates": [ 12.91, 50.202 ] } },
{ "type": "Feature", "properties": { "raw_text": "METAR LKMT 280130Z 21002KT CAVOK 03/M00 Q1021 NOSIG", "station_id": "LKMT", "observation_time": "2026-04-28T01:30:00.000Z", "latitude": 49.696, "longitude": 18.111, "temp_c": 3.0, "dewpoint_c": 0.0, "wind_dir_degrees": 210.0, "wind_speed_kt": 2.0, "wind_gust_kt": 0.0, "visibility_statute_mi": 6.0, "altim_in_hg": 30.15, "sea_level_pressure_mb": 0.0, "quality_control_flags": null, "wx_string": "", "sky_condition": null, "flight_category": "VFR", "three_hr_pressure_tendency_mb": 0.0, "maxT_c": 0.0, "minT_c": 0.0, "maxT24hr_c": 0.0, "minT24hr_c": 0.0, "precip_in": 0.0, "pcp3hr_in": 0.0, "pcp6hr_in": 0.0, "pcp24hr_in": 0.0, "snow_in": 0.0, "vert_vis_ft": 0.0, "metar_type": "METAR", "elevation_m": 251.0, "municipality": "Mošnov", "continent": "EU", "iso_country": "CZ", "iso_region": "CZ-MO", "wikipedia_link": "https://en.wikipedia.org/wiki/Ostrava_Leos_Janacek_Airport" }, "geometry": { "type": "Point", "coordinates": [ 18.111, 49.696 ] } },
{ "type": "Feature", "properties": { "raw_text": "METAR LKPD 280100Z 00000KT CAVOK 02/M02 Q1021 NOSIG", "station_id": "LKPD", "observation_time": "2026-04-28T01:00:00.000Z", "latitude": 50.016, "longitude": 15.74, "temp_c": 2.0, "dewpoint_c": -2.0, "wind_dir_degrees": 0.0, "wind_speed_kt": 0.0, "wind_gust_kt": 0.0, "visibility_statute_mi": 6.0, "altim_in_hg": 30.15, "sea_level_pressure_mb": 0.0, "quality_control_flags": null, "wx_string": "", "sky_condition": null, "flight_category": "VFR", "three_hr_pressure_tendency_mb": 0.0, "maxT_c": 0.0, "minT_c": 0.0, "maxT24hr_c": 0.0, "minT24hr_c": 0.0, "precip_in": 0.0, "pcp3hr_in": 0.0, "pcp6hr_in": 0.0, "pcp24hr_in": 0.0, "snow_in": 0.0, "vert_vis_ft": 0.0, "metar_type": "METAR", "elevation_m": 226.0, "municipality": "Pardubice", "continent": "EU", "iso_country": "CZ", "iso_region": "CZ-PA", "wikipedia_link": "https://en.wikipedia.org/wiki/Pardubice_Airport" }, "geometry": { "type": "Point", "coordinates": [ 15.74, 50.016 ] } },
{ "type": "Feature", "properties": { "raw_text": "METAR LKPR 280130Z 33004KT CAVOK 06/M03 Q1020 NOSIG", "station_id": "LKPR", "observation_time": "2026-04-28T01:30:00.000Z", "latitude": 50.101, "longitude": 14.26, "temp_c": 6.0, "dewpoint_c": -3.0, "wind_dir_degrees": 330.0, "wind_speed_kt": 4.0, "wind_gust_kt": 0.0, "visibility_statute_mi": 6.0, "altim_in_hg": 30.12, "sea_level_pressure_mb": 0.0, "quality_control_flags": null, "wx_string": "", "sky_condition": null, "flight_category": "VFR", "three_hr_pressure_tendency_mb": 0.0, "maxT_c": 0.0, "minT_c": 0.0, "maxT24hr_c": 0.0, "minT24hr_c": 0.0, "precip_in": 0.0, "pcp3hr_in": 0.0, "pcp6hr_in": 0.0, "pcp24hr_in": 0.0, "snow_in": 0.0, "vert_vis_ft": 0.0, "metar_type": "METAR", "elevation_m": 364.0, "municipality": "Prague", "continent": "EU", "iso_country": "CZ", "iso_region": "CZ-PR", "wikipedia_link": "https://en.wikipedia.org/wiki/Václav_Havel_Airport_Prague" }, "geometry": { "type": "Point", "coordinates": [ 14.26, 50.101 ] } },
{ "type": "Feature", "properties": { "raw_text": "METAR LLBG 280150Z 15005KT 9999 SCT016 17/14 Q1013 NOSIG", "station_id": "LLBG", "observation_time": "2026-04-28T01:50:00.000Z", "latitude": 32.011, "longitude": 34.887, "temp_c": 17.0, "dewpoint_c": 14.0, "wind_dir_degrees": 150.0, "wind_speed_kt": 5.0, "wind_gust_kt": 0.0, "visibility_statute_mi": 6.0, "altim_in_hg": 29.91, "sea_level_pressure_mb": 0.0, "quality_control_flags": null, "wx_string": "", "sky_condition": null, "flight_category": "VFR", "three_hr_pressure_tendency_mb": 0.0, "maxT_c": 0.0, "minT_c": 0.0, "maxT24hr_c": 0.0, "minT24hr_c": 0.0, "precip_in": 0.0, "pcp3hr_in": 0.0, "pcp6hr_in": 0.0, "pcp24hr_in": 0.0, "snow_in": 0.0, "vert_vis_ft": 0.0, "metar_type": "METAR", "elevation_m": 35.0, "municipality": "Tel Aviv", "continent": "AS", "iso_country": "IL", "iso_region": "IL-M", "wikipedia_link": "https://en.wikipedia.org/wiki/Ben_Gurion_International_Airport" }, "geometry": { "type": "Point", "coordinates": [ 34.887, 32.011 ] } },
{ "type": "Feature", "properties": { "raw_text": "METAR LLER 280150Z AUTO 35009KT CAVOK 19/10 Q1012", "station_id": "LLER", "observation_time": "2026-04-28T01:50:00.000Z", "latitude": 29.722, "longitude": 35.012, "temp_c": 19.0, "dewpoint_c": 10.0, "wind_dir_degrees": 350.0, "wind_speed_kt": 9.0, "wind_gust_kt": 0.0, "visibility_statute_mi": 6.0, "altim_in_hg": 29.88, "sea_level_pressure_mb": 0.0, "quality_control_flags": null, "wx_string": "", "sky_condition": null, "flight_category": "VFR", "three_hr_pressure_tendency_mb": 0.0, "maxT_c": 0.0, "minT_c": 0.0, "maxT24hr_c": 0.0, "minT24hr_c": 0.0, "precip_in": 0.0, "pcp3hr_in": 0.0, "pcp6hr_in": 0.0, "pcp24hr_in": 0.0, "snow_in": 0.0, "vert_vis_ft": 0.0, "metar_type": "METAR", "elevation_m": 88.0, "municipality": "Eilat", "continent": "AS", "iso_country": "IL", "iso_region": "IL-D", "wikipedia_link": "https://en.wikipedia.org/wiki/Ramon_Airport#Airlines_and_destinations" }, "geometry": { "type": "Point", "coordinates": [ 35.012, 29.722 ] } },
{ "type": "Feature", "properties": { "raw_text": "METAR LMML 280145Z VRB02KT CAVOK 15/13 Q1016 NOSIG", "station_id": "LMML", "observation_time": "2026-04-28T01:45:00.000Z", "latitude": 35.858, "longitude": 14.477, "temp_c": 15.0, "dewpoint_c": 13.0, "wind_dir_degrees": 0.0, "wind_speed_kt": 2.0, "wind_gust_kt": 0.0, "visibility_statute_mi": 6.0, "altim_in_hg": 30.0, "sea_level_pressure_mb": 0.0, "quality_control_flags": null, "wx_string": "", "sky_condition": null, "flight_category": "VFR", "three_hr_pressure_tendency_mb": 0.0, "maxT_c": 0.0, "minT_c": 0.0, "maxT24hr_c": 0.0, "minT24hr_c": 0.0, "precip_in": 0.0, "pcp3hr_in": 0.0, "pcp6hr_in": 0.0, "pcp24hr_in": 0.0, "snow_in": 0.0, "vert_vis_ft": 0.0, "metar_type": "METAR", "elevation_m": 78.0, "municipality": "Valletta", "continent": "EU", "iso_country": "MT", "iso_region": "MT-25", "wikipedia_link": "https://en.wikipedia.org/wiki/Malta_International_Airport" }, "geometry": { "type": "Point", "coordinates": [ 14.477, 35.858 ] } },
{ "type": "Feature", "properties": { "raw_text": "METAR LOWG 280120Z AUTO 34003KT 9999 NCD 10/04 Q1019", "station_id": "LOWG", "observation_time": "2026-04-28T01:20:00.000Z", "latitude": 46.997, "longitude": 15.447, "temp_c": 10.0, "dewpoint_c": 4.0, "wind_dir_degrees": 340.0, "wind_speed_kt": 3.0, "wind_gust_kt": 0.0, "visibility_statute_mi": 6.0, "altim_in_hg": 30.09, "sea_level_pressure_mb": 0.0, "quality_control_flags": null, "wx_string": "", "sky_condition": null, "flight_category": "VFR", "three_hr_pressure_tendency_mb": 0.0, "maxT_c": 0.0, "minT_c": 0.0, "maxT24hr_c": 0.0, "minT24hr_c": 0.0, "precip_in": 0.0, "pcp3hr_in": 0.0, "pcp6hr_in": 0.0, "pcp24hr_in": 0.0, "snow_in": 0.0, "vert_vis_ft": 0.0, "metar_type": "METAR", "elevation_m": 337.0, "municipality": "Feldkirchen bei Graz", "continent": "EU", "iso_country": "AT", "iso_region": "AT-6", "wikipedia_link": "https://en.wikipedia.org/wiki/Graz_Airport" }, "geometry": { "type": "Point", "coordinates": [ 15.447, 46.997 ] } },
{ "type": "Feature", "properties": { "raw_text": "METAR LOWI 280120Z AUTO VRB01KT 9999 NCD 08/04 Q1018", "station_id": "LOWI", "observation_time": "2026-04-28T01:20:00.000Z", "latitude": 47.26, "longitude": 11.344, "temp_c": 8.0, "dewpoint_c": 4.0, "wind_dir_degrees": 0.0, "wind_speed_kt": 1.0, "wind_gust_kt": 0.0, "visibility_statute_mi": 6.0, "altim_in_hg": 30.06, "sea_level_pressure_mb": 0.0, "quality_control_flags": null, "wx_string": "", "sky_condition": null, "flight_category": "VFR", "three_hr_pressure_tendency_mb": 0.0, "maxT_c": 0.0, "minT_c": 0.0, "maxT24hr_c": 0.0, "minT24hr_c": 0.0, "precip_in": 0.0, "pcp3hr_in": 0.0, "pcp6hr_in": 0.0, "pcp24hr_in": 0.0, "snow_in": 0.0, "vert_vis_ft": 0.0, "metar_type": "METAR", "elevation_m": 570.0, "municipality": "Innsbruck", "continent": "EU", "iso_country": "AT", "iso_region": "AT-7", "wikipedia_link": "https://en.wikipedia.org/wiki/Innsbruck_Airport" }, "geometry": { "type": "Point", "coordinates": [ 11.344, 47.26 ] } },
{ "type": "Feature", "properties": { "raw_text": "METAR LOWK 280120Z AUTO VRB01KT 9999 NCD 10/04 Q1019", "station_id": "LOWK", "observation_time": "2026-04-28T01:20:00.000Z", "latitude": 46.648, "longitude": 14.318, "temp_c": 10.0, "dewpoint_c": 4.0, "wind_dir_degrees": 0.0, "wind_speed_kt": 1.0, "wind_gust_kt": 0.0, "visibility_statute_mi": 6.0, "altim_in_hg": 30.09, "sea_level_pressure_mb": 0.0, "quality_control_flags": null, "wx_string": "", "sky_condition": null, "flight_category": "VFR", "three_hr_pressure_tendency_mb": 0.0, "maxT_c": 0.0, "minT_c": 0.0, "maxT24hr_c": 0.0, "minT24hr_c": 0.0, "precip_in": 0.0, "pcp3hr_in": 0.0, "pcp6hr_in": 0.0, "pcp24hr_in": 0.0, "snow_in": 0.0, "vert_vis_ft": 0.0, "metar_type": "METAR", "elevation_m": 450.0, "municipality": "Klagenfurt am Wörthersee", "continent": "EU", "iso_country": "AT", "iso_region": "AT-2", "wikipedia_link": "https://en.wikipedia.org/wiki/Klagenfurt_Airport" }, "geometry": { "type": "Point", "coordinates": [ 14.318, 46.648 ] } },
{ "type": "Feature", "properties": { "raw_text": "METAR LOWL 280120Z AUTO VRB01KT 9999 NCD 08/00 Q1019", "station_id": "LOWL", "observation_time": "2026-04-28T01:20:00.000Z", "latitude": 48.233, "longitude": 14.188, "temp_c": 8.0, "dewpoint_c": 0.0, "wind_dir_degrees": 0.0, "wind_speed_kt": 1.0, "wind_gust_kt": 0.0, "visibility_statute_mi": 6.0, "altim_in_hg": 30.09, "sea_level_pressure_mb": 0.0, "quality_control_flags": null, "wx_string": "", "sky_condition": null, "flight_category": "VFR", "three_hr_pressure_tendency_mb": 0.0, "maxT_c": 0.0, "minT_c": 0.0, "maxT24hr_c": 0.0, "minT24hr_c": 0.0, "precip_in": 0.0, "pcp3hr_in": 0.0, "pcp6hr_in": 0.0, "pcp24hr_in": 0.0, "snow_in": 0.0, "vert_vis_ft": 0.0, "metar_type": "METAR", "elevation_m": 290.0, "municipality": "Linz", "continent": "EU", "iso_country": "AT", "iso_region": "AT-4", "wikipedia_link": "https://en.wikipedia.org/wiki/Linz_Airport" }, "geometry": { "type": "Point", "coordinates": [ 14.188, 48.233 ] } },
{ "type": "Feature", "properties": { "raw_text": "METAR LOWS 280120Z AUTO 17002KT 9999 NCD 05/03 Q1018", "station_id": "LOWS", "observation_time": "2026-04-28T01:20:00.000Z", "latitude": 47.789, "longitude": 13.009, "temp_c": 5.0, "dewpoint_c": 3.0, "wind_dir_degrees": 170.0, "wind_speed_kt": 2.0, "wind_gust_kt": 0.0, "visibility_statute_mi": 6.0, "altim_in_hg": 30.06, "sea_level_pressure_mb": 0.0, "quality_control_flags": null, "wx_string": "", "sky_condition": null, "flight_category": "VFR", "three_hr_pressure_tendency_mb": 0.0, "maxT_c": 0.0, "minT_c": 0.0, "maxT24hr_c": 0.0, "minT24hr_c": 0.0, "precip_in": 0.0, "pcp3hr_in": 0.0, "pcp6hr_in": 0.0, "pcp24hr_in": 0.0, "snow_in": 0.0, "vert_vis_ft": 0.0, "metar_type": "METAR", "elevation_m": 427.0, "municipality": "Salzburg", "continent": "EU", "iso_country": "AT", "iso_region": "AT-5", "wikipedia_link": "https://en.wikipedia.org/wiki/Salzburg_Airport" }, "geometry": { "type": "Point", "coordinates": [ 13.009, 47.789 ] } },
{ "type": "Feature", "properties": { "raw_text": "METAR LOWW 280120Z VRB01KT CAVOK 06/01 Q1020 NOSIG", "station_id": "LOWW", "observation_time": "2026-04-28T01:20:00.000Z", "latitude": 48.117, "longitude": 16.582, "temp_c": 6.0, "dewpoint_c": 1.0, "wind_dir_degrees": 0.0, "wind_speed_kt": 1.0, "wind_gust_kt": 0.0, "visibility_statute_mi": 6.0, "altim_in_hg": 30.12, "sea_level_pressure_mb": 0.0, "quality_control_flags": null, "wx_string": "", "sky_condition": null, "flight_category": "VFR", "three_hr_pressure_tendency_mb": 0.0, "maxT_c": 0.0, "minT_c": 0.0, "maxT24hr_c": 0.0, "minT24hr_c": 0.0, "precip_in": 0.0, "pcp3hr_in": 0.0, "pcp6hr_in": 0.0, "pcp24hr_in": 0.0, "snow_in": 0.0, "vert_vis_ft": 0.0, "metar_type": "METAR", "elevation_m": 179.0, "municipality": "Vienna", "continent": "EU", "iso_country": "AT", "iso_region": "AT-9", "wikipedia_link": "https://en.wikipedia.org/wiki/Vienna_International_Airport" }, "geometry": { "type": "Point", "coordinates": [ 16.582, 48.117 ] } },
{ "type": "Feature", "properties": { "raw_text": "METAR LPFR 280130Z 04005KT CAVOK 16/12 Q1010", "station_id": "LPFR", "observation_time": "2026-04-28T01:30:00.000Z", "latitude": 37.014, "longitude": -7.966, "temp_c": 16.0, "dewpoint_c": 12.0, "wind_dir_degrees": 40.0, "wind_speed_kt": 5.0, "wind_gust_kt": 0.0, "visibility_statute_mi": 6.0, "altim_in_hg": 29.82, "sea_level_pressure_mb": 0.0, "quality_control_flags": null, "wx_string": "", "sky_condition": null, "flight_category": "VFR", "three_hr_pressure_tendency_mb": 0.0, "maxT_c": 0.0, "minT_c": 0.0, "maxT24hr_c": 0.0, "minT24hr_c": 0.0, "precip_in": 0.0, "pcp3hr_in": 0.0, "pcp6hr_in": 0.0, "pcp24hr_in": 0.0, "snow_in": 0.0, "vert_vis_ft": 0.0, "metar_type": "METAR", "elevation_m": 3.0, "municipality": "Faro", "continent": "EU", "iso_country": "PT", "iso_region": "PT-08", "wikipedia_link": "https://en.wikipedia.org/wiki/Faro_Airport_(Portugal)" }, "geometry": { "type": "Point", "coordinates": [ -7.966, 37.014 ] } },
{ "type": "Feature", "properties": { "raw_text": "METAR LPMA 280130Z 35012KT 310V020 9999 SCT015 FEW018CB 16/09 Q1016", "station_id": "LPMA", "observation_time": "2026-04-28T01:30:00.000Z", "latitude": 32.698, "longitude": -16.774, "temp_c": 16.0, "dewpoint_c": 9.0, "wind_dir_degrees": 350.0, "wind_speed_kt": 12.0, "wind_gust_kt": 0.0, "visibility_statute_mi": 6.0, "altim_in_hg": 30.0, "sea_level_pressure_mb": 0.0, "quality_control_flags": null, "wx_string": "", "sky_condition": null, "flight_category": "VFR", "three_hr_pressure_tendency_mb": 0.0, "maxT_c": 0.0, "minT_c": 0.0, "maxT24hr_c": 0.0, "minT24hr_c": 0.0, "precip_in": 0.0, "pcp3hr_in": 0.0, "pcp6hr_in": 0.0, "pcp24hr_in": 0.0, "snow_in": 0.0, "vert_vis_ft": 0.0, "metar_type": "METAR", "elevation_m": 54.0, "municipality": "Funchal", "continent": "EU", "iso_country": "PT", "iso_region": "PT-30", "wikipedia_link": "https://en.wikipedia.org/wiki/Madeira_Airport" }, "geometry": { "type": "Point", "coordinates": [ -16.774, 32.698 ] } },
{ "type": "Feature", "properties": { "raw_text": "METAR LPPD 280130Z 16009KT 9999 -SHRA SCT006 BKN014 16/15 Q1019", "station_id": "LPPD", "observation_time": "2026-04-28T01:30:00.000Z", "latitude": 37.741, "longitude": -25.698, "temp_c": 16.0, "dewpoint_c": 15.0, "wind_dir_degrees": 160.0, "wind_speed_kt": 9.0, "wind_gust_kt": 0.0, "visibility_statute_mi": 6.0, "altim_in_hg": 30.09, "sea_level_pressure_mb": 0.0, "quality_control_flags": null, "wx_string": "-SHRA", "sky_condition": null, "flight_category": "MVFR", "three_hr_pressure_tendency_mb": 0.0, "maxT_c": 0.0, "minT_c": 0.0, "maxT24hr_c": 0.0, "minT24hr_c": 0.0, "precip_in": 0.0, "pcp3hr_in": 0.0, "pcp6hr_in": 0.0, "pcp24hr_in": 0.0, "snow_in": 0.0, "vert_vis_ft": 0.0, "metar_type": "METAR", "elevation_m": 62.0, "municipality": "Ponta Delgada", "continent": "EU", "iso_country": "PT", "iso_region": "PT-20", "wikipedia_link": "https://en.wikipedia.org/wiki/Jo%C3%A3o_Paulo_II_Airport" }, "geometry": { "type": "Point", "coordinates": [ -25.698, 37.741 ] } },
{ "type": "Feature", "properties": { "raw_text": "METAR LPPR 280130Z VRB01KT CAVOK 16/14 Q1010", "station_id": "LPPR", "observation_time": "2026-04-28T01:30:00.000Z", "latitude": 41.235, "longitude": -8.684, "temp_c": 16.0, "dewpoint_c": 14.0, "wind_dir_degrees": 0.0, "wind_speed_kt": 1.0, "wind_gust_kt": 0.0, "visibility_statute_mi": 6.0, "altim_in_hg": 29.82, "sea_level_pressure_mb": 0.0, "quality_control_flags": null, "wx_string": "", "sky_condition": null, "flight_category": "VFR", "three_hr_pressure_tendency_mb": 0.0, "maxT_c": 0.0, "minT_c": 0.0, "maxT24hr_c": 0.0, "minT24hr_c": 0.0, "precip_in": 0.0, "pcp3hr_in": 0.0, "pcp6hr_in": 0.0, "pcp24hr_in": 0.0, "snow_in": 0.0, "vert_vis_ft": 0.0, "metar_type": "METAR", "elevation_m": 64.0, "municipality": "Porto", "continent": "EU", "iso_country": "PT", "iso_region": "PT-13", "wikipedia_link": "https://en.wikipedia.org/wiki/Francisco_S%C3%A1_Carneiro_Airport" }, "geometry": { "type": "Point", "coordinates": [ -8.684, 41.235 ] } },
{ "type": "Feature", "properties": { "raw_text": "METAR LPPT 280130Z 33006KT 300V360 CAVOK 18/13 Q1010", "station_id": "LPPT", "observation_time": "2026-04-28T01:30:00.000Z", "latitude": 38.781, "longitude": -9.136, "temp_c": 18.0, "dewpoint_c": 13.0, "wind_dir_degrees": 330.0, "wind_speed_kt": 6.0, "wind_gust_kt": 0.0, "visibility_statute_mi": 6.0, "altim_in_hg": 29.82, "sea_level_pressure_mb": 0.0, "quality_control_flags": null, "wx_string": "", "sky_condition": null, "flight_category": "VFR", "three_hr_pressure_tendency_mb": 0.0, "maxT_c": 0.0, "minT_c": 0.0, "maxT24hr_c": 0.0, "minT24hr_c": 0.0, "precip_in": 0.0, "pcp3hr_in": 0.0, "pcp6hr_in": 0.0, "pcp24hr_in": 0.0, "snow_in": 0.0, "vert_vis_ft": 0.0, "metar_type": "METAR", "elevation_m": 98.0, "municipality": "Lisbon", "continent": "EU", "iso_country": "PT", "iso_region": "PT-11", "wikipedia_link": "https://en.wikipedia.org/wiki/Lisbon_Airport" }, "geometry": { "type": "Point", "coordinates": [ -9.136, 38.781 ] } },
{ "type": "Feature", "properties": { "raw_text": "METAR LQBK 280130Z 18002KT CAVOK 05/03 Q1018 NOSIG", "station_id": "LQBK", "observation_time": "2026-04-28T01:30:00.000Z", "latitude": 44.937, "longitude": 17.299, "temp_c": 5.0, "dewpoint_c": 3.0, "wind_dir_degrees": 180.0, "wind_speed_kt": 2.0, "wind_gust_kt": 0.0, "visibility_statute_mi": 6.0, "altim_in_hg": 30.06, "sea_level_pressure_mb": 0.0, "quality_control_flags": null, "wx_string": "", "sky_condition": null, "flight_category": "VFR", "three_hr_pressure_tendency_mb": 0.0, "maxT_c": 0.0, "minT_c": 0.0, "maxT24hr_c": 0.0, "minT24hr_c": 0.0, "precip_in": 0.0, "pcp3hr_in": 0.0, "pcp6hr_in": 0.0, "pcp24hr_in": 0.0, "snow_in": 0.0, "vert_vis_ft": 0.0, "metar_type": "METAR", "elevation_m": 114.0, "municipality": "Mahovljani", "continent": "EU", "iso_country": "BA", "iso_region": "BA-SRP", "wikipedia_link": "https://en.wikipedia.org/wiki/Banja_Luka_International_Airport" }, "geometry": { "type": "Point", "coordinates": [ 17.299, 44.937 ] } },
{ "type": "Feature", "properties": { "raw_text": "METAR LQMO 280130Z 00000KT CAVOK 07/05 Q1016", "station_id": "LQMO", "observation_time": "2026-04-28T01:30:00.000Z", "latitude": 43.285, "longitude": 17.84, "temp_c": 7.0, "dewpoint_c": 5.0, "wind_dir_degrees": 0.0, "wind_speed_kt": 0.0, "wind_gust_kt": 0.0, "visibility_statute_mi": 6.0, "altim_in_hg": 30.0, "sea_level_pressure_mb": 0.0, "quality_control_flags": null, "wx_string": "", "sky_condition": null, "flight_category": "VFR", "three_hr_pressure_tendency_mb": 0.0, "maxT_c": 0.0, "minT_c": 0.0, "maxT24hr_c": 0.0, "minT24hr_c": 0.0, "precip_in": 0.0, "pcp3hr_in": 0.0, "pcp6hr_in": 0.0, "pcp24hr_in": 0.0, "snow_in": 0.0, "vert_vis_ft": 0.0, "metar_type": "METAR", "elevation_m": 49.0, "municipality": "Mostar", "continent": "EU", "iso_country": "BA", "iso_region": "BA-BIH", "wikipedia_link": "https://en.wikipedia.org/wiki/Mostar_International_Airport" }, "geometry": { "type": "Point", "coordinates": [ 17.84, 43.285 ] } },
{ "type": "Feature", "properties": { "raw_text": "METAR LQSA 280130Z VRB02KT CAVOK 08/05 Q1018 NOSIG", "station_id": "LQSA", "observation_time": "2026-04-28T01:30:00.000Z", "latitude": 43.825, "longitude": 18.331, "temp_c": 8.0, "dewpoint_c": 5.0, "wind_dir_degrees": 0.0, "wind_speed_kt": 2.0, "wind_gust_kt": 0.0, "visibility_statute_mi": 6.0, "altim_in_hg": 30.06, "sea_level_pressure_mb": 0.0, "quality_control_flags": null, "wx_string": "", "sky_condition": null, "flight_category": "VFR", "three_hr_pressure_tendency_mb": 0.0, "maxT_c": 0.0, "minT_c": 0.0, "maxT24hr_c": 0.0, "minT24hr_c": 0.0, "precip_in": 0.0, "pcp3hr_in": 0.0, "pcp6hr_in": 0.0, "pcp24hr_in": 0.0, "snow_in": 0.0, "vert_vis_ft": 0.0, "metar_type": "METAR", "elevation_m": 505.0, "municipality": "Sarajevo", "continent": "EU", "iso_country": "BA", "iso_region": "BA-BIH", "wikipedia_link": "https://en.wikipedia.org/wiki/Sarajevo_International_Airport" }, "geometry": { "type": "Point", "coordinates": [ 18.331, 43.825 ] } },
{ "type": "Feature", "properties": { "raw_text": "METAR LQTZ 280130Z 08002KT CAVOK 06/06 Q1019", "station_id": "LQTZ", "observation_time": "2026-04-28T01:30:00.000Z", "latitude": 44.461, "longitude": 18.728, "temp_c": 6.0, "dewpoint_c": 6.0, "wind_dir_degrees": 80.0, "wind_speed_kt": 2.0, "wind_gust_kt": 0.0, "visibility_statute_mi": 6.0, "altim_in_hg": 30.09, "sea_level_pressure_mb": 0.0, "quality_control_flags": null, "wx_string": "", "sky_condition": null, "flight_category": "VFR", "three_hr_pressure_tendency_mb": 0.0, "maxT_c": 0.0, "minT_c": 0.0, "maxT24hr_c": 0.0, "minT24hr_c": 0.0, "precip_in": 0.0, "pcp3hr_in": 0.0, "pcp6hr_in": 0.0, "pcp24hr_in": 0.0, "snow_in": 0.0, "vert_vis_ft": 0.0, "metar_type": "METAR", "elevation_m": 242.0, "municipality": "Dubrave Gornje", "continent": "EU", "iso_country": "BA", "iso_region": "BA-BIH", "wikipedia_link": "https://en.wikipedia.org/wiki/Tuzla_International_Airport" }, "geometry": { "type": "Point", "coordinates": [ 18.728, 44.461 ] } },
{ "type": "Feature", "properties": { "raw_text": "METAR LRBC 280130Z 21002KT CAVOK 01/M01 Q1019", "station_id": "LRBC", "observation_time": "2026-04-28T01:30:00.000Z", "latitude": 46.522, "longitude": 26.91, "temp_c": 1.0, "dewpoint_c": -1.0, "wind_dir_degrees": 210.0, "wind_speed_kt": 2.0, "wind_gust_kt": 0.0, "visibility_statute_mi": 6.0, "altim_in_hg": 30.09, "sea_level_pressure_mb": 0.0, "quality_control_flags": null, "wx_string": "", "sky_condition": null, "flight_category": "VFR", "three_hr_pressure_tendency_mb": 0.0, "maxT_c": 0.0, "minT_c": 0.0, "maxT24hr_c": 0.0, "minT24hr_c": 0.0, "precip_in": 0.0, "pcp3hr_in": 0.0, "pcp6hr_in": 0.0, "pcp24hr_in": 0.0, "snow_in": 0.0, "vert_vis_ft": 0.0, "metar_type": "METAR", "elevation_m": 183.0, "municipality": "Bacău", "continent": "EU", "iso_country": "RO", "iso_region": "RO-BC", "wikipedia_link": "https://en.wikipedia.org/wiki/Bac%C4%83u_International_Airport" }, "geometry": { "type": "Point", "coordinates": [ 26.91, 46.522 ] } },
{ "type": "Feature", "properties": { "raw_text": "METAR LRBS 280130Z VRB01KT CAVOK 05/03 Q1019 NOSIG", "station_id": "LRBS", "observation_time": "2026-04-28T01:30:00.000Z", "latitude": 44.511, "longitude": 26.078, "temp_c": 5.0, "dewpoint_c": 3.0, "wind_dir_degrees": 0.0, "wind_speed_kt": 1.0, "wind_gust_kt": 0.0, "visibility_statute_mi": 6.0, "altim_in_hg": 30.09, "sea_level_pressure_mb": 0.0, "quality_control_flags": null, "wx_string": "", "sky_condition": null, "flight_category": "VFR", "three_hr_pressure_tendency_mb": 0.0, "maxT_c": 0.0, "minT_c": 0.0, "maxT24hr_c": 0.0, "minT24hr_c": 0.0, "precip_in": 0.0, "pcp3hr_in": 0.0, "pcp6hr_in": 0.0, "pcp24hr_in": 0.0, "snow_in": 0.0, "vert_vis_ft": 0.0, "metar_type": "METAR", "elevation_m": 91.0, "municipality": "Bucharest", "continent": "EU", "iso_country": "RO", "iso_region": "RO-B", "wikipedia_link": "https://en.wikipedia.org/wiki/Aurel_Vlaicu_International_Airport" }, "geometry": { "type": "Point", "coordinates": [ 26.078, 44.511 ] } },
{ "type": "Feature", "properties": { "raw_text": "METAR LRBV 280130Z AUTO 22007KT 9999 NCD 01/M01 Q1019", "station_id": "LRBV", "observation_time": "2026-04-28T01:30:00.000Z", "latitude": 45.706, "longitude": 25.524, "temp_c": 1.0, "dewpoint_c": -1.0, "wind_dir_degrees": 220.0, "wind_speed_kt": 7.0, "wind_gust_kt": 0.0, "visibility_statute_mi": 6.0, "altim_in_hg": 30.09, "sea_level_pressure_mb": 0.0, "quality_control_flags": null, "wx_string": "", "sky_condition": null, "flight_category": "VFR", "three_hr_pressure_tendency_mb": 0.0, "maxT_c": 0.0, "minT_c": 0.0, "maxT24hr_c": 0.0, "minT24hr_c": 0.0, "precip_in": 0.0, "pcp3hr_in": 0.0, "pcp6hr_in": 0.0, "pcp24hr_in": 0.0, "snow_in": 0.0, "vert_vis_ft": 0.0, "metar_type": "METAR", "elevation_m": 538.0, "municipality": "Brașov (Ghimbav)", "continent": "EU", "iso_country": "RO", "iso_region": "RO-BV", "wikipedia_link": "https://en.wikipedia.org/wiki/Brașov-Ghimbav_International_Airport" }, "geometry": { "type": "Point", "coordinates": [ 25.524, 45.706 ] } },
{ "type": "Feature", "properties": { "raw_text": "METAR LRCK 280130Z 21007KT CAVOK 03/00 Q1020 NOSIG", "station_id": "LRCK", "observation_time": "2026-04-28T01:30:00.000Z", "latitude": 44.362, "longitude": 28.488, "temp_c": 3.0, "dewpoint_c": 0.0, "wind_dir_degrees": 210.0, "wind_speed_kt": 7.0, "wind_gust_kt": 0.0, "visibility_statute_mi": 6.0, "altim_in_hg": 30.12, "sea_level_pressure_mb": 0.0, "quality_control_flags": null, "wx_string": "", "sky_condition": null, "flight_category": "VFR", "three_hr_pressure_tendency_mb": 0.0, "maxT_c": 0.0, "minT_c": 0.0, "maxT24hr_c": 0.0, "minT24hr_c": 0.0, "precip_in": 0.0, "pcp3hr_in": 0.0, "pcp6hr_in": 0.0, "pcp24hr_in": 0.0, "snow_in": 0.0, "vert_vis_ft": 0.0, "metar_type": "METAR", "elevation_m": 108.0, "municipality": "Constanța", "continent": "EU", "iso_country": "RO", "iso_region": "RO-CT", "wikipedia_link": "https://en.wikipedia.org/wiki/Mihail_Kog%C4%83lniceanu_International_Airport" }, "geometry": { "type": "Point", "coordinates": [ 28.488, 44.362 ] } },
{ "type": "Feature", "properties": { "raw_text": "METAR LRCL 280130Z 27003KT CAVOK 02/M03 Q1020", "station_id": "LRCL", "observation_time": "2026-04-28T01:30:00.000Z", "latitude": 46.783, "longitude": 23.676, "temp_c": 2.0, "dewpoint_c": -3.0, "wind_dir_degrees": 270.0, "wind_speed_kt": 3.0, "wind_gust_kt": 0.0, "visibility_statute_mi": 6.0, "altim_in_hg": 30.12, "sea_level_pressure_mb": 0.0, "quality_control_flags": null, "wx_string": "", "sky_condition": null, "flight_category": "VFR", "three_hr_pressure_tendency_mb": 0.0, "maxT_c": 0.0, "minT_c": 0.0, "maxT24hr_c": 0.0, "minT24hr_c": 0.0, "precip_in": 0.0, "pcp3hr_in": 0.0, "pcp6hr_in": 0.0, "pcp24hr_in": 0.0, "snow_in": 0.0, "vert_vis_ft": 0.0, "metar_type": "METAR", "elevation_m": 313.0, "municipality": "Cluj-Napoca", "continent": "EU", "iso_country": "RO", "iso_region": "RO-CJ", "wikipedia_link": "https://en.wikipedia.org/wiki/Cluj_International_Airport" }, "geometry": { "type": "Point", "coordinates": [ 23.676, 46.783 ] } },
{ "type": "Feature", "properties": { "raw_text": "METAR LRCV 280130Z 04004KT CAVOK 04/02 Q1019", "station_id": "LRCV", "observation_time": "2026-04-28T01:30:00.000Z", "latitude": 44.31, "longitude": 23.867, "temp_c": 4.0, "dewpoint_c": 2.0, "wind_dir_degrees": 40.0, "wind_speed_kt": 4.0, "wind_gust_kt": 0.0, "visibility_statute_mi": 6.0, "altim_in_hg": 30.09, "sea_level_pressure_mb": 0.0, "quality_control_flags": null, "wx_string": "", "sky_condition": null, "flight_category": "VFR", "three_hr_pressure_tendency_mb": 0.0, "maxT_c": 0.0, "minT_c": 0.0, "maxT24hr_c": 0.0, "minT24hr_c": 0.0, "precip_in": 0.0, "pcp3hr_in": 0.0, "pcp6hr_in": 0.0, "pcp24hr_in": 0.0, "snow_in": 0.0, "vert_vis_ft": 0.0, "metar_type": "METAR", "elevation_m": 192.0, "municipality": "Craiova", "continent": "EU", "iso_country": "RO", "iso_region": "RO-DJ", "wikipedia_link": "https://en.wikipedia.org/wiki/Craiova_International_Airport" }, "geometry": { "type": "Point", "coordinates": [ 23.867, 44.31 ] } },
{ "type": "Feature", "properties": { "raw_text": "METAR LRIA 280130Z 23002KT CAVOK 06/M03 Q1019", "station_id": "LRIA", "observation_time": "2026-04-28T01:30:00.000Z", "latitude": 47.164, "longitude": 27.627, "temp_c": 6.0, "dewpoint_c": -3.0, "wind_dir_degrees": 230.0, "wind_speed_kt": 2.0, "wind_gust_kt": 0.0, "visibility_statute_mi": 6.0, "altim_in_hg": 30.09, "sea_level_pressure_mb": 0.0, "quality_control_flags": null, "wx_string": "", "sky_condition": null, "flight_category": "VFR", "three_hr_pressure_tendency_mb": 0.0, "maxT_c": 0.0, "minT_c": 0.0, "maxT24hr_c": 0.0, "minT24hr_c": 0.0, "precip_in": 0.0, "pcp3hr_in": 0.0, "pcp6hr_in": 0.0, "pcp24hr_in": 0.0, "snow_in": 0.0, "vert_vis_ft": 0.0, "metar_type": "METAR", "elevation_m": 71.0, "municipality": "Iaşi", "continent": "EU", "iso_country": "RO", "iso_region": "RO-IS", "wikipedia_link": "https://en.wikipedia.org/wiki/Ia%C5%9Fi_International_Airport" }, "geometry": { "type": "Point", "coordinates": [ 27.627, 47.164 ] } },
{ "type": "Feature", "properties": { "raw_text": "METAR LROD 280130Z 10007KT CAVOK 05/M02 Q1019", "station_id": "LROD", "observation_time": "2026-04-28T01:30:00.000Z", "latitude": 47.036, "longitude": 21.896, "temp_c": 5.0, "dewpoint_c": -2.0, "wind_dir_degrees": 100.0, "wind_speed_kt": 7.0, "wind_gust_kt": 0.0, "visibility_statute_mi": 6.0, "altim_in_hg": 30.09, "sea_level_pressure_mb": 0.0, "quality_control_flags": null, "wx_string": "", "sky_condition": null, "flight_category": "VFR", "three_hr_pressure_tendency_mb": 0.0, "maxT_c": 0.0, "minT_c": 0.0, "maxT24hr_c": 0.0, "minT24hr_c": 0.0, "precip_in": 0.0, "pcp3hr_in": 0.0, "pcp6hr_in": 0.0, "pcp24hr_in": 0.0, "snow_in": 0.0, "vert_vis_ft": 0.0, "metar_type": "METAR", "elevation_m": 132.0, "municipality": "Oradea", "continent": "EU", "iso_country": "RO", "iso_region": "RO-BH", "wikipedia_link": "https://en.wikipedia.org/wiki/Oradea_International_Airport" }, "geometry": { "type": "Point", "coordinates": [ 21.896, 47.036 ] } },
{ "type": "Feature", "properties": { "raw_text": "METAR LROP 280130Z 03004KT 350V100 CAVOK 05/02 Q1019 NOSIG", "station_id": "LROP", "observation_time": "2026-04-28T01:30:00.000Z", "latitude": 44.572, "longitude": 26.102, "temp_c": 5.0, "dewpoint_c": 2.0, "wind_dir_degrees": 30.0, "wind_speed_kt": 4.0, "wind_gust_kt": 0.0, "visibility_statute_mi": 6.0, "altim_in_hg": 30.09, "sea_level_pressure_mb": 0.0, "quality_control_flags": null, "wx_string": "", "sky_condition": null, "flight_category": "VFR", "three_hr_pressure_tendency_mb": 0.0, "maxT_c": 0.0, "minT_c": 0.0, "maxT24hr_c": 0.0, "minT24hr_c": 0.0, "precip_in": 0.0, "pcp3hr_in": 0.0, "pcp6hr_in": 0.0, "pcp24hr_in": 0.0, "snow_in": 0.0, "vert_vis_ft": 0.0, "metar_type": "METAR", "elevation_m": 92.0, "municipality": "Otopeni", "continent": "EU", "iso_country": "RO", "iso_region": "RO-IF", "wikipedia_link": "https://en.wikipedia.org/wiki/Henri_Coand%C4%83_International_Airport" }, "geometry": { "type": "Point", "coordinates": [ 26.102, 44.572 ] } },
{ "type": "Feature", "properties": { "raw_text": "METAR LRSB 280130Z 07002KT CAVOK 04/M01 Q1019", "station_id": "LRSB", "observation_time": "2026-04-28T01:30:00.000Z", "latitude": 45.789, "longitude": 24.091, "temp_c": 4.0, "dewpoint_c": -1.0, "wind_dir_degrees": 70.0, "wind_speed_kt": 2.0, "wind_gust_kt": 0.0, "visibility_statute_mi": 6.0, "altim_in_hg": 30.09, "sea_level_pressure_mb": 0.0, "quality_control_flags": null, "wx_string": "", "sky_condition": null, "flight_category": "VFR", "three_hr_pressure_tendency_mb": 0.0, "maxT_c": 0.0, "minT_c": 0.0, "maxT24hr_c": 0.0, "minT24hr_c": 0.0, "precip_in": 0.0, "pcp3hr_in": 0.0, "pcp6hr_in": 0.0, "pcp24hr_in": 0.0, "snow_in": 0.0, "vert_vis_ft": 0.0, "metar_type": "METAR", "elevation_m": 442.0, "municipality": "Sibiu", "continent": "EU", "iso_country": "RO", "iso_region": "RO-SB", "wikipedia_link": "https://en.wikipedia.org/wiki/Sibiu_International_Airport" }, "geometry": { "type": "Point", "coordinates": [ 24.091, 45.789 ] } },
{ "type": "Feature", "properties": { "raw_text": "METAR LRSV 280130Z 30005KT CAVOK 05/M06 Q1018", "station_id": "LRSV", "observation_time": "2026-04-28T01:30:00.000Z", "latitude": 47.686, "longitude": 26.354, "temp_c": 5.0, "dewpoint_c": -6.0, "wind_dir_degrees": 300.0, "wind_speed_kt": 5.0, "wind_gust_kt": 0.0, "visibility_statute_mi": 6.0, "altim_in_hg": 30.06, "sea_level_pressure_mb": 0.0, "quality_control_flags": null, "wx_string": "", "sky_condition": null, "flight_category": "VFR", "three_hr_pressure_tendency_mb": 0.0, "maxT_c": 0.0, "minT_c": 0.0, "maxT24hr_c": 0.0, "minT24hr_c": 0.0, "precip_in": 0.0, "pcp3hr_in": 0.0, "pcp6hr_in": 0.0, "pcp24hr_in": 0.0, "snow_in": 0.0, "vert_vis_ft": 0.0, "metar_type": "METAR", "elevation_m": 406.0, "municipality": "Suceava", "continent": "EU", "iso_country": "RO", "iso_region": "RO-SV", "wikipedia_link": "https://en.wikipedia.org/wiki/Suceava_Airport" }, "geometry": { "type": "Point", "coordinates": [ 26.354, 47.686 ] } },
{ "type": "Feature", "properties": { "raw_text": "METAR LRTR 280130Z 06006KT CAVOK 03/01 Q1019", "station_id": "LRTR", "observation_time": "2026-04-28T01:30:00.000Z", "latitude": 45.811, "longitude": 21.333, "temp_c": 3.0, "dewpoint_c": 1.0, "wind_dir_degrees": 60.0, "wind_speed_kt": 6.0, "wind_gust_kt": 0.0, "visibility_statute_mi": 6.0, "altim_in_hg": 30.09, "sea_level_pressure_mb": 0.0, "quality_control_flags": null, "wx_string": "", "sky_condition": null, "flight_category": "VFR", "three_hr_pressure_tendency_mb": 0.0, "maxT_c": 0.0, "minT_c": 0.0, "maxT24hr_c": 0.0, "minT24hr_c": 0.0, "precip_in": 0.0, "pcp3hr_in": 0.0, "pcp6hr_in": 0.0, "pcp24hr_in": 0.0, "snow_in": 0.0, "vert_vis_ft": 0.0, "metar_type": "METAR", "elevation_m": 104.0, "municipality": "Timişoara", "continent": "EU", "iso_country": "RO", "iso_region": "RO-TM", "wikipedia_link": "https://en.wikipedia.org/wiki/Traian_Vuia_International_Airport" }, "geometry": { "type": "Point", "coordinates": [ 21.333, 45.811 ] } },
{ "type": "Feature", "properties": { "raw_text": "METAR LSGG 280120Z AUTO VRB02KT CAVOK 10/06 Q1016 NOSIG", "station_id": "LSGG", "observation_time": "2026-04-28T01:20:00.000Z", "latitude": 46.248, "longitude": 6.128, "temp_c": 10.0, "dewpoint_c": 6.0, "wind_dir_degrees": 0.0, "wind_speed_kt": 2.0, "wind_gust_kt": 0.0, "visibility_statute_mi": 6.0, "altim_in_hg": 30.0, "sea_level_pressure_mb": 0.0, "quality_control_flags": null, "wx_string": "", "sky_condition": null, "flight_category": "VFR", "three_hr_pressure_tendency_mb": 0.0, "maxT_c": 0.0, "minT_c": 0.0, "maxT24hr_c": 0.0, "minT24hr_c": 0.0, "precip_in": 0.0, "pcp3hr_in": 0.0, "pcp6hr_in": 0.0, "pcp24hr_in": 0.0, "snow_in": 0.0, "vert_vis_ft": 0.0, "metar_type": "METAR", "elevation_m": 411.0, "municipality": "Geneva", "continent": "EU", "iso_country": "CH", "iso_region": "CH-GE", "wikipedia_link": "https://en.wikipedia.org/wiki/Geneva_Airport" }, "geometry": { "type": "Point", "coordinates": [ 6.128, 46.248 ] } },
{ "type": "Feature", "properties": { "raw_text": "METAR LSZH 280120Z AUTO VRB03KT CAVOK 07/04 Q1017 NOSIG", "station_id": "LSZH", "observation_time": "2026-04-28T01:20:00.000Z", "latitude": 47.48, "longitude": 8.536, "temp_c": 7.0, "dewpoint_c": 4.0, "wind_dir_degrees": 0.0, "wind_speed_kt": 3.0, "wind_gust_kt": 0.0, "visibility_statute_mi": 6.0, "altim_in_hg": 30.03, "sea_level_pressure_mb": 0.0, "quality_control_flags": null, "wx_string": "", "sky_condition": null, "flight_category": "VFR", "three_hr_pressure_tendency_mb": 0.0, "maxT_c": 0.0, "minT_c": 0.0, "maxT24hr_c": 0.0, "minT24hr_c": 0.0, "precip_in": 0.0, "pcp3hr_in": 0.0, "pcp6hr_in": 0.0, "pcp24hr_in": 0.0, "snow_in": 0.0, "vert_vis_ft": 0.0, "metar_type": "METAR", "elevation_m": 424.0, "municipality": "Zurich", "continent": "EU", "iso_country": "CH", "iso_region": "CH-ZH", "wikipedia_link": "https://en.wikipedia.org/wiki/Zurich_Airport" }, "geometry": { "type": "Point", "coordinates": [ 8.536, 47.48 ] } },
{ "type": "Feature", "properties": { "raw_text": "METAR LTAC 280120Z 05008KT CAVOK 06/04 Q1017 NOSIG RMK RWY21C 04009KT RWY03L 04007KT RWY21R 02010KT RWY03R 03007KT RWY21L 05007KT", "station_id": "LTAC", "observation_time": "2026-04-28T01:20:00.000Z", "latitude": 40.128, "longitude": 32.995, "temp_c": 6.0, "dewpoint_c": 4.0, "wind_dir_degrees": 50.0, "wind_speed_kt": 8.0, "wind_gust_kt": 0.0, "visibility_statute_mi": 6.0, "altim_in_hg": 30.03, "sea_level_pressure_mb": 0.0, "quality_control_flags": null, "wx_string": "", "sky_condition": null, "flight_category": "VFR", "three_hr_pressure_tendency_mb": 0.0, "maxT_c": 0.0, "minT_c": 0.0, "maxT24hr_c": 0.0, "minT24hr_c": 0.0, "precip_in": 0.0, "pcp3hr_in": 0.0, "pcp6hr_in": 0.0, "pcp24hr_in": 0.0, "snow_in": 0.0, "vert_vis_ft": 0.0, "metar_type": "METAR", "elevation_m": 952.0, "municipality": "Ankara", "continent": "AS", "iso_country": "TR", "iso_region": "TR-06", "wikipedia_link": "https://en.wikipedia.org/wiki/Esenbo%C4%9Fa_International_Airport" }, "geometry": { "type": "Point", "coordinates": [ 32.995, 40.128 ] } },
{ "type": "Feature", "properties": { "raw_text": "METAR LTAF 280120Z 10003KT CAVOK 18/16 Q1011 NOSIG RMK RWY23 13003KT 070V170 SKC", "station_id": "LTAF", "observation_time": "2026-04-28T01:20:00.000Z", "latitude": 36.989, "longitude": 35.293, "temp_c": 18.0, "dewpoint_c": 16.0, "wind_dir_degrees": 100.0, "wind_speed_kt": 3.0, "wind_gust_kt": 0.0, "visibility_statute_mi": 6.0, "altim_in_hg": 29.85, "sea_level_pressure_mb": 0.0, "quality_control_flags": null, "wx_string": "", "sky_condition": null, "flight_category": "VFR", "three_hr_pressure_tendency_mb": 0.0, "maxT_c": 0.0, "minT_c": 0.0, "maxT24hr_c": 0.0, "minT24hr_c": 0.0, "precip_in": 0.0, "pcp3hr_in": 0.0, "pcp6hr_in": 0.0, "pcp24hr_in": 0.0, "snow_in": 0.0, "vert_vis_ft": 0.0, "metar_type": "METAR", "elevation_m": 19.0, "municipality": "Seyhan", "continent": "AS", "iso_country": "TR", "iso_region": "TR-01", "wikipedia_link": "https://en.wikipedia.org/wiki/Adana_%C5%9Eakirpa%C5%9Fa_Airport" }, "geometry": { "type": "Point", "coordinates": [ 35.293, 36.989 ] } },
{ "type": "Feature", "properties": { "raw_text": "METAR LTAI 280120Z 34004KT CAVOK 15/11 Q1012 NOSIG RMK RWY18C 36004KT RWY36R 35005KT RWY18L 35004KT", "station_id": "LTAI", "observation_time": "2026-04-28T01:20:00.000Z", "latitude": 36.9, "longitude": 30.798, "temp_c": 15.0, "dewpoint_c": 11.0, "wind_dir_degrees": 340.0, "wind_speed_kt": 4.0, "wind_gust_kt": 0.0, "visibility_statute_mi": 6.0, "altim_in_hg": 29.88, "sea_level_pressure_mb": 0.0, "quality_control_flags": null, "wx_string": "", "sky_condition": null, "flight_category": "VFR", "three_hr_pressure_tendency_mb": 0.0, "maxT_c": 0.0, "minT_c": 0.0, "maxT24hr_c": 0.0, "minT24hr_c": 0.0, "precip_in": 0.0, "pcp3hr_in": 0.0, "pcp6hr_in": 0.0, "pcp24hr_in": 0.0, "snow_in": 0.0, "vert_vis_ft": 0.0, "metar_type": "METAR", "elevation_m": 50.0, "municipality": "Antalya", "continent": "AS", "iso_country": "TR", "iso_region": "TR-07", "wikipedia_link": "https://en.wikipedia.org/wiki/Antalya_Airport" }, "geometry": { "type": "Point", "coordinates": [ 30.798, 36.9 ] } },
{ "type": "Feature", "properties": { "raw_text": "METAR LTAJ 280120Z 36006KT 350V070 CAVOK 13/07 Q1011 NOSIG RMK RWY10 33004KT 300V050 SKC", "station_id": "LTAJ", "observation_time": "2026-04-28T01:20:00.000Z", "latitude": 36.947, "longitude": 37.479, "temp_c": 13.0, "dewpoint_c": 7.0, "wind_dir_degrees": 360.0, "wind_speed_kt": 6.0, "wind_gust_kt": 0.0, "visibility_statute_mi": 6.0, "altim_in_hg": 29.85, "sea_level_pressure_mb": 0.0, "quality_control_flags": null, "wx_string": "", "sky_condition": null, "flight_category": "VFR", "three_hr_pressure_tendency_mb": 0.0, "maxT_c": 0.0, "minT_c": 0.0, "maxT24hr_c": 0.0, "minT24hr_c": 0.0, "precip_in": 0.0, "pcp3hr_in": 0.0, "pcp6hr_in": 0.0, "pcp24hr_in": 0.0, "snow_in": 0.0, "vert_vis_ft": 0.0, "metar_type": "METAR", "elevation_m": 684.0, "municipality": "Gaziantep", "continent": "AS", "iso_country": "TR", "iso_region": "TR-27", "wikipedia_link": "https://en.wikipedia.org/wiki/O%C4%9Fuzeli_Airport" }, "geometry": { "type": "Point", "coordinates": [ 37.479, 36.947 ] } },
{ "type": "Feature", "properties": { "raw_text": "METAR LTAN 280050Z 34008KT 9000 FEW040 11/03 Q1016 NOSIG", "station_id": "LTAN", "observation_time": "2026-04-28T00:50:00.000Z", "latitude": 37.979, "longitude": 32.562, "temp_c": 11.0, "dewpoint_c": 3.0, "wind_dir_degrees": 340.0, "wind_speed_kt": 8.0, "wind_gust_kt": 0.0, "visibility_statute_mi": 5.59, "altim_in_hg": 30.0, "sea_level_pressure_mb": 0.0, "quality_control_flags": null, "wx_string": "", "sky_condition": null, "flight_category": "VFR", "three_hr_pressure_tendency_mb": 0.0, "maxT_c": 0.0, "minT_c": 0.0, "maxT24hr_c": 0.0, "minT24hr_c": 0.0, "precip_in": 0.0, "pcp3hr_in": 0.0, "pcp6hr_in": 0.0, "pcp24hr_in": 0.0, "snow_in": 0.0, "vert_vis_ft": 0.0, "metar_type": "METAR", "elevation_m": 1029.0, "municipality": "Konya", "continent": "AS", "iso_country": "TR", "iso_region": "TR-42", "wikipedia_link": "https://en.wikipedia.org/wiki/Konya_Airport" }, "geometry": { "type": "Point", "coordinates": [ 32.562, 37.979 ] } },
{ "type": "Feature", "properties": { "raw_text": "METAR LTAU 280120Z 07006KT CAVOK 05/02 Q1017 NOSIG RMK RWY07 08007KT", "station_id": "LTAU", "observation_time": "2026-04-28T01:20:00.000Z", "latitude": 38.77, "longitude": 35.495, "temp_c": 5.0, "dewpoint_c": 2.0, "wind_dir_degrees": 70.0, "wind_speed_kt": 6.0, "wind_gust_kt": 0.0, "visibility_statute_mi": 6.0, "altim_in_hg": 30.03, "sea_level_pressure_mb": 0.0, "quality_control_flags": null, "wx_string": "", "sky_condition": null, "flight_category": "VFR", "three_hr_pressure_tendency_mb": 0.0, "maxT_c": 0.0, "minT_c": 0.0, "maxT24hr_c": 0.0, "minT24hr_c": 0.0, "precip_in": 0.0, "pcp3hr_in": 0.0, "pcp6hr_in": 0.0, "pcp24hr_in": 0.0, "snow_in": 0.0, "vert_vis_ft": 0.0, "metar_type": "METAR", "elevation_m": 1053.0, "municipality": "Kayseri", "continent": "AS", "iso_country": "TR", "iso_region": "TR-38", "wikipedia_link": "https://en.wikipedia.org/wiki/Erkilet_Airport" }, "geometry": { "type": "Point", "coordinates": [ 35.495, 38.77 ] } },
{ "type": "Feature", "properties": { "raw_text": "METAR LTAZ 280120Z 21005KT CAVOK 06/04 Q1017 RMK RWY29 00000KT", "station_id": "LTAZ", "observation_time": "2026-04-28T01:20:00.000Z", "latitude": 38.771, "longitude": 34.521, "temp_c": 6.0, "dewpoint_c": 4.0, "wind_dir_degrees": 210.0, "wind_speed_kt": 5.0, "wind_gust_kt": 0.0, "visibility_statute_mi": 6.0, "altim_in_hg": 30.03, "sea_level_pressure_mb": 0.0, "quality_control_flags": null, "wx_string": "", "sky_condition": null, "flight_category": "VFR", "three_hr_pressure_tendency_mb": 0.0, "maxT_c": 0.0, "minT_c": 0.0, "maxT24hr_c": 0.0, "minT24hr_c": 0.0, "precip_in": 0.0, "pcp3hr_in": 0.0, "pcp6hr_in": 0.0, "pcp24hr_in": 0.0, "snow_in": 0.0, "vert_vis_ft": 0.0, "metar_type": "METAR", "elevation_m": 944.0, "municipality": "Nevşehir", "continent": "AS", "iso_country": "TR", "iso_region": "TR-50", "wikipedia_link": "https://en.wikipedia.org/wiki/Nev%C5%9Fehir_Kapadokya_Airport" }, "geometry": { "type": "Point", "coordinates": [ 34.521, 38.771 ] } },
{ "type": "Feature", "properties": { "raw_text": "METAR LTBA 280120Z 06008KT CAVOK 08/05 Q1019 RMK RWY23 08005KT 030V100", "station_id": "LTBA", "observation_time": "2026-04-28T01:20:00.000Z", "latitude": 40.982, "longitude": 28.821, "temp_c": 8.0, "dewpoint_c": 5.0, "wind_dir_degrees": 60.0, "wind_speed_kt": 8.0, "wind_gust_kt": 0.0, "visibility_statute_mi": 6.0, "altim_in_hg": 30.09, "sea_level_pressure_mb": 0.0, "quality_control_flags": null, "wx_string": "", "sky_condition": null, "flight_category": "VFR", "three_hr_pressure_tendency_mb": 0.0, "maxT_c": 0.0, "minT_c": 0.0, "maxT24hr_c": 0.0, "minT24hr_c": 0.0, "precip_in": 0.0, "pcp3hr_in": 0.0, "pcp6hr_in": 0.0, "pcp24hr_in": 0.0, "snow_in": 0.0, "vert_vis_ft": 0.0, "metar_type": "METAR", "elevation_m": 33.0, "municipality": "Istanbul(Bakırköy)", "continent": "EU", "iso_country": "TR", "iso_region": "TR-34", "wikipedia_link": "https://en.wikipedia.org/wiki/Istanbul_Atat%C3%BCrk_Airport" }, "geometry": { "type": "Point", "coordinates": [ 28.821, 40.982 ] } },
{ "type": "Feature", "properties": { "raw_text": "METAR LTBJ 280120Z 34011KT CAVOK 13/07 Q1014 NOSIG RMK RWY16 36010KT", "station_id": "LTBJ", "observation_time": "2026-04-28T01:20:00.000Z", "latitude": 38.285, "longitude": 27.155, "temp_c": 13.0, "dewpoint_c": 7.0, "wind_dir_degrees": 340.0, "wind_speed_kt": 11.0, "wind_gust_kt": 0.0, "visibility_statute_mi": 6.0, "altim_in_hg": 29.94, "sea_level_pressure_mb": 0.0, "quality_control_flags": null, "wx_string": "", "sky_condition": null, "flight_category": "VFR", "three_hr_pressure_tendency_mb": 0.0, "maxT_c": 0.0, "minT_c": 0.0, "maxT24hr_c": 0.0, "minT24hr_c": 0.0, "precip_in": 0.0, "pcp3hr_in": 0.0, "pcp6hr_in": 0.0, "pcp24hr_in": 0.0, "snow_in": 0.0, "vert_vis_ft": 0.0, "metar_type": "METAR", "elevation_m": 123.0, "municipality": "Gaziemir", "continent": "AS", "iso_country": "TR", "iso_region": "TR-35", "wikipedia_link": "https://en.wikipedia.org/wiki/Adnan_Menderes_Airport" }, "geometry": { "type": "Point", "coordinates": [ 27.155, 38.285 ] } },
{ "type": "Feature", "properties": { "raw_text": "METAR LTBS 280120Z 05005KT CAVOK 12/11 Q1012 NOSIG RMK RWY19 03004KT SKC", "station_id": "LTBS", "observation_time": "2026-04-28T01:20:00.000Z", "latitude": 36.713, "longitude": 28.793, "temp_c": 12.0, "dewpoint_c": 11.0, "wind_dir_degrees": 50.0, "wind_speed_kt": 5.0, "wind_gust_kt": 0.0, "visibility_statute_mi": 6.0, "altim_in_hg": 29.88, "sea_level_pressure_mb": 0.0, "quality_control_flags": null, "wx_string": "", "sky_condition": null, "flight_category": "VFR", "three_hr_pressure_tendency_mb": 0.0, "maxT_c": 0.0, "minT_c": 0.0, "maxT24hr_c": 0.0, "minT24hr_c": 0.0, "precip_in": 0.0, "pcp3hr_in": 0.0, "pcp6hr_in": 0.0, "pcp24hr_in": 0.0, "snow_in": 0.0, "vert_vis_ft": 0.0, "metar_type": "METAR", "elevation_m": 2.0, "municipality": "Dalaman", "continent": "AS", "iso_country": "TR", "iso_region": "TR-48", "wikipedia_link": "https://en.wikipedia.org/wiki/Dalaman_Airport" }, "geometry": { "type": "Point", "coordinates": [ 28.793, 36.713 ] } },
{ "type": "Feature", "properties": { "raw_text": "METAR LTBY 280050Z 24006KT CAVOK 05/03 Q1017", "station_id": "LTBY", "observation_time": "2026-04-28T00:50:00.000Z", "latitude": 39.81, "longitude": 30.519, "temp_c": 5.0, "dewpoint_c": 3.0, "wind_dir_degrees": 240.0, "wind_speed_kt": 6.0, "wind_gust_kt": 0.0, "visibility_statute_mi": 6.0, "altim_in_hg": 30.03, "sea_level_pressure_mb": 0.0, "quality_control_flags": null, "wx_string": "", "sky_condition": null, "flight_category": "VFR", "three_hr_pressure_tendency_mb": 0.0, "maxT_c": 0.0, "minT_c": 0.0, "maxT24hr_c": 0.0, "minT24hr_c": 0.0, "precip_in": 0.0, "pcp3hr_in": 0.0, "pcp6hr_in": 0.0, "pcp24hr_in": 0.0, "snow_in": 0.0, "vert_vis_ft": 0.0, "metar_type": "METAR", "elevation_m": 788.0, "municipality": "Eskişehir", "continent": "AS", "iso_country": "TR", "iso_region": "TR-26", "wikipedia_link": "https://en.wikipedia.org/wiki/Anadolu_Airport" }, "geometry": { "type": "Point", "coordinates": [ 30.519, 39.81 ] } },
{ "type": "Feature", "properties": { "raw_text": "METAR LTCS 280120Z 33006KT CAVOK 12/09 Q1012 RMK RWY22 31004KT 290V350 2CI200", "station_id": "LTCS", "observation_time": "2026-04-28T01:20:00.000Z", "latitude": 37.445, "longitude": 38.904, "temp_c": 12.0, "dewpoint_c": 9.0, "wind_dir_degrees": 330.0, "wind_speed_kt": 6.0, "wind_gust_kt": 0.0, "visibility_statute_mi": 6.0, "altim_in_hg": 29.88, "sea_level_pressure_mb": 0.0, "quality_control_flags": null, "wx_string": "", "sky_condition": null, "flight_category": "VFR", "three_hr_pressure_tendency_mb": 0.0, "maxT_c": 0.0, "minT_c": 0.0, "maxT24hr_c": 0.0, "minT24hr_c": 0.0, "precip_in": 0.0, "pcp3hr_in": 0.0, "pcp6hr_in": 0.0, "pcp24hr_in": 0.0, "snow_in": 0.0, "vert_vis_ft": 0.0, "metar_type": "METAR", "elevation_m": 825.0, "municipality": "Şanlıurfa", "continent": "AS", "iso_country": "TR", "iso_region": "TR-63", "wikipedia_link": "https://en.wikipedia.org/wiki/Şanlıurfa_GAP_Airport" }, "geometry": { "type": "Point", "coordinates": [ 38.904, 37.445 ] } },
{ "type": "Feature", "properties": { "raw_text": "METAR LTDB 280120Z 03004KT 5000 BR SCT020 14/13 Q1011 NOSIG", "station_id": "LTDB", "observation_time": "2026-04-28T01:20:00.000Z", "latitude": 36.8939, "longitude": 35.07, "temp_c": 14.0, "dewpoint_c": 13.0, "wind_dir_degrees": 30.0, "wind_speed_kt": 4.0, "wind_gust_kt": 0.0, "visibility_statute_mi": 3.11, "altim_in_hg": 29.85, "sea_level_pressure_mb": 0.0, "quality_control_flags": null, "wx_string": "BR", "sky_condition": null, "flight_category": "MVFR", "three_hr_pressure_tendency_mb": 0.0, "maxT_c": 0.0, "minT_c": 0.0, "maxT24hr_c": 0.0, "minT24hr_c": 0.0, "precip_in": 0.0, "pcp3hr_in": 0.0, "pcp6hr_in": 0.0, "pcp24hr_in": 0.0, "snow_in": 0.0, "vert_vis_ft": 0.0, "metar_type": "METAR", "elevation_m": 6.0, "municipality": "Tarsus", "continent": "AS", "iso_country": "TR", "iso_region": "TR-33", "wikipedia_link": "https://en.wikipedia.org/wiki/%C3%87ukurova_International_Airport" }, "geometry": { "type": "Point", "coordinates": [ 35.07, 36.8939 ] } },
{ "type": "Feature", "properties": { "raw_text": "METAR LTFD 280050Z 08014KT CAVOK 11/04 Q1017", "station_id": "LTFD", "observation_time": "2026-04-28T00:50:00.000Z", "latitude": 39.559, "longitude": 27.025, "temp_c": 11.0, "dewpoint_c": 4.0, "wind_dir_degrees": 80.0, "wind_speed_kt": 14.0, "wind_gust_kt": 0.0, "visibility_statute_mi": 6.0, "altim_in_hg": 30.03, "sea_level_pressure_mb": 0.0, "quality_control_flags": null, "wx_string": "", "sky_condition": null, "flight_category": "VFR", "three_hr_pressure_tendency_mb": 0.0, "maxT_c": 0.0, "minT_c": 0.0, "maxT24hr_c": 0.0, "minT24hr_c": 0.0, "precip_in": 0.0, "pcp3hr_in": 0.0, "pcp6hr_in": 0.0, "pcp24hr_in": 0.0, "snow_in": 0.0, "vert_vis_ft": 0.0, "metar_type": "METAR", "elevation_m": 15.0, "municipality": "Edremit", "continent": "AS", "iso_country": "TR", "iso_region": "TR-10", "wikipedia_link": "https://en.wikipedia.org/wiki/Bal%C4%B1kesir_Koca_Seyit_Airport" }, "geometry": { "type": "Point", "coordinates": [ 27.025, 39.559 ] } },
{ "type": "Feature", "properties": { "raw_text": "METAR LTFE 280120Z 12004KT CAVOK 11/10 Q1013 NOSIG RMK RWY10 08003KT 040V100", "station_id": "LTFE", "observation_time": "2026-04-28T01:20:00.000Z", "latitude": 37.245, "longitude": 27.673, "temp_c": 11.0, "dewpoint_c": 10.0, "wind_dir_degrees": 120.0, "wind_speed_kt": 4.0, "wind_gust_kt": 0.0, "visibility_statute_mi": 6.0, "altim_in_hg": 29.91, "sea_level_pressure_mb": 0.0, "quality_control_flags": null, "wx_string": "", "sky_condition": null, "flight_category": "VFR", "three_hr_pressure_tendency_mb": 0.0, "maxT_c": 0.0, "minT_c": 0.0, "maxT24hr_c": 0.0, "minT24hr_c": 0.0, "precip_in": 0.0, "pcp3hr_in": 0.0, "pcp6hr_in": 0.0, "pcp24hr_in": 0.0, "snow_in": 0.0, "vert_vis_ft": 0.0, "metar_type": "METAR", "elevation_m": 6.0, "municipality": "Bodrum", "continent": "AS", "iso_country": "TR", "iso_region": "TR-48", "wikipedia_link": "https://en.wikipedia.org/wiki/Milas-Bodrum_Airport" }, "geometry": { "type": "Point", "coordinates": [ 27.673, 37.245 ] } },
{ "type": "Feature", "properties": { "raw_text": "METAR LTFJ 280120Z 03006KT 350V050 CAVOK 07/04 Q1019 NOSIG RMK RWY24R 01005KT RWY06R 02006KT RWY24L 03005KT", "station_id": "LTFJ", "observation_time": "2026-04-28T01:20:00.000Z", "latitude": 40.899, "longitude": 29.309, "temp_c": 7.0, "dewpoint_c": 4.0, "wind_dir_degrees": 30.0, "wind_speed_kt": 6.0, "wind_gust_kt": 0.0, "visibility_statute_mi": 6.0, "altim_in_hg": 30.09, "sea_level_pressure_mb": 0.0, "quality_control_flags": null, "wx_string": "", "sky_condition": null, "flight_category": "VFR", "three_hr_pressure_tendency_mb": 0.0, "maxT_c": 0.0, "minT_c": 0.0, "maxT24hr_c": 0.0, "minT24hr_c": 0.0, "precip_in": 0.0, "pcp3hr_in": 0.0, "pcp6hr_in": 0.0, "pcp24hr_in": 0.0, "snow_in": 0.0, "vert_vis_ft": 0.0, "metar_type": "METAR", "elevation_m": 83.0, "municipality": "Pendik, Istanbul", "continent": "AS", "iso_country": "TR", "iso_region": "TR-34", "wikipedia_link": "https://en.wikipedia.org/wiki/Istanbul_Sabiha_G%C3%B6k%C3%A7en_International_Airport" }, "geometry": { "type": "Point", "coordinates": [ 29.309, 40.899 ] } },
{ "type": "Feature", "properties": { "raw_text": "METAR LTFM 280120Z 07007KT CAVOK 09/04 Q1019 NOSIG RMK RWY17L 07006KT RWY34L 06006KT RWY16R 07006KT RWY36 08006KT 010V100 RWY18 08008KT", "station_id": "LTFM", "observation_time": "2026-04-28T01:20:00.000Z", "latitude": 41.262, "longitude": 28.74, "temp_c": 9.0, "dewpoint_c": 4.0, "wind_dir_degrees": 70.0, "wind_speed_kt": 7.0, "wind_gust_kt": 0.0, "visibility_statute_mi": 6.0, "altim_in_hg": 30.09, "sea_level_pressure_mb": 0.0, "quality_control_flags": null, "wx_string": "", "sky_condition": null, "flight_category": "VFR", "three_hr_pressure_tendency_mb": 0.0, "maxT_c": 0.0, "minT_c": 0.0, "maxT24hr_c": 0.0, "minT24hr_c": 0.0, "precip_in": 0.0, "pcp3hr_in": 0.0, "pcp6hr_in": 0.0, "pcp24hr_in": 0.0, "snow_in": 0.0, "vert_vis_ft": 0.0, "metar_type": "METAR", "elevation_m": 99.0, "municipality": "Istanbul", "continent": "EU", "iso_country": "TR", "iso_region": "TR-34", "wikipedia_link": "https://en.wikipedia.org/wiki/Istanbul_Airport" }, "geometry": { "type": "Point", "coordinates": [ 28.74, 41.262 ] } },
{ "type": "Feature", "properties": { "raw_text": "METAR LTFO 280050Z 17003KT 9999 SCT018 BKN035 11/07 Q1022", "station_id": "LTFO", "observation_time": "2026-04-28T00:50:00.000Z", "latitude": 41.179, "longitude": 40.845, "temp_c": 11.0, "dewpoint_c": 7.0, "wind_dir_degrees": 170.0, "wind_speed_kt": 3.0, "wind_gust_kt": 0.0, "visibility_statute_mi": 6.0, "altim_in_hg": 30.18, "sea_level_pressure_mb": 0.0, "quality_control_flags": null, "wx_string": "", "sky_condition": null, "flight_category": "VFR", "three_hr_pressure_tendency_mb": 0.0, "maxT_c": 0.0, "minT_c": 0.0, "maxT24hr_c": 0.0, "minT24hr_c": 0.0, "precip_in": 0.0, "pcp3hr_in": 0.0, "pcp6hr_in": 0.0, "pcp24hr_in": 0.0, "snow_in": 0.0, "vert_vis_ft": 0.0, "metar_type": "METAR", "elevation_m": 5.0, "municipality": "Rize", "continent": "AS", "iso_country": "TR", "iso_region": "TR-53", "wikipedia_link": "https://en.wikipedia.org/wiki/Rize–Artvin_Airport" }, "geometry": { "type": "Point", "coordinates": [ 40.845, 41.179 ] } },
{ "type": "Feature", "properties": { "raw_text": "METAR LUKK 280130Z 26009KT CAVOK 04/M00 Q1019 NOSIG", "station_id": "LUKK", "observation_time": "2026-04-28T01:30:00.000Z", "latitude": 46.928, "longitude": 28.931, "temp_c": 4.0, "dewpoint_c": 0.0, "wind_dir_degrees": 260.0, "wind_speed_kt": 9.0, "wind_gust_kt": 0.0, "visibility_statute_mi": 6.0, "altim_in_hg": 30.09, "sea_level_pressure_mb": 0.0, "quality_control_flags": null, "wx_string": "", "sky_condition": null, "flight_category": "VFR", "three_hr_pressure_tendency_mb": 0.0, "maxT_c": 0.0, "minT_c": 0.0, "maxT24hr_c": 0.0, "minT24hr_c": 0.0, "precip_in": 0.0, "pcp3hr_in": 0.0, "pcp6hr_in": 0.0, "pcp24hr_in": 0.0, "snow_in": 0.0, "vert_vis_ft": 0.0, "metar_type": "METAR", "elevation_m": 102.0, "municipality": "Chişinău", "continent": "EU", "iso_country": "MD", "iso_region": "MD-CU", "wikipedia_link": "https://en.wikipedia.org/wiki/Chi%C5%9Fin%C4%83u_International_Airport" }, "geometry": { "type": "Point", "coordinates": [ 28.931, 46.928 ] } },
{ "type": "Feature", "properties": { "raw_text": "METAR LWSK 280150Z VRB02KT CAVOK 06/03 Q1019 NOSIG", "station_id": "LWSK", "observation_time": "2026-04-28T01:50:00.000Z", "latitude": 41.952, "longitude": 21.627, "temp_c": 6.0, "dewpoint_c": 3.0, "wind_dir_degrees": 0.0, "wind_speed_kt": 2.0, "wind_gust_kt": 0.0, "visibility_statute_mi": 6.0, "altim_in_hg": 30.09, "sea_level_pressure_mb": 0.0, "quality_control_flags": null, "wx_string": "", "sky_condition": null, "flight_category": "VFR", "three_hr_pressure_tendency_mb": 0.0, "maxT_c": 0.0, "minT_c": 0.0, "maxT24hr_c": 0.0, "minT24hr_c": 0.0, "precip_in": 0.0, "pcp3hr_in": 0.0, "pcp6hr_in": 0.0, "pcp24hr_in": 0.0, "snow_in": 0.0, "vert_vis_ft": 0.0, "metar_type": "METAR", "elevation_m": 232.0, "municipality": "Ilinden", "continent": "EU", "iso_country": "MK", "iso_region": "MK-008", "wikipedia_link": "https://en.wikipedia.org/wiki/Skopje_Airport" }, "geometry": { "type": "Point", "coordinates": [ 21.627, 41.952 ] } },
{ "type": "Feature", "properties": { "raw_text": "METAR LXGB 280120Z AUTO 06012KT 9999 BR BKN014/// SCT140/// 17/16 Q1012", "station_id": "LXGB", "observation_time": "2026-04-28T01:20:00.000Z", "latitude": 36.151, "longitude": -5.35, "temp_c": 17.0, "dewpoint_c": 16.0, "wind_dir_degrees": 60.0, "wind_speed_kt": 12.0, "wind_gust_kt": 0.0, "visibility_statute_mi": 6.0, "altim_in_hg": 29.88, "sea_level_pressure_mb": 0.0, "quality_control_flags": null, "wx_string": "BR", "sky_condition": null, "flight_category": "MVFR", "three_hr_pressure_tendency_mb": 0.0, "maxT_c": 0.0, "minT_c": 0.0, "maxT24hr_c": 0.0, "minT24hr_c": 0.0, "precip_in": 0.0, "pcp3hr_in": 0.0, "pcp6hr_in": 0.0, "pcp24hr_in": 0.0, "snow_in": 0.0, "vert_vis_ft": 0.0, "metar_type": "METAR", "elevation_m": 5.0, "municipality": "Gibraltar", "continent": "EU", "iso_country": "GI", "iso_region": "GI-U-A", "wikipedia_link": "https://en.wikipedia.org/wiki/Gibraltar_Airport" }, "geometry": { "type": "Point", "coordinates": [ -5.35, 36.151 ] } },
{ "type": "Feature", "properties": { "raw_text": "METAR LYBE 280130Z 10002KT CAVOK 07/03 Q1019 NOSIG", "station_id": "LYBE", "observation_time": "2026-04-28T01:30:00.000Z", "latitude": 44.824, "longitude": 20.291, "temp_c": 7.0, "dewpoint_c": 3.0, "wind_dir_degrees": 100.0, "wind_speed_kt": 2.0, "wind_gust_kt": 0.0, "visibility_statute_mi": 6.0, "altim_in_hg": 30.09, "sea_level_pressure_mb": 0.0, "quality_control_flags": null, "wx_string": "", "sky_condition": null, "flight_category": "VFR", "three_hr_pressure_tendency_mb": 0.0, "maxT_c": 0.0, "minT_c": 0.0, "maxT24hr_c": 0.0, "minT24hr_c": 0.0, "precip_in": 0.0, "pcp3hr_in": 0.0, "pcp6hr_in": 0.0, "pcp24hr_in": 0.0, "snow_in": 0.0, "vert_vis_ft": 0.0, "metar_type": "METAR", "elevation_m": 93.0, "municipality": "Belgrade", "continent": "EU", "iso_country": "RS", "iso_region": "RS-00", "wikipedia_link": "https://en.wikipedia.org/wiki/Belgrade_Nikola_Tesla_Airport" }, "geometry": { "type": "Point", "coordinates": [ 20.291, 44.824 ] } },
{ "type": "Feature", "properties": { "raw_text": "METAR LYNI 280130Z VRB01KT CAVOK 07/04 Q1018 NOSIG", "station_id": "LYNI", "observation_time": "2026-04-28T01:30:00.000Z", "latitude": 43.338, "longitude": 21.863, "temp_c": 7.0, "dewpoint_c": 4.0, "wind_dir_degrees": 0.0, "wind_speed_kt": 1.0, "wind_gust_kt": 0.0, "visibility_statute_mi": 6.0, "altim_in_hg": 30.06, "sea_level_pressure_mb": 0.0, "quality_control_flags": null, "wx_string": "", "sky_condition": null, "flight_category": "VFR", "three_hr_pressure_tendency_mb": 0.0, "maxT_c": 0.0, "minT_c": 0.0, "maxT24hr_c": 0.0, "minT24hr_c": 0.0, "precip_in": 0.0, "pcp3hr_in": 0.0, "pcp6hr_in": 0.0, "pcp24hr_in": 0.0, "snow_in": 0.0, "vert_vis_ft": 0.0, "metar_type": "METAR", "elevation_m": 197.0, "municipality": "Niš", "continent": "EU", "iso_country": "RS", "iso_region": "RS-20", "wikipedia_link": "https://en.wikipedia.org/wiki/Ni%C5%A1_Constantine_the_Great_Airport" }, "geometry": { "type": "Point", "coordinates": [ 21.863, 43.338 ] } },
{ "type": "Feature", "properties": { "raw_text": "METAR LYPG 280130Z 28002KT CAVOK 13/06 Q1016 NOSIG", "station_id": "LYPG", "observation_time": "2026-04-28T01:30:00.000Z", "latitude": 42.359, "longitude": 19.252, "temp_c": 13.0, "dewpoint_c": 6.0, "wind_dir_degrees": 280.0, "wind_speed_kt": 2.0, "wind_gust_kt": 0.0, "visibility_statute_mi": 6.0, "altim_in_hg": 30.0, "sea_level_pressure_mb": 0.0, "quality_control_flags": null, "wx_string": "", "sky_condition": null, "flight_category": "VFR", "three_hr_pressure_tendency_mb": 0.0, "maxT_c": 0.0, "minT_c": 0.0, "maxT24hr_c": 0.0, "minT24hr_c": 0.0, "precip_in": 0.0, "pcp3hr_in": 0.0, "pcp6hr_in": 0.0, "pcp24hr_in": 0.0, "snow_in": 0.0, "vert_vis_ft": 0.0, "metar_type": "METAR", "elevation_m": 32.0, "municipality": "Podgorica", "continent": "EU", "iso_country": "ME", "iso_region": "ME-16", "wikipedia_link": "https://en.wikipedia.org/wiki/Podgorica_Airport" }, "geometry": { "type": "Point", "coordinates": [ 19.252, 42.359 ] } },
{ "type": "Feature", "properties": { "raw_text": "METAR LZIB 280130Z 01004KT CAVOK 06/M00 Q1020 NOSIG", "station_id": "LZIB", "observation_time": "2026-04-28T01:30:00.000Z", "latitude": 48.17, "longitude": 17.207, "temp_c": 6.0, "dewpoint_c": 0.0, "wind_dir_degrees": 10.0, "wind_speed_kt": 4.0, "wind_gust_kt": 0.0, "visibility_statute_mi": 6.0, "altim_in_hg": 30.12, "sea_level_pressure_mb": 0.0, "quality_control_flags": null, "wx_string": "", "sky_condition": null, "flight_category": "VFR", "three_hr_pressure_tendency_mb": 0.0, "maxT_c": 0.0, "minT_c": 0.0, "maxT24hr_c": 0.0, "minT24hr_c": 0.0, "precip_in": 0.0, "pcp3hr_in": 0.0, "pcp6hr_in": 0.0, "pcp24hr_in": 0.0, "snow_in": 0.0, "vert_vis_ft": 0.0, "metar_type": "METAR", "elevation_m": 129.0, "municipality": "Bratislava", "continent": "EU", "iso_country": "SK", "iso_region": "SK-BL", "wikipedia_link": "https://en.wikipedia.org/wiki/M._R._%C5%A0tef%C3%A1nik_Airport" }, "geometry": { "type": "Point", "coordinates": [ 17.207, 48.17 ] } },
{ "type": "Feature", "properties": { "raw_text": "METAR MDLR 280100Z 00000KT 9999 FEW016 BKN300 25/24 Q1016", "station_id": "MDLR", "observation_time": "2026-04-28T01:00:00.000Z", "latitude": 18.451, "longitude": -68.921, "temp_c": 25.0, "dewpoint_c": 24.0, "wind_dir_degrees": 0.0, "wind_speed_kt": 0.0, "wind_gust_kt": 0.0, "visibility_statute_mi": 6.0, "altim_in_hg": 30.0, "sea_level_pressure_mb": 0.0, "quality_control_flags": null, "wx_string": "", "sky_condition": null, "flight_category": "VFR", "three_hr_pressure_tendency_mb": 0.0, "maxT_c": 0.0, "minT_c": 0.0, "maxT24hr_c": 0.0, "minT24hr_c": 0.0, "precip_in": 0.0, "pcp3hr_in": 0.0, "pcp6hr_in": 0.0, "pcp24hr_in": 0.0, "snow_in": 0.0, "vert_vis_ft": 0.0, "metar_type": "METAR", "elevation_m": 66.0, "municipality": "La Romana", "continent": "NA", "iso_country": "DO", "iso_region": "DO-12", "wikipedia_link": "https://en.wikipedia.org/wiki/La_Romana_International_Airport" }, "geometry": { "type": "Point", "coordinates": [ -68.921, 18.451 ] } },
{ "type": "Feature", "properties": { "raw_text": "METAR MDPC 280100Z 08005KT 9999 FEW018 SCT300 27/24 Q1016", "station_id": "MDPC", "observation_time": "2026-04-28T01:00:00.000Z", "latitude": 18.566, "longitude": -68.356, "temp_c": 27.0, "dewpoint_c": 24.0, "wind_dir_degrees": 80.0, "wind_speed_kt": 5.0, "wind_gust_kt": 0.0, "visibility_statute_mi": 6.0, "altim_in_hg": 30.0, "sea_level_pressure_mb": 0.0, "quality_control_flags": null, "wx_string": "", "sky_condition": null, "flight_category": "VFR", "three_hr_pressure_tendency_mb": 0.0, "maxT_c": 0.0, "minT_c": 0.0, "maxT24hr_c": 0.0, "minT24hr_c": 0.0, "precip_in": 0.0, "pcp3hr_in": 0.0, "pcp6hr_in": 0.0, "pcp24hr_in": 0.0, "snow_in": 0.0, "vert_vis_ft": 0.0, "metar_type": "METAR", "elevation_m": 10.0, "municipality": "Punta Cana", "continent": "NA", "iso_country": "DO", "iso_region": "DO-11", "wikipedia_link": "https://en.wikipedia.org/wiki/Punta_Cana_International_Airport" }, "geometry": { "type": "Point", "coordinates": [ -68.356, 18.566 ] } },
{ "type": "Feature", "properties": { "raw_text": " MDSD 280100Z 09004KT 9999 FEW018 BKN300 26/23 Q1016", "station_id": "MDSD", "observation_time": "2026-04-28T01:00:00.000Z", "latitude": 18.433, "longitude": -69.667, "temp_c": 26.0, "dewpoint_c": 23.0, "wind_dir_degrees": 90.0, "wind_speed_kt": 4.0, "wind_gust_kt": 0.0, "visibility_statute_mi": 6.0, "altim_in_hg": 30.0, "sea_level_pressure_mb": 0.0, "quality_control_flags": null, "wx_string": "", "sky_condition": null, "flight_category": "VFR", "three_hr_pressure_tendency_mb": 0.0, "maxT_c": 0.0, "minT_c": 0.0, "maxT24hr_c": 0.0, "minT24hr_c": 0.0, "precip_in": 0.0, "pcp3hr_in": 0.0, "pcp6hr_in": 0.0, "pcp24hr_in": 0.0, "snow_in": 0.0, "vert_vis_ft": 0.0, "metar_type": "METAR", "elevation_m": 18.0, "municipality": "Santo Domingo", "continent": "NA", "iso_country": "DO", "iso_region": "DO-01", "wikipedia_link": "https://en.wikipedia.org/wiki/Las_Am%C3%A9ricas_International_Airport" }, "geometry": { "type": "Point", "coordinates": [ -69.667, 18.433 ] } },
{ "type": "Feature", "properties": { "raw_text": "METAR MDST 280100Z 12004KT 070V160 9999 TS FEW016CB SCT018 24/22 Q1016 CB/NE/E", "station_id": "MDST", "observation_time": "2026-04-28T01:00:00.000Z", "latitude": 19.407, "longitude": -70.614, "temp_c": 24.0, "dewpoint_c": 22.0, "wind_dir_degrees": 120.0, "wind_speed_kt": 4.0, "wind_gust_kt": 0.0, "visibility_statute_mi": 6.0, "altim_in_hg": 30.0, "sea_level_pressure_mb": 0.0, "quality_control_flags": null, "wx_string": "TS", "sky_condition": null, "flight_category": "VFR", "three_hr_pressure_tendency_mb": 0.0, "maxT_c": 0.0, "minT_c": 0.0, "maxT24hr_c": 0.0, "minT24hr_c": 0.0, "precip_in": 0.0, "pcp3hr_in": 0.0, "pcp6hr_in": 0.0, "pcp24hr_in": 0.0, "snow_in": 0.0, "vert_vis_ft": 0.0, "metar_type": "METAR", "elevation_m": 175.0, "municipality": "Santiago", "continent": "NA", "iso_country": "DO", "iso_region": "DO-25", "wikipedia_link": "https://en.wikipedia.org/wiki/Cibao_International_Airport" }, "geometry": { "type": "Point", "coordinates": [ -70.614, 19.407 ] } },
{ "type": "Feature", "properties": { "raw_text": "METAR MGGT 280100Z 19006KT 7000 SKC 23/19 Q1020 A3012 RMK HZ", "station_id": "MGGT", "observation_time": "2026-04-28T01:00:00.000Z", "latitude": 14.585, "longitude": -90.526, "temp_c": 23.0, "dewpoint_c": 19.0, "wind_dir_degrees": 190.0, "wind_speed_kt": 6.0, "wind_gust_kt": 0.0, "visibility_statute_mi": 4.35, "altim_in_hg": 30.12, "sea_level_pressure_mb": 0.0, "quality_control_flags": null, "wx_string": "", "sky_condition": null, "flight_category": "MVFR", "three_hr_pressure_tendency_mb": 0.0, "maxT_c": 0.0, "minT_c": 0.0, "maxT24hr_c": 0.0, "minT24hr_c": 0.0, "precip_in": 0.0, "pcp3hr_in": 0.0, "pcp6hr_in": 0.0, "pcp24hr_in": 0.0, "snow_in": 0.0, "vert_vis_ft": 0.0, "metar_type": "METAR", "elevation_m": 1497.0, "municipality": "Guatemala City", "continent": "NA", "iso_country": "GT", "iso_region": "GT-GU", "wikipedia_link": "https://en.wikipedia.org/wiki/La_Aurora_International_Airport" }, "geometry": { "type": "Point", "coordinates": [ -90.526, 14.585 ] } },
{ "type": "Feature", "properties": { "raw_text": "METAR MHLM 280100Z 03011KT 9999 FEW028 28/25 Q1011 A2986 NOSIG", "station_id": "MHLM", "observation_time": "2026-04-28T01:00:00.000Z", "latitude": 15.442, "longitude": -87.934, "temp_c": 28.0, "dewpoint_c": 25.0, "wind_dir_degrees": 30.0, "wind_speed_kt": 11.0, "wind_gust_kt": 0.0, "visibility_statute_mi": 6.0, "altim_in_hg": 29.85, "sea_level_pressure_mb": 0.0, "quality_control_flags": null, "wx_string": "", "sky_condition": null, "flight_category": "VFR", "three_hr_pressure_tendency_mb": 0.0, "maxT_c": 0.0, "minT_c": 0.0, "maxT24hr_c": 0.0, "minT24hr_c": 0.0, "precip_in": 0.0, "pcp3hr_in": 0.0, "pcp6hr_in": 0.0, "pcp24hr_in": 0.0, "snow_in": 0.0, "vert_vis_ft": 0.0, "metar_type": "METAR", "elevation_m": 32.0, "municipality": "San Pedro Sula", "continent": "NA", "iso_country": "HN", "iso_region": "HN-CR", "wikipedia_link": "https://en.wikipedia.org/wiki/Ram%C3%B3n_Villeda_Morales_International_Airport" }, "geometry": { "type": "Point", "coordinates": [ -87.934, 15.442 ] } },
{ "type": "Feature", "properties": { "raw_text": "METAR MHRO 280100Z 04005KT CAVOK 28/25 Q1011 A2985 NOSIG", "station_id": "MHRO", "observation_time": "2026-04-28T01:00:00.000Z", "latitude": 16.316, "longitude": -86.523, "temp_c": 28.0, "dewpoint_c": 25.0, "wind_dir_degrees": 40.0, "wind_speed_kt": 5.0, "wind_gust_kt": 0.0, "visibility_statute_mi": 6.0, "altim_in_hg": 29.85, "sea_level_pressure_mb": 0.0, "quality_control_flags": null, "wx_string": "", "sky_condition": null, "flight_category": "VFR", "three_hr_pressure_tendency_mb": 0.0, "maxT_c": 0.0, "minT_c": 0.0, "maxT24hr_c": 0.0, "minT24hr_c": 0.0, "precip_in": 0.0, "pcp3hr_in": 0.0, "pcp6hr_in": 0.0, "pcp24hr_in": 0.0, "snow_in": 0.0, "vert_vis_ft": 0.0, "metar_type": "METAR", "elevation_m": 6.0, "municipality": "Coxen Hole", "continent": "NA", "iso_country": "HN", "iso_region": "HN-IB", "wikipedia_link": "https://en.wikipedia.org/wiki/Juan_Manuel_G%C3%A1lvez_International_Airport" }, "geometry": { "type": "Point", "coordinates": [ -86.523, 16.316 ] } },
{ "type": "Feature", "properties": { "raw_text": "METAR MKJP 280100Z 12005KT //// ////// 28/23 Q1013 RMK CLD FROM CEILOMETER RWY 30 NCD", "station_id": "MKJP", "observation_time": "2026-04-28T01:00:00.000Z", "latitude": 17.942, "longitude": -76.798, "temp_c": 28.0, "dewpoint_c": 23.0, "wind_dir_degrees": 120.0, "wind_speed_kt": 5.0, "wind_gust_kt": 0.0, "visibility_statute_mi": 0.0, "altim_in_hg": 29.91, "sea_level_pressure_mb": 0.0, "quality_control_flags": null, "wx_string": "", "sky_condition": null, "flight_category": "null", "three_hr_pressure_tendency_mb": 0.0, "maxT_c": 0.0, "minT_c": 0.0, "maxT24hr_c": 0.0, "minT24hr_c": 0.0, "precip_in": 0.0, "pcp3hr_in": 0.0, "pcp6hr_in": 0.0, "pcp24hr_in": 0.0, "snow_in": 0.0, "vert_vis_ft": 0.0, "metar_type": "METAR", "elevation_m": 3.0, "municipality": "Kingston", "continent": "NA", "iso_country": "JM", "iso_region": "JM-01", "wikipedia_link": "https://en.wikipedia.org/wiki/Norman_Manley_International_Airport" }, "geometry": { "type": "Point", "coordinates": [ -76.798, 17.942 ] } },
{ "type": "Feature", "properties": { "raw_text": "METAR MKJS 280100Z 02006KT 9999 SCT018 FEW020CB 28/23 Q1013", "station_id": "MKJS", "observation_time": "2026-04-28T01:00:00.000Z", "latitude": 18.502, "longitude": -77.915, "temp_c": 28.0, "dewpoint_c": 23.0, "wind_dir_degrees": 20.0, "wind_speed_kt": 6.0, "wind_gust_kt": 0.0, "visibility_statute_mi": 6.0, "altim_in_hg": 29.91, "sea_level_pressure_mb": 0.0, "quality_control_flags": null, "wx_string": "", "sky_condition": null, "flight_category": "VFR", "three_hr_pressure_tendency_mb": 0.0, "maxT_c": 0.0, "minT_c": 0.0, "maxT24hr_c": 0.0, "minT24hr_c": 0.0, "precip_in": 0.0, "pcp3hr_in": 0.0, "pcp6hr_in": 0.0, "pcp24hr_in": 0.0, "snow_in": 0.0, "vert_vis_ft": 0.0, "metar_type": "METAR", "elevation_m": 3.0, "municipality": "Montego Bay", "continent": "NA", "iso_country": "JM", "iso_region": "JM-08", "wikipedia_link": "https://en.wikipedia.org/wiki/Sangster_International_Airport" }, "geometry": { "type": "Point", "coordinates": [ -77.915, 18.502 ] } },
{ "type": "Feature", "properties": { "raw_text": "METAR MMAA 280044Z 27008KT 6SM FEW015 SCT100 BKN300 29/24 A2976 RMK 8/162 HZY CB N", "station_id": "MMAA", "observation_time": "2026-04-28T00:44:00.000Z", "latitude": 16.758, "longitude": -99.754, "temp_c": 29.0, "dewpoint_c": 24.0, "wind_dir_degrees": 270.0, "wind_speed_kt": 8.0, "wind_gust_kt": 0.0, "visibility_statute_mi": 6.0, "altim_in_hg": 29.76, "sea_level_pressure_mb": 0.0, "quality_control_flags": null, "wx_string": "", "sky_condition": null, "flight_category": "VFR", "three_hr_pressure_tendency_mb": 0.0, "maxT_c": 0.0, "minT_c": 0.0, "maxT24hr_c": 0.0, "minT24hr_c": 0.0, "precip_in": 0.0, "pcp3hr_in": 0.0, "pcp6hr_in": 0.0, "pcp24hr_in": 0.0, "snow_in": 0.0, "vert_vis_ft": 0.0, "metar_type": "METAR", "elevation_m": 5.0, "municipality": "Acapulco", "continent": "NA", "iso_country": "MX", "iso_region": "MX-GRO", "wikipedia_link": "https://en.wikipedia.org/wiki/Acapulco_International_Airport" }, "geometry": { "type": "Point", "coordinates": [ -99.754, 16.758 ] } },
{ "type": "Feature", "properties": { "raw_text": "METAR MMAS 280040Z 22013KT 10SM FEW200 31/00 A3010 RMK 8/008", "station_id": "MMAS", "observation_time": "2026-04-28T00:40:00.000Z", "latitude": 21.702, "longitude": -102.318, "temp_c": 31.0, "dewpoint_c": 0.0, "wind_dir_degrees": 220.0, "wind_speed_kt": 13.0, "wind_gust_kt": 0.0, "visibility_statute_mi": 10.0, "altim_in_hg": 30.1, "sea_level_pressure_mb": 0.0, "quality_control_flags": null, "wx_string": "", "sky_condition": null, "flight_category": "VFR", "three_hr_pressure_tendency_mb": 0.0, "maxT_c": 0.0, "minT_c": 0.0, "maxT24hr_c": 0.0, "minT24hr_c": 0.0, "precip_in": 0.0, "pcp3hr_in": 0.0, "pcp6hr_in": 0.0, "pcp24hr_in": 0.0, "snow_in": 0.0, "vert_vis_ft": 0.0, "metar_type": "METAR", "elevation_m": 1866.0, "municipality": "Aguascalientes", "continent": "NA", "iso_country": "MX", "iso_region": "MX-AGU", "wikipedia_link": "https://en.wikipedia.org/wiki/Aguascalientes_International_Airport" }, "geometry": { "type": "Point", "coordinates": [ -102.318, 21.702 ] } },
{ "type": "Feature", "properties": { "raw_text": "METAR MMCL 280046Z 24010KT 10SM BKN250 32/16 A2977 RMK 8/008 HZY", "station_id": "MMCL", "observation_time": "2026-04-28T00:46:00.000Z", "latitude": 24.766, "longitude": -107.476, "temp_c": 32.0, "dewpoint_c": 16.0, "wind_dir_degrees": 240.0, "wind_speed_kt": 10.0, "wind_gust_kt": 0.0, "visibility_statute_mi": 10.0, "altim_in_hg": 29.77, "sea_level_pressure_mb": 0.0, "quality_control_flags": null, "wx_string": "", "sky_condition": null, "flight_category": "VFR", "three_hr_pressure_tendency_mb": 0.0, "maxT_c": 0.0, "minT_c": 0.0, "maxT24hr_c": 0.0, "minT24hr_c": 0.0, "precip_in": 0.0, "pcp3hr_in": 0.0, "pcp6hr_in": 0.0, "pcp24hr_in": 0.0, "snow_in": 0.0, "vert_vis_ft": 0.0, "metar_type": "METAR", "elevation_m": 35.0, "municipality": "Culiacán", "continent": "NA", "iso_country": "MX", "iso_region": "MX-SIN", "wikipedia_link": "https://en.wikipedia.org/wiki/Bachigualato_Federal_International_Airport" }, "geometry": { "type": "Point", "coordinates": [ -107.476, 24.766 ] } },
{ "type": "Feature", "properties": { "raw_text": "METAR MMCS 280040Z 22007KT 10SM FEW100 OVC200 28/M05 A2990 RMK 8/037", "station_id": "MMCS", "observation_time": "2026-04-28T00:40:00.000Z", "latitude": 31.636, "longitude": -106.427, "temp_c": 28.0, "dewpoint_c": -5.0, "wind_dir_degrees": 220.0, "wind_speed_kt": 7.0, "wind_gust_kt": 0.0, "visibility_statute_mi": 10.0, "altim_in_hg": 29.9, "sea_level_pressure_mb": 0.0, "quality_control_flags": null, "wx_string": "", "sky_condition": null, "flight_category": "VFR", "three_hr_pressure_tendency_mb": 0.0, "maxT_c": 0.0, "minT_c": 0.0, "maxT24hr_c": 0.0, "minT24hr_c": 0.0, "precip_in": 0.0, "pcp3hr_in": 0.0, "pcp6hr_in": 0.0, "pcp24hr_in": 0.0, "snow_in": 0.0, "vert_vis_ft": 0.0, "metar_type": "METAR", "elevation_m": 1194.0, "municipality": "Ciudad Juárez", "continent": "NA", "iso_country": "MX", "iso_region": "MX-CHH", "wikipedia_link": "https://en.wikipedia.org/wiki/Abraham_Gonz%C3%A1lez_International_Airport" }, "geometry": { "type": "Point", "coordinates": [ -106.427, 31.636 ] } },
{ "type": "Feature", "properties": { "raw_text": "METAR MMCU 280049Z 26018KT 10SM FEW030 BKN200 32/M01 A2993 RMK 8/408", "station_id": "MMCU", "observation_time": "2026-04-28T00:49:00.000Z", "latitude": 28.701, "longitude": -105.965, "temp_c": 32.0, "dewpoint_c": -1.0, "wind_dir_degrees": 260.0, "wind_speed_kt": 18.0, "wind_gust_kt": 0.0, "visibility_statute_mi": 10.0, "altim_in_hg": 29.93, "sea_level_pressure_mb": 0.0, "quality_control_flags": null, "wx_string": "", "sky_condition": null, "flight_category": "VFR", "three_hr_pressure_tendency_mb": 0.0, "maxT_c": 0.0, "minT_c": 0.0, "maxT24hr_c": 0.0, "minT24hr_c": 0.0, "precip_in": 0.0, "pcp3hr_in": 0.0, "pcp6hr_in": 0.0, "pcp24hr_in": 0.0, "snow_in": 0.0, "vert_vis_ft": 0.0, "metar_type": "METAR", "elevation_m": 1349.0, "municipality": "Chihuahua", "continent": "NA", "iso_country": "MX", "iso_region": "MX-CHH", "wikipedia_link": "https://en.wikipedia.org/wiki/Chihuahua_International_Airport" }, "geometry": { "type": "Point", "coordinates": [ -105.965, 28.701 ] } },
{ "type": "Feature", "properties": { "raw_text": "METAR MMCZ 280040Z 10005KT 7SM FEW015 26/22 A2994 RMK 8/500", "station_id": "MMCZ", "observation_time": "2026-04-28T00:40:00.000Z", "latitude": 20.516, "longitude": -86.932, "temp_c": 26.0, "dewpoint_c": 22.0, "wind_dir_degrees": 100.0, "wind_speed_kt": 5.0, "wind_gust_kt": 0.0, "visibility_statute_mi": 7.0, "altim_in_hg": 29.94, "sea_level_pressure_mb": 0.0, "quality_control_flags": null, "wx_string": "", "sky_condition": null, "flight_category": "VFR", "three_hr_pressure_tendency_mb": 0.0, "maxT_c": 0.0, "minT_c": 0.0, "maxT24hr_c": 0.0, "minT24hr_c": 0.0, "precip_in": 0.0, "pcp3hr_in": 0.0, "pcp6hr_in": 0.0, "pcp24hr_in": 0.0, "snow_in": 0.0, "vert_vis_ft": 0.0, "metar_type": "METAR", "elevation_m": 7.0, "municipality": "Cozumel", "continent": "NA", "iso_country": "MX", "iso_region": "MX-ROO", "wikipedia_link": "https://en.wikipedia.org/wiki/Cozumel_International_Airport" }, "geometry": { "type": "Point", "coordinates": [ -86.932, 20.516 ] } },
{ "type": "Feature", "properties": { "raw_text": "METAR MMGL 280135Z 27004KT 7SM SKC 31/01 A3004 RMK ISOL AC HZY", "station_id": "MMGL", "observation_time": "2026-04-28T01:35:00.000Z", "latitude": 20.523, "longitude": -103.312, "temp_c": 31.0, "dewpoint_c": 1.0, "wind_dir_degrees": 270.0, "wind_speed_kt": 4.0, "wind_gust_kt": 0.0, "visibility_statute_mi": 7.0, "altim_in_hg": 30.04, "sea_level_pressure_mb": 0.0, "quality_control_flags": null, "wx_string": "", "sky_condition": null, "flight_category": "VFR", "three_hr_pressure_tendency_mb": 0.0, "maxT_c": 0.0, "minT_c": 0.0, "maxT24hr_c": 0.0, "minT24hr_c": 0.0, "precip_in": 0.0, "pcp3hr_in": 0.0, "pcp6hr_in": 0.0, "pcp24hr_in": 0.0, "snow_in": 0.0, "vert_vis_ft": 0.0, "metar_type": "METAR", "elevation_m": 1531.0, "municipality": "Guadalajara", "continent": "NA", "iso_country": "MX", "iso_region": "MX-JAL", "wikipedia_link": "https://en.wikipedia.org/wiki/Don_Miguel_Hidalgo_y_Costilla_International_Airport" }, "geometry": { "type": "Point", "coordinates": [ -103.312, 20.523 ] } },
{ "type": "Feature", "properties": { "raw_text": "METAR MMHO 280040Z 23008KT 10SM BKN200 31/M04 A2985 RMK 8/008 HZY", "station_id": "MMHO", "observation_time": "2026-04-28T00:40:00.000Z", "latitude": 29.097, "longitude": -111.051, "temp_c": 31.0, "dewpoint_c": -4.0, "wind_dir_degrees": 230.0, "wind_speed_kt": 8.0, "wind_gust_kt": 0.0, "visibility_statute_mi": 10.0, "altim_in_hg": 29.85, "sea_level_pressure_mb": 0.0, "quality_control_flags": null, "wx_string": "", "sky_condition": null, "flight_category": "VFR", "three_hr_pressure_tendency_mb": 0.0, "maxT_c": 0.0, "minT_c": 0.0, "maxT24hr_c": 0.0, "minT24hr_c": 0.0, "precip_in": 0.0, "pcp3hr_in": 0.0, "pcp6hr_in": 0.0, "pcp24hr_in": 0.0, "snow_in": 0.0, "vert_vis_ft": 0.0, "metar_type": "METAR", "elevation_m": 186.0, "municipality": "Hermosillo", "continent": "NA", "iso_country": "MX", "iso_region": "MX-SON", "wikipedia_link": "https://en.wikipedia.org/wiki/Hermosillo_International_Airport" }, "geometry": { "type": "Point", "coordinates": [ -111.051, 29.097 ] } },
{ "type": "Feature", "properties": { "raw_text": "METAR MMLO 280040Z 21007KT 10SM FEW030 SCT220 31/03 A3009 RMK 8/502", "station_id": "MMLO", "observation_time": "2026-04-28T00:40:00.000Z", "latitude": 20.997, "longitude": -101.481, "temp_c": 31.0, "dewpoint_c": 3.0, "wind_dir_degrees": 210.0, "wind_speed_kt": 7.0, "wind_gust_kt": 0.0, "visibility_statute_mi": 10.0, "altim_in_hg": 30.09, "sea_level_pressure_mb": 0.0, "quality_control_flags": null, "wx_string": "", "sky_condition": null, "flight_category": "VFR", "three_hr_pressure_tendency_mb": 0.0, "maxT_c": 0.0, "minT_c": 0.0, "maxT24hr_c": 0.0, "minT24hr_c": 0.0, "precip_in": 0.0, "pcp3hr_in": 0.0, "pcp6hr_in": 0.0, "pcp24hr_in": 0.0, "snow_in": 0.0, "vert_vis_ft": 0.0, "metar_type": "METAR", "elevation_m": 1805.0, "municipality": "Silao", "continent": "NA", "iso_country": "MX", "iso_region": "MX-GUA", "wikipedia_link": "https://en.wikipedia.org/wiki/Del_Baj%C3%ADo_International_Airport" }, "geometry": { "type": "Point", "coordinates": [ -101.481, 20.997 ] } },
{ "type": "Feature", "properties": { "raw_text": "METAR MMLT 280140Z 01008KT 8SM FEW120 OVC200 25/16 A2989 RMK 8/037 HZY", "station_id": "MMLT", "observation_time": "2026-04-28T01:40:00.000Z", "latitude": 25.993, "longitude": -111.35, "temp_c": 25.0, "dewpoint_c": 16.0, "wind_dir_degrees": 10.0, "wind_speed_kt": 8.0, "wind_gust_kt": 0.0, "visibility_statute_mi": 8.0, "altim_in_hg": 29.89, "sea_level_pressure_mb": 0.0, "quality_control_flags": null, "wx_string": "", "sky_condition": null, "flight_category": "VFR", "three_hr_pressure_tendency_mb": 0.0, "maxT_c": 0.0, "minT_c": 0.0, "maxT24hr_c": 0.0, "minT24hr_c": 0.0, "precip_in": 0.0, "pcp3hr_in": 0.0, "pcp6hr_in": 0.0, "pcp24hr_in": 0.0, "snow_in": 0.0, "vert_vis_ft": 0.0, "metar_type": "METAR", "elevation_m": 4.0, "municipality": "Loreto", "continent": "NA", "iso_country": "MX", "iso_region": "MX-BCS", "wikipedia_link": "https://en.wikipedia.org/wiki/Loreto_International_Airport" }, "geometry": { "type": "Point", "coordinates": [ -111.35, 25.993 ] } },
{ "type": "Feature", "properties": { "raw_text": "METAR MMMD 280043Z 07012KT 7SM SKC 32/21 A2984 RMK HZY", "station_id": "MMMD", "observation_time": "2026-04-28T00:43:00.000Z", "latitude": 20.936, "longitude": -89.659, "temp_c": 32.0, "dewpoint_c": 21.0, "wind_dir_degrees": 70.0, "wind_speed_kt": 12.0, "wind_gust_kt": 0.0, "visibility_statute_mi": 7.0, "altim_in_hg": 29.84, "sea_level_pressure_mb": 0.0, "quality_control_flags": null, "wx_string": "", "sky_condition": null, "flight_category": "VFR", "three_hr_pressure_tendency_mb": 0.0, "maxT_c": 0.0, "minT_c": 0.0, "maxT24hr_c": 0.0, "minT24hr_c": 0.0, "precip_in": 0.0, "pcp3hr_in": 0.0, "pcp6hr_in": 0.0, "pcp24hr_in": 0.0, "snow_in": 0.0, "vert_vis_ft": 0.0, "metar_type": "METAR", "elevation_m": 10.0, "municipality": "Mérida", "continent": "NA", "iso_country": "MX", "iso_region": "MX-YUC", "wikipedia_link": "https://en.wikipedia.org/wiki/Manuel_Crescencio_Rej%C3%B3n_International_Airport" }, "geometry": { "type": "Point", "coordinates": [ -89.659, 20.936 ] } },
{ "type": "Feature", "properties": { "raw_text": "METAR MMMM 280047Z 13013KT 6SM SCT030 BKN090 BKN250 27/06 A3012 RMK 8/463 HZY CB E DSIPTG CB W", "station_id": "MMMM", "observation_time": "2026-04-28T00:47:00.000Z", "latitude": 19.844, "longitude": -101.037, "temp_c": 27.0, "dewpoint_c": 6.0, "wind_dir_degrees": 130.0, "wind_speed_kt": 13.0, "wind_gust_kt": 0.0, "visibility_statute_mi": 6.0, "altim_in_hg": 30.12, "sea_level_pressure_mb": 0.0, "quality_control_flags": null, "wx_string": "", "sky_condition": null, "flight_category": "VFR", "three_hr_pressure_tendency_mb": 0.0, "maxT_c": 0.0, "minT_c": 0.0, "maxT24hr_c": 0.0, "minT24hr_c": 0.0, "precip_in": 0.0, "pcp3hr_in": 0.0, "pcp6hr_in": 0.0, "pcp24hr_in": 0.0, "snow_in": 0.0, "vert_vis_ft": 0.0, "metar_type": "METAR", "elevation_m": 1840.0, "municipality": "Morelia", "continent": "NA", "iso_country": "MX", "iso_region": "MX-MIC", "wikipedia_link": "https://en.wikipedia.org/wiki/General_Francisco_J._Mujica_International_Airport" }, "geometry": { "type": "Point", "coordinates": [ -101.037, 19.844 ] } },
{ "type": "Feature", "properties": { "raw_text": "SPECI MMMX 280105Z 09008KT 8SM TS BKN020CB OVC080 21/06 A3026 NOSIG RMK 8/96/ HZY PCPN OCNL LTGICCG 2ND QUAD AND W RAE05", "station_id": "MMMX", "observation_time": "2026-04-28T01:05:00.000Z", "latitude": 19.436, "longitude": -99.072, "temp_c": 21.0, "dewpoint_c": 6.0, "wind_dir_degrees": 90.0, "wind_speed_kt": 8.0, "wind_gust_kt": 0.0, "visibility_statute_mi": 8.0, "altim_in_hg": 30.26, "sea_level_pressure_mb": 0.0, "quality_control_flags": null, "wx_string": "TS", "sky_condition": null, "flight_category": "MVFR", "three_hr_pressure_tendency_mb": 0.0, "maxT_c": 0.0, "minT_c": 0.0, "maxT24hr_c": 0.0, "minT24hr_c": 0.0, "precip_in": 0.0, "pcp3hr_in": 0.0, "pcp6hr_in": 0.0, "pcp24hr_in": 0.0, "snow_in": 0.0, "vert_vis_ft": 0.0, "metar_type": "SPECI", "elevation_m": 2224.0, "municipality": "Mexico City", "continent": "NA", "iso_country": "MX", "iso_region": "MX-DIF", "wikipedia_link": "https://en.wikipedia.org/wiki/Mexico_City_International_Airport" }, "geometry": { "type": "Point", "coordinates": [ -99.072, 19.436 ] } },
{ "type": "Feature", "properties": { "raw_text": "METAR MMMY 280041Z 10008KT 5SM SCT200 31/22 A2980 RMK 8/008 HZY ISOL SC", "station_id": "MMMY", "observation_time": "2026-04-28T00:41:00.000Z", "latitude": 25.774, "longitude": -100.104, "temp_c": 31.0, "dewpoint_c": 22.0, "wind_dir_degrees": 100.0, "wind_speed_kt": 8.0, "wind_gust_kt": 0.0, "visibility_statute_mi": 5.0, "altim_in_hg": 29.8, "sea_level_pressure_mb": 0.0, "quality_control_flags": null, "wx_string": "", "sky_condition": null, "flight_category": "MVFR", "three_hr_pressure_tendency_mb": 0.0, "maxT_c": 0.0, "minT_c": 0.0, "maxT24hr_c": 0.0, "minT24hr_c": 0.0, "precip_in": 0.0, "pcp3hr_in": 0.0, "pcp6hr_in": 0.0, "pcp24hr_in": 0.0, "snow_in": 0.0, "vert_vis_ft": 0.0, "metar_type": "METAR", "elevation_m": 382.0, "municipality": "Monterrey", "continent": "NA", "iso_country": "MX", "iso_region": "MX-NLE", "wikipedia_link": "https://en.wikipedia.org/wiki/General_Mariano_Escobedo_International_Airport" }, "geometry": { "type": "Point", "coordinates": [ -100.104, 25.774 ] } },
{ "type": "Feature", "properties": { "raw_text": "METAR MMMZ 280044Z 30010KT 13SM SKC 28/20 A2979", "station_id": "MMMZ", "observation_time": "2026-04-28T00:44:00.000Z", "latitude": 23.161, "longitude": -106.271, "temp_c": 28.0, "dewpoint_c": 20.0, "wind_dir_degrees": 300.0, "wind_speed_kt": 10.0, "wind_gust_kt": 0.0, "visibility_statute_mi": 13.0, "altim_in_hg": 29.79, "sea_level_pressure_mb": 0.0, "quality_control_flags": null, "wx_string": "", "sky_condition": null, "flight_category": "VFR", "three_hr_pressure_tendency_mb": 0.0, "maxT_c": 0.0, "minT_c": 0.0, "maxT24hr_c": 0.0, "minT24hr_c": 0.0, "precip_in": 0.0, "pcp3hr_in": 0.0, "pcp6hr_in": 0.0, "pcp24hr_in": 0.0, "snow_in": 0.0, "vert_vis_ft": 0.0, "metar_type": "METAR", "elevation_m": 7.0, "municipality": "Mazatlàn", "continent": "NA", "iso_country": "MX", "iso_region": "MX-SIN", "wikipedia_link": "https://en.wikipedia.org/wiki/Mazatl%C3%A1n_International_Airport" }, "geometry": { "type": "Point", "coordinates": [ -106.271, 23.161 ] } },
{ "type": "Feature", "properties": { "raw_text": "METAR MMOX 280040Z 15011KT 12SM SCT070 SCT210 30/11 A3007 RMK 8/038", "station_id": "MMOX", "observation_time": "2026-04-28T00:40:00.000Z", "latitude": 17.002, "longitude": -96.724, "temp_c": 30.0, "dewpoint_c": 11.0, "wind_dir_degrees": 150.0, "wind_speed_kt": 11.0, "wind_gust_kt": 0.0, "visibility_statute_mi": 12.0, "altim_in_hg": 30.07, "sea_level_pressure_mb": 0.0, "quality_control_flags": null, "wx_string": "", "sky_condition": null, "flight_category": "VFR", "three_hr_pressure_tendency_mb": 0.0, "maxT_c": 0.0, "minT_c": 0.0, "maxT24hr_c": 0.0, "minT24hr_c": 0.0, "precip_in": 0.0, "pcp3hr_in": 0.0, "pcp6hr_in": 0.0, "pcp24hr_in": 0.0, "snow_in": 0.0, "vert_vis_ft": 0.0, "metar_type": "METAR", "elevation_m": 1528.0, "municipality": "Oaxaca", "continent": "NA", "iso_country": "MX", "iso_region": "MX-OAX", "wikipedia_link": "https://en.wikipedia.org/wiki/Xoxocotl%C3%A1n_International_Airport" }, "geometry": { "type": "Point", "coordinates": [ -96.724, 17.002 ] } },
{ "type": "Feature", "properties": { "raw_text": "METAR MMPB 280042Z 05003KT 10SM BKN020TCU BKN090 24/04 A3025 RMK 8/260 HZY DSNT CB N NW", "station_id": "MMPB", "observation_time": "2026-04-28T00:42:00.000Z", "latitude": 19.17, "longitude": -98.371, "temp_c": 24.0, "dewpoint_c": 4.0, "wind_dir_degrees": 50.0, "wind_speed_kt": 3.0, "wind_gust_kt": 0.0, "visibility_statute_mi": 10.0, "altim_in_hg": 30.25, "sea_level_pressure_mb": 0.0, "quality_control_flags": null, "wx_string": "", "sky_condition": null, "flight_category": "MVFR", "three_hr_pressure_tendency_mb": 0.0, "maxT_c": 0.0, "minT_c": 0.0, "maxT24hr_c": 0.0, "minT24hr_c": 0.0, "precip_in": 0.0, "pcp3hr_in": 0.0, "pcp6hr_in": 0.0, "pcp24hr_in": 0.0, "snow_in": 0.0, "vert_vis_ft": 0.0, "metar_type": "METAR", "elevation_m": 2250.0, "municipality": "Puebla", "continent": "NA", "iso_country": "MX", "iso_region": "MX-PUE", "wikipedia_link": "https://en.wikipedia.org/wiki/Hermanos_Serd%C3%A1n_International_Airport" }, "geometry": { "type": "Point", "coordinates": [ -98.371, 19.17 ] } },
{ "type": "Feature", "properties": { "raw_text": "METAR MMPR 280040Z 24011KT 12SM SKC 27/23 A2983 RMK HZY SC 1ST 2ND QUAD", "station_id": "MMPR", "observation_time": "2026-04-28T00:40:00.000Z", "latitude": 20.68, "longitude": -105.25, "temp_c": 27.0, "dewpoint_c": 23.0, "wind_dir_degrees": 240.0, "wind_speed_kt": 11.0, "wind_gust_kt": 0.0, "visibility_statute_mi": 12.0, "altim_in_hg": 29.83, "sea_level_pressure_mb": 0.0, "quality_control_flags": null, "wx_string": "", "sky_condition": null, "flight_category": "VFR", "three_hr_pressure_tendency_mb": 0.0, "maxT_c": 0.0, "minT_c": 0.0, "maxT24hr_c": 0.0, "minT24hr_c": 0.0, "precip_in": 0.0, "pcp3hr_in": 0.0, "pcp6hr_in": 0.0, "pcp24hr_in": 0.0, "snow_in": 0.0, "vert_vis_ft": 0.0, "metar_type": "METAR", "elevation_m": 6.0, "municipality": "Puerto Vallarta", "continent": "NA", "iso_country": "MX", "iso_region": "MX-JAL", "wikipedia_link": "https://en.wikipedia.org/wiki/Lic._Gustavo_D%C3%ADaz_Ordaz_International_Airport" }, "geometry": { "type": "Point", "coordinates": [ -105.25, 20.68 ] } },
{ "type": "Feature", "properties": { "raw_text": "METAR MMQT 280051Z 18009KT 10SM BKN020CB BKN070 27/05 A3018 RMK 8/360", "station_id": "MMQT", "observation_time": "2026-04-28T00:51:00.000Z", "latitude": 20.617, "longitude": -100.194, "temp_c": 27.0, "dewpoint_c": 5.0, "wind_dir_degrees": 180.0, "wind_speed_kt": 9.0, "wind_gust_kt": 0.0, "visibility_statute_mi": 10.0, "altim_in_hg": 30.18, "sea_level_pressure_mb": 0.0, "quality_control_flags": null, "wx_string": "", "sky_condition": null, "flight_category": "MVFR", "three_hr_pressure_tendency_mb": 0.0, "maxT_c": 0.0, "minT_c": 0.0, "maxT24hr_c": 0.0, "minT24hr_c": 0.0, "precip_in": 0.0, "pcp3hr_in": 0.0, "pcp6hr_in": 0.0, "pcp24hr_in": 0.0, "snow_in": 0.0, "vert_vis_ft": 0.0, "metar_type": "METAR", "elevation_m": 1909.0, "municipality": "Querétaro", "continent": "NA", "iso_country": "MX", "iso_region": "MX-QUE", "wikipedia_link": "https://en.wikipedia.org/wiki/Quer%C3%A9taro_International_Airport" }, "geometry": { "type": "Point", "coordinates": [ -100.194, 20.617 ] } },
{ "type": "Feature", "properties": { "raw_text": "METAR MMSD 280040Z 13010KT 10SM SCT250 27/18 A2987 RMK 8/008", "station_id": "MMSD", "observation_time": "2026-04-28T00:40:00.000Z", "latitude": 23.157, "longitude": -109.72, "temp_c": 27.0, "dewpoint_c": 18.0, "wind_dir_degrees": 130.0, "wind_speed_kt": 10.0, "wind_gust_kt": 0.0, "visibility_statute_mi": 10.0, "altim_in_hg": 29.87, "sea_level_pressure_mb": 0.0, "quality_control_flags": null, "wx_string": "", "sky_condition": null, "flight_category": "VFR", "three_hr_pressure_tendency_mb": 0.0, "maxT_c": 0.0, "minT_c": 0.0, "maxT24hr_c": 0.0, "minT24hr_c": 0.0, "precip_in": 0.0, "pcp3hr_in": 0.0, "pcp6hr_in": 0.0, "pcp24hr_in": 0.0, "snow_in": 0.0, "vert_vis_ft": 0.0, "metar_type": "METAR", "elevation_m": 107.0, "municipality": "San José del Cabo", "continent": "NA", "iso_country": "MX", "iso_region": "MX-BCS", "wikipedia_link": "https://en.wikipedia.org/wiki/Los_Cabos_International_Airport" }, "geometry": { "type": "Point", "coordinates": [ -109.72, 23.157 ] } },
{ "type": "Feature", "properties": { "raw_text": "SPECI MMSM 280134Z 10022KT 8SM -TSRA BKN020CB OVC080 23/04 A3028 RMK 8/96/ OCNL LTGCCCG NW/W", "station_id": "MMSM", "observation_time": "2026-04-28T01:34:00.000Z", "latitude": 19.763, "longitude": -99.002, "temp_c": 23.0, "dewpoint_c": 4.0, "wind_dir_degrees": 100.0, "wind_speed_kt": 22.0, "wind_gust_kt": 0.0, "visibility_statute_mi": 8.0, "altim_in_hg": 30.28, "sea_level_pressure_mb": 0.0, "quality_control_flags": null, "wx_string": "-TSRA", "sky_condition": null, "flight_category": "MVFR", "three_hr_pressure_tendency_mb": 0.0, "maxT_c": 0.0, "minT_c": 0.0, "maxT24hr_c": 0.0, "minT24hr_c": 0.0, "precip_in": 0.0, "pcp3hr_in": 0.0, "pcp6hr_in": 0.0, "pcp24hr_in": 0.0, "snow_in": 0.0, "vert_vis_ft": 0.0, "metar_type": "SPECI", "elevation_m": 2250.0, "municipality": "Mexico City", "continent": "NA", "iso_country": "MX", "iso_region": "MX-MEX", "wikipedia_link": "https://en.wikipedia.org/wiki/Mexico_City_Santa_Lucía_Airport" }, "geometry": { "type": "Point", "coordinates": [ -99.002, 19.763 ] } },
{ "type": "Feature", "properties": { "raw_text": "METAR MMTJ 280045Z 28015KT 10SM FEW030 17/08 A3003 RMK 8/500", "station_id": "MMTJ", "observation_time": "2026-04-28T00:45:00.000Z", "latitude": 32.544, "longitude": -116.982, "temp_c": 17.0, "dewpoint_c": 8.0, "wind_dir_degrees": 280.0, "wind_speed_kt": 15.0, "wind_gust_kt": 0.0, "visibility_statute_mi": 10.0, "altim_in_hg": 30.03, "sea_level_pressure_mb": 0.0, "quality_control_flags": null, "wx_string": "", "sky_condition": null, "flight_category": "VFR", "three_hr_pressure_tendency_mb": 0.0, "maxT_c": 0.0, "minT_c": 0.0, "maxT24hr_c": 0.0, "minT24hr_c": 0.0, "precip_in": 0.0, "pcp3hr_in": 0.0, "pcp6hr_in": 0.0, "pcp24hr_in": 0.0, "snow_in": 0.0, "vert_vis_ft": 0.0, "metar_type": "METAR", "elevation_m": 150.0, "municipality": "Tijuana", "continent": "NA", "iso_country": "MX", "iso_region": "MX-BCN", "wikipedia_link": "https://en.wikipedia.org/wiki/General_Abelardo_L._Rodr%C3%ADguez_International_Airport" }, "geometry": { "type": "Point", "coordinates": [ -116.982, 32.544 ] } },
{ "type": "Feature", "properties": { "raw_text": "METAR MMTL 280040Z 00000KT 6SM SKC 26/22 A2995", "station_id": "MMTL", "observation_time": "2026-04-28T00:40:00.000Z", "latitude": 20.1725, "longitude": -87.6622, "temp_c": 26.0, "dewpoint_c": 22.0, "wind_dir_degrees": 0.0, "wind_speed_kt": 0.0, "wind_gust_kt": 0.0, "visibility_statute_mi": 6.0, "altim_in_hg": 29.95, "sea_level_pressure_mb": 0.0, "quality_control_flags": null, "wx_string": "", "sky_condition": null, "flight_category": "VFR", "three_hr_pressure_tendency_mb": 0.0, "maxT_c": 0.0, "minT_c": 0.0, "maxT24hr_c": 0.0, "minT24hr_c": 0.0, "precip_in": 0.0, "pcp3hr_in": 0.0, "pcp6hr_in": 0.0, "pcp24hr_in": 0.0, "snow_in": 0.0, "vert_vis_ft": 0.0, "metar_type": "METAR", "elevation_m": 20.0, "municipality": "Tulum", "continent": "NA", "iso_country": "MX", "iso_region": "MX-ROO", "wikipedia_link": "https://en.wikipedia.org/wiki/Tulum_International_Airport" }, "geometry": { "type": "Point", "coordinates": [ -87.6622, 20.1725 ] } },
{ "type": "Feature", "properties": { "raw_text": "METAR MMTO 280114Z 27005KT 7SM SCT020CB BKN080 BKN200 18/08 A3038 RMK 8/963 HZY TSB13", "station_id": "MMTO", "observation_time": "2026-04-28T01:14:00.000Z", "latitude": 19.343, "longitude": -99.568, "temp_c": 18.0, "dewpoint_c": 8.0, "wind_dir_degrees": 270.0, "wind_speed_kt": 5.0, "wind_gust_kt": 0.0, "visibility_statute_mi": 7.0, "altim_in_hg": 30.38, "sea_level_pressure_mb": 0.0, "quality_control_flags": null, "wx_string": "", "sky_condition": null, "flight_category": "VFR", "three_hr_pressure_tendency_mb": 0.0, "maxT_c": 0.0, "minT_c": 0.0, "maxT24hr_c": 0.0, "minT24hr_c": 0.0, "precip_in": 0.0, "pcp3hr_in": 0.0, "pcp6hr_in": 0.0, "pcp24hr_in": 0.0, "snow_in": 0.0, "vert_vis_ft": 0.0, "metar_type": "METAR", "elevation_m": 2582.0, "municipality": "Toluca", "continent": "NA", "iso_country": "MX", "iso_region": "MX-MEX", "wikipedia_link": "https://en.wikipedia.org/wiki/Lic._Adolfo_L%C3%B3pez_Mateos_International_Airport" }, "geometry": { "type": "Point", "coordinates": [ -99.568, 19.343 ] } },
{ "type": "Feature", "properties": { "raw_text": "METAR MMUN 280046Z 12005KT 7SM FEW015 27/22 A2995 RMK 8/100", "station_id": "MMUN", "observation_time": "2026-04-28T00:46:00.000Z", "latitude": 21.038, "longitude": -86.855, "temp_c": 27.0, "dewpoint_c": 22.0, "wind_dir_degrees": 120.0, "wind_speed_kt": 5.0, "wind_gust_kt": 0.0, "visibility_statute_mi": 7.0, "altim_in_hg": 29.95, "sea_level_pressure_mb": 0.0, "quality_control_flags": null, "wx_string": "", "sky_condition": null, "flight_category": "VFR", "three_hr_pressure_tendency_mb": 0.0, "maxT_c": 0.0, "minT_c": 0.0, "maxT24hr_c": 0.0, "minT24hr_c": 0.0, "precip_in": 0.0, "pcp3hr_in": 0.0, "pcp6hr_in": 0.0, "pcp24hr_in": 0.0, "snow_in": 0.0, "vert_vis_ft": 0.0, "metar_type": "METAR", "elevation_m": 13.0, "municipality": "Cancún", "continent": "NA", "iso_country": "MX", "iso_region": "MX-ROO", "wikipedia_link": "https://en.wikipedia.org/wiki/Cancun_International_Airport" }, "geometry": { "type": "Point", "coordinates": [ -86.855, 21.038 ] } },
{ "type": "Feature", "properties": { "raw_text": "METAR MMVA 280043Z 00000KT 6SM SKC 33/24 A2974 RMK HZY", "station_id": "MMVA", "observation_time": "2026-04-28T00:43:00.000Z", "latitude": 17.998, "longitude": -92.817, "temp_c": 33.0, "dewpoint_c": 24.0, "wind_dir_degrees": 0.0, "wind_speed_kt": 0.0, "wind_gust_kt": 0.0, "visibility_statute_mi": 6.0, "altim_in_hg": 29.74, "sea_level_pressure_mb": 0.0, "quality_control_flags": null, "wx_string": "", "sky_condition": null, "flight_category": "VFR", "three_hr_pressure_tendency_mb": 0.0, "maxT_c": 0.0, "minT_c": 0.0, "maxT24hr_c": 0.0, "minT24hr_c": 0.0, "precip_in": 0.0, "pcp3hr_in": 0.0, "pcp6hr_in": 0.0, "pcp24hr_in": 0.0, "snow_in": 0.0, "vert_vis_ft": 0.0, "metar_type": "METAR", "elevation_m": 13.0, "municipality": "Villahermosa", "continent": "NA", "iso_country": "MX", "iso_region": "MX-TAB", "wikipedia_link": "https://en.wikipedia.org/wiki/Villahermosa_International_Airport" }, "geometry": { "type": "Point", "coordinates": [ -92.817, 17.998 ] } },
{ "type": "Feature", "properties": { "raw_text": "METAR MMVR 280043Z 06007KT 6SM SCT080 29/24 A2977 RMK 8/050 HZY ISOL CI", "station_id": "MMVR", "observation_time": "2026-04-28T00:43:00.000Z", "latitude": 19.144, "longitude": -96.189, "temp_c": 29.0, "dewpoint_c": 24.0, "wind_dir_degrees": 60.0, "wind_speed_kt": 7.0, "wind_gust_kt": 0.0, "visibility_statute_mi": 6.0, "altim_in_hg": 29.77, "sea_level_pressure_mb": 0.0, "quality_control_flags": null, "wx_string": "", "sky_condition": null, "flight_category": "VFR", "three_hr_pressure_tendency_mb": 0.0, "maxT_c": 0.0, "minT_c": 0.0, "maxT24hr_c": 0.0, "minT24hr_c": 0.0, "precip_in": 0.0, "pcp3hr_in": 0.0, "pcp6hr_in": 0.0, "pcp24hr_in": 0.0, "snow_in": 0.0, "vert_vis_ft": 0.0, "metar_type": "METAR", "elevation_m": 26.0, "municipality": "Veracruz", "continent": "NA", "iso_country": "MX", "iso_region": "MX-VER", "wikipedia_link": "https://en.wikipedia.org/wiki/General_Heriberto_Jara_International_Airport" }, "geometry": { "type": "Point", "coordinates": [ -96.189, 19.144 ] } },
{ "type": "Feature", "properties": { "raw_text": "METAR MMZH 280043Z 23003KT 6SM BKN250 28/23 A2979 RMK 8/002 HZY ISOL SC", "station_id": "MMZH", "observation_time": "2026-04-28T00:43:00.000Z", "latitude": 17.605, "longitude": -101.464, "temp_c": 28.0, "dewpoint_c": 23.0, "wind_dir_degrees": 230.0, "wind_speed_kt": 3.0, "wind_gust_kt": 0.0, "visibility_statute_mi": 6.0, "altim_in_hg": 29.79, "sea_level_pressure_mb": 0.0, "quality_control_flags": null, "wx_string": "", "sky_condition": null, "flight_category": "VFR", "three_hr_pressure_tendency_mb": 0.0, "maxT_c": 0.0, "minT_c": 0.0, "maxT24hr_c": 0.0, "minT24hr_c": 0.0, "precip_in": 0.0, "pcp3hr_in": 0.0, "pcp6hr_in": 0.0, "pcp24hr_in": 0.0, "snow_in": 0.0, "vert_vis_ft": 0.0, "metar_type": "METAR", "elevation_m": 9.0, "municipality": "Ixtapa", "continent": "NA", "iso_country": "MX", "iso_region": "MX-GRO", "wikipedia_link": "https://en.wikipedia.org/wiki/Ixtapa-Zihuatanejo_International_Airport" }, "geometry": { "type": "Point", "coordinates": [ -101.464, 17.605 ] } },
{ "type": "Feature", "properties": { "raw_text": "METAR MNMG 280100Z 12016KT 9999 FEW023 31/23 Q1008 A2979 NOSIG", "station_id": "MNMG", "observation_time": "2026-04-28T01:00:00.000Z", "latitude": 12.141, "longitude": -86.177, "temp_c": 31.0, "dewpoint_c": 23.0, "wind_dir_degrees": 120.0, "wind_speed_kt": 16.0, "wind_gust_kt": 0.0, "visibility_statute_mi": 6.0, "altim_in_hg": 29.76, "sea_level_pressure_mb": 0.0, "quality_control_flags": null, "wx_string": "", "sky_condition": null, "flight_category": "VFR", "three_hr_pressure_tendency_mb": 0.0, "maxT_c": 0.0, "minT_c": 0.0, "maxT24hr_c": 0.0, "minT24hr_c": 0.0, "precip_in": 0.0, "pcp3hr_in": 0.0, "pcp6hr_in": 0.0, "pcp24hr_in": 0.0, "snow_in": 0.0, "vert_vis_ft": 0.0, "metar_type": "METAR", "elevation_m": 59.0, "municipality": "Managua", "continent": "NA", "iso_country": "NI", "iso_region": "NI-MN", "wikipedia_link": "https://en.wikipedia.org/wiki/Augusto_C._Sandino_International_Airport" }, "geometry": { "type": "Point", "coordinates": [ -86.177, 12.141 ] } },
{ "type": "Feature", "properties": { "raw_text": "METAR MPTO 280100Z 04005KT 9999 FEW018CB 27/22 Q1010 NOSIG", "station_id": "MPTO", "observation_time": "2026-04-28T01:00:00.000Z", "latitude": 9.056, "longitude": -79.391, "temp_c": 27.0, "dewpoint_c": 22.0, "wind_dir_degrees": 40.0, "wind_speed_kt": 5.0, "wind_gust_kt": 0.0, "visibility_statute_mi": 6.0, "altim_in_hg": 29.82, "sea_level_pressure_mb": 0.0, "quality_control_flags": null, "wx_string": "", "sky_condition": null, "flight_category": "VFR", "three_hr_pressure_tendency_mb": 0.0, "maxT_c": 0.0, "minT_c": 0.0, "maxT24hr_c": 0.0, "minT24hr_c": 0.0, "precip_in": 0.0, "pcp3hr_in": 0.0, "pcp6hr_in": 0.0, "pcp24hr_in": 0.0, "snow_in": 0.0, "vert_vis_ft": 0.0, "metar_type": "METAR", "elevation_m": 7.0, "municipality": "Tocumen", "continent": "NA", "iso_country": "PA", "iso_region": "PA-8", "wikipedia_link": "https://en.wikipedia.org/wiki/Tocumen_International_Airport" }, "geometry": { "type": "Point", "coordinates": [ -79.391, 9.056 ] } },
{ "type": "Feature", "properties": { "raw_text": "METAR MRLB 280100Z 15005KT CAVOK 27/23 A2983", "station_id": "MRLB", "observation_time": "2026-04-28T01:00:00.000Z", "latitude": 10.589, "longitude": -85.552, "temp_c": 27.0, "dewpoint_c": 23.0, "wind_dir_degrees": 150.0, "wind_speed_kt": 5.0, "wind_gust_kt": 0.0, "visibility_statute_mi": 6.0, "altim_in_hg": 29.83, "sea_level_pressure_mb": 0.0, "quality_control_flags": null, "wx_string": "", "sky_condition": null, "flight_category": "VFR", "three_hr_pressure_tendency_mb": 0.0, "maxT_c": 0.0, "minT_c": 0.0, "maxT24hr_c": 0.0, "minT24hr_c": 0.0, "precip_in": 0.0, "pcp3hr_in": 0.0, "pcp6hr_in": 0.0, "pcp24hr_in": 0.0, "snow_in": 0.0, "vert_vis_ft": 0.0, "metar_type": "METAR", "elevation_m": 79.0, "municipality": "Liberia", "continent": "NA", "iso_country": "CR", "iso_region": "CR-G", "wikipedia_link": "https://en.wikipedia.org/wiki/Guanacaste_Airport" }, "geometry": { "type": "Point", "coordinates": [ -85.552, 10.589 ] } },
{ "type": "Feature", "properties": { "raw_text": "METAR MROC 280100Z VRB02KT 9999 FEW045 SCT0130 22/20 A3002 NOSIG", "station_id": "MROC", "observation_time": "2026-04-28T01:00:00.000Z", "latitude": 9.991, "longitude": -84.218, "temp_c": 22.0, "dewpoint_c": 20.0, "wind_dir_degrees": 0.0, "wind_speed_kt": 2.0, "wind_gust_kt": 0.0, "visibility_statute_mi": 6.0, "altim_in_hg": 30.02, "sea_level_pressure_mb": 0.0, "quality_control_flags": null, "wx_string": "", "sky_condition": null, "flight_category": "VFR", "three_hr_pressure_tendency_mb": 0.0, "maxT_c": 0.0, "minT_c": 0.0, "maxT24hr_c": 0.0, "minT24hr_c": 0.0, "precip_in": 0.0, "pcp3hr_in": 0.0, "pcp6hr_in": 0.0, "pcp24hr_in": 0.0, "snow_in": 0.0, "vert_vis_ft": 0.0, "metar_type": "METAR", "elevation_m": 900.0, "municipality": "San José (Alajuela)", "continent": "NA", "iso_country": "CR", "iso_region": "CR-A", "wikipedia_link": "https://en.wikipedia.org/wiki/Juan_Santamar%C3%ADa_International_Airport" }, "geometry": { "type": "Point", "coordinates": [ -84.218, 9.991 ] } },
{ "type": "Feature", "properties": { "raw_text": "METAR MSLP 280100Z 24004KT 9999 FEW020 28/26 Q1009 A2981 NOSIG RMK DSTN CB N NW", "station_id": "MSLP", "observation_time": "2026-04-28T01:00:00.000Z", "latitude": 13.438, "longitude": -89.056, "temp_c": 28.0, "dewpoint_c": 26.0, "wind_dir_degrees": 240.0, "wind_speed_kt": 4.0, "wind_gust_kt": 0.0, "visibility_statute_mi": 6.0, "altim_in_hg": 29.79, "sea_level_pressure_mb": 0.0, "quality_control_flags": null, "wx_string": "", "sky_condition": null, "flight_category": "VFR", "three_hr_pressure_tendency_mb": 0.0, "maxT_c": 0.0, "minT_c": 0.0, "maxT24hr_c": 0.0, "minT24hr_c": 0.0, "precip_in": 0.0, "pcp3hr_in": 0.0, "pcp6hr_in": 0.0, "pcp24hr_in": 0.0, "snow_in": 0.0, "vert_vis_ft": 0.0, "metar_type": "METAR", "elevation_m": 25.0, "municipality": "San Salvador (San Luis Talpa)", "continent": "NA", "iso_country": "SV", "iso_region": "SV-PA", "wikipedia_link": "https://en.wikipedia.org/wiki/El_Salvador_International_Airport" }, "geometry": { "type": "Point", "coordinates": [ -89.056, 13.438 ] } },
{ "type": "Feature", "properties": { "raw_text": "METAR MUCM 280050Z 05005KT 9000 FEW030 24/23 Q1016", "station_id": "MUCM", "observation_time": "2026-04-28T00:50:00.000Z", "latitude": 21.42, "longitude": -77.85, "temp_c": 24.0, "dewpoint_c": 23.0, "wind_dir_degrees": 50.0, "wind_speed_kt": 5.0, "wind_gust_kt": 0.0, "visibility_statute_mi": 5.59, "altim_in_hg": 30.0, "sea_level_pressure_mb": 0.0, "quality_control_flags": null, "wx_string": "", "sky_condition": null, "flight_category": "VFR", "three_hr_pressure_tendency_mb": 0.0, "maxT_c": 0.0, "minT_c": 0.0, "maxT24hr_c": 0.0, "minT24hr_c": 0.0, "precip_in": 0.0, "pcp3hr_in": 0.0, "pcp6hr_in": 0.0, "pcp24hr_in": 0.0, "snow_in": 0.0, "vert_vis_ft": 0.0, "metar_type": "METAR", "elevation_m": 125.0, "municipality": "Camaguey", "continent": "NA", "iso_country": "CU", "iso_region": "CU-09", "wikipedia_link": "https://en.wikipedia.org/wiki/Ignacio_Agramonte_International_Airport" }, "geometry": { "type": "Point", "coordinates": [ -77.85, 21.42 ] } },
{ "type": "Feature", "properties": { "raw_text": "METAR MUCU 280050Z AUTO VRB03KT 25/19 Q1014", "station_id": "MUCU", "observation_time": "2026-04-28T00:50:00.000Z", "latitude": 19.971, "longitude": -75.837, "temp_c": 25.0, "dewpoint_c": 19.0, "wind_dir_degrees": 0.0, "wind_speed_kt": 3.0, "wind_gust_kt": 0.0, "visibility_statute_mi": 0.0, "altim_in_hg": 29.94, "sea_level_pressure_mb": 0.0, "quality_control_flags": null, "wx_string": "", "sky_condition": null, "flight_category": "null", "three_hr_pressure_tendency_mb": 0.0, "maxT_c": 0.0, "minT_c": 0.0, "maxT24hr_c": 0.0, "minT24hr_c": 0.0, "precip_in": 0.0, "pcp3hr_in": 0.0, "pcp6hr_in": 0.0, "pcp24hr_in": 0.0, "snow_in": 0.0, "vert_vis_ft": 0.0, "metar_type": "METAR", "elevation_m": 70.0, "municipality": "Santiago", "continent": "NA", "iso_country": "CU", "iso_region": "CU-13", "wikipedia_link": "https://en.wikipedia.org/wiki/Antonio_Maceo_Airport" }, "geometry": { "type": "Point", "coordinates": [ -75.837, 19.971 ] } },
{ "type": "Feature", "properties": { "raw_text": "METAR MUHA 280050Z 05009KT 9000 FEW030 25/21 Q1016", "station_id": "MUHA", "observation_time": "2026-04-28T00:50:00.000Z", "latitude": 22.991, "longitude": -82.41, "temp_c": 25.0, "dewpoint_c": 21.0, "wind_dir_degrees": 50.0, "wind_speed_kt": 9.0, "wind_gust_kt": 0.0, "visibility_statute_mi": 5.59, "altim_in_hg": 30.0, "sea_level_pressure_mb": 0.0, "quality_control_flags": null, "wx_string": "", "sky_condition": null, "flight_category": "VFR", "three_hr_pressure_tendency_mb": 0.0, "maxT_c": 0.0, "minT_c": 0.0, "maxT24hr_c": 0.0, "minT24hr_c": 0.0, "precip_in": 0.0, "pcp3hr_in": 0.0, "pcp6hr_in": 0.0, "pcp24hr_in": 0.0, "snow_in": 0.0, "vert_vis_ft": 0.0, "metar_type": "METAR", "elevation_m": 61.0, "municipality": "Havana", "continent": "NA", "iso_country": "CU", "iso_region": "CU-03", "wikipedia_link": "https://en.wikipedia.org/wiki/Jos%C3%A9_Mart%C3%AD_International_Airport" }, "geometry": { "type": "Point", "coordinates": [ -82.41, 22.991 ] } },
{ "type": "Feature", "properties": { "raw_text": "METAR MUHG 280050Z AUTO VRB03KT 24/23 Q1015", "station_id": "MUHG", "observation_time": "2026-04-28T00:50:00.000Z", "latitude": 20.786, "longitude": -76.316, "temp_c": 24.0, "dewpoint_c": 23.0, "wind_dir_degrees": 0.0, "wind_speed_kt": 3.0, "wind_gust_kt": 0.0, "visibility_statute_mi": 0.0, "altim_in_hg": 29.97, "sea_level_pressure_mb": 0.0, "quality_control_flags": null, "wx_string": "", "sky_condition": null, "flight_category": "null", "three_hr_pressure_tendency_mb": 0.0, "maxT_c": 0.0, "minT_c": 0.0, "maxT24hr_c": 0.0, "minT24hr_c": 0.0, "precip_in": 0.0, "pcp3hr_in": 0.0, "pcp6hr_in": 0.0, "pcp24hr_in": 0.0, "snow_in": 0.0, "vert_vis_ft": 0.0, "metar_type": "METAR", "elevation_m": 100.0, "municipality": "Holguin", "continent": "NA", "iso_country": "CU", "iso_region": "CU-11", "wikipedia_link": "https://en.wikipedia.org/wiki/Frank_Pa%C3%ADs_Airport" }, "geometry": { "type": "Point", "coordinates": [ -76.316, 20.786 ] } },
{ "type": "Feature", "properties": { "raw_text": "METAR MUVR 280050Z 08003KT 9000 FEW030 25/22 Q1016", "station_id": "MUVR", "observation_time": "2026-04-28T00:50:00.000Z", "latitude": 23.033, "longitude": -81.435, "temp_c": 25.0, "dewpoint_c": 22.0, "wind_dir_degrees": 80.0, "wind_speed_kt": 3.0, "wind_gust_kt": 0.0, "visibility_statute_mi": 5.59, "altim_in_hg": 30.0, "sea_level_pressure_mb": 0.0, "quality_control_flags": null, "wx_string": "", "sky_condition": null, "flight_category": "VFR", "three_hr_pressure_tendency_mb": 0.0, "maxT_c": 0.0, "minT_c": 0.0, "maxT24hr_c": 0.0, "minT24hr_c": 0.0, "precip_in": 0.0, "pcp3hr_in": 0.0, "pcp6hr_in": 0.0, "pcp24hr_in": 0.0, "snow_in": 0.0, "vert_vis_ft": 0.0, "metar_type": "METAR", "elevation_m": 65.0, "municipality": "Matanzas", "continent": "NA", "iso_country": "CU", "iso_region": "CU-04", "wikipedia_link": "https://en.wikipedia.org/wiki/Juan_Gualberto_G%C3%B3mez_Airport" }, "geometry": { "type": "Point", "coordinates": [ -81.435, 23.033 ] } },
{ "type": "Feature", "properties": { "raw_text": "METAR MWCR 280100Z 07004KT 9999 FEW018 SCT028 28/22 Q1014", "station_id": "MWCR", "observation_time": "2026-04-28T01:00:00.000Z", "latitude": 19.294, "longitude": -81.357, "temp_c": 28.0, "dewpoint_c": 22.0, "wind_dir_degrees": 70.0, "wind_speed_kt": 4.0, "wind_gust_kt": 0.0, "visibility_statute_mi": 6.0, "altim_in_hg": 29.94, "sea_level_pressure_mb": 0.0, "quality_control_flags": null, "wx_string": "", "sky_condition": null, "flight_category": "VFR", "three_hr_pressure_tendency_mb": 0.0, "maxT_c": 0.0, "minT_c": 0.0, "maxT24hr_c": 0.0, "minT24hr_c": 0.0, "precip_in": 0.0, "pcp3hr_in": 0.0, "pcp6hr_in": 0.0, "pcp24hr_in": 0.0, "snow_in": 0.0, "vert_vis_ft": 0.0, "metar_type": "METAR", "elevation_m": 4.0, "municipality": "George Town", "continent": "NA", "iso_country": "KY", "iso_region": "KY-GC", "wikipedia_link": "https://en.wikipedia.org/wiki/Owen_Roberts_International_Airport" }, "geometry": { "type": "Point", "coordinates": [ -81.357, 19.294 ] } },
{ "type": "Feature", "properties": { "raw_text": "METAR MYGF 280100Z AUTO 04012KT 9999 // FEW021/// 25/20 A3002", "station_id": "MYGF", "observation_time": "2026-04-28T01:00:00.000Z", "latitude": 26.555, "longitude": -78.698, "temp_c": 25.0, "dewpoint_c": 20.0, "wind_dir_degrees": 40.0, "wind_speed_kt": 12.0, "wind_gust_kt": 0.0, "visibility_statute_mi": 6.0, "altim_in_hg": 30.02, "sea_level_pressure_mb": 0.0, "quality_control_flags": null, "wx_string": "", "sky_condition": null, "flight_category": "VFR", "three_hr_pressure_tendency_mb": 0.0, "maxT_c": 0.0, "minT_c": 0.0, "maxT24hr_c": 0.0, "minT24hr_c": 0.0, "precip_in": 0.0, "pcp3hr_in": 0.0, "pcp6hr_in": 0.0, "pcp24hr_in": 0.0, "snow_in": 0.0, "vert_vis_ft": 0.0, "metar_type": "METAR", "elevation_m": 2.0, "municipality": "Freeport", "continent": "NA", "iso_country": "BS", "iso_region": "BS-FP", "wikipedia_link": "https://en.wikipedia.org/wiki/Grand_Bahama_International_Airport" }, "geometry": { "type": "Point", "coordinates": [ -78.698, 26.555 ] } },
{ "type": "Feature", "properties": { "raw_text": "METAR MYNN 280100Z VRB01KT 9999 FEW020 25/21 A3002", "station_id": "MYNN", "observation_time": "2026-04-28T01:00:00.000Z", "latitude": 25.04, "longitude": -77.467, "temp_c": 25.0, "dewpoint_c": 21.0, "wind_dir_degrees": 0.0, "wind_speed_kt": 1.0, "wind_gust_kt": 0.0, "visibility_statute_mi": 6.0, "altim_in_hg": 30.02, "sea_level_pressure_mb": 0.0, "quality_control_flags": null, "wx_string": "", "sky_condition": null, "flight_category": "VFR", "three_hr_pressure_tendency_mb": 0.0, "maxT_c": 0.0, "minT_c": 0.0, "maxT24hr_c": 0.0, "minT24hr_c": 0.0, "precip_in": 0.0, "pcp3hr_in": 0.0, "pcp6hr_in": 0.0, "pcp24hr_in": 0.0, "snow_in": 0.0, "vert_vis_ft": 0.0, "metar_type": "METAR", "elevation_m": 5.0, "municipality": "Nassau", "continent": "NA", "iso_country": "BS", "iso_region": "BS-NP", "wikipedia_link": "https://en.wikipedia.org/wiki/Lynden_Pindling_International_Airport" }, "geometry": { "type": "Point", "coordinates": [ -77.467, 25.04 ] } },
{ "type": "Feature", "properties": { "raw_text": "METAR MYSM 280100Z AUTO 04004KT CAVOK 24/21 A3002", "station_id": "MYSM", "observation_time": "2026-04-28T01:00:00.000Z", "latitude": 24.064, "longitude": -74.529, "temp_c": 24.0, "dewpoint_c": 21.0, "wind_dir_degrees": 40.0, "wind_speed_kt": 4.0, "wind_gust_kt": 0.0, "visibility_statute_mi": 6.0, "altim_in_hg": 30.02, "sea_level_pressure_mb": 0.0, "quality_control_flags": null, "wx_string": "", "sky_condition": null, "flight_category": "VFR", "three_hr_pressure_tendency_mb": 0.0, "maxT_c": 0.0, "minT_c": 0.0, "maxT24hr_c": 0.0, "minT24hr_c": 0.0, "precip_in": 0.0, "pcp3hr_in": 0.0, "pcp6hr_in": 0.0, "pcp24hr_in": 0.0, "snow_in": 0.0, "vert_vis_ft": 0.0, "metar_type": "METAR", "elevation_m": 5.0, "municipality": "San Salvador", "continent": "NA", "iso_country": "BS", "iso_region": "BS-SS", "wikipedia_link": "https://en.wikipedia.org/wiki/San_Salvador_Airport" }, "geometry": { "type": "Point", "coordinates": [ -74.529, 24.064 ] } },
{ "type": "Feature", "properties": { "raw_text": "METAR NCRG 280100Z 10006KT 9999 SCT022 BKN090 28/20 Q1012", "station_id": "NCRG", "observation_time": "2026-04-28T01:00:00.000Z", "latitude": -21.203, "longitude": -159.806, "temp_c": 28.0, "dewpoint_c": 20.0, "wind_dir_degrees": 100.0, "wind_speed_kt": 6.0, "wind_gust_kt": 0.0, "visibility_statute_mi": 6.0, "altim_in_hg": 29.88, "sea_level_pressure_mb": 0.0, "quality_control_flags": null, "wx_string": "", "sky_condition": null, "flight_category": "VFR", "three_hr_pressure_tendency_mb": 0.0, "maxT_c": 0.0, "minT_c": 0.0, "maxT24hr_c": 0.0, "minT24hr_c": 0.0, "precip_in": 0.0, "pcp3hr_in": 0.0, "pcp6hr_in": 0.0, "pcp24hr_in": 0.0, "snow_in": 0.0, "vert_vis_ft": 0.0, "metar_type": "METAR", "elevation_m": 7.0, "municipality": "Avarua", "continent": "OC", "iso_country": "CK", "iso_region": "CK-U-A", "wikipedia_link": "https://en.wikipedia.org/wiki/Rarotonga_International_Airport" }, "geometry": { "type": "Point", "coordinates": [ -159.806, -21.203 ] } },
{ "type": "Feature", "properties": { "raw_text": "METAR NFFN 280100Z 31005KT 9999 FEW030 BKN300 31/24 Q1011 NOSIG", "station_id": "NFFN", "observation_time": "2026-04-28T01:00:00.000Z", "latitude": -17.755, "longitude": 177.443, "temp_c": 31.0, "dewpoint_c": 24.0, "wind_dir_degrees": 310.0, "wind_speed_kt": 5.0, "wind_gust_kt": 0.0, "visibility_statute_mi": 6.0, "altim_in_hg": 29.85, "sea_level_pressure_mb": 0.0, "quality_control_flags": null, "wx_string": "", "sky_condition": null, "flight_category": "VFR", "three_hr_pressure_tendency_mb": 0.0, "maxT_c": 0.0, "minT_c": 0.0, "maxT24hr_c": 0.0, "minT24hr_c": 0.0, "precip_in": 0.0, "pcp3hr_in": 0.0, "pcp6hr_in": 0.0, "pcp24hr_in": 0.0, "snow_in": 0.0, "vert_vis_ft": 0.0, "metar_type": "METAR", "elevation_m": 14.0, "municipality": "Nadi", "continent": "OC", "iso_country": "FJ", "iso_region": "FJ-W", "wikipedia_link": "https://en.wikipedia.org/wiki/Nadi_International_Airport" }, "geometry": { "type": "Point", "coordinates": [ 177.443, -17.755 ] } },
{ "type": "Feature", "properties": { "raw_text": "METAR NFNA 280100Z 12008KT 9999 BKN020 30/26 Q1011", "station_id": "NFNA", "observation_time": "2026-04-28T01:00:00.000Z", "latitude": -18.043, "longitude": 178.559, "temp_c": 30.0, "dewpoint_c": 26.0, "wind_dir_degrees": 120.0, "wind_speed_kt": 8.0, "wind_gust_kt": 0.0, "visibility_statute_mi": 6.0, "altim_in_hg": 29.85, "sea_level_pressure_mb": 0.0, "quality_control_flags": null, "wx_string": "", "sky_condition": null, "flight_category": "MVFR", "three_hr_pressure_tendency_mb": 0.0, "maxT_c": 0.0, "minT_c": 0.0, "maxT24hr_c": 0.0, "minT24hr_c": 0.0, "precip_in": 0.0, "pcp3hr_in": 0.0, "pcp6hr_in": 0.0, "pcp24hr_in": 0.0, "snow_in": 0.0, "vert_vis_ft": 0.0, "metar_type": "METAR", "elevation_m": 6.0, "municipality": "Nausori", "continent": "OC", "iso_country": "FJ", "iso_region": "FJ-C", "wikipedia_link": "https://en.wikipedia.org/wiki/Nausori_International_Airport" }, "geometry": { "type": "Point", "coordinates": [ 178.559, -18.043 ] } },
{ "type": "Feature", "properties": { "raw_text": "METAR NFTF 280100Z 23010KT 9999 BKN016TCU 30/25 Q1012", "station_id": "NFTF", "observation_time": "2026-04-28T01:00:00.000Z", "latitude": -21.241, "longitude": -175.15, "temp_c": 30.0, "dewpoint_c": 25.0, "wind_dir_degrees": 230.0, "wind_speed_kt": 10.0, "wind_gust_kt": 0.0, "visibility_statute_mi": 6.0, "altim_in_hg": 29.88, "sea_level_pressure_mb": 0.0, "quality_control_flags": null, "wx_string": "", "sky_condition": null, "flight_category": "MVFR", "three_hr_pressure_tendency_mb": 0.0, "maxT_c": 0.0, "minT_c": 0.0, "maxT24hr_c": 0.0, "minT24hr_c": 0.0, "precip_in": 0.0, "pcp3hr_in": 0.0, "pcp6hr_in": 0.0, "pcp24hr_in": 0.0, "snow_in": 0.0, "vert_vis_ft": 0.0, "metar_type": "METAR", "elevation_m": 38.0, "municipality": "Nuku'alofa", "continent": "OC", "iso_country": "TO", "iso_region": "TO-04", "wikipedia_link": "https://en.wikipedia.org/wiki/Fua'amotu_International_Airport" }, "geometry": { "type": "Point", "coordinates": [ -175.15, -21.241 ] } },
{ "type": "Feature", "properties": { "raw_text": "METAR NFTV 280100Z 02004KT 9999 FEW014TCU 31/25 Q1012", "station_id": "NFTV", "observation_time": "2026-04-28T01:00:00.000Z", "latitude": -18.585, "longitude": -173.9628, "temp_c": 31.0, "dewpoint_c": 25.0, "wind_dir_degrees": 20.0, "wind_speed_kt": 4.0, "wind_gust_kt": 0.0, "visibility_statute_mi": 6.0, "altim_in_hg": 29.88, "sea_level_pressure_mb": 0.0, "quality_control_flags": null, "wx_string": "", "sky_condition": null, "flight_category": "VFR", "three_hr_pressure_tendency_mb": 0.0, "maxT_c": 0.0, "minT_c": 0.0, "maxT24hr_c": 0.0, "minT24hr_c": 0.0, "precip_in": 0.0, "pcp3hr_in": 0.0, "pcp6hr_in": 0.0, "pcp24hr_in": 0.0, "snow_in": 0.0, "vert_vis_ft": 0.0, "metar_type": "METAR", "elevation_m": 71.0, "municipality": "Vava'u Island", "continent": "OC", "iso_country": "TO", "iso_region": "TO-05", "wikipedia_link": "https://en.wikipedia.org/wiki/Vava'u_International_Airport" }, "geometry": { "type": "Point", "coordinates": [ -173.9628, -18.585 ] } },
{ "type": "Feature", "properties": { "raw_text": "METAR NGTA 280100Z 05004KT 9999 FEW019 SCT100 BKN300 30/24 Q1008", "station_id": "NGTA", "observation_time": "2026-04-28T01:00:00.000Z", "latitude": 1.381, "longitude": 173.147, "temp_c": 30.0, "dewpoint_c": 24.0, "wind_dir_degrees": 50.0, "wind_speed_kt": 4.0, "wind_gust_kt": 0.0, "visibility_statute_mi": 6.0, "altim_in_hg": 29.76, "sea_level_pressure_mb": 0.0, "quality_control_flags": null, "wx_string": "", "sky_condition": null, "flight_category": "VFR", "three_hr_pressure_tendency_mb": 0.0, "maxT_c": 0.0, "minT_c": 0.0, "maxT24hr_c": 0.0, "minT24hr_c": 0.0, "precip_in": 0.0, "pcp3hr_in": 0.0, "pcp6hr_in": 0.0, "pcp24hr_in": 0.0, "snow_in": 0.0, "vert_vis_ft": 0.0, "metar_type": "METAR", "elevation_m": 8.0, "municipality": "South Tarawa", "continent": "OC", "iso_country": "KI", "iso_region": "KI-G", "wikipedia_link": "https://en.wikipedia.org/wiki/Bonriki_International_Airport" }, "geometry": { "type": "Point", "coordinates": [ 173.147, 1.381 ] } },
{ "type": "Feature", "properties": { "raw_text": "METAR NSFA 280100Z 06010KT 9999 FEW020CB SCT022 32/25 Q1009 RMK CB TO SW", "station_id": "NSFA", "observation_time": "2026-04-28T01:00:00.000Z", "latitude": -13.829, "longitude": -171.993, "temp_c": 32.0, "dewpoint_c": 25.0, "wind_dir_degrees": 60.0, "wind_speed_kt": 10.0, "wind_gust_kt": 0.0, "visibility_statute_mi": 6.0, "altim_in_hg": 29.79, "sea_level_pressure_mb": 0.0, "quality_control_flags": null, "wx_string": "", "sky_condition": null, "flight_category": "VFR", "three_hr_pressure_tendency_mb": 0.0, "maxT_c": 0.0, "minT_c": 0.0, "maxT24hr_c": 0.0, "minT24hr_c": 0.0, "precip_in": 0.0, "pcp3hr_in": 0.0, "pcp6hr_in": 0.0, "pcp24hr_in": 0.0, "snow_in": 0.0, "vert_vis_ft": 0.0, "metar_type": "METAR", "elevation_m": 6.0, "municipality": "Apia", "continent": "OC", "iso_country": "WS", "iso_region": "WS-AA", "wikipedia_link": "https://en.wikipedia.org/wiki/Faleolo_International_Airport" }, "geometry": { "type": "Point", "coordinates": [ -171.993, -13.829 ] } },
{ "type": "Feature", "properties": { "raw_text": "METAR NSTU 280050Z 09008KT 12SM FEW023 SCT090 BKN200 32/26 A2981 RMK SLP095 T03220260", "station_id": "NSTU", "observation_time": "2026-04-28T00:50:00.000Z", "latitude": -14.337, "longitude": -170.721, "temp_c": 32.2, "dewpoint_c": 26.0, "wind_dir_degrees": 90.0, "wind_speed_kt": 8.0, "wind_gust_kt": 0.0, "visibility_statute_mi": 12.0, "altim_in_hg": 29.81, "sea_level_pressure_mb": 1009.5, "quality_control_flags": null, "wx_string": "", "sky_condition": null, "flight_category": "VFR", "three_hr_pressure_tendency_mb": 0.0, "maxT_c": 0.0, "minT_c": 0.0, "maxT24hr_c": 0.0, "minT24hr_c": 0.0, "precip_in": 0.0, "pcp3hr_in": 0.0, "pcp6hr_in": 0.0, "pcp24hr_in": 0.0, "snow_in": 0.0, "vert_vis_ft": 0.0, "metar_type": "METAR", "elevation_m": 8.0, "municipality": "Pago Pago", "continent": "OC", "iso_country": "AS", "iso_region": "AS-WT", "wikipedia_link": "https://en.wikipedia.org/wiki/Pago_Pago_International_Airport" }, "geometry": { "type": "Point", "coordinates": [ -170.721, -14.337 ] } },
{ "type": "Feature", "properties": { "raw_text": "METAR NTAA 280130Z AUTO 07009KT 020V120 CAVOK 31/23 Q1010 NOSIG", "station_id": "NTAA", "observation_time": "2026-04-28T01:30:00.000Z", "latitude": -17.554, "longitude": -149.607, "temp_c": 31.0, "dewpoint_c": 23.0, "wind_dir_degrees": 70.0, "wind_speed_kt": 9.0, "wind_gust_kt": 0.0, "visibility_statute_mi": 6.0, "altim_in_hg": 29.82, "sea_level_pressure_mb": 0.0, "quality_control_flags": null, "wx_string": "", "sky_condition": null, "flight_category": "VFR", "three_hr_pressure_tendency_mb": 0.0, "maxT_c": 0.0, "minT_c": 0.0, "maxT24hr_c": 0.0, "minT24hr_c": 0.0, "precip_in": 0.0, "pcp3hr_in": 0.0, "pcp6hr_in": 0.0, "pcp24hr_in": 0.0, "snow_in": 0.0, "vert_vis_ft": 0.0, "metar_type": "METAR", "elevation_m": 2.0, "municipality": "Papeete", "continent": "OC", "iso_country": "PF", "iso_region": "PF-U-A", "wikipedia_link": "https://en.wikipedia.org/wiki/Faa'a_International_Airport" }, "geometry": { "type": "Point", "coordinates": [ -149.607, -17.554 ] } },
{ "type": "Feature", "properties": { "raw_text": "METAR NVVV 280100Z 11012KT 9999 SCT020 31/26 Q1011", "station_id": "NVVV", "observation_time": "2026-04-28T01:00:00.000Z", "latitude": -17.695, "longitude": 168.313, "temp_c": 31.0, "dewpoint_c": 26.0, "wind_dir_degrees": 110.0, "wind_speed_kt": 12.0, "wind_gust_kt": 0.0, "visibility_statute_mi": 6.0, "altim_in_hg": 29.85, "sea_level_pressure_mb": 0.0, "quality_control_flags": null, "wx_string": "", "sky_condition": null, "flight_category": "VFR", "three_hr_pressure_tendency_mb": 0.0, "maxT_c": 0.0, "minT_c": 0.0, "maxT24hr_c": 0.0, "minT24hr_c": 0.0, "precip_in": 0.0, "pcp3hr_in": 0.0, "pcp6hr_in": 0.0, "pcp24hr_in": 0.0, "snow_in": 0.0, "vert_vis_ft": 0.0, "metar_type": "METAR", "elevation_m": 23.0, "municipality": "Port Vila", "continent": "OC", "iso_country": "VU", "iso_region": "VU-SEE", "wikipedia_link": "https://en.wikipedia.org/wiki/Bauerfield_International_Airport" }, "geometry": { "type": "Point", "coordinates": [ 168.313, -17.695 ] } },
{ "type": "Feature", "properties": { "raw_text": "METAR NWWW 280130Z AUTO 18004KT 120V290 9999 BKN066 OVC076 29/21 Q1012 TEMPO 2000 TSRA SCT020CB BKN025", "station_id": "NWWW", "observation_time": "2026-04-28T01:30:00.000Z", "latitude": -22.015, "longitude": 166.213, "temp_c": 29.0, "dewpoint_c": 21.0, "wind_dir_degrees": 180.0, "wind_speed_kt": 4.0, "wind_gust_kt": 0.0, "visibility_statute_mi": 6.0, "altim_in_hg": 29.88, "sea_level_pressure_mb": 0.0, "quality_control_flags": null, "wx_string": "", "sky_condition": null, "flight_category": "VFR", "three_hr_pressure_tendency_mb": 0.0, "maxT_c": 0.0, "minT_c": 0.0, "maxT24hr_c": 0.0, "minT24hr_c": 0.0, "precip_in": 0.0, "pcp3hr_in": 0.0, "pcp6hr_in": 0.0, "pcp24hr_in": 0.0, "snow_in": 0.0, "vert_vis_ft": 0.0, "metar_type": "METAR", "elevation_m": 16.0, "municipality": "Nouméa (La Tontouta)", "continent": "OC", "iso_country": "NC", "iso_region": "NC-03", "wikipedia_link": "https://en.wikipedia.org/wiki/La_Tontouta_International_Airport" }, "geometry": { "type": "Point", "coordinates": [ 166.213, -22.015 ] } },
{ "type": "Feature", "properties": { "raw_text": "METAR NZAA 280130Z AUTO 23003KT 9999 FEW039/// BKN046/// BKN055/// 19/14 Q1024", "station_id": "NZAA", "observation_time": "2026-04-28T01:30:00.000Z", "latitude": -37.008, "longitude": 174.792, "temp_c": 19.0, "dewpoint_c": 14.0, "wind_dir_degrees": 230.0, "wind_speed_kt": 3.0, "wind_gust_kt": 0.0, "visibility_statute_mi": 6.0, "altim_in_hg": 30.24, "sea_level_pressure_mb": 0.0, "quality_control_flags": null, "wx_string": "", "sky_condition": null, "flight_category": "VFR", "three_hr_pressure_tendency_mb": 0.0, "maxT_c": 0.0, "minT_c": 0.0, "maxT24hr_c": 0.0, "minT24hr_c": 0.0, "precip_in": 0.0, "pcp3hr_in": 0.0, "pcp6hr_in": 0.0, "pcp24hr_in": 0.0, "snow_in": 0.0, "vert_vis_ft": 0.0, "metar_type": "METAR", "elevation_m": 7.0, "municipality": "Auckland", "continent": "OC", "iso_country": "NZ", "iso_region": "NZ-AUK", "wikipedia_link": "https://en.wikipedia.org/wiki/Auckland_International_Airport" }, "geometry": { "type": "Point", "coordinates": [ 174.792, -37.008 ] } },
{ "type": "Feature", "properties": { "raw_text": "METAR NZCH 280130Z AUTO 20005KT 160V240 9999 NCD 21/08 Q1021", "station_id": "NZCH", "observation_time": "2026-04-28T01:30:00.000Z", "latitude": -43.489, "longitude": 172.528, "temp_c": 21.0, "dewpoint_c": 8.0, "wind_dir_degrees": 200.0, "wind_speed_kt": 5.0, "wind_gust_kt": 0.0, "visibility_statute_mi": 6.0, "altim_in_hg": 30.15, "sea_level_pressure_mb": 0.0, "quality_control_flags": null, "wx_string": "", "sky_condition": null, "flight_category": "VFR", "three_hr_pressure_tendency_mb": 0.0, "maxT_c": 0.0, "minT_c": 0.0, "maxT24hr_c": 0.0, "minT24hr_c": 0.0, "precip_in": 0.0, "pcp3hr_in": 0.0, "pcp6hr_in": 0.0, "pcp24hr_in": 0.0, "snow_in": 0.0, "vert_vis_ft": 0.0, "metar_type": "METAR", "elevation_m": 36.0, "municipality": "Christchurch", "continent": "OC", "iso_country": "NZ", "iso_region": "NZ-CAN", "wikipedia_link": "https://en.wikipedia.org/wiki/Christchurch_International_Airport" }, "geometry": { "type": "Point", "coordinates": [ 172.528, -43.489 ] } },
{ "type": "Feature", "properties": { "raw_text": "METAR NZQN 280130Z AUTO 23007KT 170V280 9999 SCT070/// 17/06 Q1022", "station_id": "NZQN", "observation_time": "2026-04-28T01:30:00.000Z", "latitude": -45.021, "longitude": 168.739, "temp_c": 17.0, "dewpoint_c": 6.0, "wind_dir_degrees": 230.0, "wind_speed_kt": 7.0, "wind_gust_kt": 0.0, "visibility_statute_mi": 6.0, "altim_in_hg": 30.18, "sea_level_pressure_mb": 0.0, "quality_control_flags": null, "wx_string": "", "sky_condition": null, "flight_category": "VFR", "three_hr_pressure_tendency_mb": 0.0, "maxT_c": 0.0, "minT_c": 0.0, "maxT24hr_c": 0.0, "minT24hr_c": 0.0, "precip_in": 0.0, "pcp3hr_in": 0.0, "pcp6hr_in": 0.0, "pcp24hr_in": 0.0, "snow_in": 0.0, "vert_vis_ft": 0.0, "metar_type": "METAR", "elevation_m": 356.0, "municipality": "Queenstown", "continent": "OC", "iso_country": "NZ", "iso_region": "NZ-OTA", "wikipedia_link": "https://en.wikipedia.org/wiki/Queenstown_International_Airport" }, "geometry": { "type": "Point", "coordinates": [ 168.739, -45.021 ] } },
{ "type": "Feature", "properties": { "raw_text": "METAR NZWN 280130Z AUTO 36017KT 9999 BKN018/// 17/13 Q1023", "station_id": "NZWN", "observation_time": "2026-04-28T01:30:00.000Z", "latitude": -41.331, "longitude": 174.806, "temp_c": 17.0, "dewpoint_c": 13.0, "wind_dir_degrees": 360.0, "wind_speed_kt": 17.0, "wind_gust_kt": 0.0, "visibility_statute_mi": 6.0, "altim_in_hg": 30.21, "sea_level_pressure_mb": 0.0, "quality_control_flags": null, "wx_string": "", "sky_condition": null, "flight_category": "MVFR", "three_hr_pressure_tendency_mb": 0.0, "maxT_c": 0.0, "minT_c": 0.0, "maxT24hr_c": 0.0, "minT24hr_c": 0.0, "precip_in": 0.0, "pcp3hr_in": 0.0, "pcp6hr_in": 0.0, "pcp24hr_in": 0.0, "snow_in": 0.0, "vert_vis_ft": 0.0, "metar_type": "METAR", "elevation_m": 12.0, "municipality": "Wellington", "continent": "OC", "iso_country": "NZ", "iso_region": "NZ-WGN", "wikipedia_link": "https://en.wikipedia.org/wiki/Wellington_Airport" }, "geometry": { "type": "Point", "coordinates": [ 174.806, -41.331 ] } },
{ "type": "Feature", "properties": { "raw_text": "METAR OBBI 280100Z 06006KT 020V090 CAVOK 30/14 Q1005 NOSIG", "station_id": "OBBI", "observation_time": "2026-04-28T01:00:00.000Z", "latitude": 26.271, "longitude": 50.634, "temp_c": 30.0, "dewpoint_c": 14.0, "wind_dir_degrees": 60.0, "wind_speed_kt": 6.0, "wind_gust_kt": 0.0, "visibility_statute_mi": 6.0, "altim_in_hg": 29.68, "sea_level_pressure_mb": 0.0, "quality_control_flags": null, "wx_string": "", "sky_condition": null, "flight_category": "VFR", "three_hr_pressure_tendency_mb": 0.0, "maxT_c": 0.0, "minT_c": 0.0, "maxT24hr_c": 0.0, "minT24hr_c": 0.0, "precip_in": 0.0, "pcp3hr_in": 0.0, "pcp6hr_in": 0.0, "pcp24hr_in": 0.0, "snow_in": 0.0, "vert_vis_ft": 0.0, "metar_type": "METAR", "elevation_m": 6.0, "municipality": "Manama", "continent": "AS", "iso_country": "BH", "iso_region": "BH-15", "wikipedia_link": "https://en.wikipedia.org/wiki/Bahrain_International_Airport" }, "geometry": { "type": "Point", "coordinates": [ 50.634, 26.271 ] } },
{ "type": "Feature", "properties": { "raw_text": "METAR OEAB 280100Z 00000KT CAVOK 16/13 Q1021 NOSIG", "station_id": "OEAB", "observation_time": "2026-04-28T01:00:00.000Z", "latitude": 18.24, "longitude": 42.657, "temp_c": 16.0, "dewpoint_c": 13.0, "wind_dir_degrees": 0.0, "wind_speed_kt": 0.0, "wind_gust_kt": 0.0, "visibility_statute_mi": 6.0, "altim_in_hg": 30.15, "sea_level_pressure_mb": 0.0, "quality_control_flags": null, "wx_string": "", "sky_condition": null, "flight_category": "VFR", "three_hr_pressure_tendency_mb": 0.0, "maxT_c": 0.0, "minT_c": 0.0, "maxT24hr_c": 0.0, "minT24hr_c": 0.0, "precip_in": 0.0, "pcp3hr_in": 0.0, "pcp6hr_in": 0.0, "pcp24hr_in": 0.0, "snow_in": 0.0, "vert_vis_ft": 0.0, "metar_type": "METAR", "elevation_m": 2092.0, "municipality": "Abha", "continent": "AS", "iso_country": "SA", "iso_region": "SA-14", "wikipedia_link": "https://en.wikipedia.org/wiki/Abha_International_Airport" }, "geometry": { "type": "Point", "coordinates": [ 42.657, 18.24 ] } },
{ "type": "Feature", "properties": { "raw_text": "METAR OEAH 280100Z 20006KT CAVOK 28/14 Q1006 NOSIG", "station_id": "OEAH", "observation_time": "2026-04-28T01:00:00.000Z", "latitude": 25.285, "longitude": 49.485, "temp_c": 28.0, "dewpoint_c": 14.0, "wind_dir_degrees": 200.0, "wind_speed_kt": 6.0, "wind_gust_kt": 0.0, "visibility_statute_mi": 6.0, "altim_in_hg": 29.7, "sea_level_pressure_mb": 0.0, "quality_control_flags": null, "wx_string": "", "sky_condition": null, "flight_category": "VFR", "three_hr_pressure_tendency_mb": 0.0, "maxT_c": 0.0, "minT_c": 0.0, "maxT24hr_c": 0.0, "minT24hr_c": 0.0, "precip_in": 0.0, "pcp3hr_in": 0.0, "pcp6hr_in": 0.0, "pcp24hr_in": 0.0, "snow_in": 0.0, "vert_vis_ft": 0.0, "metar_type": "METAR", "elevation_m": 180.0, "municipality": "Hofuf", "continent": "AS", "iso_country": "SA", "iso_region": "SA-04", "wikipedia_link": "https://en.wikipedia.org/wiki/Al-Ahsa_International_Airport" }, "geometry": { "type": "Point", "coordinates": [ 49.485, 25.285 ] } },
{ "type": "Feature", "properties": { "raw_text": "METAR OEAO 280100Z 02002KT CAVOK 20/M02 Q1011 NOSIG", "station_id": "OEAO", "observation_time": "2026-04-28T01:00:00.000Z", "latitude": 26.483, "longitude": 38.117, "temp_c": 20.0, "dewpoint_c": -2.0, "wind_dir_degrees": 20.0, "wind_speed_kt": 2.0, "wind_gust_kt": 0.0, "visibility_statute_mi": 6.0, "altim_in_hg": 29.85, "sea_level_pressure_mb": 0.0, "quality_control_flags": null, "wx_string": "", "sky_condition": null, "flight_category": "VFR", "three_hr_pressure_tendency_mb": 0.0, "maxT_c": 0.0, "minT_c": 0.0, "maxT24hr_c": 0.0, "minT24hr_c": 0.0, "precip_in": 0.0, "pcp3hr_in": 0.0, "pcp6hr_in": 0.0, "pcp24hr_in": 0.0, "snow_in": 0.0, "vert_vis_ft": 0.0, "metar_type": "METAR", "elevation_m": 615.0, "municipality": "Al-Ula", "continent": "AS", "iso_country": "SA", "iso_region": "SA-03", "wikipedia_link": "https://en.wikipedia.org/wiki/Al-Ula_International_Airport" }, "geometry": { "type": "Point", "coordinates": [ 38.117, 26.483 ] } },
{ "type": "Feature", "properties": { "raw_text": "METAR OEDF 280100Z 03010KT 9999 SCT035 BKN090 29/15 Q1005 NOSIG", "station_id": "OEDF", "observation_time": "2026-04-28T01:00:00.000Z", "latitude": 26.45, "longitude": 49.817, "temp_c": 29.0, "dewpoint_c": 15.0, "wind_dir_degrees": 30.0, "wind_speed_kt": 10.0, "wind_gust_kt": 0.0, "visibility_statute_mi": 6.0, "altim_in_hg": 29.68, "sea_level_pressure_mb": 0.0, "quality_control_flags": null, "wx_string": "", "sky_condition": null, "flight_category": "VFR", "three_hr_pressure_tendency_mb": 0.0, "maxT_c": 0.0, "minT_c": 0.0, "maxT24hr_c": 0.0, "minT24hr_c": 0.0, "precip_in": 0.0, "pcp3hr_in": 0.0, "pcp6hr_in": 0.0, "pcp24hr_in": 0.0, "snow_in": 0.0, "vert_vis_ft": 0.0, "metar_type": "METAR", "elevation_m": 15.0, "municipality": "Ad Dammam", "continent": "AS", "iso_country": "SA", "iso_region": "SA-04", "wikipedia_link": "https://en.wikipedia.org/wiki/King_Fahd_International_Airport" }, "geometry": { "type": "Point", "coordinates": [ 49.817, 26.45 ] } },
{ "type": "Feature", "properties": { "raw_text": "METAR OEDR 280100Z 03010KT CAVOK 29/14 Q1004", "station_id": "OEDR", "observation_time": "2026-04-28T01:00:00.000Z", "latitude": 26.265, "longitude": 50.152, "temp_c": 29.0, "dewpoint_c": 14.0, "wind_dir_degrees": 30.0, "wind_speed_kt": 10.0, "wind_gust_kt": 0.0, "visibility_statute_mi": 6.0, "altim_in_hg": 29.65, "sea_level_pressure_mb": 0.0, "quality_control_flags": null, "wx_string": "", "sky_condition": null, "flight_category": "VFR", "three_hr_pressure_tendency_mb": 0.0, "maxT_c": 0.0, "minT_c": 0.0, "maxT24hr_c": 0.0, "minT24hr_c": 0.0, "precip_in": 0.0, "pcp3hr_in": 0.0, "pcp6hr_in": 0.0, "pcp24hr_in": 0.0, "snow_in": 0.0, "vert_vis_ft": 0.0, "metar_type": "METAR", "elevation_m": 17.0, "municipality": "Dhahran", "continent": "AS", "iso_country": "SA", "iso_region": "SA-04", "wikipedia_link": "https://en.wikipedia.org/wiki/King_Abdulaziz_Air_Base" }, "geometry": { "type": "Point", "coordinates": [ 50.152, 26.265 ] } },
{ "type": "Feature", "properties": { "raw_text": "METAR OEGS 280100Z 25007KT 5000 DU NSC 21/10 Q1007 NOSIG", "station_id": "OEGS", "observation_time": "2026-04-28T01:00:00.000Z", "latitude": 26.303, "longitude": 43.774, "temp_c": 21.0, "dewpoint_c": 10.0, "wind_dir_degrees": 250.0, "wind_speed_kt": 7.0, "wind_gust_kt": 0.0, "visibility_statute_mi": 3.11, "altim_in_hg": 29.73, "sea_level_pressure_mb": 0.0, "quality_control_flags": null, "wx_string": "DU", "sky_condition": null, "flight_category": "MVFR", "three_hr_pressure_tendency_mb": 0.0, "maxT_c": 0.0, "minT_c": 0.0, "maxT24hr_c": 0.0, "minT24hr_c": 0.0, "precip_in": 0.0, "pcp3hr_in": 0.0, "pcp6hr_in": 0.0, "pcp24hr_in": 0.0, "snow_in": 0.0, "vert_vis_ft": 0.0, "metar_type": "METAR", "elevation_m": 647.0, "municipality": "Qassim", "continent": "AS", "iso_country": "SA", "iso_region": "SA-05", "wikipedia_link": "https://en.wikipedia.org/wiki/Prince_Naif_bin_Abdulaziz_International_Airport" }, "geometry": { "type": "Point", "coordinates": [ 43.774, 26.303 ] } },
{ "type": "Feature", "properties": { "raw_text": "METAR OEHL 280100Z 28014KT CAVOK 20/M09 Q1010 TEMPO 0800 DS", "station_id": "OEHL", "observation_time": "2026-04-28T01:00:00.000Z", "latitude": 27.438, "longitude": 41.686, "temp_c": 20.0, "dewpoint_c": -9.0, "wind_dir_degrees": 280.0, "wind_speed_kt": 14.0, "wind_gust_kt": 0.0, "visibility_statute_mi": 6.0, "altim_in_hg": 29.82, "sea_level_pressure_mb": 0.0, "quality_control_flags": null, "wx_string": "", "sky_condition": null, "flight_category": "VFR", "three_hr_pressure_tendency_mb": 0.0, "maxT_c": 0.0, "minT_c": 0.0, "maxT24hr_c": 0.0, "minT24hr_c": 0.0, "precip_in": 0.0, "pcp3hr_in": 0.0, "pcp6hr_in": 0.0, "pcp24hr_in": 0.0, "snow_in": 0.0, "vert_vis_ft": 0.0, "metar_type": "METAR", "elevation_m": 1002.0, "municipality": "Hail", "continent": "AS", "iso_country": "SA", "iso_region": "SA-06", "wikipedia_link": "https://en.wikipedia.org/wiki/Hail_International_Airport" }, "geometry": { "type": "Point", "coordinates": [ 41.686, 27.438 ] } },
{ "type": "Feature", "properties": { "raw_text": "METAR OEJN 280100Z 33009KT 9999 FEW040 26/13 Q1007 NOSIG", "station_id": "OEJN", "observation_time": "2026-04-28T01:00:00.000Z", "latitude": 21.685, "longitude": 39.166, "temp_c": 26.0, "dewpoint_c": 13.0, "wind_dir_degrees": 330.0, "wind_speed_kt": 9.0, "wind_gust_kt": 0.0, "visibility_statute_mi": 6.0, "altim_in_hg": 29.73, "sea_level_pressure_mb": 0.0, "quality_control_flags": null, "wx_string": "", "sky_condition": null, "flight_category": "VFR", "three_hr_pressure_tendency_mb": 0.0, "maxT_c": 0.0, "minT_c": 0.0, "maxT24hr_c": 0.0, "minT24hr_c": 0.0, "precip_in": 0.0, "pcp3hr_in": 0.0, "pcp6hr_in": 0.0, "pcp24hr_in": 0.0, "snow_in": 0.0, "vert_vis_ft": 0.0, "metar_type": "METAR", "elevation_m": 8.0, "municipality": "Jeddah", "continent": "AS", "iso_country": "SA", "iso_region": "SA-02", "wikipedia_link": "https://en.wikipedia.org/wiki/King_Abdulaziz_International_Airport" }, "geometry": { "type": "Point", "coordinates": [ 39.166, 21.685 ] } },
{ "type": "Feature", "properties": { "raw_text": "METAR OEMA 280100Z 30007KT CAVOK 23/M10 Q1011 NOSIG", "station_id": "OEMA", "observation_time": "2026-04-28T01:00:00.000Z", "latitude": 24.553, "longitude": 39.705, "temp_c": 23.0, "dewpoint_c": -10.0, "wind_dir_degrees": 300.0, "wind_speed_kt": 7.0, "wind_gust_kt": 0.0, "visibility_statute_mi": 6.0, "altim_in_hg": 29.85, "sea_level_pressure_mb": 0.0, "quality_control_flags": null, "wx_string": "", "sky_condition": null, "flight_category": "VFR", "three_hr_pressure_tendency_mb": 0.0, "maxT_c": 0.0, "minT_c": 0.0, "maxT24hr_c": 0.0, "minT24hr_c": 0.0, "precip_in": 0.0, "pcp3hr_in": 0.0, "pcp6hr_in": 0.0, "pcp24hr_in": 0.0, "snow_in": 0.0, "vert_vis_ft": 0.0, "metar_type": "METAR", "elevation_m": 639.0, "municipality": "Medina", "continent": "AS", "iso_country": "SA", "iso_region": "SA-03", "wikipedia_link": "https://en.wikipedia.org/wiki/Prince_Mohammad_Bin_Abdulaziz_Airport" }, "geometry": { "type": "Point", "coordinates": [ 39.705, 24.553 ] } },
{ "type": "Feature", "properties": { "raw_text": "METAR OEPA 280100Z 15020KT CAVOK 22/18 Q1005 NOSIG", "station_id": "OEPA", "observation_time": "2026-04-28T01:00:00.000Z", "latitude": 28.335, "longitude": 46.125, "temp_c": 22.0, "dewpoint_c": 18.0, "wind_dir_degrees": 150.0, "wind_speed_kt": 20.0, "wind_gust_kt": 0.0, "visibility_statute_mi": 6.0, "altim_in_hg": 29.68, "sea_level_pressure_mb": 0.0, "quality_control_flags": null, "wx_string": "", "sky_condition": null, "flight_category": "VFR", "three_hr_pressure_tendency_mb": 0.0, "maxT_c": 0.0, "minT_c": 0.0, "maxT24hr_c": 0.0, "minT24hr_c": 0.0, "precip_in": 0.0, "pcp3hr_in": 0.0, "pcp6hr_in": 0.0, "pcp24hr_in": 0.0, "snow_in": 0.0, "vert_vis_ft": 0.0, "metar_type": "METAR", "elevation_m": 361.0, "municipality": "Qaisumah", "continent": "AS", "iso_country": "SA", "iso_region": "SA-04", "wikipedia_link": "https://en.wikipedia.org/wiki/Qaisumah%E2%80%93Hafar_Al-Batin_International_Airport" }, "geometry": { "type": "Point", "coordinates": [ 46.125, 28.335 ] } },
{ "type": "Feature", "properties": { "raw_text": "METAR OERK 280100Z 33002KT 8000 BKN040 26/09 Q1008 NOSIG", "station_id": "OERK", "observation_time": "2026-04-28T01:00:00.000Z", "latitude": 24.945, "longitude": 46.702, "temp_c": 26.0, "dewpoint_c": 9.0, "wind_dir_degrees": 330.0, "wind_speed_kt": 2.0, "wind_gust_kt": 0.0, "visibility_statute_mi": 4.97, "altim_in_hg": 29.76, "sea_level_pressure_mb": 0.0, "quality_control_flags": null, "wx_string": "", "sky_condition": null, "flight_category": "MVFR", "three_hr_pressure_tendency_mb": 0.0, "maxT_c": 0.0, "minT_c": 0.0, "maxT24hr_c": 0.0, "minT24hr_c": 0.0, "precip_in": 0.0, "pcp3hr_in": 0.0, "pcp6hr_in": 0.0, "pcp24hr_in": 0.0, "snow_in": 0.0, "vert_vis_ft": 0.0, "metar_type": "METAR", "elevation_m": 618.0, "municipality": "Riyadh", "continent": "AS", "iso_country": "SA", "iso_region": "SA-01", "wikipedia_link": "https://en.wikipedia.org/wiki/King_Khalid_International_Airport" }, "geometry": { "type": "Point", "coordinates": [ 46.702, 24.945 ] } },
{ "type": "Feature", "properties": { "raw_text": "METAR OESK 280100Z 01010KT CAVOK 17/10 Q1013 NOSIG", "station_id": "OESK", "observation_time": "2026-04-28T01:00:00.000Z", "latitude": 29.785, "longitude": 40.1, "temp_c": 17.0, "dewpoint_c": 10.0, "wind_dir_degrees": 10.0, "wind_speed_kt": 10.0, "wind_gust_kt": 0.0, "visibility_statute_mi": 6.0, "altim_in_hg": 29.91, "sea_level_pressure_mb": 0.0, "quality_control_flags": null, "wx_string": "", "sky_condition": null, "flight_category": "VFR", "three_hr_pressure_tendency_mb": 0.0, "maxT_c": 0.0, "minT_c": 0.0, "maxT24hr_c": 0.0, "minT24hr_c": 0.0, "precip_in": 0.0, "pcp3hr_in": 0.0, "pcp6hr_in": 0.0, "pcp24hr_in": 0.0, "snow_in": 0.0, "vert_vis_ft": 0.0, "metar_type": "METAR", "elevation_m": 671.0, "municipality": "Al-Jawf", "continent": "AS", "iso_country": "SA", "iso_region": "SA-12", "wikipedia_link": "https://en.wikipedia.org/wiki/Al-Jouf_International_Airport" }, "geometry": { "type": "Point", "coordinates": [ 40.1, 29.785 ] } },
{ "type": "Feature", "properties": { "raw_text": "METAR OETB 280100Z 33007KT CAVOK 16/06 Q1012 NOSIG", "station_id": "OETB", "observation_time": "2026-04-28T01:00:00.000Z", "latitude": 28.366, "longitude": 36.619, "temp_c": 16.0, "dewpoint_c": 6.0, "wind_dir_degrees": 330.0, "wind_speed_kt": 7.0, "wind_gust_kt": 0.0, "visibility_statute_mi": 6.0, "altim_in_hg": 29.88, "sea_level_pressure_mb": 0.0, "quality_control_flags": null, "wx_string": "", "sky_condition": null, "flight_category": "VFR", "three_hr_pressure_tendency_mb": 0.0, "maxT_c": 0.0, "minT_c": 0.0, "maxT24hr_c": 0.0, "minT24hr_c": 0.0, "precip_in": 0.0, "pcp3hr_in": 0.0, "pcp6hr_in": 0.0, "pcp24hr_in": 0.0, "snow_in": 0.0, "vert_vis_ft": 0.0, "metar_type": "METAR", "elevation_m": 770.0, "municipality": "Tabuk", "continent": "AS", "iso_country": "SA", "iso_region": "SA-07", "wikipedia_link": "https://en.wikipedia.org/wiki/Prince_Sultan_bin_Abdulaziz_Airport" }, "geometry": { "type": "Point", "coordinates": [ 36.619, 28.366 ] } },
{ "type": "Feature", "properties": { "raw_text": "METAR OETF 280100Z 22003KT CAVOK 17/09 Q1015 NOSIG", "station_id": "OETF", "observation_time": "2026-04-28T01:00:00.000Z", "latitude": 21.483, "longitude": 40.544, "temp_c": 17.0, "dewpoint_c": 9.0, "wind_dir_degrees": 220.0, "wind_speed_kt": 3.0, "wind_gust_kt": 0.0, "visibility_statute_mi": 6.0, "altim_in_hg": 29.97, "sea_level_pressure_mb": 0.0, "quality_control_flags": null, "wx_string": "", "sky_condition": null, "flight_category": "VFR", "three_hr_pressure_tendency_mb": 0.0, "maxT_c": 0.0, "minT_c": 0.0, "maxT24hr_c": 0.0, "minT24hr_c": 0.0, "precip_in": 0.0, "pcp3hr_in": 0.0, "pcp6hr_in": 0.0, "pcp24hr_in": 0.0, "snow_in": 0.0, "vert_vis_ft": 0.0, "metar_type": "METAR", "elevation_m": 1460.0, "municipality": "Taif", "continent": "AS", "iso_country": "SA", "iso_region": "SA-02", "wikipedia_link": "https://en.wikipedia.org/wiki/Ta%E2%80%99if_Regional_Airport" }, "geometry": { "type": "Point", "coordinates": [ 40.544, 21.483 ] } },
{ "type": "Feature", "properties": { "raw_text": "METAR OEYN 280100Z 32006KT CAVOK 22/02 Q1006 NOSIG", "station_id": "OEYN", "observation_time": "2026-04-28T01:00:00.000Z", "latitude": 24.144, "longitude": 38.063, "temp_c": 22.0, "dewpoint_c": 2.0, "wind_dir_degrees": 320.0, "wind_speed_kt": 6.0, "wind_gust_kt": 0.0, "visibility_statute_mi": 6.0, "altim_in_hg": 29.7, "sea_level_pressure_mb": 0.0, "quality_control_flags": null, "wx_string": "", "sky_condition": null, "flight_category": "VFR", "three_hr_pressure_tendency_mb": 0.0, "maxT_c": 0.0, "minT_c": 0.0, "maxT24hr_c": 0.0, "minT24hr_c": 0.0, "precip_in": 0.0, "pcp3hr_in": 0.0, "pcp6hr_in": 0.0, "pcp24hr_in": 0.0, "snow_in": 0.0, "vert_vis_ft": 0.0, "metar_type": "METAR", "elevation_m": 20.0, "municipality": "Yanbu", "continent": "AS", "iso_country": "SA", "iso_region": "SA-03", "wikipedia_link": "https://en.wikipedia.org/wiki/Prince_Abdulmohsen_Bin_Abdulaziz_International_Airport" }, "geometry": { "type": "Point", "coordinates": [ 38.063, 24.144 ] } },
{ "type": "Feature", "properties": { "raw_text": "METAR OIAW 280100Z 07004KT 350V130 CAVOK 21/16 Q1006", "station_id": "OIAW", "observation_time": "2026-04-28T01:00:00.000Z", "latitude": 31.343, "longitude": 48.751, "temp_c": 21.0, "dewpoint_c": 16.0, "wind_dir_degrees": 70.0, "wind_speed_kt": 4.0, "wind_gust_kt": 0.0, "visibility_statute_mi": 6.0, "altim_in_hg": 29.7, "sea_level_pressure_mb": 0.0, "quality_control_flags": null, "wx_string": "", "sky_condition": null, "flight_category": "VFR", "three_hr_pressure_tendency_mb": 0.0, "maxT_c": 0.0, "minT_c": 0.0, "maxT24hr_c": 0.0, "minT24hr_c": 0.0, "precip_in": 0.0, "pcp3hr_in": 0.0, "pcp6hr_in": 0.0, "pcp24hr_in": 0.0, "snow_in": 0.0, "vert_vis_ft": 0.0, "metar_type": "METAR", "elevation_m": 25.0, "municipality": "Ahvaz", "continent": "AS", "iso_country": "IR", "iso_region": "IR-06", "wikipedia_link": "https://en.wikipedia.org/wiki/Ahvaz_International_Airport" }, "geometry": { "type": "Point", "coordinates": [ 48.751, 31.343 ] } },
{ "type": "Feature", "properties": { "raw_text": "METAR OIIE 280100Z 28015KT CAVOK 15/06 Q1012", "station_id": "OIIE", "observation_time": "2026-04-28T01:00:00.000Z", "latitude": 35.416, "longitude": 51.152, "temp_c": 15.0, "dewpoint_c": 6.0, "wind_dir_degrees": 280.0, "wind_speed_kt": 15.0, "wind_gust_kt": 0.0, "visibility_statute_mi": 6.0, "altim_in_hg": 29.88, "sea_level_pressure_mb": 0.0, "quality_control_flags": null, "wx_string": "", "sky_condition": null, "flight_category": "VFR", "three_hr_pressure_tendency_mb": 0.0, "maxT_c": 0.0, "minT_c": 0.0, "maxT24hr_c": 0.0, "minT24hr_c": 0.0, "precip_in": 0.0, "pcp3hr_in": 0.0, "pcp6hr_in": 0.0, "pcp24hr_in": 0.0, "snow_in": 0.0, "vert_vis_ft": 0.0, "metar_type": "METAR", "elevation_m": 993.0, "municipality": "Tehran", "continent": "AS", "iso_country": "IR", "iso_region": "IR-23", "wikipedia_link": "https://en.wikipedia.org/wiki/Imam_Khomeini_International_Airport" }, "geometry": { "type": "Point", "coordinates": [ 51.152, 35.416 ] } },
{ "type": "Feature", "properties": { "raw_text": "METAR OIII 280100Z 35004KT CAVOK 16/02 Q1012 A2989 NOSIG", "station_id": "OIII", "observation_time": "2026-04-28T01:00:00.000Z", "latitude": 35.686, "longitude": 51.304, "temp_c": 16.0, "dewpoint_c": 2.0, "wind_dir_degrees": 350.0, "wind_speed_kt": 4.0, "wind_gust_kt": 0.0, "visibility_statute_mi": 6.0, "altim_in_hg": 29.88, "sea_level_pressure_mb": 0.0, "quality_control_flags": null, "wx_string": "", "sky_condition": null, "flight_category": "VFR", "three_hr_pressure_tendency_mb": 0.0, "maxT_c": 0.0, "minT_c": 0.0, "maxT24hr_c": 0.0, "minT24hr_c": 0.0, "precip_in": 0.0, "pcp3hr_in": 0.0, "pcp6hr_in": 0.0, "pcp24hr_in": 0.0, "snow_in": 0.0, "vert_vis_ft": 0.0, "metar_type": "METAR", "elevation_m": 1182.0, "municipality": "Tehran", "continent": "AS", "iso_country": "IR", "iso_region": "IR-23", "wikipedia_link": "https://en.wikipedia.org/wiki/Mehrabad_International_Airport" }, "geometry": { "type": "Point", "coordinates": [ 51.304, 35.686 ] } },
{ "type": "Feature", "properties": { "raw_text": "METAR OIMB 280100Z 10006KT CAVOK 11/03 Q1015 A3000", "station_id": "OIMB", "observation_time": "2026-04-28T01:00:00.000Z", "latitude": 32.894, "longitude": 59.29, "temp_c": 11.0, "dewpoint_c": 3.0, "wind_dir_degrees": 100.0, "wind_speed_kt": 6.0, "wind_gust_kt": 0.0, "visibility_statute_mi": 6.0, "altim_in_hg": 29.97, "sea_level_pressure_mb": 0.0, "quality_control_flags": null, "wx_string": "", "sky_condition": null, "flight_category": "VFR", "three_hr_pressure_tendency_mb": 0.0, "maxT_c": 0.0, "minT_c": 0.0, "maxT24hr_c": 0.0, "minT24hr_c": 0.0, "precip_in": 0.0, "pcp3hr_in": 0.0, "pcp6hr_in": 0.0, "pcp24hr_in": 0.0, "snow_in": 0.0, "vert_vis_ft": 0.0, "metar_type": "METAR", "elevation_m": 1512.0, "municipality": "Birjand", "continent": "AS", "iso_country": "IR", "iso_region": "IR-29", "wikipedia_link": "https://en.wikipedia.org/wiki/Birjand_Airport" }, "geometry": { "type": "Point", "coordinates": [ 59.29, 32.894 ] } },
{ "type": "Feature", "properties": { "raw_text": "METAR OIZH 280100Z 17006KT CAVOK 14/07 Q1015 A2997", "station_id": "OIZH", "observation_time": "2026-04-28T01:00:00.000Z", "latitude": 29.472, "longitude": 60.901, "temp_c": 14.0, "dewpoint_c": 7.0, "wind_dir_degrees": 170.0, "wind_speed_kt": 6.0, "wind_gust_kt": 0.0, "visibility_statute_mi": 6.0, "altim_in_hg": 29.97, "sea_level_pressure_mb": 0.0, "quality_control_flags": null, "wx_string": "", "sky_condition": null, "flight_category": "VFR", "three_hr_pressure_tendency_mb": 0.0, "maxT_c": 0.0, "minT_c": 0.0, "maxT24hr_c": 0.0, "minT24hr_c": 0.0, "precip_in": 0.0, "pcp3hr_in": 0.0, "pcp6hr_in": 0.0, "pcp24hr_in": 0.0, "snow_in": 0.0, "vert_vis_ft": 0.0, "metar_type": "METAR", "elevation_m": 1378.0, "municipality": "Zahedan", "continent": "AS", "iso_country": "IR", "iso_region": "IR-11", "wikipedia_link": "https://en.wikipedia.org/wiki/Zahedan_International_Airport" }, "geometry": { "type": "Point", "coordinates": [ 60.901, 29.472 ] } },
{ "type": "Feature", "properties": { "raw_text": "METAR OJAI 280100Z 18004KT 4000 BR NSC 11/10 Q1014 NOSIG", "station_id": "OJAI", "observation_time": "2026-04-28T01:00:00.000Z", "latitude": 31.723, "longitude": 35.993, "temp_c": 11.0, "dewpoint_c": 10.0, "wind_dir_degrees": 180.0, "wind_speed_kt": 4.0, "wind_gust_kt": 0.0, "visibility_statute_mi": 2.49, "altim_in_hg": 29.94, "sea_level_pressure_mb": 0.0, "quality_control_flags": null, "wx_string": "BR", "sky_condition": null, "flight_category": "IFR", "three_hr_pressure_tendency_mb": 0.0, "maxT_c": 0.0, "minT_c": 0.0, "maxT24hr_c": 0.0, "minT24hr_c": 0.0, "precip_in": 0.0, "pcp3hr_in": 0.0, "pcp6hr_in": 0.0, "pcp24hr_in": 0.0, "snow_in": 0.0, "vert_vis_ft": 0.0, "metar_type": "METAR", "elevation_m": 723.0, "municipality": "Amman", "continent": "AS", "iso_country": "JO", "iso_region": "JO-AM", "wikipedia_link": "https://en.wikipedia.org/wiki/Queen_Alia_International_Airport" }, "geometry": { "type": "Point", "coordinates": [ 35.993, 31.723 ] } },
{ "type": "Feature", "properties": { "raw_text": "METAR OJAM 280100Z 24005KT 6000 NSC 13/09 Q1013 NOSIG", "station_id": "OJAM", "observation_time": "2026-04-28T01:00:00.000Z", "latitude": 31.973, "longitude": 35.992, "temp_c": 13.0, "dewpoint_c": 9.0, "wind_dir_degrees": 240.0, "wind_speed_kt": 5.0, "wind_gust_kt": 0.0, "visibility_statute_mi": 3.73, "altim_in_hg": 29.91, "sea_level_pressure_mb": 0.0, "quality_control_flags": null, "wx_string": "", "sky_condition": null, "flight_category": "MVFR", "three_hr_pressure_tendency_mb": 0.0, "maxT_c": 0.0, "minT_c": 0.0, "maxT24hr_c": 0.0, "minT24hr_c": 0.0, "precip_in": 0.0, "pcp3hr_in": 0.0, "pcp6hr_in": 0.0, "pcp24hr_in": 0.0, "snow_in": 0.0, "vert_vis_ft": 0.0, "metar_type": "METAR", "elevation_m": 765.0, "municipality": "Amman", "continent": "AS", "iso_country": "JO", "iso_region": "JO-AM", "wikipedia_link": "https://en.wikipedia.org/wiki/Amman_Civil_Airport" }, "geometry": { "type": "Point", "coordinates": [ 35.992, 31.973 ] } },
{ "type": "Feature", "properties": { "raw_text": "METAR OJAQ 280100Z 36005KT 6000 FEW040 19/10 Q1013 NOSIG", "station_id": "OJAQ", "observation_time": "2026-04-28T01:00:00.000Z", "latitude": 29.612, "longitude": 35.018, "temp_c": 19.0, "dewpoint_c": 10.0, "wind_dir_degrees": 360.0, "wind_speed_kt": 5.0, "wind_gust_kt": 0.0, "visibility_statute_mi": 3.73, "altim_in_hg": 29.91, "sea_level_pressure_mb": 0.0, "quality_control_flags": null, "wx_string": "", "sky_condition": null, "flight_category": "MVFR", "three_hr_pressure_tendency_mb": 0.0, "maxT_c": 0.0, "minT_c": 0.0, "maxT24hr_c": 0.0, "minT24hr_c": 0.0, "precip_in": 0.0, "pcp3hr_in": 0.0, "pcp6hr_in": 0.0, "pcp24hr_in": 0.0, "snow_in": 0.0, "vert_vis_ft": 0.0, "metar_type": "METAR", "elevation_m": 45.0, "municipality": "Aqaba", "continent": "AS", "iso_country": "JO", "iso_region": "JO-AQ", "wikipedia_link": "https://en.wikipedia.org/wiki/Aqaba_Airport" }, "geometry": { "type": "Point", "coordinates": [ 35.018, 29.612 ] } },
{ "type": "Feature", "properties": { "raw_text": "METAR OKKK 280100Z 11003KT 9999 -TSRA FEW030CB SCT080 24/17 Q1005 RET SRA NOSIG", "station_id": "OKKK", "observation_time": "2026-04-28T01:00:00.000Z", "latitude": 29.227, "longitude": 47.969, "temp_c": 24.0, "dewpoint_c": 17.0, "wind_dir_degrees": 110.0, "wind_speed_kt": 3.0, "wind_gust_kt": 0.0, "visibility_statute_mi": 6.0, "altim_in_hg": 29.68, "sea_level_pressure_mb": 0.0, "quality_control_flags": null, "wx_string": "-TSRA RA", "sky_condition": null, "flight_category": "VFR", "three_hr_pressure_tendency_mb": 0.0, "maxT_c": 0.0, "minT_c": 0.0, "maxT24hr_c": 0.0, "minT24hr_c": 0.0, "precip_in": 0.0, "pcp3hr_in": 0.0, "pcp6hr_in": 0.0, "pcp24hr_in": 0.0, "snow_in": 0.0, "vert_vis_ft": 0.0, "metar_type": "METAR", "elevation_m": 55.0, "municipality": "Kuwait City", "continent": "AS", "iso_country": "KW", "iso_region": "KW-FA", "wikipedia_link": "https://en.wikipedia.org/wiki/Kuwait_International_Airport" }, "geometry": { "type": "Point", "coordinates": [ 47.969, 29.227 ] } },
{ "type": "Feature", "properties": { "raw_text": "METAR OMAA 280130Z 10003KT CAVOK 27/19 Q1005 NOSIG", "station_id": "OMAA", "observation_time": "2026-04-28T01:30:00.000Z", "latitude": 24.433, "longitude": 54.651, "temp_c": 27.0, "dewpoint_c": 19.0, "wind_dir_degrees": 100.0, "wind_speed_kt": 3.0, "wind_gust_kt": 0.0, "visibility_statute_mi": 6.0, "altim_in_hg": 29.68, "sea_level_pressure_mb": 0.0, "quality_control_flags": null, "wx_string": "", "sky_condition": null, "flight_category": "VFR", "three_hr_pressure_tendency_mb": 0.0, "maxT_c": 0.0, "minT_c": 0.0, "maxT24hr_c": 0.0, "minT24hr_c": 0.0, "precip_in": 0.0, "pcp3hr_in": 0.0, "pcp6hr_in": 0.0, "pcp24hr_in": 0.0, "snow_in": 0.0, "vert_vis_ft": 0.0, "metar_type": "METAR", "elevation_m": 13.0, "municipality": "Abu Dhabi", "continent": "AS", "iso_country": "AE", "iso_region": "AE-AZ", "wikipedia_link": "https://en.wikipedia.org/wiki/Abu_Dhabi_International_Airport" }, "geometry": { "type": "Point", "coordinates": [ 54.651, 24.433 ] } },
{ "type": "Feature", "properties": { "raw_text": "METAR OMAD 280130Z 11003KT CAVOK 27/21 Q1006 NOSIG", "station_id": "OMAD", "observation_time": "2026-04-28T01:30:00.000Z", "latitude": 24.428, "longitude": 54.458, "temp_c": 27.0, "dewpoint_c": 21.0, "wind_dir_degrees": 110.0, "wind_speed_kt": 3.0, "wind_gust_kt": 0.0, "visibility_statute_mi": 6.0, "altim_in_hg": 29.7, "sea_level_pressure_mb": 0.0, "quality_control_flags": null, "wx_string": "", "sky_condition": null, "flight_category": "VFR", "three_hr_pressure_tendency_mb": 0.0, "maxT_c": 0.0, "minT_c": 0.0, "maxT24hr_c": 0.0, "minT24hr_c": 0.0, "precip_in": 0.0, "pcp3hr_in": 0.0, "pcp6hr_in": 0.0, "pcp24hr_in": 0.0, "snow_in": 0.0, "vert_vis_ft": 0.0, "metar_type": "METAR", "elevation_m": 9.0, "municipality": "Abu Dhabi", "continent": "AS", "iso_country": "AE", "iso_region": "AE-AZ", "wikipedia_link": "https://en.wikipedia.org/wiki/Al_Bateen_Executive_Airport" }, "geometry": { "type": "Point", "coordinates": [ 54.458, 24.428 ] } },
{ "type": "Feature", "properties": { "raw_text": "METAR OMAL 280130Z 03004KT CAVOK 26/11 Q1008 NOSIG", "station_id": "OMAL", "observation_time": "2026-04-28T01:30:00.000Z", "latitude": 24.262, "longitude": 55.609, "temp_c": 26.0, "dewpoint_c": 11.0, "wind_dir_degrees": 30.0, "wind_speed_kt": 4.0, "wind_gust_kt": 0.0, "visibility_statute_mi": 6.0, "altim_in_hg": 29.76, "sea_level_pressure_mb": 0.0, "quality_control_flags": null, "wx_string": "", "sky_condition": null, "flight_category": "VFR", "three_hr_pressure_tendency_mb": 0.0, "maxT_c": 0.0, "minT_c": 0.0, "maxT24hr_c": 0.0, "minT24hr_c": 0.0, "precip_in": 0.0, "pcp3hr_in": 0.0, "pcp6hr_in": 0.0, "pcp24hr_in": 0.0, "snow_in": 0.0, "vert_vis_ft": 0.0, "metar_type": "METAR", "elevation_m": 247.0, "municipality": "Al Ain", "continent": "AS", "iso_country": "AE", "iso_region": "AE-AZ", "wikipedia_link": "https://en.wikipedia.org/wiki/Al_Ain_International_Airport" }, "geometry": { "type": "Point", "coordinates": [ 55.609, 24.262 ] } },
{ "type": "Feature", "properties": { "raw_text": "METAR OMDB 280130Z 20007KT CAVOK 28/18 Q1005 NOSIG", "station_id": "OMDB", "observation_time": "2026-04-28T01:30:00.000Z", "latitude": 25.254, "longitude": 55.366, "temp_c": 28.0, "dewpoint_c": 18.0, "wind_dir_degrees": 200.0, "wind_speed_kt": 7.0, "wind_gust_kt": 0.0, "visibility_statute_mi": 6.0, "altim_in_hg": 29.68, "sea_level_pressure_mb": 0.0, "quality_control_flags": null, "wx_string": "", "sky_condition": null, "flight_category": "VFR", "three_hr_pressure_tendency_mb": 0.0, "maxT_c": 0.0, "minT_c": 0.0, "maxT24hr_c": 0.0, "minT24hr_c": 0.0, "precip_in": 0.0, "pcp3hr_in": 0.0, "pcp6hr_in": 0.0, "pcp24hr_in": 0.0, "snow_in": 0.0, "vert_vis_ft": 0.0, "metar_type": "METAR", "elevation_m": 5.0, "municipality": "Dubai", "continent": "AS", "iso_country": "AE", "iso_region": "AE-DU", "wikipedia_link": "https://en.wikipedia.org/wiki/Dubai_International_Airport" }, "geometry": { "type": "Point", "coordinates": [ 55.366, 25.254 ] } },
{ "type": "Feature", "properties": { "raw_text": "METAR OMDW 280130Z 16006KT CAVOK 26/17 Q1007 NOSIG", "station_id": "OMDW", "observation_time": "2026-04-28T01:30:00.000Z", "latitude": 24.897, "longitude": 55.161, "temp_c": 26.0, "dewpoint_c": 17.0, "wind_dir_degrees": 160.0, "wind_speed_kt": 6.0, "wind_gust_kt": 0.0, "visibility_statute_mi": 6.0, "altim_in_hg": 29.73, "sea_level_pressure_mb": 0.0, "quality_control_flags": null, "wx_string": "", "sky_condition": null, "flight_category": "VFR", "three_hr_pressure_tendency_mb": 0.0, "maxT_c": 0.0, "minT_c": 0.0, "maxT24hr_c": 0.0, "minT24hr_c": 0.0, "precip_in": 0.0, "pcp3hr_in": 0.0, "pcp6hr_in": 0.0, "pcp24hr_in": 0.0, "snow_in": 0.0, "vert_vis_ft": 0.0, "metar_type": "METAR", "elevation_m": 34.0, "municipality": "Dubai(Jebel Ali)", "continent": "AS", "iso_country": "AE", "iso_region": "AE-DU", "wikipedia_link": "https://en.wikipedia.org/wiki/Al_Maktoum_International_Airport" }, "geometry": { "type": "Point", "coordinates": [ 55.161, 24.897 ] } },
{ "type": "Feature", "properties": { "raw_text": "METAR OMFJ 280130Z 28011KT CAVOK 33/12 Q1004 A2966", "station_id": "OMFJ", "observation_time": "2026-04-28T01:30:00.000Z", "latitude": 25.112, "longitude": 56.324, "temp_c": 33.0, "dewpoint_c": 12.0, "wind_dir_degrees": 280.0, "wind_speed_kt": 11.0, "wind_gust_kt": 0.0, "visibility_statute_mi": 6.0, "altim_in_hg": 29.65, "sea_level_pressure_mb": 0.0, "quality_control_flags": null, "wx_string": "", "sky_condition": null, "flight_category": "VFR", "three_hr_pressure_tendency_mb": 0.0, "maxT_c": 0.0, "minT_c": 0.0, "maxT24hr_c": 0.0, "minT24hr_c": 0.0, "precip_in": 0.0, "pcp3hr_in": 0.0, "pcp6hr_in": 0.0, "pcp24hr_in": 0.0, "snow_in": 0.0, "vert_vis_ft": 0.0, "metar_type": "METAR", "elevation_m": 27.0, "municipality": "Fujairah", "continent": "AS", "iso_country": "AE", "iso_region": "AE-FU", "wikipedia_link": "https://en.wikipedia.org/wiki/Fujairah_International_Airport" }, "geometry": { "type": "Point", "coordinates": [ 56.324, 25.112 ] } },
{ "type": "Feature", "properties": { "raw_text": "METAR OMRK 280130Z 20005KT 180V240 CAVOK 25/14 Q1006 A2971", "station_id": "OMRK", "observation_time": "2026-04-28T01:30:00.000Z", "latitude": 25.613, "longitude": 55.939, "temp_c": 25.0, "dewpoint_c": 14.0, "wind_dir_degrees": 200.0, "wind_speed_kt": 5.0, "wind_gust_kt": 0.0, "visibility_statute_mi": 6.0, "altim_in_hg": 29.7, "sea_level_pressure_mb": 0.0, "quality_control_flags": null, "wx_string": "", "sky_condition": null, "flight_category": "VFR", "three_hr_pressure_tendency_mb": 0.0, "maxT_c": 0.0, "minT_c": 0.0, "maxT24hr_c": 0.0, "minT24hr_c": 0.0, "precip_in": 0.0, "pcp3hr_in": 0.0, "pcp6hr_in": 0.0, "pcp24hr_in": 0.0, "snow_in": 0.0, "vert_vis_ft": 0.0, "metar_type": "METAR", "elevation_m": 18.0, "municipality": "Ras Al Khaimah", "continent": "AS", "iso_country": "AE", "iso_region": "AE-RK", "wikipedia_link": "https://en.wikipedia.org/wiki/Ras_Al_Khaimah_International_Airport" }, "geometry": { "type": "Point", "coordinates": [ 55.939, 25.613 ] } },
{ "type": "Feature", "properties": { "raw_text": "METAR OMSJ 280130Z 18007KT CAVOK 28/16 Q1006 NOSIG", "station_id": "OMSJ", "observation_time": "2026-04-28T01:30:00.000Z", "latitude": 25.329, "longitude": 55.517, "temp_c": 28.0, "dewpoint_c": 16.0, "wind_dir_degrees": 180.0, "wind_speed_kt": 7.0, "wind_gust_kt": 0.0, "visibility_statute_mi": 6.0, "altim_in_hg": 29.7, "sea_level_pressure_mb": 0.0, "quality_control_flags": null, "wx_string": "", "sky_condition": null, "flight_category": "VFR", "three_hr_pressure_tendency_mb": 0.0, "maxT_c": 0.0, "minT_c": 0.0, "maxT24hr_c": 0.0, "minT24hr_c": 0.0, "precip_in": 0.0, "pcp3hr_in": 0.0, "pcp6hr_in": 0.0, "pcp24hr_in": 0.0, "snow_in": 0.0, "vert_vis_ft": 0.0, "metar_type": "METAR", "elevation_m": 33.0, "municipality": "Sharjah", "continent": "AS", "iso_country": "AE", "iso_region": "AE-SH", "wikipedia_link": "https://en.wikipedia.org/wiki/Sharjah_International_Airport" }, "geometry": { "type": "Point", "coordinates": [ 55.517, 25.329 ] } },
{ "type": "Feature", "properties": { "raw_text": "METAR OOMS 280050Z VRB01KT CAVOK 30/11 Q1004 WS R08L NOSIG", "station_id": "OOMS", "observation_time": "2026-04-28T00:50:00.000Z", "latitude": 23.595, "longitude": 58.298, "temp_c": 30.0, "dewpoint_c": 11.0, "wind_dir_degrees": 0.0, "wind_speed_kt": 1.0, "wind_gust_kt": 0.0, "visibility_statute_mi": 6.0, "altim_in_hg": 29.65, "sea_level_pressure_mb": 0.0, "quality_control_flags": null, "wx_string": "", "sky_condition": null, "flight_category": "VFR", "three_hr_pressure_tendency_mb": 0.0, "maxT_c": 0.0, "minT_c": 0.0, "maxT24hr_c": 0.0, "minT24hr_c": 0.0, "precip_in": 0.0, "pcp3hr_in": 0.0, "pcp6hr_in": 0.0, "pcp24hr_in": 0.0, "snow_in": 0.0, "vert_vis_ft": 0.0, "metar_type": "METAR", "elevation_m": 8.0, "municipality": "Muscat/Seeb", "continent": "AS", "iso_country": "OM", "iso_region": "OM-MA", "wikipedia_link": "https://en.wikipedia.org/wiki/Seeb_International_Airport" }, "geometry": { "type": "Point", "coordinates": [ 58.298, 23.595 ] } },
{ "type": "Feature", "properties": { "raw_text": "METAR OOSA 280050Z 36002KT CAVOK 27/17 Q1007 NOSIG", "station_id": "OOSA", "observation_time": "2026-04-28T00:50:00.000Z", "latitude": 17.044, "longitude": 54.102, "temp_c": 27.0, "dewpoint_c": 17.0, "wind_dir_degrees": 360.0, "wind_speed_kt": 2.0, "wind_gust_kt": 0.0, "visibility_statute_mi": 6.0, "altim_in_hg": 29.73, "sea_level_pressure_mb": 0.0, "quality_control_flags": null, "wx_string": "", "sky_condition": null, "flight_category": "VFR", "three_hr_pressure_tendency_mb": 0.0, "maxT_c": 0.0, "minT_c": 0.0, "maxT24hr_c": 0.0, "minT24hr_c": 0.0, "precip_in": 0.0, "pcp3hr_in": 0.0, "pcp6hr_in": 0.0, "pcp24hr_in": 0.0, "snow_in": 0.0, "vert_vis_ft": 0.0, "metar_type": "METAR", "elevation_m": 20.0, "municipality": "Salalah", "continent": "AS", "iso_country": "OM", "iso_region": "OM-ZU", "wikipedia_link": "https://en.wikipedia.org/wiki/Salalah_Airport" }, "geometry": { "type": "Point", "coordinates": [ 54.102, 17.044 ] } },
{ "type": "Feature", "properties": { "raw_text": "METAR OOSH 280050Z AUTO 31005KT CAVOK ////// 32/08 Q1003 RMK QFE1000 RH022? PR000.0", "station_id": "OOSH", "observation_time": "2026-04-28T00:50:00.000Z", "latitude": 24.388, "longitude": 56.624, "temp_c": 32.0, "dewpoint_c": 8.0, "wind_dir_degrees": 310.0, "wind_speed_kt": 5.0, "wind_gust_kt": 0.0, "visibility_statute_mi": 6.0, "altim_in_hg": 29.62, "sea_level_pressure_mb": 0.0, "quality_control_flags": null, "wx_string": "", "sky_condition": null, "flight_category": "VFR", "three_hr_pressure_tendency_mb": 0.0, "maxT_c": 0.0, "minT_c": 0.0, "maxT24hr_c": 0.0, "minT24hr_c": 0.0, "precip_in": 0.0, "pcp3hr_in": 0.0, "pcp6hr_in": 0.0, "pcp24hr_in": 0.0, "snow_in": 0.0, "vert_vis_ft": 0.0, "metar_type": "METAR", "elevation_m": 35.0, "municipality": "Suhar", "continent": "AS", "iso_country": "OM", "iso_region": "OM-BA", "wikipedia_link": "https://en.wikipedia.org/wiki/Sohar_Airport" }, "geometry": { "type": "Point", "coordinates": [ 56.624, 24.388 ] } },
{ "type": "Feature", "properties": { "raw_text": "METAR OPFA 280130Z 00000KT 4000 FU SCT040 BKN100 27/18 Q1003 TEMPO 31015G30KT 1500 TSRA FEW030CB", "station_id": "OPFA", "observation_time": "2026-04-28T01:30:00.000Z", "latitude": 31.365, "longitude": 72.995, "temp_c": 27.0, "dewpoint_c": 18.0, "wind_dir_degrees": 0.0, "wind_speed_kt": 0.0, "wind_gust_kt": 0.0, "visibility_statute_mi": 2.49, "altim_in_hg": 29.62, "sea_level_pressure_mb": 0.0, "quality_control_flags": null, "wx_string": "FU", "sky_condition": null, "flight_category": "IFR", "three_hr_pressure_tendency_mb": 0.0, "maxT_c": 0.0, "minT_c": 0.0, "maxT24hr_c": 0.0, "minT24hr_c": 0.0, "precip_in": 0.0, "pcp3hr_in": 0.0, "pcp6hr_in": 0.0, "pcp24hr_in": 0.0, "snow_in": 0.0, "vert_vis_ft": 0.0, "metar_type": "METAR", "elevation_m": 180.0, "municipality": "Faisalabad", "continent": "AS", "iso_country": "PK", "iso_region": "PK-PB", "wikipedia_link": "https://en.wikipedia.org/wiki/Faisalabad_International_Airport" }, "geometry": { "type": "Point", "coordinates": [ 72.995, 31.365 ] } },
{ "type": "Feature", "properties": { "raw_text": "METAR OPIS 280130Z 13010KT 6000 SCT040 BKN100 24/12 Q1004 NOSIG", "station_id": "OPIS", "observation_time": "2026-04-28T01:30:00.000Z", "latitude": 33.551, "longitude": 72.827, "temp_c": 24.0, "dewpoint_c": 12.0, "wind_dir_degrees": 130.0, "wind_speed_kt": 10.0, "wind_gust_kt": 0.0, "visibility_statute_mi": 3.73, "altim_in_hg": 29.65, "sea_level_pressure_mb": 0.0, "quality_control_flags": null, "wx_string": "", "sky_condition": null, "flight_category": "MVFR", "three_hr_pressure_tendency_mb": 0.0, "maxT_c": 0.0, "minT_c": 0.0, "maxT24hr_c": 0.0, "minT24hr_c": 0.0, "precip_in": 0.0, "pcp3hr_in": 0.0, "pcp6hr_in": 0.0, "pcp24hr_in": 0.0, "snow_in": 0.0, "vert_vis_ft": 0.0, "metar_type": "METAR", "elevation_m": 542.0, "municipality": "Attock", "continent": "AS", "iso_country": "PK", "iso_region": "PK-PB", "wikipedia_link": "https://en.wikipedia.org/wiki/Islamabad_International_Airport" }, "geometry": { "type": "Point", "coordinates": [ 72.827, 33.551 ] } },
{ "type": "Feature", "properties": { "raw_text": "METAR OPKC 280130Z 24007KT 4000 FU NSC 27/23 Q1002 NOSIG", "station_id": "OPKC", "observation_time": "2026-04-28T01:30:00.000Z", "latitude": 24.902, "longitude": 67.139, "temp_c": 27.0, "dewpoint_c": 23.0, "wind_dir_degrees": 240.0, "wind_speed_kt": 7.0, "wind_gust_kt": 0.0, "visibility_statute_mi": 2.49, "altim_in_hg": 29.59, "sea_level_pressure_mb": 0.0, "quality_control_flags": null, "wx_string": "FU", "sky_condition": null, "flight_category": "IFR", "three_hr_pressure_tendency_mb": 0.0, "maxT_c": 0.0, "minT_c": 0.0, "maxT24hr_c": 0.0, "minT24hr_c": 0.0, "precip_in": 0.0, "pcp3hr_in": 0.0, "pcp6hr_in": 0.0, "pcp24hr_in": 0.0, "snow_in": 0.0, "vert_vis_ft": 0.0, "metar_type": "METAR", "elevation_m": 20.0, "municipality": "Karachi", "continent": "AS", "iso_country": "PK", "iso_region": "PK-SD", "wikipedia_link": "https://en.wikipedia.org/wiki/Jinnah_International_Airport" }, "geometry": { "type": "Point", "coordinates": [ 67.139, 24.902 ] } },
{ "type": "Feature", "properties": { "raw_text": "METAR OPLA 280130Z 16010KT 4000 -TSRA FEW030CB SCT040 OVC100 27/17 Q1002 TEMPO 23020G35KT 1000 TSRA FEW030CB RMK QFE977 A29.6 1", "station_id": "OPLA", "observation_time": "2026-04-28T01:30:00.000Z", "latitude": 31.522, "longitude": 74.404, "temp_c": 27.0, "dewpoint_c": 17.0, "wind_dir_degrees": 160.0, "wind_speed_kt": 10.0, "wind_gust_kt": 0.0, "visibility_statute_mi": 2.49, "altim_in_hg": 29.59, "sea_level_pressure_mb": 0.0, "quality_control_flags": null, "wx_string": "-TSRA", "sky_condition": null, "flight_category": "IFR", "three_hr_pressure_tendency_mb": 0.0, "maxT_c": 0.0, "minT_c": 0.0, "maxT24hr_c": 0.0, "minT24hr_c": 0.0, "precip_in": 0.0, "pcp3hr_in": 0.0, "pcp6hr_in": 0.0, "pcp24hr_in": 0.0, "snow_in": 0.0, "vert_vis_ft": 0.0, "metar_type": "METAR", "elevation_m": 217.0, "municipality": "Lahore", "continent": "AS", "iso_country": "PK", "iso_region": "PK-PB", "wikipedia_link": "https://en.wikipedia.org/wiki/Allama_Iqbal_International_Airport" }, "geometry": { "type": "Point", "coordinates": [ 74.404, 31.522 ] } },
{ "type": "Feature", "properties": { "raw_text": "METAR OPMT 280130Z 31008KT 4000 FU SCT040 BKN100 25/17 Q1001 NOSIG", "station_id": "OPMT", "observation_time": "2026-04-28T01:30:00.000Z", "latitude": 30.203, "longitude": 71.419, "temp_c": 25.0, "dewpoint_c": 17.0, "wind_dir_degrees": 310.0, "wind_speed_kt": 8.0, "wind_gust_kt": 0.0, "visibility_statute_mi": 2.49, "altim_in_hg": 29.56, "sea_level_pressure_mb": 0.0, "quality_control_flags": null, "wx_string": "FU", "sky_condition": null, "flight_category": "IFR", "three_hr_pressure_tendency_mb": 0.0, "maxT_c": 0.0, "minT_c": 0.0, "maxT24hr_c": 0.0, "minT24hr_c": 0.0, "precip_in": 0.0, "pcp3hr_in": 0.0, "pcp6hr_in": 0.0, "pcp24hr_in": 0.0, "snow_in": 0.0, "vert_vis_ft": 0.0, "metar_type": "METAR", "elevation_m": 122.0, "municipality": "Multan", "continent": "AS", "iso_country": "PK", "iso_region": "PK-PB", "wikipedia_link": "https://en.wikipedia.org/wiki/Multan_International_Airport" }, "geometry": { "type": "Point", "coordinates": [ 71.419, 30.203 ] } },
{ "type": "Feature", "properties": { "raw_text": "METAR OPPS 280130Z 31006KT 6000 FEW030TCU SCT040 BKN100 25/14 Q1003", "station_id": "OPPS", "observation_time": "2026-04-28T01:30:00.000Z", "latitude": 33.996, "longitude": 71.515, "temp_c": 25.0, "dewpoint_c": 14.0, "wind_dir_degrees": 310.0, "wind_speed_kt": 6.0, "wind_gust_kt": 0.0, "visibility_statute_mi": 3.73, "altim_in_hg": 29.62, "sea_level_pressure_mb": 0.0, "quality_control_flags": null, "wx_string": "", "sky_condition": null, "flight_category": "MVFR", "three_hr_pressure_tendency_mb": 0.0, "maxT_c": 0.0, "minT_c": 0.0, "maxT24hr_c": 0.0, "minT24hr_c": 0.0, "precip_in": 0.0, "pcp3hr_in": 0.0, "pcp6hr_in": 0.0, "pcp24hr_in": 0.0, "snow_in": 0.0, "vert_vis_ft": 0.0, "metar_type": "METAR", "elevation_m": 356.0, "municipality": "Peshawar", "continent": "AS", "iso_country": "PK", "iso_region": "PK-KP", "wikipedia_link": "https://en.wikipedia.org/wiki/Peshawar_International_Airport" }, "geometry": { "type": "Point", "coordinates": [ 71.515, 33.996 ] } },
{ "type": "Feature", "properties": { "raw_text": "METAR OPST 280130Z 05010KT 4000 FU SCT040 SCT100 26/18 Q1003 TEMPO 31010G25KT 3000 TSRA FEW030CB RH62", "station_id": "OPST", "observation_time": "2026-04-28T01:30:00.000Z", "latitude": 32.536, "longitude": 74.364, "temp_c": 26.0, "dewpoint_c": 18.0, "wind_dir_degrees": 50.0, "wind_speed_kt": 10.0, "wind_gust_kt": 0.0, "visibility_statute_mi": 2.49, "altim_in_hg": 29.62, "sea_level_pressure_mb": 0.0, "quality_control_flags": null, "wx_string": "FU", "sky_condition": null, "flight_category": "IFR", "three_hr_pressure_tendency_mb": 0.0, "maxT_c": 0.0, "minT_c": 0.0, "maxT24hr_c": 0.0, "minT24hr_c": 0.0, "precip_in": 0.0, "pcp3hr_in": 0.0, "pcp6hr_in": 0.0, "pcp24hr_in": 0.0, "snow_in": 0.0, "vert_vis_ft": 0.0, "metar_type": "METAR", "elevation_m": 234.0, "municipality": "Sialkot", "continent": "AS", "iso_country": "PK", "iso_region": "PK-PB", "wikipedia_link": "https://en.wikipedia.org/wiki/Sialkot_International_Airport" }, "geometry": { "type": "Point", "coordinates": [ 74.364, 32.536 ] } },
{ "type": "Feature", "properties": { "raw_text": "METAR ORBI 280100Z 09004KT CAVOK 20/14 Q1008", "station_id": "ORBI", "observation_time": "2026-04-28T01:00:00.000Z", "latitude": 33.263, "longitude": 44.235, "temp_c": 20.0, "dewpoint_c": 14.0, "wind_dir_degrees": 90.0, "wind_speed_kt": 4.0, "wind_gust_kt": 0.0, "visibility_statute_mi": 6.0, "altim_in_hg": 29.76, "sea_level_pressure_mb": 0.0, "quality_control_flags": null, "wx_string": "", "sky_condition": null, "flight_category": "VFR", "three_hr_pressure_tendency_mb": 0.0, "maxT_c": 0.0, "minT_c": 0.0, "maxT24hr_c": 0.0, "minT24hr_c": 0.0, "precip_in": 0.0, "pcp3hr_in": 0.0, "pcp6hr_in": 0.0, "pcp24hr_in": 0.0, "snow_in": 0.0, "vert_vis_ft": 0.0, "metar_type": "METAR", "elevation_m": 37.0, "municipality": "Baghdad", "continent": "AS", "iso_country": "IQ", "iso_region": "IQ-BG", "wikipedia_link": "https://en.wikipedia.org/wiki/Baghdad_International_Airport" }, "geometry": { "type": "Point", "coordinates": [ 44.235, 33.263 ] } },
{ "type": "Feature", "properties": { "raw_text": "METAR ORER 280100Z VRB01KT 9000 FEW035 BKN090 17/16 Q1009", "station_id": "ORER", "observation_time": "2026-04-28T01:00:00.000Z", "latitude": 36.232, "longitude": 43.951, "temp_c": 17.0, "dewpoint_c": 16.0, "wind_dir_degrees": 0.0, "wind_speed_kt": 1.0, "wind_gust_kt": 0.0, "visibility_statute_mi": 5.59, "altim_in_hg": 29.79, "sea_level_pressure_mb": 0.0, "quality_control_flags": null, "wx_string": "", "sky_condition": null, "flight_category": "VFR", "three_hr_pressure_tendency_mb": 0.0, "maxT_c": 0.0, "minT_c": 0.0, "maxT24hr_c": 0.0, "minT24hr_c": 0.0, "precip_in": 0.0, "pcp3hr_in": 0.0, "pcp6hr_in": 0.0, "pcp24hr_in": 0.0, "snow_in": 0.0, "vert_vis_ft": 0.0, "metar_type": "METAR", "elevation_m": 399.0, "municipality": "Arbil", "continent": "AS", "iso_country": "IQ", "iso_region": "IQ-AR", "wikipedia_link": "https://en.wikipedia.org/wiki/Erbil_International_Airport" }, "geometry": { "type": "Point", "coordinates": [ 43.951, 36.232 ] } },
{ "type": "Feature", "properties": { "raw_text": "METAR OTBD 280130Z 02004KT 320V050 CAVOK 29/16 Q1005 NOSIG", "station_id": "OTBD", "observation_time": "2026-04-28T01:30:00.000Z", "latitude": 25.261, "longitude": 51.565, "temp_c": 29.0, "dewpoint_c": 16.0, "wind_dir_degrees": 20.0, "wind_speed_kt": 4.0, "wind_gust_kt": 0.0, "visibility_statute_mi": 6.0, "altim_in_hg": 29.68, "sea_level_pressure_mb": 0.0, "quality_control_flags": null, "wx_string": "", "sky_condition": null, "flight_category": "VFR", "three_hr_pressure_tendency_mb": 0.0, "maxT_c": 0.0, "minT_c": 0.0, "maxT24hr_c": 0.0, "minT24hr_c": 0.0, "precip_in": 0.0, "pcp3hr_in": 0.0, "pcp6hr_in": 0.0, "pcp24hr_in": 0.0, "snow_in": 0.0, "vert_vis_ft": 0.0, "metar_type": "METAR", "elevation_m": 13.0, "municipality": "Doha", "continent": "AS", "iso_country": "QA", "iso_region": "QA-DA", "wikipedia_link": "https://en.wikipedia.org/wiki/Doha_International_Airport" }, "geometry": { "type": "Point", "coordinates": [ 51.565, 25.261 ] } },
{ "type": "Feature", "properties": { "raw_text": "METAR OTHH 280100Z 03011KT 9999 FEW045 29/17 Q1005 NOSIG", "station_id": "OTHH", "observation_time": "2026-04-28T01:00:00.000Z", "latitude": 25.273, "longitude": 51.609, "temp_c": 29.0, "dewpoint_c": 17.0, "wind_dir_degrees": 30.0, "wind_speed_kt": 11.0, "wind_gust_kt": 0.0, "visibility_statute_mi": 6.0, "altim_in_hg": 29.68, "sea_level_pressure_mb": 0.0, "quality_control_flags": null, "wx_string": "", "sky_condition": null, "flight_category": "VFR", "three_hr_pressure_tendency_mb": 0.0, "maxT_c": 0.0, "minT_c": 0.0, "maxT24hr_c": 0.0, "minT24hr_c": 0.0, "precip_in": 0.0, "pcp3hr_in": 0.0, "pcp6hr_in": 0.0, "pcp24hr_in": 0.0, "snow_in": 0.0, "vert_vis_ft": 0.0, "metar_type": "METAR", "elevation_m": 3.0, "municipality": "Doha", "continent": "AS", "iso_country": "QA", "iso_region": "QA-DA", "wikipedia_link": "https://en.wikipedia.org/wiki/Hamad_International_Airport" }, "geometry": { "type": "Point", "coordinates": [ 51.609, 25.273 ] } },
{ "type": "Feature", "properties": { "raw_text": "METAR OYAA 280100Z 07009KT 8000 FEW018 29/23 Q1007 NOSIG", "station_id": "OYAA", "observation_time": "2026-04-28T01:00:00.000Z", "latitude": 12.829, "longitude": 45.029, "temp_c": 29.0, "dewpoint_c": 23.0, "wind_dir_degrees": 70.0, "wind_speed_kt": 9.0, "wind_gust_kt": 0.0, "visibility_statute_mi": 4.97, "altim_in_hg": 29.73, "sea_level_pressure_mb": 0.0, "quality_control_flags": null, "wx_string": "", "sky_condition": null, "flight_category": "MVFR", "three_hr_pressure_tendency_mb": 0.0, "maxT_c": 0.0, "minT_c": 0.0, "maxT24hr_c": 0.0, "minT24hr_c": 0.0, "precip_in": 0.0, "pcp3hr_in": 0.0, "pcp6hr_in": 0.0, "pcp24hr_in": 0.0, "snow_in": 0.0, "vert_vis_ft": 0.0, "metar_type": "METAR", "elevation_m": 3.0, "municipality": "Aden", "continent": "AS", "iso_country": "YE", "iso_region": "YE-AD", "wikipedia_link": "https://en.wikipedia.org/wiki/Aden_International_Airport" }, "geometry": { "type": "Point", "coordinates": [ 45.029, 12.829 ] } },
{ "type": "Feature", "properties": { "raw_text": "METAR OYSY 280100Z VRB02KT CAVOK 24/05 Q1011", "station_id": "OYSY", "observation_time": "2026-04-28T01:00:00.000Z", "latitude": 15.966, "longitude": 48.788, "temp_c": 24.0, "dewpoint_c": 5.0, "wind_dir_degrees": 0.0, "wind_speed_kt": 2.0, "wind_gust_kt": 0.0, "visibility_statute_mi": 6.0, "altim_in_hg": 29.85, "sea_level_pressure_mb": 0.0, "quality_control_flags": null, "wx_string": "", "sky_condition": null, "flight_category": "VFR", "three_hr_pressure_tendency_mb": 0.0, "maxT_c": 0.0, "minT_c": 0.0, "maxT24hr_c": 0.0, "minT24hr_c": 0.0, "precip_in": 0.0, "pcp3hr_in": 0.0, "pcp6hr_in": 0.0, "pcp24hr_in": 0.0, "snow_in": 0.0, "vert_vis_ft": 0.0, "metar_type": "METAR", "elevation_m": 701.0, "municipality": "Seiyun", "continent": "AS", "iso_country": "YE", "iso_region": "YE-HD", "wikipedia_link": "https://en.wikipedia.org/wiki/Seiyun_Airport" }, "geometry": { "type": "Point", "coordinates": [ 48.788, 15.966 ] } },
{ "type": "Feature", "properties": { "raw_text": "METAR PANC 280053Z 16013G21KT 10SM FEW075 OVC100 07/00 A2978 RMK AO2 SLP086 T00670000", "station_id": "PANC", "observation_time": "2026-04-28T00:53:00.000Z", "latitude": 61.1691, "longitude": -150.0277, "temp_c": 6.7, "dewpoint_c": 0.0, "wind_dir_degrees": 160.0, "wind_speed_kt": 13.0, "wind_gust_kt": 21.0, "visibility_statute_mi": 10.0, "altim_in_hg": 29.78, "sea_level_pressure_mb": 1008.6, "quality_control_flags": null, "wx_string": "", "sky_condition": null, "flight_category": "VFR", "three_hr_pressure_tendency_mb": 0.0, "maxT_c": 0.0, "minT_c": 0.0, "maxT24hr_c": 0.0, "minT24hr_c": 0.0, "precip_in": 0.0, "pcp3hr_in": 0.0, "pcp6hr_in": 0.0, "pcp24hr_in": 0.0, "snow_in": 0.0, "vert_vis_ft": 0.0, "metar_type": "METAR", "elevation_m": 39.0, "municipality": "Anchorage", "continent": "NA", "iso_country": "US", "iso_region": "US-AK", "wikipedia_link": "https://en.wikipedia.org/wiki/Ted_Stevens_Anchorage_International_Airport" }, "geometry": { "type": "Point", "coordinates": [ -150.0277, 61.1691 ] } },
{ "type": "Feature", "properties": { "raw_text": "METAR PGRO 280150Z 08015G18KT 7SM BKN014 28/25 A2991", "station_id": "PGRO", "observation_time": "2026-04-28T01:50:00.000Z", "latitude": 14.172, "longitude": 145.24, "temp_c": 28.0, "dewpoint_c": 25.0, "wind_dir_degrees": 80.0, "wind_speed_kt": 15.0, "wind_gust_kt": 18.0, "visibility_statute_mi": 7.0, "altim_in_hg": 29.91, "sea_level_pressure_mb": 0.0, "quality_control_flags": null, "wx_string": "", "sky_condition": null, "flight_category": "MVFR", "three_hr_pressure_tendency_mb": 0.0, "maxT_c": 0.0, "minT_c": 0.0, "maxT24hr_c": 0.0, "minT24hr_c": 0.0, "precip_in": 0.0, "pcp3hr_in": 0.0, "pcp6hr_in": 0.0, "pcp24hr_in": 0.0, "snow_in": 0.0, "vert_vis_ft": 0.0, "metar_type": "METAR", "elevation_m": 181.0, "municipality": "Rota Island", "continent": "OC", "iso_country": "MP", "iso_region": "MP-U-A", "wikipedia_link": "https://en.wikipedia.org/wiki/Rota_International_Airport" }, "geometry": { "type": "Point", "coordinates": [ 145.24, 14.172 ] } },
{ "type": "Feature", "properties": { "raw_text": "METAR PGUM 280054Z 10015G21KT 10SM SCT023 30/23 A2991 RMK AO2 SLP120 T03000233 $", "station_id": "PGUM", "observation_time": "2026-04-28T00:54:00.000Z", "latitude": 13.4796, "longitude": 144.7958, "temp_c": 30.0, "dewpoint_c": 23.3, "wind_dir_degrees": 100.0, "wind_speed_kt": 15.0, "wind_gust_kt": 21.0, "visibility_statute_mi": 10.0, "altim_in_hg": 29.91, "sea_level_pressure_mb": 1012.0, "quality_control_flags": null, "wx_string": "", "sky_condition": null, "flight_category": "VFR", "three_hr_pressure_tendency_mb": 0.0, "maxT_c": 0.0, "minT_c": 0.0, "maxT24hr_c": 0.0, "minT24hr_c": 0.0, "precip_in": 0.0, "pcp3hr_in": 0.0, "pcp6hr_in": 0.0, "pcp24hr_in": 0.0, "snow_in": 0.0, "vert_vis_ft": 0.0, "metar_type": "METAR", "elevation_m": 74.0, "municipality": "Hagåtña", "continent": "OC", "iso_country": "GU", "iso_region": "GU-U-A", "wikipedia_link": "https://en.wikipedia.org/wiki/Antonio_B._Won_Pat_International_Airport" }, "geometry": { "type": "Point", "coordinates": [ 144.7958, 13.4796 ] } },
{ "type": "Feature", "properties": { "raw_text": "METAR PHKO 280053Z COR 26011KT 10SM FEW050 28/21 A2995 RMK AO2 SLP139 T02830206", "station_id": "PHKO", "observation_time": "2026-04-28T00:53:00.000Z", "latitude": 19.7378, "longitude": -156.048, "temp_c": 28.3, "dewpoint_c": 20.6, "wind_dir_degrees": 260.0, "wind_speed_kt": 11.0, "wind_gust_kt": 0.0, "visibility_statute_mi": 10.0, "altim_in_hg": 29.95, "sea_level_pressure_mb": 1013.9, "quality_control_flags": null, "wx_string": "", "sky_condition": null, "flight_category": "VFR", "three_hr_pressure_tendency_mb": 0.0, "maxT_c": 0.0, "minT_c": 0.0, "maxT24hr_c": 0.0, "minT24hr_c": 0.0, "precip_in": 0.0, "pcp3hr_in": 0.0, "pcp6hr_in": 0.0, "pcp24hr_in": 0.0, "snow_in": 0.0, "vert_vis_ft": 0.0, "metar_type": "METAR", "elevation_m": 11.0, "municipality": "Kailua-Kona", "continent": "OC", "iso_country": "US", "iso_region": "US-HI", "wikipedia_link": "https://en.wikipedia.org/wiki/Kona_International_Airport" }, "geometry": { "type": "Point", "coordinates": [ -156.048, 19.7378 ] } },
{ "type": "Feature", "properties": { "raw_text": "METAR PHLI 280053Z 07011KT 10SM FEW016 FEW023 26/21 A3002 RMK AO2 SLP161 T02610211", "station_id": "PHLI", "observation_time": "2026-04-28T00:53:00.000Z", "latitude": 21.9805, "longitude": -159.3386, "temp_c": 26.1, "dewpoint_c": 21.1, "wind_dir_degrees": 70.0, "wind_speed_kt": 11.0, "wind_gust_kt": 0.0, "visibility_statute_mi": 10.0, "altim_in_hg": 30.02, "sea_level_pressure_mb": 1016.1, "quality_control_flags": null, "wx_string": "", "sky_condition": null, "flight_category": "VFR", "three_hr_pressure_tendency_mb": 0.0, "maxT_c": 0.0, "minT_c": 0.0, "maxT24hr_c": 0.0, "minT24hr_c": 0.0, "precip_in": 0.0, "pcp3hr_in": 0.0, "pcp6hr_in": 0.0, "pcp24hr_in": 0.0, "snow_in": 0.0, "vert_vis_ft": 0.0, "metar_type": "METAR", "elevation_m": 32.0, "municipality": "Lihue, Kauai", "continent": "OC", "iso_country": "US", "iso_region": "US-HI", "wikipedia_link": "https://en.wikipedia.org/wiki/Lihu'e_Airport" }, "geometry": { "type": "Point", "coordinates": [ -159.3386, 21.9805 ] } },
{ "type": "Feature", "properties": { "raw_text": "METAR PHNL 280053Z 07017G22KT 10SM FEW023 FEW030 SCT039 29/19 A2997 RMK AO2 SLP150 SHRA DSNT W T02940189 $", "station_id": "PHNL", "observation_time": "2026-04-28T00:53:00.000Z", "latitude": 21.315, "longitude": -157.924, "temp_c": 29.4, "dewpoint_c": 18.9, "wind_dir_degrees": 70.0, "wind_speed_kt": 17.0, "wind_gust_kt": 22.0, "visibility_statute_mi": 10.0, "altim_in_hg": 29.97, "sea_level_pressure_mb": 1015.0, "quality_control_flags": null, "wx_string": "", "sky_condition": null, "flight_category": "VFR", "three_hr_pressure_tendency_mb": 0.0, "maxT_c": 0.0, "minT_c": 0.0, "maxT24hr_c": 0.0, "minT24hr_c": 0.0, "precip_in": 0.0, "pcp3hr_in": 0.0, "pcp6hr_in": 0.0, "pcp24hr_in": 0.0, "snow_in": 0.0, "vert_vis_ft": 0.0, "metar_type": "METAR", "elevation_m": 2.0, "municipality": "Honolulu, Oahu", "continent": "NA", "iso_country": "US", "iso_region": "US-HI", "wikipedia_link": "https://en.wikipedia.org/wiki/Daniel_K._Inouye_International_Airport" }, "geometry": { "type": "Point", "coordinates": [ -157.924, 21.315 ] } },
{ "type": "Feature", "properties": { "raw_text": "METAR PHOG 280054Z 05018G27KT 10SM FEW030 SCT060 SCT090 27/20 A2997 RMK AO2 PK WND 06030/0028 SLP153 T02670200 $", "station_id": "PHOG", "observation_time": "2026-04-28T00:54:00.000Z", "latitude": 20.8887, "longitude": -156.4345, "temp_c": 26.7, "dewpoint_c": 20.0, "wind_dir_degrees": 50.0, "wind_speed_kt": 18.0, "wind_gust_kt": 27.0, "visibility_statute_mi": 10.0, "altim_in_hg": 29.97, "sea_level_pressure_mb": 1015.3, "quality_control_flags": null, "wx_string": "", "sky_condition": null, "flight_category": "VFR", "three_hr_pressure_tendency_mb": 0.0, "maxT_c": 0.0, "minT_c": 0.0, "maxT24hr_c": 0.0, "minT24hr_c": 0.0, "precip_in": 0.0, "pcp3hr_in": 0.0, "pcp6hr_in": 0.0, "pcp24hr_in": 0.0, "snow_in": 0.0, "vert_vis_ft": 0.0, "metar_type": "METAR", "elevation_m": 14.0, "municipality": "Kahului", "continent": "OC", "iso_country": "US", "iso_region": "US-HI", "wikipedia_link": "https://en.wikipedia.org/wiki/Kahului_Airport" }, "geometry": { "type": "Point", "coordinates": [ -156.4345, 20.8887 ] } },
{ "type": "Feature", "properties": { "raw_text": "METAR PLCH 280100Z 09008KT 030V160 9999 SCT019 31/26 Q1007", "station_id": "PLCH", "observation_time": "2026-04-28T01:00:00.000Z", "latitude": 1.988, "longitude": -157.349, "temp_c": 31.0, "dewpoint_c": 26.0, "wind_dir_degrees": 90.0, "wind_speed_kt": 8.0, "wind_gust_kt": 0.0, "visibility_statute_mi": 6.0, "altim_in_hg": 29.73, "sea_level_pressure_mb": 0.0, "quality_control_flags": null, "wx_string": "", "sky_condition": null, "flight_category": "VFR", "three_hr_pressure_tendency_mb": 0.0, "maxT_c": 0.0, "minT_c": 0.0, "maxT24hr_c": 0.0, "minT24hr_c": 0.0, "precip_in": 0.0, "pcp3hr_in": 0.0, "pcp6hr_in": 0.0, "pcp24hr_in": 0.0, "snow_in": 0.0, "vert_vis_ft": 0.0, "metar_type": "METAR", "elevation_m": 5.0, "municipality": "Kiritimati", "continent": "OC", "iso_country": "KI", "iso_region": "KI-L", "wikipedia_link": "https://en.wikipedia.org/wiki/Cassidy_International_Airport" }, "geometry": { "type": "Point", "coordinates": [ -157.349, 1.988 ] } },
{ "type": "Feature", "properties": { "raw_text": "METAR PTKK 280050Z 04008KT 15SM FEW014 SCT290 32/26 A2981 RMK SLP096 T03170260", "station_id": "PTKK", "observation_time": "2026-04-28T00:50:00.000Z", "latitude": 7.462, "longitude": 151.843, "temp_c": 31.7, "dewpoint_c": 26.0, "wind_dir_degrees": 40.0, "wind_speed_kt": 8.0, "wind_gust_kt": 0.0, "visibility_statute_mi": 15.0, "altim_in_hg": 29.81, "sea_level_pressure_mb": 1009.6, "quality_control_flags": null, "wx_string": "", "sky_condition": null, "flight_category": "VFR", "three_hr_pressure_tendency_mb": 0.0, "maxT_c": 0.0, "minT_c": 0.0, "maxT24hr_c": 0.0, "minT24hr_c": 0.0, "precip_in": 0.0, "pcp3hr_in": 0.0, "pcp6hr_in": 0.0, "pcp24hr_in": 0.0, "snow_in": 0.0, "vert_vis_ft": 0.0, "metar_type": "METAR", "elevation_m": 3.0, "municipality": "Weno Island", "continent": "OC", "iso_country": "FM", "iso_region": "FM-TRK", "wikipedia_link": "https://en.wikipedia.org/wiki/Chuuk_International_Airport" }, "geometry": { "type": "Point", "coordinates": [ 151.843, 7.462 ] } },
{ "type": "Feature", "properties": { "raw_text": "METAR PTRO 280150Z 05008G17KT 13SM SCT016 BKN130 BKN320 31/23 A2982 ", "station_id": "PTRO", "observation_time": "2026-04-28T01:50:00.000Z", "latitude": 7.367, "longitude": 134.544, "temp_c": 31.0, "dewpoint_c": 23.0, "wind_dir_degrees": 50.0, "wind_speed_kt": 8.0, "wind_gust_kt": 17.0, "visibility_statute_mi": 13.0, "altim_in_hg": 29.82, "sea_level_pressure_mb": 0.0, "quality_control_flags": null, "wx_string": "", "sky_condition": null, "flight_category": "VFR", "three_hr_pressure_tendency_mb": 0.0, "maxT_c": 0.0, "minT_c": 0.0, "maxT24hr_c": 0.0, "minT24hr_c": 0.0, "precip_in": 0.0, "pcp3hr_in": 0.0, "pcp6hr_in": 0.0, "pcp24hr_in": 0.0, "snow_in": 0.0, "vert_vis_ft": 0.0, "metar_type": "METAR", "elevation_m": 30.0, "municipality": "Babelthuap Island", "continent": "OC", "iso_country": "PW", "iso_region": "PW-004", "wikipedia_link": "https://en.wikipedia.org/wiki/Palau_International_Airport" }, "geometry": { "type": "Point", "coordinates": [ 134.544, 7.367 ] } },
{ "type": "Feature", "properties": { "raw_text": "METAR PTSA 280150Z 05012KT 10SM BKN021 BKN130 BKN300 31/25 A2974 ", "station_id": "PTSA", "observation_time": "2026-04-28T01:50:00.000Z", "latitude": 5.352, "longitude": 162.956, "temp_c": 31.0, "dewpoint_c": 25.0, "wind_dir_degrees": 50.0, "wind_speed_kt": 12.0, "wind_gust_kt": 0.0, "visibility_statute_mi": 10.0, "altim_in_hg": 29.74, "sea_level_pressure_mb": 0.0, "quality_control_flags": null, "wx_string": "", "sky_condition": null, "flight_category": "MVFR", "three_hr_pressure_tendency_mb": 0.0, "maxT_c": 0.0, "minT_c": 0.0, "maxT24hr_c": 0.0, "minT24hr_c": 0.0, "precip_in": 0.0, "pcp3hr_in": 0.0, "pcp6hr_in": 0.0, "pcp24hr_in": 0.0, "snow_in": 0.0, "vert_vis_ft": 0.0, "metar_type": "METAR", "elevation_m": 3.0, "municipality": "Okat", "continent": "OC", "iso_country": "FM", "iso_region": "FM-KSA", "wikipedia_link": "https://en.wikipedia.org/wiki/Kosrae_International_Airport" }, "geometry": { "type": "Point", "coordinates": [ 162.956, 5.352 ] } },
{ "type": "Feature", "properties": { "raw_text": "METAR PTYA 280055Z 08008KT 12SM SCT016CB BKN130 OVC300 27/26 A2981 RMK SHRAE23 CB ALQDS SLP095 T02650255", "station_id": "PTYA", "observation_time": "2026-04-28T00:55:00.000Z", "latitude": 9.487, "longitude": 138.077, "temp_c": 26.5, "dewpoint_c": 25.5, "wind_dir_degrees": 80.0, "wind_speed_kt": 8.0, "wind_gust_kt": 0.0, "visibility_statute_mi": 12.0, "altim_in_hg": 29.81, "sea_level_pressure_mb": 1009.5, "quality_control_flags": null, "wx_string": "", "sky_condition": null, "flight_category": "VFR", "three_hr_pressure_tendency_mb": 0.0, "maxT_c": 0.0, "minT_c": 0.0, "maxT24hr_c": 0.0, "minT24hr_c": 0.0, "precip_in": 0.0, "pcp3hr_in": 0.0, "pcp6hr_in": 0.0, "pcp24hr_in": 0.0, "snow_in": 0.0, "vert_vis_ft": 0.0, "metar_type": "METAR", "elevation_m": 4.0, "municipality": "Yap Island", "continent": "OC", "iso_country": "FM", "iso_region": "FM-YAP", "wikipedia_link": "https://en.wikipedia.org/wiki/Yap_International_Airport" }, "geometry": { "type": "Point", "coordinates": [ 138.077, 9.487 ] } },
{ "type": "Feature", "properties": { "raw_text": "METAR RCKH 280130Z VRB02KT 9999 FEW030 SCT180 BKN230 30/16 Q1012 NOSIG RMK A2990", "station_id": "RCKH", "observation_time": "2026-04-28T01:30:00.000Z", "latitude": 22.577, "longitude": 120.35, "temp_c": 30.0, "dewpoint_c": 16.0, "wind_dir_degrees": 0.0, "wind_speed_kt": 2.0, "wind_gust_kt": 0.0, "visibility_statute_mi": 6.0, "altim_in_hg": 29.88, "sea_level_pressure_mb": 0.0, "quality_control_flags": null, "wx_string": "", "sky_condition": null, "flight_category": "VFR", "three_hr_pressure_tendency_mb": 0.0, "maxT_c": 0.0, "minT_c": 0.0, "maxT24hr_c": 0.0, "minT24hr_c": 0.0, "precip_in": 0.0, "pcp3hr_in": 0.0, "pcp6hr_in": 0.0, "pcp24hr_in": 0.0, "snow_in": 0.0, "vert_vis_ft": 0.0, "metar_type": "METAR", "elevation_m": 6.0, "municipality": "Kaohsiung (Xiaogang)", "continent": "AS", "iso_country": "TW", "iso_region": "TW-KHH", "wikipedia_link": "https://en.wikipedia.org/wiki/Kaohsiung_International_Airport" }, "geometry": { "type": "Point", "coordinates": [ 120.35, 22.577 ] } },
{ "type": "Feature", "properties": { "raw_text": "METAR RCMQ 280130Z 16005KT 9999 FEW012 BKN100 29/19 Q1014 NOSIG RMK A2995", "station_id": "RCMQ", "observation_time": "2026-04-28T01:30:00.000Z", "latitude": 24.265, "longitude": 120.621, "temp_c": 29.0, "dewpoint_c": 19.0, "wind_dir_degrees": 160.0, "wind_speed_kt": 5.0, "wind_gust_kt": 0.0, "visibility_statute_mi": 6.0, "altim_in_hg": 29.94, "sea_level_pressure_mb": 0.0, "quality_control_flags": null, "wx_string": "", "sky_condition": null, "flight_category": "VFR", "three_hr_pressure_tendency_mb": 0.0, "maxT_c": 0.0, "minT_c": 0.0, "maxT24hr_c": 0.0, "minT24hr_c": 0.0, "precip_in": 0.0, "pcp3hr_in": 0.0, "pcp6hr_in": 0.0, "pcp24hr_in": 0.0, "snow_in": 0.0, "vert_vis_ft": 0.0, "metar_type": "METAR", "elevation_m": 202.0, "municipality": "Taichung (Qingshui)", "continent": "AS", "iso_country": "TW", "iso_region": "TW-TXG", "wikipedia_link": "https://en.wikipedia.org/wiki/Taichung_Airport" }, "geometry": { "type": "Point", "coordinates": [ 120.621, 24.265 ] } },
{ "type": "Feature", "properties": { "raw_text": "METAR RCNN 280130Z 02004KT 9999 FEW012 SCT060 BKN120 29/18 Q1013 NOSIG RMK A2993", "station_id": "RCNN", "observation_time": "2026-04-28T01:30:00.000Z", "latitude": 22.95, "longitude": 120.206, "temp_c": 29.0, "dewpoint_c": 18.0, "wind_dir_degrees": 20.0, "wind_speed_kt": 4.0, "wind_gust_kt": 0.0, "visibility_statute_mi": 6.0, "altim_in_hg": 29.91, "sea_level_pressure_mb": 0.0, "quality_control_flags": null, "wx_string": "", "sky_condition": null, "flight_category": "VFR", "three_hr_pressure_tendency_mb": 0.0, "maxT_c": 0.0, "minT_c": 0.0, "maxT24hr_c": 0.0, "minT24hr_c": 0.0, "precip_in": 0.0, "pcp3hr_in": 0.0, "pcp6hr_in": 0.0, "pcp24hr_in": 0.0, "snow_in": 0.0, "vert_vis_ft": 0.0, "metar_type": "METAR", "elevation_m": 15.0, "municipality": "Tainan (Rende)", "continent": "AS", "iso_country": "TW", "iso_region": "TW-TNN", "wikipedia_link": "https://en.wikipedia.org/wiki/Tainan_Airport" }, "geometry": { "type": "Point", "coordinates": [ 120.206, 22.95 ] } },
{ "type": "Feature", "properties": { "raw_text": "METAR RCQC 280130Z 05005KT 9999 FEW012 BKN100 28/18 Q1013 NOSIG RMK A2993", "station_id": "RCQC", "observation_time": "2026-04-28T01:30:00.000Z", "latitude": 23.569, "longitude": 119.628, "temp_c": 28.0, "dewpoint_c": 18.0, "wind_dir_degrees": 50.0, "wind_speed_kt": 5.0, "wind_gust_kt": 0.0, "visibility_statute_mi": 6.0, "altim_in_hg": 29.91, "sea_level_pressure_mb": 0.0, "quality_control_flags": null, "wx_string": "", "sky_condition": null, "flight_category": "VFR", "three_hr_pressure_tendency_mb": 0.0, "maxT_c": 0.0, "minT_c": 0.0, "maxT24hr_c": 0.0, "minT24hr_c": 0.0, "precip_in": 0.0, "pcp3hr_in": 0.0, "pcp6hr_in": 0.0, "pcp24hr_in": 0.0, "snow_in": 0.0, "vert_vis_ft": 0.0, "metar_type": "METAR", "elevation_m": 26.0, "municipality": "Huxi", "continent": "AS", "iso_country": "TW", "iso_region": "TW-PEN", "wikipedia_link": "https://en.wikipedia.org/wiki/Penghu_Airport" }, "geometry": { "type": "Point", "coordinates": [ 119.628, 23.569 ] } },
{ "type": "Feature", "properties": { "raw_text": "METAR RCSS 280130Z VRB01KT 9999 FEW018 BKN110 BKN200 31/22 Q1013 NOSIG RMK A2992", "station_id": "RCSS", "observation_time": "2026-04-28T01:30:00.000Z", "latitude": 25.069, "longitude": 121.552, "temp_c": 31.0, "dewpoint_c": 22.0, "wind_dir_degrees": 0.0, "wind_speed_kt": 1.0, "wind_gust_kt": 0.0, "visibility_statute_mi": 6.0, "altim_in_hg": 29.91, "sea_level_pressure_mb": 0.0, "quality_control_flags": null, "wx_string": "", "sky_condition": null, "flight_category": "VFR", "three_hr_pressure_tendency_mb": 0.0, "maxT_c": 0.0, "minT_c": 0.0, "maxT24hr_c": 0.0, "minT24hr_c": 0.0, "precip_in": 0.0, "pcp3hr_in": 0.0, "pcp6hr_in": 0.0, "pcp24hr_in": 0.0, "snow_in": 0.0, "vert_vis_ft": 0.0, "metar_type": "METAR", "elevation_m": 8.0, "municipality": "Taipei (Songshan)", "continent": "AS", "iso_country": "TW", "iso_region": "TW-TPE", "wikipedia_link": "https://en.wikipedia.org/wiki/Taipei_Songshan_Airport" }, "geometry": { "type": "Point", "coordinates": [ 121.552, 25.069 ] } },
{ "type": "Feature", "properties": { "raw_text": "METAR RCTP 280130Z 28004KT 250V330 9999 FEW015 BKN200 28/21 Q1013 NOSIG RMK A2993", "station_id": "RCTP", "observation_time": "2026-04-28T01:30:00.000Z", "latitude": 25.078, "longitude": 121.233, "temp_c": 28.0, "dewpoint_c": 21.0, "wind_dir_degrees": 280.0, "wind_speed_kt": 4.0, "wind_gust_kt": 0.0, "visibility_statute_mi": 6.0, "altim_in_hg": 29.91, "sea_level_pressure_mb": 0.0, "quality_control_flags": null, "wx_string": "", "sky_condition": null, "flight_category": "VFR", "three_hr_pressure_tendency_mb": 0.0, "maxT_c": 0.0, "minT_c": 0.0, "maxT24hr_c": 0.0, "minT24hr_c": 0.0, "precip_in": 0.0, "pcp3hr_in": 0.0, "pcp6hr_in": 0.0, "pcp24hr_in": 0.0, "snow_in": 0.0, "vert_vis_ft": 0.0, "metar_type": "METAR", "elevation_m": 33.0, "municipality": "Taoyuan", "continent": "AS", "iso_country": "TW", "iso_region": "TW-TAO", "wikipedia_link": "https://zh.wikipedia.org/wiki/%E8%87%BA%E7%81%A3%E6%A1%83%E5%9C%92%E5%9C%8B%E9%9A%9B%E6%A9%9F%E5%A0%B4" }, "geometry": { "type": "Point", "coordinates": [ 121.233, 25.078 ] } },
{ "type": "Feature", "properties": { "raw_text": "METAR RJAA 280130Z 18011KT 150V210 9999 FEW035 BKN/// 22/14 Q1012 TEMPO 20015G25KT", "station_id": "RJAA", "observation_time": "2026-04-28T01:30:00.000Z", "latitude": 35.765, "longitude": 140.386, "temp_c": 22.0, "dewpoint_c": 14.0, "wind_dir_degrees": 180.0, "wind_speed_kt": 11.0, "wind_gust_kt": 0.0, "visibility_statute_mi": 6.0, "altim_in_hg": 29.88, "sea_level_pressure_mb": 0.0, "quality_control_flags": null, "wx_string": "", "sky_condition": null, "flight_category": "VFR", "three_hr_pressure_tendency_mb": 0.0, "maxT_c": 0.0, "minT_c": 15.0, "maxT24hr_c": 0.0, "minT24hr_c": 0.0, "precip_in": 0.0, "pcp3hr_in": 0.0, "pcp6hr_in": 0.0, "pcp24hr_in": 0.0, "snow_in": 0.0, "vert_vis_ft": 0.0, "metar_type": "METAR", "elevation_m": 36.0, "municipality": "Narita", "continent": "AS", "iso_country": "JP", "iso_region": "JP-12", "wikipedia_link": "https://en.wikipedia.org/wiki/Narita_International_Airport" }, "geometry": { "type": "Point", "coordinates": [ 140.386, 35.765 ] } },
{ "type": "Feature", "properties": { "raw_text": "METAR RJAH 280100Z 21011KT 9999 FEW015 BKN250 20/15 Q1012", "station_id": "RJAH", "observation_time": "2026-04-28T01:00:00.000Z", "latitude": 36.182, "longitude": 140.415, "temp_c": 20.0, "dewpoint_c": 15.0, "wind_dir_degrees": 210.0, "wind_speed_kt": 11.0, "wind_gust_kt": 0.0, "visibility_statute_mi": 6.0, "altim_in_hg": 29.88, "sea_level_pressure_mb": 0.0, "quality_control_flags": null, "wx_string": "", "sky_condition": null, "flight_category": "VFR", "three_hr_pressure_tendency_mb": 0.0, "maxT_c": 0.0, "minT_c": 0.0, "maxT24hr_c": 0.0, "minT24hr_c": 0.0, "precip_in": 0.0, "pcp3hr_in": 0.0, "pcp6hr_in": 0.0, "pcp24hr_in": 0.0, "snow_in": 0.0, "vert_vis_ft": 0.0, "metar_type": "METAR", "elevation_m": 31.0, "municipality": "Omitama", "continent": "AS", "iso_country": "JP", "iso_region": "JP-08", "wikipedia_link": "https://en.wikipedia.org/wiki/Ibaraki_Airport" }, "geometry": { "type": "Point", "coordinates": [ 140.415, 36.182 ] } },
{ "type": "Feature", "properties": { "raw_text": "METAR RJBB 280130Z 02005KT 9999 FEW020 18/15 Q1013 NOSIG", "station_id": "RJBB", "observation_time": "2026-04-28T01:30:00.000Z", "latitude": 34.434, "longitude": 135.233, "temp_c": 18.0, "dewpoint_c": 15.0, "wind_dir_degrees": 20.0, "wind_speed_kt": 5.0, "wind_gust_kt": 0.0, "visibility_statute_mi": 6.0, "altim_in_hg": 29.91, "sea_level_pressure_mb": 0.0, "quality_control_flags": null, "wx_string": "", "sky_condition": null, "flight_category": "VFR", "three_hr_pressure_tendency_mb": 0.0, "maxT_c": 0.0, "minT_c": 0.0, "maxT24hr_c": 0.0, "minT24hr_c": 0.0, "precip_in": 0.0, "pcp3hr_in": 0.0, "pcp6hr_in": 0.0, "pcp24hr_in": 0.0, "snow_in": 0.0, "vert_vis_ft": 0.0, "metar_type": "METAR", "elevation_m": 8.0, "municipality": "Osaka", "continent": "AS", "iso_country": "JP", "iso_region": "JP-27", "wikipedia_link": "https://en.wikipedia.org/wiki/Kansai_International_Airport" }, "geometry": { "type": "Point", "coordinates": [ 135.233, 34.434 ] } },
{ "type": "Feature", "properties": { "raw_text": "METAR RJBE 280100Z VRB01KT 9999 FEW020 SCT025 BKN/// 20/15 Q1013", "station_id": "RJBE", "observation_time": "2026-04-28T01:00:00.000Z", "latitude": 34.633, "longitude": 135.224, "temp_c": 20.0, "dewpoint_c": 15.0, "wind_dir_degrees": 0.0, "wind_speed_kt": 1.0, "wind_gust_kt": 0.0, "visibility_statute_mi": 6.0, "altim_in_hg": 29.91, "sea_level_pressure_mb": 0.0, "quality_control_flags": null, "wx_string": "", "sky_condition": null, "flight_category": "VFR", "three_hr_pressure_tendency_mb": 0.0, "maxT_c": 0.0, "minT_c": 0.0, "maxT24hr_c": 0.0, "minT24hr_c": 0.0, "precip_in": 0.0, "pcp3hr_in": 0.0, "pcp6hr_in": 0.0, "pcp24hr_in": 0.0, "snow_in": 0.0, "vert_vis_ft": 0.0, "metar_type": "METAR", "elevation_m": 5.0, "municipality": "Kobe", "continent": "AS", "iso_country": "JP", "iso_region": "JP-28", "wikipedia_link": "https://en.wikipedia.org/wiki/Kobe_Airport" }, "geometry": { "type": "Point", "coordinates": [ 135.224, 34.633 ] } },
{ "type": "Feature", "properties": { "raw_text": "METAR RJCC 280130Z 36015KT 9999 FEW015 SCT045 BKN140 11/03 Q1010", "station_id": "RJCC", "observation_time": "2026-04-28T01:30:00.000Z", "latitude": 42.774, "longitude": 141.693, "temp_c": 11.0, "dewpoint_c": 3.0, "wind_dir_degrees": 360.0, "wind_speed_kt": 15.0, "wind_gust_kt": 0.0, "visibility_statute_mi": 6.0, "altim_in_hg": 29.82, "sea_level_pressure_mb": 0.0, "quality_control_flags": null, "wx_string": "", "sky_condition": null, "flight_category": "VFR", "three_hr_pressure_tendency_mb": 0.0, "maxT_c": 0.0, "minT_c": 0.0, "maxT24hr_c": 0.0, "minT24hr_c": 0.0, "precip_in": 0.0, "pcp3hr_in": 0.0, "pcp6hr_in": 0.0, "pcp24hr_in": 0.0, "snow_in": 0.0, "vert_vis_ft": 0.0, "metar_type": "METAR", "elevation_m": 19.0, "municipality": "Sapporo", "continent": "AS", "iso_country": "JP", "iso_region": "JP-01", "wikipedia_link": "https://en.wikipedia.org/wiki/New_Chitose_Airport" }, "geometry": { "type": "Point", "coordinates": [ 141.693, 42.774 ] } },
{ "type": "Feature", "properties": { "raw_text": "METAR RJCH 280100Z 19007KT 9999 FEW020 SCT040 BKN090 11/06 Q1010", "station_id": "RJCH", "observation_time": "2026-04-28T01:00:00.000Z", "latitude": 41.77, "longitude": 140.822, "temp_c": 11.0, "dewpoint_c": 6.0, "wind_dir_degrees": 190.0, "wind_speed_kt": 7.0, "wind_gust_kt": 0.0, "visibility_statute_mi": 6.0, "altim_in_hg": 29.82, "sea_level_pressure_mb": 0.0, "quality_control_flags": null, "wx_string": "", "sky_condition": null, "flight_category": "VFR", "three_hr_pressure_tendency_mb": 0.0, "maxT_c": 0.0, "minT_c": 0.0, "maxT24hr_c": 0.0, "minT24hr_c": 0.0, "precip_in": 0.0, "pcp3hr_in": 0.0, "pcp6hr_in": 0.0, "pcp24hr_in": 0.0, "snow_in": 0.0, "vert_vis_ft": 0.0, "metar_type": "METAR", "elevation_m": 36.0, "municipality": "Hakodate", "continent": "AS", "iso_country": "JP", "iso_region": "JP-01", "wikipedia_link": "https://en.wikipedia.org/wiki/Hakodate_Airport" }, "geometry": { "type": "Point", "coordinates": [ 140.822, 41.77 ] } },
{ "type": "Feature", "properties": { "raw_text": "METAR RJFF 280130Z 18009KT 9999 FEW025 SCT150 BKN/// 21/12 Q1014 NOSIG", "station_id": "RJFF", "observation_time": "2026-04-28T01:30:00.000Z", "latitude": 33.584, "longitude": 130.452, "temp_c": 21.0, "dewpoint_c": 12.0, "wind_dir_degrees": 180.0, "wind_speed_kt": 9.0, "wind_gust_kt": 0.0, "visibility_statute_mi": 6.0, "altim_in_hg": 29.94, "sea_level_pressure_mb": 0.0, "quality_control_flags": null, "wx_string": "", "sky_condition": null, "flight_category": "VFR", "three_hr_pressure_tendency_mb": 0.0, "maxT_c": 0.0, "minT_c": 0.0, "maxT24hr_c": 0.0, "minT24hr_c": 0.0, "precip_in": 0.0, "pcp3hr_in": 0.0, "pcp6hr_in": 0.0, "pcp24hr_in": 0.0, "snow_in": 0.0, "vert_vis_ft": 0.0, "metar_type": "METAR", "elevation_m": 7.0, "municipality": "Fukuoka", "continent": "AS", "iso_country": "JP", "iso_region": "JP-40", "wikipedia_link": "https://en.wikipedia.org/wiki/Fukuoka_Airport" }, "geometry": { "type": "Point", "coordinates": [ 130.452, 33.584 ] } },
{ "type": "Feature", "properties": { "raw_text": "METAR RJFK 280100Z 22004KT 130V260 9999 FEW015 BKN/// 19/13 Q1015", "station_id": "RJFK", "observation_time": "2026-04-28T01:00:00.000Z", "latitude": 31.803, "longitude": 130.719, "temp_c": 19.0, "dewpoint_c": 13.0, "wind_dir_degrees": 220.0, "wind_speed_kt": 4.0, "wind_gust_kt": 0.0, "visibility_statute_mi": 6.0, "altim_in_hg": 29.97, "sea_level_pressure_mb": 0.0, "quality_control_flags": null, "wx_string": "", "sky_condition": null, "flight_category": "VFR", "three_hr_pressure_tendency_mb": 0.0, "maxT_c": 0.0, "minT_c": 0.0, "maxT24hr_c": 0.0, "minT24hr_c": 0.0, "precip_in": 0.0, "pcp3hr_in": 0.0, "pcp6hr_in": 0.0, "pcp24hr_in": 0.0, "snow_in": 0.0, "vert_vis_ft": 0.0, "metar_type": "METAR", "elevation_m": 271.0, "municipality": "Kagoshima", "continent": "AS", "iso_country": "JP", "iso_region": "JP-46", "wikipedia_link": "https://en.wikipedia.org/wiki/Kagoshima_Airport" }, "geometry": { "type": "Point", "coordinates": [ 130.719, 31.803 ] } },
{ "type": "Feature", "properties": { "raw_text": "METAR RJFM 280100Z 26013KT 9999 FEW030 BKN/// 24/12 Q1013", "station_id": "RJFM", "observation_time": "2026-04-28T01:00:00.000Z", "latitude": 31.877, "longitude": 131.449, "temp_c": 24.0, "dewpoint_c": 12.0, "wind_dir_degrees": 260.0, "wind_speed_kt": 13.0, "wind_gust_kt": 0.0, "visibility_statute_mi": 6.0, "altim_in_hg": 29.91, "sea_level_pressure_mb": 0.0, "quality_control_flags": null, "wx_string": "", "sky_condition": null, "flight_category": "VFR", "three_hr_pressure_tendency_mb": 0.0, "maxT_c": 0.0, "minT_c": 0.0, "maxT24hr_c": 0.0, "minT24hr_c": 0.0, "precip_in": 0.0, "pcp3hr_in": 0.0, "pcp6hr_in": 0.0, "pcp24hr_in": 0.0, "snow_in": 0.0, "vert_vis_ft": 0.0, "metar_type": "METAR", "elevation_m": 10.0, "municipality": "Miyazaki", "continent": "AS", "iso_country": "JP", "iso_region": "JP-45", "wikipedia_link": "https://en.wikipedia.org/wiki/Miyazaki_Airport" }, "geometry": { "type": "Point", "coordinates": [ 131.449, 31.877 ] } },
{ "type": "Feature", "properties": { "raw_text": "METAR RJFR 280100Z 05003KT 9999 FEW030 BKN150 18/15 Q1013", "station_id": "RJFR", "observation_time": "2026-04-28T01:00:00.000Z", "latitude": 33.846, "longitude": 131.035, "temp_c": 18.0, "dewpoint_c": 15.0, "wind_dir_degrees": 50.0, "wind_speed_kt": 3.0, "wind_gust_kt": 0.0, "visibility_statute_mi": 6.0, "altim_in_hg": 29.91, "sea_level_pressure_mb": 0.0, "quality_control_flags": null, "wx_string": "", "sky_condition": null, "flight_category": "VFR", "three_hr_pressure_tendency_mb": 0.0, "maxT_c": 0.0, "minT_c": 0.0, "maxT24hr_c": 0.0, "minT24hr_c": 0.0, "precip_in": 0.0, "pcp3hr_in": 0.0, "pcp6hr_in": 0.0, "pcp24hr_in": 0.0, "snow_in": 0.0, "vert_vis_ft": 0.0, "metar_type": "METAR", "elevation_m": 9.0, "municipality": "Kitakyushu", "continent": "AS", "iso_country": "JP", "iso_region": "JP-40", "wikipedia_link": "https://en.wikipedia.org/wiki/New_Kitakyushu_Airport" }, "geometry": { "type": "Point", "coordinates": [ 131.035, 33.846 ] } },
{ "type": "Feature", "properties": { "raw_text": "METAR RJFS 280100Z 15012KT 9999 FEW025 BKN170 BKN/// 19/16 Q1014", "station_id": "RJFS", "observation_time": "2026-04-28T01:00:00.000Z", "latitude": 33.15, "longitude": 130.302, "temp_c": 19.0, "dewpoint_c": 16.0, "wind_dir_degrees": 150.0, "wind_speed_kt": 12.0, "wind_gust_kt": 0.0, "visibility_statute_mi": 6.0, "altim_in_hg": 29.94, "sea_level_pressure_mb": 0.0, "quality_control_flags": null, "wx_string": "", "sky_condition": null, "flight_category": "VFR", "three_hr_pressure_tendency_mb": 0.0, "maxT_c": 0.0, "minT_c": 0.0, "maxT24hr_c": 0.0, "minT24hr_c": 0.0, "precip_in": 0.0, "pcp3hr_in": 0.0, "pcp6hr_in": 0.0, "pcp24hr_in": 0.0, "snow_in": 0.0, "vert_vis_ft": 0.0, "metar_type": "METAR", "elevation_m": 2.0, "municipality": "Saga", "continent": "AS", "iso_country": "JP", "iso_region": "JP-41", "wikipedia_link": "https://en.wikipedia.org/wiki/Saga_Airport" }, "geometry": { "type": "Point", "coordinates": [ 130.302, 33.15 ] } },
{ "type": "Feature", "properties": { "raw_text": "METAR RJFT 280100Z 23008KT 190V270 9999 FEW020 SCT025 BKN/// 20/14 Q1015", "station_id": "RJFT", "observation_time": "2026-04-28T01:00:00.000Z", "latitude": 32.837, "longitude": 130.855, "temp_c": 20.0, "dewpoint_c": 14.0, "wind_dir_degrees": 230.0, "wind_speed_kt": 8.0, "wind_gust_kt": 0.0, "visibility_statute_mi": 6.0, "altim_in_hg": 29.97, "sea_level_pressure_mb": 0.0, "quality_control_flags": null, "wx_string": "", "sky_condition": null, "flight_category": "VFR", "three_hr_pressure_tendency_mb": 0.0, "maxT_c": 0.0, "minT_c": 0.0, "maxT24hr_c": 0.0, "minT24hr_c": 0.0, "precip_in": 0.0, "pcp3hr_in": 0.0, "pcp6hr_in": 0.0, "pcp24hr_in": 0.0, "snow_in": 0.0, "vert_vis_ft": 0.0, "metar_type": "METAR", "elevation_m": 188.0, "municipality": "Kumamoto", "continent": "AS", "iso_country": "JP", "iso_region": "JP-43", "wikipedia_link": "https://en.wikipedia.org/wiki/Kumamoto_Airport" }, "geometry": { "type": "Point", "coordinates": [ 130.855, 32.837 ] } },
{ "type": "Feature", "properties": { "raw_text": "METAR RJFU 280100Z 19004KT 170V230 9999 FEW020 SCT170 BKN/// 21/14 Q1014", "station_id": "RJFU", "observation_time": "2026-04-28T01:00:00.000Z", "latitude": 32.917, "longitude": 129.914, "temp_c": 21.0, "dewpoint_c": 14.0, "wind_dir_degrees": 190.0, "wind_speed_kt": 4.0, "wind_gust_kt": 0.0, "visibility_statute_mi": 6.0, "altim_in_hg": 29.94, "sea_level_pressure_mb": 0.0, "quality_control_flags": null, "wx_string": "", "sky_condition": null, "flight_category": "VFR", "three_hr_pressure_tendency_mb": 0.0, "maxT_c": 0.0, "minT_c": 0.0, "maxT24hr_c": 0.0, "minT24hr_c": 0.0, "precip_in": 0.0, "pcp3hr_in": 0.0, "pcp6hr_in": 0.0, "pcp24hr_in": 0.0, "snow_in": 0.0, "vert_vis_ft": 0.0, "metar_type": "METAR", "elevation_m": 2.0, "municipality": "Nagasaki", "continent": "AS", "iso_country": "JP", "iso_region": "JP-42", "wikipedia_link": "https://en.wikipedia.org/wiki/Nagasaki_Airport" }, "geometry": { "type": "Point", "coordinates": [ 129.914, 32.917 ] } },
{ "type": "Feature", "properties": { "raw_text": "METAR RJGG 280130Z 31005KT 9999 FEW020 SCT/// 18/13 Q1013 BECMG FM0200 25004KT", "station_id": "RJGG", "observation_time": "2026-04-28T01:30:00.000Z", "latitude": 34.858, "longitude": 136.805, "temp_c": 18.0, "dewpoint_c": 13.0, "wind_dir_degrees": 310.0, "wind_speed_kt": 5.0, "wind_gust_kt": 0.0, "visibility_statute_mi": 6.0, "altim_in_hg": 29.91, "sea_level_pressure_mb": 0.0, "quality_control_flags": null, "wx_string": "", "sky_condition": null, "flight_category": "VFR", "three_hr_pressure_tendency_mb": 0.0, "maxT_c": 0.0, "minT_c": 0.0, "maxT24hr_c": 0.0, "minT24hr_c": 0.0, "precip_in": 0.0, "pcp3hr_in": 0.0, "pcp6hr_in": 0.0, "pcp24hr_in": 0.0, "snow_in": 0.0, "vert_vis_ft": 0.0, "metar_type": "METAR", "elevation_m": 5.0, "municipality": "Tokoname", "continent": "AS", "iso_country": "JP", "iso_region": "JP-23", "wikipedia_link": "https://en.wikipedia.org/wiki/Ch%C5%ABbu_Centrair_International_Airport" }, "geometry": { "type": "Point", "coordinates": [ 136.805, 34.858 ] } },
{ "type": "Feature", "properties": { "raw_text": "METAR RJNK 280100Z 22012KT 9999 FEW180 BKN250 23/13 Q1010", "station_id": "RJNK", "observation_time": "2026-04-28T01:00:00.000Z", "latitude": 36.394, "longitude": 136.407, "temp_c": 23.0, "dewpoint_c": 13.0, "wind_dir_degrees": 220.0, "wind_speed_kt": 12.0, "wind_gust_kt": 0.0, "visibility_statute_mi": 6.0, "altim_in_hg": 29.82, "sea_level_pressure_mb": 0.0, "quality_control_flags": null, "wx_string": "", "sky_condition": null, "flight_category": "VFR", "three_hr_pressure_tendency_mb": 0.0, "maxT_c": 0.0, "minT_c": 0.0, "maxT24hr_c": 0.0, "minT24hr_c": 0.0, "precip_in": 0.0, "pcp3hr_in": 0.0, "pcp6hr_in": 0.0, "pcp24hr_in": 0.0, "snow_in": 0.0, "vert_vis_ft": 0.0, "metar_type": "METAR", "elevation_m": 7.0, "municipality": "Kanazawa", "continent": "AS", "iso_country": "JP", "iso_region": "JP-17", "wikipedia_link": "https://en.wikipedia.org/wiki/Komatsu_Airport" }, "geometry": { "type": "Point", "coordinates": [ 136.407, 36.394 ] } },
{ "type": "Feature", "properties": { "raw_text": "METAR RJNS 280100Z 22007KT 190V280 9999 FEW015 SCT030 BKN/// 22/14 Q1013", "station_id": "RJNS", "observation_time": "2026-04-28T01:00:00.000Z", "latitude": 34.796, "longitude": 138.189, "temp_c": 22.0, "dewpoint_c": 14.0, "wind_dir_degrees": 220.0, "wind_speed_kt": 7.0, "wind_gust_kt": 0.0, "visibility_statute_mi": 6.0, "altim_in_hg": 29.91, "sea_level_pressure_mb": 0.0, "quality_control_flags": null, "wx_string": "", "sky_condition": null, "flight_category": "VFR", "three_hr_pressure_tendency_mb": 0.0, "maxT_c": 0.0, "minT_c": 0.0, "maxT24hr_c": 0.0, "minT24hr_c": 0.0, "precip_in": 0.0, "pcp3hr_in": 0.0, "pcp6hr_in": 0.0, "pcp24hr_in": 0.0, "snow_in": 0.0, "vert_vis_ft": 0.0, "metar_type": "METAR", "elevation_m": 133.0, "municipality": "Makinohara / Shimada", "continent": "AS", "iso_country": "JP", "iso_region": "JP-22", "wikipedia_link": "https://en.wikipedia.org/wiki/Shizuoka_Airport" }, "geometry": { "type": "Point", "coordinates": [ 138.189, 34.796 ] } },
{ "type": "Feature", "properties": { "raw_text": "METAR RJOA 280100Z 21006KT 140V310 9999 FEW020 SCT025 BKN/// 20/14 Q1013", "station_id": "RJOA", "observation_time": "2026-04-28T01:00:00.000Z", "latitude": 34.436, "longitude": 132.919, "temp_c": 20.0, "dewpoint_c": 14.0, "wind_dir_degrees": 210.0, "wind_speed_kt": 6.0, "wind_gust_kt": 0.0, "visibility_statute_mi": 6.0, "altim_in_hg": 29.91, "sea_level_pressure_mb": 0.0, "quality_control_flags": null, "wx_string": "", "sky_condition": null, "flight_category": "VFR", "three_hr_pressure_tendency_mb": 0.0, "maxT_c": 0.0, "minT_c": 0.0, "maxT24hr_c": 0.0, "minT24hr_c": 0.0, "precip_in": 0.0, "pcp3hr_in": 0.0, "pcp6hr_in": 0.0, "pcp24hr_in": 0.0, "snow_in": 0.0, "vert_vis_ft": 0.0, "metar_type": "METAR", "elevation_m": 318.0, "municipality": "Hiroshima", "continent": "AS", "iso_country": "JP", "iso_region": "JP-34", "wikipedia_link": "https://en.wikipedia.org/wiki/Hiroshima_Airport" }, "geometry": { "type": "Point", "coordinates": [ 132.919, 34.436 ] } },
{ "type": "Feature", "properties": { "raw_text": "METAR RJOB 280100Z VRB04KT 9999 FEW015 BKN180 19/14 Q1013", "station_id": "RJOB", "observation_time": "2026-04-28T01:00:00.000Z", "latitude": 34.757, "longitude": 133.855, "temp_c": 19.0, "dewpoint_c": 14.0, "wind_dir_degrees": 0.0, "wind_speed_kt": 4.0, "wind_gust_kt": 0.0, "visibility_statute_mi": 6.0, "altim_in_hg": 29.91, "sea_level_pressure_mb": 0.0, "quality_control_flags": null, "wx_string": "", "sky_condition": null, "flight_category": "VFR", "three_hr_pressure_tendency_mb": 0.0, "maxT_c": 0.0, "minT_c": 0.0, "maxT24hr_c": 0.0, "minT24hr_c": 0.0, "precip_in": 0.0, "pcp3hr_in": 0.0, "pcp6hr_in": 0.0, "pcp24hr_in": 0.0, "snow_in": 0.0, "vert_vis_ft": 0.0, "metar_type": "METAR", "elevation_m": 242.0, "municipality": "Okayama", "continent": "AS", "iso_country": "JP", "iso_region": "JP-33", "wikipedia_link": "https://en.wikipedia.org/wiki/Okayama_Airport" }, "geometry": { "type": "Point", "coordinates": [ 133.855, 34.757 ] } },
{ "type": "Feature", "properties": { "raw_text": "METAR RJOK 280100Z 17005KT 9999 FEW025 SCT/// 22/17 Q1013", "station_id": "RJOK", "observation_time": "2026-04-28T01:00:00.000Z", "latitude": 33.546, "longitude": 133.669, "temp_c": 22.0, "dewpoint_c": 17.0, "wind_dir_degrees": 170.0, "wind_speed_kt": 5.0, "wind_gust_kt": 0.0, "visibility_statute_mi": 6.0, "altim_in_hg": 29.91, "sea_level_pressure_mb": 0.0, "quality_control_flags": null, "wx_string": "", "sky_condition": null, "flight_category": "VFR", "three_hr_pressure_tendency_mb": 0.0, "maxT_c": 0.0, "minT_c": 0.0, "maxT24hr_c": 0.0, "minT24hr_c": 0.0, "precip_in": 0.0, "pcp3hr_in": 0.0, "pcp6hr_in": 0.0, "pcp24hr_in": 0.0, "snow_in": 0.0, "vert_vis_ft": 0.0, "metar_type": "METAR", "elevation_m": 7.0, "municipality": "Nankoku", "continent": "AS", "iso_country": "JP", "iso_region": "JP-39", "wikipedia_link": "https://en.wikipedia.org/wiki/K%C5%8Dchi_Airport" }, "geometry": { "type": "Point", "coordinates": [ 133.669, 33.546 ] } },
{ "type": "Feature", "properties": { "raw_text": "METAR RJOM 280100Z 26004KT 220V290 9999 FEW030 SCT170 BKN/// 19/13 Q1013", "station_id": "RJOM", "observation_time": "2026-04-28T01:00:00.000Z", "latitude": 33.83, "longitude": 132.698, "temp_c": 19.0, "dewpoint_c": 13.0, "wind_dir_degrees": 260.0, "wind_speed_kt": 4.0, "wind_gust_kt": 0.0, "visibility_statute_mi": 6.0, "altim_in_hg": 29.91, "sea_level_pressure_mb": 0.0, "quality_control_flags": null, "wx_string": "", "sky_condition": null, "flight_category": "VFR", "three_hr_pressure_tendency_mb": 0.0, "maxT_c": 0.0, "minT_c": 0.0, "maxT24hr_c": 0.0, "minT24hr_c": 0.0, "precip_in": 0.0, "pcp3hr_in": 0.0, "pcp6hr_in": 0.0, "pcp24hr_in": 0.0, "snow_in": 0.0, "vert_vis_ft": 0.0, "metar_type": "METAR", "elevation_m": 3.0, "municipality": "Matsuyama", "continent": "AS", "iso_country": "JP", "iso_region": "JP-38", "wikipedia_link": "https://en.wikipedia.org/wiki/Matsuyama_Airport" }, "geometry": { "type": "Point", "coordinates": [ 132.698, 33.83 ] } },
{ "type": "Feature", "properties": { "raw_text": "METAR RJOO 280100Z VRB02KT 9999 FEW020 BKN030 21/14 Q1012", "station_id": "RJOO", "observation_time": "2026-04-28T01:00:00.000Z", "latitude": 34.784, "longitude": 135.439, "temp_c": 21.0, "dewpoint_c": 14.0, "wind_dir_degrees": 0.0, "wind_speed_kt": 2.0, "wind_gust_kt": 0.0, "visibility_statute_mi": 6.0, "altim_in_hg": 29.88, "sea_level_pressure_mb": 0.0, "quality_control_flags": null, "wx_string": "", "sky_condition": null, "flight_category": "MVFR", "three_hr_pressure_tendency_mb": 0.0, "maxT_c": 0.0, "minT_c": 0.0, "maxT24hr_c": 0.0, "minT24hr_c": 0.0, "precip_in": 0.0, "pcp3hr_in": 0.0, "pcp6hr_in": 0.0, "pcp24hr_in": 0.0, "snow_in": 0.0, "vert_vis_ft": 0.0, "metar_type": "METAR", "elevation_m": 11.0, "municipality": "Osaka", "continent": "AS", "iso_country": "JP", "iso_region": "JP-27", "wikipedia_link": "https://en.wikipedia.org/wiki/Osaka_International_Airport" }, "geometry": { "type": "Point", "coordinates": [ 135.439, 34.784 ] } },
{ "type": "Feature", "properties": { "raw_text": "METAR RJOS 280100Z 09003KT 050V150 9999 FEW030 SCT/// 20/14 Q1013", "station_id": "RJOS", "observation_time": "2026-04-28T01:00:00.000Z", "latitude": 34.132, "longitude": 134.609, "temp_c": 20.0, "dewpoint_c": 14.0, "wind_dir_degrees": 90.0, "wind_speed_kt": 3.0, "wind_gust_kt": 0.0, "visibility_statute_mi": 6.0, "altim_in_hg": 29.91, "sea_level_pressure_mb": 0.0, "quality_control_flags": null, "wx_string": "", "sky_condition": null, "flight_category": "VFR", "three_hr_pressure_tendency_mb": 0.0, "maxT_c": 0.0, "minT_c": 0.0, "maxT24hr_c": 0.0, "minT24hr_c": 0.0, "precip_in": 0.0, "pcp3hr_in": 0.0, "pcp6hr_in": 0.0, "pcp24hr_in": 0.0, "snow_in": 0.0, "vert_vis_ft": 0.0, "metar_type": "METAR", "elevation_m": 3.0, "municipality": "Tokushima", "continent": "AS", "iso_country": "JP", "iso_region": "JP-36", "wikipedia_link": "https://en.wikipedia.org/wiki/Tokushima_Airport%E5%A0%B4#.E8" }, "geometry": { "type": "Point", "coordinates": [ 134.609, 34.132 ] } },
{ "type": "Feature", "properties": { "raw_text": "METAR RJOT 280100Z 35004KT 300V050 9999 FEW025 SCT/// 20/13 Q1012", "station_id": "RJOT", "observation_time": "2026-04-28T01:00:00.000Z", "latitude": 34.214, "longitude": 134.016, "temp_c": 20.0, "dewpoint_c": 13.0, "wind_dir_degrees": 350.0, "wind_speed_kt": 4.0, "wind_gust_kt": 0.0, "visibility_statute_mi": 6.0, "altim_in_hg": 29.88, "sea_level_pressure_mb": 0.0, "quality_control_flags": null, "wx_string": "", "sky_condition": null, "flight_category": "VFR", "three_hr_pressure_tendency_mb": 0.0, "maxT_c": 0.0, "minT_c": 0.0, "maxT24hr_c": 0.0, "minT24hr_c": 0.0, "precip_in": 0.0, "pcp3hr_in": 0.0, "pcp6hr_in": 0.0, "pcp24hr_in": 0.0, "snow_in": 0.0, "vert_vis_ft": 0.0, "metar_type": "METAR", "elevation_m": 181.0, "municipality": "Takamatsu", "continent": "AS", "iso_country": "JP", "iso_region": "JP-37", "wikipedia_link": "https://en.wikipedia.org/wiki/Takamatsu_Airport" }, "geometry": { "type": "Point", "coordinates": [ 134.016, 34.214 ] } },
{ "type": "Feature", "properties": { "raw_text": "METAR RJSA 280100Z 27004KT 240V320 9999 FEW010 SCT050 BKN060 09/05 Q1010", "station_id": "RJSA", "observation_time": "2026-04-28T01:00:00.000Z", "latitude": 40.733, "longitude": 140.689, "temp_c": 9.0, "dewpoint_c": 5.0, "wind_dir_degrees": 270.0, "wind_speed_kt": 4.0, "wind_gust_kt": 0.0, "visibility_statute_mi": 6.0, "altim_in_hg": 29.82, "sea_level_pressure_mb": 0.0, "quality_control_flags": null, "wx_string": "", "sky_condition": null, "flight_category": "VFR", "three_hr_pressure_tendency_mb": 0.0, "maxT_c": 0.0, "minT_c": 0.0, "maxT24hr_c": 0.0, "minT24hr_c": 0.0, "precip_in": 0.0, "pcp3hr_in": 0.0, "pcp6hr_in": 0.0, "pcp24hr_in": 0.0, "snow_in": 0.0, "vert_vis_ft": 0.0, "metar_type": "METAR", "elevation_m": 196.0, "municipality": "Aomori", "continent": "AS", "iso_country": "JP", "iso_region": "JP-02", "wikipedia_link": "https://en.wikipedia.org/wiki/Aomori_Airport" }, "geometry": { "type": "Point", "coordinates": [ 140.689, 40.733 ] } },
{ "type": "Feature", "properties": { "raw_text": "METAR RJSN 280100Z 33006KT 9999 FEW030 SCT040 BKN/// 16/13 Q1011", "station_id": "RJSN", "observation_time": "2026-04-28T01:00:00.000Z", "latitude": 37.956, "longitude": 139.121, "temp_c": 16.0, "dewpoint_c": 13.0, "wind_dir_degrees": 330.0, "wind_speed_kt": 6.0, "wind_gust_kt": 0.0, "visibility_statute_mi": 6.0, "altim_in_hg": 29.85, "sea_level_pressure_mb": 0.0, "quality_control_flags": null, "wx_string": "", "sky_condition": null, "flight_category": "VFR", "three_hr_pressure_tendency_mb": 0.0, "maxT_c": 0.0, "minT_c": 0.0, "maxT24hr_c": 0.0, "minT24hr_c": 0.0, "precip_in": 0.0, "pcp3hr_in": 0.0, "pcp6hr_in": 0.0, "pcp24hr_in": 0.0, "snow_in": 0.0, "vert_vis_ft": 0.0, "metar_type": "METAR", "elevation_m": 4.0, "municipality": "Niigata", "continent": "AS", "iso_country": "JP", "iso_region": "JP-15", "wikipedia_link": "https://en.wikipedia.org/wiki/Niigata_Airport" }, "geometry": { "type": "Point", "coordinates": [ 139.121, 37.956 ] } },
{ "type": "Feature", "properties": { "raw_text": "METAR RJSS 280100Z 18007KT 130V220 9999 FEW030 BKN/// 19/11 Q1010", "station_id": "RJSS", "observation_time": "2026-04-28T01:00:00.000Z", "latitude": 38.14, "longitude": 140.917, "temp_c": 19.0, "dewpoint_c": 11.0, "wind_dir_degrees": 180.0, "wind_speed_kt": 7.0, "wind_gust_kt": 0.0, "visibility_statute_mi": 6.0, "altim_in_hg": 29.82, "sea_level_pressure_mb": 0.0, "quality_control_flags": null, "wx_string": "", "sky_condition": null, "flight_category": "VFR", "three_hr_pressure_tendency_mb": 0.0, "maxT_c": 0.0, "minT_c": 0.0, "maxT24hr_c": 0.0, "minT24hr_c": 0.0, "precip_in": 0.0, "pcp3hr_in": 0.0, "pcp6hr_in": 0.0, "pcp24hr_in": 0.0, "snow_in": 0.0, "vert_vis_ft": 0.0, "metar_type": "METAR", "elevation_m": 5.0, "municipality": "Natori", "continent": "AS", "iso_country": "JP", "iso_region": "JP-04", "wikipedia_link": "https://en.wikipedia.org/wiki/Sendai_Airport" }, "geometry": { "type": "Point", "coordinates": [ 140.917, 38.14 ] } },
{ "type": "Feature", "properties": { "raw_text": "METAR RJTT 280130Z 18017KT 9999 FEW030 BKN/// 22/14 Q1012 NOSIG", "station_id": "RJTT", "observation_time": "2026-04-28T01:30:00.000Z", "latitude": 35.553, "longitude": 139.781, "temp_c": 22.0, "dewpoint_c": 14.0, "wind_dir_degrees": 180.0, "wind_speed_kt": 17.0, "wind_gust_kt": 0.0, "visibility_statute_mi": 6.0, "altim_in_hg": 29.88, "sea_level_pressure_mb": 0.0, "quality_control_flags": null, "wx_string": "", "sky_condition": null, "flight_category": "VFR", "three_hr_pressure_tendency_mb": 0.0, "maxT_c": 0.0, "minT_c": 0.0, "maxT24hr_c": 0.0, "minT24hr_c": 0.0, "precip_in": 0.0, "pcp3hr_in": 0.0, "pcp6hr_in": 0.0, "pcp24hr_in": 0.0, "snow_in": 0.0, "vert_vis_ft": 0.0, "metar_type": "METAR", "elevation_m": 5.0, "municipality": "Tokyo", "continent": "AS", "iso_country": "JP", "iso_region": "JP-13", "wikipedia_link": "https://en.wikipedia.org/wiki/Tokyo_International_Airport" }, "geometry": { "type": "Point", "coordinates": [ 139.781, 35.553 ] } },
{ "type": "Feature", "properties": { "raw_text": "METAR RKJB 280100Z 33011KT CAVOK 14/07 Q1016 NOSIG", "station_id": "RKJB", "observation_time": "2026-04-28T01:00:00.000Z", "latitude": 34.991, "longitude": 126.383, "temp_c": 14.0, "dewpoint_c": 7.0, "wind_dir_degrees": 330.0, "wind_speed_kt": 11.0, "wind_gust_kt": 0.0, "visibility_statute_mi": 6.0, "altim_in_hg": 30.0, "sea_level_pressure_mb": 0.0, "quality_control_flags": null, "wx_string": "", "sky_condition": null, "flight_category": "VFR", "three_hr_pressure_tendency_mb": 0.0, "maxT_c": 0.0, "minT_c": 0.0, "maxT24hr_c": 0.0, "minT24hr_c": 0.0, "precip_in": 0.0, "pcp3hr_in": 0.0, "pcp6hr_in": 0.0, "pcp24hr_in": 0.0, "snow_in": 0.0, "vert_vis_ft": 0.0, "metar_type": "METAR", "elevation_m": 16.0, "municipality": "Muan (Piseo-ri)", "continent": "AS", "iso_country": "KR", "iso_region": "KR-46", "wikipedia_link": "https://en.wikipedia.org/wiki/Muan_International_Airport" }, "geometry": { "type": "Point", "coordinates": [ 126.383, 34.991 ] } },
{ "type": "Feature", "properties": { "raw_text": "METAR RKNY 280100Z 36010KT 9999 FEW010 BKN050 OVC080 12/08 Q1011 NOSIG", "station_id": "RKNY", "observation_time": "2026-04-28T01:00:00.000Z", "latitude": 38.061, "longitude": 128.669, "temp_c": 12.0, "dewpoint_c": 8.0, "wind_dir_degrees": 360.0, "wind_speed_kt": 10.0, "wind_gust_kt": 0.0, "visibility_statute_mi": 6.0, "altim_in_hg": 29.85, "sea_level_pressure_mb": 0.0, "quality_control_flags": null, "wx_string": "", "sky_condition": null, "flight_category": "VFR", "three_hr_pressure_tendency_mb": 0.0, "maxT_c": 0.0, "minT_c": 0.0, "maxT24hr_c": 0.0, "minT24hr_c": 0.0, "precip_in": 0.0, "pcp3hr_in": 0.0, "pcp6hr_in": 0.0, "pcp24hr_in": 0.0, "snow_in": 0.0, "vert_vis_ft": 0.0, "metar_type": "METAR", "elevation_m": 76.0, "municipality": "Gonghang-ro", "continent": "AS", "iso_country": "KR", "iso_region": "KR-42", "wikipedia_link": "https://en.wikipedia.org/wiki/Yangyang_International_Airport" }, "geometry": { "type": "Point", "coordinates": [ 128.669, 38.061 ] } },
{ "type": "Feature", "properties": { "raw_text": "SPECI RKPC 280121Z 33003KT 7000 SCT013 BKN025 15/11 Q1016 NOSIG", "station_id": "RKPC", "observation_time": "2026-04-28T01:21:00.000Z", "latitude": 33.511, "longitude": 126.493, "temp_c": 15.0, "dewpoint_c": 11.0, "wind_dir_degrees": 330.0, "wind_speed_kt": 3.0, "wind_gust_kt": 0.0, "visibility_statute_mi": 4.35, "altim_in_hg": 30.0, "sea_level_pressure_mb": 0.0, "quality_control_flags": null, "wx_string": "", "sky_condition": null, "flight_category": "MVFR", "three_hr_pressure_tendency_mb": 0.0, "maxT_c": 0.0, "minT_c": 0.0, "maxT24hr_c": 0.0, "minT24hr_c": 0.0, "precip_in": 0.0, "pcp3hr_in": 0.0, "pcp6hr_in": 0.0, "pcp24hr_in": 0.0, "snow_in": 0.0, "vert_vis_ft": 0.0, "metar_type": "SPECI", "elevation_m": 23.0, "municipality": "Jeju City", "continent": "AS", "iso_country": "KR", "iso_region": "KR-49", "wikipedia_link": "https://en.wikipedia.org/wiki/Jeju_International_Airport" }, "geometry": { "type": "Point", "coordinates": [ 126.493, 33.511 ] } },
{ "type": "Feature", "properties": { "raw_text": "METAR RKPK 280100Z 28006KT CAVOK 20/09 Q1011", "station_id": "RKPK", "observation_time": "2026-04-28T01:00:00.000Z", "latitude": 35.179, "longitude": 128.938, "temp_c": 20.0, "dewpoint_c": 9.0, "wind_dir_degrees": 280.0, "wind_speed_kt": 6.0, "wind_gust_kt": 0.0, "visibility_statute_mi": 6.0, "altim_in_hg": 29.85, "sea_level_pressure_mb": 0.0, "quality_control_flags": null, "wx_string": "", "sky_condition": null, "flight_category": "VFR", "three_hr_pressure_tendency_mb": 0.0, "maxT_c": 0.0, "minT_c": 0.0, "maxT24hr_c": 0.0, "minT24hr_c": 0.0, "precip_in": 0.0, "pcp3hr_in": 0.0, "pcp6hr_in": 0.0, "pcp24hr_in": 0.0, "snow_in": 0.0, "vert_vis_ft": 0.0, "metar_type": "METAR", "elevation_m": 3.0, "municipality": "Busan", "continent": "AS", "iso_country": "KR", "iso_region": "KR-26", "wikipedia_link": "https://en.wikipedia.org/wiki/Gimhae_International_Airport" }, "geometry": { "type": "Point", "coordinates": [ 128.938, 35.179 ] } },
{ "type": "Feature", "properties": { "raw_text": "METAR RKSI 280130Z 28014KT 9999 FEW015 BKN035 BKN200 14/08 Q1014 NOSIG", "station_id": "RKSI", "observation_time": "2026-04-28T01:30:00.000Z", "latitude": 37.469, "longitude": 126.451, "temp_c": 14.0, "dewpoint_c": 8.0, "wind_dir_degrees": 280.0, "wind_speed_kt": 14.0, "wind_gust_kt": 0.0, "visibility_statute_mi": 6.0, "altim_in_hg": 29.94, "sea_level_pressure_mb": 0.0, "quality_control_flags": null, "wx_string": "", "sky_condition": null, "flight_category": "VFR", "three_hr_pressure_tendency_mb": 0.0, "maxT_c": 0.0, "minT_c": 0.0, "maxT24hr_c": 0.0, "minT24hr_c": 0.0, "precip_in": 0.0, "pcp3hr_in": 0.0, "pcp6hr_in": 0.0, "pcp24hr_in": 0.0, "snow_in": 0.0, "vert_vis_ft": 0.0, "metar_type": "METAR", "elevation_m": 7.0, "municipality": "Seoul", "continent": "AS", "iso_country": "KR", "iso_region": "KR-28", "wikipedia_link": "https://en.wikipedia.org/wiki/Incheon_International_Airport" }, "geometry": { "type": "Point", "coordinates": [ 126.451, 37.469 ] } },
{ "type": "Feature", "properties": { "raw_text": "METAR RKSS 280100Z 27008KT 240V310 9999 SCT020 BKN200 14/09 Q1013 NOSIG", "station_id": "RKSS", "observation_time": "2026-04-28T01:00:00.000Z", "latitude": 37.558, "longitude": 126.791, "temp_c": 14.0, "dewpoint_c": 9.0, "wind_dir_degrees": 270.0, "wind_speed_kt": 8.0, "wind_gust_kt": 0.0, "visibility_statute_mi": 6.0, "altim_in_hg": 29.91, "sea_level_pressure_mb": 0.0, "quality_control_flags": null, "wx_string": "", "sky_condition": null, "flight_category": "VFR", "three_hr_pressure_tendency_mb": 0.0, "maxT_c": 0.0, "minT_c": 0.0, "maxT24hr_c": 0.0, "minT24hr_c": 0.0, "precip_in": 0.0, "pcp3hr_in": 0.0, "pcp6hr_in": 0.0, "pcp24hr_in": 0.0, "snow_in": 0.0, "vert_vis_ft": 0.0, "metar_type": "METAR", "elevation_m": 18.0, "municipality": "Seoul", "continent": "AS", "iso_country": "KR", "iso_region": "KR-11", "wikipedia_link": "https://en.wikipedia.org/wiki/Gimpo_International_Airport" }, "geometry": { "type": "Point", "coordinates": [ 126.791, 37.558 ] } },
{ "type": "Feature", "properties": { "raw_text": "METAR RKTN 280100Z 30008KT CAVOK 19/07 Q1012", "station_id": "RKTN", "observation_time": "2026-04-28T01:00:00.000Z", "latitude": 35.894, "longitude": 128.659, "temp_c": 19.0, "dewpoint_c": 7.0, "wind_dir_degrees": 300.0, "wind_speed_kt": 8.0, "wind_gust_kt": 0.0, "visibility_statute_mi": 6.0, "altim_in_hg": 29.88, "sea_level_pressure_mb": 0.0, "quality_control_flags": null, "wx_string": "", "sky_condition": null, "flight_category": "VFR", "three_hr_pressure_tendency_mb": 0.0, "maxT_c": 0.0, "minT_c": 0.0, "maxT24hr_c": 0.0, "minT24hr_c": 0.0, "precip_in": 0.0, "pcp3hr_in": 0.0, "pcp6hr_in": 0.0, "pcp24hr_in": 0.0, "snow_in": 0.0, "vert_vis_ft": 0.0, "metar_type": "METAR", "elevation_m": 25.0, "municipality": "Daegu", "continent": "AS", "iso_country": "KR", "iso_region": "KR-27", "wikipedia_link": "https://en.wikipedia.org/wiki/Daegu_Airport" }, "geometry": { "type": "Point", "coordinates": [ 128.659, 35.894 ] } },
{ "type": "Feature", "properties": { "raw_text": "METAR RKTU 280100Z 26006KT 9999 BKN030 BKN250 14/07 Q1014", "station_id": "RKTU", "observation_time": "2026-04-28T01:00:00.000Z", "latitude": 36.717, "longitude": 127.499, "temp_c": 14.0, "dewpoint_c": 7.0, "wind_dir_degrees": 260.0, "wind_speed_kt": 6.0, "wind_gust_kt": 0.0, "visibility_statute_mi": 6.0, "altim_in_hg": 29.94, "sea_level_pressure_mb": 0.0, "quality_control_flags": null, "wx_string": "", "sky_condition": null, "flight_category": "MVFR", "three_hr_pressure_tendency_mb": 0.0, "maxT_c": 0.0, "minT_c": 0.0, "maxT24hr_c": 0.0, "minT24hr_c": 0.0, "precip_in": 0.0, "pcp3hr_in": 0.0, "pcp6hr_in": 0.0, "pcp24hr_in": 0.0, "snow_in": 0.0, "vert_vis_ft": 0.0, "metar_type": "METAR", "elevation_m": 46.0, "municipality": "Cheongju", "continent": "AS", "iso_country": "KR", "iso_region": "KR-43", "wikipedia_link": "https://en.wikipedia.org/wiki/Cheongju_Airport" }, "geometry": { "type": "Point", "coordinates": [ 127.499, 36.717 ] } },
{ "type": "Feature", "properties": { "raw_text": "METAR ROAH 280130Z 20009KT CAVOK 24/17 Q1015", "station_id": "ROAH", "observation_time": "2026-04-28T01:30:00.000Z", "latitude": 26.196, "longitude": 127.646, "temp_c": 24.0, "dewpoint_c": 17.0, "wind_dir_degrees": 200.0, "wind_speed_kt": 9.0, "wind_gust_kt": 0.0, "visibility_statute_mi": 6.0, "altim_in_hg": 29.97, "sea_level_pressure_mb": 0.0, "quality_control_flags": null, "wx_string": "", "sky_condition": null, "flight_category": "VFR", "three_hr_pressure_tendency_mb": 0.0, "maxT_c": 0.0, "minT_c": 0.0, "maxT24hr_c": 0.0, "minT24hr_c": 0.0, "precip_in": 0.0, "pcp3hr_in": 0.0, "pcp6hr_in": 0.0, "pcp24hr_in": 0.0, "snow_in": 0.0, "vert_vis_ft": 0.0, "metar_type": "METAR", "elevation_m": 6.0, "municipality": "Naha", "continent": "AS", "iso_country": "JP", "iso_region": "JP-47", "wikipedia_link": "https://en.wikipedia.org/wiki/Naha_Airport" }, "geometry": { "type": "Point", "coordinates": [ 127.646, 26.196 ] } },
{ "type": "Feature", "properties": { "raw_text": "METAR RODN 280055Z 10004KT 10SM FEW120 24/16 A3000 RMK AO2A SLP161 T02380155 FZRANO $", "station_id": "RODN", "observation_time": "2026-04-28T00:55:00.000Z", "latitude": 26.356, "longitude": 127.768, "temp_c": 23.8, "dewpoint_c": 15.5, "wind_dir_degrees": 100.0, "wind_speed_kt": 4.0, "wind_gust_kt": 0.0, "visibility_statute_mi": 10.0, "altim_in_hg": 30.0, "sea_level_pressure_mb": 1016.1, "quality_control_flags": null, "wx_string": "", "sky_condition": null, "flight_category": "VFR", "three_hr_pressure_tendency_mb": 0.0, "maxT_c": 0.0, "minT_c": 0.0, "maxT24hr_c": 0.0, "minT24hr_c": 0.0, "precip_in": 0.0, "pcp3hr_in": 0.0, "pcp6hr_in": 0.0, "pcp24hr_in": 0.0, "snow_in": 0.0, "vert_vis_ft": 0.0, "metar_type": "METAR", "elevation_m": 38.0, "municipality": "Okinawa", "continent": "AS", "iso_country": "JP", "iso_region": "JP-47", "wikipedia_link": "https://en.wikipedia.org/wiki/Kadena_Air_Base" }, "geometry": { "type": "Point", "coordinates": [ 127.768, 26.356 ] } },
{ "type": "Feature", "properties": { "raw_text": "METAR RPLB 280100Z 06010KT 010V100 9999 FEW020 SCT300 32/23 Q1012 NOSIG RMK A2988", "station_id": "RPLB", "observation_time": "2026-04-28T01:00:00.000Z", "latitude": 14.794, "longitude": 120.271, "temp_c": 32.0, "dewpoint_c": 23.0, "wind_dir_degrees": 60.0, "wind_speed_kt": 10.0, "wind_gust_kt": 0.0, "visibility_statute_mi": 6.0, "altim_in_hg": 29.88, "sea_level_pressure_mb": 0.0, "quality_control_flags": null, "wx_string": "", "sky_condition": null, "flight_category": "VFR", "three_hr_pressure_tendency_mb": 0.0, "maxT_c": 0.0, "minT_c": 0.0, "maxT24hr_c": 0.0, "minT24hr_c": 0.0, "precip_in": 0.0, "pcp3hr_in": 0.0, "pcp6hr_in": 0.0, "pcp24hr_in": 0.0, "snow_in": 0.0, "vert_vis_ft": 0.0, "metar_type": "METAR", "elevation_m": 19.0, "municipality": "Olongapo", "continent": "AS", "iso_country": "PH", "iso_region": "PH-ZMB", "wikipedia_link": "https://en.wikipedia.org/wiki/Subic_Bay_International_Airport" }, "geometry": { "type": "Point", "coordinates": [ 120.271, 14.794 ] } },
{ "type": "Feature", "properties": { "raw_text": "METAR RPLC 280100Z 36004KT 9999 BKN019 30/23 Q1013 NOSIG RMK A2991", "station_id": "RPLC", "observation_time": "2026-04-28T01:00:00.000Z", "latitude": 15.186, "longitude": 120.56, "temp_c": 30.0, "dewpoint_c": 23.0, "wind_dir_degrees": 360.0, "wind_speed_kt": 4.0, "wind_gust_kt": 0.0, "visibility_statute_mi": 6.0, "altim_in_hg": 29.91, "sea_level_pressure_mb": 0.0, "quality_control_flags": null, "wx_string": "", "sky_condition": null, "flight_category": "MVFR", "three_hr_pressure_tendency_mb": 0.0, "maxT_c": 0.0, "minT_c": 0.0, "maxT24hr_c": 0.0, "minT24hr_c": 0.0, "precip_in": 0.0, "pcp3hr_in": 0.0, "pcp6hr_in": 0.0, "pcp24hr_in": 0.0, "snow_in": 0.0, "vert_vis_ft": 0.0, "metar_type": "METAR", "elevation_m": 138.0, "municipality": "Mabalacat", "continent": "AS", "iso_country": "PH", "iso_region": "PH-PAM", "wikipedia_link": "https://en.wikipedia.org/wiki/Clark_International_Airport" }, "geometry": { "type": "Point", "coordinates": [ 120.56, 15.186 ] } },
{ "type": "Feature", "properties": { "raw_text": "METAR RPLI 280100Z 22006KT 9999 FEW018 31/25 Q1011 NOSIG RMK A2985", "station_id": "RPLI", "observation_time": "2026-04-28T01:00:00.000Z", "latitude": 18.178, "longitude": 120.532, "temp_c": 31.0, "dewpoint_c": 25.0, "wind_dir_degrees": 220.0, "wind_speed_kt": 6.0, "wind_gust_kt": 0.0, "visibility_statute_mi": 6.0, "altim_in_hg": 29.85, "sea_level_pressure_mb": 0.0, "quality_control_flags": null, "wx_string": "", "sky_condition": null, "flight_category": "VFR", "three_hr_pressure_tendency_mb": 0.0, "maxT_c": 0.0, "minT_c": 0.0, "maxT24hr_c": 0.0, "minT24hr_c": 0.0, "precip_in": 0.0, "pcp3hr_in": 0.0, "pcp6hr_in": 0.0, "pcp24hr_in": 0.0, "snow_in": 0.0, "vert_vis_ft": 0.0, "metar_type": "METAR", "elevation_m": 5.0, "municipality": "Laoag City", "continent": "AS", "iso_country": "PH", "iso_region": "PH-ILN", "wikipedia_link": "https://en.wikipedia.org/wiki/Laoag_International_Airport" }, "geometry": { "type": "Point", "coordinates": [ 120.532, 18.178 ] } },
{ "type": "Feature", "properties": { "raw_text": "METAR RPLL 280100Z 10010KT 070V140 9999 FEW025 SCT100 31/23 Q1012 NOSIG RMK A2988", "station_id": "RPLL", "observation_time": "2026-04-28T01:00:00.000Z", "latitude": 14.507, "longitude": 121.004, "temp_c": 31.0, "dewpoint_c": 23.0, "wind_dir_degrees": 100.0, "wind_speed_kt": 10.0, "wind_gust_kt": 0.0, "visibility_statute_mi": 6.0, "altim_in_hg": 29.88, "sea_level_pressure_mb": 0.0, "quality_control_flags": null, "wx_string": "", "sky_condition": null, "flight_category": "VFR", "three_hr_pressure_tendency_mb": 0.0, "maxT_c": 0.0, "minT_c": 0.0, "maxT24hr_c": 0.0, "minT24hr_c": 0.0, "precip_in": 0.0, "pcp3hr_in": 0.0, "pcp6hr_in": 0.0, "pcp24hr_in": 0.0, "snow_in": 0.0, "vert_vis_ft": 0.0, "metar_type": "METAR", "elevation_m": 15.0, "municipality": "Manila (Pasay)", "continent": "AS", "iso_country": "PH", "iso_region": "PH-00", "wikipedia_link": "https://en.wikipedia.org/wiki/Ninoy_Aquino_International_Airport" }, "geometry": { "type": "Point", "coordinates": [ 121.004, 14.507 ] } },
{ "type": "Feature", "properties": { "raw_text": "METAR RPMD 280100Z 05008KT 020V080 9999 FEW019 BKN260 31/25 Q1012 RMK A2988", "station_id": "RPMD", "observation_time": "2026-04-28T01:00:00.000Z", "latitude": 7.125, "longitude": 125.646, "temp_c": 31.0, "dewpoint_c": 25.0, "wind_dir_degrees": 50.0, "wind_speed_kt": 8.0, "wind_gust_kt": 0.0, "visibility_statute_mi": 6.0, "altim_in_hg": 29.88, "sea_level_pressure_mb": 0.0, "quality_control_flags": null, "wx_string": "", "sky_condition": null, "flight_category": "VFR", "three_hr_pressure_tendency_mb": 0.0, "maxT_c": 0.0, "minT_c": 0.0, "maxT24hr_c": 0.0, "minT24hr_c": 0.0, "precip_in": 0.0, "pcp3hr_in": 0.0, "pcp6hr_in": 0.0, "pcp24hr_in": 0.0, "snow_in": 0.0, "vert_vis_ft": 0.0, "metar_type": "METAR", "elevation_m": 19.0, "municipality": "Davao", "continent": "AS", "iso_country": "PH", "iso_region": "PH-DVO", "wikipedia_link": "https://en.wikipedia.org/wiki/Francisco_Bangoy_International_Airport" }, "geometry": { "type": "Point", "coordinates": [ 125.646, 7.125 ] } },
{ "type": "Feature", "properties": { "raw_text": "METAR RPMR 280100Z 06008KT 9999 FEW018 SCT080 BKN250 32/22 Q1012 RMK A2988", "station_id": "RPMR", "observation_time": "2026-04-28T01:00:00.000Z", "latitude": 6.058, "longitude": 125.096, "temp_c": 32.0, "dewpoint_c": 22.0, "wind_dir_degrees": 60.0, "wind_speed_kt": 8.0, "wind_gust_kt": 0.0, "visibility_statute_mi": 6.0, "altim_in_hg": 29.88, "sea_level_pressure_mb": 0.0, "quality_control_flags": null, "wx_string": "", "sky_condition": null, "flight_category": "VFR", "three_hr_pressure_tendency_mb": 0.0, "maxT_c": 0.0, "minT_c": 0.0, "maxT24hr_c": 0.0, "minT24hr_c": 0.0, "precip_in": 0.0, "pcp3hr_in": 0.0, "pcp6hr_in": 0.0, "pcp24hr_in": 0.0, "snow_in": 0.0, "vert_vis_ft": 0.0, "metar_type": "METAR", "elevation_m": 47.0, "municipality": "General Santos", "continent": "AS", "iso_country": "PH", "iso_region": "PH-SCO", "wikipedia_link": "https://en.wikipedia.org/wiki/General_Santos_International_Airport" }, "geometry": { "type": "Point", "coordinates": [ 125.096, 6.058 ] } },
{ "type": "Feature", "properties": { "raw_text": "METAR RPMZ 280100Z 04004KT 9999 TS FEW016CB BKN090 28/24 Q1012 RMK A2988 CB NE-SE", "station_id": "RPMZ", "observation_time": "2026-04-28T01:00:00.000Z", "latitude": 6.92, "longitude": 122.063, "temp_c": 28.0, "dewpoint_c": 24.0, "wind_dir_degrees": 40.0, "wind_speed_kt": 4.0, "wind_gust_kt": 0.0, "visibility_statute_mi": 6.0, "altim_in_hg": 29.88, "sea_level_pressure_mb": 0.0, "quality_control_flags": null, "wx_string": "TS", "sky_condition": null, "flight_category": "VFR", "three_hr_pressure_tendency_mb": 0.0, "maxT_c": 0.0, "minT_c": 0.0, "maxT24hr_c": 0.0, "minT24hr_c": 0.0, "precip_in": 0.0, "pcp3hr_in": 0.0, "pcp6hr_in": 0.0, "pcp24hr_in": 0.0, "snow_in": 0.0, "vert_vis_ft": 0.0, "metar_type": "METAR", "elevation_m": 8.0, "municipality": "Zamboanga", "continent": "AS", "iso_country": "PH", "iso_region": "PH-ZMC", "wikipedia_link": "https://en.wikipedia.org/wiki/Zamboanga_International_Airport" }, "geometry": { "type": "Point", "coordinates": [ 122.063, 6.92 ] } },
{ "type": "Feature", "properties": { "raw_text": "METAR RPVK 280100Z 10009KT 070V130 9999 FEW013CB SCT016 BKN070 29/25 Q1012 RMK A2988 CB S,SW,W", "station_id": "RPVK", "observation_time": "2026-04-28T01:00:00.000Z", "latitude": 11.683, "longitude": 122.383, "temp_c": 29.0, "dewpoint_c": 25.0, "wind_dir_degrees": 100.0, "wind_speed_kt": 9.0, "wind_gust_kt": 0.0, "visibility_statute_mi": 6.0, "altim_in_hg": 29.88, "sea_level_pressure_mb": 0.0, "quality_control_flags": null, "wx_string": "", "sky_condition": null, "flight_category": "VFR", "three_hr_pressure_tendency_mb": 0.0, "maxT_c": 0.0, "minT_c": 0.0, "maxT24hr_c": 0.0, "minT24hr_c": 0.0, "precip_in": 0.0, "pcp3hr_in": 0.0, "pcp6hr_in": 0.0, "pcp24hr_in": 0.0, "snow_in": 0.0, "vert_vis_ft": 0.0, "metar_type": "METAR", "elevation_m": 6.0, "municipality": "Kalibo", "continent": "AS", "iso_country": "PH", "iso_region": "PH-AKL", "wikipedia_link": "https://en.wikipedia.org/wiki/Kalibo_International_Airport" }, "geometry": { "type": "Point", "coordinates": [ 122.383, 11.683 ] } },
{ "type": "Feature", "properties": { "raw_text": "METAR RPVM 280100Z 03007KT 350V080 9999 FEW008 SCT024 31/24 Q1011 NOSIG RMK A2985", "station_id": "RPVM", "observation_time": "2026-04-28T01:00:00.000Z", "latitude": 10.308, "longitude": 123.978, "temp_c": 31.0, "dewpoint_c": 24.0, "wind_dir_degrees": 30.0, "wind_speed_kt": 7.0, "wind_gust_kt": 0.0, "visibility_statute_mi": 6.0, "altim_in_hg": 29.85, "sea_level_pressure_mb": 0.0, "quality_control_flags": null, "wx_string": "", "sky_condition": null, "flight_category": "VFR", "three_hr_pressure_tendency_mb": 0.0, "maxT_c": 0.0, "minT_c": 0.0, "maxT24hr_c": 0.0, "minT24hr_c": 0.0, "precip_in": 0.0, "pcp3hr_in": 0.0, "pcp6hr_in": 0.0, "pcp24hr_in": 0.0, "snow_in": 0.0, "vert_vis_ft": 0.0, "metar_type": "METAR", "elevation_m": 9.0, "municipality": "Cebu City/Lapu-Lapu City", "continent": "AS", "iso_country": "PH", "iso_region": "PH-CEB", "wikipedia_link": "https://en.wikipedia.org/wiki/Mactan-Cebu_International_Airport" }, "geometry": { "type": "Point", "coordinates": [ 123.978, 10.308 ] } },
{ "type": "Feature", "properties": { "raw_text": "METAR RPVP 280100Z 33006KT 9000 FEW017CB BKN080 27/25 Q1011 RMK A2985 CB/OCNL TS N-NE-E", "station_id": "RPVP", "observation_time": "2026-04-28T01:00:00.000Z", "latitude": 9.742, "longitude": 118.759, "temp_c": 27.0, "dewpoint_c": 25.0, "wind_dir_degrees": 330.0, "wind_speed_kt": 6.0, "wind_gust_kt": 0.0, "visibility_statute_mi": 5.59, "altim_in_hg": 29.85, "sea_level_pressure_mb": 0.0, "quality_control_flags": null, "wx_string": "", "sky_condition": null, "flight_category": "VFR", "three_hr_pressure_tendency_mb": 0.0, "maxT_c": 0.0, "minT_c": 0.0, "maxT24hr_c": 0.0, "minT24hr_c": 0.0, "precip_in": 0.0, "pcp3hr_in": 0.0, "pcp6hr_in": 0.0, "pcp24hr_in": 0.0, "snow_in": 0.0, "vert_vis_ft": 0.0, "metar_type": "METAR", "elevation_m": 15.0, "municipality": "Puerto Princesa", "continent": "AS", "iso_country": "PH", "iso_region": "PH-PLW", "wikipedia_link": "https://en.wikipedia.org/wiki/Puerto_Princesa_Airport" }, "geometry": { "type": "Point", "coordinates": [ 118.759, 9.742 ] } },
{ "type": "Feature", "properties": { "raw_text": "METAR OERS 280100Z 00000KT CAVOK 21/12 Q1009 NOSIG", "station_id": "OERS", "observation_time": "2026-04-28T01:00:00.000Z", "latitude": -99.99, "longitude": -99.99, "temp_c": 21.0, "dewpoint_c": 12.0, "wind_dir_degrees": 0.0, "wind_speed_kt": 0.0, "wind_gust_kt": 0.0, "visibility_statute_mi": 6.0, "altim_in_hg": 29.79, "sea_level_pressure_mb": 0.0, "quality_control_flags": null, "wx_string": "", "sky_condition": null, "flight_category": "VFR", "three_hr_pressure_tendency_mb": 0.0, "maxT_c": 0.0, "minT_c": 0.0, "maxT24hr_c": 0.0, "minT24hr_c": 0.0, "precip_in": 0.0, "pcp3hr_in": 0.0, "pcp6hr_in": 0.0, "pcp24hr_in": 0.0, "snow_in": 0.0, "vert_vis_ft": 0.0, "metar_type": "METAR", "elevation_m": 9999.0, "municipality": "Hanak", "continent": "AS", "iso_country": "SA", "iso_region": "SA-07", "wikipedia_link": "https://en.wikipedia.org/wiki/Red_Sea_International_Airport" }, "geometry": { "type": "Point", "coordinates": [ -99.99, -99.99 ] } },
{ "type": "Feature", "properties": { "raw_text": "METAR SAAR 280100Z 33002KT CAVOK 07/04 Q1017 RMK PP000", "station_id": "SAAR", "observation_time": "2026-04-28T01:00:00.000Z", "latitude": -32.918, "longitude": -60.782, "temp_c": 7.0, "dewpoint_c": 4.0, "wind_dir_degrees": 330.0, "wind_speed_kt": 2.0, "wind_gust_kt": 0.0, "visibility_statute_mi": 6.0, "altim_in_hg": 30.03, "sea_level_pressure_mb": 0.0, "quality_control_flags": null, "wx_string": "", "sky_condition": null, "flight_category": "VFR", "three_hr_pressure_tendency_mb": 0.0, "maxT_c": 0.0, "minT_c": 0.0, "maxT24hr_c": 0.0, "minT24hr_c": 0.0, "precip_in": 0.0, "pcp3hr_in": 0.0, "pcp6hr_in": 0.0, "pcp24hr_in": 0.0, "snow_in": 0.0, "vert_vis_ft": 0.0, "metar_type": "METAR", "elevation_m": 24.0, "municipality": "Rosario", "continent": "SA", "iso_country": "AR", "iso_region": "AR-S", "wikipedia_link": "https://en.wikipedia.org/wiki/Rosario_International_Airport" }, "geometry": { "type": "Point", "coordinates": [ -60.782, -32.918 ] } },
{ "type": "Feature", "properties": { "raw_text": "METAR SABE 280100Z 24003KT 180V300 CAVOK 13/02 Q1017 NOSIG", "station_id": "SABE", "observation_time": "2026-04-28T01:00:00.000Z", "latitude": -34.559, "longitude": -58.416, "temp_c": 13.0, "dewpoint_c": 2.0, "wind_dir_degrees": 240.0, "wind_speed_kt": 3.0, "wind_gust_kt": 0.0, "visibility_statute_mi": 6.0, "altim_in_hg": 30.03, "sea_level_pressure_mb": 0.0, "quality_control_flags": null, "wx_string": "", "sky_condition": null, "flight_category": "VFR", "three_hr_pressure_tendency_mb": 0.0, "maxT_c": 0.0, "minT_c": 0.0, "maxT24hr_c": 0.0, "minT24hr_c": 0.0, "precip_in": 0.0, "pcp3hr_in": 0.0, "pcp6hr_in": 0.0, "pcp24hr_in": 0.0, "snow_in": 0.0, "vert_vis_ft": 0.0, "metar_type": "METAR", "elevation_m": 3.0, "municipality": "Buenos Aires", "continent": "SA", "iso_country": "AR", "iso_region": "AR-C", "wikipedia_link": "https://en.wikipedia.org/wiki/Aeroparque_Jorge_Newbery" }, "geometry": { "type": "Point", "coordinates": [ -58.416, -34.559 ] } },
{ "type": "Feature", "properties": { "raw_text": "METAR SACO 280100Z 35005KT CAVOK 06/03 Q1017 NOSIG RMK PP000", "station_id": "SACO", "observation_time": "2026-04-28T01:00:00.000Z", "latitude": -31.324, "longitude": -64.208, "temp_c": 6.0, "dewpoint_c": 3.0, "wind_dir_degrees": 350.0, "wind_speed_kt": 5.0, "wind_gust_kt": 0.0, "visibility_statute_mi": 6.0, "altim_in_hg": 30.03, "sea_level_pressure_mb": 0.0, "quality_control_flags": null, "wx_string": "", "sky_condition": null, "flight_category": "VFR", "three_hr_pressure_tendency_mb": 0.0, "maxT_c": 0.0, "minT_c": 0.0, "maxT24hr_c": 0.0, "minT24hr_c": 0.0, "precip_in": 0.0, "pcp3hr_in": 0.0, "pcp6hr_in": 0.0, "pcp24hr_in": 0.0, "snow_in": 0.0, "vert_vis_ft": 0.0, "metar_type": "METAR", "elevation_m": 474.0, "municipality": "Cordoba", "continent": "SA", "iso_country": "AR", "iso_region": "AR-X", "wikipedia_link": "https://en.wikipedia.org/wiki/Ingeniero_Ambrosio_L.V._Taravella_International_Airport" }, "geometry": { "type": "Point", "coordinates": [ -64.208, -31.324 ] } },
{ "type": "Feature", "properties": { "raw_text": "METAR SAEZ 280100Z 29003KT CAVOK 07/04 Q1016 NOSIG RMK PP000", "station_id": "SAEZ", "observation_time": "2026-04-28T01:00:00.000Z", "latitude": -34.822, "longitude": -58.536, "temp_c": 7.0, "dewpoint_c": 4.0, "wind_dir_degrees": 290.0, "wind_speed_kt": 3.0, "wind_gust_kt": 0.0, "visibility_statute_mi": 6.0, "altim_in_hg": 30.0, "sea_level_pressure_mb": 0.0, "quality_control_flags": null, "wx_string": "", "sky_condition": null, "flight_category": "VFR", "three_hr_pressure_tendency_mb": 0.0, "maxT_c": 0.0, "minT_c": 0.0, "maxT24hr_c": 0.0, "minT24hr_c": 0.0, "precip_in": 0.0, "pcp3hr_in": 0.0, "pcp6hr_in": 0.0, "pcp24hr_in": 0.0, "snow_in": 0.0, "vert_vis_ft": 0.0, "metar_type": "METAR", "elevation_m": 16.0, "municipality": "Buenos Aires (Ezeiza)", "continent": "SA", "iso_country": "AR", "iso_region": "AR-B", "wikipedia_link": "https://en.wikipedia.org/wiki/Ministro_Pistarini_International_Airport" }, "geometry": { "type": "Point", "coordinates": [ -58.536, -34.822 ] } },
{ "type": "Feature", "properties": { "raw_text": "METAR SAME 280100Z 18002KT CAVOK 10/03 Q1015", "station_id": "SAME", "observation_time": "2026-04-28T01:00:00.000Z", "latitude": -32.832, "longitude": -68.793, "temp_c": 10.0, "dewpoint_c": 3.0, "wind_dir_degrees": 180.0, "wind_speed_kt": 2.0, "wind_gust_kt": 0.0, "visibility_statute_mi": 6.0, "altim_in_hg": 29.97, "sea_level_pressure_mb": 0.0, "quality_control_flags": null, "wx_string": "", "sky_condition": null, "flight_category": "VFR", "three_hr_pressure_tendency_mb": 0.0, "maxT_c": 0.0, "minT_c": 0.0, "maxT24hr_c": 0.0, "minT24hr_c": 0.0, "precip_in": 0.0, "pcp3hr_in": 0.0, "pcp6hr_in": 0.0, "pcp24hr_in": 0.0, "snow_in": 0.0, "vert_vis_ft": 0.0, "metar_type": "METAR", "elevation_m": 709.0, "municipality": "Mendoza", "continent": "SA", "iso_country": "AR", "iso_region": "AR-M", "wikipedia_link": "https://en.wikipedia.org/wiki/Governor_Francisco_Gabrielli_International_Airport" }, "geometry": { "type": "Point", "coordinates": [ -68.793, -32.832 ] } },
{ "type": "Feature", "properties": { "raw_text": "METAR SANT 280100Z 31004KT 290V350 9000 NSC 10/08 Q1017", "station_id": "SANT", "observation_time": "2026-04-28T01:00:00.000Z", "latitude": -26.841, "longitude": -65.105, "temp_c": 10.0, "dewpoint_c": 8.0, "wind_dir_degrees": 310.0, "wind_speed_kt": 4.0, "wind_gust_kt": 0.0, "visibility_statute_mi": 5.59, "altim_in_hg": 30.03, "sea_level_pressure_mb": 0.0, "quality_control_flags": null, "wx_string": "", "sky_condition": null, "flight_category": "VFR", "three_hr_pressure_tendency_mb": 0.0, "maxT_c": 0.0, "minT_c": 0.0, "maxT24hr_c": 0.0, "minT24hr_c": 0.0, "precip_in": 0.0, "pcp3hr_in": 0.0, "pcp6hr_in": 0.0, "pcp24hr_in": 0.0, "snow_in": 0.0, "vert_vis_ft": 0.0, "metar_type": "METAR", "elevation_m": 446.0, "municipality": "San Miguel de Tucumán", "continent": "SA", "iso_country": "AR", "iso_region": "AR-T", "wikipedia_link": "https://en.wikipedia.org/wiki/Benjam%C3%ADn_Matienzo_International_Airport" }, "geometry": { "type": "Point", "coordinates": [ -65.105, -26.841 ] } },
{ "type": "Feature", "properties": { "raw_text": "METAR SARE 280100Z 12001KT CAVOK 12/09 Q1018", "station_id": "SARE", "observation_time": "2026-04-28T01:00:00.000Z", "latitude": -27.45, "longitude": -59.056, "temp_c": 12.0, "dewpoint_c": 9.0, "wind_dir_degrees": 120.0, "wind_speed_kt": 1.0, "wind_gust_kt": 0.0, "visibility_statute_mi": 6.0, "altim_in_hg": 30.06, "sea_level_pressure_mb": 0.0, "quality_control_flags": null, "wx_string": "", "sky_condition": null, "flight_category": "VFR", "three_hr_pressure_tendency_mb": 0.0, "maxT_c": 0.0, "minT_c": 0.0, "maxT24hr_c": 0.0, "minT24hr_c": 0.0, "precip_in": 0.0, "pcp3hr_in": 0.0, "pcp6hr_in": 0.0, "pcp24hr_in": 0.0, "snow_in": 0.0, "vert_vis_ft": 0.0, "metar_type": "METAR", "elevation_m": 52.0, "municipality": "Resistencia", "continent": "SA", "iso_country": "AR", "iso_region": "AR-H", "wikipedia_link": "https://en.wikipedia.org/wiki/Resistencia_International_Airport" }, "geometry": { "type": "Point", "coordinates": [ -59.056, -27.45 ] } },
{ "type": "Feature", "properties": { "raw_text": "METAR SASA 280100Z 04004KT 9999 SCT010 BKN018 10/08 Q1020 RMK PP000", "station_id": "SASA", "observation_time": "2026-04-28T01:00:00.000Z", "latitude": -24.856, "longitude": -65.486, "temp_c": 10.0, "dewpoint_c": 8.0, "wind_dir_degrees": 40.0, "wind_speed_kt": 4.0, "wind_gust_kt": 0.0, "visibility_statute_mi": 6.0, "altim_in_hg": 30.12, "sea_level_pressure_mb": 0.0, "quality_control_flags": null, "wx_string": "", "sky_condition": null, "flight_category": "MVFR", "three_hr_pressure_tendency_mb": 0.0, "maxT_c": 0.0, "minT_c": 0.0, "maxT24hr_c": 0.0, "minT24hr_c": 0.0, "precip_in": 0.0, "pcp3hr_in": 0.0, "pcp6hr_in": 0.0, "pcp24hr_in": 0.0, "snow_in": 0.0, "vert_vis_ft": 0.0, "metar_type": "METAR", "elevation_m": 1235.0, "municipality": "Salta", "continent": "SA", "iso_country": "AR", "iso_region": "AR-A", "wikipedia_link": "https://en.wikipedia.org/wiki/Mart%C3%ADn_Miguel_de_G%C3%BCemes_Airport" }, "geometry": { "type": "Point", "coordinates": [ -65.486, -24.856 ] } },
{ "type": "Feature", "properties": { "raw_text": "METAR SASJ 280100Z 12003KT 7000 OVC011 11/10 Q1020 RMK PP000", "station_id": "SASJ", "observation_time": "2026-04-28T01:00:00.000Z", "latitude": -24.387, "longitude": -65.098, "temp_c": 11.0, "dewpoint_c": 10.0, "wind_dir_degrees": 120.0, "wind_speed_kt": 3.0, "wind_gust_kt": 0.0, "visibility_statute_mi": 4.35, "altim_in_hg": 30.12, "sea_level_pressure_mb": 0.0, "quality_control_flags": null, "wx_string": "", "sky_condition": null, "flight_category": "MVFR", "three_hr_pressure_tendency_mb": 0.0, "maxT_c": 0.0, "minT_c": 0.0, "maxT24hr_c": 0.0, "minT24hr_c": 0.0, "precip_in": 0.0, "pcp3hr_in": 0.0, "pcp6hr_in": 0.0, "pcp24hr_in": 0.0, "snow_in": 0.0, "vert_vis_ft": 0.0, "metar_type": "METAR", "elevation_m": 913.0, "municipality": "San Salvador de Jujuy", "continent": "SA", "iso_country": "AR", "iso_region": "AR-Y", "wikipedia_link": "https://en.wikipedia.org/wiki/Gobernador_Horacio_Guzm%C3%A1n_International_Airport" }, "geometry": { "type": "Point", "coordinates": [ -65.098, -24.387 ] } },
{ "type": "Feature", "properties": { "raw_text": "METAR SAVC 280100Z 31003KT CAVOK 09/01 Q1009", "station_id": "SAVC", "observation_time": "2026-04-28T01:00:00.000Z", "latitude": -45.79, "longitude": -67.471, "temp_c": 9.0, "dewpoint_c": 1.0, "wind_dir_degrees": 310.0, "wind_speed_kt": 3.0, "wind_gust_kt": 0.0, "visibility_statute_mi": 6.0, "altim_in_hg": 29.79, "sea_level_pressure_mb": 0.0, "quality_control_flags": null, "wx_string": "", "sky_condition": null, "flight_category": "VFR", "three_hr_pressure_tendency_mb": 0.0, "maxT_c": 0.0, "minT_c": 0.0, "maxT24hr_c": 0.0, "minT24hr_c": 0.0, "precip_in": 0.0, "pcp3hr_in": 0.0, "pcp6hr_in": 0.0, "pcp24hr_in": 0.0, "snow_in": 0.0, "vert_vis_ft": 0.0, "metar_type": "METAR", "elevation_m": 58.0, "municipality": "Comodoro Rivadavia", "continent": "SA", "iso_country": "AR", "iso_region": "AR-U", "wikipedia_link": "https://en.wikipedia.org/wiki/General_Enrique_Mosconi_International_Airport" }, "geometry": { "type": "Point", "coordinates": [ -67.471, -45.79 ] } },
{ "type": "Feature", "properties": { "raw_text": "METAR SAWG 280100Z 26010KT CAVOK 06/01 Q1004 RMK PP000", "station_id": "SAWG", "observation_time": "2026-04-28T01:00:00.000Z", "latitude": -51.609, "longitude": -69.306, "temp_c": 6.0, "dewpoint_c": 1.0, "wind_dir_degrees": 260.0, "wind_speed_kt": 10.0, "wind_gust_kt": 0.0, "visibility_statute_mi": 6.0, "altim_in_hg": 29.65, "sea_level_pressure_mb": 0.0, "quality_control_flags": null, "wx_string": "", "sky_condition": null, "flight_category": "VFR", "three_hr_pressure_tendency_mb": 0.0, "maxT_c": 0.0, "minT_c": 0.0, "maxT24hr_c": 0.0, "minT24hr_c": 0.0, "precip_in": 0.0, "pcp3hr_in": 0.0, "pcp6hr_in": 0.0, "pcp24hr_in": 0.0, "snow_in": 0.0, "vert_vis_ft": 0.0, "metar_type": "METAR", "elevation_m": 18.0, "municipality": "Rio Gallegos", "continent": "SA", "iso_country": "AR", "iso_region": "AR-Z", "wikipedia_link": "https://en.wikipedia.org/wiki/Piloto_Civil_Norberto_Fern%C3%A1ndez_International_Airport" }, "geometry": { "type": "Point", "coordinates": [ -69.306, -51.609 ] } },
{ "type": "Feature", "properties": { "raw_text": "METAR SAZN 280100Z 28003KT CAVOK 09/02 Q1013 RMK PP000", "station_id": "SAZN", "observation_time": "2026-04-28T01:00:00.000Z", "latitude": -38.95, "longitude": -68.141, "temp_c": 9.0, "dewpoint_c": 2.0, "wind_dir_degrees": 280.0, "wind_speed_kt": 3.0, "wind_gust_kt": 0.0, "visibility_statute_mi": 6.0, "altim_in_hg": 29.91, "sea_level_pressure_mb": 0.0, "quality_control_flags": null, "wx_string": "", "sky_condition": null, "flight_category": "VFR", "three_hr_pressure_tendency_mb": 0.0, "maxT_c": 0.0, "minT_c": 0.0, "maxT24hr_c": 0.0, "minT24hr_c": 0.0, "precip_in": 0.0, "pcp3hr_in": 0.0, "pcp6hr_in": 0.0, "pcp24hr_in": 0.0, "snow_in": 0.0, "vert_vis_ft": 0.0, "metar_type": "METAR", "elevation_m": 273.0, "municipality": "Neuquén", "continent": "SA", "iso_country": "AR", "iso_region": "AR-Q", "wikipedia_link": "https://en.wikipedia.org/wiki/Presidente_Per%C3%B3n_International_Airport" }, "geometry": { "type": "Point", "coordinates": [ -68.141, -38.95 ] } },
{ "type": "Feature", "properties": { "raw_text": "METAR SAZS 280100Z 29018KT 9999 SCT030 09/05 Q1014 RMK PP///", "station_id": "SAZS", "observation_time": "2026-04-28T01:00:00.000Z", "latitude": -41.151, "longitude": -71.157, "temp_c": 9.0, "dewpoint_c": 5.0, "wind_dir_degrees": 290.0, "wind_speed_kt": 18.0, "wind_gust_kt": 0.0, "visibility_statute_mi": 6.0, "altim_in_hg": 29.94, "sea_level_pressure_mb": 0.0, "quality_control_flags": null, "wx_string": "", "sky_condition": null, "flight_category": "VFR", "three_hr_pressure_tendency_mb": 0.0, "maxT_c": 0.0, "minT_c": 0.0, "maxT24hr_c": 0.0, "minT24hr_c": 0.0, "precip_in": 0.0, "pcp3hr_in": 0.0, "pcp6hr_in": 0.0, "pcp24hr_in": 0.0, "snow_in": 0.0, "vert_vis_ft": 0.0, "metar_type": "METAR", "elevation_m": 843.0, "municipality": "San Carlos de Bariloche", "continent": "SA", "iso_country": "AR", "iso_region": "AR-R", "wikipedia_link": "https://en.wikipedia.org/wiki/San_Carlos_de_Bariloche_Airport" }, "geometry": { "type": "Point", "coordinates": [ -71.157, -41.151 ] } },
{ "type": "Feature", "properties": { "raw_text": "METAR SBBR 280100Z 36005KT 300V030 9999 SCT040 SCT100 23/19 Q1020", "station_id": "SBBR", "observation_time": "2026-04-28T01:00:00.000Z", "latitude": -15.867, "longitude": -47.933, "temp_c": 23.0, "dewpoint_c": 19.0, "wind_dir_degrees": 360.0, "wind_speed_kt": 5.0, "wind_gust_kt": 0.0, "visibility_statute_mi": 6.0, "altim_in_hg": 30.12, "sea_level_pressure_mb": 0.0, "quality_control_flags": null, "wx_string": "", "sky_condition": null, "flight_category": "VFR", "three_hr_pressure_tendency_mb": 0.0, "maxT_c": 0.0, "minT_c": 0.0, "maxT24hr_c": 0.0, "minT24hr_c": 0.0, "precip_in": 0.0, "pcp3hr_in": 0.0, "pcp6hr_in": 0.0, "pcp24hr_in": 0.0, "snow_in": 0.0, "vert_vis_ft": 0.0, "metar_type": "METAR", "elevation_m": 1051.0, "municipality": "Brasília", "continent": "SA", "iso_country": "BR", "iso_region": "BR-DF", "wikipedia_link": "https://en.wikipedia.org/wiki/Bras%C3%ADlia_International_Airport" }, "geometry": { "type": "Point", "coordinates": [ -47.933, -15.867 ] } },
{ "type": "Feature", "properties": { "raw_text": "METAR SBCT 280100Z 11004KT CAVOK 16/12 Q1019", "station_id": "SBCT", "observation_time": "2026-04-28T01:00:00.000Z", "latitude": -25.529, "longitude": -49.176, "temp_c": 16.0, "dewpoint_c": 12.0, "wind_dir_degrees": 110.0, "wind_speed_kt": 4.0, "wind_gust_kt": 0.0, "visibility_statute_mi": 6.0, "altim_in_hg": 30.09, "sea_level_pressure_mb": 0.0, "quality_control_flags": null, "wx_string": "", "sky_condition": null, "flight_category": "VFR", "three_hr_pressure_tendency_mb": 0.0, "maxT_c": 0.0, "minT_c": 0.0, "maxT24hr_c": 0.0, "minT24hr_c": 0.0, "precip_in": 0.0, "pcp3hr_in": 0.0, "pcp6hr_in": 0.0, "pcp24hr_in": 0.0, "snow_in": 0.0, "vert_vis_ft": 0.0, "metar_type": "METAR", "elevation_m": 914.0, "municipality": "Curitiba", "continent": "SA", "iso_country": "BR", "iso_region": "BR-PR", "wikipedia_link": "https://en.wikipedia.org/wiki/Afonso_Pena_International_Airport" }, "geometry": { "type": "Point", "coordinates": [ -49.176, -25.529 ] } },
{ "type": "Feature", "properties": { "raw_text": "METAR SBCY 280100Z 03002KT 6000 -TSRA BKN020 FEW025CB BKN100 24/24 Q1014", "station_id": "SBCY", "observation_time": "2026-04-28T01:00:00.000Z", "latitude": -15.653, "longitude": -56.116, "temp_c": 24.0, "dewpoint_c": 24.0, "wind_dir_degrees": 30.0, "wind_speed_kt": 2.0, "wind_gust_kt": 0.0, "visibility_statute_mi": 3.73, "altim_in_hg": 29.94, "sea_level_pressure_mb": 0.0, "quality_control_flags": null, "wx_string": "-TSRA", "sky_condition": null, "flight_category": "MVFR", "three_hr_pressure_tendency_mb": 0.0, "maxT_c": 0.0, "minT_c": 0.0, "maxT24hr_c": 0.0, "minT24hr_c": 0.0, "precip_in": 0.0, "pcp3hr_in": 0.0, "pcp6hr_in": 0.0, "pcp24hr_in": 0.0, "snow_in": 0.0, "vert_vis_ft": 0.0, "metar_type": "METAR", "elevation_m": 182.0, "municipality": "Cuiabá", "continent": "SA", "iso_country": "BR", "iso_region": "BR-MT", "wikipedia_link": "https://en.wikipedia.org/wiki/Marechal_Rondon_International_Airport" }, "geometry": { "type": "Point", "coordinates": [ -56.116, -15.653 ] } },
{ "type": "Feature", "properties": { "raw_text": "METAR SBEG 280100Z 08003KT 9999 -RA VCTS FEW007 FEW025CB BKN100 25/24 Q1011 RETS", "station_id": "SBEG", "observation_time": "2026-04-28T01:00:00.000Z", "latitude": -3.039, "longitude": -60.05, "temp_c": 25.0, "dewpoint_c": 24.0, "wind_dir_degrees": 80.0, "wind_speed_kt": 3.0, "wind_gust_kt": 0.0, "visibility_statute_mi": 6.0, "altim_in_hg": 29.85, "sea_level_pressure_mb": 0.0, "quality_control_flags": null, "wx_string": "-RA VCTS", "sky_condition": null, "flight_category": "VFR", "three_hr_pressure_tendency_mb": 0.0, "maxT_c": 0.0, "minT_c": 0.0, "maxT24hr_c": 0.0, "minT24hr_c": 0.0, "precip_in": 0.0, "pcp3hr_in": 0.0, "pcp6hr_in": 0.0, "pcp24hr_in": 0.0, "snow_in": 0.0, "vert_vis_ft": 0.0, "metar_type": "METAR", "elevation_m": 69.0, "municipality": "Manaus", "continent": "SA", "iso_country": "BR", "iso_region": "BR-AM", "wikipedia_link": "https://en.wikipedia.org/wiki/Eduardo_Gomes_International_Airport" }, "geometry": { "type": "Point", "coordinates": [ -60.05, -3.039 ] } },
{ "type": "Feature", "properties": { "raw_text": "METAR SBFI 280100Z 21005KT CAVOK 14/10 Q1017", "station_id": "SBFI", "observation_time": "2026-04-28T01:00:00.000Z", "latitude": -25.595, "longitude": -54.488, "temp_c": 14.0, "dewpoint_c": 10.0, "wind_dir_degrees": 210.0, "wind_speed_kt": 5.0, "wind_gust_kt": 0.0, "visibility_statute_mi": 6.0, "altim_in_hg": 30.03, "sea_level_pressure_mb": 0.0, "quality_control_flags": null, "wx_string": "", "sky_condition": null, "flight_category": "VFR", "three_hr_pressure_tendency_mb": 0.0, "maxT_c": 0.0, "minT_c": 0.0, "maxT24hr_c": 0.0, "minT24hr_c": 0.0, "precip_in": 0.0, "pcp3hr_in": 0.0, "pcp6hr_in": 0.0, "pcp24hr_in": 0.0, "snow_in": 0.0, "vert_vis_ft": 0.0, "metar_type": "METAR", "elevation_m": 233.0, "municipality": "Foz do Iguaçu", "continent": "SA", "iso_country": "BR", "iso_region": "BR-PR", "wikipedia_link": "https://en.wikipedia.org/wiki/Foz_do_Igua%C3%A7u_International_Airport" }, "geometry": { "type": "Point", "coordinates": [ -54.488, -25.595 ] } },
{ "type": "Feature", "properties": { "raw_text": "METAR SBFL 280100Z 16006KT 100V190 CAVOK 21/08 Q1017", "station_id": "SBFL", "observation_time": "2026-04-28T01:00:00.000Z", "latitude": -27.671, "longitude": -48.547, "temp_c": 21.0, "dewpoint_c": 8.0, "wind_dir_degrees": 160.0, "wind_speed_kt": 6.0, "wind_gust_kt": 0.0, "visibility_statute_mi": 6.0, "altim_in_hg": 30.03, "sea_level_pressure_mb": 0.0, "quality_control_flags": null, "wx_string": "", "sky_condition": null, "flight_category": "VFR", "three_hr_pressure_tendency_mb": 0.0, "maxT_c": 0.0, "minT_c": 0.0, "maxT24hr_c": 0.0, "minT24hr_c": 0.0, "precip_in": 0.0, "pcp3hr_in": 0.0, "pcp6hr_in": 0.0, "pcp24hr_in": 0.0, "snow_in": 0.0, "vert_vis_ft": 0.0, "metar_type": "METAR", "elevation_m": 5.0, "municipality": "Florianópolis", "continent": "SA", "iso_country": "BR", "iso_region": "BR-SC", "wikipedia_link": "https://en.wikipedia.org/wiki/Herc%C3%ADlio_Luz_International_Airport" }, "geometry": { "type": "Point", "coordinates": [ -48.547, -27.671 ] } },
{ "type": "Feature", "properties": { "raw_text": "METAR SBGL 280100Z 13007KT 100V160 9999 BKN025 BKN050 26/23 Q1015", "station_id": "SBGL", "observation_time": "2026-04-28T01:00:00.000Z", "latitude": -22.815, "longitude": -43.261, "temp_c": 26.0, "dewpoint_c": 23.0, "wind_dir_degrees": 130.0, "wind_speed_kt": 7.0, "wind_gust_kt": 0.0, "visibility_statute_mi": 6.0, "altim_in_hg": 29.97, "sea_level_pressure_mb": 0.0, "quality_control_flags": null, "wx_string": "", "sky_condition": null, "flight_category": "MVFR", "three_hr_pressure_tendency_mb": 0.0, "maxT_c": 0.0, "minT_c": 0.0, "maxT24hr_c": 0.0, "minT24hr_c": 0.0, "precip_in": 0.0, "pcp3hr_in": 0.0, "pcp6hr_in": 0.0, "pcp24hr_in": 0.0, "snow_in": 0.0, "vert_vis_ft": 0.0, "metar_type": "METAR", "elevation_m": 3.0, "municipality": "Rio De Janeiro", "continent": "SA", "iso_country": "BR", "iso_region": "BR-RJ", "wikipedia_link": "https://en.wikipedia.org/wiki/Rio_de_Janeiro-Gale%C3%A3o_International_Airport" }, "geometry": { "type": "Point", "coordinates": [ -43.261, -22.815 ] } },
{ "type": "Feature", "properties": { "raw_text": "METAR SBGO 280100Z 02004KT CAVOK 24/19 Q1017", "station_id": "SBGO", "observation_time": "2026-04-28T01:00:00.000Z", "latitude": -16.632, "longitude": -49.221, "temp_c": 24.0, "dewpoint_c": 19.0, "wind_dir_degrees": 20.0, "wind_speed_kt": 4.0, "wind_gust_kt": 0.0, "visibility_statute_mi": 6.0, "altim_in_hg": 30.03, "sea_level_pressure_mb": 0.0, "quality_control_flags": null, "wx_string": "", "sky_condition": null, "flight_category": "VFR", "three_hr_pressure_tendency_mb": 0.0, "maxT_c": 0.0, "minT_c": 0.0, "maxT24hr_c": 0.0, "minT24hr_c": 0.0, "precip_in": 0.0, "pcp3hr_in": 0.0, "pcp6hr_in": 0.0, "pcp24hr_in": 0.0, "snow_in": 0.0, "vert_vis_ft": 0.0, "metar_type": "METAR", "elevation_m": 740.0, "municipality": "Goiânia", "continent": "SA", "iso_country": "BR", "iso_region": "BR-GO", "wikipedia_link": "https://en.wikipedia.org/wiki/Santa_Genoveva_Airport" }, "geometry": { "type": "Point", "coordinates": [ -49.221, -16.632 ] } },
{ "type": "Feature", "properties": { "raw_text": "METAR SBGR 280100Z 15002KT 9999 FEW005 BKN009 BKN015 21/20 Q1019 RERA", "station_id": "SBGR", "observation_time": "2026-04-28T01:00:00.000Z", "latitude": -23.432, "longitude": -46.469, "temp_c": 21.0, "dewpoint_c": 20.0, "wind_dir_degrees": 150.0, "wind_speed_kt": 2.0, "wind_gust_kt": 0.0, "visibility_statute_mi": 6.0, "altim_in_hg": 30.09, "sea_level_pressure_mb": 0.0, "quality_control_flags": null, "wx_string": "", "sky_condition": null, "flight_category": "IFR", "three_hr_pressure_tendency_mb": 0.0, "maxT_c": 0.0, "minT_c": 0.0, "maxT24hr_c": 0.0, "minT24hr_c": 0.0, "precip_in": 0.0, "pcp3hr_in": 0.0, "pcp6hr_in": 0.0, "pcp24hr_in": 0.0, "snow_in": 0.0, "vert_vis_ft": 0.0, "metar_type": "METAR", "elevation_m": 745.0, "municipality": "São Paulo", "continent": "SA", "iso_country": "BR", "iso_region": "BR-SP", "wikipedia_link": "https://en.wikipedia.org/wiki/S%C3%A3o_Paulo-Guarulhos_International_Airport" }, "geometry": { "type": "Point", "coordinates": [ -46.469, -23.432 ] } },
{ "type": "Feature", "properties": { "raw_text": "METAR SBJP 280100Z 15004KT 3000 -RA BKN009 BKN070 25/25 Q1014", "station_id": "SBJP", "observation_time": "2026-04-28T01:00:00.000Z", "latitude": -7.148, "longitude": -34.951, "temp_c": 25.0, "dewpoint_c": 25.0, "wind_dir_degrees": 150.0, "wind_speed_kt": 4.0, "wind_gust_kt": 0.0, "visibility_statute_mi": 1.86, "altim_in_hg": 29.94, "sea_level_pressure_mb": 0.0, "quality_control_flags": null, "wx_string": "-RA", "sky_condition": null, "flight_category": "IFR", "three_hr_pressure_tendency_mb": 0.0, "maxT_c": 0.0, "minT_c": 0.0, "maxT24hr_c": 0.0, "minT24hr_c": 0.0, "precip_in": 0.0, "pcp3hr_in": 0.0, "pcp6hr_in": 0.0, "pcp24hr_in": 0.0, "snow_in": 0.0, "vert_vis_ft": 0.0, "metar_type": "METAR", "elevation_m": 66.0, "municipality": "João Pessoa", "continent": "SA", "iso_country": "BR", "iso_region": "BR-PB", "wikipedia_link": "https://en.wikipedia.org/wiki/Presidente_Castro_Pinto_International_Airport" }, "geometry": { "type": "Point", "coordinates": [ -34.951, -7.148 ] } },
{ "type": "Feature", "properties": { "raw_text": "SPECI SBKP 280120Z 20004KT 9999 -RA VCTS SCT040 FEW041CB BKN060 22/20 Q1018 RETSRA", "station_id": "SBKP", "observation_time": "2026-04-28T01:20:00.000Z", "latitude": -23.007, "longitude": -47.135, "temp_c": 22.0, "dewpoint_c": 20.0, "wind_dir_degrees": 200.0, "wind_speed_kt": 4.0, "wind_gust_kt": 0.0, "visibility_statute_mi": 6.0, "altim_in_hg": 30.06, "sea_level_pressure_mb": 0.0, "quality_control_flags": null, "wx_string": "-RA VCTS", "sky_condition": null, "flight_category": "VFR", "three_hr_pressure_tendency_mb": 0.0, "maxT_c": 0.0, "minT_c": 0.0, "maxT24hr_c": 0.0, "minT24hr_c": 0.0, "precip_in": 0.0, "pcp3hr_in": 0.0, "pcp6hr_in": 0.0, "pcp24hr_in": 0.0, "snow_in": 0.0, "vert_vis_ft": 0.0, "metar_type": "SPECI", "elevation_m": 659.0, "municipality": "Campinas", "continent": "SA", "iso_country": "BR", "iso_region": "BR-SP", "wikipedia_link": "https://en.wikipedia.org/wiki/Viracopos-Campinas_International_Airport" }, "geometry": { "type": "Point", "coordinates": [ -47.135, -23.007 ] } },
{ "type": "Feature", "properties": { "raw_text": "METAR SBNF 280100Z 16008KT 110V210 9999 FEW035 22/15 Q1016", "station_id": "SBNF", "observation_time": "2026-04-28T01:00:00.000Z", "latitude": -26.88, "longitude": -48.651, "temp_c": 22.0, "dewpoint_c": 15.0, "wind_dir_degrees": 160.0, "wind_speed_kt": 8.0, "wind_gust_kt": 0.0, "visibility_statute_mi": 6.0, "altim_in_hg": 30.0, "sea_level_pressure_mb": 0.0, "quality_control_flags": null, "wx_string": "", "sky_condition": null, "flight_category": "VFR", "three_hr_pressure_tendency_mb": 0.0, "maxT_c": 0.0, "minT_c": 0.0, "maxT24hr_c": 0.0, "minT24hr_c": 0.0, "precip_in": 0.0, "pcp3hr_in": 0.0, "pcp6hr_in": 0.0, "pcp24hr_in": 0.0, "snow_in": 0.0, "vert_vis_ft": 0.0, "metar_type": "METAR", "elevation_m": 5.0, "municipality": "Navegantes", "continent": "SA", "iso_country": "BR", "iso_region": "BR-SC", "wikipedia_link": "https://en.wikipedia.org/wiki/Navegantes_Airport" }, "geometry": { "type": "Point", "coordinates": [ -48.651, -26.88 ] } },
{ "type": "Feature", "properties": { "raw_text": "METAR SBPA 280100Z 29005KT CAVOK 13/07 Q1018", "station_id": "SBPA", "observation_time": "2026-04-28T01:00:00.000Z", "latitude": -29.994, "longitude": -51.171, "temp_c": 13.0, "dewpoint_c": 7.0, "wind_dir_degrees": 290.0, "wind_speed_kt": 5.0, "wind_gust_kt": 0.0, "visibility_statute_mi": 6.0, "altim_in_hg": 30.06, "sea_level_pressure_mb": 0.0, "quality_control_flags": null, "wx_string": "", "sky_condition": null, "flight_category": "VFR", "three_hr_pressure_tendency_mb": 0.0, "maxT_c": 0.0, "minT_c": 0.0, "maxT24hr_c": 0.0, "minT24hr_c": 0.0, "precip_in": 0.0, "pcp3hr_in": 0.0, "pcp6hr_in": 0.0, "pcp24hr_in": 0.0, "snow_in": 0.0, "vert_vis_ft": 0.0, "metar_type": "METAR", "elevation_m": 3.0, "municipality": "Porto Alegre", "continent": "SA", "iso_country": "BR", "iso_region": "BR-RS", "wikipedia_link": "https://en.wikipedia.org/wiki/Salgado_Filho_International_Airport" }, "geometry": { "type": "Point", "coordinates": [ -51.171, -29.994 ] } },
{ "type": "Feature", "properties": { "raw_text": "METAR SBPS 280100Z 06006KT 9999 FEW020 26/23 Q1015", "station_id": "SBPS", "observation_time": "2026-04-28T01:00:00.000Z", "latitude": -16.439, "longitude": -39.081, "temp_c": 26.0, "dewpoint_c": 23.0, "wind_dir_degrees": 60.0, "wind_speed_kt": 6.0, "wind_gust_kt": 0.0, "visibility_statute_mi": 6.0, "altim_in_hg": 29.97, "sea_level_pressure_mb": 0.0, "quality_control_flags": null, "wx_string": "", "sky_condition": null, "flight_category": "VFR", "three_hr_pressure_tendency_mb": 0.0, "maxT_c": 0.0, "minT_c": 0.0, "maxT24hr_c": 0.0, "minT24hr_c": 0.0, "precip_in": 0.0, "pcp3hr_in": 0.0, "pcp6hr_in": 0.0, "pcp24hr_in": 0.0, "snow_in": 0.0, "vert_vis_ft": 0.0, "metar_type": "METAR", "elevation_m": 44.0, "municipality": "Porto Seguro", "continent": "SA", "iso_country": "BR", "iso_region": "BR-BA", "wikipedia_link": "https://en.wikipedia.org/wiki/Porto_Seguro_Airport" }, "geometry": { "type": "Point", "coordinates": [ -39.081, -16.439 ] } },
{ "type": "Feature", "properties": { "raw_text": "METAR SBPV 280100Z 09005KT 9999 FEW035 FEW040TCU BKN100 27/22 Q1012", "station_id": "SBPV", "observation_time": "2026-04-28T01:00:00.000Z", "latitude": -8.708, "longitude": -63.901, "temp_c": 27.0, "dewpoint_c": 22.0, "wind_dir_degrees": 90.0, "wind_speed_kt": 5.0, "wind_gust_kt": 0.0, "visibility_statute_mi": 6.0, "altim_in_hg": 29.88, "sea_level_pressure_mb": 0.0, "quality_control_flags": null, "wx_string": "", "sky_condition": null, "flight_category": "VFR", "three_hr_pressure_tendency_mb": 0.0, "maxT_c": 0.0, "minT_c": 0.0, "maxT24hr_c": 0.0, "minT24hr_c": 0.0, "precip_in": 0.0, "pcp3hr_in": 0.0, "pcp6hr_in": 0.0, "pcp24hr_in": 0.0, "snow_in": 0.0, "vert_vis_ft": 0.0, "metar_type": "METAR", "elevation_m": 89.0, "municipality": "Porto Velho", "continent": "SA", "iso_country": "BR", "iso_region": "BR-RO", "wikipedia_link": "https://en.wikipedia.org/wiki/Governador_Jorge_Teixeira_de_Oliveira_International_Airport" }, "geometry": { "type": "Point", "coordinates": [ -63.901, -8.708 ] } },
{ "type": "Feature", "properties": { "raw_text": "METAR SBRB 280100Z 00000KT 9999 FEW020 BKN100 24/24 Q1011", "station_id": "SBRB", "observation_time": "2026-04-28T01:00:00.000Z", "latitude": -9.867, "longitude": -67.897, "temp_c": 24.0, "dewpoint_c": 24.0, "wind_dir_degrees": 0.0, "wind_speed_kt": 0.0, "wind_gust_kt": 0.0, "visibility_statute_mi": 6.0, "altim_in_hg": 29.85, "sea_level_pressure_mb": 0.0, "quality_control_flags": null, "wx_string": "", "sky_condition": null, "flight_category": "VFR", "three_hr_pressure_tendency_mb": 0.0, "maxT_c": 0.0, "minT_c": 0.0, "maxT24hr_c": 0.0, "minT24hr_c": 0.0, "precip_in": 0.0, "pcp3hr_in": 0.0, "pcp6hr_in": 0.0, "pcp24hr_in": 0.0, "snow_in": 0.0, "vert_vis_ft": 0.0, "metar_type": "METAR", "elevation_m": 190.0, "municipality": "Rio Branco", "continent": "SA", "iso_country": "BR", "iso_region": "BR-AC", "wikipedia_link": "https://en.wikipedia.org/wiki/Rio_Branco_International_Airport" }, "geometry": { "type": "Point", "coordinates": [ -67.897, -9.867 ] } },
{ "type": "Feature", "properties": { "raw_text": "METAR SBRJ 280100Z 17012KT 9999 SCT010 OVC040 26/24 Q1014", "station_id": "SBRJ", "observation_time": "2026-04-28T01:00:00.000Z", "latitude": -22.91, "longitude": -43.163, "temp_c": 26.0, "dewpoint_c": 24.0, "wind_dir_degrees": 170.0, "wind_speed_kt": 12.0, "wind_gust_kt": 0.0, "visibility_statute_mi": 6.0, "altim_in_hg": 29.94, "sea_level_pressure_mb": 0.0, "quality_control_flags": null, "wx_string": "", "sky_condition": null, "flight_category": "VFR", "three_hr_pressure_tendency_mb": 0.0, "maxT_c": 0.0, "minT_c": 0.0, "maxT24hr_c": 0.0, "minT24hr_c": 0.0, "precip_in": 0.0, "pcp3hr_in": 0.0, "pcp6hr_in": 0.0, "pcp24hr_in": 0.0, "snow_in": 0.0, "vert_vis_ft": 0.0, "metar_type": "METAR", "elevation_m": 6.0, "municipality": "Rio de Janeiro", "continent": "SA", "iso_country": "BR", "iso_region": "BR-RJ", "wikipedia_link": "https://en.wikipedia.org/wiki/Santos_Dumont_Airport" }, "geometry": { "type": "Point", "coordinates": [ -43.163, -22.91 ] } },
{ "type": "Feature", "properties": { "raw_text": "METAR SBSL 280100Z 29002KT 9999 FEW017 BKN090 25/24 Q1013", "station_id": "SBSL", "observation_time": "2026-04-28T01:00:00.000Z", "latitude": -2.585, "longitude": -44.234, "temp_c": 25.0, "dewpoint_c": 24.0, "wind_dir_degrees": 290.0, "wind_speed_kt": 2.0, "wind_gust_kt": 0.0, "visibility_statute_mi": 6.0, "altim_in_hg": 29.91, "sea_level_pressure_mb": 0.0, "quality_control_flags": null, "wx_string": "", "sky_condition": null, "flight_category": "VFR", "three_hr_pressure_tendency_mb": 0.0, "maxT_c": 0.0, "minT_c": 0.0, "maxT24hr_c": 0.0, "minT24hr_c": 0.0, "precip_in": 0.0, "pcp3hr_in": 0.0, "pcp6hr_in": 0.0, "pcp24hr_in": 0.0, "snow_in": 0.0, "vert_vis_ft": 0.0, "metar_type": "METAR", "elevation_m": 53.0, "municipality": "São Luís", "continent": "SA", "iso_country": "BR", "iso_region": "BR-MA", "wikipedia_link": "https://en.wikipedia.org/wiki/Marechal_Cunha_Machado_International_Airport" }, "geometry": { "type": "Point", "coordinates": [ -44.234, -2.585 ] } },
{ "type": "Feature", "properties": { "raw_text": "METAR SBSV 280100Z 10010KT 080V150 9999 FEW025 28/22 Q1015", "station_id": "SBSV", "observation_time": "2026-04-28T01:00:00.000Z", "latitude": -12.911, "longitude": -38.331, "temp_c": 28.0, "dewpoint_c": 22.0, "wind_dir_degrees": 100.0, "wind_speed_kt": 10.0, "wind_gust_kt": 0.0, "visibility_statute_mi": 6.0, "altim_in_hg": 29.97, "sea_level_pressure_mb": 0.0, "quality_control_flags": null, "wx_string": "", "sky_condition": null, "flight_category": "VFR", "three_hr_pressure_tendency_mb": 0.0, "maxT_c": 0.0, "minT_c": 0.0, "maxT24hr_c": 0.0, "minT24hr_c": 0.0, "precip_in": 0.0, "pcp3hr_in": 0.0, "pcp6hr_in": 0.0, "pcp24hr_in": 0.0, "snow_in": 0.0, "vert_vis_ft": 0.0, "metar_type": "METAR", "elevation_m": 9.0, "municipality": "Salvador", "continent": "SA", "iso_country": "BR", "iso_region": "BR-BA", "wikipedia_link": "https://en.wikipedia.org/wiki/Deputado_Lu%C3%ADs_Eduardo_Magalh%C3%A3es_International_Airport" }, "geometry": { "type": "Point", "coordinates": [ -38.331, -12.911 ] } },
{ "type": "Feature", "properties": { "raw_text": "METAR SBVT 280100Z 02008KT CAVOK 26/22 Q1015", "station_id": "SBVT", "observation_time": "2026-04-28T01:00:00.000Z", "latitude": -20.258, "longitude": -40.286, "temp_c": 26.0, "dewpoint_c": 22.0, "wind_dir_degrees": 20.0, "wind_speed_kt": 8.0, "wind_gust_kt": 0.0, "visibility_statute_mi": 6.0, "altim_in_hg": 29.97, "sea_level_pressure_mb": 0.0, "quality_control_flags": null, "wx_string": "", "sky_condition": null, "flight_category": "VFR", "three_hr_pressure_tendency_mb": 0.0, "maxT_c": 0.0, "minT_c": 0.0, "maxT24hr_c": 0.0, "minT24hr_c": 0.0, "precip_in": 0.0, "pcp3hr_in": 0.0, "pcp6hr_in": 0.0, "pcp24hr_in": 0.0, "snow_in": 0.0, "vert_vis_ft": 0.0, "metar_type": "METAR", "elevation_m": 4.0, "municipality": "Vitória", "continent": "SA", "iso_country": "BR", "iso_region": "BR-ES", "wikipedia_link": "https://en.wikipedia.org/wiki/Eurico_de_Aguiar_Salles_Airport" }, "geometry": { "type": "Point", "coordinates": [ -40.286, -20.258 ] } },
{ "type": "Feature", "properties": { "raw_text": "METAR SCCI 280100Z 29016KT CAVOK 07/03 Q1000 NOSIG", "station_id": "SCCI", "observation_time": "2026-04-28T01:00:00.000Z", "latitude": -53.003, "longitude": -70.855, "temp_c": 7.0, "dewpoint_c": 3.0, "wind_dir_degrees": 290.0, "wind_speed_kt": 16.0, "wind_gust_kt": 0.0, "visibility_statute_mi": 6.0, "altim_in_hg": 29.53, "sea_level_pressure_mb": 0.0, "quality_control_flags": null, "wx_string": "", "sky_condition": null, "flight_category": "VFR", "three_hr_pressure_tendency_mb": 0.0, "maxT_c": 0.0, "minT_c": 0.0, "maxT24hr_c": 0.0, "minT24hr_c": 0.0, "precip_in": 0.0, "pcp3hr_in": 0.0, "pcp6hr_in": 0.0, "pcp24hr_in": 0.0, "snow_in": 0.0, "vert_vis_ft": 0.0, "metar_type": "METAR", "elevation_m": 37.0, "municipality": "Punta Arenas", "continent": "SA", "iso_country": "CL", "iso_region": "CL-MA", "wikipedia_link": "https://en.wikipedia.org/wiki/Presidente_Carlos_Ibanez_Del_Campo_International_Airport" }, "geometry": { "type": "Point", "coordinates": [ -70.855, -53.003 ] } },
{ "type": "Feature", "properties": { "raw_text": "METAR SCDA 280100Z 18004KT 9999 BKN034 20/13 Q1016", "station_id": "SCDA", "observation_time": "2026-04-28T01:00:00.000Z", "latitude": -20.535, "longitude": -70.181, "temp_c": 20.0, "dewpoint_c": 13.0, "wind_dir_degrees": 180.0, "wind_speed_kt": 4.0, "wind_gust_kt": 0.0, "visibility_statute_mi": 6.0, "altim_in_hg": 30.0, "sea_level_pressure_mb": 0.0, "quality_control_flags": null, "wx_string": "", "sky_condition": null, "flight_category": "VFR", "three_hr_pressure_tendency_mb": 0.0, "maxT_c": 0.0, "minT_c": 0.0, "maxT24hr_c": 0.0, "minT24hr_c": 0.0, "precip_in": 0.0, "pcp3hr_in": 0.0, "pcp6hr_in": 0.0, "pcp24hr_in": 0.0, "snow_in": 0.0, "vert_vis_ft": 0.0, "metar_type": "METAR", "elevation_m": 41.0, "municipality": "Iquique", "continent": "SA", "iso_country": "CL", "iso_region": "CL-TA", "wikipedia_link": "https://en.wikipedia.org/wiki/Diego_Aracena_International_Airport" }, "geometry": { "type": "Point", "coordinates": [ -70.181, -20.535 ] } },
{ "type": "Feature", "properties": { "raw_text": "METAR SCEL 280100Z 14006KT 9999 SCT100 BKN130 16/05 Q1019 NOSIG", "station_id": "SCEL", "observation_time": "2026-04-28T01:00:00.000Z", "latitude": -33.393, "longitude": -70.786, "temp_c": 16.0, "dewpoint_c": 5.0, "wind_dir_degrees": 140.0, "wind_speed_kt": 6.0, "wind_gust_kt": 0.0, "visibility_statute_mi": 6.0, "altim_in_hg": 30.09, "sea_level_pressure_mb": 0.0, "quality_control_flags": null, "wx_string": "", "sky_condition": null, "flight_category": "VFR", "three_hr_pressure_tendency_mb": 0.0, "maxT_c": 0.0, "minT_c": 0.0, "maxT24hr_c": 0.0, "minT24hr_c": 0.0, "precip_in": 0.0, "pcp3hr_in": 0.0, "pcp6hr_in": 0.0, "pcp24hr_in": 0.0, "snow_in": 0.0, "vert_vis_ft": 0.0, "metar_type": "METAR", "elevation_m": 478.0, "municipality": "Santiago", "continent": "SA", "iso_country": "CL", "iso_region": "CL-RM", "wikipedia_link": "https://en.wikipedia.org/wiki/Comodoro_Arturo_Merino_Ben%C3%ADtez_International_Airport" }, "geometry": { "type": "Point", "coordinates": [ -70.786, -33.393 ] } },
{ "type": "Feature", "properties": { "raw_text": "METAR SCFA 280100Z 21010KT 9999 BKN020 17/13 Q1016 NOSIG", "station_id": "SCFA", "observation_time": "2026-04-28T01:00:00.000Z", "latitude": -23.45, "longitude": -70.441, "temp_c": 17.0, "dewpoint_c": 13.0, "wind_dir_degrees": 210.0, "wind_speed_kt": 10.0, "wind_gust_kt": 0.0, "visibility_statute_mi": 6.0, "altim_in_hg": 30.0, "sea_level_pressure_mb": 0.0, "quality_control_flags": null, "wx_string": "", "sky_condition": null, "flight_category": "MVFR", "three_hr_pressure_tendency_mb": 0.0, "maxT_c": 0.0, "minT_c": 0.0, "maxT24hr_c": 0.0, "minT24hr_c": 0.0, "precip_in": 0.0, "pcp3hr_in": 0.0, "pcp6hr_in": 0.0, "pcp24hr_in": 0.0, "snow_in": 0.0, "vert_vis_ft": 0.0, "metar_type": "METAR", "elevation_m": 113.0, "municipality": "Antofagasta", "continent": "SA", "iso_country": "CL", "iso_region": "CL-AN", "wikipedia_link": "https://en.wikipedia.org/wiki/Andr%C3%A9s_Sabella_G%C3%A1lvez_International_Airport" }, "geometry": { "type": "Point", "coordinates": [ -70.441, -23.45 ] } },
{ "type": "Feature", "properties": { "raw_text": "METAR SCIE 280100Z VRB04KT 3000 -DZ BR BKN003 OVC013 10/10 Q1019", "station_id": "SCIE", "observation_time": "2026-04-28T01:00:00.000Z", "latitude": -36.773, "longitude": -73.063, "temp_c": 10.0, "dewpoint_c": 10.0, "wind_dir_degrees": 0.0, "wind_speed_kt": 4.0, "wind_gust_kt": 0.0, "visibility_statute_mi": 1.86, "altim_in_hg": 30.09, "sea_level_pressure_mb": 0.0, "quality_control_flags": null, "wx_string": "-DZ BR", "sky_condition": null, "flight_category": "LIFR", "three_hr_pressure_tendency_mb": 0.0, "maxT_c": 0.0, "minT_c": 0.0, "maxT24hr_c": 0.0, "minT24hr_c": 0.0, "precip_in": 0.0, "pcp3hr_in": 0.0, "pcp6hr_in": 0.0, "pcp24hr_in": 0.0, "snow_in": 0.0, "vert_vis_ft": 0.0, "metar_type": "METAR", "elevation_m": 8.0, "municipality": "Concepcion", "continent": "SA", "iso_country": "CL", "iso_region": "CL-BI", "wikipedia_link": "https://en.wikipedia.org/wiki/Carriel_Sur_International_Airport" }, "geometry": { "type": "Point", "coordinates": [ -73.063, -36.773 ] } },
{ "type": "Feature", "properties": { "raw_text": "METAR SCIP 280100Z 10010KT 9999 SCT022 23/19 Q1024 NOSIG", "station_id": "SCIP", "observation_time": "2026-04-28T01:00:00.000Z", "latitude": -27.161, "longitude": -109.427, "temp_c": 23.0, "dewpoint_c": 19.0, "wind_dir_degrees": 100.0, "wind_speed_kt": 10.0, "wind_gust_kt": 0.0, "visibility_statute_mi": 6.0, "altim_in_hg": 30.24, "sea_level_pressure_mb": 0.0, "quality_control_flags": null, "wx_string": "", "sky_condition": null, "flight_category": "VFR", "three_hr_pressure_tendency_mb": 0.0, "maxT_c": 0.0, "minT_c": 0.0, "maxT24hr_c": 0.0, "minT24hr_c": 0.0, "precip_in": 0.0, "pcp3hr_in": 0.0, "pcp6hr_in": 0.0, "pcp24hr_in": 0.0, "snow_in": 0.0, "vert_vis_ft": 0.0, "metar_type": "METAR", "elevation_m": 48.0, "municipality": "Isla De Pascua", "continent": "SA", "iso_country": "CL", "iso_region": "CL-VS", "wikipedia_link": "https://en.wikipedia.org/wiki/Mataveri_International_Airport" }, "geometry": { "type": "Point", "coordinates": [ -109.427, -27.161 ] } },
{ "type": "Feature", "properties": { "raw_text": "METAR SCQP 280100Z 07002KT 5000 -DZ FEW002 OVC015 10/10 Q1019", "station_id": "SCQP", "observation_time": "2026-04-28T01:00:00.000Z", "latitude": -38.925, "longitude": -72.648, "temp_c": 10.0, "dewpoint_c": 10.0, "wind_dir_degrees": 70.0, "wind_speed_kt": 2.0, "wind_gust_kt": 0.0, "visibility_statute_mi": 3.11, "altim_in_hg": 30.09, "sea_level_pressure_mb": 0.0, "quality_control_flags": null, "wx_string": "-DZ", "sky_condition": null, "flight_category": "MVFR", "three_hr_pressure_tendency_mb": 0.0, "maxT_c": 0.0, "minT_c": 0.0, "maxT24hr_c": 0.0, "minT24hr_c": 0.0, "precip_in": 0.0, "pcp3hr_in": 0.0, "pcp6hr_in": 0.0, "pcp24hr_in": 0.0, "snow_in": 0.0, "vert_vis_ft": 0.0, "metar_type": "METAR", "elevation_m": 97.0, "municipality": "Temuco", "continent": "SA", "iso_country": "CL", "iso_region": "CL-AR", "wikipedia_link": "https://en.wikipedia.org/wiki/La_Araucan%C3%ADa_International_Airport" }, "geometry": { "type": "Point", "coordinates": [ -72.648, -38.925 ] } },
{ "type": "Feature", "properties": { "raw_text": "METAR SCTE 280100Z 01007KT 5000 -DZ BKN012 OVC120 09/09 Q1018 NOSIG", "station_id": "SCTE", "observation_time": "2026-04-28T01:00:00.000Z", "latitude": -41.439, "longitude": -73.094, "temp_c": 9.0, "dewpoint_c": 9.0, "wind_dir_degrees": 10.0, "wind_speed_kt": 7.0, "wind_gust_kt": 0.0, "visibility_statute_mi": 3.11, "altim_in_hg": 30.06, "sea_level_pressure_mb": 0.0, "quality_control_flags": null, "wx_string": "-DZ", "sky_condition": null, "flight_category": "MVFR", "three_hr_pressure_tendency_mb": 0.0, "maxT_c": 0.0, "minT_c": 0.0, "maxT24hr_c": 0.0, "minT24hr_c": 0.0, "precip_in": 0.0, "pcp3hr_in": 0.0, "pcp6hr_in": 0.0, "pcp24hr_in": 0.0, "snow_in": 0.0, "vert_vis_ft": 0.0, "metar_type": "METAR", "elevation_m": 85.0, "municipality": "Puerto Montt", "continent": "SA", "iso_country": "CL", "iso_region": "CL-LL", "wikipedia_link": "https://en.wikipedia.org/wiki/El_Tepual_Airport" }, "geometry": { "type": "Point", "coordinates": [ -73.094, -41.439 ] } },
{ "type": "Feature", "properties": { "raw_text": "METAR SEGU 280100Z 22013KT 9999 BKN026 BKN100 30/23 Q1010 NOSIG RMK A2982", "station_id": "SEGU", "observation_time": "2026-04-28T01:00:00.000Z", "latitude": -2.158, "longitude": -79.884, "temp_c": 30.0, "dewpoint_c": 23.0, "wind_dir_degrees": 220.0, "wind_speed_kt": 13.0, "wind_gust_kt": 0.0, "visibility_statute_mi": 6.0, "altim_in_hg": 29.82, "sea_level_pressure_mb": 0.0, "quality_control_flags": null, "wx_string": "", "sky_condition": null, "flight_category": "MVFR", "three_hr_pressure_tendency_mb": 0.0, "maxT_c": 0.0, "minT_c": 0.0, "maxT24hr_c": 0.0, "minT24hr_c": 0.0, "precip_in": 0.0, "pcp3hr_in": 0.0, "pcp6hr_in": 0.0, "pcp24hr_in": 0.0, "snow_in": 0.0, "vert_vis_ft": 0.0, "metar_type": "METAR", "elevation_m": 6.0, "municipality": "Guayaquil", "continent": "SA", "iso_country": "EC", "iso_region": "EC-G", "wikipedia_link": "https://en.wikipedia.org/wiki/José_Joaquín_de_Olmedo_International_Airport" }, "geometry": { "type": "Point", "coordinates": [ -79.884, -2.158 ] } },
{ "type": "Feature", "properties": { "raw_text": "METAR SEQM 280100Z 06003KT 030V100 9999 -RA FEW010 SCT030 BKN080 14/13 Q1027 NOSIG RMK A3035", "station_id": "SEQM", "observation_time": "2026-04-28T01:00:00.000Z", "latitude": -0.124, "longitude": -78.354, "temp_c": 14.0, "dewpoint_c": 13.0, "wind_dir_degrees": 60.0, "wind_speed_kt": 3.0, "wind_gust_kt": 0.0, "visibility_statute_mi": 6.0, "altim_in_hg": 30.32, "sea_level_pressure_mb": 0.0, "quality_control_flags": null, "wx_string": "-RA", "sky_condition": null, "flight_category": "VFR", "three_hr_pressure_tendency_mb": 0.0, "maxT_c": 0.0, "minT_c": 0.0, "maxT24hr_c": 0.0, "minT24hr_c": 0.0, "precip_in": 0.0, "pcp3hr_in": 0.0, "pcp6hr_in": 0.0, "pcp24hr_in": 0.0, "snow_in": 0.0, "vert_vis_ft": 0.0, "metar_type": "METAR", "elevation_m": 2386.0, "municipality": "Quito", "continent": "SA", "iso_country": "EC", "iso_region": "EC-P", "wikipedia_link": "https://en.wikipedia.org/wiki/Mariscal_Sucre_International_Airport" }, "geometry": { "type": "Point", "coordinates": [ -78.354, -0.124 ] } },
{ "type": "Feature", "properties": { "raw_text": "METAR SGAS 280100Z 18010KT CAVOK 15/09 Q1017", "station_id": "SGAS", "observation_time": "2026-04-28T01:00:00.000Z", "latitude": -25.248, "longitude": -57.519, "temp_c": 15.0, "dewpoint_c": 9.0, "wind_dir_degrees": 180.0, "wind_speed_kt": 10.0, "wind_gust_kt": 0.0, "visibility_statute_mi": 6.0, "altim_in_hg": 30.03, "sea_level_pressure_mb": 0.0, "quality_control_flags": null, "wx_string": "", "sky_condition": null, "flight_category": "VFR", "three_hr_pressure_tendency_mb": 0.0, "maxT_c": 0.0, "minT_c": 0.0, "maxT24hr_c": 0.0, "minT24hr_c": 0.0, "precip_in": 0.0, "pcp3hr_in": 0.0, "pcp6hr_in": 0.0, "pcp24hr_in": 0.0, "snow_in": 0.0, "vert_vis_ft": 0.0, "metar_type": "METAR", "elevation_m": 83.0, "municipality": "Asunción", "continent": "SA", "iso_country": "PY", "iso_region": "PY-11", "wikipedia_link": "https://en.wikipedia.org/wiki/Silvio_Pettirossi_International_Airport" }, "geometry": { "type": "Point", "coordinates": [ -57.519, -25.248 ] } },
{ "type": "Feature", "properties": { "raw_text": "METAR SGES 280100Z 19008KT CAVOK 15/08 Q1017", "station_id": "SGES", "observation_time": "2026-04-28T01:00:00.000Z", "latitude": -25.461, "longitude": -54.849, "temp_c": 15.0, "dewpoint_c": 8.0, "wind_dir_degrees": 190.0, "wind_speed_kt": 8.0, "wind_gust_kt": 0.0, "visibility_statute_mi": 6.0, "altim_in_hg": 30.03, "sea_level_pressure_mb": 0.0, "quality_control_flags": null, "wx_string": "", "sky_condition": null, "flight_category": "VFR", "three_hr_pressure_tendency_mb": 0.0, "maxT_c": 0.0, "minT_c": 0.0, "maxT24hr_c": 0.0, "minT24hr_c": 0.0, "precip_in": 0.0, "pcp3hr_in": 0.0, "pcp6hr_in": 0.0, "pcp24hr_in": 0.0, "snow_in": 0.0, "vert_vis_ft": 0.0, "metar_type": "METAR", "elevation_m": 256.0, "municipality": "Ciudad del Este", "continent": "SA", "iso_country": "PY", "iso_region": "PY-10", "wikipedia_link": "https://en.wikipedia.org/wiki/Guarani_International_Airport" }, "geometry": { "type": "Point", "coordinates": [ -54.849, -25.461 ] } },
{ "type": "Feature", "properties": { "raw_text": "METAR SKBO 280100Z VRB01KT 9000 -DZ SCT030 BKN050 14/14 Q1027 BECMG FM0130 9999 NSW", "station_id": "SKBO", "observation_time": "2026-04-28T01:00:00.000Z", "latitude": 4.706, "longitude": -74.151, "temp_c": 14.0, "dewpoint_c": 14.0, "wind_dir_degrees": 0.0, "wind_speed_kt": 1.0, "wind_gust_kt": 0.0, "visibility_statute_mi": 5.59, "altim_in_hg": 30.32, "sea_level_pressure_mb": 0.0, "quality_control_flags": null, "wx_string": "-DZ", "sky_condition": null, "flight_category": "VFR", "three_hr_pressure_tendency_mb": 0.0, "maxT_c": 0.0, "minT_c": 0.0, "maxT24hr_c": 0.0, "minT24hr_c": 0.0, "precip_in": 0.0, "pcp3hr_in": 0.0, "pcp6hr_in": 0.0, "pcp24hr_in": 0.0, "snow_in": 0.0, "vert_vis_ft": 0.0, "metar_type": "METAR", "elevation_m": 2547.0, "municipality": "Bogota", "continent": "SA", "iso_country": "CO", "iso_region": "CO-DC", "wikipedia_link": "https://en.wikipedia.org/wiki/El_Dorado_International_Airport" }, "geometry": { "type": "Point", "coordinates": [ -74.151, 4.706 ] } },
{ "type": "Feature", "properties": { "raw_text": "METAR SKBQ 280100Z 04012KT 9999 BKN020 28/25 Q1010", "station_id": "SKBQ", "observation_time": "2026-04-28T01:00:00.000Z", "latitude": 10.883, "longitude": -74.78, "temp_c": 28.0, "dewpoint_c": 25.0, "wind_dir_degrees": 40.0, "wind_speed_kt": 12.0, "wind_gust_kt": 0.0, "visibility_statute_mi": 6.0, "altim_in_hg": 29.82, "sea_level_pressure_mb": 0.0, "quality_control_flags": null, "wx_string": "", "sky_condition": null, "flight_category": "MVFR", "three_hr_pressure_tendency_mb": 0.0, "maxT_c": 0.0, "minT_c": 0.0, "maxT24hr_c": 0.0, "minT24hr_c": 0.0, "precip_in": 0.0, "pcp3hr_in": 0.0, "pcp6hr_in": 0.0, "pcp24hr_in": 0.0, "snow_in": 0.0, "vert_vis_ft": 0.0, "metar_type": "METAR", "elevation_m": 23.0, "municipality": "Barranquilla", "continent": "SA", "iso_country": "CO", "iso_region": "CO-ATL", "wikipedia_link": "https://en.wikipedia.org/wiki/Ernesto_Cortissoz_International_Airport" }, "geometry": { "type": "Point", "coordinates": [ -74.78, 10.883 ] } },
{ "type": "Feature", "properties": { "raw_text": "METAR SKCG 280100Z 01006KT 330V060 9999 FEW040 29/25 Q1010", "station_id": "SKCG", "observation_time": "2026-04-28T01:00:00.000Z", "latitude": 10.447, "longitude": -75.516, "temp_c": 29.0, "dewpoint_c": 25.0, "wind_dir_degrees": 10.0, "wind_speed_kt": 6.0, "wind_gust_kt": 0.0, "visibility_statute_mi": 6.0, "altim_in_hg": 29.82, "sea_level_pressure_mb": 0.0, "quality_control_flags": null, "wx_string": "", "sky_condition": null, "flight_category": "VFR", "three_hr_pressure_tendency_mb": 0.0, "maxT_c": 0.0, "minT_c": 0.0, "maxT24hr_c": 0.0, "minT24hr_c": 0.0, "precip_in": 0.0, "pcp3hr_in": 0.0, "pcp6hr_in": 0.0, "pcp24hr_in": 0.0, "snow_in": 0.0, "vert_vis_ft": 0.0, "metar_type": "METAR", "elevation_m": 6.0, "municipality": "Cartagena", "continent": "SA", "iso_country": "CO", "iso_region": "CO-BOL", "wikipedia_link": "https://en.wikipedia.org/wiki/Rafael_N%C3%BA%C3%B1ez_International_Airport" }, "geometry": { "type": "Point", "coordinates": [ -75.516, 10.447 ] } },
{ "type": "Feature", "properties": { "raw_text": "SPECI SKCL 280100Z 32006KT 9000 SCT030 SCT060 25/20 Q1015 RMK HZ", "station_id": "SKCL", "observation_time": "2026-04-28T01:00:00.000Z", "latitude": 3.543, "longitude": -76.382, "temp_c": 25.0, "dewpoint_c": 20.0, "wind_dir_degrees": 320.0, "wind_speed_kt": 6.0, "wind_gust_kt": 0.0, "visibility_statute_mi": 5.59, "altim_in_hg": 29.97, "sea_level_pressure_mb": 0.0, "quality_control_flags": null, "wx_string": "", "sky_condition": null, "flight_category": "VFR", "three_hr_pressure_tendency_mb": 0.0, "maxT_c": 0.0, "minT_c": 0.0, "maxT24hr_c": 0.0, "minT24hr_c": 0.0, "precip_in": 0.0, "pcp3hr_in": 0.0, "pcp6hr_in": 0.0, "pcp24hr_in": 0.0, "snow_in": 0.0, "vert_vis_ft": 0.0, "metar_type": "SPECI", "elevation_m": 967.0, "municipality": "Cali", "continent": "SA", "iso_country": "CO", "iso_region": "CO-VAC", "wikipedia_link": "https://en.wikipedia.org/wiki/Alfonso_Bonilla_Arag%C3%B3n_International_Airport" }, "geometry": { "type": "Point", "coordinates": [ -76.382, 3.543 ] } },
{ "type": "Feature", "properties": { "raw_text": "METAR SKRG 280100Z VRB01KT 9999 BKN020 16/15 Q1026", "station_id": "SKRG", "observation_time": "2026-04-28T01:00:00.000Z", "latitude": 6.169, "longitude": -75.426, "temp_c": 16.0, "dewpoint_c": 15.0, "wind_dir_degrees": 0.0, "wind_speed_kt": 1.0, "wind_gust_kt": 0.0, "visibility_statute_mi": 6.0, "altim_in_hg": 30.3, "sea_level_pressure_mb": 0.0, "quality_control_flags": null, "wx_string": "", "sky_condition": null, "flight_category": "MVFR", "three_hr_pressure_tendency_mb": 0.0, "maxT_c": 0.0, "minT_c": 0.0, "maxT24hr_c": 0.0, "minT24hr_c": 0.0, "precip_in": 0.0, "pcp3hr_in": 0.0, "pcp6hr_in": 0.0, "pcp24hr_in": 0.0, "snow_in": 0.0, "vert_vis_ft": 0.0, "metar_type": "METAR", "elevation_m": 2132.0, "municipality": "Medellín", "continent": "SA", "iso_country": "CO", "iso_region": "CO-ANT", "wikipedia_link": "https://en.wikipedia.org/wiki/Jos%C3%A9_Mar%C3%ADa_C%C3%B3rdova_International_Airport" }, "geometry": { "type": "Point", "coordinates": [ -75.426, 6.169 ] } },
{ "type": "Feature", "properties": { "raw_text": "METAR SKSP 280100Z AUTO 07004KT 030V120 CAVOK 28/22 Q1012", "station_id": "SKSP", "observation_time": "2026-04-28T01:00:00.000Z", "latitude": 12.587, "longitude": -81.704, "temp_c": 28.0, "dewpoint_c": 22.0, "wind_dir_degrees": 70.0, "wind_speed_kt": 4.0, "wind_gust_kt": 0.0, "visibility_statute_mi": 6.0, "altim_in_hg": 29.88, "sea_level_pressure_mb": 0.0, "quality_control_flags": null, "wx_string": "", "sky_condition": null, "flight_category": "VFR", "three_hr_pressure_tendency_mb": 0.0, "maxT_c": 0.0, "minT_c": 0.0, "maxT24hr_c": 0.0, "minT24hr_c": 0.0, "precip_in": 0.0, "pcp3hr_in": 0.0, "pcp6hr_in": 0.0, "pcp24hr_in": 0.0, "snow_in": 0.0, "vert_vis_ft": 0.0, "metar_type": "METAR", "elevation_m": 6.0, "municipality": "San Andrés", "continent": "NA", "iso_country": "CO", "iso_region": "CO-SAP", "wikipedia_link": "https://en.wikipedia.org/wiki/Gustavo_Rojas_Pinilla_International_Airport" }, "geometry": { "type": "Point", "coordinates": [ -81.704, 12.587 ] } },
{ "type": "Feature", "properties": { "raw_text": "METAR SLAL 280100Z 36012KT 9999 FEW017 11/10 Q1029", "station_id": "SLAL", "observation_time": "2026-04-28T01:00:00.000Z", "latitude": -19.247, "longitude": -65.15, "temp_c": 11.0, "dewpoint_c": 10.0, "wind_dir_degrees": 360.0, "wind_speed_kt": 12.0, "wind_gust_kt": 0.0, "visibility_statute_mi": 6.0, "altim_in_hg": 30.38, "sea_level_pressure_mb": 0.0, "quality_control_flags": null, "wx_string": "", "sky_condition": null, "flight_category": "VFR", "three_hr_pressure_tendency_mb": 0.0, "maxT_c": 0.0, "minT_c": 0.0, "maxT24hr_c": 0.0, "minT24hr_c": 0.0, "precip_in": 0.0, "pcp3hr_in": 0.0, "pcp6hr_in": 0.0, "pcp24hr_in": 0.0, "snow_in": 0.0, "vert_vis_ft": 0.0, "metar_type": "METAR", "elevation_m": 3109.0, "municipality": "Sucre", "continent": "SA", "iso_country": "BO", "iso_region": "BO-H", "wikipedia_link": "https://en.wikipedia.org/wiki/Alcantar%C3%AD_Airport" }, "geometry": { "type": "Point", "coordinates": [ -65.15, -19.247 ] } },
{ "type": "Feature", "properties": { "raw_text": "METAR SLCB 280100Z 12010KT 080V190 9999 FEW030 BKN200 19/08 Q1024 NOSIG", "station_id": "SLCB", "observation_time": "2026-04-28T01:00:00.000Z", "latitude": -17.421, "longitude": -66.179, "temp_c": 19.0, "dewpoint_c": 8.0, "wind_dir_degrees": 120.0, "wind_speed_kt": 10.0, "wind_gust_kt": 0.0, "visibility_statute_mi": 6.0, "altim_in_hg": 30.24, "sea_level_pressure_mb": 0.0, "quality_control_flags": null, "wx_string": "", "sky_condition": null, "flight_category": "VFR", "three_hr_pressure_tendency_mb": 0.0, "maxT_c": 0.0, "minT_c": 0.0, "maxT24hr_c": 0.0, "minT24hr_c": 0.0, "precip_in": 0.0, "pcp3hr_in": 0.0, "pcp6hr_in": 0.0, "pcp24hr_in": 0.0, "snow_in": 0.0, "vert_vis_ft": 0.0, "metar_type": "METAR", "elevation_m": 2560.0, "municipality": "Cochabamba", "continent": "SA", "iso_country": "BO", "iso_region": "BO-C", "wikipedia_link": "https://en.wikipedia.org/wiki/Jorge_Wilstermann_International_Airport" }, "geometry": { "type": "Point", "coordinates": [ -66.179, -17.421 ] } },
{ "type": "Feature", "properties": { "raw_text": "METAR SLLP 280100Z 07005KT 9999 FEW010 SCT200 04/04 Q1038 NOSIG", "station_id": "SLLP", "observation_time": "2026-04-28T01:00:00.000Z", "latitude": -16.511, "longitude": -68.182, "temp_c": 4.0, "dewpoint_c": 4.0, "wind_dir_degrees": 70.0, "wind_speed_kt": 5.0, "wind_gust_kt": 0.0, "visibility_statute_mi": 6.0, "altim_in_hg": 30.65, "sea_level_pressure_mb": 0.0, "quality_control_flags": null, "wx_string": "", "sky_condition": null, "flight_category": "VFR", "three_hr_pressure_tendency_mb": 0.0, "maxT_c": 0.0, "minT_c": 0.0, "maxT24hr_c": 0.0, "minT24hr_c": 0.0, "precip_in": 0.0, "pcp3hr_in": 0.0, "pcp6hr_in": 0.0, "pcp24hr_in": 0.0, "snow_in": 0.0, "vert_vis_ft": 0.0, "metar_type": "METAR", "elevation_m": 4061.0, "municipality": "La Paz / El Alto", "continent": "SA", "iso_country": "BO", "iso_region": "BO-L", "wikipedia_link": "https://en.wikipedia.org/wiki/El_Alto_International_Airport" }, "geometry": { "type": "Point", "coordinates": [ -68.182, -16.511 ] } },
{ "type": "Feature", "properties": { "raw_text": "METAR SLVR 280100Z 18009KT 9999 SCT030 BKN070 21/19 Q1016 NOSIG", "station_id": "SLVR", "observation_time": "2026-04-28T01:00:00.000Z", "latitude": -17.645, "longitude": -63.135, "temp_c": 21.0, "dewpoint_c": 19.0, "wind_dir_degrees": 180.0, "wind_speed_kt": 9.0, "wind_gust_kt": 0.0, "visibility_statute_mi": 6.0, "altim_in_hg": 30.0, "sea_level_pressure_mb": 0.0, "quality_control_flags": null, "wx_string": "", "sky_condition": null, "flight_category": "VFR", "three_hr_pressure_tendency_mb": 0.0, "maxT_c": 0.0, "minT_c": 0.0, "maxT24hr_c": 0.0, "minT24hr_c": 0.0, "precip_in": 0.0, "pcp3hr_in": 0.0, "pcp6hr_in": 0.0, "pcp24hr_in": 0.0, "snow_in": 0.0, "vert_vis_ft": 0.0, "metar_type": "METAR", "elevation_m": 377.0, "municipality": "Santa Cruz", "continent": "SA", "iso_country": "BO", "iso_region": "BO-S", "wikipedia_link": "https://en.wikipedia.org/wiki/Viru_Viru_International_Airport" }, "geometry": { "type": "Point", "coordinates": [ -63.135, -17.645 ] } },
{ "type": "Feature", "properties": { "raw_text": "METAR SMJP 280100Z 05002KT 9999 FEW008 24/24 Q1012", "station_id": "SMJP", "observation_time": "2026-04-28T01:00:00.000Z", "latitude": 5.453, "longitude": -55.188, "temp_c": 24.0, "dewpoint_c": 24.0, "wind_dir_degrees": 50.0, "wind_speed_kt": 2.0, "wind_gust_kt": 0.0, "visibility_statute_mi": 6.0, "altim_in_hg": 29.88, "sea_level_pressure_mb": 0.0, "quality_control_flags": null, "wx_string": "", "sky_condition": null, "flight_category": "VFR", "three_hr_pressure_tendency_mb": 0.0, "maxT_c": 0.0, "minT_c": 0.0, "maxT24hr_c": 0.0, "minT24hr_c": 0.0, "precip_in": 0.0, "pcp3hr_in": 0.0, "pcp6hr_in": 0.0, "pcp24hr_in": 0.0, "snow_in": 0.0, "vert_vis_ft": 0.0, "metar_type": "METAR", "elevation_m": 14.0, "municipality": "Paramaribo", "continent": "SA", "iso_country": "SR", "iso_region": "SR-PR", "wikipedia_link": "https://en.wikipedia.org/wiki/Johan_Adolf_Pengel_International_Airport" }, "geometry": { "type": "Point", "coordinates": [ -55.188, 5.453 ] } },
{ "type": "Feature", "properties": { "raw_text": "METAR SOCA 280130Z AUTO 07004KT 9999 FEW022 SCT043 26/24 Q1013 TEMPO 3000 SHRA BKN007 FEW012CB BKN015TCU", "station_id": "SOCA", "observation_time": "2026-04-28T01:30:00.000Z", "latitude": 4.822, "longitude": -52.365, "temp_c": 26.0, "dewpoint_c": 24.0, "wind_dir_degrees": 70.0, "wind_speed_kt": 4.0, "wind_gust_kt": 0.0, "visibility_statute_mi": 6.0, "altim_in_hg": 29.91, "sea_level_pressure_mb": 0.0, "quality_control_flags": null, "wx_string": "", "sky_condition": null, "flight_category": "VFR", "three_hr_pressure_tendency_mb": 0.0, "maxT_c": 0.0, "minT_c": 0.0, "maxT24hr_c": 0.0, "minT24hr_c": 0.0, "precip_in": 0.0, "pcp3hr_in": 0.0, "pcp6hr_in": 0.0, "pcp24hr_in": 0.0, "snow_in": 0.0, "vert_vis_ft": 0.0, "metar_type": "METAR", "elevation_m": 7.0, "municipality": "Matoury", "continent": "SA", "iso_country": "GF", "iso_region": "GF-CY", "wikipedia_link": "https://en.wikipedia.org/wiki/Cayenne_%E2%80%93_F%C3%A9lix_Ebou%C3%A9_Airport" }, "geometry": { "type": "Point", "coordinates": [ -52.365, 4.822 ] } },
{ "type": "Feature", "properties": { "raw_text": "METAR SPCL 280100Z 28002KT 9999 SCT015 SCT080 25/24 Q1011 RMK PP000", "station_id": "SPCL", "observation_time": "2026-04-28T01:00:00.000Z", "latitude": -8.378, "longitude": -74.574, "temp_c": 25.0, "dewpoint_c": 24.0, "wind_dir_degrees": 280.0, "wind_speed_kt": 2.0, "wind_gust_kt": 0.0, "visibility_statute_mi": 6.0, "altim_in_hg": 29.85, "sea_level_pressure_mb": 0.0, "quality_control_flags": null, "wx_string": "", "sky_condition": null, "flight_category": "VFR", "three_hr_pressure_tendency_mb": 0.0, "maxT_c": 0.0, "minT_c": 0.0, "maxT24hr_c": 0.0, "minT24hr_c": 0.0, "precip_in": 0.0, "pcp3hr_in": 0.0, "pcp6hr_in": 0.0, "pcp24hr_in": 0.0, "snow_in": 0.0, "vert_vis_ft": 0.0, "metar_type": "METAR", "elevation_m": 154.0, "municipality": "Pucallpa", "continent": "SA", "iso_country": "PE", "iso_region": "PE-UCA", "wikipedia_link": "https://en.wikipedia.org/wiki/Captain_Rolden_International_Airport" }, "geometry": { "type": "Point", "coordinates": [ -74.574, -8.378 ] } },
{ "type": "Feature", "properties": { "raw_text": "METAR SPHI 280100Z 17012KT 9999 SCT010 22/19 Q1013 RMK BIRD HAZARD RWY 19/01 PP000", "station_id": "SPHI", "observation_time": "2026-04-28T01:00:00.000Z", "latitude": -6.787, "longitude": -79.828, "temp_c": 22.0, "dewpoint_c": 19.0, "wind_dir_degrees": 170.0, "wind_speed_kt": 12.0, "wind_gust_kt": 0.0, "visibility_statute_mi": 6.0, "altim_in_hg": 29.91, "sea_level_pressure_mb": 0.0, "quality_control_flags": null, "wx_string": "", "sky_condition": null, "flight_category": "VFR", "three_hr_pressure_tendency_mb": 0.0, "maxT_c": 0.0, "minT_c": 0.0, "maxT24hr_c": 0.0, "minT24hr_c": 0.0, "precip_in": 0.0, "pcp3hr_in": 0.0, "pcp6hr_in": 0.0, "pcp24hr_in": 0.0, "snow_in": 0.0, "vert_vis_ft": 0.0, "metar_type": "METAR", "elevation_m": 33.0, "municipality": "Chiclayo", "continent": "SA", "iso_country": "PE", "iso_region": "PE-LAM", "wikipedia_link": "https://en.wikipedia.org/wiki/Cap._FAP_Jos%C3%A9_A._Qui%C3%B1ones_Gonzales_International_Airport" }, "geometry": { "type": "Point", "coordinates": [ -79.828, -6.787 ] } },
{ "type": "Feature", "properties": { "raw_text": "METAR SPJC 280100Z 17011KT 9999 FEW008 21/18 Q1013 NOSIG RMK PP000", "station_id": "SPJC", "observation_time": "2026-04-28T01:00:00.000Z", "latitude": -12.024, "longitude": -77.113, "temp_c": 21.0, "dewpoint_c": 18.0, "wind_dir_degrees": 170.0, "wind_speed_kt": 11.0, "wind_gust_kt": 0.0, "visibility_statute_mi": 6.0, "altim_in_hg": 29.91, "sea_level_pressure_mb": 0.0, "quality_control_flags": null, "wx_string": "", "sky_condition": null, "flight_category": "VFR", "three_hr_pressure_tendency_mb": 0.0, "maxT_c": 0.0, "minT_c": 0.0, "maxT24hr_c": 0.0, "minT24hr_c": 0.0, "precip_in": 0.0, "pcp3hr_in": 0.0, "pcp6hr_in": 0.0, "pcp24hr_in": 0.0, "snow_in": 0.0, "vert_vis_ft": 0.0, "metar_type": "METAR", "elevation_m": 26.0, "municipality": "Lima", "continent": "SA", "iso_country": "PE", "iso_region": "PE-LIM", "wikipedia_link": "https://en.wikipedia.org/wiki/Jorge_Ch%C3%A1vez_International_Airport" }, "geometry": { "type": "Point", "coordinates": [ -77.113, -12.024 ] } },
{ "type": "Feature", "properties": { "raw_text": "METAR SPQT 280100Z 32005KT 290V360 9999 -RA SCT008 BKN080 24/23 Q1011 TEMPO 4000 RA BKN007 BKN080 RMK PP004", "station_id": "SPQT", "observation_time": "2026-04-28T01:00:00.000Z", "latitude": -3.786, "longitude": -73.306, "temp_c": 24.0, "dewpoint_c": 23.0, "wind_dir_degrees": 320.0, "wind_speed_kt": 5.0, "wind_gust_kt": 0.0, "visibility_statute_mi": 6.0, "altim_in_hg": 29.85, "sea_level_pressure_mb": 0.0, "quality_control_flags": null, "wx_string": "-RA", "sky_condition": null, "flight_category": "VFR", "three_hr_pressure_tendency_mb": 0.0, "maxT_c": 0.0, "minT_c": 0.0, "maxT24hr_c": 0.0, "minT24hr_c": 0.0, "precip_in": 0.0, "pcp3hr_in": 0.0, "pcp6hr_in": 0.0, "pcp24hr_in": 0.0, "snow_in": 0.0, "vert_vis_ft": 0.0, "metar_type": "METAR", "elevation_m": 92.0, "municipality": "Iquitos", "continent": "SA", "iso_country": "PE", "iso_region": "PE-LOR", "wikipedia_link": "https://en.wikipedia.org/wiki/Crnl._FAP_Francisco_Secada_Vignetta_International_Airport" }, "geometry": { "type": "Point", "coordinates": [ -73.306, -3.786 ] } },
{ "type": "Feature", "properties": { "raw_text": "METAR SPQU 280100Z 09005KT CAVOK 13/05 Q1027 RMK PP000", "station_id": "SPQU", "observation_time": "2026-04-28T01:00:00.000Z", "latitude": -16.341, "longitude": -71.583, "temp_c": 13.0, "dewpoint_c": 5.0, "wind_dir_degrees": 90.0, "wind_speed_kt": 5.0, "wind_gust_kt": 0.0, "visibility_statute_mi": 6.0, "altim_in_hg": 30.32, "sea_level_pressure_mb": 0.0, "quality_control_flags": null, "wx_string": "", "sky_condition": null, "flight_category": "VFR", "three_hr_pressure_tendency_mb": 0.0, "maxT_c": 0.0, "minT_c": 0.0, "maxT24hr_c": 0.0, "minT24hr_c": 0.0, "precip_in": 0.0, "pcp3hr_in": 0.0, "pcp6hr_in": 0.0, "pcp24hr_in": 0.0, "snow_in": 0.0, "vert_vis_ft": 0.0, "metar_type": "METAR", "elevation_m": 2527.0, "municipality": "Arequipa", "continent": "SA", "iso_country": "PE", "iso_region": "PE-ARE", "wikipedia_link": "https://en.wikipedia.org/wiki/Rodriguez_Ballon_International_Airport" }, "geometry": { "type": "Point", "coordinates": [ -71.583, -16.341 ] } },
{ "type": "Feature", "properties": { "raw_text": "METAR SPRU 280100Z 14006KT 100V160 9999 OVC018 22/20 Q1014 RMK PP000", "station_id": "SPRU", "observation_time": "2026-04-28T01:00:00.000Z", "latitude": -8.087, "longitude": -79.109, "temp_c": 22.0, "dewpoint_c": 20.0, "wind_dir_degrees": 140.0, "wind_speed_kt": 6.0, "wind_gust_kt": 0.0, "visibility_statute_mi": 6.0, "altim_in_hg": 29.94, "sea_level_pressure_mb": 0.0, "quality_control_flags": null, "wx_string": "", "sky_condition": null, "flight_category": "MVFR", "three_hr_pressure_tendency_mb": 0.0, "maxT_c": 0.0, "minT_c": 0.0, "maxT24hr_c": 0.0, "minT24hr_c": 0.0, "precip_in": 0.0, "pcp3hr_in": 0.0, "pcp6hr_in": 0.0, "pcp24hr_in": 0.0, "snow_in": 0.0, "vert_vis_ft": 0.0, "metar_type": "METAR", "elevation_m": 23.0, "municipality": "Trujillo", "continent": "SA", "iso_country": "PE", "iso_region": "PE-LAL", "wikipedia_link": "https://en.wikipedia.org/wiki/Cap._FAP_Carlos_Mart%C3%ADnez_de_Pinillos_International_Airport" }, "geometry": { "type": "Point", "coordinates": [ -79.109, -8.087 ] } },
{ "type": "Feature", "properties": { "raw_text": "METAR SPSO 280100Z 21013KT CAVOK 20/16 Q1013 RMK PP000", "station_id": "SPSO", "observation_time": "2026-04-28T01:00:00.000Z", "latitude": -13.744, "longitude": -76.221, "temp_c": 20.0, "dewpoint_c": 16.0, "wind_dir_degrees": 210.0, "wind_speed_kt": 13.0, "wind_gust_kt": 0.0, "visibility_statute_mi": 6.0, "altim_in_hg": 29.91, "sea_level_pressure_mb": 0.0, "quality_control_flags": null, "wx_string": "", "sky_condition": null, "flight_category": "VFR", "three_hr_pressure_tendency_mb": 0.0, "maxT_c": 0.0, "minT_c": 0.0, "maxT24hr_c": 0.0, "minT24hr_c": 0.0, "precip_in": 0.0, "pcp3hr_in": 0.0, "pcp6hr_in": 0.0, "pcp24hr_in": 0.0, "snow_in": 0.0, "vert_vis_ft": 0.0, "metar_type": "METAR", "elevation_m": 8.0, "municipality": "Pisco", "continent": "SA", "iso_country": "PE", "iso_region": "PE-ICA", "wikipedia_link": "https://en.wikipedia.org/wiki/Capit%C3%A1n_FAP_Ren%C3%A1n_El%C3%ADas_Olivera_Airport" }, "geometry": { "type": "Point", "coordinates": [ -76.221, -13.744 ] } },
{ "type": "Feature", "properties": { "raw_text": "METAR SPZO 280130Z 27004KT 230V290 9999 FEW050 SCT100 09/07 Q1033 NOSIG RMK BIRD HAZARD RWY 10/28", "station_id": "SPZO", "observation_time": "2026-04-28T01:30:00.000Z", "latitude": -13.536, "longitude": -71.939, "temp_c": 9.0, "dewpoint_c": 7.0, "wind_dir_degrees": 270.0, "wind_speed_kt": 4.0, "wind_gust_kt": 0.0, "visibility_statute_mi": 6.0, "altim_in_hg": 30.5, "sea_level_pressure_mb": 0.0, "quality_control_flags": null, "wx_string": "", "sky_condition": null, "flight_category": "VFR", "three_hr_pressure_tendency_mb": 0.0, "maxT_c": 0.0, "minT_c": 0.0, "maxT24hr_c": 0.0, "minT24hr_c": 0.0, "precip_in": 0.0, "pcp3hr_in": 0.0, "pcp6hr_in": 0.0, "pcp24hr_in": 0.0, "snow_in": 0.0, "vert_vis_ft": 0.0, "metar_type": "METAR", "elevation_m": 3249.0, "municipality": "Cusco", "continent": "SA", "iso_country": "PE", "iso_region": "PE-CUS", "wikipedia_link": "https://en.wikipedia.org/wiki/Alejandro_Velasco_Astete_International_Airport" }, "geometry": { "type": "Point", "coordinates": [ -71.939, -13.536 ] } },
{ "type": "Feature", "properties": { "raw_text": "METAR SUMU 280100Z 32004KT 9999 FEW033 BKN053 10/10 Q1016 TEMPO SHRA", "station_id": "SUMU", "observation_time": "2026-04-28T01:00:00.000Z", "latitude": -34.838, "longitude": -56.031, "temp_c": 10.0, "dewpoint_c": 10.0, "wind_dir_degrees": 320.0, "wind_speed_kt": 4.0, "wind_gust_kt": 0.0, "visibility_statute_mi": 6.0, "altim_in_hg": 30.0, "sea_level_pressure_mb": 0.0, "quality_control_flags": null, "wx_string": "", "sky_condition": null, "flight_category": "VFR", "three_hr_pressure_tendency_mb": 0.0, "maxT_c": 0.0, "minT_c": 0.0, "maxT24hr_c": 0.0, "minT24hr_c": 0.0, "precip_in": 0.0, "pcp3hr_in": 0.0, "pcp6hr_in": 0.0, "pcp24hr_in": 0.0, "snow_in": 0.0, "vert_vis_ft": 0.0, "metar_type": "METAR", "elevation_m": 32.0, "municipality": "Ciudad de la Costa", "continent": "SA", "iso_country": "UY", "iso_region": "UY-CA", "wikipedia_link": "https://en.wikipedia.org/wiki/Carrasco_International_Airport" }, "geometry": { "type": "Point", "coordinates": [ -56.031, -34.838 ] } },
{ "type": "Feature", "properties": { "raw_text": "METAR SVVA 280100Z /////T 9999 BKN016 26/21 Q1013", "station_id": "SVVA", "observation_time": "2026-04-28T01:00:00.000Z", "latitude": 10.154, "longitude": -67.92, "temp_c": 26.0, "dewpoint_c": 21.0, "wind_dir_degrees": 0.0, "wind_speed_kt": 0.0, "wind_gust_kt": 0.0, "visibility_statute_mi": 6.0, "altim_in_hg": 29.91, "sea_level_pressure_mb": 0.0, "quality_control_flags": null, "wx_string": "", "sky_condition": null, "flight_category": "MVFR", "three_hr_pressure_tendency_mb": 0.0, "maxT_c": 0.0, "minT_c": 0.0, "maxT24hr_c": 0.0, "minT24hr_c": 0.0, "precip_in": 0.0, "pcp3hr_in": 0.0, "pcp6hr_in": 0.0, "pcp24hr_in": 0.0, "snow_in": 0.0, "vert_vis_ft": 0.0, "metar_type": "METAR", "elevation_m": 428.0, "municipality": "Valencia", "continent": "SA", "iso_country": "VE", "iso_region": "VE-G", "wikipedia_link": "https://en.wikipedia.org/wiki/Arturo_Michelena_International_Airport" }, "geometry": { "type": "Point", "coordinates": [ -67.92, 10.154 ] } },
{ "type": "Feature", "properties": { "raw_text": "METAR SYCJ 280100Z 05006KT 9999 FEW018 26/24 Q1013 NOSIG", "station_id": "SYCJ", "observation_time": "2026-04-28T01:00:00.000Z", "latitude": 6.499, "longitude": -58.254, "temp_c": 26.0, "dewpoint_c": 24.0, "wind_dir_degrees": 50.0, "wind_speed_kt": 6.0, "wind_gust_kt": 0.0, "visibility_statute_mi": 6.0, "altim_in_hg": 29.91, "sea_level_pressure_mb": 0.0, "quality_control_flags": null, "wx_string": "", "sky_condition": null, "flight_category": "VFR", "three_hr_pressure_tendency_mb": 0.0, "maxT_c": 0.0, "minT_c": 0.0, "maxT24hr_c": 0.0, "minT24hr_c": 0.0, "precip_in": 0.0, "pcp3hr_in": 0.0, "pcp6hr_in": 0.0, "pcp24hr_in": 0.0, "snow_in": 0.0, "vert_vis_ft": 0.0, "metar_type": "METAR", "elevation_m": 30.0, "municipality": "Georgetown", "continent": "SA", "iso_country": "GY", "iso_region": "GY-DE", "wikipedia_link": "https://en.wikipedia.org/wiki/Cheddi_Jagan_International_Airport" }, "geometry": { "type": "Point", "coordinates": [ -58.254, 6.499 ] } },
{ "type": "Feature", "properties": { "raw_text": "METAR TAPA 280100Z 12005KT 070V160 9999 FEW018 BKN038 26/22 Q1016 NOSIG", "station_id": "TAPA", "observation_time": "2026-04-28T01:00:00.000Z", "latitude": 17.135, "longitude": -61.797, "temp_c": 26.0, "dewpoint_c": 22.0, "wind_dir_degrees": 120.0, "wind_speed_kt": 5.0, "wind_gust_kt": 0.0, "visibility_statute_mi": 6.0, "altim_in_hg": 30.0, "sea_level_pressure_mb": 0.0, "quality_control_flags": null, "wx_string": "", "sky_condition": null, "flight_category": "VFR", "three_hr_pressure_tendency_mb": 0.0, "maxT_c": 0.0, "minT_c": 0.0, "maxT24hr_c": 0.0, "minT24hr_c": 0.0, "precip_in": 0.0, "pcp3hr_in": 0.0, "pcp6hr_in": 0.0, "pcp24hr_in": 0.0, "snow_in": 0.0, "vert_vis_ft": 0.0, "metar_type": "METAR", "elevation_m": 15.0, "municipality": "Osbourn", "continent": "NA", "iso_country": "AG", "iso_region": "AG-03", "wikipedia_link": "https://en.wikipedia.org/wiki/VC_Bird_International_Airport" }, "geometry": { "type": "Point", "coordinates": [ -61.797, 17.135 ] } },
{ "type": "Feature", "properties": { "raw_text": "METAR TBPB 280100Z 08011KT 9999 SCT018 27/23 Q1015 NOSIG", "station_id": "TBPB", "observation_time": "2026-04-28T01:00:00.000Z", "latitude": 13.075, "longitude": -59.492, "temp_c": 27.0, "dewpoint_c": 23.0, "wind_dir_degrees": 80.0, "wind_speed_kt": 11.0, "wind_gust_kt": 0.0, "visibility_statute_mi": 6.0, "altim_in_hg": 29.97, "sea_level_pressure_mb": 0.0, "quality_control_flags": null, "wx_string": "", "sky_condition": null, "flight_category": "VFR", "three_hr_pressure_tendency_mb": 0.0, "maxT_c": 0.0, "minT_c": 0.0, "maxT24hr_c": 0.0, "minT24hr_c": 0.0, "precip_in": 0.0, "pcp3hr_in": 0.0, "pcp6hr_in": 0.0, "pcp24hr_in": 0.0, "snow_in": 0.0, "vert_vis_ft": 0.0, "metar_type": "METAR", "elevation_m": 55.0, "municipality": "Bridgetown", "continent": "NA", "iso_country": "BB", "iso_region": "BB-01", "wikipedia_link": "https://en.wikipedia.org/wiki/Grantley_Adams_International_Airport" }, "geometry": { "type": "Point", "coordinates": [ -59.492, 13.075 ] } },
{ "type": "Feature", "properties": { "raw_text": "METAR TFFR 280130Z AUTO 12006KT CAVOK 25/22 Q1016 NOSIG", "station_id": "TFFR", "observation_time": "2026-04-28T01:30:00.000Z", "latitude": 16.265, "longitude": -61.532, "temp_c": 25.0, "dewpoint_c": 22.0, "wind_dir_degrees": 120.0, "wind_speed_kt": 6.0, "wind_gust_kt": 0.0, "visibility_statute_mi": 6.0, "altim_in_hg": 30.0, "sea_level_pressure_mb": 0.0, "quality_control_flags": null, "wx_string": "", "sky_condition": null, "flight_category": "VFR", "three_hr_pressure_tendency_mb": 0.0, "maxT_c": 0.0, "minT_c": 0.0, "maxT24hr_c": 0.0, "minT24hr_c": 0.0, "precip_in": 0.0, "pcp3hr_in": 0.0, "pcp6hr_in": 0.0, "pcp24hr_in": 0.0, "snow_in": 0.0, "vert_vis_ft": 0.0, "metar_type": "METAR", "elevation_m": 6.0, "municipality": "Pointe-à-Pitre", "continent": "NA", "iso_country": "GP", "iso_region": "GP-U-A", "wikipedia_link": "https://en.wikipedia.org/wiki/Pointe-%C3%A0-Pitre_International_Airport" }, "geometry": { "type": "Point", "coordinates": [ -61.532, 16.265 ] } },
{ "type": "Feature", "properties": { "raw_text": "METAR TGPY 280100Z 09012KT 9999 SCT017 BKN038 27/24 Q1015 NOSIG VCSH- N-E", "station_id": "TGPY", "observation_time": "2026-04-28T01:00:00.000Z", "latitude": 12.006, "longitude": -61.797, "temp_c": 27.0, "dewpoint_c": 24.0, "wind_dir_degrees": 90.0, "wind_speed_kt": 12.0, "wind_gust_kt": 0.0, "visibility_statute_mi": 6.0, "altim_in_hg": 29.97, "sea_level_pressure_mb": 0.0, "quality_control_flags": null, "wx_string": "VCSH", "sky_condition": null, "flight_category": "VFR", "three_hr_pressure_tendency_mb": 0.0, "maxT_c": 0.0, "minT_c": 0.0, "maxT24hr_c": 0.0, "minT24hr_c": 0.0, "precip_in": 0.0, "pcp3hr_in": 0.0, "pcp6hr_in": 0.0, "pcp24hr_in": 0.0, "snow_in": 0.0, "vert_vis_ft": 0.0, "metar_type": "METAR", "elevation_m": 12.0, "municipality": "Saint George's", "continent": "NA", "iso_country": "GD", "iso_region": "GD-GE", "wikipedia_link": "https://en.wikipedia.org/wiki/Point_Salines_International_Airport" }, "geometry": { "type": "Point", "coordinates": [ -61.797, 12.006 ] } },
{ "type": "Feature", "properties": { "raw_text": "METAR TIST 280053Z 12007KT 10SM CLR 28/24 A3000 RMK AO2 SLP158 T02830244 $", "station_id": "TIST", "observation_time": "2026-04-28T00:53:00.000Z", "latitude": 18.3362, "longitude": -64.9799, "temp_c": 28.3, "dewpoint_c": 24.4, "wind_dir_degrees": 120.0, "wind_speed_kt": 7.0, "wind_gust_kt": 0.0, "visibility_statute_mi": 10.0, "altim_in_hg": 30.0, "sea_level_pressure_mb": 1015.8, "quality_control_flags": null, "wx_string": "", "sky_condition": null, "flight_category": "VFR", "three_hr_pressure_tendency_mb": 0.0, "maxT_c": 0.0, "minT_c": 0.0, "maxT24hr_c": 0.0, "minT24hr_c": 0.0, "precip_in": 0.0, "pcp3hr_in": 0.0, "pcp6hr_in": 0.0, "pcp24hr_in": 0.0, "snow_in": 0.0, "vert_vis_ft": 0.0, "metar_type": "METAR", "elevation_m": 5.0, "municipality": "Charlotte Amalie", "continent": "NA", "iso_country": "VI", "iso_region": "VI-ST", "wikipedia_link": "https://en.wikipedia.org/wiki/Cyril_E._King_Airport" }, "geometry": { "type": "Point", "coordinates": [ -64.9799, 18.3362 ] } },
{ "type": "Feature", "properties": { "raw_text": "METAR TJSJ 280056Z 00000KT 10SM FEW036 27/23 A3000 RMK AO2 SLP159 T02720233 $", "station_id": "TJSJ", "observation_time": "2026-04-28T00:56:00.000Z", "latitude": 18.4326, "longitude": -66.0106, "temp_c": 27.2, "dewpoint_c": 23.3, "wind_dir_degrees": 0.0, "wind_speed_kt": 0.0, "wind_gust_kt": 0.0, "visibility_statute_mi": 10.0, "altim_in_hg": 30.0, "sea_level_pressure_mb": 1015.9, "quality_control_flags": null, "wx_string": "", "sky_condition": null, "flight_category": "VFR", "three_hr_pressure_tendency_mb": 0.0, "maxT_c": 0.0, "minT_c": 0.0, "maxT24hr_c": 0.0, "minT24hr_c": 0.0, "precip_in": 0.0, "pcp3hr_in": 0.0, "pcp6hr_in": 0.0, "pcp24hr_in": 0.0, "snow_in": 0.0, "vert_vis_ft": 0.0, "metar_type": "METAR", "elevation_m": 3.0, "municipality": "San Juan", "continent": "NA", "iso_country": "PR", "iso_region": "PR-U-A", "wikipedia_link": "https://en.wikipedia.org/wiki/Luis_Mu%C3%B1oz_Mar%C3%ADn_International_Airport" }, "geometry": { "type": "Point", "coordinates": [ -66.0106, 18.4326 ] } },
{ "type": "Feature", "properties": { "raw_text": "METAR TKPK 280100Z 11008KT 9999 FEW020 BKN034 27/24 Q1016", "station_id": "TKPK", "observation_time": "2026-04-28T01:00:00.000Z", "latitude": 17.312, "longitude": -62.72, "temp_c": 27.0, "dewpoint_c": 24.0, "wind_dir_degrees": 110.0, "wind_speed_kt": 8.0, "wind_gust_kt": 0.0, "visibility_statute_mi": 6.0, "altim_in_hg": 30.0, "sea_level_pressure_mb": 0.0, "quality_control_flags": null, "wx_string": "", "sky_condition": null, "flight_category": "VFR", "three_hr_pressure_tendency_mb": 0.0, "maxT_c": 0.0, "minT_c": 0.0, "maxT24hr_c": 0.0, "minT24hr_c": 0.0, "precip_in": 0.0, "pcp3hr_in": 0.0, "pcp6hr_in": 0.0, "pcp24hr_in": 0.0, "snow_in": 0.0, "vert_vis_ft": 0.0, "metar_type": "METAR", "elevation_m": 62.0, "municipality": "Basseterre", "continent": "NA", "iso_country": "KN", "iso_region": "KN-U-A", "wikipedia_link": "https://en.wikipedia.org/wiki/Robert_L._Bradshaw_International_Airport" }, "geometry": { "type": "Point", "coordinates": [ -62.72, 17.312 ] } },
{ "type": "Feature", "properties": { "raw_text": "METAR TLPL 280100Z 10016KT 9999 FEW025 27/23 Q1016 NOSIG", "station_id": "TLPL", "observation_time": "2026-04-28T01:00:00.000Z", "latitude": 13.743, "longitude": -60.948, "temp_c": 27.0, "dewpoint_c": 23.0, "wind_dir_degrees": 100.0, "wind_speed_kt": 16.0, "wind_gust_kt": 0.0, "visibility_statute_mi": 6.0, "altim_in_hg": 30.0, "sea_level_pressure_mb": 0.0, "quality_control_flags": null, "wx_string": "", "sky_condition": null, "flight_category": "VFR", "three_hr_pressure_tendency_mb": 0.0, "maxT_c": 0.0, "minT_c": 0.0, "maxT24hr_c": 0.0, "minT24hr_c": 0.0, "precip_in": 0.0, "pcp3hr_in": 0.0, "pcp6hr_in": 0.0, "pcp24hr_in": 0.0, "snow_in": 0.0, "vert_vis_ft": 0.0, "metar_type": "METAR", "elevation_m": 13.0, "municipality": "Vieux Fort", "continent": "NA", "iso_country": "LC", "iso_region": "LC-11", "wikipedia_link": "https://en.wikipedia.org/wiki/Hewanorra_International_Airport" }, "geometry": { "type": "Point", "coordinates": [ -60.948, 13.743 ] } },
{ "type": "Feature", "properties": { "raw_text": "METAR TNCA 280100Z 08016KT 9999 FEW018 28/24 Q1012 NOSIG", "station_id": "TNCA", "observation_time": "2026-04-28T01:00:00.000Z", "latitude": 12.501, "longitude": -70.015, "temp_c": 28.0, "dewpoint_c": 24.0, "wind_dir_degrees": 80.0, "wind_speed_kt": 16.0, "wind_gust_kt": 0.0, "visibility_statute_mi": 6.0, "altim_in_hg": 29.88, "sea_level_pressure_mb": 0.0, "quality_control_flags": null, "wx_string": "", "sky_condition": null, "flight_category": "VFR", "three_hr_pressure_tendency_mb": 0.0, "maxT_c": 0.0, "minT_c": 0.0, "maxT24hr_c": 0.0, "minT24hr_c": 0.0, "precip_in": 0.0, "pcp3hr_in": 0.0, "pcp6hr_in": 0.0, "pcp24hr_in": 0.0, "snow_in": 0.0, "vert_vis_ft": 0.0, "metar_type": "METAR", "elevation_m": 7.0, "municipality": "Oranjestad", "continent": "NA", "iso_country": "AW", "iso_region": "AW-U-A", "wikipedia_link": "https://en.wikipedia.org/wiki/Queen_Beatrix_International_Airport" }, "geometry": { "type": "Point", "coordinates": [ -70.015, 12.501 ] } },
{ "type": "Feature", "properties": { "raw_text": "METAR TNCB 280055Z 09018KT 9999 BKN016 28/24 Q1012", "station_id": "TNCB", "observation_time": "2026-04-28T00:55:00.000Z", "latitude": 12.133, "longitude": -68.277, "temp_c": 28.0, "dewpoint_c": 24.0, "wind_dir_degrees": 90.0, "wind_speed_kt": 18.0, "wind_gust_kt": 0.0, "visibility_statute_mi": 6.0, "altim_in_hg": 29.88, "sea_level_pressure_mb": 0.0, "quality_control_flags": null, "wx_string": "", "sky_condition": null, "flight_category": "MVFR", "three_hr_pressure_tendency_mb": 0.0, "maxT_c": 0.0, "minT_c": 0.0, "maxT24hr_c": 0.0, "minT24hr_c": 0.0, "precip_in": 0.0, "pcp3hr_in": 0.0, "pcp6hr_in": 0.0, "pcp24hr_in": 0.0, "snow_in": 0.0, "vert_vis_ft": 0.0, "metar_type": "METAR", "elevation_m": 6.0, "municipality": "Kralendijk", "continent": "NA", "iso_country": "BQ", "iso_region": "BQ-BO", "wikipedia_link": "https://en.wikipedia.org/wiki/Flamingo_International_Airport" }, "geometry": { "type": "Point", "coordinates": [ -68.277, 12.133 ] } },
{ "type": "Feature", "properties": { "raw_text": "METAR TNCC 280100Z 10011KT 9999 SCT016 28/25 Q1012 NOSIG", "station_id": "TNCC", "observation_time": "2026-04-28T01:00:00.000Z", "latitude": 12.189, "longitude": -68.96, "temp_c": 28.0, "dewpoint_c": 25.0, "wind_dir_degrees": 100.0, "wind_speed_kt": 11.0, "wind_gust_kt": 0.0, "visibility_statute_mi": 6.0, "altim_in_hg": 29.88, "sea_level_pressure_mb": 0.0, "quality_control_flags": null, "wx_string": "", "sky_condition": null, "flight_category": "VFR", "three_hr_pressure_tendency_mb": 0.0, "maxT_c": 0.0, "minT_c": 0.0, "maxT24hr_c": 0.0, "minT24hr_c": 0.0, "precip_in": 0.0, "pcp3hr_in": 0.0, "pcp6hr_in": 0.0, "pcp24hr_in": 0.0, "snow_in": 0.0, "vert_vis_ft": 0.0, "metar_type": "METAR", "elevation_m": 10.0, "municipality": "Willemstad", "continent": "NA", "iso_country": "CW", "iso_region": "CW-U-A", "wikipedia_link": "https://en.wikipedia.org/wiki/Hato_International_Airport" }, "geometry": { "type": "Point", "coordinates": [ -68.96, 12.189 ] } },
{ "type": "Feature", "properties": { "raw_text": "METAR TNCM 280100Z 11007KT 9999 FEW016 BKN035 27/24 Q1016 NOSIG ", "station_id": "TNCM", "observation_time": "2026-04-28T01:00:00.000Z", "latitude": 18.041, "longitude": -63.109, "temp_c": 27.0, "dewpoint_c": 24.0, "wind_dir_degrees": 110.0, "wind_speed_kt": 7.0, "wind_gust_kt": 0.0, "visibility_statute_mi": 6.0, "altim_in_hg": 30.0, "sea_level_pressure_mb": 0.0, "quality_control_flags": null, "wx_string": "", "sky_condition": null, "flight_category": "VFR", "three_hr_pressure_tendency_mb": 0.0, "maxT_c": 0.0, "minT_c": 0.0, "maxT24hr_c": 0.0, "minT24hr_c": 0.0, "precip_in": 0.0, "pcp3hr_in": 0.0, "pcp6hr_in": 0.0, "pcp24hr_in": 0.0, "snow_in": 0.0, "vert_vis_ft": 0.0, "metar_type": "METAR", "elevation_m": 9.0, "municipality": "Sint Maarten", "continent": "NA", "iso_country": "SX", "iso_region": "SX-U-A", "wikipedia_link": "https://en.wikipedia.org/wiki/Princess_Juliana_International_Airport" }, "geometry": { "type": "Point", "coordinates": [ -63.109, 18.041 ] } },
{ "type": "Feature", "properties": { "raw_text": "METAR TTCP 280100Z 08007KT 9999 FEW016 27/24 Q1014 NOSIG", "station_id": "TTCP", "observation_time": "2026-04-28T01:00:00.000Z", "latitude": 11.149, "longitude": -60.836, "temp_c": 27.0, "dewpoint_c": 24.0, "wind_dir_degrees": 80.0, "wind_speed_kt": 7.0, "wind_gust_kt": 0.0, "visibility_statute_mi": 6.0, "altim_in_hg": 29.94, "sea_level_pressure_mb": 0.0, "quality_control_flags": null, "wx_string": "", "sky_condition": null, "flight_category": "VFR", "three_hr_pressure_tendency_mb": 0.0, "maxT_c": 0.0, "minT_c": 0.0, "maxT24hr_c": 0.0, "minT24hr_c": 0.0, "precip_in": 0.0, "pcp3hr_in": 0.0, "pcp6hr_in": 0.0, "pcp24hr_in": 0.0, "snow_in": 0.0, "vert_vis_ft": 0.0, "metar_type": "METAR", "elevation_m": 13.0, "municipality": "Scarborough", "continent": "NA", "iso_country": "TT", "iso_region": "TT-TOB", "wikipedia_link": "https://en.wikipedia.org/wiki/A.N.R._Robinson_International_Airport" }, "geometry": { "type": "Point", "coordinates": [ -60.836, 11.149 ] } },
{ "type": "Feature", "properties": { "raw_text": "METAR TTPP 280100Z 00000KT 9999 FEW016 27/23 Q1014 NOSIG", "station_id": "TTPP", "observation_time": "2026-04-28T01:00:00.000Z", "latitude": 10.593, "longitude": -61.348, "temp_c": 27.0, "dewpoint_c": 23.0, "wind_dir_degrees": 0.0, "wind_speed_kt": 0.0, "wind_gust_kt": 0.0, "visibility_statute_mi": 6.0, "altim_in_hg": 29.94, "sea_level_pressure_mb": 0.0, "quality_control_flags": null, "wx_string": "", "sky_condition": null, "flight_category": "VFR", "three_hr_pressure_tendency_mb": 0.0, "maxT_c": 0.0, "minT_c": 0.0, "maxT24hr_c": 0.0, "minT24hr_c": 0.0, "precip_in": 0.0, "pcp3hr_in": 0.0, "pcp6hr_in": 0.0, "pcp24hr_in": 0.0, "snow_in": 0.0, "vert_vis_ft": 0.0, "metar_type": "METAR", "elevation_m": 11.0, "municipality": "Port of Spain", "continent": "NA", "iso_country": "TT", "iso_region": "TT-TUP", "wikipedia_link": "https://en.wikipedia.org/wiki/Piarco_International_Airport" }, "geometry": { "type": "Point", "coordinates": [ -61.348, 10.593 ] } },
{ "type": "Feature", "properties": { "raw_text": "METAR TUPJ 280100Z 10004KT 10SM FEW024 27/24 A3001 RMK Q1016 VIS16KM", "station_id": "TUPJ", "observation_time": "2026-04-28T01:00:00.000Z", "latitude": 18.445, "longitude": -64.543, "temp_c": 27.0, "dewpoint_c": 24.0, "wind_dir_degrees": 100.0, "wind_speed_kt": 4.0, "wind_gust_kt": 0.0, "visibility_statute_mi": 10.0, "altim_in_hg": 30.01, "sea_level_pressure_mb": 0.0, "quality_control_flags": null, "wx_string": "", "sky_condition": null, "flight_category": "VFR", "three_hr_pressure_tendency_mb": 0.0, "maxT_c": 0.0, "minT_c": 0.0, "maxT24hr_c": 0.0, "minT24hr_c": 0.0, "precip_in": 0.0, "pcp3hr_in": 0.0, "pcp6hr_in": 0.0, "pcp24hr_in": 0.0, "snow_in": 0.0, "vert_vis_ft": 0.0, "metar_type": "METAR", "elevation_m": 6.0, "municipality": "Beef Island", "continent": "NA", "iso_country": "VG", "iso_region": "VG-U-A", "wikipedia_link": "https://en.wikipedia.org/wiki/Terrance_B._Lettsome_International_Airport" }, "geometry": { "type": "Point", "coordinates": [ -64.543, 18.445 ] } },
{ "type": "Feature", "properties": { "raw_text": "METAR TXKF 280055Z 18008KT 9999 SCT007 BKN020 BKN064 OVC230 21/20 Q1014 ", "station_id": "TXKF", "observation_time": "2026-04-28T00:55:00.000Z", "latitude": 32.364, "longitude": -64.679, "temp_c": 21.0, "dewpoint_c": 20.0, "wind_dir_degrees": 180.0, "wind_speed_kt": 8.0, "wind_gust_kt": 0.0, "visibility_statute_mi": 6.0, "altim_in_hg": 29.94, "sea_level_pressure_mb": 0.0, "quality_control_flags": null, "wx_string": "", "sky_condition": null, "flight_category": "MVFR", "three_hr_pressure_tendency_mb": 0.0, "maxT_c": 0.0, "minT_c": 0.0, "maxT24hr_c": 0.0, "minT24hr_c": 0.0, "precip_in": 0.0, "pcp3hr_in": 0.0, "pcp6hr_in": 0.0, "pcp24hr_in": 0.0, "snow_in": 0.0, "vert_vis_ft": 0.0, "metar_type": "METAR", "elevation_m": 4.0, "municipality": "Hamilton", "continent": "NA", "iso_country": "BM", "iso_region": "BM-U-A", "wikipedia_link": "https://en.wikipedia.org/wiki/L.F._Wade_International_Airport" }, "geometry": { "type": "Point", "coordinates": [ -64.679, 32.364 ] } },
{ "type": "Feature", "properties": { "raw_text": "METAR UAAA 280130Z 24002MPS 9999 BKN050 OVC100 14/07 Q1016 NOSIG", "station_id": "UAAA", "observation_time": "2026-04-28T01:30:00.000Z", "latitude": 43.35, "longitude": 77.027, "temp_c": 14.0, "dewpoint_c": 7.0, "wind_dir_degrees": 240.0, "wind_speed_kt": 4.0, "wind_gust_kt": 0.0, "visibility_statute_mi": 6.0, "altim_in_hg": 30.0, "sea_level_pressure_mb": 0.0, "quality_control_flags": null, "wx_string": "", "sky_condition": null, "flight_category": "VFR", "three_hr_pressure_tendency_mb": 0.0, "maxT_c": 0.0, "minT_c": 0.0, "maxT24hr_c": 0.0, "minT24hr_c": 0.0, "precip_in": 0.0, "pcp3hr_in": 0.0, "pcp6hr_in": 0.0, "pcp24hr_in": 0.0, "snow_in": 0.0, "vert_vis_ft": 0.0, "metar_type": "METAR", "elevation_m": 673.0, "municipality": "Almaty", "continent": "AS", "iso_country": "KZ", "iso_region": "KZ-ALA", "wikipedia_link": "https://en.wikipedia.org/wiki/Almaty_International_Airport" }, "geometry": { "type": "Point", "coordinates": [ 77.027, 43.35 ] } },
{ "type": "Feature", "properties": { "raw_text": "METAR UACC 280130Z 09003MPS CAVOK 07/02 Q1026 NOSIG RMK QFE738/0984", "station_id": "UACC", "observation_time": "2026-04-28T01:30:00.000Z", "latitude": 51.024, "longitude": 71.468, "temp_c": 7.0, "dewpoint_c": 2.0, "wind_dir_degrees": 90.0, "wind_speed_kt": 6.0, "wind_gust_kt": 0.0, "visibility_statute_mi": 6.0, "altim_in_hg": 30.3, "sea_level_pressure_mb": 0.0, "quality_control_flags": null, "wx_string": "", "sky_condition": null, "flight_category": "VFR", "three_hr_pressure_tendency_mb": 0.0, "maxT_c": 0.0, "minT_c": 0.0, "maxT24hr_c": 0.0, "minT24hr_c": 0.0, "precip_in": 0.0, "pcp3hr_in": 0.0, "pcp6hr_in": 0.0, "pcp24hr_in": 0.0, "snow_in": 0.0, "vert_vis_ft": 0.0, "metar_type": "METAR", "elevation_m": 354.0, "municipality": "Astana", "continent": "AS", "iso_country": "KZ", "iso_region": "KZ-AST", "wikipedia_link": "https://en.wikipedia.org/wiki/Nursultan_Nazarbayev_International_Airport" }, "geometry": { "type": "Point", "coordinates": [ 71.468, 51.024 ] } },
{ "type": "Feature", "properties": { "raw_text": "METAR UADD 280130Z 23002MPS 9999 NSC 10/06 Q1015 NOSIG RMK QFE704/0939", "station_id": "UADD", "observation_time": "2026-04-28T01:30:00.000Z", "latitude": 42.854, "longitude": 71.304, "temp_c": 10.0, "dewpoint_c": 6.0, "wind_dir_degrees": 230.0, "wind_speed_kt": 4.0, "wind_gust_kt": 0.0, "visibility_statute_mi": 6.0, "altim_in_hg": 29.97, "sea_level_pressure_mb": 0.0, "quality_control_flags": null, "wx_string": "", "sky_condition": null, "flight_category": "VFR", "three_hr_pressure_tendency_mb": 0.0, "maxT_c": 0.0, "minT_c": 0.0, "maxT24hr_c": 0.0, "minT24hr_c": 0.0, "precip_in": 0.0, "pcp3hr_in": 0.0, "pcp6hr_in": 0.0, "pcp24hr_in": 0.0, "snow_in": 0.0, "vert_vis_ft": 0.0, "metar_type": "METAR", "elevation_m": 663.0, "municipality": "Taraz", "continent": "AS", "iso_country": "KZ", "iso_region": "KZ-ZHA", "wikipedia_link": "https://en.wikipedia.org/wiki/Taraz_Airport" }, "geometry": { "type": "Point", "coordinates": [ 71.304, 42.854 ] } },
{ "type": "Feature", "properties": { "raw_text": "METAR UCFM 280130Z 00000MPS 5000 BR FU FEW066CB 13/09 Q1014 NOSIG", "station_id": "UCFM", "observation_time": "2026-04-28T01:30:00.000Z", "latitude": 43.061, "longitude": 74.478, "temp_c": 13.0, "dewpoint_c": 9.0, "wind_dir_degrees": 0.0, "wind_speed_kt": 0.0, "wind_gust_kt": 0.0, "visibility_statute_mi": 3.11, "altim_in_hg": 29.94, "sea_level_pressure_mb": 0.0, "quality_control_flags": null, "wx_string": "BR FU", "sky_condition": null, "flight_category": "MVFR", "three_hr_pressure_tendency_mb": 0.0, "maxT_c": 0.0, "minT_c": 0.0, "maxT24hr_c": 0.0, "minT24hr_c": 0.0, "precip_in": 0.0, "pcp3hr_in": 0.0, "pcp6hr_in": 0.0, "pcp24hr_in": 0.0, "snow_in": 0.0, "vert_vis_ft": 0.0, "metar_type": "METAR", "elevation_m": 632.0, "municipality": "Bishkek", "continent": "AS", "iso_country": "KG", "iso_region": "KG-C", "wikipedia_link": "https://en.wikipedia.org/wiki/Manas_International_Airport" }, "geometry": { "type": "Point", "coordinates": [ 74.478, 43.061 ] } },
{ "type": "Feature", "properties": { "raw_text": "METAR UCFO 280130Z VRB01MPS 9000 NSC 16/13 Q1012 NOSIG", "station_id": "UCFO", "observation_time": "2026-04-28T01:30:00.000Z", "latitude": 40.61, "longitude": 72.791, "temp_c": 16.0, "dewpoint_c": 13.0, "wind_dir_degrees": 0.0, "wind_speed_kt": 2.0, "wind_gust_kt": 0.0, "visibility_statute_mi": 5.59, "altim_in_hg": 29.88, "sea_level_pressure_mb": 0.0, "quality_control_flags": null, "wx_string": "", "sky_condition": null, "flight_category": "VFR", "three_hr_pressure_tendency_mb": 0.0, "maxT_c": 0.0, "minT_c": 0.0, "maxT24hr_c": 0.0, "minT24hr_c": 0.0, "precip_in": 0.0, "pcp3hr_in": 0.0, "pcp6hr_in": 0.0, "pcp24hr_in": 0.0, "snow_in": 0.0, "vert_vis_ft": 0.0, "metar_type": "METAR", "elevation_m": 881.0, "municipality": "Osh", "continent": "AS", "iso_country": "KG", "iso_region": "KG-O", "wikipedia_link": "https://en.wikipedia.org/wiki/Osh_Airport" }, "geometry": { "type": "Point", "coordinates": [ 72.791, 40.61 ] } },
{ "type": "Feature", "properties": { "raw_text": "METAR UAII 280130Z 12004MPS CAVOK 15/11 Q1011 NOSIG RMK QFE723/0964", "station_id": "UAII", "observation_time": "2026-04-28T01:30:00.000Z", "latitude": 42.366, "longitude": 69.476, "temp_c": 15.0, "dewpoint_c": 11.0, "wind_dir_degrees": 120.0, "wind_speed_kt": 8.0, "wind_gust_kt": 0.0, "visibility_statute_mi": 6.0, "altim_in_hg": 29.85, "sea_level_pressure_mb": 0.0, "quality_control_flags": null, "wx_string": "", "sky_condition": null, "flight_category": "VFR", "three_hr_pressure_tendency_mb": 0.0, "maxT_c": 0.0, "minT_c": 0.0, "maxT24hr_c": 0.0, "minT24hr_c": 0.0, "precip_in": 0.0, "pcp3hr_in": 0.0, "pcp6hr_in": 0.0, "pcp24hr_in": 0.0, "snow_in": 0.0, "vert_vis_ft": 0.0, "metar_type": "METAR", "elevation_m": 410.0, "municipality": "Shymkent", "continent": "AS", "iso_country": "KZ", "iso_region": "KZ-YUZ", "wikipedia_link": "https://en.wikipedia.org/wiki/Shymkent_Airport" }, "geometry": { "type": "Point", "coordinates": [ 69.476, 42.366 ] } },
{ "type": "Feature", "properties": { "raw_text": "METAR UAIT 280130Z 08007MPS CAVOK 17/03 Q1012 NOSIG RMK QFE734/0979", "station_id": "UAIT", "observation_time": "2026-04-28T01:30:00.000Z", "latitude": 43.311, "longitude": 68.55, "temp_c": 17.0, "dewpoint_c": 3.0, "wind_dir_degrees": 80.0, "wind_speed_kt": 14.0, "wind_gust_kt": 0.0, "visibility_statute_mi": 6.0, "altim_in_hg": 29.88, "sea_level_pressure_mb": 0.0, "quality_control_flags": null, "wx_string": "", "sky_condition": null, "flight_category": "VFR", "three_hr_pressure_tendency_mb": 0.0, "maxT_c": 0.0, "minT_c": 0.0, "maxT24hr_c": 0.0, "minT24hr_c": 0.0, "precip_in": 0.0, "pcp3hr_in": 0.0, "pcp6hr_in": 0.0, "pcp24hr_in": 0.0, "snow_in": 0.0, "vert_vis_ft": 0.0, "metar_type": "METAR", "elevation_m": 301.0, "municipality": "Turkıstan", "continent": "AS", "iso_country": "KZ", "iso_region": "KZ-YUZ", "wikipedia_link": "https://en.wikipedia.org/wiki/Hazret_Sultan_International_Airport" }, "geometry": { "type": "Point", "coordinates": [ 68.55, 43.311 ] } },
{ "type": "Feature", "properties": { "raw_text": "METAR UAKD 280130Z 07008MPS CAVOK 07/M00 Q1021 NOSIG RMK QFE732/0976", "station_id": "UAKD", "observation_time": "2026-04-28T01:30:00.000Z", "latitude": 47.711, "longitude": 67.739, "temp_c": 7.0, "dewpoint_c": 0.0, "wind_dir_degrees": 70.0, "wind_speed_kt": 16.0, "wind_gust_kt": 0.0, "visibility_statute_mi": 6.0, "altim_in_hg": 30.15, "sea_level_pressure_mb": 0.0, "quality_control_flags": null, "wx_string": "", "sky_condition": null, "flight_category": "VFR", "three_hr_pressure_tendency_mb": 0.0, "maxT_c": 0.0, "minT_c": 0.0, "maxT24hr_c": 0.0, "minT24hr_c": 0.0, "precip_in": 0.0, "pcp3hr_in": 0.0, "pcp6hr_in": 0.0, "pcp24hr_in": 0.0, "snow_in": 0.0, "vert_vis_ft": 0.0, "metar_type": "METAR", "elevation_m": 379.0, "municipality": "Zhezkazgan", "continent": "AS", "iso_country": "KZ", "iso_region": "KZ-ULY", "wikipedia_link": "https://en.wikipedia.org/wiki/Dzhezkazgan_Airport" }, "geometry": { "type": "Point", "coordinates": [ 67.739, 47.711 ] } },
{ "type": "Feature", "properties": { "raw_text": "METAR UAKK 280130Z 07003MPS CAVOK 04/01 Q1026 NOSIG RMK QFE721/0962", "station_id": "UAKK", "observation_time": "2026-04-28T01:30:00.000Z", "latitude": 49.672, "longitude": 73.333, "temp_c": 4.0, "dewpoint_c": 1.0, "wind_dir_degrees": 70.0, "wind_speed_kt": 6.0, "wind_gust_kt": 0.0, "visibility_statute_mi": 6.0, "altim_in_hg": 30.3, "sea_level_pressure_mb": 0.0, "quality_control_flags": null, "wx_string": "", "sky_condition": null, "flight_category": "VFR", "three_hr_pressure_tendency_mb": 0.0, "maxT_c": 0.0, "minT_c": 0.0, "maxT24hr_c": 0.0, "minT24hr_c": 0.0, "precip_in": 0.0, "pcp3hr_in": 0.0, "pcp6hr_in": 0.0, "pcp24hr_in": 0.0, "snow_in": 0.0, "vert_vis_ft": 0.0, "metar_type": "METAR", "elevation_m": 532.0, "municipality": "Karaganda", "continent": "AS", "iso_country": "KZ", "iso_region": "KZ-KAR", "wikipedia_link": "https://en.wikipedia.org/wiki/Sary-Arka_Airport" }, "geometry": { "type": "Point", "coordinates": [ 73.333, 49.672 ] } },
{ "type": "Feature", "properties": { "raw_text": "METAR UAOO 280130Z 06006MPS CAVOK 12/M01 Q1015 NOSIG RMK QFE749/0999", "station_id": "UAOO", "observation_time": "2026-04-28T01:30:00.000Z", "latitude": 44.707, "longitude": 65.593, "temp_c": 12.0, "dewpoint_c": -1.0, "wind_dir_degrees": 60.0, "wind_speed_kt": 12.0, "wind_gust_kt": 0.0, "visibility_statute_mi": 6.0, "altim_in_hg": 29.97, "sea_level_pressure_mb": 0.0, "quality_control_flags": null, "wx_string": "", "sky_condition": null, "flight_category": "VFR", "three_hr_pressure_tendency_mb": 0.0, "maxT_c": 0.0, "minT_c": 0.0, "maxT24hr_c": 0.0, "minT24hr_c": 0.0, "precip_in": 0.0, "pcp3hr_in": 0.0, "pcp6hr_in": 0.0, "pcp24hr_in": 0.0, "snow_in": 0.0, "vert_vis_ft": 0.0, "metar_type": "METAR", "elevation_m": 130.0, "municipality": "Kyzylorda", "continent": "AS", "iso_country": "KZ", "iso_region": "KZ-KZY", "wikipedia_link": "https://en.wikipedia.org/wiki/Kyzylorda_Airport" }, "geometry": { "type": "Point", "coordinates": [ 65.593, 44.707 ] } },
{ "type": "Feature", "properties": { "raw_text": "METAR UARR 280130Z 19004MPS CAVOK M01/M03 Q1015 NOSIG RMK QFE758/1010", "station_id": "UARR", "observation_time": "2026-04-28T01:30:00.000Z", "latitude": 51.151, "longitude": 51.541, "temp_c": -1.0, "dewpoint_c": -3.0, "wind_dir_degrees": 190.0, "wind_speed_kt": 8.0, "wind_gust_kt": 0.0, "visibility_statute_mi": 6.0, "altim_in_hg": 29.97, "sea_level_pressure_mb": 0.0, "quality_control_flags": null, "wx_string": "", "sky_condition": null, "flight_category": "VFR", "three_hr_pressure_tendency_mb": 0.0, "maxT_c": 0.0, "minT_c": 0.0, "maxT24hr_c": 0.0, "minT24hr_c": 0.0, "precip_in": 0.0, "pcp3hr_in": 0.0, "pcp6hr_in": 0.0, "pcp24hr_in": 0.0, "snow_in": 0.0, "vert_vis_ft": 0.0, "metar_type": "METAR", "elevation_m": 33.0, "municipality": "Uralsk", "continent": "AS", "iso_country": "KZ", "iso_region": "KZ-ZAP", "wikipedia_link": "https://en.wikipedia.org/wiki/Oral_Ak_Zhol_Airport" }, "geometry": { "type": "Point", "coordinates": [ 51.541, 51.151 ] } },
{ "type": "Feature", "properties": { "raw_text": "METAR UASK 280130Z VRB01MPS 9999 NSC 08/01 Q1023 NOSIG RMK QFE742/0989", "station_id": "UASK", "observation_time": "2026-04-28T01:30:00.000Z", "latitude": 50.027, "longitude": 82.5, "temp_c": 8.0, "dewpoint_c": 1.0, "wind_dir_degrees": 0.0, "wind_speed_kt": 2.0, "wind_gust_kt": 0.0, "visibility_statute_mi": 6.0, "altim_in_hg": 30.21, "sea_level_pressure_mb": 0.0, "quality_control_flags": null, "wx_string": "", "sky_condition": null, "flight_category": "VFR", "three_hr_pressure_tendency_mb": 0.0, "maxT_c": 0.0, "minT_c": 0.0, "maxT24hr_c": 0.0, "minT24hr_c": 0.0, "precip_in": 0.0, "pcp3hr_in": 0.0, "pcp6hr_in": 0.0, "pcp24hr_in": 0.0, "snow_in": 0.0, "vert_vis_ft": 0.0, "metar_type": "METAR", "elevation_m": 285.0, "municipality": "Ust-Kamenogorsk (Oskemen)", "continent": "AS", "iso_country": "KZ", "iso_region": "KZ-VOS", "wikipedia_link": "https://en.wikipedia.org/wiki/Ust-Kamenogorsk_Airport" }, "geometry": { "type": "Point", "coordinates": [ 82.5, 50.027 ] } },
{ "type": "Feature", "properties": { "raw_text": "METAR UASP 280130Z 01002MPS CAVOK 09/02 Q1028 NOSIG RMK QFE759/1013", "station_id": "UASP", "observation_time": "2026-04-28T01:30:00.000Z", "latitude": 52.202, "longitude": 77.078, "temp_c": 9.0, "dewpoint_c": 2.0, "wind_dir_degrees": 10.0, "wind_speed_kt": 4.0, "wind_gust_kt": 0.0, "visibility_statute_mi": 6.0, "altim_in_hg": 30.35, "sea_level_pressure_mb": 0.0, "quality_control_flags": null, "wx_string": "", "sky_condition": null, "flight_category": "VFR", "three_hr_pressure_tendency_mb": 0.0, "maxT_c": 0.0, "minT_c": 0.0, "maxT24hr_c": 0.0, "minT24hr_c": 0.0, "precip_in": 0.0, "pcp3hr_in": 0.0, "pcp6hr_in": 0.0, "pcp24hr_in": 0.0, "snow_in": 0.0, "vert_vis_ft": 0.0, "metar_type": "METAR", "elevation_m": 122.0, "municipality": "Pavlodar", "continent": "AS", "iso_country": "KZ", "iso_region": "KZ-PAV", "wikipedia_link": "https://en.wikipedia.org/wiki/Pavlodar_Airport" }, "geometry": { "type": "Point", "coordinates": [ 77.078, 52.202 ] } },
{ "type": "Feature", "properties": { "raw_text": "METAR UASS 280130Z VRB01MPS CAVOK 09/01 Q1025 NOSIG RMK QFE751/1001", "station_id": "UASS", "observation_time": "2026-04-28T01:30:00.000Z", "latitude": 50.352, "longitude": 80.228, "temp_c": 9.0, "dewpoint_c": 1.0, "wind_dir_degrees": 0.0, "wind_speed_kt": 2.0, "wind_gust_kt": 0.0, "visibility_statute_mi": 6.0, "altim_in_hg": 30.27, "sea_level_pressure_mb": 0.0, "quality_control_flags": null, "wx_string": "", "sky_condition": null, "flight_category": "VFR", "three_hr_pressure_tendency_mb": 0.0, "maxT_c": 0.0, "minT_c": 0.0, "maxT24hr_c": 0.0, "minT24hr_c": 0.0, "precip_in": 0.0, "pcp3hr_in": 0.0, "pcp6hr_in": 0.0, "pcp24hr_in": 0.0, "snow_in": 0.0, "vert_vis_ft": 0.0, "metar_type": "METAR", "elevation_m": 215.0, "municipality": "Semey", "continent": "AS", "iso_country": "KZ", "iso_region": "KZ-ABA", "wikipedia_link": "https://en.wikipedia.org/wiki/Semey_Airport" }, "geometry": { "type": "Point", "coordinates": [ 80.228, 50.352 ] } },
{ "type": "Feature", "properties": { "raw_text": "METAR UATE 280130Z 03010MPS CAVOK 12/03 Q1017 NOSIG RMK QFE761/1015", "station_id": "UATE", "observation_time": "2026-04-28T01:30:00.000Z", "latitude": 43.86, "longitude": 51.092, "temp_c": 12.0, "dewpoint_c": 3.0, "wind_dir_degrees": 30.0, "wind_speed_kt": 19.0, "wind_gust_kt": 0.0, "visibility_statute_mi": 6.0, "altim_in_hg": 30.03, "sea_level_pressure_mb": 0.0, "quality_control_flags": null, "wx_string": "", "sky_condition": null, "flight_category": "VFR", "three_hr_pressure_tendency_mb": 0.0, "maxT_c": 0.0, "minT_c": 0.0, "maxT24hr_c": 0.0, "minT24hr_c": 0.0, "precip_in": 0.0, "pcp3hr_in": 0.0, "pcp6hr_in": 0.0, "pcp24hr_in": 0.0, "snow_in": 0.0, "vert_vis_ft": 0.0, "metar_type": "METAR", "elevation_m": 21.0, "municipality": "Aktau", "continent": "AS", "iso_country": "KZ", "iso_region": "KZ-MAN", "wikipedia_link": "https://en.wikipedia.org/wiki/Aktau_Airport" }, "geometry": { "type": "Point", "coordinates": [ 51.092, 43.86 ] } },
{ "type": "Feature", "properties": { "raw_text": "METAR UATG 280130Z 34002MPS CAVOK 05/M01 Q1019 NOSIG RMK QFE766/1022", "station_id": "UATG", "observation_time": "2026-04-28T01:30:00.000Z", "latitude": 47.122, "longitude": 51.829, "temp_c": 5.0, "dewpoint_c": -1.0, "wind_dir_degrees": 340.0, "wind_speed_kt": 4.0, "wind_gust_kt": 0.0, "visibility_statute_mi": 6.0, "altim_in_hg": 30.09, "sea_level_pressure_mb": 0.0, "quality_control_flags": null, "wx_string": "", "sky_condition": null, "flight_category": "VFR", "three_hr_pressure_tendency_mb": 0.0, "maxT_c": 0.0, "minT_c": 0.0, "maxT24hr_c": 0.0, "minT24hr_c": 0.0, "precip_in": 0.0, "pcp3hr_in": 0.0, "pcp6hr_in": 0.0, "pcp24hr_in": 0.0, "snow_in": 0.0, "vert_vis_ft": 0.0, "metar_type": "METAR", "elevation_m": -23.0, "municipality": "Atyrau", "continent": "AS", "iso_country": "KZ", "iso_region": "KZ-ATY", "wikipedia_link": "https://en.wikipedia.org/wiki/Atyrau_Airport" }, "geometry": { "type": "Point", "coordinates": [ 51.829, 47.122 ] } },
{ "type": "Feature", "properties": { "raw_text": "METAR UATT 280130Z 19005MPS 9999 SCT015 11/08 Q1016 NOSIG RMK QFE742/0990", "station_id": "UATT", "observation_time": "2026-04-28T01:30:00.000Z", "latitude": 50.248, "longitude": 57.203, "temp_c": 11.0, "dewpoint_c": 8.0, "wind_dir_degrees": 190.0, "wind_speed_kt": 10.0, "wind_gust_kt": 0.0, "visibility_statute_mi": 6.0, "altim_in_hg": 30.0, "sea_level_pressure_mb": 0.0, "quality_control_flags": null, "wx_string": "", "sky_condition": null, "flight_category": "VFR", "three_hr_pressure_tendency_mb": 0.0, "maxT_c": 0.0, "minT_c": 0.0, "maxT24hr_c": 0.0, "minT24hr_c": 0.0, "precip_in": 0.0, "pcp3hr_in": 0.0, "pcp6hr_in": 0.0, "pcp24hr_in": 0.0, "snow_in": 0.0, "vert_vis_ft": 0.0, "metar_type": "METAR", "elevation_m": 217.0, "municipality": "Aktobe", "continent": "AS", "iso_country": "KZ", "iso_region": "KZ-AKT", "wikipedia_link": "https://en.wikipedia.org/wiki/Aktobe_Airport" }, "geometry": { "type": "Point", "coordinates": [ 57.203, 50.248 ] } },
{ "type": "Feature", "properties": { "raw_text": "METAR UAUU 280130Z 16007MPS CAVOK 08/02 Q1020 NOSIG RMK QFE749/0999", "station_id": "UAUU", "observation_time": "2026-04-28T01:30:00.000Z", "latitude": 53.215, "longitude": 63.553, "temp_c": 8.0, "dewpoint_c": 2.0, "wind_dir_degrees": 160.0, "wind_speed_kt": 14.0, "wind_gust_kt": 0.0, "visibility_statute_mi": 6.0, "altim_in_hg": 30.12, "sea_level_pressure_mb": 0.0, "quality_control_flags": null, "wx_string": "", "sky_condition": null, "flight_category": "VFR", "three_hr_pressure_tendency_mb": 0.0, "maxT_c": 0.0, "minT_c": 0.0, "maxT24hr_c": 0.0, "minT24hr_c": 0.0, "precip_in": 0.0, "pcp3hr_in": 0.0, "pcp6hr_in": 0.0, "pcp24hr_in": 0.0, "snow_in": 0.0, "vert_vis_ft": 0.0, "metar_type": "METAR", "elevation_m": 177.0, "municipality": "Kostanay", "continent": "AS", "iso_country": "KZ", "iso_region": "KZ-KUS", "wikipedia_link": "https://en.wikipedia.org/wiki/Kostanai_Airport" }, "geometry": { "type": "Point", "coordinates": [ 63.553, 53.215 ] } },
{ "type": "Feature", "properties": { "raw_text": "METAR UBBB 280130Z 33026G36KT 9999 SCT048 12/03 Q1017 NOSIG", "station_id": "UBBB", "observation_time": "2026-04-28T01:30:00.000Z", "latitude": 40.469, "longitude": 50.061, "temp_c": 12.0, "dewpoint_c": 3.0, "wind_dir_degrees": 330.0, "wind_speed_kt": 26.0, "wind_gust_kt": 36.0, "visibility_statute_mi": 6.0, "altim_in_hg": 30.03, "sea_level_pressure_mb": 0.0, "quality_control_flags": null, "wx_string": "", "sky_condition": null, "flight_category": "VFR", "three_hr_pressure_tendency_mb": 0.0, "maxT_c": 0.0, "minT_c": 0.0, "maxT24hr_c": 0.0, "minT24hr_c": 0.0, "precip_in": 0.0, "pcp3hr_in": 0.0, "pcp6hr_in": 0.0, "pcp24hr_in": 0.0, "snow_in": 0.0, "vert_vis_ft": 0.0, "metar_type": "METAR", "elevation_m": 94.0, "municipality": "Baku", "continent": "AS", "iso_country": "AZ", "iso_region": "AZ-BA", "wikipedia_link": "https://en.wikipedia.org/wiki/Heydar_Aliyev_International_Airport" }, "geometry": { "type": "Point", "coordinates": [ 50.061, 40.469 ] } },
{ "type": "Feature", "properties": { "raw_text": "METAR UBBG 280130Z 30008KT 9999 BKN066 13/05 Q1017 NOSIG", "station_id": "UBBG", "observation_time": "2026-04-28T01:30:00.000Z", "latitude": 40.738, "longitude": 46.318, "temp_c": 13.0, "dewpoint_c": 5.0, "wind_dir_degrees": 300.0, "wind_speed_kt": 8.0, "wind_gust_kt": 0.0, "visibility_statute_mi": 6.0, "altim_in_hg": 30.03, "sea_level_pressure_mb": 0.0, "quality_control_flags": null, "wx_string": "", "sky_condition": null, "flight_category": "VFR", "three_hr_pressure_tendency_mb": 0.0, "maxT_c": 0.0, "minT_c": 0.0, "maxT24hr_c": 0.0, "minT24hr_c": 0.0, "precip_in": 0.0, "pcp3hr_in": 0.0, "pcp6hr_in": 0.0, "pcp24hr_in": 0.0, "snow_in": 0.0, "vert_vis_ft": 0.0, "metar_type": "METAR", "elevation_m": 333.0, "municipality": "Ganja", "continent": "AS", "iso_country": "AZ", "iso_region": "AZ-GA", "wikipedia_link": "https://en.wikipedia.org/wiki/Ganja_International_Airport" }, "geometry": { "type": "Point", "coordinates": [ 46.318, 40.738 ] } },
{ "type": "Feature", "properties": { "raw_text": "METAR UBBN 280130Z VRB02KT 9999 SCT040CB OVC090 12/11 Q1014 NOSIG RMK QFE686", "station_id": "UBBN", "observation_time": "2026-04-28T01:30:00.000Z", "latitude": 39.189, "longitude": 45.458, "temp_c": 12.0, "dewpoint_c": 11.0, "wind_dir_degrees": 0.0, "wind_speed_kt": 2.0, "wind_gust_kt": 0.0, "visibility_statute_mi": 6.0, "altim_in_hg": 29.94, "sea_level_pressure_mb": 0.0, "quality_control_flags": null, "wx_string": "", "sky_condition": null, "flight_category": "VFR", "three_hr_pressure_tendency_mb": 0.0, "maxT_c": 0.0, "minT_c": 0.0, "maxT24hr_c": 0.0, "minT24hr_c": 0.0, "precip_in": 0.0, "pcp3hr_in": 0.0, "pcp6hr_in": 0.0, "pcp24hr_in": 0.0, "snow_in": 0.0, "vert_vis_ft": 0.0, "metar_type": "METAR", "elevation_m": 857.0, "municipality": "Nakhchivan", "continent": "AS", "iso_country": "AZ", "iso_region": "AZ-NX", "wikipedia_link": "https://en.wikipedia.org/wiki/Nakhichevan_Airport" }, "geometry": { "type": "Point", "coordinates": [ 45.458, 39.189 ] } },
{ "type": "Feature", "properties": { "raw_text": "METAR UCFL 280130Z 11002MPS 9000 -SHRA BKN026CB 10/09 Q1021", "station_id": "UCFL", "observation_time": "2026-04-28T01:30:00.000Z", "latitude": 42.585, "longitude": 76.702, "temp_c": 10.0, "dewpoint_c": 9.0, "wind_dir_degrees": 110.0, "wind_speed_kt": 4.0, "wind_gust_kt": 0.0, "visibility_statute_mi": 5.59, "altim_in_hg": 30.15, "sea_level_pressure_mb": 0.0, "quality_control_flags": null, "wx_string": "-SHRA", "sky_condition": null, "flight_category": "MVFR", "three_hr_pressure_tendency_mb": 0.0, "maxT_c": 0.0, "minT_c": 0.0, "maxT24hr_c": 0.0, "minT24hr_c": 0.0, "precip_in": 0.0, "pcp3hr_in": 0.0, "pcp6hr_in": 0.0, "pcp24hr_in": 0.0, "snow_in": 0.0, "vert_vis_ft": 0.0, "metar_type": "METAR", "elevation_m": 1654.0, "municipality": "Tamchy", "continent": "AS", "iso_country": "KG", "iso_region": "KG-Y", "wikipedia_link": "https://en.wikipedia.org/wiki/Tamchy_Airport" }, "geometry": { "type": "Point", "coordinates": [ 76.702, 42.585 ] } },
{ "type": "Feature", "properties": { "raw_text": "METAR UDSG 280130Z 14001KT 9999 NSC M02/M03 Q1018 NOSIG", "station_id": "UDSG", "observation_time": "2026-04-28T01:30:00.000Z", "latitude": 40.75, "longitude": 43.859, "temp_c": -2.0, "dewpoint_c": -3.0, "wind_dir_degrees": 140.0, "wind_speed_kt": 1.0, "wind_gust_kt": 0.0, "visibility_statute_mi": 6.0, "altim_in_hg": 30.06, "sea_level_pressure_mb": 0.0, "quality_control_flags": null, "wx_string": "", "sky_condition": null, "flight_category": "VFR", "three_hr_pressure_tendency_mb": 0.0, "maxT_c": 0.0, "minT_c": 0.0, "maxT24hr_c": 0.0, "minT24hr_c": 0.0, "precip_in": 0.0, "pcp3hr_in": 0.0, "pcp6hr_in": 0.0, "pcp24hr_in": 0.0, "snow_in": 0.0, "vert_vis_ft": 0.0, "metar_type": "METAR", "elevation_m": 1515.0, "municipality": "Gyumri", "continent": "AS", "iso_country": "AM", "iso_region": "AM-SH", "wikipedia_link": "https://en.wikipedia.org/wiki/Shirak_Airport" }, "geometry": { "type": "Point", "coordinates": [ 43.859, 40.75 ] } },
{ "type": "Feature", "properties": { "raw_text": "METAR UDYZ 280130Z 11008KT 9999 SCT046 10/03 Q1015 NOSIG", "station_id": "UDYZ", "observation_time": "2026-04-28T01:30:00.000Z", "latitude": 40.147, "longitude": 44.396, "temp_c": 10.0, "dewpoint_c": 3.0, "wind_dir_degrees": 110.0, "wind_speed_kt": 8.0, "wind_gust_kt": 0.0, "visibility_statute_mi": 6.0, "altim_in_hg": 29.97, "sea_level_pressure_mb": 0.0, "quality_control_flags": null, "wx_string": "", "sky_condition": null, "flight_category": "VFR", "three_hr_pressure_tendency_mb": 0.0, "maxT_c": 0.0, "minT_c": 0.0, "maxT24hr_c": 0.0, "minT24hr_c": 0.0, "precip_in": 0.0, "pcp3hr_in": 0.0, "pcp6hr_in": 0.0, "pcp24hr_in": 0.0, "snow_in": 0.0, "vert_vis_ft": 0.0, "metar_type": "METAR", "elevation_m": 851.0, "municipality": "Yerevan", "continent": "AS", "iso_country": "AM", "iso_region": "AM-ER", "wikipedia_link": "https://en.wikipedia.org/wiki/Zvartnots_International_Airport" }, "geometry": { "type": "Point", "coordinates": [ 44.396, 40.147 ] } },
{ "type": "Feature", "properties": { "raw_text": "METAR UEEE 280130Z 10001MPS 9999 SCT020 07/M01 Q1008 R23/09//59 NOSIG RMK QFE748", "station_id": "UEEE", "observation_time": "2026-04-28T01:30:00.000Z", "latitude": 62.093, "longitude": 129.774, "temp_c": 7.0, "dewpoint_c": -1.0, "wind_dir_degrees": 100.0, "wind_speed_kt": 2.0, "wind_gust_kt": 0.0, "visibility_statute_mi": 6.0, "altim_in_hg": 29.76, "sea_level_pressure_mb": 0.0, "quality_control_flags": null, "wx_string": "", "sky_condition": null, "flight_category": "VFR", "three_hr_pressure_tendency_mb": 0.0, "maxT_c": 0.0, "minT_c": 0.0, "maxT24hr_c": 0.0, "minT24hr_c": 0.0, "precip_in": 0.0, "pcp3hr_in": 0.0, "pcp6hr_in": 0.0, "pcp24hr_in": 0.0, "snow_in": 0.0, "vert_vis_ft": 0.0, "metar_type": "METAR", "elevation_m": 106.0, "municipality": "Yakutsk", "continent": "AS", "iso_country": "RU", "iso_region": "RU-SA", "wikipedia_link": "https://en.wikipedia.org/wiki/Yakutsk_Airport" }, "geometry": { "type": "Point", "coordinates": [ 129.774, 62.093 ] } },
{ "type": "Feature", "properties": { "raw_text": "METAR UGKO 280130Z 35002KT 9999 SCT020 BKN061 08/07 Q1020 NOSIG", "station_id": "UGKO", "observation_time": "2026-04-28T01:30:00.000Z", "latitude": 42.177, "longitude": 42.483, "temp_c": 8.0, "dewpoint_c": 7.0, "wind_dir_degrees": 350.0, "wind_speed_kt": 2.0, "wind_gust_kt": 0.0, "visibility_statute_mi": 6.0, "altim_in_hg": 30.12, "sea_level_pressure_mb": 0.0, "quality_control_flags": null, "wx_string": "", "sky_condition": null, "flight_category": "VFR", "three_hr_pressure_tendency_mb": 0.0, "maxT_c": 0.0, "minT_c": 0.0, "maxT24hr_c": 0.0, "minT24hr_c": 0.0, "precip_in": 0.0, "pcp3hr_in": 0.0, "pcp6hr_in": 0.0, "pcp24hr_in": 0.0, "snow_in": 0.0, "vert_vis_ft": 0.0, "metar_type": "METAR", "elevation_m": 44.0, "municipality": "Kopitnari", "continent": "AS", "iso_country": "GE", "iso_region": "GE-IM", "wikipedia_link": "https://en.wikipedia.org/wiki/David_the_Builder_Kutaisi_International_Airport" }, "geometry": { "type": "Point", "coordinates": [ 42.483, 42.177 ] } },
{ "type": "Feature", "properties": { "raw_text": "METAR UGSB 280130Z AUTO 24004KT 9999 OVC039 11/07 Q1021 NOSIG", "station_id": "UGSB", "observation_time": "2026-04-28T01:30:00.000Z", "latitude": 41.61, "longitude": 41.6, "temp_c": 11.0, "dewpoint_c": 7.0, "wind_dir_degrees": 240.0, "wind_speed_kt": 4.0, "wind_gust_kt": 0.0, "visibility_statute_mi": 6.0, "altim_in_hg": 30.15, "sea_level_pressure_mb": 0.0, "quality_control_flags": null, "wx_string": "", "sky_condition": null, "flight_category": "VFR", "three_hr_pressure_tendency_mb": 0.0, "maxT_c": 0.0, "minT_c": 0.0, "maxT24hr_c": 0.0, "minT24hr_c": 0.0, "precip_in": 0.0, "pcp3hr_in": 0.0, "pcp6hr_in": 0.0, "pcp24hr_in": 0.0, "snow_in": 0.0, "vert_vis_ft": 0.0, "metar_type": "METAR", "elevation_m": 32.0, "municipality": "Batumi", "continent": "AS", "iso_country": "GE", "iso_region": "GE-AJ", "wikipedia_link": "https://en.wikipedia.org/wiki/Batumi_International_Airport" }, "geometry": { "type": "Point", "coordinates": [ 41.6, 41.61 ] } },
{ "type": "Feature", "properties": { "raw_text": "METAR UGTB 280130Z 31019G31KT CAVOK 10/05 Q1017 NOSIG", "station_id": "UGTB", "observation_time": "2026-04-28T01:30:00.000Z", "latitude": 41.669, "longitude": 44.955, "temp_c": 10.0, "dewpoint_c": 5.0, "wind_dir_degrees": 310.0, "wind_speed_kt": 19.0, "wind_gust_kt": 31.0, "visibility_statute_mi": 6.0, "altim_in_hg": 30.03, "sea_level_pressure_mb": 0.0, "quality_control_flags": null, "wx_string": "", "sky_condition": null, "flight_category": "VFR", "three_hr_pressure_tendency_mb": 0.0, "maxT_c": 0.0, "minT_c": 0.0, "maxT24hr_c": 0.0, "minT24hr_c": 0.0, "precip_in": 0.0, "pcp3hr_in": 0.0, "pcp6hr_in": 0.0, "pcp24hr_in": 0.0, "snow_in": 0.0, "vert_vis_ft": 0.0, "metar_type": "METAR", "elevation_m": 468.0, "municipality": "Tbilisi", "continent": "AS", "iso_country": "GE", "iso_region": "GE-TB", "wikipedia_link": "https://en.wikipedia.org/wiki/Tbilisi_International_Airport" }, "geometry": { "type": "Point", "coordinates": [ 44.955, 41.669 ] } },
{ "type": "Feature", "properties": { "raw_text": "METAR UHPP 280130Z 18004MPS 140V230 9999 FEW050 04/M09 Q1009 R34L/190051 NOSIG RMK QFE753/1004", "station_id": "UHPP", "observation_time": "2026-04-28T01:30:00.000Z", "latitude": 53.175, "longitude": 158.444, "temp_c": 4.0, "dewpoint_c": -9.0, "wind_dir_degrees": 180.0, "wind_speed_kt": 8.0, "wind_gust_kt": 0.0, "visibility_statute_mi": 6.0, "altim_in_hg": 29.79, "sea_level_pressure_mb": 0.0, "quality_control_flags": null, "wx_string": "", "sky_condition": null, "flight_category": "VFR", "three_hr_pressure_tendency_mb": 0.0, "maxT_c": 0.0, "minT_c": 0.0, "maxT24hr_c": 0.0, "minT24hr_c": 0.0, "precip_in": 0.0, "pcp3hr_in": 0.0, "pcp6hr_in": 0.0, "pcp24hr_in": 0.0, "snow_in": 0.0, "vert_vis_ft": 0.0, "metar_type": "METAR", "elevation_m": 33.0, "municipality": "Petropavlovsk-Kamchatsky", "continent": "AS", "iso_country": "RU", "iso_region": "RU-KAM", "wikipedia_link": "https://en.wikipedia.org/wiki/Petropavlovsk-Kamchatsky_Airport" }, "geometry": { "type": "Point", "coordinates": [ 158.444, 53.175 ] } },
{ "type": "Feature", "properties": { "raw_text": "METAR UHSS 280130Z 36009MPS 9999 BKN025CB 03/M01 Q1010 R01/CLRD70 NOSIG RMK MT OBSC QFE756/1008", "station_id": "UHSS", "observation_time": "2026-04-28T01:30:00.000Z", "latitude": 46.887, "longitude": 142.719, "temp_c": 3.0, "dewpoint_c": -1.0, "wind_dir_degrees": 360.0, "wind_speed_kt": 17.0, "wind_gust_kt": 0.0, "visibility_statute_mi": 6.0, "altim_in_hg": 29.82, "sea_level_pressure_mb": 0.0, "quality_control_flags": null, "wx_string": "", "sky_condition": null, "flight_category": "MVFR", "three_hr_pressure_tendency_mb": 0.0, "maxT_c": 0.0, "minT_c": 0.0, "maxT24hr_c": 0.0, "minT24hr_c": 0.0, "precip_in": 0.0, "pcp3hr_in": 0.0, "pcp6hr_in": 0.0, "pcp24hr_in": 0.0, "snow_in": 0.0, "vert_vis_ft": 0.0, "metar_type": "METAR", "elevation_m": 14.0, "municipality": "Yuzhno-Sakhalinsk", "continent": "AS", "iso_country": "RU", "iso_region": "RU-SAK", "wikipedia_link": "https://en.wikipedia.org/wiki/Yuzhno-Sakhalinsk_Airport" }, "geometry": { "type": "Point", "coordinates": [ 142.719, 46.887 ] } },
{ "type": "Feature", "properties": { "raw_text": "METAR UHWW 280130Z 35004MPS 310V040 9999 SCT043 13/M00 Q1013 R07R/0///72 NOSIG RMK QFE759", "station_id": "UHWW", "observation_time": "2026-04-28T01:30:00.000Z", "latitude": 43.399, "longitude": 132.146, "temp_c": 13.0, "dewpoint_c": 0.0, "wind_dir_degrees": 350.0, "wind_speed_kt": 8.0, "wind_gust_kt": 0.0, "visibility_statute_mi": 6.0, "altim_in_hg": 29.91, "sea_level_pressure_mb": 0.0, "quality_control_flags": null, "wx_string": "", "sky_condition": null, "flight_category": "VFR", "three_hr_pressure_tendency_mb": 0.0, "maxT_c": 0.0, "minT_c": 0.0, "maxT24hr_c": 0.0, "minT24hr_c": 0.0, "precip_in": 0.0, "pcp3hr_in": 0.0, "pcp6hr_in": 0.0, "pcp24hr_in": 0.0, "snow_in": 0.0, "vert_vis_ft": 0.0, "metar_type": "METAR", "elevation_m": 11.0, "municipality": "Artyom", "continent": "AS", "iso_country": "RU", "iso_region": "RU-PRI", "wikipedia_link": "https://en.wikipedia.org/wiki/Vladivostok_International_Airport" }, "geometry": { "type": "Point", "coordinates": [ 132.146, 43.399 ] } },
{ "type": "Feature", "properties": { "raw_text": "METAR UIAA 280130Z 22004MPS 9999 NSC 10/M07 Q1017 R29/CLRD70 NOSIG RMK QFE704/0939", "station_id": "UIAA", "observation_time": "2026-04-28T01:30:00.000Z", "latitude": 52.026, "longitude": 113.31, "temp_c": 10.0, "dewpoint_c": -7.0, "wind_dir_degrees": 220.0, "wind_speed_kt": 8.0, "wind_gust_kt": 0.0, "visibility_statute_mi": 6.0, "altim_in_hg": 30.03, "sea_level_pressure_mb": 0.0, "quality_control_flags": null, "wx_string": "", "sky_condition": null, "flight_category": "VFR", "three_hr_pressure_tendency_mb": 0.0, "maxT_c": 0.0, "minT_c": 0.0, "maxT24hr_c": 0.0, "minT24hr_c": 0.0, "precip_in": 0.0, "pcp3hr_in": 0.0, "pcp6hr_in": 0.0, "pcp24hr_in": 0.0, "snow_in": 0.0, "vert_vis_ft": 0.0, "metar_type": "METAR", "elevation_m": 650.0, "municipality": "Chita", "continent": "AS", "iso_country": "RU", "iso_region": "RU-ZAB", "wikipedia_link": "https://en.wikipedia.org/wiki/Kadala_Airport" }, "geometry": { "type": "Point", "coordinates": [ 113.31, 52.026 ] } },
{ "type": "Feature", "properties": { "raw_text": "METAR UIII 280130Z 16005MPS CAVOK 10/M05 Q1016 R12/CLRD65 NOSIG RMK QFE719/0959", "station_id": "UIII", "observation_time": "2026-04-28T01:30:00.000Z", "latitude": 52.273, "longitude": 104.38, "temp_c": 10.0, "dewpoint_c": -5.0, "wind_dir_degrees": 160.0, "wind_speed_kt": 10.0, "wind_gust_kt": 0.0, "visibility_statute_mi": 6.0, "altim_in_hg": 30.0, "sea_level_pressure_mb": 0.0, "quality_control_flags": null, "wx_string": "", "sky_condition": null, "flight_category": "VFR", "three_hr_pressure_tendency_mb": 0.0, "maxT_c": 0.0, "minT_c": 0.0, "maxT24hr_c": 0.0, "minT24hr_c": 0.0, "precip_in": 0.0, "pcp3hr_in": 0.0, "pcp6hr_in": 0.0, "pcp24hr_in": 0.0, "snow_in": 0.0, "vert_vis_ft": 0.0, "metar_type": "METAR", "elevation_m": 480.0, "municipality": "Irkutsk", "continent": "AS", "iso_country": "RU", "iso_region": "RU-IRK", "wikipedia_link": "https://en.wikipedia.org/wiki/Irkutsk_Airport" }, "geometry": { "type": "Point", "coordinates": [ 104.38, 52.273 ] } },
{ "type": "Feature", "properties": { "raw_text": "METAR UIUU 280130Z VRB01MPS 9999 NSC 08/M09 Q1019 R08/CLRD60 NOSIG RMK QFE719/0959", "station_id": "UIUU", "observation_time": "2026-04-28T01:30:00.000Z", "latitude": 51.808, "longitude": 107.443, "temp_c": 8.0, "dewpoint_c": -9.0, "wind_dir_degrees": 0.0, "wind_speed_kt": 2.0, "wind_gust_kt": 0.0, "visibility_statute_mi": 6.0, "altim_in_hg": 30.09, "sea_level_pressure_mb": 0.0, "quality_control_flags": null, "wx_string": "", "sky_condition": null, "flight_category": "VFR", "three_hr_pressure_tendency_mb": 0.0, "maxT_c": 0.0, "minT_c": 0.0, "maxT24hr_c": 0.0, "minT24hr_c": 0.0, "precip_in": 0.0, "pcp3hr_in": 0.0, "pcp6hr_in": 0.0, "pcp24hr_in": 0.0, "snow_in": 0.0, "vert_vis_ft": 0.0, "metar_type": "METAR", "elevation_m": 508.0, "municipality": "Ulan Ude", "continent": "AS", "iso_country": "RU", "iso_region": "RU-BU", "wikipedia_link": "https://en.wikipedia.org/wiki/Ulan-Ude_Airport" }, "geometry": { "type": "Point", "coordinates": [ 107.443, 51.808 ] } },
{ "type": "Feature", "properties": { "raw_text": "METAR ULLI 280130Z 32009G14MPS CAVOK 02/M05 Q1007 R28L/190055 NOSIG", "station_id": "ULLI", "observation_time": "2026-04-28T01:30:00.000Z", "latitude": 59.798, "longitude": 30.267, "temp_c": 2.0, "dewpoint_c": -5.0, "wind_dir_degrees": 320.0, "wind_speed_kt": 17.0, "wind_gust_kt": 27.0, "visibility_statute_mi": 6.0, "altim_in_hg": 29.73, "sea_level_pressure_mb": 0.0, "quality_control_flags": null, "wx_string": "", "sky_condition": null, "flight_category": "VFR", "three_hr_pressure_tendency_mb": 0.0, "maxT_c": 0.0, "minT_c": 0.0, "maxT24hr_c": 0.0, "minT24hr_c": 0.0, "precip_in": 0.0, "pcp3hr_in": 0.0, "pcp6hr_in": 0.0, "pcp24hr_in": 0.0, "snow_in": 0.0, "vert_vis_ft": 0.0, "metar_type": "METAR", "elevation_m": 25.0, "municipality": "St. Petersburg", "continent": "EU", "iso_country": "RU", "iso_region": "RU-SPE", "wikipedia_link": "https://en.wikipedia.org/wiki/Pulkovo_Airport" }, "geometry": { "type": "Point", "coordinates": [ 30.267, 59.798 ] } },
{ "type": "Feature", "properties": { "raw_text": "METAR ULMM 280130Z 32005MPS 9999 BKN017CB 00/M02 Q1016 R31/690140 NOSIG RMK QFE754", "station_id": "ULMM", "observation_time": "2026-04-28T01:30:00.000Z", "latitude": 68.781, "longitude": 32.749, "temp_c": 0.0, "dewpoint_c": -2.0, "wind_dir_degrees": 320.0, "wind_speed_kt": 10.0, "wind_gust_kt": 0.0, "visibility_statute_mi": 6.0, "altim_in_hg": 30.0, "sea_level_pressure_mb": 0.0, "quality_control_flags": null, "wx_string": "", "sky_condition": null, "flight_category": "MVFR", "three_hr_pressure_tendency_mb": 0.0, "maxT_c": 0.0, "minT_c": 0.0, "maxT24hr_c": 0.0, "minT24hr_c": 0.0, "precip_in": 0.0, "pcp3hr_in": 0.0, "pcp6hr_in": 0.0, "pcp24hr_in": 0.0, "snow_in": 0.0, "vert_vis_ft": 0.0, "metar_type": "METAR", "elevation_m": 79.0, "municipality": "Murmansk", "continent": "EU", "iso_country": "RU", "iso_region": "RU-MUR", "wikipedia_link": "https://en.wikipedia.org/wiki/Murmansk_Airport" }, "geometry": { "type": "Point", "coordinates": [ 32.749, 68.781 ] } },
{ "type": "Feature", "properties": { "raw_text": "METAR UMKK 280130Z 30005MPS CAVOK 03/01 Q1024 R24/CLRD63 NOSIG RMK QFE767/1022", "station_id": "UMKK", "observation_time": "2026-04-28T01:30:00.000Z", "latitude": 54.885, "longitude": 20.583, "temp_c": 3.0, "dewpoint_c": 1.0, "wind_dir_degrees": 300.0, "wind_speed_kt": 10.0, "wind_gust_kt": 0.0, "visibility_statute_mi": 6.0, "altim_in_hg": 30.24, "sea_level_pressure_mb": 0.0, "quality_control_flags": null, "wx_string": "", "sky_condition": null, "flight_category": "VFR", "three_hr_pressure_tendency_mb": 0.0, "maxT_c": 0.0, "minT_c": 0.0, "maxT24hr_c": 0.0, "minT24hr_c": 0.0, "precip_in": 0.0, "pcp3hr_in": 0.0, "pcp6hr_in": 0.0, "pcp24hr_in": 0.0, "snow_in": 0.0, "vert_vis_ft": 0.0, "metar_type": "METAR", "elevation_m": 6.0, "municipality": "Kaliningrad", "continent": "EU", "iso_country": "RU", "iso_region": "RU-KGD", "wikipedia_link": "https://en.wikipedia.org/wiki/Khrabrovo_Airport" }, "geometry": { "type": "Point", "coordinates": [ 20.583, 54.885 ] } },
{ "type": "Feature", "properties": { "raw_text": "METAR UMMS 280130Z 31006MPS CAVOK 00/M06 Q1014 NOSIG", "station_id": "UMMS", "observation_time": "2026-04-28T01:30:00.000Z", "latitude": 53.883, "longitude": 28.031, "temp_c": 0.0, "dewpoint_c": -6.0, "wind_dir_degrees": 310.0, "wind_speed_kt": 12.0, "wind_gust_kt": 0.0, "visibility_statute_mi": 6.0, "altim_in_hg": 29.94, "sea_level_pressure_mb": 0.0, "quality_control_flags": null, "wx_string": "", "sky_condition": null, "flight_category": "VFR", "three_hr_pressure_tendency_mb": 0.0, "maxT_c": 0.0, "minT_c": 0.0, "maxT24hr_c": 0.0, "minT24hr_c": 0.0, "precip_in": 0.0, "pcp3hr_in": 0.0, "pcp6hr_in": 0.0, "pcp24hr_in": 0.0, "snow_in": 0.0, "vert_vis_ft": 0.0, "metar_type": "METAR", "elevation_m": 196.0, "municipality": "Minsk", "continent": "EU", "iso_country": "BY", "iso_region": "BY-MI", "wikipedia_link": "https://en.wikipedia.org/wiki/Minsk_National_Airport" }, "geometry": { "type": "Point", "coordinates": [ 28.031, 53.883 ] } },
{ "type": "Feature", "properties": { "raw_text": "METAR UNAA 280130Z 21003MPS 9999 -SHRA BKN028CB 06/05 Q1024 R02/290154 NOSIG RMK QFE745", "station_id": "UNAA", "observation_time": "2026-04-28T01:30:00.000Z", "latitude": 53.74, "longitude": 91.385, "temp_c": 6.0, "dewpoint_c": 5.0, "wind_dir_degrees": 210.0, "wind_speed_kt": 6.0, "wind_gust_kt": 0.0, "visibility_statute_mi": 6.0, "altim_in_hg": 30.24, "sea_level_pressure_mb": 0.0, "quality_control_flags": null, "wx_string": "-SHRA", "sky_condition": null, "flight_category": "MVFR", "three_hr_pressure_tendency_mb": 0.0, "maxT_c": 0.0, "minT_c": 0.0, "maxT24hr_c": 0.0, "minT24hr_c": 0.0, "precip_in": 0.0, "pcp3hr_in": 0.0, "pcp6hr_in": 0.0, "pcp24hr_in": 0.0, "snow_in": 0.0, "vert_vis_ft": 0.0, "metar_type": "METAR", "elevation_m": 249.0, "municipality": "Abakan", "continent": "AS", "iso_country": "RU", "iso_region": "RU-KK", "wikipedia_link": "https://en.wikipedia.org/wiki/Abakan_International_Airport" }, "geometry": { "type": "Point", "coordinates": [ 91.385, 53.74 ] } },
{ "type": "Feature", "properties": { "raw_text": "METAR UNBB 280130Z 31004MPS 9999 SCT040 09/M02 Q1027 R24/CLRD66 NOSIG RMK QFE748", "station_id": "UNBB", "observation_time": "2026-04-28T01:30:00.000Z", "latitude": 53.362, "longitude": 83.54, "temp_c": 9.0, "dewpoint_c": -2.0, "wind_dir_degrees": 310.0, "wind_speed_kt": 8.0, "wind_gust_kt": 0.0, "visibility_statute_mi": 6.0, "altim_in_hg": 30.32, "sea_level_pressure_mb": 0.0, "quality_control_flags": null, "wx_string": "", "sky_condition": null, "flight_category": "VFR", "three_hr_pressure_tendency_mb": 0.0, "maxT_c": 0.0, "minT_c": 0.0, "maxT24hr_c": 0.0, "minT24hr_c": 0.0, "precip_in": 0.0, "pcp3hr_in": 0.0, "pcp6hr_in": 0.0, "pcp24hr_in": 0.0, "snow_in": 0.0, "vert_vis_ft": 0.0, "metar_type": "METAR", "elevation_m": 249.0, "municipality": "Barnaul", "continent": "AS", "iso_country": "RU", "iso_region": "RU-ALT", "wikipedia_link": "https://en.wikipedia.org/wiki/Barnaul_Airport" }, "geometry": { "type": "Point", "coordinates": [ 83.54, 53.362 ] } },
{ "type": "Feature", "properties": { "raw_text": "METAR UNEE 280130Z 29004MPS CAVOK 08/M00 Q1025 R23/CLRD63 NOSIG RMK QFE746", "station_id": "UNEE", "observation_time": "2026-04-28T01:30:00.000Z", "latitude": 55.27, "longitude": 86.107, "temp_c": 8.0, "dewpoint_c": 0.0, "wind_dir_degrees": 290.0, "wind_speed_kt": 8.0, "wind_gust_kt": 0.0, "visibility_statute_mi": 6.0, "altim_in_hg": 30.27, "sea_level_pressure_mb": 0.0, "quality_control_flags": null, "wx_string": "", "sky_condition": null, "flight_category": "VFR", "three_hr_pressure_tendency_mb": 0.0, "maxT_c": 0.0, "minT_c": 0.0, "maxT24hr_c": 0.0, "minT24hr_c": 0.0, "precip_in": 0.0, "pcp3hr_in": 0.0, "pcp6hr_in": 0.0, "pcp24hr_in": 0.0, "snow_in": 0.0, "vert_vis_ft": 0.0, "metar_type": "METAR", "elevation_m": 261.0, "municipality": "Kemerovo", "continent": "AS", "iso_country": "RU", "iso_region": "RU-KEM", "wikipedia_link": "https://en.wikipedia.org/wiki/Kemerovo_Airport" }, "geometry": { "type": "Point", "coordinates": [ 86.107, 55.27 ] } },
{ "type": "Feature", "properties": { "raw_text": "METAR UNKL 280130Z 29005MPS CAVOK 09/M01 Q1022 R29/CLRD// NOSIG RMK QFE740", "station_id": "UNKL", "observation_time": "2026-04-28T01:30:00.000Z", "latitude": 56.173, "longitude": 92.493, "temp_c": 9.0, "dewpoint_c": -1.0, "wind_dir_degrees": 290.0, "wind_speed_kt": 10.0, "wind_gust_kt": 0.0, "visibility_statute_mi": 6.0, "altim_in_hg": 30.18, "sea_level_pressure_mb": 0.0, "quality_control_flags": null, "wx_string": "", "sky_condition": null, "flight_category": "VFR", "three_hr_pressure_tendency_mb": 0.0, "maxT_c": 0.0, "minT_c": 0.0, "maxT24hr_c": 0.0, "minT24hr_c": 0.0, "precip_in": 0.0, "pcp3hr_in": 0.0, "pcp6hr_in": 0.0, "pcp24hr_in": 0.0, "snow_in": 0.0, "vert_vis_ft": 0.0, "metar_type": "METAR", "elevation_m": 278.0, "municipality": "Krasnoyarsk", "continent": "AS", "iso_country": "RU", "iso_region": "RU-KYA", "wikipedia_link": "https://en.wikipedia.org/wiki/Krasnoyarsk_International_Airport" }, "geometry": { "type": "Point", "coordinates": [ 92.493, 56.173 ] } },
{ "type": "Feature", "properties": { "raw_text": "METAR UNNT 280130Z 30002MPS CAVOK 08/M00 Q1027 R25/120065 R16/////// NOSIG RMK QFE760/1014", "station_id": "UNNT", "observation_time": "2026-04-28T01:30:00.000Z", "latitude": 55.013, "longitude": 82.651, "temp_c": 8.0, "dewpoint_c": 0.0, "wind_dir_degrees": 300.0, "wind_speed_kt": 4.0, "wind_gust_kt": 0.0, "visibility_statute_mi": 6.0, "altim_in_hg": 30.32, "sea_level_pressure_mb": 0.0, "quality_control_flags": null, "wx_string": "", "sky_condition": null, "flight_category": "VFR", "three_hr_pressure_tendency_mb": 0.0, "maxT_c": 0.0, "minT_c": 0.0, "maxT24hr_c": 0.0, "minT24hr_c": 0.0, "precip_in": 0.0, "pcp3hr_in": 0.0, "pcp6hr_in": 0.0, "pcp24hr_in": 0.0, "snow_in": 0.0, "vert_vis_ft": 0.0, "metar_type": "METAR", "elevation_m": 106.0, "municipality": "Novosibirsk", "continent": "EU", "iso_country": "RU", "iso_region": "RU-NVS", "wikipedia_link": "https://en.wikipedia.org/wiki/Tolmachevo_Airport" }, "geometry": { "type": "Point", "coordinates": [ 82.651, 55.013 ] } },
{ "type": "Feature", "properties": { "raw_text": "METAR UNOO 280130Z 14001MPS CAVOK 06/00 Q1028 R25/CLRD63 NOSIG RMK QFE762", "station_id": "UNOO", "observation_time": "2026-04-28T01:30:00.000Z", "latitude": 54.964, "longitude": 73.32, "temp_c": 6.0, "dewpoint_c": 0.0, "wind_dir_degrees": 140.0, "wind_speed_kt": 2.0, "wind_gust_kt": 0.0, "visibility_statute_mi": 6.0, "altim_in_hg": 30.35, "sea_level_pressure_mb": 0.0, "quality_control_flags": null, "wx_string": "", "sky_condition": null, "flight_category": "VFR", "three_hr_pressure_tendency_mb": 0.0, "maxT_c": 0.0, "minT_c": 0.0, "maxT24hr_c": 0.0, "minT24hr_c": 0.0, "precip_in": 0.0, "pcp3hr_in": 0.0, "pcp6hr_in": 0.0, "pcp24hr_in": 0.0, "snow_in": 0.0, "vert_vis_ft": 0.0, "metar_type": "METAR", "elevation_m": 85.0, "municipality": "Omsk", "continent": "AS", "iso_country": "RU", "iso_region": "RU-OMS", "wikipedia_link": "https://en.wikipedia.org/wiki/Tsentralny_Airport" }, "geometry": { "type": "Point", "coordinates": [ 73.32, 54.964 ] } },
{ "type": "Feature", "properties": { "raw_text": "METAR UNTT 280130Z VRB01MPS CAVOK 05/M02 Q1026 R21/090060 NOSIG RMK QFE754", "station_id": "UNTT", "observation_time": "2026-04-28T01:30:00.000Z", "latitude": 56.381, "longitude": 85.207, "temp_c": 5.0, "dewpoint_c": -2.0, "wind_dir_degrees": 0.0, "wind_speed_kt": 2.0, "wind_gust_kt": 0.0, "visibility_statute_mi": 6.0, "altim_in_hg": 30.3, "sea_level_pressure_mb": 0.0, "quality_control_flags": null, "wx_string": "", "sky_condition": null, "flight_category": "VFR", "three_hr_pressure_tendency_mb": 0.0, "maxT_c": 0.0, "minT_c": 0.0, "maxT24hr_c": 0.0, "minT24hr_c": 0.0, "precip_in": 0.0, "pcp3hr_in": 0.0, "pcp6hr_in": 0.0, "pcp24hr_in": 0.0, "snow_in": 0.0, "vert_vis_ft": 0.0, "metar_type": "METAR", "elevation_m": 179.0, "municipality": "Tomsk", "continent": "AS", "iso_country": "RU", "iso_region": "RU-TOM", "wikipedia_link": "https://en.wikipedia.org/wiki/Bogashevo_Airport" }, "geometry": { "type": "Point", "coordinates": [ 85.207, 56.381 ] } },
{ "type": "Feature", "properties": { "raw_text": "SPECI UOOO 280137Z 30013MPS 0500 0450SE R19/0550D SHSN BLSN BKN005 BKN013CB M04/M04 Q0991 R19/591032 NOSIG RMK QFE727/0970", "station_id": "UOOO", "observation_time": "2026-04-28T01:37:00.000Z", "latitude": 69.308, "longitude": 87.322, "temp_c": -4.0, "dewpoint_c": -4.0, "wind_dir_degrees": 300.0, "wind_speed_kt": 25.0, "wind_gust_kt": 0.0, "visibility_statute_mi": 0.31, "altim_in_hg": 29.26, "sea_level_pressure_mb": 0.0, "quality_control_flags": null, "wx_string": "BLSN SHSN", "sky_condition": null, "flight_category": "LIFR", "three_hr_pressure_tendency_mb": 0.0, "maxT_c": 0.0, "minT_c": 0.0, "maxT24hr_c": 0.0, "minT24hr_c": 0.0, "precip_in": 0.0, "pcp3hr_in": 0.0, "pcp6hr_in": 0.0, "pcp24hr_in": 0.0, "snow_in": 0.0, "vert_vis_ft": 0.0, "metar_type": "SPECI", "elevation_m": 177.0, "municipality": "Norilsk", "continent": "AS", "iso_country": "RU", "iso_region": "RU-KYA", "wikipedia_link": "https://en.wikipedia.org/wiki/Norilsk_Alykel_Airport" }, "geometry": { "type": "Point", "coordinates": [ 87.322, 69.308 ] } },
{ "type": "Feature", "properties": { "raw_text": "METAR URKK 280130Z 24002MPS CAVOK 01/M00 Q1022 R23L/CLRD70 NOSIG RMK QFE763", "station_id": "URKK", "observation_time": "2026-04-28T01:30:00.000Z", "latitude": 45.033, "longitude": 39.15, "temp_c": 1.0, "dewpoint_c": 0.0, "wind_dir_degrees": 240.0, "wind_speed_kt": 4.0, "wind_gust_kt": 0.0, "visibility_statute_mi": 6.0, "altim_in_hg": 30.18, "sea_level_pressure_mb": 0.0, "quality_control_flags": null, "wx_string": "", "sky_condition": null, "flight_category": "VFR", "three_hr_pressure_tendency_mb": 0.0, "maxT_c": 0.0, "minT_c": 0.0, "maxT24hr_c": 0.0, "minT24hr_c": 0.0, "precip_in": 0.0, "pcp3hr_in": 0.0, "pcp6hr_in": 0.0, "pcp24hr_in": 0.0, "snow_in": 0.0, "vert_vis_ft": 0.0, "metar_type": "METAR", "elevation_m": 29.0, "municipality": "Krasnodar", "continent": "EU", "iso_country": "RU", "iso_region": "RU-KDA", "wikipedia_link": "https://en.wikipedia.org/wiki/Pashkovsky_Airport" }, "geometry": { "type": "Point", "coordinates": [ 39.15, 45.033 ] } },
{ "type": "Feature", "properties": { "raw_text": "METAR URMG 280130Z 00000MPS 9999 BKN053 08/05 Q1022 R26/090095 NOSIG RMK QFE752/1002", "station_id": "URMG", "observation_time": "2026-04-28T01:30:00.000Z", "latitude": 43.387, "longitude": 45.702, "temp_c": 8.0, "dewpoint_c": 5.0, "wind_dir_degrees": 0.0, "wind_speed_kt": 0.0, "wind_gust_kt": 0.0, "visibility_statute_mi": 6.0, "altim_in_hg": 30.18, "sea_level_pressure_mb": 0.0, "quality_control_flags": null, "wx_string": "", "sky_condition": null, "flight_category": "VFR", "three_hr_pressure_tendency_mb": 0.0, "maxT_c": 0.0, "minT_c": 0.0, "maxT24hr_c": 0.0, "minT24hr_c": 0.0, "precip_in": 0.0, "pcp3hr_in": 0.0, "pcp6hr_in": 0.0, "pcp24hr_in": 0.0, "snow_in": 0.0, "vert_vis_ft": 0.0, "metar_type": "METAR", "elevation_m": 160.0, "municipality": "Grozny", "continent": "AS", "iso_country": "RU", "iso_region": "RU-CE", "wikipedia_link": "https://en.wikipedia.org/wiki/Grozny_Airport" }, "geometry": { "type": "Point", "coordinates": [ 45.702, 43.387 ] } },
{ "type": "Feature", "properties": { "raw_text": "METAR URML 280130Z 28003MPS 9999 FEW061 10/02 Q1022 R32/CLRD// NOSIG RMK QFE766/1021", "station_id": "URML", "observation_time": "2026-04-28T01:30:00.000Z", "latitude": 42.817, "longitude": 47.652, "temp_c": 10.0, "dewpoint_c": 2.0, "wind_dir_degrees": 280.0, "wind_speed_kt": 6.0, "wind_gust_kt": 0.0, "visibility_statute_mi": 6.0, "altim_in_hg": 30.18, "sea_level_pressure_mb": 0.0, "quality_control_flags": null, "wx_string": "", "sky_condition": null, "flight_category": "VFR", "three_hr_pressure_tendency_mb": 0.0, "maxT_c": 0.0, "minT_c": 0.0, "maxT24hr_c": 0.0, "minT24hr_c": 0.0, "precip_in": 0.0, "pcp3hr_in": 0.0, "pcp6hr_in": 0.0, "pcp24hr_in": 0.0, "snow_in": 0.0, "vert_vis_ft": 0.0, "metar_type": "METAR", "elevation_m": 4.0, "municipality": "Makhachkala", "continent": "AS", "iso_country": "RU", "iso_region": "RU-DA", "wikipedia_link": "https://en.wikipedia.org/wiki/Uytash_airport" }, "geometry": { "type": "Point", "coordinates": [ 47.652, 42.817 ] } },
{ "type": "Feature", "properties": { "raw_text": "METAR URMM 280130Z 26004MPS 9999 BKN049 06/M02 Q1022 R29/010070 NOSIG RMK QFE738/0984", "station_id": "URMM", "observation_time": "2026-04-28T01:30:00.000Z", "latitude": 44.225, "longitude": 43.082, "temp_c": 6.0, "dewpoint_c": -2.0, "wind_dir_degrees": 260.0, "wind_speed_kt": 8.0, "wind_gust_kt": 0.0, "visibility_statute_mi": 6.0, "altim_in_hg": 30.18, "sea_level_pressure_mb": 0.0, "quality_control_flags": null, "wx_string": "", "sky_condition": null, "flight_category": "VFR", "three_hr_pressure_tendency_mb": 0.0, "maxT_c": 0.0, "minT_c": 0.0, "maxT24hr_c": 0.0, "minT24hr_c": 0.0, "precip_in": 0.0, "pcp3hr_in": 0.0, "pcp6hr_in": 0.0, "pcp24hr_in": 0.0, "snow_in": 0.0, "vert_vis_ft": 0.0, "metar_type": "METAR", "elevation_m": 318.0, "municipality": "Mineralnyye Vody", "continent": "EU", "iso_country": "RU", "iso_region": "RU-STA", "wikipedia_link": "https://en.wikipedia.org/wiki/Mineralnye_Vody_Airport" }, "geometry": { "type": "Point", "coordinates": [ 43.082, 44.225 ] } },
{ "type": "Feature", "properties": { "raw_text": "METAR URRP 280130Z 23003MPS CAVOK 02/M02 Q1018 R23/CLRD70 NOSIG RMK QFE756/1008", "station_id": "URRP", "observation_time": "2026-04-28T01:30:00.000Z", "latitude": 47.494, "longitude": 39.925, "temp_c": 2.0, "dewpoint_c": -2.0, "wind_dir_degrees": 230.0, "wind_speed_kt": 6.0, "wind_gust_kt": 0.0, "visibility_statute_mi": 6.0, "altim_in_hg": 30.06, "sea_level_pressure_mb": 0.0, "quality_control_flags": null, "wx_string": "", "sky_condition": null, "flight_category": "VFR", "three_hr_pressure_tendency_mb": 0.0, "maxT_c": 0.0, "minT_c": 0.0, "maxT24hr_c": 0.0, "minT24hr_c": 0.0, "precip_in": 0.0, "pcp3hr_in": 0.0, "pcp6hr_in": 0.0, "pcp24hr_in": 0.0, "snow_in": 0.0, "vert_vis_ft": 0.0, "metar_type": "METAR", "elevation_m": 73.0, "municipality": "Rostov-on-Don", "continent": "EU", "iso_country": "RU", "iso_region": "RU-ROS", "wikipedia_link": "https://en.wikipedia.org/wiki/Platov_International_Airport" }, "geometry": { "type": "Point", "coordinates": [ 39.925, 47.494 ] } },
{ "type": "Feature", "properties": { "raw_text": "METAR URSS 280130Z 03003MPS 9999 NSC 04/01 Q1021 R02/010070 R06/010070 NOSIG RMK R06/00000MPS QFE765", "station_id": "URSS", "observation_time": "2026-04-28T01:30:00.000Z", "latitude": 43.438, "longitude": 39.926, "temp_c": 4.0, "dewpoint_c": 1.0, "wind_dir_degrees": 30.0, "wind_speed_kt": 6.0, "wind_gust_kt": 0.0, "visibility_statute_mi": 6.0, "altim_in_hg": 30.15, "sea_level_pressure_mb": 0.0, "quality_control_flags": null, "wx_string": "", "sky_condition": null, "flight_category": "VFR", "three_hr_pressure_tendency_mb": 0.0, "maxT_c": 0.0, "minT_c": 0.0, "maxT24hr_c": 0.0, "minT24hr_c": 0.0, "precip_in": 0.0, "pcp3hr_in": 0.0, "pcp6hr_in": 0.0, "pcp24hr_in": 0.0, "snow_in": 0.0, "vert_vis_ft": 0.0, "metar_type": "METAR", "elevation_m": 4.0, "municipality": "Sochi", "continent": "EU", "iso_country": "RU", "iso_region": "RU-KDA", "wikipedia_link": "https://en.wikipedia.org/wiki/Sochi_International_Airport" }, "geometry": { "type": "Point", "coordinates": [ 39.926, 43.438 ] } },
{ "type": "Feature", "properties": { "raw_text": "METAR URWA 280130Z 27002MPS CAVOK 03/M02 Q1021 R27/CLRD70 NOSIG RMK QFE767/1023", "station_id": "URWA", "observation_time": "2026-04-28T01:30:00.000Z", "latitude": 46.286, "longitude": 47.995, "temp_c": 3.0, "dewpoint_c": -2.0, "wind_dir_degrees": 270.0, "wind_speed_kt": 4.0, "wind_gust_kt": 0.0, "visibility_statute_mi": 6.0, "altim_in_hg": 30.15, "sea_level_pressure_mb": 0.0, "quality_control_flags": null, "wx_string": "", "sky_condition": null, "flight_category": "VFR", "three_hr_pressure_tendency_mb": 0.0, "maxT_c": 0.0, "minT_c": 0.0, "maxT24hr_c": 0.0, "minT24hr_c": 0.0, "precip_in": 0.0, "pcp3hr_in": 0.0, "pcp6hr_in": 0.0, "pcp24hr_in": 0.0, "snow_in": 0.0, "vert_vis_ft": 0.0, "metar_type": "METAR", "elevation_m": -19.0, "municipality": "Astrakhan", "continent": "AS", "iso_country": "RU", "iso_region": "RU-AST", "wikipedia_link": "https://en.wikipedia.org/wiki/Narimanovo_Airport" }, "geometry": { "type": "Point", "coordinates": [ 47.995, 46.286 ] } },
{ "type": "Feature", "properties": { "raw_text": "METAR URWW 280130Z 23007MPS CAVOK 01/M02 Q1016 R23/010070 NOSIG", "station_id": "URWW", "observation_time": "2026-04-28T01:30:00.000Z", "latitude": 48.788, "longitude": 44.336, "temp_c": 1.0, "dewpoint_c": -2.0, "wind_dir_degrees": 230.0, "wind_speed_kt": 14.0, "wind_gust_kt": 0.0, "visibility_statute_mi": 6.0, "altim_in_hg": 30.0, "sea_level_pressure_mb": 0.0, "quality_control_flags": null, "wx_string": "", "sky_condition": null, "flight_category": "VFR", "three_hr_pressure_tendency_mb": 0.0, "maxT_c": 0.0, "minT_c": 0.0, "maxT24hr_c": 0.0, "minT24hr_c": 0.0, "precip_in": 0.0, "pcp3hr_in": 0.0, "pcp6hr_in": 0.0, "pcp24hr_in": 0.0, "snow_in": 0.0, "vert_vis_ft": 0.0, "metar_type": "METAR", "elevation_m": 131.0, "municipality": "Volgograd", "continent": "AS", "iso_country": "RU", "iso_region": "RU-VGG", "wikipedia_link": "https://en.wikipedia.org/wiki/Volgograd_International_Airport" }, "geometry": { "type": "Point", "coordinates": [ 44.336, 48.788 ] } },
{ "type": "Feature", "properties": { "raw_text": "METAR USCC 280130Z 16006MPS CAVOK 09/01 Q1014 R09/000060 NOSIG RMK QFE740", "station_id": "USCC", "observation_time": "2026-04-28T01:30:00.000Z", "latitude": 55.306, "longitude": 61.503, "temp_c": 9.0, "dewpoint_c": 1.0, "wind_dir_degrees": 160.0, "wind_speed_kt": 12.0, "wind_gust_kt": 0.0, "visibility_statute_mi": 6.0, "altim_in_hg": 29.94, "sea_level_pressure_mb": 0.0, "quality_control_flags": null, "wx_string": "", "sky_condition": null, "flight_category": "VFR", "three_hr_pressure_tendency_mb": 0.0, "maxT_c": 0.0, "minT_c": 0.0, "maxT24hr_c": 0.0, "minT24hr_c": 0.0, "precip_in": 0.0, "pcp3hr_in": 0.0, "pcp6hr_in": 0.0, "pcp24hr_in": 0.0, "snow_in": 0.0, "vert_vis_ft": 0.0, "metar_type": "METAR", "elevation_m": 227.0, "municipality": "Chelyabinsk", "continent": "AS", "iso_country": "RU", "iso_region": "RU-CHE", "wikipedia_link": "https://en.wikipedia.org/wiki/Chelyabinsk_Airport" }, "geometry": { "type": "Point", "coordinates": [ 61.503, 55.306 ] } },
{ "type": "Feature", "properties": { "raw_text": "SPECI USCM 280144Z 17010MPS 9999 BKN040CB 09/03 Q1012 R18/090060 TEMPO 15016MPS RMK QFE722", "station_id": "USCM", "observation_time": "2026-04-28T01:44:00.000Z", "latitude": 53.393, "longitude": 58.756, "temp_c": 9.0, "dewpoint_c": 3.0, "wind_dir_degrees": 170.0, "wind_speed_kt": 19.0, "wind_gust_kt": 0.0, "visibility_statute_mi": 6.0, "altim_in_hg": 29.88, "sea_level_pressure_mb": 0.0, "quality_control_flags": null, "wx_string": "", "sky_condition": null, "flight_category": "VFR", "three_hr_pressure_tendency_mb": 0.0, "maxT_c": 0.0, "minT_c": 0.0, "maxT24hr_c": 0.0, "minT24hr_c": 0.0, "precip_in": 0.0, "pcp3hr_in": 0.0, "pcp6hr_in": 0.0, "pcp24hr_in": 0.0, "snow_in": 0.0, "vert_vis_ft": 0.0, "metar_type": "SPECI", "elevation_m": 425.0, "municipality": "Magnitogorsk", "continent": "AS", "iso_country": "RU", "iso_region": "RU-BA", "wikipedia_link": "https://en.wikipedia.org/wiki/Magnitogorsk_International_Airport" }, "geometry": { "type": "Point", "coordinates": [ 58.756, 53.393 ] } },
{ "type": "Feature", "properties": { "raw_text": "METAR USNN 280130Z 22003MPS CAVOK 03/M00 Q1023 R21/0///65 NOSIG RMK QFE762", "station_id": "USNN", "observation_time": "2026-04-28T01:30:00.000Z", "latitude": 60.959, "longitude": 76.497, "temp_c": 3.0, "dewpoint_c": 0.0, "wind_dir_degrees": 220.0, "wind_speed_kt": 6.0, "wind_gust_kt": 0.0, "visibility_statute_mi": 6.0, "altim_in_hg": 30.21, "sea_level_pressure_mb": 0.0, "quality_control_flags": null, "wx_string": "", "sky_condition": null, "flight_category": "VFR", "three_hr_pressure_tendency_mb": 0.0, "maxT_c": 0.0, "minT_c": 0.0, "maxT24hr_c": 0.0, "minT24hr_c": 0.0, "precip_in": 0.0, "pcp3hr_in": 0.0, "pcp6hr_in": 0.0, "pcp24hr_in": 0.0, "snow_in": 0.0, "vert_vis_ft": 0.0, "metar_type": "METAR", "elevation_m": 52.0, "municipality": "Nizhnevartovsk", "continent": "AS", "iso_country": "RU", "iso_region": "RU-KHM", "wikipedia_link": "https://en.wikipedia.org/wiki/Nizhnevartovsk_Airport" }, "geometry": { "type": "Point", "coordinates": [ 76.497, 60.959 ] } },
{ "type": "Feature", "properties": { "raw_text": "METAR USPP 280130Z 20006MPS 9999 BKN023 04/00 Q1007 R21/290150 NOSIG RMK QFE744", "station_id": "USPP", "observation_time": "2026-04-28T01:30:00.000Z", "latitude": 57.914, "longitude": 56.021, "temp_c": 4.0, "dewpoint_c": 0.0, "wind_dir_degrees": 200.0, "wind_speed_kt": 12.0, "wind_gust_kt": 0.0, "visibility_statute_mi": 6.0, "altim_in_hg": 29.73, "sea_level_pressure_mb": 0.0, "quality_control_flags": null, "wx_string": "", "sky_condition": null, "flight_category": "MVFR", "three_hr_pressure_tendency_mb": 0.0, "maxT_c": 0.0, "minT_c": 0.0, "maxT24hr_c": 0.0, "minT24hr_c": 0.0, "precip_in": 0.0, "pcp3hr_in": 0.0, "pcp6hr_in": 0.0, "pcp24hr_in": 0.0, "snow_in": 0.0, "vert_vis_ft": 0.0, "metar_type": "METAR", "elevation_m": 120.0, "municipality": "Perm", "continent": "AS", "iso_country": "RU", "iso_region": "RU-PER", "wikipedia_link": "https://en.wikipedia.org/wiki/Perm_International_Airport" }, "geometry": { "type": "Point", "coordinates": [ 56.021, 57.914 ] } },
{ "type": "Feature", "properties": { "raw_text": "METAR USRR 280130Z 22003MPS CAVOK 05/M02 Q1022 R25/CLRD// RMK QFE761", "station_id": "USRR", "observation_time": "2026-04-28T01:30:00.000Z", "latitude": 61.342, "longitude": 73.422, "temp_c": 5.0, "dewpoint_c": -2.0, "wind_dir_degrees": 220.0, "wind_speed_kt": 6.0, "wind_gust_kt": 0.0, "visibility_statute_mi": 6.0, "altim_in_hg": 30.18, "sea_level_pressure_mb": 0.0, "quality_control_flags": null, "wx_string": "", "sky_condition": null, "flight_category": "VFR", "three_hr_pressure_tendency_mb": 0.0, "maxT_c": 0.0, "minT_c": 0.0, "maxT24hr_c": 0.0, "minT24hr_c": 0.0, "precip_in": 0.0, "pcp3hr_in": 0.0, "pcp6hr_in": 0.0, "pcp24hr_in": 0.0, "snow_in": 0.0, "vert_vis_ft": 0.0, "metar_type": "METAR", "elevation_m": 52.0, "municipality": "Surgut", "continent": "AS", "iso_country": "RU", "iso_region": "RU-KHM", "wikipedia_link": "https://en.wikipedia.org/wiki/Surgut_Airport" }, "geometry": { "type": "Point", "coordinates": [ 73.422, 61.342 ] } },
{ "type": "Feature", "properties": { "raw_text": "METAR USSS 280130Z 17005MPS CAVOK 09/01 Q1011 R08R/CLRD60 NOSIG RMK QFE739/0985", "station_id": "USSS", "observation_time": "2026-04-28T01:30:00.000Z", "latitude": 56.745, "longitude": 60.792, "temp_c": 9.0, "dewpoint_c": 1.0, "wind_dir_degrees": 170.0, "wind_speed_kt": 10.0, "wind_gust_kt": 0.0, "visibility_statute_mi": 6.0, "altim_in_hg": 29.85, "sea_level_pressure_mb": 0.0, "quality_control_flags": null, "wx_string": "", "sky_condition": null, "flight_category": "VFR", "three_hr_pressure_tendency_mb": 0.0, "maxT_c": 0.0, "minT_c": 0.0, "maxT24hr_c": 0.0, "minT24hr_c": 0.0, "precip_in": 0.0, "pcp3hr_in": 0.0, "pcp6hr_in": 0.0, "pcp24hr_in": 0.0, "snow_in": 0.0, "vert_vis_ft": 0.0, "metar_type": "METAR", "elevation_m": 222.0, "municipality": "Yekaterinburg", "continent": "AS", "iso_country": "RU", "iso_region": "RU-SVE", "wikipedia_link": "https://en.wikipedia.org/wiki/Koltsovo_Airport" }, "geometry": { "type": "Point", "coordinates": [ 60.792, 56.745 ] } },
{ "type": "Feature", "properties": { "raw_text": "METAR USTR 280130Z 17007MPS CAVOK 11/01 Q1018 R21/090065 R30/090065 NOSIG", "station_id": "USTR", "observation_time": "2026-04-28T01:30:00.000Z", "latitude": 57.19, "longitude": 65.324, "temp_c": 11.0, "dewpoint_c": 1.0, "wind_dir_degrees": 170.0, "wind_speed_kt": 14.0, "wind_gust_kt": 0.0, "visibility_statute_mi": 6.0, "altim_in_hg": 30.06, "sea_level_pressure_mb": 0.0, "quality_control_flags": null, "wx_string": "", "sky_condition": null, "flight_category": "VFR", "three_hr_pressure_tendency_mb": 0.0, "maxT_c": 0.0, "minT_c": 0.0, "maxT24hr_c": 0.0, "minT24hr_c": 0.0, "precip_in": 0.0, "pcp3hr_in": 0.0, "pcp6hr_in": 0.0, "pcp24hr_in": 0.0, "snow_in": 0.0, "vert_vis_ft": 0.0, "metar_type": "METAR", "elevation_m": 93.0, "municipality": "Tyumen", "continent": "AS", "iso_country": "RU", "iso_region": "RU-TYU", "wikipedia_link": "https://en.wikipedia.org/wiki/Roschino_International_Airport" }, "geometry": { "type": "Point", "coordinates": [ 65.324, 57.19 ] } },
{ "type": "Feature", "properties": { "raw_text": "METAR UTAA 280100Z 27016KT 9999 FEW100 19/10 Q1012 R88/CLRD70 NOSIG", "station_id": "UTAA", "observation_time": "2026-04-28T01:00:00.000Z", "latitude": 37.975, "longitude": 58.371, "temp_c": 19.0, "dewpoint_c": 10.0, "wind_dir_degrees": 270.0, "wind_speed_kt": 16.0, "wind_gust_kt": 0.0, "visibility_statute_mi": 6.0, "altim_in_hg": 29.88, "sea_level_pressure_mb": 0.0, "quality_control_flags": null, "wx_string": "", "sky_condition": null, "flight_category": "VFR", "three_hr_pressure_tendency_mb": 0.0, "maxT_c": 0.0, "minT_c": 0.0, "maxT24hr_c": 0.0, "minT24hr_c": 0.0, "precip_in": 0.0, "pcp3hr_in": 0.0, "pcp6hr_in": 0.0, "pcp24hr_in": 0.0, "snow_in": 0.0, "vert_vis_ft": 0.0, "metar_type": "METAR", "elevation_m": 207.0, "municipality": "Ashgabat", "continent": "AS", "iso_country": "TM", "iso_region": "TM-S", "wikipedia_link": "https://en.wikipedia.org/wiki/Ashgabat_International_Airport" }, "geometry": { "type": "Point", "coordinates": [ 58.371, 37.975 ] } },
{ "type": "Feature", "properties": { "raw_text": "METAR UTAT 280100Z 09010KT CAVOK 15/03 Q1012 R08/CLRD70 NOSIG", "station_id": "UTAT", "observation_time": "2026-04-28T01:00:00.000Z", "latitude": 41.761, "longitude": 59.827, "temp_c": 15.0, "dewpoint_c": 3.0, "wind_dir_degrees": 90.0, "wind_speed_kt": 10.0, "wind_gust_kt": 0.0, "visibility_statute_mi": 6.0, "altim_in_hg": 29.88, "sea_level_pressure_mb": 0.0, "quality_control_flags": null, "wx_string": "", "sky_condition": null, "flight_category": "VFR", "three_hr_pressure_tendency_mb": 0.0, "maxT_c": 0.0, "minT_c": 0.0, "maxT24hr_c": 0.0, "minT24hr_c": 0.0, "precip_in": 0.0, "pcp3hr_in": 0.0, "pcp6hr_in": 0.0, "pcp24hr_in": 0.0, "snow_in": 0.0, "vert_vis_ft": 0.0, "metar_type": "METAR", "elevation_m": 84.0, "municipality": "Daşoguz", "continent": "AS", "iso_country": "TM", "iso_region": "TM-D", "wikipedia_link": "https://en.wikipedia.org/wiki/Da%C5%9Foguz_Airport" }, "geometry": { "type": "Point", "coordinates": [ 59.827, 41.761 ] } },
{ "type": "Feature", "properties": { "raw_text": "METAR UTAV 280100Z 36004KT CAVOK 15/08 Q1009 R31/CLRD70 NOSIG", "station_id": "UTAV", "observation_time": "2026-04-28T01:00:00.000Z", "latitude": 39.083, "longitude": 63.613, "temp_c": 15.0, "dewpoint_c": 8.0, "wind_dir_degrees": 360.0, "wind_speed_kt": 4.0, "wind_gust_kt": 0.0, "visibility_statute_mi": 6.0, "altim_in_hg": 29.79, "sea_level_pressure_mb": 0.0, "quality_control_flags": null, "wx_string": "", "sky_condition": null, "flight_category": "VFR", "three_hr_pressure_tendency_mb": 0.0, "maxT_c": 0.0, "minT_c": 0.0, "maxT24hr_c": 0.0, "minT24hr_c": 0.0, "precip_in": 0.0, "pcp3hr_in": 0.0, "pcp6hr_in": 0.0, "pcp24hr_in": 0.0, "snow_in": 0.0, "vert_vis_ft": 0.0, "metar_type": "METAR", "elevation_m": 187.0, "municipality": "Türkmenabat", "continent": "AS", "iso_country": "TM", "iso_region": "TM-L", "wikipedia_link": "https://en.wikipedia.org/wiki/Turkmenabat_International_Airport" }, "geometry": { "type": "Point", "coordinates": [ 63.613, 39.083 ] } },
{ "type": "Feature", "properties": { "raw_text": "METAR UTDD 280130Z VRB01MPS 6000 FEW066CB SCT100 17/12 Q1010 R09/CLRD// NOSIG RMK QFE690/0919", "station_id": "UTDD", "observation_time": "2026-04-28T01:30:00.000Z", "latitude": 38.543, "longitude": 68.825, "temp_c": 17.0, "dewpoint_c": 12.0, "wind_dir_degrees": 0.0, "wind_speed_kt": 2.0, "wind_gust_kt": 0.0, "visibility_statute_mi": 3.73, "altim_in_hg": 29.82, "sea_level_pressure_mb": 0.0, "quality_control_flags": null, "wx_string": "", "sky_condition": null, "flight_category": "MVFR", "three_hr_pressure_tendency_mb": 0.0, "maxT_c": 0.0, "minT_c": 0.0, "maxT24hr_c": 0.0, "minT24hr_c": 0.0, "precip_in": 0.0, "pcp3hr_in": 0.0, "pcp6hr_in": 0.0, "pcp24hr_in": 0.0, "snow_in": 0.0, "vert_vis_ft": 0.0, "metar_type": "METAR", "elevation_m": 785.0, "municipality": "Dushanbe", "continent": "AS", "iso_country": "TJ", "iso_region": "TJ-DU", "wikipedia_link": "https://en.wikipedia.org/wiki/Dushanbe_International_Airport" }, "geometry": { "type": "Point", "coordinates": [ 68.825, 38.543 ] } },
{ "type": "Feature", "properties": { "raw_text": "METAR UTDK 280130Z VRB01MPS 9000 FEW066CB 19/15 Q1009 R01/09//70 RMK QFE700/0933", "station_id": "UTDK", "observation_time": "2026-04-28T01:30:00.000Z", "latitude": 37.988, "longitude": 69.805, "temp_c": 19.0, "dewpoint_c": 15.0, "wind_dir_degrees": 0.0, "wind_speed_kt": 2.0, "wind_gust_kt": 0.0, "visibility_statute_mi": 5.59, "altim_in_hg": 29.79, "sea_level_pressure_mb": 0.0, "quality_control_flags": null, "wx_string": "", "sky_condition": null, "flight_category": "VFR", "three_hr_pressure_tendency_mb": 0.0, "maxT_c": 0.0, "minT_c": 0.0, "maxT24hr_c": 0.0, "minT24hr_c": 0.0, "precip_in": 0.0, "pcp3hr_in": 0.0, "pcp6hr_in": 0.0, "pcp24hr_in": 0.0, "snow_in": 0.0, "vert_vis_ft": 0.0, "metar_type": "METAR", "elevation_m": 675.0, "municipality": "Kulob", "continent": "AS", "iso_country": "TJ", "iso_region": "TJ-KT", "wikipedia_link": "https://en.wikipedia.org/wiki/Kulob_International_Airport" }, "geometry": { "type": "Point", "coordinates": [ 69.805, 37.988 ] } },
{ "type": "Feature", "properties": { "raw_text": "METAR UTDL 280130Z 28002MPS 250V310 9999 NSC 16/11 Q1011 R26/CLRD70 NOSIG RMK QFE721/0961", "station_id": "UTDL", "observation_time": "2026-04-28T01:30:00.000Z", "latitude": 40.215, "longitude": 69.695, "temp_c": 16.0, "dewpoint_c": 11.0, "wind_dir_degrees": 280.0, "wind_speed_kt": 4.0, "wind_gust_kt": 0.0, "visibility_statute_mi": 6.0, "altim_in_hg": 29.85, "sea_level_pressure_mb": 0.0, "quality_control_flags": null, "wx_string": "", "sky_condition": null, "flight_category": "VFR", "three_hr_pressure_tendency_mb": 0.0, "maxT_c": 0.0, "minT_c": 0.0, "maxT24hr_c": 0.0, "minT24hr_c": 0.0, "precip_in": 0.0, "pcp3hr_in": 0.0, "pcp6hr_in": 0.0, "pcp24hr_in": 0.0, "snow_in": 0.0, "vert_vis_ft": 0.0, "metar_type": "METAR", "elevation_m": 436.0, "municipality": "Khujand", "continent": "AS", "iso_country": "TJ", "iso_region": "TJ-SU", "wikipedia_link": "https://en.wikipedia.org/wiki/Khudzhand_Airport" }, "geometry": { "type": "Point", "coordinates": [ 69.695, 40.215 ] } },
{ "type": "Feature", "properties": { "raw_text": "METAR UTDT 280130Z 17002MPS 7000 SCT050 18/17 Q1007 R35/CLRD70 RMK QFE716/0955", "station_id": "UTDT", "observation_time": "2026-04-28T01:30:00.000Z", "latitude": 37.866, "longitude": 68.865, "temp_c": 18.0, "dewpoint_c": 17.0, "wind_dir_degrees": 170.0, "wind_speed_kt": 4.0, "wind_gust_kt": 0.0, "visibility_statute_mi": 4.35, "altim_in_hg": 29.73, "sea_level_pressure_mb": 0.0, "quality_control_flags": null, "wx_string": "", "sky_condition": null, "flight_category": "MVFR", "three_hr_pressure_tendency_mb": 0.0, "maxT_c": 0.0, "minT_c": 0.0, "maxT24hr_c": 0.0, "minT24hr_c": 0.0, "precip_in": 0.0, "pcp3hr_in": 0.0, "pcp6hr_in": 0.0, "pcp24hr_in": 0.0, "snow_in": 0.0, "vert_vis_ft": 0.0, "metar_type": "METAR", "elevation_m": 443.0, "municipality": "Bokhtar", "continent": "AS", "iso_country": "TJ", "iso_region": "TJ-KT", "wikipedia_link": "https://en.wikipedia.org/wiki/Bokhtar_International_Airport" }, "geometry": { "type": "Point", "coordinates": [ 68.865, 37.866 ] } },
{ "type": "Feature", "properties": { "raw_text": "METAR UZFN 280130Z 00000KT 8000 NSC 18/13 Q1010 NOSIG", "station_id": "UZFN", "observation_time": "2026-04-28T01:30:00.000Z", "latitude": 40.983, "longitude": 71.573, "temp_c": 18.0, "dewpoint_c": 13.0, "wind_dir_degrees": 0.0, "wind_speed_kt": 0.0, "wind_gust_kt": 0.0, "visibility_statute_mi": 4.97, "altim_in_hg": 29.82, "sea_level_pressure_mb": 0.0, "quality_control_flags": null, "wx_string": "", "sky_condition": null, "flight_category": "MVFR", "three_hr_pressure_tendency_mb": 0.0, "maxT_c": 0.0, "minT_c": 0.0, "maxT24hr_c": 0.0, "minT24hr_c": 0.0, "precip_in": 0.0, "pcp3hr_in": 0.0, "pcp6hr_in": 0.0, "pcp24hr_in": 0.0, "snow_in": 0.0, "vert_vis_ft": 0.0, "metar_type": "METAR", "elevation_m": 477.0, "municipality": "Namangan", "continent": "AS", "iso_country": "UZ", "iso_region": "UZ-NG", "wikipedia_link": "https://en.wikipedia.org/wiki/Namangan_Airport" }, "geometry": { "type": "Point", "coordinates": [ 71.573, 40.983 ] } },
{ "type": "Feature", "properties": { "raw_text": "METAR UZFA 280100Z 24006KT 9999 NSC 18/12 Q1011", "station_id": "UZFA", "observation_time": "2026-04-28T01:00:00.000Z", "latitude": 40.727, "longitude": 72.294, "temp_c": 18.0, "dewpoint_c": 12.0, "wind_dir_degrees": 240.0, "wind_speed_kt": 6.0, "wind_gust_kt": 0.0, "visibility_statute_mi": 6.0, "altim_in_hg": 29.85, "sea_level_pressure_mb": 0.0, "quality_control_flags": null, "wx_string": "", "sky_condition": null, "flight_category": "VFR", "three_hr_pressure_tendency_mb": 0.0, "maxT_c": 0.0, "minT_c": 0.0, "maxT24hr_c": 0.0, "minT24hr_c": 0.0, "precip_in": 0.0, "pcp3hr_in": 0.0, "pcp6hr_in": 0.0, "pcp24hr_in": 0.0, "snow_in": 0.0, "vert_vis_ft": 0.0, "metar_type": "METAR", "elevation_m": 474.0, "municipality": "Andijan", "continent": "AS", "iso_country": "UZ", "iso_region": "UZ-AN", "wikipedia_link": "https://en.wikipedia.org/wiki/Andizhan_Airport" }, "geometry": { "type": "Point", "coordinates": [ 72.294, 40.727 ] } },
{ "type": "Feature", "properties": { "raw_text": "METAR UZNN 280130Z 02004KT CAVOK 11/02 Q1013 NOSIG", "station_id": "UZNN", "observation_time": "2026-04-28T01:30:00.000Z", "latitude": 42.488, "longitude": 59.623, "temp_c": 11.0, "dewpoint_c": 2.0, "wind_dir_degrees": 20.0, "wind_speed_kt": 4.0, "wind_gust_kt": 0.0, "visibility_statute_mi": 6.0, "altim_in_hg": 29.91, "sea_level_pressure_mb": 0.0, "quality_control_flags": null, "wx_string": "", "sky_condition": null, "flight_category": "VFR", "three_hr_pressure_tendency_mb": 0.0, "maxT_c": 0.0, "minT_c": 0.0, "maxT24hr_c": 0.0, "minT24hr_c": 0.0, "precip_in": 0.0, "pcp3hr_in": 0.0, "pcp6hr_in": 0.0, "pcp24hr_in": 0.0, "snow_in": 0.0, "vert_vis_ft": 0.0, "metar_type": "METAR", "elevation_m": 76.0, "municipality": "Nukus", "continent": "AS", "iso_country": "UZ", "iso_region": "UZ-QR", "wikipedia_link": "https://en.m.wikipedia.org/wiki/Nukus_Airport" }, "geometry": { "type": "Point", "coordinates": [ 59.623, 42.488 ] } },
{ "type": "Feature", "properties": { "raw_text": "METAR UZNU 280130Z VRB02KT CAVOK 12/03 Q1013 NOSIG", "station_id": "UZNU", "observation_time": "2026-04-28T01:30:00.000Z", "latitude": 41.584, "longitude": 60.642, "temp_c": 12.0, "dewpoint_c": 3.0, "wind_dir_degrees": 0.0, "wind_speed_kt": 2.0, "wind_gust_kt": 0.0, "visibility_statute_mi": 6.0, "altim_in_hg": 29.91, "sea_level_pressure_mb": 0.0, "quality_control_flags": null, "wx_string": "", "sky_condition": null, "flight_category": "VFR", "three_hr_pressure_tendency_mb": 0.0, "maxT_c": 0.0, "minT_c": 0.0, "maxT24hr_c": 0.0, "minT24hr_c": 0.0, "precip_in": 0.0, "pcp3hr_in": 0.0, "pcp6hr_in": 0.0, "pcp24hr_in": 0.0, "snow_in": 0.0, "vert_vis_ft": 0.0, "metar_type": "METAR", "elevation_m": 97.0, "municipality": "Urgench", "continent": "AS", "iso_country": "UZ", "iso_region": "UZ-XO", "wikipedia_link": "https://en.wikipedia.org/wiki/Urgench_Airport" }, "geometry": { "type": "Point", "coordinates": [ 60.642, 41.584 ] } },
{ "type": "Feature", "properties": { "raw_text": "METAR UZSB 280130Z 35008KT CAVOK 14/08 Q1009 NOSIG", "station_id": "UZSB", "observation_time": "2026-04-28T01:30:00.000Z", "latitude": 39.775, "longitude": 64.483, "temp_c": 14.0, "dewpoint_c": 8.0, "wind_dir_degrees": 350.0, "wind_speed_kt": 8.0, "wind_gust_kt": 0.0, "visibility_statute_mi": 6.0, "altim_in_hg": 29.79, "sea_level_pressure_mb": 0.0, "quality_control_flags": null, "wx_string": "", "sky_condition": null, "flight_category": "VFR", "three_hr_pressure_tendency_mb": 0.0, "maxT_c": 0.0, "minT_c": 0.0, "maxT24hr_c": 0.0, "minT24hr_c": 0.0, "precip_in": 0.0, "pcp3hr_in": 0.0, "pcp6hr_in": 0.0, "pcp24hr_in": 0.0, "snow_in": 0.0, "vert_vis_ft": 0.0, "metar_type": "METAR", "elevation_m": 225.0, "municipality": "Bukhara", "continent": "AS", "iso_country": "UZ", "iso_region": "UZ-BU", "wikipedia_link": "https://en.wikipedia.org/wiki/Bukhara_International_Airport" }, "geometry": { "type": "Point", "coordinates": [ 64.483, 39.775 ] } },
{ "type": "Feature", "properties": { "raw_text": "METAR UZSS 280130Z 13014KT 9999 NSC 15/09 Q1010 NOSIG", "station_id": "UZSS", "observation_time": "2026-04-28T01:30:00.000Z", "latitude": 39.7, "longitude": 66.974, "temp_c": 15.0, "dewpoint_c": 9.0, "wind_dir_degrees": 130.0, "wind_speed_kt": 14.0, "wind_gust_kt": 0.0, "visibility_statute_mi": 6.0, "altim_in_hg": 29.82, "sea_level_pressure_mb": 0.0, "quality_control_flags": null, "wx_string": "", "sky_condition": null, "flight_category": "VFR", "three_hr_pressure_tendency_mb": 0.0, "maxT_c": 0.0, "minT_c": 0.0, "maxT24hr_c": 0.0, "minT24hr_c": 0.0, "precip_in": 0.0, "pcp3hr_in": 0.0, "pcp6hr_in": 0.0, "pcp24hr_in": 0.0, "snow_in": 0.0, "vert_vis_ft": 0.0, "metar_type": "METAR", "elevation_m": 665.0, "municipality": "Samarkand", "continent": "AS", "iso_country": "UZ", "iso_region": "UZ-SA", "wikipedia_link": "https://en.wikipedia.org/wiki/Samarkand_Airport" }, "geometry": { "type": "Point", "coordinates": [ 66.974, 39.7 ] } },
{ "type": "Feature", "properties": { "raw_text": "METAR UZTT 280130Z 10004KT 5000 BR NSC 17/13 Q1011 NOSIG", "station_id": "UZTT", "observation_time": "2026-04-28T01:30:00.000Z", "latitude": 41.258, "longitude": 69.281, "temp_c": 17.0, "dewpoint_c": 13.0, "wind_dir_degrees": 100.0, "wind_speed_kt": 4.0, "wind_gust_kt": 0.0, "visibility_statute_mi": 3.11, "altim_in_hg": 29.85, "sea_level_pressure_mb": 0.0, "quality_control_flags": null, "wx_string": "BR", "sky_condition": null, "flight_category": "MVFR", "three_hr_pressure_tendency_mb": 0.0, "maxT_c": 0.0, "minT_c": 0.0, "maxT24hr_c": 0.0, "minT24hr_c": 0.0, "precip_in": 0.0, "pcp3hr_in": 0.0, "pcp6hr_in": 0.0, "pcp24hr_in": 0.0, "snow_in": 0.0, "vert_vis_ft": 0.0, "metar_type": "METAR", "elevation_m": 429.0, "municipality": "Tashkent", "continent": "AS", "iso_country": "UZ", "iso_region": "UZ-TO", "wikipedia_link": "https://en.wikipedia.org/wiki/Tashkent_International_Airport" }, "geometry": { "type": "Point", "coordinates": [ 69.281, 41.258 ] } },
{ "type": "Feature", "properties": { "raw_text": "SPECI UUBW 280150Z 26010G16MPS 2900 -SN SCT009 OVC022 01/M01 Q0995 R30/250350 NOSIG RMK QFE736", "station_id": "UUBW", "observation_time": "2026-04-28T01:50:00.000Z", "latitude": 55.553, "longitude": 38.15, "temp_c": 1.0, "dewpoint_c": -1.0, "wind_dir_degrees": 260.0, "wind_speed_kt": 19.0, "wind_gust_kt": 31.0, "visibility_statute_mi": 1.8, "altim_in_hg": 29.38, "sea_level_pressure_mb": 0.0, "quality_control_flags": null, "wx_string": "-SN", "sky_condition": null, "flight_category": "IFR", "three_hr_pressure_tendency_mb": 0.0, "maxT_c": 0.0, "minT_c": 0.0, "maxT24hr_c": 0.0, "minT24hr_c": 0.0, "precip_in": 0.0, "pcp3hr_in": 0.0, "pcp6hr_in": 0.0, "pcp24hr_in": 0.0, "snow_in": 0.0, "vert_vis_ft": 0.0, "metar_type": "SPECI", "elevation_m": 111.0, "municipality": "Moscow", "continent": "EU", "iso_country": "RU", "iso_region": "RU-MOS", "wikipedia_link": "https://en.wikipedia.org/wiki/Zhukovsky_International_Airport" }, "geometry": { "type": "Point", "coordinates": [ 38.15, 55.553 ] } },
{ "type": "Feature", "properties": { "raw_text": "METAR UUDD 280130Z 28009G14MPS 1900 SN BKN007 OVC020 00/M00 Q0995 R31L/290040 NOSIG", "station_id": "UUDD", "observation_time": "2026-04-28T01:30:00.000Z", "latitude": 55.409, "longitude": 37.906, "temp_c": 0.0, "dewpoint_c": 0.0, "wind_dir_degrees": 280.0, "wind_speed_kt": 17.0, "wind_gust_kt": 27.0, "visibility_statute_mi": 1.18, "altim_in_hg": 29.38, "sea_level_pressure_mb": 0.0, "quality_control_flags": null, "wx_string": "SN", "sky_condition": null, "flight_category": "IFR", "three_hr_pressure_tendency_mb": 0.0, "maxT_c": 0.0, "minT_c": 0.0, "maxT24hr_c": 0.0, "minT24hr_c": 0.0, "precip_in": 0.0, "pcp3hr_in": 0.0, "pcp6hr_in": 0.0, "pcp24hr_in": 0.0, "snow_in": 0.0, "vert_vis_ft": 0.0, "metar_type": "METAR", "elevation_m": 165.0, "municipality": "Moscow", "continent": "EU", "iso_country": "RU", "iso_region": "RU-MOS", "wikipedia_link": "https://en.wikipedia.org/wiki/Domodedovo_International_Airport" }, "geometry": { "type": "Point", "coordinates": [ 37.906, 55.409 ] } },
{ "type": "Feature", "properties": { "raw_text": "METAR UUDL 280130Z 28005MPS 9999 -RA OVC007 01/01 Q0984 R23/////// NOSIG RMK QFE730", "station_id": "UUDL", "observation_time": "2026-04-28T01:30:00.000Z", "latitude": 57.561, "longitude": 40.157, "temp_c": 1.0, "dewpoint_c": 1.0, "wind_dir_degrees": 280.0, "wind_speed_kt": 10.0, "wind_gust_kt": 0.0, "visibility_statute_mi": 6.0, "altim_in_hg": 29.06, "sea_level_pressure_mb": 0.0, "quality_control_flags": null, "wx_string": "-RA", "sky_condition": null, "flight_category": "IFR", "three_hr_pressure_tendency_mb": 0.0, "maxT_c": 0.0, "minT_c": 0.0, "maxT24hr_c": 0.0, "minT24hr_c": 0.0, "precip_in": 0.0, "pcp3hr_in": 0.0, "pcp6hr_in": 0.0, "pcp24hr_in": 0.0, "snow_in": 0.0, "vert_vis_ft": 0.0, "metar_type": "METAR", "elevation_m": 88.0, "municipality": "Tunoshna", "continent": "AS", "iso_country": "RU", "iso_region": "RU-YAR", "wikipedia_link": "https://en.wikipedia.org/wiki/Tunoshna" }, "geometry": { "type": "Point", "coordinates": [ 40.157, 57.561 ] } },
{ "type": "Feature", "properties": { "raw_text": "SPECI UUEE 280137Z 27009MPS 1100 0900SW R24L/1200D R24C/1100D +SN OVC008 M00/M01 Q0994 R24L/590340 R24C/590340 NOSIG", "station_id": "UUEE", "observation_time": "2026-04-28T01:37:00.000Z", "latitude": 55.973, "longitude": 37.415, "temp_c": 0.0, "dewpoint_c": -1.0, "wind_dir_degrees": 270.0, "wind_speed_kt": 17.0, "wind_gust_kt": 0.0, "visibility_statute_mi": 0.68, "altim_in_hg": 29.35, "sea_level_pressure_mb": 0.0, "quality_control_flags": null, "wx_string": "+SN", "sky_condition": null, "flight_category": "LIFR", "three_hr_pressure_tendency_mb": 0.0, "maxT_c": 0.0, "minT_c": 0.0, "maxT24hr_c": 0.0, "minT24hr_c": 0.0, "precip_in": 0.0, "pcp3hr_in": 0.0, "pcp6hr_in": 0.0, "pcp24hr_in": 0.0, "snow_in": 0.0, "vert_vis_ft": 0.0, "metar_type": "SPECI", "elevation_m": 186.0, "municipality": "Moscow", "continent": "EU", "iso_country": "RU", "iso_region": "RU-MOS", "wikipedia_link": "https://en.wikipedia.org/wiki/Sheremetyevo_International_Airport" }, "geometry": { "type": "Point", "coordinates": [ 37.415, 55.973 ] } },
{ "type": "Feature", "properties": { "raw_text": "METAR UUOO 280130Z 24006MPS CAVOK 01/M02 Q1008 R12/010070 NOSIG RMK QFE742", "station_id": "UUOO", "observation_time": "2026-04-28T01:30:00.000Z", "latitude": 51.814, "longitude": 39.228, "temp_c": 1.0, "dewpoint_c": -2.0, "wind_dir_degrees": 240.0, "wind_speed_kt": 12.0, "wind_gust_kt": 0.0, "visibility_statute_mi": 6.0, "altim_in_hg": 29.76, "sea_level_pressure_mb": 0.0, "quality_control_flags": null, "wx_string": "", "sky_condition": null, "flight_category": "VFR", "three_hr_pressure_tendency_mb": 0.0, "maxT_c": 0.0, "minT_c": 0.0, "maxT24hr_c": 0.0, "minT24hr_c": 0.0, "precip_in": 0.0, "pcp3hr_in": 0.0, "pcp6hr_in": 0.0, "pcp24hr_in": 0.0, "snow_in": 0.0, "vert_vis_ft": 0.0, "metar_type": "METAR", "elevation_m": 154.0, "municipality": "Voronezh", "continent": "AS", "iso_country": "RU", "iso_region": "RU-VOR", "wikipedia_link": "https://en.wikipedia.org/wiki/Voronezh_International_Airport" }, "geometry": { "type": "Point", "coordinates": [ 39.228, 51.814 ] } },
{ "type": "Feature", "properties": { "raw_text": "METAR UUWW 280130Z 27008G13MPS 2500 -SN BKN006 OVC025 M00/M01 Q0995 WS R24 R24/550330 NOSIG", "station_id": "UUWW", "observation_time": "2026-04-28T01:30:00.000Z", "latitude": 55.592, "longitude": 37.261, "temp_c": 0.0, "dewpoint_c": -1.0, "wind_dir_degrees": 270.0, "wind_speed_kt": 16.0, "wind_gust_kt": 25.0, "visibility_statute_mi": 1.55, "altim_in_hg": 29.38, "sea_level_pressure_mb": 0.0, "quality_control_flags": null, "wx_string": "-SN", "sky_condition": null, "flight_category": "IFR", "three_hr_pressure_tendency_mb": 0.0, "maxT_c": 0.0, "minT_c": 0.0, "maxT24hr_c": 0.0, "minT24hr_c": 0.0, "precip_in": 0.0, "pcp3hr_in": 0.0, "pcp6hr_in": 0.0, "pcp24hr_in": 0.0, "snow_in": 0.0, "vert_vis_ft": 0.0, "metar_type": "METAR", "elevation_m": 195.0, "municipality": "Moscow", "continent": "EU", "iso_country": "RU", "iso_region": "RU-MOW", "wikipedia_link": "https://en.wikipedia.org/wiki/Vnukovo_International_Airport" }, "geometry": { "type": "Point", "coordinates": [ 37.261, 55.592 ] } },
{ "type": "Feature", "properties": { "raw_text": "METAR UWGG 280130Z 20008MPS 8000 -RA OVC007 01/00 Q0988 R18L/190060 NOSIG", "station_id": "UWGG", "observation_time": "2026-04-28T01:30:00.000Z", "latitude": 56.225, "longitude": 43.786, "temp_c": 1.0, "dewpoint_c": 0.0, "wind_dir_degrees": 200.0, "wind_speed_kt": 16.0, "wind_gust_kt": 0.0, "visibility_statute_mi": 4.97, "altim_in_hg": 29.17, "sea_level_pressure_mb": 0.0, "quality_control_flags": null, "wx_string": "-RA", "sky_condition": null, "flight_category": "IFR", "three_hr_pressure_tendency_mb": 0.0, "maxT_c": 0.0, "minT_c": 0.0, "maxT24hr_c": 0.0, "minT24hr_c": 0.0, "precip_in": 0.0, "pcp3hr_in": 0.0, "pcp6hr_in": 0.0, "pcp24hr_in": 0.0, "snow_in": 0.0, "vert_vis_ft": 0.0, "metar_type": "METAR", "elevation_m": 73.0, "municipality": "Nizhny Novgorod", "continent": "EU", "iso_country": "RU", "iso_region": "RU-NIZ", "wikipedia_link": "https://en.wikipedia.org/wiki/Nizhny_Novgorod_International_Airport" }, "geometry": { "type": "Point", "coordinates": [ 43.786, 56.225 ] } },
{ "type": "Feature", "properties": { "raw_text": "METAR UWKD 280130Z 17007MPS 9999 SCT026 02/M01 Q1000 R11/290050 NOSIG RMK QFE740/0987", "station_id": "UWKD", "observation_time": "2026-04-28T01:30:00.000Z", "latitude": 55.61, "longitude": 49.275, "temp_c": 2.0, "dewpoint_c": -1.0, "wind_dir_degrees": 170.0, "wind_speed_kt": 14.0, "wind_gust_kt": 0.0, "visibility_statute_mi": 6.0, "altim_in_hg": 29.53, "sea_level_pressure_mb": 0.0, "quality_control_flags": null, "wx_string": "", "sky_condition": null, "flight_category": "VFR", "three_hr_pressure_tendency_mb": 0.0, "maxT_c": 0.0, "minT_c": 0.0, "maxT24hr_c": 0.0, "minT24hr_c": 0.0, "precip_in": 0.0, "pcp3hr_in": 0.0, "pcp6hr_in": 0.0, "pcp24hr_in": 0.0, "snow_in": 0.0, "vert_vis_ft": 0.0, "metar_type": "METAR", "elevation_m": 114.0, "municipality": "Kazan", "continent": "AS", "iso_country": "RU", "iso_region": "RU-TA", "wikipedia_link": "https://en.wikipedia.org/wiki/Kazan_International_Airport" }, "geometry": { "type": "Point", "coordinates": [ 49.275, 55.61 ] } },
{ "type": "Feature", "properties": { "raw_text": "METAR UWLL 280130Z 18008MPS 9999 BKN031 02/M02 Q1002 R20/150060 NOSIG RMK QFE742/0989", "station_id": "UWLL", "observation_time": "2026-04-28T01:30:00.000Z", "latitude": 54.274, "longitude": 48.236, "temp_c": 2.0, "dewpoint_c": -2.0, "wind_dir_degrees": 180.0, "wind_speed_kt": 16.0, "wind_gust_kt": 0.0, "visibility_statute_mi": 6.0, "altim_in_hg": 29.59, "sea_level_pressure_mb": 0.0, "quality_control_flags": null, "wx_string": "", "sky_condition": null, "flight_category": "VFR", "three_hr_pressure_tendency_mb": 0.0, "maxT_c": 0.0, "minT_c": 0.0, "maxT24hr_c": 0.0, "minT24hr_c": 0.0, "precip_in": 0.0, "pcp3hr_in": 0.0, "pcp6hr_in": 0.0, "pcp24hr_in": 0.0, "snow_in": 0.0, "vert_vis_ft": 0.0, "metar_type": "METAR", "elevation_m": 119.0, "municipality": "Ulyanovsk", "continent": "AS", "iso_country": "RU", "iso_region": "RU-ULY", "wikipedia_link": "https://en.wikipedia.org/wiki/Ulyanovsk_Baratayevka_Airport" }, "geometry": { "type": "Point", "coordinates": [ 48.236, 54.274 ] } },
{ "type": "Feature", "properties": { "raw_text": "METAR UWPS 280130Z 21012G17MPS 9999 BKN033 02/M02 Q0998 R20/////// NOSIG RMK QFE731", "station_id": "UWPS", "observation_time": "2026-04-28T01:30:00.000Z", "latitude": 54.116, "longitude": 45.203, "temp_c": 2.0, "dewpoint_c": -2.0, "wind_dir_degrees": 210.0, "wind_speed_kt": 23.0, "wind_gust_kt": 33.0, "visibility_statute_mi": 6.0, "altim_in_hg": 29.47, "sea_level_pressure_mb": 0.0, "quality_control_flags": null, "wx_string": "", "sky_condition": null, "flight_category": "VFR", "three_hr_pressure_tendency_mb": 0.0, "maxT_c": 0.0, "minT_c": 0.0, "maxT24hr_c": 0.0, "minT24hr_c": 0.0, "precip_in": 0.0, "pcp3hr_in": 0.0, "pcp6hr_in": 0.0, "pcp24hr_in": 0.0, "snow_in": 0.0, "vert_vis_ft": 0.0, "metar_type": "METAR", "elevation_m": 206.0, "municipality": "Saransk", "continent": "EU", "iso_country": "RU", "iso_region": "RU-MO", "wikipedia_link": "https://en.wikipedia.org/wiki/Saransk_Airport" }, "geometry": { "type": "Point", "coordinates": [ 45.203, 54.116 ] } },
{ "type": "Feature", "properties": { "raw_text": "METAR UWSG 280130Z 22008MPS CAVOK 03/M01 Q1009 R26/210055 NOSIG RMK QFE754/1005", "station_id": "UWSG", "observation_time": "2026-04-28T01:30:00.000Z", "latitude": 51.713, "longitude": 46.171, "temp_c": 3.0, "dewpoint_c": -1.0, "wind_dir_degrees": 220.0, "wind_speed_kt": 16.0, "wind_gust_kt": 0.0, "visibility_statute_mi": 6.0, "altim_in_hg": 29.79, "sea_level_pressure_mb": 0.0, "quality_control_flags": null, "wx_string": "", "sky_condition": null, "flight_category": "VFR", "three_hr_pressure_tendency_mb": 0.0, "maxT_c": 0.0, "minT_c": 0.0, "maxT24hr_c": 0.0, "minT24hr_c": 0.0, "precip_in": 0.0, "pcp3hr_in": 0.0, "pcp6hr_in": 0.0, "pcp24hr_in": 0.0, "snow_in": 0.0, "vert_vis_ft": 0.0, "metar_type": "METAR", "elevation_m": 31.0, "municipality": "Saratov", "continent": "AS", "iso_country": "RU", "iso_region": "RU-SAR", "wikipedia_link": "https://en.wikipedia.org/wiki/Saratov_Gagarin_Airport" }, "geometry": { "type": "Point", "coordinates": [ 46.171, 51.713 ] } },
{ "type": "Feature", "properties": { "raw_text": "METAR UWUU 280130Z 18006MPS 9999 BKN020CB 05/02 Q1012 R14R/290195 NOSIG", "station_id": "UWUU", "observation_time": "2026-04-28T01:30:00.000Z", "latitude": 54.57, "longitude": 55.87, "temp_c": 5.0, "dewpoint_c": 2.0, "wind_dir_degrees": 180.0, "wind_speed_kt": 12.0, "wind_gust_kt": 0.0, "visibility_statute_mi": 6.0, "altim_in_hg": 29.88, "sea_level_pressure_mb": 0.0, "quality_control_flags": null, "wx_string": "", "sky_condition": null, "flight_category": "MVFR", "three_hr_pressure_tendency_mb": 0.0, "maxT_c": 0.0, "minT_c": 0.0, "maxT24hr_c": 0.0, "minT24hr_c": 0.0, "precip_in": 0.0, "pcp3hr_in": 0.0, "pcp6hr_in": 0.0, "pcp24hr_in": 0.0, "snow_in": 0.0, "vert_vis_ft": 0.0, "metar_type": "METAR", "elevation_m": 137.0, "municipality": "Ufa", "continent": "EU", "iso_country": "RU", "iso_region": "RU-BA", "wikipedia_link": "https://en.wikipedia.org/wiki/Ufa_International_Airport" }, "geometry": { "type": "Point", "coordinates": [ 55.87, 54.57 ] } },
{ "type": "Feature", "properties": { "raw_text": "METAR UWWW 280130Z 19008MPS 9999 SCT033 03/M01 Q1007 R15/190057 NOSIG RMK QFE744/0992", "station_id": "UWWW", "observation_time": "2026-04-28T01:30:00.000Z", "latitude": 53.509, "longitude": 50.163, "temp_c": 3.0, "dewpoint_c": -1.0, "wind_dir_degrees": 190.0, "wind_speed_kt": 16.0, "wind_gust_kt": 0.0, "visibility_statute_mi": 6.0, "altim_in_hg": 29.73, "sea_level_pressure_mb": 0.0, "quality_control_flags": null, "wx_string": "", "sky_condition": null, "flight_category": "VFR", "three_hr_pressure_tendency_mb": 0.0, "maxT_c": 0.0, "minT_c": 0.0, "maxT24hr_c": 0.0, "minT24hr_c": 0.0, "precip_in": 0.0, "pcp3hr_in": 0.0, "pcp6hr_in": 0.0, "pcp24hr_in": 0.0, "snow_in": 0.0, "vert_vis_ft": 0.0, "metar_type": "METAR", "elevation_m": 124.0, "municipality": "Samara", "continent": "EU", "iso_country": "RU", "iso_region": "RU-SAM", "wikipedia_link": "https://en.wikipedia.org/wiki/Kurumoch_International_Airport" }, "geometry": { "type": "Point", "coordinates": [ 50.163, 53.509 ] } },
{ "type": "Feature", "properties": { "raw_text": "METAR VAAH 280130Z 35002KT 3000 FU NSC 27/16 Q1005 NOSIG", "station_id": "VAAH", "observation_time": "2026-04-28T01:30:00.000Z", "latitude": 23.077, "longitude": 72.635, "temp_c": 27.0, "dewpoint_c": 16.0, "wind_dir_degrees": 350.0, "wind_speed_kt": 2.0, "wind_gust_kt": 0.0, "visibility_statute_mi": 1.86, "altim_in_hg": 29.68, "sea_level_pressure_mb": 0.0, "quality_control_flags": null, "wx_string": "FU", "sky_condition": null, "flight_category": "IFR", "three_hr_pressure_tendency_mb": 0.0, "maxT_c": 0.0, "minT_c": 0.0, "maxT24hr_c": 0.0, "minT24hr_c": 0.0, "precip_in": 0.0, "pcp3hr_in": 0.0, "pcp6hr_in": 0.0, "pcp24hr_in": 0.0, "snow_in": 0.0, "vert_vis_ft": 0.0, "metar_type": "METAR", "elevation_m": 52.0, "municipality": "Ahmedabad", "continent": "AS", "iso_country": "IN", "iso_region": "IN-GJ", "wikipedia_link": "https://en.wikipedia.org/wiki/Sardar_Vallabhbhai_Patel_International_Airport" }, "geometry": { "type": "Point", "coordinates": [ 72.635, 23.077 ] } },
{ "type": "Feature", "properties": { "raw_text": "METAR VABB 280130Z 00000KT 3000 BR FEW020 SCT025 29/25 Q1007 NOSIG", "station_id": "VABB", "observation_time": "2026-04-28T01:30:00.000Z", "latitude": 19.1, "longitude": 72.859, "temp_c": 29.0, "dewpoint_c": 25.0, "wind_dir_degrees": 0.0, "wind_speed_kt": 0.0, "wind_gust_kt": 0.0, "visibility_statute_mi": 1.86, "altim_in_hg": 29.73, "sea_level_pressure_mb": 0.0, "quality_control_flags": null, "wx_string": "BR", "sky_condition": null, "flight_category": "IFR", "three_hr_pressure_tendency_mb": 0.0, "maxT_c": 0.0, "minT_c": 0.0, "maxT24hr_c": 0.0, "minT24hr_c": 0.0, "precip_in": 0.0, "pcp3hr_in": 0.0, "pcp6hr_in": 0.0, "pcp24hr_in": 0.0, "snow_in": 0.0, "vert_vis_ft": 0.0, "metar_type": "METAR", "elevation_m": 14.0, "municipality": "Mumbai", "continent": "AS", "iso_country": "IN", "iso_region": "IN-MM", "wikipedia_link": "https://en.wikipedia.org/wiki/Chhatrapati_Shivaji_International_Airport" }, "geometry": { "type": "Point", "coordinates": [ 72.859, 19.1 ] } },
{ "type": "Feature", "properties": { "raw_text": "METAR VABO 280130Z 18004KT 3000 HZ NSC 28/25 Q1006 NOSIG", "station_id": "VABO", "observation_time": "2026-04-28T01:30:00.000Z", "latitude": 22.333, "longitude": 73.225, "temp_c": 28.0, "dewpoint_c": 25.0, "wind_dir_degrees": 180.0, "wind_speed_kt": 4.0, "wind_gust_kt": 0.0, "visibility_statute_mi": 1.86, "altim_in_hg": 29.7, "sea_level_pressure_mb": 0.0, "quality_control_flags": null, "wx_string": "HZ", "sky_condition": null, "flight_category": "IFR", "three_hr_pressure_tendency_mb": 0.0, "maxT_c": 0.0, "minT_c": 0.0, "maxT24hr_c": 0.0, "minT24hr_c": 0.0, "precip_in": 0.0, "pcp3hr_in": 0.0, "pcp6hr_in": 0.0, "pcp24hr_in": 0.0, "snow_in": 0.0, "vert_vis_ft": 0.0, "metar_type": "METAR", "elevation_m": 36.0, "municipality": "Vadodara", "continent": "AS", "iso_country": "IN", "iso_region": "IN-GJ", "wikipedia_link": "https://en.wikipedia.org/wiki/Vadodara_Airport" }, "geometry": { "type": "Point", "coordinates": [ 73.225, 22.333 ] } },
{ "type": "Feature", "properties": { "raw_text": "METAR VABP 280130Z 26008KT 5000 HZ NSC 28/08 Q1008 NOSIG", "station_id": "VABP", "observation_time": "2026-04-28T01:30:00.000Z", "latitude": 23.288, "longitude": 77.337, "temp_c": 28.0, "dewpoint_c": 8.0, "wind_dir_degrees": 260.0, "wind_speed_kt": 8.0, "wind_gust_kt": 0.0, "visibility_statute_mi": 3.11, "altim_in_hg": 29.76, "sea_level_pressure_mb": 0.0, "quality_control_flags": null, "wx_string": "HZ", "sky_condition": null, "flight_category": "MVFR", "three_hr_pressure_tendency_mb": 0.0, "maxT_c": 0.0, "minT_c": 0.0, "maxT24hr_c": 0.0, "minT24hr_c": 0.0, "precip_in": 0.0, "pcp3hr_in": 0.0, "pcp6hr_in": 0.0, "pcp24hr_in": 0.0, "snow_in": 0.0, "vert_vis_ft": 0.0, "metar_type": "METAR", "elevation_m": 520.0, "municipality": "Bhopal", "continent": "AS", "iso_country": "IN", "iso_region": "IN-MP", "wikipedia_link": "https://en.wikipedia.org/wiki/Bhopal_Airport" }, "geometry": { "type": "Point", "coordinates": [ 77.337, 23.288 ] } },
{ "type": "Feature", "properties": { "raw_text": "METAR VAHS 280100Z 22005KT 5000 HZ NSC 25/18 Q1006 NOSIG", "station_id": "VAHS", "observation_time": "2026-04-28T01:00:00.000Z", "latitude": 22.3772, "longitude": 71.0374, "temp_c": 25.0, "dewpoint_c": 18.0, "wind_dir_degrees": 220.0, "wind_speed_kt": 5.0, "wind_gust_kt": 0.0, "visibility_statute_mi": 3.11, "altim_in_hg": 29.7, "sea_level_pressure_mb": 0.0, "quality_control_flags": null, "wx_string": "HZ", "sky_condition": null, "flight_category": "MVFR", "three_hr_pressure_tendency_mb": 0.0, "maxT_c": 0.0, "minT_c": 0.0, "maxT24hr_c": 0.0, "minT24hr_c": 0.0, "precip_in": 0.0, "pcp3hr_in": 0.0, "pcp6hr_in": 0.0, "pcp24hr_in": 0.0, "snow_in": 0.0, "vert_vis_ft": 0.0, "metar_type": "METAR", "elevation_m": 198.0, "municipality": "Rajkot", "continent": "AS", "iso_country": "IN", "iso_region": "IN-GJ", "wikipedia_link": "https://en.wikipedia.org/wiki/Rajkot_International_Airport" }, "geometry": { "type": "Point", "coordinates": [ 71.0374, 22.3772 ] } },
{ "type": "Feature", "properties": { "raw_text": "METAR VAID 280130Z 27004KT 6000 NSC 27/16 Q1010 NOSIG", "station_id": "VAID", "observation_time": "2026-04-28T01:30:00.000Z", "latitude": 22.722, "longitude": 75.801, "temp_c": 27.0, "dewpoint_c": 16.0, "wind_dir_degrees": 270.0, "wind_speed_kt": 4.0, "wind_gust_kt": 0.0, "visibility_statute_mi": 3.73, "altim_in_hg": 29.82, "sea_level_pressure_mb": 0.0, "quality_control_flags": null, "wx_string": "", "sky_condition": null, "flight_category": "MVFR", "three_hr_pressure_tendency_mb": 0.0, "maxT_c": 0.0, "minT_c": 0.0, "maxT24hr_c": 0.0, "minT24hr_c": 0.0, "precip_in": 0.0, "pcp3hr_in": 0.0, "pcp6hr_in": 0.0, "pcp24hr_in": 0.0, "snow_in": 0.0, "vert_vis_ft": 0.0, "metar_type": "METAR", "elevation_m": 564.0, "municipality": "Indore", "continent": "AS", "iso_country": "IN", "iso_region": "IN-MP", "wikipedia_link": "https://en.wikipedia.org/wiki/Devi_Ahilyabai_Holkar_International_Airport" }, "geometry": { "type": "Point", "coordinates": [ 75.801, 22.722 ] } },
{ "type": "Feature", "properties": { "raw_text": "METAR VANP 280130Z 02002KT 5000 HZ FEW020 SCT100 31/13 Q1007 NOSIG", "station_id": "VANP", "observation_time": "2026-04-28T01:30:00.000Z", "latitude": 21.089, "longitude": 79.055, "temp_c": 31.0, "dewpoint_c": 13.0, "wind_dir_degrees": 20.0, "wind_speed_kt": 2.0, "wind_gust_kt": 0.0, "visibility_statute_mi": 3.11, "altim_in_hg": 29.73, "sea_level_pressure_mb": 0.0, "quality_control_flags": null, "wx_string": "HZ", "sky_condition": null, "flight_category": "MVFR", "three_hr_pressure_tendency_mb": 0.0, "maxT_c": 0.0, "minT_c": 0.0, "maxT24hr_c": 0.0, "minT24hr_c": 0.0, "precip_in": 0.0, "pcp3hr_in": 0.0, "pcp6hr_in": 0.0, "pcp24hr_in": 0.0, "snow_in": 0.0, "vert_vis_ft": 0.0, "metar_type": "METAR", "elevation_m": 309.0, "municipality": "Nagpur", "continent": "AS", "iso_country": "IN", "iso_region": "IN-MM", "wikipedia_link": "https://en.wikipedia.org/wiki/Dr._Babasaheb_Ambedkar_International_Airport" }, "geometry": { "type": "Point", "coordinates": [ 79.055, 21.089 ] } },
{ "type": "Feature", "properties": { "raw_text": "METAR VASU 280130Z 22006KT 5000 HZ NSC 28/25 Q1006 NOSIG", "station_id": "VASU", "observation_time": "2026-04-28T01:30:00.000Z", "latitude": 21.114, "longitude": 72.742, "temp_c": 28.0, "dewpoint_c": 25.0, "wind_dir_degrees": 220.0, "wind_speed_kt": 6.0, "wind_gust_kt": 0.0, "visibility_statute_mi": 3.11, "altim_in_hg": 29.7, "sea_level_pressure_mb": 0.0, "quality_control_flags": null, "wx_string": "HZ", "sky_condition": null, "flight_category": "MVFR", "three_hr_pressure_tendency_mb": 0.0, "maxT_c": 0.0, "minT_c": 0.0, "maxT24hr_c": 0.0, "minT24hr_c": 0.0, "precip_in": 0.0, "pcp3hr_in": 0.0, "pcp6hr_in": 0.0, "pcp24hr_in": 0.0, "snow_in": 0.0, "vert_vis_ft": 0.0, "metar_type": "METAR", "elevation_m": 6.0, "municipality": "Surat", "continent": "AS", "iso_country": "IN", "iso_region": "IN-GJ", "wikipedia_link": "https://en.wikipedia.org/wiki/Surat_Airport" }, "geometry": { "type": "Point", "coordinates": [ 72.742, 21.114 ] } },
{ "type": "Feature", "properties": { "raw_text": "METAR VCBI 280110Z 11004KT 9999 TS FEW016 FEW018CB BKN070 26/26 Q1008 NOSIG RMK CB SW", "station_id": "VCBI", "observation_time": "2026-04-28T01:10:00.000Z", "latitude": 7.181, "longitude": 79.884, "temp_c": 26.0, "dewpoint_c": 26.0, "wind_dir_degrees": 110.0, "wind_speed_kt": 4.0, "wind_gust_kt": 0.0, "visibility_statute_mi": 6.0, "altim_in_hg": 29.76, "sea_level_pressure_mb": 0.0, "quality_control_flags": null, "wx_string": "TS", "sky_condition": null, "flight_category": "VFR", "three_hr_pressure_tendency_mb": 0.0, "maxT_c": 0.0, "minT_c": 0.0, "maxT24hr_c": 0.0, "minT24hr_c": 0.0, "precip_in": 0.0, "pcp3hr_in": 0.0, "pcp6hr_in": 0.0, "pcp24hr_in": 0.0, "snow_in": 0.0, "vert_vis_ft": 0.0, "metar_type": "METAR", "elevation_m": 10.0, "municipality": "Colombo", "continent": "AS", "iso_country": "LK", "iso_region": "LK-1", "wikipedia_link": "https://en.wikipedia.org/wiki/Bandaranaike_International_Airport" }, "geometry": { "type": "Point", "coordinates": [ 79.884, 7.181 ] } },
{ "type": "Feature", "properties": { "raw_text": "METAR VCCC 280100Z VRB01KT 9999 SCT016 FEW018CB 26/25 Q1008 A2977 RMK CB N/W/NW", "station_id": "VCCC", "observation_time": "2026-04-28T01:00:00.000Z", "latitude": 6.822, "longitude": 79.886, "temp_c": 26.0, "dewpoint_c": 25.0, "wind_dir_degrees": 0.0, "wind_speed_kt": 1.0, "wind_gust_kt": 0.0, "visibility_statute_mi": 6.0, "altim_in_hg": 29.76, "sea_level_pressure_mb": 0.0, "quality_control_flags": null, "wx_string": "", "sky_condition": null, "flight_category": "VFR", "three_hr_pressure_tendency_mb": 0.0, "maxT_c": 0.0, "minT_c": 0.0, "maxT24hr_c": 0.0, "minT24hr_c": 0.0, "precip_in": 0.0, "pcp3hr_in": 0.0, "pcp6hr_in": 0.0, "pcp24hr_in": 0.0, "snow_in": 0.0, "vert_vis_ft": 0.0, "metar_type": "METAR", "elevation_m": 6.0, "municipality": "Colombo", "continent": "AS", "iso_country": "LK", "iso_region": "LK-1", "wikipedia_link": "https://en.wikipedia.org/wiki/Ratmalana_Airport" }, "geometry": { "type": "Point", "coordinates": [ 79.886, 6.822 ] } },
{ "type": "Feature", "properties": { "raw_text": "METAR VCCJ 280110Z 20002KT 9999 FEW018 29/27 Q1006 NOSIG RMK: THE OBSERVATION POINT IS 20 KM FROM VCCJ", "station_id": "VCCJ", "observation_time": "2026-04-28T01:10:00.000Z", "latitude": 9.7931, "longitude": 80.0707, "temp_c": 29.0, "dewpoint_c": 27.0, "wind_dir_degrees": 200.0, "wind_speed_kt": 2.0, "wind_gust_kt": 0.0, "visibility_statute_mi": 6.0, "altim_in_hg": 29.7, "sea_level_pressure_mb": 0.0, "quality_control_flags": null, "wx_string": "", "sky_condition": null, "flight_category": "VFR", "three_hr_pressure_tendency_mb": 0.0, "maxT_c": 0.0, "minT_c": 0.0, "maxT24hr_c": 0.0, "minT24hr_c": 0.0, "precip_in": 0.0, "pcp3hr_in": 0.0, "pcp6hr_in": 0.0, "pcp24hr_in": 0.0, "snow_in": 0.0, "vert_vis_ft": 0.0, "metar_type": "METAR", "elevation_m": 15.0, "municipality": "Jaffna", "continent": "AS", "iso_country": "LK", "iso_region": "LK-4", "wikipedia_link": "https://en.wikipedia.org/wiki/Jaffna_International_Airport" }, "geometry": { "type": "Point", "coordinates": [ 80.0707, 9.7931 ] } },
{ "type": "Feature", "properties": { "raw_text": "METAR VCRI 280110Z 34004KT 9999 FEW018 BKN080 26/26 Q1008", "station_id": "VCRI", "observation_time": "2026-04-28T01:10:00.000Z", "latitude": 6.287, "longitude": 81.125, "temp_c": 26.0, "dewpoint_c": 26.0, "wind_dir_degrees": 340.0, "wind_speed_kt": 4.0, "wind_gust_kt": 0.0, "visibility_statute_mi": 6.0, "altim_in_hg": 29.76, "sea_level_pressure_mb": 0.0, "quality_control_flags": null, "wx_string": "", "sky_condition": null, "flight_category": "VFR", "three_hr_pressure_tendency_mb": 0.0, "maxT_c": 0.0, "minT_c": 0.0, "maxT24hr_c": 0.0, "minT24hr_c": 0.0, "precip_in": 0.0, "pcp3hr_in": 0.0, "pcp6hr_in": 0.0, "pcp24hr_in": 0.0, "snow_in": 0.0, "vert_vis_ft": 0.0, "metar_type": "METAR", "elevation_m": 50.0, "municipality": "Mattala", "continent": "AS", "iso_country": "LK", "iso_region": "LK-3", "wikipedia_link": "https://en.wikipedia.org/wiki/Mattala_Rajapaksa_International_Airport" }, "geometry": { "type": "Point", "coordinates": [ 81.125, 6.287 ] } },
{ "type": "Feature", "properties": { "raw_text": "METAR VDSA 280130Z 20002KT 9999 FEW017 SCT040 29/25 Q1010", "station_id": "VDSA", "observation_time": "2026-04-28T01:30:00.000Z", "latitude": 13.371, "longitude": 104.225, "temp_c": 29.0, "dewpoint_c": 25.0, "wind_dir_degrees": 200.0, "wind_speed_kt": 2.0, "wind_gust_kt": 0.0, "visibility_statute_mi": 6.0, "altim_in_hg": 29.82, "sea_level_pressure_mb": 0.0, "quality_control_flags": null, "wx_string": "", "sky_condition": null, "flight_category": "VFR", "three_hr_pressure_tendency_mb": 0.0, "maxT_c": 0.0, "minT_c": 0.0, "maxT24hr_c": 0.0, "minT24hr_c": 0.0, "precip_in": 0.0, "pcp3hr_in": 0.0, "pcp6hr_in": 0.0, "pcp24hr_in": 0.0, "snow_in": 0.0, "vert_vis_ft": 0.0, "metar_type": "METAR", "elevation_m": 59.0, "municipality": "Siem Reap", "continent": "AS", "iso_country": "KH", "iso_region": "KH-17", "wikipedia_link": "https://en.wikipedia.org/wiki/Siem_Reap–Angkor_International_Airport" }, "geometry": { "type": "Point", "coordinates": [ 104.225, 13.371 ] } },
{ "type": "Feature", "properties": { "raw_text": "METAR VDSV 280130Z VRB02KT 9999 SCT015 31/25 Q1010", "station_id": "VDSV", "observation_time": "2026-04-28T01:30:00.000Z", "latitude": 10.582, "longitude": 103.637, "temp_c": 31.0, "dewpoint_c": 25.0, "wind_dir_degrees": 0.0, "wind_speed_kt": 2.0, "wind_gust_kt": 0.0, "visibility_statute_mi": 6.0, "altim_in_hg": 29.82, "sea_level_pressure_mb": 0.0, "quality_control_flags": null, "wx_string": "", "sky_condition": null, "flight_category": "VFR", "three_hr_pressure_tendency_mb": 0.0, "maxT_c": 0.0, "minT_c": 0.0, "maxT24hr_c": 0.0, "minT24hr_c": 0.0, "precip_in": 0.0, "pcp3hr_in": 0.0, "pcp6hr_in": 0.0, "pcp24hr_in": 0.0, "snow_in": 0.0, "vert_vis_ft": 0.0, "metar_type": "METAR", "elevation_m": 1.0, "municipality": "Preah Sihanouk", "continent": "AS", "iso_country": "KH", "iso_region": "KH-18", "wikipedia_link": "https://en.wikipedia.org/wiki/Sihanoukville_International_Airport" }, "geometry": { "type": "Point", "coordinates": [ 103.637, 10.582 ] } },
{ "type": "Feature", "properties": { "raw_text": "METAR VEBD 280030Z 35003KT 6000 FEW030 SCT090 23/21 Q1005 NOSIG", "station_id": "VEBD", "observation_time": "2026-04-28T00:30:00.000Z", "latitude": 26.681, "longitude": 88.329, "temp_c": 23.0, "dewpoint_c": 21.0, "wind_dir_degrees": 350.0, "wind_speed_kt": 3.0, "wind_gust_kt": 0.0, "visibility_statute_mi": 3.73, "altim_in_hg": 29.68, "sea_level_pressure_mb": 0.0, "quality_control_flags": null, "wx_string": "", "sky_condition": null, "flight_category": "MVFR", "three_hr_pressure_tendency_mb": 0.0, "maxT_c": 0.0, "minT_c": 0.0, "maxT24hr_c": 0.0, "minT24hr_c": 0.0, "precip_in": 0.0, "pcp3hr_in": 0.0, "pcp6hr_in": 0.0, "pcp24hr_in": 0.0, "snow_in": 0.0, "vert_vis_ft": 0.0, "metar_type": "METAR", "elevation_m": 126.0, "municipality": "Siliguri", "continent": "AS", "iso_country": "IN", "iso_region": "IN-WB", "wikipedia_link": "https://en.wikipedia.org/wiki/Bagdogra_Airport" }, "geometry": { "type": "Point", "coordinates": [ 88.329, 26.681 ] } },
{ "type": "Feature", "properties": { "raw_text": "METAR VEBS 280130Z 20008KT 3500 HZ SCT018 BKN100 28/25 Q1004 NOSIG", "station_id": "VEBS", "observation_time": "2026-04-28T01:30:00.000Z", "latitude": 20.244, "longitude": 85.818, "temp_c": 28.0, "dewpoint_c": 25.0, "wind_dir_degrees": 200.0, "wind_speed_kt": 8.0, "wind_gust_kt": 0.0, "visibility_statute_mi": 2.17, "altim_in_hg": 29.65, "sea_level_pressure_mb": 0.0, "quality_control_flags": null, "wx_string": "HZ", "sky_condition": null, "flight_category": "IFR", "three_hr_pressure_tendency_mb": 0.0, "maxT_c": 0.0, "minT_c": 0.0, "maxT24hr_c": 0.0, "minT24hr_c": 0.0, "precip_in": 0.0, "pcp3hr_in": 0.0, "pcp6hr_in": 0.0, "pcp24hr_in": 0.0, "snow_in": 0.0, "vert_vis_ft": 0.0, "metar_type": "METAR", "elevation_m": 42.0, "municipality": "Bhubaneswar", "continent": "AS", "iso_country": "IN", "iso_region": "IN-OR", "wikipedia_link": "https://en.wikipedia.org/wiki/Biju_Patnaik_Airport" }, "geometry": { "type": "Point", "coordinates": [ 85.818, 20.244 ] } },
{ "type": "Feature", "properties": { "raw_text": "METAR VECC 280130Z 20012KT 3200 HZ SCT018 SCT100 30/27 Q1003 NOSIG", "station_id": "VECC", "observation_time": "2026-04-28T01:30:00.000Z", "latitude": 22.651, "longitude": 88.445, "temp_c": 30.0, "dewpoint_c": 27.0, "wind_dir_degrees": 200.0, "wind_speed_kt": 12.0, "wind_gust_kt": 0.0, "visibility_statute_mi": 1.99, "altim_in_hg": 29.62, "sea_level_pressure_mb": 0.0, "quality_control_flags": null, "wx_string": "HZ", "sky_condition": null, "flight_category": "IFR", "three_hr_pressure_tendency_mb": 0.0, "maxT_c": 0.0, "minT_c": 0.0, "maxT24hr_c": 0.0, "minT24hr_c": 0.0, "precip_in": 0.0, "pcp3hr_in": 0.0, "pcp6hr_in": 0.0, "pcp24hr_in": 0.0, "snow_in": 0.0, "vert_vis_ft": 0.0, "metar_type": "METAR", "elevation_m": 11.0, "municipality": "Kolkata", "continent": "AS", "iso_country": "IN", "iso_region": "IN-WB", "wikipedia_link": "https://en.wikipedia.org/wiki/Netaji_Subhash_Chandra_Bose_International_Airport" }, "geometry": { "type": "Point", "coordinates": [ 88.445, 22.651 ] } },
{ "type": "Feature", "properties": { "raw_text": "METAR VEGT 280130Z 04006KT 2000 BR SCT018 FEW025CB BKN090 23/22 Q1006 NOSIG", "station_id": "VEGT", "observation_time": "2026-04-28T01:30:00.000Z", "latitude": 26.107, "longitude": 91.587, "temp_c": 23.0, "dewpoint_c": 22.0, "wind_dir_degrees": 40.0, "wind_speed_kt": 6.0, "wind_gust_kt": 0.0, "visibility_statute_mi": 1.24, "altim_in_hg": 29.7, "sea_level_pressure_mb": 0.0, "quality_control_flags": null, "wx_string": "BR", "sky_condition": null, "flight_category": "IFR", "three_hr_pressure_tendency_mb": 0.0, "maxT_c": 0.0, "minT_c": 0.0, "maxT24hr_c": 0.0, "minT24hr_c": 0.0, "precip_in": 0.0, "pcp3hr_in": 0.0, "pcp6hr_in": 0.0, "pcp24hr_in": 0.0, "snow_in": 0.0, "vert_vis_ft": 0.0, "metar_type": "METAR", "elevation_m": 50.0, "municipality": "Guwahati", "continent": "AS", "iso_country": "IN", "iso_region": "IN-AS", "wikipedia_link": "https://en.wikipedia.org/wiki/Lokpriya_Gopinath_Bordoloi_International_Airport" }, "geometry": { "type": "Point", "coordinates": [ 91.587, 26.107 ] } },
{ "type": "Feature", "properties": { "raw_text": "METAR VEIM 280100Z 17003KT 3000 BR FEW007 SCT018 FEW025CB OVC090 19/19 Q1011 NOSIG", "station_id": "VEIM", "observation_time": "2026-04-28T01:00:00.000Z", "latitude": 24.76, "longitude": 93.897, "temp_c": 19.0, "dewpoint_c": 19.0, "wind_dir_degrees": 170.0, "wind_speed_kt": 3.0, "wind_gust_kt": 0.0, "visibility_statute_mi": 1.86, "altim_in_hg": 29.85, "sea_level_pressure_mb": 0.0, "quality_control_flags": null, "wx_string": "BR", "sky_condition": null, "flight_category": "IFR", "three_hr_pressure_tendency_mb": 0.0, "maxT_c": 0.0, "minT_c": 0.0, "maxT24hr_c": 0.0, "minT24hr_c": 0.0, "precip_in": 0.0, "pcp3hr_in": 0.0, "pcp6hr_in": 0.0, "pcp24hr_in": 0.0, "snow_in": 0.0, "vert_vis_ft": 0.0, "metar_type": "METAR", "elevation_m": 777.0, "municipality": "Imphal", "continent": "AS", "iso_country": "IN", "iso_region": "IN-MN", "wikipedia_link": "https://en.wikipedia.org/wiki/Imphal_Airport" }, "geometry": { "type": "Point", "coordinates": [ 93.897, 24.76 ] } },
{ "type": "Feature", "properties": { "raw_text": "METAR VOVZ 280130Z 23006KT 4000 BR FEW018 29/25 Q1007 NOSIG", "station_id": "VOVZ", "observation_time": "2026-04-28T01:30:00.000Z", "latitude": 17.722, "longitude": 83.228, "temp_c": 29.0, "dewpoint_c": 25.0, "wind_dir_degrees": 230.0, "wind_speed_kt": 6.0, "wind_gust_kt": 0.0, "visibility_statute_mi": 2.49, "altim_in_hg": 29.73, "sea_level_pressure_mb": 0.0, "quality_control_flags": null, "wx_string": "BR", "sky_condition": null, "flight_category": "IFR", "three_hr_pressure_tendency_mb": 0.0, "maxT_c": 0.0, "minT_c": 0.0, "maxT24hr_c": 0.0, "minT24hr_c": 0.0, "precip_in": 0.0, "pcp3hr_in": 0.0, "pcp6hr_in": 0.0, "pcp24hr_in": 0.0, "snow_in": 0.0, "vert_vis_ft": 0.0, "metar_type": "METAR", "elevation_m": 4.0, "municipality": "Visakhapatnam", "continent": "AS", "iso_country": "IN", "iso_region": "IN-AP", "wikipedia_link": "https://en.wikipedia.org/wiki/Visakhapatnam_Airport" }, "geometry": { "type": "Point", "coordinates": [ 83.228, 17.722 ] } },
{ "type": "Feature", "properties": { "raw_text": "METAR VGEG 280100Z 15004KT 4000 HZ SCT016 FEW030CB OVC100 27/25 Q1007 TEMPO TSRA", "station_id": "VGEG", "observation_time": "2026-04-28T01:00:00.000Z", "latitude": 22.249, "longitude": 91.814, "temp_c": 27.0, "dewpoint_c": 25.0, "wind_dir_degrees": 150.0, "wind_speed_kt": 4.0, "wind_gust_kt": 0.0, "visibility_statute_mi": 2.49, "altim_in_hg": 29.73, "sea_level_pressure_mb": 0.0, "quality_control_flags": null, "wx_string": "HZ", "sky_condition": null, "flight_category": "IFR", "three_hr_pressure_tendency_mb": 0.0, "maxT_c": 0.0, "minT_c": 0.0, "maxT24hr_c": 0.0, "minT24hr_c": 0.0, "precip_in": 0.0, "pcp3hr_in": 0.0, "pcp6hr_in": 0.0, "pcp24hr_in": 0.0, "snow_in": 0.0, "vert_vis_ft": 0.0, "metar_type": "METAR", "elevation_m": 7.0, "municipality": "Chattogram (Chittagong)", "continent": "AS", "iso_country": "BD", "iso_region": "BD-2", "wikipedia_link": "https://en.wikipedia.org/wiki/Shah_Amanat_International_Airport" }, "geometry": { "type": "Point", "coordinates": [ 91.814, 22.249 ] } },
{ "type": "Feature", "properties": { "raw_text": "METAR VGHS 280130Z 17008KT 4000 HZ SCT012 BKN100 27/25 Q1003 NOSIG", "station_id": "VGHS", "observation_time": "2026-04-28T01:30:00.000Z", "latitude": 23.846, "longitude": 90.4, "temp_c": 27.0, "dewpoint_c": 25.0, "wind_dir_degrees": 170.0, "wind_speed_kt": 8.0, "wind_gust_kt": 0.0, "visibility_statute_mi": 2.49, "altim_in_hg": 29.62, "sea_level_pressure_mb": 0.0, "quality_control_flags": null, "wx_string": "HZ", "sky_condition": null, "flight_category": "IFR", "three_hr_pressure_tendency_mb": 0.0, "maxT_c": 0.0, "minT_c": 0.0, "maxT24hr_c": 0.0, "minT24hr_c": 0.0, "precip_in": 0.0, "pcp3hr_in": 0.0, "pcp6hr_in": 0.0, "pcp24hr_in": 0.0, "snow_in": 0.0, "vert_vis_ft": 0.0, "metar_type": "METAR", "elevation_m": 11.0, "municipality": "Dhaka", "continent": "AS", "iso_country": "BD", "iso_region": "BD-3", "wikipedia_link": "https://www.linkedin.com/in/md-shamim-islam-109925358/" }, "geometry": { "type": "Point", "coordinates": [ 90.4, 23.846 ] } },
{ "type": "Feature", "properties": { "raw_text": "METAR VHHH 280130Z 10010KT 9999 FEW015 SCT035 27/22 Q1011 NOSIG", "station_id": "VHHH", "observation_time": "2026-04-28T01:30:00.000Z", "latitude": 22.309, "longitude": 113.922, "temp_c": 27.0, "dewpoint_c": 22.0, "wind_dir_degrees": 100.0, "wind_speed_kt": 10.0, "wind_gust_kt": 0.0, "visibility_statute_mi": 6.0, "altim_in_hg": 29.85, "sea_level_pressure_mb": 0.0, "quality_control_flags": null, "wx_string": "", "sky_condition": null, "flight_category": "VFR", "three_hr_pressure_tendency_mb": 0.0, "maxT_c": 0.0, "minT_c": 0.0, "maxT24hr_c": 0.0, "minT24hr_c": 0.0, "precip_in": 0.0, "pcp3hr_in": 0.0, "pcp6hr_in": 0.0, "pcp24hr_in": 0.0, "snow_in": 0.0, "vert_vis_ft": 0.0, "metar_type": "METAR", "elevation_m": 9.0, "municipality": "Hong Kong", "continent": "AS", "iso_country": "HK", "iso_region": "HK-NT", "wikipedia_link": "https://en.wikipedia.org/wiki/Hong_Kong_International_Airport" }, "geometry": { "type": "Point", "coordinates": [ 113.922, 22.309 ] } },
{ "type": "Feature", "properties": { "raw_text": "METAR VIAR 280130Z 12005KT 3500 HZ SCT030 BKN100 27/17 Q1002 NOSIG", "station_id": "VIAR", "observation_time": "2026-04-28T01:30:00.000Z", "latitude": 31.707, "longitude": 74.801, "temp_c": 27.0, "dewpoint_c": 17.0, "wind_dir_degrees": 120.0, "wind_speed_kt": 5.0, "wind_gust_kt": 0.0, "visibility_statute_mi": 2.17, "altim_in_hg": 29.59, "sea_level_pressure_mb": 0.0, "quality_control_flags": null, "wx_string": "HZ", "sky_condition": null, "flight_category": "IFR", "three_hr_pressure_tendency_mb": 0.0, "maxT_c": 0.0, "minT_c": 0.0, "maxT24hr_c": 0.0, "minT24hr_c": 0.0, "precip_in": 0.0, "pcp3hr_in": 0.0, "pcp6hr_in": 0.0, "pcp24hr_in": 0.0, "snow_in": 0.0, "vert_vis_ft": 0.0, "metar_type": "METAR", "elevation_m": 226.0, "municipality": "Amritsar", "continent": "AS", "iso_country": "IN", "iso_region": "IN-PB", "wikipedia_link": "https://en.wikipedia.org/wiki/Sri_Guru_Ram_Dass_Jee_International_Airport" }, "geometry": { "type": "Point", "coordinates": [ 74.801, 31.707 ] } },
{ "type": "Feature", "properties": { "raw_text": "METAR VICG 280030Z VRB02KT 6000 FEW100 BKN250 27/14 Q1002 NOSIG", "station_id": "VICG", "observation_time": "2026-04-28T00:30:00.000Z", "latitude": 30.677, "longitude": 76.789, "temp_c": 27.0, "dewpoint_c": 14.0, "wind_dir_degrees": 0.0, "wind_speed_kt": 2.0, "wind_gust_kt": 0.0, "visibility_statute_mi": 3.73, "altim_in_hg": 29.59, "sea_level_pressure_mb": 0.0, "quality_control_flags": null, "wx_string": "", "sky_condition": null, "flight_category": "MVFR", "three_hr_pressure_tendency_mb": 0.0, "maxT_c": 0.0, "minT_c": 0.0, "maxT24hr_c": 0.0, "minT24hr_c": 0.0, "precip_in": 0.0, "pcp3hr_in": 0.0, "pcp6hr_in": 0.0, "pcp24hr_in": 0.0, "snow_in": 0.0, "vert_vis_ft": 0.0, "metar_type": "METAR", "elevation_m": 316.0, "municipality": "Chandigarh", "continent": "AS", "iso_country": "IN", "iso_region": "IN-CH", "wikipedia_link": "https://en.wikipedia.org/wiki/Chandigarh_Airport" }, "geometry": { "type": "Point", "coordinates": [ 76.789, 30.677 ] } },
{ "type": "Feature", "properties": { "raw_text": "METAR VIDP 280130Z 26006KT 3000 HZ SCT035 FEW040CB BKN100 30/15 Q1004 NOSIG", "station_id": "VIDP", "observation_time": "2026-04-28T01:30:00.000Z", "latitude": 28.567, "longitude": 77.117, "temp_c": 30.0, "dewpoint_c": 15.0, "wind_dir_degrees": 260.0, "wind_speed_kt": 6.0, "wind_gust_kt": 0.0, "visibility_statute_mi": 1.86, "altim_in_hg": 29.65, "sea_level_pressure_mb": 0.0, "quality_control_flags": null, "wx_string": "HZ", "sky_condition": null, "flight_category": "IFR", "three_hr_pressure_tendency_mb": 0.0, "maxT_c": 0.0, "minT_c": 0.0, "maxT24hr_c": 0.0, "minT24hr_c": 0.0, "precip_in": 0.0, "pcp3hr_in": 0.0, "pcp6hr_in": 0.0, "pcp24hr_in": 0.0, "snow_in": 0.0, "vert_vis_ft": 0.0, "metar_type": "METAR", "elevation_m": 236.0, "municipality": "New Delhi", "continent": "AS", "iso_country": "IN", "iso_region": "IN-DL", "wikipedia_link": "https://en.wikipedia.org/wiki/Indira_Gandhi_International_Airport" }, "geometry": { "type": "Point", "coordinates": [ 77.117, 28.567 ] } },
{ "type": "Feature", "properties": { "raw_text": "METAR VIJP 280130Z 00000KT 4000 HZ NSC 30/13 Q1006 NOSIG", "station_id": "VIJP", "observation_time": "2026-04-28T01:30:00.000Z", "latitude": 26.824, "longitude": 75.812, "temp_c": 30.0, "dewpoint_c": 13.0, "wind_dir_degrees": 0.0, "wind_speed_kt": 0.0, "wind_gust_kt": 0.0, "visibility_statute_mi": 2.49, "altim_in_hg": 29.7, "sea_level_pressure_mb": 0.0, "quality_control_flags": null, "wx_string": "HZ", "sky_condition": null, "flight_category": "IFR", "three_hr_pressure_tendency_mb": 0.0, "maxT_c": 0.0, "minT_c": 0.0, "maxT24hr_c": 0.0, "minT24hr_c": 0.0, "precip_in": 0.0, "pcp3hr_in": 0.0, "pcp6hr_in": 0.0, "pcp24hr_in": 0.0, "snow_in": 0.0, "vert_vis_ft": 0.0, "metar_type": "METAR", "elevation_m": 383.0, "municipality": "Jaipur", "continent": "AS", "iso_country": "IN", "iso_region": "IN-RJ", "wikipedia_link": "https://en.wikipedia.org/wiki/Jaipur_International_Airport" }, "geometry": { "type": "Point", "coordinates": [ 75.812, 26.824 ] } },
{ "type": "Feature", "properties": { "raw_text": "METAR VILK 280130Z 10008KT 3500 HZ FEW020 SCT100 27/21 Q1003 NOSIG", "station_id": "VILK", "observation_time": "2026-04-28T01:30:00.000Z", "latitude": 26.761, "longitude": 80.889, "temp_c": 27.0, "dewpoint_c": 21.0, "wind_dir_degrees": 100.0, "wind_speed_kt": 8.0, "wind_gust_kt": 0.0, "visibility_statute_mi": 2.17, "altim_in_hg": 29.62, "sea_level_pressure_mb": 0.0, "quality_control_flags": null, "wx_string": "HZ", "sky_condition": null, "flight_category": "IFR", "three_hr_pressure_tendency_mb": 0.0, "maxT_c": 0.0, "minT_c": 0.0, "maxT24hr_c": 0.0, "minT24hr_c": 0.0, "precip_in": 0.0, "pcp3hr_in": 0.0, "pcp6hr_in": 0.0, "pcp24hr_in": 0.0, "snow_in": 0.0, "vert_vis_ft": 0.0, "metar_type": "METAR", "elevation_m": 121.0, "municipality": "Lucknow", "continent": "AS", "iso_country": "IN", "iso_region": "IN-UP", "wikipedia_link": "https://en.wikipedia.org/wiki/Amausi_Airport" }, "geometry": { "type": "Point", "coordinates": [ 80.889, 26.761 ] } },
{ "type": "Feature", "properties": { "raw_text": "METAR VISR 280030Z VRB02KT 6000 SCT020 SCT090 11/09 Q1015 NOSIG", "station_id": "VISR", "observation_time": "2026-04-28T00:30:00.000Z", "latitude": 33.987, "longitude": 74.774, "temp_c": 11.0, "dewpoint_c": 9.0, "wind_dir_degrees": 0.0, "wind_speed_kt": 2.0, "wind_gust_kt": 0.0, "visibility_statute_mi": 3.73, "altim_in_hg": 29.97, "sea_level_pressure_mb": 0.0, "quality_control_flags": null, "wx_string": "", "sky_condition": null, "flight_category": "MVFR", "three_hr_pressure_tendency_mb": 0.0, "maxT_c": 0.0, "minT_c": 0.0, "maxT24hr_c": 0.0, "minT24hr_c": 0.0, "precip_in": 0.0, "pcp3hr_in": 0.0, "pcp6hr_in": 0.0, "pcp24hr_in": 0.0, "snow_in": 0.0, "vert_vis_ft": 0.0, "metar_type": "METAR", "elevation_m": 1655.0, "municipality": "Srinagar", "continent": "AS", "iso_country": "IN", "iso_region": "IN-JK", "wikipedia_link": "https://en.wikipedia.org/wiki/Srinagar_Airport" }, "geometry": { "type": "Point", "coordinates": [ 74.774, 33.987 ] } },
{ "type": "Feature", "properties": { "raw_text": "METAR VLLB 280100Z 22002KT 9999 SCT020 BKN060 23/21 Q1009 NOSIG", "station_id": "VLLB", "observation_time": "2026-04-28T01:00:00.000Z", "latitude": 19.897, "longitude": 102.161, "temp_c": 23.0, "dewpoint_c": 21.0, "wind_dir_degrees": 220.0, "wind_speed_kt": 2.0, "wind_gust_kt": 0.0, "visibility_statute_mi": 6.0, "altim_in_hg": 29.79, "sea_level_pressure_mb": 0.0, "quality_control_flags": null, "wx_string": "", "sky_condition": null, "flight_category": "VFR", "three_hr_pressure_tendency_mb": 0.0, "maxT_c": 0.0, "minT_c": 0.0, "maxT24hr_c": 0.0, "minT24hr_c": 0.0, "precip_in": 0.0, "pcp3hr_in": 0.0, "pcp6hr_in": 0.0, "pcp24hr_in": 0.0, "snow_in": 0.0, "vert_vis_ft": 0.0, "metar_type": "METAR", "elevation_m": 297.0, "municipality": "Luang Phabang", "continent": "AS", "iso_country": "LA", "iso_region": "LA-LP", "wikipedia_link": "https://en.wikipedia.org/wiki/Luang_Prabang_International_Airport" }, "geometry": { "type": "Point", "coordinates": [ 102.161, 19.897 ] } },
{ "type": "Feature", "properties": { "raw_text": "METAR VLPS 280100Z 14004KT 6000 SCT020 BKN040 27/25 Q1010 NOSIG RERA", "station_id": "VLPS", "observation_time": "2026-04-28T01:00:00.000Z", "latitude": 15.132, "longitude": 105.781, "temp_c": 27.0, "dewpoint_c": 25.0, "wind_dir_degrees": 140.0, "wind_speed_kt": 4.0, "wind_gust_kt": 0.0, "visibility_statute_mi": 3.73, "altim_in_hg": 29.82, "sea_level_pressure_mb": 0.0, "quality_control_flags": null, "wx_string": "", "sky_condition": null, "flight_category": "MVFR", "three_hr_pressure_tendency_mb": 0.0, "maxT_c": 0.0, "minT_c": 0.0, "maxT24hr_c": 0.0, "minT24hr_c": 0.0, "precip_in": 0.0, "pcp3hr_in": 0.0, "pcp6hr_in": 0.0, "pcp24hr_in": 0.0, "snow_in": 0.0, "vert_vis_ft": 0.0, "metar_type": "METAR", "elevation_m": 102.0, "municipality": "Pakse", "continent": "AS", "iso_country": "LA", "iso_region": "LA-CH", "wikipedia_link": "https://en.wikipedia.org/wiki/Pakse_Airport" }, "geometry": { "type": "Point", "coordinates": [ 105.781, 15.132 ] } },
{ "type": "Feature", "properties": { "raw_text": "METAR VLVT 280130Z 09004KT 7000 BKN040 BKN083 23/19 Q1011 NOSIG", "station_id": "VLVT", "observation_time": "2026-04-28T01:30:00.000Z", "latitude": 17.987, "longitude": 102.564, "temp_c": 23.0, "dewpoint_c": 19.0, "wind_dir_degrees": 90.0, "wind_speed_kt": 4.0, "wind_gust_kt": 0.0, "visibility_statute_mi": 4.35, "altim_in_hg": 29.85, "sea_level_pressure_mb": 0.0, "quality_control_flags": null, "wx_string": "", "sky_condition": null, "flight_category": "MVFR", "three_hr_pressure_tendency_mb": 0.0, "maxT_c": 0.0, "minT_c": 0.0, "maxT24hr_c": 0.0, "minT24hr_c": 0.0, "precip_in": 0.0, "pcp3hr_in": 0.0, "pcp6hr_in": 0.0, "pcp24hr_in": 0.0, "snow_in": 0.0, "vert_vis_ft": 0.0, "metar_type": "METAR", "elevation_m": 171.0, "municipality": "Vientiane", "continent": "AS", "iso_country": "LA", "iso_region": "LA-VT", "wikipedia_link": "https://en.wikipedia.org/wiki/Wattay_International_Airport" }, "geometry": { "type": "Point", "coordinates": [ 102.564, 17.987 ] } },
{ "type": "Feature", "properties": { "raw_text": "METAR VMMC 280130Z 11009KT 9999 FEW012 SCT045 26/24 Q1011 NOSIG", "station_id": "VMMC", "observation_time": "2026-04-28T01:30:00.000Z", "latitude": 22.141, "longitude": 113.596, "temp_c": 26.0, "dewpoint_c": 24.0, "wind_dir_degrees": 110.0, "wind_speed_kt": 9.0, "wind_gust_kt": 0.0, "visibility_statute_mi": 6.0, "altim_in_hg": 29.85, "sea_level_pressure_mb": 0.0, "quality_control_flags": null, "wx_string": "", "sky_condition": null, "flight_category": "VFR", "three_hr_pressure_tendency_mb": 0.0, "maxT_c": 0.0, "minT_c": 0.0, "maxT24hr_c": 0.0, "minT24hr_c": 0.0, "precip_in": 0.0, "pcp3hr_in": 0.0, "pcp6hr_in": 0.0, "pcp24hr_in": 0.0, "snow_in": 0.0, "vert_vis_ft": 0.0, "metar_type": "METAR", "elevation_m": 1.0, "municipality": "Nossa Senhora do Carmo", "continent": "AS", "iso_country": "MO", "iso_region": "MO-CAR", "wikipedia_link": "https://en.wikipedia.org/wiki/Macau_International_Airport" }, "geometry": { "type": "Point", "coordinates": [ 113.596, 22.141 ] } },
{ "type": "Feature", "properties": { "raw_text": "METAR VNKT 280130Z VRB02KT 140V220 5000 BR FEW015 FEW025CB SCT030 BKN100 20/18 Q1012 NOSIG CB TO NW N AND NE", "station_id": "VNKT", "observation_time": "2026-04-28T01:30:00.000Z", "latitude": 27.697, "longitude": 85.359, "temp_c": 20.0, "dewpoint_c": 18.0, "wind_dir_degrees": 0.0, "wind_speed_kt": 2.0, "wind_gust_kt": 0.0, "visibility_statute_mi": 3.11, "altim_in_hg": 29.88, "sea_level_pressure_mb": 0.0, "quality_control_flags": null, "wx_string": "BR", "sky_condition": null, "flight_category": "MVFR", "three_hr_pressure_tendency_mb": 0.0, "maxT_c": 0.0, "minT_c": 0.0, "maxT24hr_c": 0.0, "minT24hr_c": 0.0, "precip_in": 0.0, "pcp3hr_in": 0.0, "pcp6hr_in": 0.0, "pcp24hr_in": 0.0, "snow_in": 0.0, "vert_vis_ft": 0.0, "metar_type": "METAR", "elevation_m": 1334.0, "municipality": "Kathmandu", "continent": "AS", "iso_country": "NP", "iso_region": "NP-P3", "wikipedia_link": "https://en.wikipedia.org/wiki/Tribhuvan_International_Airport" }, "geometry": { "type": "Point", "coordinates": [ 85.359, 27.697 ] } },
{ "type": "Feature", "properties": { "raw_text": "METAR VOBL 280130Z 24006KT 3500 BR FEW012 25/21 Q1013 TEMPO 3000 BR", "station_id": "VOBL", "observation_time": "2026-04-28T01:30:00.000Z", "latitude": 13.205, "longitude": 77.704, "temp_c": 25.0, "dewpoint_c": 21.0, "wind_dir_degrees": 240.0, "wind_speed_kt": 6.0, "wind_gust_kt": 0.0, "visibility_statute_mi": 2.17, "altim_in_hg": 29.91, "sea_level_pressure_mb": 0.0, "quality_control_flags": null, "wx_string": "BR", "sky_condition": null, "flight_category": "IFR", "three_hr_pressure_tendency_mb": 0.0, "maxT_c": 0.0, "minT_c": 0.0, "maxT24hr_c": 0.0, "minT24hr_c": 0.0, "precip_in": 0.0, "pcp3hr_in": 0.0, "pcp6hr_in": 0.0, "pcp24hr_in": 0.0, "snow_in": 0.0, "vert_vis_ft": 0.0, "metar_type": "METAR", "elevation_m": 908.0, "municipality": "Bengaluru", "continent": "AS", "iso_country": "IN", "iso_region": "IN-KA", "wikipedia_link": "https://en.wikipedia.org/wiki/Kempegowda_International_Airport" }, "geometry": { "type": "Point", "coordinates": [ 77.704, 13.205 ] } },
{ "type": "Feature", "properties": { "raw_text": "METAR VOBZ 280130Z 13005KT 6000 SCT020 28/24 Q1007 NOSIG", "station_id": "VOBZ", "observation_time": "2026-04-28T01:30:00.000Z", "latitude": 16.53, "longitude": 80.797, "temp_c": 28.0, "dewpoint_c": 24.0, "wind_dir_degrees": 130.0, "wind_speed_kt": 5.0, "wind_gust_kt": 0.0, "visibility_statute_mi": 3.73, "altim_in_hg": 29.73, "sea_level_pressure_mb": 0.0, "quality_control_flags": null, "wx_string": "", "sky_condition": null, "flight_category": "MVFR", "three_hr_pressure_tendency_mb": 0.0, "maxT_c": 0.0, "minT_c": 0.0, "maxT24hr_c": 0.0, "minT24hr_c": 0.0, "precip_in": 0.0, "pcp3hr_in": 0.0, "pcp6hr_in": 0.0, "pcp24hr_in": 0.0, "snow_in": 0.0, "vert_vis_ft": 0.0, "metar_type": "METAR", "elevation_m": 26.0, "municipality": "Vijayawada", "continent": "AS", "iso_country": "IN", "iso_region": "IN-AP", "wikipedia_link": "https://en.wikipedia.org/wiki/Vijayawada_Airport" }, "geometry": { "type": "Point", "coordinates": [ 80.797, 16.53 ] } },
{ "type": "Feature", "properties": { "raw_text": "METAR VOCB 280130Z 20004KT 4500 BR FEW015 27/24 Q1010 NOSIG", "station_id": "VOCB", "observation_time": "2026-04-28T01:30:00.000Z", "latitude": 11.03, "longitude": 77.043, "temp_c": 27.0, "dewpoint_c": 24.0, "wind_dir_degrees": 200.0, "wind_speed_kt": 4.0, "wind_gust_kt": 0.0, "visibility_statute_mi": 2.8, "altim_in_hg": 29.82, "sea_level_pressure_mb": 0.0, "quality_control_flags": null, "wx_string": "BR", "sky_condition": null, "flight_category": "IFR", "three_hr_pressure_tendency_mb": 0.0, "maxT_c": 0.0, "minT_c": 0.0, "maxT24hr_c": 0.0, "minT24hr_c": 0.0, "precip_in": 0.0, "pcp3hr_in": 0.0, "pcp6hr_in": 0.0, "pcp24hr_in": 0.0, "snow_in": 0.0, "vert_vis_ft": 0.0, "metar_type": "METAR", "elevation_m": 394.0, "municipality": "Coimbatore", "continent": "AS", "iso_country": "IN", "iso_region": "IN-TN", "wikipedia_link": "https://en.wikipedia.org/wiki/Coimbatore_Airport" }, "geometry": { "type": "Point", "coordinates": [ 77.043, 11.03 ] } },
{ "type": "Feature", "properties": { "raw_text": "METAR VOCI 280130Z 10001KT 3000 BR SCT012 BKN080 28/26 Q1008 NOSIG", "station_id": "VOCI", "observation_time": "2026-04-28T01:30:00.000Z", "latitude": 10.152, "longitude": 76.402, "temp_c": 28.0, "dewpoint_c": 26.0, "wind_dir_degrees": 100.0, "wind_speed_kt": 1.0, "wind_gust_kt": 0.0, "visibility_statute_mi": 1.86, "altim_in_hg": 29.76, "sea_level_pressure_mb": 0.0, "quality_control_flags": null, "wx_string": "BR", "sky_condition": null, "flight_category": "IFR", "three_hr_pressure_tendency_mb": 0.0, "maxT_c": 0.0, "minT_c": 0.0, "maxT24hr_c": 0.0, "minT24hr_c": 0.0, "precip_in": 0.0, "pcp3hr_in": 0.0, "pcp6hr_in": 0.0, "pcp24hr_in": 0.0, "snow_in": 0.0, "vert_vis_ft": 0.0, "metar_type": "METAR", "elevation_m": 8.0, "municipality": "Kochi", "continent": "AS", "iso_country": "IN", "iso_region": "IN-KL", "wikipedia_link": "https://en.wikipedia.org/wiki/Cochin_International_Airport" }, "geometry": { "type": "Point", "coordinates": [ 76.402, 10.152 ] } },
{ "type": "Feature", "properties": { "raw_text": "METAR VOCL 280130Z 03002KT 6000 FEW012 SCT080 27/24 Q1008 NOSIG", "station_id": "VOCL", "observation_time": "2026-04-28T01:30:00.000Z", "latitude": 11.137, "longitude": 75.955, "temp_c": 27.0, "dewpoint_c": 24.0, "wind_dir_degrees": 30.0, "wind_speed_kt": 2.0, "wind_gust_kt": 0.0, "visibility_statute_mi": 3.73, "altim_in_hg": 29.76, "sea_level_pressure_mb": 0.0, "quality_control_flags": null, "wx_string": "", "sky_condition": null, "flight_category": "MVFR", "three_hr_pressure_tendency_mb": 0.0, "maxT_c": 0.0, "minT_c": 0.0, "maxT24hr_c": 0.0, "minT24hr_c": 0.0, "precip_in": 0.0, "pcp3hr_in": 0.0, "pcp6hr_in": 0.0, "pcp24hr_in": 0.0, "snow_in": 0.0, "vert_vis_ft": 0.0, "metar_type": "METAR", "elevation_m": 104.0, "municipality": "Calicut", "continent": "AS", "iso_country": "IN", "iso_region": "IN-KL", "wikipedia_link": "https://en.wikipedia.org/wiki/Calicut_International_Airport" }, "geometry": { "type": "Point", "coordinates": [ 75.955, 11.137 ] } },
{ "type": "Feature", "properties": { "raw_text": "METAR VOGA 280130Z 08002KT 4000 BR FEW080 29/27 Q1009 NOSIG", "station_id": "VOGA", "observation_time": "2026-04-28T01:30:00.000Z", "latitude": 15.7426, "longitude": 73.8631, "temp_c": 29.0, "dewpoint_c": 27.0, "wind_dir_degrees": 80.0, "wind_speed_kt": 2.0, "wind_gust_kt": 0.0, "visibility_statute_mi": 2.49, "altim_in_hg": 29.79, "sea_level_pressure_mb": 0.0, "quality_control_flags": null, "wx_string": "BR", "sky_condition": null, "flight_category": "IFR", "three_hr_pressure_tendency_mb": 0.0, "maxT_c": 0.0, "minT_c": 0.0, "maxT24hr_c": 0.0, "minT24hr_c": 0.0, "precip_in": 0.0, "pcp3hr_in": 0.0, "pcp6hr_in": 0.0, "pcp24hr_in": 0.0, "snow_in": 0.0, "vert_vis_ft": 0.0, "metar_type": "METAR", "elevation_m": 168.0, "municipality": "Mopa", "continent": "AS", "iso_country": "IN", "iso_region": "IN-GA", "wikipedia_link": "https://en.wikipedia.org/wiki/Manohar_International_Airport" }, "geometry": { "type": "Point", "coordinates": [ 73.8631, 15.7426 ] } },
{ "type": "Feature", "properties": { "raw_text": "METAR VOGO 280130Z 16005KT 6000 FEW020 28/25 Q1007 NOSIG", "station_id": "VOGO", "observation_time": "2026-04-28T01:30:00.000Z", "latitude": 15.378, "longitude": 73.828, "temp_c": 28.0, "dewpoint_c": 25.0, "wind_dir_degrees": 160.0, "wind_speed_kt": 5.0, "wind_gust_kt": 0.0, "visibility_statute_mi": 3.73, "altim_in_hg": 29.73, "sea_level_pressure_mb": 0.0, "quality_control_flags": null, "wx_string": "", "sky_condition": null, "flight_category": "MVFR", "three_hr_pressure_tendency_mb": 0.0, "maxT_c": 0.0, "minT_c": 0.0, "maxT24hr_c": 0.0, "minT24hr_c": 0.0, "precip_in": 0.0, "pcp3hr_in": 0.0, "pcp6hr_in": 0.0, "pcp24hr_in": 0.0, "snow_in": 0.0, "vert_vis_ft": 0.0, "metar_type": "METAR", "elevation_m": 56.0, "municipality": "Vasco da Gama", "continent": "AS", "iso_country": "IN", "iso_region": "IN-GA", "wikipedia_link": "https://en.wikipedia.org/wiki/Dabolim_Airport" }, "geometry": { "type": "Point", "coordinates": [ 73.828, 15.378 ] } },
{ "type": "Feature", "properties": { "raw_text": "METAR VOHS 280130Z VRB02KT 5000 HZ SCT020 26/21 Q1010 NOSIG", "station_id": "VOHS", "observation_time": "2026-04-28T01:30:00.000Z", "latitude": 17.233, "longitude": 78.429, "temp_c": 26.0, "dewpoint_c": 21.0, "wind_dir_degrees": 0.0, "wind_speed_kt": 2.0, "wind_gust_kt": 0.0, "visibility_statute_mi": 3.11, "altim_in_hg": 29.82, "sea_level_pressure_mb": 0.0, "quality_control_flags": null, "wx_string": "HZ", "sky_condition": null, "flight_category": "MVFR", "three_hr_pressure_tendency_mb": 0.0, "maxT_c": 0.0, "minT_c": 0.0, "maxT24hr_c": 0.0, "minT24hr_c": 0.0, "precip_in": 0.0, "pcp3hr_in": 0.0, "pcp6hr_in": 0.0, "pcp24hr_in": 0.0, "snow_in": 0.0, "vert_vis_ft": 0.0, "metar_type": "METAR", "elevation_m": 607.0, "municipality": "Hyderabad", "continent": "AS", "iso_country": "IN", "iso_region": "IN-TG", "wikipedia_link": "https://en.wikipedia.org/wiki/Rajiv_Gandhi_International_Airport" }, "geometry": { "type": "Point", "coordinates": [ 78.429, 17.233 ] } },
{ "type": "Feature", "properties": { "raw_text": "METAR VOKN 280130Z 08004KT 4000 BR SCT012 FEW025CB BKN080 28/25 Q1008 BECMG 5000 BR", "station_id": "VOKN", "observation_time": "2026-04-28T01:30:00.000Z", "latitude": 11.917, "longitude": 75.547, "temp_c": 28.0, "dewpoint_c": 25.0, "wind_dir_degrees": 80.0, "wind_speed_kt": 4.0, "wind_gust_kt": 0.0, "visibility_statute_mi": 2.49, "altim_in_hg": 29.76, "sea_level_pressure_mb": 0.0, "quality_control_flags": null, "wx_string": "BR", "sky_condition": null, "flight_category": "IFR", "three_hr_pressure_tendency_mb": 0.0, "maxT_c": 0.0, "minT_c": 0.0, "maxT24hr_c": 0.0, "minT24hr_c": 0.0, "precip_in": 0.0, "pcp3hr_in": 0.0, "pcp6hr_in": 0.0, "pcp24hr_in": 0.0, "snow_in": 0.0, "vert_vis_ft": 0.0, "metar_type": "METAR", "elevation_m": 105.0, "municipality": "Kannur", "continent": "AS", "iso_country": "IN", "iso_region": "IN-KL", "wikipedia_link": "https://en.wikipedia.org/wiki/Kannur_International_Airport" }, "geometry": { "type": "Point", "coordinates": [ 75.547, 11.917 ] } },
{ "type": "Feature", "properties": { "raw_text": "METAR VOML 280130Z 00000KT 6000 FEW015 27/25 Q1008 NOSIG", "station_id": "VOML", "observation_time": "2026-04-28T01:30:00.000Z", "latitude": 12.961, "longitude": 74.89, "temp_c": 27.0, "dewpoint_c": 25.0, "wind_dir_degrees": 0.0, "wind_speed_kt": 0.0, "wind_gust_kt": 0.0, "visibility_statute_mi": 3.73, "altim_in_hg": 29.76, "sea_level_pressure_mb": 0.0, "quality_control_flags": null, "wx_string": "", "sky_condition": null, "flight_category": "MVFR", "three_hr_pressure_tendency_mb": 0.0, "maxT_c": 0.0, "minT_c": 0.0, "maxT24hr_c": 0.0, "minT24hr_c": 0.0, "precip_in": 0.0, "pcp3hr_in": 0.0, "pcp6hr_in": 0.0, "pcp24hr_in": 0.0, "snow_in": 0.0, "vert_vis_ft": 0.0, "metar_type": "METAR", "elevation_m": 100.0, "municipality": "Mangaluru", "continent": "AS", "iso_country": "IN", "iso_region": "IN-KA", "wikipedia_link": "https://en.wikipedia.org/wiki/Mangalore_International_Airport" }, "geometry": { "type": "Point", "coordinates": [ 74.89, 12.961 ] } },
{ "type": "Feature", "properties": { "raw_text": "METAR VOMM 280130Z 24006KT 5000 BR FEW020 29/27 Q1007 NOSIG", "station_id": "VOMM", "observation_time": "2026-04-28T01:30:00.000Z", "latitude": 12.994, "longitude": 80.18, "temp_c": 29.0, "dewpoint_c": 27.0, "wind_dir_degrees": 240.0, "wind_speed_kt": 6.0, "wind_gust_kt": 0.0, "visibility_statute_mi": 3.11, "altim_in_hg": 29.73, "sea_level_pressure_mb": 0.0, "quality_control_flags": null, "wx_string": "BR", "sky_condition": null, "flight_category": "MVFR", "three_hr_pressure_tendency_mb": 0.0, "maxT_c": 0.0, "minT_c": 0.0, "maxT24hr_c": 0.0, "minT24hr_c": 0.0, "precip_in": 0.0, "pcp3hr_in": 0.0, "pcp6hr_in": 0.0, "pcp24hr_in": 0.0, "snow_in": 0.0, "vert_vis_ft": 0.0, "metar_type": "METAR", "elevation_m": 7.0, "municipality": "Chennai", "continent": "AS", "iso_country": "IN", "iso_region": "IN-TN", "wikipedia_link": "https://en.wikipedia.org/wiki/Chennai_International_Airport" }, "geometry": { "type": "Point", "coordinates": [ 80.18, 12.994 ] } },
{ "type": "Feature", "properties": { "raw_text": "METAR VOPB 280130Z VRB02KT 6000 FEW018 31/24 Q1009 NOSIG", "station_id": "VOPB", "observation_time": "2026-04-28T01:30:00.000Z", "latitude": 11.641, "longitude": 92.73, "temp_c": 31.0, "dewpoint_c": 24.0, "wind_dir_degrees": 0.0, "wind_speed_kt": 2.0, "wind_gust_kt": 0.0, "visibility_statute_mi": 3.73, "altim_in_hg": 29.79, "sea_level_pressure_mb": 0.0, "quality_control_flags": null, "wx_string": "", "sky_condition": null, "flight_category": "MVFR", "three_hr_pressure_tendency_mb": 0.0, "maxT_c": 0.0, "minT_c": 0.0, "maxT24hr_c": 0.0, "minT24hr_c": 0.0, "precip_in": 0.0, "pcp3hr_in": 0.0, "pcp6hr_in": 0.0, "pcp24hr_in": 0.0, "snow_in": 0.0, "vert_vis_ft": 0.0, "metar_type": "METAR", "elevation_m": 1.0, "municipality": "Port Blair", "continent": "AS", "iso_country": "IN", "iso_region": "IN-AN", "wikipedia_link": "https://en.wikipedia.org/wiki/Veer_Savarkar_International_Airport" }, "geometry": { "type": "Point", "coordinates": [ 92.73, 11.641 ] } },
{ "type": "Feature", "properties": { "raw_text": "METAR VOTP 280130Z 23012KT 6000 FEW020 29/25 Q1008 NOSIG", "station_id": "VOTP", "observation_time": "2026-04-28T01:30:00.000Z", "latitude": 13.633, "longitude": 79.543, "temp_c": 29.0, "dewpoint_c": 25.0, "wind_dir_degrees": 230.0, "wind_speed_kt": 12.0, "wind_gust_kt": 0.0, "visibility_statute_mi": 3.73, "altim_in_hg": 29.76, "sea_level_pressure_mb": 0.0, "quality_control_flags": null, "wx_string": "", "sky_condition": null, "flight_category": "MVFR", "three_hr_pressure_tendency_mb": 0.0, "maxT_c": 0.0, "minT_c": 0.0, "maxT24hr_c": 0.0, "minT24hr_c": 0.0, "precip_in": 0.0, "pcp3hr_in": 0.0, "pcp6hr_in": 0.0, "pcp24hr_in": 0.0, "snow_in": 0.0, "vert_vis_ft": 0.0, "metar_type": "METAR", "elevation_m": 103.0, "municipality": "Tirupati", "continent": "AS", "iso_country": "IN", "iso_region": "IN-AP", "wikipedia_link": "https://en.wikipedia.org/wiki/Tirupati_Airport" }, "geometry": { "type": "Point", "coordinates": [ 79.543, 13.633 ] } },
{ "type": "Feature", "properties": { "raw_text": "METAR VOTR 280130Z 22003KT 6000 FEW016 SCT100 29/27 Q1008 NOSIG", "station_id": "VOTR", "observation_time": "2026-04-28T01:30:00.000Z", "latitude": 10.765, "longitude": 78.71, "temp_c": 29.0, "dewpoint_c": 27.0, "wind_dir_degrees": 220.0, "wind_speed_kt": 3.0, "wind_gust_kt": 0.0, "visibility_statute_mi": 3.73, "altim_in_hg": 29.76, "sea_level_pressure_mb": 0.0, "quality_control_flags": null, "wx_string": "", "sky_condition": null, "flight_category": "MVFR", "three_hr_pressure_tendency_mb": 0.0, "maxT_c": 0.0, "minT_c": 0.0, "maxT24hr_c": 0.0, "minT24hr_c": 0.0, "precip_in": 0.0, "pcp3hr_in": 0.0, "pcp6hr_in": 0.0, "pcp24hr_in": 0.0, "snow_in": 0.0, "vert_vis_ft": 0.0, "metar_type": "METAR", "elevation_m": 90.0, "municipality": "Tiruchirappalli", "continent": "AS", "iso_country": "IN", "iso_region": "IN-TN", "wikipedia_link": "https://en.wikipedia.org/wiki/Tiruchirappalli_International_Airport" }, "geometry": { "type": "Point", "coordinates": [ 78.71, 10.765 ] } },
{ "type": "Feature", "properties": { "raw_text": "METAR VOTV 280130Z VRB02KT 5000 BR FEW015 28/24 Q1007 NOSIG", "station_id": "VOTV", "observation_time": "2026-04-28T01:30:00.000Z", "latitude": 8.484, "longitude": 76.919, "temp_c": 28.0, "dewpoint_c": 24.0, "wind_dir_degrees": 0.0, "wind_speed_kt": 2.0, "wind_gust_kt": 0.0, "visibility_statute_mi": 3.11, "altim_in_hg": 29.73, "sea_level_pressure_mb": 0.0, "quality_control_flags": null, "wx_string": "BR", "sky_condition": null, "flight_category": "MVFR", "three_hr_pressure_tendency_mb": 0.0, "maxT_c": 0.0, "minT_c": 0.0, "maxT24hr_c": 0.0, "minT24hr_c": 0.0, "precip_in": 0.0, "pcp3hr_in": 0.0, "pcp6hr_in": 0.0, "pcp24hr_in": 0.0, "snow_in": 0.0, "vert_vis_ft": 0.0, "metar_type": "METAR", "elevation_m": 9.0, "municipality": "Thiruvananthapuram", "continent": "AS", "iso_country": "IN", "iso_region": "IN-KL", "wikipedia_link": "https://en.wikipedia.org/wiki/Trivandrum_International_Airport" }, "geometry": { "type": "Point", "coordinates": [ 76.919, 8.484 ] } },
{ "type": "Feature", "properties": { "raw_text": "METAR VQPR 280130Z VRB02KT 9999 FEW030 14/09 Q1018", "station_id": "VQPR", "observation_time": "2026-04-28T01:30:00.000Z", "latitude": 27.403, "longitude": 89.425, "temp_c": 14.0, "dewpoint_c": 9.0, "wind_dir_degrees": 0.0, "wind_speed_kt": 2.0, "wind_gust_kt": 0.0, "visibility_statute_mi": 6.0, "altim_in_hg": 30.06, "sea_level_pressure_mb": 0.0, "quality_control_flags": null, "wx_string": "", "sky_condition": null, "flight_category": "VFR", "three_hr_pressure_tendency_mb": 0.0, "maxT_c": 0.0, "minT_c": 0.0, "maxT24hr_c": 0.0, "minT24hr_c": 0.0, "precip_in": 0.0, "pcp3hr_in": 0.0, "pcp6hr_in": 0.0, "pcp24hr_in": 0.0, "snow_in": 0.0, "vert_vis_ft": 0.0, "metar_type": "METAR", "elevation_m": 2227.0, "municipality": "Paro", "continent": "AS", "iso_country": "BT", "iso_region": "BT-11", "wikipedia_link": "https://en.wikipedia.org/wiki/Paro_Airport" }, "geometry": { "type": "Point", "coordinates": [ 89.425, 27.403 ] } },
{ "type": "Feature", "properties": { "raw_text": "METAR VRMG 280100Z 30008KT 9999 FEW017 FEW018CB BKN260 29/25 Q1007 CB SW NOSIG", "station_id": "VRMG", "observation_time": "2026-04-28T01:00:00.000Z", "latitude": -0.693, "longitude": 73.156, "temp_c": 29.0, "dewpoint_c": 25.0, "wind_dir_degrees": 300.0, "wind_speed_kt": 8.0, "wind_gust_kt": 0.0, "visibility_statute_mi": 6.0, "altim_in_hg": 29.73, "sea_level_pressure_mb": 0.0, "quality_control_flags": null, "wx_string": "", "sky_condition": null, "flight_category": "VFR", "three_hr_pressure_tendency_mb": 0.0, "maxT_c": 0.0, "minT_c": 0.0, "maxT24hr_c": 0.0, "minT24hr_c": 0.0, "precip_in": 0.0, "pcp3hr_in": 0.0, "pcp6hr_in": 0.0, "pcp24hr_in": 0.0, "snow_in": 0.0, "vert_vis_ft": 0.0, "metar_type": "METAR", "elevation_m": 2.0, "municipality": "Gan", "continent": "AS", "iso_country": "MV", "iso_region": "MV-01", "wikipedia_link": "https://en.wikipedia.org/wiki/Gan_International_Airport" }, "geometry": { "type": "Point", "coordinates": [ 73.156, -0.693 ] } },
{ "type": "Feature", "properties": { "raw_text": "METAR VRMH 280100Z 00000KT 9999 FEW018 SCT270 29/25 Q1007", "station_id": "VRMH", "observation_time": "2026-04-28T01:00:00.000Z", "latitude": 6.744, "longitude": 73.171, "temp_c": 29.0, "dewpoint_c": 25.0, "wind_dir_degrees": 0.0, "wind_speed_kt": 0.0, "wind_gust_kt": 0.0, "visibility_statute_mi": 6.0, "altim_in_hg": 29.73, "sea_level_pressure_mb": 0.0, "quality_control_flags": null, "wx_string": "", "sky_condition": null, "flight_category": "VFR", "three_hr_pressure_tendency_mb": 0.0, "maxT_c": 0.0, "minT_c": 0.0, "maxT24hr_c": 0.0, "minT24hr_c": 0.0, "precip_in": 0.0, "pcp3hr_in": 0.0, "pcp6hr_in": 0.0, "pcp24hr_in": 0.0, "snow_in": 0.0, "vert_vis_ft": 0.0, "metar_type": "METAR", "elevation_m": 1.0, "municipality": "Haa Dhaalu Atoll", "continent": "AS", "iso_country": "MV", "iso_region": "MV-23", "wikipedia_link": "https://en.wikipedia.org/wiki/Hanimaadhoo_Internatioal_Airport" }, "geometry": { "type": "Point", "coordinates": [ 73.171, 6.744 ] } },
{ "type": "Feature", "properties": { "raw_text": "METAR VRMM 280100Z 27009KT 9999 FEW018 FEW019CB SCT120 BKN280 30/27 Q1007 CB SE NOSIG", "station_id": "VRMM", "observation_time": "2026-04-28T01:00:00.000Z", "latitude": 4.192, "longitude": 73.529, "temp_c": 30.0, "dewpoint_c": 27.0, "wind_dir_degrees": 270.0, "wind_speed_kt": 9.0, "wind_gust_kt": 0.0, "visibility_statute_mi": 6.0, "altim_in_hg": 29.73, "sea_level_pressure_mb": 0.0, "quality_control_flags": null, "wx_string": "", "sky_condition": null, "flight_category": "VFR", "three_hr_pressure_tendency_mb": 0.0, "maxT_c": 0.0, "minT_c": 0.0, "maxT24hr_c": 0.0, "minT24hr_c": 0.0, "precip_in": 0.0, "pcp3hr_in": 0.0, "pcp6hr_in": 0.0, "pcp24hr_in": 0.0, "snow_in": 0.0, "vert_vis_ft": 0.0, "metar_type": "METAR", "elevation_m": 2.0, "municipality": "Malé", "continent": "AS", "iso_country": "MV", "iso_region": "MV-MLE", "wikipedia_link": "https://en.wikipedia.org/wiki/Mal%C3%A9_International_Airport" }, "geometry": { "type": "Point", "coordinates": [ 73.529, 4.192 ] } },
{ "type": "Feature", "properties": { "raw_text": "METAR VTBD 280130Z 20007KT 9999 SCT020 BKN070 32/25 Q1010 NOSIG", "station_id": "VTBD", "observation_time": "2026-04-28T01:30:00.000Z", "latitude": 13.913, "longitude": 100.607, "temp_c": 32.0, "dewpoint_c": 25.0, "wind_dir_degrees": 200.0, "wind_speed_kt": 7.0, "wind_gust_kt": 0.0, "visibility_statute_mi": 6.0, "altim_in_hg": 29.82, "sea_level_pressure_mb": 0.0, "quality_control_flags": null, "wx_string": "", "sky_condition": null, "flight_category": "VFR", "three_hr_pressure_tendency_mb": 0.0, "maxT_c": 0.0, "minT_c": 0.0, "maxT24hr_c": 0.0, "minT24hr_c": 0.0, "precip_in": 0.0, "pcp3hr_in": 0.0, "pcp6hr_in": 0.0, "pcp24hr_in": 0.0, "snow_in": 0.0, "vert_vis_ft": 0.0, "metar_type": "METAR", "elevation_m": 6.0, "municipality": "Bangkok", "continent": "AS", "iso_country": "TH", "iso_region": "TH-10", "wikipedia_link": "https://en.wikipedia.org/wiki/Don_Mueang_International_Airport" }, "geometry": { "type": "Point", "coordinates": [ 100.607, 13.913 ] } },
{ "type": "Feature", "properties": { "raw_text": "METAR VTBS 280130Z 21009KT 9999 BKN025 32/24 Q1010 NOSIG", "station_id": "VTBS", "observation_time": "2026-04-28T01:30:00.000Z", "latitude": 13.686, "longitude": 100.767, "temp_c": 32.0, "dewpoint_c": 24.0, "wind_dir_degrees": 210.0, "wind_speed_kt": 9.0, "wind_gust_kt": 0.0, "visibility_statute_mi": 6.0, "altim_in_hg": 29.82, "sea_level_pressure_mb": 0.0, "quality_control_flags": null, "wx_string": "", "sky_condition": null, "flight_category": "MVFR", "three_hr_pressure_tendency_mb": 0.0, "maxT_c": 0.0, "minT_c": 0.0, "maxT24hr_c": 0.0, "minT24hr_c": 0.0, "precip_in": 0.0, "pcp3hr_in": 0.0, "pcp6hr_in": 0.0, "pcp24hr_in": 0.0, "snow_in": 0.0, "vert_vis_ft": 0.0, "metar_type": "METAR", "elevation_m": 1.0, "municipality": "Bangkok", "continent": "AS", "iso_country": "TH", "iso_region": "TH-10", "wikipedia_link": "https://en.wikipedia.org/wiki/Suvarnabhumi_Airport" }, "geometry": { "type": "Point", "coordinates": [ 100.767, 13.686 ] } },
{ "type": "Feature", "properties": { "raw_text": "METAR VTBU 280130Z 21008KT 180V240 9999 FEW020 31/27 Q1010 NOSIG", "station_id": "VTBU", "observation_time": "2026-04-28T01:30:00.000Z", "latitude": 12.68, "longitude": 101.001, "temp_c": 31.0, "dewpoint_c": 27.0, "wind_dir_degrees": 210.0, "wind_speed_kt": 8.0, "wind_gust_kt": 0.0, "visibility_statute_mi": 6.0, "altim_in_hg": 29.82, "sea_level_pressure_mb": 0.0, "quality_control_flags": null, "wx_string": "", "sky_condition": null, "flight_category": "VFR", "three_hr_pressure_tendency_mb": 0.0, "maxT_c": 0.0, "minT_c": 0.0, "maxT24hr_c": 0.0, "minT24hr_c": 0.0, "precip_in": 0.0, "pcp3hr_in": 0.0, "pcp6hr_in": 0.0, "pcp24hr_in": 0.0, "snow_in": 0.0, "vert_vis_ft": 0.0, "metar_type": "METAR", "elevation_m": 12.0, "municipality": "Rayong", "continent": "AS", "iso_country": "TH", "iso_region": "TH-21", "wikipedia_link": "https://en.wikipedia.org/wiki/U-Tapao_International_Airport" }, "geometry": { "type": "Point", "coordinates": [ 101.001, 12.68 ] } },
{ "type": "Feature", "properties": { "raw_text": "METAR VTCC 280130Z 10004KT 070V130 9000 FEW035 29/19 Q1010 NOSIG", "station_id": "VTCC", "observation_time": "2026-04-28T01:30:00.000Z", "latitude": 18.771, "longitude": 98.963, "temp_c": 29.0, "dewpoint_c": 19.0, "wind_dir_degrees": 100.0, "wind_speed_kt": 4.0, "wind_gust_kt": 0.0, "visibility_statute_mi": 5.59, "altim_in_hg": 29.82, "sea_level_pressure_mb": 0.0, "quality_control_flags": null, "wx_string": "", "sky_condition": null, "flight_category": "VFR", "three_hr_pressure_tendency_mb": 0.0, "maxT_c": 0.0, "minT_c": 0.0, "maxT24hr_c": 0.0, "minT24hr_c": 0.0, "precip_in": 0.0, "pcp3hr_in": 0.0, "pcp6hr_in": 0.0, "pcp24hr_in": 0.0, "snow_in": 0.0, "vert_vis_ft": 0.0, "metar_type": "METAR", "elevation_m": 308.0, "municipality": "Chiang Mai", "continent": "AS", "iso_country": "TH", "iso_region": "TH-50", "wikipedia_link": "https://en.wikipedia.org/wiki/Chiang_Mai_International_Airport" }, "geometry": { "type": "Point", "coordinates": [ 98.963, 18.771 ] } },
{ "type": "Feature", "properties": { "raw_text": "METAR VTCT 280100Z 07003KT 010V130 9000 FEW010 SCT035 22/20 Q1011 NOSIG", "station_id": "VTCT", "observation_time": "2026-04-28T01:00:00.000Z", "latitude": 19.961, "longitude": 99.881, "temp_c": 22.0, "dewpoint_c": 20.0, "wind_dir_degrees": 70.0, "wind_speed_kt": 3.0, "wind_gust_kt": 0.0, "visibility_statute_mi": 5.59, "altim_in_hg": 29.85, "sea_level_pressure_mb": 0.0, "quality_control_flags": null, "wx_string": "", "sky_condition": null, "flight_category": "VFR", "three_hr_pressure_tendency_mb": 0.0, "maxT_c": 0.0, "minT_c": 0.0, "maxT24hr_c": 0.0, "minT24hr_c": 0.0, "precip_in": 0.0, "pcp3hr_in": 0.0, "pcp6hr_in": 0.0, "pcp24hr_in": 0.0, "snow_in": 0.0, "vert_vis_ft": 0.0, "metar_type": "METAR", "elevation_m": 389.0, "municipality": "Chiang Rai", "continent": "AS", "iso_country": "TH", "iso_region": "TH-57", "wikipedia_link": "https://en.wikipedia.org/wiki/Chiang_Rai_International_Airport" }, "geometry": { "type": "Point", "coordinates": [ 99.881, 19.961 ] } },
{ "type": "Feature", "properties": { "raw_text": "METAR VTSG 280100Z 03005KT 360V070 9999 FEW030 28/25 Q1010 NOSIG", "station_id": "VTSG", "observation_time": "2026-04-28T01:00:00.000Z", "latitude": 8.099, "longitude": 98.986, "temp_c": 28.0, "dewpoint_c": 25.0, "wind_dir_degrees": 30.0, "wind_speed_kt": 5.0, "wind_gust_kt": 0.0, "visibility_statute_mi": 6.0, "altim_in_hg": 29.82, "sea_level_pressure_mb": 0.0, "quality_control_flags": null, "wx_string": "", "sky_condition": null, "flight_category": "VFR", "three_hr_pressure_tendency_mb": 0.0, "maxT_c": 0.0, "minT_c": 0.0, "maxT24hr_c": 0.0, "minT24hr_c": 0.0, "precip_in": 0.0, "pcp3hr_in": 0.0, "pcp6hr_in": 0.0, "pcp24hr_in": 0.0, "snow_in": 0.0, "vert_vis_ft": 0.0, "metar_type": "METAR", "elevation_m": 32.0, "municipality": "Krabi", "continent": "AS", "iso_country": "TH", "iso_region": "TH-81", "wikipedia_link": "https://en.wikipedia.org/wiki/Krabi_International_Airport" }, "geometry": { "type": "Point", "coordinates": [ 98.986, 8.099 ] } },
{ "type": "Feature", "properties": { "raw_text": "METAR VTSM 280100Z 15006KT 9999 FEW020 31/26 Q1010 NOSIG", "station_id": "VTSM", "observation_time": "2026-04-28T01:00:00.000Z", "latitude": 9.548, "longitude": 100.062, "temp_c": 31.0, "dewpoint_c": 26.0, "wind_dir_degrees": 150.0, "wind_speed_kt": 6.0, "wind_gust_kt": 0.0, "visibility_statute_mi": 6.0, "altim_in_hg": 29.82, "sea_level_pressure_mb": 0.0, "quality_control_flags": null, "wx_string": "", "sky_condition": null, "flight_category": "VFR", "three_hr_pressure_tendency_mb": 0.0, "maxT_c": 0.0, "minT_c": 0.0, "maxT24hr_c": 0.0, "minT24hr_c": 0.0, "precip_in": 0.0, "pcp3hr_in": 0.0, "pcp6hr_in": 0.0, "pcp24hr_in": 0.0, "snow_in": 0.0, "vert_vis_ft": 0.0, "metar_type": "METAR", "elevation_m": 12.0, "municipality": "Na Thon (Ko Samui Island)", "continent": "AS", "iso_country": "TH", "iso_region": "TH-84", "wikipedia_link": "https://en.wikipedia.org/wiki/Samui_Airport" }, "geometry": { "type": "Point", "coordinates": [ 100.062, 9.548 ] } },
{ "type": "Feature", "properties": { "raw_text": "METAR VTSP 280130Z 07006KT 020V100 9999 FEW020 30/25 Q1009 NOSIG", "station_id": "VTSP", "observation_time": "2026-04-28T01:30:00.000Z", "latitude": 8.105, "longitude": 98.308, "temp_c": 30.0, "dewpoint_c": 25.0, "wind_dir_degrees": 70.0, "wind_speed_kt": 6.0, "wind_gust_kt": 0.0, "visibility_statute_mi": 6.0, "altim_in_hg": 29.79, "sea_level_pressure_mb": 0.0, "quality_control_flags": null, "wx_string": "", "sky_condition": null, "flight_category": "VFR", "three_hr_pressure_tendency_mb": 0.0, "maxT_c": 0.0, "minT_c": 0.0, "maxT24hr_c": 0.0, "minT24hr_c": 0.0, "precip_in": 0.0, "pcp3hr_in": 0.0, "pcp6hr_in": 0.0, "pcp24hr_in": 0.0, "snow_in": 0.0, "vert_vis_ft": 0.0, "metar_type": "METAR", "elevation_m": 12.0, "municipality": "Phuket", "continent": "AS", "iso_country": "TH", "iso_region": "TH-83", "wikipedia_link": "https://en.wikipedia.org/wiki/Phuket_International_Airport" }, "geometry": { "type": "Point", "coordinates": [ 98.308, 8.105 ] } },
{ "type": "Feature", "properties": { "raw_text": "METAR VTSS 280130Z 33003KT 300V030 9000 FEW020 BKN100 28/25 Q1009 NOSIG", "station_id": "VTSS", "observation_time": "2026-04-28T01:30:00.000Z", "latitude": 6.933, "longitude": 100.393, "temp_c": 28.0, "dewpoint_c": 25.0, "wind_dir_degrees": 330.0, "wind_speed_kt": 3.0, "wind_gust_kt": 0.0, "visibility_statute_mi": 5.59, "altim_in_hg": 29.79, "sea_level_pressure_mb": 0.0, "quality_control_flags": null, "wx_string": "", "sky_condition": null, "flight_category": "VFR", "three_hr_pressure_tendency_mb": 0.0, "maxT_c": 0.0, "minT_c": 0.0, "maxT24hr_c": 0.0, "minT24hr_c": 0.0, "precip_in": 0.0, "pcp3hr_in": 0.0, "pcp6hr_in": 0.0, "pcp24hr_in": 0.0, "snow_in": 0.0, "vert_vis_ft": 0.0, "metar_type": "METAR", "elevation_m": 28.0, "municipality": "Hat Yai", "continent": "AS", "iso_country": "TH", "iso_region": "TH-90", "wikipedia_link": "https://en.wikipedia.org/wiki/Hat_Yai_International_Airport" }, "geometry": { "type": "Point", "coordinates": [ 100.393, 6.933 ] } },
{ "type": "Feature", "properties": { "raw_text": "METAR VTUD 280100Z 36006KT 320V090 9999 FEW020 27/23 Q1011 NOSIG", "station_id": "VTUD", "observation_time": "2026-04-28T01:00:00.000Z", "latitude": 17.382, "longitude": 102.799, "temp_c": 27.0, "dewpoint_c": 23.0, "wind_dir_degrees": 360.0, "wind_speed_kt": 6.0, "wind_gust_kt": 0.0, "visibility_statute_mi": 6.0, "altim_in_hg": 29.85, "sea_level_pressure_mb": 0.0, "quality_control_flags": null, "wx_string": "", "sky_condition": null, "flight_category": "VFR", "three_hr_pressure_tendency_mb": 0.0, "maxT_c": 0.0, "minT_c": 0.0, "maxT24hr_c": 0.0, "minT24hr_c": 0.0, "precip_in": 0.0, "pcp3hr_in": 0.0, "pcp6hr_in": 0.0, "pcp24hr_in": 0.0, "snow_in": 0.0, "vert_vis_ft": 0.0, "metar_type": "METAR", "elevation_m": 177.0, "municipality": "Udon Thani", "continent": "AS", "iso_country": "TH", "iso_region": "TH-41", "wikipedia_link": "https://en.wikipedia.org/wiki/Udon_Thani_International_Airport" }, "geometry": { "type": "Point", "coordinates": [ 102.799, 17.382 ] } },
{ "type": "Feature", "properties": { "raw_text": "METAR VVCI 280130Z 17006KT 130V190 9999 -RA FEW016 SCT023 BKN036 27/25 Q1008 NOSIG", "station_id": "VVCI", "observation_time": "2026-04-28T01:30:00.000Z", "latitude": 20.823, "longitude": 106.727, "temp_c": 27.0, "dewpoint_c": 25.0, "wind_dir_degrees": 170.0, "wind_speed_kt": 6.0, "wind_gust_kt": 0.0, "visibility_statute_mi": 6.0, "altim_in_hg": 29.76, "sea_level_pressure_mb": 0.0, "quality_control_flags": null, "wx_string": "-RA", "sky_condition": null, "flight_category": "VFR", "three_hr_pressure_tendency_mb": 0.0, "maxT_c": 0.0, "minT_c": 0.0, "maxT24hr_c": 0.0, "minT24hr_c": 0.0, "precip_in": 0.0, "pcp3hr_in": 0.0, "pcp6hr_in": 0.0, "pcp24hr_in": 0.0, "snow_in": 0.0, "vert_vis_ft": 0.0, "metar_type": "METAR", "elevation_m": 6.0, "municipality": "Haiphong (Hai An)", "continent": "AS", "iso_country": "VN", "iso_region": "VN-RRD", "wikipedia_link": "https://en.wikipedia.org/wiki/Cat_Bi_Airport" }, "geometry": { "type": "Point", "coordinates": [ 106.727, 20.823 ] } },
{ "type": "Feature", "properties": { "raw_text": "METAR VVCR 280130Z 17005KT 130V210 9999 FEW022 31/24 Q1011 NOSIG", "station_id": "VVCR", "observation_time": "2026-04-28T01:30:00.000Z", "latitude": 11.998, "longitude": 109.219, "temp_c": 31.0, "dewpoint_c": 24.0, "wind_dir_degrees": 170.0, "wind_speed_kt": 5.0, "wind_gust_kt": 0.0, "visibility_statute_mi": 6.0, "altim_in_hg": 29.85, "sea_level_pressure_mb": 0.0, "quality_control_flags": null, "wx_string": "", "sky_condition": null, "flight_category": "VFR", "three_hr_pressure_tendency_mb": 0.0, "maxT_c": 0.0, "minT_c": 0.0, "maxT24hr_c": 0.0, "minT24hr_c": 0.0, "precip_in": 0.0, "pcp3hr_in": 0.0, "pcp6hr_in": 0.0, "pcp24hr_in": 0.0, "snow_in": 0.0, "vert_vis_ft": 0.0, "metar_type": "METAR", "elevation_m": 12.0, "municipality": "Nha Trang/nha Trang aiurportCam Ranh", "continent": "AS", "iso_country": "VN", "iso_region": "VN-SCC", "wikipedia_link": "https://en.wikipedia.org/wiki/Cam_Ranh_International_Airport" }, "geometry": { "type": "Point", "coordinates": [ 109.219, 11.998 ] } },
{ "type": "Feature", "properties": { "raw_text": "METAR VVCT 280130Z 12005KT 060V170 7000 SCT015 31/25 Q1010 NOSIG", "station_id": "VVCT", "observation_time": "2026-04-28T01:30:00.000Z", "latitude": 10.085, "longitude": 105.712, "temp_c": 31.0, "dewpoint_c": 25.0, "wind_dir_degrees": 120.0, "wind_speed_kt": 5.0, "wind_gust_kt": 0.0, "visibility_statute_mi": 4.35, "altim_in_hg": 29.82, "sea_level_pressure_mb": 0.0, "quality_control_flags": null, "wx_string": "", "sky_condition": null, "flight_category": "MVFR", "three_hr_pressure_tendency_mb": 0.0, "maxT_c": 0.0, "minT_c": 0.0, "maxT24hr_c": 0.0, "minT24hr_c": 0.0, "precip_in": 0.0, "pcp3hr_in": 0.0, "pcp6hr_in": 0.0, "pcp24hr_in": 0.0, "snow_in": 0.0, "vert_vis_ft": 0.0, "metar_type": "METAR", "elevation_m": 6.0, "municipality": "Can Tho", "continent": "AS", "iso_country": "VN", "iso_region": "VN-SW", "wikipedia_link": "https://en.wikipedia.org/wiki/Can_Tho_International_Airport" }, "geometry": { "type": "Point", "coordinates": [ 105.712, 10.085 ] } },
{ "type": "Feature", "properties": { "raw_text": "METAR VVDN 280130Z VRB02KT 9999 FEW020 SCT060 29/24 Q1010 NOSIG", "station_id": "VVDN", "observation_time": "2026-04-28T01:30:00.000Z", "latitude": 16.044, "longitude": 108.199, "temp_c": 29.0, "dewpoint_c": 24.0, "wind_dir_degrees": 0.0, "wind_speed_kt": 2.0, "wind_gust_kt": 0.0, "visibility_statute_mi": 6.0, "altim_in_hg": 29.82, "sea_level_pressure_mb": 0.0, "quality_control_flags": null, "wx_string": "", "sky_condition": null, "flight_category": "VFR", "three_hr_pressure_tendency_mb": 0.0, "maxT_c": 0.0, "minT_c": 0.0, "maxT24hr_c": 0.0, "minT24hr_c": 0.0, "precip_in": 0.0, "pcp3hr_in": 0.0, "pcp6hr_in": 0.0, "pcp24hr_in": 0.0, "snow_in": 0.0, "vert_vis_ft": 0.0, "metar_type": "METAR", "elevation_m": 7.0, "municipality": "Da Nang", "continent": "AS", "iso_country": "VN", "iso_region": "VN-SCC", "wikipedia_link": "https://en.wikipedia.org/wiki/Da_Nang_International_Airport" }, "geometry": { "type": "Point", "coordinates": [ 108.199, 16.044 ] } },
{ "type": "Feature", "properties": { "raw_text": "METAR VVNB 280130Z 18004KT 5000 BR SCT009 27/25 Q1008 BECMG TL0200 7000 NSW", "station_id": "VVNB", "observation_time": "2026-04-28T01:30:00.000Z", "latitude": 21.218, "longitude": 105.805, "temp_c": 27.0, "dewpoint_c": 25.0, "wind_dir_degrees": 180.0, "wind_speed_kt": 4.0, "wind_gust_kt": 0.0, "visibility_statute_mi": 3.11, "altim_in_hg": 29.76, "sea_level_pressure_mb": 0.0, "quality_control_flags": null, "wx_string": "BR", "sky_condition": null, "flight_category": "MVFR", "three_hr_pressure_tendency_mb": 0.0, "maxT_c": 0.0, "minT_c": 0.0, "maxT24hr_c": 0.0, "minT24hr_c": 0.0, "precip_in": 0.0, "pcp3hr_in": 0.0, "pcp6hr_in": 0.0, "pcp24hr_in": 0.0, "snow_in": 0.0, "vert_vis_ft": 0.0, "metar_type": "METAR", "elevation_m": 6.0, "municipality": "Hanoi (Soc Son)", "continent": "AS", "iso_country": "VN", "iso_region": "VN-RRD", "wikipedia_link": "https://en.wikipedia.org/wiki/Noi_Bai_International_Airport" }, "geometry": { "type": "Point", "coordinates": [ 105.805, 21.218 ] } },
{ "type": "Feature", "properties": { "raw_text": "METAR VVPQ 280130Z 14005KT 9999 SCT015 31/28 Q1011 NOSIG", "station_id": "VVPQ", "observation_time": "2026-04-28T01:30:00.000Z", "latitude": 10.169, "longitude": 103.995, "temp_c": 31.0, "dewpoint_c": 28.0, "wind_dir_degrees": 140.0, "wind_speed_kt": 5.0, "wind_gust_kt": 0.0, "visibility_statute_mi": 6.0, "altim_in_hg": 29.85, "sea_level_pressure_mb": 0.0, "quality_control_flags": null, "wx_string": "", "sky_condition": null, "flight_category": "VFR", "three_hr_pressure_tendency_mb": 0.0, "maxT_c": 0.0, "minT_c": 0.0, "maxT24hr_c": 0.0, "minT24hr_c": 0.0, "precip_in": 0.0, "pcp3hr_in": 0.0, "pcp6hr_in": 0.0, "pcp24hr_in": 0.0, "snow_in": 0.0, "vert_vis_ft": 0.0, "metar_type": "METAR", "elevation_m": 8.0, "municipality": "Phu Quoc Island", "continent": "AS", "iso_country": "VN", "iso_region": "VN-SW", "wikipedia_link": "https://en.wikipedia.org/wiki/Phu_Quoc_International_Airport" }, "geometry": { "type": "Point", "coordinates": [ 103.995, 10.169 ] } },
{ "type": "Feature", "properties": { "raw_text": "METAR VVTS 280130Z 12009KT 9999 FEW022 31/26 Q1010 NOSIG", "station_id": "VVTS", "observation_time": "2026-04-28T01:30:00.000Z", "latitude": 10.817, "longitude": 106.667, "temp_c": 31.0, "dewpoint_c": 26.0, "wind_dir_degrees": 120.0, "wind_speed_kt": 9.0, "wind_gust_kt": 0.0, "visibility_statute_mi": 6.0, "altim_in_hg": 29.82, "sea_level_pressure_mb": 0.0, "quality_control_flags": null, "wx_string": "", "sky_condition": null, "flight_category": "VFR", "three_hr_pressure_tendency_mb": 0.0, "maxT_c": 0.0, "minT_c": 0.0, "maxT24hr_c": 0.0, "minT24hr_c": 0.0, "precip_in": 0.0, "pcp3hr_in": 0.0, "pcp6hr_in": 0.0, "pcp24hr_in": 0.0, "snow_in": 0.0, "vert_vis_ft": 0.0, "metar_type": "METAR", "elevation_m": 10.0, "municipality": "Ho Chi Minh City", "continent": "AS", "iso_country": "VN", "iso_region": "VN-SE", "wikipedia_link": "https://en.wikipedia.org/wiki/Tan_Son_Nhat_International_Airport" }, "geometry": { "type": "Point", "coordinates": [ 106.667, 10.817 ] } },
{ "type": "Feature", "properties": { "raw_text": "METAR VYMD 280130Z 14004KT 6000 BKN018 FEW020CB BKN110 27/23 Q1006 NOSIG", "station_id": "VYMD", "observation_time": "2026-04-28T01:30:00.000Z", "latitude": 21.702, "longitude": 95.978, "temp_c": 27.0, "dewpoint_c": 23.0, "wind_dir_degrees": 140.0, "wind_speed_kt": 4.0, "wind_gust_kt": 0.0, "visibility_statute_mi": 3.73, "altim_in_hg": 29.7, "sea_level_pressure_mb": 0.0, "quality_control_flags": null, "wx_string": "", "sky_condition": null, "flight_category": "MVFR", "three_hr_pressure_tendency_mb": 0.0, "maxT_c": 0.0, "minT_c": 0.0, "maxT24hr_c": 0.0, "minT24hr_c": 0.0, "precip_in": 0.0, "pcp3hr_in": 0.0, "pcp6hr_in": 0.0, "pcp24hr_in": 0.0, "snow_in": 0.0, "vert_vis_ft": 0.0, "metar_type": "METAR", "elevation_m": 87.0, "municipality": "Mandalay", "continent": "AS", "iso_country": "MM", "iso_region": "MM-04", "wikipedia_link": "https://en.wikipedia.org/wiki/Mandalay_International_Airport" }, "geometry": { "type": "Point", "coordinates": [ 95.978, 21.702 ] } },
{ "type": "Feature", "properties": { "raw_text": "METAR VYYY 280130Z 24003KT 7000 SCT018 FEW020TCU 28/25 Q1010 NOSIG", "station_id": "VYYY", "observation_time": "2026-04-28T01:30:00.000Z", "latitude": 16.906, "longitude": 96.137, "temp_c": 28.0, "dewpoint_c": 25.0, "wind_dir_degrees": 240.0, "wind_speed_kt": 3.0, "wind_gust_kt": 0.0, "visibility_statute_mi": 4.35, "altim_in_hg": 29.82, "sea_level_pressure_mb": 0.0, "quality_control_flags": null, "wx_string": "", "sky_condition": null, "flight_category": "MVFR", "three_hr_pressure_tendency_mb": 0.0, "maxT_c": 0.0, "minT_c": 0.0, "maxT24hr_c": 0.0, "minT24hr_c": 0.0, "precip_in": 0.0, "pcp3hr_in": 0.0, "pcp6hr_in": 0.0, "pcp24hr_in": 0.0, "snow_in": 0.0, "vert_vis_ft": 0.0, "metar_type": "METAR", "elevation_m": 31.0, "municipality": "Yangon", "continent": "AS", "iso_country": "MM", "iso_region": "MM-06", "wikipedia_link": "https://en.wikipedia.org/wiki/Yangon_International_Airport" }, "geometry": { "type": "Point", "coordinates": [ 96.137, 16.906 ] } },
{ "type": "Feature", "properties": { "raw_text": "METAR WAAA 280130Z 36003KT 9999 FEW019 30/25 Q1010 NOSIG", "station_id": "WAAA", "observation_time": "2026-04-28T01:30:00.000Z", "latitude": -5.062, "longitude": 119.554, "temp_c": 30.0, "dewpoint_c": 25.0, "wind_dir_degrees": 360.0, "wind_speed_kt": 3.0, "wind_gust_kt": 0.0, "visibility_statute_mi": 6.0, "altim_in_hg": 29.82, "sea_level_pressure_mb": 0.0, "quality_control_flags": null, "wx_string": "", "sky_condition": null, "flight_category": "VFR", "three_hr_pressure_tendency_mb": 0.0, "maxT_c": 0.0, "minT_c": 0.0, "maxT24hr_c": 0.0, "minT24hr_c": 0.0, "precip_in": 0.0, "pcp3hr_in": 0.0, "pcp6hr_in": 0.0, "pcp24hr_in": 0.0, "snow_in": 0.0, "vert_vis_ft": 0.0, "metar_type": "METAR", "elevation_m": 13.0, "municipality": "Makassar", "continent": "AS", "iso_country": "ID", "iso_region": "ID-SN", "wikipedia_link": "https://en.wikipedia.org/wiki/Sultan_Hasanuddin_International_Airport" }, "geometry": { "type": "Point", "coordinates": [ 119.554, -5.062 ] } },
{ "type": "Feature", "properties": { "raw_text": "METAR WADD 280130Z 11005KT 9999 FEW016 28/26 Q1010 NOSIG", "station_id": "WADD", "observation_time": "2026-04-28T01:30:00.000Z", "latitude": -8.748, "longitude": 115.167, "temp_c": 28.0, "dewpoint_c": 26.0, "wind_dir_degrees": 110.0, "wind_speed_kt": 5.0, "wind_gust_kt": 0.0, "visibility_statute_mi": 6.0, "altim_in_hg": 29.82, "sea_level_pressure_mb": 0.0, "quality_control_flags": null, "wx_string": "", "sky_condition": null, "flight_category": "VFR", "three_hr_pressure_tendency_mb": 0.0, "maxT_c": 0.0, "minT_c": 0.0, "maxT24hr_c": 0.0, "minT24hr_c": 0.0, "precip_in": 0.0, "pcp3hr_in": 0.0, "pcp6hr_in": 0.0, "pcp24hr_in": 0.0, "snow_in": 0.0, "vert_vis_ft": 0.0, "metar_type": "METAR", "elevation_m": 3.0, "municipality": "Kuta, Badung", "continent": "AS", "iso_country": "ID", "iso_region": "ID-BA", "wikipedia_link": "https://en.wikipedia.org/wiki/Ngurah_Rai_International_Airport" }, "geometry": { "type": "Point", "coordinates": [ 115.167, -8.748 ] } },
{ "type": "Feature", "properties": { "raw_text": "METAR WADL 280130Z 10008KT 8000 BKN016 29/24 Q1010 NOSIG", "station_id": "WADL", "observation_time": "2026-04-28T01:30:00.000Z", "latitude": -8.757, "longitude": 116.277, "temp_c": 29.0, "dewpoint_c": 24.0, "wind_dir_degrees": 100.0, "wind_speed_kt": 8.0, "wind_gust_kt": 0.0, "visibility_statute_mi": 4.97, "altim_in_hg": 29.82, "sea_level_pressure_mb": 0.0, "quality_control_flags": null, "wx_string": "", "sky_condition": null, "flight_category": "MVFR", "three_hr_pressure_tendency_mb": 0.0, "maxT_c": 0.0, "minT_c": 0.0, "maxT24hr_c": 0.0, "minT24hr_c": 0.0, "precip_in": 0.0, "pcp3hr_in": 0.0, "pcp6hr_in": 0.0, "pcp24hr_in": 0.0, "snow_in": 0.0, "vert_vis_ft": 0.0, "metar_type": "METAR", "elevation_m": 97.0, "municipality": "Mataram (Pujut, Lombok Tengah)", "continent": "AS", "iso_country": "ID", "iso_region": "ID-NB", "wikipedia_link": "https://en.wikipedia.org/wiki/Lombok_International_Airport" }, "geometry": { "type": "Point", "coordinates": [ 116.277, -8.757 ] } },
{ "type": "Feature", "properties": { "raw_text": "METAR WAHI 280130Z VRB03KT 7000 BKN015 28/26 Q1010 RERA NOSIG", "station_id": "WAHI", "observation_time": "2026-04-28T01:30:00.000Z", "latitude": -7.9041, "longitude": 110.0575, "temp_c": 28.0, "dewpoint_c": 26.0, "wind_dir_degrees": 0.0, "wind_speed_kt": 3.0, "wind_gust_kt": 0.0, "visibility_statute_mi": 4.35, "altim_in_hg": 29.82, "sea_level_pressure_mb": 0.0, "quality_control_flags": null, "wx_string": "", "sky_condition": null, "flight_category": "MVFR", "three_hr_pressure_tendency_mb": 0.0, "maxT_c": 0.0, "minT_c": 0.0, "maxT24hr_c": 0.0, "minT24hr_c": 0.0, "precip_in": 0.0, "pcp3hr_in": 0.0, "pcp6hr_in": 0.0, "pcp24hr_in": 0.0, "snow_in": 0.0, "vert_vis_ft": 0.0, "metar_type": "METAR", "elevation_m": 7.0, "municipality": "Yogyakarta", "continent": "AS", "iso_country": "ID", "iso_region": "ID-YO", "wikipedia_link": "https://en.wikipedia.org/wiki/Yogyakarta_International_Airport" }, "geometry": { "type": "Point", "coordinates": [ 110.0575, -7.9041 ] } },
{ "type": "Feature", "properties": { "raw_text": "METAR WAJJ 280130Z 15003KT 110V190 9999 SCT012 31/26 Q1008 NOSIG", "station_id": "WAJJ", "observation_time": "2026-04-28T01:30:00.000Z", "latitude": -2.573, "longitude": 140.514, "temp_c": 31.0, "dewpoint_c": 26.0, "wind_dir_degrees": 150.0, "wind_speed_kt": 3.0, "wind_gust_kt": 0.0, "visibility_statute_mi": 6.0, "altim_in_hg": 29.76, "sea_level_pressure_mb": 0.0, "quality_control_flags": null, "wx_string": "", "sky_condition": null, "flight_category": "VFR", "three_hr_pressure_tendency_mb": 0.0, "maxT_c": 0.0, "minT_c": 0.0, "maxT24hr_c": 0.0, "minT24hr_c": 0.0, "precip_in": 0.0, "pcp3hr_in": 0.0, "pcp6hr_in": 0.0, "pcp24hr_in": 0.0, "snow_in": 0.0, "vert_vis_ft": 0.0, "metar_type": "METAR", "elevation_m": 93.0, "municipality": "Sentani", "continent": "AS", "iso_country": "ID", "iso_region": "ID-PA", "wikipedia_link": "https://en.wikipedia.org/wiki/Dortheys_Hiyo_Eluay_International_Airport" }, "geometry": { "type": "Point", "coordinates": [ 140.514, -2.573 ] } },
{ "type": "Feature", "properties": { "raw_text": "METAR WALL 280130Z VRB02KT 9999 FEW020 30/26 Q1010 NOSIG", "station_id": "WALL", "observation_time": "2026-04-28T01:30:00.000Z", "latitude": -1.268, "longitude": 116.894, "temp_c": 30.0, "dewpoint_c": 26.0, "wind_dir_degrees": 0.0, "wind_speed_kt": 2.0, "wind_gust_kt": 0.0, "visibility_statute_mi": 6.0, "altim_in_hg": 29.82, "sea_level_pressure_mb": 0.0, "quality_control_flags": null, "wx_string": "", "sky_condition": null, "flight_category": "VFR", "three_hr_pressure_tendency_mb": 0.0, "maxT_c": 0.0, "minT_c": 0.0, "maxT24hr_c": 0.0, "minT24hr_c": 0.0, "precip_in": 0.0, "pcp3hr_in": 0.0, "pcp6hr_in": 0.0, "pcp24hr_in": 0.0, "snow_in": 0.0, "vert_vis_ft": 0.0, "metar_type": "METAR", "elevation_m": 3.0, "municipality": "Balikpapan", "continent": "AS", "iso_country": "ID", "iso_region": "ID-KI", "wikipedia_link": "https://en.wikipedia.org/wiki/Sultan_Aji_Muhamad_Sulaiman_Airport" }, "geometry": { "type": "Point", "coordinates": [ 116.894, -1.268 ] } },
{ "type": "Feature", "properties": { "raw_text": "METAR WAMM 280130Z COR 12003KT 090V180 5000 -RA FEW017CB SCT018 28/25 Q1013 TEMPO TL0230 5000 RA NSC RMK CB IN APCH", "station_id": "WAMM", "observation_time": "2026-04-28T01:30:00.000Z", "latitude": 1.541, "longitude": 124.926, "temp_c": 28.0, "dewpoint_c": 25.0, "wind_dir_degrees": 120.0, "wind_speed_kt": 3.0, "wind_gust_kt": 0.0, "visibility_statute_mi": 3.11, "altim_in_hg": 29.91, "sea_level_pressure_mb": 0.0, "quality_control_flags": null, "wx_string": "-RA", "sky_condition": null, "flight_category": "MVFR", "three_hr_pressure_tendency_mb": 0.0, "maxT_c": 0.0, "minT_c": 0.0, "maxT24hr_c": 0.0, "minT24hr_c": 0.0, "precip_in": 0.0, "pcp3hr_in": 0.0, "pcp6hr_in": 0.0, "pcp24hr_in": 0.0, "snow_in": 0.0, "vert_vis_ft": 0.0, "metar_type": "METAR", "elevation_m": 86.0, "municipality": "Manado", "continent": "AS", "iso_country": "ID", "iso_region": "ID-SA", "wikipedia_link": "https://en.wikipedia.org/wiki/Sam_Ratulangi_Airport" }, "geometry": { "type": "Point", "coordinates": [ 124.926, 1.541 ] } },
{ "type": "Feature", "properties": { "raw_text": "METAR WAOO 280130Z COR 04007KT 9999 SCT015 28/25 Q1010 NOSIG", "station_id": "WAOO", "observation_time": "2026-04-28T01:30:00.000Z", "latitude": -3.44, "longitude": 114.759, "temp_c": 28.0, "dewpoint_c": 25.0, "wind_dir_degrees": 40.0, "wind_speed_kt": 7.0, "wind_gust_kt": 0.0, "visibility_statute_mi": 6.0, "altim_in_hg": 29.82, "sea_level_pressure_mb": 0.0, "quality_control_flags": null, "wx_string": "", "sky_condition": null, "flight_category": "VFR", "three_hr_pressure_tendency_mb": 0.0, "maxT_c": 0.0, "minT_c": 0.0, "maxT24hr_c": 0.0, "minT24hr_c": 0.0, "precip_in": 0.0, "pcp3hr_in": 0.0, "pcp6hr_in": 0.0, "pcp24hr_in": 0.0, "snow_in": 0.0, "vert_vis_ft": 0.0, "metar_type": "METAR", "elevation_m": 23.0, "municipality": "Banjarbaru", "continent": "AS", "iso_country": "ID", "iso_region": "ID-KS", "wikipedia_link": "https://en.wikipedia.org/wiki/Syamsudin_Noor_Airport" }, "geometry": { "type": "Point", "coordinates": [ 114.759, -3.44 ] } },
{ "type": "Feature", "properties": { "raw_text": "METAR WAPP 280130Z 15004KT 9999 SCT017 30/26 Q1010 NOSIG", "station_id": "WAPP", "observation_time": "2026-04-28T01:30:00.000Z", "latitude": -3.71, "longitude": 128.089, "temp_c": 30.0, "dewpoint_c": 26.0, "wind_dir_degrees": 150.0, "wind_speed_kt": 4.0, "wind_gust_kt": 0.0, "visibility_statute_mi": 6.0, "altim_in_hg": 29.82, "sea_level_pressure_mb": 0.0, "quality_control_flags": null, "wx_string": "", "sky_condition": null, "flight_category": "VFR", "three_hr_pressure_tendency_mb": 0.0, "maxT_c": 0.0, "minT_c": 0.0, "maxT24hr_c": 0.0, "minT24hr_c": 0.0, "precip_in": 0.0, "pcp3hr_in": 0.0, "pcp6hr_in": 0.0, "pcp24hr_in": 0.0, "snow_in": 0.0, "vert_vis_ft": 0.0, "metar_type": "METAR", "elevation_m": 20.0, "municipality": "Ambon", "continent": "AS", "iso_country": "ID", "iso_region": "ID-MA", "wikipedia_link": "https://en.wikipedia.org/wiki/Pattimura_Airport" }, "geometry": { "type": "Point", "coordinates": [ 128.089, -3.71 ] } },
{ "type": "Feature", "properties": { "raw_text": "METAR WARR 280130Z VRB02KT 8000 FEW020 29/26 Q1010 NOSIG", "station_id": "WARR", "observation_time": "2026-04-28T01:30:00.000Z", "latitude": -7.38, "longitude": 112.787, "temp_c": 29.0, "dewpoint_c": 26.0, "wind_dir_degrees": 0.0, "wind_speed_kt": 2.0, "wind_gust_kt": 0.0, "visibility_statute_mi": 4.97, "altim_in_hg": 29.82, "sea_level_pressure_mb": 0.0, "quality_control_flags": null, "wx_string": "", "sky_condition": null, "flight_category": "MVFR", "three_hr_pressure_tendency_mb": 0.0, "maxT_c": 0.0, "minT_c": 0.0, "maxT24hr_c": 0.0, "minT24hr_c": 0.0, "precip_in": 0.0, "pcp3hr_in": 0.0, "pcp6hr_in": 0.0, "pcp24hr_in": 0.0, "snow_in": 0.0, "vert_vis_ft": 0.0, "metar_type": "METAR", "elevation_m": 3.0, "municipality": "Surabaya", "continent": "AS", "iso_country": "ID", "iso_region": "ID-JI", "wikipedia_link": "https://en.wikipedia.org/wiki/Juanda_International_Airport" }, "geometry": { "type": "Point", "coordinates": [ 112.787, -7.38 ] } },
{ "type": "Feature", "properties": { "raw_text": "METAR WAHS 280130Z 06002KT 7000 SCT014 29/25 Q1010 NOSIG", "station_id": "WAHS", "observation_time": "2026-04-28T01:30:00.000Z", "latitude": -6.973, "longitude": 110.375, "temp_c": 29.0, "dewpoint_c": 25.0, "wind_dir_degrees": 60.0, "wind_speed_kt": 2.0, "wind_gust_kt": 0.0, "visibility_statute_mi": 4.35, "altim_in_hg": 29.82, "sea_level_pressure_mb": 0.0, "quality_control_flags": null, "wx_string": "", "sky_condition": null, "flight_category": "MVFR", "three_hr_pressure_tendency_mb": 0.0, "maxT_c": 0.0, "minT_c": 0.0, "maxT24hr_c": 0.0, "minT24hr_c": 0.0, "precip_in": 0.0, "pcp3hr_in": 0.0, "pcp6hr_in": 0.0, "pcp24hr_in": 0.0, "snow_in": 0.0, "vert_vis_ft": 0.0, "metar_type": "METAR", "elevation_m": 3.0, "municipality": "Semarang", "continent": "AS", "iso_country": "ID", "iso_region": "ID-JT", "wikipedia_link": "https://en.wikipedia.org/wiki/Achmad_Yani_Airport" }, "geometry": { "type": "Point", "coordinates": [ 110.375, -6.973 ] } },
{ "type": "Feature", "properties": { "raw_text": "METAR WBGG 280130Z 11003KT 050V170 9999 FEW012 28/25 Q1010 NOSIG", "station_id": "WBGG", "observation_time": "2026-04-28T01:30:00.000Z", "latitude": 1.484, "longitude": 110.34, "temp_c": 28.0, "dewpoint_c": 25.0, "wind_dir_degrees": 110.0, "wind_speed_kt": 3.0, "wind_gust_kt": 0.0, "visibility_statute_mi": 6.0, "altim_in_hg": 29.82, "sea_level_pressure_mb": 0.0, "quality_control_flags": null, "wx_string": "", "sky_condition": null, "flight_category": "VFR", "three_hr_pressure_tendency_mb": 0.0, "maxT_c": 0.0, "minT_c": 0.0, "maxT24hr_c": 0.0, "minT24hr_c": 0.0, "precip_in": 0.0, "pcp3hr_in": 0.0, "pcp6hr_in": 0.0, "pcp24hr_in": 0.0, "snow_in": 0.0, "vert_vis_ft": 0.0, "metar_type": "METAR", "elevation_m": 26.0, "municipality": "Kuching", "continent": "AS", "iso_country": "MY", "iso_region": "MY-13", "wikipedia_link": "https://en.wikipedia.org/wiki/Kuching_International_Airport" }, "geometry": { "type": "Point", "coordinates": [ 110.34, 1.484 ] } },
{ "type": "Feature", "properties": { "raw_text": "METAR WBKK 280130Z 31003KT 230V030 9999 FEW014 31/26 Q1009 NOSIG", "station_id": "WBKK", "observation_time": "2026-04-28T01:30:00.000Z", "latitude": 5.937, "longitude": 116.051, "temp_c": 31.0, "dewpoint_c": 26.0, "wind_dir_degrees": 310.0, "wind_speed_kt": 3.0, "wind_gust_kt": 0.0, "visibility_statute_mi": 6.0, "altim_in_hg": 29.79, "sea_level_pressure_mb": 0.0, "quality_control_flags": null, "wx_string": "", "sky_condition": null, "flight_category": "VFR", "three_hr_pressure_tendency_mb": 0.0, "maxT_c": 0.0, "minT_c": 0.0, "maxT24hr_c": 0.0, "minT24hr_c": 0.0, "precip_in": 0.0, "pcp3hr_in": 0.0, "pcp6hr_in": 0.0, "pcp24hr_in": 0.0, "snow_in": 0.0, "vert_vis_ft": 0.0, "metar_type": "METAR", "elevation_m": 9.0, "municipality": "Kota Kinabalu", "continent": "AS", "iso_country": "MY", "iso_region": "MY-12", "wikipedia_link": "https://en.wikipedia.org/wiki/Kota_Kinabalu_International_Airport" }, "geometry": { "type": "Point", "coordinates": [ 116.051, 5.937 ] } },
{ "type": "Feature", "properties": { "raw_text": "METAR WBSB 280130Z 18007KT 9999 TS FEW015 FEW016CB BKN300 30/26 Q1011 NOSIG", "station_id": "WBSB", "observation_time": "2026-04-28T01:30:00.000Z", "latitude": 4.944, "longitude": 114.928, "temp_c": 30.0, "dewpoint_c": 26.0, "wind_dir_degrees": 180.0, "wind_speed_kt": 7.0, "wind_gust_kt": 0.0, "visibility_statute_mi": 6.0, "altim_in_hg": 29.85, "sea_level_pressure_mb": 0.0, "quality_control_flags": null, "wx_string": "TS", "sky_condition": null, "flight_category": "VFR", "three_hr_pressure_tendency_mb": 0.0, "maxT_c": 0.0, "minT_c": 0.0, "maxT24hr_c": 0.0, "minT24hr_c": 0.0, "precip_in": 0.0, "pcp3hr_in": 0.0, "pcp6hr_in": 0.0, "pcp24hr_in": 0.0, "snow_in": 0.0, "vert_vis_ft": 0.0, "metar_type": "METAR", "elevation_m": 15.0, "municipality": "Bandar Seri Begawan", "continent": "AS", "iso_country": "BN", "iso_region": "BN-BM", "wikipedia_link": "https://en.wikipedia.org/wiki/Brunei_International_Airport" }, "geometry": { "type": "Point", "coordinates": [ 114.928, 4.944 ] } },
{ "type": "Feature", "properties": { "raw_text": "METAR WIDD 280130Z 07007KT 9999 SCT014 30/26 Q1010 NOSIG", "station_id": "WIDD", "observation_time": "2026-04-28T01:30:00.000Z", "latitude": 1.121, "longitude": 104.119, "temp_c": 30.0, "dewpoint_c": 26.0, "wind_dir_degrees": 70.0, "wind_speed_kt": 7.0, "wind_gust_kt": 0.0, "visibility_statute_mi": 6.0, "altim_in_hg": 29.82, "sea_level_pressure_mb": 0.0, "quality_control_flags": null, "wx_string": "", "sky_condition": null, "flight_category": "VFR", "three_hr_pressure_tendency_mb": 0.0, "maxT_c": 0.0, "minT_c": 0.0, "maxT24hr_c": 0.0, "minT24hr_c": 0.0, "precip_in": 0.0, "pcp3hr_in": 0.0, "pcp6hr_in": 0.0, "pcp24hr_in": 0.0, "snow_in": 0.0, "vert_vis_ft": 0.0, "metar_type": "METAR", "elevation_m": 26.0, "municipality": "Batam", "continent": "AS", "iso_country": "ID", "iso_region": "ID-KR", "wikipedia_link": "https://en.wikipedia.org/wiki/Hang_Nadim_Airport" }, "geometry": { "type": "Point", "coordinates": [ 104.119, 1.121 ] } },
{ "type": "Feature", "properties": { "raw_text": "METAR WIHH 280130Z 17005KT 4000 HZ BKN015 27/26 Q1010 RMK RA TO W", "station_id": "WIHH", "observation_time": "2026-04-28T01:30:00.000Z", "latitude": -6.267, "longitude": 106.891, "temp_c": 27.0, "dewpoint_c": 26.0, "wind_dir_degrees": 170.0, "wind_speed_kt": 5.0, "wind_gust_kt": 0.0, "visibility_statute_mi": 2.49, "altim_in_hg": 29.82, "sea_level_pressure_mb": 0.0, "quality_control_flags": null, "wx_string": "HZ", "sky_condition": null, "flight_category": "IFR", "three_hr_pressure_tendency_mb": 0.0, "maxT_c": 0.0, "minT_c": 0.0, "maxT24hr_c": 0.0, "minT24hr_c": 0.0, "precip_in": 0.0, "pcp3hr_in": 0.0, "pcp6hr_in": 0.0, "pcp24hr_in": 0.0, "snow_in": 0.0, "vert_vis_ft": 0.0, "metar_type": "METAR", "elevation_m": 26.0, "municipality": "Jakarta", "continent": "AS", "iso_country": "ID", "iso_region": "ID-JK", "wikipedia_link": "https://en.wikipedia.org/wiki/Halim_Perdanakusuma_International_Airport" }, "geometry": { "type": "Point", "coordinates": [ 106.891, -6.267 ] } },
{ "type": "Feature", "properties": { "raw_text": "METAR WIII 280130Z 14004KT 3000 -RA BR BKN020 26/25 Q1010 NOSIG", "station_id": "WIII", "observation_time": "2026-04-28T01:30:00.000Z", "latitude": -6.125, "longitude": 106.659, "temp_c": 26.0, "dewpoint_c": 25.0, "wind_dir_degrees": 140.0, "wind_speed_kt": 4.0, "wind_gust_kt": 0.0, "visibility_statute_mi": 1.86, "altim_in_hg": 29.82, "sea_level_pressure_mb": 0.0, "quality_control_flags": null, "wx_string": "-RA BR", "sky_condition": null, "flight_category": "IFR", "three_hr_pressure_tendency_mb": 0.0, "maxT_c": 0.0, "minT_c": 0.0, "maxT24hr_c": 0.0, "minT24hr_c": 0.0, "precip_in": 0.0, "pcp3hr_in": 0.0, "pcp6hr_in": 0.0, "pcp24hr_in": 0.0, "snow_in": 0.0, "vert_vis_ft": 0.0, "metar_type": "METAR", "elevation_m": 9.0, "municipality": "Jakarta", "continent": "AS", "iso_country": "ID", "iso_region": "ID-BT", "wikipedia_link": "https://en.wikipedia.org/wiki/Soekarno-Hatta_International_Airport" }, "geometry": { "type": "Point", "coordinates": [ 106.659, -6.125 ] } },
{ "type": "Feature", "properties": { "raw_text": "METAR WIMM 280130Z 16003KT 130V190 8000 FEW020 29/25 Q1009 NOSIG", "station_id": "WIMM", "observation_time": "2026-04-28T01:30:00.000Z", "latitude": 3.636, "longitude": 98.874, "temp_c": 29.0, "dewpoint_c": 25.0, "wind_dir_degrees": 160.0, "wind_speed_kt": 3.0, "wind_gust_kt": 0.0, "visibility_statute_mi": 4.97, "altim_in_hg": 29.79, "sea_level_pressure_mb": 0.0, "quality_control_flags": null, "wx_string": "", "sky_condition": null, "flight_category": "MVFR", "three_hr_pressure_tendency_mb": 0.0, "maxT_c": 0.0, "minT_c": 0.0, "maxT24hr_c": 0.0, "minT24hr_c": 0.0, "precip_in": 0.0, "pcp3hr_in": 0.0, "pcp6hr_in": 0.0, "pcp24hr_in": 0.0, "snow_in": 0.0, "vert_vis_ft": 0.0, "metar_type": "METAR", "elevation_m": 7.0, "municipality": "Beringin", "continent": "AS", "iso_country": "ID", "iso_region": "ID-SU", "wikipedia_link": "https://en.wikipedia.org/wiki/Kualanamu_International_Airport" }, "geometry": { "type": "Point", "coordinates": [ 98.874, 3.636 ] } },
{ "type": "Feature", "properties": { "raw_text": "METAR WIOO 280130Z 06004KT 9999 FEW012 28/25 Q1010 NOSIG", "station_id": "WIOO", "observation_time": "2026-04-28T01:30:00.000Z", "latitude": -0.151, "longitude": 109.404, "temp_c": 28.0, "dewpoint_c": 25.0, "wind_dir_degrees": 60.0, "wind_speed_kt": 4.0, "wind_gust_kt": 0.0, "visibility_statute_mi": 6.0, "altim_in_hg": 29.82, "sea_level_pressure_mb": 0.0, "quality_control_flags": null, "wx_string": "", "sky_condition": null, "flight_category": "VFR", "three_hr_pressure_tendency_mb": 0.0, "maxT_c": 0.0, "minT_c": 0.0, "maxT24hr_c": 0.0, "minT24hr_c": 0.0, "precip_in": 0.0, "pcp3hr_in": 0.0, "pcp6hr_in": 0.0, "pcp24hr_in": 0.0, "snow_in": 0.0, "vert_vis_ft": 0.0, "metar_type": "METAR", "elevation_m": 4.0, "municipality": "Pontianak", "continent": "AS", "iso_country": "ID", "iso_region": "ID-KB", "wikipedia_link": "https://en.wikipedia.org/wiki/Supadio_Airport" }, "geometry": { "type": "Point", "coordinates": [ 109.404, -0.151 ] } },
{ "type": "Feature", "properties": { "raw_text": "METAR WITT 280100Z 16003KT 130V190 1900 TSBR VV005 25/25 Q1009 NOSIG", "station_id": "WITT", "observation_time": "2026-04-28T01:00:00.000Z", "latitude": 5.524, "longitude": 95.42, "temp_c": 25.0, "dewpoint_c": 25.0, "wind_dir_degrees": 160.0, "wind_speed_kt": 3.0, "wind_gust_kt": 0.0, "visibility_statute_mi": 1.18, "altim_in_hg": 29.79, "sea_level_pressure_mb": 0.0, "quality_control_flags": null, "wx_string": "TS BR", "sky_condition": null, "flight_category": "IFR", "three_hr_pressure_tendency_mb": 0.0, "maxT_c": 0.0, "minT_c": 0.0, "maxT24hr_c": 0.0, "minT24hr_c": 0.0, "precip_in": 0.0, "pcp3hr_in": 0.0, "pcp6hr_in": 0.0, "pcp24hr_in": 0.0, "snow_in": 0.0, "vert_vis_ft": 5.0, "metar_type": "METAR", "elevation_m": 21.0, "municipality": "Banda Aceh", "continent": "AS", "iso_country": "ID", "iso_region": "ID-AC", "wikipedia_link": "https://en.wikipedia.org/wiki/Sultan_Iskandar_Muda_International_Airport" }, "geometry": { "type": "Point", "coordinates": [ 95.42, 5.524 ] } },
{ "type": "Feature", "properties": { "raw_text": "METAR WMKI 280100Z 03007KT 360V070 9999 FEW019 28/23 Q1009", "station_id": "WMKI", "observation_time": "2026-04-28T01:00:00.000Z", "latitude": 4.568, "longitude": 101.092, "temp_c": 28.0, "dewpoint_c": 23.0, "wind_dir_degrees": 30.0, "wind_speed_kt": 7.0, "wind_gust_kt": 0.0, "visibility_statute_mi": 6.0, "altim_in_hg": 29.79, "sea_level_pressure_mb": 0.0, "quality_control_flags": null, "wx_string": "", "sky_condition": null, "flight_category": "VFR", "three_hr_pressure_tendency_mb": 0.0, "maxT_c": 0.0, "minT_c": 0.0, "maxT24hr_c": 0.0, "minT24hr_c": 0.0, "precip_in": 0.0, "pcp3hr_in": 0.0, "pcp6hr_in": 0.0, "pcp24hr_in": 0.0, "snow_in": 0.0, "vert_vis_ft": 0.0, "metar_type": "METAR", "elevation_m": 37.0, "municipality": "Ipoh", "continent": "AS", "iso_country": "MY", "iso_region": "MY-08", "wikipedia_link": "https://en.wikipedia.org/wiki/Sultan_Azlan_Shah_Airport" }, "geometry": { "type": "Point", "coordinates": [ 101.092, 4.568 ] } },
{ "type": "Feature", "properties": { "raw_text": "METAR WMKJ 280100Z COR VRB01KT 9999 FEW018 27/25 Q1009", "station_id": "WMKJ", "observation_time": "2026-04-28T01:00:00.000Z", "latitude": 1.641, "longitude": 103.67, "temp_c": 27.0, "dewpoint_c": 25.0, "wind_dir_degrees": 0.0, "wind_speed_kt": 1.0, "wind_gust_kt": 0.0, "visibility_statute_mi": 6.0, "altim_in_hg": 29.79, "sea_level_pressure_mb": 0.0, "quality_control_flags": null, "wx_string": "", "sky_condition": null, "flight_category": "VFR", "three_hr_pressure_tendency_mb": 0.0, "maxT_c": 0.0, "minT_c": 0.0, "maxT24hr_c": 0.0, "minT24hr_c": 0.0, "precip_in": 0.0, "pcp3hr_in": 0.0, "pcp6hr_in": 0.0, "pcp24hr_in": 0.0, "snow_in": 0.0, "vert_vis_ft": 0.0, "metar_type": "METAR", "elevation_m": 38.0, "municipality": "Johor Bahru", "continent": "AS", "iso_country": "MY", "iso_region": "MY-01", "wikipedia_link": "https://en.wikipedia.org/wiki/Senai_International_Airport" }, "geometry": { "type": "Point", "coordinates": [ 103.67, 1.641 ] } },
{ "type": "Feature", "properties": { "raw_text": "METAR WMKK 280130Z 12006KT 070V170 9999 FEW018 30/25 Q1009 NOSIG", "station_id": "WMKK", "observation_time": "2026-04-28T01:30:00.000Z", "latitude": 2.747, "longitude": 101.714, "temp_c": 30.0, "dewpoint_c": 25.0, "wind_dir_degrees": 120.0, "wind_speed_kt": 6.0, "wind_gust_kt": 0.0, "visibility_statute_mi": 6.0, "altim_in_hg": 29.79, "sea_level_pressure_mb": 0.0, "quality_control_flags": null, "wx_string": "", "sky_condition": null, "flight_category": "VFR", "three_hr_pressure_tendency_mb": 0.0, "maxT_c": 0.0, "minT_c": 0.0, "maxT24hr_c": 0.0, "minT24hr_c": 0.0, "precip_in": 0.0, "pcp3hr_in": 0.0, "pcp6hr_in": 0.0, "pcp24hr_in": 0.0, "snow_in": 0.0, "vert_vis_ft": 0.0, "metar_type": "METAR", "elevation_m": 21.0, "municipality": "Sepang", "continent": "AS", "iso_country": "MY", "iso_region": "MY-10", "wikipedia_link": "https://en.wikipedia.org/wiki/Kuala_Lumpur_International_Airport" }, "geometry": { "type": "Point", "coordinates": [ 101.714, 2.747 ] } },
{ "type": "Feature", "properties": { "raw_text": "METAR WMKL 280100Z VRB02KT 9999 FEW022 28/25 Q1009", "station_id": "WMKL", "observation_time": "2026-04-28T01:00:00.000Z", "latitude": 6.33, "longitude": 99.729, "temp_c": 28.0, "dewpoint_c": 25.0, "wind_dir_degrees": 0.0, "wind_speed_kt": 2.0, "wind_gust_kt": 0.0, "visibility_statute_mi": 6.0, "altim_in_hg": 29.79, "sea_level_pressure_mb": 0.0, "quality_control_flags": null, "wx_string": "", "sky_condition": null, "flight_category": "VFR", "three_hr_pressure_tendency_mb": 0.0, "maxT_c": 0.0, "minT_c": 0.0, "maxT24hr_c": 0.0, "minT24hr_c": 0.0, "precip_in": 0.0, "pcp3hr_in": 0.0, "pcp6hr_in": 0.0, "pcp24hr_in": 0.0, "snow_in": 0.0, "vert_vis_ft": 0.0, "metar_type": "METAR", "elevation_m": 4.0, "municipality": "Langkawi", "continent": "AS", "iso_country": "MY", "iso_region": "MY-02", "wikipedia_link": "https://en.wikipedia.org/wiki/Langkawi_International_Airport" }, "geometry": { "type": "Point", "coordinates": [ 99.729, 6.33 ] } },
{ "type": "Feature", "properties": { "raw_text": "METAR WMKP 280130Z 06003KT 020V080 8000 FEW020 30/23 Q1009 NOSIG", "station_id": "WMKP", "observation_time": "2026-04-28T01:30:00.000Z", "latitude": 5.297, "longitude": 100.277, "temp_c": 30.0, "dewpoint_c": 23.0, "wind_dir_degrees": 60.0, "wind_speed_kt": 3.0, "wind_gust_kt": 0.0, "visibility_statute_mi": 4.97, "altim_in_hg": 29.79, "sea_level_pressure_mb": 0.0, "quality_control_flags": null, "wx_string": "", "sky_condition": null, "flight_category": "MVFR", "three_hr_pressure_tendency_mb": 0.0, "maxT_c": 0.0, "minT_c": 0.0, "maxT24hr_c": 0.0, "minT24hr_c": 0.0, "precip_in": 0.0, "pcp3hr_in": 0.0, "pcp6hr_in": 0.0, "pcp24hr_in": 0.0, "snow_in": 0.0, "vert_vis_ft": 0.0, "metar_type": "METAR", "elevation_m": 4.0, "municipality": "Penang", "continent": "AS", "iso_country": "MY", "iso_region": "MY-07", "wikipedia_link": "https://en.wikipedia.org/wiki/Penang_International_Airport" }, "geometry": { "type": "Point", "coordinates": [ 100.277, 5.297 ] } },
{ "type": "Feature", "properties": { "raw_text": "METAR WMSA 280100Z VRB02KT 9999 FEW018 28/25 Q1009", "station_id": "WMSA", "observation_time": "2026-04-28T01:00:00.000Z", "latitude": 3.13, "longitude": 101.552, "temp_c": 28.0, "dewpoint_c": 25.0, "wind_dir_degrees": 0.0, "wind_speed_kt": 2.0, "wind_gust_kt": 0.0, "visibility_statute_mi": 6.0, "altim_in_hg": 29.79, "sea_level_pressure_mb": 0.0, "quality_control_flags": null, "wx_string": "", "sky_condition": null, "flight_category": "VFR", "three_hr_pressure_tendency_mb": 0.0, "maxT_c": 0.0, "minT_c": 0.0, "maxT24hr_c": 0.0, "minT24hr_c": 0.0, "precip_in": 0.0, "pcp3hr_in": 0.0, "pcp6hr_in": 0.0, "pcp24hr_in": 0.0, "snow_in": 0.0, "vert_vis_ft": 0.0, "metar_type": "METAR", "elevation_m": 19.0, "municipality": "Subang", "continent": "AS", "iso_country": "MY", "iso_region": "MY-10", "wikipedia_link": "https://en.wikipedia.org/wiki/Sultan_Abdul_Aziz_Shah_Airport" }, "geometry": { "type": "Point", "coordinates": [ 101.552, 3.13 ] } },
{ "type": "Feature", "properties": { "raw_text": "METAR WSSS 280130Z 04006KT 360V100 9999 FEW018 BKN300 30/26 Q1010 NOSIG", "station_id": "WSSS", "observation_time": "2026-04-28T01:30:00.000Z", "latitude": 1.368, "longitude": 103.982, "temp_c": 30.0, "dewpoint_c": 26.0, "wind_dir_degrees": 40.0, "wind_speed_kt": 6.0, "wind_gust_kt": 0.0, "visibility_statute_mi": 6.0, "altim_in_hg": 29.82, "sea_level_pressure_mb": 0.0, "quality_control_flags": null, "wx_string": "", "sky_condition": null, "flight_category": "VFR", "three_hr_pressure_tendency_mb": 0.0, "maxT_c": 0.0, "minT_c": 0.0, "maxT24hr_c": 0.0, "minT24hr_c": 0.0, "precip_in": 0.0, "pcp3hr_in": 0.0, "pcp6hr_in": 0.0, "pcp24hr_in": 0.0, "snow_in": 0.0, "vert_vis_ft": 0.0, "metar_type": "METAR", "elevation_m": 17.0, "municipality": "Singapore", "continent": "AS", "iso_country": "SG", "iso_region": "SG-04", "wikipedia_link": "https://en.wikipedia.org/wiki/Singapore_Changi_Airport" }, "geometry": { "type": "Point", "coordinates": [ 103.982, 1.368 ] } },
{ "type": "Feature", "properties": { "raw_text": "METAR YBBN 280130Z 17007KT 9999 -DZ VCSH FEW014 SCT026 BKN045 21/17 Q1022", "station_id": "YBBN", "observation_time": "2026-04-28T01:30:00.000Z", "latitude": -27.391, "longitude": 153.13, "temp_c": 21.0, "dewpoint_c": 17.0, "wind_dir_degrees": 170.0, "wind_speed_kt": 7.0, "wind_gust_kt": 0.0, "visibility_statute_mi": 6.0, "altim_in_hg": 30.18, "sea_level_pressure_mb": 0.0, "quality_control_flags": null, "wx_string": "-DZ VCSH", "sky_condition": null, "flight_category": "VFR", "three_hr_pressure_tendency_mb": 0.0, "maxT_c": 0.0, "minT_c": 0.0, "maxT24hr_c": 0.0, "minT24hr_c": 0.0, "precip_in": 0.0, "pcp3hr_in": 0.0, "pcp6hr_in": 0.0, "pcp24hr_in": 0.0, "snow_in": 0.0, "vert_vis_ft": 0.0, "metar_type": "METAR", "elevation_m": 3.0, "municipality": "Brisbane", "continent": "OC", "iso_country": "AU", "iso_region": "AU-QLD", "wikipedia_link": "https://en.wikipedia.org/wiki/Brisbane_Airport" }, "geometry": { "type": "Point", "coordinates": [ 153.13, -27.391 ] } },
{ "type": "Feature", "properties": { "raw_text": "METAR YBCG 280130Z AUTO 19012KT 9999 // FEW031 BKN051 BKN060 22/18 Q1023", "station_id": "YBCG", "observation_time": "2026-04-28T01:30:00.000Z", "latitude": -28.168, "longitude": 153.505, "temp_c": 22.0, "dewpoint_c": 18.0, "wind_dir_degrees": 190.0, "wind_speed_kt": 12.0, "wind_gust_kt": 0.0, "visibility_statute_mi": 6.0, "altim_in_hg": 30.21, "sea_level_pressure_mb": 0.0, "quality_control_flags": null, "wx_string": "", "sky_condition": null, "flight_category": "VFR", "three_hr_pressure_tendency_mb": 0.0, "maxT_c": 0.0, "minT_c": 0.0, "maxT24hr_c": 0.0, "minT24hr_c": 0.0, "precip_in": 0.0, "pcp3hr_in": 0.0, "pcp6hr_in": 0.0, "pcp24hr_in": 0.0, "snow_in": 0.0, "vert_vis_ft": 0.0, "metar_type": "METAR", "elevation_m": 5.0, "municipality": "Gold Coast", "continent": "OC", "iso_country": "AU", "iso_region": "AU-QLD", "wikipedia_link": "https://en.wikipedia.org/wiki/Gold_Coast_Airport" }, "geometry": { "type": "Point", "coordinates": [ 153.505, -28.168 ] } },
{ "type": "Feature", "properties": { "raw_text": "METAR YBCS 280130Z AUTO 17013KT 9999 // FEW039 SCT044 BKN068 27/21 Q1014", "station_id": "YBCS", "observation_time": "2026-04-28T01:30:00.000Z", "latitude": -16.874, "longitude": 145.745, "temp_c": 27.0, "dewpoint_c": 21.0, "wind_dir_degrees": 170.0, "wind_speed_kt": 13.0, "wind_gust_kt": 0.0, "visibility_statute_mi": 6.0, "altim_in_hg": 29.94, "sea_level_pressure_mb": 0.0, "quality_control_flags": null, "wx_string": "", "sky_condition": null, "flight_category": "VFR", "three_hr_pressure_tendency_mb": 0.0, "maxT_c": 0.0, "minT_c": 0.0, "maxT24hr_c": 0.0, "minT24hr_c": 0.0, "precip_in": 0.0, "pcp3hr_in": 0.0, "pcp6hr_in": 0.0, "pcp24hr_in": 0.0, "snow_in": 0.0, "vert_vis_ft": 0.0, "metar_type": "METAR", "elevation_m": 2.0, "municipality": "Cairns", "continent": "OC", "iso_country": "AU", "iso_region": "AU-QLD", "wikipedia_link": "https://en.wikipedia.org/wiki/Cairns_International_Airport" }, "geometry": { "type": "Point", "coordinates": [ 145.745, -16.874 ] } },
{ "type": "Feature", "properties": { "raw_text": "METAR YBRM 280130Z AUTO 09007KT 9999 // NCD 30/16 Q1013", "station_id": "YBRM", "observation_time": "2026-04-28T01:30:00.000Z", "latitude": -17.948, "longitude": 122.235, "temp_c": 30.0, "dewpoint_c": 16.0, "wind_dir_degrees": 90.0, "wind_speed_kt": 7.0, "wind_gust_kt": 0.0, "visibility_statute_mi": 6.0, "altim_in_hg": 29.91, "sea_level_pressure_mb": 0.0, "quality_control_flags": null, "wx_string": "", "sky_condition": null, "flight_category": "VFR", "three_hr_pressure_tendency_mb": 0.0, "maxT_c": 0.0, "minT_c": 0.0, "maxT24hr_c": 0.0, "minT24hr_c": 0.0, "precip_in": 0.0, "pcp3hr_in": 0.0, "pcp6hr_in": 0.0, "pcp24hr_in": 0.0, "snow_in": 0.0, "vert_vis_ft": 0.0, "metar_type": "METAR", "elevation_m": 11.0, "municipality": "Broome", "continent": "OC", "iso_country": "AU", "iso_region": "AU-WA", "wikipedia_link": "https://en.wikipedia.org/wiki/Broome_International_Airport" }, "geometry": { "type": "Point", "coordinates": [ 122.235, -17.948 ] } },
{ "type": "Feature", "properties": { "raw_text": "METAR YBSU 280130Z AUTO 19014KT 9999 // SCT074 23/17 Q1021", "station_id": "YBSU", "observation_time": "2026-04-28T01:30:00.000Z", "latitude": -26.603, "longitude": 153.091, "temp_c": 23.0, "dewpoint_c": 17.0, "wind_dir_degrees": 190.0, "wind_speed_kt": 14.0, "wind_gust_kt": 0.0, "visibility_statute_mi": 6.0, "altim_in_hg": 30.15, "sea_level_pressure_mb": 0.0, "quality_control_flags": null, "wx_string": "", "sky_condition": null, "flight_category": "VFR", "three_hr_pressure_tendency_mb": 0.0, "maxT_c": 0.0, "minT_c": 0.0, "maxT24hr_c": 0.0, "minT24hr_c": 0.0, "precip_in": 0.0, "pcp3hr_in": 0.0, "pcp6hr_in": 0.0, "pcp24hr_in": 0.0, "snow_in": 0.0, "vert_vis_ft": 0.0, "metar_type": "METAR", "elevation_m": 4.0, "municipality": "Maroochydore", "continent": "OC", "iso_country": "AU", "iso_region": "AU-QLD", "wikipedia_link": "https://en.wikipedia.org/wiki/Sunshine_Coast_Airport" }, "geometry": { "type": "Point", "coordinates": [ 153.091, -26.603 ] } },
{ "type": "Feature", "properties": { "raw_text": "METAR YBWW 280130Z AUTO 10013KT 9999 // NCD 23/11 Q1023", "station_id": "YBWW", "observation_time": "2026-04-28T01:30:00.000Z", "latitude": -27.558, "longitude": 151.793, "temp_c": 23.0, "dewpoint_c": 11.0, "wind_dir_degrees": 100.0, "wind_speed_kt": 13.0, "wind_gust_kt": 0.0, "visibility_statute_mi": 6.0, "altim_in_hg": 30.21, "sea_level_pressure_mb": 0.0, "quality_control_flags": null, "wx_string": "", "sky_condition": null, "flight_category": "VFR", "three_hr_pressure_tendency_mb": 0.0, "maxT_c": 0.0, "minT_c": 0.0, "maxT24hr_c": 0.0, "minT24hr_c": 0.0, "precip_in": 0.0, "pcp3hr_in": 0.0, "pcp6hr_in": 0.0, "pcp24hr_in": 0.0, "snow_in": 0.0, "vert_vis_ft": 0.0, "metar_type": "METAR", "elevation_m": 460.0, "municipality": "Toowoomba", "continent": "OC", "iso_country": "AU", "iso_region": "AU-QLD", "wikipedia_link": "https://en.wikipedia.org/wiki/Toowoomba_Wellcamp_Airport" }, "geometry": { "type": "Point", "coordinates": [ 151.793, -27.558 ] } },
{ "type": "Feature", "properties": { "raw_text": "METAR YMAV 280130Z AUTO 12007KT 9999 // NCD 19/13 Q1024", "station_id": "YMAV", "observation_time": "2026-04-28T01:30:00.000Z", "latitude": -38.029, "longitude": 144.478, "temp_c": 19.0, "dewpoint_c": 13.0, "wind_dir_degrees": 120.0, "wind_speed_kt": 7.0, "wind_gust_kt": 0.0, "visibility_statute_mi": 6.0, "altim_in_hg": 30.24, "sea_level_pressure_mb": 0.0, "quality_control_flags": null, "wx_string": "", "sky_condition": null, "flight_category": "VFR", "three_hr_pressure_tendency_mb": 0.0, "maxT_c": 0.0, "minT_c": 0.0, "maxT24hr_c": 0.0, "minT24hr_c": 0.0, "precip_in": 0.0, "pcp3hr_in": 0.0, "pcp6hr_in": 0.0, "pcp24hr_in": 0.0, "snow_in": 0.0, "vert_vis_ft": 0.0, "metar_type": "METAR", "elevation_m": 11.0, "municipality": "Geelong/Melbourne", "continent": "OC", "iso_country": "AU", "iso_region": "AU-VIC", "wikipedia_link": "https://en.wikipedia.org/wiki/Avalon_Airport" }, "geometry": { "type": "Point", "coordinates": [ 144.478, -38.029 ] } },
{ "type": "Feature", "properties": { "raw_text": "METAR YMHB 280130Z AUTO 29014KT 9999 // NCD 19/07 Q1019", "station_id": "YMHB", "observation_time": "2026-04-28T01:30:00.000Z", "latitude": -42.834, "longitude": 147.503, "temp_c": 19.0, "dewpoint_c": 7.0, "wind_dir_degrees": 290.0, "wind_speed_kt": 14.0, "wind_gust_kt": 0.0, "visibility_statute_mi": 6.0, "altim_in_hg": 30.09, "sea_level_pressure_mb": 0.0, "quality_control_flags": null, "wx_string": "", "sky_condition": null, "flight_category": "VFR", "three_hr_pressure_tendency_mb": 0.0, "maxT_c": 0.0, "minT_c": 0.0, "maxT24hr_c": 0.0, "minT24hr_c": 0.0, "precip_in": 0.0, "pcp3hr_in": 0.0, "pcp6hr_in": 0.0, "pcp24hr_in": 0.0, "snow_in": 0.0, "vert_vis_ft": 0.0, "metar_type": "METAR", "elevation_m": 2.0, "municipality": "Hobart (Cambridge)", "continent": "OC", "iso_country": "AU", "iso_region": "AU-TAS", "wikipedia_link": "https://en.wikipedia.org/wiki/Hobart_International_Airport" }, "geometry": { "type": "Point", "coordinates": [ 147.503, -42.834 ] } },
{ "type": "Feature", "properties": { "raw_text": "METAR YMML 280130Z AUTO 02013KT 9999 // NCD 23/10 Q1024", "station_id": "YMML", "observation_time": "2026-04-28T01:30:00.000Z", "latitude": -37.666, "longitude": 144.832, "temp_c": 23.0, "dewpoint_c": 10.0, "wind_dir_degrees": 20.0, "wind_speed_kt": 13.0, "wind_gust_kt": 0.0, "visibility_statute_mi": 6.0, "altim_in_hg": 30.24, "sea_level_pressure_mb": 0.0, "quality_control_flags": null, "wx_string": "", "sky_condition": null, "flight_category": "VFR", "three_hr_pressure_tendency_mb": 0.0, "maxT_c": 0.0, "minT_c": 0.0, "maxT24hr_c": 0.0, "minT24hr_c": 0.0, "precip_in": 0.0, "pcp3hr_in": 0.0, "pcp6hr_in": 0.0, "pcp24hr_in": 0.0, "snow_in": 0.0, "vert_vis_ft": 0.0, "metar_type": "METAR", "elevation_m": 115.0, "municipality": "Melbourne", "continent": "OC", "iso_country": "AU", "iso_region": "AU-VIC", "wikipedia_link": "https://en.wikipedia.org/wiki/Melbourne_Airport" }, "geometry": { "type": "Point", "coordinates": [ 144.832, -37.666 ] } },
{ "type": "Feature", "properties": { "raw_text": "METAR YPAD 280130Z 36008KT CAVOK 23/09 Q1023", "station_id": "YPAD", "observation_time": "2026-04-28T01:30:00.000Z", "latitude": -34.952, "longitude": 138.52, "temp_c": 23.0, "dewpoint_c": 9.0, "wind_dir_degrees": 360.0, "wind_speed_kt": 8.0, "wind_gust_kt": 0.0, "visibility_statute_mi": 6.0, "altim_in_hg": 30.21, "sea_level_pressure_mb": 0.0, "quality_control_flags": null, "wx_string": "", "sky_condition": null, "flight_category": "VFR", "three_hr_pressure_tendency_mb": 0.0, "maxT_c": 0.0, "minT_c": 0.0, "maxT24hr_c": 0.0, "minT24hr_c": 0.0, "precip_in": 0.0, "pcp3hr_in": 0.0, "pcp6hr_in": 0.0, "pcp24hr_in": 0.0, "snow_in": 0.0, "vert_vis_ft": 0.0, "metar_type": "METAR", "elevation_m": 2.0, "municipality": "Adelaide", "continent": "OC", "iso_country": "AU", "iso_region": "AU-SA", "wikipedia_link": "https://en.wikipedia.org/wiki/Adelaide_Airport" }, "geometry": { "type": "Point", "coordinates": [ 138.52, -34.952 ] } },
{ "type": "Feature", "properties": { "raw_text": "SPECI YPCC 280134Z AUTO 12009KT 9999 // SCT014 BKN020 27/26 Q1011", "station_id": "YPCC", "observation_time": "2026-04-28T01:34:00.000Z", "latitude": -12.189, "longitude": 96.834, "temp_c": 27.0, "dewpoint_c": 26.0, "wind_dir_degrees": 120.0, "wind_speed_kt": 9.0, "wind_gust_kt": 0.0, "visibility_statute_mi": 6.0, "altim_in_hg": 29.85, "sea_level_pressure_mb": 0.0, "quality_control_flags": null, "wx_string": "", "sky_condition": null, "flight_category": "MVFR", "three_hr_pressure_tendency_mb": 0.0, "maxT_c": 0.0, "minT_c": 0.0, "maxT24hr_c": 0.0, "minT24hr_c": 0.0, "precip_in": 0.0, "pcp3hr_in": 0.0, "pcp6hr_in": 0.0, "pcp24hr_in": 0.0, "snow_in": 0.0, "vert_vis_ft": 0.0, "metar_type": "SPECI", "elevation_m": 3.0, "municipality": "West Island", "continent": "AS", "iso_country": "CC", "iso_region": "CC-U-A", "wikipedia_link": "https://en.wikipedia.org/wiki/Cocos_(Keeling)_Island_International_Airport" }, "geometry": { "type": "Point", "coordinates": [ 96.834, -12.189 ] } },
{ "type": "Feature", "properties": { "raw_text": "METAR YPDN 280130Z AUTO 10014KT 9999 // NCD 29/18 Q1013", "station_id": "YPDN", "observation_time": "2026-04-28T01:30:00.000Z", "latitude": -12.424, "longitude": 130.893, "temp_c": 29.0, "dewpoint_c": 18.0, "wind_dir_degrees": 100.0, "wind_speed_kt": 14.0, "wind_gust_kt": 0.0, "visibility_statute_mi": 6.0, "altim_in_hg": 29.91, "sea_level_pressure_mb": 0.0, "quality_control_flags": null, "wx_string": "", "sky_condition": null, "flight_category": "VFR", "three_hr_pressure_tendency_mb": 0.0, "maxT_c": 0.0, "minT_c": 0.0, "maxT24hr_c": 0.0, "minT24hr_c": 0.0, "precip_in": 0.0, "pcp3hr_in": 0.0, "pcp6hr_in": 0.0, "pcp24hr_in": 0.0, "snow_in": 0.0, "vert_vis_ft": 0.0, "metar_type": "METAR", "elevation_m": 32.0, "municipality": "Darwin", "continent": "OC", "iso_country": "AU", "iso_region": "AU-NT", "wikipedia_link": "https://en.wikipedia.org/wiki/Darwin_International_Airport" }, "geometry": { "type": "Point", "coordinates": [ 130.893, -12.424 ] } },
{ "type": "Feature", "properties": { "raw_text": "METAR YPPD 280130Z AUTO 10004KT 9999 // NCD 31/13 Q1013", "station_id": "YPPD", "observation_time": "2026-04-28T01:30:00.000Z", "latitude": -20.372, "longitude": 118.632, "temp_c": 31.0, "dewpoint_c": 13.0, "wind_dir_degrees": 100.0, "wind_speed_kt": 4.0, "wind_gust_kt": 0.0, "visibility_statute_mi": 6.0, "altim_in_hg": 29.91, "sea_level_pressure_mb": 0.0, "quality_control_flags": null, "wx_string": "", "sky_condition": null, "flight_category": "VFR", "three_hr_pressure_tendency_mb": 0.0, "maxT_c": 0.0, "minT_c": 0.0, "maxT24hr_c": 0.0, "minT24hr_c": 0.0, "precip_in": 0.0, "pcp3hr_in": 0.0, "pcp6hr_in": 0.0, "pcp24hr_in": 0.0, "snow_in": 0.0, "vert_vis_ft": 0.0, "metar_type": "METAR", "elevation_m": 6.0, "municipality": "Port Hedland", "continent": "OC", "iso_country": "AU", "iso_region": "AU-WA", "wikipedia_link": "https://en.wikipedia.org/wiki/Port_Hedland_International_Airport" }, "geometry": { "type": "Point", "coordinates": [ 118.632, -20.372 ] } },
{ "type": "Feature", "properties": { "raw_text": "METAR YPPH 280130Z 11006KT 9999 BKN019 18/14 Q1018", "station_id": "YPPH", "observation_time": "2026-04-28T01:30:00.000Z", "latitude": -31.927, "longitude": 115.976, "temp_c": 18.0, "dewpoint_c": 14.0, "wind_dir_degrees": 110.0, "wind_speed_kt": 6.0, "wind_gust_kt": 0.0, "visibility_statute_mi": 6.0, "altim_in_hg": 30.06, "sea_level_pressure_mb": 0.0, "quality_control_flags": null, "wx_string": "", "sky_condition": null, "flight_category": "MVFR", "three_hr_pressure_tendency_mb": 0.0, "maxT_c": 0.0, "minT_c": 0.0, "maxT24hr_c": 0.0, "minT24hr_c": 0.0, "precip_in": 0.0, "pcp3hr_in": 0.0, "pcp6hr_in": 0.0, "pcp24hr_in": 0.0, "snow_in": 0.0, "vert_vis_ft": 0.0, "metar_type": "METAR", "elevation_m": 16.0, "municipality": "Perth", "continent": "OC", "iso_country": "AU", "iso_region": "AU-WA", "wikipedia_link": "https://en.wikipedia.org/wiki/Perth_Airport" }, "geometry": { "type": "Point", "coordinates": [ 115.976, -31.927 ] } },
{ "type": "Feature", "properties": { "raw_text": "METAR YSSY 280130Z 33007KT 300V360 9999 FEW040 24/10 Q1026", "station_id": "YSSY", "observation_time": "2026-04-28T01:30:00.000Z", "latitude": -33.946, "longitude": 151.173, "temp_c": 24.0, "dewpoint_c": 10.0, "wind_dir_degrees": 330.0, "wind_speed_kt": 7.0, "wind_gust_kt": 0.0, "visibility_statute_mi": 6.0, "altim_in_hg": 30.3, "sea_level_pressure_mb": 0.0, "quality_control_flags": null, "wx_string": "", "sky_condition": null, "flight_category": "VFR", "three_hr_pressure_tendency_mb": 0.0, "maxT_c": 0.0, "minT_c": 0.0, "maxT24hr_c": 0.0, "minT24hr_c": 0.0, "precip_in": 0.0, "pcp3hr_in": 0.0, "pcp6hr_in": 0.0, "pcp24hr_in": 0.0, "snow_in": 0.0, "vert_vis_ft": 0.0, "metar_type": "METAR", "elevation_m": 3.0, "municipality": "Sydney (Mascot)", "continent": "OC", "iso_country": "AU", "iso_region": "AU-NSW", "wikipedia_link": "https://en.wikipedia.org/wiki/Sydney_Airport" }, "geometry": { "type": "Point", "coordinates": [ 151.173, -33.946 ] } },
{ "type": "Feature", "properties": { "raw_text": "METAR YWLM 280130Z 16006KT 9999 SCT040 SCT052 23/13 Q1026", "station_id": "YWLM", "observation_time": "2026-04-28T01:30:00.000Z", "latitude": -32.794, "longitude": 151.836, "temp_c": 23.0, "dewpoint_c": 13.0, "wind_dir_degrees": 160.0, "wind_speed_kt": 6.0, "wind_gust_kt": 0.0, "visibility_statute_mi": 6.0, "altim_in_hg": 30.3, "sea_level_pressure_mb": 0.0, "quality_control_flags": null, "wx_string": "", "sky_condition": null, "flight_category": "VFR", "three_hr_pressure_tendency_mb": 0.0, "maxT_c": 0.0, "minT_c": 0.0, "maxT24hr_c": 0.0, "minT24hr_c": 0.0, "precip_in": 0.0, "pcp3hr_in": 0.0, "pcp6hr_in": 0.0, "pcp24hr_in": 0.0, "snow_in": 0.0, "vert_vis_ft": 0.0, "metar_type": "METAR", "elevation_m": 7.0, "municipality": "Williamtown", "continent": "OC", "iso_country": "AU", "iso_region": "AU-NSW", "wikipedia_link": "https://en.wikipedia.org/wiki/Newcastle_Airport_(Williamtown)" }, "geometry": { "type": "Point", "coordinates": [ 151.836, -32.794 ] } },
{ "type": "Feature", "properties": { "raw_text": "METAR ZBAA 280130Z 01003MPS 310V060 CAVOK 19/03 Q1022 NOSIG", "station_id": "ZBAA", "observation_time": "2026-04-28T01:30:00.000Z", "latitude": 40.082, "longitude": 116.603, "temp_c": 19.0, "dewpoint_c": 3.0, "wind_dir_degrees": 10.0, "wind_speed_kt": 6.0, "wind_gust_kt": 0.0, "visibility_statute_mi": 6.0, "altim_in_hg": 30.18, "sea_level_pressure_mb": 0.0, "quality_control_flags": null, "wx_string": "", "sky_condition": null, "flight_category": "VFR", "three_hr_pressure_tendency_mb": 0.0, "maxT_c": 0.0, "minT_c": 0.0, "maxT24hr_c": 0.0, "minT24hr_c": 0.0, "precip_in": 0.0, "pcp3hr_in": 0.0, "pcp6hr_in": 0.0, "pcp24hr_in": 0.0, "snow_in": 0.0, "vert_vis_ft": 0.0, "metar_type": "METAR", "elevation_m": 31.0, "municipality": "Beijing", "continent": "AS", "iso_country": "CN", "iso_region": "CN-11", "wikipedia_link": "https://en.wikipedia.org/wiki/Beijing_Capital_International_Airport" }, "geometry": { "type": "Point", "coordinates": [ 116.603, 40.082 ] } },
{ "type": "Feature", "properties": { "raw_text": "METAR ZBAD 280130Z 32006MPS 9999 FEW020 18/00 Q1022 NOSIG", "station_id": "ZBAD", "observation_time": "2026-04-28T01:30:00.000Z", "latitude": 39.501, "longitude": 116.412, "temp_c": 18.0, "dewpoint_c": 0.0, "wind_dir_degrees": 320.0, "wind_speed_kt": 12.0, "wind_gust_kt": 0.0, "visibility_statute_mi": 6.0, "altim_in_hg": 30.18, "sea_level_pressure_mb": 0.0, "quality_control_flags": null, "wx_string": "", "sky_condition": null, "flight_category": "VFR", "three_hr_pressure_tendency_mb": 0.0, "maxT_c": 0.0, "minT_c": 0.0, "maxT24hr_c": 0.0, "minT24hr_c": 0.0, "precip_in": 0.0, "pcp3hr_in": 0.0, "pcp6hr_in": 0.0, "pcp24hr_in": 0.0, "snow_in": 0.0, "vert_vis_ft": 0.0, "metar_type": "METAR", "elevation_m": 25.0, "municipality": "Beijing", "continent": "AS", "iso_country": "CN", "iso_region": "CN-11", "wikipedia_link": "https://en.wikipedia.org/wiki/Beijing_Daxing_International_Airport" }, "geometry": { "type": "Point", "coordinates": [ 116.412, 39.501 ] } },
{ "type": "Feature", "properties": { "raw_text": "METAR ZBHH 280100Z 02004MPS 340V080 9999 FEW040 07/M05 Q1026 NOSIG", "station_id": "ZBHH", "observation_time": "2026-04-28T01:00:00.000Z", "latitude": 40.854, "longitude": 111.827, "temp_c": 7.0, "dewpoint_c": -5.0, "wind_dir_degrees": 20.0, "wind_speed_kt": 8.0, "wind_gust_kt": 0.0, "visibility_statute_mi": 6.0, "altim_in_hg": 30.3, "sea_level_pressure_mb": 0.0, "quality_control_flags": null, "wx_string": "", "sky_condition": null, "flight_category": "VFR", "three_hr_pressure_tendency_mb": 0.0, "maxT_c": 0.0, "minT_c": 0.0, "maxT24hr_c": 0.0, "minT24hr_c": 0.0, "precip_in": 0.0, "pcp3hr_in": 0.0, "pcp6hr_in": 0.0, "pcp24hr_in": 0.0, "snow_in": 0.0, "vert_vis_ft": 0.0, "metar_type": "METAR", "elevation_m": 1081.0, "municipality": "Hohhot", "continent": "AS", "iso_country": "CN", "iso_region": "CN-15", "wikipedia_link": "https://en.wikipedia.org/wiki/Hohhot_Baita_International_Airport" }, "geometry": { "type": "Point", "coordinates": [ 111.827, 40.854 ] } },
{ "type": "Feature", "properties": { "raw_text": "METAR ZBSJ 280100Z 34002MPS 8000 NSC 14/08 Q1022 NOSIG", "station_id": "ZBSJ", "observation_time": "2026-04-28T01:00:00.000Z", "latitude": 38.281, "longitude": 114.697, "temp_c": 14.0, "dewpoint_c": 8.0, "wind_dir_degrees": 340.0, "wind_speed_kt": 4.0, "wind_gust_kt": 0.0, "visibility_statute_mi": 4.97, "altim_in_hg": 30.18, "sea_level_pressure_mb": 0.0, "quality_control_flags": null, "wx_string": "", "sky_condition": null, "flight_category": "MVFR", "three_hr_pressure_tendency_mb": 0.0, "maxT_c": 0.0, "minT_c": 0.0, "maxT24hr_c": 0.0, "minT24hr_c": 0.0, "precip_in": 0.0, "pcp3hr_in": 0.0, "pcp6hr_in": 0.0, "pcp24hr_in": 0.0, "snow_in": 0.0, "vert_vis_ft": 0.0, "metar_type": "METAR", "elevation_m": 70.0, "municipality": "Shijiazhuang", "continent": "AS", "iso_country": "CN", "iso_region": "CN-13", "wikipedia_link": "https://en.wikipedia.org/wiki/Shijiazhuang_Zhengding_International_Airport" }, "geometry": { "type": "Point", "coordinates": [ 114.697, 38.281 ] } },
{ "type": "Feature", "properties": { "raw_text": "METAR ZBTJ 280130Z VRB01MPS CAVOK 15/05 Q1022 NOSIG", "station_id": "ZBTJ", "observation_time": "2026-04-28T01:30:00.000Z", "latitude": 39.124, "longitude": 117.346, "temp_c": 15.0, "dewpoint_c": 5.0, "wind_dir_degrees": 0.0, "wind_speed_kt": 2.0, "wind_gust_kt": 0.0, "visibility_statute_mi": 6.0, "altim_in_hg": 30.18, "sea_level_pressure_mb": 0.0, "quality_control_flags": null, "wx_string": "", "sky_condition": null, "flight_category": "VFR", "three_hr_pressure_tendency_mb": 0.0, "maxT_c": 0.0, "minT_c": 0.0, "maxT24hr_c": 0.0, "minT24hr_c": 0.0, "precip_in": 0.0, "pcp3hr_in": 0.0, "pcp6hr_in": 0.0, "pcp24hr_in": 0.0, "snow_in": 0.0, "vert_vis_ft": 0.0, "metar_type": "METAR", "elevation_m": 4.0, "municipality": "Tianjin", "continent": "AS", "iso_country": "CN", "iso_region": "CN-12", "wikipedia_link": "https://en.wikipedia.org/wiki/Tianjin_Binhai_International_Airport" }, "geometry": { "type": "Point", "coordinates": [ 117.346, 39.124 ] } },
{ "type": "Feature", "properties": { "raw_text": "METAR ZBYN 280130Z 34010MPS CAVOK 15/M04 Q1021 NOSIG", "station_id": "ZBYN", "observation_time": "2026-04-28T01:30:00.000Z", "latitude": 37.747, "longitude": 112.628, "temp_c": 15.0, "dewpoint_c": -4.0, "wind_dir_degrees": 340.0, "wind_speed_kt": 19.0, "wind_gust_kt": 0.0, "visibility_statute_mi": 6.0, "altim_in_hg": 30.15, "sea_level_pressure_mb": 0.0, "quality_control_flags": null, "wx_string": "", "sky_condition": null, "flight_category": "VFR", "three_hr_pressure_tendency_mb": 0.0, "maxT_c": 0.0, "minT_c": 0.0, "maxT24hr_c": 0.0, "minT24hr_c": 0.0, "precip_in": 0.0, "pcp3hr_in": 0.0, "pcp6hr_in": 0.0, "pcp24hr_in": 0.0, "snow_in": 0.0, "vert_vis_ft": 0.0, "metar_type": "METAR", "elevation_m": 778.0, "municipality": "Taiyuan", "continent": "AS", "iso_country": "CN", "iso_region": "CN-14", "wikipedia_link": "https://en.wikipedia.org/wiki/Taiyuan_Wusu_International_Airport" }, "geometry": { "type": "Point", "coordinates": [ 112.628, 37.747 ] } },
{ "type": "Feature", "properties": { "raw_text": "METAR ZGGG 280130Z 09003MPS 9999 -SHRA OVC040 24/21 Q1011 BECMG AT0320 TSRA SCT026CB BKN030", "station_id": "ZGGG", "observation_time": "2026-04-28T01:30:00.000Z", "latitude": 23.392, "longitude": 113.307, "temp_c": 24.0, "dewpoint_c": 21.0, "wind_dir_degrees": 90.0, "wind_speed_kt": 6.0, "wind_gust_kt": 0.0, "visibility_statute_mi": 6.0, "altim_in_hg": 29.85, "sea_level_pressure_mb": 0.0, "quality_control_flags": null, "wx_string": "-SHRA", "sky_condition": null, "flight_category": "VFR", "three_hr_pressure_tendency_mb": 0.0, "maxT_c": 0.0, "minT_c": 0.0, "maxT24hr_c": 0.0, "minT24hr_c": 0.0, "precip_in": 0.0, "pcp3hr_in": 0.0, "pcp6hr_in": 0.0, "pcp24hr_in": 0.0, "snow_in": 0.0, "vert_vis_ft": 0.0, "metar_type": "METAR", "elevation_m": 11.0, "municipality": "Guangzhou (Huadu)", "continent": "AS", "iso_country": "CN", "iso_region": "CN-44", "wikipedia_link": "https://en.wikipedia.org/wiki/Guangzhou_Baiyun_International_Airport" }, "geometry": { "type": "Point", "coordinates": [ 113.307, 23.392 ] } },
{ "type": "Feature", "properties": { "raw_text": "METAR ZGHA 280100Z 01001MPS 3000 SHRA BR SCT005 BKN015 20/19 Q1011 BECMG TL0130 -RA BKN006", "station_id": "ZGHA", "observation_time": "2026-04-28T01:00:00.000Z", "latitude": 28.18, "longitude": 113.219, "temp_c": 20.0, "dewpoint_c": 19.0, "wind_dir_degrees": 10.0, "wind_speed_kt": 2.0, "wind_gust_kt": 0.0, "visibility_statute_mi": 1.86, "altim_in_hg": 29.85, "sea_level_pressure_mb": 0.0, "quality_control_flags": null, "wx_string": "SHRA BR", "sky_condition": null, "flight_category": "IFR", "three_hr_pressure_tendency_mb": 0.0, "maxT_c": 0.0, "minT_c": 0.0, "maxT24hr_c": 0.0, "minT24hr_c": 0.0, "precip_in": 0.0, "pcp3hr_in": 0.0, "pcp6hr_in": 0.0, "pcp24hr_in": 0.0, "snow_in": 0.0, "vert_vis_ft": 0.0, "metar_type": "METAR", "elevation_m": 61.0, "municipality": "Changsha (Changsha)", "continent": "AS", "iso_country": "CN", "iso_region": "CN-43", "wikipedia_link": "https://en.wikipedia.org/wiki/Changsha_Huanghua_International_Airport" }, "geometry": { "type": "Point", "coordinates": [ 113.219, 28.18 ] } },
{ "type": "Feature", "properties": { "raw_text": "METAR ZGKL 280100Z VRB01MPS 4500 BR FEW005 FEW030CB BKN053 21/21 Q1009 RESHRA BECMG TL0200 SCT030 OVC040", "station_id": "ZGKL", "observation_time": "2026-04-28T01:00:00.000Z", "latitude": 25.22, "longitude": 110.04, "temp_c": 21.0, "dewpoint_c": 21.0, "wind_dir_degrees": 0.0, "wind_speed_kt": 2.0, "wind_gust_kt": 0.0, "visibility_statute_mi": 2.8, "altim_in_hg": 29.79, "sea_level_pressure_mb": 0.0, "quality_control_flags": null, "wx_string": "BR", "sky_condition": null, "flight_category": "IFR", "three_hr_pressure_tendency_mb": 0.0, "maxT_c": 0.0, "minT_c": 0.0, "maxT24hr_c": 0.0, "minT24hr_c": 0.0, "precip_in": 0.0, "pcp3hr_in": 0.0, "pcp6hr_in": 0.0, "pcp24hr_in": 0.0, "snow_in": 0.0, "vert_vis_ft": 0.0, "metar_type": "METAR", "elevation_m": 151.0, "municipality": "Guilin (Lingui)", "continent": "AS", "iso_country": "CN", "iso_region": "CN-45", "wikipedia_link": "https://en.wikipedia.org/wiki/Guilin_Liangjiang_International_Airport" }, "geometry": { "type": "Point", "coordinates": [ 110.04, 25.22 ] } },
{ "type": "Feature", "properties": { "raw_text": "METAR ZGNN 280100Z 16003MPS 120V190 9999 SCT009 25/22 Q1008 NOSIG", "station_id": "ZGNN", "observation_time": "2026-04-28T01:00:00.000Z", "latitude": 22.609, "longitude": 108.173, "temp_c": 25.0, "dewpoint_c": 22.0, "wind_dir_degrees": 160.0, "wind_speed_kt": 6.0, "wind_gust_kt": 0.0, "visibility_statute_mi": 6.0, "altim_in_hg": 29.76, "sea_level_pressure_mb": 0.0, "quality_control_flags": null, "wx_string": "", "sky_condition": null, "flight_category": "VFR", "three_hr_pressure_tendency_mb": 0.0, "maxT_c": 0.0, "minT_c": 0.0, "maxT24hr_c": 0.0, "minT24hr_c": 0.0, "precip_in": 0.0, "pcp3hr_in": 0.0, "pcp6hr_in": 0.0, "pcp24hr_in": 0.0, "snow_in": 0.0, "vert_vis_ft": 0.0, "metar_type": "METAR", "elevation_m": 128.0, "municipality": "Nanning (Jiangnan)", "continent": "AS", "iso_country": "CN", "iso_region": "CN-45", "wikipedia_link": "https://en.wikipedia.org/wiki/Nanning_Wuxu_International_Airport" }, "geometry": { "type": "Point", "coordinates": [ 108.173, 22.609 ] } },
{ "type": "Feature", "properties": { "raw_text": "METAR ZGOW 280100Z VRB01MPS 9999 BKN020 26/22 Q1013 NOSIG", "station_id": "ZGOW", "observation_time": "2026-04-28T01:00:00.000Z", "latitude": 23.55, "longitude": 116.505, "temp_c": 26.0, "dewpoint_c": 22.0, "wind_dir_degrees": 0.0, "wind_speed_kt": 2.0, "wind_gust_kt": 0.0, "visibility_statute_mi": 6.0, "altim_in_hg": 29.91, "sea_level_pressure_mb": 0.0, "quality_control_flags": null, "wx_string": "", "sky_condition": null, "flight_category": "MVFR", "three_hr_pressure_tendency_mb": 0.0, "maxT_c": 0.0, "minT_c": 0.0, "maxT24hr_c": 0.0, "minT24hr_c": 0.0, "precip_in": 0.0, "pcp3hr_in": 0.0, "pcp6hr_in": 0.0, "pcp24hr_in": 0.0, "snow_in": 0.0, "vert_vis_ft": 0.0, "metar_type": "METAR", "elevation_m": 4.0, "municipality": "Jieyang (Rongcheng)", "continent": "AS", "iso_country": "CN", "iso_region": "CN-44", "wikipedia_link": "https://en.wikipedia.org/wiki/Jieyang_Chaoshan_International_Airport" }, "geometry": { "type": "Point", "coordinates": [ 116.505, 23.55 ] } },
{ "type": "Feature", "properties": { "raw_text": "METAR ZGSZ 280100Z 10004MPS CAVOK 27/22 Q1011 NOSIG", "station_id": "ZGSZ", "observation_time": "2026-04-28T01:00:00.000Z", "latitude": 22.639, "longitude": 113.803, "temp_c": 27.0, "dewpoint_c": 22.0, "wind_dir_degrees": 100.0, "wind_speed_kt": 8.0, "wind_gust_kt": 0.0, "visibility_statute_mi": 6.0, "altim_in_hg": 29.85, "sea_level_pressure_mb": 0.0, "quality_control_flags": null, "wx_string": "", "sky_condition": null, "flight_category": "VFR", "three_hr_pressure_tendency_mb": 0.0, "maxT_c": 0.0, "minT_c": 0.0, "maxT24hr_c": 0.0, "minT24hr_c": 0.0, "precip_in": 0.0, "pcp3hr_in": 0.0, "pcp6hr_in": 0.0, "pcp24hr_in": 0.0, "snow_in": 0.0, "vert_vis_ft": 0.0, "metar_type": "METAR", "elevation_m": 18.0, "municipality": "Shenzhen", "continent": "AS", "iso_country": "CN", "iso_region": "CN-44", "wikipedia_link": "https://en.wikipedia.org/wiki/Shenzhen_Bao'an_International_Airport" }, "geometry": { "type": "Point", "coordinates": [ 113.803, 22.639 ] } },
{ "type": "Feature", "properties": { "raw_text": "METAR ZHCC 280100Z 08004MPS 050V120 CAVOK 18/09 Q1018 NOSIG", "station_id": "ZHCC", "observation_time": "2026-04-28T01:00:00.000Z", "latitude": 34.52, "longitude": 113.834, "temp_c": 18.0, "dewpoint_c": 9.0, "wind_dir_degrees": 80.0, "wind_speed_kt": 8.0, "wind_gust_kt": 0.0, "visibility_statute_mi": 6.0, "altim_in_hg": 30.06, "sea_level_pressure_mb": 0.0, "quality_control_flags": null, "wx_string": "", "sky_condition": null, "flight_category": "VFR", "three_hr_pressure_tendency_mb": 0.0, "maxT_c": 0.0, "minT_c": 0.0, "maxT24hr_c": 0.0, "minT24hr_c": 0.0, "precip_in": 0.0, "pcp3hr_in": 0.0, "pcp6hr_in": 0.0, "pcp24hr_in": 0.0, "snow_in": 0.0, "vert_vis_ft": 0.0, "metar_type": "METAR", "elevation_m": 149.0, "municipality": "Zhengzhou", "continent": "AS", "iso_country": "CN", "iso_region": "CN-41", "wikipedia_link": "https://en.wikipedia.org/wiki/Zhengzhou_Xinzheng_International_Airport" }, "geometry": { "type": "Point", "coordinates": [ 113.834, 34.52 ] } },
{ "type": "Feature", "properties": { "raw_text": "METAR ZHEC 280100Z 01003MPS 4000 -RA BR FEW005 OVC030 17/16 Q1013 NOSIG", "station_id": "ZHEC", "observation_time": "2026-04-28T01:00:00.000Z", "latitude": 30.3424, "longitude": 115.0389, "temp_c": 17.0, "dewpoint_c": 16.0, "wind_dir_degrees": 10.0, "wind_speed_kt": 6.0, "wind_gust_kt": 0.0, "visibility_statute_mi": 2.49, "altim_in_hg": 29.91, "sea_level_pressure_mb": 0.0, "quality_control_flags": null, "wx_string": "-RA BR", "sky_condition": null, "flight_category": "IFR", "three_hr_pressure_tendency_mb": 0.0, "maxT_c": 0.0, "minT_c": 0.0, "maxT24hr_c": 0.0, "minT24hr_c": 0.0, "precip_in": 0.0, "pcp3hr_in": 0.0, "pcp6hr_in": 0.0, "pcp24hr_in": 0.0, "snow_in": 0.0, "vert_vis_ft": 0.0, "metar_type": "METAR", "elevation_m": 21.0, "municipality": "Ezhou", "continent": "AS", "iso_country": "CN", "iso_region": "CN-42", "wikipedia_link": "https://en.wikipedia.org/wiki/Ezhou_Huahu_Airport" }, "geometry": { "type": "Point", "coordinates": [ 115.0389, 30.3424 ] } },
{ "type": "Feature", "properties": { "raw_text": "METAR ZHHH 280100Z 04006MPS 4000 -RA BR SCT008 OVC030 18/18 Q1013 NOSIG", "station_id": "ZHHH", "observation_time": "2026-04-28T01:00:00.000Z", "latitude": 30.783, "longitude": 114.205, "temp_c": 18.0, "dewpoint_c": 18.0, "wind_dir_degrees": 40.0, "wind_speed_kt": 12.0, "wind_gust_kt": 0.0, "visibility_statute_mi": 2.49, "altim_in_hg": 29.91, "sea_level_pressure_mb": 0.0, "quality_control_flags": null, "wx_string": "-RA BR", "sky_condition": null, "flight_category": "IFR", "three_hr_pressure_tendency_mb": 0.0, "maxT_c": 0.0, "minT_c": 0.0, "maxT24hr_c": 0.0, "minT24hr_c": 0.0, "precip_in": 0.0, "pcp3hr_in": 0.0, "pcp6hr_in": 0.0, "pcp24hr_in": 0.0, "snow_in": 0.0, "vert_vis_ft": 0.0, "metar_type": "METAR", "elevation_m": 33.0, "municipality": "Wuhan (Huangpi)", "continent": "AS", "iso_country": "CN", "iso_region": "CN-42", "wikipedia_link": "https://en.wikipedia.org/wiki/Wuhan_Tianhe_International_Airport" }, "geometry": { "type": "Point", "coordinates": [ 114.205, 30.783 ] } },
{ "type": "Feature", "properties": { "raw_text": "METAR ZJHK 280100Z 17005MPS 130V210 9999 FEW015 28/24 Q1009 NOSIG", "station_id": "ZJHK", "observation_time": "2026-04-28T01:00:00.000Z", "latitude": 19.934, "longitude": 110.445, "temp_c": 28.0, "dewpoint_c": 24.0, "wind_dir_degrees": 170.0, "wind_speed_kt": 10.0, "wind_gust_kt": 0.0, "visibility_statute_mi": 6.0, "altim_in_hg": 29.79, "sea_level_pressure_mb": 0.0, "quality_control_flags": null, "wx_string": "", "sky_condition": null, "flight_category": "VFR", "three_hr_pressure_tendency_mb": 0.0, "maxT_c": 0.0, "minT_c": 0.0, "maxT24hr_c": 0.0, "minT24hr_c": 0.0, "precip_in": 0.0, "pcp3hr_in": 0.0, "pcp6hr_in": 0.0, "pcp24hr_in": 0.0, "snow_in": 0.0, "vert_vis_ft": 0.0, "metar_type": "METAR", "elevation_m": 21.0, "municipality": "Haikou (Meilan)", "continent": "AS", "iso_country": "CN", "iso_region": "CN-46", "wikipedia_link": "https://en.wikipedia.org/wiki/Haikou_Meilan_International_Airport" }, "geometry": { "type": "Point", "coordinates": [ 110.445, 19.934 ] } },
{ "type": "Feature", "properties": { "raw_text": "METAR ZJSY 280100Z 12002MPS 080V160 9999 SCT015 BKN033 28/24 Q1010 NOSIG", "station_id": "ZJSY", "observation_time": "2026-04-28T01:00:00.000Z", "latitude": 18.303, "longitude": 109.412, "temp_c": 28.0, "dewpoint_c": 24.0, "wind_dir_degrees": 120.0, "wind_speed_kt": 4.0, "wind_gust_kt": 0.0, "visibility_statute_mi": 6.0, "altim_in_hg": 29.82, "sea_level_pressure_mb": 0.0, "quality_control_flags": null, "wx_string": "", "sky_condition": null, "flight_category": "VFR", "three_hr_pressure_tendency_mb": 0.0, "maxT_c": 0.0, "minT_c": 0.0, "maxT24hr_c": 0.0, "minT24hr_c": 0.0, "precip_in": 0.0, "pcp3hr_in": 0.0, "pcp6hr_in": 0.0, "pcp24hr_in": 0.0, "snow_in": 0.0, "vert_vis_ft": 0.0, "metar_type": "METAR", "elevation_m": 27.0, "municipality": "Sanya (Tianya)", "continent": "AS", "iso_country": "CN", "iso_region": "CN-46", "wikipedia_link": "https://en.wikipedia.org/wiki/Sanya_Phoenix_International_Airport" }, "geometry": { "type": "Point", "coordinates": [ 109.412, 18.303 ] } },
{ "type": "Feature", "properties": { "raw_text": "METAR ZLLL 280100Z 30004MPS 280V340 9999 FEW046 09/05 Q1025 NOSIG", "station_id": "ZLLL", "observation_time": "2026-04-28T01:00:00.000Z", "latitude": 36.513, "longitude": 103.623, "temp_c": 9.0, "dewpoint_c": 5.0, "wind_dir_degrees": 300.0, "wind_speed_kt": 8.0, "wind_gust_kt": 0.0, "visibility_statute_mi": 6.0, "altim_in_hg": 30.27, "sea_level_pressure_mb": 0.0, "quality_control_flags": null, "wx_string": "", "sky_condition": null, "flight_category": "VFR", "three_hr_pressure_tendency_mb": 0.0, "maxT_c": 0.0, "minT_c": 0.0, "maxT24hr_c": 0.0, "minT24hr_c": 0.0, "precip_in": 0.0, "pcp3hr_in": 0.0, "pcp6hr_in": 0.0, "pcp24hr_in": 0.0, "snow_in": 0.0, "vert_vis_ft": 0.0, "metar_type": "METAR", "elevation_m": 1939.0, "municipality": "Lanzhou (Yongdeng)", "continent": "AS", "iso_country": "CN", "iso_region": "CN-62", "wikipedia_link": "https://en.wikipedia.org/wiki/Lanzhou_Airport" }, "geometry": { "type": "Point", "coordinates": [ 103.623, 36.513 ] } },
{ "type": "Feature", "properties": { "raw_text": "METAR ZLXY 280100Z 04004MPS CAVOK 18/10 Q1017 NOSIG", "station_id": "ZLXY", "observation_time": "2026-04-28T01:00:00.000Z", "latitude": 34.449, "longitude": 108.752, "temp_c": 18.0, "dewpoint_c": 10.0, "wind_dir_degrees": 40.0, "wind_speed_kt": 8.0, "wind_gust_kt": 0.0, "visibility_statute_mi": 6.0, "altim_in_hg": 30.03, "sea_level_pressure_mb": 0.0, "quality_control_flags": null, "wx_string": "", "sky_condition": null, "flight_category": "VFR", "three_hr_pressure_tendency_mb": 0.0, "maxT_c": 0.0, "minT_c": 0.0, "maxT24hr_c": 0.0, "minT24hr_c": 0.0, "precip_in": 0.0, "pcp3hr_in": 0.0, "pcp6hr_in": 0.0, "pcp24hr_in": 0.0, "snow_in": 0.0, "vert_vis_ft": 0.0, "metar_type": "METAR", "elevation_m": 478.0, "municipality": "Xianyang (Weicheng)", "continent": "AS", "iso_country": "CN", "iso_region": "CN-61", "wikipedia_link": "https://en.wikipedia.org/wiki/Xi'an_Xianyang_International_Airport" }, "geometry": { "type": "Point", "coordinates": [ 108.752, 34.449 ] } },
{ "type": "Feature", "properties": { "raw_text": "METAR ZMCK 280130Z VRB02MPS CAVOK 06/M13 Q1025 NOSIG RMK QFE652.7 25", "station_id": "ZMCK", "observation_time": "2026-04-28T01:30:00.000Z", "latitude": 47.651, "longitude": 106.822, "temp_c": 6.0, "dewpoint_c": -13.0, "wind_dir_degrees": 0.0, "wind_speed_kt": 4.0, "wind_gust_kt": 0.0, "visibility_statute_mi": 6.0, "altim_in_hg": 30.27, "sea_level_pressure_mb": 0.0, "quality_control_flags": null, "wx_string": "", "sky_condition": null, "flight_category": "VFR", "three_hr_pressure_tendency_mb": 0.0, "maxT_c": 0.0, "minT_c": 0.0, "maxT24hr_c": 0.0, "minT24hr_c": 0.0, "precip_in": 0.0, "pcp3hr_in": 0.0, "pcp6hr_in": 0.0, "pcp24hr_in": 0.0, "snow_in": 0.0, "vert_vis_ft": 0.0, "metar_type": "METAR", "elevation_m": 1366.0, "municipality": "Ulaanbaatar (Sergelen)", "continent": "AS", "iso_country": "MN", "iso_region": "MN-047", "wikipedia_link": "https://en.wikipedia.org/wiki/New_Ulaanbaatar_International_Airport" }, "geometry": { "type": "Point", "coordinates": [ 106.822, 47.651 ] } },
{ "type": "Feature", "properties": { "raw_text": "METAR ZMUB 280100Z VRB01MPS CAVOK 05/M12 Q1026 NOSIG RMK QFE661.0 29", "station_id": "ZMUB", "observation_time": "2026-04-28T01:00:00.000Z", "latitude": 47.843, "longitude": 106.766, "temp_c": 5.0, "dewpoint_c": -12.0, "wind_dir_degrees": 0.0, "wind_speed_kt": 2.0, "wind_gust_kt": 0.0, "visibility_statute_mi": 6.0, "altim_in_hg": 30.3, "sea_level_pressure_mb": 0.0, "quality_control_flags": null, "wx_string": "", "sky_condition": null, "flight_category": "VFR", "three_hr_pressure_tendency_mb": 0.0, "maxT_c": 0.0, "minT_c": 0.0, "maxT24hr_c": 0.0, "minT24hr_c": 0.0, "precip_in": 0.0, "pcp3hr_in": 0.0, "pcp6hr_in": 0.0, "pcp24hr_in": 0.0, "snow_in": 0.0, "vert_vis_ft": 0.0, "metar_type": "METAR", "elevation_m": 1300.0, "municipality": "Ulaanbaatar", "continent": "AS", "iso_country": "MN", "iso_region": "MN-1", "wikipedia_link": "https://en.wikipedia.org/wiki/Buyant-Ukhaa_International_Airport" }, "geometry": { "type": "Point", "coordinates": [ 106.766, 47.843 ] } },
{ "type": "Feature", "properties": { "raw_text": "METAR ZPPP 280100Z 21007MPS 9999 SCT023 OVC046 15/11 Q1017 NOSIG", "station_id": "ZPPP", "observation_time": "2026-04-28T01:00:00.000Z", "latitude": 25.107, "longitude": 102.934, "temp_c": 15.0, "dewpoint_c": 11.0, "wind_dir_degrees": 210.0, "wind_speed_kt": 14.0, "wind_gust_kt": 0.0, "visibility_statute_mi": 6.0, "altim_in_hg": 30.03, "sea_level_pressure_mb": 0.0, "quality_control_flags": null, "wx_string": "", "sky_condition": null, "flight_category": "VFR", "three_hr_pressure_tendency_mb": 0.0, "maxT_c": 0.0, "minT_c": 0.0, "maxT24hr_c": 0.0, "minT24hr_c": 0.0, "precip_in": 0.0, "pcp3hr_in": 0.0, "pcp6hr_in": 0.0, "pcp24hr_in": 0.0, "snow_in": 0.0, "vert_vis_ft": 0.0, "metar_type": "METAR", "elevation_m": 2104.0, "municipality": "Kunming", "continent": "AS", "iso_country": "CN", "iso_region": "CN-53", "wikipedia_link": "https://en.wikipedia.org/wiki/Kunming_Changshui_International_Airport" }, "geometry": { "type": "Point", "coordinates": [ 102.934, 25.107 ] } },
{ "type": "Feature", "properties": { "raw_text": "METAR ZSAM 280100Z VRB01MPS 6000 FEW023 26/21 Q1013 NOSIG", "station_id": "ZSAM", "observation_time": "2026-04-28T01:00:00.000Z", "latitude": 24.546, "longitude": 118.131, "temp_c": 26.0, "dewpoint_c": 21.0, "wind_dir_degrees": 0.0, "wind_speed_kt": 2.0, "wind_gust_kt": 0.0, "visibility_statute_mi": 3.73, "altim_in_hg": 29.91, "sea_level_pressure_mb": 0.0, "quality_control_flags": null, "wx_string": "", "sky_condition": null, "flight_category": "MVFR", "three_hr_pressure_tendency_mb": 0.0, "maxT_c": 0.0, "minT_c": 0.0, "maxT24hr_c": 0.0, "minT24hr_c": 0.0, "precip_in": 0.0, "pcp3hr_in": 0.0, "pcp6hr_in": 0.0, "pcp24hr_in": 0.0, "snow_in": 0.0, "vert_vis_ft": 0.0, "metar_type": "METAR", "elevation_m": 13.0, "municipality": "Xiamen", "continent": "AS", "iso_country": "CN", "iso_region": "CN-35", "wikipedia_link": "https://en.wikipedia.org/wiki/Xiamen_Gaoqi_International_Airport" }, "geometry": { "type": "Point", "coordinates": [ 118.131, 24.546 ] } },
{ "type": "Feature", "properties": { "raw_text": "METAR ZSFZ 280100Z 10002MPS 070V170 6000 NSC 25/19 Q1013 NOSIG", "station_id": "ZSFZ", "observation_time": "2026-04-28T01:00:00.000Z", "latitude": 25.936, "longitude": 119.666, "temp_c": 25.0, "dewpoint_c": 19.0, "wind_dir_degrees": 100.0, "wind_speed_kt": 4.0, "wind_gust_kt": 0.0, "visibility_statute_mi": 3.73, "altim_in_hg": 29.91, "sea_level_pressure_mb": 0.0, "quality_control_flags": null, "wx_string": "", "sky_condition": null, "flight_category": "MVFR", "three_hr_pressure_tendency_mb": 0.0, "maxT_c": 0.0, "minT_c": 0.0, "maxT24hr_c": 0.0, "minT24hr_c": 0.0, "precip_in": 0.0, "pcp3hr_in": 0.0, "pcp6hr_in": 0.0, "pcp24hr_in": 0.0, "snow_in": 0.0, "vert_vis_ft": 0.0, "metar_type": "METAR", "elevation_m": 14.0, "municipality": "Fuzhou (Changle)", "continent": "AS", "iso_country": "CN", "iso_region": "CN-35", "wikipedia_link": "https://en.wikipedia.org/wiki/Fuzhou_Changle_International_Airport" }, "geometry": { "type": "Point", "coordinates": [ 119.666, 25.936 ] } },
{ "type": "Feature", "properties": { "raw_text": "METAR ZSHC 280130Z 02005MPS 340V050 9999 BKN040 19/13 Q1017 NOSIG", "station_id": "ZSHC", "observation_time": "2026-04-28T01:30:00.000Z", "latitude": 30.229, "longitude": 120.434, "temp_c": 19.0, "dewpoint_c": 13.0, "wind_dir_degrees": 20.0, "wind_speed_kt": 10.0, "wind_gust_kt": 0.0, "visibility_statute_mi": 6.0, "altim_in_hg": 30.03, "sea_level_pressure_mb": 0.0, "quality_control_flags": null, "wx_string": "", "sky_condition": null, "flight_category": "VFR", "three_hr_pressure_tendency_mb": 0.0, "maxT_c": 0.0, "minT_c": 0.0, "maxT24hr_c": 0.0, "minT24hr_c": 0.0, "precip_in": 0.0, "pcp3hr_in": 0.0, "pcp6hr_in": 0.0, "pcp24hr_in": 0.0, "snow_in": 0.0, "vert_vis_ft": 0.0, "metar_type": "METAR", "elevation_m": 8.0, "municipality": "Hangzhou", "continent": "AS", "iso_country": "CN", "iso_region": "CN-33", "wikipedia_link": "https://en.wikipedia.org/wiki/Hangzhou_Xiaoshan_International_Airport" }, "geometry": { "type": "Point", "coordinates": [ 120.434, 30.229 ] } },
{ "type": "Feature", "properties": { "raw_text": "METAR ZSNB 280100Z 01004MPS 310V070 CAVOK 20/14 Q1016 NOSIG", "station_id": "ZSNB", "observation_time": "2026-04-28T01:00:00.000Z", "latitude": 29.827, "longitude": 121.462, "temp_c": 20.0, "dewpoint_c": 14.0, "wind_dir_degrees": 10.0, "wind_speed_kt": 8.0, "wind_gust_kt": 0.0, "visibility_statute_mi": 6.0, "altim_in_hg": 30.0, "sea_level_pressure_mb": 0.0, "quality_control_flags": null, "wx_string": "", "sky_condition": null, "flight_category": "VFR", "three_hr_pressure_tendency_mb": 0.0, "maxT_c": 0.0, "minT_c": 0.0, "maxT24hr_c": 0.0, "minT24hr_c": 0.0, "precip_in": 0.0, "pcp3hr_in": 0.0, "pcp6hr_in": 0.0, "pcp24hr_in": 0.0, "snow_in": 0.0, "vert_vis_ft": 0.0, "metar_type": "METAR", "elevation_m": 5.0, "municipality": "Ningbo", "continent": "AS", "iso_country": "CN", "iso_region": "CN-33", "wikipedia_link": "https://en.wikipedia.org/wiki/Ningbo_Lishe_International_Airport" }, "geometry": { "type": "Point", "coordinates": [ 121.462, 29.827 ] } },
{ "type": "Feature", "properties": { "raw_text": "METAR ZSNJ 280100Z 10005MPS 7000 -RA NSC 13/11 Q1017 NOSIG", "station_id": "ZSNJ", "observation_time": "2026-04-28T01:00:00.000Z", "latitude": 31.739, "longitude": 118.863, "temp_c": 13.0, "dewpoint_c": 11.0, "wind_dir_degrees": 100.0, "wind_speed_kt": 10.0, "wind_gust_kt": 0.0, "visibility_statute_mi": 4.35, "altim_in_hg": 30.03, "sea_level_pressure_mb": 0.0, "quality_control_flags": null, "wx_string": "-RA", "sky_condition": null, "flight_category": "MVFR", "three_hr_pressure_tendency_mb": 0.0, "maxT_c": 0.0, "minT_c": 0.0, "maxT24hr_c": 0.0, "minT24hr_c": 0.0, "precip_in": 0.0, "pcp3hr_in": 0.0, "pcp6hr_in": 0.0, "pcp24hr_in": 0.0, "snow_in": 0.0, "vert_vis_ft": 0.0, "metar_type": "METAR", "elevation_m": 27.0, "municipality": "Nanjing", "continent": "AS", "iso_country": "CN", "iso_region": "CN-32", "wikipedia_link": "https://en.wikipedia.org/wiki/Nanjing_Lukou_International_Airport" }, "geometry": { "type": "Point", "coordinates": [ 118.863, 31.739 ] } },
{ "type": "Feature", "properties": { "raw_text": "METAR ZSOF 280100Z 09006MPS 050V120 9999 -RA SCT046 14/12 Q1017 NOSIG", "station_id": "ZSOF", "observation_time": "2026-04-28T01:00:00.000Z", "latitude": 31.99, "longitude": 116.965, "temp_c": 14.0, "dewpoint_c": 12.0, "wind_dir_degrees": 90.0, "wind_speed_kt": 12.0, "wind_gust_kt": 0.0, "visibility_statute_mi": 6.0, "altim_in_hg": 30.03, "sea_level_pressure_mb": 0.0, "quality_control_flags": null, "wx_string": "-RA", "sky_condition": null, "flight_category": "VFR", "three_hr_pressure_tendency_mb": 0.0, "maxT_c": 0.0, "minT_c": 0.0, "maxT24hr_c": 0.0, "minT24hr_c": 0.0, "precip_in": 0.0, "pcp3hr_in": 0.0, "pcp6hr_in": 0.0, "pcp24hr_in": 0.0, "snow_in": 0.0, "vert_vis_ft": 0.0, "metar_type": "METAR", "elevation_m": 64.0, "municipality": "Hefei", "continent": "AS", "iso_country": "CN", "iso_region": "CN-34", "wikipedia_link": "https://en.wikipedia.org/wiki/Hefei_Xinqiao_International_Airport" }, "geometry": { "type": "Point", "coordinates": [ 116.965, 31.99 ] } },
{ "type": "Feature", "properties": { "raw_text": "METAR ZSPD 280130Z 03008MPS 9999 -RA NSC 17/11 Q1016 NOSIG", "station_id": "ZSPD", "observation_time": "2026-04-28T01:30:00.000Z", "latitude": 31.146, "longitude": 121.8, "temp_c": 17.0, "dewpoint_c": 11.0, "wind_dir_degrees": 30.0, "wind_speed_kt": 16.0, "wind_gust_kt": 0.0, "visibility_statute_mi": 6.0, "altim_in_hg": 30.0, "sea_level_pressure_mb": 0.0, "quality_control_flags": null, "wx_string": "-RA", "sky_condition": null, "flight_category": "VFR", "three_hr_pressure_tendency_mb": 0.0, "maxT_c": 0.0, "minT_c": 0.0, "maxT24hr_c": 0.0, "minT24hr_c": 0.0, "precip_in": 0.0, "pcp3hr_in": 0.0, "pcp6hr_in": 0.0, "pcp24hr_in": 0.0, "snow_in": 0.0, "vert_vis_ft": 0.0, "metar_type": "METAR", "elevation_m": 4.0, "municipality": "Shanghai (Pudong)", "continent": "AS", "iso_country": "CN", "iso_region": "CN-31", "wikipedia_link": "https://en.wikipedia.org/wiki/Shanghai_Pudong_International_Airport" }, "geometry": { "type": "Point", "coordinates": [ 121.8, 31.146 ] } },
{ "type": "Feature", "properties": { "raw_text": "METAR ZSQD 280100Z 36004MPS 310V050 CAVOK 15/02 Q1020 NOSIG", "station_id": "ZSQD", "observation_time": "2026-04-28T01:00:00.000Z", "latitude": 36.362, "longitude": 120.087, "temp_c": 15.0, "dewpoint_c": 2.0, "wind_dir_degrees": 360.0, "wind_speed_kt": 8.0, "wind_gust_kt": 0.0, "visibility_statute_mi": 6.0, "altim_in_hg": 30.12, "sea_level_pressure_mb": 0.0, "quality_control_flags": null, "wx_string": "", "sky_condition": null, "flight_category": "VFR", "three_hr_pressure_tendency_mb": 0.0, "maxT_c": 0.0, "minT_c": 0.0, "maxT24hr_c": 0.0, "minT24hr_c": 0.0, "precip_in": 0.0, "pcp3hr_in": 0.0, "pcp6hr_in": 0.0, "pcp24hr_in": 0.0, "snow_in": 0.0, "vert_vis_ft": 0.0, "metar_type": "METAR", "elevation_m": 2.0, "municipality": "Qingdao (Jiaozhou)", "continent": "AS", "iso_country": "CN", "iso_region": "CN-37", "wikipedia_link": "https://en.wikipedia.org/wiki/Qingdao_Jiaodong_International_Airport" }, "geometry": { "type": "Point", "coordinates": [ 120.087, 36.362 ] } },
{ "type": "Feature", "properties": { "raw_text": "METAR ZSSS 280130Z 06005MPS 020V080 CAVOK 17/08 Q1016 NOSIG", "station_id": "ZSSS", "observation_time": "2026-04-28T01:30:00.000Z", "latitude": 31.209, "longitude": 121.337, "temp_c": 17.0, "dewpoint_c": 8.0, "wind_dir_degrees": 60.0, "wind_speed_kt": 10.0, "wind_gust_kt": 0.0, "visibility_statute_mi": 6.0, "altim_in_hg": 30.0, "sea_level_pressure_mb": 0.0, "quality_control_flags": null, "wx_string": "", "sky_condition": null, "flight_category": "VFR", "three_hr_pressure_tendency_mb": 0.0, "maxT_c": 0.0, "minT_c": 0.0, "maxT24hr_c": 0.0, "minT24hr_c": 0.0, "precip_in": 0.0, "pcp3hr_in": 0.0, "pcp6hr_in": 0.0, "pcp24hr_in": 0.0, "snow_in": 0.0, "vert_vis_ft": 0.0, "metar_type": "METAR", "elevation_m": 2.0, "municipality": "Shanghai (Minhang)", "continent": "AS", "iso_country": "CN", "iso_region": "CN-31", "wikipedia_link": "https://en.wikipedia.org/wiki/Shanghai_Hongqiao_International_Airport" }, "geometry": { "type": "Point", "coordinates": [ 121.337, 31.209 ] } },
{ "type": "Feature", "properties": { "raw_text": "METAR ZUCK 280100Z 16003MPS 2000 -SHRA BR SCT002 SCT006 OVC023 17/17 Q1011 BECMG TL0150 SHRA", "station_id": "ZUCK", "observation_time": "2026-04-28T01:00:00.000Z", "latitude": 29.718, "longitude": 106.639, "temp_c": 17.0, "dewpoint_c": 17.0, "wind_dir_degrees": 160.0, "wind_speed_kt": 6.0, "wind_gust_kt": 0.0, "visibility_statute_mi": 1.24, "altim_in_hg": 29.85, "sea_level_pressure_mb": 0.0, "quality_control_flags": null, "wx_string": "-SHRA BR", "sky_condition": null, "flight_category": "IFR", "three_hr_pressure_tendency_mb": 0.0, "maxT_c": 0.0, "minT_c": 0.0, "maxT24hr_c": 0.0, "minT24hr_c": 0.0, "precip_in": 0.0, "pcp3hr_in": 0.0, "pcp6hr_in": 0.0, "pcp24hr_in": 0.0, "snow_in": 0.0, "vert_vis_ft": 0.0, "metar_type": "METAR", "elevation_m": 416.0, "municipality": "Chongqing", "continent": "AS", "iso_country": "CN", "iso_region": "CN-50", "wikipedia_link": "https://en.wikipedia.org/wiki/Chongqing_Jiangbei_International_Airport" }, "geometry": { "type": "Point", "coordinates": [ 106.639, 29.718 ] } },
{ "type": "Feature", "properties": { "raw_text": "METAR ZUGY 280100Z 01003MPS 9999 -RA FEW015 OVC026 15/15 Q1013 NOSIG", "station_id": "ZUGY", "observation_time": "2026-04-28T01:00:00.000Z", "latitude": 26.538, "longitude": 106.801, "temp_c": 15.0, "dewpoint_c": 15.0, "wind_dir_degrees": 10.0, "wind_speed_kt": 6.0, "wind_gust_kt": 0.0, "visibility_statute_mi": 6.0, "altim_in_hg": 29.91, "sea_level_pressure_mb": 0.0, "quality_control_flags": null, "wx_string": "-RA", "sky_condition": null, "flight_category": "MVFR", "three_hr_pressure_tendency_mb": 0.0, "maxT_c": 0.0, "minT_c": 0.0, "maxT24hr_c": 0.0, "minT24hr_c": 0.0, "precip_in": 0.0, "pcp3hr_in": 0.0, "pcp6hr_in": 0.0, "pcp24hr_in": 0.0, "snow_in": 0.0, "vert_vis_ft": 0.0, "metar_type": "METAR", "elevation_m": 1130.0, "municipality": "Guiyang (Nanming)", "continent": "AS", "iso_country": "CN", "iso_region": "CN-52", "wikipedia_link": "https://en.wikipedia.org/wiki/Guiyang_Longdongbao_Airport" }, "geometry": { "type": "Point", "coordinates": [ 106.801, 26.538 ] } },
{ "type": "Feature", "properties": { "raw_text": "METAR ZUTF 280100Z 01006MPS 9999 -SHRA SCT040 15/15 Q1017 NOSIG", "station_id": "ZUTF", "observation_time": "2026-04-28T01:00:00.000Z", "latitude": 30.304, "longitude": 104.436, "temp_c": 15.0, "dewpoint_c": 15.0, "wind_dir_degrees": 10.0, "wind_speed_kt": 12.0, "wind_gust_kt": 0.0, "visibility_statute_mi": 6.0, "altim_in_hg": 30.03, "sea_level_pressure_mb": 0.0, "quality_control_flags": null, "wx_string": "-SHRA", "sky_condition": null, "flight_category": "VFR", "three_hr_pressure_tendency_mb": 0.0, "maxT_c": 0.0, "minT_c": 0.0, "maxT24hr_c": 0.0, "minT24hr_c": 0.0, "precip_in": 0.0, "pcp3hr_in": 0.0, "pcp6hr_in": 0.0, "pcp24hr_in": 0.0, "snow_in": 0.0, "vert_vis_ft": 0.0, "metar_type": "METAR", "elevation_m": 443.0, "municipality": "Chengdu (Jianyang)", "continent": "AS", "iso_country": "CN", "iso_region": "CN-51", "wikipedia_link": "https://en.wikipedia.org/wiki/Chengdu_Tianfu_International_Airport" }, "geometry": { "type": "Point", "coordinates": [ 104.436, 30.304 ] } },
{ "type": "Feature", "properties": { "raw_text": "METAR ZUUU 280100Z 02005MPS 9999 -SHRA FEW014 SCT033 15/12 Q1018 NOSIG", "station_id": "ZUUU", "observation_time": "2026-04-28T01:00:00.000Z", "latitude": 30.576, "longitude": 103.95, "temp_c": 15.0, "dewpoint_c": 12.0, "wind_dir_degrees": 20.0, "wind_speed_kt": 10.0, "wind_gust_kt": 0.0, "visibility_statute_mi": 6.0, "altim_in_hg": 30.06, "sea_level_pressure_mb": 0.0, "quality_control_flags": null, "wx_string": "-SHRA", "sky_condition": null, "flight_category": "VFR", "three_hr_pressure_tendency_mb": 0.0, "maxT_c": 0.0, "minT_c": 0.0, "maxT24hr_c": 0.0, "minT24hr_c": 0.0, "precip_in": 0.0, "pcp3hr_in": 0.0, "pcp6hr_in": 0.0, "pcp24hr_in": 0.0, "snow_in": 0.0, "vert_vis_ft": 0.0, "metar_type": "METAR", "elevation_m": 494.0, "municipality": "Chengdu (Shuangliu)", "continent": "AS", "iso_country": "CN", "iso_region": "CN-51", "wikipedia_link": "https://en.wikipedia.org/wiki/Chengdu_Shuangliu_International_Airport" }, "geometry": { "type": "Point", "coordinates": [ 103.95, 30.576 ] } },
{ "type": "Feature", "properties": { "raw_text": "METAR ZWSH 280100Z 31006MPS 9999 FEW033CB SCT040 19/04 Q1015 BECMG 08004MPS", "station_id": "ZWSH", "observation_time": "2026-04-28T01:00:00.000Z", "latitude": 39.542, "longitude": 76.019, "temp_c": 19.0, "dewpoint_c": 4.0, "wind_dir_degrees": 310.0, "wind_speed_kt": 12.0, "wind_gust_kt": 0.0, "visibility_statute_mi": 6.0, "altim_in_hg": 29.97, "sea_level_pressure_mb": 0.0, "quality_control_flags": null, "wx_string": "", "sky_condition": null, "flight_category": "VFR", "three_hr_pressure_tendency_mb": 0.0, "maxT_c": 0.0, "minT_c": 0.0, "maxT24hr_c": 0.0, "minT24hr_c": 0.0, "precip_in": 0.0, "pcp3hr_in": 0.0, "pcp6hr_in": 0.0, "pcp24hr_in": 0.0, "snow_in": 0.0, "vert_vis_ft": 0.0, "metar_type": "METAR", "elevation_m": 1374.0, "municipality": "Kashgar", "continent": "AS", "iso_country": "CN", "iso_region": "CN-65", "wikipedia_link": "https://en.wikipedia.org/wiki/Kashgar_Laining_International_Airport" }, "geometry": { "type": "Point", "coordinates": [ 76.019, 39.542 ] } },
{ "type": "Feature", "properties": { "raw_text": "METAR ZWWW 280130Z 15006MPS 120V180 CAVOK 24/02 Q1014 NOSIG", "station_id": "ZWWW", "observation_time": "2026-04-28T01:30:00.000Z", "latitude": 43.907, "longitude": 87.474, "temp_c": 24.0, "dewpoint_c": 2.0, "wind_dir_degrees": 150.0, "wind_speed_kt": 12.0, "wind_gust_kt": 0.0, "visibility_statute_mi": 6.0, "altim_in_hg": 29.94, "sea_level_pressure_mb": 0.0, "quality_control_flags": null, "wx_string": "", "sky_condition": null, "flight_category": "VFR", "three_hr_pressure_tendency_mb": 0.0, "maxT_c": 0.0, "minT_c": 0.0, "maxT24hr_c": 0.0, "minT24hr_c": 0.0, "precip_in": 0.0, "pcp3hr_in": 0.0, "pcp6hr_in": 0.0, "pcp24hr_in": 0.0, "snow_in": 0.0, "vert_vis_ft": 0.0, "metar_type": "METAR", "elevation_m": 654.0, "municipality": "Ürümqi", "continent": "AS", "iso_country": "CN", "iso_region": "CN-65", "wikipedia_link": "https://en.wikipedia.org/wiki/%C3%9Cr%C3%BCmqi_Tianshan_International_Airport" }, "geometry": { "type": "Point", "coordinates": [ 87.474, 43.907 ] } },
{ "type": "Feature", "properties": { "raw_text": "METAR ZYCC 280100Z 05004MPS 340V080 9999 FEW030 12/M01 Q1017 NOSIG", "station_id": "ZYCC", "observation_time": "2026-04-28T01:00:00.000Z", "latitude": 43.993, "longitude": 125.682, "temp_c": 12.0, "dewpoint_c": -1.0, "wind_dir_degrees": 50.0, "wind_speed_kt": 8.0, "wind_gust_kt": 0.0, "visibility_statute_mi": 6.0, "altim_in_hg": 30.03, "sea_level_pressure_mb": 0.0, "quality_control_flags": null, "wx_string": "", "sky_condition": null, "flight_category": "VFR", "three_hr_pressure_tendency_mb": 0.0, "maxT_c": 0.0, "minT_c": 0.0, "maxT24hr_c": 0.0, "minT24hr_c": 0.0, "precip_in": 0.0, "pcp3hr_in": 0.0, "pcp6hr_in": 0.0, "pcp24hr_in": 0.0, "snow_in": 0.0, "vert_vis_ft": 0.0, "metar_type": "METAR", "elevation_m": 211.0, "municipality": "Changchun", "continent": "AS", "iso_country": "CN", "iso_region": "CN-22", "wikipedia_link": "https://en.wikipedia.org/wiki/Changchun_Longjia_International_Airport" }, "geometry": { "type": "Point", "coordinates": [ 125.682, 43.993 ] } },
{ "type": "Feature", "properties": { "raw_text": "METAR ZYHB 280100Z 35003MPS 270V060 CAVOK 13/M03 Q1016 NOSIG", "station_id": "ZYHB", "observation_time": "2026-04-28T01:00:00.000Z", "latitude": 45.628, "longitude": 126.259, "temp_c": 13.0, "dewpoint_c": -3.0, "wind_dir_degrees": 350.0, "wind_speed_kt": 6.0, "wind_gust_kt": 0.0, "visibility_statute_mi": 6.0, "altim_in_hg": 30.0, "sea_level_pressure_mb": 0.0, "quality_control_flags": null, "wx_string": "", "sky_condition": null, "flight_category": "VFR", "three_hr_pressure_tendency_mb": 0.0, "maxT_c": 0.0, "minT_c": 0.0, "maxT24hr_c": 0.0, "minT24hr_c": 0.0, "precip_in": 0.0, "pcp3hr_in": 0.0, "pcp6hr_in": 0.0, "pcp24hr_in": 0.0, "snow_in": 0.0, "vert_vis_ft": 0.0, "metar_type": "METAR", "elevation_m": 134.0, "municipality": "Harbin", "continent": "AS", "iso_country": "CN", "iso_region": "CN-23", "wikipedia_link": "https://en.wikipedia.org/wiki/Harbin_Taiping_International_Airport" }, "geometry": { "type": "Point", "coordinates": [ 126.259, 45.628 ] } },
{ "type": "Feature", "properties": { "raw_text": "METAR ZYTL 280130Z 33006MPS 290V360 CAVOK 13/04 Q1019 NOSIG", "station_id": "ZYTL", "observation_time": "2026-04-28T01:30:00.000Z", "latitude": 38.961, "longitude": 121.556, "temp_c": 13.0, "dewpoint_c": 4.0, "wind_dir_degrees": 330.0, "wind_speed_kt": 12.0, "wind_gust_kt": 0.0, "visibility_statute_mi": 6.0, "altim_in_hg": 30.09, "sea_level_pressure_mb": 0.0, "quality_control_flags": null, "wx_string": "", "sky_condition": null, "flight_category": "VFR", "three_hr_pressure_tendency_mb": 0.0, "maxT_c": 0.0, "minT_c": 0.0, "maxT24hr_c": 0.0, "minT24hr_c": 0.0, "precip_in": 0.0, "pcp3hr_in": 0.0, "pcp6hr_in": 0.0, "pcp24hr_in": 0.0, "snow_in": 0.0, "vert_vis_ft": 0.0, "metar_type": "METAR", "elevation_m": 33.0, "municipality": "Dalian (Ganjingzi)", "continent": "AS", "iso_country": "CN", "iso_region": "CN-21", "wikipedia_link": "https://en.wikipedia.org/wiki/Dalian_Zhoushuizi_International_Airport" }, "geometry": { "type": "Point", "coordinates": [ 121.556, 38.961 ] } },
{ "type": "Feature", "properties": { "raw_text": "METAR ZYTX 280130Z 02007MPS 330V060 CAVOK 15/M02 Q1017 NOSIG", "station_id": "ZYTX", "observation_time": "2026-04-28T01:30:00.000Z", "latitude": 41.639, "longitude": 123.485, "temp_c": 15.0, "dewpoint_c": -2.0, "wind_dir_degrees": 20.0, "wind_speed_kt": 14.0, "wind_gust_kt": 0.0, "visibility_statute_mi": 6.0, "altim_in_hg": 30.03, "sea_level_pressure_mb": 0.0, "quality_control_flags": null, "wx_string": "", "sky_condition": null, "flight_category": "VFR", "three_hr_pressure_tendency_mb": 0.0, "maxT_c": 0.0, "minT_c": 0.0, "maxT24hr_c": 0.0, "minT24hr_c": 0.0, "precip_in": 0.0, "pcp3hr_in": 0.0, "pcp6hr_in": 0.0, "pcp24hr_in": 0.0, "snow_in": 0.0, "vert_vis_ft": 0.0, "metar_type": "METAR", "elevation_m": 56.0, "municipality": "Shenyang", "continent": "AS", "iso_country": "CN", "iso_region": "CN-21", "wikipedia_link": "https://en.wikipedia.org/wiki/Shenyang_Taoxian_International_Airport" }, "geometry": { "type": "Point", "coordinates": [ 123.485, 41.639 ] } }
]
}
