{"type": "FeatureCollection", "features": [{"type": "Feature", "geometry": {"type": "Point", "coordinates": [-87.1683, 37.7297]}, "properties": {"station_id": "KOWB", "temp_c": 18.0, "icao_code": "KOWB", "municipality": "Owensboro", "iso_country": "US", "iso_region": "US-KY"}}, {"type": "Feature", "geometry": {"type": "Point", "coordinates": [37.906, 55.409]}, "properties": {"station_id": "UUDD", "temp_c": 0.0, "icao_code": "UUDD", "municipality": "Moscow", "iso_country": "RU", "iso_region": "RU-MOS"}}, {"type": "Feature", "geometry": {"type": "Point", "coordinates": [-91.4881, 44.8665]}, "properties": {"station_id": "KEAU", "temp_c": 7.2, "icao_code": "KEAU", "municipality": "Eau Claire", "iso_country": "US", "iso_region": "US-WI"}}, {"type": "Feature", "geometry": {"type": "Point", "coordinates": [-82.307, 42.995]}, "properties": {"station_id": "CYZR", "temp_c": 17.0, "icao_code": "CYZR", "municipality": "Sarnia", "iso_country": "CA", "iso_region": "CA-ON"}}, {"type": "Feature", "geometry": {"type": "Point", "coordinates": [-84.6114, 38.0339]}, "properties": {"station_id": "KLEX", "temp_c": 15.6, "icao_code": "KLEX", "municipality": "Lexington", "iso_country": "US", "iso_region": "US-KY"}}, {"type": "Feature", "geometry": {"type": "Point", "coordinates": [-87.4117, 36.6169]}, "properties": {"station_id": "KCKV", "temp_c": 23.3, "icao_code": "KCKV", "municipality": "Clarksville", "iso_country": "US", "iso_region": "US-TN"}}, {"type": "Feature", "geometry": {"type": "Point", "coordinates": [87.474, 43.907]}, "properties": {"station_id": "ZWWW", "temp_c": 28.0, "icao_code": "ZWWW", "municipality": "\u00dcr\u00fcmqi", "iso_country": "CN", "iso_region": "CN-65"}}, {"type": "Feature", "geometry": {"type": "Point", "coordinates": [-54.672, -20.469]}, "properties": {"station_id": "SBCG", "temp_c": 19.0, "icao_code": "SBCG", "municipality": "Campo Grande", "iso_country": "BR", "iso_region": "BR-MS"}}, {"type": "Feature", "geometry": {"type": "Point", "coordinates": [-77.281, 60.045]}, "properties": {"station_id": "CYPX", "temp_c": -3.0, "icao_code": "CYPX", "municipality": "Puvirnituq", "iso_country": "CA", "iso_region": "CA-QC"}}, {"type": "Feature", "geometry": {"type": "Point", "coordinates": [-83.777, 39.4308]}, "properties": {"station_id": "KILN", "temp_c": 15.6, "icao_code": "KILN", "municipality": "Wilmington", "iso_country": "US", "iso_region": "US-OH"}}, {"type": "Feature", "geometry": {"type": "Point", "coordinates": [-110.7366, 43.6129]}, "properties": {"station_id": "KJAC", "temp_c": -2.0, "icao_code": "KJAC", "municipality": "Jackson", "iso_country": "US", "iso_region": "US-WY"}}, {"type": "Feature", "geometry": {"type": "Point", "coordinates": [-83.75, 42.9669]}, "properties": {"station_id": "KFNT", "temp_c": 16.1, "icao_code": "KFNT", "municipality": "Flint", "iso_country": "US", "iso_region": "US-MI"}}, {"type": "Feature", "geometry": {"type": "Point", "coordinates": [-82.3989, 36.4797]}, "properties": {"station_id": "KTRI", "temp_c": 16.7, "icao_code": "KTRI", "municipality": "Blountville", "iso_country": "US", "iso_region": "US-TN"}}, {"type": "Feature", "geometry": {"type": "Point", "coordinates": [-92.4921, 43.904]}, "properties": {"station_id": "KRST", "temp_c": 6.7, "icao_code": "KRST", "municipality": "Rochester", "iso_country": "US", "iso_region": "US-MN"}}, {"type": "Feature", "geometry": {"type": "Point", "coordinates": [-88.063, 30.6147]}, "properties": {"station_id": "KBFM", "temp_c": 22.8, "icao_code": "KBFM", "municipality": "Mobile", "iso_country": "US", "iso_region": "US-AL"}}, {"type": "Feature", "geometry": {"type": "Point", "coordinates": [-98.4264, 40.6002]}, "properties": {"station_id": "KHSI", "temp_c": 6.1, "icao_code": "KHSI", "municipality": "Hastings", "iso_country": "US", "iso_region": "US-NE"}}, {"type": "Feature", "geometry": {"type": "Point", "coordinates": [-170.49, 63.689]}, "properties": {"station_id": "PASA", "temp_c": 0.0, "icao_code": "PASA", "municipality": "Savoonga", "iso_country": "US", "iso_region": "US-AK"}}, {"type": "Feature", "geometry": {"type": "Point", "coordinates": [-52.017, -23.476]}, "properties": {"station_id": "SBMG", "temp_c": 19.0, "icao_code": "SBMG", "municipality": "Maring\u00e1", "iso_country": "BR", "iso_region": "BR-PR"}}, {"type": "Feature", "geometry": {"type": "Point", "coordinates": [-84.5206, 39.3612]}, "properties": {"station_id": "KHAO", "temp_c": 15.6, "icao_code": "KHAO", "municipality": "Hamilton", "iso_country": "US", "iso_region": "US-OH"}}, {"type": "Feature", "geometry": {"type": "Point", "coordinates": [-81.1228, 37.7836]}, "properties": {"station_id": "KBKW", "temp_c": 13.3, "icao_code": "KBKW", "municipality": "Beaver", "iso_country": "US", "iso_region": "US-WV"}}, {"type": "Feature", "geometry": {"type": "Point", "coordinates": [-104.8081, 41.1579]}, "properties": {"station_id": "KCYS", "temp_c": 0.6, "icao_code": "KCYS", "municipality": "Cheyenne", "iso_country": "US", "iso_region": "US-WY"}}, {"type": "Feature", "geometry": {"type": "Point", "coordinates": [-90.1875, 44.6379]}, "properties": {"station_id": "KMFI", "temp_c": 8.3, "icao_code": "KMFI", "municipality": "Marshfield", "iso_country": "US", "iso_region": "US-WI"}}, {"type": "Feature", "geometry": {"type": "Point", "coordinates": [37.261, 55.592]}, "properties": {"station_id": "UUWW", "temp_c": 0.0, "icao_code": "UUWW", "municipality": "Moscow", "iso_country": "RU", "iso_region": "RU-MOW"}}, {"type": "Feature", "geometry": {"type": "Point", "coordinates": [37.415, 55.973]}, "properties": {"station_id": "UUEE", "temp_c": 0.0, "icao_code": "UUEE", "municipality": "Moscow", "iso_country": "RU", "iso_region": "RU-MOS"}}, {"type": "Feature", "geometry": {"type": "Point", "coordinates": [-123.9308, 46.9729]}, "properties": {"station_id": "KHQM", "temp_c": 10.6, "icao_code": "KHQM", "municipality": "Hoquiam", "iso_country": "US", "iso_region": "US-WA"}}, {"type": "Feature", "geometry": {"type": "Point", "coordinates": [-105.38, 42.796]}, "properties": {"station_id": "KDGW", "temp_c": 1.1, "icao_code": "KDGW", "municipality": "Douglas", "iso_country": "US", "iso_region": "US-WY"}}, {"type": "Feature", "geometry": {"type": "Point", "coordinates": [-90.6442, 35.8357]}, "properties": {"station_id": "KJBR", "temp_c": 20.6, "icao_code": "KJBR", "municipality": "Jonesboro", "iso_country": "US", "iso_region": "US-AR"}}, {"type": "Feature", "geometry": {"type": "Point", "coordinates": [56.021, 57.914]}, "properties": {"station_id": "USPP", "temp_c": 8.0, "icao_code": "USPP", "municipality": "Perm", "iso_country": "RU", "iso_region": "RU-PER"}}, {"type": "Feature", "geometry": {"type": "Point", "coordinates": [-81.423, 30.396]}, "properties": {"station_id": "KNRB", "temp_c": 20.0, "icao_code": "KNRB", "municipality": "Jacksonville", "iso_country": "US", "iso_region": "US-FL"}}, {"type": "Feature", "geometry": {"type": "Point", "coordinates": [-87.5147, 38.0502]}, "properties": {"station_id": "KEVV", "temp_c": 17.2, "icao_code": "KEVV", "municipality": "Evansville", "iso_country": "US", "iso_region": "US-IN"}}, {"type": "Feature", "geometry": {"type": "Point", "coordinates": [-92.1866, 46.8435]}, "properties": {"station_id": "KDLH", "temp_c": 2.8, "icao_code": "KDLH", "municipality": "Duluth", "iso_country": "US", "iso_region": "US-MN"}}, {"type": "Feature", "geometry": {"type": "Point", "coordinates": [-107.524, 40.493]}, "properties": {"station_id": "KCAG", "temp_c": 2.2, "icao_code": "KCAG", "municipality": "Craig", "iso_country": "US", "iso_region": "US-CO"}}, {"type": "Feature", "geometry": {"type": "Point", "coordinates": [-124.5576, 47.937]}, "properties": {"station_id": "KUIL", "temp_c": 9.4, "icao_code": "KUIL", "municipality": "Quillayute", "iso_country": "US", "iso_region": "US-WA"}}, {"type": "Feature", "geometry": {"type": "Point", "coordinates": [27.826, -33.036]}, "properties": {"station_id": "FAEL", "temp_c": 15.0, "icao_code": "FAEL", "municipality": "East London", "iso_country": "ZA", "iso_region": "ZA-EC"}}, {"type": "Feature", "geometry": {"type": "Point", "coordinates": [-169.663, 56.576]}, "properties": {"station_id": "PAPB", "temp_c": 2.8, "icao_code": "PAPB", "municipality": "St George", "iso_country": "US", "iso_region": "US-AK"}}, {"type": "Feature", "geometry": {"type": "Point", "coordinates": [-99.2228, 28.4585]}, "properties": {"station_id": "KCOT", "temp_c": 26.1, "icao_code": "KCOT", "municipality": "Cotulla", "iso_country": "US", "iso_region": "US-TX"}}, {"type": "Feature", "geometry": {"type": "Point", "coordinates": [-89.8332, 35.9378]}, "properties": {"station_id": "KHKA", "temp_c": 18.3, "icao_code": "KHKA", "municipality": "Blytheville", "iso_country": "US", "iso_region": "US-AR"}}, {"type": "Feature", "geometry": {"type": "Point", "coordinates": [-86.2369, 43.1711]}, "properties": {"station_id": "KMKG", "temp_c": 12.8, "icao_code": "KMKG", "municipality": "Muskegon", "iso_country": "US", "iso_region": "US-MI"}}, {"type": "Feature", "geometry": {"type": "Point", "coordinates": [-159.566, 62.688]}, "properties": {"station_id": "PAHX", "temp_c": 3.9, "icao_code": "PAHX", "municipality": "Shageluk", "iso_country": "US", "iso_region": "US-AK"}}, {"type": "Feature", "geometry": {"type": "Point", "coordinates": [-103.2146, 40.1743]}, "properties": {"station_id": "KAKO", "temp_c": 0.6, "icao_code": "KAKO", "municipality": "Akron", "iso_country": "US", "iso_region": "US-CO"}}, {"type": "Feature", "geometry": {"type": "Point", "coordinates": [-104.0117, 30.3707]}, "properties": {"station_id": "KMRF", "temp_c": 21.7, "icao_code": "KMRF", "municipality": "Marfa", "iso_country": "US", "iso_region": "US-TX"}}, {"type": "Feature", "geometry": {"type": "Point", "coordinates": [-148.48, 70.191]}, "properties": {"station_id": "PASC", "temp_c": -7.2, "icao_code": "PASC", "municipality": "Deadhorse", "iso_country": "US", "iso_region": "US-AK"}}, {"type": "Feature", "geometry": {"type": "Point", "coordinates": [-109.5128, 40.4429]}, "properties": {"station_id": "KVEL", "temp_c": 6.1, "icao_code": "KVEL", "municipality": "Vernal", "iso_country": "US", "iso_region": "US-UT"}}, {"type": "Feature", "geometry": {"type": "Point", "coordinates": [-152.4881, 57.7507]}, "properties": {"station_id": "PADQ", "temp_c": 5.0, "icao_code": "PADQ", "municipality": "Kodiak", "iso_country": "US", "iso_region": "US-AK"}}, {"type": "Feature", "geometry": {"type": "Point", "coordinates": [-92.2148, 38.8171]}, "properties": {"station_id": "KCOU", "temp_c": 13.9, "icao_code": "KCOU", "municipality": "Columbia", "iso_country": "US", "iso_region": "US-MO"}}, {"type": "Feature", "geometry": {"type": "Point", "coordinates": [106.659, -6.125]}, "properties": {"station_id": "WIII", "temp_c": 32.0, "icao_code": "WIII", "municipality": "Jakarta", "iso_country": "ID", "iso_region": "ID-BT"}}, {"type": "Feature", "geometry": {"type": "Point", "coordinates": [136.108, -1.19]}, "properties": {"station_id": "WABB", "temp_c": 31.0, "icao_code": "WABB", "municipality": "Biak", "iso_country": "ID", "iso_region": "ID-PA"}}, {"type": "Feature", "geometry": {"type": "Point", "coordinates": [101.147, 5.788]}, "properties": {"station_id": "VTSY", "temp_c": 34.0, "icao_code": "VTSY", "municipality": "Betong", "iso_country": "TH", "iso_region": "TH-95"}}, {"type": "Feature", "geometry": {"type": "Point", "coordinates": [98.986, 8.099]}, "properties": {"station_id": "VTSG", "temp_c": 36.0, "icao_code": "VTSG", "municipality": "Krabi", "iso_country": "TH", "iso_region": "TH-81"}}, {"type": "Feature", "geometry": {"type": "Point", "coordinates": [99.621, 7.512]}, "properties": {"station_id": "VTST", "temp_c": 36.0, "icao_code": "VTST", "municipality": "Trang", "iso_country": "TH", "iso_region": "TH-92"}}, {"type": "Feature", "geometry": {"type": "Point", "coordinates": [43.951, 36.232]}, "properties": {"station_id": "ORER", "temp_c": 21.0, "icao_code": "ORER", "municipality": "Arbil", "iso_country": "IQ", "iso_region": "IQ-AR"}}, {"type": "Feature", "geometry": {"type": "Point", "coordinates": [98.587, 9.773]}, "properties": {"station_id": "VTSR", "temp_c": 36.0, "icao_code": "VTSR", "municipality": "Ranong", "iso_country": "TH", "iso_region": "TH-85"}}, {"type": "Feature", "geometry": {"type": "Point", "coordinates": [100.062, 9.548]}, "properties": {"station_id": "VTSM", "temp_c": 33.0, "icao_code": "VTSM", "municipality": "Na Thon (Ko Samui Island)", "iso_country": "TH", "iso_region": "TH-84"}}, {"type": "Feature", "geometry": {"type": "Point", "coordinates": [99.94, 8.546]}, "properties": {"station_id": "VTSF", "temp_c": 35.0, "icao_code": "VTSF", "municipality": "Nakhon Si Thammarat", "iso_country": "TH", "iso_region": "TH-80"}}, {"type": "Feature", "geometry": {"type": "Point", "coordinates": [99.362, 10.711]}, "properties": {"station_id": "VTSE", "temp_c": 34.0, "icao_code": "VTSE", "municipality": "Chumphon", "iso_country": "TH", "iso_region": "TH-86"}}, {"type": "Feature", "geometry": {"type": "Point", "coordinates": [43.774, 26.303]}, "properties": {"station_id": "OEGS", "temp_c": 26.0, "icao_code": "OEGS", "municipality": "Qassim", "iso_country": "SA", "iso_region": "SA-05"}}, {"type": "Feature", "geometry": {"type": "Point", "coordinates": [99.152, 9.133]}, "properties": {"station_id": "VTSB", "temp_c": 38.0, "icao_code": "VTSB", "municipality": "Surat Thani", "iso_country": "TH", "iso_region": "TH-84"}}, {"type": "Feature", "geometry": {"type": "Point", "coordinates": [104.225, 13.371]}, "properties": {"station_id": "VDSA", "temp_c": 34.0, "icao_code": "VDSA", "municipality": "Siem Reap", "iso_country": "KH", "iso_region": "KH-17"}}, {"type": "Feature", "geometry": {"type": "Point", "coordinates": [103.637, 10.582]}, "properties": {"station_id": "VDSV", "temp_c": 33.0, "icao_code": "VDSV", "municipality": "Preah Sihanouk", "iso_country": "KH", "iso_region": "KH-18"}}, {"type": "Feature", "geometry": {"type": "Point", "coordinates": [42.586, 16.901]}, "properties": {"station_id": "OEGN", "temp_c": 33.0, "icao_code": "OEGN", "municipality": "Jizan", "iso_country": "SA", "iso_region": "SA-09"}}, {"type": "Feature", "geometry": {"type": "Point", "coordinates": [-54.488, -25.595]}, "properties": {"station_id": "SBFI", "temp_c": 9.0, "icao_code": "SBFI", "municipality": "Foz do Igua\u00e7u", "iso_country": "BR", "iso_region": "BR-PR"}}, {"type": "Feature", "geometry": {"type": "Point", "coordinates": [96.137, 16.906]}, "properties": {"station_id": "VYYY", "temp_c": 36.0, "icao_code": "VYYY", "municipality": "Yangon", "iso_country": "MM", "iso_region": "MM-06"}}, {"type": "Feature", "geometry": {"type": "Point", "coordinates": [167.22, -15.505]}, "properties": {"station_id": "NVSS", "temp_c": 29.0, "icao_code": "NVSS", "municipality": "Luganville", "iso_country": "VU", "iso_region": "VU-SAM"}}, {"type": "Feature", "geometry": {"type": "Point", "coordinates": [-48.547, -27.671]}, "properties": {"station_id": "SBFL", "temp_c": 19.0, "icao_code": "SBFL", "municipality": "Florian\u00f3polis", "iso_country": "BR", "iso_region": "BR-SC"}}, {"type": "Feature", "geometry": {"type": "Point", "coordinates": [102.564, 17.987]}, "properties": {"station_id": "VLVT", "temp_c": 33.0, "icao_code": "VLVT", "municipality": "Vientiane", "iso_country": "LA", "iso_region": "LA-VT"}}, {"type": "Feature", "geometry": {"type": "Point", "coordinates": [-58.228, -26.213]}, "properties": {"station_id": "SARF", "temp_c": 11.0, "icao_code": "SARF", "municipality": "Formosa", "iso_country": "AR", "iso_region": "AR-P"}}, {"type": "Feature", "geometry": {"type": "Point", "coordinates": [67.139, 24.902]}, "properties": {"station_id": "OPKC", "temp_c": 33.0, "icao_code": "OPKC", "municipality": "Karachi", "iso_country": "PK", "iso_region": "PK-SD"}}, {"type": "Feature", "geometry": {"type": "Point", "coordinates": [68.55, 43.311]}, "properties": {"station_id": "UAIT", "temp_c": 25.0, "icao_code": "UAIT", "municipality": "Turk\u0131stan", "iso_country": "KZ", "iso_region": "KZ-YUZ"}}, {"type": "Feature", "geometry": {"type": "Point", "coordinates": [82.5, 50.027]}, "properties": {"station_id": "UASK", "temp_c": 19.0, "icao_code": "UASK", "municipality": "Ust-Kamenogorsk (Oskemen)", "iso_country": "KZ", "iso_region": "KZ-VOS"}}, {"type": "Feature", "geometry": {"type": "Point", "coordinates": [-76.798, 17.942]}, "properties": {"station_id": "MKJP", "temp_c": 26.0, "icao_code": "MKJP", "municipality": "Kingston", "iso_country": "JM", "iso_region": "JM-01"}}, {"type": "Feature", "geometry": {"type": "Point", "coordinates": [78.445, 45.121]}, "properties": {"station_id": "UAAT", "temp_c": 18.0, "icao_code": "UAAT", "municipality": "Taldykorgan", "iso_country": "KZ", "iso_region": "KZ-JET"}}, {"type": "Feature", "geometry": {"type": "Point", "coordinates": [68.865, 37.866]}, "properties": {"station_id": "UTDT", "temp_c": 24.0, "icao_code": "UTDT", "municipality": "Bokhtar", "iso_country": "TJ", "iso_region": "TJ-KT"}}, {"type": "Feature", "geometry": {"type": "Point", "coordinates": [-71.137, -40.075]}, "properties": {"station_id": "SAZY", "temp_c": 8.0, "icao_code": "SAZY", "municipality": "Chapelco/San Martin de los Andes", "iso_country": "AR", "iso_region": "AR-Q"}}, {"type": "Feature", "geometry": {"type": "Point", "coordinates": [-60.483, -31.79]}, "properties": {"station_id": "SAAP", "temp_c": 8.0, "icao_code": "SAAP", "municipality": "Parana", "iso_country": "AR", "iso_region": "AR-E"}}, {"type": "Feature", "geometry": {"type": "Point", "coordinates": [-60.812, -31.712]}, "properties": {"station_id": "SAAV", "temp_c": 7.0, "icao_code": "SAAV", "municipality": "Santa Fe", "iso_country": "AR", "iso_region": "AR-S"}}, {"type": "Feature", "geometry": {"type": "Point", "coordinates": [-58.416, -34.559]}, "properties": {"station_id": "SABE", "temp_c": 11.0, "icao_code": "SABE", "municipality": "Buenos Aires", "iso_country": "AR", "iso_region": "AR-C"}}, {"type": "Feature", "geometry": {"type": "Point", "coordinates": [-58.613, -34.61]}, "properties": {"station_id": "SADP", "temp_c": 6.0, "icao_code": "SADP", "municipality": "El Palomar", "iso_country": "AR", "iso_region": "AR-B"}}, {"type": "Feature", "geometry": {"type": "Point", "coordinates": [-68.793, -32.832]}, "properties": {"station_id": "SAME", "temp_c": 9.0, "icao_code": "SAME", "municipality": "Mendoza", "iso_country": "AR", "iso_region": "AR-M"}}, {"type": "Feature", "geometry": {"type": "Point", "coordinates": [-65.754, -28.593]}, "properties": {"station_id": "SANC", "temp_c": 13.0, "icao_code": "SANC", "municipality": "Catamarca", "iso_country": "AR", "iso_region": "AR-K"}}, {"type": "Feature", "geometry": {"type": "Point", "coordinates": [69.805, 37.988]}, "properties": {"station_id": "UTDK", "temp_c": 23.0, "icao_code": "UTDK", "municipality": "Kulob", "iso_country": "TJ", "iso_region": "TJ-KT"}}, {"type": "Feature", "geometry": {"type": "Point", "coordinates": [-64.3, -27.755]}, "properties": {"station_id": "SANE", "temp_c": 8.0, "icao_code": "SANE", "municipality": "Santiago del Estero", "iso_country": "AR", "iso_region": "AR-G"}}, {"type": "Feature", "geometry": {"type": "Point", "coordinates": [-66.795, -29.383]}, "properties": {"station_id": "SANL", "temp_c": 10.0, "icao_code": "SANL", "municipality": "La Rioja", "iso_country": "AR", "iso_region": "AR-F"}}, {"type": "Feature", "geometry": {"type": "Point", "coordinates": [-65.105, -26.841]}, "properties": {"station_id": "SANT", "temp_c": 8.0, "icao_code": "SANT", "municipality": "San Miguel de Tucum\u00e1n", "iso_country": "AR", "iso_region": "AR-T"}}, {"type": "Feature", "geometry": {"type": "Point", "coordinates": [-68.418, -31.572]}, "properties": {"station_id": "SANU", "temp_c": 7.0, "icao_code": "SANU", "municipality": "San Juan", "iso_country": "AR", "iso_region": "AR-J"}}, {"type": "Feature", "geometry": {"type": "Point", "coordinates": [-65.387, -33.73]}, "properties": {"station_id": "SAOR", "temp_c": 10.0, "icao_code": "SAOR", "municipality": "Villa Mercedes", "iso_country": "AR", "iso_region": "AR-D"}}, {"type": "Feature", "geometry": {"type": "Point", "coordinates": [-66.356, -33.273]}, "properties": {"station_id": "SAOU", "temp_c": 11.0, "icao_code": "SAOU", "municipality": "San Luis", "iso_country": "AR", "iso_region": "AR-D"}}, {"type": "Feature", "geometry": {"type": "Point", "coordinates": [-59.056, -27.45]}, "properties": {"station_id": "SARE", "temp_c": 10.0, "icao_code": "SARE", "municipality": "Resistencia", "iso_country": "AR", "iso_region": "AR-H"}}, {"type": "Feature", "geometry": {"type": "Point", "coordinates": [-54.473, -25.737]}, "properties": {"station_id": "SARI", "temp_c": 10.0, "icao_code": "SARI", "municipality": "Puerto Iguazu", "iso_country": "AR", "iso_region": "AR-N"}}, {"type": "Feature", "geometry": {"type": "Point", "coordinates": [-55.969, -27.386]}, "properties": {"station_id": "SARP", "temp_c": 10.0, "icao_code": "SARP", "municipality": "Posadas", "iso_country": "AR", "iso_region": "AR-N"}}, {"type": "Feature", "geometry": {"type": "Point", "coordinates": [-65.486, -24.856]}, "properties": {"station_id": "SASA", "temp_c": 11.0, "icao_code": "SASA", "municipality": "Salta", "iso_country": "AR", "iso_region": "AR-A"}}, {"type": "Feature", "geometry": {"type": "Point", "coordinates": [-67.471, -45.79]}, "properties": {"station_id": "SAVC", "temp_c": 8.0, "icao_code": "SAVC", "municipality": "Comodoro Rivadavia", "iso_country": "AR", "iso_region": "AR-U"}}, {"type": "Feature", "geometry": {"type": "Point", "coordinates": [-71.147, -42.906]}, "properties": {"station_id": "SAVE", "temp_c": 4.0, "icao_code": "SAVE", "municipality": "Esquel", "iso_country": "AR", "iso_region": "AR-U"}}, {"type": "Feature", "geometry": {"type": "Point", "coordinates": [-65.282, -43.209]}, "properties": {"station_id": "SAVT", "temp_c": 2.0, "icao_code": "SAVT", "municipality": "Rawson", "iso_country": "AR", "iso_region": "AR-U"}}, {"type": "Feature", "geometry": {"type": "Point", "coordinates": [-63.001, -40.867]}, "properties": {"station_id": "SAVV", "temp_c": 3.0, "icao_code": "SAVV", "municipality": "Viedma / Carmen de Patagones", "iso_country": "AR", "iso_region": "AR-R"}}, {"type": "Feature", "geometry": {"type": "Point", "coordinates": [-67.754, -53.781]}, "properties": {"station_id": "SAWE", "temp_c": 4.0, "icao_code": "SAWE", "municipality": "Rio Grande", "iso_country": "AR", "iso_region": "AR-V"}}, {"type": "Feature", "geometry": {"type": "Point", "coordinates": [-68.308, -54.844]}, "properties": {"station_id": "SAWH", "temp_c": 5.0, "icao_code": "SAWH", "municipality": "Ushuaia", "iso_country": "AR", "iso_region": "AR-V"}}, {"type": "Feature", "geometry": {"type": "Point", "coordinates": [-62.169, -38.725]}, "properties": {"station_id": "SAZB", "temp_c": 6.0, "icao_code": "SAZB", "municipality": "Bah\u00eda Blanca", "iso_country": "AR", "iso_region": "AR-B"}}, {"type": "Feature", "geometry": {"type": "Point", "coordinates": [74.404, 31.522]}, "properties": {"station_id": "OPLA", "temp_c": 30.0, "icao_code": "OPLA", "municipality": "Lahore", "iso_country": "PK", "iso_region": "PK-PB"}}, {"type": "Feature", "geometry": {"type": "Point", "coordinates": [-84.2263, 39.5918]}, "properties": {"station_id": "KMGY", "temp_c": 15.0, "icao_code": "KMGY", "municipality": "Dayton", "iso_country": "US", "iso_region": "US-OH"}}, {"type": "Feature", "geometry": {"type": "Point", "coordinates": [99.881, 19.961]}, "properties": {"station_id": "VTCT", "temp_c": 30.0, "icao_code": "VTCT", "municipality": "Chiang Rai", "iso_country": "TH", "iso_region": "TH-57"}}, {"type": "Feature", "geometry": {"type": "Point", "coordinates": [100.274, 16.792]}, "properties": {"station_id": "VTPP", "temp_c": 38.0, "icao_code": "VTPP", "municipality": "Phitsanulok", "iso_country": "TH", "iso_region": "TH-65"}}, {"type": "Feature", "geometry": {"type": "Point", "coordinates": [99.951, 12.633]}, "properties": {"station_id": "VTPH", "temp_c": 35.0, "icao_code": "VTPH", "municipality": "Hua Hin", "iso_country": "TH", "iso_region": "TH-76"}}, {"type": "Feature", "geometry": {"type": "Point", "coordinates": [-151.752, -16.445]}, "properties": {"station_id": "NTTB", "temp_c": 28.0, "icao_code": "NTTB", "municipality": "Motu Mute", "iso_country": "PF", "iso_region": "PF-U-A"}}, {"type": "Feature", "geometry": {"type": "Point", "coordinates": [120.532, 18.178]}, "properties": {"station_id": "RPLI", "temp_c": 33.0, "icao_code": "RPLI", "municipality": "Laoag City", "iso_country": "PH", "iso_region": "PH-ILN"}}, {"type": "Feature", "geometry": {"type": "Point", "coordinates": [44.121, 24.45]}, "properties": {"station_id": "OEDM", "temp_c": 27.0, "icao_code": "OEDM", "municipality": "Dawadmi", "iso_country": "SA", "iso_region": "SA-01"}}, {"type": "Feature", "geometry": {"type": "Point", "coordinates": [74.364, 32.536]}, "properties": {"station_id": "OPST", "temp_c": 33.0, "icao_code": "OPST", "municipality": "Sialkot", "iso_country": "PK", "iso_region": "PK-PB"}}, {"type": "Feature", "geometry": {"type": "Point", "coordinates": [97.972, 19.302]}, "properties": {"station_id": "VTCH", "temp_c": 34.0, "icao_code": "VTCH", "municipality": "Mae Hong Son", "iso_country": "TH", "iso_region": "TH-58"}}, {"type": "Feature", "geometry": {"type": "Point", "coordinates": [55.425, -21.32]}, "properties": {"station_id": "FMEP", "temp_c": 29.0, "icao_code": "FMEP", "municipality": "Saint-Pierre", "iso_country": "RE", "iso_region": "RE-SR"}}, {"type": "Feature", "geometry": {"type": "Point", "coordinates": [55.51, -20.887]}, "properties": {"station_id": "FMEE", "temp_c": 29.0, "icao_code": "FMEE", "municipality": "Sainte-Marie", "iso_country": "RE", "iso_region": "RE-SD"}}, {"type": "Feature", "geometry": {"type": "Point", "coordinates": [160.047, -9.43]}, "properties": {"station_id": "AGGH", "temp_c": 31.0, "icao_code": "AGGH", "municipality": "Honiara", "iso_country": "SB", "iso_region": "SB-GU"}}, {"type": "Feature", "geometry": {"type": "Point", "coordinates": [139.488, -20.678]}, "properties": {"station_id": "YBMA", "temp_c": 29.0, "icao_code": "YBMA", "municipality": "Mount Isa", "iso_country": "AU", "iso_region": "AU-QLD"}}, {"type": "Feature", "geometry": {"type": "Point", "coordinates": [28.673, -31.546]}, "properties": {"station_id": "FAUT", "temp_c": 11.0, "icao_code": "FAUT", "municipality": "Mthatha", "iso_country": "ZA", "iso_region": "ZA-EC"}}, {"type": "Feature", "geometry": {"type": "Point", "coordinates": [178.559, -18.043]}, "properties": {"station_id": "NFNA", "temp_c": 28.0, "icao_code": "NFNA", "municipality": "Nausori", "iso_country": "FJ", "iso_region": "FJ-C"}}, {"type": "Feature", "geometry": {"type": "Point", "coordinates": [42.621, 19.984]}, "properties": {"station_id": "OEBH", "temp_c": 29.0, "icao_code": "OEBH", "municipality": "Bisha", "iso_country": "SA", "iso_region": "SA-14"}}, {"type": "Feature", "geometry": {"type": "Point", "coordinates": [25.548, -25.798]}, "properties": {"station_id": "FAMM", "temp_c": 11.0, "icao_code": "FAMM", "municipality": "Mafeking", "iso_country": "ZA", "iso_region": "ZA-NW"}}, {"type": "Feature", "geometry": {"type": "Point", "coordinates": [35.313, -22.017]}, "properties": {"station_id": "FQVL", "temp_c": 25.0, "icao_code": "FQVL", "municipality": "Vilanculo", "iso_country": "MZ", "iso_region": "MZ-I"}}, {"type": "Feature", "geometry": {"type": "Point", "coordinates": [32.573, -25.921]}, "properties": {"station_id": "FQMA", "temp_c": 20.0, "icao_code": "FQMA", "municipality": "Maputo", "iso_country": "MZ", "iso_region": "MZ-MPM"}}, {"type": "Feature", "geometry": {"type": "Point", "coordinates": [8.111, 33.94]}, "properties": {"station_id": "DTTZ", "temp_c": 19.0, "icao_code": "DTTZ", "municipality": "Tozeur", "iso_country": "TN", "iso_region": "TN-72"}}, {"type": "Feature", "geometry": {"type": "Point", "coordinates": [-60.69, 2.846]}, "properties": {"station_id": "SBBV", "temp_c": 26.0, "icao_code": "SBBV", "municipality": "Boa Vista", "iso_country": "BR", "iso_region": "BR-RR"}}, {"type": "Feature", "geometry": {"type": "Point", "coordinates": [10.691, 34.718]}, "properties": {"station_id": "DTTX", "temp_c": 18.0, "icao_code": "DTTX", "municipality": "Sfax", "iso_country": "TN", "iso_region": "TN-61"}}, {"type": "Feature", "geometry": {"type": "Point", "coordinates": [9.918, 33.733]}, "properties": {"station_id": "DTTG", "temp_c": 19.0, "icao_code": "DTTG", "municipality": "Gab\u00e8s", "iso_country": "TN", "iso_region": "TN-81"}}, {"type": "Feature", "geometry": {"type": "Point", "coordinates": [8.877, 36.98]}, "properties": {"station_id": "DTKA", "temp_c": 14.0, "icao_code": "DTKA", "municipality": "Tabarka", "iso_country": "TN", "iso_region": "TN-32"}}, {"type": "Feature", "geometry": {"type": "Point", "coordinates": [71.515, 33.996]}, "properties": {"station_id": "OPPS", "temp_c": 30.0, "icao_code": "OPPS", "municipality": "Peshawar", "iso_country": "PK", "iso_region": "PK-KP"}}, {"type": "Feature", "geometry": {"type": "Point", "coordinates": [2.703, 39.599]}, "properties": {"station_id": "LESB", "temp_c": 14.0, "icao_code": "LESB", "municipality": "Marratx\u00ed", "iso_country": "ES", "iso_region": "ES-IB"}}, {"type": "Feature", "geometry": {"type": "Point", "coordinates": [120.56, 15.186]}, "properties": {"station_id": "RPLC", "temp_c": 35.0, "icao_code": "RPLC", "municipality": "Mabalacat", "iso_country": "PH", "iso_region": "PH-PAM"}}, {"type": "Feature", "geometry": {"type": "Point", "coordinates": [134.609, 34.132]}, "properties": {"station_id": "RJOS", "temp_c": 23.0, "icao_code": "RJOS", "municipality": "Tokushima", "iso_country": "JP", "iso_region": "JP-36"}}, {"type": "Feature", "geometry": {"type": "Point", "coordinates": [134.016, 34.214]}, "properties": {"station_id": "RJOT", "temp_c": 22.0, "icao_code": "RJOT", "municipality": "Takamatsu", "iso_country": "JP", "iso_region": "JP-37"}}, {"type": "Feature", "geometry": {"type": "Point", "coordinates": [1.406, 42.337]}, "properties": {"station_id": "LESU", "temp_c": 11.0, "icao_code": "LESU", "municipality": "La Seu d'Urgell Pyrenees and Andorra", "iso_country": "ES", "iso_region": "ES-CT"}}, {"type": "Feature", "geometry": {"type": "Point", "coordinates": [-0.324, 42.082]}, "properties": {"station_id": "LEHC", "temp_c": 13.0, "icao_code": "LEHC", "municipality": "Monflorite/Alcal\u00e1 del Obispo", "iso_country": "ES", "iso_region": "ES-AR"}}, {"type": "Feature", "geometry": {"type": "Point", "coordinates": [-4.849, 37.842]}, "properties": {"station_id": "LEBA", "temp_c": 14.0, "icao_code": "LEBA", "municipality": "C\u00f3rdoba", "iso_country": "ES", "iso_region": "ES-AN"}}, {"type": "Feature", "geometry": {"type": "Point", "coordinates": [133.669, 33.546]}, "properties": {"station_id": "RJOK", "temp_c": 23.0, "icao_code": "RJOK", "municipality": "Nankoku", "iso_country": "JP", "iso_region": "JP-39"}}, {"type": "Feature", "geometry": {"type": "Point", "coordinates": [101.001, 12.68]}, "properties": {"station_id": "VTBU", "temp_c": 33.0, "icao_code": "VTBU", "municipality": "Rayong", "iso_country": "TH", "iso_region": "TH-21"}}, {"type": "Feature", "geometry": {"type": "Point", "coordinates": [132.698, 33.83]}, "properties": {"station_id": "RJOM", "temp_c": 20.0, "icao_code": "RJOM", "municipality": "Matsuyama", "iso_country": "JP", "iso_region": "JP-38"}}, {"type": "Feature", "geometry": {"type": "Point", "coordinates": [-43.966, -19.635]}, "properties": {"station_id": "SBCF", "temp_c": 20.0, "icao_code": "SBCF", "municipality": "Belo Horizonte", "iso_country": "BR", "iso_region": "BR-MG"}}, {"type": "Feature", "geometry": {"type": "Point", "coordinates": [131.279, 33.93]}, "properties": {"station_id": "RJDC", "temp_c": 21.0, "icao_code": "RJDC", "municipality": "Ube", "iso_country": "JP", "iso_region": "JP-35"}}, {"type": "Feature", "geometry": {"type": "Point", "coordinates": [-84.7838, 39.5047]}, "properties": {"station_id": "KOXD", "temp_c": 15.0, "icao_code": "KOXD", "municipality": "Oxford", "iso_country": "US", "iso_region": "US-OH"}}, {"type": "Feature", "geometry": {"type": "Point", "coordinates": [41.634, 20.296]}, "properties": {"station_id": "OEBA", "temp_c": 25.0, "icao_code": "OEBA", "municipality": "Al-Baha", "iso_country": "SA", "iso_region": "SA-11"}}, {"type": "Feature", "geometry": {"type": "Point", "coordinates": [100.393, 6.933]}, "properties": {"station_id": "VTSS", "temp_c": 34.0, "icao_code": "VTSS", "municipality": "Hat Yai", "iso_country": "TH", "iso_region": "TH-90"}}, {"type": "Feature", "geometry": {"type": "Point", "coordinates": [-84.218, 9.991]}, "properties": {"station_id": "MROC", "temp_c": 20.0, "icao_code": "MROC", "municipality": "San Jos\u00e9 (Alajuela)", "iso_country": "CR", "iso_region": "CR-A"}}, {"type": "Feature", "geometry": {"type": "Point", "coordinates": [140.386, 35.765]}, "properties": {"station_id": "RJAA", "temp_c": 24.0, "icao_code": "RJAA", "municipality": "Narita", "iso_country": "JP", "iso_region": "JP-12"}}, {"type": "Feature", "geometry": {"type": "Point", "coordinates": [130.719, 31.803]}, "properties": {"station_id": "RJFK", "temp_c": 24.0, "icao_code": "RJFK", "municipality": "Kagoshima", "iso_country": "JP", "iso_region": "JP-46"}}, {"type": "Feature", "geometry": {"type": "Point", "coordinates": [-90.526, 14.585]}, "properties": {"station_id": "MGGT", "temp_c": 19.0, "icao_code": "MGGT", "municipality": "Guatemala City", "iso_country": "GT", "iso_region": "GT-GU"}}, {"type": "Feature", "geometry": {"type": "Point", "coordinates": [130.855, 32.837]}, "properties": {"station_id": "RJFT", "temp_c": 24.0, "icao_code": "RJFT", "municipality": "Kumamoto", "iso_country": "JP", "iso_region": "JP-43"}}, {"type": "Feature", "geometry": {"type": "Point", "coordinates": [135.439, 34.784]}, "properties": {"station_id": "RJOO", "temp_c": 24.0, "icao_code": "RJOO", "municipality": "Osaka", "iso_country": "JP", "iso_region": "JP-27"}}, {"type": "Feature", "geometry": {"type": "Point", "coordinates": [98.308, 8.105]}, "properties": {"station_id": "VTSP", "temp_c": 35.0, "icao_code": "VTSP", "municipality": "Phuket", "iso_country": "TH", "iso_region": "TH-83"}}, {"type": "Feature", "geometry": {"type": "Point", "coordinates": [139.781, 35.553]}, "properties": {"station_id": "RJTT", "temp_c": 22.0, "icao_code": "RJTT", "municipality": "Tokyo", "iso_country": "JP", "iso_region": "JP-13"}}, {"type": "Feature", "geometry": {"type": "Point", "coordinates": [98.963, 18.771]}, "properties": {"station_id": "VTCC", "temp_c": 34.0, "icao_code": "VTCC", "municipality": "Chiang Mai", "iso_country": "TH", "iso_region": "TH-50"}}, {"type": "Feature", "geometry": {"type": "Point", "coordinates": [130.992, 30.605]}, "properties": {"station_id": "RJFG", "temp_c": 22.0, "icao_code": "RJFG", "municipality": "Tanegashima", "iso_country": "JP", "iso_region": "JP-46"}}, {"type": "Feature", "geometry": {"type": "Point", "coordinates": [100.767, 13.686]}, "properties": {"station_id": "VTBS", "temp_c": 35.0, "icao_code": "VTBS", "municipality": "Bangkok", "iso_country": "TH", "iso_region": "TH-10"}}, {"type": "Feature", "geometry": {"type": "Point", "coordinates": [100.607, 13.913]}, "properties": {"station_id": "VTBD", "temp_c": 37.0, "icao_code": "VTBD", "municipality": "Bangkok", "iso_country": "TH", "iso_region": "TH-10"}}, {"type": "Feature", "geometry": {"type": "Point", "coordinates": [102.161, 19.897]}, "properties": {"station_id": "VLLB", "temp_c": 31.0, "icao_code": "VLLB", "municipality": "Luang Phabang", "iso_country": "LA", "iso_region": "LA-LP"}}, {"type": "Feature", "geometry": {"type": "Point", "coordinates": [107.414, 21.118]}, "properties": {"station_id": "VVVD", "temp_c": 29.0, "icao_code": "VVVD", "municipality": "Van Don", "iso_country": "VN", "iso_region": "VN-NE"}}, {"type": "Feature", "geometry": {"type": "Point", "coordinates": [106.667, 10.817]}, "properties": {"station_id": "VVTS", "temp_c": 35.0, "icao_code": "VVTS", "municipality": "Ho Chi Minh City", "iso_country": "VN", "iso_region": "VN-SE"}}, {"type": "Feature", "geometry": {"type": "Point", "coordinates": [107.699, 16.399]}, "properties": {"station_id": "VVPB", "temp_c": 28.0, "icao_code": "VVPB", "municipality": "Hu\u1ebf", "iso_country": "VN", "iso_region": "VN-NC"}}, {"type": "Feature", "geometry": {"type": "Point", "coordinates": [105.805, 21.218]}, "properties": {"station_id": "VVNB", "temp_c": 32.0, "icao_code": "VVNB", "municipality": "Hanoi (Soc Son)", "iso_country": "VN", "iso_region": "VN-RRD"}}, {"type": "Feature", "geometry": {"type": "Point", "coordinates": [108.199, 16.044]}, "properties": {"station_id": "VVDN", "temp_c": 29.0, "icao_code": "VVDN", "municipality": "Da Nang", "iso_country": "VN", "iso_region": "VN-SCC"}}, {"type": "Feature", "geometry": {"type": "Point", "coordinates": [-63.901, -8.708]}, "properties": {"station_id": "SBPV", "temp_c": 25.0, "icao_code": "SBPV", "municipality": "Porto Velho", "iso_country": "BR", "iso_region": "BR-RO"}}, {"type": "Feature", "geometry": {"type": "Point", "coordinates": [105.712, 10.085]}, "properties": {"station_id": "VVCT", "temp_c": 36.0, "icao_code": "VVCT", "municipality": "Can Tho", "iso_country": "VN", "iso_region": "VN-SW"}}, {"type": "Feature", "geometry": {"type": "Point", "coordinates": [109.219, 11.998]}, "properties": {"station_id": "VVCR", "temp_c": 33.0, "icao_code": "VVCR", "municipality": "Nha Trang/nha Trang aiurportCam Ranh", "iso_country": "VN", "iso_region": "VN-SCC"}}, {"type": "Feature", "geometry": {"type": "Point", "coordinates": [106.727, 20.823]}, "properties": {"station_id": "VVCI", "temp_c": 29.0, "icao_code": "VVCI", "municipality": "Haiphong (Hai An)", "iso_country": "VN", "iso_region": "VN-RRD"}}, {"type": "Feature", "geometry": {"type": "Point", "coordinates": [9.806, 1.905]}, "properties": {"station_id": "FGBT", "temp_c": 26.0, "icao_code": "FGBT", "municipality": "Bata", "iso_country": "GQ", "iso_region": "GQ-LI"}}, {"type": "Feature", "geometry": {"type": "Point", "coordinates": [8.71, 3.756]}, "properties": {"station_id": "FGSL", "temp_c": 26.0, "icao_code": "FGSL", "municipality": "Malabo", "iso_country": "GQ", "iso_region": "GQ-BN"}}, {"type": "Feature", "geometry": {"type": "Point", "coordinates": [-35.248, -5.911]}, "properties": {"station_id": "SBNT", "temp_c": 24.0, "icao_code": "SBNT", "municipality": "Natal", "iso_country": "BR", "iso_region": "BR-RN"}}, {"type": "Feature", "geometry": {"type": "Point", "coordinates": [76.702, 42.585]}, "properties": {"station_id": "UCFL", "temp_c": 11.0, "icao_code": "UCFL", "municipality": "Tamchy", "iso_country": "KG", "iso_region": "KG-Y"}}, {"type": "Feature", "geometry": {"type": "Point", "coordinates": [72.791, 40.61]}, "properties": {"station_id": "UCFO", "temp_c": 23.0, "icao_code": "UCFO", "municipality": "Osh", "iso_country": "KG", "iso_region": "KG-O"}}, {"type": "Feature", "geometry": {"type": "Point", "coordinates": [74.478, 43.061]}, "properties": {"station_id": "UCFM", "temp_c": 22.0, "icao_code": "UCFM", "municipality": "Bishkek", "iso_country": "KG", "iso_region": "KG-C"}}, {"type": "Feature", "geometry": {"type": "Point", "coordinates": [77.027, 43.35]}, "properties": {"station_id": "UAAA", "temp_c": 20.0, "icao_code": "UAAA", "municipality": "Almaty", "iso_country": "KZ", "iso_region": "KZ-ALA"}}, {"type": "Feature", "geometry": {"type": "Point", "coordinates": [63.613, 39.083]}, "properties": {"station_id": "UTAV", "temp_c": 26.0, "icao_code": "UTAV", "municipality": "T\u00fcrkmenabat", "iso_country": "TM", "iso_region": "TM-L"}}, {"type": "Feature", "geometry": {"type": "Point", "coordinates": [59.827, 41.761]}, "properties": {"station_id": "UTAT", "temp_c": 25.0, "icao_code": "UTAT", "municipality": "Da\u015foguz", "iso_country": "TM", "iso_region": "TM-D"}}, {"type": "Feature", "geometry": {"type": "Point", "coordinates": [69.281, 41.258]}, "properties": {"station_id": "UZTT", "temp_c": 25.0, "icao_code": "UZTT", "municipality": "Tashkent", "iso_country": "UZ", "iso_region": "UZ-TO"}}, {"type": "Feature", "geometry": {"type": "Point", "coordinates": [71.745, 40.356]}, "properties": {"station_id": "UZFF", "temp_c": 25.0, "icao_code": "UZFF", "municipality": "Fergana", "iso_country": "UZ", "iso_region": "UZ-FA"}}, {"type": "Feature", "geometry": {"type": "Point", "coordinates": [72.294, 40.727]}, "properties": {"station_id": "UZFA", "temp_c": 24.0, "icao_code": "UZFA", "municipality": "Andijan", "iso_country": "UZ", "iso_region": "UZ-AN"}}, {"type": "Feature", "geometry": {"type": "Point", "coordinates": [67.318, 37.287]}, "properties": {"station_id": "UZST", "temp_c": 27.0, "icao_code": "UZST", "municipality": "Termez", "iso_country": "UZ", "iso_region": "UZ-SU"}}, {"type": "Feature", "geometry": {"type": "Point", "coordinates": [66.974, 39.7]}, "properties": {"station_id": "UZSS", "temp_c": 24.0, "icao_code": "UZSS", "municipality": "Samarkand", "iso_country": "UZ", "iso_region": "UZ-SA"}}, {"type": "Feature", "geometry": {"type": "Point", "coordinates": [65.773, 38.804]}, "properties": {"station_id": "UZSK", "temp_c": 27.0, "icao_code": "UZSK", "municipality": "Karshi", "iso_country": "UZ", "iso_region": "UZ-QA"}}, {"type": "Feature", "geometry": {"type": "Point", "coordinates": [64.483, 39.775]}, "properties": {"station_id": "UZSB", "temp_c": 25.0, "icao_code": "UZSB", "municipality": "Bukhara", "iso_country": "UZ", "iso_region": "UZ-BU"}}, {"type": "Feature", "geometry": {"type": "Point", "coordinates": [65.167, 40.116]}, "properties": {"station_id": "UZSA", "temp_c": 26.0, "icao_code": "UZSA", "municipality": "Navoi", "iso_country": "UZ", "iso_region": "UZ-NW"}}, {"type": "Feature", "geometry": {"type": "Point", "coordinates": [60.642, 41.584]}, "properties": {"station_id": "UZNU", "temp_c": 25.0, "icao_code": "UZNU", "municipality": "Urgench", "iso_country": "UZ", "iso_region": "UZ-XO"}}, {"type": "Feature", "geometry": {"type": "Point", "coordinates": [-49.137, -5.368]}, "properties": {"station_id": "SBMA", "temp_c": 26.0, "icao_code": "SBMA", "municipality": "Marab\u00e1", "iso_country": "BR", "iso_region": "BR-PA"}}, {"type": "Feature", "geometry": {"type": "Point", "coordinates": [59.623, 42.488]}, "properties": {"station_id": "UZNN", "temp_c": 25.0, "icao_code": "UZNN", "municipality": "Nukus", "iso_country": "UZ", "iso_region": "UZ-QR"}}, {"type": "Feature", "geometry": {"type": "Point", "coordinates": [71.573, 40.983]}, "properties": {"station_id": "UZFN", "temp_c": 24.0, "icao_code": "UZFN", "municipality": "Namangan", "iso_country": "UZ", "iso_region": "UZ-NG"}}, {"type": "Feature", "geometry": {"type": "Point", "coordinates": [43.859, 40.75]}, "properties": {"station_id": "UDSG", "temp_c": 8.0, "icao_code": "UDSG", "municipality": "Gyumri", "iso_country": "AM", "iso_region": "AM-SH"}}, {"type": "Feature", "geometry": {"type": "Point", "coordinates": [44.396, 40.147]}, "properties": {"station_id": "UDYZ", "temp_c": 13.0, "icao_code": "UDYZ", "municipality": "Yerevan", "iso_country": "AM", "iso_region": "AM-ER"}}, {"type": "Feature", "geometry": {"type": "Point", "coordinates": [91.814, 22.249]}, "properties": {"station_id": "VGEG", "temp_c": 29.0, "icao_code": "VGEG", "municipality": "Chattogram (Chittagong)", "iso_country": "BD", "iso_region": "BD-2"}}, {"type": "Feature", "geometry": {"type": "Point", "coordinates": [103.995, 10.169]}, "properties": {"station_id": "VVPQ", "temp_c": 34.0, "icao_code": "VVPQ", "municipality": "Phu Quoc Island", "iso_country": "VN", "iso_region": "VN-SW"}}, {"type": "Feature", "geometry": {"type": "Point", "coordinates": [110.0575, -7.9041]}, "properties": {"station_id": "WAHI", "temp_c": 31.0, "icao_code": "WAHI", "municipality": "Yogyakarta", "iso_country": "ID", "iso_region": "ID-YO"}}, {"type": "Feature", "geometry": {"type": "Point", "coordinates": [-51.171, -29.994]}, "properties": {"station_id": "SBPA", "temp_c": 9.0, "icao_code": "SBPA", "municipality": "Porto Alegre", "iso_country": "BR", "iso_region": "BR-RS"}}, {"type": "Feature", "geometry": {"type": "Point", "coordinates": [-51.796, 3.861]}, "properties": {"station_id": "SBOI", "temp_c": 24.0, "icao_code": "SBOI", "municipality": "Oiapoque", "iso_country": "BR", "iso_region": "BR-AP"}}, {"type": "Feature", "geometry": {"type": "Point", "coordinates": [21.03, 42.576]}, "properties": {"station_id": "BKPR", "temp_c": 9.0, "icao_code": "BKPR", "municipality": "Prishtina", "iso_country": "XK", "iso_region": "XK-01"}}, {"type": "Feature", "geometry": {"type": "Point", "coordinates": [114.759, -3.44]}, "properties": {"station_id": "WAOO", "temp_c": 34.0, "icao_code": "WAOO", "municipality": "Banjarbaru", "iso_country": "ID", "iso_region": "ID-KS"}}, {"type": "Feature", "geometry": {"type": "Point", "coordinates": [104.7, -2.898]}, "properties": {"station_id": "WIPP", "temp_c": 34.0, "icao_code": "WIPP", "municipality": "Palembang", "iso_country": "ID", "iso_region": "ID-SS"}}, {"type": "Feature", "geometry": {"type": "Point", "coordinates": [109.404, -0.151]}, "properties": {"station_id": "WIOO", "temp_c": 33.0, "icao_code": "WIOO", "municipality": "Pontianak", "iso_country": "ID", "iso_region": "ID-KB"}}, {"type": "Feature", "geometry": {"type": "Point", "coordinates": [100.283, -0.783]}, "properties": {"station_id": "WIEE", "temp_c": 31.0, "icao_code": "WIEE", "municipality": "Padang (Katapiang)", "iso_country": "ID", "iso_region": "ID-SB"}}, {"type": "Feature", "geometry": {"type": "Point", "coordinates": [104.532, 0.923]}, "properties": {"station_id": "WIDN", "temp_c": 33.0, "icao_code": "WIDN", "municipality": "Tanjung Pinang-Bintan Island", "iso_country": "ID", "iso_region": "ID-KR"}}, {"type": "Feature", "geometry": {"type": "Point", "coordinates": [101.445, 0.461]}, "properties": {"station_id": "WIBB", "temp_c": 33.0, "icao_code": "WIBB", "municipality": "Pekanbaru", "iso_country": "ID", "iso_region": "ID-RI"}}, {"type": "Feature", "geometry": {"type": "Point", "coordinates": [124.926, 1.541]}, "properties": {"station_id": "WAMM", "temp_c": 27.0, "icao_code": "WAMM", "municipality": "Manado", "iso_country": "ID", "iso_region": "ID-SA"}}, {"type": "Feature", "geometry": {"type": "Point", "coordinates": [112.787, -7.38]}, "properties": {"station_id": "WARR", "temp_c": 32.0, "icao_code": "WARR", "municipality": "Surabaya", "iso_country": "ID", "iso_region": "ID-JI"}}, {"type": "Feature", "geometry": {"type": "Point", "coordinates": [115.167, -8.748]}, "properties": {"station_id": "WADD", "temp_c": 32.0, "icao_code": "WADD", "municipality": "Kuta, Badung", "iso_country": "ID", "iso_region": "ID-BA"}}, {"type": "Feature", "geometry": {"type": "Point", "coordinates": [98.874, 3.636]}, "properties": {"station_id": "WIMM", "temp_c": 33.0, "icao_code": "WIMM", "municipality": "Beringin", "iso_country": "ID", "iso_region": "ID-SU"}}, {"type": "Feature", "geometry": {"type": "Point", "coordinates": [104.119, 1.121]}, "properties": {"station_id": "WIDD", "temp_c": 30.0, "icao_code": "WIDD", "municipality": "Batam", "iso_country": "ID", "iso_region": "ID-KR"}}, {"type": "Feature", "geometry": {"type": "Point", "coordinates": [20.587, 43.818]}, "properties": {"station_id": "LYKV", "temp_c": 9.0, "icao_code": "LYKV", "municipality": "Kraljevo", "iso_country": "RS", "iso_region": "RS-18"}}, {"type": "Feature", "geometry": {"type": "Point", "coordinates": [21.863, 43.338]}, "properties": {"station_id": "LYNI", "temp_c": 10.0, "icao_code": "LYNI", "municipality": "Ni\u0161", "iso_country": "RS", "iso_region": "RS-20"}}, {"type": "Feature", "geometry": {"type": "Point", "coordinates": [19.252, 42.359]}, "properties": {"station_id": "LYPG", "temp_c": 17.0, "icao_code": "LYPG", "municipality": "Podgorica", "iso_country": "ME", "iso_region": "ME-16"}}, {"type": "Feature", "geometry": {"type": "Point", "coordinates": [18.723, 42.405]}, "properties": {"station_id": "LYTV", "temp_c": 14.0, "icao_code": "LYTV", "municipality": "Tivat", "iso_country": "ME", "iso_region": "ME-19"}}, {"type": "Feature", "geometry": {"type": "Point", "coordinates": [-34.951, -7.148]}, "properties": {"station_id": "SBJP", "temp_c": 24.0, "icao_code": "SBJP", "municipality": "Jo\u00e3o Pessoa", "iso_country": "BR", "iso_region": "BR-PB"}}, {"type": "Feature", "geometry": {"type": "Point", "coordinates": [-149.607, -17.554]}, "properties": {"station_id": "NTAA", "temp_c": 27.0, "icao_code": "NTAA", "municipality": "Papeete", "iso_country": "PF", "iso_region": "PF-U-A"}}, {"type": "Feature", "geometry": {"type": "Point", "coordinates": [69.594, 53.332]}, "properties": {"station_id": "UACK", "temp_c": 16.0, "icao_code": "UACK", "municipality": "Kokshetau", "iso_country": "KZ", "iso_region": "KZ-AKM"}}, {"type": "Feature", "geometry": {"type": "Point", "coordinates": [-3.84, 35.177]}, "properties": {"station_id": "GMTA", "temp_c": 17.0, "icao_code": "GMTA", "municipality": "Al Hoceima", "iso_country": "MA", "iso_region": "MA-01"}}, {"type": "Feature", "geometry": {"type": "Point", "coordinates": [-47.135, -23.007]}, "properties": {"station_id": "SBKP", "temp_c": 20.0, "icao_code": "SBKP", "municipality": "Campinas", "iso_country": "BR", "iso_region": "BR-SP"}}, {"type": "Feature", "geometry": {"type": "Point", "coordinates": [-13.23, 27.141]}, "properties": {"station_id": "GMML", "temp_c": 18.0, "icao_code": "GMML", "municipality": "El Aai\u00fan", "iso_country": "EH", "iso_region": "EH-U-A"}}, {"type": "Feature", "geometry": {"type": "Point", "coordinates": [17.832, 48.613]}, "properties": {"station_id": "LZPP", "temp_c": 7.0, "icao_code": "LZPP", "municipality": "Pie\u0161\u0165any", "iso_country": "SK", "iso_region": "SK-TA"}}, {"type": "Feature", "geometry": {"type": "Point", "coordinates": [-73.248, 10.436]}, "properties": {"station_id": "SKVP", "temp_c": 26.0, "icao_code": "SKVP", "municipality": "Valledupar", "iso_country": "CO", "iso_region": "CO-CES"}}, {"type": "Feature", "geometry": {"type": "Point", "coordinates": [18.613, 49.231]}, "properties": {"station_id": "LZZI", "temp_c": 6.0, "icao_code": "LZZI", "municipality": "Doln\u00fd Hri\u010dov", "iso_country": "SK", "iso_region": "SK-ZI"}}, {"type": "Feature", "geometry": {"type": "Point", "coordinates": [-72.918, 11.528]}, "properties": {"station_id": "SKRH", "temp_c": 26.0, "icao_code": "SKRH", "municipality": "Riohacha", "iso_country": "CO", "iso_region": "CO-LAG"}}, {"type": "Feature", "geometry": {"type": "Point", "coordinates": [-80.679, -0.946]}, "properties": {"station_id": "SEMT", "temp_c": 25.0, "icao_code": "SEMT", "municipality": "Manta", "iso_country": "EC", "iso_region": "EC-M"}}, {"type": "Feature", "geometry": {"type": "Point", "coordinates": [-75.294, 2.949]}, "properties": {"station_id": "SKNV", "temp_c": 25.0, "icao_code": "SKNV", "municipality": "Neiva", "iso_country": "CO", "iso_region": "CO-HUI"}}, {"type": "Feature", "geometry": {"type": "Point", "coordinates": [-75.47, 5.03]}, "properties": {"station_id": "SKMZ", "temp_c": 15.0, "icao_code": "SKMZ", "municipality": "Manizales", "iso_country": "CO", "iso_region": "CO-CAL"}}, {"type": "Feature", "geometry": {"type": "Point", "coordinates": [128.71, -15.781]}, "properties": {"station_id": "YPKU", "temp_c": 33.0, "icao_code": "YPKU", "municipality": "Kununurra", "iso_country": "AU", "iso_region": "AU-WA"}}, {"type": "Feature", "geometry": {"type": "Point", "coordinates": [121.453, -30.785]}, "properties": {"station_id": "YPKG", "temp_c": 26.0, "icao_code": "YPKG", "municipality": "Broadwood", "iso_country": "AU", "iso_region": "AU-WA"}}, {"type": "Feature", "geometry": {"type": "Point", "coordinates": [136.82, -12.274]}, "properties": {"station_id": "YPGV", "temp_c": 29.0, "icao_code": "YPGV", "municipality": "Nhulunbuy", "iso_country": "AU", "iso_region": "AU-NT"}}, {"type": "Feature", "geometry": {"type": "Point", "coordinates": [144.478, -38.029]}, "properties": {"station_id": "YMAV", "temp_c": 23.0, "icao_code": "YMAV", "municipality": "Geelong/Melbourne", "iso_country": "AU", "iso_region": "AU-VIC"}}, {"type": "Feature", "geometry": {"type": "Point", "coordinates": [123.831, -17.574]}, "properties": {"station_id": "YCIN", "temp_c": 33.0, "icao_code": "YCIN", "municipality": "Derby", "iso_country": "AU", "iso_region": "AU-WA"}}, {"type": "Feature", "geometry": {"type": "Point", "coordinates": [-79.884, -2.158]}, "properties": {"station_id": "SEGU", "temp_c": 25.0, "icao_code": "SEGU", "municipality": "Guayaquil", "iso_country": "EC", "iso_region": "EC-G"}}, {"type": "Feature", "geometry": {"type": "Point", "coordinates": [116.894, -1.268]}, "properties": {"station_id": "WALL", "temp_c": 30.0, "icao_code": "WALL", "municipality": "Balikpapan", "iso_country": "ID", "iso_region": "ID-KI"}}, {"type": "Feature", "geometry": {"type": "Point", "coordinates": [27.961, -26.566]}, "properties": {"station_id": "FAVV", "temp_c": 10.0, "icao_code": "FAVV", "municipality": "Vereeniging", "iso_country": "ZA", "iso_region": "ZA-GT"}}, {"type": "Feature", "geometry": {"type": "Point", "coordinates": [-58.067, -32.362]}, "properties": {"station_id": "SUPU", "temp_c": 5.0, "icao_code": "SUPU", "municipality": "Paysand\u00fa", "iso_country": "UY", "iso_region": "UY-PA"}}, {"type": "Feature", "geometry": {"type": "Point", "coordinates": [17.299, 44.937]}, "properties": {"station_id": "LQBK", "temp_c": 10.0, "icao_code": "LQBK", "municipality": "Mahovljani", "iso_country": "BA", "iso_region": "BA-SRP"}}, {"type": "Feature", "geometry": {"type": "Point", "coordinates": [55.457, 51.795]}, "properties": {"station_id": "UWOO", "temp_c": 11.0, "icao_code": "UWOO", "municipality": "Orenburg", "iso_country": "RU", "iso_region": "RU-ORE"}}, {"type": "Feature", "geometry": {"type": "Point", "coordinates": [17.84, 43.285]}, "properties": {"station_id": "LQMO", "temp_c": 14.0, "icao_code": "LQMO", "municipality": "Mostar", "iso_country": "BA", "iso_region": "BA-BIH"}}, {"type": "Feature", "geometry": {"type": "Point", "coordinates": [48.8, 54.402]}, "properties": {"station_id": "UWLW", "temp_c": 7.0, "icao_code": "UWLW", "municipality": "Cherdakly", "iso_country": "RU", "iso_region": "RU-ULY"}}, {"type": "Feature", "geometry": {"type": "Point", "coordinates": [18.331, 43.825]}, "properties": {"station_id": "LQSA", "temp_c": 10.0, "icao_code": "LQSA", "municipality": "Sarajevo", "iso_country": "BA", "iso_region": "BA-BIH"}}, {"type": "Feature", "geometry": {"type": "Point", "coordinates": [49.275, 55.61]}, "properties": {"station_id": "UWKD", "temp_c": 5.0, "icao_code": "UWKD", "municipality": "Kazan", "iso_country": "RU", "iso_region": "RU-TA"}}, {"type": "Feature", "geometry": {"type": "Point", "coordinates": [18.728, 44.461]}, "properties": {"station_id": "LQTZ", "temp_c": 9.0, "icao_code": "LQTZ", "municipality": "Dubrave Gornje", "iso_country": "BA", "iso_region": "BA-BIH"}}, {"type": "Feature", "geometry": {"type": "Point", "coordinates": [43.786, 56.225]}, "properties": {"station_id": "UWGG", "temp_c": 1.0, "icao_code": "UWGG", "municipality": "Nizhny Novgorod", "iso_country": "RU", "iso_region": "RU-NIZ"}}, {"type": "Feature", "geometry": {"type": "Point", "coordinates": [28.931, 46.928]}, "properties": {"station_id": "LUKK", "temp_c": 9.0, "icao_code": "LUKK", "municipality": "Chi\u015fin\u0103u", "iso_country": "MD", "iso_region": "MD-CU"}}, {"type": "Feature", "geometry": {"type": "Point", "coordinates": [50.845, 61.647]}, "properties": {"station_id": "UUYY", "temp_c": 4.0, "icao_code": "UUYY", "municipality": "Syktyvkar", "iso_country": "RU", "iso_region": "RU-KO"}}, {"type": "Feature", "geometry": {"type": "Point", "coordinates": [-18.069, 65.655]}, "properties": {"station_id": "BIAR", "temp_c": 11.0, "icao_code": "BIAR", "municipality": "Akureyri", "iso_country": "IS", "iso_region": "IS-6"}}, {"type": "Feature", "geometry": {"type": "Point", "coordinates": [-14.409, 65.275]}, "properties": {"station_id": "BIEG", "temp_c": 12.0, "icao_code": "BIEG", "municipality": "Egilssta\u00f0ir", "iso_country": "IS", "iso_region": "IS-7"}}, {"type": "Feature", "geometry": {"type": "Point", "coordinates": [39.228, 51.814]}, "properties": {"station_id": "UUOO", "temp_c": 6.0, "icao_code": "UUOO", "municipality": "Voronezh", "iso_country": "RU", "iso_region": "RU-VOR"}}, {"type": "Feature", "geometry": {"type": "Point", "coordinates": [-22.614, 63.987]}, "properties": {"station_id": "BIKF", "temp_c": 8.0, "icao_code": "BIKF", "municipality": "Reykjav\u00edk", "iso_country": "IS", "iso_region": "IS-2"}}, {"type": "Feature", "geometry": {"type": "Point", "coordinates": [-21.941, 64.129]}, "properties": {"station_id": "BIRK", "temp_c": 9.0, "icao_code": "BIRK", "municipality": "Reykjav\u00edk", "iso_country": "IS", "iso_region": "IS-1"}}, {"type": "Feature", "geometry": {"type": "Point", "coordinates": [-56.169, 46.764]}, "properties": {"station_id": "LFVP", "temp_c": -1.0, "icao_code": "LFVP", "municipality": "Saint-Pierre", "iso_country": "PM", "iso_region": "PM-SP"}}, {"type": "Feature", "geometry": {"type": "Point", "coordinates": [65.324, 57.19]}, "properties": {"station_id": "USTR", "temp_c": 17.0, "icao_code": "USTR", "municipality": "Tyumen", "iso_country": "RU", "iso_region": "RU-TYU"}}, {"type": "Feature", "geometry": {"type": "Point", "coordinates": [66.611, 66.591]}, "properties": {"station_id": "USDD", "temp_c": 2.0, "icao_code": "USDD", "municipality": "Salekhard", "iso_country": "RU", "iso_region": "RU-YAN"}}, {"type": "Feature", "geometry": {"type": "Point", "coordinates": [-71.939, -13.536]}, "properties": {"station_id": "SPZO", "temp_c": 7.0, "icao_code": "SPZO", "municipality": "Cusco", "iso_country": "PE", "iso_region": "PE-CUS"}}, {"type": "Feature", "geometry": {"type": "Point", "coordinates": [-76.221, -13.744]}, "properties": {"station_id": "SPSO", "temp_c": 19.0, "icao_code": "SPSO", "municipality": "Pisco", "iso_country": "PE", "iso_region": "PE-ICA"}}, {"type": "Feature", "geometry": {"type": "Point", "coordinates": [-71.583, -16.341]}, "properties": {"station_id": "SPQU", "temp_c": 11.0, "icao_code": "SPQU", "municipality": "Arequipa", "iso_country": "PE", "iso_region": "PE-ARE"}}, {"type": "Feature", "geometry": {"type": "Point", "coordinates": [-73.306, -3.786]}, "properties": {"station_id": "SPQT", "temp_c": 23.0, "icao_code": "SPQT", "municipality": "Iquitos", "iso_country": "PE", "iso_region": "PE-LOR"}}, {"type": "Feature", "geometry": {"type": "Point", "coordinates": [-77.113, -12.024]}, "properties": {"station_id": "SPJC", "temp_c": 20.0, "icao_code": "SPJC", "municipality": "Lima", "iso_country": "PE", "iso_region": "PE-LIM"}}, {"type": "Feature", "geometry": {"type": "Point", "coordinates": [-69.943, -4.196]}, "properties": {"station_id": "SKLT", "temp_c": 24.0, "icao_code": "SKLT", "municipality": "Leticia", "iso_country": "CO", "iso_region": "CO-AMA"}}, {"type": "Feature", "geometry": {"type": "Point", "coordinates": [-78.354, -0.124]}, "properties": {"station_id": "SEQM", "temp_c": 12.0, "icao_code": "SEQM", "municipality": "Quito", "iso_country": "EC", "iso_region": "EC-P"}}, {"type": "Feature", "geometry": {"type": "Point", "coordinates": [-1.65, 42.777]}, "properties": {"station_id": "LEPP", "temp_c": 13.0, "icao_code": "LEPP", "municipality": "Pamplona", "iso_country": "ES", "iso_region": "ES-NC"}}, {"type": "Feature", "geometry": {"type": "Point", "coordinates": [61.897, 37.619]}, "properties": {"station_id": "UTAM", "temp_c": 27.0, "icao_code": "UTAM", "municipality": "Mary", "iso_country": "TM", "iso_region": "TM-M"}}, {"type": "Feature", "geometry": {"type": "Point", "coordinates": [87.322, 69.308]}, "properties": {"station_id": "UOOO", "temp_c": -5.0, "icao_code": "UOOO", "municipality": "Norilsk", "iso_country": "RU", "iso_region": "RU-KYA"}}, {"type": "Feature", "geometry": {"type": "Point", "coordinates": [44.336, 48.788]}, "properties": {"station_id": "URWW", "temp_c": 8.0, "icao_code": "URWW", "municipality": "Volgograd", "iso_country": "RU", "iso_region": "RU-VGG"}}, {"type": "Feature", "geometry": {"type": "Point", "coordinates": [39.926, 43.438]}, "properties": {"station_id": "URSS", "temp_c": 11.0, "icao_code": "URSS", "municipality": "Sochi", "iso_country": "RU", "iso_region": "RU-KDA"}}, {"type": "Feature", "geometry": {"type": "Point", "coordinates": [42.1, 45.108]}, "properties": {"station_id": "URMT", "temp_c": 10.0, "icao_code": "URMT", "municipality": "Stavropol", "iso_country": "RU", "iso_region": "RU-STA"}}, {"type": "Feature", "geometry": {"type": "Point", "coordinates": [43.646, 43.514]}, "properties": {"station_id": "URMN", "temp_c": 7.0, "icao_code": "URMN", "municipality": "Nalchik", "iso_country": "RU", "iso_region": "RU-KB"}}, {"type": "Feature", "geometry": {"type": "Point", "coordinates": [43.082, 44.225]}, "properties": {"station_id": "URMM", "temp_c": 9.0, "icao_code": "URMM", "municipality": "Mineralnyye Vody", "iso_country": "RU", "iso_region": "RU-STA"}}, {"type": "Feature", "geometry": {"type": "Point", "coordinates": [39.15, 45.033]}, "properties": {"station_id": "URKK", "temp_c": 10.0, "icao_code": "URKK", "municipality": "Krasnodar", "iso_country": "RU", "iso_region": "RU-KDA"}}, {"type": "Feature", "geometry": {"type": "Point", "coordinates": [37.341, 44.995]}, "properties": {"station_id": "URKA", "temp_c": 12.0, "icao_code": "URKA", "municipality": "Krasnyi Kurgan", "iso_country": "RU", "iso_region": "RU-KDA"}}, {"type": "Feature", "geometry": {"type": "Point", "coordinates": [-157.344, -20.137]}, "properties": {"station_id": "NCMK", "temp_c": 24.0, "icao_code": "NCMK", "municipality": "Mauke Island", "iso_country": "CK", "iso_region": "CK-U-A"}}, {"type": "Feature", "geometry": {"type": "Point", "coordinates": [69.695, 40.215]}, "properties": {"station_id": "UTDL", "temp_c": 25.0, "icao_code": "UTDL", "municipality": "Khujand", "iso_country": "TJ", "iso_region": "TJ-SU"}}, {"type": "Feature", "geometry": {"type": "Point", "coordinates": [-55.094, -34.855]}, "properties": {"station_id": "SULS", "temp_c": 10.0, "icao_code": "SULS", "municipality": "Punta del Este", "iso_country": "UY", "iso_region": "UY-MA"}}, {"type": "Feature", "geometry": {"type": "Point", "coordinates": [68.825, 38.543]}, "properties": {"station_id": "UTDD", "temp_c": 22.0, "icao_code": "UTDD", "municipality": "Dushanbe", "iso_country": "TJ", "iso_region": "TJ-DU"}}, {"type": "Feature", "geometry": {"type": "Point", "coordinates": [-70.855, -53.003]}, "properties": {"station_id": "SCCI", "temp_c": 6.0, "icao_code": "SCCI", "municipality": "Punta Arenas", "iso_country": "CL", "iso_region": "CL-MA"}}, {"type": "Feature", "geometry": {"type": "Point", "coordinates": [53.007, 40.054]}, "properties": {"station_id": "UTAK", "temp_c": 14.0, "icao_code": "UTAK", "municipality": "Turkmenba\u015fy", "iso_country": "TM", "iso_region": "TM-B"}}, {"type": "Feature", "geometry": {"type": "Point", "coordinates": [-161.004, -10.374]}, "properties": {"station_id": "NCMH", "temp_c": 27.0, "icao_code": "NCMH", "municipality": "Manihiki Island", "iso_country": "CK", "iso_region": "CK-U-A"}}, {"type": "Feature", "geometry": {"type": "Point", "coordinates": [-157.907, -21.896]}, "properties": {"station_id": "NCMG", "temp_c": 24.0, "icao_code": "NCMG", "municipality": "Mangaia Island", "iso_country": "CK", "iso_region": "CK-U-A"}}, {"type": "Feature", "geometry": {"type": "Point", "coordinates": [58.371, 37.975]}, "properties": {"station_id": "UTAA", "temp_c": 23.0, "icao_code": "UTAA", "municipality": "Ashgabat", "iso_country": "TM", "iso_region": "TM-S"}}, {"type": "Feature", "geometry": {"type": "Point", "coordinates": [82.651, 55.013]}, "properties": {"station_id": "UNNT", "temp_c": 14.0, "icao_code": "UNNT", "municipality": "Novosibirsk", "iso_country": "RU", "iso_region": "RU-NVS"}}, {"type": "Feature", "geometry": {"type": "Point", "coordinates": [40.712, 64.599]}, "properties": {"station_id": "ULAA", "temp_c": 0.0, "icao_code": "ULAA", "municipality": "Archangelsk", "iso_country": "RU", "iso_region": "RU-ARK"}}, {"type": "Feature", "geometry": {"type": "Point", "coordinates": [-158.119, -19.968]}, "properties": {"station_id": "NCAT", "temp_c": 24.0, "icao_code": "NCAT", "municipality": "Atiu Island", "iso_country": "CK", "iso_region": "CK-U-A"}}, {"type": "Feature", "geometry": {"type": "Point", "coordinates": [107.443, 51.808]}, "properties": {"station_id": "UIUU", "temp_c": 19.0, "icao_code": "UIUU", "municipality": "Ulan Ude", "iso_country": "RU", "iso_region": "RU-BU"}}, {"type": "Feature", "geometry": {"type": "Point", "coordinates": [104.38, 52.273]}, "properties": {"station_id": "UIII", "temp_c": 18.0, "icao_code": "UIII", "municipality": "Irkutsk", "iso_country": "RU", "iso_region": "RU-IRK"}}, {"type": "Feature", "geometry": {"type": "Point", "coordinates": [-58.536, -34.822]}, "properties": {"station_id": "SAEZ", "temp_c": 5.0, "icao_code": "SAEZ", "municipality": "Buenos Aires (Ezeiza)", "iso_country": "AR", "iso_region": "AR-B"}}, {"type": "Feature", "geometry": {"type": "Point", "coordinates": [101.716, 56.365]}, "properties": {"station_id": "UIBB", "temp_c": 5.0, "icao_code": "UIBB", "municipality": "Bratsk", "iso_country": "RU", "iso_region": "RU-IRK"}}, {"type": "Feature", "geometry": {"type": "Point", "coordinates": [113.31, 52.026]}, "properties": {"station_id": "UIAA", "temp_c": 19.0, "icao_code": "UIAA", "municipality": "Chita", "iso_country": "RU", "iso_region": "RU-ZAB"}}, {"type": "Feature", "geometry": {"type": "Point", "coordinates": [57.203, 50.248]}, "properties": {"station_id": "UATT", "temp_c": 10.0, "icao_code": "UATT", "municipality": "Aktobe", "iso_country": "KZ", "iso_region": "KZ-AKT"}}, {"type": "Feature", "geometry": {"type": "Point", "coordinates": [51.829, 47.122]}, "properties": {"station_id": "UATG", "temp_c": 14.0, "icao_code": "UATG", "municipality": "Atyrau", "iso_country": "KZ", "iso_region": "KZ-ATY"}}, {"type": "Feature", "geometry": {"type": "Point", "coordinates": [51.092, 43.86]}, "properties": {"station_id": "UATE", "temp_c": 13.0, "icao_code": "UATE", "municipality": "Aktau", "iso_country": "KZ", "iso_region": "KZ-MAN"}}, {"type": "Feature", "geometry": {"type": "Point", "coordinates": [-6.298, 53.422]}, "properties": {"station_id": "EIDW", "temp_c": 8.0, "icao_code": "EIDW", "municipality": "Dublin", "iso_country": "IE", "iso_region": "IE-D"}}, {"type": "Feature", "geometry": {"type": "Point", "coordinates": [-8.925, 52.702]}, "properties": {"station_id": "EINN", "temp_c": 6.0, "icao_code": "EINN", "municipality": "Shannon", "iso_country": "IE", "iso_region": "IE-CE"}}, {"type": "Feature", "geometry": {"type": "Point", "coordinates": [-159.766, -18.829]}, "properties": {"station_id": "NCAI", "temp_c": 29.0, "icao_code": "NCAI", "municipality": "Aitutaki", "iso_country": "CK", "iso_region": "CK-U-A"}}, {"type": "Feature", "geometry": {"type": "Point", "coordinates": [-8.479, 51.848]}, "properties": {"station_id": "EICK", "temp_c": 9.0, "icao_code": "EICK", "municipality": "Cork", "iso_country": "IE", "iso_region": "IE-CO"}}, {"type": "Feature", "geometry": {"type": "Point", "coordinates": [51.541, 51.151]}, "properties": {"station_id": "UARR", "temp_c": 9.0, "icao_code": "UARR", "municipality": "Uralsk", "iso_country": "KZ", "iso_region": "KZ-ZAP"}}, {"type": "Feature", "geometry": {"type": "Point", "coordinates": [-8.811, 53.913]}, "properties": {"station_id": "EIKN", "temp_c": 8.0, "icao_code": "EIKN", "municipality": "Charlestown", "iso_country": "IE", "iso_region": "IE-MO"}}, {"type": "Feature", "geometry": {"type": "Point", "coordinates": [-75.766, 4.455]}, "properties": {"station_id": "SKAR", "temp_c": 20.0, "icao_code": "SKAR", "municipality": "Armenia", "iso_country": "CO", "iso_region": "CO-QUI"}}, {"type": "Feature", "geometry": {"type": "Point", "coordinates": [-76.501, 0.505]}, "properties": {"station_id": "SKAS", "temp_c": 23.0, "icao_code": "SKAS", "municipality": "Puerto As\u00eds", "iso_country": "CO", "iso_region": "CO-PUT"}}, {"type": "Feature", "geometry": {"type": "Point", "coordinates": [-159.806, -21.203]}, "properties": {"station_id": "NCRG", "temp_c": 25.0, "icao_code": "NCRG", "municipality": "Avarua", "iso_country": "CK", "iso_region": "CK-U-A"}}, {"type": "Feature", "geometry": {"type": "Point", "coordinates": [-77.395, 6.203]}, "properties": {"station_id": "SKBS", "temp_c": 24.0, "icao_code": "SKBS", "municipality": "Bah\u00eda Solano", "iso_country": "CO", "iso_region": "CO-CHO"}}, {"type": "Feature", "geometry": {"type": "Point", "coordinates": [-76.992, 3.82]}, "properties": {"station_id": "SKBU", "temp_c": 25.0, "icao_code": "SKBU", "municipality": "Buenaventura", "iso_country": "CO", "iso_region": "CO-VAC"}}, {"type": "Feature", "geometry": {"type": "Point", "coordinates": [-78.749, 1.814]}, "properties": {"station_id": "SKCO", "temp_c": 26.0, "icao_code": "SKCO", "municipality": "Tumaco", "iso_country": "CO", "iso_region": "CO-NAR"}}, {"type": "Feature", "geometry": {"type": "Point", "coordinates": [-75.283, 9.334]}, "properties": {"station_id": "SKCZ", "temp_c": 25.0, "icao_code": "SKCZ", "municipality": "Corozal", "iso_country": "CO", "iso_region": "CO-SUC"}}, {"type": "Feature", "geometry": {"type": "Point", "coordinates": [-73.809, 7.026]}, "properties": {"station_id": "SKEJ", "temp_c": 26.0, "icao_code": "SKEJ", "municipality": "Barrancabermeja", "iso_country": "CO", "iso_region": "CO-SAN"}}, {"type": "Feature", "geometry": {"type": "Point", "coordinates": [-75.564, 1.589]}, "properties": {"station_id": "SKFL", "temp_c": 22.0, "icao_code": "SKFL", "municipality": "Florencia", "iso_country": "CO", "iso_region": "CO-CAQ"}}, {"type": "Feature", "geometry": {"type": "Point", "coordinates": [-75.956, 4.758]}, "properties": {"station_id": "SKGO", "temp_c": 22.0, "icao_code": "SKGO", "municipality": "Cartago", "iso_country": "CO", "iso_region": "CO-VAC"}}, {"type": "Feature", "geometry": {"type": "Point", "coordinates": [-75.13, 4.418]}, "properties": {"station_id": "SKIB", "temp_c": 22.0, "icao_code": "SKIB", "municipality": "Ibagu\u00e9", "iso_country": "CO", "iso_region": "CO-TOL"}}, {"type": "Feature", "geometry": {"type": "Point", "coordinates": [-76.718, 7.817]}, "properties": {"station_id": "SKLC", "temp_c": 27.0, "icao_code": "SKLC", "municipality": "Carepa", "iso_country": "CO", "iso_region": "CO-ANT"}}, {"type": "Feature", "geometry": {"type": "Point", "coordinates": [65.593, 44.707]}, "properties": {"station_id": "UAOO", "temp_c": 23.0, "icao_code": "UAOO", "municipality": "Kyzylorda", "iso_country": "KZ", "iso_region": "KZ-KZY"}}, {"type": "Feature", "geometry": {"type": "Point", "coordinates": [123.297, 9.334]}, "properties": {"station_id": "RPVD", "temp_c": 31.0, "icao_code": "RPVD", "municipality": "Dumaguete City", "iso_country": "PH", "iso_region": "PH-NER"}}, {"type": "Feature", "geometry": {"type": "Point", "coordinates": [-75.825, 8.826]}, "properties": {"station_id": "SKMR", "temp_c": 26.0, "icao_code": "SKMR", "municipality": "Monter\u00eda", "iso_country": "CO", "iso_region": "CO-COR"}}, {"type": "Feature", "geometry": {"type": "Point", "coordinates": [-70.083, 1.117]}, "properties": {"station_id": "SKMU", "temp_c": 24.0, "icao_code": "SKMU", "municipality": "Mit\u00fa", "iso_country": "CO", "iso_region": "CO-VAU"}}, {"type": "Feature", "geometry": {"type": "Point", "coordinates": [71.468, 51.024]}, "properties": {"station_id": "UACC", "temp_c": 16.0, "icao_code": "UACC", "municipality": "Astana", "iso_country": "KZ", "iso_region": "KZ-AST"}}, {"type": "Feature", "geometry": {"type": "Point", "coordinates": [-67.491, 6.184]}, "properties": {"station_id": "SKPC", "temp_c": 26.0, "icao_code": "SKPC", "municipality": "Puerto Carre\u00f1o", "iso_country": "CO", "iso_region": "CO-VID"}}, {"type": "Feature", "geometry": {"type": "Point", "coordinates": [-67.906, 3.854]}, "properties": {"station_id": "SKPD", "temp_c": 24.0, "icao_code": "SKPD", "municipality": "Puerto In\u00edrida", "iso_country": "CO", "iso_region": "CO-GUA"}}, {"type": "Feature", "geometry": {"type": "Point", "coordinates": [-46.655, -23.627]}, "properties": {"station_id": "SBSP", "temp_c": 19.0, "icao_code": "SBSP", "municipality": "S\u00e3o Paulo", "iso_country": "BR", "iso_region": "BR-SP"}}, {"type": "Feature", "geometry": {"type": "Point", "coordinates": [-76.609, 2.453]}, "properties": {"station_id": "SKPP", "temp_c": 17.0, "icao_code": "SKPP", "municipality": "Popay\u00e1n", "iso_country": "CO", "iso_region": "CO-CAU"}}, {"type": "Feature", "geometry": {"type": "Point", "coordinates": [-70.277, -18.049]}, "properties": {"station_id": "SPTN", "temp_c": 18.0, "icao_code": "SPTN", "municipality": "Tacna", "iso_country": "PE", "iso_region": "PE-TAC"}}, {"type": "Feature", "geometry": {"type": "Point", "coordinates": [-77.291, 1.394]}, "properties": {"station_id": "SKPS", "temp_c": 17.0, "icao_code": "SKPS", "municipality": "Chachag\u00fc\u00ed", "iso_country": "CO", "iso_region": "CO-NAR"}}, {"type": "Feature", "geometry": {"type": "Point", "coordinates": [-81.358, 13.358]}, "properties": {"station_id": "SKPV", "temp_c": 28.0, "icao_code": "SKPV", "municipality": "Providencia", "iso_country": "CO", "iso_region": "CO-SAP"}}, {"type": "Feature", "geometry": {"type": "Point", "coordinates": [-74.884, 5.213]}, "properties": {"station_id": "SKQU", "temp_c": 24.0, "icao_code": "SKQU", "municipality": "Mariquita", "iso_country": "CO", "iso_region": "CO-TOL"}}, {"type": "Feature", "geometry": {"type": "Point", "coordinates": [-71.86, 6.955]}, "properties": {"station_id": "SKSA", "temp_c": 25.0, "icao_code": "SKSA", "municipality": "Saravena", "iso_country": "CO", "iso_region": "CO-ARA"}}, {"type": "Feature", "geometry": {"type": "Point", "coordinates": [-171.993, -13.829]}, "properties": {"station_id": "NSFA", "temp_c": 28.0, "icao_code": "NSFA", "municipality": "Apia", "iso_country": "WS", "iso_region": "WS-AA"}}, {"type": "Feature", "geometry": {"type": "Point", "coordinates": [-72.64, 2.574]}, "properties": {"station_id": "SKSJ", "temp_c": 25.0, "icao_code": "SKSJ", "municipality": "San Jos\u00e9 Del Guaviare", "iso_country": "CO", "iso_region": "CO-GUV"}}, {"type": "Feature", "geometry": {"type": "Point", "coordinates": [-74.231, 11.12]}, "properties": {"station_id": "SKSM", "temp_c": 26.0, "icao_code": "SKSM", "municipality": "Santa Marta", "iso_country": "CO", "iso_region": "CO-MAG"}}, {"type": "Feature", "geometry": {"type": "Point", "coordinates": [123.978, 10.308]}, "properties": {"station_id": "RPVM", "temp_c": 32.0, "icao_code": "RPVM", "municipality": "Cebu City/Lapu-Lapu City", "iso_country": "PH", "iso_region": "PH-CEB"}}, {"type": "Feature", "geometry": {"type": "Point", "coordinates": [-71.76, 6.451]}, "properties": {"station_id": "SKTM", "temp_c": 23.0, "icao_code": "SKTM", "municipality": "Tame", "iso_country": "CO", "iso_region": "CO-ARA"}}, {"type": "Feature", "geometry": {"type": "Point", "coordinates": [-70.735, 7.066]}, "properties": {"station_id": "SKUC", "temp_c": 26.0, "icao_code": "SKUC", "municipality": "Arauca", "iso_country": "CO", "iso_region": "CO-ARA"}}, {"type": "Feature", "geometry": {"type": "Point", "coordinates": [122.063, 6.92]}, "properties": {"station_id": "RPMZ", "temp_c": 32.0, "icao_code": "RPMZ", "municipality": "Zamboanga", "iso_country": "PH", "iso_region": "PH-ZMC"}}, {"type": "Feature", "geometry": {"type": "Point", "coordinates": [-73.618, 4.162]}, "properties": {"station_id": "SKVV", "temp_c": 25.0, "icao_code": "SKVV", "municipality": "Villavicencio", "iso_country": "CO", "iso_region": "CO-MET"}}, {"type": "Feature", "geometry": {"type": "Point", "coordinates": [-79.828, -6.787]}, "properties": {"station_id": "SPHI", "temp_c": 21.0, "icao_code": "SPHI", "municipality": "Chiclayo", "iso_country": "PE", "iso_region": "PE-LAM"}}, {"type": "Feature", "geometry": {"type": "Point", "coordinates": [-72.384, 5.319]}, "properties": {"station_id": "SKYP", "temp_c": 26.0, "icao_code": "SKYP", "municipality": "Yopal", "iso_country": "CO", "iso_region": "CO-CAS"}}, {"type": "Feature", "geometry": {"type": "Point", "coordinates": [120.271, 14.794]}, "properties": {"station_id": "RPLB", "temp_c": 36.0, "icao_code": "RPLB", "municipality": "Olongapo", "iso_country": "PH", "iso_region": "PH-ZMB"}}, {"type": "Feature", "geometry": {"type": "Point", "coordinates": [55.522, -4.674]}, "properties": {"station_id": "FSIA", "temp_c": 29.0, "icao_code": "FSIA", "municipality": "Victoria", "iso_country": "SC", "iso_region": "SC-20"}}, {"type": "Feature", "geometry": {"type": "Point", "coordinates": [23.897, 52.109]}, "properties": {"station_id": "UMBB", "temp_c": 3.0, "icao_code": "UMBB", "municipality": "Brest", "iso_country": "BY", "iso_region": "BY-BR"}}, {"type": "Feature", "geometry": {"type": "Point", "coordinates": [31.015, 52.525]}, "properties": {"station_id": "UMGG", "temp_c": 4.0, "icao_code": "UMGG", "municipality": "Gomel", "iso_country": "BY", "iso_region": "BY-HO"}}, {"type": "Feature", "geometry": {"type": "Point", "coordinates": [6.953, 43.544]}, "properties": {"station_id": "LFMD", "temp_c": 14.0, "icao_code": "LFMD", "municipality": "Cannes", "iso_country": "FR", "iso_region": "FR-PAC"}}, {"type": "Feature", "geometry": {"type": "Point", "coordinates": [30.36, 55.133]}, "properties": {"station_id": "UMII", "temp_c": 2.0, "icao_code": "UMII", "municipality": "Vitebsk", "iso_country": "BY", "iso_region": "BY-VI"}}, {"type": "Feature", "geometry": {"type": "Point", "coordinates": [24.056, 53.602]}, "properties": {"station_id": "UMMG", "temp_c": 3.0, "icao_code": "UMMG", "municipality": "Hrodna", "iso_country": "BY", "iso_region": "BY-HR"}}, {"type": "Feature", "geometry": {"type": "Point", "coordinates": [4.938, 45.726]}, "properties": {"station_id": "LFLY", "temp_c": 14.0, "icao_code": "LFLY", "municipality": "Chassieu, Lyon", "iso_country": "FR", "iso_region": "FR-ARA"}}, {"type": "Feature", "geometry": {"type": "Point", "coordinates": [28.031, 53.883]}, "properties": {"station_id": "UMMS", "temp_c": 2.0, "icao_code": "UMMS", "municipality": "Minsk", "iso_country": "BY", "iso_region": "BY-MI"}}, {"type": "Feature", "geometry": {"type": "Point", "coordinates": [5.329, 45.363]}, "properties": {"station_id": "LFLS", "temp_c": 12.0, "icao_code": "LFLS", "municipality": "Grenoble", "iso_country": "FR", "iso_region": "FR-ARA"}}, {"type": "Feature", "geometry": {"type": "Point", "coordinates": [30.1, 53.954]}, "properties": {"station_id": "UMOO", "temp_c": 3.0, "icao_code": "UMOO", "municipality": "Mogilev", "iso_country": "BY", "iso_region": "BY-MA"}}, {"type": "Feature", "geometry": {"type": "Point", "coordinates": [5.883, 45.637]}, "properties": {"station_id": "LFLB", "temp_c": 12.0, "icao_code": "LFLB", "municipality": "Chamb\u00e9ry", "iso_country": "FR", "iso_region": "FR-ARA"}}, {"type": "Feature", "geometry": {"type": "Point", "coordinates": [-1.534, 43.469]}, "properties": {"station_id": "LFBZ", "temp_c": 15.0, "icao_code": "LFBZ", "municipality": "Biarritz", "iso_country": "FR", "iso_region": "FR-NAQ"}}, {"type": "Feature", "geometry": {"type": "Point", "coordinates": [103.866, 1.417]}, "properties": {"station_id": "WSSL", "temp_c": 33.0, "icao_code": "WSSL", "municipality": "Seletar", "iso_country": "SG", "iso_region": "SG-02"}}, {"type": "Feature", "geometry": {"type": "Point", "coordinates": [-0.416, 43.385]}, "properties": {"station_id": "LFBP", "temp_c": 14.0, "icao_code": "LFBP", "municipality": "Pau/Pyr\u00e9n\u00e9es (Uzein)", "iso_country": "FR", "iso_region": "FR-NAQ"}}, {"type": "Feature", "geometry": {"type": "Point", "coordinates": [1.379, 43.621]}, "properties": {"station_id": "LFBO", "temp_c": 15.0, "icao_code": "LFBO", "municipality": "Toulouse/Blagnac", "iso_country": "FR", "iso_region": "FR-OCC"}}, {"type": "Feature", "geometry": {"type": "Point", "coordinates": [73.171, 6.744]}, "properties": {"station_id": "VRMH", "temp_c": 33.0, "icao_code": "VRMH", "municipality": "Haa Dhaalu Atoll", "iso_country": "MV", "iso_region": "MV-23"}}, {"type": "Feature", "geometry": {"type": "Point", "coordinates": [73.529, 4.192]}, "properties": {"station_id": "VRMM", "temp_c": 32.0, "icao_code": "VRMM", "municipality": "Mal\u00e9", "iso_country": "MV", "iso_region": "MV-MLE"}}, {"type": "Feature", "geometry": {"type": "Point", "coordinates": [4.416, 43.757]}, "properties": {"station_id": "LFTW", "temp_c": 14.0, "icao_code": "LFTW", "municipality": "N\u00eemes/Garons", "iso_country": "FR", "iso_region": "FR-OCC"}}, {"type": "Feature", "geometry": {"type": "Point", "coordinates": [73.156, -0.693]}, "properties": {"station_id": "VRMG", "temp_c": 31.0, "icao_code": "VRMG", "municipality": "Gan", "iso_country": "MV", "iso_region": "MV-01"}}, {"type": "Feature", "geometry": {"type": "Point", "coordinates": [-157.349, 1.988]}, "properties": {"station_id": "PLCH", "temp_c": 28.0, "icao_code": "PLCH", "municipality": "Kiritimati", "iso_country": "KI", "iso_region": "KI-L"}}, {"type": "Feature", "geometry": {"type": "Point", "coordinates": [-0.456, 49.18]}, "properties": {"station_id": "LFRK", "temp_c": 11.0, "icao_code": "LFRK", "municipality": "Caen", "iso_country": "FR", "iso_region": "FR-NOR"}}, {"type": "Feature", "geometry": {"type": "Point", "coordinates": [-66.179, -17.421]}, "properties": {"station_id": "SLCB", "temp_c": 15.0, "icao_code": "SLCB", "municipality": "Cochabamba", "iso_country": "BO", "iso_region": "BO-C"}}, {"type": "Feature", "geometry": {"type": "Point", "coordinates": [0.154, 49.365]}, "properties": {"station_id": "LFRG", "temp_c": 10.0, "icao_code": "LFRG", "municipality": "Deauville", "iso_country": "FR", "iso_region": "FR-NOR"}}, {"type": "Feature", "geometry": {"type": "Point", "coordinates": [-1.47, 49.65]}, "properties": {"station_id": "LFRC", "temp_c": 10.0, "icao_code": "LFRC", "municipality": "Cherbourg", "iso_country": "FR", "iso_region": "FR-NOR"}}, {"type": "Feature", "geometry": {"type": "Point", "coordinates": [-4.412, 48.444]}, "properties": {"station_id": "LFRB", "temp_c": 9.0, "icao_code": "LFRB", "municipality": "Brest", "iso_country": "FR", "iso_region": "FR-BRE"}}, {"type": "Feature", "geometry": {"type": "Point", "coordinates": [-63.135, -17.645]}, "properties": {"station_id": "SLVR", "temp_c": 19.0, "icao_code": "SLVR", "municipality": "Santa Cruz", "iso_country": "BO", "iso_region": "BO-S"}}, {"type": "Feature", "geometry": {"type": "Point", "coordinates": [-68.182, -16.511]}, "properties": {"station_id": "SLLP", "temp_c": 2.0, "icao_code": "SLLP", "municipality": "La Paz / El Alto", "iso_country": "BO", "iso_region": "BO-L"}}, {"type": "Feature", "geometry": {"type": "Point", "coordinates": [3.963, 43.577]}, "properties": {"station_id": "LFMT", "temp_c": 16.0, "icao_code": "LFMT", "municipality": "Montpellier/M\u00e9diterran\u00e9e", "iso_country": "FR", "iso_region": "FR-OCC"}}, {"type": "Feature", "geometry": {"type": "Point", "coordinates": [-54.224, -32.34]}, "properties": {"station_id": "SUMO", "temp_c": 5.0, "icao_code": "SUMO", "municipality": "Melo", "iso_country": "UY", "iso_region": "UY-CL"}}, {"type": "Feature", "geometry": {"type": "Point", "coordinates": [7.216, 43.658]}, "properties": {"station_id": "LFMN", "temp_c": 15.0, "icao_code": "LFMN", "municipality": "Nice, Alpes-Maritimes", "iso_country": "FR", "iso_region": "FR-PAC"}}, {"type": "Feature", "geometry": {"type": "Point", "coordinates": [5.216, 43.438]}, "properties": {"station_id": "LFML", "temp_c": 14.0, "icao_code": "LFML", "municipality": "Marignane, Bouches-du-Rh\u00f4ne", "iso_country": "FR", "iso_region": "FR-PAC"}}, {"type": "Feature", "geometry": {"type": "Point", "coordinates": [-62.844, 17.904]}, "properties": {"station_id": "TFFJ", "temp_c": 27.0, "icao_code": "TFFJ", "municipality": "Gustavia", "iso_country": "BL", "iso_region": "BL-U-A"}}, {"type": "Feature", "geometry": {"type": "Point", "coordinates": [47.479, -18.797]}, "properties": {"station_id": "FMMI", "temp_c": 23.0, "icao_code": "FMMI", "municipality": "Antananarivo", "iso_country": "MG", "iso_region": "MG-T"}}, {"type": "Feature", "geometry": {"type": "Point", "coordinates": [-58.254, 6.499]}, "properties": {"station_id": "SYCJ", "temp_c": 24.0, "icao_code": "SYCJ", "municipality": "Georgetown", "iso_country": "GY", "iso_region": "GY-DE"}}, {"type": "Feature", "geometry": {"type": "Point", "coordinates": [47.58, 24.07]}, "properties": {"station_id": "OEKJ", "temp_c": 32.0, "icao_code": "OEKJ", "municipality": "Al Kharj", "iso_country": "SA", "iso_region": "SA-01"}}, {"type": "Feature", "geometry": {"type": "Point", "coordinates": [28.246, -26.139]}, "properties": {"station_id": "FAOR", "temp_c": 12.0, "icao_code": "FAOR", "municipality": "Johannesburg", "iso_country": "ZA", "iso_region": "ZA-GT"}}, {"type": "Feature", "geometry": {"type": "Point", "coordinates": [-74.529, 24.064]}, "properties": {"station_id": "MYSM", "temp_c": 21.0, "icao_code": "MYSM", "municipality": "San Salvador", "iso_country": "BS", "iso_region": "BS-SS"}}, {"type": "Feature", "geometry": {"type": "Point", "coordinates": [116.277, -8.757]}, "properties": {"station_id": "WADL", "temp_c": 29.0, "icao_code": "WADL", "municipality": "Mataram (Pujut, Lombok Tengah)", "iso_country": "ID", "iso_region": "ID-NB"}}, {"type": "Feature", "geometry": {"type": "Point", "coordinates": [119.554, -5.062]}, "properties": {"station_id": "WAAA", "temp_c": 31.0, "icao_code": "WAAA", "municipality": "Makassar", "iso_country": "ID", "iso_region": "ID-SN"}}, {"type": "Feature", "geometry": {"type": "Point", "coordinates": [41.686, 27.438]}, "properties": {"station_id": "OEHL", "temp_c": 20.0, "icao_code": "OEHL", "municipality": "Hail", "iso_country": "SA", "iso_region": "SA-06"}}, {"type": "Feature", "geometry": {"type": "Point", "coordinates": [139.787, 38.812]}, "properties": {"station_id": "RJSY", "temp_c": 11.0, "icao_code": "RJSY", "municipality": "Shonai", "iso_country": "JP", "iso_region": "JP-06"}}, {"type": "Feature", "geometry": {"type": "Point", "coordinates": [140.372, 40.192]}, "properties": {"station_id": "RJSR", "temp_c": 10.0, "icao_code": "RJSR", "municipality": "Kitaakita", "iso_country": "JP", "iso_region": "JP-05"}}, {"type": "Feature", "geometry": {"type": "Point", "coordinates": [141.372, 40.705]}, "properties": {"station_id": "RJSM", "temp_c": 10.0, "icao_code": "RJSM", "municipality": "Misawa", "iso_country": "JP", "iso_region": "JP-02"}}, {"type": "Feature", "geometry": {"type": "Point", "coordinates": [37.279, 31.412]}, "properties": {"station_id": "OEGT", "temp_c": 18.0, "icao_code": "OEGT", "municipality": "Gurayat", "iso_country": "SA", "iso_region": "SA-12"}}, {"type": "Feature", "geometry": {"type": "Point", "coordinates": [140.219, 39.616]}, "properties": {"station_id": "RJSK", "temp_c": 9.0, "icao_code": "RJSK", "municipality": "Akita", "iso_country": "JP", "iso_region": "JP-05"}}, {"type": "Feature", "geometry": {"type": "Point", "coordinates": [36.516, 33.411]}, "properties": {"station_id": "OSDI", "temp_c": 15.0, "icao_code": "OSDI", "municipality": "Damascus", "iso_country": "SY", "iso_region": "SY-DI"}}, {"type": "Feature", "geometry": {"type": "Point", "coordinates": [141.135, 39.429]}, "properties": {"station_id": "RJSI", "temp_c": 12.0, "icao_code": "RJSI", "municipality": "Hanamaki", "iso_country": "JP", "iso_region": "JP-03"}}, {"type": "Feature", "geometry": {"type": "Point", "coordinates": [140.371, 38.412]}, "properties": {"station_id": "RJSC", "temp_c": 22.0, "icao_code": "RJSC", "municipality": "Higashine", "iso_country": "JP", "iso_region": "JP-06"}}, {"type": "Feature", "geometry": {"type": "Point", "coordinates": [140.689, 40.733]}, "properties": {"station_id": "RJSA", "temp_c": 9.0, "icao_code": "RJSA", "municipality": "Aomori", "iso_country": "JP", "iso_region": "JP-02"}}, {"type": "Feature", "geometry": {"type": "Point", "coordinates": [37.218, 36.183]}, "properties": {"station_id": "OSAP", "temp_c": 20.0, "icao_code": "OSAP", "municipality": "Aleppo", "iso_country": "SY", "iso_region": "SY-HL"}}, {"type": "Feature", "geometry": {"type": "Point", "coordinates": [131.79, 34.676]}, "properties": {"station_id": "RJOW", "temp_c": 21.0, "icao_code": "RJOW", "municipality": "Masuda", "iso_country": "JP", "iso_region": "JP-32"}}, {"type": "Feature", "geometry": {"type": "Point", "coordinates": [134.165, 35.53]}, "properties": {"station_id": "RJOR", "temp_c": 20.0, "icao_code": "RJOR", "municipality": "Tottori", "iso_country": "JP", "iso_region": "JP-31"}}, {"type": "Feature", "geometry": {"type": "Point", "coordinates": [133.239, 35.493]}, "properties": {"station_id": "RJOH", "temp_c": 21.0, "icao_code": "RJOH", "municipality": "Yonago", "iso_country": "JP", "iso_region": "JP-31"}}, {"type": "Feature", "geometry": {"type": "Point", "coordinates": [132.89, 35.414]}, "properties": {"station_id": "RJOC", "temp_c": 21.0, "icao_code": "RJOC", "municipality": "Izumo", "iso_country": "JP", "iso_region": "JP-32"}}, {"type": "Feature", "geometry": {"type": "Point", "coordinates": [142.447, 43.671]}, "properties": {"station_id": "RJEC", "temp_c": 9.0, "icao_code": "RJEC", "municipality": "Higashikagura", "iso_country": "JP", "iso_region": "JP-01"}}, {"type": "Feature", "geometry": {"type": "Point", "coordinates": [143.404, 44.304]}, "properties": {"station_id": "RJEB", "temp_c": 3.0, "icao_code": "RJEB", "municipality": "Monbetsu", "iso_country": "JP", "iso_region": "JP-01"}}, {"type": "Feature", "geometry": {"type": "Point", "coordinates": [129.325, 34.288]}, "properties": {"station_id": "RJDT", "temp_c": 22.0, "icao_code": "RJDT", "municipality": "Tsushima", "iso_country": "JP", "iso_region": "JP-42"}}, {"type": "Feature", "geometry": {"type": "Point", "coordinates": [129.785, 33.749]}, "properties": {"station_id": "RJDB", "temp_c": 19.0, "icao_code": "RJDB", "municipality": "Iki", "iso_country": "JP", "iso_region": "JP-42"}}, {"type": "Feature", "geometry": {"type": "Point", "coordinates": [141.802, 45.404]}, "properties": {"station_id": "RJCW", "temp_c": 5.0, "icao_code": "RJCW", "municipality": "Wakkanai", "iso_country": "JP", "iso_region": "JP-01"}}, {"type": "Feature", "geometry": {"type": "Point", "coordinates": [141.381, 43.117]}, "properties": {"station_id": "RJCO", "temp_c": 8.0, "icao_code": "RJCO", "municipality": "Sapporo", "iso_country": "JP", "iso_region": "JP-01"}}, {"type": "Feature", "geometry": {"type": "Point", "coordinates": [144.96, 43.578]}, "properties": {"station_id": "RJCN", "temp_c": 10.0, "icao_code": "RJCN", "municipality": "Nakashibetsu", "iso_country": "JP", "iso_region": "JP-01"}}, {"type": "Feature", "geometry": {"type": "Point", "coordinates": [144.164, 43.881]}, "properties": {"station_id": "RJCM", "temp_c": 4.0, "icao_code": "RJCM", "municipality": "\u014czora", "iso_country": "JP", "iso_region": "JP-01"}}, {"type": "Feature", "geometry": {"type": "Point", "coordinates": [144.193, 43.041]}, "properties": {"station_id": "RJCK", "temp_c": 8.0, "icao_code": "RJCK", "municipality": "Kushiro", "iso_country": "JP", "iso_region": "JP-01"}}, {"type": "Feature", "geometry": {"type": "Point", "coordinates": [140.822, 41.77]}, "properties": {"station_id": "RJCH", "temp_c": 13.0, "icao_code": "RJCH", "municipality": "Hakodate", "iso_country": "JP", "iso_region": "JP-01"}}, {"type": "Feature", "geometry": {"type": "Point", "coordinates": [141.693, 42.774]}, "properties": {"station_id": "RJCC", "temp_c": 11.0, "icao_code": "RJCC", "municipality": "Sapporo", "iso_country": "JP", "iso_region": "JP-01"}}, {"type": "Feature", "geometry": {"type": "Point", "coordinates": [143.217, 42.733]}, "properties": {"station_id": "RJCB", "temp_c": 14.0, "icao_code": "RJCB", "municipality": "Obihiro", "iso_country": "JP", "iso_region": "JP-01"}}, {"type": "Feature", "geometry": {"type": "Point", "coordinates": [134.787, 35.513]}, "properties": {"station_id": "RJBT", "temp_c": 21.0, "icao_code": "RJBT", "municipality": "Toyooka", "iso_country": "JP", "iso_region": "JP-28"}}, {"type": "Feature", "geometry": {"type": "Point", "coordinates": [135.224, 34.633]}, "properties": {"station_id": "RJBE", "temp_c": 22.0, "icao_code": "RJBE", "municipality": "Kobe", "iso_country": "JP", "iso_region": "JP-28"}}, {"type": "Feature", "geometry": {"type": "Point", "coordinates": [135.364, 33.662]}, "properties": {"station_id": "RJBD", "temp_c": 24.0, "icao_code": "RJBD", "municipality": "Shirahama", "iso_country": "JP", "iso_region": "JP-30"}}, {"type": "Feature", "geometry": {"type": "Point", "coordinates": [140.415, 36.182]}, "properties": {"station_id": "RJAH", "temp_c": 24.0, "icao_code": "RJAH", "municipality": "Omitama", "iso_country": "JP", "iso_region": "JP-08"}}, {"type": "Feature", "geometry": {"type": "Point", "coordinates": [137.923, 36.167]}, "properties": {"station_id": "RJAF", "temp_c": 23.0, "icao_code": "RJAF", "municipality": "Matsumoto", "iso_country": "JP", "iso_region": "JP-20"}}, {"type": "Feature", "geometry": {"type": "Point", "coordinates": [-87.934, 15.442]}, "properties": {"station_id": "MHLM", "temp_c": 27.0, "icao_code": "MHLM", "municipality": "San Pedro Sula", "iso_country": "HN", "iso_region": "HN-CR"}}, {"type": "Feature", "geometry": {"type": "Point", "coordinates": [-78.698, 26.555]}, "properties": {"station_id": "MYGF", "temp_c": 24.0, "icao_code": "MYGF", "municipality": "Freeport", "iso_country": "BS", "iso_region": "BS-FP"}}, {"type": "Feature", "geometry": {"type": "Point", "coordinates": [54.458, 24.428]}, "properties": {"station_id": "OMAD", "temp_c": 34.0, "icao_code": "OMAD", "municipality": "Abu Dhabi", "iso_country": "AE", "iso_region": "AE-AZ"}}, {"type": "Feature", "geometry": {"type": "Point", "coordinates": [124.674, 24.653]}, "properties": {"station_id": "RORT", "temp_c": 27.0, "icao_code": "RORT", "municipality": "Tarama", "iso_country": "JP", "iso_region": "JP-47"}}, {"type": "Feature", "geometry": {"type": "Point", "coordinates": [122.978, 24.467]}, "properties": {"station_id": "ROYN", "temp_c": 26.0, "icao_code": "ROYN", "municipality": "Yonaguni", "iso_country": "JP", "iso_region": "JP-47"}}, {"type": "Feature", "geometry": {"type": "Point", "coordinates": [128.4, 27.044]}, "properties": {"station_id": "RORY", "temp_c": 24.0, "icao_code": "RORY", "municipality": "Yoron", "iso_country": "JP", "iso_region": "JP-46"}}, {"type": "Feature", "geometry": {"type": "Point", "coordinates": [131.326, 25.944]}, "properties": {"station_id": "RORK", "temp_c": 24.0, "icao_code": "RORK", "municipality": "Kitadait\u014djima", "iso_country": "JP", "iso_region": "JP-47"}}, {"type": "Feature", "geometry": {"type": "Point", "coordinates": [131.264, 25.847]}, "properties": {"station_id": "ROMD", "temp_c": 24.0, "icao_code": "ROMD", "municipality": "Minamidaito", "iso_country": "JP", "iso_region": "JP-47"}}, {"type": "Feature", "geometry": {"type": "Point", "coordinates": [127.646, 26.196]}, "properties": {"station_id": "ROAH", "temp_c": 24.0, "icao_code": "ROAH", "municipality": "Naha", "iso_country": "JP", "iso_region": "JP-47"}}, {"type": "Feature", "geometry": {"type": "Point", "coordinates": [139.36, 34.782]}, "properties": {"station_id": "RJTO", "temp_c": 21.0, "icao_code": "RJTO", "municipality": "Izu Oshima", "iso_country": "JP", "iso_region": "JP-13"}}, {"type": "Feature", "geometry": {"type": "Point", "coordinates": [133.855, 34.757]}, "properties": {"station_id": "RJOB", "temp_c": 23.0, "icao_code": "RJOB", "municipality": "Okayama", "iso_country": "JP", "iso_region": "JP-33"}}, {"type": "Feature", "geometry": {"type": "Point", "coordinates": [132.919, 34.436]}, "properties": {"station_id": "RJOA", "temp_c": 22.0, "icao_code": "RJOA", "municipality": "Hiroshima", "iso_country": "JP", "iso_region": "JP-34"}}, {"type": "Feature", "geometry": {"type": "Point", "coordinates": [136.962, 37.293]}, "properties": {"station_id": "RJNW", "temp_c": 17.0, "icao_code": "RJNW", "municipality": "Wajima", "iso_country": "JP", "iso_region": "JP-17"}}, {"type": "Feature", "geometry": {"type": "Point", "coordinates": [138.189, 34.796]}, "properties": {"station_id": "RJNS", "temp_c": 22.0, "icao_code": "RJNS", "municipality": "Makinohara / Shimada", "iso_country": "JP", "iso_region": "JP-22"}}, {"type": "Feature", "geometry": {"type": "Point", "coordinates": [136.407, 36.394]}, "properties": {"station_id": "RJNK", "temp_c": 19.0, "icao_code": "RJNK", "municipality": "Kanazawa", "iso_country": "JP", "iso_region": "JP-17"}}, {"type": "Feature", "geometry": {"type": "Point", "coordinates": [129.928, 28.321]}, "properties": {"station_id": "RJKI", "temp_c": 25.0, "icao_code": "RJKI", "municipality": "Kikai", "iso_country": "JP", "iso_region": "JP-46"}}, {"type": "Feature", "geometry": {"type": "Point", "coordinates": [128.7058, 27.4322]}, "properties": {"station_id": "RJKB", "temp_c": 23.0, "icao_code": "RJKB", "municipality": "Wadomari", "iso_country": "JP", "iso_region": "JP-46"}}, {"type": "Feature", "geometry": {"type": "Point", "coordinates": [129.914, 32.917]}, "properties": {"station_id": "RJFU", "temp_c": 22.0, "icao_code": "RJFU", "municipality": "Nagasaki", "iso_country": "JP", "iso_region": "JP-42"}}, {"type": "Feature", "geometry": {"type": "Point", "coordinates": [130.302, 33.15]}, "properties": {"station_id": "RJFS", "temp_c": 21.0, "icao_code": "RJFS", "municipality": "Saga", "iso_country": "JP", "iso_region": "JP-41"}}, {"type": "Feature", "geometry": {"type": "Point", "coordinates": [131.035, 33.846]}, "properties": {"station_id": "RJFR", "temp_c": 20.0, "icao_code": "RJFR", "municipality": "Kitakyushu", "iso_country": "JP", "iso_region": "JP-40"}}, {"type": "Feature", "geometry": {"type": "Point", "coordinates": [131.737, 33.479]}, "properties": {"station_id": "RJFO", "temp_c": 18.0, "icao_code": "RJFO", "municipality": "Oita", "iso_country": "JP", "iso_region": "JP-44"}}, {"type": "Feature", "geometry": {"type": "Point", "coordinates": [130.452, 33.584]}, "properties": {"station_id": "RJFF", "temp_c": 21.0, "icao_code": "RJFF", "municipality": "Fukuoka", "iso_country": "JP", "iso_region": "JP-40"}}, {"type": "Feature", "geometry": {"type": "Point", "coordinates": [128.833, 32.666]}, "properties": {"station_id": "RJFE", "temp_c": 19.0, "icao_code": "RJFE", "municipality": "Goto", "iso_country": "JP", "iso_region": "JP-42"}}, {"type": "Feature", "geometry": {"type": "Point", "coordinates": [106.766, 47.843]}, "properties": {"station_id": "ZMUB", "temp_c": 15.0, "icao_code": "ZMUB", "municipality": "Ulaanbaatar", "iso_country": "MN", "iso_region": "MN-1"}}, {"type": "Feature", "geometry": {"type": "Point", "coordinates": [113.307, 23.392]}, "properties": {"station_id": "ZGGG", "temp_c": 27.0, "icao_code": "ZGGG", "municipality": "Guangzhou (Huadu)", "iso_country": "CN", "iso_region": "CN-44"}}, {"type": "Feature", "geometry": {"type": "Point", "coordinates": [117.346, 39.124]}, "properties": {"station_id": "ZBTJ", "temp_c": 17.0, "icao_code": "ZBTJ", "municipality": "Tianjin", "iso_country": "CN", "iso_region": "CN-12"}}, {"type": "Feature", "geometry": {"type": "Point", "coordinates": [116.603, 40.082]}, "properties": {"station_id": "ZBAA", "temp_c": 18.0, "icao_code": "ZBAA", "municipality": "Beijing", "iso_country": "CN", "iso_region": "CN-11"}}, {"type": "Feature", "geometry": {"type": "Point", "coordinates": [55.939, 25.613]}, "properties": {"station_id": "OMRK", "temp_c": 35.0, "icao_code": "OMRK", "municipality": "Ras Al Khaimah", "iso_country": "AE", "iso_region": "AE-RK"}}, {"type": "Feature", "geometry": {"type": "Point", "coordinates": [150.777, -33.601]}, "properties": {"station_id": "YSRI", "temp_c": 24.0, "icao_code": "YSRI", "municipality": "Richmond", "iso_country": "AU", "iso_region": "AU-NSW"}}, {"type": "Feature", "geometry": {"type": "Point", "coordinates": [167.941, -29.039]}, "properties": {"station_id": "YSNF", "temp_c": 20.0, "icao_code": "YSNF", "municipality": "Burnt Pine", "iso_country": "NF", "iso_region": "NF-U-A"}}, {"type": "Feature", "geometry": {"type": "Point", "coordinates": [148.575, -32.221]}, "properties": {"station_id": "YSDU", "temp_c": 25.0, "icao_code": "YSDU", "municipality": "Dubbo", "iso_country": "AU", "iso_region": "AU-NSW"}}, {"type": "Feature", "geometry": {"type": "Point", "coordinates": [118.632, -20.372]}, "properties": {"station_id": "YPPD", "temp_c": 35.0, "icao_code": "YPPD", "municipality": "Port Hedland", "iso_country": "AU", "iso_region": "AU-WA"}}, {"type": "Feature", "geometry": {"type": "Point", "coordinates": [122.235, -17.948]}, "properties": {"station_id": "YBRM", "temp_c": 35.0, "icao_code": "YBRM", "municipality": "Broome", "iso_country": "AU", "iso_region": "AU-WA"}}, {"type": "Feature", "geometry": {"type": "Point", "coordinates": [150.477, -23.375]}, "properties": {"station_id": "YBRK", "temp_c": 27.0, "icao_code": "YBRK", "municipality": "Rockhampton", "iso_country": "AU", "iso_region": "AU-QLD"}}, {"type": "Feature", "geometry": {"type": "Point", "coordinates": [133.889, -23.795]}, "properties": {"station_id": "YBAS", "temp_c": 27.0, "icao_code": "YBAS", "municipality": "Alice Springs", "iso_country": "AU", "iso_region": "AU-NT"}}, {"type": "Feature", "geometry": {"type": "Point", "coordinates": [63.553, 53.215]}, "properties": {"station_id": "UAUU", "temp_c": 16.0, "icao_code": "UAUU", "municipality": "Kostanay", "iso_country": "KZ", "iso_region": "KZ-KUS"}}, {"type": "Feature", "geometry": {"type": "Point", "coordinates": [80.228, 50.352]}, "properties": {"station_id": "UASS", "temp_c": 17.0, "icao_code": "UASS", "municipality": "Semey", "iso_country": "KZ", "iso_region": "KZ-ABA"}}, {"type": "Feature", "geometry": {"type": "Point", "coordinates": [77.078, 52.202]}, "properties": {"station_id": "UASP", "temp_c": 16.0, "icao_code": "UASP", "municipality": "Pavlodar", "iso_country": "KZ", "iso_region": "KZ-PAV"}}, {"type": "Feature", "geometry": {"type": "Point", "coordinates": [73.333, 49.672]}, "properties": {"station_id": "UAKK", "temp_c": 15.0, "icao_code": "UAKK", "municipality": "Karaganda", "iso_country": "KZ", "iso_region": "KZ-KAR"}}, {"type": "Feature", "geometry": {"type": "Point", "coordinates": [67.739, 47.711]}, "properties": {"station_id": "UAKD", "temp_c": 19.0, "icao_code": "UAKD", "municipality": "Zhezkazgan", "iso_country": "KZ", "iso_region": "KZ-ULY"}}, {"type": "Feature", "geometry": {"type": "Point", "coordinates": [69.476, 42.366]}, "properties": {"station_id": "UAII", "temp_c": 25.0, "icao_code": "UAII", "municipality": "Shymkent", "iso_country": "KZ", "iso_region": "KZ-YUZ"}}, {"type": "Feature", "geometry": {"type": "Point", "coordinates": [71.304, 42.854]}, "properties": {"station_id": "UADD", "temp_c": 18.0, "icao_code": "UADD", "municipality": "Taraz", "iso_country": "KZ", "iso_region": "KZ-ZHA"}}, {"type": "Feature", "geometry": {"type": "Point", "coordinates": [69.183, 54.775]}, "properties": {"station_id": "UACP", "temp_c": 17.0, "icao_code": "UACP", "municipality": "Petropavl", "iso_country": "KZ", "iso_region": "KZ-SEV"}}, {"type": "Feature", "geometry": {"type": "Point", "coordinates": [75.005, 46.893]}, "properties": {"station_id": "UAAH", "temp_c": 18.0, "icao_code": "UAAH", "municipality": "Balkhash", "iso_country": "KZ", "iso_region": "KZ-KAR"}}, {"type": "Feature", "geometry": {"type": "Point", "coordinates": [129.713, 28.431]}, "properties": {"station_id": "RJKA", "temp_c": 25.0, "icao_code": "RJKA", "municipality": "Amami", "iso_country": "JP", "iso_region": "JP-46"}}, {"type": "Feature", "geometry": {"type": "Point", "coordinates": [106.822, 47.651]}, "properties": {"station_id": "ZMCK", "temp_c": 15.0, "icao_code": "ZMCK", "municipality": "Ulaanbaatar (Sergelen)", "iso_country": "MN", "iso_region": "MN-047"}}, {"type": "Feature", "geometry": {"type": "Point", "coordinates": [-64.28, -36.593]}, "properties": {"station_id": "SAZR", "temp_c": 9.0, "icao_code": "SAZR", "municipality": "Santa Rosa", "iso_country": "AR", "iso_region": "AR-L"}}, {"type": "Feature", "geometry": {"type": "Point", "coordinates": [27.926, -25.939]}, "properties": {"station_id": "FALA", "temp_c": 12.0, "icao_code": "FALA", "municipality": "Johannesburg", "iso_country": "ZA", "iso_region": "ZA-GT"}}, {"type": "Feature", "geometry": {"type": "Point", "coordinates": [-86.177, 12.141]}, "properties": {"station_id": "MNMG", "temp_c": 28.0, "icao_code": "MNMG", "municipality": "Managua", "iso_country": "NI", "iso_region": "NI-MN"}}, {"type": "Feature", "geometry": {"type": "Point", "coordinates": [82.859, 25.452]}, "properties": {"station_id": "VEBN", "temp_c": 33.0, "icao_code": "VEBN", "municipality": "Varanasi", "iso_country": "IN", "iso_region": "IN-UP"}}, {"type": "Feature", "geometry": {"type": "Point", "coordinates": [74.801, 31.707]}, "properties": {"station_id": "VIAR", "temp_c": 30.0, "icao_code": "VIAR", "municipality": "Amritsar", "iso_country": "IN", "iso_region": "IN-PB"}}, {"type": "Feature", "geometry": {"type": "Point", "coordinates": [90.4, 23.846]}, "properties": {"station_id": "VGHS", "temp_c": 22.0, "icao_code": "VGHS", "municipality": "Dhaka", "iso_country": "BD", "iso_region": "BD-3"}}, {"type": "Feature", "geometry": {"type": "Point", "coordinates": [-17.031, 20.929]}, "properties": {"station_id": "GQPP", "temp_c": 17.0, "icao_code": "GQPP", "municipality": "Nouadhibou", "iso_country": "MR", "iso_region": "MR-08"}}, {"type": "Feature", "geometry": {"type": "Point", "coordinates": [-87.621, 14.382]}, "properties": {"station_id": "MHPR", "temp_c": 24.0, "icao_code": "MHPR", "municipality": "Palmerola", "iso_country": "HN", "iso_region": "HN-CM"}}, {"type": "Feature", "geometry": {"type": "Point", "coordinates": [104.643, 17.384]}, "properties": {"station_id": "VTUW", "temp_c": 32.0, "icao_code": "VTUW", "municipality": "Nakhon Phanom", "iso_country": "TH", "iso_region": "TH-48"}}, {"type": "Feature", "geometry": {"type": "Point", "coordinates": [103.772, 16.117]}, "properties": {"station_id": "VTUV", "temp_c": 34.0, "icao_code": "VTUV", "municipality": "Roi Et", "iso_country": "TH", "iso_region": "TH-45"}}, {"type": "Feature", "geometry": {"type": "Point", "coordinates": [104.87, 15.251]}, "properties": {"station_id": "VTUU", "temp_c": 34.0, "icao_code": "VTUU", "municipality": "Ubon Ratchathani", "iso_country": "TH", "iso_region": "TH-34"}}, {"type": "Feature", "geometry": {"type": "Point", "coordinates": [102.313, 14.95]}, "properties": {"station_id": "VTUQ", "temp_c": 37.0, "icao_code": "VTUQ", "municipality": "Chaloem Phra Kiat", "iso_country": "TH", "iso_region": "TH-30"}}, {"type": "Feature", "geometry": {"type": "Point", "coordinates": [103.244, 15.227]}, "properties": {"station_id": "VTUO", "temp_c": 36.0, "icao_code": "VTUO", "municipality": "Buriram", "iso_country": "TH", "iso_region": "TH-31"}}, {"type": "Feature", "geometry": {"type": "Point", "coordinates": [102.786, 16.462]}, "properties": {"station_id": "VTUK", "temp_c": 34.0, "icao_code": "VTUK", "municipality": "Khon Kaen", "iso_country": "TH", "iso_region": "TH-40"}}, {"type": "Feature", "geometry": {"type": "Point", "coordinates": [102.799, 17.382]}, "properties": {"station_id": "VTUD", "temp_c": 35.0, "icao_code": "VTUD", "municipality": "Udon Thani", "iso_country": "TH", "iso_region": "TH-41"}}, {"type": "Feature", "geometry": {"type": "Point", "coordinates": [117.568, 3.327]}, "properties": {"station_id": "WAQQ", "temp_c": 32.0, "icao_code": "WAQQ", "municipality": "Tarakan", "iso_country": "ID", "iso_region": "ID-KU"}}, {"type": "Feature", "geometry": {"type": "Point", "coordinates": [123.671, -10.172]}, "properties": {"station_id": "WATT", "temp_c": 31.0, "icao_code": "WATT", "municipality": "Kupang", "iso_country": "ID", "iso_region": "ID-NT"}}, {"type": "Feature", "geometry": {"type": "Point", "coordinates": [105.179, -5.242]}, "properties": {"station_id": "WILL", "temp_c": 32.0, "icao_code": "WILL", "municipality": "Bandar Lampung", "iso_country": "ID", "iso_region": "ID-LA"}}, {"type": "Feature", "geometry": {"type": "Point", "coordinates": [128.089, -3.71]}, "properties": {"station_id": "WAPP", "temp_c": 31.0, "icao_code": "WAPP", "municipality": "Ambon", "iso_country": "ID", "iso_region": "ID-MA"}}, {"type": "Feature", "geometry": {"type": "Point", "coordinates": [173.147, 1.381]}, "properties": {"station_id": "NGTA", "temp_c": 30.0, "icao_code": "NGTA", "municipality": "South Tarawa", "iso_country": "KI", "iso_region": "KI-G"}}, {"type": "Feature", "geometry": {"type": "Point", "coordinates": [105.781, 15.132]}, "properties": {"station_id": "VLPS", "temp_c": 26.0, "icao_code": "VLPS", "municipality": "Pakse", "iso_country": "LA", "iso_region": "LA-CH"}}, {"type": "Feature", "geometry": {"type": "Point", "coordinates": [101.403, 20.963]}, "properties": {"station_id": "VLLN", "temp_c": 30.0, "icao_code": "VLLN", "municipality": "Luang Namtha", "iso_country": "LA", "iso_region": "LA-LM"}}, {"type": "Feature", "geometry": {"type": "Point", "coordinates": [-5.306, 35.893]}, "properties": {"station_id": "GECE", "temp_c": 17.0, "icao_code": "GECE", "municipality": "Ceuta", "iso_country": "ES", "iso_region": "ES-CE"}}, {"type": "Feature", "geometry": {"type": "Point", "coordinates": [15.74, 50.016]}, "properties": {"station_id": "LKPD", "temp_c": 7.0, "icao_code": "LKPD", "municipality": "Pardubice", "iso_country": "CZ", "iso_region": "CZ-PA"}}, {"type": "Feature", "geometry": {"type": "Point", "coordinates": [16.125, 49.166]}, "properties": {"station_id": "LKNA", "temp_c": 7.0, "icao_code": "LKNA", "municipality": "Sedlec", "iso_country": "CZ", "iso_region": "CZ-VY"}}, {"type": "Feature", "geometry": {"type": "Point", "coordinates": [13.275, 49.675]}, "properties": {"station_id": "LKLN", "temp_c": 8.0, "icao_code": "LKLN", "municipality": "Plzen", "iso_country": "CZ", "iso_region": "CZ-PL"}}, {"type": "Feature", "geometry": {"type": "Point", "coordinates": [14.538, 50.123]}, "properties": {"station_id": "LKKB", "temp_c": 7.0, "icao_code": "LKKB", "municipality": "Prague", "iso_country": "CZ", "iso_region": "CZ-PR"}}, {"type": "Feature", "geometry": {"type": "Point", "coordinates": [131.449, 31.877]}, "properties": {"station_id": "RJFM", "temp_c": 29.0, "icao_code": "RJFM", "municipality": "Miyazaki", "iso_country": "JP", "iso_region": "JP-45"}}, {"type": "Feature", "geometry": {"type": "Point", "coordinates": [31.13, -29.602]}, "properties": {"station_id": "FALE", "temp_c": 17.0, "icao_code": "FALE", "municipality": "Durban", "iso_country": "ZA", "iso_region": "ZA-NL"}}, {"type": "Feature", "geometry": {"type": "Point", "coordinates": [24.765, -28.803]}, "properties": {"station_id": "FAKM", "temp_c": 3.0, "icao_code": "FAKM", "municipality": "Kimberley", "iso_country": "ZA", "iso_region": "ZA-NC"}}, {"type": "Feature", "geometry": {"type": "Point", "coordinates": [31.044, -24.381]}, "properties": {"station_id": "FAHS", "temp_c": 18.0, "icao_code": "FAHS", "municipality": "Hoedspruit", "iso_country": "ZA", "iso_region": "ZA-NP"}}, {"type": "Feature", "geometry": {"type": "Point", "coordinates": [140.514, -2.573]}, "properties": {"station_id": "WAJJ", "temp_c": 29.0, "icao_code": "WAJJ", "municipality": "Sentani", "iso_country": "ID", "iso_region": "ID-PA"}}, {"type": "Feature", "geometry": {"type": "Point", "coordinates": [-70.989, 48.331]}, "properties": {"station_id": "CYBG", "temp_c": 3.0, "icao_code": "CYBG", "municipality": "Saguenay", "iso_country": "CA", "iso_region": "CA-QC"}}, {"type": "Feature", "geometry": {"type": "Point", "coordinates": [-120.188, 55.741]}, "properties": {"station_id": "CYDQ", "temp_c": 1.0, "icao_code": "CYDQ", "municipality": "Dawson Creek", "iso_country": "CA", "iso_region": "CA-BC"}}, {"type": "Feature", "geometry": {"type": "Point", "coordinates": [22.379, -34.006]}, "properties": {"station_id": "FAGG", "temp_c": 10.0, "icao_code": "FAGG", "municipality": "George", "iso_country": "ZA", "iso_region": "ZA-WC"}}, {"type": "Feature", "geometry": {"type": "Point", "coordinates": [-113.592, 53.308]}, "properties": {"station_id": "CYEG", "temp_c": -2.0, "icao_code": "CYEG", "municipality": "Edmonton", "iso_country": "CA", "iso_region": "CA-AB"}}, {"type": "Feature", "geometry": {"type": "Point", "coordinates": [-68.544, 63.75]}, "properties": {"station_id": "CYFB", "temp_c": -19.0, "icao_code": "CYFB", "municipality": "Iqaluit", "iso_country": "CA", "iso_region": "CA-NU"}}, {"type": "Feature", "geometry": {"type": "Point", "coordinates": [123.485, 41.639]}, "properties": {"station_id": "ZYTX", "temp_c": 17.0, "icao_code": "ZYTX", "municipality": "Shenyang", "iso_country": "CN", "iso_region": "CN-21"}}, {"type": "Feature", "geometry": {"type": "Point", "coordinates": [-66.539, 45.873]}, "properties": {"station_id": "CYFC", "temp_c": 3.0, "icao_code": "CYFC", "municipality": "Fredericton", "iso_country": "CA", "iso_region": "CA-NB"}}, {"type": "Feature", "geometry": {"type": "Point", "coordinates": [-77.7, 53.625]}, "properties": {"station_id": "CYGL", "temp_c": 4.0, "icao_code": "CYGL", "municipality": "La Grande Rivi\u00e8re", "iso_country": "CA", "iso_region": "CA-QC"}}, {"type": "Feature", "geometry": {"type": "Point", "coordinates": [-63.5136, 44.8781]}, "properties": {"station_id": "CYHZ", "temp_c": 0.0, "icao_code": "CYHZ", "municipality": "Halifax", "iso_country": "CA", "iso_region": "CA-NS"}}, {"type": "Feature", "geometry": {"type": "Point", "coordinates": [71.419, 30.203]}, "properties": {"station_id": "OPMT", "temp_c": 32.0, "icao_code": "OPMT", "municipality": "Multan", "iso_country": "PK", "iso_region": "PK-PB"}}, {"type": "Feature", "geometry": {"type": "Point", "coordinates": [-66.804, 54.803]}, "properties": {"station_id": "CYKL", "temp_c": 1.0, "icao_code": "CYKL", "municipality": "Schefferville", "iso_country": "CA", "iso_region": "CA-QC"}}, {"type": "Feature", "geometry": {"type": "Point", "coordinates": [121.556, 38.961]}, "properties": {"station_id": "ZYTL", "temp_c": 16.0, "icao_code": "ZYTL", "municipality": "Dalian (Ganjingzi)", "iso_country": "CN", "iso_region": "CN-21"}}, {"type": "Feature", "geometry": {"type": "Point", "coordinates": [-55.833, 52.304]}, "properties": {"station_id": "CYMH", "temp_c": -2.0, "icao_code": "CYMH", "municipality": "Mary's Harbour", "iso_country": "CA", "iso_region": "CA-NL"}}, {"type": "Feature", "geometry": {"type": "Point", "coordinates": [-75.66, 45.307]}, "properties": {"station_id": "CYOW", "temp_c": 10.0, "icao_code": "CYOW", "municipality": "Ottawa", "iso_country": "CA", "iso_region": "CA-ON"}}, {"type": "Feature", "geometry": {"type": "Point", "coordinates": [72.827, 33.551]}, "properties": {"station_id": "OPIS", "temp_c": 29.0, "icao_code": "OPIS", "municipality": "Attock", "iso_country": "PK", "iso_region": "PK-PB"}}, {"type": "Feature", "geometry": {"type": "Point", "coordinates": [121.337, 31.209]}, "properties": {"station_id": "ZSSS", "temp_c": 15.0, "icao_code": "ZSSS", "municipality": "Shanghai (Minhang)", "iso_country": "CN", "iso_region": "CN-31"}}, {"type": "Feature", "geometry": {"type": "Point", "coordinates": [-90.218, 51.449]}, "properties": {"station_id": "CYPL", "temp_c": 0.0, "icao_code": "CYPL", "municipality": "Pickle Lake", "iso_country": "CA", "iso_region": "CA-ON"}}, {"type": "Feature", "geometry": {"type": "Point", "coordinates": [-71.396, 46.791]}, "properties": {"station_id": "CYQB", "temp_c": 8.0, "icao_code": "CYQB", "municipality": "Quebec", "iso_country": "CA", "iso_region": "CA-QC"}}, {"type": "Feature", "geometry": {"type": "Point", "coordinates": [121.8, 31.146]}, "properties": {"station_id": "ZSPD", "temp_c": 15.0, "icao_code": "ZSPD", "municipality": "Shanghai (Pudong)", "iso_country": "CN", "iso_region": "CN-31"}}, {"type": "Feature", "geometry": {"type": "Point", "coordinates": [-82.963, 42.269]}, "properties": {"station_id": "CYQG", "temp_c": 16.0, "icao_code": "CYQG", "municipality": "Windsor", "iso_country": "CA", "iso_region": "CA-ON"}}, {"type": "Feature", "geometry": {"type": "Point", "coordinates": [-64.682, 46.107]}, "properties": {"station_id": "CYQM", "temp_c": 4.0, "icao_code": "CYQM", "municipality": "Moncton", "iso_country": "CA", "iso_region": "CA-NB"}}, {"type": "Feature", "geometry": {"type": "Point", "coordinates": [-124.895, 49.712]}, "properties": {"station_id": "CYQQ", "temp_c": 12.0, "icao_code": "CYQQ", "municipality": "Comox", "iso_country": "CA", "iso_region": "CA-BC"}}, {"type": "Feature", "geometry": {"type": "Point", "coordinates": [-54.576, 48.946]}, "properties": {"station_id": "CYQX", "temp_c": -4.0, "icao_code": "CYQX", "municipality": "Gander", "iso_country": "CA", "iso_region": "CA-NL"}}, {"type": "Feature", "geometry": {"type": "Point", "coordinates": [-60.049, 46.166]}, "properties": {"station_id": "CYQY", "temp_c": -1.0, "icao_code": "CYQY", "municipality": "Sydney", "iso_country": "CA", "iso_region": "CA-NS"}}, {"type": "Feature", "geometry": {"type": "Point", "coordinates": [-43.163, -22.91]}, "properties": {"station_id": "SBRJ", "temp_c": 25.0, "icao_code": "SBRJ", "municipality": "Rio de Janeiro", "iso_country": "BR", "iso_region": "BR-RJ"}}, {"type": "Feature", "geometry": {"type": "Point", "coordinates": [-51.072, 0.051]}, "properties": {"station_id": "SBMQ", "temp_c": 25.0, "icao_code": "SBMQ", "municipality": "Macap\u00e1", "iso_country": "BR", "iso_region": "BR-AP"}}, {"type": "Feature", "geometry": {"type": "Point", "coordinates": [28.398, -26.248]}, "properties": {"station_id": "FASI", "temp_c": 10.0, "icao_code": "FASI", "municipality": "Del Fouche", "iso_country": "ZA", "iso_region": "ZA-GT"}}, {"type": "Feature", "geometry": {"type": "Point", "coordinates": [120.434, 30.229]}, "properties": {"station_id": "ZSHC", "temp_c": 19.0, "icao_code": "ZSHC", "municipality": "Hangzhou", "iso_country": "CN", "iso_region": "CN-33"}}, {"type": "Feature", "geometry": {"type": "Point", "coordinates": [112.628, 37.747]}, "properties": {"station_id": "ZBYN", "temp_c": 18.0, "icao_code": "ZBYN", "municipality": "Taiyuan", "iso_country": "CN", "iso_region": "CN-14"}}, {"type": "Feature", "geometry": {"type": "Point", "coordinates": [-94.982, 74.713]}, "properties": {"station_id": "CYRB", "temp_c": -11.0, "icao_code": "CYRB", "municipality": "Resolute Bay", "iso_country": "CA", "iso_region": "CA-NU"}}, {"type": "Feature", "geometry": {"type": "Point", "coordinates": [116.412, 39.501]}, "properties": {"station_id": "ZBAD", "temp_c": 19.0, "icao_code": "ZBAD", "municipality": "Beijing", "iso_country": "CN", "iso_region": "CN-11"}}, {"type": "Feature", "geometry": {"type": "Point", "coordinates": [-65.886, 45.309]}, "properties": {"station_id": "CYSJ", "temp_c": 1.0, "icao_code": "CYSJ", "municipality": "Saint John", "iso_country": "CA", "iso_region": "CA-NB"}}, {"type": "Feature", "geometry": {"type": "Point", "coordinates": [-76.528, 64.23]}, "properties": {"station_id": "CYTE", "temp_c": -14.0, "icao_code": "CYTE", "municipality": "Kinngait", "iso_country": "CA", "iso_region": "CA-NU"}}, {"type": "Feature", "geometry": {"type": "Point", "coordinates": [17.442, 49.042]}, "properties": {"station_id": "LKKU", "temp_c": 8.0, "icao_code": "LKKU", "municipality": "Uhersk\u00e9 Hradi\u0161t\u011b", "iso_country": "CZ", "iso_region": "CZ-ZL"}}, {"type": "Feature", "geometry": {"type": "Point", "coordinates": [-89.892, 53.816]}, "properties": {"station_id": "CYTL", "temp_c": 1.0, "icao_code": "CYTL", "municipality": "Big Trout Lake", "iso_country": "CA", "iso_region": "CA-ON"}}, {"type": "Feature", "geometry": {"type": "Point", "coordinates": [-60.948, 13.743]}, "properties": {"station_id": "TLPL", "temp_c": 27.0, "icao_code": "TLPL", "municipality": "Vieux Fort", "iso_country": "LC", "iso_region": "LC-11"}}, {"type": "Feature", "geometry": {"type": "Point", "coordinates": [-5.498, 40.96]}, "properties": {"station_id": "LESA", "temp_c": 10.0, "icao_code": "LESA", "municipality": "Salamanca", "iso_country": "ES", "iso_region": "ES-CL"}}, {"type": "Feature", "geometry": {"type": "Point", "coordinates": [-77.531, 44.115]}, "properties": {"station_id": "CYTR", "temp_c": 14.0, "icao_code": "CYTR", "municipality": "Trenton", "iso_country": "CA", "iso_region": "CA-ON"}}, {"type": "Feature", "geometry": {"type": "Point", "coordinates": [-73.742, 45.468]}, "properties": {"station_id": "CYUL", "temp_c": 14.0, "icao_code": "CYUL", "municipality": "Montr\u00e9al", "iso_country": "CA", "iso_region": "CA-QC"}}, {"type": "Feature", "geometry": {"type": "Point", "coordinates": [-78.83, 48.209]}, "properties": {"station_id": "CYUY", "temp_c": 12.0, "icao_code": "CYUY", "municipality": "Rouyn-Noranda", "iso_country": "CA", "iso_region": "CA-QC"}}, {"type": "Feature", "geometry": {"type": "Point", "coordinates": [-68.415, 58.1]}, "properties": {"station_id": "CYVP", "temp_c": -3.0, "icao_code": "CYVP", "municipality": "Kuujjuaq", "iso_country": "CA", "iso_region": "CA-QC"}}, {"type": "Feature", "geometry": {"type": "Point", "coordinates": [-4.852, 41.706]}, "properties": {"station_id": "LEVD", "temp_c": 11.0, "icao_code": "LEVD", "municipality": "Valladolid", "iso_country": "ES", "iso_region": "ES-CL"}}, {"type": "Feature", "geometry": {"type": "Point", "coordinates": [-97.249, 49.916]}, "properties": {"station_id": "CYWG", "temp_c": 0.0, "icao_code": "CYWG", "municipality": "Winnipeg", "iso_country": "CA", "iso_region": "CA-MB"}}, {"type": "Feature", "geometry": {"type": "Point", "coordinates": [-66.874, 52.927]}, "properties": {"station_id": "CYWK", "temp_c": -1.0, "icao_code": "CYWK", "municipality": "Wabush", "iso_country": "CA", "iso_region": "CA-NL"}}, {"type": "Feature", "geometry": {"type": "Point", "coordinates": [-81.162, 43.039]}, "properties": {"station_id": "CYXU", "temp_c": 16.0, "icao_code": "CYXU", "municipality": "London", "iso_country": "CA", "iso_region": "CA-ON"}}, {"type": "Feature", "geometry": {"type": "Point", "coordinates": [0.538, 41.734]}, "properties": {"station_id": "LEDA", "temp_c": 14.0, "icao_code": "LEDA", "municipality": "Lleida", "iso_country": "ES", "iso_region": "ES-CT"}}, {"type": "Feature", "geometry": {"type": "Point", "coordinates": [-3.451, 40.489]}, "properties": {"station_id": "LETO", "temp_c": 10.0, "icao_code": "LETO", "municipality": "Madrid", "iso_country": "ES", "iso_region": "ES-MD"}}, {"type": "Feature", "geometry": {"type": "Point", "coordinates": [-135.059, 60.71]}, "properties": {"station_id": "CYXY", "temp_c": 4.0, "icao_code": "CYXY", "municipality": "Whitehorse", "iso_country": "CA", "iso_region": "CA-YT"}}, {"type": "Feature", "geometry": {"type": "Point", "coordinates": [-8.411, 42.888]}, "properties": {"station_id": "LEST", "temp_c": 12.0, "icao_code": "LEST", "municipality": "Santiago de Compostela", "iso_country": "ES", "iso_region": "ES-GA"}}, {"type": "Feature", "geometry": {"type": "Point", "coordinates": [-6.056, 36.751]}, "properties": {"station_id": "LEJR", "temp_c": 18.0, "icao_code": "LEJR", "municipality": "Jerez de la Frontera", "iso_country": "ES", "iso_region": "ES-AN"}}, {"type": "Feature", "geometry": {"type": "Point", "coordinates": [-2.733, 42.872]}, "properties": {"station_id": "LEVT", "temp_c": 13.0, "icao_code": "LEVT", "municipality": "Alava", "iso_country": "ES", "iso_region": "ES-PV"}}, {"type": "Feature", "geometry": {"type": "Point", "coordinates": [-1.004, 41.661]}, "properties": {"station_id": "LEZG", "temp_c": 13.0, "icao_code": "LEZG", "municipality": "Zaragoza", "iso_country": "ES", "iso_region": "ES-AR"}}, {"type": "Feature", "geometry": {"type": "Point", "coordinates": [-123.433, 48.642]}, "properties": {"station_id": "CYYJ", "temp_c": 12.0, "icao_code": "CYYJ", "municipality": "Victoria", "iso_country": "CA", "iso_region": "CA-BC"}}, {"type": "Feature", "geometry": {"type": "Point", "coordinates": [-6.349, 36.645]}, "properties": {"station_id": "LERT", "temp_c": 19.0, "icao_code": "LERT", "municipality": "Rota", "iso_country": "ES", "iso_region": "ES-AN"}}, {"type": "Feature", "geometry": {"type": "Point", "coordinates": [4.903, 43.911]}, "properties": {"station_id": "LFMV", "temp_c": 15.0, "icao_code": "LFMV", "municipality": "Avignon", "iso_country": "FR", "iso_region": "FR-PAC"}}, {"type": "Feature", "geometry": {"type": "Point", "coordinates": [5.427, 47.044]}, "properties": {"station_id": "LFGJ", "temp_c": 9.0, "icao_code": "LFGJ", "municipality": "Dole", "iso_country": "FR", "iso_region": "FR-BFC"}}, {"type": "Feature", "geometry": {"type": "Point", "coordinates": [-94.074, 58.745]}, "properties": {"station_id": "CYYQ", "temp_c": -4.0, "icao_code": "CYYQ", "municipality": "Churchill", "iso_country": "CA", "iso_region": "CA-MB"}}, {"type": "Feature", "geometry": {"type": "Point", "coordinates": [-52.748, 47.627]}, "properties": {"station_id": "CYYT", "temp_c": -4.0, "icao_code": "CYYT", "municipality": "St. John's", "iso_country": "CA", "iso_region": "CA-NL"}}, {"type": "Feature", "geometry": {"type": "Point", "coordinates": [-5.616, 37.175]}, "properties": {"station_id": "LEMO", "temp_c": 16.0, "icao_code": "LEMO", "municipality": "Mor\u00f3n", "iso_country": "ES", "iso_region": "ES-AN"}}, {"type": "Feature", "geometry": {"type": "Point", "coordinates": [-4.138, 48.527]}, "properties": {"station_id": "LFRJ", "temp_c": 7.0, "icao_code": "LFRJ", "municipality": "Landivisiau", "iso_country": "FR", "iso_region": "FR-BRE"}}, {"type": "Feature", "geometry": {"type": "Point", "coordinates": [-3.723, 40.299]}, "properties": {"station_id": "LEGT", "temp_c": 12.0, "icao_code": "LEGT", "municipality": "Getafe", "iso_country": "ES", "iso_region": "ES-MD"}}, {"type": "Feature", "geometry": {"type": "Point", "coordinates": [136.805, -31.156]}, "properties": {"station_id": "YPWR", "temp_c": 27.0, "icao_code": "YPWR", "municipality": "Woomera", "iso_country": "AU", "iso_region": "AU-SA"}}, {"type": "Feature", "geometry": {"type": "Point", "coordinates": [9.406, 41.924]}, "properties": {"station_id": "LFKS", "temp_c": 16.0, "icao_code": "LFKS", "municipality": "Solenzara", "iso_country": "FR", "iso_region": "FR-COR"}}, {"type": "Feature", "geometry": {"type": "Point", "coordinates": [150.847, -31.084]}, "properties": {"station_id": "YSTW", "temp_c": 26.0, "icao_code": "YSTW", "municipality": "Tamworth", "iso_country": "AU", "iso_region": "AU-NSW"}}, {"type": "Feature", "geometry": {"type": "Point", "coordinates": [115.879, -32.101]}, "properties": {"station_id": "YPJT", "temp_c": 20.0, "icao_code": "YPJT", "municipality": "Perth", "iso_country": "AU", "iso_region": "AU-WA"}}, {"type": "Feature", "geometry": {"type": "Point", "coordinates": [-79.629, 43.679]}, "properties": {"station_id": "CYYZ", "temp_c": 12.0, "icao_code": "CYYZ", "municipality": "Toronto", "iso_country": "CA", "iso_region": "CA-ON"}}, {"type": "Feature", "geometry": {"type": "Point", "coordinates": [142.29, -10.584]}, "properties": {"station_id": "YHID", "temp_c": 29.0, "icao_code": "YHID", "municipality": "Horn", "iso_country": "AU", "iso_region": "AU-QLD"}}, {"type": "Feature", "geometry": {"type": "Point", "coordinates": [-114.448, 62.475]}, "properties": {"station_id": "CYZF", "temp_c": -6.0, "icao_code": "CYZF", "municipality": "Yellowknife", "iso_country": "CA", "iso_region": "CA-NT"}}, {"type": "Feature", "geometry": {"type": "Point", "coordinates": [-66.26, 50.217]}, "properties": {"station_id": "CYZV", "temp_c": -2.0, "icao_code": "CYZV", "municipality": "Sept-\u00celes", "iso_country": "CA", "iso_region": "CA-QC"}}, {"type": "Feature", "geometry": {"type": "Point", "coordinates": [-0.746, 48.031]}, "properties": {"station_id": "LFOV", "temp_c": 9.0, "icao_code": "LFOV", "municipality": "Laval, Mayenne", "iso_country": "FR", "iso_region": "FR-PDL"}}, {"type": "Feature", "geometry": {"type": "Point", "coordinates": [151.221, -23.87]}, "properties": {"station_id": "YGLA", "temp_c": 27.0, "icao_code": "YGLA", "municipality": "Gladstone", "iso_country": "AU", "iso_region": "AU-QLD"}}, {"type": "Feature", "geometry": {"type": "Point", "coordinates": [114.699, -28.805]}, "properties": {"station_id": "YGEL", "temp_c": 25.0, "icao_code": "YGEL", "municipality": "Moonyoonooka", "iso_country": "AU", "iso_region": "AU-WA"}}, {"type": "Feature", "geometry": {"type": "Point", "coordinates": [-1.379, 46.702]}, "properties": {"station_id": "LFRI", "temp_c": 9.0, "icao_code": "LFRI", "municipality": "La Roche-sur-Yon", "iso_country": "FR", "iso_region": "FR-PDL"}}, {"type": "Feature", "geometry": {"type": "Point", "coordinates": [0.202, 47.949]}, "properties": {"station_id": "LFRM", "temp_c": 10.0, "icao_code": "LFRM", "municipality": "Le Mans, Sarthe", "iso_country": "FR", "iso_region": "FR-PDL"}}, {"type": "Feature", "geometry": {"type": "Point", "coordinates": [-64.912, 44.985]}, "properties": {"station_id": "CYZX", "temp_c": 0.0, "icao_code": "CYZX", "municipality": "Greenwood", "iso_country": "CA", "iso_region": "CA-NS"}}, {"type": "Feature", "geometry": {"type": "Point", "coordinates": [-3.469, 48.755]}, "properties": {"station_id": "LFRO", "temp_c": 11.0, "icao_code": "LFRO", "municipality": "Lannion", "iso_country": "FR", "iso_region": "FR-BRE"}}, {"type": "Feature", "geometry": {"type": "Point", "coordinates": [-2.727, 47.722]}, "properties": {"station_id": "LFRV", "temp_c": 10.0, "icao_code": "LFRV", "municipality": "Vannes/Meucon", "iso_country": "FR", "iso_region": "FR-BRE"}}, {"type": "Feature", "geometry": {"type": "Point", "coordinates": [6.07, 48.325]}, "properties": {"station_id": "LFSG", "temp_c": 7.0, "icao_code": "LFSG", "municipality": "\u00c9pinal", "iso_country": "FR", "iso_region": "FR-GES"}}, {"type": "Feature", "geometry": {"type": "Point", "coordinates": [0.22, 45.728]}, "properties": {"station_id": "LFBU", "temp_c": 12.0, "icao_code": "LFBU", "municipality": "Angoul\u00eame", "iso_country": "FR", "iso_region": "FR-NAQ"}}, {"type": "Feature", "geometry": {"type": "Point", "coordinates": [38.117, 26.483]}, "properties": {"station_id": "OEAO", "temp_c": 23.0, "icao_code": "OEAO", "municipality": "Al-Ula", "iso_country": "SA", "iso_region": "SA-03"}}, {"type": "Feature", "geometry": {"type": "Point", "coordinates": [-3.814, 48.601]}, "properties": {"station_id": "LFRU", "temp_c": 6.0, "icao_code": "LFRU", "municipality": "Morlaix/Ploujean", "iso_country": "FR", "iso_region": "FR-BRE"}}, {"type": "Feature", "geometry": {"type": "Point", "coordinates": [-17.211, 28.032]}, "properties": {"station_id": "GCGM", "temp_c": 16.0, "icao_code": "GCGM", "municipality": "Alajero, La Gomera Island", "iso_country": "ES", "iso_region": "ES-CN"}}, {"type": "Feature", "geometry": {"type": "Point", "coordinates": [-13.863, 28.445]}, "properties": {"station_id": "GCFV", "temp_c": 18.0, "icao_code": "GCFV", "municipality": "El Matorral", "iso_country": "ES", "iso_region": "ES-CN"}}, {"type": "Feature", "geometry": {"type": "Point", "coordinates": [-17.889, 27.819]}, "properties": {"station_id": "GCHI", "temp_c": 18.0, "icao_code": "GCHI", "municipality": "El Hierro Island", "iso_country": "ES", "iso_region": "ES-CN"}}, {"type": "Feature", "geometry": {"type": "Point", "coordinates": [-6.814, 38.883]}, "properties": {"station_id": "LEBZ", "temp_c": 16.0, "icao_code": "LEBZ", "municipality": "Badajoz", "iso_country": "ES", "iso_region": "ES-EX"}}, {"type": "Feature", "geometry": {"type": "Point", "coordinates": [0.0, 43.189]}, "properties": {"station_id": "LFBT", "temp_c": 13.0, "icao_code": "LFBT", "municipality": "Tarbes/Lourdes/Pyr\u00e9n\u00e9es", "iso_country": "FR", "iso_region": "FR-OCC"}}, {"type": "Feature", "geometry": {"type": "Point", "coordinates": [-65.746, 47.628]}, "properties": {"station_id": "CZBF", "temp_c": -1.0, "icao_code": "CZBF", "municipality": "South Tetagouche", "iso_country": "CA", "iso_region": "CA-NB"}}, {"type": "Feature", "geometry": {"type": "Point", "coordinates": [-2.357, 36.846]}, "properties": {"station_id": "LEAM", "temp_c": 17.0, "icao_code": "LEAM", "municipality": "Almer\u00eda", "iso_country": "ES", "iso_region": "ES-AN"}}, {"type": "Feature", "geometry": {"type": "Point", "coordinates": [-1.863, 38.952]}, "properties": {"station_id": "LEAB", "temp_c": 10.0, "icao_code": "LEAB", "municipality": "Albacete", "iso_country": "ES", "iso_region": "ES-CM"}}, {"type": "Feature", "geometry": {"type": "Point", "coordinates": [108.173, 22.609]}, "properties": {"station_id": "ZGNN", "temp_c": 27.0, "icao_code": "ZGNN", "municipality": "Nanning (Jiangnan)", "iso_country": "CN", "iso_region": "CN-45"}}, {"type": "Feature", "geometry": {"type": "Point", "coordinates": [-6.044, 43.567]}, "properties": {"station_id": "LEAS", "temp_c": 14.0, "icao_code": "LEAS", "municipality": "Ran\u00f3n", "iso_country": "ES", "iso_region": "ES-AS"}}, {"type": "Feature", "geometry": {"type": "Point", "coordinates": [153.091, -26.603]}, "properties": {"station_id": "YBSU", "temp_c": 23.0, "icao_code": "YBSU", "municipality": "Maroochydore", "iso_country": "AU", "iso_region": "AU-QLD"}}, {"type": "Feature", "geometry": {"type": "Point", "coordinates": [106.639, 29.718]}, "properties": {"station_id": "ZUCK", "temp_c": 16.0, "icao_code": "ZUCK", "municipality": "Chongqing", "iso_country": "CN", "iso_region": "CN-50"}}, {"type": "Feature", "geometry": {"type": "Point", "coordinates": [35.265, -13.271]}, "properties": {"station_id": "FQLC", "temp_c": 19.0, "icao_code": "FQLC", "municipality": "Lichinga", "iso_country": "MZ", "iso_region": "MZ-A"}}, {"type": "Feature", "geometry": {"type": "Point", "coordinates": [26.302, -29.093]}, "properties": {"station_id": "FABL", "temp_c": 5.0, "icao_code": "FABL", "municipality": "Bloemfontein", "iso_country": "ZA", "iso_region": "ZA-FS"}}, {"type": "Feature", "geometry": {"type": "Point", "coordinates": [-2.906, 43.298]}, "properties": {"station_id": "LEBB", "temp_c": 16.0, "icao_code": "LEBB", "municipality": "Bilbao", "iso_country": "ES", "iso_region": "ES-PV"}}, {"type": "Feature", "geometry": {"type": "Point", "coordinates": [159.077, -31.538]}, "properties": {"station_id": "YLHI", "temp_c": 19.0, "icao_code": "YLHI", "municipality": "Lord Howe Island", "iso_country": "AU", "iso_region": "AU-NSW"}}, {"type": "Feature", "geometry": {"type": "Point", "coordinates": [-8.372, 43.307]}, "properties": {"station_id": "LECO", "temp_c": 10.0, "icao_code": "LECO", "municipality": "Culleredo", "iso_country": "ES", "iso_region": "ES-GA"}}, {"type": "Feature", "geometry": {"type": "Point", "coordinates": [2.763, 41.911]}, "properties": {"station_id": "LEGE", "temp_c": 13.0, "icao_code": "LEGE", "municipality": "Girona", "iso_country": "ES", "iso_region": "ES-CT"}}, {"type": "Feature", "geometry": {"type": "Point", "coordinates": [-3.789, 37.19]}, "properties": {"station_id": "LEGR", "temp_c": 15.0, "icao_code": "LEGR", "municipality": "Granada", "iso_country": "ES", "iso_region": "ES-AN"}}, {"type": "Feature", "geometry": {"type": "Point", "coordinates": [31.106, -25.383]}, "properties": {"station_id": "FAKN", "temp_c": 16.0, "icao_code": "FAKN", "municipality": "Mbombela", "iso_country": "ZA", "iso_region": "ZA-MP"}}, {"type": "Feature", "geometry": {"type": "Point", "coordinates": [4.216, 39.855]}, "properties": {"station_id": "LEMH", "temp_c": 16.0, "icao_code": "LEMH", "municipality": "Mah\u00f3n (Ma\u00f3)", "iso_country": "ES", "iso_region": "ES-IB"}}, {"type": "Feature", "geometry": {"type": "Point", "coordinates": [1.179, 41.15]}, "properties": {"station_id": "LERS", "temp_c": 12.0, "icao_code": "LERS", "municipality": "Reus", "iso_country": "ES", "iso_region": "ES-CT"}}, {"type": "Feature", "geometry": {"type": "Point", "coordinates": [114.097, -22.241]}, "properties": {"station_id": "YPLM", "temp_c": 31.0, "icao_code": "YPLM", "municipality": "Exmouth", "iso_country": "AU", "iso_region": "AU-WA"}}, {"type": "Feature", "geometry": {"type": "Point", "coordinates": [-1.787, 43.361]}, "properties": {"station_id": "LESO", "temp_c": 16.0, "icao_code": "LESO", "municipality": "Hondarribia", "iso_country": "ES", "iso_region": "ES-PV"}}, {"type": "Feature", "geometry": {"type": "Point", "coordinates": [26.91, 46.522]}, "properties": {"station_id": "LRBC", "temp_c": 8.0, "icao_code": "LRBC", "municipality": "Bac\u0103u", "iso_country": "RO", "iso_region": "RO-BC"}}, {"type": "Feature", "geometry": {"type": "Point", "coordinates": [29.459, -23.845]}, "properties": {"station_id": "FAPP", "temp_c": 18.0, "icao_code": "FAPP", "municipality": "Polokwane", "iso_country": "ZA", "iso_region": "ZA-NP"}}, {"type": "Feature", "geometry": {"type": "Point", "coordinates": [23.867, 44.31]}, "properties": {"station_id": "LRCV", "temp_c": 11.0, "icao_code": "LRCV", "municipality": "Craiova", "iso_country": "RO", "iso_region": "RO-DJ"}}, {"type": "Feature", "geometry": {"type": "Point", "coordinates": [147.213, -41.544]}, "properties": {"station_id": "YMLT", "temp_c": 15.0, "icao_code": "YMLT", "municipality": "Launceston (Western Junction)", "iso_country": "AU", "iso_region": "AU-TAS"}}, {"type": "Feature", "geometry": {"type": "Point", "coordinates": [27.627, 47.164]}, "properties": {"station_id": "LRIA", "temp_c": 9.0, "icao_code": "LRIA", "municipality": "Ia\u015fi", "iso_country": "RO", "iso_region": "RO-IS"}}, {"type": "Feature", "geometry": {"type": "Point", "coordinates": [26.354, 47.686]}, "properties": {"station_id": "LRSV", "temp_c": 10.0, "icao_code": "LRSV", "municipality": "Suceava", "iso_country": "RO", "iso_region": "RO-SV"}}, {"type": "Feature", "geometry": {"type": "Point", "coordinates": [28.716, 45.065]}, "properties": {"station_id": "LRTC", "temp_c": 12.0, "icao_code": "LRTC", "municipality": "Mihail Kog\u0103lniceanu", "iso_country": "RO", "iso_region": "RO-TL"}}, {"type": "Feature", "geometry": {"type": "Point", "coordinates": [25.162, -17.833]}, "properties": {"station_id": "FBKE", "temp_c": 21.0, "icao_code": "FBKE", "municipality": "Kasane", "iso_country": "BW", "iso_region": "BW-CH"}}, {"type": "Feature", "geometry": {"type": "Point", "coordinates": [25.524, 45.706]}, "properties": {"station_id": "LRBV", "temp_c": 6.0, "icao_code": "LRBV", "municipality": "Bra\u0219ov (Ghimbav)", "iso_country": "RO", "iso_region": "RO-BV"}}, {"type": "Feature", "geometry": {"type": "Point", "coordinates": [14.477, 46.218]}, "properties": {"station_id": "LJLJ", "temp_c": 11.0, "icao_code": "LJLJ", "municipality": "Zgornji Brnik", "iso_country": "SI", "iso_region": "SI-012"}}, {"type": "Feature", "geometry": {"type": "Point", "coordinates": [153.119, -30.317]}, "properties": {"station_id": "YCFS", "temp_c": 20.0, "icao_code": "YCFS", "municipality": "Coffs Harbour", "iso_country": "AU", "iso_region": "AU-NSW"}}, {"type": "Feature", "geometry": {"type": "Point", "coordinates": [15.682, 46.48]}, "properties": {"station_id": "LJMB", "temp_c": 11.0, "icao_code": "LJMB", "municipality": "Maribor", "iso_country": "SI", "iso_region": "SI-160"}}, {"type": "Feature", "geometry": {"type": "Point", "coordinates": [13.615, 45.473]}, "properties": {"station_id": "LJPZ", "temp_c": 14.0, "icao_code": "LJPZ", "municipality": "Se\u010dovlje", "iso_country": "SI", "iso_region": "SI-090"}}, {"type": "Feature", "geometry": {"type": "Point", "coordinates": [23.431, -19.973]}, "properties": {"station_id": "FBMN", "temp_c": 20.0, "icao_code": "FBMN", "municipality": "Maun", "iso_country": "BW", "iso_region": "BW-NW"}}, {"type": "Feature", "geometry": {"type": "Point", "coordinates": [-3.025, 34.993]}, "properties": {"station_id": "GMMW", "temp_c": 15.0, "icao_code": "GMMW", "municipality": "Al Aaroui", "iso_country": "MA", "iso_region": "MA-02"}}, {"type": "Feature", "geometry": {"type": "Point", "coordinates": [21.264, 46.176]}, "properties": {"station_id": "LRAR", "temp_c": 12.0, "icao_code": "LRAR", "municipality": "Arad", "iso_country": "RO", "iso_region": "RO-AR"}}, {"type": "Feature", "geometry": {"type": "Point", "coordinates": [96.834, -12.189]}, "properties": {"station_id": "YPCC", "temp_c": 29.0, "icao_code": "YPCC", "municipality": "West Island", "iso_country": "CC", "iso_region": "CC-U-A"}}, {"type": "Feature", "geometry": {"type": "Point", "coordinates": [23.47, 47.658]}, "properties": {"station_id": "LRBM", "temp_c": 6.0, "icao_code": "LRBM", "municipality": "T\u0103u\u021bii-M\u0103gher\u0103u\u0219", "iso_country": "RO", "iso_region": "RO-MM"}}, {"type": "Feature", "geometry": {"type": "Point", "coordinates": [115.402, -33.688]}, "properties": {"station_id": "YBLN", "temp_c": 21.0, "icao_code": "YBLN", "municipality": "Busselton", "iso_country": "AU", "iso_region": "AU-WA"}}, {"type": "Feature", "geometry": {"type": "Point", "coordinates": [23.676, 46.783]}, "properties": {"station_id": "LRCL", "temp_c": 6.0, "icao_code": "LRCL", "municipality": "Cluj-Napoca", "iso_country": "RO", "iso_region": "RO-CJ"}}, {"type": "Feature", "geometry": {"type": "Point", "coordinates": [151.793, -27.558]}, "properties": {"station_id": "YBWW", "temp_c": 23.0, "icao_code": "YBWW", "municipality": "Toowoomba", "iso_country": "AU", "iso_region": "AU-QLD"}}, {"type": "Feature", "geometry": {"type": "Point", "coordinates": [21.896, 47.036]}, "properties": {"station_id": "LROD", "temp_c": 10.0, "icao_code": "LROD", "municipality": "Oradea", "iso_country": "RO", "iso_region": "RO-BH"}}, {"type": "Feature", "geometry": {"type": "Point", "coordinates": [22.886, 47.703]}, "properties": {"station_id": "LRSM", "temp_c": 7.0, "icao_code": "LRSM", "municipality": "Satu Mare", "iso_country": "RO", "iso_region": "RO-SM"}}, {"type": "Feature", "geometry": {"type": "Point", "coordinates": [24.421, 46.468]}, "properties": {"station_id": "LRTM", "temp_c": 5.0, "icao_code": "LRTM", "municipality": "Recea", "iso_country": "RO", "iso_region": "RO-MS"}}, {"type": "Feature", "geometry": {"type": "Point", "coordinates": [-0.558, 38.282]}, "properties": {"station_id": "LEAL", "temp_c": 15.0, "icao_code": "LEAL", "municipality": "Alicante", "iso_country": "ES", "iso_region": "ES-VC"}}, {"type": "Feature", "geometry": {"type": "Point", "coordinates": [2.07, 41.293]}, "properties": {"station_id": "LEBL", "temp_c": 15.0, "icao_code": "LEBL", "municipality": "Barcelona", "iso_country": "ES", "iso_region": "ES-CT"}}, {"type": "Feature", "geometry": {"type": "Point", "coordinates": [1.384, 38.876]}, "properties": {"station_id": "LEIB", "temp_c": 16.0, "icao_code": "LEIB", "municipality": "Ibiza (Eivissa)", "iso_country": "ES", "iso_region": "ES-IB"}}, {"type": "Feature", "geometry": {"type": "Point", "coordinates": [-3.555, 40.466]}, "properties": {"station_id": "LEMD", "temp_c": 11.0, "icao_code": "LEMD", "municipality": "Madrid", "iso_country": "ES", "iso_region": "ES-MD"}}, {"type": "Feature", "geometry": {"type": "Point", "coordinates": [27.477, -21.159]}, "properties": {"station_id": "FBPM", "temp_c": 17.0, "icao_code": "FBPM", "municipality": "Francistown", "iso_country": "BW", "iso_region": "BW-FR"}}, {"type": "Feature", "geometry": {"type": "Point", "coordinates": [-4.482, 36.666]}, "properties": {"station_id": "LEMG", "temp_c": 17.0, "icao_code": "LEMG", "municipality": "M\u00e1laga", "iso_country": "ES", "iso_region": "ES-AN"}}, {"type": "Feature", "geometry": {"type": "Point", "coordinates": [2.737, 39.561]}, "properties": {"station_id": "LEPA", "temp_c": 12.0, "icao_code": "LEPA", "municipality": "Palma de Mallorca", "iso_country": "ES", "iso_region": "ES-IB"}}, {"type": "Feature", "geometry": {"type": "Point", "coordinates": [-0.482, 39.489]}, "properties": {"station_id": "LEVC", "temp_c": 11.0, "icao_code": "LEVC", "municipality": "Valencia", "iso_country": "ES", "iso_region": "ES-VC"}}, {"type": "Feature", "geometry": {"type": "Point", "coordinates": [-8.624, 42.239]}, "properties": {"station_id": "LEVX", "temp_c": 14.0, "icao_code": "LEVX", "municipality": "Vigo", "iso_country": "ES", "iso_region": "ES-GA"}}, {"type": "Feature", "geometry": {"type": "Point", "coordinates": [-5.893, 37.418]}, "properties": {"station_id": "LEZL", "temp_c": 16.0, "icao_code": "LEZL", "municipality": "Seville", "iso_country": "ES", "iso_region": "ES-AN"}}, {"type": "Feature", "geometry": {"type": "Point", "coordinates": [21.26, -28.399]}, "properties": {"station_id": "FAUP", "temp_c": 7.0, "icao_code": "FAUP", "municipality": "Upington", "iso_country": "ZA", "iso_region": "ZA-NC"}}, {"type": "Feature", "geometry": {"type": "Point", "coordinates": [-3.831, 43.429]}, "properties": {"station_id": "LEXJ", "temp_c": 15.0, "icao_code": "LEXJ", "municipality": "Santander", "iso_country": "ES", "iso_region": "ES-CB"}}, {"type": "Feature", "geometry": {"type": "Point", "coordinates": [25.617, -33.985]}, "properties": {"station_id": "FAPE", "temp_c": 12.0, "icao_code": "FAPE", "municipality": "Gqeberha (Port Elizabeth)", "iso_country": "ZA", "iso_region": "ZA-EC"}}, {"type": "Feature", "geometry": {"type": "Point", "coordinates": [-0.812, 37.775]}, "properties": {"station_id": "LELC", "temp_c": 17.0, "icao_code": "LELC", "municipality": "San Javier", "iso_country": "ES", "iso_region": "ES-MC"}}, {"type": "Feature", "geometry": {"type": "Point", "coordinates": [110.34, 1.484]}, "properties": {"station_id": "WBGG", "temp_c": 33.0, "icao_code": "WBGG", "municipality": "Kuching", "iso_country": "MY", "iso_region": "MY-13"}}, {"type": "Feature", "geometry": {"type": "Point", "coordinates": [-5.651, 42.588]}, "properties": {"station_id": "LELN", "temp_c": 10.0, "icao_code": "LELN", "municipality": "La Virgen del Camino", "iso_country": "ES", "iso_region": "ES-CL"}}, {"type": "Feature", "geometry": {"type": "Point", "coordinates": [-2.956, 35.278]}, "properties": {"station_id": "GEML", "temp_c": 17.0, "icao_code": "GEML", "municipality": "Melilla", "iso_country": "ES", "iso_region": "ES-ML"}}, {"type": "Feature", "geometry": {"type": "Point", "coordinates": [-1.125, 37.803]}, "properties": {"station_id": "LEMI", "temp_c": 14.0, "icao_code": "LEMI", "municipality": "Corvera", "iso_country": "ES", "iso_region": "ES-MC"}}, {"type": "Feature", "geometry": {"type": "Point", "coordinates": [116.051, 5.937]}, "properties": {"station_id": "WBKK", "temp_c": 31.0, "icao_code": "WBKK", "municipality": "Kota Kinabalu", "iso_country": "MY", "iso_region": "MY-12"}}, {"type": "Feature", "geometry": {"type": "Point", "coordinates": [-17.755, 28.633]}, "properties": {"station_id": "GCLA", "temp_c": 17.0, "icao_code": "GCLA", "municipality": "Sta Cruz de la Palma, La Palma Island", "iso_country": "ES", "iso_region": "ES-CN"}}, {"type": "Feature", "geometry": {"type": "Point", "coordinates": [-15.389, 27.923]}, "properties": {"station_id": "GCLP", "temp_c": 18.0, "icao_code": "GCLP", "municipality": "Gran Canaria Island", "iso_country": "ES", "iso_region": "ES-CN"}}, {"type": "Feature", "geometry": {"type": "Point", "coordinates": [-13.6, 28.952]}, "properties": {"station_id": "GCRR", "temp_c": 17.0, "icao_code": "GCRR", "municipality": "San Bartolom\u00e9", "iso_country": "ES", "iso_region": "ES-CN"}}, {"type": "Feature", "geometry": {"type": "Point", "coordinates": [-16.561, 28.047]}, "properties": {"station_id": "GCTS", "temp_c": 18.0, "icao_code": "GCTS", "municipality": "Tenerife", "iso_country": "ES", "iso_region": "ES-CN"}}, {"type": "Feature", "geometry": {"type": "Point", "coordinates": [-16.342, 28.483]}, "properties": {"station_id": "GCXO", "temp_c": 13.0, "icao_code": "GCXO", "municipality": "Tenerife", "iso_country": "ES", "iso_region": "ES-CN"}}, {"type": "Feature", "geometry": {"type": "Point", "coordinates": [26.078, 44.511]}, "properties": {"station_id": "LRBS", "temp_c": 11.0, "icao_code": "LRBS", "municipality": "Bucharest", "iso_country": "RO", "iso_region": "RO-B"}}, {"type": "Feature", "geometry": {"type": "Point", "coordinates": [114.928, 4.944]}, "properties": {"station_id": "WBSB", "temp_c": 32.0, "icao_code": "WBSB", "municipality": "Bandar Seri Begawan", "iso_country": "BN", "iso_region": "BN-BM"}}, {"type": "Feature", "geometry": {"type": "Point", "coordinates": [28.488, 44.362]}, "properties": {"station_id": "LRCK", "temp_c": 11.0, "icao_code": "LRCK", "municipality": "Constan\u021ba", "iso_country": "RO", "iso_region": "RO-CT"}}, {"type": "Feature", "geometry": {"type": "Point", "coordinates": [26.102, 44.572]}, "properties": {"station_id": "LROP", "temp_c": 10.0, "icao_code": "LROP", "municipality": "Otopeni", "iso_country": "RO", "iso_region": "RO-IF"}}, {"type": "Feature", "geometry": {"type": "Point", "coordinates": [24.091, 45.789]}, "properties": {"station_id": "LRSB", "temp_c": 8.0, "icao_code": "LRSB", "municipality": "Sibiu", "iso_country": "RO", "iso_region": "RO-SB"}}, {"type": "Feature", "geometry": {"type": "Point", "coordinates": [21.333, 45.811]}, "properties": {"station_id": "LRTR", "temp_c": 10.0, "icao_code": "LRTR", "municipality": "Timi\u015foara", "iso_country": "RO", "iso_region": "RO-TM"}}, {"type": "Feature", "geometry": {"type": "Point", "coordinates": [2.163, 47.897]}, "properties": {"station_id": "LFOZ", "temp_c": 10.0, "icao_code": "LFOZ", "municipality": "Saint-Denis-de-l'H\u00f4tel, Loiret", "iso_country": "FR", "iso_region": "FR-CVL"}}, {"type": "Feature", "geometry": {"type": "Point", "coordinates": [2.041, 49.097]}, "properties": {"station_id": "LFPT", "temp_c": 10.0, "icao_code": "LFPT", "municipality": "Cormeilles-en-Vexin, Val-d'Oise", "iso_country": "FR", "iso_region": "FR-IDF"}}, {"type": "Feature", "geometry": {"type": "Point", "coordinates": [3.113, 46.998]}, "properties": {"station_id": "LFQG", "temp_c": 8.0, "icao_code": "LFQG", "municipality": "Marzy, Ni\u00e8vre", "iso_country": "FR", "iso_region": "FR-BFC"}}, {"type": "Feature", "geometry": {"type": "Point", "coordinates": [101.714, 2.747]}, "properties": {"station_id": "WMKK", "temp_c": 36.0, "icao_code": "WMKK", "municipality": "Sepang", "iso_country": "MY", "iso_region": "MY-10"}}, {"type": "Feature", "geometry": {"type": "Point", "coordinates": [-3.44, 47.761]}, "properties": {"station_id": "LFRH", "temp_c": 10.0, "icao_code": "LFRH", "municipality": "Lorient/Lann/Bihou\u00e9", "iso_country": "FR", "iso_region": "FR-BRE"}}, {"type": "Feature", "geometry": {"type": "Point", "coordinates": [-4.168, 47.975]}, "properties": {"station_id": "LFRQ", "temp_c": 11.0, "icao_code": "LFRQ", "municipality": "Quimper/Pluguffan", "iso_country": "FR", "iso_region": "FR-BRE"}}, {"type": "Feature", "geometry": {"type": "Point", "coordinates": [-61.797, 17.135]}, "properties": {"station_id": "TAPA", "temp_c": 25.0, "icao_code": "TAPA", "municipality": "Osbourn", "iso_country": "AG", "iso_region": "AG-03"}}, {"type": "Feature", "geometry": {"type": "Point", "coordinates": [-2.853, 48.536]}, "properties": {"station_id": "LFRT", "temp_c": 9.0, "icao_code": "LFRT", "municipality": "Tr\u00e9muson, C\u00f4tes-d'Armor", "iso_country": "FR", "iso_region": "FR-BRE"}}, {"type": "Feature", "geometry": {"type": "Point", "coordinates": [100.277, 5.297]}, "properties": {"station_id": "WMKP", "temp_c": 32.0, "icao_code": "WMKP", "municipality": "Penang", "iso_country": "MY", "iso_region": "MY-07"}}, {"type": "Feature", "geometry": {"type": "Point", "coordinates": [-3.622, 42.356]}, "properties": {"station_id": "LEBG", "temp_c": 11.0, "icao_code": "LEBG", "municipality": "Burgos", "iso_country": "ES", "iso_region": "ES-CL"}}, {"type": "Feature", "geometry": {"type": "Point", "coordinates": [0.067, 40.211]}, "properties": {"station_id": "LECH", "temp_c": 11.0, "icao_code": "LECH", "municipality": "Castell\u00f3n de la Plana", "iso_country": "ES", "iso_region": "ES-VC"}}, {"type": "Feature", "geometry": {"type": "Point", "coordinates": [-1.218, 40.404]}, "properties": {"station_id": "LETL", "temp_c": 8.0, "icao_code": "LETL", "municipality": "Teruel", "iso_country": "ES", "iso_region": "ES-AR"}}, {"type": "Feature", "geometry": {"type": "Point", "coordinates": [4.165, 48.777]}, "properties": {"station_id": "LFOK", "temp_c": 10.0, "icao_code": "LFOK", "municipality": "Chalons en Champagne", "iso_country": "FR", "iso_region": "FR-GES"}}, {"type": "Feature", "geometry": {"type": "Point", "coordinates": [-2.075, 48.589]}, "properties": {"station_id": "LFRD", "temp_c": 11.0, "icao_code": "LFRD", "municipality": "Dinard", "iso_country": "FR", "iso_region": "FR-BRE"}}, {"type": "Feature", "geometry": {"type": "Point", "coordinates": [-1.734, 48.069]}, "properties": {"station_id": "LFRN", "temp_c": 8.0, "icao_code": "LFRN", "municipality": "Saint-Jacques-de-la-Lande, Ille-et-Vilaine", "iso_country": "FR", "iso_region": "FR-BRE"}}, {"type": "Feature", "geometry": {"type": "Point", "coordinates": [47.882, 39.604]}, "properties": {"station_id": "OITP", "temp_c": 14.0, "icao_code": "OITP", "municipality": "Parsabad", "iso_country": "IR", "iso_region": "IR-24"}}, {"type": "Feature", "geometry": {"type": "Point", "coordinates": [76.957, 17.309]}, "properties": {"station_id": "VOGB", "temp_c": 37.0, "icao_code": "VOGB", "municipality": "Kalaburagi", "iso_country": "IN", "iso_region": "IN-KA"}}, {"type": "Feature", "geometry": {"type": "Point", "coordinates": [113.025, 3.12]}, "properties": {"station_id": "WBGB", "temp_c": 32.0, "icao_code": "WBGB", "municipality": "Bintulu", "iso_country": "MY", "iso_region": "MY-13"}}, {"type": "Feature", "geometry": {"type": "Point", "coordinates": [85.818, 20.244]}, "properties": {"station_id": "VEBS", "temp_c": 31.0, "icao_code": "VEBS", "municipality": "Bhubaneswar", "iso_country": "IN", "iso_region": "IN-OR"}}, {"type": "Feature", "geometry": {"type": "Point", "coordinates": [87.243, 23.623]}, "properties": {"station_id": "VEDG", "temp_c": 32.0, "icao_code": "VEDG", "municipality": "Durgapur", "iso_country": "IN", "iso_region": "IN-WB"}}, {"type": "Feature", "geometry": {"type": "Point", "coordinates": [84.816, 22.256]}, "properties": {"station_id": "VERK", "temp_c": 39.0, "icao_code": "VERK", "municipality": "Rourkela", "iso_country": "IN", "iso_region": "IN-OR"}}, {"type": "Feature", "geometry": {"type": "Point", "coordinates": [83.889, 26.776]}, "properties": {"station_id": "VEKI", "temp_c": 30.0, "icao_code": "VEKI", "municipality": "Kushinagar", "iso_country": "IN", "iso_region": "IN-UP"}}, {"type": "Feature", "geometry": {"type": "Point", "coordinates": [53.203, 27.364]}, "properties": {"station_id": "OISR", "temp_c": 35.0, "icao_code": "OISR", "municipality": "Lamerd", "iso_country": "IR", "iso_region": "IR-07"}}, {"type": "Feature", "geometry": {"type": "Point", "coordinates": [73.534, 16.001]}, "properties": {"station_id": "VOSR", "temp_c": 32.0, "icao_code": "VOSR", "municipality": "Chipi", "iso_country": "IN", "iso_region": "IN-MM"}}, {"type": "Feature", "geometry": {"type": "Point", "coordinates": [39.282, -15.106]}, "properties": {"station_id": "FQNP", "temp_c": 24.0, "icao_code": "FQNP", "municipality": "Nampula", "iso_country": "MZ", "iso_region": "MZ-N"}}, {"type": "Feature", "geometry": {"type": "Point", "coordinates": [83.228, 17.722]}, "properties": {"station_id": "VOVZ", "temp_c": 34.0, "icao_code": "VOVZ", "municipality": "Visakhapatnam", "iso_country": "IN", "iso_region": "IN-AP"}}, {"type": "Feature", "geometry": {"type": "Point", "coordinates": [113.987, 4.322]}, "properties": {"station_id": "WBGR", "temp_c": 31.0, "icao_code": "WBGR", "municipality": "Miri", "iso_country": "MY", "iso_region": "MY-13"}}, {"type": "Feature", "geometry": {"type": "Point", "coordinates": [75.801, 22.722]}, "properties": {"station_id": "VAID", "temp_c": 37.0, "icao_code": "VAID", "municipality": "Indore", "iso_country": "IN", "iso_region": "IN-MP"}}, {"type": "Feature", "geometry": {"type": "Point", "coordinates": [69.657, 21.649]}, "properties": {"station_id": "VAPR", "temp_c": 33.0, "icao_code": "VAPR", "municipality": "Porbandar", "iso_country": "IN", "iso_region": "IN-GJ"}}, {"type": "Feature", "geometry": {"type": "Point", "coordinates": [72.635, 23.077]}, "properties": {"station_id": "VAAH", "temp_c": 35.0, "icao_code": "VAAH", "municipality": "Ahmedabad", "iso_country": "IN", "iso_region": "IN-GJ"}}, {"type": "Feature", "geometry": {"type": "Point", "coordinates": [91.587, 26.107]}, "properties": {"station_id": "VEGT", "temp_c": 26.0, "icao_code": "VEGT", "municipality": "Guwahati", "iso_country": "IN", "iso_region": "IN-AS"}}, {"type": "Feature", "geometry": {"type": "Point", "coordinates": [34.974, -15.679]}, "properties": {"station_id": "FWCL", "temp_c": 25.0, "icao_code": "FWCL", "municipality": "Blantyre", "iso_country": "MW", "iso_region": "MW-BL"}}, {"type": "Feature", "geometry": {"type": "Point", "coordinates": [111.983, 2.264]}, "properties": {"station_id": "WBGS", "temp_c": 32.0, "icao_code": "WBGS", "municipality": "Sibu", "iso_country": "MY", "iso_region": "MY-13"}}, {"type": "Feature", "geometry": {"type": "Point", "coordinates": [76.402, 10.152]}, "properties": {"station_id": "VOCI", "temp_c": 35.0, "icao_code": "VOCI", "municipality": "Kochi", "iso_country": "IN", "iso_region": "IN-KL"}}, {"type": "Feature", "geometry": {"type": "Point", "coordinates": [78.18, 30.19]}, "properties": {"station_id": "VIDN", "temp_c": 30.0, "icao_code": "VIDN", "municipality": "Dehradun (Jauligrant)", "iso_country": "IN", "iso_region": "IN-UT"}}, {"type": "Feature", "geometry": {"type": "Point", "coordinates": [77.117, 28.567]}, "properties": {"station_id": "VIDP", "temp_c": 36.0, "icao_code": "VIDP", "municipality": "New Delhi", "iso_country": "IN", "iso_region": "IN-DL"}}, {"type": "Feature", "geometry": {"type": "Point", "coordinates": [115.25, 5.301]}, "properties": {"station_id": "WBKL", "temp_c": 33.0, "icao_code": "WBKL", "municipality": "Labuan", "iso_country": "MY", "iso_region": "MY-15"}}, {"type": "Feature", "geometry": {"type": "Point", "coordinates": [96.134, 27.941]}, "properties": {"station_id": "VETJ", "temp_c": 27.0, "icao_code": "VETJ", "municipality": "Tezu", "iso_country": "IN", "iso_region": "IN-AR"}}, {"type": "Feature", "geometry": {"type": "Point", "coordinates": [-63.109, 18.041]}, "properties": {"station_id": "TNCM", "temp_c": 27.0, "icao_code": "TNCM", "municipality": "Sint Maarten", "iso_country": "SX", "iso_region": "SX-U-A"}}, {"type": "Feature", "geometry": {"type": "Point", "coordinates": [53.72, 28.895]}, "properties": {"station_id": "OISF", "temp_c": 22.0, "icao_code": "OISF", "municipality": "Fasa", "iso_country": "IR", "iso_region": "IR-07"}}, {"type": "Feature", "geometry": {"type": "Point", "coordinates": [32.749, 68.781]}, "properties": {"station_id": "ULMM", "temp_c": 1.0, "icao_code": "ULMM", "municipality": "Murmansk", "iso_country": "RU", "iso_region": "RU-MUR"}}, {"type": "Feature", "geometry": {"type": "Point", "coordinates": [50.83, 30.336]}, "properties": {"station_id": "OIAH", "temp_c": 24.0, "icao_code": "OIAH", "municipality": "Gachsaran", "iso_country": "IR", "iso_region": "IR-17"}}, {"type": "Feature", "geometry": {"type": "Point", "coordinates": [-175.15, -21.241]}, "properties": {"station_id": "NFTF", "temp_c": 26.0, "icao_code": "NFTF", "municipality": "Nuku'alofa", "iso_country": "TO", "iso_region": "TO-04"}}, {"type": "Feature", "geometry": {"type": "Point", "coordinates": [-174.34, -19.777]}, "properties": {"station_id": "NFTL", "temp_c": 28.0, "icao_code": "NFTL", "municipality": "Lifuka", "iso_country": "TO", "iso_region": "TO-02"}}, {"type": "Feature", "geometry": {"type": "Point", "coordinates": [-173.9628, -18.585]}, "properties": {"station_id": "NFTV", "temp_c": 29.0, "icao_code": "NFTV", "municipality": "Vava'u Island", "iso_country": "TO", "iso_region": "TO-05"}}, {"type": "Feature", "geometry": {"type": "Point", "coordinates": [57.6, 36.171]}, "properties": {"station_id": "OIMS", "temp_c": 26.0, "icao_code": "OIMS", "municipality": "Sabzevar", "iso_country": "IR", "iso_region": "IR-09"}}, {"type": "Feature", "geometry": {"type": "Point", "coordinates": [118.059, 5.901]}, "properties": {"station_id": "WBKS", "temp_c": 33.0, "icao_code": "WBKS", "municipality": "Sandakan", "iso_country": "MY", "iso_region": "MY-12"}}, {"type": "Feature", "geometry": {"type": "Point", "coordinates": [34.155, 61.885]}, "properties": {"station_id": "ULPB", "temp_c": 2.0, "icao_code": "ULPB", "municipality": "Petrozavodsk", "iso_country": "RU", "iso_region": "RU-KR"}}, {"type": "Feature", "geometry": {"type": "Point", "coordinates": [57.303, 37.488]}, "properties": {"station_id": "OIMN", "temp_c": 14.0, "icao_code": "OIMN", "municipality": "Bojnord", "iso_country": "IR", "iso_region": "IR-28"}}, {"type": "Feature", "geometry": {"type": "Point", "coordinates": [118.119, 4.316]}, "properties": {"station_id": "WBKW", "temp_c": 32.0, "icao_code": "WBKW", "municipality": "Tawau", "iso_country": "MY", "iso_region": "MY-12"}}, {"type": "Feature", "geometry": {"type": "Point", "coordinates": [103.209, 3.775]}, "properties": {"station_id": "WMKD", "temp_c": 33.0, "icao_code": "WMKD", "municipality": "Kuantan", "iso_country": "MY", "iso_region": "MY-06"}}, {"type": "Feature", "geometry": {"type": "Point", "coordinates": [45.702, 43.387]}, "properties": {"station_id": "URMG", "temp_c": 10.0, "icao_code": "URMG", "municipality": "Grozny", "iso_country": "RU", "iso_region": "RU-CE"}}, {"type": "Feature", "geometry": {"type": "Point", "coordinates": [59.29, 32.894]}, "properties": {"station_id": "OIMB", "temp_c": 25.0, "icao_code": "OIMB", "municipality": "Birjand", "iso_country": "IR", "iso_region": "IR-29"}}, {"type": "Feature", "geometry": {"type": "Point", "coordinates": [50.842, 32.297]}, "properties": {"station_id": "OIFS", "temp_c": 17.0, "icao_code": "OIFS", "municipality": "Shahrekord", "iso_country": "IR", "iso_region": "IR-14"}}, {"type": "Feature", "geometry": {"type": "Point", "coordinates": [44.608, 43.204]}, "properties": {"station_id": "URMO", "temp_c": 8.0, "icao_code": "URMO", "municipality": "Beslan", "iso_country": "RU", "iso_region": "RU-SE"}}, {"type": "Feature", "geometry": {"type": "Point", "coordinates": [48.363, 36.772]}, "properties": {"station_id": "OITZ", "temp_c": 14.0, "icao_code": "OITZ", "municipality": "Zanjan", "iso_country": "IR", "iso_region": "IR-19"}}, {"type": "Feature", "geometry": {"type": "Point", "coordinates": [99.729, 6.33]}, "properties": {"station_id": "WMKL", "temp_c": 32.0, "icao_code": "WMKL", "municipality": "Langkawi", "iso_country": "MY", "iso_region": "MY-02"}}, {"type": "Feature", "geometry": {"type": "Point", "coordinates": [102.252, 2.263]}, "properties": {"station_id": "WMKM", "temp_c": 33.0, "icao_code": "WMKM", "municipality": "Malacca", "iso_country": "MY", "iso_region": "MY-04"}}, {"type": "Feature", "geometry": {"type": "Point", "coordinates": [51.545, 30.701]}, "properties": {"station_id": "OISY", "temp_c": 14.0, "icao_code": "OISY", "municipality": "Yasuj", "iso_country": "IR", "iso_region": "IR-17"}}, {"type": "Feature", "geometry": {"type": "Point", "coordinates": [39.925, 47.494]}, "properties": {"station_id": "URRP", "temp_c": 11.0, "icao_code": "URRP", "municipality": "Rostov-on-Don", "iso_country": "RU", "iso_region": "RU-ROS"}}, {"type": "Feature", "geometry": {"type": "Point", "coordinates": [103.67, 1.641]}, "properties": {"station_id": "WMKJ", "temp_c": 34.0, "icao_code": "WMKJ", "municipality": "Johor Bahru", "iso_country": "MY", "iso_region": "MY-01"}}, {"type": "Feature", "geometry": {"type": "Point", "coordinates": [116.837, 6.922]}, "properties": {"station_id": "WBKT", "temp_c": 32.0, "icao_code": "WBKT", "municipality": "Kudat", "iso_country": "MY", "iso_region": "MY-12"}}, {"type": "Feature", "geometry": {"type": "Point", "coordinates": [47.995, 46.286]}, "properties": {"station_id": "URWA", "temp_c": 11.0, "icao_code": "URWA", "municipality": "Astrakhan", "iso_country": "RU", "iso_region": "RU-AST"}}, {"type": "Feature", "geometry": {"type": "Point", "coordinates": [54.375, 27.67]}, "properties": {"station_id": "OISL", "temp_c": 30.0, "icao_code": "OISL", "municipality": "Lar", "iso_country": "IR", "iso_region": "IR-07"}}, {"type": "Feature", "geometry": {"type": "Point", "coordinates": [103.876, 2.387]}, "properties": {"station_id": "WMAU", "temp_c": 35.0, "icao_code": "WMAU", "municipality": "Mersing", "iso_country": "MY", "iso_region": "MY-01"}}, {"type": "Feature", "geometry": {"type": "Point", "coordinates": [44.331, 46.374]}, "properties": {"station_id": "URWI", "temp_c": 10.0, "icao_code": "URWI", "municipality": "Elista", "iso_country": "RU", "iso_region": "RU-KL"}}, {"type": "Feature", "geometry": {"type": "Point", "coordinates": [100.701, 4.221]}, "properties": {"station_id": "WMBA", "temp_c": 33.0, "icao_code": "WMBA", "municipality": "Sitiawan", "iso_country": "MY", "iso_region": "MY-08"}}, {"type": "Feature", "geometry": {"type": "Point", "coordinates": [50.68, 36.91]}, "properties": {"station_id": "OINR", "temp_c": 17.0, "icao_code": "OINR", "municipality": "Ramsar", "iso_country": "IR", "iso_region": "IR-02"}}, {"type": "Feature", "geometry": {"type": "Point", "coordinates": [30.267, 59.798]}, "properties": {"station_id": "ULLI", "temp_c": 4.0, "icao_code": "ULLI", "municipality": "St. Petersburg", "iso_country": "RU", "iso_region": "RU-SPE"}}, {"type": "Feature", "geometry": {"type": "Point", "coordinates": [51.465, 36.663]}, "properties": {"station_id": "OINN", "temp_c": 17.0, "icao_code": "OINN", "municipality": "Nowshahr", "iso_country": "IR", "iso_region": "IR-02"}}, {"type": "Feature", "geometry": {"type": "Point", "coordinates": [46.397, 33.588]}, "properties": {"station_id": "OICI", "temp_c": 15.0, "icao_code": "OICI", "municipality": "Ilam", "iso_country": "IR", "iso_region": "IR-16"}}, {"type": "Feature", "geometry": {"type": "Point", "coordinates": [40.157, 57.561]}, "properties": {"station_id": "UUDL", "temp_c": 1.0, "icao_code": "UUDL", "municipality": "Tunoshna", "iso_country": "RU", "iso_region": "RU-YAR"}}, {"type": "Feature", "geometry": {"type": "Point", "coordinates": [100.398, 6.19]}, "properties": {"station_id": "WMKA", "temp_c": 35.0, "icao_code": "WMKA", "municipality": "Alor Satar", "iso_country": "MY", "iso_region": "MY-02"}}, {"type": "Feature", "geometry": {"type": "Point", "coordinates": [49.152, 30.556]}, "properties": {"station_id": "OIAM", "temp_c": 27.0, "icao_code": "OIAM", "municipality": "Mahshahr", "iso_country": "IR", "iso_region": "IR-06"}}, {"type": "Feature", "geometry": {"type": "Point", "coordinates": [100.391, 5.466]}, "properties": {"station_id": "WMKB", "temp_c": 32.0, "icao_code": "WMKB", "municipality": "Butterworth", "iso_country": "MY", "iso_region": "MY-07"}}, {"type": "Feature", "geometry": {"type": "Point", "coordinates": [49.684, 30.74]}, "properties": {"station_id": "OIAG", "temp_c": 31.0, "icao_code": "OIAG", "municipality": "Omidiyeh", "iso_country": "IR", "iso_region": "IR-06"}}, {"type": "Feature", "geometry": {"type": "Point", "coordinates": [58.756, 53.393]}, "properties": {"station_id": "USCM", "temp_c": 11.0, "icao_code": "USCM", "municipality": "Magnitogorsk", "iso_country": "RU", "iso_region": "RU-BA"}}, {"type": "Feature", "geometry": {"type": "Point", "coordinates": [112.03, 66.4]}, "properties": {"station_id": "UERP", "temp_c": 7.0, "icao_code": "UERP", "municipality": "Yakutia", "iso_country": "RU", "iso_region": "RU-SA"}}, {"type": "Feature", "geometry": {"type": "Point", "coordinates": [102.293, 6.167]}, "properties": {"station_id": "WMKC", "temp_c": 35.0, "icao_code": "WMKC", "municipality": "Kota Baharu", "iso_country": "MY", "iso_region": "MY-03"}}, {"type": "Feature", "geometry": {"type": "Point", "coordinates": [60.901, 29.472]}, "properties": {"station_id": "OIZH", "temp_c": 27.0, "icao_code": "OIZH", "municipality": "Zahedan", "iso_country": "IR", "iso_region": "IR-11"}}, {"type": "Feature", "geometry": {"type": "Point", "coordinates": [103.427, 4.537]}, "properties": {"station_id": "WMKE", "temp_c": 32.0, "icao_code": "WMKE", "municipality": "Kerteh", "iso_country": "MY", "iso_region": "MY-11"}}, {"type": "Feature", "geometry": {"type": "Point", "coordinates": [129.774, 62.093]}, "properties": {"station_id": "UEEE", "temp_c": 9.0, "icao_code": "UEEE", "municipality": "Yakutsk", "iso_country": "RU", "iso_region": "RU-SA"}}, {"type": "Feature", "geometry": {"type": "Point", "coordinates": [52.59, 29.539]}, "properties": {"station_id": "OISS", "temp_c": 19.0, "icao_code": "OISS", "municipality": "Shiraz", "iso_country": "IR", "iso_region": "IR-07"}}, {"type": "Feature", "geometry": {"type": "Point", "coordinates": [72.05, 71.216]}, "properties": {"station_id": "USDA", "temp_c": -5.0, "icao_code": "USDA", "municipality": "Sabetta", "iso_country": "RU", "iso_region": "RU-YAN"}}, {"type": "Feature", "geometry": {"type": "Point", "coordinates": [59.639, 36.236]}, "properties": {"station_id": "OIMM", "temp_c": 24.0, "icao_code": "OIMM", "municipality": "Mashhad", "iso_country": "IR", "iso_region": "IR-09"}}, {"type": "Feature", "geometry": {"type": "Point", "coordinates": [38.019, 59.281]}, "properties": {"station_id": "ULWC", "temp_c": 0.0, "icao_code": "ULWC", "municipality": "Cherepovets", "iso_country": "RU", "iso_region": "RU-VLG"}}, {"type": "Feature", "geometry": {"type": "Point", "coordinates": [36.37, 54.552]}, "properties": {"station_id": "UUBC", "temp_c": 4.0, "icao_code": "UUBC", "municipality": "Kaluga", "iso_country": "RU", "iso_region": "RU-KLU"}}, {"type": "Feature", "geometry": {"type": "Point", "coordinates": [101.092, 4.568]}, "properties": {"station_id": "WMKI", "temp_c": 34.0, "icao_code": "WMKI", "municipality": "Ipoh", "iso_country": "MY", "iso_region": "MY-08"}}, {"type": "Feature", "geometry": {"type": "Point", "coordinates": [36.59, 50.644]}, "properties": {"station_id": "UUOB", "temp_c": 5.0, "icao_code": "UUOB", "municipality": "Belgorod", "iso_country": "RU", "iso_region": "RU-BEL"}}, {"type": "Feature", "geometry": {"type": "Point", "coordinates": [56.964, 30.251]}, "properties": {"station_id": "OIKK", "temp_c": 25.0, "icao_code": "OIKK", "municipality": "Kerman", "iso_country": "IR", "iso_region": "IR-08"}}, {"type": "Feature", "geometry": {"type": "Point", "coordinates": [103.103, 5.383]}, "properties": {"station_id": "WMKN", "temp_c": 34.0, "icao_code": "WMKN", "municipality": "Kuala Terengganu", "iso_country": "MY", "iso_region": "MY-11"}}, {"type": "Feature", "geometry": {"type": "Point", "coordinates": [101.552, 3.13]}, "properties": {"station_id": "WMSA", "temp_c": 35.0, "icao_code": "WMSA", "municipality": "Subang", "iso_country": "MY", "iso_region": "MY-10"}}, {"type": "Feature", "geometry": {"type": "Point", "coordinates": [36.297, 51.751]}, "properties": {"station_id": "UUOK", "temp_c": 5.0, "icao_code": "UUOK", "municipality": "Kursk", "iso_country": "RU", "iso_region": "RU-KRS"}}, {"type": "Feature", "geometry": {"type": "Point", "coordinates": [51.304, 35.686]}, "properties": {"station_id": "OIII", "temp_c": 22.0, "icao_code": "OIII", "municipality": "Tehran", "iso_country": "IR", "iso_region": "IR-23"}}, {"type": "Feature", "geometry": {"type": "Point", "coordinates": [51.866, 32.752]}, "properties": {"station_id": "OIFM", "temp_c": 21.0, "icao_code": "OIFM", "municipality": "Isfahan", "iso_country": "IR", "iso_region": "IR-10"}}, {"type": "Feature", "geometry": {"type": "Point", "coordinates": [48.751, 31.343]}, "properties": {"station_id": "OIAW", "temp_c": 29.0, "icao_code": "OIAW", "municipality": "Ahvaz", "iso_country": "IR", "iso_region": "IR-06"}}, {"type": "Feature", "geometry": {"type": "Point", "coordinates": [45.066, 37.665]}, "properties": {"station_id": "OITR", "temp_c": 12.0, "icao_code": "OITR", "municipality": "Urmia", "iso_country": "IR", "iso_region": "IR-04"}}, {"type": "Feature", "geometry": {"type": "Point", "coordinates": [45.203, 54.116]}, "properties": {"station_id": "UWPS", "temp_c": 3.0, "icao_code": "UWPS", "municipality": "Saransk", "iso_country": "RU", "iso_region": "RU-MO"}}, {"type": "Feature", "geometry": {"type": "Point", "coordinates": [38.15, 55.553]}, "properties": {"station_id": "UUBW", "temp_c": 1.0, "icao_code": "UUBW", "municipality": "Moscow", "iso_country": "RU", "iso_region": "RU-MOS"}}, {"type": "Feature", "geometry": {"type": "Point", "coordinates": [39.534, 52.702]}, "properties": {"station_id": "UUOL", "temp_c": 6.0, "icao_code": "UUOL", "municipality": "Lipetsk", "iso_country": "RU", "iso_region": "RU-LIP"}}, {"type": "Feature", "geometry": {"type": "Point", "coordinates": [-47.774, -21.134]}, "properties": {"station_id": "SBRP", "temp_c": 21.0, "icao_code": "SBRP", "municipality": "Ribeir\u00e3o Preto", "iso_country": "BR", "iso_region": "BR-SP"}}, {"type": "Feature", "geometry": {"type": "Point", "coordinates": [51.152, 35.416]}, "properties": {"station_id": "OIIE", "temp_c": 20.0, "icao_code": "OIIE", "municipality": "Tehran", "iso_country": "IR", "iso_region": "IR-23"}}, {"type": "Feature", "geometry": {"type": "Point", "coordinates": [49.606, 37.325]}, "properties": {"station_id": "OIGG", "temp_c": 16.0, "icao_code": "OIGG", "municipality": "Rasht", "iso_country": "IR", "iso_region": "IR-01"}}, {"type": "Feature", "geometry": {"type": "Point", "coordinates": [47.158, 34.346]}, "properties": {"station_id": "OICC", "temp_c": 15.0, "icao_code": "OICC", "municipality": "Kermanshah", "iso_country": "IR", "iso_region": "IR-05"}}, {"type": "Feature", "geometry": {"type": "Point", "coordinates": [46.146, 37.348]}, "properties": {"station_id": "OITM", "temp_c": 16.0, "icao_code": "OITM", "municipality": "Maragheh", "iso_country": "IR", "iso_region": "IR-03"}}, {"type": "Feature", "geometry": {"type": "Point", "coordinates": [83.54, 53.362]}, "properties": {"station_id": "UNBB", "temp_c": 15.0, "icao_code": "UNBB", "municipality": "Barnaul", "iso_country": "RU", "iso_region": "RU-ALT"}}, {"type": "Feature", "geometry": {"type": "Point", "coordinates": [55.452, 37.383]}, "properties": {"station_id": "OINE", "temp_c": 15.0, "icao_code": "OINE", "municipality": "Kalaleh", "iso_country": "IR", "iso_region": "IR-27"}}, {"type": "Feature", "geometry": {"type": "Point", "coordinates": [50.045, 36.243]}, "properties": {"station_id": "OIIK", "temp_c": 16.0, "icao_code": "OIIK", "municipality": "Qazvin", "iso_country": "IR", "iso_region": "IR-26"}}, {"type": "Feature", "geometry": {"type": "Point", "coordinates": [72.995, 31.365]}, "properties": {"station_id": "OPFA", "temp_c": 34.0, "icao_code": "OPFA", "municipality": "Faisalabad", "iso_country": "PK", "iso_region": "PK-PB"}}, {"type": "Feature", "geometry": {"type": "Point", "coordinates": [60.72, 27.236]}, "properties": {"station_id": "OIZI", "temp_c": 33.0, "icao_code": "OIZI", "municipality": "Iranshahr", "iso_country": "IR", "iso_region": "IR-11"}}, {"type": "Feature", "geometry": {"type": "Point", "coordinates": [61.546, 31.094]}, "properties": {"station_id": "OIZB", "temp_c": 31.0, "icao_code": "OIZB", "municipality": "Zabol", "iso_country": "IR", "iso_region": "IR-11"}}, {"type": "Feature", "geometry": {"type": "Point", "coordinates": [54.404, 36.908]}, "properties": {"station_id": "OING", "temp_c": 17.0, "icao_code": "OING", "municipality": "Gorgan", "iso_country": "IR", "iso_region": "IR-27"}}, {"type": "Feature", "geometry": {"type": "Point", "coordinates": [52.352, 27.82]}, "properties": {"station_id": "OIBJ", "temp_c": 30.0, "icao_code": "OIBJ", "municipality": "Jam", "iso_country": "IR", "iso_region": "IR-18"}}, {"type": "Feature", "geometry": {"type": "Point", "coordinates": [48.424, 38.326]}, "properties": {"station_id": "OITL", "temp_c": 5.0, "icao_code": "OITL", "municipality": "Ardabil", "iso_country": "IR", "iso_region": "IR-24"}}, {"type": "Feature", "geometry": {"type": "Point", "coordinates": [48.553, 34.869]}, "properties": {"station_id": "OIHH", "temp_c": 13.0, "icao_code": "OIHH", "municipality": "Hamadan", "iso_country": "IR", "iso_region": "IR-13"}}, {"type": "Feature", "geometry": {"type": "Point", "coordinates": [-31.131, 39.455]}, "properties": {"station_id": "LPFL", "temp_c": 16.0, "icao_code": "LPFL", "municipality": "Santa Cruz das Flores", "iso_country": "PT", "iso_region": "PT-20"}}, {"type": "Feature", "geometry": {"type": "Point", "coordinates": [-28.714, 38.521]}, "properties": {"station_id": "LPHR", "temp_c": 15.0, "icao_code": "LPHR", "municipality": "Horta", "iso_country": "PT", "iso_region": "PT-20"}}, {"type": "Feature", "geometry": {"type": "Point", "coordinates": [-27.091, 38.762]}, "properties": {"station_id": "LPLA", "temp_c": 16.0, "icao_code": "LPLA", "municipality": "Praia da Vit\u00f3ria", "iso_country": "PT", "iso_region": "PT-20"}}, {"type": "Feature", "geometry": {"type": "Point", "coordinates": [44.955, 41.669]}, "properties": {"station_id": "UGTB", "temp_c": 15.0, "icao_code": "UGTB", "municipality": "Tbilisi", "iso_country": "GE", "iso_region": "GE-TB"}}, {"type": "Feature", "geometry": {"type": "Point", "coordinates": [-7.966, 37.014]}, "properties": {"station_id": "LPFR", "temp_c": 17.0, "icao_code": "LPFR", "municipality": "Faro", "iso_country": "PT", "iso_region": "PT-08"}}, {"type": "Feature", "geometry": {"type": "Point", "coordinates": [41.6, 41.61]}, "properties": {"station_id": "UGSB", "temp_c": 13.0, "icao_code": "UGSB", "municipality": "Batumi", "iso_country": "GE", "iso_region": "GE-AJ"}}, {"type": "Feature", "geometry": {"type": "Point", "coordinates": [47.729, 40.809]}, "properties": {"station_id": "UBBQ", "temp_c": 12.0, "icao_code": "UBBQ", "municipality": "Gabala", "iso_country": "AZ", "iso_region": "AZ-QAB"}}, {"type": "Feature", "geometry": {"type": "Point", "coordinates": [-16.774, 32.698]}, "properties": {"station_id": "LPMA", "temp_c": 16.0, "icao_code": "LPMA", "municipality": "Funchal", "iso_country": "PT", "iso_region": "PT-30"}}, {"type": "Feature", "geometry": {"type": "Point", "coordinates": [-8.684, 41.235]}, "properties": {"station_id": "LPPR", "temp_c": 16.0, "icao_code": "LPPR", "municipality": "Porto", "iso_country": "PT", "iso_region": "PT-13"}}, {"type": "Feature", "geometry": {"type": "Point", "coordinates": [110.04, 25.22]}, "properties": {"station_id": "ZGKL", "temp_c": 23.0, "icao_code": "ZGKL", "municipality": "Guilin (Lingui)", "iso_country": "CN", "iso_region": "CN-45"}}, {"type": "Feature", "geometry": {"type": "Point", "coordinates": [42.483, 42.177]}, "properties": {"station_id": "UGKO", "temp_c": 13.0, "icao_code": "UGKO", "municipality": "Kopitnari", "iso_country": "GE", "iso_region": "GE-IM"}}, {"type": "Feature", "geometry": {"type": "Point", "coordinates": [-16.35, 33.073]}, "properties": {"station_id": "LPPS", "temp_c": 16.0, "icao_code": "LPPS", "municipality": "Vila Baleira", "iso_country": "PT", "iso_region": "PT-30"}}, {"type": "Feature", "geometry": {"type": "Point", "coordinates": [31.405, 30.133]}, "properties": {"station_id": "HECA", "temp_c": 19.0, "icao_code": "HECA", "municipality": "Cairo", "iso_country": "EG", "iso_region": "EG-C"}}, {"type": "Feature", "geometry": {"type": "Point", "coordinates": [-9.136, 38.781]}, "properties": {"station_id": "LPPT", "temp_c": 15.0, "icao_code": "LPPT", "municipality": "Lisbon", "iso_country": "PT", "iso_region": "PT-11"}}, {"type": "Feature", "geometry": {"type": "Point", "coordinates": [-9.355, 38.725]}, "properties": {"station_id": "LPCS", "temp_c": 15.0, "icao_code": "LPCS", "municipality": "Cascais", "iso_country": "PT", "iso_region": "PT-11"}}, {"type": "Feature", "geometry": {"type": "Point", "coordinates": [-7.931, 38.073]}, "properties": {"station_id": "LPBJ", "temp_c": 13.0, "icao_code": "LPBJ", "municipality": "Beja", "iso_country": "PT", "iso_region": "PT-02"}}, {"type": "Feature", "geometry": {"type": "Point", "coordinates": [168.739, -45.021]}, "properties": {"station_id": "NZQN", "temp_c": 15.0, "icao_code": "NZQN", "municipality": "Queenstown", "iso_country": "NZ", "iso_region": "NZ-OTA"}}, {"type": "Feature", "geometry": {"type": "Point", "coordinates": [170.198, -45.928]}, "properties": {"station_id": "NZDN", "temp_c": 13.0, "icao_code": "NZDN", "municipality": "Dunedin", "iso_country": "NZ", "iso_region": "NZ-OTA"}}, {"type": "Feature", "geometry": {"type": "Point", "coordinates": [-32.423, -3.855]}, "properties": {"station_id": "SBFN", "temp_c": 25.0, "icao_code": "SBFN", "municipality": "Fernando de Noronha", "iso_country": "BR", "iso_region": "BR-PE"}}, {"type": "Feature", "geometry": {"type": "Point", "coordinates": [116.505, 23.55]}, "properties": {"station_id": "ZGOW", "temp_c": 29.0, "icao_code": "ZGOW", "municipality": "Jieyang (Rongcheng)", "iso_country": "CN", "iso_region": "CN-44"}}, {"type": "Feature", "geometry": {"type": "Point", "coordinates": [43.135, 42.527]}, "properties": {"station_id": "UGAM", "temp_c": 10.0, "icao_code": "UGAM", "municipality": "Ambrolauri", "iso_country": "GE", "iso_region": "GE-RL"}}, {"type": "Feature", "geometry": {"type": "Point", "coordinates": [128.669, 38.061]}, "properties": {"station_id": "RKNY", "temp_c": 9.0, "icao_code": "RKNY", "municipality": "Gonghang-ro", "iso_country": "KR", "iso_region": "KR-42"}}, {"type": "Feature", "geometry": {"type": "Point", "coordinates": [126.383, 34.991]}, "properties": {"station_id": "RKJB", "temp_c": 14.0, "icao_code": "RKJB", "municipality": "Muan (Piseo-ri)", "iso_country": "KR", "iso_region": "KR-46"}}, {"type": "Feature", "geometry": {"type": "Point", "coordinates": [127.412, 50.425]}, "properties": {"station_id": "UHBB", "temp_c": 15.0, "icao_code": "UHBB", "municipality": "Blagoveschensk", "iso_country": "RU", "iso_region": "RU-AMU"}}, {"type": "Feature", "geometry": {"type": "Point", "coordinates": [128.659, 35.894]}, "properties": {"station_id": "RKTN", "temp_c": 23.0, "icao_code": "RKTN", "municipality": "Daegu", "iso_country": "KR", "iso_region": "KR-27"}}, {"type": "Feature", "geometry": {"type": "Point", "coordinates": [135.184, 48.527]}, "properties": {"station_id": "UHHH", "temp_c": 13.0, "icao_code": "UHHH", "municipality": "Khabarovsk", "iso_country": "RU", "iso_region": "RU-KHA"}}, {"type": "Feature", "geometry": {"type": "Point", "coordinates": [127.499, 36.717]}, "properties": {"station_id": "RKTU", "temp_c": 17.0, "icao_code": "RKTU", "municipality": "Cheongju", "iso_country": "KR", "iso_region": "KR-43"}}, {"type": "Feature", "geometry": {"type": "Point", "coordinates": [158.444, 53.175]}, "properties": {"station_id": "UHPP", "temp_c": 4.0, "icao_code": "UHPP", "municipality": "Petropavlovsk-Kamchatsky", "iso_country": "RU", "iso_region": "RU-KAM"}}, {"type": "Feature", "geometry": {"type": "Point", "coordinates": [110.445, 19.934]}, "properties": {"station_id": "ZJHK", "temp_c": 31.0, "icao_code": "ZJHK", "municipality": "Haikou (Meilan)", "iso_country": "CN", "iso_region": "CN-46"}}, {"type": "Feature", "geometry": {"type": "Point", "coordinates": [132.146, 43.399]}, "properties": {"station_id": "UHWW", "temp_c": 16.0, "icao_code": "UHWW", "municipality": "Artyom", "iso_country": "RU", "iso_region": "RU-PRI"}}, {"type": "Feature", "geometry": {"type": "Point", "coordinates": [128.938, 35.179]}, "properties": {"station_id": "RKPK", "temp_c": 23.0, "icao_code": "RKPK", "municipality": "Busan", "iso_country": "KR", "iso_region": "KR-26"}}, {"type": "Feature", "geometry": {"type": "Point", "coordinates": [126.493, 33.511]}, "properties": {"station_id": "RKPC", "temp_c": 15.0, "icao_code": "RKPC", "municipality": "Jeju City", "iso_country": "KR", "iso_region": "KR-49"}}, {"type": "Feature", "geometry": {"type": "Point", "coordinates": [126.791, 37.558]}, "properties": {"station_id": "RKSS", "temp_c": 16.0, "icao_code": "RKSS", "municipality": "Seoul", "iso_country": "KR", "iso_region": "KR-11"}}, {"type": "Feature", "geometry": {"type": "Point", "coordinates": [126.451, 37.469]}, "properties": {"station_id": "RKSI", "temp_c": 15.0, "icao_code": "RKSI", "municipality": "Seoul", "iso_country": "KR", "iso_region": "KR-28"}}, {"type": "Feature", "geometry": {"type": "Point", "coordinates": [91.24, 23.887]}, "properties": {"station_id": "VEAT", "temp_c": 22.0, "icao_code": "VEAT", "municipality": "Agartala", "iso_country": "IN", "iso_region": "IN-TR"}}, {"type": "Feature", "geometry": {"type": "Point", "coordinates": [89.467, 26.331]}, "properties": {"station_id": "VECO", "temp_c": 28.0, "icao_code": "VECO", "municipality": "Cooch Behar", "iso_country": "IN", "iso_region": "IN-WB"}}, {"type": "Feature", "geometry": {"type": "Point", "coordinates": [77.704, 13.205]}, "properties": {"station_id": "VOBL", "temp_c": 31.0, "icao_code": "VOBL", "municipality": "Bengaluru", "iso_country": "IN", "iso_region": "IN-KA"}}, {"type": "Feature", "geometry": {"type": "Point", "coordinates": [177.739, 64.733]}, "properties": {"station_id": "UHMA", "temp_c": -5.0, "icao_code": "UHMA", "municipality": "Anadyr", "iso_country": "RU", "iso_region": "RU-CHU"}}, {"type": "Feature", "geometry": {"type": "Point", "coordinates": [-169.926, -19.079]}, "properties": {"station_id": "NIUE", "temp_c": 26.0, "icao_code": "NIUE", "municipality": "Alofi", "iso_country": "NU", "iso_region": "NU-U-A"}}, {"type": "Feature", "geometry": {"type": "Point", "coordinates": [-63.128, 46.289]}, "properties": {"station_id": "CYYG", "temp_c": 2.0, "icao_code": "CYYG", "municipality": "Charlottetown", "iso_country": "CA", "iso_region": "CA-PE"}}, {"type": "Feature", "geometry": {"type": "Point", "coordinates": [150.725, 59.911]}, "properties": {"station_id": "UHMM", "temp_c": 1.0, "icao_code": "UHMM", "municipality": "Magadan", "iso_country": "RU", "iso_region": "RU-MAG"}}, {"type": "Feature", "geometry": {"type": "Point", "coordinates": [-101.073, 56.863]}, "properties": {"station_id": "CYYL", "temp_c": -8.0, "icao_code": "CYYL", "municipality": "Lynn Lake", "iso_country": "CA", "iso_region": "CA-MB"}}, {"type": "Feature", "geometry": {"type": "Point", "coordinates": [172.528, -43.489]}, "properties": {"station_id": "NZCH", "temp_c": 13.0, "icao_code": "NZCH", "municipality": "Christchurch", "iso_country": "NZ", "iso_region": "NZ-CAN"}}, {"type": "Feature", "geometry": {"type": "Point", "coordinates": [174.806, -41.331]}, "properties": {"station_id": "NZWN", "temp_c": 15.0, "icao_code": "NZWN", "municipality": "Wellington", "iso_country": "NZ", "iso_region": "NZ-WGN"}}, {"type": "Feature", "geometry": {"type": "Point", "coordinates": [174.792, -37.008]}, "properties": {"station_id": "NZAA", "temp_c": 18.0, "icao_code": "NZAA", "municipality": "Auckland", "iso_country": "NZ", "iso_region": "NZ-AUK"}}, {"type": "Feature", "geometry": {"type": "Point", "coordinates": [142.719, 46.887]}, "properties": {"station_id": "UHSS", "temp_c": 4.0, "icao_code": "UHSS", "municipality": "Yuzhno-Sakhalinsk", "iso_country": "RU", "iso_region": "RU-SAK"}}, {"type": "Feature", "geometry": {"type": "Point", "coordinates": [60.792, 56.745]}, "properties": {"station_id": "USSS", "temp_c": 12.0, "icao_code": "USSS", "municipality": "Yekaterinburg", "iso_country": "RU", "iso_region": "RU-SVE"}}, {"type": "Feature", "geometry": {"type": "Point", "coordinates": [73.422, 61.342]}, "properties": {"station_id": "USRR", "temp_c": 13.0, "icao_code": "USRR", "municipality": "Surgut", "iso_country": "RU", "iso_region": "RU-KHM"}}, {"type": "Feature", "geometry": {"type": "Point", "coordinates": [-107.691, 50.292]}, "properties": {"station_id": "CYYN", "temp_c": -5.0, "icao_code": "CYYN", "municipality": "Swift Current", "iso_country": "CA", "iso_region": "CA-SK"}}, {"type": "Feature", "geometry": {"type": "Point", "coordinates": [-82.47, 49.416]}, "properties": {"station_id": "CYYU", "temp_c": 11.0, "icao_code": "CYYU", "municipality": "Kapuskasing", "iso_country": "CA", "iso_region": "CA-ON"}}, {"type": "Feature", "geometry": {"type": "Point", "coordinates": [76.497, 60.959]}, "properties": {"station_id": "USNN", "temp_c": 11.0, "icao_code": "USNN", "municipality": "Nizhnevartovsk", "iso_country": "RU", "iso_region": "RU-KHM"}}, {"type": "Feature", "geometry": {"type": "Point", "coordinates": [61.503, 55.306]}, "properties": {"station_id": "USCC", "temp_c": 12.0, "icao_code": "USCC", "municipality": "Chelyabinsk", "iso_country": "RU", "iso_region": "RU-CHE"}}, {"type": "Feature", "geometry": {"type": "Point", "coordinates": [55.87, 54.57]}, "properties": {"station_id": "UWUU", "temp_c": 9.0, "icao_code": "UWUU", "municipality": "Ufa", "iso_country": "RU", "iso_region": "RU-BA"}}, {"type": "Feature", "geometry": {"type": "Point", "coordinates": [52.1, 55.566]}, "properties": {"station_id": "UWKE", "temp_c": 6.0, "icao_code": "UWKE", "municipality": "Nizhnekamsk", "iso_country": "RU", "iso_region": "RU-TA"}}, {"type": "Feature", "geometry": {"type": "Point", "coordinates": [69.086, 61.029]}, "properties": {"station_id": "USHH", "temp_c": 12.0, "icao_code": "USHH", "municipality": "Khanty-Mansiysk", "iso_country": "RU", "iso_region": "RU-KHM"}}, {"type": "Feature", "geometry": {"type": "Point", "coordinates": [85.207, 56.381]}, "properties": {"station_id": "UNTT", "temp_c": 12.0, "icao_code": "UNTT", "municipality": "Tomsk", "iso_country": "RU", "iso_region": "RU-TOM"}}, {"type": "Feature", "geometry": {"type": "Point", "coordinates": [47.347, 56.09]}, "properties": {"station_id": "UWKS", "temp_c": 2.0, "icao_code": "UWKS", "municipality": "Cheboksary", "iso_country": "RU", "iso_region": "RU-CU"}}, {"type": "Feature", "geometry": {"type": "Point", "coordinates": [86.107, 55.27]}, "properties": {"station_id": "UNEE", "temp_c": 14.0, "icao_code": "UNEE", "municipality": "Kemerovo", "iso_country": "RU", "iso_region": "RU-KEM"}}, {"type": "Feature", "geometry": {"type": "Point", "coordinates": [-68.208, 48.609]}, "properties": {"station_id": "CYYY", "temp_c": 9.0, "icao_code": "CYYY", "municipality": "Mont-Joli", "iso_country": "CA", "iso_region": "CA-QC"}}, {"type": "Feature", "geometry": {"type": "Point", "coordinates": [-82.57, 45.885]}, "properties": {"station_id": "CYZE", "temp_c": 15.0, "icao_code": "CYZE", "municipality": "Gore Bay", "iso_country": "CA", "iso_region": "CA-ON"}}, {"type": "Feature", "geometry": {"type": "Point", "coordinates": [46.171, 51.713]}, "properties": {"station_id": "UWSG", "temp_c": 7.0, "icao_code": "UWSG", "municipality": "Saratov", "iso_country": "RU", "iso_region": "RU-SAR"}}, {"type": "Feature", "geometry": {"type": "Point", "coordinates": [50.163, 53.509]}, "properties": {"station_id": "UWWW", "temp_c": 7.0, "icao_code": "UWWW", "municipality": "Samara", "iso_country": "RU", "iso_region": "RU-SAM"}}, {"type": "Feature", "geometry": {"type": "Point", "coordinates": [91.385, 53.74]}, "properties": {"station_id": "UNAA", "temp_c": 10.0, "icao_code": "UNAA", "municipality": "Abakan", "iso_country": "RU", "iso_region": "RU-KK"}}, {"type": "Feature", "geometry": {"type": "Point", "coordinates": [-25.171, 36.971]}, "properties": {"station_id": "LPAZ", "temp_c": 16.0, "icao_code": "LPAZ", "municipality": "Vila do Porto", "iso_country": "PT", "iso_region": "PT-20"}}, {"type": "Feature", "geometry": {"type": "Point", "coordinates": [15.347, 44.108]}, "properties": {"station_id": "LDZD", "temp_c": 14.0, "icao_code": "LDZD", "municipality": "Zadar", "iso_country": "HR", "iso_region": "HR-13"}}, {"type": "Feature", "geometry": {"type": "Point", "coordinates": [-25.698, 37.741]}, "properties": {"station_id": "LPPD", "temp_c": 16.0, "icao_code": "LPPD", "municipality": "Ponta Delgada", "iso_country": "PT", "iso_region": "PT-20"}}, {"type": "Feature", "geometry": {"type": "Point", "coordinates": [49.485, 25.285]}, "properties": {"station_id": "OEAH", "temp_c": 32.0, "icao_code": "OEAH", "municipality": "Hofuf", "iso_country": "SA", "iso_region": "SA-04"}}, {"type": "Feature", "geometry": {"type": "Point", "coordinates": [-131.814, 53.254]}, "properties": {"station_id": "CYZP", "temp_c": 8.0, "icao_code": "CYZP", "municipality": "Sandspit", "iso_country": "CA", "iso_region": "CA-BC"}}, {"type": "Feature", "geometry": {"type": "Point", "coordinates": [153.505, -28.168]}, "properties": {"station_id": "YBCG", "temp_c": 19.0, "icao_code": "YBCG", "municipality": "Gold Coast", "iso_country": "AU", "iso_region": "AU-QLD"}}, {"type": "Feature", "geometry": {"type": "Point", "coordinates": [-127.369, 50.685]}, "properties": {"station_id": "CYZT", "temp_c": 6.0, "icao_code": "CYZT", "municipality": "Port Hardy", "iso_country": "CA", "iso_region": "CA-BC"}}, {"type": "Feature", "geometry": {"type": "Point", "coordinates": [-114.005, 49.522]}, "properties": {"station_id": "CZPC", "temp_c": -1.0, "icao_code": "CZPC", "municipality": "Pincher Creek", "iso_country": "CA", "iso_region": "CA-AB"}}, {"type": "Feature", "geometry": {"type": "Point", "coordinates": [-64.107, 53.562]}, "properties": {"station_id": "CZUM", "temp_c": -1.0, "icao_code": "CZUM", "municipality": "Churchill Falls", "iso_country": "CA", "iso_region": "CA-NL"}}, {"type": "Feature", "geometry": {"type": "Point", "coordinates": [135.233, 34.434]}, "properties": {"station_id": "RJBB", "temp_c": 20.0, "icao_code": "RJBB", "municipality": "Osaka", "iso_country": "JP", "iso_region": "JP-27"}}, {"type": "Feature", "geometry": {"type": "Point", "coordinates": [-81.704, 12.587]}, "properties": {"station_id": "SKSP", "temp_c": 28.0, "icao_code": "SKSP", "municipality": "San Andr\u00e9s", "iso_country": "CO", "iso_region": "CO-SAP"}}, {"type": "Feature", "geometry": {"type": "Point", "coordinates": [147.503, -42.834]}, "properties": {"station_id": "YMHB", "temp_c": 18.0, "icao_code": "YMHB", "municipality": "Hobart (Cambridge)", "iso_country": "AU", "iso_region": "AU-TAS"}}, {"type": "Feature", "geometry": {"type": "Point", "coordinates": [16.054, 45.729]}, "properties": {"station_id": "LDZA", "temp_c": 11.0, "icao_code": "LDZA", "municipality": "Velika Gorica", "iso_country": "HR", "iso_region": "HR-01"}}, {"type": "Feature", "geometry": {"type": "Point", "coordinates": [140.428, 37.227]}, "properties": {"station_id": "RJSF", "temp_c": 21.0, "icao_code": "RJSF", "municipality": "Sukagawa", "iso_country": "JP", "iso_region": "JP-07"}}, {"type": "Feature", "geometry": {"type": "Point", "coordinates": [124.245, 24.395]}, "properties": {"station_id": "ROIG", "temp_c": 27.0, "icao_code": "ROIG", "municipality": "Ishigaki", "iso_country": "JP", "iso_region": "JP-47"}}, {"type": "Feature", "geometry": {"type": "Point", "coordinates": [125.295, 24.782]}, "properties": {"station_id": "ROMY", "temp_c": 26.0, "icao_code": "ROMY", "municipality": "Miyakojima", "iso_country": "JP", "iso_region": "JP-47"}}, {"type": "Feature", "geometry": {"type": "Point", "coordinates": [144.832, -37.666]}, "properties": {"station_id": "YMML", "temp_c": 24.0, "icao_code": "YMML", "municipality": "Melbourne", "iso_country": "AU", "iso_region": "AU-VIC"}}, {"type": "Feature", "geometry": {"type": "Point", "coordinates": [125.145, 24.827]}, "properties": {"station_id": "RORS", "temp_c": 26.0, "icao_code": "RORS", "municipality": "Miyakojima", "iso_country": "JP", "iso_region": "JP-47"}}, {"type": "Feature", "geometry": {"type": "Point", "coordinates": [-77.793, 49.759]}, "properties": {"station_id": "CYNM", "temp_c": 6.0, "icao_code": "CYNM", "municipality": "Matagami", "iso_country": "CA", "iso_region": "CA-QC"}}, {"type": "Feature", "geometry": {"type": "Point", "coordinates": [-110.287, 54.41]}, "properties": {"station_id": "CYOD", "temp_c": -2.0, "icao_code": "CYOD", "municipality": "Cold Lake", "iso_country": "CA", "iso_region": "CA-AB"}}, {"type": "Feature", "geometry": {"type": "Point", "coordinates": [-117.174, 58.628]}, "properties": {"station_id": "CYOJ", "temp_c": -2.0, "icao_code": "CYOJ", "municipality": "High Level", "iso_country": "CA", "iso_region": "CA-AB"}}, {"type": "Feature", "geometry": {"type": "Point", "coordinates": [-105.679, 53.217]}, "properties": {"station_id": "CYPA", "temp_c": -1.0, "icao_code": "CYPA", "municipality": "Prince Albert", "iso_country": "CA", "iso_region": "CA-SK"}}, {"type": "Feature", "geometry": {"type": "Point", "coordinates": [-117.453, 56.228]}, "properties": {"station_id": "CYPE", "temp_c": -3.0, "icao_code": "CYPE", "municipality": "Peace River", "iso_country": "CA", "iso_region": "CA-AB"}}, {"type": "Feature", "geometry": {"type": "Point", "coordinates": [-117.247, 34.09]}, "properties": {"station_id": "KSBD", "temp_c": 12.4, "icao_code": "KSBD", "municipality": "San Bernardino", "iso_country": "US", "iso_region": "US-CA"}}, {"type": "Feature", "geometry": {"type": "Point", "coordinates": [16.301, 43.539]}, "properties": {"station_id": "LDSP", "temp_c": 18.0, "icao_code": "LDSP", "municipality": "Split", "iso_country": "HR", "iso_region": "HR-17"}}, {"type": "Feature", "geometry": {"type": "Point", "coordinates": [-78.08, 58.47]}, "properties": {"station_id": "CYPH", "temp_c": 0.0, "icao_code": "CYPH", "municipality": "Inukjuak", "iso_country": "CA", "iso_region": "CA-QC"}}, {"type": "Feature", "geometry": {"type": "Point", "coordinates": [-78.36, 44.232]}, "properties": {"station_id": "CYPQ", "temp_c": 15.0, "icao_code": "CYPQ", "municipality": "Peterborough", "iso_country": "CA", "iso_region": "CA-ON"}}, {"type": "Feature", "geometry": {"type": "Point", "coordinates": [130.893, -12.424]}, "properties": {"station_id": "YPDN", "temp_c": 31.0, "icao_code": "YPDN", "municipality": "Darwin", "iso_country": "AU", "iso_region": "AU-NT"}}, {"type": "Feature", "geometry": {"type": "Point", "coordinates": [14.573, 45.218]}, "properties": {"station_id": "LDRI", "temp_c": 18.0, "icao_code": "LDRI", "municipality": "Rijeka(Omi\u0161alj)", "iso_country": "HR", "iso_region": "HR-08"}}, {"type": "Feature", "geometry": {"type": "Point", "coordinates": [-130.451, 54.291]}, "properties": {"station_id": "CYPR", "temp_c": 5.0, "icao_code": "CYPR", "municipality": "Prince Rupert", "iso_country": "CA", "iso_region": "CA-BC"}}, {"type": "Feature", "geometry": {"type": "Point", "coordinates": [-111.117, 58.766]}, "properties": {"station_id": "CYPY", "temp_c": -7.0, "icao_code": "CYPY", "municipality": "Fort Chipewyan", "iso_country": "CA", "iso_region": "CA-AB"}}, {"type": "Feature", "geometry": {"type": "Point", "coordinates": [-79.303, 44.971]}, "properties": {"station_id": "CYQA", "temp_c": 15.0, "icao_code": "CYQA", "municipality": "Gravenhurst", "iso_country": "CA", "iso_region": "CA-ON"}}, {"type": "Feature", "geometry": {"type": "Point", "coordinates": [-75.426, 6.169]}, "properties": {"station_id": "SKRG", "temp_c": 15.0, "icao_code": "SKRG", "municipality": "Medell\u00edn", "iso_country": "CO", "iso_region": "CO-ANT"}}, {"type": "Feature", "geometry": {"type": "Point", "coordinates": [-113.903, 52.179]}, "properties": {"station_id": "CYQF", "temp_c": -1.0, "icao_code": "CYQF", "municipality": "Springbrook", "iso_country": "CA", "iso_region": "CA-AB"}}, {"type": "Feature", "geometry": {"type": "Point", "coordinates": [-128.832, 60.116]}, "properties": {"station_id": "CYQH", "temp_c": 1.0, "icao_code": "CYQH", "municipality": "Watson Lake", "iso_country": "CA", "iso_region": "CA-YT"}}, {"type": "Feature", "geometry": {"type": "Point", "coordinates": [-94.361, 49.791]}, "properties": {"station_id": "CYQK", "temp_c": 3.0, "icao_code": "CYQK", "municipality": "Kenora", "iso_country": "CA", "iso_region": "CA-ON"}}, {"type": "Feature", "geometry": {"type": "Point", "coordinates": [-112.792, 49.627]}, "properties": {"station_id": "CYQL", "temp_c": 0.0, "icao_code": "CYQL", "municipality": "Lethbridge", "iso_country": "CA", "iso_region": "CA-AB"}}, {"type": "Feature", "geometry": {"type": "Point", "coordinates": [-104.67, 50.427]}, "properties": {"station_id": "CYQR", "temp_c": -3.0, "icao_code": "CYQR", "municipality": "Regina", "iso_country": "CA", "iso_region": "CA-SK"}}, {"type": "Feature", "geometry": {"type": "Point", "coordinates": [-89.33, 48.374]}, "properties": {"station_id": "CYQT", "temp_c": 5.0, "icao_code": "CYQT", "municipality": "Thunder Bay", "iso_country": "CA", "iso_region": "CA-ON"}}, {"type": "Feature", "geometry": {"type": "Point", "coordinates": [-118.882, 55.182]}, "properties": {"station_id": "CYQU", "temp_c": 1.0, "icao_code": "CYQU", "municipality": "Grande Prairie", "iso_country": "CA", "iso_region": "CA-AB"}}, {"type": "Feature", "geometry": {"type": "Point", "coordinates": [149.2, -35.309]}, "properties": {"station_id": "YSCB", "temp_c": 22.0, "icao_code": "YSCB", "municipality": "Canberra", "iso_country": "AU", "iso_region": "AU-ACT"}}, {"type": "Feature", "geometry": {"type": "Point", "coordinates": [-102.461, 51.26]}, "properties": {"station_id": "CYQV", "temp_c": 0.0, "icao_code": "CYQV", "municipality": "Yorkton", "iso_country": "CA", "iso_region": "CA-SK"}}, {"type": "Feature", "geometry": {"type": "Point", "coordinates": [-108.251, 52.769]}, "properties": {"station_id": "CYQW", "temp_c": -4.0, "icao_code": "CYQW", "municipality": "North Battleford", "iso_country": "CA", "iso_region": "CA-SK"}}, {"type": "Feature", "geometry": {"type": "Point", "coordinates": [-122.506, 53.027]}, "properties": {"station_id": "CYQZ", "temp_c": 10.0, "icao_code": "CYQZ", "municipality": "Quesnel", "iso_country": "CA", "iso_region": "CA-BC"}}, {"type": "Feature", "geometry": {"type": "Point", "coordinates": [-72.266, 48.523]}, "properties": {"station_id": "CYRJ", "temp_c": 3.0, "icao_code": "CYRJ", "municipality": "Roberval", "iso_country": "CA", "iso_region": "CA-QC"}}, {"type": "Feature", "geometry": {"type": "Point", "coordinates": [-118.176, 50.958]}, "properties": {"station_id": "CYRV", "temp_c": 5.0, "icao_code": "CYRV", "municipality": "Revelstoke", "iso_country": "CA", "iso_region": "CA-BC"}}, {"type": "Feature", "geometry": {"type": "Point", "coordinates": [-80.799, 46.622]}, "properties": {"station_id": "CYSB", "temp_c": 13.0, "icao_code": "CYSB", "municipality": "Sudbury", "iso_country": "CA", "iso_region": "CA-ON"}}, {"type": "Feature", "geometry": {"type": "Point", "coordinates": [-71.692, 45.44]}, "properties": {"station_id": "CYSC", "temp_c": 6.0, "icao_code": "CYSC", "municipality": "Sherbrooke", "iso_country": "CA", "iso_region": "CA-QC"}}, {"type": "Feature", "geometry": {"type": "Point", "coordinates": [13.922, 44.894]}, "properties": {"station_id": "LDPL", "temp_c": 18.0, "icao_code": "LDPL", "municipality": "Pula", "iso_country": "HR", "iso_region": "HR-18"}}, {"type": "Feature", "geometry": {"type": "Point", "coordinates": [-105.837, 59.252]}, "properties": {"station_id": "CYSF", "temp_c": -2.0, "icao_code": "CYSF", "municipality": "Stony Rapids", "iso_country": "CA", "iso_region": "CA-SK"}}, {"type": "Feature", "geometry": {"type": "Point", "coordinates": [-97.846, 55.803]}, "properties": {"station_id": "CYTH", "temp_c": -2.0, "icao_code": "CYTH", "municipality": "Thompson", "iso_country": "CA", "iso_region": "CA-MB"}}, {"type": "Feature", "geometry": {"type": "Point", "coordinates": [-75.735, 4.814]}, "properties": {"station_id": "SKPE", "temp_c": 21.0, "icao_code": "SKPE", "municipality": "Pereira", "iso_country": "CO", "iso_region": "CO-RIS"}}, {"type": "Feature", "geometry": {"type": "Point", "coordinates": [-81.378, 48.568]}, "properties": {"station_id": "CYTS", "temp_c": 13.0, "icao_code": "CYTS", "municipality": "Timmins", "iso_country": "CA", "iso_region": "CA-ON"}}, {"type": "Feature", "geometry": {"type": "Point", "coordinates": [-81.233, 68.772]}, "properties": {"station_id": "CYUX", "temp_c": -19.0, "icao_code": "CYUX", "municipality": "Sanirajak", "iso_country": "CA", "iso_region": "CA-NU"}}, {"type": "Feature", "geometry": {"type": "Point", "coordinates": [18.81, 45.463]}, "properties": {"station_id": "LDOS", "temp_c": 11.0, "icao_code": "LDOS", "municipality": "Osijek(Klisa)", "iso_country": "HR", "iso_region": "HR-14"}}, {"type": "Feature", "geometry": {"type": "Point", "coordinates": [-64.026, 67.552]}, "properties": {"station_id": "CYVM", "temp_c": -23.0, "icao_code": "CYVM", "municipality": "Qikiqtarjuaq", "iso_country": "CA", "iso_region": "CA-NU"}}, {"type": "Feature", "geometry": {"type": "Point", "coordinates": [-77.779, 48.056]}, "properties": {"station_id": "CYVO", "temp_c": 9.0, "icao_code": "CYVO", "municipality": "Val-d'Or", "iso_country": "CA", "iso_region": "CA-QC"}}, {"type": "Feature", "geometry": {"type": "Point", "coordinates": [-126.796, 65.278]}, "properties": {"station_id": "CYVQ", "temp_c": 0.0, "icao_code": "CYVQ", "municipality": "Norman Wells", "iso_country": "CA", "iso_region": "CA-NT"}}, {"type": "Feature", "geometry": {"type": "Point", "coordinates": [-81.107, 44.745]}, "properties": {"station_id": "CYVV", "temp_c": 17.0, "icao_code": "CYVV", "municipality": "Wiarton", "iso_country": "CA", "iso_region": "CA-ON"}}, {"type": "Feature", "geometry": {"type": "Point", "coordinates": [-115.784, 49.614]}, "properties": {"station_id": "CYXC", "temp_c": 6.0, "icao_code": "CYXC", "municipality": "Cranbrook", "iso_country": "CA", "iso_region": "CA-BC"}}, {"type": "Feature", "geometry": {"type": "Point", "coordinates": [-91.905, 50.114]}, "properties": {"station_id": "CYXL", "temp_c": 0.0, "icao_code": "CYXL", "municipality": "Sioux Lookout", "iso_country": "CA", "iso_region": "CA-ON"}}, {"type": "Feature", "geometry": {"type": "Point", "coordinates": [-127.185, 54.823]}, "properties": {"station_id": "CYYD", "temp_c": 10.0, "icao_code": "CYYD", "municipality": "Smithers", "iso_country": "CA", "iso_region": "CA-BC"}}, {"type": "Feature", "geometry": {"type": "Point", "coordinates": [-122.59, 58.839]}, "properties": {"station_id": "CYYE", "temp_c": 6.0, "icao_code": "CYYE", "municipality": "Fort Nelson", "iso_country": "CA", "iso_region": "CA-BC"}}, {"type": "Feature", "geometry": {"type": "Point", "coordinates": [-73.676, 53.757]}, "properties": {"station_id": "CYAH", "temp_c": 1.0, "icao_code": "CYAH", "municipality": "La Grande-4", "iso_country": "CA", "iso_region": "CA-QC"}}, {"type": "Feature", "geometry": {"type": "Point", "coordinates": [-76.382, 3.543]}, "properties": {"station_id": "SKCL", "temp_c": 22.0, "icao_code": "SKCL", "municipality": "Cali", "iso_country": "CO", "iso_region": "CO-VAC"}}, {"type": "Feature", "geometry": {"type": "Point", "coordinates": [-84.504, 46.484]}, "properties": {"station_id": "CYAM", "temp_c": 10.0, "icao_code": "CYAM", "municipality": "Sault Ste Marie", "iso_country": "CA", "iso_region": "CA-ON"}}, {"type": "Feature", "geometry": {"type": "Point", "coordinates": [-56.081, 51.39]}, "properties": {"station_id": "CYAY", "temp_c": -6.0, "icao_code": "CYAY", "municipality": "St. Anthony", "iso_country": "CA", "iso_region": "CA-NL"}}, {"type": "Feature", "geometry": {"type": "Point", "coordinates": [20.642, 52.452]}, "properties": {"station_id": "EPMO", "temp_c": 5.0, "icao_code": "EPMO", "municipality": "Nowy Dw\u00f3r Mazowiecki", "iso_country": "PL", "iso_region": "PL-MZ"}}, {"type": "Feature", "geometry": {"type": "Point", "coordinates": [-68.202, 49.135]}, "properties": {"station_id": "CYBC", "temp_c": 4.0, "icao_code": "CYBC", "municipality": "Baie-Comeau", "iso_country": "CA", "iso_region": "CA-QC"}}, {"type": "Feature", "geometry": {"type": "Point", "coordinates": [-96.078, 64.306]}, "properties": {"station_id": "CYBK", "temp_c": -15.0, "icao_code": "CYBK", "municipality": "Baker Lake", "iso_country": "CA", "iso_region": "CA-NU"}}, {"type": "Feature", "geometry": {"type": "Point", "coordinates": [-99.945, 49.91]}, "properties": {"station_id": "CYBR", "temp_c": -3.0, "icao_code": "CYBR", "municipality": "Brandon", "iso_country": "CA", "iso_region": "CA-MB"}}, {"type": "Feature", "geometry": {"type": "Point", "coordinates": [-86.2378, 44.2714]}, "properties": {"station_id": "KMBL", "temp_c": 14.0, "icao_code": "KMBL", "municipality": "Manistee", "iso_country": "US", "iso_region": "US-MI"}}, {"type": "Feature", "geometry": {"type": "Point", "coordinates": [-57.188, 51.442]}, "properties": {"station_id": "CYBX", "temp_c": -3.0, "icao_code": "CYBX", "municipality": "Blanc-Sablon", "iso_country": "CA", "iso_region": "CA-QC"}}, {"type": "Feature", "geometry": {"type": "Point", "coordinates": [-105.116, 69.106]}, "properties": {"station_id": "CYCB", "temp_c": -12.0, "icao_code": "CYCB", "municipality": "Cambridge Bay", "iso_country": "CA", "iso_region": "CA-NU"}}, {"type": "Feature", "geometry": {"type": "Point", "coordinates": [-68.515, 70.484]}, "properties": {"station_id": "CYCY", "temp_c": -19.0, "icao_code": "CYCY", "municipality": "Clyde River", "iso_country": "CA", "iso_region": "CA-NU"}}, {"type": "Feature", "geometry": {"type": "Point", "coordinates": [-139.032, 61.37]}, "properties": {"station_id": "CYDB", "temp_c": 4.0, "icao_code": "CYDB", "municipality": "Burwash Landing", "iso_country": "CA", "iso_region": "CA-YT"}}, {"type": "Feature", "geometry": {"type": "Point", "coordinates": [-100.057, 51.1]}, "properties": {"station_id": "CYDN", "temp_c": 1.0, "icao_code": "CYDN", "municipality": "Dauphin", "iso_country": "CA", "iso_region": "CA-MB"}}, {"type": "Feature", "geometry": {"type": "Point", "coordinates": [-94.072, 61.098]}, "properties": {"station_id": "CYEK", "temp_c": -8.0, "icao_code": "CYEK", "municipality": "Arviat", "iso_country": "CA", "iso_region": "CA-NU"}}, {"type": "Feature", "geometry": {"type": "Point", "coordinates": [-102.963, 49.207]}, "properties": {"station_id": "CYEN", "temp_c": -6.0, "icao_code": "CYEN", "municipality": "Estevan", "iso_country": "CA", "iso_region": "CA-SK"}}, {"type": "Feature", "geometry": {"type": "Point", "coordinates": [-116.455, 53.58]}, "properties": {"station_id": "CYET", "temp_c": 2.0, "icao_code": "CYET", "municipality": "Edson", "iso_country": "CA", "iso_region": "CA-AB"}}, {"type": "Feature", "geometry": {"type": "Point", "coordinates": [-133.5, 68.309]}, "properties": {"station_id": "CYEV", "temp_c": -3.0, "icao_code": "CYEV", "municipality": "Inuvik", "iso_country": "CA", "iso_region": "CA-NT"}}, {"type": "Feature", "geometry": {"type": "Point", "coordinates": [-121.23, 61.76]}, "properties": {"station_id": "CYFS", "temp_c": 3.0, "icao_code": "CYFS", "municipality": "Fort Simpson", "iso_country": "CA", "iso_region": "CA-NT"}}, {"type": "Feature", "geometry": {"type": "Point", "coordinates": [-64.478, 48.777]}, "properties": {"station_id": "CYGP", "temp_c": -1.0, "icao_code": "CYGP", "municipality": "Gasp\u00e9", "iso_country": "CA", "iso_region": "CA-QC"}}, {"type": "Feature", "geometry": {"type": "Point", "coordinates": [-75.516, 10.447]}, "properties": {"station_id": "SKCG", "temp_c": 28.0, "icao_code": "SKCG", "municipality": "Cartagena", "iso_country": "CO", "iso_region": "CO-BOL"}}, {"type": "Feature", "geometry": {"type": "Point", "coordinates": [-94.704, 56.359]}, "properties": {"station_id": "CYGX", "temp_c": -3.0, "icao_code": "CYGX", "municipality": "Gillam", "iso_country": "CA", "iso_region": "CA-MB"}}, {"type": "Feature", "geometry": {"type": "Point", "coordinates": [18.269, 42.56]}, "properties": {"station_id": "LDDU", "temp_c": 18.0, "icao_code": "LDDU", "municipality": "Dubrovnik", "iso_country": "HR", "iso_region": "HR-19"}}, {"type": "Feature", "geometry": {"type": "Point", "coordinates": [-92.74, 49.83]}, "properties": {"station_id": "CYHD", "temp_c": 1.0, "icao_code": "CYHD", "municipality": "Dryden", "iso_country": "CA", "iso_region": "CA-ON"}}, {"type": "Feature", "geometry": {"type": "Point", "coordinates": [-121.493, 49.37]}, "properties": {"station_id": "CYHE", "temp_c": 13.0, "icao_code": "CYHE", "municipality": "Hope", "iso_country": "CA", "iso_region": "CA-BC"}}, {"type": "Feature", "geometry": {"type": "Point", "coordinates": [-72.509, 7.93]}, "properties": {"station_id": "SKCC", "temp_c": 24.0, "icao_code": "SKCC", "municipality": "C\u00facuta", "iso_country": "CO", "iso_region": "CO-NSA"}}, {"type": "Feature", "geometry": {"type": "Point", "coordinates": [-73.415, 45.516]}, "properties": {"station_id": "CYHU", "temp_c": 12.0, "icao_code": "CYHU", "municipality": "Montr\u00e9al", "iso_country": "CA", "iso_region": "CA-QC"}}, {"type": "Feature", "geometry": {"type": "Point", "coordinates": [-115.781, 60.839]}, "properties": {"station_id": "CYHY", "temp_c": -7.0, "icao_code": "CYHY", "municipality": "Hay River", "iso_country": "CA", "iso_region": "CA-NT"}}, {"type": "Feature", "geometry": {"type": "Point", "coordinates": [-74.151, 4.706]}, "properties": {"station_id": "SKBO", "temp_c": 13.0, "icao_code": "SKBO", "municipality": "Bogota", "iso_country": "CO", "iso_region": "CO-DC"}}, {"type": "Feature", "geometry": {"type": "Point", "coordinates": [-77.957, 72.694]}, "properties": {"station_id": "CYIO", "temp_c": -16.0, "icao_code": "CYIO", "municipality": "Pond Inlet", "iso_country": "CA", "iso_region": "CA-NU"}}, {"type": "Feature", "geometry": {"type": "Point", "coordinates": [-120.444, 50.704]}, "properties": {"station_id": "CYKA", "temp_c": 12.0, "icao_code": "CYKA", "municipality": "Kamloops", "iso_country": "CA", "iso_region": "CA-BC"}}, {"type": "Feature", "geometry": {"type": "Point", "coordinates": [-74.78, 10.883]}, "properties": {"station_id": "SKBQ", "temp_c": 27.0, "icao_code": "SKBQ", "municipality": "Barranquilla", "iso_country": "CO", "iso_region": "CO-ATL"}}, {"type": "Feature", "geometry": {"type": "Point", "coordinates": [-105.618, 57.256]}, "properties": {"station_id": "CYKJ", "temp_c": -9.0, "icao_code": "CYKJ", "municipality": "Key Lake", "iso_country": "CA", "iso_region": "CA-SK"}}, {"type": "Feature", "geometry": {"type": "Point", "coordinates": [-110.074, 53.312]}, "properties": {"station_id": "CYLL", "temp_c": -2.0, "icao_code": "CYLL", "municipality": "Lloydminster", "iso_country": "CA", "iso_region": "CA-AB"}}, {"type": "Feature", "geometry": {"type": "Point", "coordinates": [-62.317, 82.512]}, "properties": {"station_id": "CYLT", "temp_c": -24.0, "icao_code": "CYLT", "municipality": "Alert", "iso_country": "CA", "iso_region": "CA-NU"}}, {"type": "Feature", "geometry": {"type": "Point", "coordinates": [-49.221, -16.632]}, "properties": {"station_id": "SBGO", "temp_c": 21.0, "icao_code": "SBGO", "municipality": "Goi\u00e2nia", "iso_country": "BR", "iso_region": "BR-GO"}}, {"type": "Feature", "geometry": {"type": "Point", "coordinates": [-119.375, 49.953]}, "properties": {"station_id": "CYLW", "temp_c": 9.0, "icao_code": "CYLW", "municipality": "Kelowna", "iso_country": "CA", "iso_region": "CA-BC"}}, {"type": "Feature", "geometry": {"type": "Point", "coordinates": [-135.88, 63.616]}, "properties": {"station_id": "CYMA", "temp_c": 5.0, "icao_code": "CYMA", "municipality": "Mayo", "iso_country": "CA", "iso_region": "CA-YT"}}, {"type": "Feature", "geometry": {"type": "Point", "coordinates": [-0.316, 45.665]}, "properties": {"station_id": "LFBG", "temp_c": 13.0, "icao_code": "LFBG", "municipality": "Cognac/Ch\u00e2teaubernard", "iso_country": "FR", "iso_region": "FR-NAQ"}}, {"type": "Feature", "geometry": {"type": "Point", "coordinates": [-111.221, 56.65]}, "properties": {"station_id": "CYMM", "temp_c": -1.0, "icao_code": "CYMM", "municipality": "Fort McMurray", "iso_country": "CA", "iso_region": "CA-AB"}}, {"type": "Feature", "geometry": {"type": "Point", "coordinates": [46.318, 40.738]}, "properties": {"station_id": "UBBG", "temp_c": 13.0, "icao_code": "UBBG", "municipality": "Ganja", "iso_country": "AZ", "iso_region": "AZ-GA"}}, {"type": "Feature", "geometry": {"type": "Point", "coordinates": [-80.607, 51.292]}, "properties": {"station_id": "CYMO", "temp_c": 5.0, "icao_code": "CYMO", "municipality": "Moosonee", "iso_country": "CA", "iso_region": "CA-ON"}}, {"type": "Feature", "geometry": {"type": "Point", "coordinates": [-74.527, 49.779]}, "properties": {"station_id": "CYMT", "temp_c": 7.0, "icao_code": "CYMT", "municipality": "Chibougamau", "iso_country": "CA", "iso_region": "CA-QC"}}, {"type": "Feature", "geometry": {"type": "Point", "coordinates": [-61.789, 50.19]}, "properties": {"station_id": "CYNA", "temp_c": -4.0, "icao_code": "CYNA", "municipality": "Natashquan", "iso_country": "CA", "iso_region": "CA-QC"}}, {"type": "Feature", "geometry": {"type": "Point", "coordinates": [42.657, 18.24]}, "properties": {"station_id": "OEAB", "temp_c": 20.0, "icao_code": "OEAB", "municipality": "Abha", "iso_country": "SA", "iso_region": "SA-14"}}, {"type": "Feature", "geometry": {"type": "Point", "coordinates": [39.166, 21.685]}, "properties": {"station_id": "OEJN", "temp_c": 30.0, "icao_code": "OEJN", "municipality": "Jeddah", "iso_country": "SA", "iso_region": "SA-02"}}, {"type": "Feature", "geometry": {"type": "Point", "coordinates": [82.037, 19.075]}, "properties": {"station_id": "VEJR", "temp_c": 31.0, "icao_code": "VEJR", "municipality": "Jagdalpur", "iso_country": "IN", "iso_region": "IN-CT"}}, {"type": "Feature", "geometry": {"type": "Point", "coordinates": [71.0374, 22.3772]}, "properties": {"station_id": "VAHS", "temp_c": 37.0, "icao_code": "VAHS", "municipality": "Rajkot", "iso_country": "IN", "iso_region": "IN-GJ"}}, {"type": "Feature", "geometry": {"type": "Point", "coordinates": [25.918, -24.555]}, "properties": {"station_id": "FBSK", "temp_c": 14.0, "icao_code": "FBSK", "municipality": "Gaborone", "iso_country": "BW", "iso_region": "BW-GA"}}, {"type": "Feature", "geometry": {"type": "Point", "coordinates": [-23.484, 14.947]}, "properties": {"station_id": "GVNP", "temp_c": 20.0, "icao_code": "GVNP", "municipality": "Praia", "iso_country": "CV", "iso_region": "CV-S"}}, {"type": "Feature", "geometry": {"type": "Point", "coordinates": [17.9949, 53.0962]}, "properties": {"station_id": "EPBY", "temp_c": 4.0, "icao_code": "EPBY", "municipality": "Bydgoszcz", "iso_country": "PL", "iso_region": "PL-KP"}}, {"type": "Feature", "geometry": {"type": "Point", "coordinates": [50.152, 26.265]}, "properties": {"station_id": "OEDR", "temp_c": 32.0, "icao_code": "OEDR", "municipality": "Dhahran", "iso_country": "SA", "iso_region": "SA-04"}}, {"type": "Feature", "geometry": {"type": "Point", "coordinates": [19.085, 50.478]}, "properties": {"station_id": "EPKT", "temp_c": 4.0, "icao_code": "EPKT", "municipality": "Katowice", "iso_country": "PL", "iso_region": "PL-SL"}}, {"type": "Feature", "geometry": {"type": "Point", "coordinates": [22.714, 51.239]}, "properties": {"station_id": "EPLB", "temp_c": 3.0, "icao_code": "EPLB", "municipality": "Lublin", "iso_country": "PL", "iso_region": "PL-LU"}}, {"type": "Feature", "geometry": {"type": "Point", "coordinates": [49.817, 26.45]}, "properties": {"station_id": "OEDF", "temp_c": 30.0, "icao_code": "OEDF", "municipality": "Ad Dammam", "iso_country": "SA", "iso_region": "SA-04"}}, {"type": "Feature", "geometry": {"type": "Point", "coordinates": [21.211, 51.39]}, "properties": {"station_id": "EPRA", "temp_c": 4.0, "icao_code": "EPRA", "municipality": "Radom", "iso_country": "PL", "iso_region": "PL-MZ"}}, {"type": "Feature", "geometry": {"type": "Point", "coordinates": [-79.936, 43.173]}, "properties": {"station_id": "CYHM", "temp_c": 14.0, "icao_code": "CYHM", "municipality": "Hamilton", "iso_country": "CA", "iso_region": "CA-ON"}}, {"type": "Feature", "geometry": {"type": "Point", "coordinates": [14.902, 53.585]}, "properties": {"station_id": "EPSC", "temp_c": 6.0, "icao_code": "EPSC", "municipality": "Szczecin(Glewice)", "iso_country": "PL", "iso_region": "PL-ZP"}}, {"type": "Feature", "geometry": {"type": "Point", "coordinates": [-80.386, 43.462]}, "properties": {"station_id": "CYKF", "temp_c": 14.0, "icao_code": "CYKF", "municipality": "Breslau", "iso_country": "CA", "iso_region": "CA-ON"}}, {"type": "Feature", "geometry": {"type": "Point", "coordinates": [20.938, 53.482]}, "properties": {"station_id": "EPSY", "temp_c": 4.0, "icao_code": "EPSY", "municipality": "Szymany", "iso_country": "PL", "iso_region": "PL-WN"}}, {"type": "Feature", "geometry": {"type": "Point", "coordinates": [166.213, -22.015]}, "properties": {"station_id": "NWWW", "temp_c": 26.0, "icao_code": "NWWW", "municipality": "Noum\u00e9a (La Tontouta)", "iso_country": "NC", "iso_region": "NC-03"}}, {"type": "Feature", "geometry": {"type": "Point", "coordinates": [16.8998, 51.1032]}, "properties": {"station_id": "EPWR", "temp_c": 6.0, "icao_code": "EPWR", "municipality": "Wroc\u0142aw", "iso_country": "PL", "iso_region": "PL-DS"}}, {"type": "Feature", "geometry": {"type": "Point", "coordinates": [-140.946, -18.075]}, "properties": {"station_id": "NTTO", "temp_c": 28.0, "icao_code": "NTTO", "municipality": "Otepa", "iso_country": "PF", "iso_region": "PF-U-A"}}, {"type": "Feature", "geometry": {"type": "Point", "coordinates": [25.713, 43.151]}, "properties": {"station_id": "LBGO", "temp_c": 10.0, "icao_code": "LBGO", "municipality": "Gorna Oryahovitsa", "iso_country": "BG", "iso_region": "BG-04"}}, {"type": "Feature", "geometry": {"type": "Point", "coordinates": [15.779, 52.137]}, "properties": {"station_id": "EPZG", "temp_c": 5.0, "icao_code": "EPZG", "municipality": "Nowe Kramsko", "iso_country": "PL", "iso_region": "PL-LB"}}, {"type": "Feature", "geometry": {"type": "Point", "coordinates": [20.25, 49.068]}, "properties": {"station_id": "LZTT", "temp_c": 4.0, "icao_code": "LZTT", "municipality": "Poprad", "iso_country": "SK", "iso_region": "SK-PV"}}, {"type": "Feature", "geometry": {"type": "Point", "coordinates": [-48.357, -10.291]}, "properties": {"station_id": "SBPJ", "temp_c": 23.0, "icao_code": "SBPJ", "municipality": "Palmas", "iso_country": "BR", "iso_region": "BR-TO"}}, {"type": "Feature", "geometry": {"type": "Point", "coordinates": [18.466, 54.379]}, "properties": {"station_id": "EPGD", "temp_c": 3.0, "icao_code": "EPGD", "municipality": "Gda\u0144sk", "iso_country": "PL", "iso_region": "PL-PM"}}, {"type": "Feature", "geometry": {"type": "Point", "coordinates": [19.797, 50.078]}, "properties": {"station_id": "EPKK", "temp_c": 5.0, "icao_code": "EPKK", "municipality": "Balice", "iso_country": "PL", "iso_region": "PL-MA"}}, {"type": "Feature", "geometry": {"type": "Point", "coordinates": [19.401, 51.724]}, "properties": {"station_id": "EPLL", "temp_c": 5.0, "icao_code": "EPLL", "municipality": "\u0141\u00f3d\u017a", "iso_country": "PL", "iso_region": "PL-LD"}}, {"type": "Feature", "geometry": {"type": "Point", "coordinates": [24.86, 42.064]}, "properties": {"station_id": "LBPD", "temp_c": 9.0, "icao_code": "LBPD", "municipality": "Plovdiv", "iso_country": "BG", "iso_region": "BG-16"}}, {"type": "Feature", "geometry": {"type": "Point", "coordinates": [27.825, 43.232]}, "properties": {"station_id": "LBWN", "temp_c": 11.0, "icao_code": "LBWN", "municipality": "Varna", "iso_country": "BG", "iso_region": "BG-03"}}, {"type": "Feature", "geometry": {"type": "Point", "coordinates": [16.835, 52.417]}, "properties": {"station_id": "EPPO", "temp_c": 6.0, "icao_code": "EPPO", "municipality": "Pozna\u0144", "iso_country": "PL", "iso_region": "PL-WP"}}, {"type": "Feature", "geometry": {"type": "Point", "coordinates": [22.025, 50.112]}, "properties": {"station_id": "EPRZ", "temp_c": 5.0, "icao_code": "EPRZ", "municipality": "Jasionka", "iso_country": "PL", "iso_region": "PL-PK"}}, {"type": "Feature", "geometry": {"type": "Point", "coordinates": [23.414, 42.694]}, "properties": {"station_id": "LBSF", "temp_c": 8.0, "icao_code": "LBSF", "municipality": "Sofia", "iso_country": "BG", "iso_region": "BG-22"}}, {"type": "Feature", "geometry": {"type": "Point", "coordinates": [20.961, 52.163]}, "properties": {"station_id": "EPWA", "temp_c": 4.0, "icao_code": "EPWA", "municipality": "Warsaw", "iso_country": "PL", "iso_region": "PL-MZ"}}, {"type": "Feature", "geometry": {"type": "Point", "coordinates": [-70.015, 12.501]}, "properties": {"station_id": "TNCA", "temp_c": 28.0, "icao_code": "TNCA", "municipality": "Oranjestad", "iso_country": "AW", "iso_region": "AW-U-A"}}, {"type": "Feature", "geometry": {"type": "Point", "coordinates": [77.043, 11.03]}, "properties": {"station_id": "VOCB", "temp_c": 34.0, "icao_code": "VOCB", "municipality": "Coimbatore", "iso_country": "IN", "iso_region": "IN-TN"}}, {"type": "Feature", "geometry": {"type": "Point", "coordinates": [4.025, 46.412]}, "properties": {"station_id": "LFLN", "temp_c": 9.0, "icao_code": "LFLN", "municipality": "L'H\u00f4pital-le-Mercier, Sa\u00f4ne-et-Loire", "iso_country": "FR", "iso_region": "FR-BFC"}}, {"type": "Feature", "geometry": {"type": "Point", "coordinates": [38.063, 24.144]}, "properties": {"station_id": "OEYN", "temp_c": 28.0, "icao_code": "OEYN", "municipality": "Yanbu", "iso_country": "SA", "iso_region": "SA-03"}}, {"type": "Feature", "geometry": {"type": "Point", "coordinates": [-7.95, 12.534]}, "properties": {"station_id": "GABS", "temp_c": 27.0, "icao_code": "GABS", "municipality": "Bamako", "iso_country": "ML", "iso_region": "ML-2"}}, {"type": "Feature", "geometry": {"type": "Point", "coordinates": [-9.577, 15.237]}, "properties": {"station_id": "GANR", "temp_c": 28.0, "icao_code": "GANR", "municipality": "Nioro du Sahel", "iso_country": "ML", "iso_region": "ML-1"}}, {"type": "Feature", "geometry": {"type": "Point", "coordinates": [-17.49, 14.741]}, "properties": {"station_id": "GOOY", "temp_c": 20.0, "icao_code": "GOOY", "municipality": "Dakar", "iso_country": "SN", "iso_region": "SN-DK"}}, {"type": "Feature", "geometry": {"type": "Point", "coordinates": [-16.052, 14.147]}, "properties": {"station_id": "GOOK", "temp_c": 20.0, "icao_code": "GOOK", "municipality": "Kaolack", "iso_country": "SN", "iso_region": "SN-FK"}}, {"type": "Feature", "geometry": {"type": "Point", "coordinates": [-12.22, 12.572]}, "properties": {"station_id": "GOTK", "temp_c": 27.0, "icao_code": "GOTK", "municipality": "K\u00e9dougou", "iso_country": "SN", "iso_region": "SN-TC"}}, {"type": "Feature", "geometry": {"type": "Point", "coordinates": [-13.657, 13.733]}, "properties": {"station_id": "GOTT", "temp_c": 27.0, "icao_code": "GOTT", "municipality": "Tambacounda", "iso_country": "SN", "iso_region": "SN-TC"}}, {"type": "Feature", "geometry": {"type": "Point", "coordinates": [-16.282, 12.556]}, "properties": {"station_id": "GOGG", "temp_c": 20.0, "icao_code": "GOGG", "municipality": "Ziguinchor", "iso_country": "SN", "iso_region": "SN-ZG"}}, {"type": "Feature", "geometry": {"type": "Point", "coordinates": [5.09, 47.269]}, "properties": {"station_id": "LFSD", "temp_c": 11.0, "icao_code": "LFSD", "municipality": "Dijon", "iso_country": "FR", "iso_region": "FR-BFC"}}, {"type": "Feature", "geometry": {"type": "Point", "coordinates": [-3.926, 5.261]}, "properties": {"station_id": "DIAP", "temp_c": 27.0, "icao_code": "DIAP", "municipality": "Abidjan", "iso_country": "CI", "iso_region": "CI-AB"}}, {"type": "Feature", "geometry": {"type": "Point", "coordinates": [-16.653, 13.341]}, "properties": {"station_id": "GBYD", "temp_c": 20.0, "icao_code": "GBYD", "municipality": "Yundum", "iso_country": "GM", "iso_region": "GM-W"}}, {"type": "Feature", "geometry": {"type": "Point", "coordinates": [-22.949, 16.742]}, "properties": {"station_id": "GVAC", "temp_c": 21.0, "icao_code": "GVAC", "municipality": "Espargos", "iso_country": "CV", "iso_region": "CV-B"}}, {"type": "Feature", "geometry": {"type": "Point", "coordinates": [-25.055, 16.833]}, "properties": {"station_id": "GVSV", "temp_c": 21.0, "icao_code": "GVSV", "municipality": "S\u00e3o Pedro", "iso_country": "CV", "iso_region": "CV-B"}}, {"type": "Feature", "geometry": {"type": "Point", "coordinates": [36.476, 26.199]}, "properties": {"station_id": "OEWJ", "temp_c": 26.0, "icao_code": "OEWJ", "municipality": "Al Wajh", "iso_country": "SA", "iso_region": "SA-07"}}, {"type": "Feature", "geometry": {"type": "Point", "coordinates": [-15.97, 18.31]}, "properties": {"station_id": "GQNO", "temp_c": 17.0, "icao_code": "GQNO", "municipality": "Nouakchott", "iso_country": "MR", "iso_region": "MR-NKC"}}, {"type": "Feature", "geometry": {"type": "Point", "coordinates": [-13.612, 9.577]}, "properties": {"station_id": "GUCY", "temp_c": 24.0, "icao_code": "GUCY", "municipality": "Conakry", "iso_country": "GN", "iso_region": "GN-C"}}, {"type": "Feature", "geometry": {"type": "Point", "coordinates": [2.289, 43.556]}, "properties": {"station_id": "LFCK", "temp_c": 14.0, "icao_code": "LFCK", "municipality": "Castres", "iso_country": "FR", "iso_region": "FR-OCC"}}, {"type": "Feature", "geometry": {"type": "Point", "coordinates": [45.197, 20.504]}, "properties": {"station_id": "OEWD", "temp_c": 32.0, "icao_code": "OEWD", "municipality": "Wadi Al Dawasir", "iso_country": "SA", "iso_region": "SA-01"}}, {"type": "Feature", "geometry": {"type": "Point", "coordinates": [38.731, 31.693]}, "properties": {"station_id": "OETR", "temp_c": 16.0, "icao_code": "OETR", "municipality": "Turaif", "iso_country": "SA", "iso_region": "SA-08"}}, {"type": "Feature", "geometry": {"type": "Point", "coordinates": [40.544, 21.483]}, "properties": {"station_id": "OETF", "temp_c": 25.0, "icao_code": "OETF", "municipality": "Taif", "iso_country": "SA", "iso_region": "SA-02"}}, {"type": "Feature", "geometry": {"type": "Point", "coordinates": [6.106, 45.93]}, "properties": {"station_id": "LFLP", "temp_c": 12.0, "icao_code": "LFLP", "municipality": "Annecy", "iso_country": "FR", "iso_region": "FR-ARA"}}, {"type": "Feature", "geometry": {"type": "Point", "coordinates": [36.619, 28.366]}, "properties": {"station_id": "OETB", "temp_c": 19.0, "icao_code": "OETB", "municipality": "Tabuk", "iso_country": "SA", "iso_region": "SA-07"}}, {"type": "Feature", "geometry": {"type": "Point", "coordinates": [40.1, 29.785]}, "properties": {"station_id": "OESK", "temp_c": 19.0, "icao_code": "OESK", "municipality": "Al-Jawf", "iso_country": "SA", "iso_region": "SA-12"}}, {"type": "Feature", "geometry": {"type": "Point", "coordinates": [4.97, 44.922]}, "properties": {"station_id": "LFLU", "temp_c": 15.0, "icao_code": "LFLU", "municipality": "Chabeuil, Dr\u00f4me", "iso_country": "FR", "iso_region": "FR-ARA"}}, {"type": "Feature", "geometry": {"type": "Point", "coordinates": [47.121, 17.467]}, "properties": {"station_id": "OESH", "temp_c": 32.0, "icao_code": "OESH", "municipality": "Sharurah", "iso_country": "SA", "iso_region": "SA-10"}}, {"type": "Feature", "geometry": {"type": "Point", "coordinates": [3.399, 46.167]}, "properties": {"station_id": "LFLV", "temp_c": 10.0, "icao_code": "LFLV", "municipality": "Charmeil, Allier", "iso_country": "FR", "iso_region": "FR-ARA"}}, {"type": "Feature", "geometry": {"type": "Point", "coordinates": [41.138, 30.907]}, "properties": {"station_id": "OERR", "temp_c": 18.0, "icao_code": "OERR", "municipality": "Arar", "iso_country": "SA", "iso_region": "SA-08"}}, {"type": "Feature", "geometry": {"type": "Point", "coordinates": [2.421, 44.899]}, "properties": {"station_id": "LFLW", "temp_c": 9.0, "icao_code": "LFLW", "municipality": "Aurillac", "iso_country": "FR", "iso_region": "FR-ARA"}}, {"type": "Feature", "geometry": {"type": "Point", "coordinates": [46.702, 24.945]}, "properties": {"station_id": "OERK", "temp_c": 31.0, "icao_code": "OERK", "municipality": "Riyadh", "iso_country": "SA", "iso_region": "SA-01"}}, {"type": "Feature", "geometry": {"type": "Point", "coordinates": [1.741, 46.87]}, "properties": {"station_id": "LFLX", "temp_c": 9.0, "icao_code": "LFLX", "municipality": "Ch\u00e2teauroux", "iso_country": "FR", "iso_region": "FR-CVL"}}, {"type": "Feature", "geometry": {"type": "Point", "coordinates": [43.491, 29.626]}, "properties": {"station_id": "OERF", "temp_c": 22.0, "icao_code": "OERF", "municipality": "Rafha", "iso_country": "SA", "iso_region": "SA-08"}}, {"type": "Feature", "geometry": {"type": "Point", "coordinates": [46.125, 28.335]}, "properties": {"station_id": "OEPA", "temp_c": 26.0, "icao_code": "OEPA", "municipality": "Qaisumah", "iso_country": "SA", "iso_region": "SA-04"}}, {"type": "Feature", "geometry": {"type": "Point", "coordinates": [0.091, 49.533]}, "properties": {"station_id": "LFOH", "temp_c": 10.0, "icao_code": "LFOH", "municipality": "Le Havre", "iso_country": "FR", "iso_region": "FR-NOR"}}, {"type": "Feature", "geometry": {"type": "Point", "coordinates": [44.419, 17.611]}, "properties": {"station_id": "OENG", "temp_c": 32.0, "icao_code": "OENG", "municipality": "Najran", "iso_country": "SA", "iso_region": "SA-10"}}, {"type": "Feature", "geometry": {"type": "Point", "coordinates": [39.705, 24.553]}, "properties": {"station_id": "OEMA", "temp_c": 25.0, "icao_code": "OEMA", "municipality": "Medina", "iso_country": "SA", "iso_region": "SA-03"}}, {"type": "Feature", "geometry": {"type": "Point", "coordinates": [42.798, 18.301]}, "properties": {"station_id": "OEKM", "temp_c": 21.0, "icao_code": "OEKM", "municipality": "Khamis Mushait", "iso_country": "SA", "iso_region": "SA-14"}}, {"type": "Feature", "geometry": {"type": "Point", "coordinates": [-58.987, -62.191]}, "properties": {"station_id": "SCRM", "temp_c": 1.0, "icao_code": "SCRM", "municipality": "Villa Las Estrellas", "iso_country": "AQ", "iso_region": "AQ-U-A"}}, {"type": "Feature", "geometry": {"type": "Point", "coordinates": [1.182, 49.383]}, "properties": {"station_id": "LFOP", "temp_c": 8.0, "icao_code": "LFOP", "municipality": "Boos", "iso_country": "FR", "iso_region": "FR-NOR"}}, {"type": "Feature", "geometry": {"type": "Point", "coordinates": [177.443, -17.755]}, "properties": {"station_id": "NFFN", "temp_c": 28.0, "icao_code": "NFFN", "municipality": "Nadi", "iso_country": "FJ", "iso_region": "FJ-W"}}, {"type": "Feature", "geometry": {"type": "Point", "coordinates": [89.425, 27.403]}, "properties": {"station_id": "VQPR", "temp_c": 27.0, "icao_code": "VQPR", "municipality": "Paro", "iso_country": "BT", "iso_region": "BT-11"}}, {"type": "Feature", "geometry": {"type": "Point", "coordinates": [6.231, 48.692]}, "properties": {"station_id": "LFSN", "temp_c": 10.0, "icao_code": "LFSN", "municipality": "Tomblaine, Meurthe-et-Moselle", "iso_country": "FR", "iso_region": "FR-GES"}}, {"type": "Feature", "geometry": {"type": "Point", "coordinates": [167.969, -15.305]}, "properties": {"station_id": "NVSG", "temp_c": 30.0, "icao_code": "NVSG", "municipality": "Longana", "iso_country": "VU", "iso_region": "VU-PAM"}}, {"type": "Feature", "geometry": {"type": "Point", "coordinates": [28.175, 43.425]}, "properties": {"station_id": "LBWB", "temp_c": 10.3, "icao_code": "LBWB", "municipality": "Balchik", "iso_country": "BG", "iso_region": "BG-08"}}, {"type": "Feature", "geometry": {"type": "Point", "coordinates": [6.251, 48.982]}, "properties": {"station_id": "LFJL", "temp_c": 9.0, "icao_code": "LFJL", "municipality": "Goin", "iso_country": "FR", "iso_region": "FR-GES"}}, {"type": "Feature", "geometry": {"type": "Point", "coordinates": [21.24, 48.661]}, "properties": {"station_id": "LZKZ", "temp_c": 9.0, "icao_code": "LZKZ", "municipality": "Ko\u0161ice", "iso_country": "SK", "iso_region": "SK-KI"}}, {"type": "Feature", "geometry": {"type": "Point", "coordinates": [8.793, 42.531]}, "properties": {"station_id": "LFKC", "temp_c": 14.0, "icao_code": "LFKC", "municipality": "Calvi", "iso_country": "FR", "iso_region": "FR-COR"}}, {"type": "Feature", "geometry": {"type": "Point", "coordinates": [17.207, 48.17]}, "properties": {"station_id": "LZIB", "temp_c": 10.0, "icao_code": "LZIB", "municipality": "Bratislava", "iso_country": "SK", "iso_region": "SK-BL"}}, {"type": "Feature", "geometry": {"type": "Point", "coordinates": [9.098, 41.501]}, "properties": {"station_id": "LFKF", "temp_c": 16.0, "icao_code": "LFKF", "municipality": "Figari", "iso_country": "FR", "iso_region": "FR-COR"}}, {"type": "Feature", "geometry": {"type": "Point", "coordinates": [8.803, 41.924]}, "properties": {"station_id": "LFKJ", "temp_c": 13.0, "icao_code": "LFKJ", "municipality": "Ajaccio", "iso_country": "FR", "iso_region": "FR-COR"}}, {"type": "Feature", "geometry": {"type": "Point", "coordinates": [3.169, 45.787]}, "properties": {"station_id": "LFLC", "temp_c": 12.0, "icao_code": "LFLC", "municipality": "Clermont-Ferrand", "iso_country": "FR", "iso_region": "FR-ARA"}}, {"type": "Feature", "geometry": {"type": "Point", "coordinates": [-89.056, 13.438]}, "properties": {"station_id": "MSLP", "temp_c": 27.0, "icao_code": "MSLP", "municipality": "San Salvador (San Luis Talpa)", "iso_country": "SV", "iso_region": "SV-PA"}}, {"type": "Feature", "geometry": {"type": "Point", "coordinates": [-52.365, 4.822]}, "properties": {"station_id": "SOCA", "temp_c": 25.0, "icao_code": "SOCA", "municipality": "Matoury", "iso_country": "GF", "iso_region": "GF-CY"}}, {"type": "Feature", "geometry": {"type": "Point", "coordinates": [24.714, 42.289]}, "properties": {"station_id": "LBPG", "temp_c": 8.7, "icao_code": "LBPG", "municipality": "Graf Ignatievo", "iso_country": "BG", "iso_region": "BG-16"}}, {"type": "Feature", "geometry": {"type": "Point", "coordinates": [2.873, 42.737]}, "properties": {"station_id": "LFMP", "temp_c": 16.0, "icao_code": "LFMP", "municipality": "Perpignan/Rivesaltes", "iso_country": "FR", "iso_region": "FR-OCC"}}, {"type": "Feature", "geometry": {"type": "Point", "coordinates": [28.448, -15.329]}, "properties": {"station_id": "FLKK", "temp_c": 29.0, "icao_code": "FLKK", "municipality": "Lusaka", "iso_country": "ZM", "iso_region": "ZM-09"}}, {"type": "Feature", "geometry": {"type": "Point", "coordinates": [-64.208, -31.324]}, "properties": {"station_id": "SACO", "temp_c": 3.0, "icao_code": "SACO", "municipality": "Cordoba", "iso_country": "AR", "iso_region": "AR-X"}}, {"type": "Feature", "geometry": {"type": "Point", "coordinates": [1.486, 45.04]}, "properties": {"station_id": "LFSL", "temp_c": 11.0, "icao_code": "LFSL", "municipality": "Brive", "iso_country": "FR", "iso_region": "FR-NAQ"}}, {"type": "Feature", "geometry": {"type": "Point", "coordinates": [19.256, 47.437]}, "properties": {"station_id": "LHBP", "temp_c": 10.0, "icao_code": "LHBP", "municipality": "Budapest", "iso_country": "HU", "iso_region": "HU-BU"}}, {"type": "Feature", "geometry": {"type": "Point", "coordinates": [-17.067, 14.671]}, "properties": {"station_id": "GOBD", "temp_c": 18.0, "icao_code": "GOBD", "municipality": "Dakar", "iso_country": "SN", "iso_region": "SN-DK"}}, {"type": "Feature", "geometry": {"type": "Point", "coordinates": [-59.492, 13.075]}, "properties": {"station_id": "TBPB", "temp_c": 26.0, "icao_code": "TBPB", "municipality": "Bridgetown", "iso_country": "BB", "iso_region": "BB-01"}}, {"type": "Feature", "geometry": {"type": "Point", "coordinates": [-71.853, -43.189]}, "properties": {"station_id": "SCFT", "temp_c": 4.0, "icao_code": "SCFT", "municipality": "Futaleufu", "iso_country": "CL", "iso_region": "CL-LL"}}, {"type": "Feature", "geometry": {"type": "Point", "coordinates": [-73.718, -42.347]}, "properties": {"station_id": "SCPQ", "temp_c": 9.0, "icao_code": "SCPQ", "municipality": "Dalcahue", "iso_country": "CL", "iso_region": "CL-LL"}}, {"type": "Feature", "geometry": {"type": "Point", "coordinates": [-73.061, -40.605]}, "properties": {"station_id": "SCJO", "temp_c": 9.0, "icao_code": "SCJO", "municipality": "Osorno", "iso_country": "CL", "iso_region": "CL-LL"}}, {"type": "Feature", "geometry": {"type": "Point", "coordinates": [-70.441, -23.45]}, "properties": {"station_id": "SCFA", "temp_c": 17.0, "icao_code": "SCFA", "municipality": "Antofagasta", "iso_country": "CL", "iso_region": "CL-AN"}}, {"type": "Feature", "geometry": {"type": "Point", "coordinates": [-0.691, 44.831]}, "properties": {"station_id": "LFBD", "temp_c": 16.0, "icao_code": "LFBD", "municipality": "Bordeaux", "iso_country": "FR", "iso_region": "FR-NAQ"}}, {"type": "Feature", "geometry": {"type": "Point", "coordinates": [-1.193, 46.178]}, "properties": {"station_id": "LFBH", "temp_c": 11.0, "icao_code": "LFBH", "municipality": "La Rochelle", "iso_country": "FR", "iso_region": "FR-NAQ"}}, {"type": "Feature", "geometry": {"type": "Point", "coordinates": [-35.792, -9.511]}, "properties": {"station_id": "SBMO", "temp_c": 23.0, "icao_code": "SBMO", "municipality": "Macei\u00f3", "iso_country": "BR", "iso_region": "BR-AL"}}, {"type": "Feature", "geometry": {"type": "Point", "coordinates": [5.078, 45.726]}, "properties": {"station_id": "LFLL", "temp_c": 14.0, "icao_code": "LFLL", "municipality": "Colombier-Saugnieu, Rh\u00f4ne", "iso_country": "FR", "iso_region": "FR-ARA"}}, {"type": "Feature", "geometry": {"type": "Point", "coordinates": [2.534, 49.015]}, "properties": {"station_id": "LFPG", "temp_c": 9.0, "icao_code": "LFPG", "municipality": "Paris (Roissy-en-France, Val-d'Oise)", "iso_country": "FR", "iso_region": "FR-IDF"}}, {"type": "Feature", "geometry": {"type": "Point", "coordinates": [2.384, 48.717]}, "properties": {"station_id": "LFPO", "temp_c": 11.0, "icao_code": "LFPO", "municipality": "Paris (Orly, Val-de-Marne)", "iso_country": "FR", "iso_region": "FR-IDF"}}, {"type": "Feature", "geometry": {"type": "Point", "coordinates": [-72.699, -42.933]}, "properties": {"station_id": "SCTN", "temp_c": 10.0, "icao_code": "SCTN", "municipality": "Chait\u00e9n", "iso_country": "CL", "iso_region": "CL-LL"}}, {"type": "Feature", "geometry": {"type": "Point", "coordinates": [3.089, 50.562]}, "properties": {"station_id": "LFQQ", "temp_c": 10.0, "icao_code": "LFQQ", "municipality": "Lesquin", "iso_country": "FR", "iso_region": "FR-HDF"}}, {"type": "Feature", "geometry": {"type": "Point", "coordinates": [-1.609, 47.15]}, "properties": {"station_id": "LFRS", "temp_c": 10.0, "icao_code": "LFRS", "municipality": "Nantes", "iso_country": "FR", "iso_region": "FR-PDL"}}, {"type": "Feature", "geometry": {"type": "Point", "coordinates": [-61.532, 16.265]}, "properties": {"station_id": "TFFR", "temp_c": 23.0, "icao_code": "TFFR", "municipality": "Pointe-\u00e0-Pitre", "iso_country": "GP", "iso_region": "GP-U-A"}}, {"type": "Feature", "geometry": {"type": "Point", "coordinates": [1.222, 49.025]}, "properties": {"station_id": "LFOE", "temp_c": 8.0, "icao_code": "LFOE", "municipality": "Fauville, Eure", "iso_country": "FR", "iso_region": "FR-NOR"}}, {"type": "Feature", "geometry": {"type": "Point", "coordinates": [-88.589, 15.737]}, "properties": {"station_id": "MGPB", "temp_c": 25.0, "icao_code": "MGPB", "municipality": "Puerto Barrios", "iso_country": "GT", "iso_region": "GT-IZ"}}, {"type": "Feature", "geometry": {"type": "Point", "coordinates": [0.516, 44.826]}, "properties": {"station_id": "LFBE", "temp_c": 11.0, "icao_code": "LFBE", "municipality": "Bergerac", "iso_country": "FR", "iso_region": "FR-NAQ"}}, {"type": "Feature", "geometry": {"type": "Point", "coordinates": [4.293, 45.533]}, "properties": {"station_id": "LFMH", "temp_c": 10.0, "icao_code": "LFMH", "municipality": "Andr\u00e9zieux-Bouth\u00e9on, Loire", "iso_country": "FR", "iso_region": "FR-ARA"}}, {"type": "Feature", "geometry": {"type": "Point", "coordinates": [0.728, 47.444]}, "properties": {"station_id": "LFOT", "temp_c": 9.0, "icao_code": "LFOT", "municipality": "Tours, Indre-et-Loire", "iso_country": "FR", "iso_region": "FR-CVL"}}, {"type": "Feature", "geometry": {"type": "Point", "coordinates": [-70.181, -20.535]}, "properties": {"station_id": "SCDA", "temp_c": 20.0, "icao_code": "SCDA", "municipality": "Iquique", "iso_country": "CL", "iso_region": "CL-TA"}}, {"type": "Feature", "geometry": {"type": "Point", "coordinates": [7.64, 48.549]}, "properties": {"station_id": "LFST", "temp_c": 11.0, "icao_code": "LFST", "municipality": "Strasbourg", "iso_country": "FR", "iso_region": "FR-GES"}}, {"type": "Feature", "geometry": {"type": "Point", "coordinates": [6.146, 43.094]}, "properties": {"station_id": "LFTH", "temp_c": 13.0, "icao_code": "LFTH", "municipality": "Hy\u00e8res, Var", "iso_country": "FR", "iso_region": "FR-PAC"}}, {"type": "Feature", "geometry": {"type": "Point", "coordinates": [-73.094, -41.439]}, "properties": {"station_id": "SCTE", "temp_c": 9.0, "icao_code": "SCTE", "municipality": "Puerto Montt", "iso_country": "CL", "iso_region": "CL-LL"}}, {"type": "Feature", "geometry": {"type": "Point", "coordinates": [0.593, 44.176]}, "properties": {"station_id": "LFBA", "temp_c": 15.0, "icao_code": "LFBA", "municipality": "Agen", "iso_country": "FR", "iso_region": "FR-NAQ"}}, {"type": "Feature", "geometry": {"type": "Point", "coordinates": [-70.336, -18.351]}, "properties": {"station_id": "SCAR", "temp_c": 20.0, "icao_code": "SCAR", "municipality": "Arica", "iso_country": "CL", "iso_region": "CL-AP"}}, {"type": "Feature", "geometry": {"type": "Point", "coordinates": [0.815, 45.196]}, "properties": {"station_id": "LFBX", "temp_c": 10.0, "icao_code": "LFBX", "municipality": "P\u00e9rigueux/Bassillac", "iso_country": "FR", "iso_region": "FR-NAQ"}}, {"type": "Feature", "geometry": {"type": "Point", "coordinates": [4.935, 43.516]}, "properties": {"station_id": "LFMI", "temp_c": 15.0, "icao_code": "LFMI", "municipality": "Istres, Bouches-du-Rh\u00f4ne", "iso_country": "FR", "iso_region": "FR-PAC"}}, {"type": "Feature", "geometry": {"type": "Point", "coordinates": [-67.631, -54.932]}, "properties": {"station_id": "SCGZ", "temp_c": 3.0, "icao_code": "SCGZ", "municipality": "Puerto Williams", "iso_country": "CL", "iso_region": "CL-MA"}}, {"type": "Feature", "geometry": {"type": "Point", "coordinates": [-2.163, 47.312]}, "properties": {"station_id": "LFRZ", "temp_c": 9.0, "icao_code": "LFRZ", "municipality": "Saint-Nazaire/Montoir", "iso_country": "FR", "iso_region": "FR-PDL"}}, {"type": "Feature", "geometry": {"type": "Point", "coordinates": [-70.774, -27.262]}, "properties": {"station_id": "SCAT", "temp_c": 13.0, "icao_code": "SCAT", "municipality": "Copiapo", "iso_country": "CL", "iso_region": "CL-AT"}}, {"type": "Feature", "geometry": {"type": "Point", "coordinates": [-73.086, -39.65]}, "properties": {"station_id": "SCVD", "temp_c": 9.0, "icao_code": "SCVD", "municipality": "Valdivia", "iso_country": "CL", "iso_region": "CL-LR"}}, {"type": "Feature", "geometry": {"type": "Point", "coordinates": [46.828, 14.546]}, "properties": {"station_id": "OYAT", "temp_c": 28.0, "icao_code": "OYAT", "municipality": "Ataq", "iso_country": "YE", "iso_region": "YE-SH"}}, {"type": "Feature", "geometry": {"type": "Point", "coordinates": [-68.905, -22.496]}, "properties": {"station_id": "SCCF", "temp_c": 4.0, "icao_code": "SCCF", "municipality": "Calama", "iso_country": "CL", "iso_region": "CL-AN"}}, {"type": "Feature", "geometry": {"type": "Point", "coordinates": [-109.427, -27.161]}, "properties": {"station_id": "SCIP", "temp_c": 23.0, "icao_code": "SCIP", "municipality": "Isla De Pascua", "iso_country": "CL", "iso_region": "CL-VS"}}, {"type": "Feature", "geometry": {"type": "Point", "coordinates": [-71.217, -34.966]}, "properties": {"station_id": "SCIC", "temp_c": 9.0, "icao_code": "SCIC", "municipality": "Curico", "iso_country": "CL", "iso_region": "CL-ML"}}, {"type": "Feature", "geometry": {"type": "Point", "coordinates": [-73.063, -36.773]}, "properties": {"station_id": "SCIE", "temp_c": 11.0, "icao_code": "SCIE", "municipality": "Concepcion", "iso_country": "CL", "iso_region": "CL-BI"}}, {"type": "Feature", "geometry": {"type": "Point", "coordinates": [-72.648, -38.925]}, "properties": {"station_id": "SCQP", "temp_c": 10.0, "icao_code": "SCQP", "municipality": "Temuco", "iso_country": "CL", "iso_region": "CL-AR"}}, {"type": "Feature", "geometry": {"type": "Point", "coordinates": [2.31, 43.214]}, "properties": {"station_id": "LFMK", "temp_c": 15.0, "icao_code": "LFMK", "municipality": "Carcassonne", "iso_country": "FR", "iso_region": "FR-OCC"}}, {"type": "Feature", "geometry": {"type": "Point", "coordinates": [-71.201, -29.918]}, "properties": {"station_id": "SCSE", "temp_c": 10.0, "icao_code": "SCSE", "municipality": "La Serena-Coquimbo", "iso_country": "CL", "iso_region": "CL-CO"}}, {"type": "Feature", "geometry": {"type": "Point", "coordinates": [3.353, 43.322]}, "properties": {"station_id": "LFMU", "temp_c": 15.0, "icao_code": "LFMU", "municipality": "B\u00e9ziers", "iso_country": "FR", "iso_region": "FR-OCC"}}, {"type": "Feature", "geometry": {"type": "Point", "coordinates": [2.113, 49.454]}, "properties": {"station_id": "LFOB", "temp_c": 10.0, "icao_code": "LFOB", "municipality": "Beauvais", "iso_country": "FR", "iso_region": "FR-HDF"}}, {"type": "Feature", "geometry": {"type": "Point", "coordinates": [2.428, 48.967]}, "properties": {"station_id": "LFPB", "temp_c": 10.0, "icao_code": "LFPB", "municipality": "Paris", "iso_country": "FR", "iso_region": "FR-IDF"}}, {"type": "Feature", "geometry": {"type": "Point", "coordinates": [7.51, 47.614]}, "properties": {"station_id": "LFSB", "temp_c": 10.0, "icao_code": "LFSB", "municipality": "B\u00e2le / Mulhouse", "iso_country": "FR", "iso_region": "FR-GES"}}, {"type": "Feature", "geometry": {"type": "Point", "coordinates": [1.955, 50.962]}, "properties": {"station_id": "LFAC", "temp_c": 11.0, "icao_code": "LFAC", "municipality": "Calais", "iso_country": "FR", "iso_region": "FR-HDF"}}, {"type": "Feature", "geometry": {"type": "Point", "coordinates": [45.458, 39.189]}, "properties": {"station_id": "UBBN", "temp_c": 13.0, "icao_code": "UBBN", "municipality": "Nakhchivan", "iso_country": "AZ", "iso_region": "AZ-NX"}}, {"type": "Feature", "geometry": {"type": "Point", "coordinates": [2.704, 49.972]}, "properties": {"station_id": "LFAQ", "temp_c": 9.0, "icao_code": "LFAQ", "municipality": "Albert", "iso_country": "FR", "iso_region": "FR-HDF"}}, {"type": "Feature", "geometry": {"type": "Point", "coordinates": [1.623, 50.515]}, "properties": {"station_id": "LFAT", "temp_c": 10.0, "icao_code": "LFAT", "municipality": "Le Touquet-Paris-Plage", "iso_country": "FR", "iso_region": "FR-HDF"}}, {"type": "Feature", "geometry": {"type": "Point", "coordinates": [7.359, 48.11]}, "properties": {"station_id": "LFGA", "temp_c": 11.0, "icao_code": "LFGA", "municipality": "Colmar", "iso_country": "FR", "iso_region": "FR-GES"}}, {"type": "Feature", "geometry": {"type": "Point", "coordinates": [-0.317, 47.562]}, "properties": {"station_id": "LFJR", "temp_c": 9.0, "icao_code": "LFJR", "municipality": "Angers", "iso_country": "FR", "iso_region": "FR-PDL"}}, {"type": "Feature", "geometry": {"type": "Point", "coordinates": [44.405, 31.99]}, "properties": {"station_id": "ORNI", "temp_c": 21.0, "icao_code": "ORNI", "municipality": "Najaf", "iso_country": "IQ", "iso_region": "IQ-NA"}}, {"type": "Feature", "geometry": {"type": "Point", "coordinates": [2.114, 48.752]}, "properties": {"station_id": "LFPN", "temp_c": 10.0, "icao_code": "LFPN", "municipality": "Toussus-le-Noble, Yvelines", "iso_country": "FR", "iso_region": "FR-IDF"}}, {"type": "Feature", "geometry": {"type": "Point", "coordinates": [-87.216, 14.06]}, "properties": {"station_id": "MHTG", "temp_c": 20.0, "icao_code": "MHTG", "municipality": "Tegucigalpa", "iso_country": "HN", "iso_region": "HN-FM"}}, {"type": "Feature", "geometry": {"type": "Point", "coordinates": [12.91, 50.202]}, "properties": {"station_id": "LKKV", "temp_c": 9.0, "icao_code": "LKKV", "municipality": "Karlovy Vary", "iso_country": "CZ", "iso_region": "CZ-KA"}}, {"type": "Feature", "geometry": {"type": "Point", "coordinates": [-86.864, 15.737]}, "properties": {"station_id": "MHLC", "temp_c": 23.0, "icao_code": "MHLC", "municipality": "La Ceiba", "iso_country": "HN", "iso_region": "HN-AT"}}, {"type": "Feature", "geometry": {"type": "Point", "coordinates": [18.111, 49.696]}, "properties": {"station_id": "LKMT", "temp_c": 6.0, "icao_code": "LKMT", "municipality": "Mo\u0161nov", "iso_country": "CZ", "iso_region": "CZ-MO"}}, {"type": "Feature", "geometry": {"type": "Point", "coordinates": [14.26, 50.101]}, "properties": {"station_id": "LKPR", "temp_c": 8.0, "icao_code": "LKPR", "municipality": "Prague", "iso_country": "CZ", "iso_region": "CZ-PR"}}, {"type": "Feature", "geometry": {"type": "Point", "coordinates": [16.694, 49.151]}, "properties": {"station_id": "LKTB", "temp_c": 9.0, "icao_code": "LKTB", "municipality": "Brno", "iso_country": "CZ", "iso_region": "CZ-JM"}}, {"type": "Feature", "geometry": {"type": "Point", "coordinates": [0.309, 46.584]}, "properties": {"station_id": "LFBI", "temp_c": 9.0, "icao_code": "LFBI", "municipality": "Poitiers/Biard", "iso_country": "FR", "iso_region": "FR-NAQ"}}, {"type": "Feature", "geometry": {"type": "Point", "coordinates": [1.179, 45.863]}, "properties": {"station_id": "LFBL", "temp_c": 14.0, "icao_code": "LFBL", "municipality": "Limoges/Bellegarde", "iso_country": "FR", "iso_region": "FR-NAQ"}}, {"type": "Feature", "geometry": {"type": "Point", "coordinates": [48.788, 15.966]}, "properties": {"station_id": "OYSY", "temp_c": 30.0, "icao_code": "OYSY", "municipality": "Seiyun", "iso_country": "YE", "iso_region": "YE-HD"}}, {"type": "Feature", "geometry": {"type": "Point", "coordinates": [9.484, 42.553]}, "properties": {"station_id": "LFKB", "temp_c": 14.0, "icao_code": "LFKB", "municipality": "Bastia", "iso_country": "FR", "iso_region": "FR-COR"}}, {"type": "Feature", "geometry": {"type": "Point", "coordinates": [-56.031, -34.838]}, "properties": {"station_id": "SUMU", "temp_c": 7.0, "icao_code": "SUMU", "municipality": "Ciudad de la Costa", "iso_country": "UY", "iso_region": "UY-CA"}}, {"type": "Feature", "geometry": {"type": "Point", "coordinates": [-44.234, -2.585]}, "properties": {"station_id": "SBSL", "temp_c": 25.0, "icao_code": "SBSL", "municipality": "S\u00e3o Lu\u00eds", "iso_country": "BR", "iso_region": "BR-MA"}}, {"type": "Feature", "geometry": {"type": "Point", "coordinates": [-85.552, 10.589]}, "properties": {"station_id": "MRLB", "temp_c": 25.0, "icao_code": "MRLB", "municipality": "Liberia", "iso_country": "CR", "iso_region": "CR-G"}}, {"type": "Feature", "geometry": {"type": "Point", "coordinates": [113.922, 22.309]}, "properties": {"station_id": "VHHH", "temp_c": 29.0, "icao_code": "VHHH", "municipality": "Hong Kong", "iso_country": "HK", "iso_region": "HK-NT"}}, {"type": "Feature", "geometry": {"type": "Point", "coordinates": [76.263, 32.165]}, "properties": {"station_id": "VIGG", "temp_c": 25.0, "icao_code": "VIGG", "municipality": "Kangra", "iso_country": "IN", "iso_region": "IN-HP"}}, {"type": "Feature", "geometry": {"type": "Point", "coordinates": [86.707, 24.446]}, "properties": {"station_id": "VEDO", "temp_c": 32.0, "icao_code": "VEDO", "municipality": "Deoghar", "iso_country": "IN", "iso_region": "IN-JH"}}, {"type": "Feature", "geometry": {"type": "Point", "coordinates": [73.914, 20.119]}, "properties": {"station_id": "VAOZ", "temp_c": 37.0, "icao_code": "VAOZ", "municipality": "Nashik", "iso_country": "IN", "iso_region": "IN-MM"}}, {"type": "Feature", "geometry": {"type": "Point", "coordinates": [-49.176, -25.529]}, "properties": {"station_id": "SBCT", "temp_c": 16.0, "icao_code": "SBCT", "municipality": "Curitiba", "iso_country": "BR", "iso_region": "BR-PR"}}, {"type": "Feature", "geometry": {"type": "Point", "coordinates": [85.322, 23.314]}, "properties": {"station_id": "VERC", "temp_c": 32.0, "icao_code": "VERC", "municipality": "Ranchi", "iso_country": "IN", "iso_region": "IN-JH"}}, {"type": "Feature", "geometry": {"type": "Point", "coordinates": [78.028, 8.722]}, "properties": {"station_id": "VOTK", "temp_c": 38.0, "icao_code": "VOTK", "municipality": "Vagaikulam", "iso_country": "IN", "iso_region": "IN-TN"}}, {"type": "Feature", "geometry": {"type": "Point", "coordinates": [80.18, 12.994]}, "properties": {"station_id": "VOMM", "temp_c": 36.0, "icao_code": "VOMM", "municipality": "Chennai", "iso_country": "IN", "iso_region": "IN-TN"}}, {"type": "Feature", "geometry": {"type": "Point", "coordinates": [88.587, 27.228]}, "properties": {"station_id": "VEPY", "temp_c": 23.0, "icao_code": "VEPY", "municipality": "Pakyong", "iso_country": "IN", "iso_region": "IN-SK"}}, {"type": "Feature", "geometry": {"type": "Point", "coordinates": [72.859, 19.1]}, "properties": {"station_id": "VABB", "temp_c": 33.0, "icao_code": "VABB", "municipality": "Mumbai", "iso_country": "IN", "iso_region": "IN-MM"}}, {"type": "Feature", "geometry": {"type": "Point", "coordinates": [81.818, 17.11]}, "properties": {"station_id": "VORY", "temp_c": 36.0, "icao_code": "VORY", "municipality": "Madhurapudi", "iso_country": "IN", "iso_region": "IN-AP"}}, {"type": "Feature", "geometry": {"type": "Point", "coordinates": [80.797, 16.53]}, "properties": {"station_id": "VOBZ", "temp_c": 35.0, "icao_code": "VOBZ", "municipality": "Vijayawada", "iso_country": "IN", "iso_region": "IN-AP"}}, {"type": "Feature", "geometry": {"type": "Point", "coordinates": [78.169, 15.716]}, "properties": {"station_id": "VOKU", "temp_c": 36.0, "icao_code": "VOKU", "municipality": "Orvakal", "iso_country": "IN", "iso_region": "IN-AP"}}, {"type": "Feature", "geometry": {"type": "Point", "coordinates": [77.337, 23.288]}, "properties": {"station_id": "VABP", "temp_c": 38.0, "icao_code": "VABP", "municipality": "Bhopal", "iso_country": "IN", "iso_region": "IN-MP"}}, {"type": "Feature", "geometry": {"type": "Point", "coordinates": [72.742, 21.114]}, "properties": {"station_id": "VASU", "temp_c": 32.0, "icao_code": "VASU", "municipality": "Surat", "iso_country": "IN", "iso_region": "IN-GJ"}}, {"type": "Feature", "geometry": {"type": "Point", "coordinates": [31.719, -26.359]}, "properties": {"station_id": "FDSK", "temp_c": 18.0, "icao_code": "FDSK", "municipality": "Mpaka", "iso_country": "SZ", "iso_region": "SZ-LU"}}, {"type": "Feature", "geometry": {"type": "Point", "coordinates": [33.64, -16.108]}, "properties": {"station_id": "FQTT", "temp_c": 22.0, "icao_code": "FQTT", "municipality": "Tete", "iso_country": "MZ", "iso_region": "MZ-T"}}, {"type": "Feature", "geometry": {"type": "Point", "coordinates": [-97.7149, 31.1361]}, "properties": {"station_id": "KHLR", "temp_c": 25.0, "icao_code": "KHLR", "municipality": "Fort Cavazos (Killeen)", "iso_country": "US", "iso_region": "US-TX"}}, {"type": "Feature", "geometry": {"type": "Point", "coordinates": [73.225, 22.333]}, "properties": {"station_id": "VABO", "temp_c": 37.0, "icao_code": "VABO", "municipality": "Vadodara", "iso_country": "IN", "iso_region": "IN-GJ"}}, {"type": "Feature", "geometry": {"type": "Point", "coordinates": [-38.533, -3.776]}, "properties": {"station_id": "SBFZ", "temp_c": 26.0, "icao_code": "SBFZ", "municipality": "Fortaleza", "iso_country": "BR", "iso_region": "BR-CE"}}, {"type": "Feature", "geometry": {"type": "Point", "coordinates": [-11.158, 28.446]}, "properties": {"station_id": "GMAT", "temp_c": 16.0, "icao_code": "GMAT", "municipality": "Tan Tan", "iso_country": "MA", "iso_region": "MA-10"}}, {"type": "Feature", "geometry": {"type": "Point", "coordinates": [-4.399, 31.946]}, "properties": {"station_id": "GMFK", "temp_c": 15.0, "icao_code": "GMFK", "municipality": "Errachidia", "iso_country": "MA", "iso_region": "MA-08"}}, {"type": "Feature", "geometry": {"type": "Point", "coordinates": [-9.687, 31.406]}, "properties": {"station_id": "GMMI", "temp_c": 17.0, "icao_code": "GMMI", "municipality": "Essaouira", "iso_country": "MA", "iso_region": "MA-07"}}, {"type": "Feature", "geometry": {"type": "Point", "coordinates": [-6.909, 30.939]}, "properties": {"station_id": "GMMZ", "temp_c": 14.0, "icao_code": "GMMZ", "municipality": "Ouarzazate", "iso_country": "MA", "iso_region": "MA-08"}}, {"type": "Feature", "geometry": {"type": "Point", "coordinates": [-5.32, 35.594]}, "properties": {"station_id": "GMTN", "temp_c": 17.0, "icao_code": "GMTN", "municipality": "T\u00e9touan", "iso_country": "MA", "iso_region": "MA-01"}}, {"type": "Feature", "geometry": {"type": "Point", "coordinates": [-9.413, 30.325]}, "properties": {"station_id": "GMAD", "temp_c": 17.0, "icao_code": "GMAD", "municipality": "Agadir (Temsia)", "iso_country": "MA", "iso_region": "MA-09"}}, {"type": "Feature", "geometry": {"type": "Point", "coordinates": [-4.976, 33.929]}, "properties": {"station_id": "GMFF", "temp_c": 16.0, "icao_code": "GMFF", "municipality": "Sa\u00efss", "iso_country": "MA", "iso_region": "MA-03"}}, {"type": "Feature", "geometry": {"type": "Point", "coordinates": [-1.924, 34.787]}, "properties": {"station_id": "GMFO", "temp_c": 15.0, "icao_code": "GMFO", "municipality": "Ahl Angad", "iso_country": "MA", "iso_region": "MA-02"}}, {"type": "Feature", "geometry": {"type": "Point", "coordinates": [-6.752, 34.051]}, "properties": {"station_id": "GMME", "temp_c": 18.0, "icao_code": "GMME", "municipality": "Rabat", "iso_country": "MA", "iso_region": "MA-04"}}, {"type": "Feature", "geometry": {"type": "Point", "coordinates": [-7.59, 33.367]}, "properties": {"station_id": "GMMN", "temp_c": 17.0, "icao_code": "GMMN", "municipality": "Casablanca", "iso_country": "MA", "iso_region": "MA-06"}}, {"type": "Feature", "geometry": {"type": "Point", "coordinates": [-8.036, 31.607]}, "properties": {"station_id": "GMMX", "temp_c": 15.0, "icao_code": "GMMX", "municipality": "Marrakesh", "iso_country": "MA", "iso_region": "MA-07"}}, {"type": "Feature", "geometry": {"type": "Point", "coordinates": [-5.917, 35.727]}, "properties": {"station_id": "GMTT", "temp_c": 18.0, "icao_code": "GMTT", "municipality": "Tangier", "iso_country": "MA", "iso_region": "MA-01"}}, {"type": "Feature", "geometry": {"type": "Point", "coordinates": [-71.157, -41.151]}, "properties": {"station_id": "SAZS", "temp_c": 7.0, "icao_code": "SAZS", "municipality": "San Carlos de Bariloche", "iso_country": "AR", "iso_region": "AR-R"}}, {"type": "Feature", "geometry": {"type": "Point", "coordinates": [-85.973, 37.907]}, "properties": {"station_id": "KFTK", "temp_c": 16.0, "icao_code": "KFTK", "municipality": "Fort Knox", "iso_country": "US", "iso_region": "US-KY"}}, {"type": "Feature", "geometry": {"type": "Point", "coordinates": [-5.854, 30.266]}, "properties": {"station_id": "GMAZ", "temp_c": 16.0, "icao_code": "GMAZ", "municipality": "Zagora", "iso_country": "MA", "iso_region": "MA-08"}}, {"type": "Feature", "geometry": {"type": "Point", "coordinates": [-1.978, 32.514]}, "properties": {"station_id": "GMFB", "temp_c": 17.0, "icao_code": "GMFB", "municipality": "Bouarfa", "iso_country": "MA", "iso_region": "MA-02"}}, {"type": "Feature", "geometry": {"type": "Point", "coordinates": [-5.52, 33.875]}, "properties": {"station_id": "GMFM", "temp_c": 15.0, "icao_code": "GMFM", "municipality": "Meknes", "iso_country": "MA", "iso_region": "MA-03"}}, {"type": "Feature", "geometry": {"type": "Point", "coordinates": [-6.316, 32.403]}, "properties": {"station_id": "GMMD", "temp_c": 15.0, "icao_code": "GMMD", "municipality": "Oulad Yaich", "iso_country": "MA", "iso_region": "MA-05"}}, {"type": "Feature", "geometry": {"type": "Point", "coordinates": [-15.932, 23.718]}, "properties": {"station_id": "GMMH", "temp_c": 18.0, "icao_code": "GMMH", "municipality": "Dakhla", "iso_country": "EH", "iso_region": "EH-U-A"}}, {"type": "Feature", "geometry": {"type": "Point", "coordinates": [94.098, 27.296]}, "properties": {"station_id": "VELR", "temp_c": 29.0, "icao_code": "VELR", "municipality": "Lilabari", "iso_country": "IN", "iso_region": "IN-AS"}}, {"type": "Feature", "geometry": {"type": "Point", "coordinates": [93.897, 24.76]}, "properties": {"station_id": "VEIM", "temp_c": 21.0, "icao_code": "VEIM", "municipality": "Imphal", "iso_country": "IN", "iso_region": "IN-MN"}}, {"type": "Feature", "geometry": {"type": "Point", "coordinates": [86.169, 22.813]}, "properties": {"station_id": "VEJS", "temp_c": 34.0, "icao_code": "VEJS", "municipality": "Jamshedpur", "iso_country": "IN", "iso_region": "IN-JH"}}, {"type": "Feature", "geometry": {"type": "Point", "coordinates": [75.935, 17.627]}, "properties": {"station_id": "VASL", "temp_c": 38.0, "icao_code": "VASL", "municipality": "Solapur", "iso_country": "IN", "iso_region": "IN-MM"}}, {"type": "Feature", "geometry": {"type": "Point", "coordinates": [3.215, 36.691]}, "properties": {"station_id": "DAAG", "temp_c": 17.0, "icao_code": "DAAG", "municipality": "Algiers", "iso_country": "DZ", "iso_region": "DZ-16"}}, {"type": "Feature", "geometry": {"type": "Point", "coordinates": [75.547, 11.917]}, "properties": {"station_id": "VOKN", "temp_c": 33.0, "icao_code": "VOKN", "municipality": "Kannur", "iso_country": "IN", "iso_region": "IN-KL"}}, {"type": "Feature", "geometry": {"type": "Point", "coordinates": [77.154, 31.876]}, "properties": {"station_id": "VIBR", "temp_c": 21.0, "icao_code": "VIBR", "municipality": "Bhuntar", "iso_country": "IN", "iso_region": "IN-HP"}}, {"type": "Feature", "geometry": {"type": "Point", "coordinates": [84.951, 24.744]}, "properties": {"station_id": "VEGY", "temp_c": 34.0, "icao_code": "VEGY", "municipality": "Gaya", "iso_country": "IN", "iso_region": "IN-BR"}}, {"type": "Feature", "geometry": {"type": "Point", "coordinates": [93.771, 25.884]}, "properties": {"station_id": "VEMR", "temp_c": 28.0, "icao_code": "VEMR", "municipality": "Dimapur", "iso_country": "IN", "iso_region": "IN-NL"}}, {"type": "Feature", "geometry": {"type": "Point", "coordinates": [102.319, 12.275]}, "properties": {"station_id": "VTBO", "temp_c": 33.0, "icao_code": "VTBO", "municipality": "Laem Ngop", "iso_country": "TH", "iso_region": "TH-23"}}, {"type": "Feature", "geometry": {"type": "Point", "coordinates": [76.635, 15.174]}, "properties": {"station_id": "VOJV", "temp_c": 33.0, "icao_code": "VOJV", "municipality": "Toranagallu", "iso_country": "IN", "iso_region": "IN-KA"}}, {"type": "Feature", "geometry": {"type": "Point", "coordinates": [74.617, 15.861]}, "properties": {"station_id": "VOBM", "temp_c": 34.0, "icao_code": "VOBM", "municipality": "Belgaum", "iso_country": "IN", "iso_region": "IN-KA"}}, {"type": "Feature", "geometry": {"type": "Point", "coordinates": [95.014, 27.481]}, "properties": {"station_id": "VEMN", "temp_c": 28.0, "icao_code": "VEMN", "municipality": "Dibrugarh", "iso_country": "IN", "iso_region": "IN-AS"}}, {"type": "Feature", "geometry": {"type": "Point", "coordinates": [80.05, 23.178]}, "properties": {"station_id": "VAJB", "temp_c": 36.0, "icao_code": "VAJB", "municipality": "Jabalpur", "iso_country": "IN", "iso_region": "IN-MP"}}, {"type": "Feature", "geometry": {"type": "Point", "coordinates": [79.543, 13.633]}, "properties": {"station_id": "VOTP", "temp_c": 36.0, "icao_code": "VOTP", "municipality": "Tirupati", "iso_country": "IN", "iso_region": "IN-AP"}}, {"type": "Feature", "geometry": {"type": "Point", "coordinates": [76.919, 8.484]}, "properties": {"station_id": "VOTV", "temp_c": 33.0, "icao_code": "VOTV", "municipality": "Thiruvananthapuram", "iso_country": "IN", "iso_region": "IN-KL"}}, {"type": "Feature", "geometry": {"type": "Point", "coordinates": [91.979, 25.704]}, "properties": {"station_id": "VEBI", "temp_c": 24.0, "icao_code": "VEBI", "municipality": "Shillong", "iso_country": "IN", "iso_region": "IN-ML"}}, {"type": "Feature", "geometry": {"type": "Point", "coordinates": [38.799, 8.978]}, "properties": {"station_id": "HAAB", "temp_c": 19.0, "icao_code": "HAAB", "municipality": "Addis Ababa", "iso_country": "ET", "iso_region": "ET-AA"}}, {"type": "Feature", "geometry": {"type": "Point", "coordinates": [78.71, 10.765]}, "properties": {"station_id": "VOTR", "temp_c": 39.0, "icao_code": "VOTR", "municipality": "Tiruchirappalli", "iso_country": "IN", "iso_region": "IN-TN"}}, {"type": "Feature", "geometry": {"type": "Point", "coordinates": [35.018, 29.612]}, "properties": {"station_id": "OJAQ", "temp_c": 21.0, "icao_code": "OJAQ", "municipality": "Aqaba", "iso_country": "JO", "iso_region": "JO-AQ"}}, {"type": "Feature", "geometry": {"type": "Point", "coordinates": [78.066, 11.783]}, "properties": {"station_id": "VOSM", "temp_c": 33.0, "icao_code": "VOSM", "municipality": "Salem", "iso_country": "IN", "iso_region": "IN-TN"}}, {"type": "Feature", "geometry": {"type": "Point", "coordinates": [74.816, 26.591]}, "properties": {"station_id": "VIKG", "temp_c": 36.0, "icao_code": "VIKG", "municipality": "Ajmer (Kishangarh)", "iso_country": "IN", "iso_region": "IN-RJ"}}, {"type": "Feature", "geometry": {"type": "Point", "coordinates": [35.992, 31.973]}, "properties": {"station_id": "OJAM", "temp_c": 16.0, "icao_code": "OJAM", "municipality": "Amman", "iso_country": "JO", "iso_region": "JO-AM"}}, {"type": "Feature", "geometry": {"type": "Point", "coordinates": [78.429, 17.233]}, "properties": {"station_id": "VOHS", "temp_c": 35.0, "icao_code": "VOHS", "municipality": "Hyderabad", "iso_country": "IN", "iso_region": "IN-TG"}}, {"type": "Feature", "geometry": {"type": "Point", "coordinates": [35.993, 31.723]}, "properties": {"station_id": "OJAI", "temp_c": 16.0, "icao_code": "OJAI", "municipality": "Amman", "iso_country": "JO", "iso_region": "JO-AM"}}, {"type": "Feature", "geometry": {"type": "Point", "coordinates": [-47.933, -15.867]}, "properties": {"station_id": "SBBR", "temp_c": 20.0, "icao_code": "SBBR", "municipality": "Bras\u00edlia", "iso_country": "BR", "iso_region": "BR-DF"}}, {"type": "Feature", "geometry": {"type": "Point", "coordinates": [75.085, 15.362]}, "properties": {"station_id": "VOHB", "temp_c": 31.0, "icao_code": "VOHB", "municipality": "Hubballi", "iso_country": "IN", "iso_region": "IN-KA"}}, {"type": "Feature", "geometry": {"type": "Point", "coordinates": [78.771, 14.513]}, "properties": {"station_id": "VOCP", "temp_c": 37.0, "icao_code": "VOCP", "municipality": "Kadapa", "iso_country": "IN", "iso_region": "IN-AP"}}, {"type": "Feature", "geometry": {"type": "Point", "coordinates": [77.068, 31.082]}, "properties": {"station_id": "VISM", "temp_c": 17.0, "icao_code": "VISM", "municipality": "Jubbarhatti", "iso_country": "IN", "iso_region": "IN-HP"}}, {"type": "Feature", "geometry": {"type": "Point", "coordinates": [78.093, 9.835]}, "properties": {"station_id": "VOMD", "temp_c": 36.0, "icao_code": "VOMD", "municipality": "Madurai", "iso_country": "IN", "iso_region": "IN-TN"}}, {"type": "Feature", "geometry": {"type": "Point", "coordinates": [79.81, 11.969]}, "properties": {"station_id": "VOPC", "temp_c": 35.0, "icao_code": "VOPC", "municipality": "Puducherry (Pondicherry)", "iso_country": "IN", "iso_region": "IN-PY"}}, {"type": "Feature", "geometry": {"type": "Point", "coordinates": [-34.923, -8.126]}, "properties": {"station_id": "SBRF", "temp_c": 27.0, "icao_code": "SBRF", "municipality": "Recife", "iso_country": "BR", "iso_region": "BR-PE"}}, {"type": "Feature", "geometry": {"type": "Point", "coordinates": [75.955, 11.137]}, "properties": {"station_id": "VOCL", "temp_c": 33.0, "icao_code": "VOCL", "municipality": "Calicut", "iso_country": "IN", "iso_region": "IN-KL"}}, {"type": "Feature", "geometry": {"type": "Point", "coordinates": [80.889, 26.761]}, "properties": {"station_id": "VILK", "temp_c": 33.0, "icao_code": "VILK", "municipality": "Lucknow", "iso_country": "IN", "iso_region": "IN-UP"}}, {"type": "Feature", "geometry": {"type": "Point", "coordinates": [75.615, 13.857]}, "properties": {"station_id": "VOSH", "temp_c": 31.0, "icao_code": "VOSH", "municipality": "Shimoga", "iso_country": "IN", "iso_region": "IN-KA"}}, {"type": "Feature", "geometry": {"type": "Point", "coordinates": [10.386, 32.312]}, "properties": {"station_id": "DTTD", "temp_c": 17.0, "icao_code": "DTTD", "municipality": "Remada", "iso_country": "TN", "iso_region": "TN-83"}}, {"type": "Feature", "geometry": {"type": "Point", "coordinates": [75.398, 19.863]}, "properties": {"station_id": "VAAU", "temp_c": 40.0, "icao_code": "VAAU", "municipality": "Aurangabad", "iso_country": "IN", "iso_region": "IN-MM"}}, {"type": "Feature", "geometry": {"type": "Point", "coordinates": [75.812, 26.824]}, "properties": {"station_id": "VIJP", "temp_c": 36.0, "icao_code": "VIJP", "municipality": "Jaipur", "iso_country": "IN", "iso_region": "IN-RJ"}}, {"type": "Feature", "geometry": {"type": "Point", "coordinates": [9.791, 37.245]}, "properties": {"station_id": "DTTB", "temp_c": 16.0, "icao_code": "DTTB", "municipality": "Borj Challouf", "iso_country": "TN", "iso_region": "TN-23"}}, {"type": "Feature", "geometry": {"type": "Point", "coordinates": [10.775, 33.875]}, "properties": {"station_id": "DTTJ", "temp_c": 20.0, "icao_code": "DTTJ", "municipality": "Mellita", "iso_country": "TN", "iso_region": "TN-82"}}, {"type": "Feature", "geometry": {"type": "Point", "coordinates": [103.909, 1.36]}, "properties": {"station_id": "WSAP", "temp_c": 33.0, "icao_code": "WSAP", "municipality": "Paya Lebar", "iso_country": "SG", "iso_region": "SG-04"}}, {"type": "Feature", "geometry": {"type": "Point", "coordinates": [85.088, 25.591]}, "properties": {"station_id": "VEPT", "temp_c": 29.0, "icao_code": "VEPT", "municipality": "Patna", "iso_country": "IN", "iso_region": "IN-BR"}}, {"type": "Feature", "geometry": {"type": "Point", "coordinates": [72.176, 10.824]}, "properties": {"station_id": "VOAT", "temp_c": 32.0, "icao_code": "VOAT", "municipality": "Agatti", "iso_country": "IN", "iso_region": "IN-LD"}}, {"type": "Feature", "geometry": {"type": "Point", "coordinates": [79.474, 29.033]}, "properties": {"station_id": "VIPT", "temp_c": 32.0, "icao_code": "VIPT", "municipality": "Pantnagar", "iso_country": "IN", "iso_region": "IN-UP"}}, {"type": "Feature", "geometry": {"type": "Point", "coordinates": [74.287, 16.664]}, "properties": {"station_id": "VAKP", "temp_c": 33.0, "icao_code": "VAKP", "municipality": "Kolhapur", "iso_country": "IN", "iso_region": "IN-MM"}}, {"type": "Feature", "geometry": {"type": "Point", "coordinates": [73.8631, 15.7426]}, "properties": {"station_id": "VOGA", "temp_c": 35.0, "icao_code": "VOGA", "municipality": "Mopa", "iso_country": "IN", "iso_region": "IN-GA"}}, {"type": "Feature", "geometry": {"type": "Point", "coordinates": [88.445, 22.651]}, "properties": {"station_id": "VECC", "temp_c": 32.0, "icao_code": "VECC", "municipality": "Kolkata", "iso_country": "IN", "iso_region": "IN-WB"}}, {"type": "Feature", "geometry": {"type": "Point", "coordinates": [33.617, 34.874]}, "properties": {"station_id": "LCLK", "temp_c": 21.0, "icao_code": "LCLK", "municipality": "Larnaca", "iso_country": "CY", "iso_region": "CY-04"}}, {"type": "Feature", "geometry": {"type": "Point", "coordinates": [32.479, 34.715]}, "properties": {"station_id": "LCPH", "temp_c": 20.0, "icao_code": "LCPH", "municipality": "Paphos", "iso_country": "CY", "iso_region": "CY-06"}}, {"type": "Feature", "geometry": {"type": "Point", "coordinates": [10.227, 36.851]}, "properties": {"station_id": "DTTA", "temp_c": 17.0, "icao_code": "DTTA", "municipality": "Tunis", "iso_country": "TN", "iso_region": "TN-11"}}, {"type": "Feature", "geometry": {"type": "Point", "coordinates": [10.436, 36.074]}, "properties": {"station_id": "DTNH", "temp_c": 18.0, "icao_code": "DTNH", "municipality": "Enfidha", "iso_country": "TN", "iso_region": "TN-51"}}, {"type": "Feature", "geometry": {"type": "Point", "coordinates": [10.755, 35.758]}, "properties": {"station_id": "DTMB", "temp_c": 18.0, "icao_code": "DTMB", "municipality": "Monastir", "iso_country": "TN", "iso_region": "TN-52"}}, {"type": "Feature", "geometry": {"type": "Point", "coordinates": [110.375, -6.973]}, "properties": {"station_id": "WAHS", "temp_c": 32.0, "icao_code": "WAHS", "municipality": "Semarang", "iso_country": "ID", "iso_region": "ID-JT"}}, {"type": "Feature", "geometry": {"type": "Point", "coordinates": [95.42, 5.524]}, "properties": {"station_id": "WITT", "temp_c": 31.0, "icao_code": "WITT", "municipality": "Banda Aceh", "iso_country": "ID", "iso_region": "ID-AC"}}, {"type": "Feature", "geometry": {"type": "Point", "coordinates": [0.147, 35.208]}, "properties": {"station_id": "DAOV", "temp_c": 16.0, "icao_code": "DAOV", "municipality": "Ghriss", "iso_country": "DZ", "iso_region": "DZ-29"}}, {"type": "Feature", "geometry": {"type": "Point", "coordinates": [-2.261, 31.65]}, "properties": {"station_id": "DAOR", "temp_c": 18.0, "icao_code": "DAOR", "municipality": "B\u00e9char", "iso_country": "DZ", "iso_region": "DZ-08"}}, {"type": "Feature", "geometry": {"type": "Point", "coordinates": [-0.532, 35.542]}, "properties": {"station_id": "DAOL", "temp_c": 17.0, "icao_code": "DAOL", "municipality": "Tafraoui", "iso_country": "DZ", "iso_region": "DZ-31"}}, {"type": "Feature", "geometry": {"type": "Point", "coordinates": [-8.167, 27.7]}, "properties": {"station_id": "DAOF", "temp_c": 16.0, "icao_code": "DAOF", "municipality": "Tindouf", "iso_country": "DZ", "iso_region": "DZ-37"}}, {"type": "Feature", "geometry": {"type": "Point", "coordinates": [-68.96, 12.189]}, "properties": {"station_id": "TNCC", "temp_c": 28.0, "icao_code": "TNCC", "municipality": "Willemstad", "iso_country": "CW", "iso_region": "CW-U-A"}}, {"type": "Feature", "geometry": {"type": "Point", "coordinates": [3.312, 32.93]}, "properties": {"station_id": "DAFH", "temp_c": 17.0, "icao_code": "DAFH", "municipality": "Hassi R'Mel", "iso_country": "DZ", "iso_region": "DZ-03"}}, {"type": "Feature", "geometry": {"type": "Point", "coordinates": [-0.248, 33.532]}, "properties": {"station_id": "DAAY", "temp_c": 16.0, "icao_code": "DAAY", "municipality": "Mecheria", "iso_country": "DZ", "iso_region": "DZ-45"}}, {"type": "Feature", "geometry": {"type": "Point", "coordinates": [8.622, 26.724]}, "properties": {"station_id": "DAAP", "temp_c": 25.0, "icao_code": "DAAP", "municipality": "Illizi", "iso_country": "DZ", "iso_region": "DZ-33"}}, {"type": "Feature", "geometry": {"type": "Point", "coordinates": [-65.098, -24.387]}, "properties": {"station_id": "SASJ", "temp_c": 10.0, "icao_code": "SASJ", "municipality": "San Salvador de Jujuy", "iso_country": "AR", "iso_region": "AR-Y"}}, {"type": "Feature", "geometry": {"type": "Point", "coordinates": [-57.581, -37.932]}, "properties": {"station_id": "SAZM", "temp_c": 5.0, "icao_code": "SAZM", "municipality": "Mar del Plata", "iso_country": "AR", "iso_region": "AR-B"}}, {"type": "Feature", "geometry": {"type": "Point", "coordinates": [4.206, 35.333]}, "properties": {"station_id": "DAAD", "temp_c": 17.0, "icao_code": "DAAD", "municipality": "Ouled Sidi Brahim", "iso_country": "DZ", "iso_region": "DZ-28"}}, {"type": "Feature", "geometry": {"type": "Point", "coordinates": [136.805, 34.858]}, "properties": {"station_id": "RJGG", "temp_c": 23.0, "icao_code": "RJGG", "municipality": "Tokoname", "iso_country": "JP", "iso_region": "JP-23"}}, {"type": "Feature", "geometry": {"type": "Point", "coordinates": [139.121, 37.956]}, "properties": {"station_id": "RJSN", "temp_c": 16.0, "icao_code": "RJSN", "municipality": "Niigata", "iso_country": "JP", "iso_region": "JP-15"}}, {"type": "Feature", "geometry": {"type": "Point", "coordinates": [44.3494, 35.469]}, "properties": {"station_id": "ORKK", "temp_c": 22.0, "icao_code": "ORKK", "municipality": "Kirkuk", "iso_country": "IQ", "iso_region": "IQ-TS"}}, {"type": "Feature", "geometry": {"type": "Point", "coordinates": [-79.852, 47.698]}, "properties": {"station_id": "CYXR", "temp_c": 8.0, "icao_code": "CYXR", "municipality": "Earlton", "iso_country": "CA", "iso_region": "CA-ON"}}, {"type": "Feature", "geometry": {"type": "Point", "coordinates": [-79.397, 43.627]}, "properties": {"station_id": "CYTZ", "temp_c": 10.0, "icao_code": "CYTZ", "municipality": "Toronto", "iso_country": "CA", "iso_region": "CA-ON"}}, {"type": "Feature", "geometry": {"type": "Point", "coordinates": [-119.606, 49.46]}, "properties": {"station_id": "CYYF", "temp_c": 9.0, "icao_code": "CYYF", "municipality": "Penticton", "iso_country": "CA", "iso_region": "CA-BC"}}, {"type": "Feature", "geometry": {"type": "Point", "coordinates": [-128.577, 54.471]}, "properties": {"station_id": "CYXT", "temp_c": 10.0, "icao_code": "CYXT", "municipality": "Terrace", "iso_country": "CA", "iso_region": "CA-BC"}}, {"type": "Feature", "geometry": {"type": "Point", "coordinates": [45.029, 12.829]}, "properties": {"station_id": "OYAA", "temp_c": 31.0, "icao_code": "OYAA", "municipality": "Aden", "iso_country": "YE", "iso_region": "YE-AD"}}, {"type": "Feature", "geometry": {"type": "Point", "coordinates": [-120.737, 56.247]}, "properties": {"station_id": "CYXJ", "temp_c": 2.0, "icao_code": "CYXJ", "municipality": "Fort Saint John", "iso_country": "CA", "iso_region": "CA-BC"}}, {"type": "Feature", "geometry": {"type": "Point", "coordinates": [47.142, 40.632]}, "properties": {"station_id": "UBEE", "temp_c": 14.0, "icao_code": "UBEE", "municipality": "Yevlakh", "iso_country": "AZ", "iso_region": "AZ-YE"}}, {"type": "Feature", "geometry": {"type": "Point", "coordinates": [-130.025, 58.426]}, "properties": {"station_id": "CYDL", "temp_c": 4.0, "icao_code": "CYDL", "municipality": "Dease Lake", "iso_country": "CA", "iso_region": "CA-BC"}}, {"type": "Feature", "geometry": {"type": "Point", "coordinates": [85.359, 27.697]}, "properties": {"station_id": "VNKT", "temp_c": 24.0, "icao_code": "VNKT", "municipality": "Kathmandu", "iso_country": "NP", "iso_region": "NP-P3"}}, {"type": "Feature", "geometry": {"type": "Point", "coordinates": [-128.154, 52.181]}, "properties": {"station_id": "CBBC", "temp_c": 6.0, "icao_code": "CBBC", "municipality": "Bella Bella", "iso_country": "CA", "iso_region": "CA-BC"}}, {"type": "Feature", "geometry": {"type": "Point", "coordinates": [-83.351, 64.188]}, "properties": {"station_id": "CYZS", "temp_c": -14.0, "icao_code": "CYZS", "municipality": "Coral Harbour", "iso_country": "CA", "iso_region": "CA-NU"}}, {"type": "Feature", "geometry": {"type": "Point", "coordinates": [-114.078, 64.192]}, "properties": {"station_id": "CYWE", "temp_c": -6.0, "icao_code": "CYWE", "municipality": "Wekwe\u00e8t\u00ec", "iso_country": "CA", "iso_region": "CA-NT"}}, {"type": "Feature", "geometry": {"type": "Point", "coordinates": [-92.1, 62.811]}, "properties": {"station_id": "CYRT", "temp_c": -14.0, "icao_code": "CYRT", "municipality": "Rankin Inlet", "iso_country": "CA", "iso_region": "CA-NU"}}, {"type": "Feature", "geometry": {"type": "Point", "coordinates": [-95.851, 68.633]}, "properties": {"station_id": "CYHK", "temp_c": -17.0, "icao_code": "CYHK", "municipality": "Gjoa Haven", "iso_country": "CA", "iso_region": "CA-NU"}}, {"type": "Feature", "geometry": {"type": "Point", "coordinates": [-115.135, 67.817]}, "properties": {"station_id": "CYCO", "temp_c": -3.0, "icao_code": "CYCO", "municipality": "Kugluktuk", "iso_country": "CA", "iso_region": "CA-NU"}}, {"type": "Feature", "geometry": {"type": "Point", "coordinates": [-89.792, 68.536]}, "properties": {"station_id": "CYBB", "temp_c": -17.0, "icao_code": "CYBB", "municipality": "Kugaaruk", "iso_country": "CA", "iso_region": "CA-NU"}}, {"type": "Feature", "geometry": {"type": "Point", "coordinates": [-122.677, 53.884]}, "properties": {"station_id": "CYXS", "temp_c": 8.0, "icao_code": "CYXS", "municipality": "Prince George", "iso_country": "CA", "iso_region": "CA-BC"}}, {"type": "Feature", "geometry": {"type": "Point", "coordinates": [-39.081, -16.439]}, "properties": {"station_id": "SBPS", "temp_c": 22.0, "icao_code": "SBPS", "municipality": "Porto Seguro", "iso_country": "BR", "iso_region": "BR-BA"}}, {"type": "Feature", "geometry": {"type": "Point", "coordinates": [-106.695, 52.172]}, "properties": {"station_id": "CYXE", "temp_c": -3.0, "icao_code": "CYXE", "municipality": "Saskatoon", "iso_country": "CA", "iso_region": "CA-SK"}}, {"type": "Feature", "geometry": {"type": "Point", "coordinates": [-59.986, -3.146]}, "properties": {"station_id": "SBMN", "temp_c": 25.0, "icao_code": "SBMN", "municipality": "Manaus", "iso_country": "BR", "iso_region": "BR-AM"}}, {"type": "Feature", "geometry": {"type": "Point", "coordinates": [-126.129, 67.021]}, "properties": {"station_id": "CYVL", "temp_c": 1.0, "icao_code": "CYVL", "municipality": "Colville Lake", "iso_country": "CA", "iso_region": "CA-NT"}}, {"type": "Feature", "geometry": {"type": "Point", "coordinates": [-101.089, 53.975]}, "properties": {"station_id": "CYQD", "temp_c": -1.0, "icao_code": "CYQD", "municipality": "The Pas", "iso_country": "CA", "iso_region": "CA-MB"}}, {"type": "Feature", "geometry": {"type": "Point", "coordinates": [-109.175, 51.517]}, "properties": {"station_id": "CYKY", "temp_c": -3.0, "icao_code": "CYKY", "municipality": "Kindersley", "iso_country": "CA", "iso_region": "CA-SK"}}, {"type": "Feature", "geometry": {"type": "Point", "coordinates": [-94.655, 53.857]}, "properties": {"station_id": "CYIV", "temp_c": -2.0, "icao_code": "CYIV", "municipality": "Island Lake", "iso_country": "CA", "iso_region": "CA-MB"}}, {"type": "Feature", "geometry": {"type": "Point", "coordinates": [-70.786, -33.393]}, "properties": {"station_id": "SCEL", "temp_c": 14.0, "icao_code": "SCEL", "municipality": "Santiago", "iso_country": "CL", "iso_region": "CL-RM"}}, {"type": "Feature", "geometry": {"type": "Point", "coordinates": [-113.863, 53.67]}, "properties": {"station_id": "CZVL", "temp_c": 0.0, "icao_code": "CZVL", "municipality": "Edmonton", "iso_country": "CA", "iso_region": "CA-AB"}}, {"type": "Feature", "geometry": {"type": "Point", "coordinates": [109.412, 18.303]}, "properties": {"station_id": "ZJSY", "temp_c": 28.0, "icao_code": "ZJSY", "municipality": "Sanya (Tianya)", "iso_country": "CN", "iso_region": "CN-46"}}, {"type": "Feature", "geometry": {"type": "Point", "coordinates": [-114.773, 55.293]}, "properties": {"station_id": "CYZH", "temp_c": 2.0, "icao_code": "CYZH", "municipality": "Slave Lake", "iso_country": "CA", "iso_region": "CA-AB"}}, {"type": "Feature", "geometry": {"type": "Point", "coordinates": [-46.469, -23.432]}, "properties": {"station_id": "SBGR", "temp_c": 21.0, "icao_code": "SBGR", "municipality": "S\u00e3o Paulo", "iso_country": "BR", "iso_region": "BR-SP"}}, {"type": "Feature", "geometry": {"type": "Point", "coordinates": [-105.264, 55.15]}, "properties": {"station_id": "CYVC", "temp_c": -2.0, "icao_code": "CYVC", "municipality": "La Ronge", "iso_country": "CA", "iso_region": "CA-SK"}}, {"type": "Feature", "geometry": {"type": "Point", "coordinates": [78.468, 17.453]}, "properties": {"station_id": "VOHY", "temp_c": 37.0, "icao_code": "VOHY", "municipality": "Hyderabad", "iso_country": "IN", "iso_region": "IN-TG"}}, {"type": "Feature", "geometry": {"type": "Point", "coordinates": [-8.703, 7.816]}, "properties": {"station_id": "GUNZ", "temp_c": 22.0, "icao_code": "GUNZ", "municipality": "Nz\u00e9r\u00e9kor\u00e9", "iso_country": "GN", "iso_region": "GN-N"}}, {"type": "Feature", "geometry": {"type": "Point", "coordinates": [-68.141, -38.95]}, "properties": {"station_id": "SAZN", "temp_c": 8.0, "icao_code": "SAZN", "municipality": "Neuqu\u00e9n", "iso_country": "AR", "iso_region": "AR-Q"}}, {"type": "Feature", "geometry": {"type": "Point", "coordinates": [-60.05, -3.039]}, "properties": {"station_id": "SBEG", "temp_c": 25.0, "icao_code": "SBEG", "municipality": "Manaus", "iso_country": "BR", "iso_region": "BR-AM"}}, {"type": "Feature", "geometry": {"type": "Point", "coordinates": [-97.845, 53.958]}, "properties": {"station_id": "CYNE", "temp_c": 0.0, "icao_code": "CYNE", "municipality": "Norway House", "iso_country": "CA", "iso_region": "CA-MB"}}, {"type": "Feature", "geometry": {"type": "Point", "coordinates": [-98.511, 58.707]}, "properties": {"station_id": "CYBQ", "temp_c": -8.0, "icao_code": "CYBQ", "municipality": "Tadoule Lake", "iso_country": "CA", "iso_region": "CA-MB"}}, {"type": "Feature", "geometry": {"type": "Point", "coordinates": [18.602, -33.965]}, "properties": {"station_id": "FACT", "temp_c": 10.0, "icao_code": "FACT", "municipality": "Cape Town", "iso_country": "ZA", "iso_region": "ZA-WC"}}, {"type": "Feature", "geometry": {"type": "Point", "coordinates": [-66.088, 43.831]}, "properties": {"station_id": "CYQI", "temp_c": 2.0, "icao_code": "CYQI", "municipality": "Yarmouth", "iso_country": "CA", "iso_region": "CA-NS"}}, {"type": "Feature", "geometry": {"type": "Point", "coordinates": [-63.606, 50.286]}, "properties": {"station_id": "CYGV", "temp_c": -2.0, "icao_code": "CYGV", "municipality": "Havre-Saint-Pierre", "iso_country": "CA", "iso_region": "CA-QC"}}, {"type": "Feature", "geometry": {"type": "Point", "coordinates": [-57.042, 53.683]}, "properties": {"station_id": "CYCA", "temp_c": 3.0, "icao_code": "CYCA", "municipality": "Cartwright", "iso_country": "CA", "iso_region": "CA-NL"}}, {"type": "Feature", "geometry": {"type": "Point", "coordinates": [-110.717, 50.018]}, "properties": {"station_id": "CYXH", "temp_c": -1.0, "icao_code": "CYXH", "municipality": "Medicine Hat", "iso_country": "CA", "iso_region": "CA-AB"}}, {"type": "Feature", "geometry": {"type": "Point", "coordinates": [-108.418, 55.842]}, "properties": {"station_id": "CYVT", "temp_c": -2.0, "icao_code": "CYVT", "municipality": "Buffalo Narrows", "iso_country": "CA", "iso_region": "CA-SK"}}, {"type": "Feature", "geometry": {"type": "Point", "coordinates": [-111.929, 60.026]}, "properties": {"station_id": "CYSM", "temp_c": -2.0, "icao_code": "CYSM", "municipality": "Fort Smith", "iso_country": "CA", "iso_region": "CA-NT"}}, {"type": "Feature", "geometry": {"type": "Point", "coordinates": [-60.417, 53.32]}, "properties": {"station_id": "CYYR", "temp_c": 1.0, "icao_code": "CYYR", "municipality": "Goose Bay", "iso_country": "CA", "iso_region": "CA-NL"}}, {"type": "Feature", "geometry": {"type": "Point", "coordinates": [-114.011, 51.116]}, "properties": {"station_id": "CYYC", "temp_c": 0.0, "icao_code": "CYYC", "municipality": "Calgary", "iso_country": "CA", "iso_region": "CA-AB"}}, {"type": "Feature", "geometry": {"type": "Point", "coordinates": [-122.377, 49.027]}, "properties": {"station_id": "CYXX", "temp_c": 12.0, "icao_code": "CYXX", "municipality": "Abbotsford", "iso_country": "CA", "iso_region": "CA-BC"}}, {"type": "Feature", "geometry": {"type": "Point", "coordinates": [-123.168, 49.183]}, "properties": {"station_id": "CYVR", "temp_c": 12.0, "icao_code": "CYVR", "municipality": "Vancouver", "iso_country": "CA", "iso_region": "CA-BC"}}, {"type": "Feature", "geometry": {"type": "Point", "coordinates": [-74.038, 45.68]}, "properties": {"station_id": "CYMX", "temp_c": 10.0, "icao_code": "CYMX", "municipality": "Montr\u00e9al", "iso_country": "CA", "iso_region": "CA-QC"}}, {"type": "Feature", "geometry": {"type": "Point", "coordinates": [-93.344, 53.063]}, "properties": {"station_id": "CZSJ", "temp_c": 0.0, "icao_code": "CZSJ", "municipality": "Sandy Lake", "iso_country": "CA", "iso_region": "CA-ON"}}, {"type": "Feature", "geometry": {"type": "Point", "coordinates": [-91.766, 53.439]}, "properties": {"station_id": "CZMD", "temp_c": 0.0, "icao_code": "CZMD", "municipality": "Muskrat Dam", "iso_country": "CA", "iso_region": "CA-ON"}}, {"type": "Feature", "geometry": {"type": "Point", "coordinates": [-88.912, 50.296]}, "properties": {"station_id": "CYYW", "temp_c": 3.0, "icao_code": "CYYW", "municipality": "Armstrong", "iso_country": "CA", "iso_region": "CA-ON"}}, {"type": "Feature", "geometry": {"type": "Point", "coordinates": [-54.849, -25.461]}, "properties": {"station_id": "SGES", "temp_c": 11.0, "icao_code": "SGES", "municipality": "Ciudad del Este", "iso_country": "PY", "iso_region": "PY-10"}}, {"type": "Feature", "geometry": {"type": "Point", "coordinates": [-79.423, 46.365]}, "properties": {"station_id": "CYYB", "temp_c": 13.0, "icao_code": "CYYB", "municipality": "North Bay", "iso_country": "CA", "iso_region": "CA-ON"}}, {"type": "Feature", "geometry": {"type": "Point", "coordinates": [-72.68, 46.358]}, "properties": {"station_id": "CYRQ", "temp_c": 8.0, "icao_code": "CYRQ", "municipality": "Trois-Rivi\u00e8res", "iso_country": "CA", "iso_region": "CA-QC"}}, {"type": "Feature", "geometry": {"type": "Point", "coordinates": [-85.439, 54.988]}, "properties": {"station_id": "CYPO", "temp_c": 1.0, "icao_code": "CYPO", "municipality": "Peawanuck", "iso_country": "CA", "iso_region": "CA-ON"}}, {"type": "Feature", "geometry": {"type": "Point", "coordinates": [-78.899, 43.921]}, "properties": {"station_id": "CYOO", "temp_c": 11.0, "icao_code": "CYOO", "municipality": "Oshawa", "iso_country": "CA", "iso_region": "CA-ON"}}, {"type": "Feature", "geometry": {"type": "Point", "coordinates": [-54.789, -2.423]}, "properties": {"station_id": "SBSN", "temp_c": 25.0, "icao_code": "SBSN", "municipality": "Santar\u00e9m", "iso_country": "BR", "iso_region": "BR-PA"}}, {"type": "Feature", "geometry": {"type": "Point", "coordinates": [-87.936, 52.196]}, "properties": {"station_id": "CYLH", "temp_c": 1.0, "icao_code": "CYLH", "municipality": "Lansdowne House", "iso_country": "CA", "iso_region": "CA-ON"}}, {"type": "Feature", "geometry": {"type": "Point", "coordinates": [44.235, 33.263]}, "properties": {"station_id": "ORBI", "temp_c": 18.0, "icao_code": "ORBI", "municipality": "Baghdad", "iso_country": "IQ", "iso_region": "IQ-BG"}}, {"type": "Feature", "geometry": {"type": "Point", "coordinates": [-85.901, 51.659]}, "properties": {"station_id": "CYKP", "temp_c": 3.0, "icao_code": "CYKP", "municipality": "Ogoki Post", "iso_country": "CA", "iso_region": "CA-ON"}}, {"type": "Feature", "geometry": {"type": "Point", "coordinates": [-87.675, 56.019]}, "properties": {"station_id": "CYER", "temp_c": 1.0, "icao_code": "CYER", "municipality": "Fort Severn", "iso_country": "CA", "iso_region": "CA-ON"}}, {"type": "Feature", "geometry": {"type": "Point", "coordinates": [-82.085, 42.307]}, "properties": {"station_id": "CYCK", "temp_c": 14.0, "icao_code": "CYCK", "municipality": "Chatham-Kent", "iso_country": "CA", "iso_region": "CA-ON"}}, {"type": "Feature", "geometry": {"type": "Point", "coordinates": [-82.432, 52.927]}, "properties": {"station_id": "CYAT", "temp_c": 3.0, "icao_code": "CYAT", "municipality": "Attawapiskat", "iso_country": "CA", "iso_region": "CA-ON"}}, {"type": "Feature", "geometry": {"type": "Point", "coordinates": [-61.374, 45.657]}, "properties": {"station_id": "CYPD", "temp_c": -3.0, "icao_code": "CYPD", "municipality": "Port Hawkesbury", "iso_country": "CA", "iso_region": "CA-NS"}}, {"type": "Feature", "geometry": {"type": "Point", "coordinates": [-77.76, 55.283]}, "properties": {"station_id": "CYGW", "temp_c": 4.0, "icao_code": "CYGW", "municipality": "Kuujjuarapik", "iso_country": "CA", "iso_region": "CA-QC"}}, {"type": "Feature", "geometry": {"type": "Point", "coordinates": [9.643, 28.052]}, "properties": {"station_id": "DAUZ", "temp_c": 25.0, "icao_code": "DAUZ", "municipality": "In Am\u00e9nas", "iso_country": "DZ", "iso_region": "DZ-33"}}, {"type": "Feature", "geometry": {"type": "Point", "coordinates": [6.14, 31.673]}, "properties": {"station_id": "DAUH", "temp_c": 21.0, "icao_code": "DAUH", "municipality": "Hassi Messaoud", "iso_country": "DZ", "iso_region": "DZ-30"}}, {"type": "Feature", "geometry": {"type": "Point", "coordinates": [-67.897, -9.867]}, "properties": {"station_id": "SBRB", "temp_c": 23.0, "icao_code": "SBRB", "municipality": "Rio Branco", "iso_country": "BR", "iso_region": "BR-AC"}}, {"type": "Feature", "geometry": {"type": "Point", "coordinates": [-1.457, 35.013]}, "properties": {"station_id": "DAON", "temp_c": 16.0, "icao_code": "DAON", "municipality": "Zenata", "iso_country": "DZ", "iso_region": "DZ-13"}}, {"type": "Feature", "geometry": {"type": "Point", "coordinates": [6.309, 35.752]}, "properties": {"station_id": "DABT", "temp_c": 11.0, "icao_code": "DABT", "municipality": "Batna", "iso_country": "DZ", "iso_region": "DZ-05"}}, {"type": "Feature", "geometry": {"type": "Point", "coordinates": [34.908, -19.796]}, "properties": {"station_id": "FQBR", "temp_c": 25.0, "icao_code": "FQBR", "municipality": "Beira", "iso_country": "MZ", "iso_region": "MZ-S"}}, {"type": "Feature", "geometry": {"type": "Point", "coordinates": [148.949, -20.357]}, "properties": {"station_id": "YBHM", "temp_c": 23.0, "icao_code": "YBHM", "municipality": "Hamilton Island", "iso_country": "AU", "iso_region": "AU-QLD"}}, {"type": "Feature", "geometry": {"type": "Point", "coordinates": [5.877, 36.795]}, "properties": {"station_id": "DAAV", "temp_c": 17.0, "icao_code": "DAAV", "municipality": "Tahir", "iso_country": "DZ", "iso_region": "DZ-18"}}, {"type": "Feature", "geometry": {"type": "Point", "coordinates": [9.464, 24.286]}, "properties": {"station_id": "DAAJ", "temp_c": 24.0, "icao_code": "DAAJ", "municipality": "Djanet", "iso_country": "DZ", "iso_region": "DZ-56"}}, {"type": "Feature", "geometry": {"type": "Point", "coordinates": [5.07, 36.712]}, "properties": {"station_id": "DAAE", "temp_c": 17.0, "icao_code": "DAAE", "municipality": "B\u00e9ja\u00efa", "iso_country": "DZ", "iso_region": "DZ-06"}}, {"type": "Feature", "geometry": {"type": "Point", "coordinates": [5.413, 31.917]}, "properties": {"station_id": "DAUU", "temp_c": 21.0, "icao_code": "DAUU", "municipality": "Ouargla", "iso_country": "DZ", "iso_region": "DZ-30"}}, {"type": "Feature", "geometry": {"type": "Point", "coordinates": [0.276, 29.237]}, "properties": {"station_id": "DAUT", "temp_c": 25.0, "icao_code": "DAUT", "municipality": "Timimoun", "iso_country": "DZ", "iso_region": "DZ-54"}}, {"type": "Feature", "geometry": {"type": "Point", "coordinates": [-69.667, 18.433]}, "properties": {"station_id": "MDSD", "temp_c": 24.0, "icao_code": "MDSD", "municipality": "Santo Domingo", "iso_country": "DO", "iso_region": "DO-01"}}, {"type": "Feature", "geometry": {"type": "Point", "coordinates": [6.782, 33.513]}, "properties": {"station_id": "DAUO", "temp_c": 19.0, "icao_code": "DAUO", "municipality": "Guemar", "iso_country": "DZ", "iso_region": "DZ-39"}}, {"type": "Feature", "geometry": {"type": "Point", "coordinates": [2.928, 33.764]}, "properties": {"station_id": "DAUL", "temp_c": 15.0, "icao_code": "DAUL", "municipality": "Laghouat", "iso_country": "DZ", "iso_region": "DZ-03"}}, {"type": "Feature", "geometry": {"type": "Point", "coordinates": [54.651, 24.433]}, "properties": {"station_id": "OMAA", "temp_c": 35.0, "icao_code": "OMAA", "municipality": "Abu Dhabi", "iso_country": "AE", "iso_region": "AE-AZ"}}, {"type": "Feature", "geometry": {"type": "Point", "coordinates": [6.089, 33.068]}, "properties": {"station_id": "DAUK", "temp_c": 18.0, "icao_code": "DAUK", "municipality": "Touggourt", "iso_country": "DZ", "iso_region": "DZ-55"}}, {"type": "Feature", "geometry": {"type": "Point", "coordinates": [2.512, 27.251]}, "properties": {"station_id": "DAUI", "temp_c": 28.0, "icao_code": "DAUI", "municipality": "In Salah", "iso_country": "DZ", "iso_region": "DZ-57"}}, {"type": "Feature", "geometry": {"type": "Point", "coordinates": [105.688, -10.453]}, "properties": {"station_id": "YPXM", "temp_c": 27.0, "icao_code": "YPXM", "municipality": "Flying Fish Cove", "iso_country": "CX", "iso_region": "CX-U-A"}}, {"type": "Feature", "geometry": {"type": "Point", "coordinates": [179.198, -8.523]}, "properties": {"station_id": "NGFU", "temp_c": 30.0, "icao_code": "NGFU", "municipality": "Funafuti", "iso_country": "TV", "iso_region": "TV-FUN"}}, {"type": "Feature", "geometry": {"type": "Point", "coordinates": [2.86, 30.571]}, "properties": {"station_id": "DAUE", "temp_c": 21.0, "icao_code": "DAUE", "municipality": "El Menia", "iso_country": "DZ", "iso_region": "DZ-50"}}, {"type": "Feature", "geometry": {"type": "Point", "coordinates": [0.924, 21.375]}, "properties": {"station_id": "DATM", "temp_c": 31.0, "icao_code": "DATM", "municipality": "Bordj Badji Mokhtar", "iso_country": "DZ", "iso_region": "DZ-52"}}, {"type": "Feature", "geometry": {"type": "Point", "coordinates": [-74.574, -8.378]}, "properties": {"station_id": "SPCL", "temp_c": 25.0, "icao_code": "SPCL", "municipality": "Pucallpa", "iso_country": "PE", "iso_region": "PE-UCA"}}, {"type": "Feature", "geometry": {"type": "Point", "coordinates": [1.091, 33.721]}, "properties": {"station_id": "DAOY", "temp_c": 15.0, "icao_code": "DAOY", "municipality": "El Bayadh", "iso_country": "DZ", "iso_region": "DZ-32"}}, {"type": "Feature", "geometry": {"type": "Point", "coordinates": [3.794, 32.384]}, "properties": {"station_id": "DAUG", "temp_c": 20.0, "icao_code": "DAUG", "municipality": "El Atteuf", "iso_country": "DZ", "iso_region": "DZ-47"}}, {"type": "Feature", "geometry": {"type": "Point", "coordinates": [45.281, -12.805]}, "properties": {"station_id": "FMCZ", "temp_c": 31.0, "icao_code": "FMCZ", "municipality": "Dzaoudzi", "iso_country": "YT", "iso_region": "YT-U-A"}}, {"type": "Feature", "geometry": {"type": "Point", "coordinates": [-79.109, -8.087]}, "properties": {"station_id": "SPRU", "temp_c": 21.0, "icao_code": "SPRU", "municipality": "Trujillo", "iso_country": "PE", "iso_region": "PE-LAL"}}, {"type": "Feature", "geometry": {"type": "Point", "coordinates": [5.738, 34.793]}, "properties": {"station_id": "DAUB", "temp_c": 23.0, "icao_code": "DAUB", "municipality": "Biskra", "iso_country": "DZ", "iso_region": "DZ-07"}}, {"type": "Feature", "geometry": {"type": "Point", "coordinates": [-0.186, 27.839]}, "properties": {"station_id": "DAUA", "temp_c": 26.0, "icao_code": "DAUA", "municipality": "Adrar", "iso_country": "DZ", "iso_region": "DZ-01"}}, {"type": "Feature", "geometry": {"type": "Point", "coordinates": [-80.616, -5.206]}, "properties": {"station_id": "SPUR", "temp_c": 23.0, "icao_code": "SPUR", "municipality": "Piura", "iso_country": "PE", "iso_region": "PE-PIU"}}, {"type": "Feature", "geometry": {"type": "Point", "coordinates": [1.332, 36.213]}, "properties": {"station_id": "DAOI", "temp_c": 18.0, "icao_code": "DAOI", "municipality": "Chlef", "iso_country": "DZ", "iso_region": "DZ-02"}}, {"type": "Feature", "geometry": {"type": "Point", "coordinates": [1.476, 35.345]}, "properties": {"station_id": "DAOB", "temp_c": 13.0, "icao_code": "DAOB", "municipality": "Tiaret", "iso_country": "DZ", "iso_region": "DZ-14"}}, {"type": "Feature", "geometry": {"type": "Point", "coordinates": [8.121, 35.432]}, "properties": {"station_id": "DABS", "temp_c": 12.0, "icao_code": "DABS", "municipality": "T\u00e9bessi", "iso_country": "DZ", "iso_region": "DZ-12"}}, {"type": "Feature", "geometry": {"type": "Point", "coordinates": [47.196, 39.595]}, "properties": {"station_id": "UBBF", "temp_c": 14.0, "icao_code": "UBBF", "municipality": "Fuzuli", "iso_country": "AZ", "iso_region": "AZ-FUZ"}}, {"type": "Feature", "geometry": {"type": "Point", "coordinates": [-69.306, -51.609]}, "properties": {"station_id": "SAWG", "temp_c": 4.0, "icao_code": "SAWG", "municipality": "Rio Gallegos", "iso_country": "AR", "iso_region": "AR-Z"}}, {"type": "Feature", "geometry": {"type": "Point", "coordinates": [-61.348, 10.593]}, "properties": {"station_id": "TTPP", "temp_c": 25.0, "icao_code": "TTPP", "municipality": "Port of Spain", "iso_country": "TT", "iso_region": "TT-TUP"}}, {"type": "Feature", "geometry": {"type": "Point", "coordinates": [5.33, 36.18]}, "properties": {"station_id": "DAAS", "temp_c": 14.0, "icao_code": "DAAS", "municipality": "S\u00e9tif", "iso_country": "DZ", "iso_region": "DZ-19"}}, {"type": "Feature", "geometry": {"type": "Point", "coordinates": [-60.836, 11.149]}, "properties": {"station_id": "TTCP", "temp_c": 26.0, "icao_code": "TTCP", "municipality": "Scarborough", "iso_country": "TT", "iso_region": "TT-TOB"}}, {"type": "Feature", "geometry": {"type": "Point", "coordinates": [137.187, 36.641]}, "properties": {"station_id": "RJNT", "temp_c": 24.0, "icao_code": "RJNT", "municipality": "Toyama", "iso_country": "JP", "iso_region": "JP-16"}}, {"type": "Feature", "geometry": {"type": "Point", "coordinates": [140.917, 38.14]}, "properties": {"station_id": "RJSS", "temp_c": 18.0, "icao_code": "RJSS", "municipality": "Natori", "iso_country": "JP", "iso_region": "JP-04"}}, {"type": "Feature", "geometry": {"type": "Point", "coordinates": [-0.624, 35.623]}, "properties": {"station_id": "DAOO", "temp_c": 17.0, "icao_code": "DAOO", "municipality": "Es-S\u00e9nia", "iso_country": "DZ", "iso_region": "DZ-31"}}, {"type": "Feature", "geometry": {"type": "Point", "coordinates": [7.809, 36.822]}, "properties": {"station_id": "DABB", "temp_c": 16.0, "icao_code": "DABB", "municipality": "Annaba", "iso_country": "DZ", "iso_region": "DZ-23"}}, {"type": "Feature", "geometry": {"type": "Point", "coordinates": [5.452, 22.824]}, "properties": {"station_id": "DAAT", "temp_c": 24.0, "icao_code": "DAAT", "municipality": "Tamanrasset", "iso_country": "DZ", "iso_region": "DZ-11"}}, {"type": "Feature", "geometry": {"type": "Point", "coordinates": [-58.762, -27.445]}, "properties": {"station_id": "SARC", "temp_c": 11.0, "icao_code": "SARC", "municipality": "Corrientes", "iso_country": "AR", "iso_region": "AR-W"}}, {"type": "Feature", "geometry": {"type": "Point", "coordinates": [82.1624, 26.7484]}, "properties": {"station_id": "VEAY", "temp_c": 31.0, "icao_code": "VEAY", "municipality": "Faizabad", "iso_country": "IN", "iso_region": "IN-UP"}}, {"type": "Feature", "geometry": {"type": "Point", "coordinates": [-9.538, 52.18]}, "properties": {"station_id": "EIKY", "temp_c": 4.0, "icao_code": "EIKY", "municipality": "Farranfore", "iso_country": "IE", "iso_region": "IE-KY"}}, {"type": "Feature", "geometry": {"type": "Point", "coordinates": [-8.341, 55.044]}, "properties": {"station_id": "EIDL", "temp_c": 8.0, "icao_code": "EIDL", "municipality": "Donegal", "iso_country": "IE", "iso_region": "IE-DL"}}, {"type": "Feature", "geometry": {"type": "Point", "coordinates": [118.759, 9.742]}, "properties": {"station_id": "RPVP", "temp_c": 27.0, "icao_code": "RPVP", "municipality": "Puerto Princesa", "iso_country": "PH", "iso_region": "PH-PLW"}}, {"type": "Feature", "geometry": {"type": "Point", "coordinates": [122.383, 11.683]}, "properties": {"station_id": "RPVK", "temp_c": 32.0, "icao_code": "RPVK", "municipality": "Kalibo", "iso_country": "PH", "iso_region": "PH-AKL"}}, {"type": "Feature", "geometry": {"type": "Point", "coordinates": [125.096, 6.058]}, "properties": {"station_id": "RPMR", "temp_c": 35.0, "icao_code": "RPMR", "municipality": "General Santos", "iso_country": "PH", "iso_region": "PH-SCO"}}, {"type": "Feature", "geometry": {"type": "Point", "coordinates": [125.646, 7.125]}, "properties": {"station_id": "RPMD", "temp_c": 33.0, "icao_code": "RPMD", "municipality": "Davao", "iso_country": "PH", "iso_region": "PH-DVO"}}, {"type": "Feature", "geometry": {"type": "Point", "coordinates": [119.628, 23.569]}, "properties": {"station_id": "RCQC", "temp_c": 29.0, "icao_code": "RCQC", "municipality": "Huxi", "iso_country": "TW", "iso_region": "TW-PEN"}}, {"type": "Feature", "geometry": {"type": "Point", "coordinates": [121.102, 22.755]}, "properties": {"station_id": "RCFN", "temp_c": 27.0, "icao_code": "RCFN", "municipality": "Taitung City", "iso_country": "TW", "iso_region": "TW-TTT"}}, {"type": "Feature", "geometry": {"type": "Point", "coordinates": [120.206, 22.95]}, "properties": {"station_id": "RCNN", "temp_c": 31.0, "icao_code": "RCNN", "municipality": "Tainan (Rende)", "iso_country": "TW", "iso_region": "TW-TNN"}}, {"type": "Feature", "geometry": {"type": "Point", "coordinates": [-77.915, 18.502]}, "properties": {"station_id": "MKJS", "temp_c": 26.0, "icao_code": "MKJS", "municipality": "Montego Bay", "iso_country": "JM", "iso_region": "JM-08"}}, {"type": "Feature", "geometry": {"type": "Point", "coordinates": [56.324, 25.112]}, "properties": {"station_id": "OMFJ", "temp_c": 33.0, "icao_code": "OMFJ", "municipality": "Fujairah", "iso_country": "AE", "iso_region": "AE-FU"}}, {"type": "Feature", "geometry": {"type": "Point", "coordinates": [120.621, 24.265]}, "properties": {"station_id": "RCMQ", "temp_c": 28.0, "icao_code": "RCMQ", "municipality": "Taichung (Qingshui)", "iso_country": "TW", "iso_region": "TW-TXG"}}, {"type": "Feature", "geometry": {"type": "Point", "coordinates": [50.634, 26.271]}, "properties": {"station_id": "OBBI", "temp_c": 30.0, "icao_code": "OBBI", "municipality": "Manama", "iso_country": "BH", "iso_region": "BH-15"}}, {"type": "Feature", "geometry": {"type": "Point", "coordinates": [51.565, 25.261]}, "properties": {"station_id": "OTBD", "temp_c": 33.0, "icao_code": "OTBD", "municipality": "Doha", "iso_country": "QA", "iso_region": "QA-DA"}}, {"type": "Feature", "geometry": {"type": "Point", "coordinates": [51.609, 25.273]}, "properties": {"station_id": "OTHH", "temp_c": 34.0, "icao_code": "OTHH", "municipality": "Doha", "iso_country": "QA", "iso_region": "QA-DA"}}, {"type": "Feature", "geometry": {"type": "Point", "coordinates": [47.969, 29.227]}, "properties": {"station_id": "OKKK", "temp_c": 30.0, "icao_code": "OKKK", "municipality": "Kuwait City", "iso_country": "KW", "iso_region": "KW-FA"}}, {"type": "Feature", "geometry": {"type": "Point", "coordinates": [55.517, 25.329]}, "properties": {"station_id": "OMSJ", "temp_c": 34.0, "icao_code": "OMSJ", "municipality": "Sharjah", "iso_country": "AE", "iso_region": "AE-SH"}}, {"type": "Feature", "geometry": {"type": "Point", "coordinates": [-56.116, -15.653]}, "properties": {"station_id": "SBCY", "temp_c": 24.0, "icao_code": "SBCY", "municipality": "Cuiab\u00e1", "iso_country": "BR", "iso_region": "BR-MT"}}, {"type": "Feature", "geometry": {"type": "Point", "coordinates": [-48.476, -1.379]}, "properties": {"station_id": "SBBE", "temp_c": 25.0, "icao_code": "SBBE", "municipality": "Bel\u00e9m", "iso_country": "BR", "iso_region": "BR-PA"}}, {"type": "Feature", "geometry": {"type": "Point", "coordinates": [55.161, 24.897]}, "properties": {"station_id": "OMDW", "temp_c": 34.0, "icao_code": "OMDW", "municipality": "Dubai(Jebel Ali)", "iso_country": "AE", "iso_region": "AE-DU"}}, {"type": "Feature", "geometry": {"type": "Point", "coordinates": [55.366, 25.254]}, "properties": {"station_id": "OMDB", "temp_c": 34.0, "icao_code": "OMDB", "municipality": "Dubai", "iso_country": "AE", "iso_region": "AE-DU"}}, {"type": "Feature", "geometry": {"type": "Point", "coordinates": [55.609, 24.262]}, "properties": {"station_id": "OMAL", "temp_c": 36.0, "icao_code": "OMAL", "municipality": "Al Ain", "iso_country": "AE", "iso_region": "AE-AZ"}}, {"type": "Feature", "geometry": {"type": "Point", "coordinates": [121.552, 25.069]}, "properties": {"station_id": "RCSS", "temp_c": 30.0, "icao_code": "RCSS", "municipality": "Taipei (Songshan)", "iso_country": "TW", "iso_region": "TW-TPE"}}, {"type": "Feature", "geometry": {"type": "Point", "coordinates": [-60.782, -32.918]}, "properties": {"station_id": "SAAR", "temp_c": 6.0, "icao_code": "SAAR", "municipality": "Rosario", "iso_country": "AR", "iso_region": "AR-S"}}, {"type": "Feature", "geometry": {"type": "Point", "coordinates": [115.0389, 30.3424]}, "properties": {"station_id": "ZHEC", "temp_c": 17.0, "icao_code": "ZHEC", "municipality": "Ezhou", "iso_country": "CN", "iso_region": "CN-42"}}, {"type": "Feature", "geometry": {"type": "Point", "coordinates": [74.89, 12.961]}, "properties": {"station_id": "VOML", "temp_c": 32.0, "icao_code": "VOML", "municipality": "Mangaluru", "iso_country": "IN", "iso_region": "IN-KA"}}, {"type": "Feature", "geometry": {"type": "Point", "coordinates": [-66.991, 10.603]}, "properties": {"station_id": "SVMI", "temp_c": 25.0, "icao_code": "SVMI", "municipality": "Maiquet\u00eda", "iso_country": "VE", "iso_region": "VE-X"}}, {"type": "Feature", "geometry": {"type": "Point", "coordinates": [46.667, 41.561]}, "properties": {"station_id": "UBBY", "temp_c": 11.0, "icao_code": "UBBY", "municipality": "Zaqatala", "iso_country": "AZ", "iso_region": "AZ-ZAQ"}}, {"type": "Feature", "geometry": {"type": "Point", "coordinates": [-42.824, -5.06]}, "properties": {"station_id": "SBTE", "temp_c": 26.0, "icao_code": "SBTE", "municipality": "Teresina", "iso_country": "BR", "iso_region": "BR-PI"}}, {"type": "Feature", "geometry": {"type": "Point", "coordinates": [50.061, 40.469]}, "properties": {"station_id": "UBBB", "temp_c": 14.0, "icao_code": "UBBB", "municipality": "Baku", "iso_country": "AZ", "iso_region": "AZ-BA"}}, {"type": "Feature", "geometry": {"type": "Point", "coordinates": [103.982, 1.368]}, "properties": {"station_id": "WSSS", "temp_c": 33.0, "icao_code": "WSSS", "municipality": "Singapore", "iso_country": "SG", "iso_region": "SG-04"}}, {"type": "Feature", "geometry": {"type": "Point", "coordinates": [-68.356, 18.566]}, "properties": {"station_id": "MDPC", "temp_c": 25.0, "icao_code": "MDPC", "municipality": "Punta Cana", "iso_country": "DO", "iso_region": "DO-11"}}, {"type": "Feature", "geometry": {"type": "Point", "coordinates": [-70.614, 19.407]}, "properties": {"station_id": "MDST", "temp_c": 22.0, "icao_code": "MDST", "municipality": "Santiago", "iso_country": "DO", "iso_region": "DO-25"}}, {"type": "Feature", "geometry": {"type": "Point", "coordinates": [169.771, -20.249]}, "properties": {"station_id": "NVVA", "temp_c": 27.0, "icao_code": "NVVA", "municipality": "Anatom Island", "iso_country": "VU", "iso_region": "VU-TAE"}}, {"type": "Feature", "geometry": {"type": "Point", "coordinates": [126.259, 45.628]}, "properties": {"station_id": "ZYHB", "temp_c": 15.0, "icao_code": "ZYHB", "municipality": "Harbin", "iso_country": "CN", "iso_region": "CN-23"}}, {"type": "Feature", "geometry": {"type": "Point", "coordinates": [7.12, 13.502]}, "properties": {"station_id": "DRRM", "temp_c": 27.0, "icao_code": "DRRM", "municipality": "Maradi", "iso_country": "NE", "iso_region": "NE-4"}}, {"type": "Feature", "geometry": {"type": "Point", "coordinates": [169.224, -19.455]}, "properties": {"station_id": "NVVW", "temp_c": 29.0, "icao_code": "NVVW", "municipality": "Tanna Island", "iso_country": "VU", "iso_region": "VU-TAE"}}, {"type": "Feature", "geometry": {"type": "Point", "coordinates": [125.682, 43.993]}, "properties": {"station_id": "ZYCC", "temp_c": 16.0, "icao_code": "ZYCC", "municipality": "Changchun", "iso_country": "CN", "iso_region": "CN-22"}}, {"type": "Feature", "geometry": {"type": "Point", "coordinates": [2.17, 13.483]}, "properties": {"station_id": "DRRN", "temp_c": 28.0, "icao_code": "DRRN", "municipality": "Niamey", "iso_country": "NE", "iso_region": "NE-8"}}, {"type": "Feature", "geometry": {"type": "Point", "coordinates": [5.27, 14.878]}, "properties": {"station_id": "DRRT", "temp_c": 29.0, "icao_code": "DRRT", "municipality": "Tahoua", "iso_country": "NE", "iso_region": "NE-5"}}, {"type": "Feature", "geometry": {"type": "Point", "coordinates": [7.989, 16.964]}, "properties": {"station_id": "DRZA", "temp_c": 28.0, "icao_code": "DRZA", "municipality": "Agadez", "iso_country": "NE", "iso_region": "NE-1"}}, {"type": "Feature", "geometry": {"type": "Point", "coordinates": [8.984, 13.779]}, "properties": {"station_id": "DRZR", "temp_c": 27.0, "icao_code": "DRZR", "municipality": "Zinder", "iso_country": "NE", "iso_region": "NE-7"}}, {"type": "Feature", "geometry": {"type": "Point", "coordinates": [-0.17, 5.6]}, "properties": {"station_id": "DGAA", "temp_c": 27.0, "icao_code": "DGAA", "municipality": "Accra", "iso_country": "GH", "iso_region": "GH-AA"}}, {"type": "Feature", "geometry": {"type": "Point", "coordinates": [167.537, -13.852]}, "properties": {"station_id": "NVSC", "temp_c": 30.0, "icao_code": "NVSC", "municipality": "Sola", "iso_country": "VU", "iso_region": "VU-TOB"}}, {"type": "Feature", "geometry": {"type": "Point", "coordinates": [168.313, -17.695]}, "properties": {"station_id": "NVVV", "temp_c": 28.0, "icao_code": "NVVV", "municipality": "Port Vila", "iso_country": "VU", "iso_region": "VU-SEE"}}, {"type": "Feature", "geometry": {"type": "Point", "coordinates": [116.965, 31.99]}, "properties": {"station_id": "ZSOF", "temp_c": 14.0, "icao_code": "ZSOF", "municipality": "Hefei", "iso_country": "CN", "iso_region": "CN-34"}}, {"type": "Feature", "geometry": {"type": "Point", "coordinates": [-165.839, -10.915]}, "properties": {"station_id": "NCPK", "temp_c": 28.0, "icao_code": "NCPK", "municipality": "Pukapuka Atoll", "iso_country": "CK", "iso_region": "CK-U-A"}}, {"type": "Feature", "geometry": {"type": "Point", "coordinates": [-158.034, -9.01]}, "properties": {"station_id": "NCPY", "temp_c": 29.0, "icao_code": "NCPY", "municipality": "Penrhyn Island", "iso_country": "CK", "iso_region": "CK-U-A"}}, {"type": "Feature", "geometry": {"type": "Point", "coordinates": [-70.571, 19.759]}, "properties": {"station_id": "MDPP", "temp_c": 23.0, "icao_code": "MDPP", "municipality": "Puerto Plata", "iso_country": "DO", "iso_region": "DO-18"}}, {"type": "Feature", "geometry": {"type": "Point", "coordinates": [118.863, 31.739]}, "properties": {"station_id": "ZSNJ", "temp_c": 14.0, "icao_code": "ZSNJ", "municipality": "Nanjing", "iso_country": "CN", "iso_region": "CN-32"}}, {"type": "Feature", "geometry": {"type": "Point", "coordinates": [-157.703, -19.842]}, "properties": {"station_id": "NCMR", "temp_c": 25.0, "icao_code": "NCMR", "municipality": "Mitiaro Island", "iso_country": "CK", "iso_region": "CK-U-A"}}, {"type": "Feature", "geometry": {"type": "Point", "coordinates": [-38.331, -12.911]}, "properties": {"station_id": "SBSV", "temp_c": 27.0, "icao_code": "SBSV", "municipality": "Salvador", "iso_country": "BR", "iso_region": "BR-BA"}}, {"type": "Feature", "geometry": {"type": "Point", "coordinates": [103.623, 36.513]}, "properties": {"station_id": "ZLLL", "temp_c": 11.0, "icao_code": "ZLLL", "municipality": "Lanzhou (Yongdeng)", "iso_country": "CN", "iso_region": "CN-62"}}, {"type": "Feature", "geometry": {"type": "Point", "coordinates": [114.205, 30.783]}, "properties": {"station_id": "ZHHH", "temp_c": 18.0, "icao_code": "ZHHH", "municipality": "Wuhan (Huangpi)", "iso_country": "CN", "iso_region": "CN-42"}}, {"type": "Feature", "geometry": {"type": "Point", "coordinates": [113.834, 34.52]}, "properties": {"station_id": "ZHCC", "temp_c": 21.0, "icao_code": "ZHCC", "municipality": "Zhengzhou", "iso_country": "CN", "iso_region": "CN-41"}}, {"type": "Feature", "geometry": {"type": "Point", "coordinates": [113.219, 28.18]}, "properties": {"station_id": "ZGHA", "temp_c": 19.0, "icao_code": "ZGHA", "municipality": "Changsha (Changsha)", "iso_country": "CN", "iso_region": "CN-43"}}, {"type": "Feature", "geometry": {"type": "Point", "coordinates": [-51.13, -23.334]}, "properties": {"station_id": "SBLO", "temp_c": 20.0, "icao_code": "SBLO", "municipality": "Londrina", "iso_country": "BR", "iso_region": "BR-PR"}}, {"type": "Feature", "geometry": {"type": "Point", "coordinates": [-39.27, -7.219]}, "properties": {"station_id": "SBJU", "temp_c": 22.0, "icao_code": "SBJU", "municipality": "Juazeiro do Norte", "iso_country": "BR", "iso_region": "BR-CE"}}, {"type": "Feature", "geometry": {"type": "Point", "coordinates": [-35.895, -7.27]}, "properties": {"station_id": "SBKG", "temp_c": 22.0, "icao_code": "SBKG", "municipality": "Campina Grande", "iso_country": "BR", "iso_region": "BR-PB"}}, {"type": "Feature", "geometry": {"type": "Point", "coordinates": [2.384, 6.357]}, "properties": {"station_id": "DBBB", "temp_c": 28.0, "icao_code": "DBBB", "municipality": "Cotonou", "iso_country": "BJ", "iso_region": "BJ-AQ"}}, {"type": "Feature", "geometry": {"type": "Point", "coordinates": [15.034, 12.134]}, "properties": {"station_id": "FTTJ", "temp_c": 30.0, "icao_code": "FTTJ", "municipality": "N'Djamena", "iso_country": "TD", "iso_region": "TD-ND"}}, {"type": "Feature", "geometry": {"type": "Point", "coordinates": [20.844, 13.847]}, "properties": {"station_id": "FTTC", "temp_c": 31.0, "icao_code": "FTTC", "municipality": "Abeche", "iso_country": "TD", "iso_region": "TD-OD"}}, {"type": "Feature", "geometry": {"type": "Point", "coordinates": [18.374, 9.144]}, "properties": {"station_id": "FTTA", "temp_c": 25.0, "icao_code": "FTTA", "municipality": "Sarh", "iso_country": "TD", "iso_region": "TD-MC"}}, {"type": "Feature", "geometry": {"type": "Point", "coordinates": [-1.512, 12.356]}, "properties": {"station_id": "DFFD", "temp_c": 28.0, "icao_code": "DFFD", "municipality": "Ouagadougou", "iso_country": "BF", "iso_region": "BF-KAD"}}, {"type": "Feature", "geometry": {"type": "Point", "coordinates": [-48.964, -16.229]}, "properties": {"station_id": "SBAN", "temp_c": 21.0, "icao_code": "SBAN", "municipality": "An\u00e1polis", "iso_country": "BR", "iso_region": "BR-GO"}}, {"type": "Feature", "geometry": {"type": "Point", "coordinates": [-52.389, -15.861]}, "properties": {"station_id": "SBBW", "temp_c": 24.0, "icao_code": "SBBW", "municipality": "Barra do Gar\u00e7as", "iso_country": "BR", "iso_region": "BR-MT"}}, {"type": "Feature", "geometry": {"type": "Point", "coordinates": [1.254, 6.166]}, "properties": {"station_id": "DXXX", "temp_c": 28.0, "icao_code": "DXXX", "municipality": "Lom\u00e9", "iso_country": "TG", "iso_region": "TG-M"}}, {"type": "Feature", "geometry": {"type": "Point", "coordinates": [1.091, 9.767]}, "properties": {"station_id": "DXNG", "temp_c": 24.0, "icao_code": "DXNG", "municipality": "Niamtougou", "iso_country": "TG", "iso_region": "TG-K"}}, {"type": "Feature", "geometry": {"type": "Point", "coordinates": [1.153, 8.995]}, "properties": {"station_id": "DXSK", "temp_c": 25.0, "icao_code": "DXSK", "municipality": "Sokod\u00e9", "iso_country": "TG", "iso_region": "TG-C"}}, {"type": "Feature", "geometry": {"type": "Point", "coordinates": [43.272, -11.534]}, "properties": {"station_id": "FMCH", "temp_c": 30.0, "icao_code": "FMCH", "municipality": "Moroni", "iso_country": "KM", "iso_region": "KM-G"}}, {"type": "Feature", "geometry": {"type": "Point", "coordinates": [46.352, -15.667]}, "properties": {"station_id": "FMNM", "temp_c": 32.0, "icao_code": "FMNM", "municipality": "Mahajanga", "iso_country": "MG", "iso_region": "MG-M"}}, {"type": "Feature", "geometry": {"type": "Point", "coordinates": [46.956, -25.038]}, "properties": {"station_id": "FMSD", "temp_c": 27.0, "icao_code": "FMSD", "municipality": "T\u00f4lanaro", "iso_country": "MG", "iso_region": "MG-U"}}, {"type": "Feature", "geometry": {"type": "Point", "coordinates": [49.293, -12.35]}, "properties": {"station_id": "FMNA", "temp_c": 30.0, "icao_code": "FMNA", "municipality": "Antisiranana", "iso_country": "MG", "iso_region": "MG-D"}}, {"type": "Feature", "geometry": {"type": "Point", "coordinates": [-47.458, -5.53]}, "properties": {"station_id": "SBIZ", "temp_c": 24.0, "icao_code": "SBIZ", "municipality": "Imperatriz", "iso_country": "BR", "iso_region": "BR-MA"}}, {"type": "Feature", "geometry": {"type": "Point", "coordinates": [92.62, 23.841]}, "properties": {"station_id": "VELP", "temp_c": 19.0, "icao_code": "VELP", "municipality": "Aizawl (Lengpui)", "iso_country": "IN", "iso_region": "IN-MZ"}}, {"type": "Feature", "geometry": {"type": "Point", "coordinates": [18.116, -19.599]}, "properties": {"station_id": "FYGF", "temp_c": 18.0, "icao_code": "FYGF", "municipality": "Grootfontein", "iso_country": "NA", "iso_region": "NA-OD"}}, {"type": "Feature", "geometry": {"type": "Point", "coordinates": [24.177, -17.634]}, "properties": {"station_id": "FYKM", "temp_c": 20.0, "icao_code": "FYKM", "municipality": "Mpacha", "iso_country": "NA", "iso_region": "NA-CA"}}, {"type": "Feature", "geometry": {"type": "Point", "coordinates": [15.243, -26.687]}, "properties": {"station_id": "FYLZ", "temp_c": 13.0, "icao_code": "FYLZ", "municipality": "Luderitz", "iso_country": "NA", "iso_region": "NA-KA"}}, {"type": "Feature", "geometry": {"type": "Point", "coordinates": [19.724, -17.956]}, "properties": {"station_id": "FYRU", "temp_c": 19.0, "icao_code": "FYRU", "municipality": "Rundu", "iso_country": "NA", "iso_region": "NA-KE"}}, {"type": "Feature", "geometry": {"type": "Point", "coordinates": [14.645, -22.98]}, "properties": {"station_id": "FYWB", "temp_c": 12.0, "icao_code": "FYWB", "municipality": "Walvis Bay(Rooikop)", "iso_country": "NA", "iso_region": "NA-ER"}}, {"type": "Feature", "geometry": {"type": "Point", "coordinates": [16.447, -28.585]}, "properties": {"station_id": "FYOG", "temp_c": 11.0, "icao_code": "FYOG", "municipality": "Oranjemund", "iso_country": "NA", "iso_region": "NA-KA"}}, {"type": "Feature", "geometry": {"type": "Point", "coordinates": [33.428, -19.148]}, "properties": {"station_id": "FQCH", "temp_c": 21.0, "icao_code": "FQCH", "municipality": "Chimoio", "iso_country": "MZ", "iso_region": "MZ-B"}}, {"type": "Feature", "geometry": {"type": "Point", "coordinates": [-46.96, -19.563]}, "properties": {"station_id": "SBAX", "temp_c": 20.0, "icao_code": "SBAX", "municipality": "Arax\u00e1", "iso_country": "BR", "iso_region": "BR-MG"}}, {"type": "Feature", "geometry": {"type": "Point", "coordinates": [-51.427, -22.175]}, "properties": {"station_id": "SBDN", "temp_c": 21.0, "icao_code": "SBDN", "municipality": "Presidente Prudente", "iso_country": "BR", "iso_region": "BR-SP"}}, {"type": "Feature", "geometry": {"type": "Point", "coordinates": [-42.488, -19.471]}, "properties": {"station_id": "SBIP", "temp_c": 19.0, "icao_code": "SBIP", "municipality": "Ipatinga", "iso_country": "BR", "iso_region": "BR-MG"}}, {"type": "Feature", "geometry": {"type": "Point", "coordinates": [-41.766, -22.343]}, "properties": {"station_id": "SBME", "temp_c": 23.0, "icao_code": "SBME", "municipality": "Maca\u00e9", "iso_country": "BR", "iso_region": "BR-RJ"}}, {"type": "Feature", "geometry": {"type": "Point", "coordinates": [-49.407, -20.817]}, "properties": {"station_id": "SBSR", "temp_c": 21.0, "icao_code": "SBSR", "municipality": "S\u00e3o Jos\u00e9 do Rio Preto", "iso_country": "BR", "iso_region": "BR-SP"}}, {"type": "Feature", "geometry": {"type": "Point", "coordinates": [-48.226, -18.883]}, "properties": {"station_id": "SBUL", "temp_c": 22.0, "icao_code": "SBUL", "municipality": "Uberl\u00e2ndia", "iso_country": "BR", "iso_region": "BR-MG"}}, {"type": "Feature", "geometry": {"type": "Point", "coordinates": [-47.965, -19.765]}, "properties": {"station_id": "SBUR", "temp_c": 23.0, "icao_code": "SBUR", "municipality": "Uberaba", "iso_country": "BR", "iso_region": "BR-MG"}}, {"type": "Feature", "geometry": {"type": "Point", "coordinates": [177.071, -12.483]}, "properties": {"station_id": "NFNR", "temp_c": 29.0, "icao_code": "NFNR", "municipality": "Rotuma", "iso_country": "FJ", "iso_region": "FJ-R"}}, {"type": "Feature", "geometry": {"type": "Point", "coordinates": [111.827, 40.854]}, "properties": {"station_id": "ZBHH", "temp_c": 14.0, "icao_code": "ZBHH", "municipality": "Hohhot", "iso_country": "CN", "iso_region": "CN-15"}}, {"type": "Feature", "geometry": {"type": "Point", "coordinates": [76.019, 39.542]}, "properties": {"station_id": "ZWSH", "temp_c": 24.0, "icao_code": "ZWSH", "municipality": "Kashgar", "iso_country": "CN", "iso_region": "CN-65"}}, {"type": "Feature", "geometry": {"type": "Point", "coordinates": [114.697, 38.281]}, "properties": {"station_id": "ZBSJ", "temp_c": 20.0, "icao_code": "ZBSJ", "municipality": "Shijiazhuang", "iso_country": "CN", "iso_region": "CN-13"}}, {"type": "Feature", "geometry": {"type": "Point", "coordinates": [103.95, 30.576]}, "properties": {"station_id": "ZUUU", "temp_c": 18.0, "icao_code": "ZUUU", "municipality": "Chengdu (Shuangliu)", "iso_country": "CN", "iso_region": "CN-51"}}, {"type": "Feature", "geometry": {"type": "Point", "coordinates": [104.436, 30.304]}, "properties": {"station_id": "ZUTF", "temp_c": 17.0, "icao_code": "ZUTF", "municipality": "Chengdu (Jianyang)", "iso_country": "CN", "iso_region": "CN-51"}}, {"type": "Feature", "geometry": {"type": "Point", "coordinates": [-40.286, -20.258]}, "properties": {"station_id": "SBVT", "temp_c": 25.0, "icao_code": "SBVT", "municipality": "Vit\u00f3ria", "iso_country": "BR", "iso_region": "BR-ES"}}, {"type": "Feature", "geometry": {"type": "Point", "coordinates": [106.801, 26.538]}, "properties": {"station_id": "ZUGY", "temp_c": 15.0, "icao_code": "ZUGY", "municipality": "Guiyang (Nanming)", "iso_country": "CN", "iso_region": "CN-52"}}, {"type": "Feature", "geometry": {"type": "Point", "coordinates": [48.818, 38.746]}, "properties": {"station_id": "UBBL", "temp_c": 15.0, "icao_code": "UBBL", "municipality": "Lankaran", "iso_country": "AZ", "iso_region": "AZ-LA"}}, {"type": "Feature", "geometry": {"type": "Point", "coordinates": [120.087, 36.362]}, "properties": {"station_id": "ZSQD", "temp_c": 19.0, "icao_code": "ZSQD", "municipality": "Qingdao (Jiaozhou)", "iso_country": "CN", "iso_region": "CN-37"}}, {"type": "Feature", "geometry": {"type": "Point", "coordinates": [121.462, 29.827]}, "properties": {"station_id": "ZSNB", "temp_c": 20.0, "icao_code": "ZSNB", "municipality": "Ningbo", "iso_country": "CN", "iso_region": "CN-33"}}, {"type": "Feature", "geometry": {"type": "Point", "coordinates": [119.666, 25.936]}, "properties": {"station_id": "ZSFZ", "temp_c": 24.0, "icao_code": "ZSFZ", "municipality": "Fuzhou (Changle)", "iso_country": "CN", "iso_region": "CN-35"}}, {"type": "Feature", "geometry": {"type": "Point", "coordinates": [118.131, 24.546]}, "properties": {"station_id": "ZSAM", "temp_c": 28.0, "icao_code": "ZSAM", "municipality": "Xiamen", "iso_country": "CN", "iso_region": "CN-35"}}, {"type": "Feature", "geometry": {"type": "Point", "coordinates": [102.934, 25.107]}, "properties": {"station_id": "ZPPP", "temp_c": 18.0, "icao_code": "ZPPP", "municipality": "Kunming", "iso_country": "CN", "iso_region": "CN-53"}}, {"type": "Feature", "geometry": {"type": "Point", "coordinates": [108.752, 34.449]}, "properties": {"station_id": "ZLXY", "temp_c": 22.0, "icao_code": "ZLXY", "municipality": "Xianyang (Weicheng)", "iso_country": "CN", "iso_region": "CN-61"}}, {"type": "Feature", "geometry": {"type": "Point", "coordinates": [113.803, 22.639]}, "properties": {"station_id": "ZGSZ", "temp_c": 28.0, "icao_code": "ZGSZ", "municipality": "Shenzhen", "iso_country": "CN", "iso_region": "CN-44"}}, {"type": "Feature", "geometry": {"type": "Point", "coordinates": [121.004, 14.507]}, "properties": {"station_id": "RPLL", "temp_c": 35.0, "icao_code": "RPLL", "municipality": "Manila (Pasay)", "iso_country": "PH", "iso_region": "PH-00"}}, {"type": "Feature", "geometry": {"type": "Point", "coordinates": [120.35, 22.577]}, "properties": {"station_id": "RCKH", "temp_c": 30.0, "icao_code": "RCKH", "municipality": "Kaohsiung (Xiaogang)", "iso_country": "TW", "iso_region": "TW-KHH"}}, {"type": "Feature", "geometry": {"type": "Point", "coordinates": [121.233, 25.078]}, "properties": {"station_id": "RCTP", "temp_c": 29.0, "icao_code": "RCTP", "municipality": "Taoyuan", "iso_country": "TW", "iso_region": "TW-TAO"}}, {"type": "Feature", "geometry": {"type": "Point", "coordinates": [113.596, 22.141]}, "properties": {"station_id": "VMMC", "temp_c": 28.0, "icao_code": "VMMC", "municipality": "Nossa Senhora do Carmo", "iso_country": "MO", "iso_region": "MO-CAR"}}, {"type": "Feature", "geometry": {"type": "Point", "coordinates": [70.923, 20.714]}, "properties": {"station_id": "VADU", "temp_c": 30.0, "icao_code": "VADU", "municipality": "Diu", "iso_country": "IN", "iso_region": "IN-DH"}}, {"type": "Feature", "geometry": {"type": "Point", "coordinates": [-55.834, -27.221]}, "properties": {"station_id": "SGEN", "temp_c": 10.0, "icao_code": "SGEN", "municipality": "Encarnaci\u00f3n", "iso_country": "PY", "iso_region": "PY-7"}}, {"type": "Feature", "geometry": {"type": "Point", "coordinates": [79.055, 21.089]}, "properties": {"station_id": "VANP", "temp_c": 40.0, "icao_code": "VANP", "municipality": "Nagpur", "iso_country": "IN", "iso_region": "IN-MM"}}, {"type": "Feature", "geometry": {"type": "Point", "coordinates": [15.062, 32.324]}, "properties": {"station_id": "HLMS", "temp_c": 20.0, "icao_code": "HLMS", "municipality": "Misrata", "iso_country": "LY", "iso_region": "LY-MI"}}, {"type": "Feature", "geometry": {"type": "Point", "coordinates": [13.276, 32.894]}, "properties": {"station_id": "HLLM", "temp_c": 24.0, "icao_code": "HLLM", "municipality": "Tripoli", "iso_country": "LY", "iso_region": "LY-TB"}}, {"type": "Feature", "geometry": {"type": "Point", "coordinates": [73.896, 24.618]}, "properties": {"station_id": "VAUD", "temp_c": 37.0, "icao_code": "VAUD", "municipality": "Udaipur", "iso_country": "IN", "iso_region": "IN-RJ"}}, {"type": "Feature", "geometry": {"type": "Point", "coordinates": [57.684, -20.434]}, "properties": {"station_id": "FIMP", "temp_c": 24.0, "icao_code": "FIMP", "municipality": "Plaine Magnien", "iso_country": "MU", "iso_region": "MU-GP"}}, {"type": "Feature", "geometry": {"type": "Point", "coordinates": [146.766, -19.248]}, "properties": {"station_id": "YBTL", "temp_c": 28.0, "icao_code": "YBTL", "municipality": "Townsville", "iso_country": "AU", "iso_region": "AU-QLD"}}, {"type": "Feature", "geometry": {"type": "Point", "coordinates": [151.173, -33.946]}, "properties": {"station_id": "YSSY", "temp_c": 22.0, "icao_code": "YSSY", "municipality": "Sydney (Mascot)", "iso_country": "AU", "iso_region": "AU-NSW"}}, {"type": "Feature", "geometry": {"type": "Point", "coordinates": [115.976, -31.927]}, "properties": {"station_id": "YPPH", "temp_c": 20.0, "icao_code": "YPPH", "municipality": "Perth", "iso_country": "AU", "iso_region": "AU-WA"}}, {"type": "Feature", "geometry": {"type": "Point", "coordinates": [145.745, -16.874]}, "properties": {"station_id": "YBCS", "temp_c": 24.0, "icao_code": "YBCS", "municipality": "Cairns", "iso_country": "AU", "iso_region": "AU-QLD"}}, {"type": "Feature", "geometry": {"type": "Point", "coordinates": [153.13, -27.391]}, "properties": {"station_id": "YBBN", "temp_c": 23.0, "icao_code": "YBBN", "municipality": "Brisbane", "iso_country": "AU", "iso_region": "AU-QLD"}}, {"type": "Feature", "geometry": {"type": "Point", "coordinates": [138.52, -34.952]}, "properties": {"station_id": "YPAD", "temp_c": 25.0, "icao_code": "YPAD", "municipality": "Adelaide", "iso_country": "AU", "iso_region": "AU-SA"}}, {"type": "Feature", "geometry": {"type": "Point", "coordinates": [-7.221, 33.655]}, "properties": {"station_id": "GMMB", "temp_c": 16.0, "icao_code": "GMMB", "municipality": "Ben Slimane", "iso_country": "MA", "iso_region": "MA-06"}}, {"type": "Feature", "geometry": {"type": "Point", "coordinates": [2.483, 44.41]}, "properties": {"station_id": "LFCR", "temp_c": 12.0, "icao_code": "LFCR", "municipality": "Rodez/Marcillac", "iso_country": "FR", "iso_region": "FR-OCC"}}, {"type": "Feature", "geometry": {"type": "Point", "coordinates": [58.597, 51.07]}, "properties": {"station_id": "UWOR", "temp_c": 12.0, "icao_code": "UWOR", "municipality": "Orsk", "iso_country": "RU", "iso_region": "RU-ORE"}}, {"type": "Feature", "geometry": {"type": "Point", "coordinates": [48.236, 54.274]}, "properties": {"station_id": "UWLL", "temp_c": 6.0, "icao_code": "UWLL", "municipality": "Ulyanovsk", "iso_country": "RU", "iso_region": "RU-ULY"}}, {"type": "Feature", "geometry": {"type": "Point", "coordinates": [-55.474, -30.97]}, "properties": {"station_id": "SURV", "temp_c": 4.0, "icao_code": "SURV", "municipality": "Rivera/Santana do Livramento", "iso_country": "UY", "iso_region": "UY-RV"}}, {"type": "Feature", "geometry": {"type": "Point", "coordinates": [36.869, -17.858]}, "properties": {"station_id": "FQQL", "temp_c": 25.0, "icao_code": "FQQL", "municipality": "Quelimane", "iso_country": "MZ", "iso_region": "MZ-Q"}}, {"type": "Feature", "geometry": {"type": "Point", "coordinates": [47.652, 42.817]}, "properties": {"station_id": "URML", "temp_c": 13.0, "icao_code": "URML", "municipality": "Makhachkala", "iso_country": "RU", "iso_region": "RU-DA"}}, {"type": "Feature", "geometry": {"type": "Point", "coordinates": [86.878, 53.811]}, "properties": {"station_id": "UNWW", "temp_c": 12.0, "icao_code": "UNWW", "municipality": "Novokuznetsk", "iso_country": "RU", "iso_region": "RU-KEM"}}, {"type": "Feature", "geometry": {"type": "Point", "coordinates": [73.32, 54.964]}, "properties": {"station_id": "UNOO", "temp_c": 15.0, "icao_code": "UNOO", "municipality": "Omsk", "iso_country": "RU", "iso_region": "RU-OMS"}}, {"type": "Feature", "geometry": {"type": "Point", "coordinates": [47.662, 30.549]}, "properties": {"station_id": "ORMM", "temp_c": 28.0, "icao_code": "ORMM", "municipality": "Basra", "iso_country": "IQ", "iso_region": "IQ-BA"}}, {"type": "Feature", "geometry": {"type": "Point", "coordinates": [-37.07, -10.984]}, "properties": {"station_id": "SBAR", "temp_c": 27.0, "icao_code": "SBAR", "municipality": "Aracaju", "iso_country": "BR", "iso_region": "BR-SE"}}, {"type": "Feature", "geometry": {"type": "Point", "coordinates": [-40.565, -9.367]}, "properties": {"station_id": "SBPL", "temp_c": 24.0, "icao_code": "SBPL", "municipality": "Petrolina", "iso_country": "BR", "iso_region": "BR-PE"}}, {"type": "Feature", "geometry": {"type": "Point", "coordinates": [92.493, 56.173]}, "properties": {"station_id": "UNKL", "temp_c": 11.0, "icao_code": "UNKL", "municipality": "Krasnoyarsk", "iso_country": "RU", "iso_region": "RU-KYA"}}, {"type": "Feature", "geometry": {"type": "Point", "coordinates": [-43.261, -22.815]}, "properties": {"station_id": "SBGL", "temp_c": 26.0, "icao_code": "SBGL", "municipality": "Rio De Janeiro", "iso_country": "BR", "iso_region": "BR-RJ"}}, {"type": "Feature", "geometry": {"type": "Point", "coordinates": [20.583, 54.885]}, "properties": {"station_id": "UMKK", "temp_c": 6.0, "icao_code": "UMKK", "municipality": "Kaliningrad", "iso_country": "RU", "iso_region": "RU-KGD"}}, {"type": "Feature", "geometry": {"type": "Point", "coordinates": [28.397, 57.79]}, "properties": {"station_id": "ULOO", "temp_c": 5.0, "icao_code": "ULOO", "municipality": "Pskov", "iso_country": "RU", "iso_region": "RU-PSK"}}, {"type": "Feature", "geometry": {"type": "Point", "coordinates": [-57.519, -25.248]}, "properties": {"station_id": "SGAS", "temp_c": 12.0, "icao_code": "SGAS", "municipality": "Asunci\u00f3n", "iso_country": "PY", "iso_region": "PY-11"}}, {"type": "Feature", "geometry": {"type": "Point", "coordinates": [20.291, 44.824]}, "properties": {"station_id": "LYBE", "temp_c": 11.0, "icao_code": "LYBE", "municipality": "Belgrade", "iso_country": "RS", "iso_region": "RS-00"}}, {"type": "Feature", "geometry": {"type": "Point", "coordinates": [20.258, 44.935]}, "properties": {"station_id": "LYBT", "temp_c": 11.0, "icao_code": "LYBT", "municipality": "Zemun", "iso_country": "RS", "iso_region": "RS-00"}}, {"type": "Feature", "geometry": {"type": "Point", "coordinates": [40.525, -12.989]}, "properties": {"station_id": "FQPB", "temp_c": 27.0, "icao_code": "FQPB", "municipality": "Pemba", "iso_country": "MZ", "iso_region": "MZ-P"}}, {"type": "Feature", "geometry": {"type": "Point", "coordinates": [114.056, 62.538]}, "properties": {"station_id": "UERR", "temp_c": 10.0, "icao_code": "UERR", "municipality": "Mirny", "iso_country": "RU", "iso_region": "RU-SA"}}, {"type": "Feature", "geometry": {"type": "Point", "coordinates": [171.269, 7.065]}, "properties": {"station_id": "PKMJ", "temp_c": 26.0, "icao_code": "PKMJ", "municipality": "Majuro Atoll", "iso_country": "MH", "iso_region": "MH-MAJ"}}, {"type": "Feature", "geometry": {"type": "Point", "coordinates": [-89.1496, 41.3518]}, "properties": {"station_id": "KVYS", "temp_c": 14.0, "icao_code": "KVYS", "municipality": "Peru", "iso_country": "US", "iso_region": "US-IL"}}, {"type": "Feature", "geometry": {"type": "Point", "coordinates": [-76.281, 36.937]}, "properties": {"station_id": "KNGU", "temp_c": 7.2, "icao_code": "KNGU", "municipality": "Norfolk", "iso_country": "US", "iso_region": "US-VA"}}, {"type": "Feature", "geometry": {"type": "Point", "coordinates": [-71.694, -45.913]}, "properties": {"station_id": "SCBA", "temp_c": 6.0, "icao_code": "SCBA", "municipality": "Balmaceda", "iso_country": "CL", "iso_region": "CL-AI"}}, {"type": "Feature", "geometry": {"type": "Point", "coordinates": [-90.253, 43.938]}, "properties": {"station_id": "KVOK", "temp_c": 11.0, "icao_code": "KVOK", "municipality": "Camp Douglas", "iso_country": "US", "iso_region": "US-WI"}}, {"type": "Feature", "geometry": {"type": "Point", "coordinates": [-84.6724, 39.0444]}, "properties": {"station_id": "KCVG", "temp_c": 15.6, "icao_code": "KCVG", "municipality": "Cincinnati / Covington", "iso_country": "US", "iso_region": "US-KY"}}, {"type": "Feature", "geometry": {"type": "Point", "coordinates": [-87.9316, 41.9602]}, "properties": {"station_id": "KORD", "temp_c": 15.6, "icao_code": "KORD", "municipality": "Chicago", "iso_country": "US", "iso_region": "US-IL"}}, {"type": "Feature", "geometry": {"type": "Point", "coordinates": [-87.395, 46.341]}, "properties": {"station_id": "KSAW", "temp_c": 11.0, "icao_code": "KSAW", "municipality": "Gwinn", "iso_country": "US", "iso_region": "US-MI"}}, {"type": "Feature", "geometry": {"type": "Point", "coordinates": [-105.6729, 41.3165]}, "properties": {"station_id": "KLAR", "temp_c": -0.6, "icao_code": "KLAR", "municipality": "Laramie", "iso_country": "US", "iso_region": "US-WY"}}, {"type": "Feature", "geometry": {"type": "Point", "coordinates": [-94.1078, 36.3749]}, "properties": {"station_id": "KROG", "temp_c": 16.7, "icao_code": "KROG", "municipality": "Rogers", "iso_country": "US", "iso_region": "US-AR"}}, {"type": "Feature", "geometry": {"type": "Point", "coordinates": [-88.7507, 32.3348]}, "properties": {"station_id": "KMEI", "temp_c": 21.7, "icao_code": "KMEI", "municipality": "Meridian", "iso_country": "US", "iso_region": "US-MS"}}, {"type": "Feature", "geometry": {"type": "Point", "coordinates": [-85.1312, 31.9516]}, "properties": {"station_id": "KEUF", "temp_c": 19.4, "icao_code": "KEUF", "municipality": "Eufaula", "iso_country": "US", "iso_region": "US-AL"}}, {"type": "Feature", "geometry": {"type": "Point", "coordinates": [-107.2296, 40.4842]}, "properties": {"station_id": "KHDN", "temp_c": 0.0, "icao_code": "KHDN", "municipality": "Hayden", "iso_country": "US", "iso_region": "US-CO"}}, {"type": "Feature", "geometry": {"type": "Point", "coordinates": [-90.7398, 43.9581]}, "properties": {"station_id": "KCMY", "temp_c": 10.0, "icao_code": "KCMY", "municipality": "Sparta", "iso_country": "US", "iso_region": "US-WI"}}, {"type": "Feature", "geometry": {"type": "Point", "coordinates": [-111.6664, 35.1443]}, "properties": {"station_id": "KFLG", "temp_c": 3.9, "icao_code": "KFLG", "municipality": "Flagstaff", "iso_country": "US", "iso_region": "US-AZ"}}, {"type": "Feature", "geometry": {"type": "Point", "coordinates": [-114.6078, 32.66]}, "properties": {"station_id": "KNYL", "temp_c": 18.9, "icao_code": "KNYL", "municipality": "Yuma", "iso_country": "US", "iso_region": "US-AZ"}}, {"type": "Feature", "geometry": {"type": "Point", "coordinates": [-157.763, 21.45]}, "properties": {"station_id": "PHNG", "temp_c": 24.4, "icao_code": "PHNG", "municipality": "Kaneohe", "iso_country": "US", "iso_region": "US-HI"}}, {"type": "Feature", "geometry": {"type": "Point", "coordinates": [-87.639, 45.126]}, "properties": {"station_id": "KMNM", "temp_c": 15.0, "icao_code": "KMNM", "municipality": "Menominee", "iso_country": "US", "iso_region": "US-MI"}}, {"type": "Feature", "geometry": {"type": "Point", "coordinates": [-118.705, 39.417]}, "properties": {"station_id": "KNFL", "temp_c": 5.6, "icao_code": "KNFL", "municipality": "Fallon", "iso_country": "US", "iso_region": "US-NV"}}, {"type": "Feature", "geometry": {"type": "Point", "coordinates": [-87.425, 44.847]}, "properties": {"station_id": "KSUE", "temp_c": 12.8, "icao_code": "KSUE", "municipality": "Sturgeon Bay", "iso_country": "US", "iso_region": "US-WI"}}, {"type": "Feature", "geometry": {"type": "Point", "coordinates": [-81.8006, 28.8214]}, "properties": {"station_id": "KLEE", "temp_c": 17.8, "icao_code": "KLEE", "municipality": "Leesburg", "iso_country": "US", "iso_region": "US-FL"}}, {"type": "Feature", "geometry": {"type": "Point", "coordinates": [174.107, 52.711]}, "properties": {"station_id": "PASY", "temp_c": 3.0, "icao_code": "PASY", "municipality": "Shemya", "iso_country": "US", "iso_region": "US-AK"}}, {"type": "Feature", "geometry": {"type": "Point", "coordinates": [8.329, 50.048]}, "properties": {"station_id": "ETOU", "temp_c": 13.0, "icao_code": "ETOU", "municipality": "Wiesbaden", "iso_country": "DE", "iso_region": "DE-HE"}}, {"type": "Feature", "geometry": {"type": "Point", "coordinates": [-87.323, 30.356]}, "properties": {"station_id": "KNPA", "temp_c": 22.2, "icao_code": "KNPA", "municipality": "Pensacola", "iso_country": "US", "iso_region": "US-FL"}}, {"type": "Feature", "geometry": {"type": "Point", "coordinates": [-88.853, 38.3284]}, "properties": {"station_id": "KMVN", "temp_c": 16.7, "icao_code": "KMVN", "municipality": "Mount Vernon", "iso_country": "US", "iso_region": "US-IL"}}, {"type": "Feature", "geometry": {"type": "Point", "coordinates": [-97.81, 27.507]}, "properties": {"station_id": "KNQI", "temp_c": 26.1, "icao_code": "KNQI", "municipality": "Kingsville", "iso_country": "US", "iso_region": "US-TX"}}, {"type": "Feature", "geometry": {"type": "Point", "coordinates": [-79.3921, 35.2371]}, "properties": {"station_id": "KSOP", "temp_c": 11.7, "icao_code": "KSOP", "municipality": "Carthage", "iso_country": "US", "iso_region": "US-NC"}}, {"type": "Feature", "geometry": {"type": "Point", "coordinates": [-89.6655, 41.7432]}, "properties": {"station_id": "KSQI", "temp_c": 12.8, "icao_code": "KSQI", "municipality": "Rock Falls", "iso_country": "US", "iso_region": "US-IL"}}, {"type": "Feature", "geometry": {"type": "Point", "coordinates": [-76.7725, 40.1962]}, "properties": {"station_id": "KMDT", "temp_c": 12.2, "icao_code": "KMDT", "municipality": "Harrisburg", "iso_country": "US", "iso_region": "US-PA"}}, {"type": "Feature", "geometry": {"type": "Point", "coordinates": [-91.7393, 35.2134]}, "properties": {"station_id": "KSRC", "temp_c": 25.0, "icao_code": "KSRC", "municipality": "Searcy", "iso_country": "US", "iso_region": "US-AR"}}, {"type": "Feature", "geometry": {"type": "Point", "coordinates": [-119.3884, 36.3135]}, "properties": {"station_id": "KVIS", "temp_c": 14.4, "icao_code": "KVIS", "municipality": "Visalia", "iso_country": "US", "iso_region": "US-CA"}}, {"type": "Feature", "geometry": {"type": "Point", "coordinates": [-105.0097, 40.4427]}, "properties": {"station_id": "KFNL", "temp_c": 5.0, "icao_code": "KFNL", "municipality": "Loveland", "iso_country": "US", "iso_region": "US-CO"}}, {"type": "Feature", "geometry": {"type": "Point", "coordinates": [-90.4292, 37.7631]}, "properties": {"station_id": "KFAM", "temp_c": 17.2, "icao_code": "KFAM", "municipality": "Farmington", "iso_country": "US", "iso_region": "US-MO"}}, {"type": "Feature", "geometry": {"type": "Point", "coordinates": [-166.479, 65.33]}, "properties": {"station_id": "PFKT", "temp_c": 3.9, "icao_code": "PFKT", "municipality": "Brevig Mission", "iso_country": "US", "iso_region": "US-AK"}}, {"type": "Feature", "geometry": {"type": "Point", "coordinates": [-165.089, 60.537]}, "properties": {"station_id": "PAOO", "temp_c": 0.0, "icao_code": "PAOO", "municipality": "Toksook Bay", "iso_country": "US", "iso_region": "US-AK"}}, {"type": "Feature", "geometry": {"type": "Point", "coordinates": [-91.6518, 35.7259]}, "properties": {"station_id": "KBVX", "temp_c": 19.4, "icao_code": "KBVX", "municipality": "Batesville", "iso_country": "US", "iso_region": "US-AR"}}, {"type": "Feature", "geometry": {"type": "Point", "coordinates": [-163.5323, 63.0334]}, "properties": {"station_id": "PFKO", "temp_c": 3.3, "icao_code": "PFKO", "municipality": "Kotlik", "iso_country": "US", "iso_region": "US-AK"}}, {"type": "Feature", "geometry": {"type": "Point", "coordinates": [-69.6753, 44.5301]}, "properties": {"station_id": "KWVL", "temp_c": 4.4, "icao_code": "KWVL", "municipality": "Waterville", "iso_country": "US", "iso_region": "US-ME"}}, {"type": "Feature", "geometry": {"type": "Point", "coordinates": [-157.005, 58.704]}, "properties": {"station_id": "PFWS", "temp_c": 3.3, "icao_code": "PFWS", "municipality": "South Naknek", "iso_country": "US", "iso_region": "US-AK"}}, {"type": "Feature", "geometry": {"type": "Point", "coordinates": [-162.033, 61.865]}, "properties": {"station_id": "PADM", "temp_c": 3.3, "icao_code": "PADM", "municipality": "Marshall", "iso_country": "US", "iso_region": "US-AK"}}, {"type": "Feature", "geometry": {"type": "Point", "coordinates": [-118.3589, 37.3711]}, "properties": {"station_id": "KBIH", "temp_c": 9.4, "icao_code": "KBIH", "municipality": "Bishop", "iso_country": "US", "iso_region": "US-CA"}}, {"type": "Feature", "geometry": {"type": "Point", "coordinates": [-163.003, 69.735]}, "properties": {"station_id": "PPIZ", "temp_c": -8.3, "icao_code": "PPIZ", "municipality": "Point Lay", "iso_country": "US", "iso_region": "US-AK"}}, {"type": "Feature", "geometry": {"type": "Point", "coordinates": [-158.631, 56.959]}, "properties": {"station_id": "PAPH", "temp_c": 3.9, "icao_code": "PAPH", "municipality": "Port Heiden", "iso_country": "US", "iso_region": "US-AK"}}, {"type": "Feature", "geometry": {"type": "Point", "coordinates": [-77.6189, 34.8251]}, "properties": {"station_id": "KOAJ", "temp_c": 5.6, "icao_code": "KOAJ", "municipality": "Richlands", "iso_country": "US", "iso_region": "US-NC"}}, {"type": "Feature", "geometry": {"type": "Point", "coordinates": [-82.7092, 34.498]}, "properties": {"station_id": "KAND", "temp_c": 12.2, "icao_code": "KAND", "municipality": "Anderson", "iso_country": "US", "iso_region": "US-SC"}}, {"type": "Feature", "geometry": {"type": "Point", "coordinates": [-111.1615, 45.7876]}, "properties": {"station_id": "KBZN", "temp_c": -2.2, "icao_code": "KBZN", "municipality": "Bozeman", "iso_country": "US", "iso_region": "US-MT"}}, {"type": "Feature", "geometry": {"type": "Point", "coordinates": [-77.4406, 34.7062]}, "properties": {"station_id": "KNCA", "temp_c": 8.9, "icao_code": "KNCA", "municipality": "Jacksonville", "iso_country": "US", "iso_region": "US-NC"}}, {"type": "Feature", "geometry": {"type": "Point", "coordinates": [-83.9585, 33.9828]}, "properties": {"station_id": "KLZU", "temp_c": 14.4, "icao_code": "KLZU", "municipality": "Lawrenceville", "iso_country": "US", "iso_region": "US-GA"}}, {"type": "Feature", "geometry": {"type": "Point", "coordinates": [-109.6022, 31.4725]}, "properties": {"station_id": "KDUG", "temp_c": 16.1, "icao_code": "KDUG", "municipality": "Douglas Bisbee", "iso_country": "US", "iso_region": "US-AZ"}}, {"type": "Feature", "geometry": {"type": "Point", "coordinates": [-73.1353, 41.4741]}, "properties": {"station_id": "KOXC", "temp_c": 7.8, "icao_code": "KOXC", "municipality": "Oxford", "iso_country": "US", "iso_region": "US-CT"}}, {"type": "Feature", "geometry": {"type": "Point", "coordinates": [-124.238, 41.7836]}, "properties": {"station_id": "KCEC", "temp_c": 11.1, "icao_code": "KCEC", "municipality": "Crescent City", "iso_country": "US", "iso_region": "US-CA"}}, {"type": "Feature", "geometry": {"type": "Point", "coordinates": [-97.275, 38.0621]}, "properties": {"station_id": "KEWK", "temp_c": 9.4, "icao_code": "KEWK", "municipality": "Newton", "iso_country": "US", "iso_region": "US-KS"}}, {"type": "Feature", "geometry": {"type": "Point", "coordinates": [-162.272, 64.616]}, "properties": {"station_id": "PFEL", "temp_c": 4.4, "icao_code": "PFEL", "municipality": "Elim", "iso_country": "US", "iso_region": "US-AK"}}, {"type": "Feature", "geometry": {"type": "Point", "coordinates": [-161.82, 59.011]}, "properties": {"station_id": "PAPM", "temp_c": 2.8, "icao_code": "PAPM", "municipality": "Platinum", "iso_country": "US", "iso_region": "US-AK"}}, {"type": "Feature", "geometry": {"type": "Point", "coordinates": [-163.013, 64.548]}, "properties": {"station_id": "PAGL", "temp_c": 3.9, "icao_code": "PAGL", "municipality": "Golovin", "iso_country": "US", "iso_region": "US-AK"}}, {"type": "Feature", "geometry": {"type": "Point", "coordinates": [-97.3807, 42.9141]}, "properties": {"station_id": "KYKN", "temp_c": 5.0, "icao_code": "KYKN", "municipality": "Yankton", "iso_country": "US", "iso_region": "US-SD"}}, {"type": "Feature", "geometry": {"type": "Point", "coordinates": [-114.6184, 34.7678]}, "properties": {"station_id": "KEED", "temp_c": 20.0, "icao_code": "KEED", "municipality": "Needles", "iso_country": "US", "iso_region": "US-CA"}}, {"type": "Feature", "geometry": {"type": "Point", "coordinates": [-158.526, 58.837]}, "properties": {"station_id": "PFCL", "temp_c": 2.8, "icao_code": "PFCL", "municipality": "Clarks Point", "iso_country": "US", "iso_region": "US-AK"}}, {"type": "Feature", "geometry": {"type": "Point", "coordinates": [-76.0261, 43.9888]}, "properties": {"station_id": "KART", "temp_c": 16.1, "icao_code": "KART", "municipality": "Watertown", "iso_country": "US", "iso_region": "US-NY"}}, {"type": "Feature", "geometry": {"type": "Point", "coordinates": [-81.6937, 30.4953]}, "properties": {"station_id": "KJAX", "temp_c": 18.9, "icao_code": "KJAX", "municipality": "Jacksonville", "iso_country": "US", "iso_region": "US-FL"}}, {"type": "Feature", "geometry": {"type": "Point", "coordinates": [-171.735, 63.777]}, "properties": {"station_id": "PAGM", "temp_c": 0.0, "icao_code": "PAGM", "municipality": "Gambell", "iso_country": "US", "iso_region": "US-AK"}}, {"type": "Feature", "geometry": {"type": "Point", "coordinates": [-159.773, 62.191]}, "properties": {"station_id": "PAHC", "temp_c": 5.6, "icao_code": "PAHC", "municipality": "Holy Cross", "iso_country": "US", "iso_region": "US-AK"}}, {"type": "Feature", "geometry": {"type": "Point", "coordinates": [-94.7081, 31.5809]}, "properties": {"station_id": "KOCH", "temp_c": 24.4, "icao_code": "KOCH", "municipality": "Nacogdoches", "iso_country": "US", "iso_region": "US-TX"}}, {"type": "Feature", "geometry": {"type": "Point", "coordinates": [-166.138, 61.519]}, "properties": {"station_id": "PAHP", "temp_c": 0.6, "icao_code": "PAHP", "municipality": "Hooper Bay", "iso_country": "US", "iso_region": "US-AK"}}, {"type": "Feature", "geometry": {"type": "Point", "coordinates": [-79.059, 34.6082]}, "properties": {"station_id": "KLBT", "temp_c": 10.0, "icao_code": "KLBT", "municipality": "Lumberton", "iso_country": "US", "iso_region": "US-NC"}}, {"type": "Feature", "geometry": {"type": "Point", "coordinates": [-132.825, 55.202]}, "properties": {"station_id": "PAHY", "temp_c": 7.2, "icao_code": "PAHY", "municipality": "Hydaburg", "iso_country": "US", "iso_region": "US-AK"}}, {"type": "Feature", "geometry": {"type": "Point", "coordinates": [-132.377, 56.486]}, "properties": {"station_id": "PAWG", "temp_c": 7.2, "icao_code": "PAWG", "municipality": "Wrangell", "iso_country": "US", "iso_region": "US-AK"}}, {"type": "Feature", "geometry": {"type": "Point", "coordinates": [-161.024, 66.819]}, "properties": {"station_id": "PFNO", "temp_c": 7.2, "icao_code": "PFNO", "municipality": "Noorvik", "iso_country": "US", "iso_region": "US-AK"}}, {"type": "Feature", "geometry": {"type": "Point", "coordinates": [-157.375, 58.186]}, "properties": {"station_id": "PAII", "temp_c": 2.2, "icao_code": "PAII", "municipality": "Egegik", "iso_country": "US", "iso_region": "US-AK"}}, {"type": "Feature", "geometry": {"type": "Point", "coordinates": [-162.271, 55.115]}, "properties": {"station_id": "PAVC", "temp_c": 3.3, "icao_code": "PAVC", "municipality": "King Cove", "iso_country": "US", "iso_region": "US-AK"}}, {"type": "Feature", "geometry": {"type": "Point", "coordinates": [-165.604, 61.537]}, "properties": {"station_id": "PAVA", "temp_c": 1.1, "icao_code": "PAVA", "municipality": "Chevak", "iso_country": "US", "iso_region": "US-AK"}}, {"type": "Feature", "geometry": {"type": "Point", "coordinates": [-113.5034, 37.0444]}, "properties": {"station_id": "KSGU", "temp_c": 14.4, "icao_code": "KSGU", "municipality": "St George", "iso_country": "US", "iso_region": "US-UT"}}, {"type": "Feature", "geometry": {"type": "Point", "coordinates": [-156.92, 64.738]}, "properties": {"station_id": "PAGA", "temp_c": 6.1, "icao_code": "PAGA", "municipality": "Galena", "iso_country": "US", "iso_region": "US-AK"}}, {"type": "Feature", "geometry": {"type": "Point", "coordinates": [-157.428, 70.469]}, "properties": {"station_id": "PATQ", "temp_c": -6.1, "icao_code": "PATQ", "municipality": "Atqasuk", "iso_country": "US", "iso_region": "US-AK"}}, {"type": "Feature", "geometry": {"type": "Point", "coordinates": [-168.093, 65.621]}, "properties": {"station_id": "PAIW", "temp_c": -1.1, "icao_code": "PAIW", "municipality": "Wales", "iso_country": "US", "iso_region": "US-AK"}}, {"type": "Feature", "geometry": {"type": "Point", "coordinates": [-115.7863, 40.824]}, "properties": {"station_id": "KEKO", "temp_c": 4.4, "icao_code": "KEKO", "municipality": "Elko", "iso_country": "US", "iso_region": "US-NV"}}, {"type": "Feature", "geometry": {"type": "Point", "coordinates": [-94.182, 42.549]}, "properties": {"station_id": "KFOD", "temp_c": 7.8, "icao_code": "KFOD", "municipality": "Fort Dodge", "iso_country": "US", "iso_region": "US-IA"}}, {"type": "Feature", "geometry": {"type": "Point", "coordinates": [-135.707, 58.425]}, "properties": {"station_id": "PAGS", "temp_c": 6.1, "icao_code": "PAGS", "municipality": "Gustavus", "iso_country": "US", "iso_region": "US-AK"}}, {"type": "Feature", "geometry": {"type": "Point", "coordinates": [-72.2695, 42.898]}, "properties": {"station_id": "KEEN", "temp_c": 5.6, "icao_code": "KEEN", "municipality": "Keene", "iso_country": "US", "iso_region": "US-NH"}}, {"type": "Feature", "geometry": {"type": "Point", "coordinates": [-94.4168, 43.6455]}, "properties": {"station_id": "KFRM", "temp_c": 6.7, "icao_code": "KFRM", "municipality": "Fairmont", "iso_country": "US", "iso_region": "US-MN"}}, {"type": "Feature", "geometry": {"type": "Point", "coordinates": [-161.217, 64.367]}, "properties": {"station_id": "PFSH", "temp_c": 2.8, "icao_code": "PFSH", "municipality": "Shaktoolik", "iso_country": "US", "iso_region": "US-AK"}}, {"type": "Feature", "geometry": {"type": "Point", "coordinates": [-91.3381, 29.71]}, "properties": {"station_id": "KPTN", "temp_c": 23.9, "icao_code": "KPTN", "municipality": "Patterson", "iso_country": "US", "iso_region": "US-LA"}}, {"type": "Feature", "geometry": {"type": "Point", "coordinates": [-86.0917, 33.9686]}, "properties": {"station_id": "KGAD", "temp_c": 21.7, "icao_code": "KGAD", "municipality": "Gadsden", "iso_country": "US", "iso_region": "US-AL"}}, {"type": "Feature", "geometry": {"type": "Point", "coordinates": [-119.0629, 36.0273]}, "properties": {"station_id": "KPTV", "temp_c": 11.7, "icao_code": "KPTV", "municipality": "Porterville", "iso_country": "US", "iso_region": "US-CA"}}, {"type": "Feature", "geometry": {"type": "Point", "coordinates": [-142.954, 63.329]}, "properties": {"station_id": "PFTO", "temp_c": 7.2, "icao_code": "PFTO", "municipality": "Tok", "iso_country": "US", "iso_region": "US-AK"}}, {"type": "Feature", "geometry": {"type": "Point", "coordinates": [-160.34, 61.538]}, "properties": {"station_id": "PALG", "temp_c": 3.3, "icao_code": "PALG", "municipality": "Kalskag", "iso_country": "US", "iso_region": "US-AK"}}, {"type": "Feature", "geometry": {"type": "Point", "coordinates": [-72.9517, 43.53]}, "properties": {"station_id": "KRUT", "temp_c": 10.6, "icao_code": "KRUT", "municipality": "Rutland", "iso_country": "US", "iso_region": "US-VT"}}, {"type": "Feature", "geometry": {"type": "Point", "coordinates": [-77.522, 37.407]}, "properties": {"station_id": "KFCI", "temp_c": 7.2, "icao_code": "KFCI", "municipality": "North Chesterfield", "iso_country": "US", "iso_region": "US-VA"}}, {"type": "Feature", "geometry": {"type": "Point", "coordinates": [-113.8833, 45.1283]}, "properties": {"station_id": "KSMN", "temp_c": 1.1, "icao_code": "KSMN", "municipality": "Salmon", "iso_country": "US", "iso_region": "US-ID"}}, {"type": "Feature", "geometry": {"type": "Point", "coordinates": [-95.5759, 43.6525]}, "properties": {"station_id": "KOTG", "temp_c": 5.0, "icao_code": "KOTG", "municipality": "Worthington", "iso_country": "US", "iso_region": "US-MN"}}, {"type": "Feature", "geometry": {"type": "Point", "coordinates": [-159.05, 58.986]}, "properties": {"station_id": "PAMB", "temp_c": 3.9, "icao_code": "PAMB", "municipality": "Manokotak", "iso_country": "US", "iso_region": "US-AK"}}, {"type": "Feature", "geometry": {"type": "Point", "coordinates": [-121.1407, 44.2558]}, "properties": {"station_id": "KRDM", "temp_c": 7.8, "icao_code": "KRDM", "municipality": "Redmond", "iso_country": "US", "iso_region": "US-OR"}}, {"type": "Feature", "geometry": {"type": "Point", "coordinates": [-146.317, 59.442]}, "properties": {"station_id": "PAMD", "temp_c": 5.0, "icao_code": "PAMD", "municipality": "Middleton Island", "iso_country": "US", "iso_region": "US-AK"}}, {"type": "Feature", "geometry": {"type": "Point", "coordinates": [-77.1653, 39.1696]}, "properties": {"station_id": "KGAI", "temp_c": 10.0, "icao_code": "KGAI", "municipality": "Gaithersburg", "iso_country": "US", "iso_region": "US-MD"}}, {"type": "Feature", "geometry": {"type": "Point", "coordinates": [-152.292, 63.889]}, "properties": {"station_id": "PAMH", "temp_c": 7.2, "icao_code": "PAMH", "municipality": "Minchumina", "iso_country": "US", "iso_region": "US-AK"}}, {"type": "Feature", "geometry": {"type": "Point", "coordinates": [-70.2183, 42.0743]}, "properties": {"station_id": "KPVC", "temp_c": 6.1, "icao_code": "KPVC", "municipality": "Provincetown", "iso_country": "US", "iso_region": "US-MA"}}, {"type": "Feature", "geometry": {"type": "Point", "coordinates": [-131.578, 55.131]}, "properties": {"station_id": "PAMM", "temp_c": 8.9, "icao_code": "PAMM", "municipality": "Metlakatla", "iso_country": "US", "iso_region": "US-AK"}}, {"type": "Feature", "geometry": {"type": "Point", "coordinates": [-160.191, 62.647]}, "properties": {"station_id": "PANV", "temp_c": 4.4, "icao_code": "PANV", "municipality": "Anvik", "iso_country": "US", "iso_region": "US-AK"}}, {"type": "Feature", "geometry": {"type": "Point", "coordinates": [-90.1874, 43.2111]}, "properties": {"station_id": "KLNR", "temp_c": 11.1, "icao_code": "KLNR", "municipality": "Spring Green", "iso_country": "US", "iso_region": "US-WI"}}, {"type": "Feature", "geometry": {"type": "Point", "coordinates": [-76.452, 36.7824]}, "properties": {"station_id": "KPVG", "temp_c": 2.8, "icao_code": "KPVG", "municipality": "Chesapeake", "iso_country": "US", "iso_region": "US-VA"}}, {"type": "Feature", "geometry": {"type": "Point", "coordinates": [-110.7221, 35.0279]}, "properties": {"station_id": "KINW", "temp_c": 7.2, "icao_code": "KINW", "municipality": "Winslow", "iso_country": "US", "iso_region": "US-AZ"}}, {"type": "Feature", "geometry": {"type": "Point", "coordinates": [-81.118, 33.9422]}, "properties": {"station_id": "KCAE", "temp_c": 12.2, "icao_code": "KCAE", "municipality": "Columbia", "iso_country": "US", "iso_region": "US-SC"}}, {"type": "Feature", "geometry": {"type": "Point", "coordinates": [-132.935, 56.805]}, "properties": {"station_id": "PAPG", "temp_c": 5.6, "icao_code": "PAPG", "municipality": "Petersburg", "iso_country": "US", "iso_region": "US-AK"}}, {"type": "Feature", "geometry": {"type": "Point", "coordinates": [-115.1634, 36.0719]}, "properties": {"station_id": "KLAS", "temp_c": 17.8, "icao_code": "KLAS", "municipality": "Las Vegas", "iso_country": "US", "iso_region": "US-NV"}}, {"type": "Feature", "geometry": {"type": "Point", "coordinates": [-84.4589, 42.259]}, "properties": {"station_id": "KJXN", "temp_c": 15.0, "icao_code": "KJXN", "municipality": "Jackson", "iso_country": "US", "iso_region": "US-MI"}}, {"type": "Feature", "geometry": {"type": "Point", "coordinates": [-122.7594, 47.4942]}, "properties": {"station_id": "KPWT", "temp_c": 9.4, "icao_code": "KPWT", "municipality": "Bremerton", "iso_country": "US", "iso_region": "US-WA"}}, {"type": "Feature", "geometry": {"type": "Point", "coordinates": [-145.243, 66.572]}, "properties": {"station_id": "PFYU", "temp_c": 7.2, "icao_code": "PFYU", "municipality": "Fort Yukon", "iso_country": "US", "iso_region": "US-AK"}}, {"type": "Feature", "geometry": {"type": "Point", "coordinates": [-159.1595, 55.9096]}, "properties": {"station_id": "PAPE", "temp_c": 3.9, "icao_code": "PAPE", "municipality": "Perryville", "iso_country": "US", "iso_region": "US-AK"}}, {"type": "Feature", "geometry": {"type": "Point", "coordinates": [-80.0407, 32.8995]}, "properties": {"station_id": "KCHS", "temp_c": 11.7, "icao_code": "KCHS", "municipality": "Charleston", "iso_country": "US", "iso_region": "US-SC"}}, {"type": "Feature", "geometry": {"type": "Point", "coordinates": [-115.1343, 35.9657]}, "properties": {"station_id": "KHND", "temp_c": 14.4, "icao_code": "KHND", "municipality": "Las Vegas", "iso_country": "US", "iso_region": "US-NV"}}, {"type": "Feature", "geometry": {"type": "Point", "coordinates": [-93.8244, 32.4473]}, "properties": {"station_id": "KSHV", "temp_c": 24.0, "icao_code": "KSHV", "municipality": "Shreveport", "iso_country": "US", "iso_region": "US-LA"}}, {"type": "Feature", "geometry": {"type": "Point", "coordinates": [-99.2742, 38.8392]}, "properties": {"station_id": "KHYS", "temp_c": 6.7, "icao_code": "KHYS", "municipality": "Hays", "iso_country": "US", "iso_region": "US-KS"}}, {"type": "Feature", "geometry": {"type": "Point", "coordinates": [-156.353, 65.699]}, "properties": {"station_id": "PAHL", "temp_c": 7.8, "icao_code": "PAHL", "municipality": "Huslia", "iso_country": "US", "iso_region": "US-AK"}}, {"type": "Feature", "geometry": {"type": "Point", "coordinates": [-157.325, 59.451]}, "properties": {"station_id": "PANW", "temp_c": 2.2, "icao_code": "PANW", "municipality": "New Stuyahok", "iso_country": "US", "iso_region": "US-AK"}}, {"type": "Feature", "geometry": {"type": "Point", "coordinates": [-96.7539, 43.5775]}, "properties": {"station_id": "KFSD", "temp_c": 5.0, "icao_code": "KFSD", "municipality": "Sioux Falls", "iso_country": "US", "iso_region": "US-SD"}}, {"type": "Feature", "geometry": {"type": "Point", "coordinates": [-114.0312, 40.7211]}, "properties": {"station_id": "KENV", "temp_c": 8.3, "icao_code": "KENV", "municipality": "Wendover", "iso_country": "US", "iso_region": "US-UT"}}, {"type": "Feature", "geometry": {"type": "Point", "coordinates": [-72.0489, 41.3279]}, "properties": {"station_id": "KGON", "temp_c": 5.0, "icao_code": "KGON", "municipality": "Groton", "iso_country": "US", "iso_region": "US-CT"}}, {"type": "Feature", "geometry": {"type": "Point", "coordinates": [-98.6704, 46.9259]}, "properties": {"station_id": "KJMS", "temp_c": 2.8, "icao_code": "KJMS", "municipality": "Jamestown", "iso_country": "US", "iso_region": "US-ND"}}, {"type": "Feature", "geometry": {"type": "Point", "coordinates": [-85.7308, 38.1774]}, "properties": {"station_id": "KSDF", "temp_c": 16.7, "icao_code": "KSDF", "municipality": "Louisville", "iso_country": "US", "iso_region": "US-KY"}}, {"type": "Feature", "geometry": {"type": "Point", "coordinates": [-118.0088, 45.2906]}, "properties": {"station_id": "KLGD", "temp_c": 2.8, "icao_code": "KLGD", "municipality": "La Grande", "iso_country": "US", "iso_region": "US-OR"}}, {"type": "Feature", "geometry": {"type": "Point", "coordinates": [-158.0752, 64.7304]}, "properties": {"station_id": "PANU", "temp_c": 5.0, "icao_code": "PANU", "municipality": "Nulato", "iso_country": "US", "iso_region": "US-AK"}}, {"type": "Feature", "geometry": {"type": "Point", "coordinates": [-122.898, 46.118]}, "properties": {"station_id": "KKLS", "temp_c": 10.6, "icao_code": "KKLS", "municipality": "Kelso", "iso_country": "US", "iso_region": "US-WA"}}, {"type": "Feature", "geometry": {"type": "Point", "coordinates": [-106.9176, 39.6448]}, "properties": {"station_id": "KEGE", "temp_c": 5.6, "icao_code": "KEGE", "municipality": "Eagle", "iso_country": "US", "iso_region": "US-CO"}}, {"type": "Feature", "geometry": {"type": "Point", "coordinates": [-70.2853, 44.0444]}, "properties": {"station_id": "KLEW", "temp_c": 5.0, "icao_code": "KLEW", "municipality": "Auburn/Lewiston", "iso_country": "US", "iso_region": "US-ME"}}, {"type": "Feature", "geometry": {"type": "Point", "coordinates": [-71.4254, 43.5718]}, "properties": {"station_id": "KLCI", "temp_c": 6.7, "icao_code": "KLCI", "municipality": "Laconia / Gilford", "iso_country": "US", "iso_region": "US-NH"}}, {"type": "Feature", "geometry": {"type": "Point", "coordinates": [-84.4773, 46.2531]}, "properties": {"station_id": "KCIU", "temp_c": 10.6, "icao_code": "KCIU", "municipality": "Kincheloe", "iso_country": "US", "iso_region": "US-MI"}}, {"type": "Feature", "geometry": {"type": "Point", "coordinates": [-177.382, 28.206]}, "properties": {"station_id": "PMDY", "temp_c": 18.9, "icao_code": "PMDY", "municipality": "Sand Island", "iso_country": "UM", "iso_region": "UM-71"}}, {"type": "Feature", "geometry": {"type": "Point", "coordinates": [-89.3384, 31.4727]}, "properties": {"station_id": "KPIB", "temp_c": 21.1, "icao_code": "KPIB", "municipality": "Moselle", "iso_country": "US", "iso_region": "US-MS"}}, {"type": "Feature", "geometry": {"type": "Point", "coordinates": [-70.2697, 41.6719]}, "properties": {"station_id": "KHYA", "temp_c": 5.6, "icao_code": "KHYA", "municipality": "Hyannis", "iso_country": "US", "iso_region": "US-MA"}}, {"type": "Feature", "geometry": {"type": "Point", "coordinates": [-109.0268, 44.52]}, "properties": {"station_id": "KCOD", "temp_c": 0.0, "icao_code": "KCOD", "municipality": "Cody", "iso_country": "US", "iso_region": "US-WY"}}, {"type": "Feature", "geometry": {"type": "Point", "coordinates": [-99.0086, 40.7193]}, "properties": {"station_id": "KEAR", "temp_c": 6.1, "icao_code": "KEAR", "municipality": "Kearney", "iso_country": "US", "iso_region": "US-NE"}}, {"type": "Feature", "geometry": {"type": "Point", "coordinates": [-98.9034, 48.1136]}, "properties": {"station_id": "KDVL", "temp_c": 1.7, "icao_code": "KDVL", "municipality": "Devils Lake", "iso_country": "US", "iso_region": "US-ND"}}, {"type": "Feature", "geometry": {"type": "Point", "coordinates": [-149.511, 61.416]}, "properties": {"station_id": "PABV", "temp_c": 6.7, "icao_code": "PABV", "municipality": "Birchwood", "iso_country": "US", "iso_region": "US-AK"}}, {"type": "Feature", "geometry": {"type": "Point", "coordinates": [-74.297, 39.9235]}, "properties": {"station_id": "KMJX", "temp_c": 2.2, "icao_code": "KMJX", "municipality": "Toms River", "iso_country": "US", "iso_region": "US-NJ"}}, {"type": "Feature", "geometry": {"type": "Point", "coordinates": [-111.7252, 40.224]}, "properties": {"station_id": "KPVU", "temp_c": 3.9, "icao_code": "KPVU", "municipality": "Provo", "iso_country": "US", "iso_region": "US-UT"}}, {"type": "Feature", "geometry": {"type": "Point", "coordinates": [-82.1526, 34.254]}, "properties": {"station_id": "KGRD", "temp_c": 12.2, "icao_code": "KGRD", "municipality": "Greenwood", "iso_country": "US", "iso_region": "US-SC"}}, {"type": "Feature", "geometry": {"type": "Point", "coordinates": [-79.9568, 40.7765]}, "properties": {"station_id": "KBTP", "temp_c": 15.0, "icao_code": "KBTP", "municipality": "Butler", "iso_country": "US", "iso_region": "US-PA"}}, {"type": "Feature", "geometry": {"type": "Point", "coordinates": [-90.126, 46.5321]}, "properties": {"station_id": "KIWD", "temp_c": 6.1, "icao_code": "KIWD", "municipality": "Ironwood", "iso_country": "US", "iso_region": "US-MI"}}, {"type": "Feature", "geometry": {"type": "Point", "coordinates": [-93.9179, 44.2184]}, "properties": {"station_id": "KMKT", "temp_c": 6.7, "icao_code": "KMKT", "municipality": "Mankato", "iso_country": "US", "iso_region": "US-MN"}}, {"type": "Feature", "geometry": {"type": "Point", "coordinates": [132.236, 34.144]}, "properties": {"station_id": "RJOI", "temp_c": 22.8, "icao_code": "RJOI", "municipality": "Iwakuni", "iso_country": "JP", "iso_region": "JP-35"}}, {"type": "Feature", "geometry": {"type": "Point", "coordinates": [-97.6885, 31.084]}, "properties": {"station_id": "KILE", "temp_c": 25.0, "icao_code": "KILE", "municipality": "Killeen", "iso_country": "US", "iso_region": "US-TX"}}, {"type": "Feature", "geometry": {"type": "Point", "coordinates": [-87.022, 30.728]}, "properties": {"station_id": "KNSE", "temp_c": 20.0, "icao_code": "KNSE", "municipality": "Milton", "iso_country": "US", "iso_region": "US-FL"}}, {"type": "Feature", "geometry": {"type": "Point", "coordinates": [-81.674, 25.999]}, "properties": {"station_id": "KMKY", "temp_c": 21.7, "icao_code": "KMKY", "municipality": "Marco Island", "iso_country": "US", "iso_region": "US-FL"}}, {"type": "Feature", "geometry": {"type": "Point", "coordinates": [-95.8215, 44.4504]}, "properties": {"station_id": "KMML", "temp_c": 5.6, "icao_code": "KMML", "municipality": "Marshall", "iso_country": "US", "iso_region": "US-MN"}}, {"type": "Feature", "geometry": {"type": "Point", "coordinates": [-120.644, 35.2381]}, "properties": {"station_id": "KSBP", "temp_c": 11.1, "icao_code": "KSBP", "municipality": "San Luis Obispo", "iso_country": "US", "iso_region": "US-CA"}}, {"type": "Feature", "geometry": {"type": "Point", "coordinates": [-86.5144, 36.0029]}, "properties": {"station_id": "KMQY", "temp_c": 23.3, "icao_code": "KMQY", "municipality": "Smyrna", "iso_country": "US", "iso_region": "US-TN"}}, {"type": "Feature", "geometry": {"type": "Point", "coordinates": [-72.8674, 40.8212]}, "properties": {"station_id": "KHWV", "temp_c": 3.9, "icao_code": "KHWV", "municipality": "Shirley", "iso_country": "US", "iso_region": "US-NY"}}, {"type": "Feature", "geometry": {"type": "Point", "coordinates": [-158.507, 59.04]}, "properties": {"station_id": "PADL", "temp_c": 4.4, "icao_code": "PADL", "municipality": "Dillingham", "iso_country": "US", "iso_region": "US-AK"}}, {"type": "Feature", "geometry": {"type": "Point", "coordinates": [-74.9079, 39.0108]}, "properties": {"station_id": "KWWD", "temp_c": 4.4, "icao_code": "KWWD", "municipality": "Wildwood", "iso_country": "US", "iso_region": "US-NJ"}}, {"type": "Feature", "geometry": {"type": "Point", "coordinates": [-87.0893, 45.7225]}, "properties": {"station_id": "KESC", "temp_c": 8.9, "icao_code": "KESC", "municipality": "Escanaba", "iso_country": "US", "iso_region": "US-MI"}}, {"type": "Feature", "geometry": {"type": "Point", "coordinates": [-86.998, 41.4535]}, "properties": {"station_id": "KVPZ", "temp_c": 15.6, "icao_code": "KVPZ", "municipality": "Valparaiso", "iso_country": "US", "iso_region": "US-IN"}}, {"type": "Feature", "geometry": {"type": "Point", "coordinates": [-77.9842, 42.1077]}, "properties": {"station_id": "KELZ", "temp_c": 12.2, "icao_code": "KELZ", "municipality": "Wellsville", "iso_country": "US", "iso_region": "US-NY"}}, {"type": "Feature", "geometry": {"type": "Point", "coordinates": [-124.2902, 42.0754]}, "properties": {"station_id": "KBOK", "temp_c": 9.4, "icao_code": "KBOK", "municipality": "Brookings", "iso_country": "US", "iso_region": "US-OR"}}, {"type": "Feature", "geometry": {"type": "Point", "coordinates": [-111.7725, 32.9531]}, "properties": {"station_id": "KCGZ", "temp_c": 19.4, "icao_code": "KCGZ", "municipality": "Casa Grande", "iso_country": "US", "iso_region": "US-AZ"}}, {"type": "Feature", "geometry": {"type": "Point", "coordinates": [-123.001, 44.9049]}, "properties": {"station_id": "KSLE", "temp_c": 10.6, "icao_code": "KSLE", "municipality": "Salem", "iso_country": "US", "iso_region": "US-OR"}}, {"type": "Feature", "geometry": {"type": "Point", "coordinates": [-88.9144, 40.4777]}, "properties": {"station_id": "KBMI", "temp_c": 15.0, "icao_code": "KBMI", "municipality": "Bloomington/Normal", "iso_country": "US", "iso_region": "US-IL"}}, {"type": "Feature", "geometry": {"type": "Point", "coordinates": [-149.538, 61.571]}, "properties": {"station_id": "PAWS", "temp_c": 8.3, "icao_code": "PAWS", "municipality": "Wasilla", "iso_country": "US", "iso_region": "US-AK"}}, {"type": "Feature", "geometry": {"type": "Point", "coordinates": [-92.5475, 38.1005]}, "properties": {"station_id": "KAIZ", "temp_c": 14.4, "icao_code": "KAIZ", "municipality": "Kaiser Lake Ozark", "iso_country": "US", "iso_region": "US-MO"}}, {"type": "Feature", "geometry": {"type": "Point", "coordinates": [-87.6819, 44.1322]}, "properties": {"station_id": "KMTW", "temp_c": 15.0, "icao_code": "KMTW", "municipality": "Manitowoc", "iso_country": "US", "iso_region": "US-WI"}}, {"type": "Feature", "geometry": {"type": "Point", "coordinates": [-74.1207, 40.1822]}, "properties": {"station_id": "KBLM", "temp_c": 4.4, "icao_code": "KBLM", "municipality": "Belmar/Farmingdale", "iso_country": "US", "iso_region": "US-NJ"}}, {"type": "Feature", "geometry": {"type": "Point", "coordinates": [-73.7045, 41.0624]}, "properties": {"station_id": "KHPN", "temp_c": 6.1, "icao_code": "KHPN", "municipality": "White Plains", "iso_country": "US", "iso_region": "US-NY"}}, {"type": "Feature", "geometry": {"type": "Point", "coordinates": [-96.8183, 44.3075]}, "properties": {"station_id": "KBKX", "temp_c": 3.3, "icao_code": "KBKX", "municipality": "Brookings", "iso_country": "US", "iso_region": "US-SD"}}, {"type": "Feature", "geometry": {"type": "Point", "coordinates": [-71.5757, 41.1668]}, "properties": {"station_id": "KBID", "temp_c": 6.7, "icao_code": "KBID", "municipality": "Block Island", "iso_country": "US", "iso_region": "US-RI"}}, {"type": "Feature", "geometry": {"type": "Point", "coordinates": [-163.41, 64.688]}, "properties": {"station_id": "PAWM", "temp_c": 3.9, "icao_code": "PAWM", "municipality": "White Mountain", "iso_country": "US", "iso_region": "US-AK"}}, {"type": "Feature", "geometry": {"type": "Point", "coordinates": [-68.3617, 44.4549]}, "properties": {"station_id": "KBHB", "temp_c": 1.1, "icao_code": "KBHB", "municipality": "Bar Harbor", "iso_country": "US", "iso_region": "US-ME"}}, {"type": "Feature", "geometry": {"type": "Point", "coordinates": [-174.208, 52.219]}, "properties": {"station_id": "PAAK", "temp_c": 3.3, "icao_code": "PAAK", "municipality": "Atka", "iso_country": "US", "iso_region": "US-AK"}}, {"type": "Feature", "geometry": {"type": "Point", "coordinates": [-80.2851, 40.1362]}, "properties": {"station_id": "KAFJ", "temp_c": 16.7, "icao_code": "KAFJ", "municipality": "Washington", "iso_country": "US", "iso_region": "US-PA"}}, {"type": "Feature", "geometry": {"type": "Point", "coordinates": [-71.5141, 42.7798]}, "properties": {"station_id": "KASH", "temp_c": 6.1, "icao_code": "KASH", "municipality": "Nashua", "iso_country": "US", "iso_region": "US-NH"}}, {"type": "Feature", "geometry": {"type": "Point", "coordinates": [-163.686, 62.095]}, "properties": {"station_id": "PAMO", "temp_c": 2.2, "icao_code": "PAMO", "municipality": "Mountain Village", "iso_country": "US", "iso_region": "US-AK"}}, {"type": "Feature", "geometry": {"type": "Point", "coordinates": [-106.9419, 38.5322]}, "properties": {"station_id": "KGUC", "temp_c": 1.7, "icao_code": "KGUC", "municipality": "Gunnison", "iso_country": "US", "iso_region": "US-CO"}}, {"type": "Feature", "geometry": {"type": "Point", "coordinates": [-86.055, 40.5304]}, "properties": {"station_id": "KOKK", "temp_c": 15.0, "icao_code": "KOKK", "municipality": "Kokomo", "iso_country": "US", "iso_region": "US-IN"}}, {"type": "Feature", "geometry": {"type": "Point", "coordinates": [-93.5071, 47.2029]}, "properties": {"station_id": "KGPZ", "temp_c": 3.9, "icao_code": "KGPZ", "municipality": "Grand Rapids", "iso_country": "US", "iso_region": "US-MN"}}, {"type": "Feature", "geometry": {"type": "Point", "coordinates": [-151.053, 60.476]}, "properties": {"station_id": "PASX", "temp_c": 7.2, "icao_code": "PASX", "municipality": "Soldotna", "iso_country": "US", "iso_region": "US-AK"}}, {"type": "Feature", "geometry": {"type": "Point", "coordinates": [-103.0803, 34.4227]}, "properties": {"station_id": "KCVN", "temp_c": 11.1, "icao_code": "KCVN", "municipality": "Clovis", "iso_country": "US", "iso_region": "US-NM"}}, {"type": "Feature", "geometry": {"type": "Point", "coordinates": [-77.301, 38.503]}, "properties": {"station_id": "KNYG", "temp_c": 12.2, "icao_code": "KNYG", "municipality": "Quantico", "iso_country": "US", "iso_region": "US-VA"}}, {"type": "Feature", "geometry": {"type": "Point", "coordinates": [-123.293, 44.5013]}, "properties": {"station_id": "KCVO", "temp_c": 10.0, "icao_code": "KCVO", "municipality": "Corvallis", "iso_country": "US", "iso_region": "US-OR"}}, {"type": "Feature", "geometry": {"type": "Point", "coordinates": [-116.8332, 47.7719]}, "properties": {"station_id": "KCOE", "temp_c": 10.0, "icao_code": "KCOE", "municipality": "Coeur d'Alene", "iso_country": "US", "iso_region": "US-ID"}}, {"type": "Feature", "geometry": {"type": "Point", "coordinates": [-90.3328, 41.8295]}, "properties": {"station_id": "KCWI", "temp_c": 11.1, "icao_code": "KCWI", "municipality": "Clinton", "iso_country": "US", "iso_region": "US-IA"}}, {"type": "Feature", "geometry": {"type": "Point", "coordinates": [-155.897, 59.325]}, "properties": {"station_id": "PAIG", "temp_c": 2.2, "icao_code": "PAIG", "municipality": "Igiugig", "iso_country": "US", "iso_region": "US-AK"}}, {"type": "Feature", "geometry": {"type": "Point", "coordinates": [-164.033, 59.935]}, "properties": {"station_id": "PAKI", "temp_c": 1.1, "icao_code": "PAKI", "municipality": "Kipnuk", "iso_country": "US", "iso_region": "US-AK"}}, {"type": "Feature", "geometry": {"type": "Point", "coordinates": [-98.8591, 38.3405]}, "properties": {"station_id": "KGBD", "temp_c": 7.8, "icao_code": "KGBD", "municipality": "Great Bend", "iso_country": "US", "iso_region": "US-KS"}}, {"type": "Feature", "geometry": {"type": "Point", "coordinates": [-76.0277, 36.8209]}, "properties": {"station_id": "KNTU", "temp_c": 7.2, "icao_code": "KNTU", "municipality": "Virginia Beach", "iso_country": "US", "iso_region": "US-VA"}}, {"type": "Feature", "geometry": {"type": "Point", "coordinates": [-159.991, 66.599]}, "properties": {"station_id": "PASK", "temp_c": 2.2, "icao_code": "PASK", "municipality": "Selawik", "iso_country": "US", "iso_region": "US-AK"}}, {"type": "Feature", "geometry": {"type": "Point", "coordinates": [-79.2541, 42.1534]}, "properties": {"station_id": "KJHW", "temp_c": 13.9, "icao_code": "KJHW", "municipality": "Jamestown", "iso_country": "US", "iso_region": "US-NY"}}, {"type": "Feature", "geometry": {"type": "Point", "coordinates": [-112.3766, 48.6036]}, "properties": {"station_id": "KCTB", "temp_c": 2.8, "icao_code": "KCTB", "municipality": "Cut Bank", "iso_country": "US", "iso_region": "US-MT"}}, {"type": "Feature", "geometry": {"type": "Point", "coordinates": [-117.0153, 46.3746]}, "properties": {"station_id": "KLWS", "temp_c": 10.0, "icao_code": "KLWS", "municipality": "Lewiston", "iso_country": "US", "iso_region": "US-ID"}}, {"type": "Feature", "geometry": {"type": "Point", "coordinates": [-76.4569, 42.4931]}, "properties": {"station_id": "KITH", "temp_c": 13.3, "icao_code": "KITH", "municipality": "Ithaca", "iso_country": "US", "iso_region": "US-NY"}}, {"type": "Feature", "geometry": {"type": "Point", "coordinates": [-163.298, 62.057]}, "properties": {"station_id": "PASM", "temp_c": 2.8, "icao_code": "PASM", "municipality": "St Mary's", "iso_country": "US", "iso_region": "US-AK"}}, {"type": "Feature", "geometry": {"type": "Point", "coordinates": [-68.054, 46.697]}, "properties": {"station_id": "KPQI", "temp_c": 7.2, "icao_code": "KPQI", "municipality": "Presque Isle", "iso_country": "US", "iso_region": "US-ME"}}, {"type": "Feature", "geometry": {"type": "Point", "coordinates": [-88.2459, 30.6882]}, "properties": {"station_id": "KMOB", "temp_c": 20.6, "icao_code": "KMOB", "municipality": "Mobile", "iso_country": "US", "iso_region": "US-AL"}}, {"type": "Feature", "geometry": {"type": "Point", "coordinates": [-117.0906, 38.0505]}, "properties": {"station_id": "KTPH", "temp_c": 5.0, "icao_code": "KTPH", "municipality": "Tonopah", "iso_country": "US", "iso_region": "US-NV"}}, {"type": "Feature", "geometry": {"type": "Point", "coordinates": [-151.74, 68.136]}, "properties": {"station_id": "PAKP", "temp_c": 2.8, "icao_code": "PAKP", "municipality": "Anaktuvuk Pass", "iso_country": "US", "iso_region": "US-AK"}}, {"type": "Feature", "geometry": {"type": "Point", "coordinates": [-88.593, 33.456]}, "properties": {"station_id": "KGTR", "temp_c": 25.0, "icao_code": "KGTR", "municipality": "Columbus/W Point/Starkville", "iso_country": "US", "iso_region": "US-MS"}}, {"type": "Feature", "geometry": {"type": "Point", "coordinates": [-76.8552, 40.2184]}, "properties": {"station_id": "KCXY", "temp_c": 11.7, "icao_code": "KCXY", "municipality": "Harrisburg", "iso_country": "US", "iso_region": "US-PA"}}, {"type": "Feature", "geometry": {"type": "Point", "coordinates": [-166.807, 68.345]}, "properties": {"station_id": "PAPO", "temp_c": -1.1, "icao_code": "PAPO", "municipality": "Point Hope", "iso_country": "US", "iso_region": "US-AK"}}, {"type": "Feature", "geometry": {"type": "Point", "coordinates": [-157.858, 67.106]}, "properties": {"station_id": "PAFM", "temp_c": 7.2, "icao_code": "PAFM", "municipality": "Ambler", "iso_country": "US", "iso_region": "US-AK"}}, {"type": "Feature", "geometry": {"type": "Point", "coordinates": [-159.539, 61.578]}, "properties": {"station_id": "PANI", "temp_c": 3.9, "icao_code": "PANI", "municipality": "Aniak", "iso_country": "US", "iso_region": "US-AK"}}, {"type": "Feature", "geometry": {"type": "Point", "coordinates": [-97.3391, 41.4472]}, "properties": {"station_id": "KOLU", "temp_c": 5.0, "icao_code": "KOLU", "municipality": "Columbus", "iso_country": "US", "iso_region": "US-NE"}}, {"type": "Feature", "geometry": {"type": "Point", "coordinates": [-77.5175, 38.724]}, "properties": {"station_id": "KHEF", "temp_c": 8.3, "icao_code": "KHEF", "municipality": "Manassas", "iso_country": "US", "iso_region": "US-VA"}}, {"type": "Feature", "geometry": {"type": "Point", "coordinates": [-104.8127, 47.1401]}, "properties": {"station_id": "KGDV", "temp_c": 2.2, "icao_code": "KGDV", "municipality": "Glendive", "iso_country": "US", "iso_region": "US-MT"}}, {"type": "Feature", "geometry": {"type": "Point", "coordinates": [-83.1055, 29.6334]}, "properties": {"station_id": "KCTY", "temp_c": 15.0, "icao_code": "KCTY", "municipality": "Cross City", "iso_country": "US", "iso_region": "US-FL"}}, {"type": "Feature", "geometry": {"type": "Point", "coordinates": [-81.4371, 28.2924]}, "properties": {"station_id": "KISM", "temp_c": 20.6, "icao_code": "KISM", "municipality": "Orlando", "iso_country": "US", "iso_region": "US-FL"}}, {"type": "Feature", "geometry": {"type": "Point", "coordinates": [-97.4335, 41.9799]}, "properties": {"station_id": "KOFK", "temp_c": 5.0, "icao_code": "KOFK", "municipality": "Norfolk", "iso_country": "US", "iso_region": "US-NE"}}, {"type": "Feature", "geometry": {"type": "Point", "coordinates": [-84.2185, 39.9064]}, "properties": {"station_id": "KDAY", "temp_c": 15.0, "icao_code": "KDAY", "municipality": "Dayton", "iso_country": "US", "iso_region": "US-OH"}}, {"type": "Feature", "geometry": {"type": "Point", "coordinates": [17.403, 40.517]}, "properties": {"station_id": "LIBG", "temp_c": 16.0, "icao_code": "LIBG", "municipality": "Grottaglie", "iso_country": "IT", "iso_region": "IT-75"}}, {"type": "Feature", "geometry": {"type": "Point", "coordinates": [-122.3656, 37.6196]}, "properties": {"station_id": "KSFO", "temp_c": 12.8, "icao_code": "KSFO", "municipality": "San Francisco", "iso_country": "US", "iso_region": "US-CA"}}, {"type": "Feature", "geometry": {"type": "Point", "coordinates": [-102.7971, 46.7997]}, "properties": {"station_id": "KDIK", "temp_c": -2.8, "icao_code": "KDIK", "municipality": "Dickinson", "iso_country": "US", "iso_region": "US-ND"}}, {"type": "Feature", "geometry": {"type": "Point", "coordinates": [-100.9574, 37.0375]}, "properties": {"station_id": "KLBL", "temp_c": 11.7, "icao_code": "KLBL", "municipality": "Liberal", "iso_country": "US", "iso_region": "US-KS"}}, {"type": "Feature", "geometry": {"type": "Point", "coordinates": [-99.4614, 27.551]}, "properties": {"station_id": "KLRD", "temp_c": 27.2, "icao_code": "KLRD", "municipality": "Laredo", "iso_country": "US", "iso_region": "US-TX"}}, {"type": "Feature", "geometry": {"type": "Point", "coordinates": [-135.448, 58.108]}, "properties": {"station_id": "PAOH", "temp_c": 6.1, "icao_code": "PAOH", "municipality": "Hoonah", "iso_country": "US", "iso_region": "US-AK"}}, {"type": "Feature", "geometry": {"type": "Point", "coordinates": [-143.585, 70.135]}, "properties": {"station_id": "PABA", "temp_c": -5.6, "icao_code": "PABA", "municipality": "Barter Island", "iso_country": "US", "iso_region": "US-AK"}}, {"type": "Feature", "geometry": {"type": "Point", "coordinates": [-117.8081, 40.9018]}, "properties": {"station_id": "KWMC", "temp_c": 7.8, "icao_code": "KWMC", "municipality": "Winnemucca", "iso_country": "US", "iso_region": "US-NV"}}, {"type": "Feature", "geometry": {"type": "Point", "coordinates": [-123.2001, 39.1278]}, "properties": {"station_id": "KUKI", "temp_c": 12.2, "icao_code": "KUKI", "municipality": "Ukiah", "iso_country": "US", "iso_region": "US-CA"}}, {"type": "Feature", "geometry": {"type": "Point", "coordinates": [-74.8004, 41.7056]}, "properties": {"station_id": "KMSV", "temp_c": 7.2, "icao_code": "KMSV", "municipality": "Monticello", "iso_country": "US", "iso_region": "US-NY"}}, {"type": "Feature", "geometry": {"type": "Point", "coordinates": [-160.525, 55.318]}, "properties": {"station_id": "PASD", "temp_c": 3.9, "icao_code": "PASD", "municipality": "Sand Point", "iso_country": "US", "iso_region": "US-AK"}}, {"type": "Feature", "geometry": {"type": "Point", "coordinates": [-70.7154, 43.3876]}, "properties": {"station_id": "KSFM", "temp_c": 1.7, "icao_code": "KSFM", "municipality": "Sanford", "iso_country": "US", "iso_region": "US-ME"}}, {"type": "Feature", "geometry": {"type": "Point", "coordinates": [-148.912, 63.733]}, "properties": {"station_id": "PAIN", "temp_c": 5.0, "icao_code": "PAIN", "municipality": "Denali Park", "iso_country": "US", "iso_region": "US-AK"}}, {"type": "Feature", "geometry": {"type": "Point", "coordinates": [-161.321, 61.78]}, "properties": {"station_id": "PARS", "temp_c": 2.8, "icao_code": "PARS", "municipality": "Russian Mission", "iso_country": "US", "iso_region": "US-AK"}}, {"type": "Feature", "geometry": {"type": "Point", "coordinates": [-118.2125, 34.7412]}, "properties": {"station_id": "KWJF", "temp_c": 9.4, "icao_code": "KWJF", "municipality": "Lancaster", "iso_country": "US", "iso_region": "US-CA"}}, {"type": "Feature", "geometry": {"type": "Point", "coordinates": [-155.463, 64.731]}, "properties": {"station_id": "PARY", "temp_c": 6.1, "icao_code": "PARY", "municipality": "Ruby", "iso_country": "US", "iso_region": "US-AK"}}, {"type": "Feature", "geometry": {"type": "Point", "coordinates": [-85.4342, 32.617]}, "properties": {"station_id": "KAUO", "temp_c": 19.4, "icao_code": "KAUO", "municipality": "Auburn", "iso_country": "US", "iso_region": "US-AL"}}, {"type": "Feature", "geometry": {"type": "Point", "coordinates": [-94.2211, 36.3444]}, "properties": {"station_id": "KVBT", "temp_c": 17.2, "icao_code": "KVBT", "municipality": "Bentonville", "iso_country": "US", "iso_region": "US-AR"}}, {"type": "Feature", "geometry": {"type": "Point", "coordinates": [-96.1787, 48.0597]}, "properties": {"station_id": "KTVF", "temp_c": 2.2, "icao_code": "KTVF", "municipality": "Thief River Falls", "iso_country": "US", "iso_region": "US-MN"}}, {"type": "Feature", "geometry": {"type": "Point", "coordinates": [-157.167, 61.697]}, "properties": {"station_id": "PASL", "temp_c": 3.3, "icao_code": "PASL", "municipality": "Sleetmute", "iso_country": "US", "iso_region": "US-AK"}}, {"type": "Feature", "geometry": {"type": "Point", "coordinates": [-160.398, 59.051]}, "properties": {"station_id": "PATG", "temp_c": 2.8, "icao_code": "PATG", "municipality": "Togiak Village", "iso_country": "US", "iso_region": "US-AK"}}, {"type": "Feature", "geometry": {"type": "Point", "coordinates": [-69.1014, 44.0611]}, "properties": {"station_id": "KRKD", "temp_c": 3.3, "icao_code": "KRKD", "municipality": "Rockland", "iso_country": "US", "iso_region": "US-ME"}}, {"type": "Feature", "geometry": {"type": "Point", "coordinates": [-73.1018, 40.7939]}, "properties": {"station_id": "KISP", "temp_c": 5.6, "icao_code": "KISP", "municipality": "Islip", "iso_country": "US", "iso_region": "US-NY"}}, {"type": "Feature", "geometry": {"type": "Point", "coordinates": [-160.794, 63.885]}, "properties": {"station_id": "PAUN", "temp_c": 4.4, "icao_code": "PAUN", "municipality": "Unalakleet", "iso_country": "US", "iso_region": "US-AK"}}, {"type": "Feature", "geometry": {"type": "Point", "coordinates": [-146.251, 61.133]}, "properties": {"station_id": "PAVD", "temp_c": 2.8, "icao_code": "PAVD", "municipality": "Valdez", "iso_country": "US", "iso_region": "US-AK"}}, {"type": "Feature", "geometry": {"type": "Point", "coordinates": [-150.204, 67.252]}, "properties": {"station_id": "PACX", "temp_c": 6.7, "icao_code": "PACX", "municipality": "Coldfoot", "iso_country": "US", "iso_region": "US-AK"}}, {"type": "Feature", "geometry": {"type": "Point", "coordinates": [-157.159, 66.886]}, "properties": {"station_id": "PAGH", "temp_c": 7.8, "icao_code": "PAGH", "municipality": "Shungnak", "iso_country": "US", "iso_region": "US-AK"}}, {"type": "Feature", "geometry": {"type": "Point", "coordinates": [-90.9216, 36.1256]}, "properties": {"station_id": "KARG", "temp_c": 19.4, "icao_code": "KARG", "municipality": "Walnut Ridge", "iso_country": "US", "iso_region": "US-AR"}}, {"type": "Feature", "geometry": {"type": "Point", "coordinates": [-91.5763, 34.5998]}, "properties": {"station_id": "KSGT", "temp_c": 25.0, "icao_code": "KSGT", "municipality": "Stuttgart", "iso_country": "US", "iso_region": "US-AR"}}, {"type": "Feature", "geometry": {"type": "Point", "coordinates": [-145.576, 68.113]}, "properties": {"station_id": "PARC", "temp_c": 0.6, "icao_code": "PARC", "municipality": "Arctic Village", "iso_country": "US", "iso_region": "US-AK"}}, {"type": "Feature", "geometry": {"type": "Point", "coordinates": [-176.644, 51.881]}, "properties": {"station_id": "PADK", "temp_c": 2.2, "icao_code": "PADK", "municipality": "Adak", "iso_country": "US", "iso_region": "US-AK"}}, {"type": "Feature", "geometry": {"type": "Point", "coordinates": [-104.1951, 47.7029]}, "properties": {"station_id": "KSDY", "temp_c": 1.7, "icao_code": "KSDY", "municipality": "Sidney", "iso_country": "US", "iso_region": "US-MT"}}, {"type": "Feature", "geometry": {"type": "Point", "coordinates": [-133.91, 56.961]}, "properties": {"station_id": "PAFE", "temp_c": 3.3, "icao_code": "PAFE", "municipality": "Kake", "iso_country": "US", "iso_region": "US-AK"}}, {"type": "Feature", "geometry": {"type": "Point", "coordinates": [-82.5332, 42.9103]}, "properties": {"station_id": "KPHN", "temp_c": 17.0, "icao_code": "KPHN", "municipality": "Port Huron", "iso_country": "US", "iso_region": "US-MI"}}, {"type": "Feature", "geometry": {"type": "Point", "coordinates": [-161.842, 59.751]}, "properties": {"station_id": "PAQH", "temp_c": 3.3, "icao_code": "PAQH", "municipality": "Quinhagak", "iso_country": "US", "iso_region": "US-AK"}}, {"type": "Feature", "geometry": {"type": "Point", "coordinates": [-94.488, 36.1941]}, "properties": {"station_id": "KSLG", "temp_c": 16.7, "icao_code": "KSLG", "municipality": "Siloam Springs", "iso_country": "US", "iso_region": "US-AR"}}, {"type": "Feature", "geometry": {"type": "Point", "coordinates": [-71.4924, 41.9168]}, "properties": {"station_id": "KSFZ", "temp_c": 5.6, "icao_code": "KSFZ", "municipality": "Pawtucket", "iso_country": "US", "iso_region": "US-RI"}}, {"type": "Feature", "geometry": {"type": "Point", "coordinates": [-166.543, 53.896]}, "properties": {"station_id": "PADU", "temp_c": 3.3, "icao_code": "PADU", "municipality": "Unalaska", "iso_country": "US", "iso_region": "US-AK"}}, {"type": "Feature", "geometry": {"type": "Point", "coordinates": [-86.9473, 38.2505]}, "properties": {"station_id": "KHNB", "temp_c": 16.7, "icao_code": "KHNB", "municipality": "Huntingburg", "iso_country": "US", "iso_region": "US-IN"}}, {"type": "Feature", "geometry": {"type": "Point", "coordinates": [-81.341, 29.9592]}, "properties": {"station_id": "KSGJ", "temp_c": 20.0, "icao_code": "KSGJ", "municipality": "St Augustine", "iso_country": "US", "iso_region": "US-FL"}}, {"type": "Feature", "geometry": {"type": "Point", "coordinates": [-81.8886, 40.8732]}, "properties": {"station_id": "KBJJ", "temp_c": 17.8, "icao_code": "KBJJ", "municipality": "Wooster", "iso_country": "US", "iso_region": "US-OH"}}, {"type": "Feature", "geometry": {"type": "Point", "coordinates": [-98.8931, 32.7206]}, "properties": {"station_id": "KBKD", "temp_c": 24.0, "icao_code": "KBKD", "municipality": "Breckenridge", "iso_country": "US", "iso_region": "US-TX"}}, {"type": "Feature", "geometry": {"type": "Point", "coordinates": [-95.6189, 33.1615]}, "properties": {"station_id": "KSLR", "temp_c": 25.2, "icao_code": "KSLR", "municipality": "Sulphur Springs", "iso_country": "US", "iso_region": "US-TX"}}, {"type": "Feature", "geometry": {"type": "Point", "coordinates": [-83.667, 33.981]}, "properties": {"station_id": "KWDR", "temp_c": 13.0, "icao_code": "KWDR", "municipality": "Winder", "iso_country": "US", "iso_region": "US-GA"}}, {"type": "Feature", "geometry": {"type": "Point", "coordinates": [-98.9522, 31.7898]}, "properties": {"station_id": "KBWD", "temp_c": 25.1, "icao_code": "KBWD", "municipality": "Brownwood", "iso_country": "US", "iso_region": "US-TX"}}, {"type": "Feature", "geometry": {"type": "Point", "coordinates": [-95.38, 41.9842]}, "properties": {"station_id": "KDNS", "temp_c": 8.0, "icao_code": "KDNS", "municipality": "Denison", "iso_country": "US", "iso_region": "US-IA"}}, {"type": "Feature", "geometry": {"type": "Point", "coordinates": [-96.6046, 46.2444]}, "properties": {"station_id": "KBWP", "temp_c": 3.0, "icao_code": "KBWP", "municipality": "Wahpeton", "iso_country": "US", "iso_region": "US-ND"}}, {"type": "Feature", "geometry": {"type": "Point", "coordinates": [-89.8628, 30.8104]}, "properties": {"station_id": "KBXA", "temp_c": 21.9, "icao_code": "KBXA", "municipality": "Bogalusa", "iso_country": "US", "iso_region": "US-LA"}}, {"type": "Feature", "geometry": {"type": "Point", "coordinates": [-92.5335, 45.1476]}, "properties": {"station_id": "KRNH", "temp_c": 5.6, "icao_code": "KRNH", "municipality": "New Richmond", "iso_country": "US", "iso_region": "US-WI"}}, {"type": "Feature", "geometry": {"type": "Point", "coordinates": [-96.3239, 29.602]}, "properties": {"station_id": "KELA", "temp_c": 23.5, "icao_code": "KELA", "municipality": "Eagle Lake", "iso_country": "US", "iso_region": "US-TX"}}, {"type": "Feature", "geometry": {"type": "Point", "coordinates": [-92.6948, 45.3108]}, "properties": {"station_id": "KOEO", "temp_c": 6.3, "icao_code": "KOEO", "municipality": "Osceola", "iso_country": "US", "iso_region": "US-WI"}}, {"type": "Feature", "geometry": {"type": "Point", "coordinates": [-92.4919, 41.2273]}, "properties": {"station_id": "KOOA", "temp_c": 11.3, "icao_code": "KOOA", "municipality": "Cedar", "iso_country": "US", "iso_region": "US-IA"}}, {"type": "Feature", "geometry": {"type": "Point", "coordinates": [-99.775, 40.7915]}, "properties": {"station_id": "KLXN", "temp_c": 6.2, "icao_code": "KLXN", "municipality": "Lexington", "iso_country": "US", "iso_region": "US-NE"}}, {"type": "Feature", "geometry": {"type": "Point", "coordinates": [-84.8766, 32.8421]}, "properties": {"station_id": "KPIM", "temp_c": 18.0, "icao_code": "KPIM", "municipality": "Pine Mountain", "iso_country": "US", "iso_region": "US-GA"}}, {"type": "Feature", "geometry": {"type": "Point", "coordinates": [-109.8051, 42.7929]}, "properties": {"station_id": "KPNA", "temp_c": 0.0, "icao_code": "KPNA", "municipality": "Pinedale", "iso_country": "US", "iso_region": "US-WY"}}, {"type": "Feature", "geometry": {"type": "Point", "coordinates": [-86.7333, 41.5705]}, "properties": {"station_id": "KPPO", "temp_c": 16.0, "icao_code": "KPPO", "municipality": "La Porte", "iso_country": "US", "iso_region": "US-IN"}}, {"type": "Feature", "geometry": {"type": "Point", "coordinates": [-80.0848, 26.5925]}, "properties": {"station_id": "KLNA", "temp_c": 25.0, "icao_code": "KLNA", "municipality": "West Palm Beach", "iso_country": "US", "iso_region": "US-FL"}}, {"type": "Feature", "geometry": {"type": "Point", "coordinates": [-82.7047, 34.8069]}, "properties": {"station_id": "KLQK", "temp_c": 9.0, "icao_code": "KLQK", "municipality": "Pickens", "iso_country": "US", "iso_region": "US-SC"}}, {"type": "Feature", "geometry": {"type": "Point", "coordinates": [-77.7925, 36.7723]}, "properties": {"station_id": "KLVL", "temp_c": 8.2, "icao_code": "KLVL", "municipality": "Lawrenceville", "iso_country": "US", "iso_region": "US-VA"}}, {"type": "Feature", "geometry": {"type": "Point", "coordinates": [-114.3522, 34.5659]}, "properties": {"station_id": "KHII", "temp_c": 21.0, "icao_code": "KHII", "municipality": "Lake Havasu City", "iso_country": "US", "iso_region": "US-AZ"}}, {"type": "Feature", "geometry": {"type": "Point", "coordinates": [-98.2266, 38.343]}, "properties": {"station_id": "KLYO", "temp_c": 8.0, "icao_code": "KLYO", "municipality": "Lyons", "iso_country": "US", "iso_region": "US-KS"}}, {"type": "Feature", "geometry": {"type": "Point", "coordinates": [-71.4111, 41.5995]}, "properties": {"station_id": "KOQU", "temp_c": 8.0, "icao_code": "KOQU", "municipality": "North Kingstown", "iso_country": "US", "iso_region": "US-RI"}}, {"type": "Feature", "geometry": {"type": "Point", "coordinates": [-77.3851, 35.6374]}, "properties": {"station_id": "KPGV", "temp_c": 7.0, "icao_code": "KPGV", "municipality": "Greenville", "iso_country": "US", "iso_region": "US-NC"}}, {"type": "Feature", "geometry": {"type": "Point", "coordinates": [-94.7322, 37.4512]}, "properties": {"station_id": "KPTS", "temp_c": 13.0, "icao_code": "KPTS", "municipality": "Pittsburg", "iso_country": "US", "iso_region": "US-KS"}}, {"type": "Feature", "geometry": {"type": "Point", "coordinates": [-120.0761, 34.6059]}, "properties": {"station_id": "KIZA", "temp_c": 9.0, "icao_code": "KIZA", "municipality": "Santa Ynez", "iso_country": "US", "iso_region": "US-CA"}}, {"type": "Feature", "geometry": {"type": "Point", "coordinates": [-82.4014, 31.2466]}, "properties": {"station_id": "KAYS", "temp_c": 13.2, "icao_code": "KAYS", "municipality": "Waycross", "iso_country": "US", "iso_region": "US-GA"}}, {"type": "Feature", "geometry": {"type": "Point", "coordinates": [-75.6739, 36.0165]}, "properties": {"station_id": "KFFA", "temp_c": 10.4, "icao_code": "KFFA", "municipality": "Kill Devil Hills", "iso_country": "US", "iso_region": "US-NC"}}, {"type": "Feature", "geometry": {"type": "Point", "coordinates": [-78.7598, 39.6182]}, "properties": {"station_id": "KCBE", "temp_c": 13.6, "icao_code": "KCBE", "municipality": "Wiley Ford", "iso_country": "US", "iso_region": "US-WV"}}, {"type": "Feature", "geometry": {"type": "Point", "coordinates": [-80.3582, 34.0003]}, "properties": {"station_id": "KSMS", "temp_c": 10.0, "icao_code": "KSMS", "municipality": "Sumter", "iso_country": "US", "iso_region": "US-SC"}}, {"type": "Feature", "geometry": {"type": "Point", "coordinates": [-107.9021, 35.1653]}, "properties": {"station_id": "KGNT", "temp_c": 8.8, "icao_code": "KGNT", "municipality": "Grants", "iso_country": "US", "iso_region": "US-NM"}}, {"type": "Feature", "geometry": {"type": "Point", "coordinates": [-112.5041, 39.3879]}, "properties": {"station_id": "KDTA", "temp_c": 4.0, "icao_code": "KDTA", "municipality": "Delta", "iso_country": "US", "iso_region": "US-UT"}}, {"type": "Feature", "geometry": {"type": "Point", "coordinates": [-94.2724, 43.0796]}, "properties": {"station_id": "KAXA", "temp_c": 7.0, "icao_code": "KAXA", "municipality": "Algona", "iso_country": "US", "iso_region": "US-IA"}}, {"type": "Feature", "geometry": {"type": "Point", "coordinates": [-95.2399, 42.5972]}, "properties": {"station_id": "KSLB", "temp_c": 7.0, "icao_code": "KSLB", "municipality": "Storm Lake", "iso_country": "US", "iso_region": "US-IA"}}, {"type": "Feature", "geometry": {"type": "Point", "coordinates": [-81.9589, 34.9106]}, "properties": {"station_id": "KSPA", "temp_c": 12.0, "icao_code": "KSPA", "municipality": "Spartanburg", "iso_country": "US", "iso_region": "US-SC"}}, {"type": "Feature", "geometry": {"type": "Point", "coordinates": [-81.3905, 31.1527]}, "properties": {"station_id": "KSSI", "temp_c": 19.0, "icao_code": "KSSI", "municipality": "St Simons Island", "iso_country": "US", "iso_region": "US-GA"}}, {"type": "Feature", "geometry": {"type": "Point", "coordinates": [-108.1466, 32.631]}, "properties": {"station_id": "KSVC", "temp_c": 13.1, "icao_code": "KSVC", "municipality": "Silver City", "iso_country": "US", "iso_region": "US-NM"}}, {"type": "Feature", "geometry": {"type": "Point", "coordinates": [-86.2481, 34.2316]}, "properties": {"station_id": "KBFZ", "temp_c": 21.0, "icao_code": "KBFZ", "municipality": "Albertville", "iso_country": "US", "iso_region": "US-AL"}}, {"type": "Feature", "geometry": {"type": "Point", "coordinates": [-80.9473, 35.7635]}, "properties": {"station_id": "KSVH", "temp_c": 13.4, "icao_code": "KSVH", "municipality": "Statesville", "iso_country": "US", "iso_region": "US-NC"}}, {"type": "Feature", "geometry": {"type": "Point", "coordinates": [-116.5675, 48.2945]}, "properties": {"station_id": "KSZT", "temp_c": 8.0, "icao_code": "KSZT", "municipality": "Sandpoint", "iso_country": "US", "iso_region": "US-ID"}}, {"type": "Feature", "geometry": {"type": "Point", "coordinates": [-104.312, 43.8845]}, "properties": {"station_id": "KECS", "temp_c": 0.0, "icao_code": "KECS", "municipality": "Newcastle", "iso_country": "US", "iso_region": "US-WY"}}, {"type": "Feature", "geometry": {"type": "Point", "coordinates": [-114.7655, 42.9155]}, "properties": {"station_id": "KGNG", "temp_c": 5.0, "icao_code": "KGNG", "municipality": "Gooding", "iso_country": "US", "iso_region": "US-ID"}}, {"type": "Feature", "geometry": {"type": "Point", "coordinates": [-86.1864, 41.0651]}, "properties": {"station_id": "KRCR", "temp_c": 15.0, "icao_code": "KRCR", "municipality": "Rochester", "iso_country": "US", "iso_region": "US-IN"}}, {"type": "Feature", "geometry": {"type": "Point", "coordinates": [-80.1198, 34.4065]}, "properties": {"station_id": "KHVS", "temp_c": 9.0, "icao_code": "KHVS", "municipality": "Hartsville", "iso_country": "US", "iso_region": "US-SC"}}, {"type": "Feature", "geometry": {"type": "Point", "coordinates": [-89.2232, 37.0639]}, "properties": {"station_id": "KCIR", "temp_c": 23.0, "icao_code": "KCIR", "municipality": "Cairo", "iso_country": "US", "iso_region": "US-IL"}}, {"type": "Feature", "geometry": {"type": "Point", "coordinates": [-94.0332, 30.8904]}, "properties": {"station_id": "KJAS", "temp_c": 25.0, "icao_code": "KJAS", "municipality": "Jasper", "iso_country": "US", "iso_region": "US-TX"}}, {"type": "Feature", "geometry": {"type": "Point", "coordinates": [-103.6674, 39.2733]}, "properties": {"station_id": "KLIC", "temp_c": 2.8, "icao_code": "KLIC", "municipality": "Limon", "iso_country": "US", "iso_region": "US-CO"}}, {"type": "Feature", "geometry": {"type": "Point", "coordinates": [-87.661, 30.291]}, "properties": {"station_id": "KJKA", "temp_c": 23.0, "icao_code": "KJKA", "municipality": "Gulf Shores", "iso_country": "US", "iso_region": "US-AL"}}, {"type": "Feature", "geometry": {"type": "Point", "coordinates": [-72.2511, 40.9605]}, "properties": {"station_id": "KJPX", "temp_c": 2.2, "icao_code": "KJPX", "municipality": "East Hampton", "iso_country": "US", "iso_region": "US-NY"}}, {"type": "Feature", "geometry": {"type": "Point", "coordinates": [-85.498, 43.722]}, "properties": {"station_id": "KRQB", "temp_c": 16.0, "icao_code": "KRQB", "municipality": "Big Rapids", "iso_country": "US", "iso_region": "US-MI"}}, {"type": "Feature", "geometry": {"type": "Point", "coordinates": [-86.9836, 32.3367]}, "properties": {"station_id": "KSEM", "temp_c": 20.0, "icao_code": "KSEM", "municipality": "Selma", "iso_country": "US", "iso_region": "US-AL"}}, {"type": "Feature", "geometry": {"type": "Point", "coordinates": [-122.9857, 46.6775]}, "properties": {"station_id": "KCLS", "temp_c": 9.0, "icao_code": "KCLS", "municipality": "Chehalis", "iso_country": "US", "iso_region": "US-WA"}}, {"type": "Feature", "geometry": {"type": "Point", "coordinates": [-106.2621, 35.8789]}, "properties": {"station_id": "KLAM", "temp_c": 12.3, "icao_code": "KLAM", "municipality": "Los Alamos", "iso_country": "US", "iso_region": "US-NM"}}, {"type": "Feature", "geometry": {"type": "Point", "coordinates": [-92.0926, 46.6833]}, "properties": {"station_id": "KSUW", "temp_c": 4.7, "icao_code": "KSUW", "municipality": "Superior", "iso_country": "US", "iso_region": "US-WI"}}, {"type": "Feature", "geometry": {"type": "Point", "coordinates": [-100.4669, 32.4688]}, "properties": {"station_id": "KSWW", "temp_c": 24.3, "icao_code": "KSWW", "municipality": "Sweetwater", "iso_country": "US", "iso_region": "US-TX"}}, {"type": "Feature", "geometry": {"type": "Point", "coordinates": [-96.983, 42.2423]}, "properties": {"station_id": "KLCG", "temp_c": 6.3, "icao_code": "KLCG", "municipality": "Wayne", "iso_country": "US", "iso_region": "US-NE"}}, {"type": "Feature", "geometry": {"type": "Point", "coordinates": [-75.3802, 40.4368]}, "properties": {"station_id": "KUKT", "temp_c": 7.0, "icao_code": "KUKT", "municipality": "Quakertown", "iso_country": "US", "iso_region": "US-PA"}}, {"type": "Feature", "geometry": {"type": "Point", "coordinates": [-88.1017, 41.6031]}, "properties": {"station_id": "KLOT", "temp_c": 16.0, "icao_code": "KLOT", "municipality": "Chicago/Romeoville", "iso_country": "US", "iso_region": "US-IL"}}, {"type": "Feature", "geometry": {"type": "Point", "coordinates": [-81.6821, 33.651]}, "properties": {"station_id": "KAIK", "temp_c": 11.5, "icao_code": "KAIK", "municipality": "Aiken", "iso_country": "US", "iso_region": "US-SC"}}, {"type": "Feature", "geometry": {"type": "Point", "coordinates": [-90.3064, 45.1013]}, "properties": {"station_id": "KMDZ", "temp_c": 7.5, "icao_code": "KMDZ", "municipality": "Medford", "iso_country": "US", "iso_region": "US-WI"}}, {"type": "Feature", "geometry": {"type": "Point", "coordinates": [-83.242, 33.153]}, "properties": {"station_id": "KMLJ", "temp_c": 15.0, "icao_code": "KMLJ", "municipality": "Milledgeville", "iso_country": "US", "iso_region": "US-GA"}}, {"type": "Feature", "geometry": {"type": "Point", "coordinates": [-85.0852, 41.6405]}, "properties": {"station_id": "KANQ", "temp_c": 16.0, "icao_code": "KANQ", "municipality": "Angola", "iso_country": "US", "iso_region": "US-IN"}}, {"type": "Feature", "geometry": {"type": "Point", "coordinates": [-96.1508, 29.2515]}, "properties": {"station_id": "KARM", "temp_c": 24.5, "icao_code": "KARM", "municipality": "Wharton", "iso_country": "US", "iso_region": "US-TX"}}, {"type": "Feature", "geometry": {"type": "Point", "coordinates": [-75.6989, 35.9188]}, "properties": {"station_id": "KMQI", "temp_c": 10.0, "icao_code": "KMQI", "municipality": "Manteo", "iso_country": "US", "iso_region": "US-NC"}}, {"type": "Feature", "geometry": {"type": "Point", "coordinates": [-95.7792, 37.1566]}, "properties": {"station_id": "KIDP", "temp_c": 13.0, "icao_code": "KIDP", "municipality": "Independence", "iso_country": "US", "iso_region": "US-KS"}}, {"type": "Feature", "geometry": {"type": "Point", "coordinates": [-77.6187, 35.324]}, "properties": {"station_id": "KISO", "temp_c": 6.0, "icao_code": "KISO", "municipality": "Kinston", "iso_country": "US", "iso_region": "US-NC"}}, {"type": "Feature", "geometry": {"type": "Point", "coordinates": [-86.8183, 41.7048]}, "properties": {"station_id": "KMGC", "temp_c": 16.0, "icao_code": "KMGC", "municipality": "Michigan City", "iso_country": "US", "iso_region": "US-IN"}}, {"type": "Feature", "geometry": {"type": "Point", "coordinates": [-91.5122, 40.9453]}, "properties": {"station_id": "KMPZ", "temp_c": 11.0, "icao_code": "KMPZ", "municipality": "Mount Pleasant", "iso_country": "US", "iso_region": "US-IA"}}, {"type": "Feature", "geometry": {"type": "Point", "coordinates": [-88.1799, 38.7213]}, "properties": {"station_id": "KOLY", "temp_c": 16.7, "icao_code": "KOLY", "municipality": "Olney-Noble", "iso_country": "US", "iso_region": "US-IL"}}, {"type": "Feature", "geometry": {"type": "Point", "coordinates": [-82.8494, 38.8387]}, "properties": {"station_id": "KPMH", "temp_c": 16.0, "icao_code": "KPMH", "municipality": "Portsmouth", "iso_country": "US", "iso_region": "US-OH"}}, {"type": "Feature", "geometry": {"type": "Point", "coordinates": [-78.2487, 38.9169]}, "properties": {"station_id": "KFRR", "temp_c": 14.3, "icao_code": "KFRR", "municipality": "Front Royal", "iso_country": "US", "iso_region": "US-VA"}}, {"type": "Feature", "geometry": {"type": "Point", "coordinates": [-84.8359, 39.7579]}, "properties": {"station_id": "KRID", "temp_c": 13.0, "icao_code": "KRID", "municipality": "Richmond", "iso_country": "US", "iso_region": "US-IN"}}, {"type": "Feature", "geometry": {"type": "Point", "coordinates": [-80.5236, 35.6442]}, "properties": {"station_id": "KRUQ", "temp_c": 12.0, "icao_code": "KRUQ", "municipality": "Salisbury", "iso_country": "US", "iso_region": "US-NC"}}, {"type": "Feature", "geometry": {"type": "Point", "coordinates": [-83.8826, 30.9026]}, "properties": {"station_id": "KTVI", "temp_c": 16.0, "icao_code": "KTVI", "municipality": "Thomasville", "iso_country": "US", "iso_region": "US-GA"}}, {"type": "Feature", "geometry": {"type": "Point", "coordinates": [-88.2465, 43.0425]}, "properties": {"station_id": "KUES", "temp_c": 16.0, "icao_code": "KUES", "municipality": "Waukesha", "iso_country": "US", "iso_region": "US-WI"}}, {"type": "Feature", "geometry": {"type": "Point", "coordinates": [-91.1212, 43.0194]}, "properties": {"station_id": "KPDC", "temp_c": 10.2, "icao_code": "KPDC", "municipality": "Prairie Du Chien", "iso_country": "US", "iso_region": "US-WI"}}, {"type": "Feature", "geometry": {"type": "Point", "coordinates": [-94.6202, 35.0187]}, "properties": {"station_id": "KRKR", "temp_c": 24.0, "icao_code": "KRKR", "municipality": "Poteau", "iso_country": "US", "iso_region": "US-OK"}}, {"type": "Feature", "geometry": {"type": "Point", "coordinates": [-119.3058, 46.3086]}, "properties": {"station_id": "KRLD", "temp_c": 14.8, "icao_code": "KRLD", "municipality": "Richland", "iso_country": "US", "iso_region": "US-WA"}}, {"type": "Feature", "geometry": {"type": "Point", "coordinates": [-82.8135, 36.1924]}, "properties": {"station_id": "KGCY", "temp_c": 18.0, "icao_code": "KGCY", "municipality": "Greeneville", "iso_country": "US", "iso_region": "US-TN"}}, {"type": "Feature", "geometry": {"type": "Point", "coordinates": [-90.9269, 32.2359]}, "properties": {"station_id": "KVKS", "temp_c": 24.0, "icao_code": "KVKS", "municipality": "Vicksburg", "iso_country": "US", "iso_region": "US-MS"}}, {"type": "Feature", "geometry": {"type": "Point", "coordinates": [-120.1371, 39.3154]}, "properties": {"station_id": "KTRK", "temp_c": 0.0, "icao_code": "KTRK", "municipality": "Truckee", "iso_country": "US", "iso_region": "US-CA"}}, {"type": "Feature", "geometry": {"type": "Point", "coordinates": [-103.1537, 36.4483]}, "properties": {"station_id": "KCAO", "temp_c": 8.9, "icao_code": "KCAO", "municipality": "Clayton", "iso_country": "US", "iso_region": "US-NM"}}, {"type": "Feature", "geometry": {"type": "Point", "coordinates": [-83.5333, 35.8568]}, "properties": {"station_id": "KGKT", "temp_c": 16.0, "icao_code": "KGKT", "municipality": "Sevierville", "iso_country": "US", "iso_region": "US-TN"}}, {"type": "Feature", "geometry": {"type": "Point", "coordinates": [-111.9902, 40.6196]}, "properties": {"station_id": "KSVR", "temp_c": 2.0, "icao_code": "KSVR", "municipality": "Salt Lake City", "iso_country": "US", "iso_region": "US-UT"}}, {"type": "Feature", "geometry": {"type": "Point", "coordinates": [-104.5405, 39.7948]}, "properties": {"station_id": "KCFO", "temp_c": 5.5, "icao_code": "KCFO", "municipality": "Denver", "iso_country": "US", "iso_region": "US-CO"}}, {"type": "Feature", "geometry": {"type": "Point", "coordinates": [-85.5933, 41.9591]}, "properties": {"station_id": "KHAI", "temp_c": 16.0, "icao_code": "KHAI", "municipality": "Three Rivers", "iso_country": "US", "iso_region": "US-MI"}}, {"type": "Feature", "geometry": {"type": "Point", "coordinates": [-97.6508, 39.5513]}, "properties": {"station_id": "KCNK", "temp_c": 7.8, "icao_code": "KCNK", "municipality": "Concordia", "iso_country": "US", "iso_region": "US-KS"}}, {"type": "Feature", "geometry": {"type": "Point", "coordinates": [-85.4689, 38.7515]}, "properties": {"station_id": "KIMS", "temp_c": 14.0, "icao_code": "KIMS", "municipality": "Madison", "iso_country": "US", "iso_region": "US-IN"}}, {"type": "Feature", "geometry": {"type": "Point", "coordinates": [-96.768, 35.949]}, "properties": {"station_id": "KCUH", "temp_c": 17.0, "icao_code": "KCUH", "municipality": "Cushing", "iso_country": "US", "iso_region": "US-OK"}}, {"type": "Feature", "geometry": {"type": "Point", "coordinates": [-85.8402, 35.6991]}, "properties": {"station_id": "KRNC", "temp_c": 22.0, "icao_code": "KRNC", "municipality": "Mc Minnville", "iso_country": "US", "iso_region": "US-TN"}}, {"type": "Feature", "geometry": {"type": "Point", "coordinates": [-98.1793, 32.215]}, "properties": {"station_id": "KSEP", "temp_c": 25.0, "icao_code": "KSEP", "municipality": "Stephenville", "iso_country": "US", "iso_region": "US-TX"}}, {"type": "Feature", "geometry": {"type": "Point", "coordinates": [5.377, 51.45]}, "properties": {"station_id": "EHEH", "temp_c": 8.0, "icao_code": "EHEH", "municipality": "Eindhoven", "iso_country": "NL", "iso_region": "NL-NB"}}, {"type": "Feature", "geometry": {"type": "Point", "coordinates": [-105.5278, 33.4667]}, "properties": {"station_id": "KSRR", "temp_c": 10.0, "icao_code": "KSRR", "municipality": "Alto", "iso_country": "US", "iso_region": "US-NM"}}, {"type": "Feature", "geometry": {"type": "Point", "coordinates": [-94.8893, 36.9128]}, "properties": {"station_id": "KMIO", "temp_c": 16.0, "icao_code": "KMIO", "municipality": "Miami", "iso_country": "US", "iso_region": "US-OK"}}, {"type": "Feature", "geometry": {"type": "Point", "coordinates": [-83.3853, 36.1746]}, "properties": {"station_id": "KMOR", "temp_c": 17.0, "icao_code": "KMOR", "municipality": "Morristown", "iso_country": "US", "iso_region": "US-TN"}}, {"type": "Feature", "geometry": {"type": "Point", "coordinates": [-88.526, 44.2519]}, "properties": {"station_id": "KATW", "temp_c": 15.0, "icao_code": "KATW", "municipality": "Appleton", "iso_country": "US", "iso_region": "US-WI"}}, {"type": "Feature", "geometry": {"type": "Point", "coordinates": [-93.1969, 36.5259]}, "properties": {"station_id": "KBBG", "temp_c": 17.0, "icao_code": "KBBG", "municipality": "Branson", "iso_country": "US", "iso_region": "US-MO"}}, {"type": "Feature", "geometry": {"type": "Point", "coordinates": [-105.1042, 39.9008]}, "properties": {"station_id": "KBJC", "temp_c": 5.0, "icao_code": "KBJC", "municipality": "Denver", "iso_country": "US", "iso_region": "US-CO"}}, {"type": "Feature", "geometry": {"type": "Point", "coordinates": [-85.577, 30.071]}, "properties": {"station_id": "KPAM", "temp_c": 20.9, "icao_code": "KPAM", "municipality": "Panama City", "iso_country": "US", "iso_region": "US-FL"}}, {"type": "Feature", "geometry": {"type": "Point", "coordinates": [47.521, 29.347]}, "properties": {"station_id": "OKAS", "temp_c": 29.1, "icao_code": "OKAS", "municipality": "Al Damaikhi", "iso_country": "KW", "iso_region": "KW-JA"}}, {"type": "Feature", "geometry": {"type": "Point", "coordinates": [10.39, 49.472]}, "properties": {"station_id": "ETIK", "temp_c": 9.6, "icao_code": "ETIK", "municipality": "Illesheim", "iso_country": "DE", "iso_region": "DE-BY"}}, {"type": "Feature", "geometry": {"type": "Point", "coordinates": [-122.58, 47.079]}, "properties": {"station_id": "KGRF", "temp_c": 9.8, "icao_code": "KGRF", "municipality": "Fort Lewis/Tacoma", "iso_country": "US", "iso_region": "US-WA"}}, {"type": "Feature", "geometry": {"type": "Point", "coordinates": [-96.1534, 46.2865]}, "properties": {"station_id": "KFFM", "temp_c": 3.0, "icao_code": "KFFM", "municipality": "Fergus Falls", "iso_country": "US", "iso_region": "US-MN"}}, {"type": "Feature", "geometry": {"type": "Point", "coordinates": [11.941, 49.696]}, "properties": {"station_id": "ETIC", "temp_c": 9.9, "icao_code": "ETIC", "municipality": "Grafenw\u00f6hr", "iso_country": "DE", "iso_region": "DE-BY"}}, {"type": "Feature", "geometry": {"type": "Point", "coordinates": [-84.9826, 32.3239]}, "properties": {"station_id": "KLSF", "temp_c": 17.3, "icao_code": "KLSF", "municipality": "Fort Benning", "iso_country": "US", "iso_region": "US-GA"}}, {"type": "Feature", "geometry": {"type": "Point", "coordinates": [-95.1258, 45.1111]}, "properties": {"station_id": "KBDH", "temp_c": 5.0, "icao_code": "KBDH", "municipality": "Willmar", "iso_country": "US", "iso_region": "US-MN"}}, {"type": "Feature", "geometry": {"type": "Point", "coordinates": [-121.2264, 37.89]}, "properties": {"station_id": "KSCK", "temp_c": 12.2, "icao_code": "KSCK", "municipality": "Stockton", "iso_country": "US", "iso_region": "US-CA"}}, {"type": "Feature", "geometry": {"type": "Point", "coordinates": [-68.277, 12.133]}, "properties": {"station_id": "TNCB", "temp_c": 28.0, "icao_code": "TNCB", "municipality": "Kralendijk", "iso_country": "BQ", "iso_region": "BQ-BO"}}, {"type": "Feature", "geometry": {"type": "Point", "coordinates": [-111.7884, 34.8467]}, "properties": {"station_id": "KSEZ", "temp_c": 11.0, "icao_code": "KSEZ", "municipality": "Sedona", "iso_country": "US", "iso_region": "US-AZ"}}, {"type": "Feature", "geometry": {"type": "Point", "coordinates": [-114.5611, 35.1487]}, "properties": {"station_id": "KIFP", "temp_c": 21.0, "icao_code": "KIFP", "municipality": "Bullhead City", "iso_country": "US", "iso_region": "US-AZ"}}, {"type": "Feature", "geometry": {"type": "Point", "coordinates": [-119.75, 38.9963]}, "properties": {"station_id": "KMEV", "temp_c": 8.0, "icao_code": "KMEV", "municipality": "Minden", "iso_country": "US", "iso_region": "US-NV"}}, {"type": "Feature", "geometry": {"type": "Point", "coordinates": [-117.3893, 34.5933]}, "properties": {"station_id": "KVCV", "temp_c": 9.0, "icao_code": "KVCV", "municipality": "Victorville", "iso_country": "US", "iso_region": "US-CA"}}, {"type": "Feature", "geometry": {"type": "Point", "coordinates": [-111.1245, 44.6811]}, "properties": {"station_id": "KWYS", "temp_c": -2.0, "icao_code": "KWYS", "municipality": "West Yellowstone", "iso_country": "US", "iso_region": "US-MT"}}, {"type": "Feature", "geometry": {"type": "Point", "coordinates": [-92.5469, 40.0966]}, "properties": {"station_id": "KIRK", "temp_c": 10.6, "icao_code": "KIRK", "municipality": "Kirksville", "iso_country": "US", "iso_region": "US-MO"}}, {"type": "Feature", "geometry": {"type": "Point", "coordinates": [-155.577, 61.101]}, "properties": {"station_id": "PASV", "temp_c": 0.2, "icao_code": "PASV", "municipality": "Sparrevohn", "iso_country": "US", "iso_region": "US-AK"}}, {"type": "Feature", "geometry": {"type": "Point", "coordinates": [-97.268, 37.622]}, "properties": {"station_id": "KIAB", "temp_c": 12.5, "icao_code": "KIAB", "municipality": "Wichita", "iso_country": "US", "iso_region": "US-KS"}}, {"type": "Feature", "geometry": {"type": "Point", "coordinates": [-117.874, 34.908]}, "properties": {"station_id": "KEDW", "temp_c": 10.6, "icao_code": "KEDW", "municipality": "Edwards", "iso_country": "US", "iso_region": "US-CA"}}, {"type": "Feature", "geometry": {"type": "Point", "coordinates": [-104.9386, 42.0563]}, "properties": {"station_id": "KEAN", "temp_c": 2.0, "icao_code": "KEAN", "municipality": "Wheatland", "iso_country": "US", "iso_region": "US-WY"}}, {"type": "Feature", "geometry": {"type": "Point", "coordinates": [-88.4567, 33.6519]}, "properties": {"station_id": "KCBM", "temp_c": 26.0, "icao_code": "KCBM", "municipality": "Columbus", "iso_country": "US", "iso_region": "US-MS"}}, {"type": "Feature", "geometry": {"type": "Point", "coordinates": [-155.977, 62.893]}, "properties": {"station_id": "PATL", "temp_c": 2.4, "icao_code": "PATL", "municipality": "Takotna", "iso_country": "US", "iso_region": "US-AK"}}, {"type": "Feature", "geometry": {"type": "Point", "coordinates": [-78.932, 35.131]}, "properties": {"station_id": "KFBG", "temp_c": 12.0, "icao_code": "KFBG", "municipality": "Fort Bragg", "iso_country": "US", "iso_region": "US-NC"}}, {"type": "Feature", "geometry": {"type": "Point", "coordinates": [-93.194, 31.047]}, "properties": {"station_id": "KPOE", "temp_c": 24.6, "icao_code": "KPOE", "municipality": "Fort Polk", "iso_country": "US", "iso_region": "US-LA"}}, {"type": "Feature", "geometry": {"type": "Point", "coordinates": [-84.5267, 33.9189]}, "properties": {"station_id": "KMGE", "temp_c": 18.4, "icao_code": "KMGE", "municipality": "Marietta", "iso_country": "US", "iso_region": "US-GA"}}, {"type": "Feature", "geometry": {"type": "Point", "coordinates": [-99.85, 32.406]}, "properties": {"station_id": "KDYS", "temp_c": 25.8, "icao_code": "KDYS", "municipality": "Abilene", "iso_country": "US", "iso_region": "US-TX"}}, {"type": "Feature", "geometry": {"type": "Point", "coordinates": [-104.751, 38.6756]}, "properties": {"station_id": "KFCS", "temp_c": 6.2, "icao_code": "KFCS", "municipality": "Fort Carson", "iso_country": "US", "iso_region": "US-CO"}}, {"type": "Feature", "geometry": {"type": "Point", "coordinates": [-117.244, 33.878]}, "properties": {"station_id": "KRIV", "temp_c": 10.6, "icao_code": "KRIV", "municipality": "Riverside", "iso_country": "US", "iso_region": "US-CA"}}, {"type": "Feature", "geometry": {"type": "Point", "coordinates": [-75.465, 39.13]}, "properties": {"station_id": "KDOV", "temp_c": 7.7, "icao_code": "KDOV", "municipality": "Dover", "iso_country": "US", "iso_region": "US-DE"}}, {"type": "Feature", "geometry": {"type": "Point", "coordinates": [-92.1447, 37.7445]}, "properties": {"station_id": "KTBN", "temp_c": 15.9, "icao_code": "KTBN", "municipality": "Fort Leonard Wood", "iso_country": "US", "iso_region": "US-MO"}}, {"type": "Feature", "geometry": {"type": "Point", "coordinates": [-115.859, 43.03]}, "properties": {"station_id": "KMUO", "temp_c": 5.9, "icao_code": "KMUO", "municipality": "Mountain Home", "iso_country": "US", "iso_region": "US-ID"}}, {"type": "Feature", "geometry": {"type": "Point", "coordinates": [-95.5401, 34.0308]}, "properties": {"station_id": "KHHW", "temp_c": 22.0, "icao_code": "KHHW", "municipality": "Hugo", "iso_country": "US", "iso_region": "US-OK"}}, {"type": "Feature", "geometry": {"type": "Point", "coordinates": [-93.2154, 33.2266]}, "properties": {"station_id": "KAGO", "temp_c": 25.0, "icao_code": "KAGO", "municipality": "Magnolia", "iso_country": "US", "iso_region": "US-AR"}}, {"type": "Feature", "geometry": {"type": "Point", "coordinates": [-116.634, 35.271]}, "properties": {"station_id": "KBYS", "temp_c": 13.6, "icao_code": "KBYS", "municipality": "Fort Irwin/Barstow", "iso_country": "US", "iso_region": "US-CA"}}, {"type": "Feature", "geometry": {"type": "Point", "coordinates": [15.714, 41.538]}, "properties": {"station_id": "LIBA", "temp_c": 15.0, "icao_code": "LIBA", "municipality": "San Giovanni Rotondo (FG)", "iso_country": "IT", "iso_region": "IT-75"}}, {"type": "Feature", "geometry": {"type": "Point", "coordinates": [18.138, 40.238]}, "properties": {"station_id": "LIBN", "temp_c": 15.0, "icao_code": "LIBN", "municipality": "Galatina (LE)", "iso_country": "IT", "iso_region": "IT-75"}}, {"type": "Feature", "geometry": {"type": "Point", "coordinates": [16.935, 40.766]}, "properties": {"station_id": "LIBV", "temp_c": 13.0, "icao_code": "LIBV", "municipality": "Gioia del Colle (BA)", "iso_country": "IT", "iso_region": "IT-75"}}, {"type": "Feature", "geometry": {"type": "Point", "coordinates": [12.488, 37.911]}, "properties": {"station_id": "LICT", "temp_c": 13.0, "icao_code": "LICT", "municipality": "Trapani (TP)", "iso_country": "IT", "iso_region": "IT-82"}}, {"type": "Feature", "geometry": {"type": "Point", "coordinates": [8.669, 45.53]}, "properties": {"station_id": "LIMN", "temp_c": 15.0, "icao_code": "LIMN", "municipality": "Cameri (NO)", "iso_country": "IT", "iso_region": "IT-21"}}, {"type": "Feature", "geometry": {"type": "Point", "coordinates": [12.307, 44.224]}, "properties": {"station_id": "LIPC", "temp_c": 14.0, "icao_code": "LIPC", "municipality": "Cervia (RA)", "iso_country": "IT", "iso_region": "IT-45"}}, {"type": "Feature", "geometry": {"type": "Point", "coordinates": [13.049, 45.979]}, "properties": {"station_id": "LIPI", "temp_c": 15.0, "icao_code": "LIPI", "municipality": "Codroipo (UD)", "iso_country": "IT", "iso_region": "IT-36"}}, {"type": "Feature", "geometry": {"type": "Point", "coordinates": [10.268, 45.432]}, "properties": {"station_id": "LIPL", "temp_c": 15.0, "icao_code": "LIPL", "municipality": "Ghedi (BS)", "iso_country": "IT", "iso_region": "IT-25"}}, {"type": "Feature", "geometry": {"type": "Point", "coordinates": [-109.481, 37.587]}, "properties": {"station_id": "KBDG", "temp_c": 7.2, "icao_code": "KBDG", "municipality": "Blanding", "iso_country": "US", "iso_region": "US-UT"}}, {"type": "Feature", "geometry": {"type": "Point", "coordinates": [-97.3479, 36.7431]}, "properties": {"station_id": "KBKN", "temp_c": 13.0, "icao_code": "KBKN", "municipality": "Blackwell", "iso_country": "US", "iso_region": "US-OK"}}, {"type": "Feature", "geometry": {"type": "Point", "coordinates": [-89.845, 38.54]}, "properties": {"station_id": "KBLV", "temp_c": 18.5, "icao_code": "KBLV", "municipality": "Belleville", "iso_country": "US", "iso_region": "US-IL"}}, {"type": "Feature", "geometry": {"type": "Point", "coordinates": [-83.2974, 34.588]}, "properties": {"station_id": "KTOC", "temp_c": 11.0, "icao_code": "KTOC", "municipality": "Toccoa", "iso_country": "US", "iso_region": "US-GA"}}, {"type": "Feature", "geometry": {"type": "Point", "coordinates": [-82.8353, 42.6045]}, "properties": {"station_id": "KMTC", "temp_c": 13.7, "icao_code": "KMTC", "municipality": "Mount Clemens", "iso_country": "US", "iso_region": "US-MI"}}, {"type": "Feature", "geometry": {"type": "Point", "coordinates": [-166.043, 61.776]}, "properties": {"station_id": "PACZ", "temp_c": 0.7, "icao_code": "PACZ", "municipality": "Cape Romanzof", "iso_country": "US", "iso_region": "US-AK"}}, {"type": "Feature", "geometry": {"type": "Point", "coordinates": [-97.8323, 31.0779]}, "properties": {"station_id": "KGRK", "temp_c": 24.7, "icao_code": "KGRK", "municipality": "Fort Cavazos", "iso_country": "US", "iso_region": "US-TX"}}, {"type": "Feature", "geometry": {"type": "Point", "coordinates": [-80.608, 28.242]}, "properties": {"station_id": "KCOF", "temp_c": 23.3, "icao_code": "KCOF", "municipality": "Cocoa Beach", "iso_country": "US", "iso_region": "US-FL"}}, {"type": "Feature", "geometry": {"type": "Point", "coordinates": [-98.404, 34.6457]}, "properties": {"station_id": "KFSI", "temp_c": 19.4, "icao_code": "KFSI", "municipality": "Fort Sill", "iso_country": "US", "iso_region": "US-OK"}}, {"type": "Feature", "geometry": {"type": "Point", "coordinates": [-122.475, 47.149]}, "properties": {"station_id": "KTCM", "temp_c": 6.9, "icao_code": "KTCM", "municipality": "Tacoma", "iso_country": "US", "iso_region": "US-WA"}}, {"type": "Feature", "geometry": {"type": "Point", "coordinates": [-108.79, 44.8641]}, "properties": {"station_id": "KPOY", "temp_c": -1.0, "icao_code": "KPOY", "municipality": "Powell", "iso_country": "US", "iso_region": "US-WY"}}, {"type": "Feature", "geometry": {"type": "Point", "coordinates": [-121.938, 38.25]}, "properties": {"station_id": "KSUU", "temp_c": 11.5, "icao_code": "KSUU", "municipality": "Fairfield", "iso_country": "US", "iso_region": "US-CA"}}, {"type": "Feature", "geometry": {"type": "Point", "coordinates": [-92.765, 33.619]}, "properties": {"station_id": "KCDH", "temp_c": 26.0, "icao_code": "KCDH", "municipality": "Camden", "iso_country": "US", "iso_region": "US-AR"}}, {"type": "Feature", "geometry": {"type": "Point", "coordinates": [-111.962, 41.111]}, "properties": {"station_id": "KHIF", "temp_c": 3.7, "icao_code": "KHIF", "municipality": "Ogden", "iso_country": "US", "iso_region": "US-UT"}}, {"type": "Feature", "geometry": {"type": "Point", "coordinates": [-99.27, 34.666]}, "properties": {"station_id": "KLTS", "temp_c": 19.0, "icao_code": "KLTS", "municipality": "Altus", "iso_country": "US", "iso_region": "US-OK"}}, {"type": "Feature", "geometry": {"type": "Point", "coordinates": [-76.5643, 40.4381]}, "properties": {"station_id": "KMUI", "temp_c": 12.3, "icao_code": "KMUI", "municipality": "Fort Indiantown Gap(Annville)", "iso_country": "US", "iso_region": "US-PA"}}, {"type": "Feature", "geometry": {"type": "Point", "coordinates": [-79.008, 35.175]}, "properties": {"station_id": "KPOB", "temp_c": 12.9, "icao_code": "KPOB", "municipality": "Fort Bragg", "iso_country": "US", "iso_region": "US-NC"}}, {"type": "Feature", "geometry": {"type": "Point", "coordinates": [-100.7847, 29.3666]}, "properties": {"station_id": "KDLF", "temp_c": 27.6, "icao_code": "KDLF", "municipality": "Del Rio", "iso_country": "US", "iso_region": "US-TX"}}, {"type": "Feature", "geometry": {"type": "Point", "coordinates": [-82.037, 36.6872]}, "properties": {"station_id": "KVJI", "temp_c": 15.0, "icao_code": "KVJI", "municipality": "Abingdon", "iso_country": "US", "iso_region": "US-VA"}}, {"type": "Feature", "geometry": {"type": "Point", "coordinates": [-68.758, 76.527]}, "properties": {"station_id": "BGTL", "temp_c": -13.2, "icao_code": "BGTL", "municipality": "Pituffik", "iso_country": "GL", "iso_region": "GL-AV"}}, {"type": "Feature", "geometry": {"type": "Point", "coordinates": [-120.5742, 40.376]}, "properties": {"station_id": "KSVE", "temp_c": 6.0, "icao_code": "KSVE", "municipality": "Susanville", "iso_country": "US", "iso_region": "US-CA"}}, {"type": "Feature", "geometry": {"type": "Point", "coordinates": [-82.1564, 28.2268]}, "properties": {"station_id": "KZPH", "temp_c": 18.8, "icao_code": "KZPH", "municipality": "Zephyrhills", "iso_country": "US", "iso_region": "US-FL"}}, {"type": "Feature", "geometry": {"type": "Point", "coordinates": [126.618, 35.9]}, "properties": {"station_id": "RKJK", "temp_c": 15.5, "icao_code": "RKJK", "municipality": "Gunsan", "iso_country": "KR", "iso_region": "KR-45"}}, {"type": "Feature", "geometry": {"type": "Point", "coordinates": [-93.069, 34.0953]}, "properties": {"station_id": "KADF", "temp_c": 23.3, "icao_code": "KADF", "municipality": "Arkadelphia", "iso_country": "US", "iso_region": "US-AR"}}, {"type": "Feature", "geometry": {"type": "Point", "coordinates": [127.03, 37.091]}, "properties": {"station_id": "RKSO", "temp_c": 14.9, "icao_code": "RKSO", "municipality": "Pyeongtaek", "iso_country": "KR", "iso_region": "KR-41"}}, {"type": "Feature", "geometry": {"type": "Point", "coordinates": [127.768, 26.356]}, "properties": {"station_id": "RODN", "temp_c": 24.2, "icao_code": "RODN", "municipality": "Okinawa", "iso_country": "JP", "iso_region": "JP-47"}}, {"type": "Feature", "geometry": {"type": "Point", "coordinates": [0.486, 52.362]}, "properties": {"station_id": "EGUN", "temp_c": 8.8, "icao_code": "EGUN", "municipality": "Bury Saint Edmunds, Suffolk", "iso_country": "GB", "iso_region": "GB-ENG"}}, {"type": "Feature", "geometry": {"type": "Point", "coordinates": [-1.79, 51.682]}, "properties": {"station_id": "EGVA", "temp_c": 9.8, "icao_code": "EGVA", "municipality": "Fairford, Gloucestershire", "iso_country": "GB", "iso_region": "GB-ENG"}}, {"type": "Feature", "geometry": {"type": "Point", "coordinates": [-89.7307, 45.9264]}, "properties": {"station_id": "KARV", "temp_c": 7.7, "icao_code": "KARV", "municipality": "Woodruff", "iso_country": "US", "iso_region": "US-WI"}}, {"type": "Feature", "geometry": {"type": "Point", "coordinates": [14.919, 37.406]}, "properties": {"station_id": "LICZ", "temp_c": 12.0, "icao_code": "LICZ", "municipality": "Sigonella (CT)", "iso_country": "IT", "iso_region": "IT-82"}}, {"type": "Feature", "geometry": {"type": "Point", "coordinates": [-70.5221, 41.6608]}, "properties": {"station_id": "KFMH", "temp_c": 6.0, "icao_code": "KFMH", "municipality": "Falmouth", "iso_country": "US", "iso_region": "US-MA"}}, {"type": "Feature", "geometry": {"type": "Point", "coordinates": [-95.9514, 35.6713]}, "properties": {"station_id": "KOKM", "temp_c": 18.0, "icao_code": "KOKM", "municipality": "Okmulgee", "iso_country": "US", "iso_region": "US-OK"}}, {"type": "Feature", "geometry": {"type": "Point", "coordinates": [-83.192, 30.979]}, "properties": {"station_id": "KVAD", "temp_c": 14.5, "icao_code": "KVAD", "municipality": "Valdosta", "iso_country": "US", "iso_region": "US-GA"}}, {"type": "Feature", "geometry": {"type": "Point", "coordinates": [-115.69, 36.586]}, "properties": {"station_id": "KINS", "temp_c": 12.5, "icao_code": "KINS", "municipality": "Indian Springs", "iso_country": "US", "iso_region": "US-NV"}}, {"type": "Feature", "geometry": {"type": "Point", "coordinates": [-79.4973, 35.0424]}, "properties": {"station_id": "KHFF", "temp_c": 9.3, "icao_code": "KHFF", "municipality": "Hoffman", "iso_country": "US", "iso_region": "US-NC"}}, {"type": "Feature", "geometry": {"type": "Point", "coordinates": [7.6, 49.437]}, "properties": {"station_id": "ETAR", "temp_c": 9.1, "icao_code": "ETAR", "municipality": "Ramstein-Miesenbach", "iso_country": "DE", "iso_region": "DE-RP"}}, {"type": "Feature", "geometry": {"type": "Point", "coordinates": [-118.042, 33.796]}, "properties": {"station_id": "KSLI", "temp_c": 14.0, "icao_code": "KSLI", "municipality": "Los Alamitos", "iso_country": "US", "iso_region": "US-CA"}}, {"type": "Feature", "geometry": {"type": "Point", "coordinates": [-86.3724, 32.3877]}, "properties": {"station_id": "KMXF", "temp_c": 20.8, "icao_code": "KMXF", "municipality": "Montgomery", "iso_country": "US", "iso_region": "US-AL"}}, {"type": "Feature", "geometry": {"type": "Point", "coordinates": [-98.581, 29.392]}, "properties": {"station_id": "KSKF", "temp_c": 26.5, "icao_code": "KSKF", "municipality": "San Antonio", "iso_country": "US", "iso_region": "US-TX"}}, {"type": "Feature", "geometry": {"type": "Point", "coordinates": [-98.268, 29.537]}, "properties": {"station_id": "KRND", "temp_c": 25.8, "icao_code": "KRND", "municipality": "Universal City", "iso_country": "US", "iso_region": "US-TX"}}, {"type": "Feature", "geometry": {"type": "Point", "coordinates": [-90.3864, 47.8366]}, "properties": {"station_id": "KCKC", "temp_c": 4.0, "icao_code": "KCKC", "municipality": "Grand Marais", "iso_country": "US", "iso_region": "US-MN"}}, {"type": "Feature", "geometry": {"type": "Point", "coordinates": [-80.379, 25.49]}, "properties": {"station_id": "KHST", "temp_c": 25.1, "icao_code": "KHST", "municipality": "Homestead", "iso_country": "US", "iso_region": "US-FL"}}, {"type": "Feature", "geometry": {"type": "Point", "coordinates": [-95.91, 41.122]}, "properties": {"station_id": "KOFF", "temp_c": 9.1, "icao_code": "KOFF", "municipality": "Omaha", "iso_country": "US", "iso_region": "US-NE"}}, {"type": "Feature", "geometry": {"type": "Point", "coordinates": [10.639, 49.308]}, "properties": {"station_id": "ETEB", "temp_c": 8.7, "icao_code": "ETEB", "municipality": "Ansbach", "iso_country": "DE", "iso_region": "DE-BY"}}, {"type": "Feature", "geometry": {"type": "Point", "coordinates": [0.561, 52.409]}, "properties": {"station_id": "EGUL", "temp_c": 8.7, "icao_code": "EGUL", "municipality": "Brandon, Suffolk", "iso_country": "GB", "iso_region": "GB-ENG"}}, {"type": "Feature", "geometry": {"type": "Point", "coordinates": [11.839, 49.216]}, "properties": {"station_id": "ETIH", "temp_c": 8.8, "icao_code": "ETIH", "municipality": "Hohenfels", "iso_country": "DE", "iso_region": "DE-BY"}}, {"type": "Feature", "geometry": {"type": "Point", "coordinates": [6.698, 49.979]}, "properties": {"station_id": "ETAD", "temp_c": 9.5, "icao_code": "ETAD", "municipality": "Trier", "iso_country": "DE", "iso_region": "DE-RP"}}, {"type": "Feature", "geometry": {"type": "Point", "coordinates": [-106.369, 31.861]}, "properties": {"station_id": "KBIF", "temp_c": 24.8, "icao_code": "KBIF", "municipality": "Fort Bliss/El Paso", "iso_country": "US", "iso_region": "US-TX"}}, {"type": "Feature", "geometry": {"type": "Point", "coordinates": [-80.5589, 28.4674]}, "properties": {"station_id": "KXMR", "temp_c": 22.2, "icao_code": "KXMR", "municipality": "Cocoa Beach", "iso_country": "US", "iso_region": "US-FL"}}, {"type": "Feature", "geometry": {"type": "Point", "coordinates": [-103.118, 44.155]}, "properties": {"station_id": "KRCA", "temp_c": 2.6, "icao_code": "KRCA", "municipality": "Rapid City", "iso_country": "US", "iso_region": "US-SD"}}, {"type": "Feature", "geometry": {"type": "Point", "coordinates": [-97.386, 35.415]}, "properties": {"station_id": "KTIK", "temp_c": 18.4, "icao_code": "KTIK", "municipality": "Oklahoma City", "iso_country": "US", "iso_region": "US-OK"}}, {"type": "Feature", "geometry": {"type": "Point", "coordinates": [-117.679, 47.612]}, "properties": {"station_id": "KSKA", "temp_c": 9.9, "icao_code": "KSKA", "municipality": "Spokane", "iso_country": "US", "iso_region": "US-WA"}}, {"type": "Feature", "geometry": {"type": "Point", "coordinates": [-110.348, 31.586]}, "properties": {"station_id": "KFHU", "temp_c": 16.6, "icao_code": "KFHU", "municipality": "Fort Huachuca / Sierra Vista", "iso_country": "US", "iso_region": "US-AZ"}}, {"type": "Feature", "geometry": {"type": "Point", "coordinates": [-80.466, 33.978]}, "properties": {"station_id": "KSSC", "temp_c": 12.5, "icao_code": "KSSC", "municipality": "Sumter", "iso_country": "US", "iso_region": "US-SC"}}, {"type": "Feature", "geometry": {"type": "Point", "coordinates": [-121.4105, 36.892]}, "properties": {"station_id": "KCVH", "temp_c": 10.0, "icao_code": "KCVH", "municipality": "Hollister", "iso_country": "US", "iso_region": "US-CA"}}, {"type": "Feature", "geometry": {"type": "Point", "coordinates": [-76.8654, 38.8215]}, "properties": {"station_id": "KADW", "temp_c": 9.7, "icao_code": "KADW", "municipality": "Camp Springs", "iso_country": "US", "iso_region": "US-MD"}}, {"type": "Feature", "geometry": {"type": "Point", "coordinates": [-104.816, 38.971]}, "properties": {"station_id": "KAFF", "temp_c": 3.6, "icao_code": "KAFF", "municipality": "Colorado Springs", "iso_country": "US", "iso_region": "US-CO"}}, {"type": "Feature", "geometry": {"type": "Point", "coordinates": [-72.2296, 44.8886]}, "properties": {"station_id": "KEFK", "temp_c": 8.9, "icao_code": "KEFK", "municipality": "Newport", "iso_country": "US", "iso_region": "US-VT"}}, {"type": "Feature", "geometry": {"type": "Point", "coordinates": [-77.953, 37.082]}, "properties": {"station_id": "KBKT", "temp_c": 9.6, "icao_code": "KBKT", "municipality": "Blackstone", "iso_country": "US", "iso_region": "US-VA"}}, {"type": "Feature", "geometry": {"type": "Point", "coordinates": [-110.887, 32.165]}, "properties": {"station_id": "KDMA", "temp_c": 20.0, "icao_code": "KDMA", "municipality": "Tucson", "iso_country": "US", "iso_region": "US-AZ"}}, {"type": "Feature", "geometry": {"type": "Point", "coordinates": [-86.1631, 40.6375]}, "properties": {"station_id": "KGUS", "temp_c": 14.9, "icao_code": "KGUS", "municipality": "Peru", "iso_country": "US", "iso_region": "US-IN"}}, {"type": "Feature", "geometry": {"type": "Point", "coordinates": [-86.6855, 34.676]}, "properties": {"station_id": "KHUA", "temp_c": 24.0, "icao_code": "KHUA", "municipality": "Redstone Arsnl Huntsville", "iso_country": "US", "iso_region": "US-AL"}}, {"type": "Feature", "geometry": {"type": "Point", "coordinates": [-76.349, 37.088]}, "properties": {"station_id": "KLFI", "temp_c": 7.9, "icao_code": "KLFI", "municipality": "Hampton", "iso_country": "US", "iso_region": "US-VA"}}, {"type": "Feature", "geometry": {"type": "Point", "coordinates": [-114.393, 32.868]}, "properties": {"station_id": "KLGF", "temp_c": 20.7, "icao_code": "KLGF", "municipality": "Yuma Proving Ground(Yuma)", "iso_country": "US", "iso_region": "US-AZ"}}, {"type": "Feature", "geometry": {"type": "Point", "coordinates": [-92.131, 34.92]}, "properties": {"station_id": "KLRF", "temp_c": 25.9, "icao_code": "KLRF", "municipality": "Jacksonville", "iso_country": "US", "iso_region": "US-AR"}}, {"type": "Feature", "geometry": {"type": "Point", "coordinates": [-82.5132, 27.8598]}, "properties": {"station_id": "KMCF", "temp_c": 22.0, "icao_code": "KMCF", "municipality": "Tampa", "iso_country": "US", "iso_region": "US-FL"}}, {"type": "Feature", "geometry": {"type": "Point", "coordinates": [-70.8127, 43.0677]}, "properties": {"station_id": "KPSM", "temp_c": 7.1, "icao_code": "KPSM", "municipality": "Portsmouth", "iso_country": "US", "iso_region": "US-NH"}}, {"type": "Feature", "geometry": {"type": "Point", "coordinates": [-83.593, 32.639]}, "properties": {"station_id": "KWRB", "temp_c": 15.2, "icao_code": "KWRB", "municipality": "Warner Robins", "iso_country": "US", "iso_region": "US-GA"}}, {"type": "Feature", "geometry": {"type": "Point", "coordinates": [-158.044, 21.478]}, "properties": {"station_id": "PHHI", "temp_c": 22.3, "icao_code": "PHHI", "municipality": "Wahiawa", "iso_country": "US", "iso_region": "US-HI"}}, {"type": "Feature", "geometry": {"type": "Point", "coordinates": [166.623, 19.287]}, "properties": {"station_id": "PWAK", "temp_c": 28.3, "icao_code": "PWAK", "municipality": "Wake Island", "iso_country": "UM", "iso_region": "UM-79"}}, {"type": "Feature", "geometry": {"type": "Point", "coordinates": [-64.679, 32.364]}, "properties": {"station_id": "TXKF", "temp_c": 21.0, "icao_code": "TXKF", "municipality": "Hamilton", "iso_country": "BM", "iso_region": "BM-U-A"}}, {"type": "Feature", "geometry": {"type": "Point", "coordinates": [-106.049, 38.538]}, "properties": {"station_id": "KANK", "temp_c": 1.3, "icao_code": "KANK", "municipality": "Salida", "iso_country": "US", "iso_region": "US-CO"}}, {"type": "Feature", "geometry": {"type": "Point", "coordinates": [-99.3402, 34.6963]}, "properties": {"station_id": "KAXS", "temp_c": 20.0, "icao_code": "KAXS", "municipality": "Altus", "iso_country": "US", "iso_region": "US-OK"}}, {"type": "Feature", "geometry": {"type": "Point", "coordinates": [-122.4996, 37.5136]}, "properties": {"station_id": "KHAF", "temp_c": 12.0, "icao_code": "KHAF", "municipality": "Half Moon Bay", "iso_country": "US", "iso_region": "US-CA"}}, {"type": "Feature", "geometry": {"type": "Point", "coordinates": [-86.525, 30.653]}, "properties": {"station_id": "KEGI", "temp_c": 21.1, "icao_code": "KEGI", "municipality": "Crestview", "iso_country": "US", "iso_region": "US-FL"}}, {"type": "Feature", "geometry": {"type": "Point", "coordinates": [-93.2244, 42.7175]}, "properties": {"station_id": "KHPT", "temp_c": 6.0, "icao_code": "KHPT", "municipality": "Hampton", "iso_country": "US", "iso_region": "US-IA"}}, {"type": "Feature", "geometry": {"type": "Point", "coordinates": [-80.7074, 35.3896]}, "properties": {"station_id": "KJQF", "temp_c": 12.0, "icao_code": "KJQF", "municipality": "Concord", "iso_country": "US", "iso_region": "US-NC"}}, {"type": "Feature", "geometry": {"type": "Point", "coordinates": [-116.1326, 45.9411]}, "properties": {"station_id": "KGIC", "temp_c": 2.0, "icao_code": "KGIC", "municipality": "Grangeville", "iso_country": "US", "iso_region": "US-ID"}}, {"type": "Feature", "geometry": {"type": "Point", "coordinates": [-90.024, 29.837]}, "properties": {"station_id": "KNBG", "temp_c": 23.3, "icao_code": "KNBG", "municipality": "New Orleans", "iso_country": "US", "iso_region": "US-LA"}}, {"type": "Feature", "geometry": {"type": "Point", "coordinates": [-121.403, 38.678]}, "properties": {"station_id": "KMCC", "temp_c": 14.0, "icao_code": "KMCC", "municipality": "Sacramento", "iso_country": "US", "iso_region": "US-CA"}}, {"type": "Feature", "geometry": {"type": "Point", "coordinates": [-122.0491, 37.4059]}, "properties": {"station_id": "KNUQ", "temp_c": 12.0, "icao_code": "KNUQ", "municipality": "Mountain View", "iso_country": "US", "iso_region": "US-CA"}}, {"type": "Feature", "geometry": {"type": "Point", "coordinates": [-103.322, 34.381]}, "properties": {"station_id": "KCVS", "temp_c": 15.1, "icao_code": "KCVS", "municipality": "Clovis", "iso_country": "US", "iso_region": "US-NM"}}, {"type": "Feature", "geometry": {"type": "Point", "coordinates": [-86.526, 30.483]}, "properties": {"station_id": "KVPS", "temp_c": 22.8, "icao_code": "KVPS", "municipality": "Valparaiso", "iso_country": "US", "iso_region": "US-FL"}}, {"type": "Feature", "geometry": {"type": "Point", "coordinates": [-84.8733, 34.727]}, "properties": {"station_id": "KDNN", "temp_c": 19.5, "icao_code": "KDNN", "municipality": "Dalton", "iso_country": "US", "iso_region": "US-GA"}}, {"type": "Feature", "geometry": {"type": "Point", "coordinates": [-120.583, 34.733]}, "properties": {"station_id": "KVBG", "temp_c": 12.6, "icao_code": "KVBG", "municipality": "Lompoc", "iso_country": "US", "iso_region": "US-CA"}}, {"type": "Feature", "geometry": {"type": "Point", "coordinates": [-101.3413, 48.4062]}, "properties": {"station_id": "KMIB", "temp_c": -1.6, "icao_code": "KMIB", "municipality": "Minot", "iso_country": "US", "iso_region": "US-ND"}}, {"type": "Feature", "geometry": {"type": "Point", "coordinates": [-147.094, 64.654]}, "properties": {"station_id": "PAEI", "temp_c": 8.3, "icao_code": "PAEI", "municipality": "Fairbanks", "iso_country": "US", "iso_region": "US-AK"}}, {"type": "Feature", "geometry": {"type": "Point", "coordinates": [-87.495, 36.672]}, "properties": {"station_id": "KHOP", "temp_c": 23.6, "icao_code": "KHOP", "municipality": "Fort Campbell", "iso_country": "US", "iso_region": "US-KY"}}, {"type": "Feature", "geometry": {"type": "Point", "coordinates": [-93.3358, 30.8344]}, "properties": {"station_id": "KDRI", "temp_c": 24.0, "icao_code": "KDRI", "municipality": "DeRidder", "iso_country": "US", "iso_region": "US-LA"}}, {"type": "Feature", "geometry": {"type": "Point", "coordinates": [-74.591, 40.016]}, "properties": {"station_id": "KWRI", "temp_c": 6.4, "icao_code": "KWRI", "municipality": "Wrightstown", "iso_country": "US", "iso_region": "US-NJ"}}, {"type": "Feature", "geometry": {"type": "Point", "coordinates": [-77.178, 38.714]}, "properties": {"station_id": "KDAA", "temp_c": 11.4, "icao_code": "KDAA", "municipality": "Fort Belvoir", "iso_country": "US", "iso_region": "US-VA"}}, {"type": "Feature", "geometry": {"type": "Point", "coordinates": [-93.3119, 44.3298]}, "properties": {"station_id": "KFBL", "temp_c": 7.0, "icao_code": "KFBL", "municipality": "Faribault", "iso_country": "US", "iso_region": "US-MN"}}, {"type": "Feature", "geometry": {"type": "Point", "coordinates": [-93.55, 38.736]}, "properties": {"station_id": "KSZL", "temp_c": 13.9, "icao_code": "KSZL", "municipality": "Knob Noster", "iso_country": "US", "iso_region": "US-MO"}}, {"type": "Feature", "geometry": {"type": "Point", "coordinates": [-77.9458, 35.3445]}, "properties": {"station_id": "KGSB", "temp_c": 6.0, "icao_code": "KGSB", "municipality": "Goldsboro", "iso_country": "US", "iso_region": "US-NC"}}, {"type": "Feature", "geometry": {"type": "Point", "coordinates": [-94.9601, 33.0936]}, "properties": {"station_id": "KOSA", "temp_c": 25.3, "icao_code": "KOSA", "municipality": "Mount Pleasant", "iso_country": "US", "iso_region": "US-TX"}}, {"type": "Feature", "geometry": {"type": "Point", "coordinates": [-117.137, 32.865]}, "properties": {"station_id": "KNKX", "temp_c": 11.1, "icao_code": "KNKX", "municipality": "San Diego", "iso_country": "US", "iso_region": "US-CA"}}, {"type": "Feature", "geometry": {"type": "Point", "coordinates": [-99.4058, 31.8415]}, "properties": {"station_id": "KCOM", "temp_c": 25.5, "icao_code": "KCOM", "municipality": "Coleman", "iso_country": "US", "iso_region": "US-TX"}}, {"type": "Feature", "geometry": {"type": "Point", "coordinates": [-110.7041, 38.418]}, "properties": {"station_id": "KHVE", "temp_c": 12.0, "icao_code": "KHVE", "municipality": "Hanksville", "iso_country": "US", "iso_region": "US-UT"}}, {"type": "Feature", "geometry": {"type": "Point", "coordinates": [-80.6949, 32.2263]}, "properties": {"station_id": "KHXD", "temp_c": 18.0, "icao_code": "KHXD", "municipality": "Hilton Head Island", "iso_country": "US", "iso_region": "US-SC"}}, {"type": "Feature", "geometry": {"type": "Point", "coordinates": [-97.198, 33.6525]}, "properties": {"station_id": "KGLE", "temp_c": 22.6, "icao_code": "KGLE", "municipality": "Gainesville", "iso_country": "US", "iso_region": "US-TX"}}, {"type": "Feature", "geometry": {"type": "Point", "coordinates": [-96.6714, 33.7231]}, "properties": {"station_id": "KGYI", "temp_c": 23.8, "icao_code": "KGYI", "municipality": "Denison", "iso_country": "US", "iso_region": "US-TX"}}, {"type": "Feature", "geometry": {"type": "Point", "coordinates": [-101.2033, 30.7312]}, "properties": {"station_id": "KOZA", "temp_c": 24.0, "icao_code": "KOZA", "municipality": "Ozona", "iso_country": "US", "iso_region": "US-TX"}}, {"type": "Feature", "geometry": {"type": "Point", "coordinates": [-100.9972, 35.6139]}, "properties": {"station_id": "KPPA", "temp_c": 14.9, "icao_code": "KPPA", "municipality": "Pampa", "iso_country": "US", "iso_region": "US-TX"}}, {"type": "Feature", "geometry": {"type": "Point", "coordinates": [-94.7888, 42.0444]}, "properties": {"station_id": "KCIN", "temp_c": 7.0, "icao_code": "KCIN", "municipality": "Carroll", "iso_country": "US", "iso_region": "US-IA"}}, {"type": "Feature", "geometry": {"type": "Point", "coordinates": [-96.0614, 33.0669]}, "properties": {"station_id": "KGVT", "temp_c": 23.0, "icao_code": "KGVT", "municipality": "Greenville", "iso_country": "US", "iso_region": "US-TX"}}, {"type": "Feature", "geometry": {"type": "Point", "coordinates": [-78.1391, 39.1406]}, "properties": {"station_id": "KOKV", "temp_c": 12.0, "icao_code": "KOKV", "municipality": "Winchester", "iso_country": "US", "iso_region": "US-VA"}}, {"type": "Feature", "geometry": {"type": "Point", "coordinates": [-91.7433, 43.2755]}, "properties": {"station_id": "KDEH", "temp_c": 8.0, "icao_code": "KDEH", "municipality": "Decorah", "iso_country": "US", "iso_region": "US-IA"}}, {"type": "Feature", "geometry": {"type": "Point", "coordinates": [-74.4164, 40.7989]}, "properties": {"station_id": "KMMU", "temp_c": 5.0, "icao_code": "KMMU", "municipality": "Morristown", "iso_country": "US", "iso_region": "US-NJ"}}, {"type": "Feature", "geometry": {"type": "Point", "coordinates": [-93.8725, 42.4372]}, "properties": {"station_id": "KEBS", "temp_c": 8.0, "icao_code": "KEBS", "municipality": "Webster City", "iso_country": "US", "iso_region": "US-IA"}}, {"type": "Feature", "geometry": {"type": "Point", "coordinates": [-153.695, 65.994]}, "properties": {"station_id": "PAIM", "temp_c": 7.2, "icao_code": "PAIM", "municipality": "Utopia Creek", "iso_country": "US", "iso_region": "US-AK"}}, {"type": "Feature", "geometry": {"type": "Point", "coordinates": [-96.3347, 30.7171]}, "properties": {"station_id": "KCFD", "temp_c": 24.9, "icao_code": "KCFD", "municipality": "Bryan", "iso_country": "US", "iso_region": "US-TX"}}, {"type": "Feature", "geometry": {"type": "Point", "coordinates": [-93.8486, 42.0486]}, "properties": {"station_id": "KBNW", "temp_c": 8.0, "icao_code": "KBNW", "municipality": "Boone", "iso_country": "US", "iso_region": "US-IA"}}, {"type": "Feature", "geometry": {"type": "Point", "coordinates": [-162.062, 58.652]}, "properties": {"station_id": "PAEH", "temp_c": 2.5, "icao_code": "PAEH", "municipality": "Cape Newenham", "iso_country": "US", "iso_region": "US-AK"}}, {"type": "Feature", "geometry": {"type": "Point", "coordinates": [-76.5668, 36.0286]}, "properties": {"station_id": "KEDE", "temp_c": 6.2, "icao_code": "KEDE", "municipality": "Edenton", "iso_country": "US", "iso_region": "US-NC"}}, {"type": "Feature", "geometry": {"type": "Point", "coordinates": [-166.101, 68.873]}, "properties": {"station_id": "PALU", "temp_c": -2.7, "icao_code": "PALU", "municipality": "Cape Lisburne", "iso_country": "US", "iso_region": "US-AK"}}, {"type": "Feature", "geometry": {"type": "Point", "coordinates": [-85.7105, 31.2767]}, "properties": {"station_id": "KOZR", "temp_c": 19.8, "icao_code": "KOZR", "municipality": "Fort Rucker/Ozark", "iso_country": "US", "iso_region": "US-AL"}}, {"type": "Feature", "geometry": {"type": "Point", "coordinates": [-82.9855, 32.5632]}, "properties": {"station_id": "KDBN", "temp_c": 12.5, "icao_code": "KDBN", "municipality": "Dublin", "iso_country": "US", "iso_region": "US-GA"}}, {"type": "Feature", "geometry": {"type": "Point", "coordinates": [-93.014, 44.474]}, "properties": {"station_id": "KSYN", "temp_c": 7.0, "icao_code": "KSYN", "municipality": "Dennison", "iso_country": "US", "iso_region": "US-MN"}}, {"type": "Feature", "geometry": {"type": "Point", "coordinates": [-114.2643, 48.3041]}, "properties": {"station_id": "KGPI", "temp_c": 4.4, "icao_code": "KGPI", "municipality": "Kalispell", "iso_country": "US", "iso_region": "US-MT"}}, {"type": "Feature", "geometry": {"type": "Point", "coordinates": [-98.2227, 44.3792]}, "properties": {"station_id": "KHON", "temp_c": 2.2, "icao_code": "KHON", "municipality": "Huron", "iso_country": "US", "iso_region": "US-SD"}}, {"type": "Feature", "geometry": {"type": "Point", "coordinates": [-88.922, 30.415]}, "properties": {"station_id": "KBIX", "temp_c": 24.0, "icao_code": "KBIX", "municipality": "Biloxi", "iso_country": "US", "iso_region": "US-MS"}}, {"type": "Feature", "geometry": {"type": "Point", "coordinates": [-75.7218, 44.0618]}, "properties": {"station_id": "KGTB", "temp_c": 12.9, "icao_code": "KGTB", "municipality": "Fort Drum", "iso_country": "US", "iso_region": "US-NY"}}, {"type": "Feature", "geometry": {"type": "Point", "coordinates": [-80.802, 33.922]}, "properties": {"station_id": "KMMT", "temp_c": 9.9, "icao_code": "KMMT", "municipality": "Eastover", "iso_country": "US", "iso_region": "US-SC"}}, {"type": "Feature", "geometry": {"type": "Point", "coordinates": [-80.3923, 37.8633]}, "properties": {"station_id": "KLWB", "temp_c": 13.0, "icao_code": "KLWB", "municipality": "Lewisburg", "iso_country": "US", "iso_region": "US-WV"}}, {"type": "Feature", "geometry": {"type": "Point", "coordinates": [-149.66, 61.263]}, "properties": {"station_id": "PAFR", "temp_c": 5.6, "icao_code": "PAFR", "municipality": "Fort Richardson", "iso_country": "US", "iso_region": "US-AK"}}, {"type": "Feature", "geometry": {"type": "Point", "coordinates": [-149.837, 61.25]}, "properties": {"station_id": "PAED", "temp_c": 6.2, "icao_code": "PAED", "municipality": "Anchorage", "iso_country": "US", "iso_region": "US-AK"}}, {"type": "Feature", "geometry": {"type": "Point", "coordinates": [-96.7617, 39.0568]}, "properties": {"station_id": "KFRI", "temp_c": 9.1, "icao_code": "KFRI", "municipality": "Fort Riley (Junction City)", "iso_country": "US", "iso_region": "US-KS"}}, {"type": "Feature", "geometry": {"type": "Point", "coordinates": [-112.38, 33.538]}, "properties": {"station_id": "KLUF", "temp_c": 20.8, "icao_code": "KLUF", "municipality": "Glendale", "iso_country": "US", "iso_region": "US-AZ"}}, {"type": "Feature", "geometry": {"type": "Point", "coordinates": [-97.4029, 47.9477]}, "properties": {"station_id": "KRDR", "temp_c": 3.1, "icao_code": "KRDR", "municipality": "Grand Forks", "iso_country": "US", "iso_region": "US-ND"}}, {"type": "Feature", "geometry": {"type": "Point", "coordinates": [-92.5899, 32.5159]}, "properties": {"station_id": "KRSN", "temp_c": 24.5, "icao_code": "KRSN", "municipality": "Ruston", "iso_country": "US", "iso_region": "US-LA"}}, {"type": "Feature", "geometry": {"type": "Point", "coordinates": [-116.9737, 32.8273]}, "properties": {"station_id": "KSEE", "temp_c": 12.0, "icao_code": "KSEE", "municipality": "San Diego/El Cajon", "iso_country": "US", "iso_region": "US-CA"}}, {"type": "Feature", "geometry": {"type": "Point", "coordinates": [-103.7879, 44.4811]}, "properties": {"station_id": "KSPF", "temp_c": 0.0, "icao_code": "KSPF", "municipality": "Spearfish", "iso_country": "US", "iso_region": "US-SD"}}, {"type": "Feature", "geometry": {"type": "Point", "coordinates": [-97.6883, 38.3491]}, "properties": {"station_id": "KMPR", "temp_c": 9.0, "icao_code": "KMPR", "municipality": "Mc Pherson", "iso_country": "US", "iso_region": "US-KS"}}, {"type": "Feature", "geometry": {"type": "Point", "coordinates": [-118.4424, 35.1387]}, "properties": {"station_id": "KTSP", "temp_c": 6.0, "icao_code": "KTSP", "municipality": "Tehachapi", "iso_country": "US", "iso_region": "US-CA"}}, {"type": "Feature", "geometry": {"type": "Point", "coordinates": [-90.6481, 40.5176]}, "properties": {"station_id": "KMQB", "temp_c": 13.3, "icao_code": "KMQB", "municipality": "Macomb", "iso_country": "US", "iso_region": "US-IL"}}, {"type": "Feature", "geometry": {"type": "Point", "coordinates": [-147.614, 64.836]}, "properties": {"station_id": "PAFB", "temp_c": 7.2, "icao_code": "PAFB", "municipality": "Fairbanks", "iso_country": "US", "iso_region": "US-AK"}}, {"type": "Feature", "geometry": {"type": "Point", "coordinates": [-82.882, 32.0942]}, "properties": {"station_id": "KMQW", "temp_c": 13.0, "icao_code": "KMQW", "municipality": "Mc Rae", "iso_country": "US", "iso_region": "US-GA"}}, {"type": "Feature", "geometry": {"type": "Point", "coordinates": [-77.4523, 38.3941]}, "properties": {"station_id": "KRMN", "temp_c": 9.4, "icao_code": "KRMN", "municipality": "Fredericksburg", "iso_country": "US", "iso_region": "US-VA"}}, {"type": "Feature", "geometry": {"type": "Point", "coordinates": [-99.743, 29.2135]}, "properties": {"station_id": "KUVA", "temp_c": 24.7, "icao_code": "KUVA", "municipality": "Uvalde", "iso_country": "US", "iso_region": "US-TX"}}, {"type": "Feature", "geometry": {"type": "Point", "coordinates": [-76.4065, 39.3214]}, "properties": {"station_id": "KMTN", "temp_c": 12.3, "icao_code": "KMTN", "municipality": "Baltimore", "iso_country": "US", "iso_region": "US-MD"}}, {"type": "Feature", "geometry": {"type": "Point", "coordinates": [-84.3974, 39.5324]}, "properties": {"station_id": "KMWO", "temp_c": 15.0, "icao_code": "KMWO", "municipality": "Middletown", "iso_country": "US", "iso_region": "US-OH"}}, {"type": "Feature", "geometry": {"type": "Point", "coordinates": [-110.1118, 34.4577]}, "properties": {"station_id": "KTYL", "temp_c": 7.0, "icao_code": "KTYL", "municipality": "Taylor", "iso_country": "US", "iso_region": "US-AZ"}}, {"type": "Feature", "geometry": {"type": "Point", "coordinates": [-93.2024, 39.093]}, "properties": {"station_id": "KMHL", "temp_c": 12.0, "icao_code": "KMHL", "municipality": "Marshall", "iso_country": "US", "iso_region": "US-MO"}}, {"type": "Feature", "geometry": {"type": "Point", "coordinates": [-85.6859, 40.4863]}, "properties": {"station_id": "KMZZ", "temp_c": 14.8, "icao_code": "KMZZ", "municipality": "Marion", "iso_country": "US", "iso_region": "US-IN"}}, {"type": "Feature", "geometry": {"type": "Point", "coordinates": [-75.8605, 39.9773]}, "properties": {"station_id": "KMQS", "temp_c": 6.8, "icao_code": "KMQS", "municipality": "Coatesville", "iso_country": "US", "iso_region": "US-PA"}}, {"type": "Feature", "geometry": {"type": "Point", "coordinates": [-121.7574, 36.6815]}, "properties": {"station_id": "KOAR", "temp_c": 10.0, "icao_code": "KOAR", "municipality": "Marina", "iso_country": "US", "iso_region": "US-CA"}}, {"type": "Feature", "geometry": {"type": "Point", "coordinates": [-111.3379, 34.2551]}, "properties": {"station_id": "KPAN", "temp_c": 10.0, "icao_code": "KPAN", "municipality": "Payson", "iso_country": "US", "iso_region": "US-AZ"}}, {"type": "Feature", "geometry": {"type": "Point", "coordinates": [-91.8371, 47.8287]}, "properties": {"station_id": "KELO", "temp_c": 1.6, "icao_code": "KELO", "municipality": "Ely", "iso_country": "US", "iso_region": "US-MN"}}, {"type": "Feature", "geometry": {"type": "Point", "coordinates": [-97.7457, 45.8186]}, "properties": {"station_id": "KBTN", "temp_c": 2.0, "icao_code": "KBTN", "municipality": "Britton", "iso_country": "US", "iso_region": "US-SD"}}, {"type": "Feature", "geometry": {"type": "Point", "coordinates": [-80.64, 32.921]}, "properties": {"station_id": "KRBW", "temp_c": 8.0, "icao_code": "KRBW", "municipality": "Walterboro", "iso_country": "US", "iso_region": "US-SC"}}, {"type": "Feature", "geometry": {"type": "Point", "coordinates": [-76.881, 34.897]}, "properties": {"station_id": "KNKT", "temp_c": 6.7, "icao_code": "KNKT", "municipality": "Cherry Point", "iso_country": "US", "iso_region": "US-NC"}}, {"type": "Feature", "geometry": {"type": "Point", "coordinates": [-87.1851, 40.9488]}, "properties": {"station_id": "KRZL", "temp_c": 15.0, "icao_code": "KRZL", "municipality": "Rensselaer", "iso_country": "US", "iso_region": "US-IN"}}, {"type": "Feature", "geometry": {"type": "Point", "coordinates": [-119.123, 34.124]}, "properties": {"station_id": "KNTD", "temp_c": 13.3, "icao_code": "KNTD", "municipality": "Point Mugu", "iso_country": "US", "iso_region": "US-CA"}}, {"type": "Feature", "geometry": {"type": "Point", "coordinates": [-106.8677, 40.5153]}, "properties": {"station_id": "KSBS", "temp_c": 0.0, "icao_code": "KSBS", "municipality": "Steamboat Springs", "iso_country": "US", "iso_region": "US-CO"}}, {"type": "Feature", "geometry": {"type": "Point", "coordinates": [-81.3415, 27.4553]}, "properties": {"station_id": "KSEF", "temp_c": 18.9, "icao_code": "KSEF", "municipality": "Sebring", "iso_country": "US", "iso_region": "US-FL"}}, {"type": "Feature", "geometry": {"type": "Point", "coordinates": [-88.9612, 38.6446]}, "properties": {"station_id": "KSLO", "temp_c": 17.9, "icao_code": "KSLO", "municipality": "Salem", "iso_country": "US", "iso_region": "US-IL"}}, {"type": "Feature", "geometry": {"type": "Point", "coordinates": [-103.2611, 40.6133]}, "properties": {"station_id": "KSTK", "temp_c": 3.0, "icao_code": "KSTK", "municipality": "Sterling", "iso_country": "US", "iso_region": "US-CO"}}, {"type": "Feature", "geometry": {"type": "Point", "coordinates": [-107.909, 37.954]}, "properties": {"station_id": "KTEX", "temp_c": 2.0, "icao_code": "KTEX", "municipality": "Telluride", "iso_country": "US", "iso_region": "US-CO"}}, {"type": "Feature", "geometry": {"type": "Point", "coordinates": [-101.5247, 32.2097]}, "properties": {"station_id": "KBPG", "temp_c": 26.5, "icao_code": "KBPG", "municipality": "Big Spring", "iso_country": "US", "iso_region": "US-TX"}}, {"type": "Feature", "geometry": {"type": "Point", "coordinates": [-81.4754, 31.2567]}, "properties": {"station_id": "KBQK", "temp_c": 17.8, "icao_code": "KBQK", "municipality": "Brunswick", "iso_country": "US", "iso_region": "US-GA"}}, {"type": "Feature", "geometry": {"type": "Point", "coordinates": [-76.9251, 38.9806]}, "properties": {"station_id": "KCGS", "temp_c": 11.8, "icao_code": "KCGS", "municipality": "College Park", "iso_country": "US", "iso_region": "US-MD"}}, {"type": "Feature", "geometry": {"type": "Point", "coordinates": [-98.4914, 33.8629]}, "properties": {"station_id": "KCWC", "temp_c": 21.0, "icao_code": "KCWC", "municipality": "Wichita Falls", "iso_country": "US", "iso_region": "US-TX"}}, {"type": "Feature", "geometry": {"type": "Point", "coordinates": [-80.2252, 27.1815]}, "properties": {"station_id": "KSUA", "temp_c": 24.0, "icao_code": "KSUA", "municipality": "Stuart", "iso_country": "US", "iso_region": "US-FL"}}, {"type": "Feature", "geometry": {"type": "Point", "coordinates": [-99.8192, 28.5204]}, "properties": {"station_id": "KCZT", "temp_c": 25.0, "icao_code": "KCZT", "municipality": "Carrizo Springs", "iso_country": "US", "iso_region": "US-TX"}}, {"type": "Feature", "geometry": {"type": "Point", "coordinates": [-95.4514, 33.636]}, "properties": {"station_id": "KPRX", "temp_c": 20.6, "icao_code": "KPRX", "municipality": "Paris", "iso_country": "US", "iso_region": "US-TX"}}, {"type": "Feature", "geometry": {"type": "Point", "coordinates": [-119.7683, 39.5077]}, "properties": {"station_id": "KRNO", "temp_c": 7.8, "icao_code": "KRNO", "municipality": "Reno", "iso_country": "US", "iso_region": "US-NV"}}, {"type": "Feature", "geometry": {"type": "Point", "coordinates": [-87.5897, 40.2032]}, "properties": {"station_id": "KDNV", "temp_c": 15.4, "icao_code": "KDNV", "municipality": "Danville", "iso_country": "US", "iso_region": "US-IL"}}, {"type": "Feature", "geometry": {"type": "Point", "coordinates": [-91.7764, 45.4186]}, "properties": {"station_id": "KRPD", "temp_c": 6.0, "icao_code": "KRPD", "municipality": "Rice Lake", "iso_country": "US", "iso_region": "US-WI"}}, {"type": "Feature", "geometry": {"type": "Point", "coordinates": [-84.6141, 37.0529]}, "properties": {"station_id": "KSME", "temp_c": 22.0, "icao_code": "KSME", "municipality": "Somerset", "iso_country": "US", "iso_region": "US-KY"}}, {"type": "Feature", "geometry": {"type": "Point", "coordinates": [-124.0575, 44.5825]}, "properties": {"station_id": "KONP", "temp_c": 9.0, "icao_code": "KONP", "municipality": "Newport", "iso_country": "US", "iso_region": "US-OR"}}, {"type": "Feature", "geometry": {"type": "Point", "coordinates": [-92.1021, 30.5643]}, "properties": {"station_id": "KOPL", "temp_c": 23.4, "icao_code": "KOPL", "municipality": "Opelousas", "iso_country": "US", "iso_region": "US-LA"}}, {"type": "Feature", "geometry": {"type": "Point", "coordinates": [-101.0512, 39.4301]}, "properties": {"station_id": "KCBK", "temp_c": 4.3, "icao_code": "KCBK", "municipality": "Colby", "iso_country": "US", "iso_region": "US-KS"}}, {"type": "Feature", "geometry": {"type": "Point", "coordinates": [-103.5117, 31.382]}, "properties": {"station_id": "KPEQ", "temp_c": 24.3, "icao_code": "KPEQ", "municipality": "Pecos", "iso_country": "US", "iso_region": "US-TX"}}, {"type": "Feature", "geometry": {"type": "Point", "coordinates": [-101.6014, 44.051]}, "properties": {"station_id": "KPHP", "temp_c": 3.9, "icao_code": "KPHP", "municipality": "Philip", "iso_country": "US", "iso_region": "US-SD"}}, {"type": "Feature", "geometry": {"type": "Point", "coordinates": [-82.7563, 27.9741]}, "properties": {"station_id": "KCLW", "temp_c": 21.0, "icao_code": "KCLW", "municipality": "Clearwater", "iso_country": "US", "iso_region": "US-FL"}}, {"type": "Feature", "geometry": {"type": "Point", "coordinates": [-89.09, 38.5095]}, "properties": {"station_id": "KENL", "temp_c": 17.7, "icao_code": "KENL", "municipality": "Centralia", "iso_country": "US", "iso_region": "US-IL"}}, {"type": "Feature", "geometry": {"type": "Point", "coordinates": [-102.0995, 32.0359]}, "properties": {"station_id": "KMDD", "temp_c": 27.0, "icao_code": "KMDD", "municipality": "Midland", "iso_country": "US", "iso_region": "US-TX"}}, {"type": "Feature", "geometry": {"type": "Point", "coordinates": [-121.284, 38.56]}, "properties": {"station_id": "KMHR", "temp_c": 13.0, "icao_code": "KMHR", "municipality": "Sacramento", "iso_country": "US", "iso_region": "US-CA"}}, {"type": "Feature", "geometry": {"type": "Point", "coordinates": [-118.1572, 35.0626]}, "properties": {"station_id": "KMHV", "temp_c": 10.3, "icao_code": "KMHV", "municipality": "Mojave", "iso_country": "US", "iso_region": "US-CA"}}, {"type": "Feature", "geometry": {"type": "Point", "coordinates": [-96.8145, 37.7753]}, "properties": {"station_id": "KEQA", "temp_c": 11.0, "icao_code": "KEQA", "municipality": "El Dorado", "iso_country": "US", "iso_region": "US-KS"}}, {"type": "Feature", "geometry": {"type": "Point", "coordinates": [-81.6097, 35.8192]}, "properties": {"station_id": "KMRN", "temp_c": 9.0, "icao_code": "KMRN", "municipality": "Morganton", "iso_country": "US", "iso_region": "US-NC"}}, {"type": "Feature", "geometry": {"type": "Point", "coordinates": [-88.0343, 43.1095]}, "properties": {"station_id": "KMWC", "temp_c": 16.0, "icao_code": "KMWC", "municipality": "Milwaukee", "iso_country": "US", "iso_region": "US-WI"}}, {"type": "Feature", "geometry": {"type": "Point", "coordinates": [-88.1326, 43.4225]}, "properties": {"station_id": "KETB", "temp_c": 17.0, "icao_code": "KETB", "municipality": "West Bend", "iso_country": "US", "iso_region": "US-WI"}}, {"type": "Feature", "geometry": {"type": "Point", "coordinates": [-95.0222, 40.7242]}, "properties": {"station_id": "KICL", "temp_c": 9.0, "icao_code": "KICL", "municipality": "Clarinda", "iso_country": "US", "iso_region": "US-IA"}}, {"type": "Feature", "geometry": {"type": "Point", "coordinates": [-98.8113, 32.4164]}, "properties": {"station_id": "KETN", "temp_c": 22.8, "icao_code": "KETN", "municipality": "Eastland", "iso_country": "US", "iso_region": "US-TX"}}, {"type": "Feature", "geometry": {"type": "Point", "coordinates": [-88.179, 41.5175]}, "properties": {"station_id": "KJOT", "temp_c": 16.3, "icao_code": "KJOT", "municipality": "Joliet", "iso_country": "US", "iso_region": "US-IL"}}, {"type": "Feature", "geometry": {"type": "Point", "coordinates": [-82.0193, 27.9866]}, "properties": {"station_id": "KLAL", "temp_c": 20.0, "icao_code": "KLAL", "municipality": "Lakeland", "iso_country": "US", "iso_region": "US-FL"}}, {"type": "Feature", "geometry": {"type": "Point", "coordinates": [-114.2161, 44.523]}, "properties": {"station_id": "KLLJ", "temp_c": 0.6, "icao_code": "KLLJ", "municipality": "Challis", "iso_country": "US", "iso_region": "US-ID"}}, {"type": "Feature", "geometry": {"type": "Point", "coordinates": [-89.063, 33.15]}, "properties": {"station_id": "KLMS", "temp_c": 24.0, "icao_code": "KLMS", "municipality": "Louisville", "iso_country": "US", "iso_region": "US-MS"}}, {"type": "Feature", "geometry": {"type": "Point", "coordinates": [-104.5684, 38.9439]}, "properties": {"station_id": "KFLY", "temp_c": 2.5, "icao_code": "KFLY", "municipality": "Colorado Springs", "iso_country": "US", "iso_region": "US-CO"}}, {"type": "Feature", "geometry": {"type": "Point", "coordinates": [-78.1656, 38.1569]}, "properties": {"station_id": "KGVE", "temp_c": 6.7, "icao_code": "KGVE", "municipality": "Gordonsville", "iso_country": "US", "iso_region": "US-VA"}}, {"type": "Feature", "geometry": {"type": "Point", "coordinates": [-111.3346, 32.5147]}, "properties": {"station_id": "KMZJ", "temp_c": 19.0, "icao_code": "KMZJ", "municipality": "Marana", "iso_country": "US", "iso_region": "US-AZ"}}, {"type": "Feature", "geometry": {"type": "Point", "coordinates": [-89.9865, 36.5945]}, "properties": {"station_id": "KMAW", "temp_c": 20.0, "icao_code": "KMAW", "municipality": "Malden", "iso_country": "US", "iso_region": "US-MO"}}, {"type": "Feature", "geometry": {"type": "Point", "coordinates": [-92.4244, 39.464]}, "properties": {"station_id": "KMBY", "temp_c": 12.0, "icao_code": "KMBY", "municipality": "Moberly", "iso_country": "US", "iso_region": "US-MO"}}, {"type": "Feature", "geometry": {"type": "Point", "coordinates": [-122.9092, 48.7081]}, "properties": {"station_id": "KORS", "temp_c": 12.0, "icao_code": "KORS", "municipality": "Eastsound", "iso_country": "US", "iso_region": "US-WA"}}, {"type": "Feature", "geometry": {"type": "Point", "coordinates": [-100.9505, 32.6917]}, "properties": {"station_id": "KSNK", "temp_c": 26.5, "icao_code": "KSNK", "municipality": "Snyder", "iso_country": "US", "iso_region": "US-TX"}}, {"type": "Feature", "geometry": {"type": "Point", "coordinates": [-120.2013, 47.3975]}, "properties": {"station_id": "KEAT", "temp_c": 12.8, "icao_code": "KEAT", "municipality": "Wenatchee", "iso_country": "US", "iso_region": "US-WA"}}, {"type": "Feature", "geometry": {"type": "Point", "coordinates": [-85.9, 31.299]}, "properties": {"station_id": "KEDN", "temp_c": 19.7, "icao_code": "KEDN", "municipality": "Enterprise", "iso_country": "US", "iso_region": "US-AL"}}, {"type": "Feature", "geometry": {"type": "Point", "coordinates": [-99.0872, 29.9779]}, "properties": {"station_id": "KERV", "temp_c": 24.8, "icao_code": "KERV", "municipality": "Kerrville", "iso_country": "US", "iso_region": "US-TX"}}, {"type": "Feature", "geometry": {"type": "Point", "coordinates": [-110.406, 41.3941]}, "properties": {"station_id": "KFBR", "temp_c": 0.0, "icao_code": "KFBR", "municipality": "Fort Bridger", "iso_country": "US", "iso_region": "US-WY"}}, {"type": "Feature", "geometry": {"type": "Point", "coordinates": [-89.581, 42.2475]}, "properties": {"station_id": "KFEP", "temp_c": 13.0, "icao_code": "KFEP", "municipality": "Freeport", "iso_country": "US", "iso_region": "US-IL"}}, {"type": "Feature", "geometry": {"type": "Point", "coordinates": [-81.1002, 36.2188]}, "properties": {"station_id": "KUKF", "temp_c": 11.0, "icao_code": "KUKF", "municipality": "North Wilkesboro", "iso_country": "US", "iso_region": "US-NC"}}, {"type": "Feature", "geometry": {"type": "Point", "coordinates": [-82.2204, 39.2129]}, "properties": {"station_id": "KUNI", "temp_c": 14.9, "icao_code": "KUNI", "municipality": "Albany", "iso_country": "US", "iso_region": "US-OH"}}, {"type": "Feature", "geometry": {"type": "Point", "coordinates": [-97.7888, 36.3781]}, "properties": {"station_id": "KWDG", "temp_c": 15.0, "icao_code": "KWDG", "municipality": "Enid", "iso_country": "US", "iso_region": "US-OK"}}, {"type": "Feature", "geometry": {"type": "Point", "coordinates": [-99.5234, 36.4374]}, "properties": {"station_id": "KWWR", "temp_c": 14.1, "icao_code": "KWWR", "municipality": "Woodward", "iso_country": "US", "iso_region": "US-OK"}}, {"type": "Feature", "geometry": {"type": "Point", "coordinates": [-84.2929, 40.4959]}, "properties": {"station_id": "KAXV", "temp_c": 15.0, "icao_code": "KAXV", "municipality": "Wapakoneta", "iso_country": "US", "iso_region": "US-OH"}}, {"type": "Feature", "geometry": {"type": "Point", "coordinates": [-94.9279, 47.5076]}, "properties": {"station_id": "KBJI", "temp_c": 2.6, "icao_code": "KBJI", "municipality": "Bemidji", "iso_country": "US", "iso_region": "US-MN"}}, {"type": "Feature", "geometry": {"type": "Point", "coordinates": [-102.181, 42.8039]}, "properties": {"station_id": "KGRN", "temp_c": 2.2, "icao_code": "KGRN", "municipality": "Gordon", "iso_country": "US", "iso_region": "US-NE"}}, {"type": "Feature", "geometry": {"type": "Point", "coordinates": [-88.372, 36.664]}, "properties": {"station_id": "KCEY", "temp_c": 24.0, "icao_code": "KCEY", "municipality": "Murray", "iso_country": "US", "iso_region": "US-KY"}}, {"type": "Feature", "geometry": {"type": "Point", "coordinates": [-96.6201, 47.8404]}, "properties": {"station_id": "KCKN", "temp_c": 3.0, "icao_code": "KCKN", "municipality": "Crookston", "iso_country": "US", "iso_region": "US-MN"}}, {"type": "Feature", "geometry": {"type": "Point", "coordinates": [-88.6071, 34.9209]}, "properties": {"station_id": "KCRX", "temp_c": 25.0, "icao_code": "KCRX", "municipality": "Corinth", "iso_country": "US", "iso_region": "US-MS"}}, {"type": "Feature", "geometry": {"type": "Point", "coordinates": [-119.7319, 39.1905]}, "properties": {"station_id": "KCXP", "temp_c": 9.0, "icao_code": "KCXP", "municipality": "Carson City", "iso_country": "US", "iso_region": "US-NV"}}, {"type": "Feature", "geometry": {"type": "Point", "coordinates": [-95.7604, 41.2611]}, "properties": {"station_id": "KCBF", "temp_c": 8.0, "icao_code": "KCBF", "municipality": "Council Bluffs", "iso_country": "US", "iso_region": "US-IA"}}, {"type": "Feature", "geometry": {"type": "Point", "coordinates": [-81.4827, 41.566]}, "properties": {"station_id": "KCGF", "temp_c": 18.7, "icao_code": "KCGF", "municipality": "Cleveland", "iso_country": "US", "iso_region": "US-OH"}}, {"type": "Feature", "geometry": {"type": "Point", "coordinates": [-79.9622, 34.7128]}, "properties": {"station_id": "KCQW", "temp_c": 11.0, "icao_code": "KCQW", "municipality": "Cheraw", "iso_country": "US", "iso_region": "US-SC"}}, {"type": "Feature", "geometry": {"type": "Point", "coordinates": [8.973, 39.354]}, "properties": {"station_id": "LIED", "temp_c": 12.0, "icao_code": "LIED", "municipality": "Decimomannu", "iso_country": "IT", "iso_region": "IT-88"}}, {"type": "Feature", "geometry": {"type": "Point", "coordinates": [9.987, 44.088]}, "properties": {"station_id": "LIQW", "temp_c": 10.0, "icao_code": "LIQW", "municipality": "Sarzana (SP)", "iso_country": "IT", "iso_region": "IT-42"}}, {"type": "Feature", "geometry": {"type": "Point", "coordinates": [12.449, 41.656]}, "properties": {"station_id": "LIRE", "temp_c": 13.0, "icao_code": "LIRE", "municipality": "Pomezia (RM)", "iso_country": "IT", "iso_region": "IT-62"}}, {"type": "Feature", "geometry": {"type": "Point", "coordinates": [13.3, 41.646]}, "properties": {"station_id": "LIRH", "temp_c": 13.0, "icao_code": "LIRH", "municipality": "Frosinone", "iso_country": "IT", "iso_region": "IT-62"}}, {"type": "Feature", "geometry": {"type": "Point", "coordinates": [12.91, 41.545]}, "properties": {"station_id": "LIRL", "temp_c": 11.0, "icao_code": "LIRL", "municipality": "Latina", "iso_country": "IT", "iso_region": "IT-62"}}, {"type": "Feature", "geometry": {"type": "Point", "coordinates": [14.082, 41.061]}, "properties": {"station_id": "LIRM", "temp_c": 13.0, "icao_code": "LIRM", "municipality": "Caserta", "iso_country": "IT", "iso_region": "IT-72"}}, {"type": "Feature", "geometry": {"type": "Point", "coordinates": [11.072, 42.76]}, "properties": {"station_id": "LIRS", "temp_c": 12.0, "icao_code": "LIRS", "municipality": "Grosseto (GR)", "iso_country": "IT", "iso_region": "IT-52"}}, {"type": "Feature", "geometry": {"type": "Point", "coordinates": [12.064, 42.43]}, "properties": {"station_id": "LIRV", "temp_c": 10.0, "icao_code": "LIRV", "municipality": "Viterbo", "iso_country": "IT", "iso_region": "IT-62"}}, {"type": "Feature", "geometry": {"type": "Point", "coordinates": [-93.6237, 43.2323]}, "properties": {"station_id": "KFXY", "temp_c": 6.0, "icao_code": "KFXY", "municipality": "Forest City", "iso_country": "US", "iso_region": "US-IA"}}, {"type": "Feature", "geometry": {"type": "Point", "coordinates": [12.599, 46.03]}, "properties": {"station_id": "LIPA", "temp_c": 16.0, "icao_code": "LIPA", "municipality": "Aviano (PN)", "iso_country": "IT", "iso_region": "IT-36"}}, {"type": "Feature", "geometry": {"type": "Point", "coordinates": [12.101, 45.689]}, "properties": {"station_id": "LIPS", "temp_c": 15.0, "icao_code": "LIPS", "municipality": "Istrana (TV)", "iso_country": "IT", "iso_region": "IT-34"}}, {"type": "Feature", "geometry": {"type": "Point", "coordinates": [-116.8719, 40.6048]}, "properties": {"station_id": "KBAM", "temp_c": 7.0, "icao_code": "KBAM", "municipality": "Battle Mountain", "iso_country": "US", "iso_region": "US-NV"}}, {"type": "Feature", "geometry": {"type": "Point", "coordinates": [-79.7354, 34.6228]}, "properties": {"station_id": "KBBP", "temp_c": 10.0, "icao_code": "KBBP", "municipality": "Bennettsville", "iso_country": "US", "iso_region": "US-SC"}}, {"type": "Feature", "geometry": {"type": "Point", "coordinates": [-105.2274, 40.0377]}, "properties": {"station_id": "KBDU", "temp_c": 6.0, "icao_code": "KBDU", "municipality": "Boulder", "iso_country": "US", "iso_region": "US-CO"}}, {"type": "Feature", "geometry": {"type": "Point", "coordinates": [-84.6344, 30.9709]}, "properties": {"station_id": "KBGE", "temp_c": 19.5, "icao_code": "KBGE", "municipality": "Bainbridge", "iso_country": "US", "iso_region": "US-GA"}}, {"type": "Feature", "geometry": {"type": "Point", "coordinates": [-120.757, 38.7222]}, "properties": {"station_id": "KPVF", "temp_c": 9.0, "icao_code": "KPVF", "municipality": "Placerville", "iso_country": "US", "iso_region": "US-CA"}}, {"type": "Feature", "geometry": {"type": "Point", "coordinates": [-81.7811, 27.9472]}, "properties": {"station_id": "KBOW", "temp_c": 21.0, "icao_code": "KBOW", "municipality": "Bartow", "iso_country": "US", "iso_region": "US-FL"}}, {"type": "Feature", "geometry": {"type": "Point", "coordinates": [-85.6098, 40.1061]}, "properties": {"station_id": "KAID", "temp_c": 15.3, "icao_code": "KAID", "municipality": "Anderson", "iso_country": "US", "iso_region": "US-IN"}}, {"type": "Feature", "geometry": {"type": "Point", "coordinates": [47.581, 24.063]}, "properties": {"station_id": "OEPS", "temp_c": 32.0, "icao_code": "OEPS", "municipality": "Al Kharj", "iso_country": "SA", "iso_region": "SA-01"}}, {"type": "Feature", "geometry": {"type": "Point", "coordinates": [-88.5449, 37.8128]}, "properties": {"station_id": "KHSB", "temp_c": 18.3, "icao_code": "KHSB", "municipality": "Harrisburg", "iso_country": "US", "iso_region": "US-IL"}}, {"type": "Feature", "geometry": {"type": "Point", "coordinates": [-93.2651, 42.4691]}, "properties": {"station_id": "KIFA", "temp_c": 8.0, "icao_code": "KIFA", "municipality": "Iowa Falls", "iso_country": "US", "iso_region": "US-IA"}}, {"type": "Feature", "geometry": {"type": "Point", "coordinates": [-90.2419, 39.774]}, "properties": {"station_id": "KIJX", "temp_c": 14.5, "icao_code": "KIJX", "municipality": "Jacksonville", "iso_country": "US", "iso_region": "US-IL"}}, {"type": "Feature", "geometry": {"type": "Point", "coordinates": [-86.5656, 35.0603]}, "properties": {"station_id": "KFYM", "temp_c": 23.0, "icao_code": "KFYM", "municipality": "Fayetteville", "iso_country": "US", "iso_region": "US-TN"}}, {"type": "Feature", "geometry": {"type": "Point", "coordinates": [-85.2602, 39.3463]}, "properties": {"station_id": "KHLB", "temp_c": 14.0, "icao_code": "KHLB", "municipality": "Batesville", "iso_country": "US", "iso_region": "US-IN"}}, {"type": "Feature", "geometry": {"type": "Point", "coordinates": [-62.979, 17.497]}, "properties": {"station_id": "TNCE", "temp_c": 26.0, "icao_code": "TNCE", "municipality": "Oranjestad", "iso_country": "BQ", "iso_region": "BQ-SE"}}, {"type": "Feature", "geometry": {"type": "Point", "coordinates": [-118.6314, 38.5448]}, "properties": {"station_id": "KHTH", "temp_c": 9.0, "icao_code": "KHTH", "municipality": "Hawthorne", "iso_country": "US", "iso_region": "US-NV"}}, {"type": "Feature", "geometry": {"type": "Point", "coordinates": [-66.567, 18.011]}, "properties": {"station_id": "TJPS", "temp_c": 24.0, "icao_code": "TJPS", "municipality": "Ponce", "iso_country": "PR", "iso_region": "PR-U-A"}}, {"type": "Feature", "geometry": {"type": "Point", "coordinates": [-82.919, 39.83]}, "properties": {"station_id": "KLCK", "temp_c": 16.0, "icao_code": "KLCK", "municipality": "Columbus", "iso_country": "US", "iso_region": "US-OH"}}, {"type": "Feature", "geometry": {"type": "Point", "coordinates": [-75.9901, 40.9845]}, "properties": {"station_id": "KHZL", "temp_c": 9.0, "icao_code": "KHZL", "municipality": "Hazleton", "iso_country": "US", "iso_region": "US-PA"}}, {"type": "Feature", "geometry": {"type": "Point", "coordinates": [-89.1705, 31.6682]}, "properties": {"station_id": "KLUL", "temp_c": 21.4, "icao_code": "KLUL", "municipality": "Laurel", "iso_country": "US", "iso_region": "US-MS"}}, {"type": "Feature", "geometry": {"type": "Point", "coordinates": [-86.4107, 43.9614]}, "properties": {"station_id": "KLDM", "temp_c": 14.0, "icao_code": "KLDM", "municipality": "Ludington", "iso_country": "US", "iso_region": "US-MI"}}, {"type": "Feature", "geometry": {"type": "Point", "coordinates": [4.781, 52.927]}, "properties": {"station_id": "EHKD", "temp_c": 10.0, "icao_code": "EHKD", "municipality": "Den Helder", "iso_country": "NL", "iso_region": "NL-NH"}}, {"type": "Feature", "geometry": {"type": "Point", "coordinates": [-84.9369, 33.9085]}, "properties": {"station_id": "KPUJ", "temp_c": 17.0, "icao_code": "KPUJ", "municipality": "Dallas", "iso_country": "US", "iso_region": "US-GA"}}, {"type": "Feature", "geometry": {"type": "Point", "coordinates": [139.349, 35.749]}, "properties": {"station_id": "RJTY", "temp_c": 25.2, "icao_code": "RJTY", "municipality": "Fussa", "iso_country": "JP", "iso_region": "JP-13"}}, {"type": "Feature", "geometry": {"type": "Point", "coordinates": [-84.5612, 35.3952]}, "properties": {"station_id": "KMMI", "temp_c": 20.0, "icao_code": "KMMI", "municipality": "Athens", "iso_country": "US", "iso_region": "US-TN"}}, {"type": "Feature", "geometry": {"type": "Point", "coordinates": [12.735, 41.996]}, "properties": {"station_id": "LIRG", "temp_c": 12.0, "icao_code": "LIRG", "municipality": "Guidonia (RM)", "iso_country": "IT", "iso_region": "IT-62"}}, {"type": "Feature", "geometry": {"type": "Point", "coordinates": [12.228, 46.729]}, "properties": {"station_id": "LIVD", "temp_c": 9.0, "icao_code": "LIVD", "municipality": "Toblach (Dobbiaco) (BZ)", "iso_country": "IT", "iso_region": "IT-32"}}, {"type": "Feature", "geometry": {"type": "Point", "coordinates": [9.723, 44.913]}, "properties": {"station_id": "LIMS", "temp_c": 14.0, "icao_code": "LIMS", "municipality": "San Damiano (PC)", "iso_country": "IT", "iso_region": "IT-45"}}, {"type": "Feature", "geometry": {"type": "Point", "coordinates": [-95.1073, 43.91]}, "properties": {"station_id": "KMWM", "temp_c": 6.0, "icao_code": "KMWM", "municipality": "Windom", "iso_country": "US", "iso_region": "US-MN"}}, {"type": "Feature", "geometry": {"type": "Point", "coordinates": [-93.2569, 44.1191]}, "properties": {"station_id": "KOWA", "temp_c": 6.6, "icao_code": "KOWA", "municipality": "Owatonna", "iso_country": "US", "iso_region": "US-MN"}}, {"type": "Feature", "geometry": {"type": "Point", "coordinates": [-155.557, 19.758]}, "properties": {"station_id": "PHSF", "temp_c": 14.2, "icao_code": "PHSF", "municipality": "Waimea (Kamuela)", "iso_country": "US", "iso_region": "US-HI"}}, {"type": "Feature", "geometry": {"type": "Point", "coordinates": [-76.069, 38.804]}, "properties": {"station_id": "KESN", "temp_c": 7.6, "icao_code": "KESN", "municipality": "Easton", "iso_country": "US", "iso_region": "US-MD"}}, {"type": "Feature", "geometry": {"type": "Point", "coordinates": [-78.3721, 42.2429]}, "properties": {"station_id": "KOLE", "temp_c": 12.0, "icao_code": "KOLE", "municipality": "Olean", "iso_country": "US", "iso_region": "US-NY"}}, {"type": "Feature", "geometry": {"type": "Point", "coordinates": [-82.375, 34.763]}, "properties": {"station_id": "KGYH", "temp_c": 14.0, "icao_code": "KGYH", "municipality": "Greenville", "iso_country": "US", "iso_region": "US-SC"}}, {"type": "Feature", "geometry": {"type": "Point", "coordinates": [-106.9037, 34.0263]}, "properties": {"station_id": "KONM", "temp_c": 13.5, "icao_code": "KONM", "municipality": "Socorro", "iso_country": "US", "iso_region": "US-NM"}}, {"type": "Feature", "geometry": {"type": "Point", "coordinates": [-82.5684, 30.1838]}, "properties": {"station_id": "KLCQ", "temp_c": 15.0, "icao_code": "KLCQ", "municipality": "Lake City", "iso_country": "US", "iso_region": "US-FL"}}, {"type": "Feature", "geometry": {"type": "Point", "coordinates": [-85.0717, 33.0093]}, "properties": {"station_id": "KLGC", "temp_c": 16.0, "icao_code": "KLGC", "municipality": "LaGrange", "iso_country": "US", "iso_region": "US-GA"}}, {"type": "Feature", "geometry": {"type": "Point", "coordinates": [-81.3896, 41.6839]}, "properties": {"station_id": "KLNN", "temp_c": 19.1, "icao_code": "KLNN", "municipality": "Willoughby", "iso_country": "US", "iso_region": "US-OH"}}, {"type": "Feature", "geometry": {"type": "Point", "coordinates": [-96.195, 42.7771]}, "properties": {"station_id": "KLRJ", "temp_c": 6.0, "icao_code": "KLRJ", "municipality": "Le Mars", "iso_country": "US", "iso_region": "US-IA"}}, {"type": "Feature", "geometry": {"type": "Point", "coordinates": [-80.6789, 37.1337]}, "properties": {"station_id": "KPSK", "temp_c": 9.7, "icao_code": "KPSK", "municipality": "Dublin", "iso_country": "US", "iso_region": "US-VA"}}, {"type": "Feature", "geometry": {"type": "Point", "coordinates": [-91.1406, 41.367]}, "properties": {"station_id": "KMUT", "temp_c": 12.0, "icao_code": "KMUT", "municipality": "Muscatine", "iso_country": "US", "iso_region": "US-IA"}}, {"type": "Feature", "geometry": {"type": "Point", "coordinates": [-91.1604, 42.2203]}, "properties": {"station_id": "KMXO", "temp_c": 10.0, "icao_code": "KMXO", "municipality": "Monticello", "iso_country": "US", "iso_region": "US-IA"}}, {"type": "Feature", "geometry": {"type": "Point", "coordinates": [-80.8487, 27.2663]}, "properties": {"station_id": "KOBE", "temp_c": 18.0, "icao_code": "KOBE", "municipality": "Okeechobee", "iso_country": "US", "iso_region": "US-FL"}}, {"type": "Feature", "geometry": {"type": "Point", "coordinates": [-101.7679, 41.1164]}, "properties": {"station_id": "KOGA", "temp_c": 4.2, "icao_code": "KOGA", "municipality": "Ogallala", "iso_country": "US", "iso_region": "US-NE"}}, {"type": "Feature", "geometry": {"type": "Point", "coordinates": [-75.4642, 44.68]}, "properties": {"station_id": "KOGS", "temp_c": 10.0, "icao_code": "KOGS", "municipality": "Ogdensburg", "iso_country": "US", "iso_region": "US-NY"}}, {"type": "Feature", "geometry": {"type": "Point", "coordinates": [-82.5674, 37.5587]}, "properties": {"station_id": "KPBX", "temp_c": 15.0, "icao_code": "KPBX", "municipality": "Pikeville", "iso_country": "US", "iso_region": "US-KY"}}, {"type": "Feature", "geometry": {"type": "Point", "coordinates": [-88.3871, 36.3322]}, "properties": {"station_id": "KPHT", "temp_c": 24.0, "icao_code": "KPHT", "municipality": "Paris", "iso_country": "US", "iso_region": "US-TN"}}, {"type": "Feature", "geometry": {"type": "Point", "coordinates": [-79.8285, 37.9531]}, "properties": {"station_id": "KHSP", "temp_c": 8.1, "icao_code": "KHSP", "municipality": "Hot Springs", "iso_country": "US", "iso_region": "US-VA"}}, {"type": "Feature", "geometry": {"type": "Point", "coordinates": [-94.1637, 41.8278]}, "properties": {"station_id": "KPRO", "temp_c": 8.4, "icao_code": "KPRO", "municipality": "Perry", "iso_country": "US", "iso_region": "US-IA"}}, {"type": "Feature", "geometry": {"type": "Point", "coordinates": [-95.7048, 31.7784]}, "properties": {"station_id": "KPSN", "temp_c": 25.0, "icao_code": "KPSN", "municipality": "Palestine", "iso_country": "US", "iso_region": "US-TX"}}, {"type": "Feature", "geometry": {"type": "Point", "coordinates": [-107.0557, 37.291]}, "properties": {"station_id": "KPSO", "temp_c": 1.0, "icao_code": "KPSO", "municipality": "Pagosa Springs", "iso_country": "US", "iso_region": "US-CO"}}, {"type": "Feature", "geometry": {"type": "Point", "coordinates": [-122.2483, 37.5119]}, "properties": {"station_id": "KSQL", "temp_c": 13.0, "icao_code": "KSQL", "municipality": "San Carlos", "iso_country": "US", "iso_region": "US-CA"}}, {"type": "Feature", "geometry": {"type": "Point", "coordinates": [-77.9681, 38.0085]}, "properties": {"station_id": "KLKU", "temp_c": 9.2, "icao_code": "KLKU", "municipality": "Louisa", "iso_country": "US", "iso_region": "US-VA"}}, {"type": "Feature", "geometry": {"type": "Point", "coordinates": [-76.757, 39.086]}, "properties": {"station_id": "KFME", "temp_c": 6.0, "icao_code": "KFME", "municipality": "Fort Meade(Odenton)", "iso_country": "US", "iso_region": "US-MD"}}, {"type": "Feature", "geometry": {"type": "Point", "coordinates": [-106.9131, 32.2884]}, "properties": {"station_id": "KLRU", "temp_c": 15.2, "icao_code": "KLRU", "municipality": "Las Cruces", "iso_country": "US", "iso_region": "US-NM"}}, {"type": "Feature", "geometry": {"type": "Point", "coordinates": [-94.7676, 37.796]}, "properties": {"station_id": "KFSK", "temp_c": 12.4, "icao_code": "KFSK", "municipality": "Fort Scott", "iso_country": "US", "iso_region": "US-KS"}}, {"type": "Feature", "geometry": {"type": "Point", "coordinates": [-97.0817, 44.0141]}, "properties": {"station_id": "KMDS", "temp_c": 3.0, "icao_code": "KMDS", "municipality": "Madison", "iso_country": "US", "iso_region": "US-SD"}}, {"type": "Feature", "geometry": {"type": "Point", "coordinates": [-91.3267, 40.6615]}, "properties": {"station_id": "KFSW", "temp_c": 12.0, "icao_code": "KFSW", "municipality": "Fort Madison", "iso_country": "US", "iso_region": "US-IA"}}, {"type": "Feature", "geometry": {"type": "Point", "coordinates": [-86.4406, 35.5594]}, "properties": {"station_id": "KSYI", "temp_c": 23.0, "icao_code": "KSYI", "municipality": "Shelbyville", "iso_country": "US", "iso_region": "US-TN"}}, {"type": "Feature", "geometry": {"type": "Point", "coordinates": [-79.3187, 33.3138]}, "properties": {"station_id": "KGGE", "temp_c": 13.0, "icao_code": "KGGE", "municipality": "Georgetown", "iso_country": "US", "iso_region": "US-SC"}}, {"type": "Feature", "geometry": {"type": "Point", "coordinates": [-85.9523, 37.0337]}, "properties": {"station_id": "KGLW", "temp_c": 22.1, "icao_code": "KGLW", "municipality": "Glasgow", "iso_country": "US", "iso_region": "US-KY"}}, {"type": "Feature", "geometry": {"type": "Point", "coordinates": [-99.3363, 40.4496]}, "properties": {"station_id": "KHDE", "temp_c": 6.1, "icao_code": "KHDE", "municipality": "Holdrege", "iso_country": "US", "iso_region": "US-NE"}}, {"type": "Feature", "geometry": {"type": "Point", "coordinates": [-69.9354, 43.8848]}, "properties": {"station_id": "KBXM", "temp_c": 3.0, "icao_code": "KBXM", "municipality": "Brunswick", "iso_country": "US", "iso_region": "US-ME"}}, {"type": "Feature", "geometry": {"type": "Point", "coordinates": [-92.6132, 43.073]}, "properties": {"station_id": "KCCY", "temp_c": 8.0, "icao_code": "KCCY", "municipality": "Charles City", "iso_country": "US", "iso_region": "US-IA"}}, {"type": "Feature", "geometry": {"type": "Point", "coordinates": [-80.5636, 34.2815]}, "properties": {"station_id": "KCDN", "temp_c": 11.0, "icao_code": "KCDN", "municipality": "Camden", "iso_country": "US", "iso_region": "US-SC"}}, {"type": "Feature", "geometry": {"type": "Point", "coordinates": [-76.0309, 38.5371]}, "properties": {"station_id": "KCGE", "temp_c": 6.0, "icao_code": "KCGE", "municipality": "Cambridge", "iso_country": "US", "iso_region": "US-MD"}}, {"type": "Feature", "geometry": {"type": "Point", "coordinates": [-78.9013, 38.2601]}, "properties": {"station_id": "KSHD", "temp_c": 11.5, "icao_code": "KSHD", "municipality": "Weyers Cave", "iso_country": "US", "iso_region": "US-VA"}}, {"type": "Feature", "geometry": {"type": "Point", "coordinates": [-97.9709, 35.0927]}, "properties": {"station_id": "KCHK", "temp_c": 15.0, "icao_code": "KCHK", "municipality": "Chickasha", "iso_country": "US", "iso_region": "US-OK"}}, {"type": "Feature", "geometry": {"type": "Point", "coordinates": [-89.5577, 36.9027]}, "properties": {"station_id": "KSIK", "temp_c": 21.6, "icao_code": "KSIK", "municipality": "Sikeston", "iso_country": "US", "iso_region": "US-MO"}}, {"type": "Feature", "geometry": {"type": "Point", "coordinates": [-94.361, 41.0189]}, "properties": {"station_id": "KCSQ", "temp_c": 8.0, "icao_code": "KCSQ", "municipality": "Creston", "iso_country": "US", "iso_region": "US-IA"}}, {"type": "Feature", "geometry": {"type": "Point", "coordinates": [-78.3628, 34.9752]}, "properties": {"station_id": "KCTZ", "temp_c": 9.9, "icao_code": "KCTZ", "municipality": "Clinton", "iso_country": "US", "iso_region": "US-NC"}}, {"type": "Feature", "geometry": {"type": "Point", "coordinates": [-89.671, 44.7795]}, "properties": {"station_id": "KCWA", "temp_c": 12.0, "icao_code": "KCWA", "municipality": "Mosinee", "iso_country": "US", "iso_region": "US-WI"}}, {"type": "Feature", "geometry": {"type": "Point", "coordinates": [-84.743, 43.6229]}, "properties": {"station_id": "KMOP", "temp_c": 16.1, "icao_code": "KMOP", "municipality": "Mount Pleasant", "iso_country": "US", "iso_region": "US-MI"}}, {"type": "Feature", "geometry": {"type": "Point", "coordinates": [-95.7116, 44.9675]}, "properties": {"station_id": "KMVE", "temp_c": 6.0, "icao_code": "KMVE", "municipality": "Montevideo", "iso_country": "US", "iso_region": "US-MN"}}, {"type": "Feature", "geometry": {"type": "Point", "coordinates": [-96.3967, 33.9427]}, "properties": {"station_id": "KDUA", "temp_c": 21.0, "icao_code": "KDUA", "municipality": "Durant", "iso_country": "US", "iso_region": "US-OK"}}, {"type": "Feature", "geometry": {"type": "Point", "coordinates": [-122.5547, 38.1417]}, "properties": {"station_id": "KDVO", "temp_c": 11.0, "icao_code": "KDVO", "municipality": "Novato", "iso_country": "US", "iso_region": "US-CA"}}, {"type": "Feature", "geometry": {"type": "Point", "coordinates": [-110.5555, 41.8224]}, "properties": {"station_id": "KEMM", "temp_c": -1.0, "icao_code": "KEMM", "municipality": "Kemmerer", "iso_country": "US", "iso_region": "US-WY"}}, {"type": "Feature", "geometry": {"type": "Point", "coordinates": [-80.106, 26.379]}, "properties": {"station_id": "KBCT", "temp_c": 25.0, "icao_code": "KBCT", "municipality": "Boca Raton", "iso_country": "US", "iso_region": "US-FL"}}, {"type": "Feature", "geometry": {"type": "Point", "coordinates": [-86.446, 38.8383]}, "properties": {"station_id": "KBFR", "temp_c": 15.0, "icao_code": "KBFR", "municipality": "Bedford", "iso_country": "US", "iso_region": "US-IN"}}, {"type": "Feature", "geometry": {"type": "Point", "coordinates": [-96.7517, 40.3005]}, "properties": {"station_id": "KBIE", "temp_c": 7.9, "icao_code": "KBIE", "municipality": "Beatrice", "iso_country": "US", "iso_region": "US-NE"}}, {"type": "Feature", "geometry": {"type": "Point", "coordinates": [-112.06, 41.5463]}, "properties": {"station_id": "KBMC", "temp_c": 6.0, "icao_code": "KBMC", "municipality": "Brigham City", "iso_country": "US", "iso_region": "US-UT"}}, {"type": "Feature", "geometry": {"type": "Point", "coordinates": [-81.387, 33.2601]}, "properties": {"station_id": "KBNL", "temp_c": 10.0, "icao_code": "KBNL", "municipality": "Barnwell", "iso_country": "US", "iso_region": "US-SC"}}, {"type": "Feature", "geometry": {"type": "Point", "coordinates": [-122.4189, 48.4696]}, "properties": {"station_id": "KBVS", "temp_c": 12.0, "icao_code": "KBVS", "municipality": "Burlington", "iso_country": "US", "iso_region": "US-WA"}}, {"type": "Feature", "geometry": {"type": "Point", "coordinates": [-96.6701, 34.8021]}, "properties": {"station_id": "KADH", "temp_c": 19.0, "icao_code": "KADH", "municipality": "Ada", "iso_country": "US", "iso_region": "US-OK"}}, {"type": "Feature", "geometry": {"type": "Point", "coordinates": [-97.0089, 34.3007]}, "properties": {"station_id": "KADM", "temp_c": 21.0, "icao_code": "KADM", "municipality": "Ardmore", "iso_country": "US", "iso_region": "US-OK"}}, {"type": "Feature", "geometry": {"type": "Point", "coordinates": [-84.475, 43.97]}, "properties": {"station_id": "KGDW", "temp_c": 16.0, "icao_code": "KGDW", "municipality": "Gladwin", "iso_country": "US", "iso_region": "US-MI"}}, {"type": "Feature", "geometry": {"type": "Point", "coordinates": [-77.8401, 40.8534]}, "properties": {"station_id": "KUNV", "temp_c": 12.6, "icao_code": "KUNV", "municipality": "State College", "iso_country": "US", "iso_region": "US-PA"}}, {"type": "Feature", "geometry": {"type": "Point", "coordinates": [-96.8354, 32.9634]}, "properties": {"station_id": "KADS", "temp_c": 26.0, "icao_code": "KADS", "municipality": "Dallas", "iso_country": "US", "iso_region": "US-TX"}}, {"type": "Feature", "geometry": {"type": "Point", "coordinates": [-95.0465, 41.4059]}, "properties": {"station_id": "KAIO", "temp_c": 8.0, "icao_code": "KAIO", "municipality": "Atlantic", "iso_country": "US", "iso_region": "US-IA"}}, {"type": "Feature", "geometry": {"type": "Point", "coordinates": [-99.9984, 42.5748]}, "properties": {"station_id": "KANW", "temp_c": 3.0, "icao_code": "KANW", "municipality": "Ainsworth", "iso_country": "US", "iso_region": "US-NE"}}, {"type": "Feature", "geometry": {"type": "Point", "coordinates": [-86.0519, 33.569]}, "properties": {"station_id": "KASN", "temp_c": 22.0, "icao_code": "KASN", "municipality": "Talladega", "iso_country": "US", "iso_region": "US-AL"}}, {"type": "Feature", "geometry": {"type": "Point", "coordinates": [-121.0865, 38.9553]}, "properties": {"station_id": "KAUN", "temp_c": 11.0, "icao_code": "KAUN", "municipality": "Auburn", "iso_country": "US", "iso_region": "US-CA"}}, {"type": "Feature", "geometry": {"type": "Point", "coordinates": [-111.216, 32.4112]}, "properties": {"station_id": "KAVQ", "temp_c": 18.0, "icao_code": "KAVQ", "municipality": "Marana", "iso_country": "US", "iso_region": "US-AZ"}}, {"type": "Feature", "geometry": {"type": "Point", "coordinates": [-105.29, 36.422]}, "properties": {"station_id": "KAXX", "temp_c": -1.7, "icao_code": "KAXX", "municipality": "Angel Fire", "iso_country": "US", "iso_region": "US-NM"}}, {"type": "Feature", "geometry": {"type": "Point", "coordinates": [-99.3229, 31.1766]}, "properties": {"station_id": "KBBD", "temp_c": 24.0, "icao_code": "KBBD", "municipality": "Brady", "iso_country": "US", "iso_region": "US-TX"}}, {"type": "Feature", "geometry": {"type": "Point", "coordinates": [5.887, 52.061]}, "properties": {"station_id": "EHDL", "temp_c": 7.0, "icao_code": "EHDL", "municipality": "Arnhem", "iso_country": "NL", "iso_region": "NL-GE"}}, {"type": "Feature", "geometry": {"type": "Point", "coordinates": [-94.9885, 43.6496]}, "properties": {"station_id": "KMJQ", "temp_c": 5.0, "icao_code": "KMJQ", "municipality": "Jackson", "iso_country": "US", "iso_region": "US-MN"}}, {"type": "Feature", "geometry": {"type": "Point", "coordinates": [145.624, 14.997]}, "properties": {"station_id": "PGWT", "temp_c": 30.0, "icao_code": "PGWT", "municipality": "Tinian Island", "iso_country": "MP", "iso_region": "MP-U-A"}}, {"type": "Feature", "geometry": {"type": "Point", "coordinates": [4.935, 51.565]}, "properties": {"station_id": "EHGR", "temp_c": 8.0, "icao_code": "EHGR", "municipality": "Rijen", "iso_country": "NL", "iso_region": "NL-NB"}}, {"type": "Feature", "geometry": {"type": "Point", "coordinates": [-103.2222, 32.6797]}, "properties": {"station_id": "KHOB", "temp_c": 21.0, "icao_code": "KHOB", "municipality": "Hobbs", "iso_country": "US", "iso_region": "US-NM"}}, {"type": "Feature", "geometry": {"type": "Point", "coordinates": [-79.1036, 40.6337]}, "properties": {"station_id": "KIDI", "temp_c": 14.0, "icao_code": "KIDI", "municipality": "Indiana", "iso_country": "US", "iso_region": "US-PA"}}, {"type": "Feature", "geometry": {"type": "Point", "coordinates": [-85.4376, 41.8154]}, "properties": {"station_id": "KIRS", "temp_c": 16.0, "icao_code": "KIRS", "municipality": "Sturgis", "iso_country": "US", "iso_region": "US-MI"}}, {"type": "Feature", "geometry": {"type": "Point", "coordinates": [5.752, 53.223]}, "properties": {"station_id": "EHLW", "temp_c": 9.0, "icao_code": "EHLW", "municipality": "Leeuwarden", "iso_country": "NL", "iso_region": "NL-FR"}}, {"type": "Feature", "geometry": {"type": "Point", "coordinates": [5.707, 51.658]}, "properties": {"station_id": "EHVK", "temp_c": 9.0, "icao_code": "EHVK", "municipality": "Uden", "iso_country": "NL", "iso_region": "NL-NB"}}, {"type": "Feature", "geometry": {"type": "Point", "coordinates": [-85.2022, 44.9867]}, "properties": {"station_id": "KACB", "temp_c": 17.4, "icao_code": "KACB", "municipality": "Bellaire", "iso_country": "US", "iso_region": "US-MI"}}, {"type": "Feature", "geometry": {"type": "Point", "coordinates": [-84.6871, 43.3209]}, "properties": {"station_id": "KAMN", "temp_c": 16.0, "icao_code": "KAMN", "municipality": "Alma", "iso_country": "US", "iso_region": "US-MI"}}, {"type": "Feature", "geometry": {"type": "Point", "coordinates": [-94.3066, 32.5207]}, "properties": {"station_id": "KASL", "temp_c": 24.8, "icao_code": "KASL", "municipality": "Marshall", "iso_country": "US", "iso_region": "US-TX"}}, {"type": "Feature", "geometry": {"type": "Point", "coordinates": [-104.4644, 32.8524]}, "properties": {"station_id": "KATS", "temp_c": 16.0, "icao_code": "KATS", "municipality": "Artesia", "iso_country": "US", "iso_region": "US-NM"}}, {"type": "Feature", "geometry": {"type": "Point", "coordinates": [-85.5011, 37.8079]}, "properties": {"station_id": "KBRY", "temp_c": 18.1, "icao_code": "KBRY", "municipality": "Bardstown", "iso_country": "US", "iso_region": "US-KY"}}, {"type": "Feature", "geometry": {"type": "Point", "coordinates": [-112.6884, 33.4178]}, "properties": {"station_id": "KBXK", "temp_c": 18.0, "icao_code": "KBXK", "municipality": "Buckeye", "iso_country": "US", "iso_region": "US-AZ"}}, {"type": "Feature", "geometry": {"type": "Point", "coordinates": [4.342, 51.448]}, "properties": {"station_id": "EHWO", "temp_c": 8.0, "icao_code": "EHWO", "municipality": "Hoogerheide", "iso_country": "NL", "iso_region": "NL-NB"}}, {"type": "Feature", "geometry": {"type": "Point", "coordinates": [-83.4428, 43.4624]}, "properties": {"station_id": "KCFS", "temp_c": 17.0, "icao_code": "KCFS", "municipality": "Caro", "iso_country": "US", "iso_region": "US-MI"}}, {"type": "Feature", "geometry": {"type": "Point", "coordinates": [-82.3642, 32.1933]}, "properties": {"station_id": "KVDI", "temp_c": 12.0, "icao_code": "KVDI", "municipality": "Vidalia", "iso_country": "US", "iso_region": "US-GA"}}, {"type": "Feature", "geometry": {"type": "Point", "coordinates": [-80.3825, 40.7735]}, "properties": {"station_id": "KBVI", "temp_c": 18.0, "icao_code": "KBVI", "municipality": "Beaver Falls", "iso_country": "US", "iso_region": "US-PA"}}, {"type": "Feature", "geometry": {"type": "Point", "coordinates": [-81.8725, 30.2035]}, "properties": {"station_id": "KVQQ", "temp_c": 19.0, "icao_code": "KVQQ", "municipality": "Jacksonville", "iso_country": "US", "iso_region": "US-FL"}}, {"type": "Feature", "geometry": {"type": "Point", "coordinates": [-72.0191, 44.5677]}, "properties": {"station_id": "KCDA", "temp_c": 9.5, "icao_code": "KCDA", "municipality": "Lyndonville", "iso_country": "US", "iso_region": "US-VT"}}, {"type": "Feature", "geometry": {"type": "Point", "coordinates": [-95.8857, 46.8286]}, "properties": {"station_id": "KDTL", "temp_c": 2.0, "icao_code": "KDTL", "municipality": "Detroit Lakes", "iso_country": "US", "iso_region": "US-MN"}}, {"type": "Feature", "geometry": {"type": "Point", "coordinates": [-86.0, 41.7222]}, "properties": {"station_id": "KEKM", "temp_c": 16.3, "icao_code": "KEKM", "municipality": "Elkhart", "iso_country": "US", "iso_region": "US-IN"}}, {"type": "Feature", "geometry": {"type": "Point", "coordinates": [-96.9445, 35.3611]}, "properties": {"station_id": "KSNL", "temp_c": 19.7, "icao_code": "KSNL", "municipality": "Shawnee", "iso_country": "US", "iso_region": "US-OK"}}, {"type": "Feature", "geometry": {"type": "Point", "coordinates": [-99.3926, 35.4261]}, "properties": {"station_id": "KELK", "temp_c": 15.9, "icao_code": "KELK", "municipality": "Elk City", "iso_country": "US", "iso_region": "US-OK"}}, {"type": "Feature", "geometry": {"type": "Point", "coordinates": [-123.8144, 45.421]}, "properties": {"station_id": "KTMK", "temp_c": 10.0, "icao_code": "KTMK", "municipality": "Tillamook", "iso_country": "US", "iso_region": "US-OR"}}, {"type": "Feature", "geometry": {"type": "Point", "coordinates": [-95.3405, 48.9318]}, "properties": {"station_id": "KRRT", "temp_c": 2.0, "icao_code": "KRRT", "municipality": "Warroad", "iso_country": "US", "iso_region": "US-MN"}}, {"type": "Feature", "geometry": {"type": "Point", "coordinates": [-90.344, 34.6766]}, "properties": {"station_id": "KUTA", "temp_c": 25.9, "icao_code": "KUTA", "municipality": "Tunica", "iso_country": "US", "iso_region": "US-MS"}}, {"type": "Feature", "geometry": {"type": "Point", "coordinates": [-98.078, 37.154]}, "properties": {"station_id": "KANY", "temp_c": 12.0, "icao_code": "KANY", "municipality": "Anthony", "iso_country": "US", "iso_region": "US-KS"}}, {"type": "Feature", "geometry": {"type": "Point", "coordinates": [-97.215, 37.694]}, "properties": {"station_id": "KBEC", "temp_c": 11.0, "icao_code": "KBEC", "municipality": "Wichita", "iso_country": "US", "iso_region": "US-KS"}}, {"type": "Feature", "geometry": {"type": "Point", "coordinates": [-96.5237, 41.4489]}, "properties": {"station_id": "KFET", "temp_c": 7.3, "icao_code": "KFET", "municipality": "Fremont", "iso_country": "US", "iso_region": "US-NE"}}, {"type": "Feature", "geometry": {"type": "Point", "coordinates": [-75.5269, 42.5642]}, "properties": {"station_id": "KOIC", "temp_c": 11.0, "icao_code": "KOIC", "municipality": "Norwich", "iso_country": "US", "iso_region": "US-NY"}}, {"type": "Feature", "geometry": {"type": "Point", "coordinates": [-81.738, 32.48]}, "properties": {"station_id": "KTBR", "temp_c": 9.0, "icao_code": "KTBR", "municipality": "Statesboro", "iso_country": "US", "iso_region": "US-GA"}}, {"type": "Feature", "geometry": {"type": "Point", "coordinates": [-93.019, 41.6701]}, "properties": {"station_id": "KTNU", "temp_c": 9.0, "icao_code": "KTNU", "municipality": "Newton", "iso_country": "US", "iso_region": "US-IA"}}, {"type": "Feature", "geometry": {"type": "Point", "coordinates": [-106.815, 41.447]}, "properties": {"station_id": "KSAA", "temp_c": 2.0, "icao_code": "KSAA", "municipality": "Saratoga", "iso_country": "US", "iso_region": "US-WY"}}, {"type": "Feature", "geometry": {"type": "Point", "coordinates": [-94.2155, 30.0686]}, "properties": {"station_id": "KBMT", "temp_c": 24.3, "icao_code": "KBMT", "municipality": "Beaumont", "iso_country": "US", "iso_region": "US-TX"}}, {"type": "Feature", "geometry": {"type": "Point", "coordinates": [-118.8384, 37.6253]}, "properties": {"station_id": "KMMH", "temp_c": 3.0, "icao_code": "KMMH", "municipality": "Mammoth Lakes", "iso_country": "US", "iso_region": "US-CA"}}, {"type": "Feature", "geometry": {"type": "Point", "coordinates": [-89.7851, 34.9808]}, "properties": {"station_id": "KOLV", "temp_c": 25.0, "icao_code": "KOLV", "municipality": "Olive Branch", "iso_country": "US", "iso_region": "US-MS"}}, {"type": "Feature", "geometry": {"type": "Point", "coordinates": [-83.396, 44.453]}, "properties": {"station_id": "KOSC", "temp_c": 13.0, "icao_code": "KOSC", "municipality": "Oscoda", "iso_country": "US", "iso_region": "US-MI"}}, {"type": "Feature", "geometry": {"type": "Point", "coordinates": [-91.4274, 40.4615]}, "properties": {"station_id": "KEOK", "temp_c": 13.0, "icao_code": "KEOK", "municipality": "Keokuk", "iso_country": "US", "iso_region": "US-IA"}}, {"type": "Feature", "geometry": {"type": "Point", "coordinates": [-112.36, 38.9618]}, "properties": {"station_id": "KFOM", "temp_c": 5.0, "icao_code": "KFOM", "municipality": "Fillmore", "iso_country": "US", "iso_region": "US-UT"}}, {"type": "Feature", "geometry": {"type": "Point", "coordinates": [-88.7313, 44.6152]}, "properties": {"station_id": "KCLI", "temp_c": 14.0, "icao_code": "KCLI", "municipality": "Clintonville", "iso_country": "US", "iso_region": "US-WI"}}, {"type": "Feature", "geometry": {"type": "Point", "coordinates": [-86.2463, 33.5608]}, "properties": {"station_id": "KPLR", "temp_c": 23.0, "icao_code": "KPLR", "municipality": "Pell City", "iso_country": "US", "iso_region": "US-AL"}}, {"type": "Feature", "geometry": {"type": "Point", "coordinates": [-117.0272, 33.7303]}, "properties": {"station_id": "KHMT", "temp_c": 9.0, "icao_code": "KHMT", "municipality": "Hemet", "iso_country": "US", "iso_region": "US-CA"}}, {"type": "Feature", "geometry": {"type": "Point", "coordinates": [-96.1131, 41.1981]}, "properties": {"station_id": "KMLE", "temp_c": 8.2, "icao_code": "KMLE", "municipality": "Omaha", "iso_country": "US", "iso_region": "US-NE"}}, {"type": "Feature", "geometry": {"type": "Point", "coordinates": [-97.8255, 35.4971]}, "properties": {"station_id": "KRCE", "temp_c": 17.0, "icao_code": "KRCE", "municipality": "Oklahoma City", "iso_country": "US", "iso_region": "US-OK"}}, {"type": "Feature", "geometry": {"type": "Point", "coordinates": [-95.6949, 48.856]}, "properties": {"station_id": "KROX", "temp_c": 2.0, "icao_code": "KROX", "municipality": "Roseau", "iso_country": "US", "iso_region": "US-MN"}}, {"type": "Feature", "geometry": {"type": "Point", "coordinates": [-77.6251, 40.6768]}, "properties": {"station_id": "KRVL", "temp_c": 15.0, "icao_code": "KRVL", "municipality": "Reedsville", "iso_country": "US", "iso_region": "US-PA"}}, {"type": "Feature", "geometry": {"type": "Point", "coordinates": [-110.0019, 34.2686]}, "properties": {"station_id": "KSOW", "temp_c": 5.0, "icao_code": "KSOW", "municipality": "Show Low", "iso_country": "US", "iso_region": "US-AZ"}}, {"type": "Feature", "geometry": {"type": "Point", "coordinates": [-73.963, 44.265]}, "properties": {"station_id": "KLKP", "temp_c": 3.0, "icao_code": "KLKP", "municipality": "Lake Placid", "iso_country": "US", "iso_region": "US-NY"}}, {"type": "Feature", "geometry": {"type": "Point", "coordinates": [-86.1728, 45.9729]}, "properties": {"station_id": "KISQ", "temp_c": 9.0, "icao_code": "KISQ", "municipality": "Manistique", "iso_country": "US", "iso_region": "US-MI"}}, {"type": "Feature", "geometry": {"type": "Point", "coordinates": [-95.2145, 31.869]}, "properties": {"station_id": "KJSO", "temp_c": 24.3, "icao_code": "KJSO", "municipality": "Jacksonville", "iso_country": "US", "iso_region": "US-TX"}}, {"type": "Feature", "geometry": {"type": "Point", "coordinates": [-79.4039, 40.2767]}, "properties": {"station_id": "KLBE", "temp_c": 16.0, "icao_code": "KLBE", "municipality": "Latrobe", "iso_country": "US", "iso_region": "US-PA"}}, {"type": "Feature", "geometry": {"type": "Point", "coordinates": [-82.524, 36.9884]}, "properties": {"station_id": "KLNP", "temp_c": 12.0, "icao_code": "KLNP", "municipality": "Wise", "iso_country": "US", "iso_region": "US-VA"}}, {"type": "Feature", "geometry": {"type": "Point", "coordinates": [-90.1014, 32.4385]}, "properties": {"station_id": "KMBO", "temp_c": 23.0, "icao_code": "KMBO", "municipality": "Madison", "iso_country": "US", "iso_region": "US-MS"}}, {"type": "Feature", "geometry": {"type": "Point", "coordinates": [-84.634, 45.866]}, "properties": {"station_id": "KMCD", "temp_c": 15.0, "icao_code": "KMCD", "municipality": "Mackinac Island", "iso_country": "US", "iso_region": "US-MI"}}, {"type": "Feature", "geometry": {"type": "Point", "coordinates": [-83.8035, 31.0835]}, "properties": {"station_id": "KMGR", "temp_c": 15.9, "icao_code": "KMGR", "municipality": "Moultrie", "iso_country": "US", "iso_region": "US-GA"}}, {"type": "Feature", "geometry": {"type": "Point", "coordinates": [-90.0367, 36.2226]}, "properties": {"station_id": "KTKX", "temp_c": 19.0, "icao_code": "KTKX", "municipality": "Kennett", "iso_country": "US", "iso_region": "US-MO"}}, {"type": "Feature", "geometry": {"type": "Point", "coordinates": [-83.4859, 31.4229]}, "properties": {"station_id": "KTMA", "temp_c": 15.1, "icao_code": "KTMA", "municipality": "Tifton", "iso_country": "US", "iso_region": "US-GA"}}, {"type": "Feature", "geometry": {"type": "Point", "coordinates": [-89.5435, 34.3851]}, "properties": {"station_id": "KUOX", "temp_c": 25.0, "icao_code": "KUOX", "municipality": "Oxford", "iso_country": "US", "iso_region": "US-MS"}}, {"type": "Feature", "geometry": {"type": "Point", "coordinates": [-82.44, 27.0728]}, "properties": {"station_id": "KVNC", "temp_c": 21.3, "icao_code": "KVNC", "municipality": "Venice", "iso_country": "US", "iso_region": "US-FL"}}, {"type": "Feature", "geometry": {"type": "Point", "coordinates": [-90.0316, 38.8897]}, "properties": {"station_id": "KALN", "temp_c": 18.1, "icao_code": "KALN", "municipality": "Alton/St Louis", "iso_country": "US", "iso_region": "US-IL"}}, {"type": "Feature", "geometry": {"type": "Point", "coordinates": [-95.8584, 28.9717]}, "properties": {"station_id": "KBYY", "temp_c": 25.5, "icao_code": "KBYY", "municipality": "Bay City", "iso_country": "US", "iso_region": "US-TX"}}, {"type": "Feature", "geometry": {"type": "Point", "coordinates": [-85.4207, 44.2785]}, "properties": {"station_id": "KCAD", "temp_c": 16.0, "icao_code": "KCAD", "municipality": "Cadillac", "iso_country": "US", "iso_region": "US-MI"}}, {"type": "Feature", "geometry": {"type": "Point", "coordinates": [-85.9204, 37.6924]}, "properties": {"station_id": "KEKX", "temp_c": 21.9, "icao_code": "KEKX", "municipality": "Elizabethtown", "iso_country": "US", "iso_region": "US-KY"}}, {"type": "Feature", "geometry": {"type": "Point", "coordinates": [-92.4972, 47.4274]}, "properties": {"station_id": "KEVM", "temp_c": 2.7, "icao_code": "KEVM", "municipality": "Eveleth", "iso_country": "US", "iso_region": "US-MN"}}, {"type": "Feature", "geometry": {"type": "Point", "coordinates": [-76.9032, 36.6984]}, "properties": {"station_id": "KFKN", "temp_c": 4.1, "icao_code": "KFKN", "municipality": "Franklin", "iso_country": "US", "iso_region": "US-VA"}}, {"type": "Feature", "geometry": {"type": "Point", "coordinates": [-83.743, 46.009]}, "properties": {"station_id": "KDRM", "temp_c": 8.0, "icao_code": "KDRM", "municipality": "Drummond Island", "iso_country": "US", "iso_region": "US-MI"}}, {"type": "Feature", "geometry": {"type": "Point", "coordinates": [-78.3341, 36.0229]}, "properties": {"station_id": "KLHZ", "temp_c": 7.0, "icao_code": "KLHZ", "municipality": "Louisburg", "iso_country": "US", "iso_region": "US-NC"}}, {"type": "Feature", "geometry": {"type": "Point", "coordinates": [4.79, 52.315]}, "properties": {"station_id": "EHAM", "temp_c": 9.0, "icao_code": "EHAM", "municipality": "Amsterdam", "iso_country": "NL", "iso_region": "NL-NH"}}, {"type": "Feature", "geometry": {"type": "Point", "coordinates": [5.762, 50.905]}, "properties": {"station_id": "EHBK", "temp_c": 8.0, "icao_code": "EHBK", "municipality": "Maastricht", "iso_country": "NL", "iso_region": "NL-LI"}}, {"type": "Feature", "geometry": {"type": "Point", "coordinates": [6.579, 53.12]}, "properties": {"station_id": "EHGG", "temp_c": 8.0, "icao_code": "EHGG", "municipality": "Groningen", "iso_country": "NL", "iso_region": "NL-DR"}}, {"type": "Feature", "geometry": {"type": "Point", "coordinates": [4.444, 51.954]}, "properties": {"station_id": "EHRD", "temp_c": 9.0, "icao_code": "EHRD", "municipality": "Rotterdam", "iso_country": "NL", "iso_region": "NL-ZH"}}, {"type": "Feature", "geometry": {"type": "Point", "coordinates": [5.522, 52.456]}, "properties": {"station_id": "EHLE", "temp_c": 9.0, "icao_code": "EHLE", "municipality": "Lelystad", "iso_country": "NL", "iso_region": "NL-FL"}}, {"type": "Feature", "geometry": {"type": "Point", "coordinates": [-85.964, 32.916]}, "properties": {"station_id": "KALX", "temp_c": 21.5, "icao_code": "KALX", "municipality": "Alexander City", "iso_country": "US", "iso_region": "US-AL"}}, {"type": "Feature", "geometry": {"type": "Point", "coordinates": [-98.7453, 37.7069]}, "properties": {"station_id": "KPTT", "temp_c": 11.0, "icao_code": "KPTT", "municipality": "Pratt", "iso_country": "US", "iso_region": "US-KS"}}, {"type": "Feature", "geometry": {"type": "Point", "coordinates": [-89.5347, 44.5437]}, "properties": {"station_id": "KSTE", "temp_c": 13.5, "icao_code": "KSTE", "municipality": "Stevens Point", "iso_country": "US", "iso_region": "US-WI"}}, {"type": "Feature", "geometry": {"type": "Point", "coordinates": [-117.6847, 34.1118]}, "properties": {"station_id": "KCCB", "temp_c": 12.0, "icao_code": "KCCB", "municipality": "Upland", "iso_country": "US", "iso_region": "US-CA"}}, {"type": "Feature", "geometry": {"type": "Point", "coordinates": [-98.6903, 42.4691]}, "properties": {"station_id": "KONL", "temp_c": 3.1, "icao_code": "KONL", "municipality": "O'Neill", "iso_country": "US", "iso_region": "US-NE"}}, {"type": "Feature", "geometry": {"type": "Point", "coordinates": [-93.1467, 30.2216]}, "properties": {"station_id": "KCWF", "temp_c": 24.7, "icao_code": "KCWF", "municipality": "Lake Charles", "iso_country": "US", "iso_region": "US-LA"}}, {"type": "Feature", "geometry": {"type": "Point", "coordinates": [-97.9616, 34.4778]}, "properties": {"station_id": "KDUC", "temp_c": 20.0, "icao_code": "KDUC", "municipality": "Duncan", "iso_country": "US", "iso_region": "US-OK"}}, {"type": "Feature", "geometry": {"type": "Point", "coordinates": [-89.267, 45.9309]}, "properties": {"station_id": "KEGV", "temp_c": 10.8, "icao_code": "KEGV", "municipality": "Eagle River", "iso_country": "US", "iso_region": "US-WI"}}, {"type": "Feature", "geometry": {"type": "Point", "coordinates": [-90.4334, 40.9329]}, "properties": {"station_id": "KGBG", "temp_c": 11.5, "icao_code": "KGBG", "municipality": "Galesburg", "iso_country": "US", "iso_region": "US-IL"}}, {"type": "Feature", "geometry": {"type": "Point", "coordinates": [-87.8537, 41.0687]}, "properties": {"station_id": "KIKK", "temp_c": 14.9, "icao_code": "KIKK", "municipality": "Kankakee", "iso_country": "US", "iso_region": "US-IL"}}, {"type": "Feature", "geometry": {"type": "Point", "coordinates": [-108.6955, 32.334]}, "properties": {"station_id": "KLSB", "temp_c": 11.0, "icao_code": "KLSB", "municipality": "Lordsburg", "iso_country": "US", "iso_region": "US-NM"}}, {"type": "Feature", "geometry": {"type": "Point", "coordinates": [-86.2419, 35.3804]}, "properties": {"station_id": "KTHA", "temp_c": 22.0, "icao_code": "KTHA", "municipality": "Tullahoma", "iso_country": "US", "iso_region": "US-TN"}}, {"type": "Feature", "geometry": {"type": "Point", "coordinates": [-95.9659, 45.5677]}, "properties": {"station_id": "KMOX", "temp_c": 4.0, "icao_code": "KMOX", "municipality": "Morris", "iso_country": "US", "iso_region": "US-MN"}}, {"type": "Feature", "geometry": {"type": "Point", "coordinates": [-104.5253, 48.7912]}, "properties": {"station_id": "KPWD", "temp_c": -5.0, "icao_code": "KPWD", "municipality": "Plentywood", "iso_country": "US", "iso_region": "US-MT"}}, {"type": "Feature", "geometry": {"type": "Point", "coordinates": [-84.689, 35.922]}, "properties": {"station_id": "KRKW", "temp_c": 17.0, "icao_code": "KRKW", "municipality": "Rockwood", "iso_country": "US", "iso_region": "US-TN"}}, {"type": "Feature", "geometry": {"type": "Point", "coordinates": [-111.871, 48.541]}, "properties": {"station_id": "KSBX", "temp_c": 3.0, "icao_code": "KSBX", "municipality": "Shelby", "iso_country": "US", "iso_region": "US-MT"}}, {"type": "Feature", "geometry": {"type": "Point", "coordinates": [-123.2156, 44.1331]}, "properties": {"station_id": "KEUG", "temp_c": 8.3, "icao_code": "KEUG", "municipality": "Eugene", "iso_country": "US", "iso_region": "US-OR"}}, {"type": "Feature", "geometry": {"type": "Point", "coordinates": [-89.837, 44.3591]}, "properties": {"station_id": "KISW", "temp_c": 12.2, "icao_code": "KISW", "municipality": "Wisconsin Rapids", "iso_country": "US", "iso_region": "US-WI"}}, {"type": "Feature", "geometry": {"type": "Point", "coordinates": [-85.2064, 40.9725]}, "properties": {"station_id": "KFWA", "temp_c": 15.0, "icao_code": "KFWA", "municipality": "Fort Wayne", "iso_country": "US", "iso_region": "US-IN"}}, {"type": "Feature", "geometry": {"type": "Point", "coordinates": [-77.0478, 35.0684]}, "properties": {"station_id": "KEWN", "temp_c": 8.3, "icao_code": "KEWN", "municipality": "New Bern", "iso_country": "US", "iso_region": "US-NC"}}, {"type": "Feature", "geometry": {"type": "Point", "coordinates": [-156.4345, 20.8887]}, "properties": {"station_id": "PHOG", "temp_c": 23.9, "icao_code": "PHOG", "municipality": "Kahului", "iso_country": "US", "iso_region": "US-HI"}}, {"type": "Feature", "geometry": {"type": "Point", "coordinates": [-74.8407, 39.9408]}, "properties": {"station_id": "KVAY", "temp_c": 4.4, "icao_code": "KVAY", "municipality": "Lumberton", "iso_country": "US", "iso_region": "US-NJ"}}, {"type": "Feature", "geometry": {"type": "Point", "coordinates": [-75.7227, 41.3335]}, "properties": {"station_id": "KAVP", "temp_c": 11.1, "icao_code": "KAVP", "municipality": "Wilkes-Barre/Scranton", "iso_country": "US", "iso_region": "US-PA"}}, {"type": "Feature", "geometry": {"type": "Point", "coordinates": [-72.5213, 43.3421]}, "properties": {"station_id": "KVSF", "temp_c": 6.1, "icao_code": "KVSF", "municipality": "North Springfield", "iso_country": "US", "iso_region": "US-VT"}}, {"type": "Feature", "geometry": {"type": "Point", "coordinates": [-75.4662, 37.9372]}, "properties": {"station_id": "KWAL", "temp_c": 5.0, "icao_code": "KWAL", "municipality": "Wallops Island", "iso_country": "US", "iso_region": "US-VA"}}, {"type": "Feature", "geometry": {"type": "Point", "coordinates": [-122.2548, 40.1519]}, "properties": {"station_id": "KRBL", "temp_c": 13.3, "icao_code": "KRBL", "municipality": "Red Bluff", "iso_country": "US", "iso_region": "US-CA"}}, {"type": "Feature", "geometry": {"type": "Point", "coordinates": [-109.3801, 34.5184]}, "properties": {"station_id": "KSJN", "temp_c": 8.9, "icao_code": "KSJN", "municipality": "St Johns", "iso_country": "US", "iso_region": "US-AZ"}}, {"type": "Feature", "geometry": {"type": "Point", "coordinates": [-84.7929, 45.5644]}, "properties": {"station_id": "KPLN", "temp_c": 16.1, "icao_code": "KPLN", "municipality": "Pellston", "iso_country": "US", "iso_region": "US-MI"}}, {"type": "Feature", "geometry": {"type": "Point", "coordinates": [-97.0349, 37.1649]}, "properties": {"station_id": "KWLD", "temp_c": 13.3, "icao_code": "KWLD", "municipality": "Winfield / Arkansas City", "iso_country": "US", "iso_region": "US-KS"}}, {"type": "Feature", "geometry": {"type": "Point", "coordinates": [-75.0778, 39.3662]}, "properties": {"station_id": "KMIV", "temp_c": 2.2, "icao_code": "KMIV", "municipality": "Millville", "iso_country": "US", "iso_region": "US-NJ"}}, {"type": "Feature", "geometry": {"type": "Point", "coordinates": [-89.6842, 40.6675]}, "properties": {"station_id": "KPIA", "temp_c": 14.4, "icao_code": "KPIA", "municipality": "Peoria", "iso_country": "US", "iso_region": "US-IL"}}, {"type": "Feature", "geometry": {"type": "Point", "coordinates": [-104.6887, 38.8095]}, "properties": {"station_id": "KCOS", "temp_c": 5.0, "icao_code": "KCOS", "municipality": "Colorado Springs", "iso_country": "US", "iso_region": "US-CO"}}, {"type": "Feature", "geometry": {"type": "Point", "coordinates": [-93.6531, 41.5339]}, "properties": {"station_id": "KDSM", "temp_c": 8.9, "icao_code": "KDSM", "municipality": "Des Moines", "iso_country": "US", "iso_region": "US-IA"}}, {"type": "Feature", "geometry": {"type": "Point", "coordinates": [-89.6248, 44.9265]}, "properties": {"station_id": "KAUW", "temp_c": 11.7, "icao_code": "KAUW", "municipality": "Wausau", "iso_country": "US", "iso_region": "US-WI"}}, {"type": "Feature", "geometry": {"type": "Point", "coordinates": [-74.567, 39.452]}, "properties": {"station_id": "KACY", "temp_c": 3.9, "icao_code": "KACY", "municipality": "Atlantic City", "iso_country": "US", "iso_region": "US-NJ"}}, {"type": "Feature", "geometry": {"type": "Point", "coordinates": [-75.2268, 39.8733]}, "properties": {"station_id": "KPHL", "temp_c": 10.6, "icao_code": "KPHL", "municipality": "Philadelphia", "iso_country": "US", "iso_region": "US-PA"}}, {"type": "Feature", "geometry": {"type": "Point", "coordinates": [-76.9217, 41.243]}, "properties": {"station_id": "KIPT", "temp_c": 14.4, "icao_code": "KIPT", "municipality": "Williamsport", "iso_country": "US", "iso_region": "US-PA"}}, {"type": "Feature", "geometry": {"type": "Point", "coordinates": [-97.442, 27.702]}, "properties": {"station_id": "KNGW", "temp_c": 26.1, "icao_code": "KNGW", "municipality": "Corpus Christi", "iso_country": "US", "iso_region": "US-TX"}}, {"type": "Feature", "geometry": {"type": "Point", "coordinates": [-70.9501, 43.9899]}, "properties": {"station_id": "KIZG", "temp_c": 5.0, "icao_code": "KIZG", "municipality": "Fryeburg", "iso_country": "US", "iso_region": "US-ME"}}, {"type": "Feature", "geometry": {"type": "Point", "coordinates": [-122.674, 48.2515]}, "properties": {"station_id": "KOKH", "temp_c": 9.0, "icao_code": "KOKH", "municipality": "Oak Harbor", "iso_country": "US", "iso_region": "US-WA"}}, {"type": "Feature", "geometry": {"type": "Point", "coordinates": [-68.0172, 46.8705]}, "properties": {"station_id": "KCAR", "temp_c": 8.3, "icao_code": "KCAR", "municipality": "Caribou", "iso_country": "US", "iso_region": "US-ME"}}, {"type": "Feature", "geometry": {"type": "Point", "coordinates": [-77.3234, 37.5115]}, "properties": {"station_id": "KRIC", "temp_c": 8.3, "icao_code": "KRIC", "municipality": "Richmond", "iso_country": "US", "iso_region": "US-VA"}}, {"type": "Feature", "geometry": {"type": "Point", "coordinates": [-88.8719, 39.8308]}, "properties": {"station_id": "KDEC", "temp_c": 16.7, "icao_code": "KDEC", "municipality": "Decatur", "iso_country": "US", "iso_region": "US-IL"}}, {"type": "Feature", "geometry": {"type": "Point", "coordinates": [-135.511, 59.243]}, "properties": {"station_id": "PAHN", "temp_c": 6.7, "icao_code": "PAHN", "municipality": "Haines", "iso_country": "US", "iso_region": "US-AK"}}, {"type": "Feature", "geometry": {"type": "Point", "coordinates": [-71.9235, 41.073]}, "properties": {"station_id": "KMTP", "temp_c": 7.8, "icao_code": "KMTP", "municipality": "Montauk", "iso_country": "US", "iso_region": "US-NY"}}, {"type": "Feature", "geometry": {"type": "Point", "coordinates": [-156.656, 58.683]}, "properties": {"station_id": "PAKN", "temp_c": 5.0, "icao_code": "PAKN", "municipality": "King Salmon", "iso_country": "US", "iso_region": "US-AK"}}, {"type": "Feature", "geometry": {"type": "Point", "coordinates": [144.7958, 13.4796]}, "properties": {"station_id": "PGUM", "temp_c": 30.6, "icao_code": "PGUM", "municipality": "Hag\u00e5t\u00f1a", "iso_country": "GU", "iso_region": "GU-U-A"}}, {"type": "Feature", "geometry": {"type": "Point", "coordinates": [-104.3319, 37.2618]}, "properties": {"station_id": "KTAD", "temp_c": 7.2, "icao_code": "KTAD", "municipality": "Trinidad", "iso_country": "US", "iso_region": "US-CO"}}, {"type": "Feature", "geometry": {"type": "Point", "coordinates": [-78.7361, 42.94]}, "properties": {"station_id": "KBUF", "temp_c": 16.7, "icao_code": "KBUF", "municipality": "Buffalo", "iso_country": "US", "iso_region": "US-NY"}}, {"type": "Feature", "geometry": {"type": "Point", "coordinates": [-76.1716, 36.2572]}, "properties": {"station_id": "KECG", "temp_c": 7.2, "icao_code": "KECG", "municipality": "Elizabeth City", "iso_country": "US", "iso_region": "US-NC"}}, {"type": "Feature", "geometry": {"type": "Point", "coordinates": [-93.3955, 48.5594]}, "properties": {"station_id": "KINL", "temp_c": 3.3, "icao_code": "KINL", "municipality": "International Falls", "iso_country": "US", "iso_region": "US-MN"}}, {"type": "Feature", "geometry": {"type": "Point", "coordinates": [-79.2065, 37.3213]}, "properties": {"station_id": "KLYH", "temp_c": 11.1, "icao_code": "KLYH", "municipality": "Lynchburg", "iso_country": "US", "iso_region": "US-VA"}}, {"type": "Feature", "geometry": {"type": "Point", "coordinates": [-82.5379, 35.4318]}, "properties": {"station_id": "KAVL", "temp_c": 10.0, "icao_code": "KAVL", "municipality": "Asheville", "iso_country": "US", "iso_region": "US-NC"}}, {"type": "Feature", "geometry": {"type": "Point", "coordinates": [-71.8731, 42.2706]}, "properties": {"station_id": "KORH", "temp_c": 10.0, "icao_code": "KORH", "municipality": "Worcester", "iso_country": "US", "iso_region": "US-MA"}}, {"type": "Feature", "geometry": {"type": "Point", "coordinates": [-75.5549, 40.238]}, "properties": {"station_id": "KPTW", "temp_c": 7.2, "icao_code": "KPTW", "municipality": "Pottstown", "iso_country": "US", "iso_region": "US-PA"}}, {"type": "Feature", "geometry": {"type": "Point", "coordinates": [-92.4013, 42.5544]}, "properties": {"station_id": "KALO", "temp_c": 8.9, "icao_code": "KALO", "municipality": "Waterloo", "iso_country": "US", "iso_region": "US-IA"}}, {"type": "Feature", "geometry": {"type": "Point", "coordinates": [-77.6754, 43.1172]}, "properties": {"station_id": "KROC", "temp_c": 16.1, "icao_code": "KROC", "municipality": "Rochester", "iso_country": "US", "iso_region": "US-NY"}}, {"type": "Feature", "geometry": {"type": "Point", "coordinates": [-72.6152, 44.5328]}, "properties": {"station_id": "KMVL", "temp_c": 3.9, "icao_code": "KMVL", "municipality": "Morrisville", "iso_country": "US", "iso_region": "US-VT"}}, {"type": "Feature", "geometry": {"type": "Point", "coordinates": [145.72, 15.116]}, "properties": {"station_id": "PGSN", "temp_c": 29.4, "icao_code": "PGSN", "municipality": "I Fadang, Saipan", "iso_country": "MP", "iso_region": "MP-U-A"}}, {"type": "Feature", "geometry": {"type": "Point", "coordinates": [-73.2891, 42.4269]}, "properties": {"station_id": "KPSF", "temp_c": 7.2, "icao_code": "KPSF", "municipality": "Pittsfield", "iso_country": "US", "iso_region": "US-MA"}}, {"type": "Feature", "geometry": {"type": "Point", "coordinates": [-81.4634, 41.0373]}, "properties": {"station_id": "KAKR", "temp_c": 19.4, "icao_code": "KAKR", "municipality": "Akron", "iso_country": "US", "iso_region": "US-OH"}}, {"type": "Feature", "geometry": {"type": "Point", "coordinates": [-75.0133, 40.0789]}, "properties": {"station_id": "KPNE", "temp_c": 8.3, "icao_code": "KPNE", "municipality": "Philadelphia", "iso_country": "US", "iso_region": "US-PA"}}, {"type": "Feature", "geometry": {"type": "Point", "coordinates": [-78.8307, 40.3149]}, "properties": {"station_id": "KJST", "temp_c": 11.1, "icao_code": "KJST", "municipality": "Johnstown", "iso_country": "US", "iso_region": "US-PA"}}, {"type": "Feature", "geometry": {"type": "Point", "coordinates": [-75.3625, 38.6898]}, "properties": {"station_id": "KGED", "temp_c": 4.4, "icao_code": "KGED", "municipality": "Georgetown", "iso_country": "US", "iso_region": "US-DE"}}, {"type": "Feature", "geometry": {"type": "Point", "coordinates": [-75.1228, 40.3302]}, "properties": {"station_id": "KDYL", "temp_c": 8.3, "icao_code": "KDYL", "municipality": "Doylestown", "iso_country": "US", "iso_region": "US-PA"}}, {"type": "Feature", "geometry": {"type": "Point", "coordinates": [-89.9864, 35.0564]}, "properties": {"station_id": "KMEM", "temp_c": 26.1, "icao_code": "KMEM", "municipality": "Memphis", "iso_country": "US", "iso_region": "US-TN"}}, {"type": "Feature", "geometry": {"type": "Point", "coordinates": [-119.0552, 35.4342]}, "properties": {"station_id": "KBFL", "temp_c": 14.4, "icao_code": "KBFL", "municipality": "Bakersfield", "iso_country": "US", "iso_region": "US-CA"}}, {"type": "Feature", "geometry": {"type": "Point", "coordinates": [-86.9474, 40.4124]}, "properties": {"station_id": "KLAF", "temp_c": 15.0, "icao_code": "KLAF", "municipality": "West Lafayette", "iso_country": "US", "iso_region": "US-IN"}}, {"type": "Feature", "geometry": {"type": "Point", "coordinates": [-81.5911, 38.3795]}, "properties": {"station_id": "KCRW", "temp_c": 13.3, "icao_code": "KCRW", "municipality": "Charleston", "iso_country": "US", "iso_region": "US-WV"}}, {"type": "Feature", "geometry": {"type": "Point", "coordinates": [-71.1256, 42.7125]}, "properties": {"station_id": "KLWM", "temp_c": 6.7, "icao_code": "KLWM", "municipality": "Lawrence", "iso_country": "US", "iso_region": "US-MA"}}, {"type": "Feature", "geometry": {"type": "Point", "coordinates": [-77.7143, 42.5699]}, "properties": {"station_id": "KDSV", "temp_c": 16.1, "icao_code": "KDSV", "municipality": "Dansville", "iso_country": "US", "iso_region": "US-NY"}}, {"type": "Feature", "geometry": {"type": "Point", "coordinates": [-112.1554, 35.9458]}, "properties": {"station_id": "KGCN", "temp_c": 1.1, "icao_code": "KGCN", "municipality": "Grand Canyon - Tusayan", "iso_country": "US", "iso_region": "US-AZ"}}, {"type": "Feature", "geometry": {"type": "Point", "coordinates": [-111.7212, 33.4659]}, "properties": {"station_id": "KFFZ", "temp_c": 20.0, "icao_code": "KFFZ", "municipality": "Mesa", "iso_country": "US", "iso_region": "US-AZ"}}, {"type": "Feature", "geometry": {"type": "Point", "coordinates": [-121.8488, 36.5904]}, "properties": {"station_id": "KMRY", "temp_c": 11.7, "icao_code": "KMRY", "municipality": "Monterey", "iso_country": "US", "iso_region": "US-CA"}}, {"type": "Feature", "geometry": {"type": "Point", "coordinates": [8.126, 44.046]}, "properties": {"station_id": "LIMG", "temp_c": 16.0, "icao_code": "LIMG", "municipality": "Villanova d'Albenga (SV)", "iso_country": "IT", "iso_region": "IT-42"}}, {"type": "Feature", "geometry": {"type": "Point", "coordinates": [-75.9592, 40.3734]}, "properties": {"station_id": "KRDG", "temp_c": 11.1, "icao_code": "KRDG", "municipality": "Reading", "iso_country": "US", "iso_region": "US-PA"}}, {"type": "Feature", "geometry": {"type": "Point", "coordinates": [-157.0961, 21.1545]}, "properties": {"station_id": "PHMK", "temp_c": 22.2, "icao_code": "PHMK", "municipality": "Kaunakakai", "iso_country": "US", "iso_region": "US-HI"}}, {"type": "Feature", "geometry": {"type": "Point", "coordinates": [-73.1499, 44.4682]}, "properties": {"station_id": "KBTV", "temp_c": 10.6, "icao_code": "KBTV", "municipality": "Burlington", "iso_country": "US", "iso_region": "US-VT"}}, {"type": "Feature", "geometry": {"type": "Point", "coordinates": [-92.371, 14.795]}, "properties": {"station_id": "MMTP", "temp_c": 25.0, "icao_code": "MMTP", "municipality": "Tapachula", "iso_country": "MX", "iso_region": "MX-CHP"}}, {"type": "Feature", "geometry": {"type": "Point", "coordinates": [-82.8814, 34.6722]}, "properties": {"station_id": "KCEU", "temp_c": 12.8, "icao_code": "KCEU", "municipality": "Clemson", "iso_country": "US", "iso_region": "US-SC"}}, {"type": "Feature", "geometry": {"type": "Point", "coordinates": [-94.5892, 39.1279]}, "properties": {"station_id": "KMKC", "temp_c": 12.2, "icao_code": "KMKC", "municipality": "Kansas City", "iso_country": "US", "iso_region": "US-MO"}}, {"type": "Feature", "geometry": {"type": "Point", "coordinates": [-89.0876, 42.1915]}, "properties": {"station_id": "KRFD", "temp_c": 13.9, "icao_code": "KRFD", "municipality": "Chicago/Rockford", "iso_country": "US", "iso_region": "US-IL"}}, {"type": "Feature", "geometry": {"type": "Point", "coordinates": [-122.1212, 37.6589]}, "properties": {"station_id": "KHWD", "temp_c": 12.2, "icao_code": "KHWD", "municipality": "Hayward", "iso_country": "US", "iso_region": "US-CA"}}, {"type": "Feature", "geometry": {"type": "Point", "coordinates": [-122.9049, 46.9737]}, "properties": {"station_id": "KOLM", "temp_c": 8.9, "icao_code": "KOLM", "municipality": "Olympia", "iso_country": "US", "iso_region": "US-WA"}}, {"type": "Feature", "geometry": {"type": "Point", "coordinates": [-91.1966, 39.9371]}, "properties": {"station_id": "KUIN", "temp_c": 13.3, "icao_code": "KUIN", "municipality": "Quincy", "iso_country": "US", "iso_region": "US-IL"}}, {"type": "Feature", "geometry": {"type": "Point", "coordinates": [-76.684, 39.1733]}, "properties": {"station_id": "KBWI", "temp_c": 10.6, "icao_code": "KBWI", "municipality": "Baltimore", "iso_country": "US", "iso_region": "US-MD"}}, {"type": "Feature", "geometry": {"type": "Point", "coordinates": [-79.9432, 36.0969]}, "properties": {"station_id": "KGSO", "temp_c": 12.2, "icao_code": "KGSO", "municipality": "Greensboro", "iso_country": "US", "iso_region": "US-NC"}}, {"type": "Feature", "geometry": {"type": "Point", "coordinates": [-81.0562, 34.9836]}, "properties": {"station_id": "KUZA", "temp_c": 12.2, "icao_code": "KUZA", "municipality": "Rock Hill", "iso_country": "US", "iso_region": "US-SC"}}, {"type": "Feature", "geometry": {"type": "Point", "coordinates": [-101.269, 48.252]}, "properties": {"station_id": "KMOT", "temp_c": -1.7, "icao_code": "KMOT", "municipality": "Minot", "iso_country": "US", "iso_region": "US-ND"}}, {"type": "Feature", "geometry": {"type": "Point", "coordinates": [-79.9737, 37.3172]}, "properties": {"station_id": "KROA", "temp_c": 12.2, "icao_code": "KROA", "municipality": "Roanoke", "iso_country": "US", "iso_region": "US-VA"}}, {"type": "Feature", "geometry": {"type": "Point", "coordinates": [-110.8465, 31.4208]}, "properties": {"station_id": "KOLS", "temp_c": 16.1, "icao_code": "KOLS", "municipality": "Nogales", "iso_country": "US", "iso_region": "US-AZ"}}, {"type": "Feature", "geometry": {"type": "Point", "coordinates": [-122.2804, 38.2075]}, "properties": {"station_id": "KAPC", "temp_c": 11.7, "icao_code": "KAPC", "municipality": "Napa", "iso_country": "US", "iso_region": "US-CA"}}, {"type": "Feature", "geometry": {"type": "Point", "coordinates": [-75.5132, 38.3409]}, "properties": {"station_id": "KSBY", "temp_c": 3.9, "icao_code": "KSBY", "municipality": "Salisbury", "iso_country": "US", "iso_region": "US-MD"}}, {"type": "Feature", "geometry": {"type": "Point", "coordinates": [-111.965, 40.7707]}, "properties": {"station_id": "KSLC", "temp_c": 3.9, "icao_code": "KSLC", "municipality": "Salt Lake City", "iso_country": "US", "iso_region": "US-UT"}}, {"type": "Feature", "geometry": {"type": "Point", "coordinates": [158.21, 6.986]}, "properties": {"station_id": "PTPN", "temp_c": 31.0, "icao_code": "PTPN", "municipality": "Pohnpei Island", "iso_country": "FM", "iso_region": "FM-PNI"}}, {"type": "Feature", "geometry": {"type": "Point", "coordinates": [-109.0529, 41.5947]}, "properties": {"station_id": "KRKS", "temp_c": 1.1, "icao_code": "KRKS", "municipality": "Rock Springs", "iso_country": "US", "iso_region": "US-WY"}}, {"type": "Feature", "geometry": {"type": "Point", "coordinates": [-90.0778, 32.3198]}, "properties": {"station_id": "KJAN", "temp_c": 22.8, "icao_code": "KJAN", "municipality": "Jackson", "iso_country": "US", "iso_region": "US-MS"}}, {"type": "Feature", "geometry": {"type": "Point", "coordinates": [-86.3163, 41.7072]}, "properties": {"station_id": "KSBN", "temp_c": 16.1, "icao_code": "KSBN", "municipality": "South Bend", "iso_country": "US", "iso_region": "US-IN"}}, {"type": "Feature", "geometry": {"type": "Point", "coordinates": [-71.0097, 42.3606]}, "properties": {"station_id": "KBOS", "temp_c": 8.9, "icao_code": "KBOS", "municipality": "Boston", "iso_country": "US", "iso_region": "US-MA"}}, {"type": "Feature", "geometry": {"type": "Point", "coordinates": [-88.1129, 45.8134]}, "properties": {"station_id": "KIMT", "temp_c": 12.2, "icao_code": "KIMT", "municipality": "Kingsford", "iso_country": "US", "iso_region": "US-MI"}}, {"type": "Feature", "geometry": {"type": "Point", "coordinates": [-96.7647, 40.8478]}, "properties": {"station_id": "KLNK", "temp_c": 8.3, "icao_code": "KLNK", "municipality": "Lincoln", "iso_country": "US", "iso_region": "US-NE"}}, {"type": "Feature", "geometry": {"type": "Point", "coordinates": [-90.6557, 38.6575]}, "properties": {"station_id": "KSUS", "temp_c": 16.7, "icao_code": "KSUS", "municipality": "St Louis", "iso_country": "US", "iso_region": "US-MO"}}, {"type": "Feature", "geometry": {"type": "Point", "coordinates": [-76.1038, 43.1111]}, "properties": {"station_id": "KSYR", "temp_c": 13.3, "icao_code": "KSYR", "municipality": "Syracuse", "iso_country": "US", "iso_region": "US-NY"}}, {"type": "Feature", "geometry": {"type": "Point", "coordinates": [-76.494, 37.1322]}, "properties": {"station_id": "KPHF", "temp_c": 5.0, "icao_code": "KPHF", "municipality": "Newport News", "iso_country": "US", "iso_region": "US-VA"}}, {"type": "Feature", "geometry": {"type": "Point", "coordinates": [-100.723, 37.9221]}, "properties": {"station_id": "KGCK", "temp_c": 8.3, "icao_code": "KGCK", "municipality": "Garden City", "iso_country": "US", "iso_region": "US-KS"}}, {"type": "Feature", "geometry": {"type": "Point", "coordinates": [-86.2816, 39.7252]}, "properties": {"station_id": "KIND", "temp_c": 15.0, "icao_code": "KIND", "municipality": "Indianapolis", "iso_country": "US", "iso_region": "US-IN"}}, {"type": "Feature", "geometry": {"type": "Point", "coordinates": [-93.745, 32.5429]}, "properties": {"station_id": "KDTN", "temp_c": 25.6, "icao_code": "KDTN", "municipality": "Shreveport", "iso_country": "US", "iso_region": "US-LA"}}, {"type": "Feature", "geometry": {"type": "Point", "coordinates": [-83.3312, 42.2311]}, "properties": {"station_id": "KDTW", "temp_c": 16.1, "icao_code": "KDTW", "municipality": "Detroit", "iso_country": "US", "iso_region": "US-MI"}}, {"type": "Feature", "geometry": {"type": "Point", "coordinates": [-78.8933, 41.1795]}, "properties": {"station_id": "KDUJ", "temp_c": 12.8, "icao_code": "KDUJ", "municipality": "Dubois", "iso_country": "US", "iso_region": "US-PA"}}, {"type": "Feature", "geometry": {"type": "Point", "coordinates": [-112.0662, 33.6902]}, "properties": {"station_id": "KDVT", "temp_c": 20.0, "icao_code": "KDVT", "municipality": "Phoenix", "iso_country": "US", "iso_region": "US-AZ"}}, {"type": "Feature", "geometry": {"type": "Point", "coordinates": [-95.5563, 30.068]}, "properties": {"station_id": "KDWH", "temp_c": 25.0, "icao_code": "KDWH", "municipality": "Houston", "iso_country": "US", "iso_region": "US-TX"}}, {"type": "Feature", "geometry": {"type": "Point", "coordinates": [-73.4834, 41.3721]}, "properties": {"station_id": "KDXR", "temp_c": 4.4, "icao_code": "KDXR", "municipality": "Danbury", "iso_country": "US", "iso_region": "US-CT"}}, {"type": "Feature", "geometry": {"type": "Point", "coordinates": [-85.7883, 30.3487]}, "properties": {"station_id": "KECP", "temp_c": 18.9, "icao_code": "KECP", "municipality": "Panama City Beach", "iso_country": "US", "iso_region": "US-FL"}}, {"type": "Feature", "geometry": {"type": "Point", "coordinates": [-88.5582, 43.9669]}, "properties": {"station_id": "KOSH", "temp_c": 15.0, "icao_code": "KOSH", "municipality": "Oshkosh", "iso_country": "US", "iso_region": "US-WI"}}, {"type": "Feature", "geometry": {"type": "Point", "coordinates": [-68.8195, 44.7979]}, "properties": {"station_id": "KBGR", "temp_c": 3.3, "icao_code": "KBGR", "municipality": "Bangor", "iso_country": "US", "iso_region": "US-ME"}}, {"type": "Feature", "geometry": {"type": "Point", "coordinates": [-92.4445, 41.1008]}, "properties": {"station_id": "KOTM", "temp_c": 10.6, "icao_code": "KOTM", "municipality": "Ottumwa", "iso_country": "US", "iso_region": "US-IA"}}, {"type": "Feature", "geometry": {"type": "Point", "coordinates": [-117.8099, 44.843]}, "properties": {"station_id": "KBKE", "temp_c": -0.6, "icao_code": "KBKE", "municipality": "Baker City", "iso_country": "US", "iso_region": "US-OR"}}, {"type": "Feature", "geometry": {"type": "Point", "coordinates": [-69.797, 44.3161]}, "properties": {"station_id": "KAUG", "temp_c": 5.0, "icao_code": "KAUG", "municipality": "Augusta", "iso_country": "US", "iso_region": "US-ME"}}, {"type": "Feature", "geometry": {"type": "Point", "coordinates": [-95.781, 43.9905]}, "properties": {"station_id": "KDVP", "temp_c": 5.2, "icao_code": "KDVP", "municipality": "Slayton", "iso_country": "US", "iso_region": "US-MN"}}, {"type": "Feature", "geometry": {"type": "Point", "coordinates": [-71.1732, 42.1912]}, "properties": {"station_id": "KOWD", "temp_c": 2.8, "icao_code": "KOWD", "municipality": "Norwood", "iso_country": "US", "iso_region": "US-MA"}}, {"type": "Feature", "geometry": {"type": "Point", "coordinates": [-86.6881, 36.1105]}, "properties": {"station_id": "KBNA", "temp_c": 21.1, "icao_code": "KBNA", "municipality": "Nashville", "iso_country": "US", "iso_region": "US-TN"}}, {"type": "Feature", "geometry": {"type": "Point", "coordinates": [-89.5785, 37.2254]}, "properties": {"station_id": "KCGI", "temp_c": 20.0, "icao_code": "KCGI", "municipality": "Cape Girardeau", "iso_country": "US", "iso_region": "US-MO"}}, {"type": "Feature", "geometry": {"type": "Point", "coordinates": [-118.3654, 34.1996]}, "properties": {"station_id": "KBUR", "temp_c": 14.4, "icao_code": "KBUR", "municipality": "Burbank", "iso_country": "US", "iso_region": "US-CA"}}, {"type": "Feature", "geometry": {"type": "Point", "coordinates": [-112.5015, 45.9644]}, "properties": {"station_id": "KBTM", "temp_c": -1.1, "icao_code": "KBTM", "municipality": "Butte", "iso_country": "US", "iso_region": "US-MT"}}, {"type": "Feature", "geometry": {"type": "Point", "coordinates": [-94.1273, 46.4021]}, "properties": {"station_id": "KBRD", "temp_c": 5.0, "icao_code": "KBRD", "municipality": "Brainerd", "iso_country": "US", "iso_region": "US-MN"}}, {"type": "Feature", "geometry": {"type": "Point", "coordinates": [-110.1098, 42.578]}, "properties": {"station_id": "KBPI", "temp_c": -1.7, "icao_code": "KBPI", "municipality": "Big Piney", "iso_country": "US", "iso_region": "US-WY"}}, {"type": "Feature", "geometry": {"type": "Point", "coordinates": [-86.6168, 39.1431]}, "properties": {"station_id": "KBMG", "temp_c": 15.0, "icao_code": "KBMG", "municipality": "Bloomington", "iso_country": "US", "iso_region": "US-IN"}}, {"type": "Feature", "geometry": {"type": "Point", "coordinates": [-81.6832, 41.5173]}, "properties": {"station_id": "KBKL", "temp_c": 19.4, "icao_code": "KBKL", "municipality": "Cleveland", "iso_country": "US", "iso_region": "US-OH"}}, {"type": "Feature", "geometry": {"type": "Point", "coordinates": [-95.394, 45.868]}, "properties": {"station_id": "KAXN", "temp_c": 4.4, "icao_code": "KAXN", "municipality": "Alexandria", "iso_country": "US", "iso_region": "US-MN"}}, {"type": "Feature", "geometry": {"type": "Point", "coordinates": [-86.7449, 33.5655]}, "properties": {"station_id": "KBHM", "temp_c": 22.8, "icao_code": "KBHM", "municipality": "Birmingham", "iso_country": "US", "iso_region": "US-AL"}}, {"type": "Feature", "geometry": {"type": "Point", "coordinates": [-77.8951, 35.8502]}, "properties": {"station_id": "KRWI", "temp_c": 7.2, "icao_code": "KRWI", "municipality": "Rocky Mount", "iso_country": "US", "iso_region": "US-NC"}}, {"type": "Feature", "geometry": {"type": "Point", "coordinates": [-110.7555, 39.6089]}, "properties": {"station_id": "KPUC", "temp_c": 5.6, "icao_code": "KPUC", "municipality": "Price", "iso_country": "US", "iso_region": "US-UT"}}, {"type": "Feature", "geometry": {"type": "Point", "coordinates": [-84.0214, 40.7081]}, "properties": {"station_id": "KAOH", "temp_c": 15.6, "icao_code": "KAOH", "municipality": "Lima", "iso_country": "US", "iso_region": "US-OH"}}, {"type": "Feature", "geometry": {"type": "Point", "coordinates": [-85.8479, 33.5904]}, "properties": {"station_id": "KANB", "temp_c": 21.7, "icao_code": "KANB", "municipality": "Anniston", "iso_country": "US", "iso_region": "US-AL"}}, {"type": "Feature", "geometry": {"type": "Point", "coordinates": [-107.7602, 37.1431]}, "properties": {"station_id": "KDRO", "temp_c": 3.3, "icao_code": "KDRO", "municipality": "Durango", "iso_country": "US", "iso_region": "US-CO"}}, {"type": "Feature", "geometry": {"type": "Point", "coordinates": [-93.6185, 41.9905]}, "properties": {"station_id": "KAMW", "temp_c": 8.3, "icao_code": "KAMW", "municipality": "Ames", "iso_country": "US", "iso_region": "US-IA"}}, {"type": "Feature", "geometry": {"type": "Point", "coordinates": [-98.0251, 27.7413]}, "properties": {"station_id": "KALI", "temp_c": 26.1, "icao_code": "KALI", "municipality": "Alice", "iso_country": "US", "iso_region": "US-TX"}}, {"type": "Feature", "geometry": {"type": "Point", "coordinates": [-102.8017, 42.0573]}, "properties": {"station_id": "KAIA", "temp_c": 0.6, "icao_code": "KAIA", "municipality": "Alliance", "iso_country": "US", "iso_region": "US-NE"}}, {"type": "Feature", "geometry": {"type": "Point", "coordinates": [-70.0589, 41.2541]}, "properties": {"station_id": "KACK", "temp_c": 5.0, "icao_code": "KACK", "municipality": "Nantucket", "iso_country": "US", "iso_region": "US-MA"}}, {"type": "Feature", "geometry": {"type": "Point", "coordinates": [-98.4138, 45.4436]}, "properties": {"station_id": "KABR", "temp_c": 1.1, "icao_code": "KABR", "municipality": "Aberdeen", "iso_country": "US", "iso_region": "US-SD"}}, {"type": "Feature", "geometry": {"type": "Point", "coordinates": [-104.2584, 32.3336]}, "properties": {"station_id": "KCNM", "temp_c": 19.4, "icao_code": "KCNM", "municipality": "Carlsbad", "iso_country": "US", "iso_region": "US-NM"}}, {"type": "Feature", "geometry": {"type": "Point", "coordinates": [-88.4854, 47.1705]}, "properties": {"station_id": "KCMX", "temp_c": 8.9, "icao_code": "KCMX", "municipality": "Hancock", "iso_country": "US", "iso_region": "US-MI"}}, {"type": "Feature", "geometry": {"type": "Point", "coordinates": [-88.2755, 40.0324]}, "properties": {"station_id": "KCMI", "temp_c": 15.6, "icao_code": "KCMI", "municipality": "Savoy", "iso_country": "US", "iso_region": "US-IL"}}, {"type": "Feature", "geometry": {"type": "Point", "coordinates": [-108.6265, 37.3071]}, "properties": {"station_id": "KCEZ", "temp_c": 9.4, "icao_code": "KCEZ", "municipality": "Cortez", "iso_country": "US", "iso_region": "US-CO"}}, {"type": "Feature", "geometry": {"type": "Point", "coordinates": [-86.5194, 30.7771]}, "properties": {"station_id": "KCEW", "temp_c": 18.3, "icao_code": "KCEW", "municipality": "Crestview", "iso_country": "US", "iso_region": "US-FL"}}, {"type": "Feature", "geometry": {"type": "Point", "coordinates": [-74.2828, 40.8764]}, "properties": {"station_id": "KCDW", "temp_c": 7.2, "icao_code": "KCDW", "municipality": "Caldwell", "iso_country": "US", "iso_region": "US-NJ"}}, {"type": "Feature", "geometry": {"type": "Point", "coordinates": [-100.2839, 34.4275]}, "properties": {"station_id": "KCDS", "temp_c": 19.4, "icao_code": "KCDS", "municipality": "Childress", "iso_country": "US", "iso_region": "US-TX"}}, {"type": "Feature", "geometry": {"type": "Point", "coordinates": [-78.9325, 33.6769]}, "properties": {"station_id": "KMYR", "temp_c": 16.1, "icao_code": "KMYR", "municipality": "Myrtle Beach", "iso_country": "US", "iso_region": "US-SC"}}, {"type": "Feature", "geometry": {"type": "Point", "coordinates": [-122.0527, 37.9916]}, "properties": {"station_id": "KCCR", "temp_c": 12.2, "icao_code": "KCCR", "municipality": "Concord", "iso_country": "US", "iso_region": "US-CA"}}, {"type": "Feature", "geometry": {"type": "Point", "coordinates": [-106.7195, 44.3812]}, "properties": {"station_id": "KBYG", "temp_c": -1.7, "icao_code": "KBYG", "municipality": "Buffalo", "iso_country": "US", "iso_region": "US-WY"}}, {"type": "Feature", "geometry": {"type": "Point", "coordinates": [-149.418, 60.129]}, "properties": {"station_id": "PAWD", "temp_c": 5.0, "icao_code": "PAWD", "municipality": "Seward", "iso_country": "US", "iso_region": "US-AK"}}, {"type": "Feature", "geometry": {"type": "Point", "coordinates": [-164.548, 67.731]}, "properties": {"station_id": "PAVL", "temp_c": 1.1, "icao_code": "PAVL", "municipality": "Kivalina", "iso_country": "US", "iso_region": "US-AK"}}, {"type": "Feature", "geometry": {"type": "Point", "coordinates": [-84.0688, 37.0896]}, "properties": {"station_id": "KLOZ", "temp_c": 20.0, "icao_code": "KLOZ", "municipality": "London", "iso_country": "US", "iso_region": "US-KY"}}, {"type": "Feature", "geometry": {"type": "Point", "coordinates": [-119.8425, 34.4241]}, "properties": {"station_id": "KSBA", "temp_c": 12.8, "icao_code": "KSBA", "municipality": "Santa Barbara", "iso_country": "US", "iso_region": "US-CA"}}, {"type": "Feature", "geometry": {"type": "Point", "coordinates": [-69.7114, 43.9639]}, "properties": {"station_id": "KIWI", "temp_c": 3.9, "icao_code": "KIWI", "municipality": "Wiscasset", "iso_country": "US", "iso_region": "US-ME"}}, {"type": "Feature", "geometry": {"type": "Point", "coordinates": [-76.8658, 40.8193]}, "properties": {"station_id": "KSEG", "temp_c": 12.2, "icao_code": "KSEG", "municipality": "Selinsgrove", "iso_country": "US", "iso_region": "US-PA"}}, {"type": "Feature", "geometry": {"type": "Point", "coordinates": [-90.4721, 31.1823]}, "properties": {"station_id": "KMCB", "temp_c": 21.7, "icao_code": "KMCB", "municipality": "McComb", "iso_country": "US", "iso_region": "US-MS"}}, {"type": "Feature", "geometry": {"type": "Point", "coordinates": [-98.4172, 34.5577]}, "properties": {"station_id": "KLAW", "temp_c": 19.4, "icao_code": "KLAW", "municipality": "Lawton", "iso_country": "US", "iso_region": "US-OK"}}, {"type": "Feature", "geometry": {"type": "Point", "coordinates": [-97.6446, 38.78]}, "properties": {"station_id": "KSLN", "temp_c": 8.9, "icao_code": "KSLN", "municipality": "Salina", "iso_country": "US", "iso_region": "US-KS"}}, {"type": "Feature", "geometry": {"type": "Point", "coordinates": [-87.849, 43.7748]}, "properties": {"station_id": "KSBM", "temp_c": 13.3, "icao_code": "KSBM", "municipality": "Sheboygan", "iso_country": "US", "iso_region": "US-WI"}}, {"type": "Feature", "geometry": {"type": "Point", "coordinates": [-107.1952, 41.8065]}, "properties": {"station_id": "KRWL", "temp_c": 1.1, "icao_code": "KRWL", "municipality": "Rawlins", "iso_country": "US", "iso_region": "US-WY"}}, {"type": "Feature", "geometry": {"type": "Point", "coordinates": [-87.9383, 42.5953]}, "properties": {"station_id": "KENW", "temp_c": 16.1, "icao_code": "KENW", "municipality": "Kenosha", "iso_country": "US", "iso_region": "US-WI"}}, {"type": "Feature", "geometry": {"type": "Point", "coordinates": [-77.8999, 34.2668]}, "properties": {"station_id": "KILM", "temp_c": 8.3, "icao_code": "KILM", "municipality": "Wilmington", "iso_country": "US", "iso_region": "US-NC"}}, {"type": "Feature", "geometry": {"type": "Point", "coordinates": [-95.404, 32.3587]}, "properties": {"station_id": "KTYR", "temp_c": 25.6, "icao_code": "KTYR", "municipality": "Tyler", "iso_country": "US", "iso_region": "US-TX"}}, {"type": "Feature", "geometry": {"type": "Point", "coordinates": [-123.1415, 47.2384]}, "properties": {"station_id": "KSHN", "temp_c": 9.4, "icao_code": "KSHN", "municipality": "Shelton", "iso_country": "US", "iso_region": "US-WA"}}, {"type": "Feature", "geometry": {"type": "Point", "coordinates": [-121.6093, 36.6635]}, "properties": {"station_id": "KSNS", "temp_c": 11.7, "icao_code": "KSNS", "municipality": "Salinas", "iso_country": "US", "iso_region": "US-CA"}}, {"type": "Feature", "geometry": {"type": "Point", "coordinates": [-100.6689, 41.122]}, "properties": {"station_id": "KLBF", "temp_c": 5.0, "icao_code": "KLBF", "municipality": "North Platte", "iso_country": "US", "iso_region": "US-NE"}}, {"type": "Feature", "geometry": {"type": "Point", "coordinates": [-72.6512, 41.7352]}, "properties": {"station_id": "KHFD", "temp_c": 7.2, "icao_code": "KHFD", "municipality": "Hartford", "iso_country": "US", "iso_region": "US-CT"}}, {"type": "Feature", "geometry": {"type": "Point", "coordinates": [-88.7713, 34.2622]}, "properties": {"station_id": "KTUP", "temp_c": 20.6, "icao_code": "KTUP", "municipality": "Tupelo", "iso_country": "US", "iso_region": "US-MS"}}, {"type": "Feature", "geometry": {"type": "Point", "coordinates": [-117.2765, 33.1299]}, "properties": {"station_id": "KCRQ", "temp_c": 14.4, "icao_code": "KCRQ", "municipality": "Carlsbad", "iso_country": "US", "iso_region": "US-CA"}}, {"type": "Feature", "geometry": {"type": "Point", "coordinates": [-111.0305, 41.2727]}, "properties": {"station_id": "KEVW", "temp_c": -2.2, "icao_code": "KEVW", "municipality": "Evanston", "iso_country": "US", "iso_region": "US-WY"}}, {"type": "Feature", "geometry": {"type": "Point", "coordinates": [-124.1048, 40.9784]}, "properties": {"station_id": "KACV", "temp_c": 7.8, "icao_code": "KACV", "municipality": "Arcata/Eureka", "iso_country": "US", "iso_region": "US-CA"}}, {"type": "Feature", "geometry": {"type": "Point", "coordinates": [-95.2101, 43.1682]}, "properties": {"station_id": "KSPW", "temp_c": 5.6, "icao_code": "KSPW", "municipality": "Spencer", "iso_country": "US", "iso_region": "US-IA"}}, {"type": "Feature", "geometry": {"type": "Point", "coordinates": [-102.5487, 36.0252]}, "properties": {"station_id": "KDHT", "temp_c": 13.3, "icao_code": "KDHT", "municipality": "Dalhart", "iso_country": "US", "iso_region": "US-TX"}}, {"type": "Feature", "geometry": {"type": "Point", "coordinates": [-97.022, 32.8974]}, "properties": {"station_id": "KDFW", "temp_c": 26.1, "icao_code": "KDFW", "municipality": "Dallas-Fort Worth", "iso_country": "US", "iso_region": "US-TX"}}, {"type": "Feature", "geometry": {"type": "Point", "coordinates": [-115.194, 36.212]}, "properties": {"station_id": "KVGT", "temp_c": 17.2, "icao_code": "KVGT", "municipality": "Las Vegas", "iso_country": "US", "iso_region": "US-NV"}}, {"type": "Feature", "geometry": {"type": "Point", "coordinates": [-94.9095, 39.7683]}, "properties": {"station_id": "KSTJ", "temp_c": 10.0, "icao_code": "KSTJ", "municipality": "St Joseph", "iso_country": "US", "iso_region": "US-MO"}}, {"type": "Feature", "geometry": {"type": "Point", "coordinates": [-93.0559, 44.9323]}, "properties": {"station_id": "KSTP", "temp_c": 6.7, "icao_code": "KSTP", "municipality": "Saint Paul", "iso_country": "US", "iso_region": "US-MN"}}, {"type": "Feature", "geometry": {"type": "Point", "coordinates": [-114.4775, 42.4785]}, "properties": {"station_id": "KTWF", "temp_c": 2.8, "icao_code": "KTWF", "municipality": "Twin Falls", "iso_country": "US", "iso_region": "US-ID"}}, {"type": "Feature", "geometry": {"type": "Point", "coordinates": [-117.8675, 33.6798]}, "properties": {"station_id": "KSNA", "temp_c": 15.6, "icao_code": "KSNA", "municipality": "Santa Ana", "iso_country": "US", "iso_region": "US-CA"}}, {"type": "Feature", "geometry": {"type": "Point", "coordinates": [-83.4767, 41.5633]}, "properties": {"station_id": "KTDZ", "temp_c": 16.1, "icao_code": "KTDZ", "municipality": "Toledo", "iso_country": "US", "iso_region": "US-OH"}}, {"type": "Feature", "geometry": {"type": "Point", "coordinates": [-92.4719, 36.3706]}, "properties": {"station_id": "KBPK", "temp_c": 17.2, "icao_code": "KBPK", "municipality": "Mountain Home", "iso_country": "US", "iso_region": "US-AR"}}, {"type": "Feature", "geometry": {"type": "Point", "coordinates": [-86.0103, 31.8574]}, "properties": {"station_id": "KTOI", "temp_c": 19.4, "icao_code": "KTOI", "municipality": "Troy", "iso_country": "US", "iso_region": "US-AL"}}, {"type": "Feature", "geometry": {"type": "Point", "coordinates": [-104.1585, 42.0613]}, "properties": {"station_id": "KTOR", "temp_c": 0.6, "icao_code": "KTOR", "municipality": "Torrington", "iso_country": "US", "iso_region": "US-WY"}}, {"type": "Feature", "geometry": {"type": "Point", "coordinates": [-82.54, 27.9633]}, "properties": {"station_id": "KTPA", "temp_c": 21.1, "icao_code": "KTPA", "municipality": "Tampa", "iso_country": "US", "iso_region": "US-FL"}}, {"type": "Feature", "geometry": {"type": "Point", "coordinates": [-122.4098, 45.551]}, "properties": {"station_id": "KTTD", "temp_c": 12.8, "icao_code": "KTTD", "municipality": "Portland", "iso_country": "US", "iso_region": "US-OR"}}, {"type": "Feature", "geometry": {"type": "Point", "coordinates": [-123.5066, 48.1219]}, "properties": {"station_id": "KCLM", "temp_c": 10.6, "icao_code": "KCLM", "municipality": "Port Angeles", "iso_country": "US", "iso_region": "US-WA"}}, {"type": "Feature", "geometry": {"type": "Point", "coordinates": [-100.927, 29.3784]}, "properties": {"station_id": "KDRT", "temp_c": 27.8, "icao_code": "KDRT", "municipality": "Del Rio", "iso_country": "US", "iso_region": "US-TX"}}, {"type": "Feature", "geometry": {"type": "Point", "coordinates": [-96.2535, 28.7248]}, "properties": {"station_id": "KPSX", "temp_c": 25.6, "icao_code": "KPSX", "municipality": "Palacios", "iso_country": "US", "iso_region": "US-TX"}}, {"type": "Feature", "geometry": {"type": "Point", "coordinates": [-83.5214, 42.242]}, "properties": {"station_id": "KYIP", "temp_c": 16.1, "icao_code": "KYIP", "municipality": "Detroit", "iso_country": "US", "iso_region": "US-MI"}}, {"type": "Feature", "geometry": {"type": "Point", "coordinates": [-122.2977, 40.5146]}, "properties": {"station_id": "KRDD", "temp_c": 12.2, "icao_code": "KRDD", "municipality": "Redding", "iso_country": "US", "iso_region": "US-CA"}}, {"type": "Feature", "geometry": {"type": "Point", "coordinates": [-113.097, 37.7067]}, "properties": {"station_id": "KCDC", "temp_c": 7.2, "icao_code": "KCDC", "municipality": "Cedar City", "iso_country": "US", "iso_region": "US-UT"}}, {"type": "Feature", "geometry": {"type": "Point", "coordinates": [-95.8782, 36.1985]}, "properties": {"station_id": "KTUL", "temp_c": 17.2, "icao_code": "KTUL", "municipality": "Tulsa", "iso_country": "US", "iso_region": "US-OK"}}, {"type": "Feature", "geometry": {"type": "Point", "coordinates": [-134.5561, 58.354]}, "properties": {"station_id": "PAJN", "temp_c": 6.7, "icao_code": "PAJN", "municipality": "Juneau", "iso_country": "US", "iso_region": "US-AK"}}, {"type": "Feature", "geometry": {"type": "Point", "coordinates": [-81.2023, 32.1313]}, "properties": {"station_id": "KSAV", "temp_c": 12.8, "icao_code": "KSAV", "municipality": "Savannah", "iso_country": "US", "iso_region": "US-GA"}}, {"type": "Feature", "geometry": {"type": "Point", "coordinates": [-89.3452, 43.1407]}, "properties": {"station_id": "KMSN", "temp_c": 12.8, "icao_code": "KMSN", "municipality": "Madison", "iso_country": "US", "iso_region": "US-WI"}}, {"type": "Feature", "geometry": {"type": "Point", "coordinates": [-85.1616, 34.3483]}, "properties": {"station_id": "KRMG", "temp_c": 20.0, "icao_code": "KRMG", "municipality": "Rome", "iso_country": "US", "iso_region": "US-GA"}}, {"type": "Feature", "geometry": {"type": "Point", "coordinates": [-122.6092, 45.5958]}, "properties": {"station_id": "KPDX", "temp_c": 12.2, "icao_code": "KPDX", "municipality": "Portland", "iso_country": "US", "iso_region": "US-OR"}}, {"type": "Feature", "geometry": {"type": "Point", "coordinates": [-145.4445, 60.486]}, "properties": {"station_id": "PACV", "temp_c": 7.2, "icao_code": "PACV", "municipality": "Cordova", "iso_country": "US", "iso_region": "US-AK"}}, {"type": "Feature", "geometry": {"type": "Point", "coordinates": [-90.3224, 36.7697]}, "properties": {"station_id": "KPOF", "temp_c": 20.0, "icao_code": "KPOF", "municipality": "Poplar Bluff", "iso_country": "US", "iso_region": "US-MO"}}, {"type": "Feature", "geometry": {"type": "Point", "coordinates": [-96.8358, 32.8384]}, "properties": {"station_id": "KDAL", "temp_c": 26.1, "icao_code": "KDAL", "municipality": "Dallas", "iso_country": "US", "iso_region": "US-TX"}}, {"type": "Feature", "geometry": {"type": "Point", "coordinates": [-156.7843, 71.2837]}, "properties": {"station_id": "PABR", "temp_c": -7.8, "icao_code": "PABR", "municipality": "Utqia\u0121vik", "iso_country": "US", "iso_region": "US-AK"}}, {"type": "Feature", "geometry": {"type": "Point", "coordinates": [-84.4285, 41.3357]}, "properties": {"station_id": "KDFI", "temp_c": 16.1, "icao_code": "KDFI", "municipality": "Defiance", "iso_country": "US", "iso_region": "US-OH"}}, {"type": "Feature", "geometry": {"type": "Point", "coordinates": [-162.7613, 66.0696]}, "properties": {"station_id": "PADE", "temp_c": 1.7, "icao_code": "PADE", "municipality": "Deering", "iso_country": "US", "iso_region": "US-AK"}}, {"type": "Feature", "geometry": {"type": "Point", "coordinates": [-90.0894, 33.4961]}, "properties": {"station_id": "KGWO", "temp_c": 24.4, "icao_code": "KGWO", "municipality": "Greenwood", "iso_country": "US", "iso_region": "US-MS"}}, {"type": "Feature", "geometry": {"type": "Point", "coordinates": [-99.0528, 34.9891]}, "properties": {"station_id": "KHBR", "temp_c": 17.8, "icao_code": "KHBR", "municipality": "Hobart", "iso_country": "US", "iso_region": "US-OK"}}, {"type": "Feature", "geometry": {"type": "Point", "coordinates": [-122.664, 48.355]}, "properties": {"station_id": "KNUW", "temp_c": 10.6, "icao_code": "KNUW", "municipality": "Oak Harbor", "iso_country": "US", "iso_region": "US-WA"}}, {"type": "Feature", "geometry": {"type": "Point", "coordinates": [-80.3763, 27.4981]}, "properties": {"station_id": "KFPR", "temp_c": 22.8, "icao_code": "KFPR", "municipality": "Fort Pierce", "iso_country": "US", "iso_region": "US-FL"}}, {"type": "Feature", "geometry": {"type": "Point", "coordinates": [-117.1109, 32.563]}, "properties": {"station_id": "KNRS", "temp_c": 16.1, "icao_code": "KNRS", "municipality": "Imperial Beach", "iso_country": "US", "iso_region": "US-CA"}}, {"type": "Feature", "geometry": {"type": "Point", "coordinates": [-94.3653, 35.3335]}, "properties": {"station_id": "KFSM", "temp_c": 21.7, "icao_code": "KFSM", "municipality": "Fort Smith", "iso_country": "US", "iso_region": "US-AR"}}, {"type": "Feature", "geometry": {"type": "Point", "coordinates": [-96.013, 36.7664]}, "properties": {"station_id": "KBVO", "temp_c": 15.0, "icao_code": "KBVO", "municipality": "Bartlesville", "iso_country": "US", "iso_region": "US-OK"}}, {"type": "Feature", "geometry": {"type": "Point", "coordinates": [-84.1958, 31.5364]}, "properties": {"station_id": "KABY", "temp_c": 17.8, "icao_code": "KABY", "municipality": "Albany", "iso_country": "US", "iso_region": "US-GA"}}, {"type": "Feature", "geometry": {"type": "Point", "coordinates": [-113.7686, 42.5453]}, "properties": {"station_id": "KBYI", "temp_c": 4.4, "icao_code": "KBYI", "municipality": "Burley", "iso_country": "US", "iso_region": "US-ID"}}, {"type": "Feature", "geometry": {"type": "Point", "coordinates": [-99.7686, 36.2966]}, "properties": {"station_id": "KGAG", "temp_c": 13.9, "icao_code": "KGAG", "municipality": "Gage", "iso_country": "US", "iso_region": "US-OK"}}, {"type": "Feature", "geometry": {"type": "Point", "coordinates": [-94.714, 32.3909]}, "properties": {"station_id": "KGGG", "temp_c": 25.0, "icao_code": "KGGG", "municipality": "Longview", "iso_country": "US", "iso_region": "US-TX"}}, {"type": "Feature", "geometry": {"type": "Point", "coordinates": [-108.0752, 44.5174]}, "properties": {"station_id": "KGEY", "temp_c": 2.2, "icao_code": "KGEY", "municipality": "Greybull", "iso_country": "US", "iso_region": "US-WY"}}, {"type": "Feature", "geometry": {"type": "Point", "coordinates": [-81.6746, 30.2346]}, "properties": {"station_id": "KNIP", "temp_c": 19.4, "icao_code": "KNIP", "municipality": "Jacksonville", "iso_country": "US", "iso_region": "US-FL"}}, {"type": "Feature", "geometry": {"type": "Point", "coordinates": [-122.2144, 47.4951]}, "properties": {"station_id": "KRNT", "temp_c": 11.1, "icao_code": "KRNT", "municipality": "Renton", "iso_country": "US", "iso_region": "US-WA"}}, {"type": "Feature", "geometry": {"type": "Point", "coordinates": [-121.496, 38.5066]}, "properties": {"station_id": "KSAC", "temp_c": 12.8, "icao_code": "KSAC", "municipality": "Sacramento", "iso_country": "US", "iso_region": "US-CA"}}, {"type": "Feature", "geometry": {"type": "Point", "coordinates": [-108.5408, 39.1344]}, "properties": {"station_id": "KGJT", "temp_c": 9.4, "icao_code": "KGJT", "municipality": "Grand Junction", "iso_country": "US", "iso_region": "US-CO"}}, {"type": "Feature", "geometry": {"type": "Point", "coordinates": [-111.9232, 33.6123]}, "properties": {"station_id": "KSDL", "temp_c": 20.6, "icao_code": "KSDL", "municipality": "Scottsdale", "iso_country": "US", "iso_region": "US-AZ"}}, {"type": "Feature", "geometry": {"type": "Point", "coordinates": [-95.626, 39.0725]}, "properties": {"station_id": "KTOP", "temp_c": 9.4, "icao_code": "KTOP", "municipality": "Topeka", "iso_country": "US", "iso_region": "US-KS"}}, {"type": "Feature", "geometry": {"type": "Point", "coordinates": [-116.9939, 32.5758]}, "properties": {"station_id": "KSDM", "temp_c": 12.8, "icao_code": "KSDM", "municipality": "San Diego", "iso_country": "US", "iso_region": "US-CA"}}, {"type": "Feature", "geometry": {"type": "Point", "coordinates": [-117.6249, 33.9756]}, "properties": {"station_id": "KCNO", "temp_c": 10.0, "icao_code": "KCNO", "municipality": "Chino", "iso_country": "US", "iso_region": "US-CA"}}, {"type": "Feature", "geometry": {"type": "Point", "coordinates": [-101.6932, 39.3673]}, "properties": {"station_id": "KGLD", "temp_c": 3.3, "icao_code": "KGLD", "municipality": "Goodland", "iso_country": "US", "iso_region": "US-KS"}}, {"type": "Feature", "geometry": {"type": "Point", "coordinates": [-110.9564, 32.1315]}, "properties": {"station_id": "KTUS", "temp_c": 19.4, "icao_code": "KTUS", "municipality": "Tucson", "iso_country": "US", "iso_region": "US-AZ"}}, {"type": "Feature", "geometry": {"type": "Point", "coordinates": [-121.9244, 37.3594]}, "properties": {"station_id": "KSJC", "temp_c": 11.7, "icao_code": "KSJC", "municipality": "San Jose", "iso_country": "US", "iso_region": "US-CA"}}, {"type": "Feature", "geometry": {"type": "Point", "coordinates": [-119.9962, 38.8984]}, "properties": {"station_id": "KTVL", "temp_c": 0.0, "icao_code": "KTVL", "municipality": "South Lake Tahoe", "iso_country": "US", "iso_region": "US-CA"}}, {"type": "Feature", "geometry": {"type": "Point", "coordinates": [-86.4238, 36.9647]}, "properties": {"station_id": "KBWG", "temp_c": 22.8, "icao_code": "KBWG", "municipality": "Bowling Green", "iso_country": "US", "iso_region": "US-KY"}}, {"type": "Feature", "geometry": {"type": "Point", "coordinates": [-96.3994, 32.0316]}, "properties": {"station_id": "KCRS", "temp_c": 26.1, "icao_code": "KCRS", "municipality": "Corsicana", "iso_country": "US", "iso_region": "US-TX"}}, {"type": "Feature", "geometry": {"type": "Point", "coordinates": [-70.9153, 42.5841]}, "properties": {"station_id": "KBVY", "temp_c": 3.3, "icao_code": "KBVY", "municipality": "Beverly / Danvers", "iso_country": "US", "iso_region": "US-MA"}}, {"type": "Feature", "geometry": {"type": "Point", "coordinates": [-151.491, 59.642]}, "properties": {"station_id": "PAHO", "temp_c": 5.6, "icao_code": "PAHO", "municipality": "Homer", "iso_country": "US", "iso_region": "US-AK"}}, {"type": "Feature", "geometry": {"type": "Point", "coordinates": [-78.4551, 38.1374]}, "properties": {"station_id": "KCHO", "temp_c": 10.6, "icao_code": "KCHO", "municipality": "Charlottesville", "iso_country": "US", "iso_region": "US-VA"}}, {"type": "Feature", "geometry": {"type": "Point", "coordinates": [-81.5128, 30.3371]}, "properties": {"station_id": "KCRG", "temp_c": 19.4, "icao_code": "KCRG", "municipality": "Jacksonville", "iso_country": "US", "iso_region": "US-FL"}}, {"type": "Feature", "geometry": {"type": "Point", "coordinates": [-80.2239, 39.3022]}, "properties": {"station_id": "KCKB", "temp_c": 17.2, "icao_code": "KCKB", "municipality": "Bridgeport", "iso_country": "US", "iso_region": "US-WV"}}, {"type": "Feature", "geometry": {"type": "Point", "coordinates": [-107.7206, 32.2592]}, "properties": {"station_id": "KDMN", "temp_c": 15.6, "icao_code": "KDMN", "municipality": "Deming", "iso_country": "US", "iso_region": "US-NM"}}, {"type": "Feature", "geometry": {"type": "Point", "coordinates": [-79.9215, 40.3551]}, "properties": {"station_id": "KAGC", "temp_c": 15.6, "icao_code": "KAGC", "municipality": "Pittsburgh", "iso_country": "US", "iso_region": "US-PA"}}, {"type": "Feature", "geometry": {"type": "Point", "coordinates": [-81.9635, 33.3652]}, "properties": {"station_id": "KAGS", "temp_c": 10.6, "icao_code": "KAGS", "municipality": "Augusta", "iso_country": "US", "iso_region": "US-GA"}}, {"type": "Feature", "geometry": {"type": "Point", "coordinates": [-88.4907, 43.7695]}, "properties": {"station_id": "KFLD", "temp_c": 15.0, "icao_code": "KFLD", "municipality": "Fond du Lac", "iso_country": "US", "iso_region": "US-WI"}}, {"type": "Feature", "geometry": {"type": "Point", "coordinates": [-76.89, 42.1601]}, "properties": {"station_id": "KELM", "temp_c": 14.4, "icao_code": "KELM", "municipality": "Elmira/Corning", "iso_country": "US", "iso_region": "US-NY"}}, {"type": "Feature", "geometry": {"type": "Point", "coordinates": [-85.5694, 44.739]}, "properties": {"station_id": "KTVC", "temp_c": 17.8, "icao_code": "KTVC", "municipality": "Traverse City", "iso_country": "US", "iso_region": "US-MI"}}, {"type": "Feature", "geometry": {"type": "Point", "coordinates": [-70.9591, 41.6791]}, "properties": {"station_id": "KEWB", "temp_c": 2.8, "icao_code": "KEWB", "municipality": "New Bedford", "iso_country": "US", "iso_region": "US-MA"}}, {"type": "Feature", "geometry": {"type": "Point", "coordinates": [-83.6681, 41.0137]}, "properties": {"station_id": "KFDY", "temp_c": 16.1, "icao_code": "KFDY", "municipality": "Findlay", "iso_country": "US", "iso_region": "US-OH"}}, {"type": "Feature", "geometry": {"type": "Point", "coordinates": [-123.0264, 48.52]}, "properties": {"station_id": "KFHR", "temp_c": 10.0, "icao_code": "KFHR", "municipality": "Friday Harbor", "iso_country": "US", "iso_region": "US-WA"}}, {"type": "Feature", "geometry": {"type": "Point", "coordinates": [-93.4705, 44.8321]}, "properties": {"station_id": "KFCM", "temp_c": 6.7, "icao_code": "KFCM", "municipality": "Minneapolis", "iso_country": "US", "iso_region": "US-MN"}}, {"type": "Feature", "geometry": {"type": "Point", "coordinates": [-72.7124, 42.16]}, "properties": {"station_id": "KBAF", "temp_c": 7.8, "icao_code": "KBAF", "municipality": "Westfield", "iso_country": "US", "iso_region": "US-MA"}}, {"type": "Feature", "geometry": {"type": "Point", "coordinates": [-83.2739, 30.7763]}, "properties": {"station_id": "KVLD", "temp_c": 14.4, "icao_code": "KVLD", "municipality": "Valdosta", "iso_country": "US", "iso_region": "US-GA"}}, {"type": "Feature", "geometry": {"type": "Point", "coordinates": [-80.0992, 26.6851]}, "properties": {"station_id": "KPBI", "temp_c": 25.0, "icao_code": "KPBI", "municipality": "West Palm Beach", "iso_country": "US", "iso_region": "US-FL"}}, {"type": "Feature", "geometry": {"type": "Point", "coordinates": [-121.79, 36.9394]}, "properties": {"station_id": "KWVI", "temp_c": 10.6, "icao_code": "KWVI", "municipality": "Watsonville", "iso_country": "US", "iso_region": "US-CA"}}, {"type": "Feature", "geometry": {"type": "Point", "coordinates": [-84.298, 33.8783]}, "properties": {"station_id": "KPDK", "temp_c": 16.7, "icao_code": "KPDK", "municipality": "Atlanta", "iso_country": "US", "iso_region": "US-GA"}}, {"type": "Feature", "geometry": {"type": "Point", "coordinates": [-91.1255, 40.7729]}, "properties": {"station_id": "KBRL", "temp_c": 12.2, "icao_code": "KBRL", "municipality": "Burlington", "iso_country": "US", "iso_region": "US-IA"}}, {"type": "Feature", "geometry": {"type": "Point", "coordinates": [-81.9939, 26.9185]}, "properties": {"station_id": "KPGD", "temp_c": 19.4, "icao_code": "KPGD", "municipality": "Punta Gorda", "iso_country": "US", "iso_region": "US-FL"}}, {"type": "Feature", "geometry": {"type": "Point", "coordinates": [-97.4231, 25.9146]}, "properties": {"station_id": "KBRO", "temp_c": 27.2, "icao_code": "KBRO", "municipality": "Brownsville", "iso_country": "US", "iso_region": "US-TX"}}, {"type": "Feature", "geometry": {"type": "Point", "coordinates": [-117.528, 47.6217]}, "properties": {"station_id": "KGEG", "temp_c": 11.1, "icao_code": "KGEG", "municipality": "Spokane", "iso_country": "US", "iso_region": "US-WA"}}, {"type": "Feature", "geometry": {"type": "Point", "coordinates": [-150.994, 70.213]}, "properties": {"station_id": "PAQT", "temp_c": -6.1, "icao_code": "PAQT", "municipality": "Nuiqsut", "iso_country": "US", "iso_region": "US-AK"}}, {"type": "Feature", "geometry": {"type": "Point", "coordinates": [-116.2406, 43.567]}, "properties": {"station_id": "KBOI", "temp_c": 6.7, "icao_code": "KBOI", "municipality": "Boise", "iso_country": "US", "iso_region": "US-ID"}}, {"type": "Feature", "geometry": {"type": "Point", "coordinates": [-93.9878, 33.456]}, "properties": {"station_id": "KTXK", "temp_c": 26.7, "icao_code": "KTXK", "municipality": "Texarkana", "iso_country": "US", "iso_region": "US-AR"}}, {"type": "Feature", "geometry": {"type": "Point", "coordinates": [-135.364, 57.047]}, "properties": {"station_id": "PASI", "temp_c": 7.8, "icao_code": "PASI", "municipality": "Sitka", "iso_country": "US", "iso_region": "US-AK"}}, {"type": "Feature", "geometry": {"type": "Point", "coordinates": [-94.0262, 29.9521]}, "properties": {"station_id": "KBPT", "temp_c": 25.0, "icao_code": "KBPT", "municipality": "Beaumont/Port Arthur", "iso_country": "US", "iso_region": "US-TX"}}, {"type": "Feature", "geometry": {"type": "Point", "coordinates": [-119.5209, 48.4611]}, "properties": {"station_id": "KOMK", "temp_c": 9.4, "icao_code": "KOMK", "municipality": "Omak", "iso_country": "US", "iso_region": "US-WA"}}, {"type": "Feature", "geometry": {"type": "Point", "coordinates": [-121.6225, 39.4943]}, "properties": {"station_id": "KOVE", "temp_c": 14.4, "icao_code": "KOVE", "municipality": "Oroville", "iso_country": "US", "iso_region": "US-CA"}}, {"type": "Feature", "geometry": {"type": "Point", "coordinates": [-100.5904, 40.204]}, "properties": {"station_id": "KMCK", "temp_c": 6.1, "icao_code": "KMCK", "municipality": "McCook", "iso_country": "US", "iso_region": "US-NE"}}, {"type": "Feature", "geometry": {"type": "Point", "coordinates": [-81.3241, 28.4182]}, "properties": {"station_id": "KMCO", "temp_c": 19.4, "icao_code": "KMCO", "municipality": "Orlando", "iso_country": "US", "iso_region": "US-FL"}}, {"type": "Feature", "geometry": {"type": "Point", "coordinates": [-120.5349, 46.564]}, "properties": {"station_id": "KYKM", "temp_c": 11.7, "icao_code": "KYKM", "municipality": "Yakima", "iso_country": "US", "iso_region": "US-WA"}}, {"type": "Feature", "geometry": {"type": "Point", "coordinates": [-95.5866, 30.7443]}, "properties": {"station_id": "KUTS", "temp_c": 24.4, "icao_code": "KUTS", "municipality": "Huntsville", "iso_country": "US", "iso_region": "US-TX"}}, {"type": "Feature", "geometry": {"type": "Point", "coordinates": [-71.4377, 42.9245]}, "properties": {"station_id": "KMHT", "temp_c": 9.4, "icao_code": "KMHT", "municipality": "Manchester", "iso_country": "US", "iso_region": "US-NH"}}, {"type": "Feature", "geometry": {"type": "Point", "coordinates": [-76.2944, 40.1206]}, "properties": {"station_id": "KLNS", "temp_c": 6.7, "icao_code": "KLNS", "municipality": "Lancaster", "iso_country": "US", "iso_region": "US-PA"}}, {"type": "Feature", "geometry": {"type": "Point", "coordinates": [-118.5702, 40.0684]}, "properties": {"station_id": "KLOL", "temp_c": 6.1, "icao_code": "KLOL", "municipality": "Lovelock", "iso_country": "US", "iso_region": "US-NV"}}, {"type": "Feature", "geometry": {"type": "Point", "coordinates": [-155.61, 62.957]}, "properties": {"station_id": "PAMC", "temp_c": 3.3, "icao_code": "PAMC", "municipality": "McGrath", "iso_country": "US", "iso_region": "US-AK"}}, {"type": "Feature", "geometry": {"type": "Point", "coordinates": [-92.0299, 32.5155]}, "properties": {"station_id": "KMLU", "temp_c": 25.6, "icao_code": "KMLU", "municipality": "Monroe", "iso_country": "US", "iso_region": "US-LA"}}, {"type": "Feature", "geometry": {"type": "Point", "coordinates": [-120.1107, 36.9851]}, "properties": {"station_id": "KMAE", "temp_c": 11.7, "icao_code": "KMAE", "municipality": "Madera", "iso_country": "US", "iso_region": "US-CA"}}, {"type": "Feature", "geometry": {"type": "Point", "coordinates": [-114.0938, 46.9208]}, "properties": {"station_id": "KMSO", "temp_c": 2.8, "icao_code": "KMSO", "municipality": "Missoula", "iso_country": "US", "iso_region": "US-MT"}}, {"type": "Feature", "geometry": {"type": "Point", "coordinates": [-81.0719, 29.1735]}, "properties": {"station_id": "KDAB", "temp_c": 20.6, "icao_code": "KDAB", "municipality": "Daytona Beach", "iso_country": "US", "iso_region": "US-FL"}}, {"type": "Feature", "geometry": {"type": "Point", "coordinates": [-101.8233, 33.6658]}, "properties": {"station_id": "KLBB", "temp_c": 19.4, "icao_code": "KLBB", "municipality": "Lubbock", "iso_country": "US", "iso_region": "US-TX"}}, {"type": "Feature", "geometry": {"type": "Point", "coordinates": [-107.8981, 38.5054]}, "properties": {"station_id": "KMTJ", "temp_c": 6.7, "icao_code": "KMTJ", "municipality": "Montrose", "iso_country": "US", "iso_region": "US-CO"}}, {"type": "Feature", "geometry": {"type": "Point", "coordinates": [-149.0917, 61.5951]}, "properties": {"station_id": "PAAQ", "temp_c": 7.8, "icao_code": "PAAQ", "municipality": "Palmer", "iso_country": "US", "iso_region": "US-AK"}}, {"type": "Feature", "geometry": {"type": "Point", "coordinates": [-88.2724, 39.4744]}, "properties": {"station_id": "KMTO", "temp_c": 16.7, "icao_code": "KMTO", "municipality": "Mattoon", "iso_country": "US", "iso_region": "US-IL"}}, {"type": "Feature", "geometry": {"type": "Point", "coordinates": [-70.6159, 41.393]}, "properties": {"station_id": "KMVY", "temp_c": 4.4, "icao_code": "KMVY", "municipality": "Martha's Vineyard", "iso_country": "US", "iso_region": "US-MA"}}, {"type": "Feature", "geometry": {"type": "Point", "coordinates": [-117.1375, 32.8145]}, "properties": {"station_id": "KMYF", "temp_c": 14.4, "icao_code": "KMYF", "municipality": "San Diego", "iso_country": "US", "iso_region": "US-CA"}}, {"type": "Feature", "geometry": {"type": "Point", "coordinates": [-90.029, 30.0494]}, "properties": {"station_id": "KNEW", "temp_c": 23.3, "icao_code": "KNEW", "municipality": "New Orleans", "iso_country": "US", "iso_region": "US-LA"}}, {"type": "Feature", "geometry": {"type": "Point", "coordinates": [-122.233, 37.7178]}, "properties": {"station_id": "KOAK", "temp_c": 12.8, "icao_code": "KOAK", "municipality": "Oakland", "iso_country": "US", "iso_region": "US-CA"}}, {"type": "Feature", "geometry": {"type": "Point", "coordinates": [-80.8534, 33.4637]}, "properties": {"station_id": "KOGB", "temp_c": 10.0, "icao_code": "KOGB", "municipality": "Orangeburg", "iso_country": "US", "iso_region": "US-SC"}}, {"type": "Feature", "geometry": {"type": "Point", "coordinates": [-93.1041, 34.4755]}, "properties": {"station_id": "KHOT", "temp_c": 25.0, "icao_code": "KHOT", "municipality": "Hot Springs", "iso_country": "US", "iso_region": "US-AR"}}, {"type": "Feature", "geometry": {"type": "Point", "coordinates": [-112.0168, 41.1941]}, "properties": {"station_id": "KOGD", "temp_c": 3.9, "icao_code": "KOGD", "municipality": "Ogden", "iso_country": "US", "iso_region": "US-UT"}}, {"type": "Feature", "geometry": {"type": "Point", "coordinates": [-94.7395, 38.85]}, "properties": {"station_id": "KOJC", "temp_c": 11.7, "icao_code": "KOJC", "municipality": "Olathe", "iso_country": "US", "iso_region": "US-KS"}}, {"type": "Feature", "geometry": {"type": "Point", "coordinates": [-84.6739, 44.359]}, "properties": {"station_id": "KHTL", "temp_c": 15.0, "icao_code": "KHTL", "municipality": "Houghton Lake", "iso_country": "US", "iso_region": "US-MI"}}, {"type": "Feature", "geometry": {"type": "Point", "coordinates": [-91.7647, 38.1318]}, "properties": {"station_id": "KVIH", "temp_c": 13.9, "icao_code": "KVIH", "municipality": "Vichy", "iso_country": "US", "iso_region": "US-MO"}}, {"type": "Feature", "geometry": {"type": "Point", "coordinates": [-150.0277, 61.1691]}, "properties": {"station_id": "PANC", "temp_c": 6.1, "icao_code": "PANC", "municipality": "Anchorage", "iso_country": "US", "iso_region": "US-AK"}}, {"type": "Feature", "geometry": {"type": "Point", "coordinates": [-105.5784, 48.0942]}, "properties": {"station_id": "KOLF", "temp_c": -3.3, "icao_code": "KOLF", "municipality": "Wolf Point", "iso_country": "US", "iso_region": "US-MT"}}, {"type": "Feature", "geometry": {"type": "Point", "coordinates": [-87.8178, 42.7586]}, "properties": {"station_id": "KRAC", "temp_c": 16.1, "icao_code": "KRAC", "municipality": "Racine", "iso_country": "US", "iso_region": "US-WI"}}, {"type": "Feature", "geometry": {"type": "Point", "coordinates": [-90.9847, 33.4772]}, "properties": {"station_id": "KGLH", "temp_c": 25.0, "icao_code": "KGLH", "municipality": "Greenville", "iso_country": "US", "iso_region": "US-MS"}}, {"type": "Feature", "geometry": {"type": "Point", "coordinates": [-80.4142, 27.6553]}, "properties": {"station_id": "KVRB", "temp_c": 22.2, "icao_code": "KVRB", "municipality": "Vero Beach", "iso_country": "US", "iso_region": "US-FL"}}, {"type": "Feature", "geometry": {"type": "Point", "coordinates": [-117.0081, 44.0142]}, "properties": {"station_id": "KONO", "temp_c": 6.1, "icao_code": "KONO", "municipality": "Oregon", "iso_country": "US", "iso_region": "US-OR"}}, {"type": "Feature", "geometry": {"type": "Point", "coordinates": [-149.087, 64.547]}, "properties": {"station_id": "PANN", "temp_c": 9.4, "icao_code": "PANN", "municipality": "Nenana", "iso_country": "US", "iso_region": "US-AK"}}, {"type": "Feature", "geometry": {"type": "Point", "coordinates": [-117.5769, 34.0531]}, "properties": {"station_id": "KONT", "temp_c": 13.3, "icao_code": "KONT", "municipality": "Ontario", "iso_country": "US", "iso_region": "US-CA"}}, {"type": "Feature", "geometry": {"type": "Point", "coordinates": [-80.2828, 25.9102]}, "properties": {"station_id": "KOPF", "temp_c": 24.4, "icao_code": "KOPF", "municipality": "Miami", "iso_country": "US", "iso_region": "US-FL"}}, {"type": "Feature", "geometry": {"type": "Point", "coordinates": [-81.3354, 28.5465]}, "properties": {"station_id": "KORL", "temp_c": 20.0, "icao_code": "KORL", "municipality": "Orlando", "iso_country": "US", "iso_region": "US-FL"}}, {"type": "Feature", "geometry": {"type": "Point", "coordinates": [-107.7197, 39.5279]}, "properties": {"station_id": "KRIL", "temp_c": 7.8, "icao_code": "KRIL", "municipality": "Rifle", "iso_country": "US", "iso_region": "US-CO"}}, {"type": "Feature", "geometry": {"type": "Point", "coordinates": [-83.0782, 40.0784]}, "properties": {"station_id": "KOSU", "temp_c": 16.1, "icao_code": "KOSU", "municipality": "Columbus", "iso_country": "US", "iso_region": "US-OH"}}, {"type": "Feature", "geometry": {"type": "Point", "coordinates": [-107.9502, 43.9654]}, "properties": {"station_id": "KWRL", "temp_c": 3.3, "icao_code": "KWRL", "municipality": "Worland", "iso_country": "US", "iso_region": "US-WY"}}, {"type": "Feature", "geometry": {"type": "Point", "coordinates": [-71.8055, 41.3509]}, "properties": {"station_id": "KWST", "temp_c": 3.9, "icao_code": "KWST", "municipality": "Westerly", "iso_country": "US", "iso_region": "US-RI"}}, {"type": "Feature", "geometry": {"type": "Point", "coordinates": [-75.1234, 38.3091]}, "properties": {"station_id": "KOXB", "temp_c": 3.9, "icao_code": "KOXB", "municipality": "Ocean City", "iso_country": "US", "iso_region": "US-MD"}}, {"type": "Feature", "geometry": {"type": "Point", "coordinates": [-122.2831, 47.9232]}, "properties": {"station_id": "KPAE", "temp_c": 10.0, "icao_code": "KPAE", "municipality": "Everett", "iso_country": "US", "iso_region": "US-WA"}}, {"type": "Feature", "geometry": {"type": "Point", "coordinates": [-88.7793, 37.0652]}, "properties": {"station_id": "KPAH", "temp_c": 23.3, "icao_code": "KPAH", "municipality": "Paducah", "iso_country": "US", "iso_region": "US-KY"}}, {"type": "Feature", "geometry": {"type": "Point", "coordinates": [-91.9344, 34.1798]}, "properties": {"station_id": "KPBF", "temp_c": 26.1, "icao_code": "KPBF", "municipality": "Pine Bluff", "iso_country": "US", "iso_region": "US-AR"}}, {"type": "Feature", "geometry": {"type": "Point", "coordinates": [-73.4631, 44.6392]}, "properties": {"station_id": "KPBG", "temp_c": 6.7, "icao_code": "KPBG", "municipality": "Plattsburgh", "iso_country": "US", "iso_region": "US-NY"}}, {"type": "Feature", "geometry": {"type": "Point", "coordinates": [-82.35, 34.8487]}, "properties": {"station_id": "KGMU", "temp_c": 14.4, "icao_code": "KGMU", "municipality": "Greenville", "iso_country": "US", "iso_region": "US-SC"}}, {"type": "Feature", "geometry": {"type": "Point", "coordinates": [-81.6829, 24.5801]}, "properties": {"station_id": "KNQX", "temp_c": 25.6, "icao_code": "KNQX", "municipality": "Key West", "iso_country": "US", "iso_region": "US-FL"}}, {"type": "Feature", "geometry": {"type": "Point", "coordinates": [-118.8345, 45.6975]}, "properties": {"station_id": "KPDT", "temp_c": 10.0, "icao_code": "KPDT", "municipality": "Pendleton", "iso_country": "US", "iso_region": "US-OR"}}, {"type": "Feature", "geometry": {"type": "Point", "coordinates": [-87.7552, 41.7841]}, "properties": {"station_id": "KMDW", "temp_c": 15.6, "icao_code": "KMDW", "municipality": "Chicago", "iso_country": "US", "iso_region": "US-IL"}}, {"type": "Feature", "geometry": {"type": "Point", "coordinates": [-98.2445, 26.1791]}, "properties": {"station_id": "KMFE", "temp_c": 26.7, "icao_code": "KMFE", "municipality": "McAllen", "iso_country": "US", "iso_region": "US-TX"}}, {"type": "Feature", "geometry": {"type": "Point", "coordinates": [-122.877, 42.375]}, "properties": {"station_id": "KMFR", "temp_c": 10.0, "icao_code": "KMFR", "municipality": "Medford", "iso_country": "US", "iso_region": "US-OR"}}, {"type": "Feature", "geometry": {"type": "Point", "coordinates": [-86.4074, 32.2997]}, "properties": {"station_id": "KMGM", "temp_c": 20.0, "icao_code": "KMGM", "municipality": "Montgomery", "iso_country": "US", "iso_region": "US-AL"}}, {"type": "Feature", "geometry": {"type": "Point", "coordinates": [-79.9206, 39.6498]}, "properties": {"station_id": "KMGW", "temp_c": 16.1, "icao_code": "KMGW", "municipality": "Morgantown", "iso_country": "US", "iso_region": "US-WV"}}, {"type": "Feature", "geometry": {"type": "Point", "coordinates": [-98.0384, 43.7743]}, "properties": {"station_id": "KMHE", "temp_c": 3.9, "icao_code": "KMHE", "municipality": "Mitchell", "iso_country": "US", "iso_region": "US-SD"}}, {"type": "Feature", "geometry": {"type": "Point", "coordinates": [-80.3169, 25.7881]}, "properties": {"station_id": "KMIA", "temp_c": 24.4, "icao_code": "KMIA", "municipality": "Miami", "iso_country": "US", "iso_region": "US-FL"}}, {"type": "Feature", "geometry": {"type": "Point", "coordinates": [-85.3936, 40.2345]}, "properties": {"station_id": "KMIE", "temp_c": 16.1, "icao_code": "KMIE", "municipality": "Muncie", "iso_country": "US", "iso_region": "US-IN"}}, {"type": "Feature", "geometry": {"type": "Point", "coordinates": [-103.0981, 42.8374]}, "properties": {"station_id": "KCDR", "temp_c": 2.2, "icao_code": "KCDR", "municipality": "Chadron", "iso_country": "US", "iso_region": "US-NE"}}, {"type": "Feature", "geometry": {"type": "Point", "coordinates": [-92.9163, 42.1106]}, "properties": {"station_id": "KMIW", "temp_c": 8.3, "icao_code": "KMIW", "municipality": "Marshalltown", "iso_country": "US", "iso_region": "US-IA"}}, {"type": "Feature", "geometry": {"type": "Point", "coordinates": [-88.917, 35.5933]}, "properties": {"station_id": "KMKL", "temp_c": 23.3, "icao_code": "KMKL", "municipality": "Jackson", "iso_country": "US", "iso_region": "US-TN"}}, {"type": "Feature", "geometry": {"type": "Point", "coordinates": [-95.3658, 35.6576]}, "properties": {"station_id": "KMKO", "temp_c": 18.9, "icao_code": "KMKO", "municipality": "Muskogee", "iso_country": "US", "iso_region": "US-OK"}}, {"type": "Feature", "geometry": {"type": "Point", "coordinates": [-80.6356, 28.0997]}, "properties": {"station_id": "KMLB", "temp_c": 22.8, "icao_code": "KMLB", "municipality": "Melbourne", "iso_country": "US", "iso_region": "US-FL"}}, {"type": "Feature", "geometry": {"type": "Point", "coordinates": [-95.7815, 34.8824]}, "properties": {"station_id": "KMLC", "temp_c": 20.6, "icao_code": "KMLC", "municipality": "Mc Alester", "iso_country": "US", "iso_region": "US-OK"}}, {"type": "Feature", "geometry": {"type": "Point", "coordinates": [-92.814, 33.2207]}, "properties": {"station_id": "KELD", "temp_c": 24.4, "icao_code": "KELD", "municipality": "El Dorado", "iso_country": "US", "iso_region": "US-AR"}}, {"type": "Feature", "geometry": {"type": "Point", "coordinates": [-105.8834, 46.4265]}, "properties": {"station_id": "KMLS", "temp_c": 2.8, "icao_code": "KMLS", "municipality": "Miles City", "iso_country": "US", "iso_region": "US-MT"}}, {"type": "Feature", "geometry": {"type": "Point", "coordinates": [-68.6924, 45.6478]}, "properties": {"station_id": "KMLT", "temp_c": 6.1, "icao_code": "KMLT", "municipality": "Millinocket", "iso_country": "US", "iso_region": "US-ME"}}, {"type": "Feature", "geometry": {"type": "Point", "coordinates": [-123.1338, 45.1957]}, "properties": {"station_id": "KMMV", "temp_c": 8.9, "icao_code": "KMMV", "municipality": "McMinnville", "iso_country": "US", "iso_region": "US-OR"}}, {"type": "Feature", "geometry": {"type": "Point", "coordinates": [-75.3771, 41.1368]}, "properties": {"station_id": "KMPO", "temp_c": 7.8, "icao_code": "KMPO", "municipality": "Mount Pocono", "iso_country": "US", "iso_region": "US-PA"}}, {"type": "Feature", "geometry": {"type": "Point", "coordinates": [-77.975, 39.4037]}, "properties": {"station_id": "KMRB", "temp_c": 10.6, "icao_code": "KMRB", "municipality": "Martinsburg", "iso_country": "US", "iso_region": "US-WV"}}, {"type": "Feature", "geometry": {"type": "Point", "coordinates": [-93.2313, 44.8852]}, "properties": {"station_id": "KMSP", "temp_c": 6.7, "icao_code": "KMSP", "municipality": "Minneapolis", "iso_country": "US", "iso_region": "US-MN"}}, {"type": "Feature", "geometry": {"type": "Point", "coordinates": [-74.8484, 44.9334]}, "properties": {"station_id": "KMSS", "temp_c": 8.9, "icao_code": "KMSS", "municipality": "Massena", "iso_country": "US", "iso_region": "US-NY"}}, {"type": "Feature", "geometry": {"type": "Point", "coordinates": [-90.2777, 29.9974]}, "properties": {"station_id": "KMSY", "temp_c": 24.4, "icao_code": "KMSY", "municipality": "New Orleans", "iso_country": "US", "iso_region": "US-LA"}}, {"type": "Feature", "geometry": {"type": "Point", "coordinates": [-119.5155, 47.3078]}, "properties": {"station_id": "KEPH", "temp_c": 11.7, "icao_code": "KEPH", "municipality": "Ephrata", "iso_country": "US", "iso_region": "US-WA"}}, {"type": "Feature", "geometry": {"type": "Point", "coordinates": [-117.4352, 33.9528]}, "properties": {"station_id": "KRAL", "temp_c": 12.2, "icao_code": "KRAL", "municipality": "Riverside", "iso_country": "US", "iso_region": "US-CA"}}, {"type": "Feature", "geometry": {"type": "Point", "coordinates": [-118.2857, 46.0946]}, "properties": {"station_id": "KALW", "temp_c": 11.1, "icao_code": "KALW", "municipality": "Walla Walla", "iso_country": "US", "iso_region": "US-WA"}}, {"type": "Feature", "geometry": {"type": "Point", "coordinates": [-96.8677, 32.6782]}, "properties": {"station_id": "KRBD", "temp_c": 25.0, "icao_code": "KRBD", "municipality": "Dallas", "iso_country": "US", "iso_region": "US-TX"}}, {"type": "Feature", "geometry": {"type": "Point", "coordinates": [-123.3578, 43.2337]}, "properties": {"station_id": "KRBG", "temp_c": 10.6, "icao_code": "KRBG", "municipality": "Roseburg", "iso_country": "US", "iso_region": "US-OR"}}, {"type": "Feature", "geometry": {"type": "Point", "coordinates": [-89.4822, 45.6315]}, "properties": {"station_id": "KRHI", "temp_c": 10.6, "icao_code": "KRHI", "municipality": "Rhinelander", "iso_country": "US", "iso_region": "US-WI"}}, {"type": "Feature", "geometry": {"type": "Point", "coordinates": [-92.2828, 31.3963]}, "properties": {"station_id": "KESF", "temp_c": 22.8, "icao_code": "KESF", "municipality": "Alexandria", "iso_country": "US", "iso_region": "US-LA"}}, {"type": "Feature", "geometry": {"type": "Point", "coordinates": [-108.4471, 43.0622]}, "properties": {"station_id": "KRIW", "temp_c": 2.2, "icao_code": "KRIW", "municipality": "Riverton", "iso_country": "US", "iso_region": "US-WY"}}, {"type": "Feature", "geometry": {"type": "Point", "coordinates": [-97.0467, 28.0837]}, "properties": {"station_id": "KRKP", "temp_c": 26.1, "icao_code": "KRKP", "municipality": "Rockport", "iso_country": "US", "iso_region": "US-TX"}}, {"type": "Feature", "geometry": {"type": "Point", "coordinates": [-75.3956, 43.2242]}, "properties": {"station_id": "KRME", "temp_c": 12.8, "icao_code": "KRME", "municipality": "Rome", "iso_country": "US", "iso_region": "US-NY"}}, {"type": "Feature", "geometry": {"type": "Point", "coordinates": [-98.8093, 38.8725]}, "properties": {"station_id": "KRSL", "temp_c": 7.2, "icao_code": "KRSL", "municipality": "Russell", "iso_country": "US", "iso_region": "US-KS"}}, {"type": "Feature", "geometry": {"type": "Point", "coordinates": [-81.7567, 26.538]}, "properties": {"station_id": "KRSW", "temp_c": 22.2, "icao_code": "KRSW", "municipality": "Fort Myers", "iso_country": "US", "iso_region": "US-FL"}}, {"type": "Feature", "geometry": {"type": "Point", "coordinates": [-104.5076, 36.7418]}, "properties": {"station_id": "KRTN", "temp_c": 7.8, "icao_code": "KRTN", "municipality": "Raton", "iso_country": "US", "iso_region": "US-NM"}}, {"type": "Feature", "geometry": {"type": "Point", "coordinates": [-95.0804, 44.5483]}, "properties": {"station_id": "KRWF", "temp_c": 6.1, "icao_code": "KRWF", "municipality": "Redwood Falls", "iso_country": "US", "iso_region": "US-MN"}}, {"type": "Feature", "geometry": {"type": "Point", "coordinates": [-111.8075, 43.8321]}, "properties": {"station_id": "KRXE", "temp_c": 2.2, "icao_code": "KRXE", "municipality": "Rexburg", "iso_country": "US", "iso_region": "US-ID"}}, {"type": "Feature", "geometry": {"type": "Point", "coordinates": [-106.0957, 35.611]}, "properties": {"station_id": "KSAF", "temp_c": 10.6, "icao_code": "KSAF", "municipality": "Santa Fe", "iso_country": "US", "iso_region": "US-NM"}}, {"type": "Feature", "geometry": {"type": "Point", "coordinates": [-64.9799, 18.3362]}, "properties": {"station_id": "TIST", "temp_c": 26.7, "icao_code": "TIST", "municipality": "Charlotte Amalie", "iso_country": "VI", "iso_region": "VI-ST"}}, {"type": "Feature", "geometry": {"type": "Point", "coordinates": [-122.3144, 47.4447]}, "properties": {"station_id": "KSEA", "temp_c": 9.4, "icao_code": "KSEA", "municipality": "Seattle", "iso_country": "US", "iso_region": "US-WA"}}, {"type": "Feature", "geometry": {"type": "Point", "coordinates": [-81.7568, 28.0614]}, "properties": {"station_id": "KGIF", "temp_c": 20.0, "icao_code": "KGIF", "municipality": "Winter Haven", "iso_country": "US", "iso_region": "US-FL"}}, {"type": "Feature", "geometry": {"type": "Point", "coordinates": [-80.2123, 41.6258]}, "properties": {"station_id": "KGKJ", "temp_c": 15.0, "icao_code": "KGKJ", "municipality": "Meadville", "iso_country": "US", "iso_region": "US-PA"}}, {"type": "Feature", "geometry": {"type": "Point", "coordinates": [-81.7554, 24.5571]}, "properties": {"station_id": "KEYW", "temp_c": 26.1, "icao_code": "KEYW", "municipality": "Key West", "iso_country": "US", "iso_region": "US-FL"}}, {"type": "Feature", "geometry": {"type": "Point", "coordinates": [-84.6894, 45.0166]}, "properties": {"station_id": "KGLR", "temp_c": 15.6, "icao_code": "KGLR", "municipality": "Gaylord", "iso_country": "US", "iso_region": "US-MI"}}, {"type": "Feature", "geometry": {"type": "Point", "coordinates": [-97.4142, 35.8517]}, "properties": {"station_id": "KGOK", "temp_c": 17.8, "icao_code": "KGOK", "municipality": "Guthrie", "iso_country": "US", "iso_region": "US-OK"}}, {"type": "Feature", "geometry": {"type": "Point", "coordinates": [-89.0809, 30.4121]}, "properties": {"station_id": "KGPT", "temp_c": 23.9, "icao_code": "KGPT", "municipality": "Gulfport", "iso_country": "US", "iso_region": "US-MS"}}, {"type": "Feature", "geometry": {"type": "Point", "coordinates": [-98.313, 40.9615]}, "properties": {"station_id": "KGRI", "temp_c": 6.1, "icao_code": "KGRI", "municipality": "Grand Island", "iso_country": "US", "iso_region": "US-NE"}}, {"type": "Feature", "geometry": {"type": "Point", "coordinates": [-82.2209, 34.8842]}, "properties": {"station_id": "KGSP", "temp_c": 13.3, "icao_code": "KGSP", "municipality": "Greenville/Greer/Spartanburg", "iso_country": "US", "iso_region": "US-SC"}}, {"type": "Feature", "geometry": {"type": "Point", "coordinates": [-111.3828, 47.4733]}, "properties": {"station_id": "KGTF", "temp_c": 2.2, "icao_code": "KGTF", "municipality": "Great Falls", "iso_country": "US", "iso_region": "US-MT"}}, {"type": "Feature", "geometry": {"type": "Point", "coordinates": [-108.7932, 35.5086]}, "properties": {"station_id": "KGUP", "temp_c": 6.7, "icao_code": "KGUP", "municipality": "Gallup", "iso_country": "US", "iso_region": "US-NM"}}, {"type": "Feature", "geometry": {"type": "Point", "coordinates": [-101.5052, 36.6819]}, "properties": {"station_id": "KGUY", "temp_c": 12.8, "icao_code": "KGUY", "municipality": "Guymon", "iso_country": "US", "iso_region": "US-OK"}}, {"type": "Feature", "geometry": {"type": "Point", "coordinates": [-83.8304, 34.2721]}, "properties": {"station_id": "KGVL", "temp_c": 13.9, "icao_code": "KGVL", "municipality": "Gainesville", "iso_country": "US", "iso_region": "US-GA"}}, {"type": "Feature", "geometry": {"type": "Point", "coordinates": [-89.2561, 31.2648]}, "properties": {"station_id": "KHBG", "temp_c": 20.0, "icao_code": "KHBG", "municipality": "Hattiesburg", "iso_country": "US", "iso_region": "US-MS"}}, {"type": "Feature", "geometry": {"type": "Point", "coordinates": [-77.7304, 39.7062]}, "properties": {"station_id": "KHGR", "temp_c": 12.8, "icao_code": "KHGR", "municipality": "Hagerstown", "iso_country": "US", "iso_region": "US-MD"}}, {"type": "Feature", "geometry": {"type": "Point", "coordinates": [-83.9857, 35.818]}, "properties": {"station_id": "KTYS", "temp_c": 18.9, "icao_code": "KTYS", "municipality": "Knoxville/Maryville", "iso_country": "US", "iso_region": "US-TN"}}, {"type": "Feature", "geometry": {"type": "Point", "coordinates": [-81.8932, 39.9461]}, "properties": {"station_id": "KZZV", "temp_c": 15.6, "icao_code": "KZZV", "municipality": "Zanesville", "iso_country": "US", "iso_region": "US-OH"}}, {"type": "Feature", "geometry": {"type": "Point", "coordinates": [-161.8293, 60.785]}, "properties": {"station_id": "PABE", "temp_c": 2.8, "icao_code": "PABE", "municipality": "Bethel", "iso_country": "US", "iso_region": "US-AK"}}, {"type": "Feature", "geometry": {"type": "Point", "coordinates": [-145.7214, 63.9931]}, "properties": {"station_id": "PABI", "temp_c": 8.3, "icao_code": "PABI", "municipality": "Delta Junction Ft Greely", "iso_country": "US", "iso_region": "US-AK"}}, {"type": "Feature", "geometry": {"type": "Point", "coordinates": [-81.7751, 26.155]}, "properties": {"station_id": "KAPF", "temp_c": 22.8, "icao_code": "KAPF", "municipality": "Naples", "iso_country": "US", "iso_region": "US-FL"}}, {"type": "Feature", "geometry": {"type": "Point", "coordinates": [-133.075, 55.582]}, "properties": {"station_id": "PAKW", "temp_c": 8.3, "icao_code": "PAKW", "municipality": "Klawock", "iso_country": "US", "iso_region": "US-AK"}}, {"type": "Feature", "geometry": {"type": "Point", "coordinates": [-170.721, -14.337]}, "properties": {"station_id": "NSTU", "temp_c": 29.3, "icao_code": "NSTU", "municipality": "Pago Pago", "iso_country": "AS", "iso_region": "AS-WT"}}, {"type": "Feature", "geometry": {"type": "Point", "coordinates": [-157.924, 21.315]}, "properties": {"station_id": "PHNL", "temp_c": 24.4, "icao_code": "PHNL", "municipality": "Honolulu, Oahu", "iso_country": "US", "iso_region": "US-HI"}}, {"type": "Feature", "geometry": {"type": "Point", "coordinates": [-74.8159, 40.2768]}, "properties": {"station_id": "KTTN", "temp_c": 7.2, "icao_code": "KTTN", "municipality": "Ewing Township", "iso_country": "US", "iso_region": "US-NJ"}}, {"type": "Feature", "geometry": {"type": "Point", "coordinates": [-81.2435, 28.7795]}, "properties": {"station_id": "KSFB", "temp_c": 19.4, "icao_code": "KSFB", "municipality": "Orlando", "iso_country": "US", "iso_region": "US-FL"}}, {"type": "Feature", "geometry": {"type": "Point", "coordinates": [-119.7202, 36.78]}, "properties": {"station_id": "KFAT", "temp_c": 15.6, "icao_code": "KFAT", "municipality": "Fresno", "iso_country": "US", "iso_region": "US-CA"}}, {"type": "Feature", "geometry": {"type": "Point", "coordinates": [-95.6575, 29.6197]}, "properties": {"station_id": "KSGR", "temp_c": 25.6, "icao_code": "KSGR", "municipality": "Houston", "iso_country": "US", "iso_region": "US-TX"}}, {"type": "Feature", "geometry": {"type": "Point", "coordinates": [-64.8126, 17.6997]}, "properties": {"station_id": "TISX", "temp_c": 26.1, "icao_code": "TISX", "municipality": "Christiansted", "iso_country": "VI", "iso_region": "VI-SC"}}, {"type": "Feature", "geometry": {"type": "Point", "coordinates": [-116.029, 36.621]}, "properties": {"station_id": "KDRA", "temp_c": 10.6, "icao_code": "KDRA", "municipality": "Mercury", "iso_country": "US", "iso_region": "US-NV"}}, {"type": "Feature", "geometry": {"type": "Point", "coordinates": [-106.9741, 44.7603]}, "properties": {"station_id": "KSHR", "temp_c": -1.7, "icao_code": "KSHR", "municipality": "Sheridan", "iso_country": "US", "iso_region": "US-WY"}}, {"type": "Feature", "geometry": {"type": "Point", "coordinates": [-121.5948, 38.7007]}, "properties": {"station_id": "KSMF", "temp_c": 13.3, "icao_code": "KSMF", "municipality": "Sacramento", "iso_country": "US", "iso_region": "US-CA"}}, {"type": "Feature", "geometry": {"type": "Point", "coordinates": [-99.6385, 41.4365]}, "properties": {"station_id": "KBBW", "temp_c": 4.4, "icao_code": "KBBW", "municipality": "Broken Bow", "iso_country": "US", "iso_region": "US-NE"}}, {"type": "Feature", "geometry": {"type": "Point", "coordinates": [-102.9864, 41.0993]}, "properties": {"station_id": "KSNY", "temp_c": 2.8, "icao_code": "KSNY", "municipality": "Sidney", "iso_country": "US", "iso_region": "US-NE"}}, {"type": "Feature", "geometry": {"type": "Point", "coordinates": [-95.9901, 36.0424]}, "properties": {"station_id": "KRVS", "temp_c": 18.3, "icao_code": "KRVS", "municipality": "Tulsa", "iso_country": "US", "iso_region": "US-OK"}}, {"type": "Feature", "geometry": {"type": "Point", "coordinates": [-98.472, 29.339]}, "properties": {"station_id": "KSSF", "temp_c": 26.1, "icao_code": "KSSF", "municipality": "San Antonio", "iso_country": "US", "iso_region": "US-TX"}}, {"type": "Feature", "geometry": {"type": "Point", "coordinates": [-73.6102, 43.3385]}, "properties": {"station_id": "KGFL", "temp_c": 5.6, "icao_code": "KGFL", "municipality": "Glens Falls", "iso_country": "US", "iso_region": "US-NY"}}, {"type": "Feature", "geometry": {"type": "Point", "coordinates": [-94.0516, 45.5442]}, "properties": {"station_id": "KSTC", "temp_c": 5.6, "icao_code": "KSTC", "municipality": "Saint Cloud", "iso_country": "US", "iso_region": "US-MN"}}, {"type": "Feature", "geometry": {"type": "Point", "coordinates": [-107.2685, 33.2369]}, "properties": {"station_id": "KTCS", "temp_c": 13.9, "icao_code": "KTCS", "municipality": "Truth or Consequences", "iso_country": "US", "iso_region": "US-NM"}}, {"type": "Feature", "geometry": {"type": "Point", "coordinates": [-76.8769, 39.9194]}, "properties": {"station_id": "KTHV", "temp_c": 11.1, "icao_code": "KTHV", "municipality": "Thomasville", "iso_country": "US", "iso_region": "US-PA"}}, {"type": "Feature", "geometry": {"type": "Point", "coordinates": [-122.5762, 47.2674]}, "properties": {"station_id": "KTIW", "temp_c": 10.0, "icao_code": "KTIW", "municipality": "Tacoma", "iso_country": "US", "iso_region": "US-WA"}}, {"type": "Feature", "geometry": {"type": "Point", "coordinates": [-84.3513, 30.3935]}, "properties": {"station_id": "KTLH", "temp_c": 18.9, "icao_code": "KTLH", "municipality": "Tallahassee", "iso_country": "US", "iso_region": "US-FL"}}, {"type": "Feature", "geometry": {"type": "Point", "coordinates": [-122.3148, 47.5455]}, "properties": {"station_id": "KBFI", "temp_c": 10.0, "icao_code": "KBFI", "municipality": "Seattle", "iso_country": "US", "iso_region": "US-WA"}}, {"type": "Feature", "geometry": {"type": "Point", "coordinates": [-141.1635, 64.7761]}, "properties": {"station_id": "PAEG", "temp_c": 5.0, "icao_code": "PAEG", "municipality": "Eagle", "iso_country": "US", "iso_region": "US-AK"}}, {"type": "Feature", "geometry": {"type": "Point", "coordinates": [-75.9799, 42.2068]}, "properties": {"station_id": "KBGM", "temp_c": 12.2, "icao_code": "KBGM", "municipality": "Binghamton", "iso_country": "US", "iso_region": "US-NY"}}, {"type": "Feature", "geometry": {"type": "Point", "coordinates": [-95.4176, 30.3611]}, "properties": {"station_id": "KCXO", "temp_c": 23.9, "icao_code": "KCXO", "municipality": "Houston", "iso_country": "US", "iso_region": "US-TX"}}, {"type": "Feature", "geometry": {"type": "Point", "coordinates": [-158.732, 64.321]}, "properties": {"station_id": "PAKV", "temp_c": 3.9, "icao_code": "PAKV", "municipality": "Kaltag", "iso_country": "US", "iso_region": "US-AK"}}, {"type": "Feature", "geometry": {"type": "Point", "coordinates": [-149.85, 61.215]}, "properties": {"station_id": "PAMR", "temp_c": 6.1, "icao_code": "PAMR", "municipality": "Anchorage", "iso_country": "US", "iso_region": "US-AK"}}, {"type": "Feature", "geometry": {"type": "Point", "coordinates": [-151.702, 59.443]}, "properties": {"station_id": "PASO", "temp_c": 3.3, "icao_code": "PASO", "municipality": "Seldovia", "iso_country": "US", "iso_region": "US-AK"}}, {"type": "Feature", "geometry": {"type": "Point", "coordinates": [-106.6214, 48.2142]}, "properties": {"station_id": "KGGW", "temp_c": -2.2, "icao_code": "KGGW", "municipality": "Glasgow", "iso_country": "US", "iso_region": "US-MT"}}, {"type": "Feature", "geometry": {"type": "Point", "coordinates": [-120.4027, 42.1538]}, "properties": {"station_id": "KLKV", "temp_c": 2.2, "icao_code": "KLKV", "municipality": "Lakeview", "iso_country": "US", "iso_region": "US-OR"}}, {"type": "Feature", "geometry": {"type": "Point", "coordinates": [-121.1657, 45.619]}, "properties": {"station_id": "KDLS", "temp_c": 13.3, "icao_code": "KDLS", "municipality": "Dallesport / The Dalles", "iso_country": "US", "iso_region": "US-OR"}}, {"type": "Feature", "geometry": {"type": "Point", "coordinates": [-93.1747, 38.712]}, "properties": {"station_id": "KDMO", "temp_c": 13.3, "icao_code": "KDMO", "municipality": "Sedalia", "iso_country": "US", "iso_region": "US-MO"}}, {"type": "Feature", "geometry": {"type": "Point", "coordinates": [-82.0385, 33.4668]}, "properties": {"station_id": "KDNL", "temp_c": 12.2, "icao_code": "KDNL", "municipality": "Augusta", "iso_country": "US", "iso_region": "US-GA"}}, {"type": "Feature", "geometry": {"type": "Point", "coordinates": [-85.523, 42.8821]}, "properties": {"station_id": "KGRR", "temp_c": 15.6, "icao_code": "KGRR", "municipality": "Grand Rapids", "iso_country": "US", "iso_region": "US-MI"}}, {"type": "Feature", "geometry": {"type": "Point", "coordinates": [-122.811, 38.5037]}, "properties": {"station_id": "KSTS", "temp_c": 11.1, "icao_code": "KSTS", "municipality": "Santa Rosa", "iso_country": "US", "iso_region": "US-CA"}}, {"type": "Feature", "geometry": {"type": "Point", "coordinates": [-97.0832, 36.1624]}, "properties": {"station_id": "KSWO", "temp_c": 16.1, "icao_code": "KSWO", "municipality": "Stillwater", "iso_country": "US", "iso_region": "US-OK"}}, {"type": "Feature", "geometry": {"type": "Point", "coordinates": [-103.6014, 35.1805]}, "properties": {"station_id": "KTCC", "temp_c": 10.0, "icao_code": "KTCC", "municipality": "Tucumcari", "iso_country": "US", "iso_region": "US-NM"}}, {"type": "Feature", "geometry": {"type": "Point", "coordinates": [-80.4347, 25.6423]}, "properties": {"station_id": "KTMB", "temp_c": 23.9, "icao_code": "KTMB", "municipality": "Miami", "iso_country": "US", "iso_region": "US-FL"}}, {"type": "Feature", "geometry": {"type": "Point", "coordinates": [-81.0477, 24.7263]}, "properties": {"station_id": "KMTH", "temp_c": 25.6, "icao_code": "KMTH", "municipality": "Marathon", "iso_country": "US", "iso_region": "US-FL"}}, {"type": "Feature", "geometry": {"type": "Point", "coordinates": [-105.1385, 35.6558]}, "properties": {"station_id": "KLVS", "temp_c": 7.2, "icao_code": "KLVS", "municipality": "Las Vegas", "iso_country": "US", "iso_region": "US-NM"}}, {"type": "Feature", "geometry": {"type": "Point", "coordinates": [-118.9579, 43.5949]}, "properties": {"station_id": "KBNO", "temp_c": -1.1, "icao_code": "KBNO", "municipality": "Burns", "iso_country": "US", "iso_region": "US-OR"}}, {"type": "Feature", "geometry": {"type": "Point", "coordinates": [-102.2086, 31.9475]}, "properties": {"station_id": "KMAF", "temp_c": 25.6, "icao_code": "KMAF", "municipality": "Midland", "iso_country": "US", "iso_region": "US-TX"}}, {"type": "Feature", "geometry": {"type": "Point", "coordinates": [-108.5462, 45.8072]}, "properties": {"station_id": "KBIL", "temp_c": 0.6, "icao_code": "KBIL", "municipality": "Billings", "iso_country": "US", "iso_region": "US-MT"}}, {"type": "Feature", "geometry": {"type": "Point", "coordinates": [-84.0813, 43.5281]}, "properties": {"station_id": "KMBS", "temp_c": 16.7, "icao_code": "KMBS", "municipality": "Freeland", "iso_country": "US", "iso_region": "US-MI"}}, {"type": "Feature", "geometry": {"type": "Point", "coordinates": [-104.6562, 39.8466]}, "properties": {"station_id": "KDEN", "temp_c": 4.4, "icao_code": "KDEN", "municipality": "Denver", "iso_country": "US", "iso_region": "US-CO"}}, {"type": "Feature", "geometry": {"type": "Point", "coordinates": [-120.5314, 47.0338]}, "properties": {"station_id": "KELN", "temp_c": 8.9, "icao_code": "KELN", "municipality": "Ellensburg", "iso_country": "US", "iso_region": "US-WA"}}, {"type": "Feature", "geometry": {"type": "Point", "coordinates": [-101.6243, 40.5106]}, "properties": {"station_id": "KIML", "temp_c": 3.9, "icao_code": "KIML", "municipality": "Imperial", "iso_country": "US", "iso_region": "US-NE"}}, {"type": "Feature", "geometry": {"type": "Point", "coordinates": [-151.5189, 66.9176]}, "properties": {"station_id": "PABT", "temp_c": 6.7, "icao_code": "PABT", "municipality": "Bettles", "iso_country": "US", "iso_region": "US-AK"}}, {"type": "Feature", "geometry": {"type": "Point", "coordinates": [-86.7862, 34.6441]}, "properties": {"station_id": "KHSV", "temp_c": 23.3, "icao_code": "KHSV", "municipality": "Huntsville", "iso_country": "US", "iso_region": "US-AL"}}, {"type": "Feature", "geometry": {"type": "Point", "coordinates": [-120.9549, 37.6254]}, "properties": {"station_id": "KMOD", "temp_c": 12.8, "icao_code": "KMOD", "municipality": "Modesto", "iso_country": "US", "iso_region": "US-CA"}}, {"type": "Feature", "geometry": {"type": "Point", "coordinates": [-83.0673, 40.6158]}, "properties": {"station_id": "KMNN", "temp_c": 16.1, "icao_code": "KMNN", "municipality": "Marion", "iso_country": "US", "iso_region": "US-OH"}}, {"type": "Feature", "geometry": {"type": "Point", "coordinates": [-162.7323, 55.2207]}, "properties": {"station_id": "PACD", "temp_c": 2.8, "icao_code": "PACD", "municipality": "Cold Bay", "iso_country": "US", "iso_region": "US-AK"}}, {"type": "Feature", "geometry": {"type": "Point", "coordinates": [-115.5766, 32.8346]}, "properties": {"station_id": "KIPL", "temp_c": 17.2, "icao_code": "KIPL", "municipality": "Imperial", "iso_country": "US", "iso_region": "US-CA"}}, {"type": "Feature", "geometry": {"type": "Point", "coordinates": [-94.8902, 38.8221]}, "properties": {"station_id": "KIXD", "temp_c": 11.7, "icao_code": "KIXD", "municipality": "New Century", "iso_country": "US", "iso_region": "US-KS"}}, {"type": "Feature", "geometry": {"type": "Point", "coordinates": [-155.049, 19.7191]}, "properties": {"station_id": "PHTO", "temp_c": 23.9, "icao_code": "PHTO", "municipality": "Hilo", "iso_country": "US", "iso_region": "US-HI"}}, {"type": "Feature", "geometry": {"type": "Point", "coordinates": [-92.1567, 38.5945]}, "properties": {"station_id": "KJEF", "temp_c": 15.6, "icao_code": "KJEF", "municipality": "Jefferson City", "iso_country": "US", "iso_region": "US-MO"}}, {"type": "Feature", "geometry": {"type": "Point", "coordinates": [-158.07, 21.312]}, "properties": {"station_id": "PHJR", "temp_c": 23.3, "icao_code": "PHJR", "municipality": "Kapolei", "iso_country": "US", "iso_region": "US-HI"}}, {"type": "Feature", "geometry": {"type": "Point", "coordinates": [-94.4952, 37.1522]}, "properties": {"station_id": "KJLN", "temp_c": 13.3, "icao_code": "KJLN", "municipality": "Joplin", "iso_country": "US", "iso_region": "US-MO"}}, {"type": "Feature", "geometry": {"type": "Point", "coordinates": [-93.3511, 45.0623]}, "properties": {"station_id": "KMIC", "temp_c": 6.1, "icao_code": "KMIC", "municipality": "Minneapolis", "iso_country": "US", "iso_region": "US-MN"}}, {"type": "Feature", "geometry": {"type": "Point", "coordinates": [-102.6875, 38.0718]}, "properties": {"station_id": "KLAA", "temp_c": 9.4, "icao_code": "KLAA", "municipality": "Lamar", "iso_country": "US", "iso_region": "US-CO"}}, {"type": "Feature", "geometry": {"type": "Point", "coordinates": [-85.0248, 29.7268]}, "properties": {"station_id": "KAAF", "temp_c": 22.2, "icao_code": "KAAF", "municipality": "Apalachicola", "iso_country": "US", "iso_region": "US-FL"}}, {"type": "Feature", "geometry": {"type": "Point", "coordinates": [-84.5997, 42.7761]}, "properties": {"station_id": "KLAN", "temp_c": 15.0, "icao_code": "KLAN", "municipality": "Lansing", "iso_country": "US", "iso_region": "US-MI"}}, {"type": "Feature", "geometry": {"type": "Point", "coordinates": [-118.3866, 33.9382]}, "properties": {"station_id": "KLAX", "temp_c": 15.6, "icao_code": "KLAX", "municipality": "Los Angeles", "iso_country": "US", "iso_region": "US-CA"}}, {"type": "Feature", "geometry": {"type": "Point", "coordinates": [-87.5997, 34.7439]}, "properties": {"station_id": "KMSL", "temp_c": 25.0, "icao_code": "KMSL", "municipality": "Muscle Shoals", "iso_country": "US", "iso_region": "US-AL"}}, {"type": "Feature", "geometry": {"type": "Point", "coordinates": [-96.1945, 38.3291]}, "properties": {"station_id": "KEMP", "temp_c": 10.6, "icao_code": "KEMP", "municipality": "Emporia", "iso_country": "US", "iso_region": "US-KS"}}, {"type": "Feature", "geometry": {"type": "Point", "coordinates": [-95.4632, 29.1154]}, "properties": {"station_id": "KLBX", "temp_c": 26.1, "icao_code": "KLBX", "municipality": "Angleton", "iso_country": "US", "iso_region": "US-TX"}}, {"type": "Feature", "geometry": {"type": "Point", "coordinates": [-93.2277, 30.1255]}, "properties": {"station_id": "KLCH", "temp_c": 25.0, "icao_code": "KLCH", "municipality": "Lake Charles", "iso_country": "US", "iso_region": "US-LA"}}, {"type": "Feature", "geometry": {"type": "Point", "coordinates": [-72.3054, 43.6271]}, "properties": {"station_id": "KLEB", "temp_c": 6.1, "icao_code": "KLEB", "municipality": "Lebanon", "iso_country": "US", "iso_region": "US-NH"}}, {"type": "Feature", "geometry": {"type": "Point", "coordinates": [-94.7546, 31.2359]}, "properties": {"station_id": "KLFK", "temp_c": 24.4, "icao_code": "KLFK", "municipality": "Lufkin", "iso_country": "US", "iso_region": "US-TX"}}, {"type": "Feature", "geometry": {"type": "Point", "coordinates": [-109.7627, 38.7501]}, "properties": {"station_id": "KCNY", "temp_c": 10.0, "icao_code": "KCNY", "municipality": "Moab", "iso_country": "US", "iso_region": "US-UT"}}, {"type": "Feature", "geometry": {"type": "Point", "coordinates": [-91.9896, 30.1986]}, "properties": {"station_id": "KLFT", "temp_c": 25.0, "icao_code": "KLFT", "municipality": "Lafayette", "iso_country": "US", "iso_region": "US-LA"}}, {"type": "Feature", "geometry": {"type": "Point", "coordinates": [-118.1472, 33.8118]}, "properties": {"station_id": "KLGB", "temp_c": 15.0, "icao_code": "KLGB", "municipality": "Long Beach", "iso_country": "US", "iso_region": "US-CA"}}, {"type": "Feature", "geometry": {"type": "Point", "coordinates": [-78.3168, 40.2999]}, "properties": {"station_id": "KAOO", "temp_c": 11.7, "icao_code": "KAOO", "municipality": "Altoona", "iso_country": "US", "iso_region": "US-PA"}}, {"type": "Feature", "geometry": {"type": "Point", "coordinates": [-114.8466, 39.2954]}, "properties": {"station_id": "KELY", "temp_c": 0.6, "icao_code": "KELY", "municipality": "Ely", "iso_country": "US", "iso_region": "US-NV"}}, {"type": "Feature", "geometry": {"type": "Point", "coordinates": [-104.8484, 39.5599]}, "properties": {"station_id": "KAPA", "temp_c": 5.0, "icao_code": "KAPA", "municipality": "Denver", "iso_country": "US", "iso_region": "US-CO"}}, {"type": "Feature", "geometry": {"type": "Point", "coordinates": [-131.7219, 55.3592]}, "properties": {"station_id": "PAKT", "temp_c": 8.9, "icao_code": "PAKT", "municipality": "Ketchikan", "iso_country": "US", "iso_region": "US-AK"}}, {"type": "Feature", "geometry": {"type": "Point", "coordinates": [-91.8845, 30.0292]}, "properties": {"station_id": "KARA", "temp_c": 24.4, "icao_code": "KARA", "municipality": "New Iberia", "iso_country": "US", "iso_region": "US-LA"}}, {"type": "Feature", "geometry": {"type": "Point", "coordinates": [-83.7398, 42.2239]}, "properties": {"station_id": "KARB", "temp_c": 15.6, "icao_code": "KARB", "municipality": "Ann Arbor", "iso_country": "US", "iso_region": "US-MI"}}, {"type": "Feature", "geometry": {"type": "Point", "coordinates": [-106.8705, 39.2299]}, "properties": {"station_id": "KASE", "temp_c": 3.3, "icao_code": "KASE", "municipality": "Aspen", "iso_country": "US", "iso_region": "US-CO"}}, {"type": "Feature", "geometry": {"type": "Point", "coordinates": [-90.9184, 46.5468]}, "properties": {"station_id": "KASX", "temp_c": 6.1, "icao_code": "KASX", "municipality": "Ashland", "iso_country": "US", "iso_region": "US-WI"}}, {"type": "Feature", "geometry": {"type": "Point", "coordinates": [-97.1496, 44.9045]}, "properties": {"station_id": "KATY", "temp_c": 3.3, "icao_code": "KATY", "municipality": "Watertown", "iso_country": "US", "iso_region": "US-SD"}}, {"type": "Feature", "geometry": {"type": "Point", "coordinates": [-96.8119, 46.9242]}, "properties": {"station_id": "KFAR", "temp_c": 2.2, "icao_code": "KFAR", "municipality": "Fargo", "iso_country": "US", "iso_region": "US-ND"}}, {"type": "Feature", "geometry": {"type": "Point", "coordinates": [-78.88, 34.9895]}, "properties": {"station_id": "KFAY", "temp_c": 10.0, "icao_code": "KFAY", "municipality": "Fayetteville", "iso_country": "US", "iso_region": "US-NC"}}, {"type": "Feature", "geometry": {"type": "Point", "coordinates": [-97.6806, 30.1831]}, "properties": {"station_id": "KAUS", "temp_c": 25.6, "icao_code": "KAUS", "municipality": "Austin", "iso_country": "US", "iso_region": "US-TX"}}, {"type": "Feature", "geometry": {"type": "Point", "coordinates": [-90.2359, 35.1401]}, "properties": {"station_id": "KAWM", "temp_c": 26.1, "icao_code": "KAWM", "municipality": "West Memphis", "iso_country": "US", "iso_region": "US-AR"}}, {"type": "Feature", "geometry": {"type": "Point", "coordinates": [-85.546, 42.2283]}, "properties": {"station_id": "KAZO", "temp_c": 15.0, "icao_code": "KAZO", "municipality": "Kalamazoo", "iso_country": "US", "iso_region": "US-MI"}}, {"type": "Feature", "geometry": {"type": "Point", "coordinates": [-112.149, 37.7013]}, "properties": {"station_id": "KBCE", "temp_c": 0.0, "icao_code": "KBCE", "municipality": "Bryce Canyon", "iso_country": "US", "iso_region": "US-UT"}}, {"type": "Feature", "geometry": {"type": "Point", "coordinates": [-94.6122, 48.7261]}, "properties": {"station_id": "KBDE", "temp_c": 2.2, "icao_code": "KBDE", "municipality": "Baudette", "iso_country": "US", "iso_region": "US-MN"}}, {"type": "Feature", "geometry": {"type": "Point", "coordinates": [-86.4152, 42.129]}, "properties": {"station_id": "KBEH", "temp_c": 16.1, "icao_code": "KBEH", "municipality": "Benton Harbor", "iso_country": "US", "iso_region": "US-MI"}}, {"type": "Feature", "geometry": {"type": "Point", "coordinates": [-78.6354, 41.7984]}, "properties": {"station_id": "KBFD", "temp_c": 12.2, "icao_code": "KBFD", "municipality": "Bradford", "iso_country": "US", "iso_region": "US-PA"}}, {"type": "Feature", "geometry": {"type": "Point", "coordinates": [-103.6011, 41.8747]}, "properties": {"station_id": "KBFF", "temp_c": 0.6, "icao_code": "KBFF", "municipality": "Scottsbluff", "iso_country": "US", "iso_region": "US-NE"}}, {"type": "Feature", "geometry": {"type": "Point", "coordinates": [-85.4432, 31.3177]}, "properties": {"station_id": "KDHN", "temp_c": 20.0, "icao_code": "KDHN", "municipality": "Dothan", "iso_country": "US", "iso_region": "US-AL"}}, {"type": "Feature", "geometry": {"type": "Point", "coordinates": [-79.2762, 42.4932]}, "properties": {"station_id": "KDKK", "temp_c": 16.7, "icao_code": "KDKK", "municipality": "Dunkirk", "iso_country": "US", "iso_region": "US-NY"}}, {"type": "Feature", "geometry": {"type": "Point", "coordinates": [-112.5546, 45.2584]}, "properties": {"station_id": "KDLN", "temp_c": 0.6, "icao_code": "KDLN", "municipality": "Dillon", "iso_country": "US", "iso_region": "US-MT"}}, {"type": "Feature", "geometry": {"type": "Point", "coordinates": [-118.3329, 33.9235]}, "properties": {"station_id": "KHHR", "temp_c": 16.1, "icao_code": "KHHR", "municipality": "Hawthorne", "iso_country": "US", "iso_region": "US-CA"}}, {"type": "Feature", "geometry": {"type": "Point", "coordinates": [-92.8325, 47.3804]}, "properties": {"station_id": "KHIB", "temp_c": 2.8, "icao_code": "KHIB", "municipality": "Hibbing", "iso_country": "US", "iso_region": "US-MN"}}, {"type": "Feature", "geometry": {"type": "Point", "coordinates": [-122.5407, 48.7991]}, "properties": {"station_id": "KBLI", "temp_c": 12.2, "icao_code": "KBLI", "municipality": "Bellingham", "iso_country": "US", "iso_region": "US-WA"}}, {"type": "Feature", "geometry": {"type": "Point", "coordinates": [-122.9557, 45.5476]}, "properties": {"station_id": "KHIO", "temp_c": 7.8, "icao_code": "KHIO", "municipality": "Portland", "iso_country": "US", "iso_region": "US-OR"}}, {"type": "Feature", "geometry": {"type": "Point", "coordinates": [-154.9091, 59.7492]}, "properties": {"station_id": "PAIL", "temp_c": 2.8, "icao_code": "PAIL", "municipality": "Iliamna", "iso_country": "US", "iso_region": "US-AK"}}, {"type": "Feature", "geometry": {"type": "Point", "coordinates": [-90.2214, 32.3376]}, "properties": {"station_id": "KHKS", "temp_c": 22.8, "icao_code": "KHKS", "municipality": "Jackson", "iso_country": "US", "iso_region": "US-MS"}}, {"type": "Feature", "geometry": {"type": "Point", "coordinates": [-81.3822, 35.742]}, "properties": {"station_id": "KHKY", "temp_c": 12.2, "icao_code": "KHKY", "municipality": "Hickory", "iso_country": "US", "iso_region": "US-NC"}}, {"type": "Feature", "geometry": {"type": "Point", "coordinates": [-99.8299, 39.3741]}, "properties": {"station_id": "KHLC", "temp_c": 6.7, "icao_code": "KHLC", "municipality": "Hill City", "iso_country": "US", "iso_region": "US-KS"}}, {"type": "Feature", "geometry": {"type": "Point", "coordinates": [-80.6441, 40.1699]}, "properties": {"station_id": "KHLG", "temp_c": 17.8, "icao_code": "KHLG", "municipality": "Wheeling", "iso_country": "US", "iso_region": "US-WV"}}, {"type": "Feature", "geometry": {"type": "Point", "coordinates": [-111.9892, 46.6045]}, "properties": {"station_id": "KHLN", "temp_c": 6.1, "icao_code": "KHLN", "municipality": "Helena", "iso_country": "US", "iso_region": "US-MT"}}, {"type": "Feature", "geometry": {"type": "Point", "coordinates": [-98.9876, 34.3531]}, "properties": {"station_id": "KFDR", "temp_c": 20.0, "icao_code": "KFDR", "municipality": "Frederick", "iso_country": "US", "iso_region": "US-OK"}}, {"type": "Feature", "geometry": {"type": "Point", "coordinates": [-95.2821, 29.6458]}, "properties": {"station_id": "KHOU", "temp_c": 26.1, "icao_code": "KHOU", "municipality": "Houston", "iso_country": "US", "iso_region": "US-TX"}}, {"type": "Feature", "geometry": {"type": "Point", "coordinates": [-119.2612, 45.8259]}, "properties": {"station_id": "KHRI", "temp_c": 11.7, "icao_code": "KHRI", "municipality": "Hermiston", "iso_country": "US", "iso_region": "US-OR"}}, {"type": "Feature", "geometry": {"type": "Point", "coordinates": [-93.1566, 36.2673]}, "properties": {"station_id": "KHRO", "temp_c": 18.9, "icao_code": "KHRO", "municipality": "Harrison", "iso_country": "US", "iso_region": "US-AR"}}, {"type": "Feature", "geometry": {"type": "Point", "coordinates": [-80.1622, 26.0787]}, "properties": {"station_id": "KFLL", "temp_c": 25.0, "icao_code": "KFLL", "municipality": "Fort Lauderdale", "iso_country": "US", "iso_region": "US-FL"}}, {"type": "Feature", "geometry": {"type": "Point", "coordinates": [-135.322, 59.457]}, "properties": {"station_id": "PAGY", "temp_c": 7.8, "icao_code": "PAGY", "municipality": "Skagway", "iso_country": "US", "iso_region": "US-AK"}}, {"type": "Feature", "geometry": {"type": "Point", "coordinates": [-84.0794, 41.8678]}, "properties": {"station_id": "KADG", "temp_c": 15.6, "icao_code": "KADG", "municipality": "Adrian", "iso_country": "US", "iso_region": "US-MI"}}, {"type": "Feature", "geometry": {"type": "Point", "coordinates": [-67.7929, 46.1185]}, "properties": {"station_id": "KHUL", "temp_c": 6.7, "icao_code": "KHUL", "municipality": "Houlton", "iso_country": "US", "iso_region": "US-ME"}}, {"type": "Feature", "geometry": {"type": "Point", "coordinates": [-96.3631, 30.5912]}, "properties": {"station_id": "KCLL", "temp_c": 24.4, "icao_code": "KCLL", "municipality": "College Station", "iso_country": "US", "iso_region": "US-TX"}}, {"type": "Feature", "geometry": {"type": "Point", "coordinates": [-72.8891, 41.259]}, "properties": {"station_id": "KHVN", "temp_c": 5.6, "icao_code": "KHVN", "municipality": "New Haven", "iso_country": "US", "iso_region": "US-CT"}}, {"type": "Feature", "geometry": {"type": "Point", "coordinates": [-109.7644, 48.5425]}, "properties": {"station_id": "KHVR", "temp_c": 1.1, "icao_code": "KHVR", "municipality": "Havre", "iso_country": "US", "iso_region": "US-MT"}}, {"type": "Feature", "geometry": {"type": "Point", "coordinates": [-92.5585, 31.3346]}, "properties": {"station_id": "KAEX", "temp_c": 22.8, "icao_code": "KAEX", "municipality": "Alexandria", "iso_country": "US", "iso_region": "US-LA"}}, {"type": "Feature", "geometry": {"type": "Point", "coordinates": [-80.2412, 25.9996]}, "properties": {"station_id": "KHWO", "temp_c": 25.0, "icao_code": "KHWO", "municipality": "Hollywood", "iso_country": "US", "iso_region": "US-FL"}}, {"type": "Feature", "geometry": {"type": "Point", "coordinates": [-97.32, 32.99]}, "properties": {"station_id": "KAFW", "temp_c": 26.1, "icao_code": "KAFW", "municipality": "Fort Worth", "iso_country": "US", "iso_region": "US-TX"}}, {"type": "Feature", "geometry": {"type": "Point", "coordinates": [-91.4427, 46.0303]}, "properties": {"station_id": "KHYR", "temp_c": 5.0, "icao_code": "KHYR", "municipality": "Hayward", "iso_country": "US", "iso_region": "US-WI"}}, {"type": "Feature", "geometry": {"type": "Point", "coordinates": [-80.6968, 41.7794]}, "properties": {"station_id": "KHZY", "temp_c": 16.7, "icao_code": "KHZY", "municipality": "Ashtabula", "iso_country": "US", "iso_region": "US-OH"}}, {"type": "Feature", "geometry": {"type": "Point", "coordinates": [-145.4588, 62.1592]}, "properties": {"station_id": "PAGK", "temp_c": 6.1, "icao_code": "PAGK", "municipality": "Gulkana", "iso_country": "US", "iso_region": "US-AK"}}, {"type": "Feature", "geometry": {"type": "Point", "coordinates": [-78.9382, 43.1083]}, "properties": {"station_id": "KIAG", "temp_c": 15.6, "icao_code": "KIAG", "municipality": "Niagara Falls", "iso_country": "US", "iso_region": "US-NY"}}, {"type": "Feature", "geometry": {"type": "Point", "coordinates": [-95.3607, 29.9844]}, "properties": {"station_id": "KIAH", "temp_c": 25.6, "icao_code": "KIAH", "municipality": "Houston", "iso_country": "US", "iso_region": "US-TX"}}, {"type": "Feature", "geometry": {"type": "Point", "coordinates": [-151.242, 60.579]}, "properties": {"station_id": "PAEN", "temp_c": 7.2, "icao_code": "PAEN", "municipality": "Kenai", "iso_country": "US", "iso_region": "US-AK"}}, {"type": "Feature", "geometry": {"type": "Point", "coordinates": [-101.7173, 35.2203]}, "properties": {"station_id": "KAMA", "temp_c": 15.0, "icao_code": "KAMA", "municipality": "Amarillo", "iso_country": "US", "iso_region": "US-TX"}}, {"type": "Feature", "geometry": {"type": "Point", "coordinates": [-90.7091, 42.3984]}, "properties": {"station_id": "KDBQ", "temp_c": 10.0, "icao_code": "KDBQ", "municipality": "Dubuque", "iso_country": "US", "iso_region": "US-IA"}}, {"type": "Feature", "geometry": {"type": "Point", "coordinates": [-97.43, 37.6475]}, "properties": {"station_id": "KICT", "temp_c": 12.2, "icao_code": "KICT", "municipality": "Wichita", "iso_country": "US", "iso_region": "US-KS"}}, {"type": "Feature", "geometry": {"type": "Point", "coordinates": [-156.048, 19.7378]}, "properties": {"station_id": "PHKO", "temp_c": 26.1, "icao_code": "PHKO", "municipality": "Kailua-Kona", "iso_country": "US", "iso_region": "US-HI"}}, {"type": "Feature", "geometry": {"type": "Point", "coordinates": [-147.8761, 64.8031]}, "properties": {"station_id": "PAFA", "temp_c": 8.3, "icao_code": "PAFA", "municipality": "Fairbanks", "iso_country": "US", "iso_region": "US-AK"}}, {"type": "Feature", "geometry": {"type": "Point", "coordinates": [-112.0675, 43.5204]}, "properties": {"station_id": "KIDA", "temp_c": 5.0, "icao_code": "KIDA", "municipality": "Idaho Falls", "iso_country": "US", "iso_region": "US-ID"}}, {"type": "Feature", "geometry": {"type": "Point", "coordinates": [-92.2358, 34.7273]}, "properties": {"station_id": "KLIT", "temp_c": 25.6, "icao_code": "KLIT", "municipality": "Little Rock", "iso_country": "US", "iso_region": "US-AR"}}, {"type": "Feature", "geometry": {"type": "Point", "coordinates": [-121.7255, 42.147]}, "properties": {"station_id": "KLMT", "temp_c": 3.3, "icao_code": "KLMT", "municipality": "Klamath Falls", "iso_country": "US", "iso_region": "US-OR"}}, {"type": "Feature", "geometry": {"type": "Point", "coordinates": [-108.726, 42.8154]}, "properties": {"station_id": "KLND", "temp_c": 2.2, "icao_code": "KLND", "municipality": "Lander", "iso_country": "US", "iso_region": "US-WY"}}, {"type": "Feature", "geometry": {"type": "Point", "coordinates": [-85.2004, 35.0336]}, "properties": {"station_id": "KCHA", "temp_c": 20.0, "icao_code": "KCHA", "municipality": "Chattanooga", "iso_country": "US", "iso_region": "US-TN"}}, {"type": "Feature", "geometry": {"type": "Point", "coordinates": [-85.6629, 38.2302]}, "properties": {"station_id": "KLOU", "temp_c": 16.1, "icao_code": "KLOU", "municipality": "Louisville", "iso_country": "US", "iso_region": "US-KY"}}, {"type": "Feature", "geometry": {"type": "Point", "coordinates": [-91.253, 43.8792]}, "properties": {"station_id": "KLSE", "temp_c": 10.0, "icao_code": "KLSE", "municipality": "La Crosse", "iso_country": "US", "iso_region": "US-WI"}}, {"type": "Feature", "geometry": {"type": "Point", "coordinates": [-121.8149, 37.6931]}, "properties": {"station_id": "KLVK", "temp_c": 10.6, "icao_code": "KLVK", "municipality": "Livermore", "iso_country": "US", "iso_region": "US-CA"}}, {"type": "Feature", "geometry": {"type": "Point", "coordinates": [-110.4415, 45.6984]}, "properties": {"station_id": "KLVM", "temp_c": -3.3, "icao_code": "KLVM", "municipality": "Livingston", "iso_country": "US", "iso_region": "US-MT"}}, {"type": "Feature", "geometry": {"type": "Point", "coordinates": [-87.599, 38.7604]}, "properties": {"station_id": "KLWV", "temp_c": 16.1, "icao_code": "KLWV", "municipality": "Lawrenceville", "iso_country": "US", "iso_region": "US-IL"}}, {"type": "Feature", "geometry": {"type": "Point", "coordinates": [-106.3162, 39.228]}, "properties": {"station_id": "KLXV", "temp_c": 0.0, "icao_code": "KLXV", "municipality": "Leadville", "iso_country": "US", "iso_region": "US-CO"}}, {"type": "Feature", "geometry": {"type": "Point", "coordinates": [-120.5179, 37.286]}, "properties": {"station_id": "KMCE", "temp_c": 11.7, "icao_code": "KMCE", "municipality": "Merced", "iso_country": "US", "iso_region": "US-CA"}}, {"type": "Feature", "geometry": {"type": "Point", "coordinates": [-94.7309, 39.2975]}, "properties": {"station_id": "KMCI", "temp_c": 10.6, "icao_code": "KMCI", "municipality": "Kansas City", "iso_country": "US", "iso_region": "US-MO"}}, {"type": "Feature", "geometry": {"type": "Point", "coordinates": [-83.6529, 32.6889]}, "properties": {"station_id": "KMCN", "temp_c": 14.4, "icao_code": "KMCN", "municipality": "Macon", "iso_country": "US", "iso_region": "US-GA"}}, {"type": "Feature", "geometry": {"type": "Point", "coordinates": [-93.3262, 43.1543]}, "properties": {"station_id": "KMCW", "temp_c": 7.2, "icao_code": "KMCW", "municipality": "Mason City", "iso_country": "US", "iso_region": "US-IA"}}, {"type": "Feature", "geometry": {"type": "Point", "coordinates": [-111.4487, 36.9211]}, "properties": {"station_id": "KPGA", "temp_c": 13.9, "icao_code": "KPGA", "municipality": "Page", "iso_country": "US", "iso_region": "US-AZ"}}, {"type": "Feature", "geometry": {"type": "Point", "coordinates": [-81.4218, 40.4703]}, "properties": {"station_id": "KPHD", "temp_c": 18.9, "icao_code": "KPHD", "municipality": "New Philadelphia", "iso_country": "US", "iso_region": "US-OH"}}, {"type": "Feature", "geometry": {"type": "Point", "coordinates": [-82.6856, 27.9126]}, "properties": {"station_id": "KPIE", "temp_c": 22.2, "icao_code": "KPIE", "municipality": "Pinellas Park", "iso_country": "US", "iso_region": "US-FL"}}, {"type": "Feature", "geometry": {"type": "Point", "coordinates": [-165.4401, 64.5111]}, "properties": {"station_id": "PAOM", "temp_c": 2.2, "icao_code": "PAOM", "municipality": "Nome", "iso_country": "US", "iso_region": "US-AK"}}, {"type": "Feature", "geometry": {"type": "Point", "coordinates": [-94.3115, 36.2897]}, "properties": {"station_id": "KXNA", "temp_c": 17.2, "icao_code": "KXNA", "municipality": "Fayetteville/Springdale/Rogers", "iso_country": "US", "iso_region": "US-AR"}}, {"type": "Feature", "geometry": {"type": "Point", "coordinates": [-88.137, 44.4796]}, "properties": {"station_id": "KGRB", "temp_c": 14.4, "icao_code": "KGRB", "municipality": "Green Bay", "iso_country": "US", "iso_region": "US-WI"}}, {"type": "Feature", "geometry": {"type": "Point", "coordinates": [-112.5723, 42.9197]}, "properties": {"station_id": "KPIH", "temp_c": 1.7, "icao_code": "KPIH", "municipality": "Pocatello", "iso_country": "US", "iso_region": "US-ID"}}, {"type": "Feature", "geometry": {"type": "Point", "coordinates": [-86.4674, 30.3933]}, "properties": {"station_id": "KDTS", "temp_c": 22.8, "icao_code": "KDTS", "municipality": "Destin", "iso_country": "US", "iso_region": "US-FL"}}, {"type": "Feature", "geometry": {"type": "Point", "coordinates": [-100.2864, 44.3819]}, "properties": {"station_id": "KPIR", "temp_c": 3.3, "icao_code": "KPIR", "municipality": "Pierre", "iso_country": "US", "iso_region": "US-SD"}}, {"type": "Feature", "geometry": {"type": "Point", "coordinates": [-141.938, 62.962]}, "properties": {"station_id": "PAOR", "temp_c": 2.2, "icao_code": "PAOR", "municipality": "Northway", "iso_country": "US", "iso_region": "US-AK"}}, {"type": "Feature", "geometry": {"type": "Point", "coordinates": [-81.4438, 39.3395]}, "properties": {"station_id": "KPKB", "temp_c": 14.4, "icao_code": "KPKB", "municipality": "Parkersburg (Williamstown)", "iso_country": "US", "iso_region": "US-WV"}}, {"type": "Feature", "geometry": {"type": "Point", "coordinates": [-95.0695, 46.8971]}, "properties": {"station_id": "KPKD", "temp_c": 3.3, "icao_code": "KPKD", "municipality": "Park Rapids", "iso_country": "US", "iso_region": "US-MN"}}, {"type": "Feature", "geometry": {"type": "Point", "coordinates": [-108.2293, 36.7435]}, "properties": {"station_id": "KFMN", "temp_c": 9.4, "icao_code": "KFMN", "municipality": "Farmington", "iso_country": "US", "iso_region": "US-NM"}}, {"type": "Feature", "geometry": {"type": "Point", "coordinates": [-85.7872, 41.5265]}, "properties": {"station_id": "KGSH", "temp_c": 16.1, "icao_code": "KGSH", "municipality": "Goshen", "iso_country": "US", "iso_region": "US-IN"}}, {"type": "Feature", "geometry": {"type": "Point", "coordinates": [-106.4736, 42.8978]}, "properties": {"station_id": "KCPR", "temp_c": 2.2, "icao_code": "KCPR", "municipality": "Casper", "iso_country": "US", "iso_region": "US-WY"}}, {"type": "Feature", "geometry": {"type": "Point", "coordinates": [-118.0831, 34.6294]}, "properties": {"station_id": "KPMD", "temp_c": 10.0, "icao_code": "KPMD", "municipality": "Palmdale", "iso_country": "US", "iso_region": "US-CA"}}, {"type": "Feature", "geometry": {"type": "Point", "coordinates": [-90.156, 38.57]}, "properties": {"station_id": "KCPS", "temp_c": 18.9, "icao_code": "KCPS", "municipality": "Cahokia/St Louis", "iso_country": "US", "iso_region": "US-IL"}}, {"type": "Feature", "geometry": {"type": "Point", "coordinates": [-80.111, 26.2464]}, "properties": {"station_id": "KPMP", "temp_c": 25.0, "icao_code": "KPMP", "municipality": "Pompano Beach", "iso_country": "US", "iso_region": "US-FL"}}, {"type": "Feature", "geometry": {"type": "Point", "coordinates": [-78.7204, 33.8162]}, "properties": {"station_id": "KCRE", "temp_c": 10.6, "icao_code": "KCRE", "municipality": "North Myrtle Beach", "iso_country": "US", "iso_region": "US-SC"}}, {"type": "Feature", "geometry": {"type": "Point", "coordinates": [-99.2041, 35.3568]}, "properties": {"station_id": "KCSM", "temp_c": 16.7, "icao_code": "KCSM", "municipality": "Clinton", "iso_country": "US", "iso_region": "US-OK"}}, {"type": "Feature", "geometry": {"type": "Point", "coordinates": [-97.1024, 36.7369]}, "properties": {"station_id": "KPNC", "temp_c": 14.4, "icao_code": "KPNC", "municipality": "Ponca City", "iso_country": "US", "iso_region": "US-OK"}}, {"type": "Feature", "geometry": {"type": "Point", "coordinates": [-121.5688, 39.102]}, "properties": {"station_id": "KMYV", "temp_c": 13.9, "icao_code": "KMYV", "municipality": "Marysville", "iso_country": "US", "iso_region": "US-CA"}}, {"type": "Feature", "geometry": {"type": "Point", "coordinates": [-87.1869, 30.478]}, "properties": {"station_id": "KPNS", "temp_c": 22.2, "icao_code": "KPNS", "municipality": "Pensacola", "iso_country": "US", "iso_region": "US-FL"}}, {"type": "Feature", "geometry": {"type": "Point", "coordinates": [-79.335, 36.5729]}, "properties": {"station_id": "KDAN", "temp_c": 11.7, "icao_code": "KDAN", "municipality": "Danville", "iso_country": "US", "iso_region": "US-VA"}}, {"type": "Feature", "geometry": {"type": "Point", "coordinates": [-159.3386, 21.9805]}, "properties": {"station_id": "PHLI", "temp_c": 23.3, "icao_code": "PHLI", "municipality": "Lihue, Kauai", "iso_country": "US", "iso_region": "US-HI"}}, {"type": "Feature", "geometry": {"type": "Point", "coordinates": [-86.9434, 34.658]}, "properties": {"station_id": "KDCU", "temp_c": 23.9, "icao_code": "KDCU", "municipality": "Decatur", "iso_country": "US", "iso_region": "US-AL"}}, {"type": "Feature", "geometry": {"type": "Point", "coordinates": [-79.7308, 34.1877]}, "properties": {"station_id": "KFLO", "temp_c": 9.4, "icao_code": "KFLO", "municipality": "Florence", "iso_country": "US", "iso_region": "US-SC"}}, {"type": "Feature", "geometry": {"type": "Point", "coordinates": [-73.8816, 41.6257]}, "properties": {"station_id": "KPOU", "temp_c": 7.2, "icao_code": "KPOU", "municipality": "Poughkeepsie", "iso_country": "US", "iso_region": "US-NY"}}, {"type": "Feature", "geometry": {"type": "Point", "coordinates": [-72.6193, 40.8505]}, "properties": {"station_id": "KFOK", "temp_c": -0.6, "icao_code": "KFOK", "municipality": "Westhampton Beach", "iso_country": "US", "iso_region": "US-NY"}}, {"type": "Feature", "geometry": {"type": "Point", "coordinates": [-73.4164, 40.7344]}, "properties": {"station_id": "KFRG", "temp_c": 7.8, "icao_code": "KFRG", "municipality": "East Farmingdale", "iso_country": "US", "iso_region": "US-NY"}}, {"type": "Feature", "geometry": {"type": "Point", "coordinates": [-88.5316, 30.463]}, "properties": {"station_id": "KPQL", "temp_c": 22.2, "icao_code": "KPQL", "municipality": "Pascagoula", "iso_country": "US", "iso_region": "US-MS"}}, {"type": "Feature", "geometry": {"type": "Point", "coordinates": [-120.6292, 35.6694]}, "properties": {"station_id": "KPRB", "temp_c": 10.6, "icao_code": "KPRB", "municipality": "Paso Robles", "iso_country": "US", "iso_region": "US-CA"}}, {"type": "Feature", "geometry": {"type": "Point", "coordinates": [-112.4223, 34.6491]}, "properties": {"station_id": "KPRC", "temp_c": 8.3, "icao_code": "KPRC", "municipality": "Prescott", "iso_country": "US", "iso_region": "US-AZ"}}, {"type": "Feature", "geometry": {"type": "Point", "coordinates": [-119.1182, 46.2695]}, "properties": {"station_id": "KPSC", "temp_c": 13.3, "icao_code": "KPSC", "municipality": "Pasco", "iso_country": "US", "iso_region": "US-WA"}}, {"type": "Feature", "geometry": {"type": "Point", "coordinates": [-80.1776, 26.199]}, "properties": {"station_id": "KFXE", "temp_c": 23.9, "icao_code": "KFXE", "municipality": "Fort Lauderdale", "iso_country": "US", "iso_region": "US-FL"}}, {"type": "Feature", "geometry": {"type": "Point", "coordinates": [-81.8615, 26.584]}, "properties": {"station_id": "KFMY", "temp_c": 22.2, "icao_code": "KFMY", "municipality": "Fort Myers", "iso_country": "US", "iso_region": "US-FL"}}, {"type": "Feature", "geometry": {"type": "Point", "coordinates": [-94.1624, 36.0103]}, "properties": {"station_id": "KFYV", "temp_c": 15.0, "icao_code": "KFYV", "municipality": "Fayetteville", "iso_country": "US", "iso_region": "US-AR"}}, {"type": "Feature", "geometry": {"type": "Point", "coordinates": [-116.5043, 33.8222]}, "properties": {"station_id": "KPSP", "temp_c": 18.3, "icao_code": "KPSP", "municipality": "Palm Springs", "iso_country": "US", "iso_region": "US-CA"}}, {"type": "Feature", "geometry": {"type": "Point", "coordinates": [-105.5416, 44.3398]}, "properties": {"station_id": "KGCC", "temp_c": -1.1, "icao_code": "KGCC", "municipality": "Gillette", "iso_country": "US", "iso_region": "US-WY"}}, {"type": "Feature", "geometry": {"type": "Point", "coordinates": [-162.607, 66.886]}, "properties": {"station_id": "PAOT", "temp_c": 3.9, "icao_code": "PAOT", "municipality": "Kotzebue", "iso_country": "US", "iso_region": "US-AK"}}, {"type": "Feature", "geometry": {"type": "Point", "coordinates": [-97.1829, 47.9428]}, "properties": {"station_id": "KGFK", "temp_c": 2.8, "icao_code": "KGFK", "municipality": "Grand Forks", "iso_country": "US", "iso_region": "US-ND"}}, {"type": "Feature", "geometry": {"type": "Point", "coordinates": [-95.6513, 38.9414]}, "properties": {"station_id": "KFOE", "temp_c": 10.6, "icao_code": "KFOE", "municipality": "Topeka", "iso_country": "US", "iso_region": "US-KS"}}, {"type": "Feature", "geometry": {"type": "Point", "coordinates": [-85.0814, 35.951]}, "properties": {"station_id": "KCSV", "temp_c": 17.8, "icao_code": "KCSV", "municipality": "Crossville", "iso_country": "US", "iso_region": "US-TN"}}, {"type": "Feature", "geometry": {"type": "Point", "coordinates": [-102.9171, 30.9119]}, "properties": {"station_id": "KFST", "temp_c": 24.4, "icao_code": "KFST", "municipality": "Fort Stockton", "iso_country": "US", "iso_region": "US-TX"}}, {"type": "Feature", "geometry": {"type": "Point", "coordinates": [-97.364, 32.8248]}, "properties": {"station_id": "KFTW", "temp_c": 26.1, "icao_code": "KFTW", "municipality": "Fort Worth", "iso_country": "US", "iso_region": "US-TX"}}, {"type": "Feature", "geometry": {"type": "Point", "coordinates": [-91.1468, 30.5378]}, "properties": {"station_id": "KBTR", "temp_c": 23.9, "icao_code": "KBTR", "municipality": "Baton Rouge", "iso_country": "US", "iso_region": "US-LA"}}, {"type": "Feature", "geometry": {"type": "Point", "coordinates": [-84.5246, 33.7776]}, "properties": {"station_id": "KFTY", "temp_c": 17.8, "icao_code": "KFTY", "municipality": "Atlanta", "iso_country": "US", "iso_region": "US-GA"}}, {"type": "Feature", "geometry": {"type": "Point", "coordinates": [-117.9856, 33.8715]}, "properties": {"station_id": "KFUL", "temp_c": 15.0, "icao_code": "KFUL", "municipality": "Fullerton", "iso_country": "US", "iso_region": "US-CA"}}, {"type": "Feature", "geometry": {"type": "Point", "coordinates": [-104.5057, 38.2887]}, "properties": {"station_id": "KPUB", "temp_c": 10.6, "icao_code": "KPUB", "municipality": "Pueblo", "iso_country": "US", "iso_region": "US-CO"}}, {"type": "Feature", "geometry": {"type": "Point", "coordinates": [-68.3072, 47.2852]}, "properties": {"station_id": "KFVE", "temp_c": 7.2, "icao_code": "KFVE", "municipality": "Frenchville", "iso_country": "US", "iso_region": "US-ME"}}, {"type": "Feature", "geometry": {"type": "Point", "coordinates": [-117.1158, 46.7438]}, "properties": {"station_id": "KPUW", "temp_c": 7.8, "icao_code": "KPUW", "municipality": "Pullman", "iso_country": "US", "iso_region": "US-WA"}}, {"type": "Feature", "geometry": {"type": "Point", "coordinates": [-98.0602, 32.7816]}, "properties": {"station_id": "KMWL", "temp_c": 25.0, "icao_code": "KMWL", "municipality": "Mineral Wells", "iso_country": "US", "iso_region": "US-TX"}}, {"type": "Feature", "geometry": {"type": "Point", "coordinates": [-80.9938, 33.972]}, "properties": {"station_id": "KCUB", "temp_c": 12.2, "icao_code": "KCUB", "municipality": "Columbia", "iso_country": "US", "iso_region": "US-SC"}}, {"type": "Feature", "geometry": {"type": "Point", "coordinates": [-170.223, 57.155]}, "properties": {"station_id": "PASN", "temp_c": 1.7, "icao_code": "PASN", "municipality": "St Paul Island", "iso_country": "US", "iso_region": "US-AK"}}, {"type": "Feature", "geometry": {"type": "Point", "coordinates": [-117.3214, 47.6857]}, "properties": {"station_id": "KSFF", "temp_c": 11.7, "icao_code": "KSFF", "municipality": "Spokane", "iso_country": "US", "iso_region": "US-WA"}}, {"type": "Feature", "geometry": {"type": "Point", "coordinates": [-139.671, 59.512]}, "properties": {"station_id": "PAYA", "temp_c": 5.0, "icao_code": "PAYA", "municipality": "Yakutat", "iso_country": "US", "iso_region": "US-AK"}}, {"type": "Feature", "geometry": {"type": "Point", "coordinates": [-82.6257, 27.7685]}, "properties": {"station_id": "KSPG", "temp_c": 24.4, "icao_code": "KSPG", "municipality": "St Petersburg", "iso_country": "US", "iso_region": "US-FL"}}, {"type": "Feature", "geometry": {"type": "Point", "coordinates": [-97.6472, 35.5411]}, "properties": {"station_id": "KPWA", "temp_c": 18.9, "icao_code": "KPWA", "municipality": "Oklahoma City", "iso_country": "US", "iso_region": "US-OK"}}, {"type": "Feature", "geometry": {"type": "Point", "coordinates": [-82.5597, 27.4015]}, "properties": {"station_id": "KSRQ", "temp_c": 22.2, "icao_code": "KSRQ", "municipality": "Sarasota/Bradenton", "iso_country": "US", "iso_region": "US-FL"}}, {"type": "Feature", "geometry": {"type": "Point", "coordinates": [-76.408, 38.284]}, "properties": {"station_id": "KNHK", "temp_c": 10.0, "icao_code": "KNHK", "municipality": "Patuxent River", "iso_country": "US", "iso_region": "US-MD"}}, {"type": "Feature", "geometry": {"type": "Point", "coordinates": [-83.8054, 41.587]}, "properties": {"station_id": "KTOL", "temp_c": 16.1, "icao_code": "KTOL", "municipality": "Toledo", "iso_country": "US", "iso_region": "US-OH"}}, {"type": "Feature", "geometry": {"type": "Point", "coordinates": [-117.8646, 42.5902]}, "properties": {"station_id": "KREO", "temp_c": 1.1, "icao_code": "KREO", "municipality": "Rome", "iso_country": "US", "iso_region": "US-OR"}}, {"type": "Feature", "geometry": {"type": "Point", "coordinates": [-99.6821, 32.4106]}, "properties": {"station_id": "KABI", "temp_c": 24.4, "icao_code": "KABI", "municipality": "Abilene", "iso_country": "US", "iso_region": "US-TX"}}, {"type": "Feature", "geometry": {"type": "Point", "coordinates": [-94.7476, 43.4008]}, "properties": {"station_id": "KEST", "temp_c": 6.1, "icao_code": "KEST", "municipality": "Estherville", "iso_country": "US", "iso_region": "US-IA"}}, {"type": "Feature", "geometry": {"type": "Point", "coordinates": [-106.6154, 35.0419]}, "properties": {"station_id": "KABQ", "temp_c": 15.0, "icao_code": "KABQ", "municipality": "Albuquerque", "iso_country": "US", "iso_region": "US-NM"}}, {"type": "Feature", "geometry": {"type": "Point", "coordinates": [-88.4815, 41.7713]}, "properties": {"station_id": "KARR", "temp_c": 15.0, "icao_code": "KARR", "municipality": "Chicago/Aurora", "iso_country": "US", "iso_region": "US-IL"}}, {"type": "Feature", "geometry": {"type": "Point", "coordinates": [-100.7575, 46.7823]}, "properties": {"station_id": "KBIS", "temp_c": 3.3, "icao_code": "KBIS", "municipality": "Bismarck", "iso_country": "US", "iso_region": "US-ND"}}, {"type": "Feature", "geometry": {"type": "Point", "coordinates": [-120.7093, 39.2762]}, "properties": {"station_id": "KBLU", "temp_c": 2.2, "icao_code": "KBLU", "municipality": "Emigrant Gap", "iso_country": "US", "iso_region": "US-CA"}}, {"type": "Feature", "geometry": {"type": "Point", "coordinates": [-97.436, 32.781]}, "properties": {"station_id": "KNFW", "temp_c": 26.7, "icao_code": "KNFW", "municipality": "Fort Worth", "iso_country": "US", "iso_region": "US-TX"}}, {"type": "Feature", "geometry": {"type": "Point", "coordinates": [-97.6003, 35.3843]}, "properties": {"station_id": "KOKC", "temp_c": 18.9, "icao_code": "KOKC", "municipality": "Oklahoma City", "iso_country": "US", "iso_region": "US-OK"}}, {"type": "Feature", "geometry": {"type": "Point", "coordinates": [-91.7246, 41.8829]}, "properties": {"station_id": "KCID", "temp_c": 9.4, "icao_code": "KCID", "municipality": "Cedar Rapids", "iso_country": "US", "iso_region": "US-IA"}}, {"type": "Feature", "geometry": {"type": "Point", "coordinates": [-71.1782, 44.576]}, "properties": {"station_id": "KBML", "temp_c": 1.7, "icao_code": "KBML", "municipality": "Berlin", "iso_country": "US", "iso_region": "US-NH"}}, {"type": "Feature", "geometry": {"type": "Point", "coordinates": [-89.2453, 37.7833]}, "properties": {"station_id": "KMDH", "temp_c": 18.3, "icao_code": "KMDH", "municipality": "Murphysboro", "iso_country": "US", "iso_region": "US-IL"}}, {"type": "Feature", "geometry": {"type": "Point", "coordinates": [-82.5177, 40.8204]}, "properties": {"station_id": "KMFD", "temp_c": 16.1, "icao_code": "KMFD", "municipality": "Mansfield", "iso_country": "US", "iso_region": "US-OH"}}, {"type": "Feature", "geometry": {"type": "Point", "coordinates": [-71.5522, 44.3659]}, "properties": {"station_id": "KHIE", "temp_c": 1.7, "icao_code": "KHIE", "municipality": "Whitefield", "iso_country": "US", "iso_region": "US-NH"}}, {"type": "Feature", "geometry": {"type": "Point", "coordinates": [-94.8642, 29.2704]}, "properties": {"station_id": "KGLS", "temp_c": 25.6, "icao_code": "KGLS", "municipality": "Galveston", "iso_country": "US", "iso_region": "US-TX"}}, {"type": "Feature", "geometry": {"type": "Point", "coordinates": [-96.6789, 39.1346]}, "properties": {"station_id": "KMHK", "temp_c": 8.3, "icao_code": "KMHK", "municipality": "Manhattan", "iso_country": "US", "iso_region": "US-KS"}}, {"type": "Feature", "geometry": {"type": "Point", "coordinates": [-95.4846, 37.6705]}, "properties": {"station_id": "KCNU", "temp_c": 12.2, "icao_code": "KCNU", "municipality": "Chanute", "iso_country": "US", "iso_region": "US-KS"}}, {"type": "Feature", "geometry": {"type": "Point", "coordinates": [-84.4422, 33.6297]}, "properties": {"station_id": "KATL", "temp_c": 17.2, "icao_code": "KATL", "municipality": "Atlanta", "iso_country": "US", "iso_region": "US-GA"}}, {"type": "Feature", "geometry": {"type": "Point", "coordinates": [-95.5726, 37.0912]}, "properties": {"station_id": "KCFV", "temp_c": 14.4, "icao_code": "KCFV", "municipality": "Coffeyville", "iso_country": "US", "iso_region": "US-KS"}}, {"type": "Feature", "geometry": {"type": "Point", "coordinates": [-80.9543, 35.2225]}, "properties": {"station_id": "KCLT", "temp_c": 13.9, "icao_code": "KCLT", "municipality": "Charlotte", "iso_country": "US", "iso_region": "US-NC"}}, {"type": "Feature", "geometry": {"type": "Point", "coordinates": [-98.493, 33.9785]}, "properties": {"station_id": "KSPS", "temp_c": 19.4, "icao_code": "KSPS", "municipality": "Wichita Falls", "iso_country": "US", "iso_region": "US-TX"}}, {"type": "Feature", "geometry": {"type": "Point", "coordinates": [-89.684, 39.8453]}, "properties": {"station_id": "KSPI", "temp_c": 15.0, "icao_code": "KSPI", "municipality": "Springfield", "iso_country": "US", "iso_region": "US-IL"}}, {"type": "Feature", "geometry": {"type": "Point", "coordinates": [-96.3795, 42.3917]}, "properties": {"station_id": "KSUX", "temp_c": 6.1, "icao_code": "KSUX", "municipality": "Sioux City", "iso_country": "US", "iso_region": "US-IA"}}, {"type": "Feature", "geometry": {"type": "Point", "coordinates": [-77.0345, 38.8472]}, "properties": {"station_id": "KDCA", "temp_c": 12.2, "icao_code": "KDCA", "municipality": "Washington", "iso_country": "US", "iso_region": "US-DC"}}, {"type": "Feature", "geometry": {"type": "Point", "coordinates": [-99.9692, 37.7711]}, "properties": {"station_id": "KDDC", "temp_c": 8.3, "icao_code": "KDDC", "municipality": "Dodge City", "iso_country": "US", "iso_region": "US-KS"}}, {"type": "Feature", "geometry": {"type": "Point", "coordinates": [-114.7145, 33.6188]}, "properties": {"station_id": "KBLH", "temp_c": 18.9, "icao_code": "KBLH", "municipality": "Blythe", "iso_country": "US", "iso_region": "US-CA"}}, {"type": "Feature", "geometry": {"type": "Point", "coordinates": [-119.3146, 47.193]}, "properties": {"station_id": "KMWH", "temp_c": 12.2, "icao_code": "KMWH", "municipality": "Moses Lake", "iso_country": "US", "iso_region": "US-WA"}}, {"type": "Feature", "geometry": {"type": "Point", "coordinates": [-152.107, 65.173]}, "properties": {"station_id": "PATA", "temp_c": 7.2, "icao_code": "PATA", "municipality": "Tanana", "iso_country": "US", "iso_region": "US-AK"}}, {"type": "Feature", "geometry": {"type": "Point", "coordinates": [-103.0544, 44.0458]}, "properties": {"station_id": "KRAP", "temp_c": 1.7, "icao_code": "KRAP", "municipality": "Rapid City", "iso_country": "US", "iso_region": "US-SD"}}, {"type": "Feature", "geometry": {"type": "Point", "coordinates": [-70.7278, 41.9085]}, "properties": {"station_id": "KPYM", "temp_c": 2.8, "icao_code": "KPYM", "municipality": "Plymouth", "iso_country": "US", "iso_region": "US-MA"}}, {"type": "Feature", "geometry": {"type": "Point", "coordinates": [-100.404, 45.543]}, "properties": {"station_id": "KMBG", "temp_c": 1.1, "icao_code": "KMBG", "municipality": "Mobridge", "iso_country": "US", "iso_region": "US-SD"}}, {"type": "Feature", "geometry": {"type": "Point", "coordinates": [-87.9045, 42.9549]}, "properties": {"station_id": "KMKE", "temp_c": 17.2, "icao_code": "KMKE", "municipality": "Milwaukee", "iso_country": "US", "iso_region": "US-WI"}}, {"type": "Feature", "geometry": {"type": "Point", "coordinates": [-95.2115, 39.0078]}, "properties": {"station_id": "KLWC", "temp_c": 11.1, "icao_code": "KLWC", "municipality": "Lawrence", "iso_country": "US", "iso_region": "US-KS"}}, {"type": "Feature", "geometry": {"type": "Point", "coordinates": [-77.4473, 38.9348]}, "properties": {"station_id": "KIAD", "temp_c": 11.1, "icao_code": "KIAD", "municipality": "Dulles", "iso_country": "US", "iso_region": "US-VA"}}, {"type": "Feature", "geometry": {"type": "Point", "coordinates": [-113.0109, 38.4225]}, "properties": {"station_id": "KMLF", "temp_c": 3.3, "icao_code": "KMLF", "municipality": "Milford", "iso_country": "US", "iso_region": "US-UT"}}, {"type": "Feature", "geometry": {"type": "Point", "coordinates": [-88.2512, 41.8964]}, "properties": {"station_id": "KDPA", "temp_c": 15.0, "icao_code": "KDPA", "municipality": "Chicago/West Chicago", "iso_country": "US", "iso_region": "US-IL"}}, {"type": "Feature", "geometry": {"type": "Point", "coordinates": [-102.52, 43.0262]}, "properties": {"station_id": "KIEN", "temp_c": 2.8, "icao_code": "KIEN", "municipality": "Pine Ridge", "iso_country": "US", "iso_region": "US-SD"}}, {"type": "Feature", "geometry": {"type": "Point", "coordinates": [-95.5045, 37.3281]}, "properties": {"station_id": "KPPF", "temp_c": 12.8, "icao_code": "KPPF", "municipality": "Parsons", "iso_country": "US", "iso_region": "US-KS"}}, {"type": "Feature", "geometry": {"type": "Point", "coordinates": [-93.3899, 37.2398]}, "properties": {"station_id": "KSGF", "temp_c": 14.4, "icao_code": "KSGF", "municipality": "Springfield", "iso_country": "US", "iso_region": "US-MO"}}, {"type": "Feature", "geometry": {"type": "Point", "coordinates": [-95.9018, 41.3119]}, "properties": {"station_id": "KOMA", "temp_c": 8.3, "icao_code": "KOMA", "municipality": "Omaha", "iso_country": "US", "iso_region": "US-NE"}}, {"type": "Feature", "geometry": {"type": "Point", "coordinates": [-91.5446, 41.6394]}, "properties": {"station_id": "KIOW", "temp_c": 11.7, "icao_code": "KIOW", "municipality": "Iowa City", "iso_country": "US", "iso_region": "US-IA"}}, {"type": "Feature", "geometry": {"type": "Point", "coordinates": [-90.5948, 41.6133]}, "properties": {"station_id": "KDVN", "temp_c": 11.7, "icao_code": "KDVN", "municipality": "Davenport", "iso_country": "US", "iso_region": "US-IA"}}, {"type": "Feature", "geometry": {"type": "Point", "coordinates": [-97.6556, 26.2303]}, "properties": {"station_id": "KHRL", "temp_c": 26.1, "icao_code": "KHRL", "municipality": "Harlingen", "iso_country": "US", "iso_region": "US-TX"}}, {"type": "Feature", "geometry": {"type": "Point", "coordinates": [-117.3496, 33.2195]}, "properties": {"station_id": "KOKB", "temp_c": 10.0, "icao_code": "KOKB", "municipality": "Oceanside", "iso_country": "US", "iso_region": "US-CA"}}, {"type": "Feature", "geometry": {"type": "Point", "coordinates": [-79.3683, 34.7913]}, "properties": {"station_id": "KMEB", "temp_c": 10.0, "icao_code": "KMEB", "municipality": "Maxton", "iso_country": "US", "iso_region": "US-NC"}}, {"type": "Feature", "geometry": {"type": "Point", "coordinates": [-105.8618, 37.4393]}, "properties": {"station_id": "KALS", "temp_c": 0.0, "icao_code": "KALS", "municipality": "Alamosa", "iso_country": "US", "iso_region": "US-CO"}}, {"type": "Feature", "geometry": {"type": "Point", "coordinates": [-72.0013, 42.8067]}, "properties": {"station_id": "KAFN", "temp_c": 3.9, "icao_code": "KAFN", "municipality": "Jaffrey", "iso_country": "US", "iso_region": "US-NH"}}, {"type": "Feature", "geometry": {"type": "Point", "coordinates": [-117.2098, 32.6922]}, "properties": {"station_id": "KNZY", "temp_c": 15.6, "icao_code": "KNZY", "municipality": "San Diego", "iso_country": "US", "iso_region": "US-CA"}}, {"type": "Feature", "geometry": {"type": "Point", "coordinates": [-83.3274, 33.9477]}, "properties": {"station_id": "KAHN", "temp_c": 12.8, "icao_code": "KAHN", "municipality": "Athens", "iso_country": "US", "iso_region": "US-GA"}}, {"type": "Feature", "geometry": {"type": "Point", "coordinates": [-97.4094, 31.157]}, "properties": {"station_id": "KTPL", "temp_c": 24.4, "icao_code": "KTPL", "municipality": "Temple", "iso_country": "US", "iso_region": "US-TX"}}, {"type": "Feature", "geometry": {"type": "Point", "coordinates": [-97.2283, 31.618]}, "properties": {"station_id": "KACT", "temp_c": 25.0, "icao_code": "KACT", "municipality": "Waco", "iso_country": "US", "iso_region": "US-TX"}}, {"type": "Feature", "geometry": {"type": "Point", "coordinates": [-119.2042, 34.2001]}, "properties": {"station_id": "KOXR", "temp_c": 13.9, "icao_code": "KOXR", "municipality": "Oxnard", "iso_country": "US", "iso_region": "US-CA"}}, {"type": "Feature", "geometry": {"type": "Point", "coordinates": [-75.4347, 40.658]}, "properties": {"station_id": "KABE", "temp_c": 9.4, "icao_code": "KABE", "municipality": "Allentown/Bethlehem", "iso_country": "US", "iso_region": "US-PA"}}, {"type": "Feature", "geometry": {"type": "Point", "coordinates": [-76.1927, 36.9037]}, "properties": {"station_id": "KORF", "temp_c": 8.3, "icao_code": "KORF", "municipality": "Norfolk", "iso_country": "US", "iso_region": "US-VA"}}, {"type": "Feature", "geometry": {"type": "Point", "coordinates": [-111.8519, 41.7865]}, "properties": {"station_id": "KLGU", "temp_c": 2.2, "icao_code": "KLGU", "municipality": "Logan", "iso_country": "US", "iso_region": "US-UT"}}, {"type": "Feature", "geometry": {"type": "Point", "coordinates": [-82.5548, 38.3653]}, "properties": {"station_id": "KHTS", "temp_c": 15.6, "icao_code": "KHTS", "municipality": "Huntington", "iso_country": "US", "iso_region": "US-WV"}}, {"type": "Feature", "geometry": {"type": "Point", "coordinates": [-118.4146, 33.4042]}, "properties": {"station_id": "KAVX", "temp_c": 10.0, "icao_code": "KAVX", "municipality": "Avalon", "iso_country": "US", "iso_region": "US-CA"}}, {"type": "Feature", "geometry": {"type": "Point", "coordinates": [-96.9301, 28.8624]}, "properties": {"station_id": "KVCT", "temp_c": 25.6, "icao_code": "KVCT", "municipality": "Victoria", "iso_country": "US", "iso_region": "US-TX"}}, {"type": "Feature", "geometry": {"type": "Point", "coordinates": [-73.7639, 40.6392]}, "properties": {"station_id": "KJFK", "temp_c": 10.6, "icao_code": "KJFK", "municipality": "New York", "iso_country": "US", "iso_region": "US-NY"}}, {"type": "Feature", "geometry": {"type": "Point", "coordinates": [-82.221, 29.1636]}, "properties": {"station_id": "KOCF", "temp_c": 17.2, "icao_code": "KOCF", "municipality": "Ocala", "iso_country": "US", "iso_region": "US-FL"}}, {"type": "Feature", "geometry": {"type": "Point", "coordinates": [-99.7665, 30.5105]}, "properties": {"station_id": "KJCT", "temp_c": 25.0, "icao_code": "KJCT", "municipality": "Junction", "iso_country": "US", "iso_region": "US-TX"}}, {"type": "Feature", "geometry": {"type": "Point", "coordinates": [-87.8634, 42.4255]}, "properties": {"station_id": "KUGN", "temp_c": 16.1, "icao_code": "KUGN", "municipality": "Chicago/Waukegan", "iso_country": "US", "iso_region": "US-IL"}}, {"type": "Feature", "geometry": {"type": "Point", "coordinates": [-72.5654, 44.205]}, "properties": {"station_id": "KMPV", "temp_c": 9.4, "icao_code": "KMPV", "municipality": "Barre/Montpelier", "iso_country": "US", "iso_region": "US-VT"}}, {"type": "Feature", "geometry": {"type": "Point", "coordinates": [-73.8803, 40.7794]}, "properties": {"station_id": "KLGA", "temp_c": 11.1, "icao_code": "KLGA", "municipality": "New York", "iso_country": "US", "iso_region": "US-NY"}}, {"type": "Feature", "geometry": {"type": "Point", "coordinates": [-75.6057, 39.6744]}, "properties": {"station_id": "KILG", "temp_c": 7.8, "icao_code": "KILG", "municipality": "Wilmington", "iso_country": "US", "iso_region": "US-DE"}}, {"type": "Feature", "geometry": {"type": "Point", "coordinates": [-74.1692, 40.6828]}, "properties": {"station_id": "KEWR", "temp_c": 10.0, "icao_code": "KEWR", "municipality": "Newark", "iso_country": "US", "iso_region": "US-NJ"}}, {"type": "Feature", "geometry": {"type": "Point", "coordinates": [-117.1973, 32.7364]}, "properties": {"station_id": "KSAN", "temp_c": 15.6, "icao_code": "KSAN", "municipality": "San Diego", "iso_country": "US", "iso_region": "US-CA"}}, {"type": "Feature", "geometry": {"type": "Point", "coordinates": [-103.7469, 48.2542]}, "properties": {"station_id": "KXWA", "temp_c": -2.2, "icao_code": "KXWA", "municipality": "Williston", "iso_country": "US", "iso_region": "US-ND"}}, {"type": "Feature", "geometry": {"type": "Point", "coordinates": [-109.636, 32.8565]}, "properties": {"station_id": "KSAD", "temp_c": 19.4, "icao_code": "KSAD", "municipality": "Safford", "iso_country": "US", "iso_region": "US-AZ"}}, {"type": "Feature", "geometry": {"type": "Point", "coordinates": [-118.4915, 34.2121]}, "properties": {"station_id": "KVNY", "temp_c": 13.9, "icao_code": "KVNY", "municipality": "Van Nuys", "iso_country": "US", "iso_region": "US-CA"}}, {"type": "Feature", "geometry": {"type": "Point", "coordinates": [-113.9341, 35.2575]}, "properties": {"station_id": "KIGM", "temp_c": 9.4, "icao_code": "KIGM", "municipality": "Kingman", "iso_country": "US", "iso_region": "US-AZ"}}, {"type": "Feature", "geometry": {"type": "Point", "coordinates": [-104.5082, 33.3074]}, "properties": {"station_id": "KROW", "temp_c": 17.2, "icao_code": "KROW", "municipality": "Roswell", "iso_country": "US", "iso_region": "US-NM"}}, {"type": "Feature", "geometry": {"type": "Point", "coordinates": [-78.782, 35.8923]}, "properties": {"station_id": "KRDU", "temp_c": 11.7, "icao_code": "KRDU", "municipality": "Raleigh/Durham", "iso_country": "US", "iso_region": "US-NC"}}, {"type": "Feature", "geometry": {"type": "Point", "coordinates": [-75.6223, 35.2324]}, "properties": {"station_id": "KHSE", "temp_c": 11.7, "icao_code": "KHSE", "municipality": "Hatteras", "iso_country": "US", "iso_region": "US-NC"}}, {"type": "Feature", "geometry": {"type": "Point", "coordinates": [-74.0562, 40.859]}, "properties": {"station_id": "KTEB", "temp_c": 8.3, "icao_code": "KTEB", "municipality": "Teterboro", "iso_country": "US", "iso_region": "US-NJ"}}, {"type": "Feature", "geometry": {"type": "Point", "coordinates": [-116.0998, 44.8943]}, "properties": {"station_id": "KMYL", "temp_c": 2.8, "icao_code": "KMYL", "municipality": "McCall", "iso_country": "US", "iso_region": "US-ID"}}, {"type": "Feature", "geometry": {"type": "Point", "coordinates": [-70.3044, 43.6424]}, "properties": {"station_id": "KPWM", "temp_c": 5.6, "icao_code": "KPWM", "municipality": "Portland", "iso_country": "US", "iso_region": "US-ME"}}, {"type": "Feature", "geometry": {"type": "Point", "coordinates": [-80.1824, 42.0803]}, "properties": {"station_id": "KERI", "temp_c": 17.2, "icao_code": "KERI", "municipality": "Erie", "iso_country": "US", "iso_region": "US-PA"}}, {"type": "Feature", "geometry": {"type": "Point", "coordinates": [-120.4642, 34.6647]}, "properties": {"station_id": "KLPC", "temp_c": 11.7, "icao_code": "KLPC", "municipality": "Lompoc", "iso_country": "US", "iso_region": "US-CA"}}, {"type": "Feature", "geometry": {"type": "Point", "coordinates": [-82.877, 39.9907]}, "properties": {"station_id": "KCMH", "temp_c": 16.1, "icao_code": "KCMH", "municipality": "Columbus", "iso_country": "US", "iso_region": "US-OH"}}, {"type": "Feature", "geometry": {"type": "Point", "coordinates": [-71.4325, 41.7225]}, "properties": {"station_id": "KPVD", "temp_c": 7.8, "icao_code": "KPVD", "municipality": "Providence/Warwick", "iso_country": "US", "iso_region": "US-RI"}}, {"type": "Feature", "geometry": {"type": "Point", "coordinates": [-97.513, 27.7734]}, "properties": {"station_id": "KCRP", "temp_c": 26.1, "icao_code": "KCRP", "municipality": "Corpus Christi", "iso_country": "US", "iso_region": "US-TX"}}, {"type": "Feature", "geometry": {"type": "Point", "coordinates": [-90.3734, 38.7525]}, "properties": {"station_id": "KSTL", "temp_c": 16.7, "icao_code": "KSTL", "municipality": "St Louis", "iso_country": "US", "iso_region": "US-MO"}}, {"type": "Feature", "geometry": {"type": "Point", "coordinates": [-120.4522, 34.894]}, "properties": {"station_id": "KSMX", "temp_c": 11.1, "icao_code": "KSMX", "municipality": "Santa Maria", "iso_country": "US", "iso_region": "US-CA"}}, {"type": "Feature", "geometry": {"type": "Point", "coordinates": [-81.8519, 41.4057]}, "properties": {"station_id": "KCLE", "temp_c": 20.0, "icao_code": "KCLE", "municipality": "Cleveland", "iso_country": "US", "iso_region": "US-OH"}}, {"type": "Feature", "geometry": {"type": "Point", "coordinates": [-80.6736, 41.2548]}, "properties": {"station_id": "KYNG", "temp_c": 16.1, "icao_code": "KYNG", "municipality": "Youngstown/Warren", "iso_country": "US", "iso_region": "US-OH"}}, {"type": "Feature", "geometry": {"type": "Point", "coordinates": [-118.4471, 34.021]}, "properties": {"station_id": "KSMO", "temp_c": 14.4, "icao_code": "KSMO", "municipality": "Santa Monica", "iso_country": "US", "iso_region": "US-CA"}}, {"type": "Feature", "geometry": {"type": "Point", "coordinates": [-79.8554, 38.8899]}, "properties": {"station_id": "KEKN", "temp_c": 14.4, "icao_code": "KEKN", "municipality": "Elkins", "iso_country": "US", "iso_region": "US-WV"}}, {"type": "Feature", "geometry": {"type": "Point", "coordinates": [-80.2083, 40.4814]}, "properties": {"station_id": "KPIT", "temp_c": 16.7, "icao_code": "KPIT", "municipality": "Pittsburgh", "iso_country": "US", "iso_region": "US-PA"}}, {"type": "Feature", "geometry": {"type": "Point", "coordinates": [-74.2029, 44.3928]}, "properties": {"station_id": "KSLK", "temp_c": -0.6, "icao_code": "KSLK", "municipality": "Saranac Lake", "iso_country": "US", "iso_region": "US-NY"}}, {"type": "Feature", "geometry": {"type": "Point", "coordinates": [-81.4434, 40.9181]}, "properties": {"station_id": "KCAK", "temp_c": 18.9, "icao_code": "KCAK", "municipality": "Akron", "iso_country": "US", "iso_region": "US-OH"}}, {"type": "Feature", "geometry": {"type": "Point", "coordinates": [-75.206, 19.909]}, "properties": {"station_id": "MUGM", "temp_c": 23.3, "icao_code": "MUGM", "municipality": "Guantanamo Bay Naval Station", "iso_country": "CU", "iso_region": "CU-14"}}, {"type": "Feature", "geometry": {"type": "Point", "coordinates": [-84.9422, 32.5163]}, "properties": {"station_id": "KCSG", "temp_c": 18.3, "icao_code": "KCSG", "municipality": "Columbus", "iso_country": "US", "iso_region": "US-GA"}}, {"type": "Feature", "geometry": {"type": "Point", "coordinates": [-100.4948, 31.3517]}, "properties": {"station_id": "KSJT", "temp_c": 25.0, "icao_code": "KSJT", "municipality": "San Angelo", "iso_country": "US", "iso_region": "US-TX"}}, {"type": "Feature", "geometry": {"type": "Point", "coordinates": [-101.3955, 35.695]}, "properties": {"station_id": "KBGD", "temp_c": 17.2, "icao_code": "KBGD", "municipality": "Borger", "iso_country": "US", "iso_region": "US-TX"}}, {"type": "Feature", "geometry": {"type": "Point", "coordinates": [-71.2946, 42.4681]}, "properties": {"station_id": "KBED", "temp_c": 5.0, "icao_code": "KBED", "municipality": "Bedford", "iso_country": "US", "iso_region": "US-MA"}}, {"type": "Feature", "geometry": {"type": "Point", "coordinates": [-72.682, 41.9374]}, "properties": {"station_id": "KBDL", "temp_c": 9.4, "icao_code": "KBDL", "municipality": "Hartford", "iso_country": "US", "iso_region": "US-CT"}}, {"type": "Feature", "geometry": {"type": "Point", "coordinates": [-159.783, 22.034]}, "properties": {"station_id": "PHBK", "temp_c": 24.4, "icao_code": "PHBK", "municipality": "Kekaha", "iso_country": "US", "iso_region": "US-HI"}}, {"type": "Feature", "geometry": {"type": "Point", "coordinates": [-98.0459, 29.7089]}, "properties": {"station_id": "KBAZ", "temp_c": 25.6, "icao_code": "KBAZ", "municipality": "New Braunfels", "iso_country": "US", "iso_region": "US-TX"}}, {"type": "Feature", "geometry": {"type": "Point", "coordinates": [-98.4839, 29.5443]}, "properties": {"station_id": "KSAT", "temp_c": 25.6, "icao_code": "KSAT", "municipality": "San Antonio", "iso_country": "US", "iso_region": "US-TX"}}, {"type": "Feature", "geometry": {"type": "Point", "coordinates": [-71.5026, 43.2049]}, "properties": {"station_id": "KCON", "temp_c": 6.7, "icao_code": "KCON", "municipality": "Concord", "iso_country": "US", "iso_region": "US-NH"}}, {"type": "Feature", "geometry": {"type": "Point", "coordinates": [-106.3774, 31.8123]}, "properties": {"station_id": "KELP", "temp_c": 25.0, "icao_code": "KELP", "municipality": "El Paso", "iso_country": "US", "iso_region": "US-TX"}}, {"type": "Feature", "geometry": {"type": "Point", "coordinates": [-112.0037, 33.4278]}, "properties": {"station_id": "KPHX", "temp_c": 21.7, "icao_code": "KPHX", "municipality": "Phoenix", "iso_country": "US", "iso_region": "US-AZ"}}, {"type": "Feature", "geometry": {"type": "Point", "coordinates": [-73.7991, 42.7473]}, "properties": {"station_id": "KALB", "temp_c": 13.3, "icao_code": "KALB", "municipality": "Albany", "iso_country": "US", "iso_region": "US-NY"}}, {"type": "Feature", "geometry": {"type": "Point", "coordinates": [8.515, 49.474]}, "properties": {"station_id": "EDFM", "temp_c": 11.0, "icao_code": "EDFM", "municipality": "Mannheim", "iso_country": "DE", "iso_region": "DE-BW"}}, {"type": "Feature", "geometry": {"type": "Point", "coordinates": [39.291, 38.607]}, "properties": {"station_id": "LTCA", "temp_c": 15.0, "icao_code": "LTCA", "municipality": "Elaz\u0131\u011f", "iso_country": "TR", "iso_region": "TR-23"}}, {"type": "Feature", "geometry": {"type": "Point", "coordinates": [30.519, 39.81]}, "properties": {"station_id": "LTBY", "temp_c": 9.0, "icao_code": "LTBY", "municipality": "Eski\u015fehir", "iso_country": "TR", "iso_region": "TR-26"}}, {"type": "Feature", "geometry": {"type": "Point", "coordinates": [30.083, 40.735]}, "properties": {"station_id": "LTBQ", "temp_c": 10.0, "icao_code": "LTBQ", "municipality": "Kartepe", "iso_country": "TR", "iso_region": "TR-41"}}, {"type": "Feature", "geometry": {"type": "Point", "coordinates": [26.425, 40.14]}, "properties": {"station_id": "LTBH", "temp_c": 12.0, "icao_code": "LTBH", "municipality": "\u00c7anakkale", "iso_country": "TR", "iso_region": "TR-17"}}, {"type": "Feature", "geometry": {"type": "Point", "coordinates": [27.926, 39.619]}, "properties": {"station_id": "LTBF", "temp_c": 10.0, "icao_code": "LTBF", "municipality": "Bal\u0131kesir", "iso_country": "TR", "iso_region": "TR-10"}}, {"type": "Feature", "geometry": {"type": "Point", "coordinates": [27.886, 37.816]}, "properties": {"station_id": "LTBD", "temp_c": 17.0, "icao_code": "LTBD", "municipality": "Ayd\u0131n", "iso_country": "TR", "iso_region": "TR-09"}}, {"type": "Feature", "geometry": {"type": "Point", "coordinates": [29.701, 37.785]}, "properties": {"station_id": "LTAY", "temp_c": 13.0, "icao_code": "LTAY", "municipality": "Denizli", "iso_country": "TR", "iso_region": "TR-20"}}, {"type": "Feature", "geometry": {"type": "Point", "coordinates": [36.894, 39.798]}, "properties": {"station_id": "LTAR", "temp_c": 8.0, "icao_code": "LTAR", "municipality": "Sivas", "iso_country": "TR", "iso_region": "TR-58"}}, {"type": "Feature", "geometry": {"type": "Point", "coordinates": [35.52, 40.826]}, "properties": {"station_id": "LTAP", "temp_c": 8.0, "icao_code": "LTAP", "municipality": "Amasya", "iso_country": "TR", "iso_region": "TR-05"}}, {"type": "Feature", "geometry": {"type": "Point", "coordinates": [32.562, 37.979]}, "properties": {"station_id": "LTAN", "temp_c": 14.0, "icao_code": "LTAN", "municipality": "Konya", "iso_country": "TR", "iso_region": "TR-42"}}, {"type": "Feature", "geometry": {"type": "Point", "coordinates": [10.255, 59.184]}, "properties": {"station_id": "ENTO", "temp_c": 5.0, "icao_code": "ENTO", "municipality": "Sandefjord(Torp)", "iso_country": "NO", "iso_region": "NO-39"}}, {"type": "Feature", "geometry": {"type": "Point", "coordinates": [15.466, 78.246]}, "properties": {"station_id": "ENSB", "temp_c": -6.0, "icao_code": "ENSB", "municipality": "Longyearbyen", "iso_country": "NO", "iso_region": "NO-21"}}, {"type": "Feature", "geometry": {"type": "Point", "coordinates": [11.342, 62.578]}, "properties": {"station_id": "ENRO", "temp_c": -1.0, "icao_code": "ENRO", "municipality": "R\u00f8ros", "iso_country": "NO", "iso_region": "NO-50"}}, {"type": "Feature", "geometry": {"type": "Point", "coordinates": [5.22, 59.341]}, "properties": {"station_id": "ENHD", "temp_c": 7.0, "icao_code": "ENHD", "municipality": "Karm\u00f8y", "iso_country": "NO", "iso_region": "NO-11"}}, {"type": "Feature", "geometry": {"type": "Point", "coordinates": [8.077, 58.2]}, "properties": {"station_id": "ENCN", "temp_c": 6.0, "icao_code": "ENCN", "municipality": "Kristiansand(Kjevik)", "iso_country": "NO", "iso_region": "NO-42"}}, {"type": "Feature", "geometry": {"type": "Point", "coordinates": [6.115, 62.562]}, "properties": {"station_id": "ENAL", "temp_c": 5.0, "icao_code": "ENAL", "municipality": "\u00c5lesund", "iso_country": "NO", "iso_region": "NO-15"}}, {"type": "Feature", "geometry": {"type": "Point", "coordinates": [19.903, 60.125]}, "properties": {"station_id": "EFMA", "temp_c": 5.0, "icao_code": "EFMA", "municipality": "Mariehamn", "iso_country": "FI", "iso_region": "FI-01"}}, {"type": "Feature", "geometry": {"type": "Point", "coordinates": [25.829, 66.562]}, "properties": {"station_id": "EFRO", "temp_c": 0.0, "icao_code": "EFRO", "municipality": "Rovaniemi", "iso_country": "FI", "iso_region": "FI-10"}}, {"type": "Feature", "geometry": {"type": "Point", "coordinates": [5.637, 58.884]}, "properties": {"station_id": "ENZV", "temp_c": 6.0, "icao_code": "ENZV", "municipality": "Stavanger", "iso_country": "NO", "iso_region": "NO-11"}}, {"type": "Feature", "geometry": {"type": "Point", "coordinates": [10.931, 63.46]}, "properties": {"station_id": "ENVA", "temp_c": 2.0, "icao_code": "ENVA", "municipality": "Trondheim", "iso_country": "NO", "iso_region": "NO-50"}}, {"type": "Feature", "geometry": {"type": "Point", "coordinates": [9.609, 63.703]}, "properties": {"station_id": "ENOL", "temp_c": 4.0, "icao_code": "ENOL", "municipality": "\u00d8rland", "iso_country": "NO", "iso_region": "NO-50"}}, {"type": "Feature", "geometry": {"type": "Point", "coordinates": [11.08, 60.201]}, "properties": {"station_id": "ENGM", "temp_c": 3.0, "icao_code": "ENGM", "municipality": "Oslo (Gardermoen)", "iso_country": "NO", "iso_region": "NO-32"}}, {"type": "Feature", "geometry": {"type": "Point", "coordinates": [14.359, 67.267]}, "properties": {"station_id": "ENBO", "temp_c": 2.0, "icao_code": "ENBO", "municipality": "Bod\u00f8", "iso_country": "NO", "iso_region": "NO-18"}}, {"type": "Feature", "geometry": {"type": "Point", "coordinates": [16.131, 69.307]}, "properties": {"station_id": "ENAN", "temp_c": 3.0, "icao_code": "ENAN", "municipality": "Andenes", "iso_country": "NO", "iso_region": "NO-18"}}, {"type": "Feature", "geometry": {"type": "Point", "coordinates": [21.097, 56.517]}, "properties": {"station_id": "EVLA", "temp_c": 5.0, "icao_code": "EVLA", "municipality": "Liep\u0101ja", "iso_country": "LV", "iso_region": "LV-112"}}, {"type": "Feature", "geometry": {"type": "Point", "coordinates": [29.898, 69.725]}, "properties": {"station_id": "ENKR", "temp_c": 0.0, "icao_code": "ENKR", "municipality": "Kirkenes", "iso_country": "NO", "iso_region": "NO-56"}}, {"type": "Feature", "geometry": {"type": "Point", "coordinates": [5.02, 61.582]}, "properties": {"station_id": "ENFL", "temp_c": 4.0, "icao_code": "ENFL", "municipality": "Flor\u00f8", "iso_country": "NO", "iso_region": "NO-46"}}, {"type": "Feature", "geometry": {"type": "Point", "coordinates": [5.76, 61.391]}, "properties": {"station_id": "ENBL", "temp_c": 3.0, "icao_code": "ENBL", "municipality": "F\u00f8rde", "iso_country": "NO", "iso_region": "NO-46"}}, {"type": "Feature", "geometry": {"type": "Point", "coordinates": [15.029, 68.58]}, "properties": {"station_id": "ENSK", "temp_c": 2.0, "icao_code": "ENSK", "municipality": "Hadsel", "iso_country": "NO", "iso_region": "NO-18"}}, {"type": "Feature", "geometry": {"type": "Point", "coordinates": [12.104, 67.527]}, "properties": {"station_id": "ENRS", "temp_c": 3.0, "icao_code": "ENRS", "municipality": "R\u00f8st", "iso_country": "NO", "iso_region": "NO-18"}}, {"type": "Feature", "geometry": {"type": "Point", "coordinates": [22.971, 40.52]}, "properties": {"station_id": "LGTS", "temp_c": 14.0, "icao_code": "LGTS", "municipality": "Thessaloniki", "iso_country": "GR", "iso_region": "GR-B"}}, {"type": "Feature", "geometry": {"type": "Point", "coordinates": [26.912, 37.69]}, "properties": {"station_id": "LGSM", "temp_c": 17.0, "icao_code": "LGSM", "municipality": "Samos Island", "iso_country": "GR", "iso_region": "GR-K"}}, {"type": "Feature", "geometry": {"type": "Point", "coordinates": [9.561, 47.485]}, "properties": {"station_id": "LSZR", "temp_c": 10.0, "icao_code": "LSZR", "municipality": "St. Gallen", "iso_country": "CH", "iso_region": "CH-SG"}}, {"type": "Feature", "geometry": {"type": "Point", "coordinates": [24.141, 35.54]}, "properties": {"station_id": "LGSA", "temp_c": 17.0, "icao_code": "LGSA", "municipality": "Souda", "iso_country": "GR", "iso_region": "GR-M"}}, {"type": "Feature", "geometry": {"type": "Point", "coordinates": [25.236, 39.917]}, "properties": {"station_id": "LGLM", "temp_c": 14.0, "icao_code": "LGLM", "municipality": "Limnos Island", "iso_country": "GR", "iso_region": "GR-K"}}, {"type": "Feature", "geometry": {"type": "Point", "coordinates": [27.091, 36.801]}, "properties": {"station_id": "LGKO", "temp_c": 18.0, "icao_code": "LGKO", "municipality": "Kos Island", "iso_country": "GR", "iso_region": "GR-L"}}, {"type": "Feature", "geometry": {"type": "Point", "coordinates": [21.287, 37.923]}, "properties": {"station_id": "LGAD", "temp_c": 17.0, "icao_code": "LGAD", "municipality": "Andravida", "iso_country": "GR", "iso_region": "GR-G"}}, {"type": "Feature", "geometry": {"type": "Point", "coordinates": [6.204, 49.626]}, "properties": {"station_id": "ELLX", "temp_c": 9.0, "icao_code": "ELLX", "municipality": "Luxembourg", "iso_country": "LU", "iso_region": "LU-L"}}, {"type": "Feature", "geometry": {"type": "Point", "coordinates": [2.862, 51.199]}, "properties": {"station_id": "EBOS", "temp_c": 11.0, "icao_code": "EBOS", "municipality": "Oostende", "iso_country": "BE", "iso_region": "BE-VWV"}}, {"type": "Feature", "geometry": {"type": "Point", "coordinates": [5.443, 50.637]}, "properties": {"station_id": "EBLG", "temp_c": 7.0, "icao_code": "EBLG", "municipality": "Gr\u00e2ce-Hollogne", "iso_country": "BE", "iso_region": "BE-WLG"}}, {"type": "Feature", "geometry": {"type": "Point", "coordinates": [4.454, 50.459]}, "properties": {"station_id": "EBCI", "temp_c": 8.0, "icao_code": "EBCI", "municipality": "Charleroi", "iso_country": "BE", "iso_region": "BE-WHT"}}, {"type": "Feature", "geometry": {"type": "Point", "coordinates": [7.415, 47.179]}, "properties": {"station_id": "LSZG", "temp_c": 8.0, "icao_code": "LSZG", "municipality": "Grenchen", "iso_country": "CH", "iso_region": "CH-SO"}}, {"type": "Feature", "geometry": {"type": "Point", "coordinates": [4.526, 50.896]}, "properties": {"station_id": "EBBR", "temp_c": 9.0, "icao_code": "EBBR", "municipality": "Zaventem", "iso_country": "BE", "iso_region": "BE-VBR"}}, {"type": "Feature", "geometry": {"type": "Point", "coordinates": [7.33, 46.219]}, "properties": {"station_id": "LSGS", "temp_c": 11.0, "icao_code": "LSGS", "municipality": "Sion", "iso_country": "CH", "iso_region": "CH-VS"}}, {"type": "Feature", "geometry": {"type": "Point", "coordinates": [21.545, 57.361]}, "properties": {"station_id": "EVVA", "temp_c": 6.0, "icao_code": "EVVA", "municipality": "Ventspils", "iso_country": "LV", "iso_region": "LV-VEN"}}, {"type": "Feature", "geometry": {"type": "Point", "coordinates": [4.46, 51.189]}, "properties": {"station_id": "EBAW", "temp_c": 9.0, "icao_code": "EBAW", "municipality": "Antwerp", "iso_country": "BE", "iso_region": "BE-VAN"}}, {"type": "Feature", "geometry": {"type": "Point", "coordinates": [29.309, 40.899]}, "properties": {"station_id": "LTFJ", "temp_c": 11.0, "icao_code": "LTFJ", "municipality": "Pendik, Istanbul", "iso_country": "TR", "iso_region": "TR-34"}}, {"type": "Feature", "geometry": {"type": "Point", "coordinates": [14.318, 46.648]}, "properties": {"station_id": "LOWK", "temp_c": 10.0, "icao_code": "LOWK", "municipality": "Klagenfurt am W\u00f6rthersee", "iso_country": "AT", "iso_region": "AT-2"}}, {"type": "Feature", "geometry": {"type": "Point", "coordinates": [6.792, 47.083]}, "properties": {"station_id": "LSGC", "temp_c": 8.0, "icao_code": "LSGC", "municipality": "La Chaux-de-Fonds", "iso_country": "CH", "iso_region": "CH-NE"}}, {"type": "Feature", "geometry": {"type": "Point", "coordinates": [15.447, 46.997]}, "properties": {"station_id": "LOWG", "temp_c": 11.0, "icao_code": "LOWG", "municipality": "Feldkirchen bei Graz", "iso_country": "AT", "iso_region": "AT-6"}}, {"type": "Feature", "geometry": {"type": "Point", "coordinates": [38.904, 37.445]}, "properties": {"station_id": "LTCS", "temp_c": 17.0, "icao_code": "LTCS", "municipality": "\u015eanl\u0131urfa", "iso_country": "TR", "iso_region": "TR-63"}}, {"type": "Feature", "geometry": {"type": "Point", "coordinates": [27.919, 41.139]}, "properties": {"station_id": "LTBU", "temp_c": 10.0, "icao_code": "LTBU", "municipality": "\u00c7orlu", "iso_country": "TR", "iso_region": "TR-59"}}, {"type": "Feature", "geometry": {"type": "Point", "coordinates": [33.496, 35.155]}, "properties": {"station_id": "LCEN", "temp_c": 23.0, "icao_code": "LCEN", "municipality": "Tymbou (Kirklar)", "iso_country": "CY", "iso_region": "CY-02"}}, {"type": "Feature", "geometry": {"type": "Point", "coordinates": [-4.536, 53.252]}, "properties": {"station_id": "EGOV", "temp_c": 9.0, "icao_code": "EGOV", "municipality": "Angelsey", "iso_country": "GB", "iso_region": "GB-WLS"}}, {"type": "Feature", "geometry": {"type": "Point", "coordinates": [-2.862, 56.377]}, "properties": {"station_id": "EGQL", "temp_c": 9.0, "icao_code": "EGQL", "municipality": "Leuchars, Fife", "iso_country": "GB", "iso_region": "GB-SCT"}}, {"type": "Feature", "geometry": {"type": "Point", "coordinates": [8.91, 46.004]}, "properties": {"station_id": "LSZA", "temp_c": 16.0, "icao_code": "LSZA", "municipality": "Agno", "iso_country": "CH", "iso_region": "CH-TI"}}, {"type": "Feature", "geometry": {"type": "Point", "coordinates": [11.344, 47.26]}, "properties": {"station_id": "LOWI", "temp_c": 10.0, "icao_code": "LOWI", "municipality": "Innsbruck", "iso_country": "AT", "iso_region": "AT-7"}}, {"type": "Feature", "geometry": {"type": "Point", "coordinates": [13.009, 47.789]}, "properties": {"station_id": "LOWS", "temp_c": 7.0, "icao_code": "LOWS", "municipality": "Salzburg", "iso_country": "AT", "iso_region": "AT-5"}}, {"type": "Feature", "geometry": {"type": "Point", "coordinates": [14.188, 48.233]}, "properties": {"station_id": "LOWL", "temp_c": 10.0, "icao_code": "LOWL", "municipality": "Linz", "iso_country": "AT", "iso_region": "AT-4"}}, {"type": "Feature", "geometry": {"type": "Point", "coordinates": [35.07, 36.8939]}, "properties": {"station_id": "LTDB", "temp_c": 20.0, "icao_code": "LTDB", "municipality": "Tarsus", "iso_country": "TR", "iso_region": "TR-33"}}, {"type": "Feature", "geometry": {"type": "Point", "coordinates": [28.74, 41.262]}, "properties": {"station_id": "LTFM", "temp_c": 11.0, "icao_code": "LTFM", "municipality": "Istanbul", "iso_country": "TR", "iso_region": "TR-34"}}, {"type": "Feature", "geometry": {"type": "Point", "coordinates": [39.782, 40.995]}, "properties": {"station_id": "LTCG", "temp_c": 12.0, "icao_code": "LTCG", "municipality": "Trabzon", "iso_country": "TR", "iso_region": "TR-61"}}, {"type": "Feature", "geometry": {"type": "Point", "coordinates": [28.793, 36.713]}, "properties": {"station_id": "LTBS", "temp_c": 19.0, "icao_code": "LTBS", "municipality": "Dalaman", "iso_country": "TR", "iso_region": "TR-48"}}, {"type": "Feature", "geometry": {"type": "Point", "coordinates": [27.155, 38.285]}, "properties": {"station_id": "LTBJ", "temp_c": 15.0, "icao_code": "LTBJ", "municipality": "Gaziemir", "iso_country": "TR", "iso_region": "TR-35"}}, {"type": "Feature", "geometry": {"type": "Point", "coordinates": [34.521, 38.771]}, "properties": {"station_id": "LTAZ", "temp_c": 12.0, "icao_code": "LTAZ", "municipality": "Nev\u015fehir", "iso_country": "TR", "iso_region": "TR-50"}}, {"type": "Feature", "geometry": {"type": "Point", "coordinates": [37.479, 36.947]}, "properties": {"station_id": "LTAJ", "temp_c": 19.0, "icao_code": "LTAJ", "municipality": "Gaziantep", "iso_country": "TR", "iso_region": "TR-27"}}, {"type": "Feature", "geometry": {"type": "Point", "coordinates": [7.497, 46.914]}, "properties": {"station_id": "LSZB", "temp_c": 7.0, "icao_code": "LSZB", "municipality": "Bern", "iso_country": "CH", "iso_region": "CH-BE"}}, {"type": "Feature", "geometry": {"type": "Point", "coordinates": [35.293, 36.989]}, "properties": {"station_id": "LTAF", "temp_c": 20.0, "icao_code": "LTAF", "municipality": "Seyhan", "iso_country": "TR", "iso_region": "TR-01"}}, {"type": "Feature", "geometry": {"type": "Point", "coordinates": [14.416, 62.047]}, "properties": {"station_id": "ESND", "temp_c": 2.0, "icao_code": "ESND", "municipality": "Sveg", "iso_country": "SE", "iso_region": "SE-Z"}}, {"type": "Feature", "geometry": {"type": "Point", "coordinates": [23.069, 67.246]}, "properties": {"station_id": "ESUP", "temp_c": 0.0, "icao_code": "ESUP", "municipality": "Pajala", "iso_country": "SE", "iso_region": "SE-BD"}}, {"type": "Feature", "geometry": {"type": "Point", "coordinates": [12.992, 60.158]}, "properties": {"station_id": "ESST", "temp_c": 4.0, "icao_code": "ESST", "municipality": "Torsby", "iso_country": "SE", "iso_region": "SE-S"}}, {"type": "Feature", "geometry": {"type": "Point", "coordinates": [19.283, 65.592]}, "properties": {"station_id": "ESNX", "temp_c": -1.0, "icao_code": "ESNX", "municipality": "Arvidsjaur", "iso_country": "SE", "iso_region": "SE-BD"}}, {"type": "Feature", "geometry": {"type": "Point", "coordinates": [16.839, 64.579]}, "properties": {"station_id": "ESNV", "temp_c": 0.0, "icao_code": "ESNV", "municipality": "Vilhelmina", "iso_country": "SE", "iso_region": "SE-AC"}}, {"type": "Feature", "geometry": {"type": "Point", "coordinates": [18.711, 64.552]}, "properties": {"station_id": "ESNL", "temp_c": 1.0, "icao_code": "ESNL", "municipality": "Lycksele", "iso_country": "SE", "iso_region": "SE-AC"}}, {"type": "Feature", "geometry": {"type": "Point", "coordinates": [6.128, 46.248]}, "properties": {"station_id": "LSGG", "temp_c": 12.0, "icao_code": "LSGG", "municipality": "Geneva", "iso_country": "CH", "iso_region": "CH-GE"}}, {"type": "Feature", "geometry": {"type": "Point", "coordinates": [8.536, 47.48]}, "properties": {"station_id": "LSZH", "temp_c": 8.0, "icao_code": "LSZH", "municipality": "Zurich", "iso_country": "CH", "iso_region": "CH-ZH"}}, {"type": "Feature", "geometry": {"type": "Point", "coordinates": [14.507, 60.96]}, "properties": {"station_id": "ESKM", "temp_c": 3.0, "icao_code": "ESKM", "municipality": "Mora", "iso_country": "SE", "iso_region": "SE-W"}}, {"type": "Feature", "geometry": {"type": "Point", "coordinates": [14.744, 47.203]}, "properties": {"station_id": "LOXZ", "temp_c": 7.0, "icao_code": "LOXZ", "municipality": "Zeltweg", "iso_country": "AT", "iso_region": "AT-6"}}, {"type": "Feature", "geometry": {"type": "Point", "coordinates": [9.114, 56.293]}, "properties": {"station_id": "EKKA", "temp_c": 4.0, "icao_code": "EKKA", "municipality": "Karup", "iso_country": "DK", "iso_region": "DK-82"}}, {"type": "Feature", "geometry": {"type": "Point", "coordinates": [9.68, 52.466]}, "properties": {"station_id": "EDDV", "temp_c": 7.0, "icao_code": "EDDV", "municipality": "Hannover", "iso_country": "DE", "iso_region": "DE-NI"}}, {"type": "Feature", "geometry": {"type": "Point", "coordinates": [9.222, 48.69]}, "properties": {"station_id": "EDDS", "temp_c": 10.0, "icao_code": "EDDS", "municipality": "Stuttgart", "iso_country": "DE", "iso_region": "DE-BW"}}, {"type": "Feature", "geometry": {"type": "Point", "coordinates": [11.813, 48.348]}, "properties": {"station_id": "EDDM", "temp_c": 8.0, "icao_code": "EDDM", "municipality": "Munich", "iso_country": "DE", "iso_region": "DE-BY"}}, {"type": "Feature", "geometry": {"type": "Point", "coordinates": [21.762, 63.051]}, "properties": {"station_id": "EFVA", "temp_c": 3.0, "icao_code": "EFVA", "municipality": "Vaasa", "iso_country": "FI", "iso_region": "FI-12"}}, {"type": "Feature", "geometry": {"type": "Point", "coordinates": [-87.1778, 35.5579]}, "properties": {"station_id": "KMRC", "temp_c": 23.0, "icao_code": "KMRC", "municipality": "Columbia/Mount Pleasant", "iso_country": "US", "iso_region": "US-TN"}}, {"type": "Feature", "geometry": {"type": "Point", "coordinates": [6.769, 51.296]}, "properties": {"station_id": "EDDL", "temp_c": 9.0, "icao_code": "EDDL", "municipality": "D\u00fcsseldorf", "iso_country": "DE", "iso_region": "DE-NW"}}, {"type": "Feature", "geometry": {"type": "Point", "coordinates": [9.263, 55.225]}, "properties": {"station_id": "EKSP", "temp_c": 6.0, "icao_code": "EKSP", "municipality": "Vojens", "iso_country": "DK", "iso_region": "DK-83"}}, {"type": "Feature", "geometry": {"type": "Point", "coordinates": [151.843, 7.462]}, "properties": {"station_id": "PTKK", "temp_c": 31.2, "icao_code": "PTKK", "municipality": "Weno Island", "iso_country": "FM", "iso_region": "FM-TRK"}}, {"type": "Feature", "geometry": {"type": "Point", "coordinates": [7.157, 50.865]}, "properties": {"station_id": "EDDK", "temp_c": 5.0, "icao_code": "EDDK", "municipality": "K\u00f6ln (Cologne)", "iso_country": "DE", "iso_region": "DE-NW"}}, {"type": "Feature", "geometry": {"type": "Point", "coordinates": [138.077, 9.487]}, "properties": {"station_id": "PTYA", "temp_c": 25.6, "icao_code": "PTYA", "municipality": "Yap Island", "iso_country": "FM", "iso_region": "FM-YAP"}}, {"type": "Feature", "geometry": {"type": "Point", "coordinates": [-45.42, 61.164]}, "properties": {"station_id": "BGBW", "temp_c": -6.0, "icao_code": "BGBW", "municipality": "Narsarsuaq", "iso_country": "GL", "iso_region": "GL-KU"}}, {"type": "Feature", "geometry": {"type": "Point", "coordinates": [-51.064, 69.24]}, "properties": {"station_id": "BGJN", "temp_c": -9.0, "icao_code": "BGJN", "municipality": "Ilulissat", "iso_country": "GL", "iso_region": "GL-AV"}}, {"type": "Feature", "geometry": {"type": "Point", "coordinates": [-37.133, 65.575]}, "properties": {"station_id": "BGKK", "temp_c": 0.0, "icao_code": "BGKK", "municipality": "Kulusuk", "iso_country": "GL", "iso_region": "GL-SE"}}, {"type": "Feature", "geometry": {"type": "Point", "coordinates": [-50.718, 67.013]}, "properties": {"station_id": "BGSF", "temp_c": -10.0, "icao_code": "BGSF", "municipality": "Kangerlussuaq", "iso_country": "GL", "iso_region": "GL-QA"}}, {"type": "Feature", "geometry": {"type": "Point", "coordinates": [9.988, 53.633]}, "properties": {"station_id": "EDDH", "temp_c": 7.0, "icao_code": "EDDH", "municipality": "Hamburg", "iso_country": "DE", "iso_region": "DE-HH"}}, {"type": "Feature", "geometry": {"type": "Point", "coordinates": [8.598, 50.045]}, "properties": {"station_id": "EDDF", "temp_c": 11.0, "icao_code": "EDDF", "municipality": "Frankfurt am Main", "iso_country": "DE", "iso_region": "DE-HE"}}, {"type": "Feature", "geometry": {"type": "Point", "coordinates": [8.787, 53.047]}, "properties": {"station_id": "EDDW", "temp_c": 7.0, "icao_code": "EDDW", "municipality": "Bremen", "iso_country": "DE", "iso_region": "DE-HB"}}, {"type": "Feature", "geometry": {"type": "Point", "coordinates": [-0.562, 52.962]}, "properties": {"station_id": "EGYE", "temp_c": 7.0, "icao_code": "EGYE", "municipality": "Grantham, Lincolnshire", "iso_country": "GB", "iso_region": "GB-ENG"}}, {"type": "Feature", "geometry": {"type": "Point", "coordinates": [7.108, 49.213]}, "properties": {"station_id": "EDDR", "temp_c": 10.0, "icao_code": "EDDR", "municipality": "Saarbr\u00fccken", "iso_country": "DE", "iso_region": "DE-SL"}}, {"type": "Feature", "geometry": {"type": "Point", "coordinates": [-0.945, 51.239]}, "properties": {"station_id": "EGVO", "temp_c": 8.0, "icao_code": "EGVO", "municipality": "Hook, Hampshire", "iso_country": "GB", "iso_region": "GB-ENG"}}, {"type": "Feature", "geometry": {"type": "Point", "coordinates": [12.24, 51.435]}, "properties": {"station_id": "EDDP", "temp_c": 6.0, "icao_code": "EDDP", "municipality": "Schkeuditz", "iso_country": "DE", "iso_region": "DE-SN"}}, {"type": "Feature", "geometry": {"type": "Point", "coordinates": [-1.099, 51.62]}, "properties": {"station_id": "EGUB", "temp_c": 9.0, "icao_code": "EGUB", "municipality": "Wallingford, Oxfordshire", "iso_country": "GB", "iso_region": "GB-ENG"}}, {"type": "Feature", "geometry": {"type": "Point", "coordinates": [7.697, 52.135]}, "properties": {"station_id": "EDDG", "temp_c": 8.0, "icao_code": "EDDG", "municipality": "Greven", "iso_country": "DE", "iso_region": "DE-NW"}}, {"type": "Feature", "geometry": {"type": "Point", "coordinates": [-2.665, 52.795]}, "properties": {"station_id": "EGOS", "temp_c": 9.0, "icao_code": "EGOS", "municipality": "Shrewsbury, Shropshire", "iso_country": "GB", "iso_region": "GB-ENG"}}, {"type": "Feature", "geometry": {"type": "Point", "coordinates": [10.961, 50.983]}, "properties": {"station_id": "EDDE", "temp_c": 6.0, "icao_code": "EDDE", "municipality": "Erfurt", "iso_country": "DE", "iso_region": "DE-TH"}}, {"type": "Feature", "geometry": {"type": "Point", "coordinates": [13.7543, 51.128]}, "properties": {"station_id": "EDDC", "temp_c": 7.0, "icao_code": "EDDC", "municipality": "Dresden", "iso_country": "DE", "iso_region": "DE-SN"}}, {"type": "Feature", "geometry": {"type": "Point", "coordinates": [13.5306, 52.3807]}, "properties": {"station_id": "EDDB", "temp_c": 7.0, "icao_code": "EDDB", "municipality": "Berlin", "iso_country": "DE", "iso_region": "DE-BR"}}, {"type": "Feature", "geometry": {"type": "Point", "coordinates": [24.847, 67.701]}, "properties": {"station_id": "EFKT", "temp_c": 0.0, "icao_code": "EFKT", "municipality": "Kittil\u00e4", "iso_country": "FI", "iso_region": "FI-10"}}, {"type": "Feature", "geometry": {"type": "Point", "coordinates": [-1.296, 59.88]}, "properties": {"station_id": "EGPB", "temp_c": 8.0, "icao_code": "EGPB", "municipality": "Lerwick, Shetland", "iso_country": "GB", "iso_region": "GB-SCT"}}, {"type": "Feature", "geometry": {"type": "Point", "coordinates": [8.878, 46.164]}, "properties": {"station_id": "LSZL", "temp_c": 15.0, "icao_code": "LSZL", "municipality": "Locarno", "iso_country": "CH", "iso_region": "CH-TI"}}, {"type": "Feature", "geometry": {"type": "Point", "coordinates": [9.879, 46.526]}, "properties": {"station_id": "LSZS", "temp_c": 5.0, "icao_code": "LSZS", "municipality": "Samedan", "iso_country": "CH", "iso_region": "CH-GR"}}, {"type": "Feature", "geometry": {"type": "Point", "coordinates": [23.358, 69.978]}, "properties": {"station_id": "ENAT", "temp_c": 2.0, "icao_code": "ENAT", "municipality": "Alta", "iso_country": "NO", "iso_region": "NO-56"}}, {"type": "Feature", "geometry": {"type": "Point", "coordinates": [29.236, 65.992]}, "properties": {"station_id": "EFKS", "temp_c": -1.0, "icao_code": "EFKS", "municipality": "Kuusamo", "iso_country": "FI", "iso_region": "FI-14"}}, {"type": "Feature", "geometry": {"type": "Point", "coordinates": [18.544, 69.058]}, "properties": {"station_id": "ENDU", "temp_c": 1.0, "icao_code": "ENDU", "municipality": "M\u00e5lselv", "iso_country": "NO", "iso_region": "NO-55"}}, {"type": "Feature", "geometry": {"type": "Point", "coordinates": [16.683, 68.491]}, "properties": {"station_id": "ENEV", "temp_c": -1.0, "icao_code": "ENEV", "municipality": "Evenes", "iso_country": "NO", "iso_region": "NO-18"}}, {"type": "Feature", "geometry": {"type": "Point", "coordinates": [7.816, 63.109]}, "properties": {"station_id": "ENKB", "temp_c": 6.0, "icao_code": "ENKB", "municipality": "Kvernberget", "iso_country": "NO", "iso_region": "NO-15"}}, {"type": "Feature", "geometry": {"type": "Point", "coordinates": [22.026, 37.068]}, "properties": {"station_id": "LGKL", "temp_c": 15.0, "icao_code": "LGKL", "municipality": "Kalamata", "iso_country": "GR", "iso_region": "GR-J"}}, {"type": "Feature", "geometry": {"type": "Point", "coordinates": [32.995, 40.128]}, "properties": {"station_id": "LTAC", "temp_c": 11.0, "icao_code": "LTAC", "municipality": "Ankara", "iso_country": "TR", "iso_region": "TR-06"}}, {"type": "Feature", "geometry": {"type": "Point", "coordinates": [24.801, 59.413]}, "properties": {"station_id": "EETN", "temp_c": 3.0, "icao_code": "EETN", "municipality": "Tallinn", "iso_country": "EE", "iso_region": "EE-37"}}, {"type": "Feature", "geometry": {"type": "Point", "coordinates": [5.222, 60.29]}, "properties": {"station_id": "ENBR", "temp_c": 3.0, "icao_code": "ENBR", "municipality": "Bergen", "iso_country": "NO", "iso_region": "NO-46"}}, {"type": "Feature", "geometry": {"type": "Point", "coordinates": [18.916, 69.675]}, "properties": {"station_id": "ENTC", "temp_c": 0.0, "icao_code": "ENTC", "municipality": "Troms\u00f8", "iso_country": "NO", "iso_region": "NO-55"}}, {"type": "Feature", "geometry": {"type": "Point", "coordinates": [27.673, 64.283]}, "properties": {"station_id": "EFKI", "temp_c": 0.0, "icao_code": "EFKI", "municipality": "Kajaani", "iso_country": "FI", "iso_region": "FI-05"}}, {"type": "Feature", "geometry": {"type": "Point", "coordinates": [12.136, 55.587]}, "properties": {"station_id": "EKRK", "temp_c": 7.0, "icao_code": "EKRK", "municipality": "Roskilde", "iso_country": "DK", "iso_region": "DK-85"}}, {"type": "Feature", "geometry": {"type": "Point", "coordinates": [24.579, 65.784]}, "properties": {"station_id": "EFKE", "temp_c": 2.0, "icao_code": "EFKE", "municipality": "Kemi / Tornio", "iso_country": "FI", "iso_region": "FI-10"}}, {"type": "Feature", "geometry": {"type": "Point", "coordinates": [9.388, 51.421]}, "properties": {"station_id": "EDVK", "temp_c": 7.0, "icao_code": "EDVK", "municipality": "Calden", "iso_country": "DE", "iso_region": "DE-HE"}}, {"type": "Feature", "geometry": {"type": "Point", "coordinates": [8.341, 54.913]}, "properties": {"station_id": "EDXW", "temp_c": 7.0, "icao_code": "EDXW", "municipality": "Sylt", "iso_country": "DE", "iso_region": "DE-SH"}}, {"type": "Feature", "geometry": {"type": "Point", "coordinates": [11.055, 49.503]}, "properties": {"station_id": "EDDN", "temp_c": 9.0, "icao_code": "EDDN", "municipality": "Nuremberg", "iso_country": "DE", "iso_region": "DE-BY"}}, {"type": "Feature", "geometry": {"type": "Point", "coordinates": [-4.632, 54.085]}, "properties": {"station_id": "EGNS", "temp_c": 9.0, "icao_code": "EGNS", "municipality": "Castletown", "iso_country": "IM", "iso_region": "IM-U-A"}}, {"type": "Feature", "geometry": {"type": "Point", "coordinates": [-2.275, 53.354]}, "properties": {"station_id": "EGCC", "temp_c": 9.0, "icao_code": "EGCC", "municipality": "Manchester, Greater Manchester", "iso_country": "GB", "iso_region": "GB-ENG"}}, {"type": "Feature", "geometry": {"type": "Point", "coordinates": [-0.617, 52.072]}, "properties": {"station_id": "EGTC", "temp_c": 8.0, "icao_code": "EGTC", "municipality": "Cranfield, Central Bedfordshire", "iso_country": "GB", "iso_region": "GB-ENG"}}, {"type": "Feature", "geometry": {"type": "Point", "coordinates": [34.887, 32.011]}, "properties": {"station_id": "LLBG", "temp_c": 20.0, "icao_code": "LLBG", "municipality": "Tel Aviv", "iso_country": "IL", "iso_region": "IL-M"}}, {"type": "Feature", "geometry": {"type": "Point", "coordinates": [23.424, 68.363]}, "properties": {"station_id": "EFET", "temp_c": -3.0, "icao_code": "EFET", "municipality": "Enontekio", "iso_country": "FI", "iso_region": "FI-10"}}, {"type": "Feature", "geometry": {"type": "Point", "coordinates": [26.938, 60.896]}, "properties": {"station_id": "EFUT", "temp_c": 2.0, "icao_code": "EFUT", "municipality": "Utti / Valkeala", "iso_country": "FI", "iso_region": "FI-09"}}, {"type": "Feature", "geometry": {"type": "Point", "coordinates": [22.83, 62.693]}, "properties": {"station_id": "EFSI", "temp_c": 2.0, "icao_code": "EFSI", "municipality": "Sein\u00e4joki / Ilmajoki", "iso_country": "FI", "iso_region": "FI-03"}}, {"type": "Feature", "geometry": {"type": "Point", "coordinates": [29.562, 40.255]}, "properties": {"station_id": "LTBR", "temp_c": 10.0, "icao_code": "LTBR", "municipality": "Yeni\u015fehir", "iso_country": "TR", "iso_region": "TR-16"}}, {"type": "Feature", "geometry": {"type": "Point", "coordinates": [30.368, 37.855]}, "properties": {"station_id": "LTFC", "temp_c": 14.0, "icao_code": "LTFC", "municipality": "Isparta", "iso_country": "TR", "iso_region": "TR-32"}}, {"type": "Feature", "geometry": {"type": "Point", "coordinates": [28.945, 61.943]}, "properties": {"station_id": "EFSA", "temp_c": 2.0, "icao_code": "EFSA", "municipality": "Savonlinna", "iso_country": "FI", "iso_region": "FI-04"}}, {"type": "Feature", "geometry": {"type": "Point", "coordinates": [27.201, 61.687]}, "properties": {"station_id": "EFMI", "temp_c": 2.0, "icao_code": "EFMI", "municipality": "Mikkeli", "iso_country": "FI", "iso_region": "FI-04"}}, {"type": "Feature", "geometry": {"type": "Point", "coordinates": [28.086, 36.405]}, "properties": {"station_id": "LGRP", "temp_c": 20.0, "icao_code": "LGRP", "municipality": "Rhodes", "iso_country": "GR", "iso_region": "GR-L"}}, {"type": "Feature", "geometry": {"type": "Point", "coordinates": [-1.578, 51.758]}, "properties": {"station_id": "EGVN", "temp_c": 9.0, "icao_code": "EGVN", "municipality": "Carterton, Oxfordshire", "iso_country": "GB", "iso_region": "GB-ENG"}}, {"type": "Feature", "geometry": {"type": "Point", "coordinates": [28.151, 61.044]}, "properties": {"station_id": "EFLP", "temp_c": 2.0, "icao_code": "EFLP", "municipality": "Lappeenranta", "iso_country": "FI", "iso_region": "FI-02"}}, {"type": "Feature", "geometry": {"type": "Point", "coordinates": [-0.417, 51.549]}, "properties": {"station_id": "EGWU", "temp_c": 10.0, "icao_code": "EGWU", "municipality": "Northolt, Greater London", "iso_country": "GB", "iso_region": "GB-ENG"}}, {"type": "Feature", "geometry": {"type": "Point", "coordinates": [-0.461, 52.611]}, "properties": {"station_id": "EGXT", "temp_c": 8.0, "icao_code": "EGXT", "municipality": "Peterborough, Cambridgeshire", "iso_country": "GB", "iso_region": "GB-ENG"}}, {"type": "Feature", "geometry": {"type": "Point", "coordinates": [-0.523, 53.175]}, "properties": {"station_id": "EGXW", "temp_c": 8.0, "icao_code": "EGXW", "municipality": "Lincoln, Lincolnshire", "iso_country": "GB", "iso_region": "GB-ENG"}}, {"type": "Feature", "geometry": {"type": "Point", "coordinates": [29.611, 62.66]}, "properties": {"station_id": "EFJO", "temp_c": 1.0, "icao_code": "EFJO", "municipality": "Joensuu", "iso_country": "FI", "iso_region": "FI-13"}}, {"type": "Feature", "geometry": {"type": "Point", "coordinates": [31.044, 70.355]}, "properties": {"station_id": "ENSS", "temp_c": 1.0, "icao_code": "ENSS", "municipality": "Vard\u00f8", "iso_country": "NO", "iso_region": "NO-56"}}, {"type": "Feature", "geometry": {"type": "Point", "coordinates": [12.506, 50.982]}, "properties": {"station_id": "EDAC", "temp_c": 6.0, "icao_code": "EDAC", "municipality": "Nobitz", "iso_country": "DE", "iso_region": "DE-TH"}}, {"type": "Feature", "geometry": {"type": "Point", "coordinates": [19.913, 39.61]}, "properties": {"station_id": "LGKR", "temp_c": 16.0, "icao_code": "LGKR", "municipality": "Kerkyra (Corfu)", "iso_country": "GR", "iso_region": "GR-F"}}, {"type": "Feature", "geometry": {"type": "Point", "coordinates": [25.173, 35.337]}, "properties": {"station_id": "LGIR", "temp_c": 18.0, "icao_code": "LGIR", "municipality": "Heraklion", "iso_country": "GR", "iso_region": "GR-M"}}, {"type": "Feature", "geometry": {"type": "Point", "coordinates": [23.945, 37.936]}, "properties": {"station_id": "LGAV", "temp_c": 18.0, "icao_code": "LGAV", "municipality": "Spata-Artemida", "iso_country": "GR", "iso_region": "GR-I"}}, {"type": "Feature", "geometry": {"type": "Point", "coordinates": [21.8, 61.462]}, "properties": {"station_id": "EFPO", "temp_c": 4.0, "icao_code": "EFPO", "municipality": "Pori", "iso_country": "FI", "iso_region": "FI-17"}}, {"type": "Feature", "geometry": {"type": "Point", "coordinates": [17.589, 59.899]}, "properties": {"station_id": "ESCM", "temp_c": 4.0, "icao_code": "ESCM", "municipality": "Uppsala", "iso_country": "SE", "iso_region": "SE-C"}}, {"type": "Feature", "geometry": {"type": "Point", "coordinates": [15.681, 58.406]}, "properties": {"station_id": "ESSL", "temp_c": 5.0, "icao_code": "ESSL", "municipality": "Link\u00f6ping", "iso_country": "SE", "iso_region": "SE-E"}}, {"type": "Feature", "geometry": {"type": "Point", "coordinates": [22.126, 65.541]}, "properties": {"station_id": "ESPA", "temp_c": 2.0, "icao_code": "ESPA", "municipality": "Lule\u00e5", "iso_country": "SE", "iso_region": "SE-BD"}}, {"type": "Feature", "geometry": {"type": "Point", "coordinates": [15.267, 56.266]}, "properties": {"station_id": "ESDF", "temp_c": 4.0, "icao_code": "ESDF", "municipality": "Ronneby", "iso_country": "SE", "iso_region": "SE-K"}}, {"type": "Feature", "geometry": {"type": "Point", "coordinates": [15.526, 58.398]}, "properties": {"station_id": "ESCF", "temp_c": 4.0, "icao_code": "ESCF", "municipality": "Link\u00f6ping", "iso_country": "SE", "iso_region": "SE-E"}}, {"type": "Feature", "geometry": {"type": "Point", "coordinates": [15.083, 65.806]}, "properties": {"station_id": "ESUT", "temp_c": -1.0, "icao_code": "ESUT", "municipality": "Hemavan", "iso_country": "SE", "iso_region": "SE-AC"}}, {"type": "Feature", "geometry": {"type": "Point", "coordinates": [14.489, 63.199]}, "properties": {"station_id": "ESNZ", "temp_c": 1.0, "icao_code": "ESNZ", "municipality": "\u00d6stersund", "iso_country": "SE", "iso_region": "SE-Z"}}, {"type": "Feature", "geometry": {"type": "Point", "coordinates": [20.285, 63.789]}, "properties": {"station_id": "ESNU", "temp_c": 3.0, "icao_code": "ESNU", "municipality": "Ume\u00e5", "iso_country": "SE", "iso_region": "SE-AC"}}, {"type": "Feature", "geometry": {"type": "Point", "coordinates": [21.077, 64.625]}, "properties": {"station_id": "ESNS", "temp_c": 2.0, "icao_code": "ESNS", "municipality": "Skellefte\u00e5", "iso_country": "SE", "iso_region": "SE-AC"}}, {"type": "Feature", "geometry": {"type": "Point", "coordinates": [20.34, 67.823]}, "properties": {"station_id": "ESNQ", "temp_c": -1.0, "icao_code": "ESNQ", "municipality": "Kiruna", "iso_country": "SE", "iso_region": "SE-BD"}}, {"type": "Feature", "geometry": {"type": "Point", "coordinates": [18.98, 63.412]}, "properties": {"station_id": "ESNO", "temp_c": 2.0, "icao_code": "ESNO", "municipality": "\u00d6rnsk\u00f6ldsvik", "iso_country": "SE", "iso_region": "SE-Y"}}, {"type": "Feature", "geometry": {"type": "Point", "coordinates": [17.436, 62.532]}, "properties": {"station_id": "ESNN", "temp_c": 3.0, "icao_code": "ESNN", "municipality": "Sundsvall/ H\u00e4rn\u00f6sand", "iso_country": "SE", "iso_region": "SE-Y"}}, {"type": "Feature", "geometry": {"type": "Point", "coordinates": [17.766, 63.047]}, "properties": {"station_id": "ESNK", "temp_c": 3.0, "icao_code": "ESNK", "municipality": "Nyland", "iso_country": "SE", "iso_region": "SE-Y"}}, {"type": "Feature", "geometry": {"type": "Point", "coordinates": [20.81, 67.133]}, "properties": {"station_id": "ESNG", "temp_c": 1.0, "icao_code": "ESNG", "municipality": "G\u00e4llivare", "iso_country": "SE", "iso_region": "SE-BD"}}, {"type": "Feature", "geometry": {"type": "Point", "coordinates": [-147.9947, 60.0785]}, "properties": {"station_id": "PFCB", "temp_c": 7.3, "icao_code": "PFCB", "municipality": "Chenega", "iso_country": "US", "iso_region": "US-AK"}}, {"type": "Feature", "geometry": {"type": "Point", "coordinates": [-0.773, 51.28]}, "properties": {"station_id": "EGLF", "temp_c": 9.0, "icao_code": "EGLF", "municipality": "Farnborough, Hampshire", "iso_country": "GB", "iso_region": "GB-ENG"}}, {"type": "Feature", "geometry": {"type": "Point", "coordinates": [-2.215, 49.706]}, "properties": {"station_id": "EGJA", "temp_c": 11.0, "icao_code": "EGJA", "municipality": "Saint Anne", "iso_country": "GG", "iso_region": "GG-A"}}, {"type": "Feature", "geometry": {"type": "Point", "coordinates": [-4.998, 50.438]}, "properties": {"station_id": "EGHQ", "temp_c": 10.0, "icao_code": "EGHQ", "municipality": "Newquay", "iso_country": "GB", "iso_region": "GB-ENG"}}, {"type": "Feature", "geometry": {"type": "Point", "coordinates": [-1.333, 52.833]}, "properties": {"station_id": "EGNX", "temp_c": 8.0, "icao_code": "EGNX", "municipality": "Nottingham, Leicestershire", "iso_country": "GB", "iso_region": "GB-ENG"}}, {"type": "Feature", "geometry": {"type": "Point", "coordinates": [145.24, 14.172]}, "properties": {"station_id": "PGRO", "temp_c": 28.0, "icao_code": "PGRO", "municipality": "Rota Island", "iso_country": "MP", "iso_region": "MP-U-A"}}, {"type": "Feature", "geometry": {"type": "Point", "coordinates": [-1.418, 54.511]}, "properties": {"station_id": "EGNV", "temp_c": 8.0, "icao_code": "EGNV", "municipality": "Darlington, Durham", "iso_country": "GB", "iso_region": "GB-ENG"}}, {"type": "Feature", "geometry": {"type": "Point", "coordinates": [-1.702, 55.037]}, "properties": {"station_id": "EGNT", "temp_c": 8.0, "icao_code": "EGNT", "municipality": "Newcastle upon Tyne, Tyne and Wear", "iso_country": "GB", "iso_region": "GB-ENG"}}, {"type": "Feature", "geometry": {"type": "Point", "coordinates": [-1.665, 53.862]}, "properties": {"station_id": "EGNM", "temp_c": 7.0, "icao_code": "EGNM", "municipality": "Leeds, West Yorkshire", "iso_country": "GB", "iso_region": "GB-ENG"}}, {"type": "Feature", "geometry": {"type": "Point", "coordinates": [-0.341, 53.58]}, "properties": {"station_id": "EGNJ", "temp_c": 8.0, "icao_code": "EGNJ", "municipality": "Grimsby, Lincolnshire", "iso_country": "GB", "iso_region": "GB-ENG"}}, {"type": "Feature", "geometry": {"type": "Point", "coordinates": [-3.039, 53.774]}, "properties": {"station_id": "EGNH", "temp_c": 9.0, "icao_code": "EGNH", "municipality": "Blackpool", "iso_country": "GB", "iso_region": "GB-ENG"}}, {"type": "Feature", "geometry": {"type": "Point", "coordinates": [24.209, 59.26]}, "properties": {"station_id": "EEEI", "temp_c": 3.0, "icao_code": "EEEI", "municipality": "Keila", "iso_country": "EE", "iso_region": "EE-37"}}, {"type": "Feature", "geometry": {"type": "Point", "coordinates": [-2.85, 53.334]}, "properties": {"station_id": "EGGP", "temp_c": 9.0, "icao_code": "EGGP", "municipality": "Liverpool", "iso_country": "GB", "iso_region": "GB-ENG"}}, {"type": "Feature", "geometry": {"type": "Point", "coordinates": [-1.317, 51.838]}, "properties": {"station_id": "EGTK", "temp_c": 9.0, "icao_code": "EGTK", "municipality": "Kidlington, Oxfordshire", "iso_country": "GB", "iso_region": "GB-ENG"}}, {"type": "Feature", "geometry": {"type": "Point", "coordinates": [-3.406, 50.737]}, "properties": {"station_id": "EGTE", "temp_c": 9.0, "icao_code": "EGTE", "municipality": "Exeter, Devon", "iso_country": "GB", "iso_region": "GB-ENG"}}, {"type": "Feature", "geometry": {"type": "Point", "coordinates": [-2.194, 49.21]}, "properties": {"station_id": "EGJJ", "temp_c": 11.0, "icao_code": "EGJJ", "municipality": "St. Peter", "iso_country": "JE", "iso_region": "JE-U-A"}}, {"type": "Feature", "geometry": {"type": "Point", "coordinates": [-2.598, 49.433]}, "properties": {"station_id": "EGJB", "temp_c": 11.0, "icao_code": "EGJB", "municipality": "Saint Peter Port", "iso_country": "GG", "iso_region": "GG-G"}}, {"type": "Feature", "geometry": {"type": "Point", "coordinates": [-1.358, 50.944]}, "properties": {"station_id": "EGHI", "temp_c": 9.0, "icao_code": "EGHI", "municipality": "Southampton", "iso_country": "GB", "iso_region": "GB-ENG"}}, {"type": "Feature", "geometry": {"type": "Point", "coordinates": [-1.836, 50.779]}, "properties": {"station_id": "EGHH", "temp_c": 9.0, "icao_code": "EGHH", "municipality": "Bournemouth", "iso_country": "GB", "iso_region": "GB-ENG"}}, {"type": "Feature", "geometry": {"type": "Point", "coordinates": [-2.719, 51.383]}, "properties": {"station_id": "EGGD", "temp_c": 9.0, "icao_code": "EGGD", "municipality": "Bristol", "iso_country": "GB", "iso_region": "GB-ENG"}}, {"type": "Feature", "geometry": {"type": "Point", "coordinates": [24.473, 58.419]}, "properties": {"station_id": "EEPU", "temp_c": 4.0, "icao_code": "EEPU", "municipality": "P\u00e4rnu", "iso_country": "EE", "iso_region": "EE-67"}}, {"type": "Feature", "geometry": {"type": "Point", "coordinates": [-3.343, 51.397]}, "properties": {"station_id": "EGFF", "temp_c": 9.0, "icao_code": "EGFF", "municipality": "Cardiff", "iso_country": "GB", "iso_region": "GB-WLS"}}, {"type": "Feature", "geometry": {"type": "Point", "coordinates": [13.579, 60.02]}, "properties": {"station_id": "ESOH", "temp_c": 3.0, "icao_code": "ESOH", "municipality": "R\u00e5da", "iso_country": "SE", "iso_region": "SE-S"}}, {"type": "Feature", "geometry": {"type": "Point", "coordinates": [18.348, 57.662]}, "properties": {"station_id": "ESSV", "temp_c": 5.0, "icao_code": "ESSV", "municipality": "Visby", "iso_country": "SE", "iso_region": "SE-I"}}, {"type": "Feature", "geometry": {"type": "Point", "coordinates": [16.255, 58.584]}, "properties": {"station_id": "ESSP", "temp_c": 5.0, "icao_code": "ESSP", "municipality": "Norrk\u00f6ping", "iso_country": "SE", "iso_region": "SE-E"}}, {"type": "Feature", "geometry": {"type": "Point", "coordinates": [15.515, 60.422]}, "properties": {"station_id": "ESSD", "temp_c": 3.0, "icao_code": "ESSD", "municipality": "Borlange", "iso_country": "SE", "iso_region": "SE-W"}}, {"type": "Feature", "geometry": {"type": "Point", "coordinates": [17.933, 59.356]}, "properties": {"station_id": "ESSB", "temp_c": 4.0, "icao_code": "ESSB", "municipality": "Stockholm", "iso_country": "SE", "iso_region": "SE-AB"}}, {"type": "Feature", "geometry": {"type": "Point", "coordinates": [17.92, 59.664]}, "properties": {"station_id": "ESSA", "temp_c": 3.0, "icao_code": "ESSA", "municipality": "Stockholm", "iso_country": "SE", "iso_region": "SE-AB"}}, {"type": "Feature", "geometry": {"type": "Point", "coordinates": [16.638, 59.595]}, "properties": {"station_id": "ESOW", "temp_c": 4.0, "icao_code": "ESOW", "municipality": "Stockholm / V\u00e4ster\u00e5s", "iso_country": "SE", "iso_region": "SE-U"}}, {"type": "Feature", "geometry": {"type": "Point", "coordinates": [13.342, 59.442]}, "properties": {"station_id": "ESOK", "temp_c": 4.0, "icao_code": "ESOK", "municipality": "Karlstad", "iso_country": "SE", "iso_region": "SE-S"}}, {"type": "Feature", "geometry": {"type": "Point", "coordinates": [15.046, 59.229]}, "properties": {"station_id": "ESOE", "temp_c": 4.0, "icao_code": "ESOE", "municipality": "\u00d6rebro", "iso_country": "SE", "iso_region": "SE-T"}}, {"type": "Feature", "geometry": {"type": "Point", "coordinates": [16.918, 58.786]}, "properties": {"station_id": "ESKN", "temp_c": 4.0, "icao_code": "ESKN", "municipality": "Nyk\u00f6ping", "iso_country": "SE", "iso_region": "SE-D"}}, {"type": "Feature", "geometry": {"type": "Point", "coordinates": [-6.25, 55.681]}, "properties": {"station_id": "EGPI", "temp_c": 9.0, "icao_code": "EGPI", "municipality": "Isle of Islay, Argyll and Bute", "iso_country": "GB", "iso_region": "GB-SCT"}}, {"type": "Feature", "geometry": {"type": "Point", "coordinates": [-58.448, -51.82]}, "properties": {"station_id": "EGYP", "temp_c": 6.0, "icao_code": "EGYP", "municipality": "Mount Pleasant", "iso_country": "FK", "iso_region": "FK-U-A"}}, {"type": "Feature", "geometry": {"type": "Point", "coordinates": [-7.161, 55.043]}, "properties": {"station_id": "EGAE", "temp_c": 11.0, "icao_code": "EGAE", "municipality": "Derry, Derry and Strabane", "iso_country": "GB", "iso_region": "GB-NIR"}}, {"type": "Feature", "geometry": {"type": "Point", "coordinates": [0.223, 51.881]}, "properties": {"station_id": "EGSS", "temp_c": 8.0, "icao_code": "EGSS", "municipality": "London, Essex", "iso_country": "GB", "iso_region": "GB-ENG"}}, {"type": "Feature", "geometry": {"type": "Point", "coordinates": [-4.587, 55.509]}, "properties": {"station_id": "EGPK", "temp_c": 9.0, "icao_code": "EGPK", "municipality": "Prestwick, South Ayrshire", "iso_country": "GB", "iso_region": "GB-SCT"}}, {"type": "Feature", "geometry": {"type": "Point", "coordinates": [-3.36, 55.952]}, "properties": {"station_id": "EGPH", "temp_c": 9.0, "icao_code": "EGPH", "municipality": "Edinburgh", "iso_country": "GB", "iso_region": "GB-SCT"}}, {"type": "Feature", "geometry": {"type": "Point", "coordinates": [-4.433, 55.867]}, "properties": {"station_id": "EGPF", "temp_c": 10.0, "icao_code": "EGPF", "municipality": "Glasgow", "iso_country": "GB", "iso_region": "GB-SCT"}}, {"type": "Feature", "geometry": {"type": "Point", "coordinates": [-0.19, 51.148]}, "properties": {"station_id": "EGKK", "temp_c": 10.0, "icao_code": "EGKK", "municipality": "London", "iso_country": "GB", "iso_region": "GB-ENG"}}, {"type": "Feature", "geometry": {"type": "Point", "coordinates": [-1.758, 52.46]}, "properties": {"station_id": "EGBB", "temp_c": 8.0, "icao_code": "EGBB", "municipality": "Birmingham, West Midlands", "iso_country": "GB", "iso_region": "GB-ENG"}}, {"type": "Feature", "geometry": {"type": "Point", "coordinates": [26.691, 58.307]}, "properties": {"station_id": "EETU", "temp_c": 3.0, "icao_code": "EETU", "municipality": "Tartu", "iso_country": "EE", "iso_region": "EE-7B"}}, {"type": "Feature", "geometry": {"type": "Point", "coordinates": [22.509, 58.23]}, "properties": {"station_id": "EEKE", "temp_c": 5.0, "icao_code": "EEKE", "municipality": "Kuressaare", "iso_country": "EE", "iso_region": "EE-74"}}, {"type": "Feature", "geometry": {"type": "Point", "coordinates": [-89.659, 20.936]}, "properties": {"station_id": "MMMD", "temp_c": 27.0, "icao_code": "MMMD", "municipality": "M\u00e9rida", "iso_country": "MX", "iso_region": "MX-YUC"}}, {"type": "Feature", "geometry": {"type": "Point", "coordinates": [23.968, 56.924]}, "properties": {"station_id": "EVRA", "temp_c": 5.0, "icao_code": "EVRA", "municipality": "Riga", "iso_country": "LV", "iso_region": "LV-062"}}, {"type": "Feature", "geometry": {"type": "Point", "coordinates": [21.092, 55.973]}, "properties": {"station_id": "EYPA", "temp_c": 6.0, "icao_code": "EYPA", "municipality": "Palanga", "iso_country": "LT", "iso_region": "LT-KL"}}, {"type": "Feature", "geometry": {"type": "Point", "coordinates": [16.582, 48.117]}, "properties": {"station_id": "LOWW", "temp_c": 10.0, "icao_code": "LOWW", "municipality": "Vienna", "iso_country": "AT", "iso_region": "AT-9"}}, {"type": "Feature", "geometry": {"type": "Point", "coordinates": [22.831, 58.991]}, "properties": {"station_id": "EEKA", "temp_c": 4.0, "icao_code": "EEKA", "municipality": "K\u00e4rdla", "iso_country": "EE", "iso_region": "EE-39"}}, {"type": "Feature", "geometry": {"type": "Point", "coordinates": [-6.329, 58.215]}, "properties": {"station_id": "EGPO", "temp_c": 8.0, "icao_code": "EGPO", "municipality": "Stornoway, Western Isles", "iso_country": "GB", "iso_region": "GB-SCT"}}, {"type": "Feature", "geometry": {"type": "Point", "coordinates": [23.395, 55.894]}, "properties": {"station_id": "EYSA", "temp_c": 4.0, "icao_code": "EYSA", "municipality": "\u0160iauliai", "iso_country": "LT", "iso_region": "LT-SA"}}, {"type": "Feature", "geometry": {"type": "Point", "coordinates": [-3.026, 56.453]}, "properties": {"station_id": "EGPN", "temp_c": 9.0, "icao_code": "EGPN", "municipality": "Dundee", "iso_country": "GB", "iso_region": "GB-SCT"}}, {"type": "Feature", "geometry": {"type": "Point", "coordinates": [-7.364, 57.475]}, "properties": {"station_id": "EGPL", "temp_c": 8.0, "icao_code": "EGPL", "municipality": "Balivanich", "iso_country": "GB", "iso_region": "GB-SCT"}}, {"type": "Feature", "geometry": {"type": "Point", "coordinates": [-4.053, 57.538]}, "properties": {"station_id": "EGPE", "temp_c": 7.0, "icao_code": "EGPE", "municipality": "Inverness", "iso_country": "GB", "iso_region": "GB-SCT"}}, {"type": "Feature", "geometry": {"type": "Point", "coordinates": [-3.093, 58.459]}, "properties": {"station_id": "EGPC", "temp_c": 8.0, "icao_code": "EGPC", "municipality": "Wick", "iso_country": "GB", "iso_region": "GB-SCT"}}, {"type": "Feature", "geometry": {"type": "Point", "coordinates": [-2.205, 57.205]}, "properties": {"station_id": "EGPD", "temp_c": 8.0, "icao_code": "EGPD", "municipality": "Aberdeen", "iso_country": "GB", "iso_region": "GB-SCT"}}, {"type": "Feature", "geometry": {"type": "Point", "coordinates": [-2.905, 58.958]}, "properties": {"station_id": "EGPA", "temp_c": 9.0, "icao_code": "EGPA", "municipality": "Kirkwall, Orkney Islands", "iso_country": "GB", "iso_region": "GB-SCT"}}, {"type": "Feature", "geometry": {"type": "Point", "coordinates": [-5.873, 54.614]}, "properties": {"station_id": "EGAC", "temp_c": 9.0, "icao_code": "EGAC", "municipality": "Belfast", "iso_country": "GB", "iso_region": "GB-NIR"}}, {"type": "Feature", "geometry": {"type": "Point", "coordinates": [12.848, 56.294]}, "properties": {"station_id": "ESTA", "temp_c": 3.0, "icao_code": "ESTA", "municipality": "\u00c4ngelholm", "iso_country": "SE", "iso_region": "SE-M"}}, {"type": "Feature", "geometry": {"type": "Point", "coordinates": [24.854, 56.778]}, "properties": {"station_id": "EVGA", "temp_c": 5.0, "icao_code": "EVGA", "municipality": "Lielvarde", "iso_country": "LV", "iso_region": "LV-067"}}, {"type": "Feature", "geometry": {"type": "Point", "coordinates": [14.73, 56.927]}, "properties": {"station_id": "ESMX", "temp_c": 5.0, "icao_code": "ESMX", "municipality": "V\u00e4xj\u00f6", "iso_country": "SE", "iso_region": "SE-G"}}, {"type": "Feature", "geometry": {"type": "Point", "coordinates": [12.82, 56.691]}, "properties": {"station_id": "ESMT", "temp_c": 3.0, "icao_code": "ESMT", "municipality": "Halmstad", "iso_country": "SE", "iso_region": "SE-N"}}, {"type": "Feature", "geometry": {"type": "Point", "coordinates": [13.373, 55.539]}, "properties": {"station_id": "ESMS", "temp_c": 4.0, "icao_code": "ESMS", "municipality": "Malm\u00f6", "iso_country": "SE", "iso_region": "SE-M"}}, {"type": "Feature", "geometry": {"type": "Point", "coordinates": [16.284, 56.685]}, "properties": {"station_id": "ESMQ", "temp_c": 6.0, "icao_code": "ESMQ", "municipality": "Kalmar", "iso_country": "SE", "iso_region": "SE-H"}}, {"type": "Feature", "geometry": {"type": "Point", "coordinates": [14.085, 55.922]}, "properties": {"station_id": "ESMK", "temp_c": 4.0, "icao_code": "ESMK", "municipality": "Kristianstad", "iso_country": "SE", "iso_region": "SE-M"}}, {"type": "Feature", "geometry": {"type": "Point", "coordinates": [25.286, 54.634]}, "properties": {"station_id": "EYVI", "temp_c": 2.0, "icao_code": "EYVI", "municipality": "Vilnius", "iso_country": "LT", "iso_region": "LT-VL"}}, {"type": "Feature", "geometry": {"type": "Point", "coordinates": [12.347, 58.314]}, "properties": {"station_id": "ESGT", "temp_c": 5.0, "icao_code": "ESGT", "municipality": "Trollh\u00e4ttan", "iso_country": "SE", "iso_region": "SE-Q"}}, {"type": "Feature", "geometry": {"type": "Point", "coordinates": [11.869, 57.781]}, "properties": {"station_id": "ESGP", "temp_c": 5.0, "icao_code": "ESGP", "municipality": "G\u00f6teborg", "iso_country": "SE", "iso_region": "SE-Q"}}, {"type": "Feature", "geometry": {"type": "Point", "coordinates": [14.069, 57.752]}, "properties": {"station_id": "ESGJ", "temp_c": 4.0, "icao_code": "ESGJ", "municipality": "J\u00f6nk\u00f6ping", "iso_country": "SE", "iso_region": "SE-F"}}, {"type": "Feature", "geometry": {"type": "Point", "coordinates": [12.285, 57.667]}, "properties": {"station_id": "ESGG", "temp_c": 4.0, "icao_code": "ESGG", "municipality": "G\u00f6teborg", "iso_country": "SE", "iso_region": "SE-Q"}}, {"type": "Feature", "geometry": {"type": "Point", "coordinates": [0.939, 50.956]}, "properties": {"station_id": "EGMD", "temp_c": 9.0, "icao_code": "EGMD", "municipality": "Romney Marsh, Kent", "iso_country": "GB", "iso_region": "GB-ENG"}}, {"type": "Feature", "geometry": {"type": "Point", "coordinates": [0.696, 51.571]}, "properties": {"station_id": "EGMC", "temp_c": 10.0, "icao_code": "EGMC", "municipality": "Southend-on-Sea, Essex", "iso_country": "GB", "iso_region": "GB-ENG"}}, {"type": "Feature", "geometry": {"type": "Point", "coordinates": [0.055, 51.505]}, "properties": {"station_id": "EGLC", "temp_c": 10.0, "icao_code": "EGLC", "municipality": "London", "iso_country": "GB", "iso_region": "GB-ENG"}}, {"type": "Feature", "geometry": {"type": "Point", "coordinates": [0.033, 51.33]}, "properties": {"station_id": "EGKB", "temp_c": 8.0, "icao_code": "EGKB", "municipality": "London", "iso_country": "GB", "iso_region": "GB-ENG"}}, {"type": "Feature", "geometry": {"type": "Point", "coordinates": [-0.294, 50.836]}, "properties": {"station_id": "EGKA", "temp_c": 10.0, "icao_code": "EGKA", "municipality": "Brighton, East Sussex", "iso_country": "GB", "iso_region": "GB-ENG"}}, {"type": "Feature", "geometry": {"type": "Point", "coordinates": [-0.368, 51.875]}, "properties": {"station_id": "EGGW", "temp_c": 8.0, "icao_code": "EGGW", "municipality": "Luton, Luton", "iso_country": "GB", "iso_region": "GB-ENG"}}, {"type": "Feature", "geometry": {"type": "Point", "coordinates": [-7.282, 62.065]}, "properties": {"station_id": "EKVG", "temp_c": 8.0, "icao_code": "EKVG", "municipality": "V\u00e1gar", "iso_country": "FO", "iso_region": "FO-U-A"}}, {"type": "Feature", "geometry": {"type": "Point", "coordinates": [-85.1492, 41.144]}, "properties": {"station_id": "KSMD", "temp_c": 16.0, "icao_code": "KSMD", "municipality": "Fort Wayne", "iso_country": "US", "iso_region": "US-IN"}}, {"type": "Feature", "geometry": {"type": "Point", "coordinates": [-2.889, 53.746]}, "properties": {"station_id": "EGNO", "temp_c": 9.0, "icao_code": "EGNO", "municipality": "Warton", "iso_country": "GB", "iso_region": "GB-ENG"}}, {"type": "Feature", "geometry": {"type": "Point", "coordinates": [21.627, 41.952]}, "properties": {"station_id": "LWSK", "temp_c": 11.0, "icao_code": "LWSK", "municipality": "Ilinden", "iso_country": "MK", "iso_region": "MK-008"}}, {"type": "Feature", "geometry": {"type": "Point", "coordinates": [19.716, 41.419]}, "properties": {"station_id": "LATI", "temp_c": 15.0, "icao_code": "LATI", "municipality": "Rinas", "iso_country": "AL", "iso_region": "AL-02"}}, {"type": "Feature", "geometry": {"type": "Point", "coordinates": [23.143, 63.721]}, "properties": {"station_id": "EFKK", "temp_c": 1.0, "icao_code": "EFKK", "municipality": "Kokkola / Kruunupyy", "iso_country": "FI", "iso_region": "FI-07"}}, {"type": "Feature", "geometry": {"type": "Point", "coordinates": [24.805, 61.855]}, "properties": {"station_id": "EFHA", "temp_c": 2.0, "icao_code": "EFHA", "municipality": "J\u00e4ms\u00e4", "iso_country": "FI", "iso_region": "FI-08"}}, {"type": "Feature", "geometry": {"type": "Point", "coordinates": [27.799, 63.008]}, "properties": {"station_id": "EFKU", "temp_c": 1.0, "icao_code": "EFKU", "municipality": "Kuopio / Siilinj\u00e4rvi", "iso_country": "FI", "iso_region": "FI-15"}}, {"type": "Feature", "geometry": {"type": "Point", "coordinates": [-81.435, 23.033]}, "properties": {"station_id": "MUVR", "temp_c": 21.0, "icao_code": "MUVR", "municipality": "Matanzas", "iso_country": "CU", "iso_region": "CU-04"}}, {"type": "Feature", "geometry": {"type": "Point", "coordinates": [-76.316, 20.786]}, "properties": {"station_id": "MUHG", "temp_c": 22.0, "icao_code": "MUHG", "municipality": "Holguin", "iso_country": "CU", "iso_region": "CU-11"}}, {"type": "Feature", "geometry": {"type": "Point", "coordinates": [-82.41, 22.991]}, "properties": {"station_id": "MUHA", "temp_c": 23.0, "icao_code": "MUHA", "municipality": "Havana", "iso_country": "CU", "iso_region": "CU-03"}}, {"type": "Feature", "geometry": {"type": "Point", "coordinates": [-75.837, 19.971]}, "properties": {"station_id": "MUCU", "temp_c": 24.0, "icao_code": "MUCU", "municipality": "Santiago", "iso_country": "CU", "iso_region": "CU-13"}}, {"type": "Feature", "geometry": {"type": "Point", "coordinates": [-77.85, 21.42]}, "properties": {"station_id": "MUCM", "temp_c": 22.0, "icao_code": "MUCM", "municipality": "Camaguey", "iso_country": "CU", "iso_region": "CU-09"}}, {"type": "Feature", "geometry": {"type": "Point", "coordinates": [25.675, 62.404]}, "properties": {"station_id": "EFJY", "temp_c": 0.0, "icao_code": "EFJY", "municipality": "Jyv\u00e4skyl\u00e4n Maalaiskunta", "iso_country": "FI", "iso_region": "FI-08"}}, {"type": "Feature", "geometry": {"type": "Point", "coordinates": [10.331, 55.475]}, "properties": {"station_id": "EKOD", "temp_c": 8.0, "icao_code": "EKOD", "municipality": "Odense", "iso_country": "DK", "iso_region": "DK-83"}}, {"type": "Feature", "geometry": {"type": "Point", "coordinates": [9.787, 54.962]}, "properties": {"station_id": "EKSB", "temp_c": 8.0, "icao_code": "EKSB", "municipality": "S\u00f8nderborg", "iso_country": "DK", "iso_region": "DK-83"}}, {"type": "Feature", "geometry": {"type": "Point", "coordinates": [-51.677, 64.191]}, "properties": {"station_id": "BGGH", "temp_c": -8.0, "icao_code": "BGGH", "municipality": "Nuuk", "iso_country": "GL", "iso_region": "GL-SE"}}, {"type": "Feature", "geometry": {"type": "Point", "coordinates": [9.152, 55.74]}, "properties": {"station_id": "EKBI", "temp_c": 7.0, "icao_code": "EKBI", "municipality": "Billund", "iso_country": "DK", "iso_region": "DK-83"}}, {"type": "Feature", "geometry": {"type": "Point", "coordinates": [10.619, 56.3]}, "properties": {"station_id": "EKAH", "temp_c": 4.0, "icao_code": "EKAH", "municipality": "Aarhus", "iso_country": "DK", "iso_region": "DK-82"}}, {"type": "Feature", "geometry": {"type": "Point", "coordinates": [8.563, 55.528]}, "properties": {"station_id": "EKEB", "temp_c": 5.0, "icao_code": "EKEB", "municipality": "Esbjerg", "iso_country": "DK", "iso_region": "DK-83"}}, {"type": "Feature", "geometry": {"type": "Point", "coordinates": [14.749, 55.068]}, "properties": {"station_id": "EKRN", "temp_c": 7.0, "icao_code": "EKRN", "municipality": "R\u00f8nne", "iso_country": "DK", "iso_region": "DK-84"}}, {"type": "Feature", "geometry": {"type": "Point", "coordinates": [9.879, 57.093]}, "properties": {"station_id": "EKYT", "temp_c": 5.0, "icao_code": "EKYT", "municipality": "Aalborg", "iso_country": "DK", "iso_region": "DK-81"}}, {"type": "Feature", "geometry": {"type": "Point", "coordinates": [6.916, 46.844]}, "properties": {"station_id": "LSMP", "temp_c": 8.0, "icao_code": "LSMP", "municipality": "Payerne", "iso_country": "CH", "iso_region": "CH-FR"}}, {"type": "Feature", "geometry": {"type": "Point", "coordinates": [8.305, 47.092]}, "properties": {"station_id": "LSME", "temp_c": 7.0, "icao_code": "LSME", "municipality": "Emmen", "iso_country": "CH", "iso_region": "CH-LU"}}, {"type": "Feature", "geometry": {"type": "Point", "coordinates": [8.648, 47.399]}, "properties": {"station_id": "LSMD", "temp_c": 9.0, "icao_code": "LSMD", "municipality": "Zurich", "iso_country": "CH", "iso_region": "CH-ZH"}}, {"type": "Feature", "geometry": {"type": "Point", "coordinates": [8.286, 46.943]}, "properties": {"station_id": "LSMA", "temp_c": 9.0, "icao_code": "LSMA", "municipality": "Alpnach", "iso_country": "CH", "iso_region": "CH-OW"}}, {"type": "Feature", "geometry": {"type": "Point", "coordinates": [-5.35, 36.151]}, "properties": {"station_id": "LXGB", "temp_c": 17.0, "icao_code": "LXGB", "municipality": "Gibraltar", "iso_country": "GI", "iso_region": "GI-U-A"}}, {"type": "Feature", "geometry": {"type": "Point", "coordinates": [-2.643, 51.006]}, "properties": {"station_id": "EGDY", "temp_c": 10.0, "icao_code": "EGDY", "municipality": "Yeovil, Somerset", "iso_country": "GB", "iso_region": "GB-ENG"}}, {"type": "Feature", "geometry": {"type": "Point", "coordinates": [-3.324, 57.711]}, "properties": {"station_id": "EGQS", "temp_c": 10.0, "icao_code": "EGQS", "municipality": "Lossiemouth, Moray", "iso_country": "GB", "iso_region": "GB-SCT"}}, {"type": "Feature", "geometry": {"type": "Point", "coordinates": [24.069, 54.962]}, "properties": {"station_id": "EYKA", "temp_c": 4.0, "icao_code": "EYKA", "municipality": "Kaunas", "iso_country": "LT", "iso_region": "LT-KU"}}, {"type": "Feature", "geometry": {"type": "Point", "coordinates": [-0.173, 53.094]}, "properties": {"station_id": "EGXC", "temp_c": 8.0, "icao_code": "EGXC", "municipality": "Lincoln, Lincolnshire", "iso_country": "GB", "iso_region": "GB-ENG"}}, {"type": "Feature", "geometry": {"type": "Point", "coordinates": [-0.503, 53.031]}, "properties": {"station_id": "EGYD", "temp_c": 8.0, "icao_code": "EGYD", "municipality": "Sleaford, Lincolnshire", "iso_country": "GB", "iso_region": "GB-ENG"}}, {"type": "Feature", "geometry": {"type": "Point", "coordinates": [0.567, 52.648]}, "properties": {"station_id": "EGYM", "temp_c": 8.0, "icao_code": "EGYM", "municipality": "King's Lynn, Norfolk", "iso_country": "GB", "iso_region": "GB-ENG"}}, {"type": "Feature", "geometry": {"type": "Point", "coordinates": [12.656, 55.618]}, "properties": {"station_id": "EKCH", "temp_c": 8.0, "icao_code": "EKCH", "municipality": "Copenhagen", "iso_country": "DK", "iso_region": "DK-84"}}, {"type": "Feature", "geometry": {"type": "Point", "coordinates": [32.988, 34.59]}, "properties": {"station_id": "LCRA", "temp_c": 20.0, "icao_code": "LCRA", "municipality": "Akrotiri", "iso_country": "CY", "iso_region": "CY-XX"}}, {"type": "Feature", "geometry": {"type": "Point", "coordinates": [22.263, 60.514]}, "properties": {"station_id": "EFTU", "temp_c": 3.0, "icao_code": "EFTU", "municipality": "Turku", "iso_country": "FI", "iso_region": "FI-19"}}, {"type": "Feature", "geometry": {"type": "Point", "coordinates": [35.012, 29.722]}, "properties": {"station_id": "LLER", "temp_c": 21.0, "icao_code": "LLER", "municipality": "Eilat", "iso_country": "IL", "iso_region": "IL-D"}}, {"type": "Feature", "geometry": {"type": "Point", "coordinates": [35.043, 32.809]}, "properties": {"station_id": "LLHA", "temp_c": 20.0, "icao_code": "LLHA", "municipality": "Haifa", "iso_country": "IL", "iso_region": "IL-HA"}}, {"type": "Feature", "geometry": {"type": "Point", "coordinates": [28.821, 40.982]}, "properties": {"station_id": "LTBA", "temp_c": 12.0, "icao_code": "LTBA", "municipality": "Istanbul(Bak\u0131rk\u00f6y)", "iso_country": "TR", "iso_region": "TR-34"}}, {"type": "Feature", "geometry": {"type": "Point", "coordinates": [30.798, 36.9]}, "properties": {"station_id": "LTAI", "temp_c": 22.0, "icao_code": "LTAI", "municipality": "Antalya", "iso_country": "TR", "iso_region": "TR-07"}}, {"type": "Feature", "geometry": {"type": "Point", "coordinates": [180.0, -89.98]}, "properties": {"station_id": "NZSP", "temp_c": -62.0, "icao_code": "NZSP", "municipality": "Amundsen-Scott South Pole Station", "iso_country": "AQ", "iso_region": "AQ-U-A"}}, {"type": "Feature", "geometry": {"type": "Point", "coordinates": [27.673, 37.245]}, "properties": {"station_id": "LTFE", "temp_c": 18.0, "icao_code": "LTFE", "municipality": "Bodrum", "iso_country": "TR", "iso_region": "TR-48"}}, {"type": "Feature", "geometry": {"type": "Point", "coordinates": [41.117, 37.93]}, "properties": {"station_id": "LTCJ", "temp_c": 15.0, "icao_code": "LTCJ", "municipality": "Batman", "iso_country": "TR", "iso_region": "TR-72"}}, {"type": "Feature", "geometry": {"type": "Point", "coordinates": [41.17, 39.956]}, "properties": {"station_id": "LTCE", "temp_c": 7.0, "icao_code": "LTCE", "municipality": "Erzurum", "iso_country": "TR", "iso_region": "TR-25"}}, {"type": "Feature", "geometry": {"type": "Point", "coordinates": [20.744, 41.181]}, "properties": {"station_id": "LWOH", "temp_c": 11.0, "icao_code": "LWOH", "municipality": "Ohrid", "iso_country": "MK", "iso_region": "MK-003"}}, {"type": "Feature", "geometry": {"type": "Point", "coordinates": [-0.461, 51.477]}, "properties": {"station_id": "EGLL", "temp_c": 9.0, "icao_code": "EGLL", "municipality": "London", "iso_country": "GB", "iso_region": "GB-ENG"}}, {"type": "Feature", "geometry": {"type": "Point", "coordinates": [23.616, 61.419]}, "properties": {"station_id": "EFTP", "temp_c": 2.0, "icao_code": "EFTP", "municipality": "Tampere / Pirkkala", "iso_country": "FI", "iso_region": "FI-11"}}, {"type": "Feature", "geometry": {"type": "Point", "coordinates": [24.957, 60.327]}, "properties": {"station_id": "EFHK", "temp_c": 3.0, "icao_code": "EFHK", "municipality": "Helsinki (Vantaa)", "iso_country": "FI", "iso_region": "FI-18"}}, {"type": "Feature", "geometry": {"type": "Point", "coordinates": [134.544, 7.367]}, "properties": {"station_id": "PTRO", "temp_c": 31.0, "icao_code": "PTRO", "municipality": "Babelthuap Island", "iso_country": "PW", "iso_region": "PW-004"}}, {"type": "Feature", "geometry": {"type": "Point", "coordinates": [-89.8612, 35.3619]}, "properties": {"station_id": "KNQA", "temp_c": 25.0, "icao_code": "KNQA", "municipality": "Millington", "iso_country": "US", "iso_region": "US-TN"}}, {"type": "Feature", "geometry": {"type": "Point", "coordinates": [6.032, 50.964]}, "properties": {"station_id": "ETNG", "temp_c": 7.0, "icao_code": "ETNG", "municipality": "Geilenkirchen", "iso_country": "DE", "iso_region": "DE-NW"}}, {"type": "Feature", "geometry": {"type": "Point", "coordinates": [27.405, 68.607]}, "properties": {"station_id": "EFIV", "temp_c": -1.0, "icao_code": "EFIV", "municipality": "Ivalo", "iso_country": "FI", "iso_region": "FI-10"}}, {"type": "Feature", "geometry": {"type": "Point", "coordinates": [8.392, 46.972]}, "properties": {"station_id": "LSZC", "temp_c": 10.0, "icao_code": "LSZC", "municipality": "Buochs", "iso_country": "CH", "iso_region": "CH-NW"}}, {"type": "Feature", "geometry": {"type": "Point", "coordinates": [-119.8204, 36.7338]}, "properties": {"station_id": "KFCH", "temp_c": 15.0, "icao_code": "KFCH", "municipality": "Fresno", "iso_country": "US", "iso_region": "US-CA"}}, {"type": "Feature", "geometry": {"type": "Point", "coordinates": [25.355, 64.93]}, "properties": {"station_id": "EFOU", "temp_c": 1.0, "icao_code": "EFOU", "municipality": "Oulu / Oulunsalo", "iso_country": "FI", "iso_region": "FI-14"}}, {"type": "Feature", "geometry": {"type": "Point", "coordinates": [7.262, 62.744]}, "properties": {"station_id": "ENML", "temp_c": 6.0, "icao_code": "ENML", "municipality": "\u00c5r\u00f8", "iso_country": "NO", "iso_region": "NO-15"}}, {"type": "Feature", "geometry": {"type": "Point", "coordinates": [13.218, 65.784]}, "properties": {"station_id": "ENMS", "temp_c": 1.0, "icao_code": "ENMS", "municipality": "Mosj\u00f8en", "iso_country": "NO", "iso_region": "NO-18"}}, {"type": "Feature", "geometry": {"type": "Point", "coordinates": [24.971, 70.059]}, "properties": {"station_id": "ENNA", "temp_c": 1.0, "icao_code": "ENNA", "municipality": "Lakselv", "iso_country": "NO", "iso_region": "NO-56"}}, {"type": "Feature", "geometry": {"type": "Point", "coordinates": [10.783, 59.381]}, "properties": {"station_id": "ENRY", "temp_c": 6.0, "icao_code": "ENRY", "municipality": "Oslo", "iso_country": "NO", "iso_region": "NO-31"}}, {"type": "Feature", "geometry": {"type": "Point", "coordinates": [7.141, 61.158]}, "properties": {"station_id": "ENSG", "temp_c": 3.0, "icao_code": "ENSG", "municipality": "Sogndal", "iso_country": "NO", "iso_region": "NO-46"}}, {"type": "Feature", "geometry": {"type": "Point", "coordinates": [20.955, 69.789]}, "properties": {"station_id": "ENSR", "temp_c": 1.0, "icao_code": "ENSR", "municipality": "S\u00f8rkjosen", "iso_country": "NO", "iso_region": "NO-55"}}, {"type": "Feature", "geometry": {"type": "Point", "coordinates": [33.792, 41.305]}, "properties": {"station_id": "LTAL", "temp_c": 3.0, "icao_code": "LTAL", "municipality": "Kastamonu", "iso_country": "TR", "iso_region": "TR-37"}}, {"type": "Feature", "geometry": {"type": "Point", "coordinates": [-89.0419, 42.6213]}, "properties": {"station_id": "KJVL", "temp_c": 13.0, "icao_code": "KJVL", "municipality": "Janesville", "iso_country": "US", "iso_region": "US-WI"}}, {"type": "Feature", "geometry": {"type": "Point", "coordinates": [-97.4713, 35.2436]}, "properties": {"station_id": "KOUN", "temp_c": 18.1, "icao_code": "KOUN", "municipality": "Norman", "iso_country": "US", "iso_region": "US-OK"}}, {"type": "Feature", "geometry": {"type": "Point", "coordinates": [-77.05, 35.5703]}, "properties": {"station_id": "KOCW", "temp_c": 5.8, "icao_code": "KOCW", "municipality": "Washington", "iso_country": "US", "iso_region": "US-NC"}}, {"type": "Feature", "geometry": {"type": "Point", "coordinates": [-75.2684, 40.1376]}, "properties": {"station_id": "KLOM", "temp_c": 6.1, "icao_code": "KLOM", "municipality": "Philadelphia", "iso_country": "US", "iso_region": "US-PA"}}, {"type": "Feature", "geometry": {"type": "Point", "coordinates": [-77.3696, 39.4177]}, "properties": {"station_id": "KFDK", "temp_c": 11.1, "icao_code": "KFDK", "municipality": "Frederick", "iso_country": "US", "iso_region": "US-MD"}}, {"type": "Feature", "geometry": {"type": "Point", "coordinates": [8.081, 48.779]}, "properties": {"station_id": "EDSB", "temp_c": 10.0, "icao_code": "EDSB", "municipality": "Rheinm\u00fcnster", "iso_country": "DE", "iso_region": "DE-BW"}}, {"type": "Feature", "geometry": {"type": "Point", "coordinates": [11.86, 50.289]}, "properties": {"station_id": "EDQM", "temp_c": 6.0, "icao_code": "EDQM", "municipality": "Hof", "iso_country": "DE", "iso_region": "DE-BY"}}, {"type": "Feature", "geometry": {"type": "Point", "coordinates": [9.511, 47.671]}, "properties": {"station_id": "EDNY", "temp_c": 8.0, "icao_code": "EDNY", "municipality": "Friedrichshafen", "iso_country": "DE", "iso_region": "DE-BW"}}, {"type": "Feature", "geometry": {"type": "Point", "coordinates": [1.283, 52.676]}, "properties": {"station_id": "EGSH", "temp_c": 8.0, "icao_code": "EGSH", "municipality": "Norwich, Norfolk", "iso_country": "GB", "iso_region": "GB-ENG"}}, {"type": "Feature", "geometry": {"type": "Point", "coordinates": [10.932, 48.425]}, "properties": {"station_id": "EDMA", "temp_c": 8.0, "icao_code": "EDMA", "municipality": "Augsburg", "iso_country": "DE", "iso_region": "DE-BY"}}, {"type": "Feature", "geometry": {"type": "Point", "coordinates": [7.612, 51.518]}, "properties": {"station_id": "EDLW", "temp_c": 7.0, "icao_code": "EDLW", "municipality": "Dortmund", "iso_country": "DE", "iso_region": "DE-NW"}}, {"type": "Feature", "geometry": {"type": "Point", "coordinates": [8.616, 51.614]}, "properties": {"station_id": "EDLP", "temp_c": 9.0, "icao_code": "EDLP", "municipality": "B\u00fcren", "iso_country": "DE", "iso_region": "DE-NW"}}, {"type": "Feature", "geometry": {"type": "Point", "coordinates": [6.504, 51.23]}, "properties": {"station_id": "EDLN", "temp_c": 9.0, "icao_code": "EDLN", "municipality": "M\u00f6nchengladbach", "iso_country": "DE", "iso_region": "DE-NW"}}, {"type": "Feature", "geometry": {"type": "Point", "coordinates": [10.719, 53.805]}, "properties": {"station_id": "EDHL", "temp_c": 6.0, "icao_code": "EDHL", "municipality": "L\u00fcbeck", "iso_country": "DE", "iso_region": "DE-SH"}}, {"type": "Feature", "geometry": {"type": "Point", "coordinates": [8.083, 50.708]}, "properties": {"station_id": "EDGS", "temp_c": 6.0, "icao_code": "EDGS", "municipality": "Burbach", "iso_country": "DE", "iso_region": "DE-NW"}}, {"type": "Feature", "geometry": {"type": "Point", "coordinates": [11.42, 51.856]}, "properties": {"station_id": "EDBC", "temp_c": 5.0, "icao_code": "EDBC", "municipality": "Hecklingen", "iso_country": "DE", "iso_region": "DE-ST"}}, {"type": "Feature", "geometry": {"type": "Point", "coordinates": [10.558, 52.319]}, "properties": {"station_id": "EDVE", "temp_c": 6.0, "icao_code": "EDVE", "municipality": "Braunschweig", "iso_country": "DE", "iso_region": "DE-NI"}}, {"type": "Feature", "geometry": {"type": "Point", "coordinates": [-110.9443, 42.7139]}, "properties": {"station_id": "KAFO", "temp_c": -2.0, "icao_code": "KAFO", "municipality": "Afton", "iso_country": "US", "iso_region": "US-WY"}}, {"type": "Feature", "geometry": {"type": "Point", "coordinates": [7.828, 48.369]}, "properties": {"station_id": "EDTL", "temp_c": 10.0, "icao_code": "EDTL", "municipality": "Lahr/Schwarzwald", "iso_country": "DE", "iso_region": "DE-BW"}}, {"type": "Feature", "geometry": {"type": "Point", "coordinates": [11.283, 48.081]}, "properties": {"station_id": "EDMO", "temp_c": 7.0, "icao_code": "EDMO", "municipality": "We\u00dfling", "iso_country": "DE", "iso_region": "DE-BY"}}, {"type": "Feature", "geometry": {"type": "Point", "coordinates": [10.239, 47.989]}, "properties": {"station_id": "EDJA", "temp_c": 7.0, "icao_code": "EDJA", "municipality": "Memmingen", "iso_country": "DE", "iso_region": "DE-BY"}}, {"type": "Feature", "geometry": {"type": "Point", "coordinates": [10.143, 54.376]}, "properties": {"station_id": "EDHK", "temp_c": 8.0, "icao_code": "EDHK", "municipality": "Kiel", "iso_country": "DE", "iso_region": "DE-SH"}}, {"type": "Feature", "geometry": {"type": "Point", "coordinates": [9.837, 53.536]}, "properties": {"station_id": "EDHI", "temp_c": 8.0, "icao_code": "EDHI", "municipality": "Hamburg", "iso_country": "DE", "iso_region": "DE-HH"}}, {"type": "Feature", "geometry": {"type": "Point", "coordinates": [14.152, 53.879]}, "properties": {"station_id": "EDAH", "temp_c": 8.0, "icao_code": "EDAH", "municipality": "Zirchow", "iso_country": "DE", "iso_region": "DE-MV"}}, {"type": "Feature", "geometry": {"type": "Point", "coordinates": [10.331, 45.429]}, "properties": {"station_id": "LIPO", "temp_c": 17.0, "icao_code": "LIPO", "municipality": "Montichiari (BS)", "iso_country": "IT", "iso_region": "IT-25"}}, {"type": "Feature", "geometry": {"type": "Point", "coordinates": [11.971, 36.814]}, "properties": {"station_id": "LICG", "temp_c": 16.0, "icao_code": "LICG", "municipality": "Pantelleria (TP)", "iso_country": "IT", "iso_region": "IT-82"}}, {"type": "Feature", "geometry": {"type": "Point", "coordinates": [12.618, 35.498]}, "properties": {"station_id": "LICD", "temp_c": 18.0, "icao_code": "LICD", "municipality": "Lampedusa", "iso_country": "IT", "iso_region": "IT-82"}}, {"type": "Feature", "geometry": {"type": "Point", "coordinates": [14.606, 36.994]}, "properties": {"station_id": "LICB", "temp_c": 14.0, "icao_code": "LICB", "municipality": "Comiso", "iso_country": "IT", "iso_region": "IT-82"}}, {"type": "Feature", "geometry": {"type": "Point", "coordinates": [14.302, 66.364]}, "properties": {"station_id": "ENRA", "temp_c": 1.0, "icao_code": "ENRA", "municipality": "Mo i Rana", "iso_country": "NO", "iso_region": "NO-18"}}, {"type": "Feature", "geometry": {"type": "Point", "coordinates": [29.032, 70.871]}, "properties": {"station_id": "ENBV", "temp_c": 1.0, "icao_code": "ENBV", "municipality": "Berlev\u00e5g", "iso_country": "NO", "iso_region": "NO-56"}}, {"type": "Feature", "geometry": {"type": "Point", "coordinates": [12.216, 65.458]}, "properties": {"station_id": "ENBN", "temp_c": 3.0, "icao_code": "ENBN", "municipality": "Br\u00f8nn\u00f8y", "iso_country": "NO", "iso_region": "NO-18"}}, {"type": "Feature", "geometry": {"type": "Point", "coordinates": [7.229, 53.388]}, "properties": {"station_id": "EDWE", "temp_c": 8.0, "icao_code": "EDWE", "municipality": "Emden", "iso_country": "DE", "iso_region": "DE-NI"}}, {"type": "Feature", "geometry": {"type": "Point", "coordinates": [6.142, 51.602]}, "properties": {"station_id": "EDLV", "temp_c": 8.0, "icao_code": "EDLV", "municipality": "Weeze", "iso_country": "DE", "iso_region": "DE-NW"}}, {"type": "Feature", "geometry": {"type": "Point", "coordinates": [38.081, 40.967]}, "properties": {"station_id": "LTCB", "temp_c": 12.0, "icao_code": "LTCB", "municipality": "Ordu", "iso_country": "TR", "iso_region": "TR-52"}}, {"type": "Feature", "geometry": {"type": "Point", "coordinates": [7.265, 49.946]}, "properties": {"station_id": "EDFH", "temp_c": 9.0, "icao_code": "EDFH", "municipality": "Frankfurt am Main (Lautzenhausen)", "iso_country": "DE", "iso_region": "DE-RP"}}, {"type": "Feature", "geometry": {"type": "Point", "coordinates": [11.205, 43.81]}, "properties": {"station_id": "LIRQ", "temp_c": 12.0, "icao_code": "LIRQ", "municipality": "Firenze (FI)", "iso_country": "IT", "iso_region": "IT-52"}}, {"type": "Feature", "geometry": {"type": "Point", "coordinates": [20.5, 38.12]}, "properties": {"station_id": "LGKF", "temp_c": 18.0, "icao_code": "LGKF", "municipality": "Kefallinia Island", "iso_country": "GR", "iso_region": "GR-F"}}, {"type": "Feature", "geometry": {"type": "Point", "coordinates": [14.292, 40.885]}, "properties": {"station_id": "LIRN", "temp_c": 16.0, "icao_code": "LIRN", "municipality": "Napoli", "iso_country": "IT", "iso_region": "IT-72"}}, {"type": "Feature", "geometry": {"type": "Point", "coordinates": [12.239, 41.8]}, "properties": {"station_id": "LIRF", "temp_c": 11.0, "icao_code": "LIRF", "municipality": "Rome", "iso_country": "IT", "iso_region": "IT-62"}}, {"type": "Feature", "geometry": {"type": "Point", "coordinates": [12.585, 41.808]}, "properties": {"station_id": "LIRA", "temp_c": 13.0, "icao_code": "LIRA", "municipality": "Rome", "iso_country": "IT", "iso_region": "IT-62"}}, {"type": "Feature", "geometry": {"type": "Point", "coordinates": [9.263, 45.461]}, "properties": {"station_id": "LIML", "temp_c": 17.0, "icao_code": "LIML", "municipality": "Segrate (MI)", "iso_country": "IT", "iso_region": "IT-25"}}, {"type": "Feature", "geometry": {"type": "Point", "coordinates": [8.838, 44.413]}, "properties": {"station_id": "LIMJ", "temp_c": 15.0, "icao_code": "LIMJ", "municipality": "Genova (GE)", "iso_country": "IT", "iso_region": "IT-42"}}, {"type": "Feature", "geometry": {"type": "Point", "coordinates": [7.649, 45.203]}, "properties": {"station_id": "LIMF", "temp_c": 15.0, "icao_code": "LIMF", "municipality": "Caselle Torinese (TO)", "iso_country": "IT", "iso_region": "IT-21"}}, {"type": "Feature", "geometry": {"type": "Point", "coordinates": [9.704, 45.674]}, "properties": {"station_id": "LIME", "temp_c": 17.0, "icao_code": "LIME", "municipality": "Orio al Serio (BG)", "iso_country": "IT", "iso_region": "IT-25"}}, {"type": "Feature", "geometry": {"type": "Point", "coordinates": [8.728, 45.631]}, "properties": {"station_id": "LIMC", "temp_c": 16.0, "icao_code": "LIMC", "municipality": "Ferno (VA)", "iso_country": "IT", "iso_region": "IT-25"}}, {"type": "Feature", "geometry": {"type": "Point", "coordinates": [23.677, 70.681]}, "properties": {"station_id": "ENHF", "temp_c": 0.0, "icao_code": "ENHF", "municipality": "Hammerfest", "iso_country": "NO", "iso_region": "NO-56"}}, {"type": "Feature", "geometry": {"type": "Point", "coordinates": [9.518, 40.899]}, "properties": {"station_id": "LIEO", "temp_c": 11.0, "icao_code": "LIEO", "municipality": "Olbia (SS)", "iso_country": "IT", "iso_region": "IT-88"}}, {"type": "Feature", "geometry": {"type": "Point", "coordinates": [9.06, 39.243]}, "properties": {"station_id": "LIEE", "temp_c": 11.0, "icao_code": "LIEE", "municipality": "Cagliari", "iso_country": "IT", "iso_region": "IT-88"}}, {"type": "Feature", "geometry": {"type": "Point", "coordinates": [8.289, 40.631]}, "properties": {"station_id": "LIEA", "temp_c": 10.0, "icao_code": "LIEA", "municipality": "Alghero", "iso_country": "IT", "iso_region": "IT-88"}}, {"type": "Feature", "geometry": {"type": "Point", "coordinates": [12.352, 45.505]}, "properties": {"station_id": "LIPZ", "temp_c": 14.0, "icao_code": "LIPZ", "municipality": "Venezia (VE)", "iso_country": "IT", "iso_region": "IT-34"}}, {"type": "Feature", "geometry": {"type": "Point", "coordinates": [10.872, 45.387]}, "properties": {"station_id": "LIPX", "temp_c": 15.0, "icao_code": "LIPX", "municipality": "Caselle (VR)", "iso_country": "IT", "iso_region": "IT-34"}}, {"type": "Feature", "geometry": {"type": "Point", "coordinates": [12.612, 44.02]}, "properties": {"station_id": "LIPR", "temp_c": 14.0, "icao_code": "LIPR", "municipality": "Rimini (RN)", "iso_country": "IT", "iso_region": "IT-45"}}, {"type": "Feature", "geometry": {"type": "Point", "coordinates": [13.472, 45.828]}, "properties": {"station_id": "LIPQ", "temp_c": 15.0, "icao_code": "LIPQ", "municipality": "Ronchi dei Legionari/Trieste", "iso_country": "IT", "iso_region": "IT-36"}}, {"type": "Feature", "geometry": {"type": "Point", "coordinates": [12.07, 44.196]}, "properties": {"station_id": "LIPK", "temp_c": 12.0, "icao_code": "LIPK", "municipality": "Forl\u00ec (FC)", "iso_country": "IT", "iso_region": "IT-45"}}, {"type": "Feature", "geometry": {"type": "Point", "coordinates": [12.194, 45.648]}, "properties": {"station_id": "LIPH", "temp_c": 15.0, "icao_code": "LIPH", "municipality": "Treviso (TV)", "iso_country": "IT", "iso_region": "IT-34"}}, {"type": "Feature", "geometry": {"type": "Point", "coordinates": [11.297, 44.531]}, "properties": {"station_id": "LIPE", "temp_c": 15.0, "icao_code": "LIPE", "municipality": "Bologna", "iso_country": "IT", "iso_region": "IT-45"}}, {"type": "Feature", "geometry": {"type": "Point", "coordinates": [11.326, 46.46]}, "properties": {"station_id": "LIPB", "temp_c": 16.0, "icao_code": "LIPB", "municipality": "Bolzano (BZ)", "iso_country": "IT", "iso_region": "IT-32"}}, {"type": "Feature", "geometry": {"type": "Point", "coordinates": [13.091, 38.176]}, "properties": {"station_id": "LICJ", "temp_c": 16.0, "icao_code": "LICJ", "municipality": "Palermo", "iso_country": "IT", "iso_region": "IT-82"}}, {"type": "Feature", "geometry": {"type": "Point", "coordinates": [15.064, 37.467]}, "properties": {"station_id": "LICC", "temp_c": 12.0, "icao_code": "LICC", "municipality": "Catania", "iso_country": "IT", "iso_region": "IT-82"}}, {"type": "Feature", "geometry": {"type": "Point", "coordinates": [17.951, 40.658]}, "properties": {"station_id": "LIBR", "temp_c": 15.0, "icao_code": "LIBR", "municipality": "Brindisi", "iso_country": "IT", "iso_region": "IT-75"}}, {"type": "Feature", "geometry": {"type": "Point", "coordinates": [14.669, 68.245]}, "properties": {"station_id": "ENSH", "temp_c": 2.0, "icao_code": "ENSH", "municipality": "Svolv\u00e6r", "iso_country": "NO", "iso_region": "NO-18"}}, {"type": "Feature", "geometry": {"type": "Point", "coordinates": [16.765, 41.138]}, "properties": {"station_id": "LIBD", "temp_c": 16.0, "icao_code": "LIBD", "municipality": "Bari", "iso_country": "IT", "iso_region": "IT-75"}}, {"type": "Feature", "geometry": {"type": "Point", "coordinates": [11.57, 64.471]}, "properties": {"station_id": "ENNM", "temp_c": 3.0, "icao_code": "ENNM", "municipality": "Namsos", "iso_country": "NO", "iso_region": "NO-50"}}, {"type": "Feature", "geometry": {"type": "Point", "coordinates": [27.829, 71.029]}, "properties": {"station_id": "ENMH", "temp_c": 0.0, "icao_code": "ENMH", "municipality": "Mehamn", "iso_country": "NO", "iso_region": "NO-56"}}, {"type": "Feature", "geometry": {"type": "Point", "coordinates": [13.615, 68.155]}, "properties": {"station_id": "ENLK", "temp_c": 1.0, "icao_code": "ENLK", "municipality": "Leknes", "iso_country": "NO", "iso_region": "NO-18"}}, {"type": "Feature", "geometry": {"type": "Point", "coordinates": [25.982, 71.009]}, "properties": {"station_id": "ENHV", "temp_c": 1.0, "icao_code": "ENHV", "municipality": "Honningsv\u00e5g", "iso_country": "NO", "iso_region": "NO-56"}}, {"type": "Feature", "geometry": {"type": "Point", "coordinates": [22.14, 70.487]}, "properties": {"station_id": "ENHK", "temp_c": 5.0, "icao_code": "ENHK", "municipality": "Hasvik", "iso_country": "NO", "iso_region": "NO-56"}}, {"type": "Feature", "geometry": {"type": "Point", "coordinates": [29.698, 70.601]}, "properties": {"station_id": "ENBS", "temp_c": -1.0, "icao_code": "ENBS", "municipality": "B\u00e5tsfjord", "iso_country": "NO", "iso_region": "NO-56"}}, {"type": "Feature", "geometry": {"type": "Point", "coordinates": [12.51, 43.097]}, "properties": {"station_id": "LIRZ", "temp_c": 11.0, "icao_code": "LIRZ", "municipality": "Perugia (PG)", "iso_country": "IT", "iso_region": "IT-55"}}, {"type": "Feature", "geometry": {"type": "Point", "coordinates": [13.36, 43.617]}, "properties": {"station_id": "LIPY", "temp_c": 15.0, "icao_code": "LIPY", "municipality": "Falconara Marittima (AN)", "iso_country": "IT", "iso_region": "IT-57"}}, {"type": "Feature", "geometry": {"type": "Point", "coordinates": [7.623, 44.547]}, "properties": {"station_id": "LIMZ", "temp_c": 15.0, "icao_code": "LIMZ", "municipality": "Levaldigi (CN)", "iso_country": "IT", "iso_region": "IT-21"}}, {"type": "Feature", "geometry": {"type": "Point", "coordinates": [7.351, 45.735]}, "properties": {"station_id": "LIMW", "temp_c": 12.0, "icao_code": "LIMW", "municipality": "Saint-Christophe (AO)", "iso_country": "IT", "iso_region": "IT-23"}}, {"type": "Feature", "geometry": {"type": "Point", "coordinates": [15.535, 41.433]}, "properties": {"station_id": "LIBF", "temp_c": 15.0, "icao_code": "LIBF", "municipality": "Foggia (FG)", "iso_country": "IT", "iso_region": "IT-75"}}, {"type": "Feature", "geometry": {"type": "Point", "coordinates": [15.654, 38.072]}, "properties": {"station_id": "LICR", "temp_c": 17.0, "icao_code": "LICR", "municipality": "Reggio Calabria", "iso_country": "IT", "iso_region": "IT-78"}}, {"type": "Feature", "geometry": {"type": "Point", "coordinates": [12.472, 65.961]}, "properties": {"station_id": "ENST", "temp_c": 5.0, "icao_code": "ENST", "municipality": "Alstahaug", "iso_country": "NO", "iso_region": "NO-18"}}, {"type": "Feature", "geometry": {"type": "Point", "coordinates": [14.911, 40.62]}, "properties": {"station_id": "LIRI", "temp_c": 15.0, "icao_code": "LIRI", "municipality": "Salerno", "iso_country": "IT", "iso_region": "IT-72"}}, {"type": "Feature", "geometry": {"type": "Point", "coordinates": [6.078, 62.18]}, "properties": {"station_id": "ENOV", "temp_c": 3.0, "icao_code": "ENOV", "municipality": "\u00d8rsta", "iso_country": "NO", "iso_region": "NO-15"}}, {"type": "Feature", "geometry": {"type": "Point", "coordinates": [6.104, 61.829]}, "properties": {"station_id": "ENSD", "temp_c": 4.0, "icao_code": "ENSD", "municipality": "Sandane", "iso_country": "NO", "iso_region": "NO-46"}}, {"type": "Feature", "geometry": {"type": "Point", "coordinates": [-116.787, 34.8537]}, "properties": {"station_id": "KDAG", "temp_c": 13.3, "icao_code": "KDAG", "municipality": "Daggett", "iso_country": "US", "iso_region": "US-CA"}}, {"type": "Feature", "geometry": {"type": "Point", "coordinates": [58.298, 23.595]}, "properties": {"station_id": "OOMS", "temp_c": 38.0, "icao_code": "OOMS", "municipality": "Muscat/Seeb", "iso_country": "OM", "iso_region": "OM-MA"}}, {"type": "Feature", "geometry": {"type": "Point", "coordinates": [16.242, 38.908]}, "properties": {"station_id": "LICA", "temp_c": 15.0, "icao_code": "LICA", "municipality": "Lamezia Terme (CZ)", "iso_country": "IT", "iso_region": "IT-78"}}, {"type": "Feature", "geometry": {"type": "Point", "coordinates": [14.181, 42.432]}, "properties": {"station_id": "LIBP", "temp_c": 14.0, "icao_code": "LIBP", "municipality": "Pescara", "iso_country": "IT", "iso_region": "IT-65"}}, {"type": "Feature", "geometry": {"type": "Point", "coordinates": [17.079, 38.997]}, "properties": {"station_id": "LIBC", "temp_c": 17.0, "icao_code": "LIBC", "municipality": "Isola di Capo Rizzuto (KR)", "iso_country": "IT", "iso_region": "IT-78"}}, {"type": "Feature", "geometry": {"type": "Point", "coordinates": [54.102, 17.044]}, "properties": {"station_id": "OOSA", "temp_c": 33.0, "icao_code": "OOSA", "municipality": "Salalah", "iso_country": "OM", "iso_region": "OM-ZU"}}, {"type": "Feature", "geometry": {"type": "Point", "coordinates": [10.296, 44.825]}, "properties": {"station_id": "LIMP", "temp_c": 16.0, "icao_code": "LIMP", "municipality": "Parma (PR)", "iso_country": "IT", "iso_region": "IT-45"}}, {"type": "Feature", "geometry": {"type": "Point", "coordinates": [29.835, 70.065]}, "properties": {"station_id": "ENVD", "temp_c": 0.0, "icao_code": "ENVD", "municipality": "Vads\u00f8", "iso_country": "NO", "iso_region": "NO-56"}}, {"type": "Feature", "geometry": {"type": "Point", "coordinates": [56.624, 24.388]}, "properties": {"station_id": "OOSH", "temp_c": 39.0, "icao_code": "OOSH", "municipality": "Suhar", "iso_country": "OM", "iso_region": "OM-BA"}}, {"type": "Feature", "geometry": {"type": "Point", "coordinates": [56.239, 26.168]}, "properties": {"station_id": "OOKB", "temp_c": 39.0, "icao_code": "OOKB", "municipality": "Khasab", "iso_country": "OM", "iso_region": "OM-MU"}}, {"type": "Feature", "geometry": {"type": "Point", "coordinates": [11.141, 64.835]}, "properties": {"station_id": "ENRM", "temp_c": 3.0, "icao_code": "ENRM", "municipality": "R\u00f8rvik", "iso_country": "NO", "iso_region": "NO-50"}}, {"type": "Feature", "geometry": {"type": "Point", "coordinates": [24.95, 37.422]}, "properties": {"station_id": "LGSO", "temp_c": 17.0, "icao_code": "LGSO", "municipality": "Syros Island", "iso_country": "GR", "iso_region": "GR-L"}}, {"type": "Feature", "geometry": {"type": "Point", "coordinates": [25.114, 37.022]}, "properties": {"station_id": "LGPA", "temp_c": 17.0, "icao_code": "LGPA", "municipality": "Paros", "iso_country": "GR", "iso_region": "GR-L"}}, {"type": "Feature", "geometry": {"type": "Point", "coordinates": [25.369, 37.081]}, "properties": {"station_id": "LGNX", "temp_c": 17.0, "icao_code": "LGNX", "municipality": "Naxos", "iso_country": "GR", "iso_region": "GR-L"}}, {"type": "Feature", "geometry": {"type": "Point", "coordinates": [25.348, 37.435]}, "properties": {"station_id": "LGMK", "temp_c": 15.0, "icao_code": "LGMK", "municipality": "Mykonos", "iso_country": "GR", "iso_region": "GR-L"}}, {"type": "Feature", "geometry": {"type": "Point", "coordinates": [21.842, 40.288]}, "properties": {"station_id": "LGKZ", "temp_c": 14.0, "icao_code": "LGKZ", "municipality": "Kozani", "iso_country": "GR", "iso_region": "GR-C"}}, {"type": "Feature", "geometry": {"type": "Point", "coordinates": [26.141, 38.343]}, "properties": {"station_id": "LGHI", "temp_c": 17.0, "icao_code": "LGHI", "municipality": "Chios Island", "iso_country": "GR", "iso_region": "GR-K"}}, {"type": "Feature", "geometry": {"type": "Point", "coordinates": [22.794, 39.22]}, "properties": {"station_id": "LGBL", "temp_c": 16.0, "icao_code": "LGBL", "municipality": "Nea Anchialos", "iso_country": "GR", "iso_region": "GR-E"}}, {"type": "Feature", "geometry": {"type": "Point", "coordinates": [20.884, 37.751]}, "properties": {"station_id": "LGZA", "temp_c": 17.0, "icao_code": "LGZA", "municipality": "Zakynthos", "iso_country": "GR", "iso_region": "GR-F"}}, {"type": "Feature", "geometry": {"type": "Point", "coordinates": [25.479, 36.399]}, "properties": {"station_id": "LGSR", "temp_c": 18.0, "icao_code": "LGSR", "municipality": "Santorini Island", "iso_country": "GR", "iso_region": "GR-L"}}, {"type": "Feature", "geometry": {"type": "Point", "coordinates": [23.504, 39.177]}, "properties": {"station_id": "LGSK", "temp_c": 16.0, "icao_code": "LGSK", "municipality": "Skiathos", "iso_country": "GR", "iso_region": "GR-E"}}, {"type": "Feature", "geometry": {"type": "Point", "coordinates": [21.426, 38.151]}, "properties": {"station_id": "LGRX", "temp_c": 17.0, "icao_code": "LGRX", "municipality": "Patras", "iso_country": "GR", "iso_region": "GR-G"}}, {"type": "Feature", "geometry": {"type": "Point", "coordinates": [-101.723, 34.169]}, "properties": {"station_id": "KPVW", "temp_c": 14.0, "icao_code": "KPVW", "municipality": "Plainview", "iso_country": "US", "iso_region": "US-TX"}}, {"type": "Feature", "geometry": {"type": "Point", "coordinates": [20.761, 38.921]}, "properties": {"station_id": "LGPZ", "temp_c": 18.0, "icao_code": "LGPZ", "municipality": "Preveza", "iso_country": "GR", "iso_region": "GR-D"}}, {"type": "Feature", "geometry": {"type": "Point", "coordinates": [26.604, 39.054]}, "properties": {"station_id": "LGMT", "temp_c": 15.0, "icao_code": "LGMT", "municipality": "Mytilene", "iso_country": "GR", "iso_region": "GR-K"}}, {"type": "Feature", "geometry": {"type": "Point", "coordinates": [24.622, 40.915]}, "properties": {"station_id": "LGKV", "temp_c": 14.0, "icao_code": "LGKV", "municipality": "Kavala", "iso_country": "GR", "iso_region": "GR-A"}}, {"type": "Feature", "geometry": {"type": "Point", "coordinates": [20.823, 39.696]}, "properties": {"station_id": "LGIO", "temp_c": 11.0, "icao_code": "LGIO", "municipality": "Ioannina", "iso_country": "GR", "iso_region": "GR-D"}}, {"type": "Feature", "geometry": {"type": "Point", "coordinates": [23.556, 38.064]}, "properties": {"station_id": "LGEL", "temp_c": 19.0, "icao_code": "LGEL", "municipality": "Elefsina", "iso_country": "GR", "iso_region": "GR-I"}}, {"type": "Feature", "geometry": {"type": "Point", "coordinates": [25.945, 40.856]}, "properties": {"station_id": "LGAL", "temp_c": 11.0, "icao_code": "LGAL", "municipality": "Alexandroupolis", "iso_country": "GR", "iso_region": "GR-A"}}, {"type": "Feature", "geometry": {"type": "Point", "coordinates": [-14.394, -7.97]}, "properties": {"station_id": "FHAW", "temp_c": 26.0, "icao_code": "FHAW", "municipality": "Cat Hill", "iso_country": "SH", "iso_region": "SH-AC"}}, {"type": "Feature", "geometry": {"type": "Point", "coordinates": [25.883, 40.2]}, "properties": {"station_id": "LTFK", "temp_c": 13.0, "icao_code": "LTFK", "municipality": "G\u00f6k\u00e7eada", "iso_country": "TR", "iso_region": "TR-17"}}, {"type": "Feature", "geometry": {"type": "Point", "coordinates": [27.333, 37.951]}, "properties": {"station_id": "LTFB", "temp_c": 15.0, "icao_code": "LTFB", "municipality": "Sel\u00e7uk", "iso_country": "TR", "iso_region": "TR-35"}}, {"type": "Feature", "geometry": {"type": "Point", "coordinates": [44.238, 37.55]}, "properties": {"station_id": "LTCW", "temp_c": 7.0, "icao_code": "LTCW", "municipality": "Hakkari", "iso_country": "TR", "iso_region": "TR-30"}}, {"type": "Feature", "geometry": {"type": "Point", "coordinates": [40.638, 37.232]}, "properties": {"station_id": "LTCR", "temp_c": 20.0, "icao_code": "LTCR", "municipality": "Mardin", "iso_country": "TR", "iso_region": "TR-47"}}, {"type": "Feature", "geometry": {"type": "Point", "coordinates": [38.469, 37.731]}, "properties": {"station_id": "LTCP", "temp_c": 20.0, "icao_code": "LTCP", "municipality": "Ad\u0131yaman", "iso_country": "TR", "iso_region": "TR-02"}}, {"type": "Feature", "geometry": {"type": "Point", "coordinates": [43.026, 39.654]}, "properties": {"station_id": "LTCO", "temp_c": 10.0, "icao_code": "LTCO", "municipality": "A\u011fr\u0131", "iso_country": "TR", "iso_region": "TR-04"}}, {"type": "Feature", "geometry": {"type": "Point", "coordinates": [35.072, 42.019]}, "properties": {"station_id": "LTCM", "temp_c": 12.0, "icao_code": "LTCM", "municipality": "Sinop", "iso_country": "TR", "iso_region": "TR-57"}}, {"type": "Feature", "geometry": {"type": "Point", "coordinates": [41.661, 38.748]}, "properties": {"station_id": "LTCK", "temp_c": 13.0, "icao_code": "LTCK", "municipality": "Mu\u015f", "iso_country": "TR", "iso_region": "TR-49"}}, {"type": "Feature", "geometry": {"type": "Point", "coordinates": [29.483, 38.68]}, "properties": {"station_id": "LTBO", "temp_c": 12.0, "icao_code": "LTBO", "municipality": "U\u015fak", "iso_country": "TR", "iso_region": "TR-64"}}, {"type": "Feature", "geometry": {"type": "Point", "coordinates": [36.368, 40.308]}, "properties": {"station_id": "LTAW", "temp_c": 11.0, "icao_code": "LTAW", "municipality": "Tokat", "iso_country": "TR", "iso_region": "TR-60"}}, {"type": "Feature", "geometry": {"type": "Point", "coordinates": [32.089, 41.507]}, "properties": {"station_id": "LTAS", "temp_c": 8.0, "icao_code": "LTAS", "municipality": "Zonguldak", "iso_country": "TR", "iso_region": "TR-67"}}, {"type": "Feature", "geometry": {"type": "Point", "coordinates": [35.426, 37.002]}, "properties": {"station_id": "LTAG", "temp_c": 19.0, "icao_code": "LTAG", "municipality": "Sar\u0131\u00e7am", "iso_country": "TR", "iso_region": "TR-01"}}, {"type": "Feature", "geometry": {"type": "Point", "coordinates": [40.201, 37.894]}, "properties": {"station_id": "LTCC", "temp_c": 18.0, "icao_code": "LTCC", "municipality": "Diyarbak\u0131r", "iso_country": "TR", "iso_region": "TR-21"}}, {"type": "Feature", "geometry": {"type": "Point", "coordinates": [35.495, 38.77]}, "properties": {"station_id": "LTAU", "temp_c": 11.0, "icao_code": "LTAU", "municipality": "Kayseri", "iso_country": "TR", "iso_region": "TR-38"}}, {"type": "Feature", "geometry": {"type": "Point", "coordinates": [38.092, 38.435]}, "properties": {"station_id": "LTAT", "temp_c": 15.0, "icao_code": "LTAT", "municipality": "Malatya", "iso_country": "TR", "iso_region": "TR-44"}}, {"type": "Feature", "geometry": {"type": "Point", "coordinates": [40.845, 41.179]}, "properties": {"station_id": "LTFO", "temp_c": 12.0, "icao_code": "LTFO", "municipality": "Rize", "iso_country": "TR", "iso_region": "TR-53"}}, {"type": "Feature", "geometry": {"type": "Point", "coordinates": [36.567, 41.255]}, "properties": {"station_id": "LTFH", "temp_c": 12.0, "icao_code": "LTFH", "municipality": "Samsun", "iso_country": "TR", "iso_region": "TR-55"}}, {"type": "Feature", "geometry": {"type": "Point", "coordinates": [32.3, 36.299]}, "properties": {"station_id": "LTFG", "temp_c": 20.0, "icao_code": "LTFG", "municipality": "Gazipa\u015fa", "iso_country": "TR", "iso_region": "TR-07"}}, {"type": "Feature", "geometry": {"type": "Point", "coordinates": [27.025, 39.559]}, "properties": {"station_id": "LTFD", "temp_c": 14.0, "icao_code": "LTFD", "municipality": "Edremit", "iso_country": "TR", "iso_region": "TR-10"}}, {"type": "Feature", "geometry": {"type": "Point", "coordinates": [36.283, 36.361]}, "properties": {"station_id": "LTDA", "temp_c": 21.0, "icao_code": "LTDA", "municipality": "Antakya", "iso_country": "TR", "iso_region": "TR-31"}}, {"type": "Feature", "geometry": {"type": "Point", "coordinates": [42.06, 37.365]}, "properties": {"station_id": "LTCV", "temp_c": 19.0, "icao_code": "LTCV", "municipality": "\u015e\u0131rnak", "iso_country": "TR", "iso_region": "TR-73"}}, {"type": "Feature", "geometry": {"type": "Point", "coordinates": [43.878, 39.977]}, "properties": {"station_id": "LTCT", "temp_c": 14.0, "icao_code": "LTCT", "municipality": "I\u011fd\u0131r", "iso_country": "TR", "iso_region": "TR-76"}}, {"type": "Feature", "geometry": {"type": "Point", "coordinates": [36.953, 37.539]}, "properties": {"station_id": "LTCN", "temp_c": 17.0, "icao_code": "LTCN", "municipality": "Kahramanmara\u015f", "iso_country": "TR", "iso_region": "TR-46"}}, {"type": "Feature", "geometry": {"type": "Point", "coordinates": [43.337, 38.469]}, "properties": {"station_id": "LTCI", "temp_c": 11.0, "icao_code": "LTCI", "municipality": "Van", "iso_country": "TR", "iso_region": "TR-65"}}, {"type": "Feature", "geometry": {"type": "Point", "coordinates": [43.115, 40.562]}, "properties": {"station_id": "LTCF", "temp_c": 6.0, "icao_code": "LTCF", "municipality": "Kars", "iso_country": "TR", "iso_region": "TR-36"}}, {"type": "Feature", "geometry": {"type": "Point", "coordinates": [39.527, 39.71]}, "properties": {"station_id": "LTCD", "temp_c": 11.0, "icao_code": "LTCD", "municipality": "Erzincan", "iso_country": "TR", "iso_region": "TR-24"}}, {"type": "Feature", "geometry": {"type": "Point", "coordinates": [-106.9488, 47.3259]}, "properties": {"station_id": "KJDN", "temp_c": -1.1, "icao_code": "KJDN", "municipality": "Jordan", "iso_country": "US", "iso_region": "US-MT"}}, {"type": "Feature", "geometry": {"type": "Point", "coordinates": [-91.707, 44.076]}, "properties": {"station_id": "KONA", "temp_c": 9.0, "icao_code": "KONA", "municipality": "Winona", "iso_country": "US", "iso_region": "US-MN"}}, {"type": "Feature", "geometry": {"type": "Point", "coordinates": [-116.982, 32.544]}, "properties": {"station_id": "MMTJ", "temp_c": 14.0, "icao_code": "MMTJ", "municipality": "Tijuana", "iso_country": "MX", "iso_region": "MX-BCN"}}, {"type": "Feature", "geometry": {"type": "Point", "coordinates": [-111.6437, 33.3008]}, "properties": {"station_id": "KIWA", "temp_c": 21.0, "icao_code": "KIWA", "municipality": "Mesa", "iso_country": "US", "iso_region": "US-AZ"}}, {"type": "Feature", "geometry": {"type": "Point", "coordinates": [-109.72, 23.157]}, "properties": {"station_id": "MMSD", "temp_c": 23.0, "icao_code": "MMSD", "municipality": "San Jos\u00e9 del Cabo", "iso_country": "MX", "iso_region": "MX-BCS"}}, {"type": "Feature", "geometry": {"type": "Point", "coordinates": [-101.481, 20.997]}, "properties": {"station_id": "MMLO", "temp_c": 25.0, "icao_code": "MMLO", "municipality": "Silao", "iso_country": "MX", "iso_region": "MX-GUA"}}, {"type": "Feature", "geometry": {"type": "Point", "coordinates": [-99.002, 19.763]}, "properties": {"station_id": "MMSM", "temp_c": 16.0, "icao_code": "MMSM", "municipality": "Mexico City", "iso_country": "MX", "iso_region": "MX-MEX"}}, {"type": "Feature", "geometry": {"type": "Point", "coordinates": [17.808, 47.627]}, "properties": {"station_id": "LHPR", "temp_c": 9.0, "icao_code": "LHPR", "municipality": "Gy\u0151r", "iso_country": "HU", "iso_region": "HU-GS"}}, {"type": "Feature", "geometry": {"type": "Point", "coordinates": [-88.9878, 36.3778]}, "properties": {"station_id": "KUCY", "temp_c": 26.0, "icao_code": "KUCY", "municipality": "Union City", "iso_country": "US", "iso_region": "US-TN"}}, {"type": "Feature", "geometry": {"type": "Point", "coordinates": [-74.0999, 41.5045]}, "properties": {"station_id": "KSWF", "temp_c": 9.0, "icao_code": "KSWF", "municipality": "Newburgh", "iso_country": "US", "iso_region": "US-NY"}}, {"type": "Feature", "geometry": {"type": "Point", "coordinates": [18.241, 45.991]}, "properties": {"station_id": "LHPP", "temp_c": 12.0, "icao_code": "LHPP", "municipality": "P\u00e9cs", "iso_country": "HU", "iso_region": "HU-BA"}}, {"type": "Feature", "geometry": {"type": "Point", "coordinates": [10.393, 43.684]}, "properties": {"station_id": "LIRP", "temp_c": 10.0, "icao_code": "LIRP", "municipality": "Pisa (PI)", "iso_country": "IT", "iso_region": "IT-52"}}, {"type": "Feature", "geometry": {"type": "Point", "coordinates": [17.161, 46.689]}, "properties": {"station_id": "LHSM", "temp_c": 9.0, "icao_code": "LHSM", "municipality": "S\u00e1rmell\u00e9k", "iso_country": "HU", "iso_region": "HU-ZA"}}, {"type": "Feature", "geometry": {"type": "Point", "coordinates": [19.749, 46.917]}, "properties": {"station_id": "LHKE", "temp_c": 10.0, "icao_code": "LHKE", "municipality": "Kecskem\u00e9t", "iso_country": "HU", "iso_region": "HU-BK"}}, {"type": "Feature", "geometry": {"type": "Point", "coordinates": [20.235, 47.123]}, "properties": {"station_id": "LHSN", "temp_c": 10.0, "icao_code": "LHSN", "municipality": "Szolnok", "iso_country": "HU", "iso_region": "HU-JN"}}, {"type": "Feature", "geometry": {"type": "Point", "coordinates": [14.477, 35.858]}, "properties": {"station_id": "LMML", "temp_c": 18.0, "icao_code": "LMML", "municipality": "Valletta", "iso_country": "MT", "iso_region": "MT-25"}}, {"type": "Feature", "geometry": {"type": "Point", "coordinates": [21.615, 47.489]}, "properties": {"station_id": "LHDC", "temp_c": 9.0, "icao_code": "LHDC", "municipality": "Debrecen", "iso_country": "HU", "iso_region": "HU-HB"}}, {"type": "Feature", "geometry": {"type": "Point", "coordinates": [-106.271, 23.161]}, "properties": {"station_id": "MMMZ", "temp_c": 21.0, "icao_code": "MMMZ", "municipality": "Mazatl\u00e0n", "iso_country": "MX", "iso_region": "MX-SIN"}}, {"type": "Feature", "geometry": {"type": "Point", "coordinates": [-96.189, 19.144]}, "properties": {"station_id": "MMVR", "temp_c": 26.0, "icao_code": "MMVR", "municipality": "Veracruz", "iso_country": "MX", "iso_region": "MX-VER"}}, {"type": "Feature", "geometry": {"type": "Point", "coordinates": [-99.072, 19.436]}, "properties": {"station_id": "MMMX", "temp_c": 19.0, "icao_code": "MMMX", "municipality": "Mexico City", "iso_country": "MX", "iso_region": "MX-DIF"}}, {"type": "Feature", "geometry": {"type": "Point", "coordinates": [-110.364, 24.077]}, "properties": {"station_id": "MMLP", "temp_c": 23.0, "icao_code": "MMLP", "municipality": "La Paz", "iso_country": "MX", "iso_region": "MX-BCS"}}, {"type": "Feature", "geometry": {"type": "Point", "coordinates": [-99.568, 19.343]}, "properties": {"station_id": "MMTO", "temp_c": 13.0, "icao_code": "MMTO", "municipality": "Toluca", "iso_country": "MX", "iso_region": "MX-MEX"}}, {"type": "Feature", "geometry": {"type": "Point", "coordinates": [-103.312, 20.523]}, "properties": {"station_id": "MMGL", "temp_c": 25.0, "icao_code": "MMGL", "municipality": "Guadalajara", "iso_country": "MX", "iso_region": "MX-JAL"}}, {"type": "Feature", "geometry": {"type": "Point", "coordinates": [-115.238, 32.631]}, "properties": {"station_id": "MMML", "temp_c": 18.0, "icao_code": "MMML", "municipality": "Mexicali", "iso_country": "MX", "iso_region": "MX-BCN"}}, {"type": "Feature", "geometry": {"type": "Point", "coordinates": [-102.68, 22.904]}, "properties": {"station_id": "MMZC", "temp_c": 20.0, "icao_code": "MMZC", "municipality": "Zacatecas", "iso_country": "MX", "iso_region": "MX-ZAC"}}, {"type": "Feature", "geometry": {"type": "Point", "coordinates": [-105.25, 20.68]}, "properties": {"station_id": "MMPR", "temp_c": 24.0, "icao_code": "MMPR", "municipality": "Puerto Vallarta", "iso_country": "MX", "iso_region": "MX-JAL"}}, {"type": "Feature", "geometry": {"type": "Point", "coordinates": [-100.93, 22.256]}, "properties": {"station_id": "MMSP", "temp_c": 23.0, "icao_code": "MMSP", "municipality": "San Luis Potos\u00ed", "iso_country": "MX", "iso_region": "MX-SLP"}}, {"type": "Feature", "geometry": {"type": "Point", "coordinates": [-100.239, 25.865]}, "properties": {"station_id": "MMAN", "temp_c": 27.0, "icao_code": "MMAN", "municipality": "Monterrey", "iso_country": "MX", "iso_region": "MX-NLE"}}, {"type": "Feature", "geometry": {"type": "Point", "coordinates": [-102.318, 21.702]}, "properties": {"station_id": "MMAS", "temp_c": 19.0, "icao_code": "MMAS", "municipality": "Aguascalientes", "iso_country": "MX", "iso_region": "MX-AGU"}}, {"type": "Feature", "geometry": {"type": "Point", "coordinates": [-101.037, 19.844]}, "properties": {"station_id": "MMMM", "temp_c": 18.0, "icao_code": "MMMM", "municipality": "Morelia", "iso_country": "MX", "iso_region": "MX-MIC"}}, {"type": "Feature", "geometry": {"type": "Point", "coordinates": [-100.194, 20.617]}, "properties": {"station_id": "MMQT", "temp_c": 21.0, "icao_code": "MMQT", "municipality": "Quer\u00e9taro", "iso_country": "MX", "iso_region": "MX-QUE"}}, {"type": "Feature", "geometry": {"type": "Point", "coordinates": [-86.855, 21.038]}, "properties": {"station_id": "MMUN", "temp_c": 26.0, "icao_code": "MMUN", "municipality": "Canc\u00fan", "iso_country": "MX", "iso_region": "MX-ROO"}}, {"type": "Feature", "geometry": {"type": "Point", "coordinates": [-100.104, 25.774]}, "properties": {"station_id": "MMMY", "temp_c": 25.0, "icao_code": "MMMY", "municipality": "Monterrey", "iso_country": "MX", "iso_region": "MX-NLE"}}, {"type": "Feature", "geometry": {"type": "Point", "coordinates": [-111.051, 29.097]}, "properties": {"station_id": "MMHO", "temp_c": 24.0, "icao_code": "MMHO", "municipality": "Hermosillo", "iso_country": "MX", "iso_region": "MX-SON"}}, {"type": "Feature", "geometry": {"type": "Point", "coordinates": [-99.754, 16.758]}, "properties": {"station_id": "MMAA", "temp_c": 27.0, "icao_code": "MMAA", "municipality": "Acapulco", "iso_country": "MX", "iso_region": "MX-GRO"}}, {"type": "Feature", "geometry": {"type": "Point", "coordinates": [-87.6622, 20.1725]}, "properties": {"station_id": "MMTL", "temp_c": 23.0, "icao_code": "MMTL", "municipality": "Tulum", "iso_country": "MX", "iso_region": "MX-ROO"}}, {"type": "Feature", "geometry": {"type": "Point", "coordinates": [-84.035, 39.837]}, "properties": {"station_id": "KFFO", "temp_c": 16.0, "icao_code": "KFFO", "municipality": "Dayton", "iso_country": "US", "iso_region": "US-OH"}}, {"type": "Feature", "geometry": {"type": "Point", "coordinates": [74.774, 33.987]}, "properties": {"station_id": "VISR", "temp_c": 20.0, "icao_code": "VISR", "municipality": "Srinagar", "iso_country": "IN", "iso_region": "IN-JK"}}, {"type": "Feature", "geometry": {"type": "Point", "coordinates": [78.228, 26.293]}, "properties": {"station_id": "VIGR", "temp_c": 40.0, "icao_code": "VIGR", "municipality": "Gwalior", "iso_country": "IN", "iso_region": "IN-MP"}}, {"type": "Feature", "geometry": {"type": "Point", "coordinates": [33.622, 1.725]}, "properties": {"station_id": "HUSO", "temp_c": 22.0, "icao_code": "HUSO", "municipality": "Soroti", "iso_country": "UG", "iso_region": "UG-E"}}, {"type": "Feature", "geometry": {"type": "Point", "coordinates": [76.789, 30.677]}, "properties": {"station_id": "VICG", "temp_c": 28.0, "icao_code": "VICG", "municipality": "Chandigarh", "iso_country": "IN", "iso_region": "IN-CH"}}, {"type": "Feature", "geometry": {"type": "Point", "coordinates": [83.451, 26.74]}, "properties": {"station_id": "VEGK", "temp_c": 32.0, "icao_code": "VEGK", "municipality": "Gorakhpur", "iso_country": "IN", "iso_region": "IN-UP"}}, {"type": "Feature", "geometry": {"type": "Point", "coordinates": [77.961, 27.156]}, "properties": {"station_id": "VIAG", "temp_c": 37.0, "icao_code": "VIAG", "municipality": "Agra", "iso_country": "IN", "iso_region": "IN-UP"}}, {"type": "Feature", "geometry": {"type": "Point", "coordinates": [95.978, 21.702]}, "properties": {"station_id": "VYMD", "temp_c": 37.0, "icao_code": "VYMD", "municipality": "Mandalay", "iso_country": "MM", "iso_region": "MM-04"}}, {"type": "Feature", "geometry": {"type": "Point", "coordinates": [74.837, 32.689]}, "properties": {"station_id": "VIJU", "temp_c": 31.0, "icao_code": "VIJU", "municipality": "Jammu", "iso_country": "IN", "iso_region": "IN-JK"}}, {"type": "Feature", "geometry": {"type": "Point", "coordinates": [32.437, 0.036]}, "properties": {"station_id": "HUEN", "temp_c": 21.0, "icao_code": "HUEN", "municipality": "Entebbe", "iso_country": "UG", "iso_region": "UG-C"}}, {"type": "Feature", "geometry": {"type": "Point", "coordinates": [73.828, 15.378]}, "properties": {"station_id": "VOGO", "temp_c": 32.0, "icao_code": "VOGO", "municipality": "Vasco da Gama", "iso_country": "IN", "iso_region": "IN-GA"}}, {"type": "Feature", "geometry": {"type": "Point", "coordinates": [92.73, 11.641]}, "properties": {"station_id": "VOPB", "temp_c": 33.0, "icao_code": "VOPB", "municipality": "Port Blair", "iso_country": "IN", "iso_region": "IN-AN"}}, {"type": "Feature", "geometry": {"type": "Point", "coordinates": [77.546, 34.136]}, "properties": {"station_id": "VILH", "temp_c": 16.0, "icao_code": "VILH", "municipality": "Leh", "iso_country": "IN", "iso_region": "IN-LA"}}, {"type": "Feature", "geometry": {"type": "Point", "coordinates": [88.329, 26.681]}, "properties": {"station_id": "VEBD", "temp_c": 30.0, "icao_code": "VEBD", "municipality": "Siliguri", "iso_country": "IN", "iso_region": "IN-WB"}}, {"type": "Feature", "geometry": {"type": "Point", "coordinates": [6.629, 36.278]}, "properties": {"station_id": "DABC", "temp_c": 11.0, "icao_code": "DABC", "municipality": "Constantine", "iso_country": "DZ", "iso_region": "DZ-25"}}, {"type": "Feature", "geometry": {"type": "Point", "coordinates": [76.652, 12.229]}, "properties": {"station_id": "VOMY", "temp_c": 31.0, "icao_code": "VOMY", "municipality": "Mysore", "iso_country": "IN", "iso_region": "IN-KA"}}, {"type": "Feature", "geometry": {"type": "Point", "coordinates": [-10.362, 6.234]}, "properties": {"station_id": "GLRB", "temp_c": 24.0, "icao_code": "GLRB", "municipality": "Monrovia", "iso_country": "LR", "iso_region": "LR-MG"}}, {"type": "Feature", "geometry": {"type": "Point", "coordinates": [106.891, -6.267]}, "properties": {"station_id": "WIHH", "temp_c": 33.0, "icao_code": "WIHH", "municipality": "Jakarta", "iso_country": "ID", "iso_region": "ID-JK"}}, {"type": "Feature", "geometry": {"type": "Point", "coordinates": [35.239, 0.404]}, "properties": {"station_id": "HKEL", "temp_c": 16.0, "icao_code": "HKEL", "municipality": "Eldoret", "iso_country": "KE", "iso_region": "KE-27"}}, {"type": "Feature", "geometry": {"type": "Point", "coordinates": [151.836, -32.794]}, "properties": {"station_id": "YWLM", "temp_c": 22.0, "icao_code": "YWLM", "municipality": "Williamtown", "iso_country": "AU", "iso_region": "AU-NSW"}}, {"type": "Feature", "geometry": {"type": "Point", "coordinates": [39.606, -4.015]}, "properties": {"station_id": "HKMO", "temp_c": 27.0, "icao_code": "HKMO", "municipality": "Mombasa", "iso_country": "KE", "iso_region": "KE-01"}}, {"type": "Feature", "geometry": {"type": "Point", "coordinates": [36.928, -1.319]}, "properties": {"station_id": "HKJK", "temp_c": 18.0, "icao_code": "HKJK", "municipality": "Nairobi", "iso_country": "KE", "iso_region": "KE-47"}}, {"type": "Feature", "geometry": {"type": "Point", "coordinates": [10.861, 48.185]}, "properties": {"station_id": "ETSL", "temp_c": 4.0, "icao_code": "ETSL", "municipality": "Graben", "iso_country": "DE", "iso_region": "DE-BY"}}, {"type": "Feature", "geometry": {"type": "Point", "coordinates": [10.022, 52.591]}, "properties": {"station_id": "ETHC", "temp_c": 6.0, "icao_code": "ETHC", "municipality": "Celle", "iso_country": "DE", "iso_region": "DE-NI"}}, {"type": "Feature", "geometry": {"type": "Point", "coordinates": [7.667, 53.548]}, "properties": {"station_id": "ETNT", "temp_c": 7.0, "icao_code": "ETNT", "municipality": "Wittmund", "iso_country": "DE", "iso_region": "DE-NI"}}, {"type": "Feature", "geometry": {"type": "Point", "coordinates": [27.146, 35.421]}, "properties": {"station_id": "LGKP", "temp_c": 18.0, "icao_code": "LGKP", "municipality": "Karpathos Island", "iso_country": "GR", "iso_region": "GR-L"}}, {"type": "Feature", "geometry": {"type": "Point", "coordinates": [9.286, 51.114]}, "properties": {"station_id": "ETHF", "temp_c": 5.0, "icao_code": "ETHF", "municipality": "Fritzlar", "iso_country": "DE", "iso_region": "DE-HE"}}, {"type": "Feature", "geometry": {"type": "Point", "coordinates": [7.06, 50.175]}, "properties": {"station_id": "ETSB", "temp_c": 8.0, "icao_code": "ETSB", "municipality": "Alflen", "iso_country": "DE", "iso_region": "DE-RP"}}, {"type": "Feature", "geometry": {"type": "Point", "coordinates": [6.66, 50.829]}, "properties": {"station_id": "ETNN", "temp_c": 5.0, "icao_code": "ETNN", "municipality": "N\u00f6rvenich", "iso_country": "DE", "iso_region": "DE-NW"}}, {"type": "Feature", "geometry": {"type": "Point", "coordinates": [9.91, 48.218]}, "properties": {"station_id": "ETHL", "temp_c": 6.0, "icao_code": "ETHL", "municipality": "Laupheim", "iso_country": "DE", "iso_region": "DE-BW"}}, {"type": "Feature", "geometry": {"type": "Point", "coordinates": [13.168, 51.768]}, "properties": {"station_id": "ETSH", "temp_c": 6.0, "icao_code": "ETSH", "municipality": "Holzdorf", "iso_country": "DE", "iso_region": "DE-BR"}}, {"type": "Feature", "geometry": {"type": "Point", "coordinates": [5.341, 59.792]}, "properties": {"station_id": "ENSO", "temp_c": 5.0, "icao_code": "ENSO", "municipality": "Leirvik", "iso_country": "NO", "iso_region": "NO-46"}}, {"type": "Feature", "geometry": {"type": "Point", "coordinates": [9.958, 49.398]}, "properties": {"station_id": "ETHN", "temp_c": 8.0, "icao_code": "ETHN", "municipality": "Niederstetten", "iso_country": "DE", "iso_region": "DE-BW"}}, {"type": "Feature", "geometry": {"type": "Point", "coordinates": [9.082, 52.279]}, "properties": {"station_id": "ETHB", "temp_c": 6.0, "icao_code": "ETHB", "municipality": "B\u00fcckeburg", "iso_country": "DE", "iso_region": "DE-NI"}}, {"type": "Feature", "geometry": {"type": "Point", "coordinates": [8.658, 53.765]}, "properties": {"station_id": "ETMN", "temp_c": 6.0, "icao_code": "ETMN", "municipality": "Wurster Nordseek\u00fcste", "iso_country": "DE", "iso_region": "DE-NI"}}, {"type": "Feature", "geometry": {"type": "Point", "coordinates": [11.21, 48.71]}, "properties": {"station_id": "ETSN", "temp_c": 7.0, "icao_code": "ETSN", "municipality": "Neuburg an der Donau", "iso_country": "DE", "iso_region": "DE-BY"}}, {"type": "Feature", "geometry": {"type": "Point", "coordinates": [9.538, 54.312]}, "properties": {"station_id": "ETNH", "temp_c": 5.0, "icao_code": "ETNH", "municipality": "Hohn", "iso_country": "DE", "iso_region": "DE-SH"}}, {"type": "Feature", "geometry": {"type": "Point", "coordinates": [11.534, 48.716]}, "properties": {"station_id": "ETSI", "temp_c": 8.0, "icao_code": "ETSI", "municipality": "Manching", "iso_country": "DE", "iso_region": "DE-BY"}}, {"type": "Feature", "geometry": {"type": "Point", "coordinates": [10.184, 52.918]}, "properties": {"station_id": "ETHS", "temp_c": 5.0, "icao_code": "ETHS", "municipality": "Fa\u00dfberg", "iso_country": "DE", "iso_region": "DE-NI"}}, {"type": "Feature", "geometry": {"type": "Point", "coordinates": [12.279, 53.916]}, "properties": {"station_id": "ETNL", "temp_c": 4.0, "icao_code": "ETNL", "municipality": "Laage", "iso_country": "DE", "iso_region": "DE-MV"}}, {"type": "Feature", "geometry": {"type": "Point", "coordinates": [9.52, 54.457]}, "properties": {"station_id": "ETNS", "temp_c": 5.0, "icao_code": "ETNS", "municipality": "Jagel", "iso_country": "DE", "iso_region": "DE-SH"}}, {"type": "Feature", "geometry": {"type": "Point", "coordinates": [8.342, 52.588]}, "properties": {"station_id": "ETND", "temp_c": 6.0, "icao_code": "ETND", "municipality": "Diepholz", "iso_country": "DE", "iso_region": "DE-NI"}}, {"type": "Feature", "geometry": {"type": "Point", "coordinates": [10.867, 47.834]}, "properties": {"station_id": "ETHA", "temp_c": 4.0, "icao_code": "ETHA", "municipality": "Altenstadt", "iso_country": "DE", "iso_region": "DE-BY"}}, {"type": "Feature", "geometry": {"type": "Point", "coordinates": [-97.292, 27.688]}, "properties": {"station_id": "KNGP", "temp_c": 26.1, "icao_code": "KNGP", "municipality": "Corpus Christi", "iso_country": "US", "iso_region": "US-TX"}}, {"type": "Feature", "geometry": {"type": "Point", "coordinates": [79.884, 7.181]}, "properties": {"station_id": "VCBI", "temp_c": 32.0, "icao_code": "VCBI", "municipality": "Colombo", "iso_country": "LK", "iso_region": "LK-1"}}, {"type": "Feature", "geometry": {"type": "Point", "coordinates": [81.125, 6.287]}, "properties": {"station_id": "VCRI", "temp_c": 30.0, "icao_code": "VCRI", "municipality": "Mattala", "iso_country": "LK", "iso_region": "LK-3"}}, {"type": "Feature", "geometry": {"type": "Point", "coordinates": [80.0707, 9.7931]}, "properties": {"station_id": "VCCJ", "temp_c": 33.0, "icao_code": "VCCJ", "municipality": "Jaffna", "iso_country": "LK", "iso_region": "LK-4"}}, {"type": "Feature", "geometry": {"type": "Point", "coordinates": [39.201, -6.881]}, "properties": {"station_id": "HTDA", "temp_c": 25.0, "icao_code": "HTDA", "municipality": "Dar es Salaam", "iso_country": "TZ", "iso_region": "TZ-02"}}, {"type": "Feature", "geometry": {"type": "Point", "coordinates": [-57.394, 49.212]}, "properties": {"station_id": "CYDF", "temp_c": -3.0, "icao_code": "CYDF", "municipality": "Deer Lake", "iso_country": "CA", "iso_region": "CA-NL"}}, {"type": "Feature", "geometry": {"type": "Point", "coordinates": [13.231, -8.858]}, "properties": {"station_id": "FNLU", "temp_c": 25.0, "icao_code": "FNLU", "municipality": "Luanda", "iso_country": "AO", "iso_region": "AO-LUA"}}, {"type": "Feature", "geometry": {"type": "Point", "coordinates": [34.959, 0.973]}, "properties": {"station_id": "HKKT", "temp_c": 16.0, "icao_code": "HKKT", "municipality": "Kitale", "iso_country": "KE", "iso_region": "KE-26"}}, {"type": "Feature", "geometry": {"type": "Point", "coordinates": [36.815, -1.322]}, "properties": {"station_id": "HKNW", "temp_c": 17.0, "icao_code": "HKNW", "municipality": "Nairobi", "iso_country": "KE", "iso_region": "KE-47"}}, {"type": "Feature", "geometry": {"type": "Point", "coordinates": [15.684, -17.044]}, "properties": {"station_id": "FNGI", "temp_c": 18.0, "icao_code": "FNGI", "municipality": "Ngiva", "iso_country": "AO", "iso_region": "AO-CNN"}}, {"type": "Feature", "geometry": {"type": "Point", "coordinates": [13.575, -14.925]}, "properties": {"station_id": "FNUB", "temp_c": 14.0, "icao_code": "FNUB", "municipality": "Lubango", "iso_country": "AO", "iso_region": "AO-HUI"}}, {"type": "Feature", "geometry": {"type": "Point", "coordinates": [-122.066, 52.186]}, "properties": {"station_id": "CYWL", "temp_c": 10.0, "icao_code": "CYWL", "municipality": "Williams Lake", "iso_country": "CA", "iso_region": "CA-BC"}}, {"type": "Feature", "geometry": {"type": "Point", "coordinates": [-77.467, 25.04]}, "properties": {"station_id": "MYNN", "temp_c": 23.0, "icao_code": "MYNN", "municipality": "Nassau", "iso_country": "BS", "iso_region": "BS-NP"}}, {"type": "Feature", "geometry": {"type": "Point", "coordinates": [-79.555, 8.967]}, "properties": {"station_id": "MPMG", "temp_c": 25.0, "icao_code": "MPMG", "municipality": "Albrook", "iso_country": "PA", "iso_region": "PA-8"}}, {"type": "Feature", "geometry": {"type": "Point", "coordinates": [27.53, -11.592]}, "properties": {"station_id": "FZQA", "temp_c": 18.0, "icao_code": "FZQA", "municipality": "Lubumbashi", "iso_country": "CD", "iso_region": "CD-HK"}}, {"type": "Feature", "geometry": {"type": "Point", "coordinates": [45.305, 2.015]}, "properties": {"station_id": "HCMM", "temp_c": 30.0, "icao_code": "HCMM", "municipality": "Mogadishu", "iso_country": "SO", "iso_region": "SO-BN"}}, {"type": "Feature", "geometry": {"type": "Point", "coordinates": [28.223, -25.83]}, "properties": {"station_id": "FAWK", "temp_c": 9.0, "icao_code": "FAWK", "municipality": "Pretoria", "iso_country": "ZA", "iso_region": "ZA-GT"}}, {"type": "Feature", "geometry": {"type": "Point", "coordinates": [-1.775, 4.896]}, "properties": {"station_id": "DGTK", "temp_c": 27.0, "icao_code": "DGTK", "municipality": "Sekondi-Takoradi", "iso_country": "GH", "iso_region": "GH-WP"}}, {"type": "Feature", "geometry": {"type": "Point", "coordinates": [40.102, -3.229]}, "properties": {"station_id": "HKML", "temp_c": 26.0, "icao_code": "HKML", "municipality": "Malindi", "iso_country": "KE", "iso_region": "KE-03"}}, {"type": "Feature", "geometry": {"type": "Point", "coordinates": [40.087, 1.74]}, "properties": {"station_id": "HKWJ", "temp_c": 26.0, "icao_code": "HKWJ", "municipality": "Wajir", "iso_country": "KE", "iso_region": "KE-08"}}, {"type": "Feature", "geometry": {"type": "Point", "coordinates": [43.728, -23.383]}, "properties": {"station_id": "FMST", "temp_c": 25.0, "icao_code": "FMST", "municipality": "Toliara", "iso_country": "MG", "iso_region": "MG-U"}}, {"type": "Feature", "geometry": {"type": "Point", "coordinates": [30.14, -1.969]}, "properties": {"station_id": "HRYR", "temp_c": 18.0, "icao_code": "HRYR", "municipality": "Kigali", "iso_country": "RW", "iso_region": "RW-01"}}, {"type": "Feature", "geometry": {"type": "Point", "coordinates": [37.497, -0.573]}, "properties": {"station_id": "HKEM", "temp_c": 18.0, "icao_code": "HKEM", "municipality": "Embu", "iso_country": "KE", "iso_region": "KE-14"}}, {"type": "Feature", "geometry": {"type": "Point", "coordinates": [32.275, 2.798]}, "properties": {"station_id": "HUGU", "temp_c": 19.0, "icao_code": "HUGU", "municipality": "Gulu", "iso_country": "UG", "iso_region": "UG-N"}}, {"type": "Feature", "geometry": {"type": "Point", "coordinates": [-0.862, 9.554]}, "properties": {"station_id": "DGLE", "temp_c": 29.0, "icao_code": "DGLE", "municipality": "Tamale", "iso_country": "GH", "iso_region": "GH-NP"}}, {"type": "Feature", "geometry": {"type": "Point", "coordinates": [82.111, 21.988]}, "properties": {"station_id": "VEBU", "temp_c": 35.0, "icao_code": "VEBU", "municipality": "Bilaspur", "iso_country": "IN", "iso_region": "IN-CT"}}, {"type": "Feature", "geometry": {"type": "Point", "coordinates": [36.159, -0.298]}, "properties": {"station_id": "HKNK", "temp_c": 17.0, "icao_code": "HKNK", "municipality": "Nakuru", "iso_country": "KE", "iso_region": "KE-32"}}, {"type": "Feature", "geometry": {"type": "Point", "coordinates": [48.23, 30.366]}, "properties": {"station_id": "OIAA", "temp_c": 26.0, "icao_code": "OIAA", "municipality": "Abadan", "iso_country": "IR", "iso_region": "IR-06"}}, {"type": "Feature", "geometry": {"type": "Point", "coordinates": [79.886, 6.822]}, "properties": {"station_id": "VCCC", "temp_c": 32.0, "icao_code": "VCCC", "municipality": "Colombo", "iso_country": "LK", "iso_region": "LK-1"}}, {"type": "Feature", "geometry": {"type": "Point", "coordinates": [-61.797, 12.006]}, "properties": {"station_id": "TGPY", "temp_c": 27.0, "icao_code": "TGPY", "municipality": "Saint George's", "iso_country": "GD", "iso_region": "GD-GE"}}, {"type": "Feature", "geometry": {"type": "Point", "coordinates": [-79.391, 9.056]}, "properties": {"station_id": "MPTO", "temp_c": 23.0, "icao_code": "MPTO", "municipality": "Tocumen", "iso_country": "PA", "iso_region": "PA-8"}}, {"type": "Feature", "geometry": {"type": "Point", "coordinates": [-1.591, 6.715]}, "properties": {"station_id": "DGSI", "temp_c": 26.0, "icao_code": "DGSI", "municipality": "Kumasi", "iso_country": "GH", "iso_region": "GH-AH"}}, {"type": "Feature", "geometry": {"type": "Point", "coordinates": [31.821, -1.332]}, "properties": {"station_id": "HTBU", "temp_c": 20.0, "icao_code": "HTBU", "municipality": "Bukoba", "iso_country": "TZ", "iso_region": "TZ-05"}}, {"type": "Feature", "geometry": {"type": "Point", "coordinates": [30.6, -0.555]}, "properties": {"station_id": "HUMA", "temp_c": 17.0, "icao_code": "HUMA", "municipality": "Mbarara", "iso_country": "UG", "iso_region": "UG-W"}}, {"type": "Feature", "geometry": {"type": "Point", "coordinates": [35.609, 3.122]}, "properties": {"station_id": "HKLO", "temp_c": 23.0, "icao_code": "HKLO", "municipality": "Lodwar", "iso_country": "KE", "iso_region": "KE-23"}}, {"type": "Feature", "geometry": {"type": "Point", "coordinates": [28.224, -25.654]}, "properties": {"station_id": "FAWB", "temp_c": 14.0, "icao_code": "FAWB", "municipality": "Pretoria", "iso_country": "ZA", "iso_region": "ZA-GT"}}, {"type": "Feature", "geometry": {"type": "Point", "coordinates": [15.253, -4.252]}, "properties": {"station_id": "FCBB", "temp_c": 24.0, "icao_code": "FCBB", "municipality": "Brazzaville", "iso_country": "CG", "iso_region": "CG-12"}}, {"type": "Feature", "geometry": {"type": "Point", "coordinates": [11.887, -4.816]}, "properties": {"station_id": "FCPP", "temp_c": 25.0, "icao_code": "FCPP", "municipality": "Pointe Noire", "iso_country": "CG", "iso_region": "CG-5"}}, {"type": "Feature", "geometry": {"type": "Point", "coordinates": [27.222, 31.325]}, "properties": {"station_id": "HEMM", "temp_c": 15.0, "icao_code": "HEMM", "municipality": "Marsa Matruh", "iso_country": "EG", "iso_region": "EG-MT"}}, {"type": "Feature", "geometry": {"type": "Point", "coordinates": [29.696, 30.918]}, "properties": {"station_id": "HEAX", "temp_c": 19.0, "icao_code": "HEAX", "municipality": "Alexandria", "iso_country": "EG", "iso_region": "EG-ALX"}}, {"type": "Feature", "geometry": {"type": "Point", "coordinates": [18.519, 4.399]}, "properties": {"station_id": "FEFF", "temp_c": 23.0, "icao_code": "FEFF", "municipality": "Bangui", "iso_country": "CF", "iso_region": "CF-MP"}}, {"type": "Feature", "geometry": {"type": "Point", "coordinates": [28.461, 30.924]}, "properties": {"station_id": "HEAL", "temp_c": 17.0, "icao_code": "HEAL", "municipality": "El Alamein", "iso_country": "EG", "iso_region": "EG-MT"}}, {"type": "Feature", "geometry": {"type": "Point", "coordinates": [32.706, 25.671]}, "properties": {"station_id": "HELX", "temp_c": 22.0, "icao_code": "HELX", "municipality": "Luxor", "iso_country": "EG", "iso_region": "EG-LX"}}, {"type": "Feature", "geometry": {"type": "Point", "coordinates": [32.82, 23.964]}, "properties": {"station_id": "HESN", "temp_c": 21.0, "icao_code": "HESN", "municipality": "Aswan", "iso_country": "EG", "iso_region": "EG-ASN"}}, {"type": "Feature", "geometry": {"type": "Point", "coordinates": [15.787, 4.226]}, "properties": {"station_id": "FEFT", "temp_c": 23.0, "icao_code": "FEFT", "municipality": "Berb\u00e9rati", "iso_country": "CF", "iso_region": "CF-HS"}}, {"type": "Feature", "geometry": {"type": "Point", "coordinates": [33.817, 31.041]}, "properties": {"station_id": "HEAR", "temp_c": 16.0, "icao_code": "HEAR", "municipality": "El Arish", "iso_country": "EG", "iso_region": "EG-SIN"}}, {"type": "Feature", "geometry": {"type": "Point", "coordinates": [33.801, 27.179]}, "properties": {"station_id": "HEGN", "temp_c": 21.0, "icao_code": "HEGN", "municipality": "Hurghada", "iso_country": "EG", "iso_region": "EG-BA"}}, {"type": "Feature", "geometry": {"type": "Point", "coordinates": [32.238, 31.279]}, "properties": {"station_id": "HEPS", "temp_c": 18.0, "icao_code": "HEPS", "municipality": "Port Said", "iso_country": "EG", "iso_region": "EG-PTS"}}, {"type": "Feature", "geometry": {"type": "Point", "coordinates": [34.395, 27.977]}, "properties": {"station_id": "HESH", "temp_c": 22.0, "icao_code": "HESH", "municipality": "Sharm El Sheikh", "iso_country": "EG", "iso_region": "EG-JS"}}, {"type": "Feature", "geometry": {"type": "Point", "coordinates": [31.014, 27.049]}, "properties": {"station_id": "HEAT", "temp_c": 17.0, "icao_code": "HEAT", "municipality": "Asyut", "iso_country": "EG", "iso_region": "EG-AST"}}, {"type": "Feature", "geometry": {"type": "Point", "coordinates": [31.612, 22.376]}, "properties": {"station_id": "HEBL", "temp_c": 22.0, "icao_code": "HEBL", "municipality": "Abu Simbel", "iso_country": "EG", "iso_region": "EG-ASN"}}, {"type": "Feature", "geometry": {"type": "Point", "coordinates": [9.72, 4.006]}, "properties": {"station_id": "FKKD", "temp_c": 25.0, "icao_code": "FKKD", "municipality": "Douala", "iso_country": "CM", "iso_region": "CM-LT"}}, {"type": "Feature", "geometry": {"type": "Point", "coordinates": [30.896, 30.108]}, "properties": {"station_id": "HESX", "temp_c": 17.0, "icao_code": "HESX", "municipality": "Al Jiza", "iso_country": "EG", "iso_region": "EG-GZ"}}, {"type": "Feature", "geometry": {"type": "Point", "coordinates": [34.584, 25.557]}, "properties": {"station_id": "HEMA", "temp_c": 23.0, "icao_code": "HEMA", "municipality": "Marsa Alam", "iso_country": "EG", "iso_region": "EG-BA"}}, {"type": "Feature", "geometry": {"type": "Point", "coordinates": [11.521, 3.833]}, "properties": {"station_id": "FKYS", "temp_c": 22.0, "icao_code": "FKYS", "municipality": "Yaound\u00e9", "iso_country": "CM", "iso_region": "CM-CE"}}, {"type": "Feature", "geometry": {"type": "Point", "coordinates": [12.188, -5.59]}, "properties": {"station_id": "FNCA", "temp_c": 25.0, "icao_code": "FNCA", "municipality": "Cabinda", "iso_country": "AO", "iso_region": "AO-CAB"}}, {"type": "Feature", "geometry": {"type": "Point", "coordinates": [15.448, -4.387]}, "properties": {"station_id": "FZAA", "temp_c": 24.0, "icao_code": "FZAA", "municipality": "Kinshasa", "iso_country": "CD", "iso_region": "CD-KN"}}, {"type": "Feature", "geometry": {"type": "Point", "coordinates": [9.412, 0.459]}, "properties": {"station_id": "FOOL", "temp_c": 27.0, "icao_code": "FOOL", "municipality": "Libreville", "iso_country": "GA", "iso_region": "GA-1"}}, {"type": "Feature", "geometry": {"type": "Point", "coordinates": [32.833, -5.074]}, "properties": {"station_id": "HTTB", "temp_c": 19.0, "icao_code": "HTTB", "municipality": "Tabora", "iso_country": "TZ", "iso_region": "TZ-24"}}, {"type": "Feature", "geometry": {"type": "Point", "coordinates": [31.609, -7.949]}, "properties": {"station_id": "HTSU", "temp_c": 17.0, "icao_code": "HTSU", "municipality": "Sumbawanga", "iso_country": "TZ", "iso_region": "TZ-20"}}, {"type": "Feature", "geometry": {"type": "Point", "coordinates": [8.754, -0.712]}, "properties": {"station_id": "FOOG", "temp_c": 26.0, "icao_code": "FOOG", "municipality": "Port Gentil", "iso_country": "GA", "iso_region": "GA-8"}}, {"type": "Feature", "geometry": {"type": "Point", "coordinates": [35.584, -10.682]}, "properties": {"station_id": "HTSO", "temp_c": 18.0, "icao_code": "HTSO", "municipality": "Songea", "iso_country": "TZ", "iso_region": "TZ-21"}}, {"type": "Feature", "geometry": {"type": "Point", "coordinates": [6.712, 0.378]}, "properties": {"station_id": "FPST", "temp_c": 27.0, "icao_code": "FPST", "municipality": "S\u00e3o Tom\u00e9", "iso_country": "ST", "iso_region": "ST-01"}}, {"type": "Feature", "geometry": {"type": "Point", "coordinates": [33.802, -1.503]}, "properties": {"station_id": "HTMU", "temp_c": 21.0, "icao_code": "HTMU", "municipality": "Musoma", "iso_country": "TZ", "iso_region": "TZ-13"}}, {"type": "Feature", "geometry": {"type": "Point", "coordinates": [25.839, -18.096]}, "properties": {"station_id": "FVFA", "temp_c": 14.0, "icao_code": "FVFA", "municipality": "Victoria Falls", "iso_country": "ZW", "iso_region": "ZW-MN"}}, {"type": "Feature", "geometry": {"type": "Point", "coordinates": [28.627, -20.021]}, "properties": {"station_id": "FVJN", "temp_c": 17.0, "icao_code": "FVJN", "municipality": "Bulawayo", "iso_country": "ZW", "iso_region": "ZW-BU"}}, {"type": "Feature", "geometry": {"type": "Point", "coordinates": [28.885, -16.52]}, "properties": {"station_id": "FVKB", "temp_c": 22.0, "icao_code": "FVKB", "municipality": "Kariba", "iso_country": "ZW", "iso_region": "ZW-MW"}}, {"type": "Feature", "geometry": {"type": "Point", "coordinates": [40.184, -10.335]}, "properties": {"station_id": "HTMT", "temp_c": 26.0, "icao_code": "HTMT", "municipality": "Mtwara", "iso_country": "TZ", "iso_region": "TZ-17"}}, {"type": "Feature", "geometry": {"type": "Point", "coordinates": [30.859, -20.055]}, "properties": {"station_id": "FVMV", "temp_c": 15.0, "icao_code": "FVMV", "municipality": "Masvingo", "iso_country": "ZW", "iso_region": "ZW-MV"}}, {"type": "Feature", "geometry": {"type": "Point", "coordinates": [31.084, -6.355]}, "properties": {"station_id": "HTMP", "temp_c": 20.0, "icao_code": "HTMP", "municipality": "Mpanda", "iso_country": "TZ", "iso_region": "TZ-20"}}, {"type": "Feature", "geometry": {"type": "Point", "coordinates": [63.36, -19.755]}, "properties": {"station_id": "FIMR", "temp_c": 28.0, "icao_code": "FIMR", "municipality": "Port Mathurin", "iso_country": "MU", "iso_region": "MU-RO"}}, {"type": "Feature", "geometry": {"type": "Point", "coordinates": [29.319, -3.324]}, "properties": {"station_id": "HBBA", "temp_c": 21.0, "icao_code": "HBBA", "municipality": "Bujumbura", "iso_country": "BI", "iso_region": "BI-BM"}}, {"type": "Feature", "geometry": {"type": "Point", "coordinates": [29.669, -4.887]}, "properties": {"station_id": "HTKA", "temp_c": 21.0, "icao_code": "HTKA", "municipality": "Kigoma", "iso_country": "TZ", "iso_region": "TZ-08"}}, {"type": "Feature", "geometry": {"type": "Point", "coordinates": [35.753, -7.676]}, "properties": {"station_id": "HTIR", "temp_c": 18.0, "icao_code": "HTIR", "municipality": "Nduli", "iso_country": "TZ", "iso_region": "TZ-04"}}, {"type": "Feature", "geometry": {"type": "Point", "coordinates": [-139.127, 64.044]}, "properties": {"station_id": "CYDA", "temp_c": 8.0, "icao_code": "CYDA", "municipality": "Dawson City", "iso_country": "CA", "iso_region": "CA-YT"}}, {"type": "Feature", "geometry": {"type": "Point", "coordinates": [35.407, -23.876]}, "properties": {"station_id": "FQIN", "temp_c": 24.0, "icao_code": "FQIN", "municipality": "Inhambane", "iso_country": "MZ", "iso_region": "MZ-I"}}, {"type": "Feature", "geometry": {"type": "Point", "coordinates": [35.751, -6.169]}, "properties": {"station_id": "HTDO", "temp_c": 21.0, "icao_code": "HTDO", "municipality": "Dodoma", "iso_country": "TZ", "iso_region": "TZ-03"}}, {"type": "Feature", "geometry": {"type": "Point", "coordinates": [36.626, -3.368]}, "properties": {"station_id": "HTAR", "temp_c": 20.0, "icao_code": "HTAR", "municipality": "Arusha", "iso_country": "TZ", "iso_region": "TZ-01"}}, {"type": "Feature", "geometry": {"type": "Point", "coordinates": [3.321, 6.577]}, "properties": {"station_id": "DNMM", "temp_c": 27.0, "icao_code": "DNMM", "municipality": "Lagos", "iso_country": "NG", "iso_region": "NG-LA"}}, {"type": "Feature", "geometry": {"type": "Point", "coordinates": [34.734, -0.086]}, "properties": {"station_id": "HKKI", "temp_c": 19.0, "icao_code": "HKKI", "municipality": "Kisumu", "iso_country": "KE", "iso_region": "KE-42"}}, {"type": "Feature", "geometry": {"type": "Point", "coordinates": [-14.964, 16.677]}, "properties": {"station_id": "GOSP", "temp_c": 19.0, "icao_code": "GOSP", "municipality": "Podor", "iso_country": "SN", "iso_region": "SN-SL"}}, {"type": "Feature", "geometry": {"type": "Point", "coordinates": [13.438, -1.656]}, "properties": {"station_id": "FOON", "temp_c": 23.0, "icao_code": "FOON", "municipality": "Franceville", "iso_country": "GA", "iso_region": "GA-2"}}, {"type": "Feature", "geometry": {"type": "Point", "coordinates": [18.158, -32.972]}, "properties": {"station_id": "FALW", "temp_c": 7.0, "icao_code": "FALW", "municipality": "Langebaanweg", "iso_country": "ZA", "iso_region": "ZA-WC"}}, {"type": "Feature", "geometry": {"type": "Point", "coordinates": [15.761, -12.809]}, "properties": {"station_id": "FNHU", "temp_c": 15.0, "icao_code": "FNHU", "municipality": "Huambo", "iso_country": "AO", "iso_region": "AO-HUA"}}, {"type": "Feature", "geometry": {"type": "Point", "coordinates": [39.649, -0.464]}, "properties": {"station_id": "HKGA", "temp_c": 27.0, "icao_code": "HKGA", "municipality": "Garissa", "iso_country": "KE", "iso_region": "KE-07"}}, {"type": "Feature", "geometry": {"type": "Point", "coordinates": [36.915, -0.343]}, "properties": {"station_id": "HKNI", "temp_c": 16.0, "icao_code": "HKNI", "municipality": "Nyeri", "iso_country": "KE", "iso_region": "KE-19"}}, {"type": "Feature", "geometry": {"type": "Point", "coordinates": [-38.25, -9.4]}, "properties": {"station_id": "SBUF", "temp_c": 24.0, "icao_code": "SBUF", "municipality": "Paulo Afonso", "iso_country": "BR", "iso_region": "BR-BA"}}, {"type": "Feature", "geometry": {"type": "Point", "coordinates": [39.225, -6.222]}, "properties": {"station_id": "HTZA", "temp_c": 27.0, "icao_code": "HTZA", "municipality": "Zanzibar", "iso_country": "TZ", "iso_region": "TZ-07"}}, {"type": "Feature", "geometry": {"type": "Point", "coordinates": [32.925, -2.442]}, "properties": {"station_id": "HTMW", "temp_c": 20.0, "icao_code": "HTMW", "municipality": "Mwanza", "iso_country": "TZ", "iso_region": "TZ-18"}}, {"type": "Feature", "geometry": {"type": "Point", "coordinates": [37.058, -3.427]}, "properties": {"station_id": "HTKJ", "temp_c": 23.0, "icao_code": "HTKJ", "municipality": "Arusha", "iso_country": "TZ", "iso_region": "TZ-01"}}, {"type": "Feature", "geometry": {"type": "Point", "coordinates": [17.47, -22.481]}, "properties": {"station_id": "FYWH", "temp_c": 11.0, "icao_code": "FYWH", "municipality": "Windhoek", "iso_country": "NA", "iso_region": "NA-KH"}}, {"type": "Feature", "geometry": {"type": "Point", "coordinates": [-173.243, 64.378]}, "properties": {"station_id": "UHMD", "temp_c": 0.0, "icao_code": "UHMD", "municipality": "Chukotka", "iso_country": "RU", "iso_region": "RU-CHU"}}, {"type": "Feature", "geometry": {"type": "Point", "coordinates": [-133.026, 69.434]}, "properties": {"station_id": "CYUB", "temp_c": -5.0, "icao_code": "CYUB", "municipality": "Tuktoyaktuk", "iso_country": "CA", "iso_region": "CA-NT"}}, {"type": "Feature", "geometry": {"type": "Point", "coordinates": [-77.796, 24.689]}, "properties": {"station_id": "MYAF", "temp_c": 21.0, "icao_code": "MYAF", "municipality": "Andros Town", "iso_country": "BS", "iso_region": "BS-NS"}}, {"type": "Feature", "geometry": {"type": "Point", "coordinates": [31.737, 1.755]}, "properties": {"station_id": "HUMI", "temp_c": 19.0, "icao_code": "HUMI", "municipality": "Masindi", "iso_country": "UG", "iso_region": "UG-W"}}, {"type": "Feature", "geometry": {"type": "Point", "coordinates": [30.913, 3.049]}, "properties": {"station_id": "HUAR", "temp_c": 18.0, "icao_code": "HUAR", "municipality": "Arua", "iso_country": "UG", "iso_region": "UG-N"}}, {"type": "Feature", "geometry": {"type": "Point", "coordinates": [34.168, 0.681]}, "properties": {"station_id": "HUTO", "temp_c": 20.0, "icao_code": "HUTO", "municipality": "Tororo", "iso_country": "UG", "iso_region": "UG-E"}}, {"type": "Feature", "geometry": {"type": "Point", "coordinates": [17.08, -22.612]}, "properties": {"station_id": "FYWE", "temp_c": 11.0, "icao_code": "FYWE", "municipality": "Windhoek", "iso_country": "NA", "iso_region": "NA-KH"}}, {"type": "Feature", "geometry": {"type": "Point", "coordinates": [49.141, 11.277]}, "properties": {"station_id": "HCMF", "temp_c": 29.0, "icao_code": "HCMF", "municipality": "Bosaso", "iso_country": "SO", "iso_region": "SO-BR"}}, {"type": "Feature", "geometry": {"type": "Point", "coordinates": [-88.7017, 43.4285]}, "properties": {"station_id": "KUNU", "temp_c": 15.2, "icao_code": "KUNU", "municipality": "Juneau", "iso_country": "US", "iso_region": "US-WI"}}, {"type": "Feature", "geometry": {"type": "Point", "coordinates": [-104.758, 39.713]}, "properties": {"station_id": "KBKF", "temp_c": 6.5, "icao_code": "KBKF", "municipality": "Aurora", "iso_country": "US", "iso_region": "US-CO"}}, {"type": "Feature", "geometry": {"type": "Point", "coordinates": [-119.9397, 36.3024]}, "properties": {"station_id": "KNLC", "temp_c": 12.2, "icao_code": "KNLC", "municipality": "Lemoore", "iso_country": "US", "iso_region": "US-CA"}}, {"type": "Feature", "geometry": {"type": "Point", "coordinates": [-161.146, 65.979]}, "properties": {"station_id": "PABL", "temp_c": 4.4, "icao_code": "PABL", "municipality": "Buckland", "iso_country": "US", "iso_region": "US-AK"}}, {"type": "Feature", "geometry": {"type": "Point", "coordinates": [-66.0106, 18.4326]}, "properties": {"station_id": "TJSJ", "temp_c": 25.6, "icao_code": "TJSJ", "municipality": "San Juan", "iso_country": "PR", "iso_region": "PR-U-A"}}, {"type": "Feature", "geometry": {"type": "Point", "coordinates": [-115.668, 32.823]}, "properties": {"station_id": "KNJK", "temp_c": 18.3, "icao_code": "KNJK", "municipality": "El Centro", "iso_country": "US", "iso_region": "US-CA"}}, {"type": "Feature", "geometry": {"type": "Point", "coordinates": [-93.658, 32.488]}, "properties": {"station_id": "KBAD", "temp_c": 26.3, "icao_code": "KBAD", "municipality": "Bossier City", "iso_country": "US", "iso_region": "US-LA"}}, {"type": "Feature", "geometry": {"type": "Point", "coordinates": [-81.131, 32.011]}, "properties": {"station_id": "KSVN", "temp_c": 16.3, "icao_code": "KSVN", "municipality": "Savannah", "iso_country": "US", "iso_region": "US-GA"}}, {"type": "Feature", "geometry": {"type": "Point", "coordinates": [-121.436, 39.145]}, "properties": {"station_id": "KBAB", "temp_c": 13.8, "icao_code": "KBAB", "municipality": "Beale Air Force Base", "iso_country": "US", "iso_region": "US-CA"}}, {"type": "Feature", "geometry": {"type": "Point", "coordinates": [-97.919, 36.338]}, "properties": {"station_id": "KEND", "temp_c": 17.3, "icao_code": "KEND", "municipality": "Enid", "iso_country": "US", "iso_region": "US-OK"}}, {"type": "Feature", "geometry": {"type": "Point", "coordinates": [51.315, 25.117]}, "properties": {"station_id": "OTBH", "temp_c": 33.3, "icao_code": "OTBH", "municipality": "Ar Rayyan", "iso_country": "QA", "iso_region": "QA-RA"}}, {"type": "Feature", "geometry": {"type": "Point", "coordinates": [144.918, 13.583]}, "properties": {"station_id": "PGUA", "temp_c": 29.1, "icao_code": "PGUA", "municipality": "Yigo", "iso_country": "GU", "iso_region": "GU-U-A"}}, {"type": "Feature", "geometry": {"type": "Point", "coordinates": [-115.034, 36.236]}, "properties": {"station_id": "KLSV", "temp_c": 18.2, "icao_code": "KLSV", "municipality": "Las Vegas", "iso_country": "US", "iso_region": "US-NV"}}, {"type": "Feature", "geometry": {"type": "Point", "coordinates": [-106.108, 32.852]}, "properties": {"station_id": "KHMN", "temp_c": 18.8, "icao_code": "KHMN", "municipality": "Alamogordo", "iso_country": "US", "iso_region": "US-NM"}}, {"type": "Feature", "geometry": {"type": "Point", "coordinates": [-121.82, 37.3331]}, "properties": {"station_id": "KRHV", "temp_c": 13.0, "icao_code": "KRHV", "municipality": "San Jose", "iso_country": "US", "iso_region": "US-CA"}}, {"type": "Feature", "geometry": {"type": "Point", "coordinates": [-81.5625, 31.8872]}, "properties": {"station_id": "KLHW", "temp_c": 16.0, "icao_code": "KLHW", "municipality": "Hinesville", "iso_country": "US", "iso_region": "US-GA"}}, {"type": "Feature", "geometry": {"type": "Point", "coordinates": [-83.5645, 45.0716]}, "properties": {"station_id": "KAPN", "temp_c": 15.6, "icao_code": "KAPN", "municipality": "Alpena", "iso_country": "US", "iso_region": "US-MI"}}, {"type": "Feature", "geometry": {"type": "Point", "coordinates": [-84.4161, 39.106]}, "properties": {"station_id": "KLUK", "temp_c": 16.7, "icao_code": "KLUK", "municipality": "Cincinnati", "iso_country": "US", "iso_region": "US-OH"}}, {"type": "Feature", "geometry": {"type": "Point", "coordinates": [-81.867, 30.349]}, "properties": {"station_id": "KNEN", "temp_c": 17.8, "icao_code": "KNEN", "municipality": "Jacksonville", "iso_country": "US", "iso_region": "US-FL"}}, {"type": "Feature", "geometry": {"type": "Point", "coordinates": [-150.097, 62.319]}, "properties": {"station_id": "PATK", "temp_c": 5.6, "icao_code": "PATK", "municipality": "Talkeetna", "iso_country": "US", "iso_region": "US-AK"}}, {"type": "Feature", "geometry": {"type": "Point", "coordinates": [-90.5237, 41.4482]}, "properties": {"station_id": "KMLI", "temp_c": 13.3, "icao_code": "KMLI", "municipality": "Moline", "iso_country": "US", "iso_region": "US-IL"}}, {"type": "Feature", "geometry": {"type": "Point", "coordinates": [-81.2036, 37.2978]}, "properties": {"station_id": "KBLF", "temp_c": 12.8, "icao_code": "KBLF", "municipality": "Bluefield", "iso_country": "US", "iso_region": "US-WV"}}, {"type": "Feature", "geometry": {"type": "Point", "coordinates": [-80.41, 22.159]}, "properties": {"station_id": "MUCF", "temp_c": 22.0, "icao_code": "MUCF", "municipality": "Cienfuegos", "iso_country": "CU", "iso_region": "CU-06"}}, {"type": "Feature", "geometry": {"type": "Point", "coordinates": [-6.225, 54.654]}, "properties": {"station_id": "EGAA", "temp_c": 4.0, "icao_code": "EGAA", "municipality": "Belfast", "iso_country": "GB", "iso_region": "GB-NIR"}}, {"type": "Feature", "geometry": {"type": "Point", "coordinates": [-93.03, 16.571]}, "properties": {"station_id": "MMTG", "temp_c": 29.0, "icao_code": "MMTG", "municipality": "Tuxtla Guti\u00e9rrez", "iso_country": "MX", "iso_region": "MX-CHP"}}, {"type": "Feature", "geometry": {"type": "Point", "coordinates": [-107.476, 24.766]}, "properties": {"station_id": "MMCL", "temp_c": 25.0, "icao_code": "MMCL", "municipality": "Culiac\u00e1n", "iso_country": "MX", "iso_region": "MX-SIN"}}]}