raw_text,station_id,observation_time,latitude,longitude,temp_c,dewpoint_c,wind_dir_degrees,wind_speed_kt,wind_gust_kt,visibility_statute_mi,altim_in_hg,sea_level_pressure_mb,corrected,auto,auto_station,maintenance_indicator_on,no_signal,lightning_sensor_off,freezing_rain_sensor_off,present_weather_sensor_off,wx_string,sky_cover,cloud_base_ft_agl,sky_cover,cloud_base_ft_agl,sky_cover,cloud_base_ft_agl,sky_cover,cloud_base_ft_agl,flight_category,three_hr_pressure_tendency_mb,maxT_c,minT_c,maxT24hr_c,minT24hr_c,precip_in,pcp3hr_in,pcp6hr_in,pcp24hr_in,snow_in,vert_vis_ft,metar_type,elevation_m
"METAR KSNT 280151Z AUTO VRB03KT 03/M11 A2994 RMK AO1 SLP118 T00331106 ",KSNT,2026-04-28T01:51:00.000Z,44.1708,-114.9269,3.3,-10.6,0,3,,,29.94,1011.8,,TRUE,TRUE,,,,,,,,,,,,,,,null,,,,,,,,,,,,METAR,1980
"METAR KHTS 280151Z 10005KT 10SM CLR 23/11 A2993 RMK AO2 SLP129 T02280106 ",KHTS,2026-04-28T01:51:00.000Z,38.3653,-82.5548,22.8,10.6,100,5,,10+,29.93,1012.9,,,TRUE,,,,,,,,,,,,,,,VFR,,,,,,,,,,,,METAR,252
"METAR KSUA 280150Z 04012KT 10SM FEW024 24/20 A3004",KSUA,2026-04-28T01:50:00.000Z,27.1815,-80.2252,24,20,40,12,,10+,30.04,,,,,,,,,,,FEW,2400,,,,,,,VFR,,,,,,,,,,,,METAR,4
"METAR EEEI 280150Z AUTO 34010KT 9999 NCD 02/M05 Q1017",EEEI,2026-04-28T01:50:00.000Z,59.2600,24.2090,2,-5,340,10,,6+,30.03,,,TRUE,,,,,,,,,,,,,,,,VFR,,,,,,,,,,,,METAR,19
"METAR EEKA 280150Z AUTO 34013KT 9999 NCD 03/M02 Q1019",EEKA,2026-04-28T01:50:00.000Z,58.9910,22.8310,3,-2,340,13,,6+,30.09,,,TRUE,,,,,,,,,,,,,,,,VFR,,,,,,,,,,,,METAR,6
"METAR LATI 280150Z 16002KT CAVOK 11/07 Q1016 NOSIG",LATI,2026-04-28T01:50:00.000Z,41.4190,19.7160,11,7,160,2,,6+,30.00,,,,,,TRUE,,,,,,,,,,,,,VFR,,,,,,,,,,,,METAR,32
"METAR EYPA 280150Z VRB06G16KT CAVOK 05/00 Q1022",EYPA,2026-04-28T01:50:00.000Z,55.9730,21.0920,5,0,0,6,16,6+,30.18,,,,,,,,,,,,,,,,,,,VFR,,,,,,,,,,,,METAR,15
"METAR EYVI 280150Z 31008KT CAVOK M00/M04 Q1017 NOSIG",EYVI,2026-04-28T01:50:00.000Z,54.6340,25.2860,0,-4,310,8,,6+,30.03,,,,,,TRUE,,,,,,,,,,,,,VFR,,,,,,,,,,,,METAR,180
"METAR EETN 280150Z 34011KT CAVOK 03/M04 Q1016",EETN,2026-04-28T01:50:00.000Z,59.4130,24.8010,3,-4,340,11,,6+,30.00,,,,,,,,,,,,,,,,,,,VFR,,,,,,,,,,,,METAR,41
"METAR EVGA 280150Z AUTO 31007KT CAVOK 02/M01 Q1016",EVGA,2026-04-28T01:50:00.000Z,56.7780,24.8540,2,-1,310,7,,6+,30.00,,,TRUE,,,,,,,,,,,,,,,,VFR,,,,,,,,,,,,METAR,61
"METAR EYKA 280150Z 31005KT 280V340 CAVOK M00/M03 Q1019",EYKA,2026-04-28T01:50:00.000Z,54.9620,24.0690,0,-3,310,5,,6+,30.09,,,,,,,,,,,,,,,,,,,VFR,,,,,,,,,,,,METAR,68
"METAR EEKE 280150Z AUTO 33008KT 9999 NCD 03/M03 Q1020",EEKE,2026-04-28T01:50:00.000Z,58.2300,22.5090,3,-3,330,8,,6+,30.12,,,TRUE,,,,,,,,,,,,,,,,VFR,,,,,,,,,,,,METAR,4
"METAR EETU 280150Z AUTO 30007KT 9999 NCD M00/M03 Q1013",EETU,2026-04-28T01:50:00.000Z,58.3070,26.6910,0,-3,300,7,,6+,29.91,,,TRUE,,,,,,,,,,,,,,,,VFR,,,,,,,,,,,,METAR,67
"METAR EVRA 280150Z 32009KT 290V350 CAVOK 03/M01 Q1018 NOSIG",EVRA,2026-04-28T01:50:00.000Z,56.9240,23.9680,3,-1,320,9,,6+,30.06,,,,,,TRUE,,,,,,,,,,,,,VFR,,,,,,,,,,,,METAR,7
"METAR EVLA 280150Z AUTO 33007KT 290V360 9999 NCD 04/M00 Q1022",EVLA,2026-04-28T01:50:00.000Z,56.5170,21.0970,4,0,330,7,,6+,30.18,,,TRUE,,,,,,,,,,,,,,,,VFR,,,,,,,,,,,,METAR,5
"METAR EVVA 280150Z AUTO 34013KT CAVOK 04/M00 Q1021",EVVA,2026-04-28T01:50:00.000Z,57.3610,21.5450,4,0,340,13,,6+,30.15,,,TRUE,,,,,,,,,,,,,,,,VFR,,,,,,,,,,,,METAR,1
"METAR EEPU 280150Z AUTO 32007KT 290V350 9999 NCD 01/M04 Q1017",EEPU,2026-04-28T01:50:00.000Z,58.4190,24.4730,1,-4,320,7,,6+,30.03,,,TRUE,,,,,,,,,,,,,,,,VFR,,,,,,,,,,,,METAR,13
"METAR EFHK 280150Z 31011KT CAVOK 00/M06 Q1016 NOSIG",EFHK,2026-04-28T01:50:00.000Z,60.3270,24.9570,0,-6,310,11,,6+,30.00,,,,,,TRUE,,,,,,,,,,,,,VFR,,,,,,,,,,,,METAR,56
"METAR EFTP 280150Z AUTO 34007KT 310V020 CAVOK M00/M06 Q1018",EFTP,2026-04-28T01:50:00.000Z,61.4190,23.6160,0,-6,340,7,,6+,30.06,,,TRUE,,,,,,,,,,,,,,,,VFR,,,,,,,,,,,,METAR,111
"METAR EFTU 280150Z AUTO 34006KT 310V040 CAVOK 01/M07 Q1020",EFTU,2026-04-28T01:50:00.000Z,60.5140,22.2630,1,-7,340,6,,6+,30.12,,,TRUE,,,,,,,,,,,,,,,,VFR,,,,,,,,,,,,METAR,47
"METAR EFVA 280150Z AUTO 35007KT CAVOK M01/M05 Q1023",EFVA,2026-04-28T01:50:00.000Z,63.0510,21.7620,-1,-5,350,7,,6+,30.21,,,TRUE,,,,,,,,,,,,,,,,VFR,,,,,,,,,,,,METAR,4
"METAR EFOU 280150Z AUTO 36011KT CAVOK M00/M06 Q1020",EFOU,2026-04-28T01:50:00.000Z,64.9300,25.3550,0,-6,360,11,,6+,30.12,,,TRUE,,,,,,,,,,,,,,,,VFR,,,,,,,,,,,,METAR,15
"METAR LWSK 280150Z VRB02KT CAVOK 06/03 Q1019 NOSIG",LWSK,2026-04-28T01:50:00.000Z,41.9520,21.6270,6,3,0,2,,6+,30.09,,,,,,TRUE,,,,,,,,,,,,,VFR,,,,,,,,,,,,METAR,232
"METAR EFRO 280150Z AUTO 34010KT 300V010 CAVOK M03/M07 Q1020",EFRO,2026-04-28T01:50:00.000Z,66.5620,25.8290,-3,-7,340,10,,6+,30.12,,,TRUE,,,,,,,,,,,,,,,,VFR,,,,,,,,,,,,METAR,201
"METAR EFMA 280150Z AUTO 34004KT CAVOK 01/M01 Q1023",EFMA,2026-04-28T01:50:00.000Z,60.1250,19.9030,1,-1,340,4,,6+,30.21,,,TRUE,,,,,,,,,,,,,,,,VFR,,,,,,,,,,,,METAR,6
"METAR EFIV 280150Z AUTO 33009KT 300V360 9999 -SHSN NSC M02/M06 Q1021",EFIV,2026-04-28T01:50:00.000Z,68.6070,27.4050,-2,-6,330,9,,6+,30.15,,,TRUE,,,,,,,-SHSN,,,,,,,,,VFR,,,,,,,,,,,,METAR,145
"METAR EKKA 280150Z AUTO 00000KT 9999 NCD M00/M04 Q1029",EKKA,2026-04-28T01:50:00.000Z,56.2930,9.1140,0,-4,0,0,,6+,30.38,,,TRUE,,,,,,,,,,,,,,,,VFR,,,,,,,,,,,,METAR,50
"METAR PGRO 280150Z 08015G18KT 7SM BKN014 28/25 A2991",PGRO,2026-04-28T01:50:00.000Z,14.1720,145.2400,28,25,80,15,18,7,29.91,,,,,,,,,,,BKN,1400,,,,,,,MVFR,,,,,,,,,,,,METAR,181
"METAR LLER 280150Z AUTO 35009KT CAVOK 19/10 Q1012",LLER,2026-04-28T01:50:00.000Z,29.7220,35.0120,19,10,350,9,,6+,29.88,,,TRUE,,,,,,,,,,,,,,,,VFR,,,,,,,,,,,,METAR,88
"METAR KTRK 280150Z 04005KT 10SM SCT035 BKN042 OVC065 06/00 A3003",KTRK,2026-04-28T01:50:00.000Z,39.3154,-120.1371,6,0,40,5,,10+,30.03,,,,,,,,,,,SCT,3500,BKN,4200,OVC,6500,,,VFR,,,,,,,,,,,,METAR,1800
"METAR PTRO 280150Z 05008G17KT 13SM SCT016 BKN130 BKN320 31/23 A2982 ",PTRO,2026-04-28T01:50:00.000Z,7.3670,134.5440,31,23,50,8,17,13,29.82,,,,,,,,,,,SCT,1600,BKN,13000,BKN,32000,,,VFR,,,,,,,,,,,,METAR,30
"METAR EKVG 280150Z AUTO 21012KT 6000 OVC002/// 08/07 Q1027 RMK OVC004/// WIND SKEID 21016KT",EKVG,2026-04-28T01:50:00.000Z,62.0650,-7.2820,8,7,210,12,,3.73,30.32,,,TRUE,,,,,,,,OVC,200,,,,,,,LIFR,,,-16,,,,,,,,,METAR,89
"METAR KRYY 280150Z 12010KT 10SM CLR 20/11 A3013 RMK AO2 SLP932 T02000111 $",KRYY,2026-04-28T01:50:00.000Z,34.0146,-84.5964,20,11.1,120,10,,10+,30.13,993.2,,,TRUE,TRUE,,,,,,,,,,,,,,VFR,,,,,,,,,,,,METAR,306
"METAR KFHM 280150Z 09001KT 16/07 ",KFHM,2026-04-28T01:50:00.000Z,34.0677,-118.2417,16,7,90,1,,,,,,,,,,,,,,,,,,,,,,null,,,,,,,,,,,,METAR,126
"METAR EYSA 280150Z 29012KT CAVOK M00/M03 Q1019 NOSIG",EYSA,2026-04-28T01:50:00.000Z,55.8940,23.3950,0,-3,290,12,,6+,30.09,,,,,,TRUE,,,,,,,,,,,,,VFR,,,,,,,,,,,,METAR,135
"METAR LLBG 280150Z 15005KT 9999 SCT016 17/14 Q1013 NOSIG",LLBG,2026-04-28T01:50:00.000Z,32.0110,34.8870,17,14,150,5,,6+,29.91,,,,,,TRUE,,,,,SCT,1600,,,,,,,VFR,,,,,,,,,,,,METAR,35
"SPECI UUBW 280150Z 26010G16MPS 2900 -SN SCT009 OVC022 01/M01 Q0995 R30/250350 NOSIG RMK QFE736",UUBW,2026-04-28T01:50:00.000Z,55.5530,38.1500,1,-1,260,19,31,1.8,29.38,,,,,,TRUE,,,,-SN,SCT,900,OVC,2200,,,,,IFR,,,,,,,,,,,,SPECI,111
"METAR ETNG 280150Z VRB02KT CAVOK 08/02 Q1020",ETNG,2026-04-28T01:50:00.000Z,50.9640,6.0320,8,2,0,2,,6+,30.12,,,,,,,,,,,,,,,,,,,VFR,,,,,,,,,,,,METAR,76
"METAR PTSA 280150Z 05012KT 10SM BKN021 BKN130 BKN300 31/25 A2974 ",PTSA,2026-04-28T01:50:00.000Z,5.3520,162.9560,31,25,50,12,,10+,29.74,,,,,,,,,,,BKN,2100,BKN,13000,BKN,30000,,,MVFR,,,,,,,,,,,,METAR,3
"SPECI KELY 280150Z AUTO 20003KT 10SM FEW008 OVC015 01/01 A3000 RMK AO2 RAB37E41SNE37 P0003 ",KELY,2026-04-28T01:50:00.000Z,39.2954,-114.8466,1,1,200,3,,10+,30.00,,,TRUE,TRUE,,,,,,,FEW,800,OVC,1500,,,,,MVFR,,,,,,0.03,,,,,,SPECI,1906
"METAR KVQQ 280150Z 05006G11KT 10SM OVC018 19/15 A3016",KVQQ,2026-04-28T01:50:00.000Z,30.2035,-81.8725,19,15,50,6,11,10+,30.16,,,,,,,,,,,OVC,1800,,,,,,,MVFR,,,,,,,,,,,,METAR,21
"METAR EKSP 280150Z 02003KT CAVOK 02/M00 Q1028",EKSP,2026-04-28T01:50:00.000Z,55.2250,9.2630,2,0,20,3,,6+,30.35,,,,,,,,,,,,,,,,,,,VFR,,,,,,,,,,,,METAR,40
"METAR KBKB 280149Z AUTO 00000KT 10SM CLR 24/21 A2989 RMK AO2 SLP148 T02440206",KBKB,2026-04-28T01:49:00.000Z,31.0220,-92.9110,24.4,20.6,0,0,,10+,29.89,1014.8,,TRUE,TRUE,,,,,,,,,,,,,,,VFR,,,,,,,,,,,,METAR,74
"SPECI KLAR 280149Z AUTO 14008KT 3/4SM -SN BR FEW002 OVC006 00/00 A2995 RMK AO2 P0008",KLAR,2026-04-28T01:49:00.000Z,41.3165,-105.6729,0,0,140,8,,0.75,29.95,,,TRUE,TRUE,,,,,,-SN BR,FEW,200,OVC,600,,,,,LIFR,,,,,,0.08,,,,,,SPECI,2217
"SPECI KEYE 280149Z AUTO 14009G19KT 10SM VCTS -RA OVC060 17/15 A2972 RMK AO2 PK WND 12029/0058 LTG DSNT W-NE RAB19 TSB05E43 P0006",KEYE,2026-04-28T01:49:00.000Z,39.8248,-86.2958,17,15,140,9,19,10+,29.72,,,TRUE,TRUE,,,,,,VCTS -RA,OVC,6000,,,,,,,VFR,,,,,,0.06,,,,,,SPECI,248
"SPECI KGPT 280149Z 14010KT 10SM BKN013 24/21 A3002 RMK AO2",KGPT,2026-04-28T01:49:00.000Z,30.4121,-89.0809,24,21,140,10,,10+,30.02,,,,TRUE,,,,,,,BKN,1300,,,,,,,MVFR,,,,,,,,,,,,SPECI,5
"SPECI KESC 280149Z AUTO 17004KT 10SM -RA BKN014 BKN019 OVC085 09/09 A2954 RMK AO2 P0010",KESC,2026-04-28T01:49:00.000Z,45.7225,-87.0893,9,9,170,4,,10+,29.54,,,TRUE,TRUE,,,,,,-RA,BKN,1400,BKN,1900,OVC,8500,,,MVFR,,,,,,0.1,,,,,,SPECI,180
"SPECI KBEH 280149Z AUTO 25008KT 10SM -RA BKN095 BKN110 14/13 A2972 RMK AO2 WSHFT 0129 LTG DSNT N RAB12 PRESRR P0003 $",KBEH,2026-04-28T01:49:00.000Z,42.1290,-86.4152,14,13,250,8,,10+,29.72,,,TRUE,TRUE,TRUE,,,,,-RA,BKN,9500,BKN,11000,,,,,VFR,,,,,,0.03,,,,,,SPECI,196
"SPECI KOKK 280148Z AUTO 15020G27KT 10SM SCT075 BKN095 BKN120 18/14 A2969 RMK AO2 PK WND 16027/0147 LTG DSNT ALQDS TSB27E42 $",KOKK,2026-04-28T01:48:00.000Z,40.5304,-86.0550,18,14,150,20,27,10+,29.69,,,TRUE,TRUE,TRUE,,,,,,SCT,7500,BKN,9500,BKN,12000,,,VFR,,,,,,,,,,,,SPECI,251
"SPECI PAVA 280148Z AUTO 12014KT 10SM OVC007 03/01 A2949 RMK AO2 CIG 005V009 $",PAVA,2026-04-28T01:48:00.000Z,61.5370,-165.6040,3,1,120,14,,10+,29.49,,,TRUE,TRUE,TRUE,,,,,,OVC,700,,,,,,,IFR,,,,,,,,,,,,SPECI,14
"METAR MMCV 280148Z 00000KT 5SM SCT080 BKN200 32/24 A2977 RMK 8/038 HZY ISOL SC",MMCV,2026-04-28T01:48:00.000Z,23.7060,-98.9590,32,24,0,0,,5,29.77,,,,,,,,,,,SCT,8000,BKN,20000,,,,,MVFR,,,,,,,,,,,,METAR,230
"SPECI KMGY 280148Z AUTO 15009KT 4SM +TSRA BR BKN080 OVC100 17/16 A2993 RMK AO2 LTG DSNT ALQDS TSB42 P0016",KMGY,2026-04-28T01:48:00.000Z,39.5918,-84.2263,17,16,150,9,,4,29.93,,,TRUE,TRUE,,,,,,+TSRA BR,BKN,8000,OVC,10000,,,,,MVFR,,,,,,0.16,,,,,,SPECI,290
"METAR KJDN 280148Z AUTO 19004KT 04/M04 A3001 RMK AO1 SLP189 T00441039",KJDN,2026-04-28T01:48:00.000Z,47.3259,-106.9488,4.4,-3.9,190,4,,,30.01,1018.9,,TRUE,TRUE,,,,,,,,,,,,,,,null,,,,,,,,,,,,METAR,802
"SPECI KSRC 280148Z AUTO 19011KT 9SM BKN028 OVC036 26/23 A2980 RMK AO2 $",KSRC,2026-04-28T01:48:00.000Z,35.2134,-91.7393,26,23,190,11,,9,29.80,,,TRUE,TRUE,TRUE,,,,,,BKN,2800,OVC,3600,,,,,MVFR,,,,,,,,,,,,SPECI,80
"SPECI KSTJ 280148Z AUTO 32016G22KT 10SM BKN027 OVC033 14/09 A2986 RMK AO2 $",KSTJ,2026-04-28T01:48:00.000Z,39.7683,-94.9095,14,9,320,16,22,10+,29.86,,,TRUE,TRUE,TRUE,,,,,,BKN,2700,OVC,3300,,,,,MVFR,,,,,,,,,,,,SPECI,247
"METAR KASG 280148Z 29005KT 10SM CLR 24/17 A2983",KASG,2026-04-28T01:48:00.000Z,36.1802,-94.1176,24,17,290,5,,10+,29.83,,,,,,,,,,,,,,,,,,,VFR,,,,,,,,,,,,METAR,410
"SPECI PAPB 280148Z AUTO 16020G25KT 10SM BKN020 BKN033 04/02 A2901 RMK AO2 PK WND 18028/0058 RAB16E26SNB13E16 P0000 TSNO $",PAPB,2026-04-28T01:48:00.000Z,56.5760,-169.6630,4,2,160,20,25,10+,29.01,,,TRUE,TRUE,TRUE,,TRUE,,,,BKN,2000,BKN,3300,,,,,MVFR,,,,,,0.005,,,,,,SPECI,33
"SPECI KDAY 280148Z 17015G26KT 7SM -TSRA SCT037CB BKN075 OVC100 17/15 A2991 RMK AO2 PK WND 14026/0120 WSHFT 0052 TSB03E19B42 OCNL LTG S-SW TS S-SW MOV E P0011 T01720150",KDAY,2026-04-28T01:48:00.000Z,39.9064,-84.2185,17.2,15,170,15,26,7,29.91,,,,TRUE,,,,,,-TSRA,SCT,3700,BKN,7500,OVC,10000,,,VFR,,,,,,0.11,,,,,,SPECI,303
"METAR KRHV 280147Z 34011G18KT 10SM FEW050 17/08 A3005",KRHV,2026-04-28T01:47:00.000Z,37.3331,-121.8200,17,8,340,11,18,10+,30.05,,,,,,,,,,,FEW,5000,,,,,,,VFR,,,,,,,,,,,,METAR,37
"METAR KPWK 280147Z VRB04KT 10SM BKN014 OVC095 17/16 A2956 RMK AO2 LTG DSNT NE-SE RAE47 SLP007 P0005 T01720156",KPWK,2026-04-28T01:47:00.000Z,42.1208,-87.9048,17.2,15.6,0,4,,10+,29.56,1000.7,,,TRUE,,,,,,,BKN,1400,OVC,9500,,,,,MVFR,,,,,,0.05,,,,,,METAR,194
"METAR KAQV 280147Z AUTO VRB04KT 8SM CLR 25/21 A2991 RMK AO2 SLP123 T02500206",KAQV,2026-04-28T01:47:00.000Z,31.3960,-93.2970,25,20.6,0,4,,8,29.91,1012.3,,TRUE,TRUE,,,,,,,,,,,,,,,VFR,,,,,,,,,,,,METAR,123
"SPECI KSQI 280147Z AUTO 00000KT 10SM VCTS CLR 17/17 A2959 RMK AO2 LTG DSNT N AND NW TSB41 $",KSQI,2026-04-28T01:47:00.000Z,41.7432,-89.6655,17,17,0,0,,10+,29.59,,,TRUE,TRUE,TRUE,,,,,VCTS,,,,,,,,,VFR,,,,,,,,,,,,SPECI,196
"SPECI KSGH 280147Z AUTO 14014KT 7SM TSRA OVC100 16/16 A2993 RMK AO2 LTG DSNT S-W TSB41 P0015",KSGH,2026-04-28T01:47:00.000Z,39.8358,-83.8443,16,16,140,14,,7,29.93,,,TRUE,TRUE,,,,,,TSRA,OVC,10000,,,,,,,VFR,,,,,,0.15,,,,,,SPECI,318
"SPECI KORD 280147Z 27013G23KT 10SM FEW012 SCT055 OVC150 17/15 A2955 RMK AO2 RAE37 TSE43 OCNL LTGIC DSNT NE-E CB DSNT NE-E MOV E P0007 $",KORD,2026-04-28T01:47:00.000Z,41.9602,-87.9316,17,15,270,13,23,10+,29.55,,,,TRUE,TRUE,,,,,,FEW,1200,SCT,5500,OVC,15000,,,VFR,,,,,,0.07,,,,,,SPECI,202
"METAR KCFO 280147Z 09008KT 10SM -RA BKN039 09/04 A2995",KCFO,2026-04-28T01:47:00.000Z,39.7948,-104.5405,9,4,90,8,,10+,29.95,,,,,,,,,,-RA,BKN,3900,,,,,,,VFR,,,,,,,,,,,,METAR,1672
"METAR KSQL 280147Z 27015G20KT 10SM CLR 15/08 A3007",KSQL,2026-04-28T01:47:00.000Z,37.5119,-122.2483,15,8,270,15,20,10+,30.07,,,,,,,,,,,,,,,,,,,VFR,,,,,,,,,,,,METAR,1
"METAR KGEU 280147Z 22013KT 10SM CLR 25/M04 A2982",KGEU,2026-04-28T01:47:00.000Z,33.5280,-112.2930,25,-4,220,13,,10+,29.82,,,,,,,,,,,,,,,,,,,VFR,,,,,,,,,,,,METAR,319
"METAR KGYR 280147Z 26012G16KT 10SM SKC 25/M02 A2985",KGYR,2026-04-28T01:47:00.000Z,33.4280,-112.3680,25,-2,260,12,16,10+,29.85,,,,,,,,,,,,,,,,,,,VFR,,,,,,,,,,,,METAR,292
"SPECI KFSD 280147Z 34016G26KT 10SM BKN017 OVC025 07/04 A2985 RMK AO2 PK WND 35030/0133 DZE17 P0000 T00670039",KFSD,2026-04-28T01:47:00.000Z,43.5775,-96.7539,6.7,3.9,340,16,26,10+,29.85,,,,TRUE,,,,,,,BKN,1700,OVC,2500,,,,,MVFR,,,,,,0.005,,,,,,SPECI,433
"METAR KSAW 280147Z 14012KT 10SM OVC016 10/09 A2951 RMK LTG DSNT SW",KSAW,2026-04-28T01:47:00.000Z,46.3410,-87.3950,10,9,140,12,,10+,29.51,,,,,,,,,,,OVC,1600,,,,,,,MVFR,,,,,,,,,,,,METAR,359
"METAR KSEE 280147Z 26012KT 10SM SKC 17/06 A3001",KSEE,2026-04-28T01:47:00.000Z,32.8273,-116.9737,17,6,260,12,,10+,30.01,,,,,,,,,,,,,,,,,,,VFR,,,,,,,,,,,,METAR,113
"SPECI KNQI 280147Z 14009KT 10SM BKN012 BKN029 BKN250 26/24 A2980 RMK AO2 T02610244 $ ",KNQI,2026-04-28T01:47:00.000Z,27.5070,-97.8100,26.1,24.4,140,9,,10+,29.80,,,,TRUE,TRUE,,,,,,BKN,1200,BKN,2900,BKN,25000,,,MVFR,,,,,,,,,,,,SPECI,15
"METAR KAEG 280147Z 12004KT 10SM CLR 17/M13 A2989",KAEG,2026-04-28T01:47:00.000Z,35.1500,-106.7929,17,-13,120,4,,10+,29.89,,,,,,,,,,,,,,,,,,,VFR,,,,,,,,,,,,METAR,1771
"METAR KLBE 280147Z 12014G28KT 10SM CLR 17/08 A3007",KLBE,2026-04-28T01:47:00.000Z,40.2767,-79.4039,17,8,120,14,28,10+,30.07,,,,,,,,,,,,,,,,,,,VFR,,,,,,,,,,,,METAR,345
"METAR KCHD 280147Z 28012KT 10SM CLR 26/M03 A2984",KCHD,2026-04-28T01:47:00.000Z,33.2669,-111.8086,26,-3,280,12,,10+,29.84,,,,,,,,,,,,,,,,,,,VFR,,,,,,,,,,,,METAR,378
"SPECI KSMP 280147Z AUTO 10SM BKN013 OVC019 04/02 A3001 RMK AO2 T00390022",KSMP,2026-04-28T01:47:00.000Z,47.2764,-121.3383,3.9,2.2,,,,10+,30.01,,,TRUE,TRUE,,,,,,,BKN,1300,OVC,1900,,,,,MVFR,,,,,,,,,,,,SPECI,1206
"METAR KEVB 280147Z 03013G20KT 10SM SCT015 SCT030 22/21 A3011 RMK LAST",KEVB,2026-04-28T01:47:00.000Z,29.0568,-80.9491,22,21,30,13,20,10+,30.11,,,,,,,,,,,SCT,1500,SCT,3000,,,,,VFR,,,,,,,,,,,,METAR,2
"SPECI UHMA 280146Z 03008MPS 1400 R02/1900U SHSN DRSN VV014 M05/M07 Q1007 R02/990323 TEMPO 3100 -SN DRSN BKN013 RMK MID 05008MPS END R02/04009MPS QFE752/1002",UHMA,2026-04-28T01:46:00.000Z,64.7330,177.7390,-5,-7,30,16,,0.87,29.73,,,,,,,,,,DRSN SHSN,OVX,1400,,,,,,,LIFR,,,,,,,,,,,14,SPECI,53
"SPECI KLIC 280146Z AUTO 05013KT 10SM VCTS -RA SCT039 OVC055 09/02 A2993 RMK AO2 LTG DSNT SW RAB16 P0000 T00890022",KLIC,2026-04-28T01:46:00.000Z,39.2733,-103.6674,8.9,2.2,50,13,,10+,29.93,,,TRUE,TRUE,,,,,,VCTS -RA,SCT,3900,OVC,5500,,,,,VFR,,,,,,0.005,,,,,,SPECI,1635
"SPECI KMSN 280146Z 19007KT 10SM TS BKN034CB BKN065 BKN140 BKN250 19/16 A2950 RMK AO2 TSB38 CONS LTGCCIC SW-W AND DSNT NW TS SW-W MOV NE CB DSNT NW T01940161",KMSN,2026-04-28T01:46:00.000Z,43.1407,-89.3452,19.4,16.1,190,7,,10+,29.50,,,,TRUE,,,,,,TS,BKN,3400,BKN,6500,BKN,14000,BKN,25000,VFR,,,,,,,,,,,,SPECI,262
"SPECI KMVN 280146Z AUTO 20013KT 10SM VCTS OVC034 24/21 A2970 RMK AO2 LTG DSNT W-N TSB40 $",KMVN,2026-04-28T01:46:00.000Z,38.3284,-88.8530,24,21,200,13,,10+,29.70,,,TRUE,TRUE,TRUE,,,,,VCTS,OVC,3400,,,,,,,VFR,,,,,,,,,,,,SPECI,145
"SPECI KMFI 280146Z AUTO 15008KT 4SM -RA BR BKN006 BKN012 OVC070 13/12 A2945 RMK AO2 LTG DSNT S RAB0056 CIG 004V007 P0006 T01280122",KMFI,2026-04-28T01:46:00.000Z,44.6379,-90.1875,12.8,12.2,150,8,,4,29.45,,,TRUE,TRUE,,,,,,-RA BR,BKN,600,BKN,1200,OVC,7000,,,IFR,,,,,,0.06,,,,,,SPECI,383
"SPECI KIWD 280146Z AUTO 22005KT 8SM -RA SCT014 BKN025 OVC047 12/11 A2941 RMK AO2 P0001",KIWD,2026-04-28T01:46:00.000Z,46.5321,-90.1260,12,11,220,5,,8,29.41,,,TRUE,TRUE,,,,,,-RA,SCT,1400,BKN,2500,OVC,4700,,,MVFR,,,,,,0.01,,,,,,SPECI,373
"SPECI KHSI 280146Z AUTO 34014KT 10SM OVC028 08/03 A2998 RMK AO2 T00780028",KHSI,2026-04-28T01:46:00.000Z,40.6002,-98.4264,7.8,2.8,340,14,,10+,29.98,,,TRUE,TRUE,,,,,,,OVC,2800,,,,,,,MVFR,,,,,,,,,,,,SPECI,592
"METAR KRYN 280145Z 24010KT 10SM CLR 26/M13 A2986",KRYN,2026-04-28T01:45:00.000Z,32.1418,-111.1767,26,-13,240,10,,10+,29.86,,,,,,,,,,,,,,,,,,,VFR,,,,,,,,,,,,METAR,731
"METAR KCGF 280145Z 14014G24KT 10SM CLR 20/04 A2987",KCGF,2026-04-28T01:45:00.000Z,41.5660,-81.4827,20,4,140,14,24,10+,29.87,,,,,,,,,,,,,,,,,,,VFR,,,,,,,,,,,,METAR,265
"METAR KBBG 280145Z 30005KT 10SM FEW050 SCT060 BKN100 21/17 A2980",KBBG,2026-04-28T01:45:00.000Z,36.5259,-93.1969,21,17,300,5,,10+,29.80,,,,,,,,,,,FEW,5000,SCT,6000,BKN,10000,,,VFR,,,,,,,,,,,,METAR,403
"SPECI KINL 280145Z AUTO 34013G25KT 9SM -RA OVC010 03/02 A2967 RMK AO2 P0005 T00280017",KINL,2026-04-28T01:45:00.000Z,48.5594,-93.3955,2.8,1.7,340,13,25,9,29.67,,,TRUE,TRUE,,,,,,-RA,OVC,1000,,,,,,,MVFR,,,,,,0.05,,,,,,SPECI,353
"SPECI KRKP 280145Z AUTO 13012G20KT 6SM BR OVC009 26/24 A2983 RMK AO2 T02610244",KRKP,2026-04-28T01:45:00.000Z,28.0837,-97.0467,26.1,24.4,130,12,20,6,29.83,,,TRUE,TRUE,,,,,,BR,OVC,900,,,,,,,IFR,,,,,,,,,,,,SPECI,8
"SPECI KSTC 280145Z 32016G25KT 10SM BKN014 OVC020 07/05 A2963 RMK AO2 RAE43 P0002 T00670050 $",KSTC,2026-04-28T01:45:00.000Z,45.5442,-94.0516,6.7,5,320,16,25,10+,29.63,,,,TRUE,TRUE,,,,,,BKN,1400,OVC,2000,,,,,MVFR,,,,,,0.02,,,,,,SPECI,302
"METAR KWDG 280145Z 36007KT 10SM CLR 18/12 A2983 RMK LAST",KWDG,2026-04-28T01:45:00.000Z,36.3781,-97.7888,18,12,360,7,,10+,29.83,,,,,,,,,,,,,,,,,,,VFR,,,,,,,,,,,,METAR,352
"METAR PAKU 280145Z 08019KT 6SM R06/P6000FT OVC003 M06/M07 A2996",PAKU,2026-04-28T01:45:00.000Z,70.3310,-149.6130,-6,-7,80,19,,6,29.96,,,,,,,,,,,OVC,300,,,,,,,LIFR,,,,,,,,,,,,METAR,23
"METAR KJVL 280145Z 19010KT 10SM -RA SCT100 SCT120 18/16 A2953",KJVL,2026-04-28T01:45:00.000Z,42.6213,-89.0419,18,16,190,10,,10+,29.53,,,,,,,,,,-RA,SCT,10000,SCT,12000,,,,,VFR,,,,,,,,,,,,METAR,244
"METAR KUES 280145Z 20007KT 10SM SCT030 SCT034 BKN090 18/15 A2956",KUES,2026-04-28T01:45:00.000Z,43.0425,-88.2465,18,15,200,7,,10+,29.56,,,,,,,,,,,SCT,3000,SCT,3400,BKN,9000,,,VFR,,,,,,,,,,,,METAR,273
"METAR CWPF 280145Z AUTO 20013KT 13/07 RMK AO1 PK WND 20017/0145 SLP165 T01260074 55000",CWPF,2026-04-28T01:45:00.000Z,48.4320,-123.4390,12.6,7.4,200,13,,,,1016.5,,TRUE,TRUE,,,,,,,,,,,,,,,null,,,,,,,,,,,,METAR,5
"METAR KOUN 280145Z 01010KT 10SM CLR 22/14 A2980",KOUN,2026-04-28T01:45:00.000Z,35.2436,-97.4713,22,14,10,10,,10+,29.80,,,,,,,,,,,,,,,,,,,VFR,,,,,,,,,,,,METAR,359
"METAR KESN 280145Z 12004KT 10SM CLR 12/02 A3027",KESN,2026-04-28T01:45:00.000Z,38.8040,-76.0690,12,2,120,4,,10+,30.27,,,,,,,,,,,,,,,,,,,VFR,,,,,,,,,,,,METAR,14
"METAR KANE 280145Z 31012G16KT 10SM -RA OVC015 09/09 A2958",KANE,2026-04-28T01:45:00.000Z,45.1426,-93.2127,9,9,310,12,16,10+,29.58,,,,,,,,,,-RA,OVC,1500,,,,,,,MVFR,,,,,,,,,,,,METAR,276
"METAR KMTN 280145Z 16013G17KT 10SM CLR 15/04 A3027 RMK LAST",KMTN,2026-04-28T01:45:00.000Z,39.3214,-76.4065,15,4,160,13,17,10+,30.27,,,,,,,,,,,,,,,,,,,VFR,,,,,,,,,,,,METAR,2
"METAR PALP 280145Z 07016KT 7SM OVC004 M06/M07 A2996",PALP,2026-04-28T01:45:00.000Z,70.3480,-150.9280,-6,-7,70,16,,7,29.96,,,,,,,,,,,OVC,400,,,,,,,LIFR,,,,,,,,,,,,METAR,4
"SPECI KBLU 280145Z AUTO 33003KT 5SM -RA BR SCT022 BKN030 OVC036 04/02 A3006 RMK AO2 RAE03B21UPB03E21 P0005 T00390022",KBLU,2026-04-28T01:45:00.000Z,39.2762,-120.7093,3.9,2.2,330,3,,5,30.06,,,TRUE,TRUE,,,,,,-RA BR,SCT,2200,BKN,3000,OVC,3600,,,MVFR,,,,,,0.05,,,,,,SPECI,1605
"SPECI PASD 280145Z 18018G25KT 10SM FEW020 SCT028 BKN048 04/02 A2956 RMK AO2 PK WND 18027/0134 RAB33E45 PNO $",PASD,2026-04-28T01:45:00.000Z,55.3180,-160.5250,4,2,180,18,25,10+,29.56,,,,TRUE,TRUE,,,,,,FEW,2000,SCT,2800,BKN,4800,,,VFR,,,,,,,,,,,,SPECI,6
"SPECI KNWL 280145Z AUTO 8SM SCT008 OVC013 26/24 A2983 RMK AO2 T02610244 $ ",KNWL,2026-04-28T01:45:00.000Z,27.6312,-97.3098,26.1,24.4,,,,8,29.83,,,TRUE,TRUE,TRUE,,,,,,SCT,800,OVC,1300,,,,,MVFR,,,,,,,,,,,,SPECI,8
"METAR KBJC 280145Z 04010KT 10SM -RA OVC041 09/02 A2995",KBJC,2026-04-28T01:45:00.000Z,39.9008,-105.1042,9,2,40,10,,10+,29.95,,,,,,,,,,-RA,OVC,4100,,,,,,,VFR,,,,,,,,,,,,METAR,1694
"METAR KSWF 280145Z VRB06KT 10SM SKC 15/04 A3022",KSWF,2026-04-28T01:45:00.000Z,41.5045,-74.0999,15,4,0,6,,10+,30.22,,,,,,,,,,,,,,,,,,,VFR,,,,,,,,,,,,METAR,139
"METAR LMML 280145Z VRB02KT CAVOK 15/13 Q1016 NOSIG",LMML,2026-04-28T01:45:00.000Z,35.8580,14.4770,15,13,0,2,,6+,30.00,,,,,,TRUE,,,,,,,,,,,,,VFR,,,,,,,,,,,,METAR,78
"SPECI PASO 280144Z AUTO 19006KT -RA FEW018 SCT023 OVC030 04/03 A2970 RMK AO2 P0003 T00390033 TSNO $",PASO,2026-04-28T01:44:00.000Z,59.4430,-151.7020,3.9,3.3,190,6,,,29.70,,,TRUE,TRUE,TRUE,,TRUE,,,-RA,FEW,1800,SCT,2300,OVC,3000,,,null,,,,,,0.03,,,,,,SPECI,20
"SPECI KSDB 280144Z AUTO 32011KT 10SM SCT024 07/01 A3001 RMK AO2 T00720011 ",KSDB,2026-04-28T01:44:00.000Z,34.7433,-118.7252,7.2,1.1,320,11,,10+,30.01,,,TRUE,TRUE,,,,,,,SCT,2400,,,,,,,VFR,,,,,,,,,,,,SPECI,1377
"SPECI USCM 280144Z 17010MPS 9999 BKN040CB 09/03 Q1012 R18/090060 TEMPO 15016MPS RMK QFE722",USCM,2026-04-28T01:44:00.000Z,53.3930,58.7560,9,3,170,19,,6+,29.88,,,,,,,,,,,BKN,4000,,,,,,,VFR,,,,,,,,,,,,SPECI,425
"SPECI KAIZ 280144Z AUTO VRB06KT 10SM BKN003 BKN027 OVC037 21/17 A2978 RMK AO2 $",KAIZ,2026-04-28T01:44:00.000Z,38.1005,-92.5475,21,17,0,6,,10+,29.78,,,TRUE,TRUE,TRUE,,,,,,BKN,300,BKN,2700,OVC,3700,,,LIFR,,,,,,,,,,,,SPECI,263
"SPECI KCMI 280144Z 19011KT 10SM FEW070 SCT090 BKN120 15/14 A2966 RMK AO2 LTG DSNT NE-S RAE24 TSE06 P0005 T01500144",KCMI,2026-04-28T01:44:00.000Z,40.0324,-88.2755,15,14.4,190,11,,10+,29.66,,,,TRUE,,,,,,,FEW,7000,SCT,9000,BKN,12000,,,VFR,,,,,,0.05,,,,,,SPECI,227
"SPECI KASX 280143Z AUTO 25009KT 10SM BKN010 BKN018 OVC075 07/07 A2944 RMK AO2 CIG 005V012 T00720067 PWINO",KASX,2026-04-28T01:43:00.000Z,46.5468,-90.9184,7.2,6.7,250,9,,10+,29.44,,,TRUE,TRUE,,,,,TRUE,,BKN,1000,BKN,1800,OVC,7500,,,MVFR,,,,,,,,,,,,SPECI,249
"SPECI KMTO 280143Z AUTO 16012G20KT 3SM -TSRA BR FEW009 BKN021 OVC085 16/15 A2970 RMK AO2 PK WND 29036/0120 LTG DSNT ALQDS RAB10 TSB16 P0090 T01610150",KMTO,2026-04-28T01:43:00.000Z,39.4744,-88.2724,16.1,15,160,12,20,3,29.70,,,TRUE,TRUE,,,,,,-TSRA BR,FEW,900,BKN,2100,OVC,8500,,,MVFR,,,,,,0.9,,,,,,SPECI,216
"SPECI KCAG 280143Z AUTO 06003KT 10SM OVC017 04/02 A2993 RMK AO2 T00440022",KCAG,2026-04-28T01:43:00.000Z,40.4930,-107.5240,4.4,2.2,60,3,,10+,29.93,,,TRUE,TRUE,,,,,,,OVC,1700,,,,,,,MVFR,,,,,,,,,,,,SPECI,1888
"SPECI PAQT 280142Z AUTO 06018KT 5SM HZ OVC010 M04/M07 A2997 RMK AO2 UPE0054B17E28 CIG 008V013 P0000 T10441072 TSNO $",PAQT,2026-04-28T01:42:00.000Z,70.2130,-150.9940,-4.4,-7.2,60,18,,5,29.97,,,TRUE,TRUE,TRUE,,TRUE,,,HZ,OVC,1000,,,,,,,MVFR,,,,,,0.005,,,,,,SPECI,11
"SPECI KHAO 280142Z AUTO 10010G19KT 5SM VCTS +RA BR FEW060 BKN075 OVC090 17/16 A2991 RMK AO2 LTG DSNT ALQDS TSE08 PRESFR P0018 T01670156",KHAO,2026-04-28T01:42:00.000Z,39.3612,-84.5206,16.7,15.6,100,10,19,5,29.91,,,TRUE,TRUE,,,,,,VCTS +RA BR,FEW,6000,BKN,7500,OVC,9000,,,MVFR,,,,,,0.18,,,,,,SPECI,185
"SPECI PASC 280142Z 08017KT 2SM BR SCT004 OVC013 M06/M07 A2995 RMK AO2 VIS 1V3 T10611067 $",PASC,2026-04-28T01:42:00.000Z,70.1910,-148.4800,-6.1,-6.7,80,17,,2,29.95,,,,TRUE,TRUE,,,,,BR,SCT,400,OVC,1300,,,,,IFR,,,,,,,,,,,,SPECI,17
"METAR KOXD 280142Z AUTO 12016KT 10SM -VCTSRA SCT060 BKN090 OVC110 16/15 A2983 RMK AO2",KOXD,2026-04-28T01:42:00.000Z,39.5047,-84.7838,16,15,120,16,,10+,29.83,,,TRUE,TRUE,,,,,,VCTS -RA,SCT,6000,BKN,9000,OVC,11000,,,VFR,,,,,,,,,,,,METAR,317
"SPECI KMLP 280142Z AUTO 00000KT 3/4SM -SN BR BKN003 OVC013 M01/M02 A2991 RMK AO2 SNB01E15B20 P0002 T10061017 $",KMLP,2026-04-28T01:42:00.000Z,47.4548,-115.6711,-0.6,-1.7,0,0,,0.75,29.91,,,TRUE,TRUE,TRUE,,,,,-SN BR,BKN,300,OVC,1300,,,,,LIFR,,,,,,0.02,,,,,,SPECI,1837
"SPECI KBMG 280142Z AUTO 14013G22KT 10SM BKN009 BKN027 OVC100 17/16 A2977 RMK AO2 LTG DSNT E-S RAB10E27 CIG 005V011 TS VC S MOV E P0000 T01720161",KBMG,2026-04-28T01:42:00.000Z,39.1431,-86.6168,17.2,16.1,140,13,22,10+,29.77,,,TRUE,TRUE,,,,,,,BKN,900,BKN,2700,OVC,10000,,,IFR,,,,,,0.005,,,,,,SPECI,254
"SPECI GMMN 280142Z 25015KT 8000 SCT020TCU FEW026CB SCT100 16/14 Q1009 NOSIG",GMMN,2026-04-28T01:42:00.000Z,33.3670,-7.5900,16,14,250,15,,4.97,29.79,,,,,,TRUE,,,,,SCT,2000,FEW,2600,SCT,10000,,,MVFR,,,,,,,,,,,,SPECI,196
"SPECI KJAC 280141Z 09003KT 3SM -SN BR SCT012 BKN019 OVC055 01/M01 A2991 RMK AO2 RAB07E16SNB16 P0000",KJAC,2026-04-28T01:41:00.000Z,43.6129,-110.7366,1,-1,90,3,,3,29.91,,,,TRUE,,,,,,-SN BR,SCT,1200,BKN,1900,OVC,5500,,,MVFR,,,,,,0.005,,,,,,SPECI,1967
"SPECI KOFK 280141Z AUTO 32016G28KT 10SM OVC013 06/04 A2992 RMK AO2 PK WND 31033/0116 T00610039",KOFK,2026-04-28T01:41:00.000Z,41.9799,-97.4335,6.1,3.9,320,16,28,10+,29.92,,,TRUE,TRUE,,,,,,,OVC,1300,,,,,,,MVFR,,,,,,,,,,,,SPECI,476
"SPECI KSDF 280141Z 09013G22KT 10SM -RA FEW008 BKN075 OVC090 18/17 A2985 RMK AO2 PK WND 35028/0057 WSHFT 0053 TSE41 OCNL LTGIC DSNT NE-SE TS MOV NE CB DSNT NE-SE P0066 T01780167",KSDF,2026-04-28T01:41:00.000Z,38.1774,-85.7308,17.8,16.7,90,13,22,10+,29.85,,,,TRUE,,,,,,-RA,FEW,800,BKN,7500,OVC,9000,,,VFR,,,,,,0.66,,,,,,SPECI,146
"METAR KVYS 280141Z AUTO 18012KT 10SM SCT065 SCT075 BKN085 17/16 A2961 RMK AO2",KVYS,2026-04-28T01:41:00.000Z,41.3518,-89.1496,17,16,180,12,,10+,29.61,,,TRUE,TRUE,,,,,,,SCT,6500,SCT,7500,BKN,8500,,,VFR,,,,,,,,,,,,METAR,198
"METAR KTAZ 280141Z AUTO 22006KT 10SM SCT006 SCT110 16/16 A2968 RMK AO2 LTG DSNT NE THRU S P0001",KTAZ,2026-04-28T01:41:00.000Z,39.5350,-89.3294,16,16,220,6,,10+,29.68,,,TRUE,TRUE,,,,,,,SCT,600,SCT,11000,,,,,VFR,,,,,,0.01,,,,,,METAR,188
"METAR KQEN 280140Z AUTO 9999 BKN021 11/03 / RMK A02 TSNO",KQEN,2026-04-28T01:40:00.000Z,-99.9900,-99.9900,11,3,,,,6+,,,,TRUE,TRUE,,,TRUE,,,,BKN,2100,,,,,,,MVFR,,,,,,,,,,,,METAR,9999
"METAR KQFT 280140Z AUTO 18006KT 9999 FEW022 BKN050 14/08 A2990 RMK A02 TSNO",KQFT,2026-04-28T01:40:00.000Z,-99.9900,-99.9900,14,8,180,6,,6+,29.90,,,TRUE,TRUE,,,TRUE,,,,FEW,2200,BKN,5000,,,,,VFR,,,,,,,,,,,,METAR,9999
"METAR KQEX 280140Z AUTO 29005G15KT 9999 CLR 18/05 A2983 RMK A02 TSNO",KQEX,2026-04-28T01:40:00.000Z,-99.9900,-99.9900,18,5,290,5,15,6+,29.83,,,TRUE,TRUE,,,TRUE,,,,,,,,,,,,VFR,,,,,,,,,,,,METAR,9999
"METAR KQFB 280140Z AUTO 29006G13KT 9999 BKN210 19/07 A2994 RMK A02 TSNO",KQFB,2026-04-28T01:40:00.000Z,-99.9900,-99.9900,19,7,290,6,13,6+,29.94,,,TRUE,TRUE,,,TRUE,,,,BKN,21000,,,,,,,VFR,,,,,,,,,,,,METAR,9999
"METAR KQEV 280140Z AUTO 23007G13KT 0400 FG CLR 15/04 A2993 RMK A02 TSNO",KQEV,2026-04-28T01:40:00.000Z,-99.9900,-99.9900,15,4,230,7,13,0.25,29.93,,,TRUE,TRUE,,,TRUE,,,FG,,,,,,,,,LIFR,,,,,,,,,,,,METAR,9999
"METAR MMLT 280140Z 01008KT 8SM FEW120 OVC200 25/16 A2989 RMK 8/037 HZY",MMLT,2026-04-28T01:40:00.000Z,25.9930,-111.3500,25,16,10,8,,8,29.89,,,,,,,,,,,FEW,12000,OVC,20000,,,,,VFR,,,,,,,,,,,,METAR,4
"SPECI KBPK 280140Z AUTO VRB05KT 4SM TS HZ SCT034 BKN047 OVC085 21/17 A2974 RMK AO2 LTG DSNT NE AND E TSB21 T02110172 PWINO",KBPK,2026-04-28T01:40:00.000Z,36.3706,-92.4719,21.1,17.2,0,5,,4,29.74,,,TRUE,TRUE,,,,,TRUE,TS HZ,SCT,3400,BKN,4700,OVC,8500,,,MVFR,,,,,,,,,,,,SPECI,279
"METAR KQFX 280140Z AUTO 9999 SCT042 14/07 A2992 RMK A02 TSNO",KQFX,2026-04-28T01:40:00.000Z,-99.9900,-99.9900,14,7,,,,6+,29.92,,,TRUE,TRUE,,,TRUE,,,,SCT,4200,,,,,,,VFR,,,,,,,,,,,,METAR,9999
"METAR KBQX 280140Z AUTO 00000KT 5SM BR 25/25 A2992 RMK A01",KBQX,2026-04-28T01:40:00.000Z,28.3140,-95.6200,25,25,0,0,,5,29.92,,,TRUE,TRUE,,,,,,BR,,,,,,,,,MVFR,,,,,,,,,,,,METAR,34
"METAR KQEP 280140Z AUTO 26005G10KT 9999 SCT017 BKN048 13/08 A2995 RMK A02 TSNO",KQEP,2026-04-28T01:40:00.000Z,-99.9900,-99.9900,13,8,260,5,10,6+,29.95,,,TRUE,TRUE,,,TRUE,,,,SCT,1700,BKN,4800,,,,,VFR,,,,,,,,,,,,METAR,9999
"METAR KTKC 280140Z AUTO 32021G36KT 10SM OVC012 06/05 A2977 RMK AO2",KTKC,2026-04-28T01:40:00.000Z,44.2500,-95.6120,6,5,320,21,36,10+,29.77,,,TRUE,TRUE,,,,,,,OVC,1200,,,,,,,MVFR,,,,,,,,,,,,METAR,408
"METAR KQEQ 280140Z AUTO 33005G12KT 9999 BKN026 14/08 A2996 RMK A02 TSNO",KQEQ,2026-04-28T01:40:00.000Z,-99.9900,-99.9900,14,8,330,5,12,6+,29.96,,,TRUE,TRUE,,,TRUE,,,,BKN,2600,,,,,,,MVFR,,,,,,,,,,,,METAR,9999
"METAR KQFV 280140Z AUTO 22004KT 9999 FEW030 FEW036 BKN060 13/07 A2991 RMK A02 TSNO",KQFV,2026-04-28T01:40:00.000Z,-99.9900,-99.9900,13,7,220,4,,6+,29.91,,,TRUE,TRUE,,,TRUE,,,,FEW,3000,FEW,3600,BKN,6000,,,VFR,,,,,,,,,,,,METAR,9999
"METAR KLUG 280140Z AUTO 18014G21KT 10SM BKN042 BKN048 OVC070 25/17 A2992 RMK A01",KLUG,2026-04-28T01:40:00.000Z,35.5082,-86.8055,25,17,180,14,21,10+,29.92,,,TRUE,TRUE,,,,,,,BKN,4200,BKN,4800,OVC,7000,,,VFR,,,,,,,,,,,,METAR,218
"SPECI EGVA 280140Z 03008KT 9999 BKN016 09/07 A3025 RMK AO2A SLP247 RVRNO $",EGVA,2026-04-28T01:40:00.000Z,51.6820,-1.7900,9,7,30,8,,6+,30.25,1024.7,,,TRUE,TRUE,,,,,,BKN,1600,,,,,,,MVFR,,,,,,,,,,,,SPECI,84
"METAR KJSL 280140Z AUTO 14014G20KT 10SM FEW015 A2995 RMK A01",KJSL,2026-04-28T01:40:00.000Z,26.2367,-91.2567,,,140,14,20,10+,29.95,,,TRUE,TRUE,,,,,,,FEW,1500,,,,,,,VFR,,,,,,,,,,,,METAR,45
"METAR KQEW 280140Z AUTO 22006G11KT 9999 // FEW037 16/05 A2990 RMK A02 TSNO",KQEW,2026-04-28T01:40:00.000Z,-99.9900,-99.9900,16,5,220,6,11,6+,29.90,,,TRUE,TRUE,,,TRUE,,,,FEW,3700,,,,,,,VFR,,,,,,,,,,,,METAR,9999
"METAR KMZM 280140Z AUTO 12014KT 6SM HZ CLR 25/21 A3002 RMK A01",KMZM,2026-04-28T01:40:00.000Z,26.9608,-89.0303,25,21,120,14,,6,30.02,,,TRUE,TRUE,,,,,,HZ,,,,,,,,,VFR,,,,,,,,,,,,METAR,40
"METAR KQFU 280140Z AUTO 24003KT 9999 BKN021 15/07 A2995 RMK A02 TSNO",KQFU,2026-04-28T01:40:00.000Z,-99.9900,-99.9900,15,7,240,3,,6+,29.95,,,TRUE,TRUE,,,TRUE,,,,BKN,2100,,,,,,,MVFR,,,,,,,,,,,,METAR,9999
"SPECI CYPL 280140Z AUTO 03011G17KT 010V070 3SM -SN OVC005 00/00 A2981 RMK SLP117",CYPL,2026-04-28T01:40:00.000Z,51.4490,-90.2180,0,0,30,11,17,3,29.81,1011.7,,TRUE,,,,,,,-SN,OVC,500,,,,,,,IFR,,,,,,,,,,,,SPECI,390
"METAR KOYE 280140Z AUTO 09020KT 5SM HZ BKN014 25/22 A2998 RMK A01",KOYE,2026-04-28T01:40:00.000Z,28.8669,-90.4911,25,22,90,20,,5,29.98,,,TRUE,TRUE,,,,,,HZ,BKN,1400,,,,,,,MVFR,,,,,,,,,,,,METAR,30
"METAR KVAF 280140Z 12020KT 1 1/2SM BR CLR 26/25 A2987 RMK A01 WINDS UN-RELIABLE 350 TO 45 DEGREES",KVAF,2026-04-28T01:40:00.000Z,27.3536,-94.6253,26,25,120,20,,1.5,29.87,,,,TRUE,,,,,,BR,,,,,,,,,IFR,,,,,,,,,,,,METAR,38
"SPECI KMIE 280140Z 15021G40KT 10SM SCT110 18/12 A2969 RMK AO2 PK WND 16041/0128 RAB0056E26 P0001 T01830122",KMIE,2026-04-28T01:40:00.000Z,40.2345,-85.3936,18.3,12.2,150,21,40,10+,29.69,,,,TRUE,,,,,,,SCT,11000,,,,,,,VFR,,,,,,0.01,,,,,,SPECI,286
"SPECI KCYS 280140Z 03003KT 5SM -SN BR SCT006 BKN036 OVC048 01/00 A2996 RMK AO2 RAE14SNB14 P0006 T00060000",KCYS,2026-04-28T01:40:00.000Z,41.1579,-104.8081,0.6,0,30,3,,5,29.96,,,,TRUE,,,,,,-SN BR,SCT,600,BKN,3600,OVC,4800,,,MVFR,,,,,,0.06,,,,,,SPECI,1868
"METAR PKWA 280140Z AUTO 10011KT 10SM -DZ SCT013 A2983 RMK AO2",PKWA,2026-04-28T01:40:00.000Z,8.7200,167.7240,,,100,11,,10+,29.83,,,TRUE,TRUE,,,,,,-DZ,SCT,1300,,,,,,,VFR,,,,,,,,,,,,METAR,6
"SPECI KRYM 280139Z AUTO 33016KT 10SM OVC018 06/04 A2963 RMK AO2 DZB0055E04 OVC V BKN SLP045 $",KRYM,2026-04-28T01:39:00.000Z,46.0878,-94.3530,6,4,330,16,,10+,29.63,1004.5,,TRUE,TRUE,TRUE,,,,,,OVC,1800,,,,,,,MVFR,,,,,,,,,,,,SPECI,344
"SPECI KMDW 280139Z 12018G31KT 9SM -TSRA FEW017 BKN050CB OVC100 17/15 A2948 RMK AO2 PK WND 13031/0132 WSHFT 0119 TSB01 PRESFR FRQ LTGICCG NE TS NE MOV NE P0015 T01670150",KMDW,2026-04-28T01:39:00.000Z,41.7841,-87.7552,16.7,15,120,18,31,9,29.48,,,,TRUE,,,,,,-TSRA,FEW,1700,BKN,5000,OVC,10000,,,VFR,,,,,,0.15,,,,,,SPECI,186
"METAR KC99 280138Z AUTO 18008KT M1/4SM OVC002 M03/M03 A3002 RMK AO2 LTG DSNT W",KC99,2026-04-28T01:38:00.000Z,39.8690,-105.5534,-3,-3,180,8,,0.25,30.02,,,TRUE,TRUE,,,,,,,OVC,200,,,,,,,LIFR,,,,,,,,,,,,METAR,3334
"SPECI KFEW 280138Z 01003KT 10SM -RA SCT006 BKN012 BKN024 OVC130 02/01 A2996 RMK AO2A LTG DSNT S SNE0055RAB0055E0056PLB0056E10SNB10E31PLB31E38RAB38 CIG 012V021 SLP161 $",KFEW,2026-04-28T01:38:00.000Z,41.1410,-104.8690,2,1,10,3,,10+,29.96,1016.1,,,TRUE,TRUE,,,,,-RA,SCT,600,BKN,1200,BKN,2400,OVC,13000,MVFR,,,,,,,,,,,,SPECI,1877
"SPECI PAOT 280138Z 08007KT 10SM OVC029 04/01 A2966 RMK AO2 T00390006",PAOT,2026-04-28T01:38:00.000Z,66.8860,-162.6070,3.9,0.6,80,7,,10+,29.66,,,,TRUE,,,,,,,OVC,2900,,,,,,,MVFR,,,,,,,,,,,,SPECI,3
"SPECI KOVS 280138Z AUTO 27013G23KT 10SM BKN027 BKN033 OVC046 18/13 A2953 RMK AO2 T01780133",KOVS,2026-04-28T01:38:00.000Z,43.1561,-90.6775,17.8,13.3,270,13,23,10+,29.53,,,TRUE,TRUE,,,,,,,BKN,2700,BKN,3300,OVC,4600,,,MVFR,,,,,,,,,,,,SPECI,205
"SPECI CYQT 280138Z 07015G23KT 3SM -SHRA BR BKN004 OVC020 05/05 A2950 RMK SC6SC2 VIS VRB 2-4 CVCTV CLD EMBD SLP000",CYQT,2026-04-28T01:38:00.000Z,48.3740,-89.3300,5,5,70,15,23,3,29.50,1000,,,,,,,,,-SHRA BR,BKN,400,OVC,2000,,,,,LIFR,,,,,,,,,,,,SPECI,197
"SPECI KDFW 280138Z 16009KT 10SM FEW045 SCT100 BKN250 28/22 A2977 RMK AO2 TSE33 OCNL LTGIC DSNT E TS MOVD E CB DSNT E MOV E TCU DSNT N-NE T02830222",KDFW,2026-04-28T01:38:00.000Z,32.8974,-97.0220,28.3,22.2,160,9,,10+,29.77,,,,TRUE,,,,,,,FEW,4500,SCT,10000,BKN,25000,,,VFR,,,,,,,,,,,,SPECI,168
"SPECI KFAM 280138Z AUTO 26009G31KT 2 1/2SM +TSRA BR SCT010 BKN023 BKN042 18/16 A2978 RMK AO2 PK WND 24031/0134 LTG DSNT W-NE TSB13E31B37RAB11 P0032 $",KFAM,2026-04-28T01:38:00.000Z,37.7631,-90.4292,18,16,260,9,31,2.5,29.78,,,TRUE,TRUE,TRUE,,,,,+TSRA BR,SCT,1000,BKN,2300,BKN,4200,,,IFR,,,,,,0.32,,,,,,SPECI,276
"SPECI KMRY 280137Z 28007KT 10SM BKN025 14/07 A3008 RMK AO2 T01440072",KMRY,2026-04-28T01:37:00.000Z,36.5904,-121.8488,14.4,7.2,280,7,,10+,30.08,,,,TRUE,,,,,,,BKN,2500,,,,,,,MVFR,,,,,,,,,,,,SPECI,51
"SPECI KMIC 280137Z 32015G28KT 10SM -RA OVC013 08/07 A2958 RMK AO2 PK WND 30028/0133 P0001 T00780067",KMIC,2026-04-28T01:37:00.000Z,45.0623,-93.3511,7.8,6.7,320,15,28,10+,29.58,,,,TRUE,,,,,,-RA,OVC,1300,,,,,,,MVFR,,,,,,0.01,,,,,,SPECI,263
"SPECI KMLB 280137Z 04011KT 10SM SCT026 SCT032 24/18 A3008 RMK AO2 T02390183",KMLB,2026-04-28T01:37:00.000Z,28.0997,-80.6356,23.9,18.3,40,11,,10+,30.08,,,,TRUE,,,,,,,SCT,2600,SCT,3200,,,,,VFR,,,,,,,,,,,,SPECI,7
"SPECI KBKF 280137Z 11006KT 10SM FEW006 SCT024 OVC033 09/04 A2991 RMK AO2A SLP108",KBKF,2026-04-28T01:37:00.000Z,39.7130,-104.7580,9,4,110,6,,10+,29.91,1010.8,,,TRUE,,,,,,,FEW,600,SCT,2400,OVC,3300,,,VFR,,,,,,,,,,,,SPECI,1703
"SPECI KGRI 280137Z AUTO 33016G20KT 10SM OVC029 08/02 A2997 RMK AO2 T00780022",KGRI,2026-04-28T01:37:00.000Z,40.9615,-98.3130,7.8,2.2,330,16,20,10+,29.97,,,TRUE,TRUE,,,,,,,OVC,2900,,,,,,,MVFR,,,,,,,,,,,,SPECI,562
"SPECI UUEE 280137Z 27009MPS 1100 0900SW R24L/1200D R24C/1100D +SN OVC008 M00/M01 Q0994 R24L/590340 R24C/590340 NOSIG",UUEE,2026-04-28T01:37:00.000Z,55.9730,37.4150,0,-1,270,17,,0.68,29.35,,,,,,TRUE,,,,+SN,OVC,800,,,,,,,LIFR,,,,,,,,,,,,SPECI,186
"SPECI KBLV 280137Z 28005KT 10SM VCTS SCT095 19/18 A2967 RMK AO2A RAE18 TSE37 SLP048 $",KBLV,2026-04-28T01:37:00.000Z,38.5400,-89.8450,19,18,280,5,,10+,29.67,1004.8,,,TRUE,TRUE,,,,,VCTS,SCT,9500,,,,,,,VFR,,,,,,,,,,,,SPECI,134
"SPECI UOOO 280137Z 30013MPS 0500 0450SE R19/0550D SHSN BLSN BKN005 BKN013CB M04/M04 Q0991 R19/591032 NOSIG RMK QFE727/0970",UOOO,2026-04-28T01:37:00.000Z,69.3080,87.3220,-4,-4,300,25,,0.31,29.26,,,,,,TRUE,,,,BLSN SHSN,BKN,500,BKN,1300,,,,,LIFR,,,,,,,,,,,,SPECI,177
"SPECI KDPA 280137Z 20009G15KT 10SM BKN009 OVC016 17/16 A2957 RMK AO2 LTG DSNT E RAE27 CIG 008V013 P0003 T01670156",KDPA,2026-04-28T01:37:00.000Z,41.8964,-88.2512,16.7,15.6,200,9,15,10+,29.57,,,,TRUE,,,,,,,BKN,900,OVC,1600,,,,,IFR,,,,,,0.03,,,,,,SPECI,228
"SPECI KLOU 280137Z 07014G20KT 6SM VCTS -RA BR SCT043 OVC070 17/17 A2985 RMK AO2 WSHFT 0105 LTG DSNT ALQDS TSE31 P0074 T01670167",KLOU,2026-04-28T01:37:00.000Z,38.2302,-85.6629,16.7,16.7,70,14,20,6,29.85,,,,TRUE,,,,,,VCTS -RA BR,SCT,4300,OVC,7000,,,,,VFR,,,,,,0.74,,,,,,SPECI,165
"SPECI KBRD 280137Z AUTO 34018G25KT 10SM -RA BKN014 OVC021 05/03 A2965 RMK AO2 PK WND 34029/0123 P0000 T00500028",KBRD,2026-04-28T01:37:00.000Z,46.4021,-94.1273,5,2.8,340,18,25,10+,29.65,,,TRUE,TRUE,,,,,,-RA,BKN,1400,OVC,2100,,,,,MVFR,,,,,,0.005,,,,,,SPECI,372
"SPECI PHJR 280137Z 28013KT 4SM RA BR FEW024 OVC029 23/21 A2998 RMK AO2 RAB23 P0018 T02330211",PHJR,2026-04-28T01:37:00.000Z,21.3120,-158.0700,23.3,21.1,280,13,,4,29.98,,,,TRUE,,,,,,RA BR,FEW,2400,OVC,2900,,,,,MVFR,,,,,,0.18,,,,,,SPECI,9
"METAR KSLH 280136Z AUTO 13012KT 10SM OVC090 17/04 A2968 RMK AO2",KSLH,2026-04-28T01:36:00.000Z,45.6523,-84.5202,17,4,130,12,,10+,29.68,,,TRUE,TRUE,,,,,,,OVC,9000,,,,,,,VFR,,,,,,,,,,,,METAR,193
"METAR KP33 280136Z AUTO 28012KT 10SM CLR 22/M10 A2993 RMK AO2",KP33,2026-04-28T01:36:00.000Z,32.2450,-109.8950,22,-10,280,12,,10+,29.93,,,TRUE,TRUE,,,,,,,,,,,,,,,VFR,,,,,,,,,,,,METAR,1276
"METAR KI69 280136Z AUTO 11007KT 5SM SCT005 SCT015 OVC065 17/17 A2998 RMK AO1 P0012 T01670166",KI69,2026-04-28T01:36:00.000Z,39.0780,-84.2100,16.7,16.6,110,7,,5,29.98,,,TRUE,TRUE,,,,,,,SCT,500,SCT,1500,OVC,6500,,,MVFR,,,,,,0.12,,,,,,METAR,238
"METAR K16J 280136Z AUTO VRB01KT 10SM CLR 20/16 A3011 RMK AO2",K16J,2026-04-28T01:36:00.000Z,31.7435,-84.4170,20,16,0,1,,10+,30.11,,,TRUE,TRUE,,,,,,,,,,,,,,,VFR,,,,,,,,,,,,METAR,333
"METAR KGGP 280136Z AUTO 05007G28KT 7SM -RA SCT011 SCT026 BKN055 17/14 A2975 RMK AO2 P0020",KGGP,2026-04-28T01:36:00.000Z,40.7127,-86.3674,17,14,50,7,28,7,29.75,,,TRUE,TRUE,,,,,,-RA,SCT,1100,SCT,2600,BKN,5500,,,VFR,,,,,,0.2,,,,,,METAR,224
"SPECI CYPX 280136Z AUTO 21013KT 5/8SM BR VV003 M01/M02 A3004 RMK ICE SLP176",CYPX,2026-04-28T01:36:00.000Z,60.0450,-77.2810,-1,-2,210,13,,0.63,30.04,1017.6,,TRUE,,,,,,,BR,OVX,300,,,,,,,LIFR,,,,,,,,,,,3,SPECI,10
"SPECI KEOD 280136Z AUTO 20013G18KT 10SM CLR 26/19 A2983 RMK AO2 RAE0055RAB04E13RAB15E36 SLP099",KEOD,2026-04-28T01:36:00.000Z,36.5682,-87.4808,26,19,200,13,18,10+,29.83,1009.9,,TRUE,TRUE,,,,,,,,,,,,,,,VFR,,,,,,,,,,,,SPECI,593
"METAR KCZL 280136Z AUTO 00000KT 10SM OVC080 21/15 A3008 RMK AO2",KCZL,2026-04-28T01:36:00.000Z,34.4500,-84.9360,21,15,0,0,,10+,30.08,,,TRUE,TRUE,,,,,,,OVC,8000,,,,,,,VFR,,,,,,,,,,,,METAR,197
"METAR KDLL 280135Z AUTO 00000KT 10SM +VCTSRA SCT019 BKN031 OVC085 15/14 A2950 RMK AO2 LTG DSNT ALQDS P0047 T01540139",KDLL,2026-04-28T01:35:00.000Z,43.5236,-89.7736,15.4,13.9,0,0,,10+,29.50,,,TRUE,TRUE,,,,,,VCTS +RA,SCT,1900,BKN,3100,OVC,8500,,,VFR,,,,,,0.47,,,,,,METAR,297
"METAR KBMC 280135Z AUTO 18006KT 10SM CLR 08/02 A2994 RMK AO2",KBMC,2026-04-28T01:35:00.000Z,41.5463,-112.0600,8,2,180,6,,10+,29.94,,,TRUE,TRUE,,,,,,,,,,,,,,,VFR,,,,,,,,,,,,METAR,1289
"METAR KCSB 280135Z AUTO 01011G18KT 10SM CLR 08/02 A2998 RMK AO2",KCSB,2026-04-28T01:35:00.000Z,40.3070,-100.1620,8,2,10,11,18,10+,29.98,,,TRUE,TRUE,,,,,,,,,,,,,,,VFR,,,,,,,,,,,,METAR,736
"METAR KFLY 280135Z AUTO 01008KT 10SM -DZ SCT032 BKN043 OVC070 05/02 A2997 RMK AO2 LTG DSNT N T00450020",KFLY,2026-04-28T01:35:00.000Z,38.9439,-104.5684,4.5,2,10,8,,10+,29.97,,,TRUE,TRUE,,,,,,-DZ,SCT,3200,BKN,4300,OVC,7000,,,VFR,,,,,,,,,,,,METAR,2096
"METAR KCSQ 280135Z AUTO 29018KT 10SM OVC018 10/08 A2981 RMK AO2",KCSQ,2026-04-28T01:35:00.000Z,41.0189,-94.3610,10,8,290,18,,10+,29.81,,,TRUE,TRUE,,,,,,,OVC,1800,,,,,,,MVFR,,,,,,,,,,,,METAR,394
"METAR PAAD 280135Z AUTO 08010KT 7SM OVC004 M07/M07 A2996 RMK AO2 T10661071 FZRANO",PAAD,2026-04-28T01:35:00.000Z,70.1360,-146.2900,-6.6,-7.1,80,10,,7,29.96,,,TRUE,TRUE,,,,TRUE,,,OVC,400,,,,,,,LIFR,,,,,,,,,,,,METAR,8
"METAR KFOA 280135Z AUTO 12007KT 10SM SCT033 SCT038 SCT120 18/ A2971 RMK AO2",KFOA,2026-04-28T01:35:00.000Z,38.6673,-88.4527,18,,120,7,,10+,29.71,,,TRUE,TRUE,,,,,,,SCT,3300,SCT,3800,SCT,12000,,,VFR,,,,,,,,,,,,METAR,141
"METAR KFME 280135Z AUTO 00000KT 10SM CLR 10/08 A3026 RMK AO1",KFME,2026-04-28T01:35:00.000Z,39.0860,-76.7570,10,8,0,0,,10+,30.26,,,TRUE,TRUE,,,,,,,,,,,,,,,VFR,,,,,,,,,,,,METAR,43
"METAR KSYI 280135Z AUTO 17013G19KT 10SM BKN047 OVC055 24/16 A2992 RMK A01",KSYI,2026-04-28T01:35:00.000Z,35.5594,-86.4406,24,16,170,13,19,10+,29.92,,,TRUE,TRUE,,,,,,,BKN,4700,OVC,5500,,,,,VFR,,,,,,,,,,,,METAR,244
"METAR KSZY 280135Z AUTO 17008G15KT 10SM BKN048 OVC055 27/18 A2987 RMK A01",KSZY,2026-04-28T01:35:00.000Z,35.2064,-88.5012,27,18,170,8,15,10+,29.87,,,TRUE,TRUE,,,,,,,BKN,4800,OVC,5500,,,,,VFR,,,,,,,,,,,,METAR,184
"METAR KFKR 280135Z AUTO 15028G36KT 10SM VCTS FEW060 BKN070 OVC090 18/15 A2963 RMK AO2 LTG DSNT ALQDS",KFKR,2026-04-28T01:35:00.000Z,40.2748,-86.5644,18,15,150,28,36,10+,29.63,,,TRUE,TRUE,,,,,,VCTS,FEW,6000,BKN,7000,OVC,9000,,,VFR,,,,,,,,,,,,METAR,260
"METAR KTBX 280135Z AUTO 32016KT 10SM BKN050 00/M02 A2998 RMK AO2",KTBX,2026-04-28T01:35:00.000Z,43.4644,-108.2382,0,-2,320,16,,10+,29.98,,,TRUE,TRUE,,,,,,,BKN,5000,,,,,,,VFR,,,,,,,,,,,,METAR,2230
"METAR KCTZ 280135Z AUTO 00000KT 10SM CLR 13/12 A3024 RMK AO2 T01300118",KCTZ,2026-04-28T01:35:00.000Z,34.9752,-78.3628,13,11.8,0,0,,10+,30.24,,,TRUE,TRUE,,,,,,,,,,,,,,,VFR,,,,,,,,,,,,METAR,43
"METAR KXNI 280135Z AUTO 24013G23KT 10SM CLR 16/M11 A2996 RMK AO2",KXNI,2026-04-28T01:35:00.000Z,35.0580,-108.9413,16,-11,240,13,23,10+,29.96,,,TRUE,TRUE,,,,,,,,,,,,,,,VFR,,,,,,,,,,,,METAR,6370
"METAR KFDK 280135Z AUTO 14005KT 10SM CLR 15/06 A3023 RMK AO2 T01490056 $",KFDK,2026-04-28T01:35:00.000Z,39.4177,-77.3696,14.9,5.6,140,5,,10+,30.23,,,TRUE,TRUE,TRUE,,,,,,,,,,,,,,VFR,,,,,,,,,,,,METAR,82
"METAR KF45 280135Z AUTO 04007KT 10SM CLR 24/20 A3004 RMK AO2",KF45,2026-04-28T01:35:00.000Z,26.8419,-80.2240,24,20,40,7,,10+,30.04,,,TRUE,TRUE,,,,,,,,,,,,,,,VFR,,,,,,,,,,,,METAR,6
"METAR KU64 280135Z AUTO 25010KT 10SM OVC095 10/M06 A2995 RMK AO2 T01011056 $",KU64,2026-04-28T01:35:00.000Z,37.9333,-109.3396,10.1,-5.6,250,10,,10+,29.95,,,TRUE,TRUE,TRUE,,,,,,OVC,9500,,,,,,,VFR,,,,,,,,,,,,METAR,2123
"METAR K4A6 280135Z AUTO 18007G13KT 150V210 10SM OVC070 25/17 A3001 RMK AO2",K4A6,2026-04-28T01:35:00.000Z,34.6880,-86.0060,25,17,180,7,13,10+,30.01,,,TRUE,TRUE,,,,,,,OVC,7000,,,,,,,VFR,,,,,,,,,,,,METAR,191
"METAR K49A 280135Z AUTO VRB04KT 10SM BKN060 18/14 A3013 RMK AO2",K49A,2026-04-28T01:35:00.000Z,34.6301,-84.5271,18,14,0,4,,10+,30.13,,,TRUE,TRUE,,,,,,,BKN,6000,,,,,,,VFR,,,,,,,,,,,,METAR,449
"METAR KOPL 280135Z AUTO 18007KT SCT080 25/20 A2995 RMK AO2 T02500200 PWINO",KOPL,2026-04-28T01:35:00.000Z,30.5643,-92.1021,25,20,180,7,,,29.95,,,TRUE,TRUE,,,,,TRUE,,SCT,8000,,,,,,,null,,,,,,,,,,,,METAR,22
"METAR K0A0 280135Z AUTO 24012G20KT 10SM CLR 23/M15 A2990 RMK AO2",K0A0,2026-04-28T01:35:00.000Z,32.9900,-106.9674,23,-15,240,12,20,10+,29.90,,,TRUE,TRUE,,,,,,,,,,,,,,,VFR,,,,,,,,,,,,METAR,1401
"METAR KFYE 280135Z AUTO 17008G14KT 120V200 10SM FEW041 SCT049 BKN055 27/20 A2984 RMK A01",KFYE,2026-04-28T01:35:00.000Z,35.2061,-89.3929,27,20,170,8,14,10+,29.84,,,TRUE,TRUE,,,,,,,FEW,4100,SCT,4900,BKN,5500,,,VFR,,,,,,,,,,,,METAR,133
"METAR KO69 280135Z AUTO 27008KT 10SM CLR 15/06 A3006 RMK A01",KO69,2026-04-28T01:35:00.000Z,38.2601,-122.6070,15,6,270,8,,10+,30.06,,,TRUE,TRUE,,,,,,,,,,,,,,,VFR,,,,,,,,,,,,METAR,26
"METAR KMZJ 280135Z AUTO 25011KT 10SM CLR 26/M08 A2986 RMK AO2",KMZJ,2026-04-28T01:35:00.000Z,32.5147,-111.3346,26,-8,250,11,,10+,29.86,,,TRUE,TRUE,,,,,,,,,,,,,,,VFR,,,,,,,,,,,,METAR,574
"METAR K3K7 280135Z AUTO 07010KT 10SM CLR 13/02 A2993 RMK AO2",K3K7,2026-04-28T01:35:00.000Z,38.4566,-101.3527,13,2,70,10,,10+,29.93,,,TRUE,TRUE,,,,,,,,,,,,,,,VFR,,,,,,,,,,,,METAR,1005
"METAR KMWC 280135Z AUTO 15004KT 10SM SCT028 14/13 A2956 RMK AO2",KMWC,2026-04-28T01:35:00.000Z,43.1095,-88.0343,14,13,150,4,,10+,29.56,,,TRUE,TRUE,,,,,,,SCT,2800,,,,,,,VFR,,,,,,,,,,,,METAR,225
"METAR KMDQ 280135Z AUTO 16011KT 10SM SCT048 OVC060 25/16 A2998 RMK A02 T02530157",KMDQ,2026-04-28T01:35:00.000Z,34.8660,-86.5590,25.3,15.7,160,11,,10+,29.98,,,TRUE,TRUE,,,,,,,SCT,4800,OVC,6000,,,,,VFR,,,,,,,,,,,,METAR,221
"METAR KMWA 280135Z AUTO 19017G23KT 10SM SCT034 BKN042 BKN060 A2972 RMK AO2",KMWA,2026-04-28T01:35:00.000Z,37.7544,-89.0118,,,190,17,23,10+,29.72,,,TRUE,TRUE,,,,,,,SCT,3400,BKN,4200,BKN,6000,,,VFR,,,,,,,,,,,,METAR,142
"METAR KCXU 280135Z AUTO 10005KT 10SM CLR 22/14 A3010 RMK AO2",KCXU,2026-04-28T01:35:00.000Z,31.2142,-84.2358,22,14,100,5,,10+,30.10,,,TRUE,TRUE,,,,,,,,,,,,,,,VFR,,,,,,,,,,,,METAR,48
"METAR KMJD 280135Z AUTO 13005KT 10SM FEW060 23/21 A3000 RMK AO2",KMJD,2026-04-28T01:35:00.000Z,30.4940,-89.6535,23,21,130,5,,10+,30.00,,,TRUE,TRUE,,,,,,,FEW,6000,,,,,,,VFR,,,,,,,,,,,,METAR,17
"METAR K3K3 280135Z AUTO 08013KT 10SM CLR 16/03 A2989 RMK AO2",K3K3,2026-04-28T01:35:00.000Z,37.9988,-101.7502,16,3,80,13,,10+,29.89,,,TRUE,TRUE,,,,,,,,,,,,,,,VFR,,,,,,,,,,,,METAR,1010
"METAR KMNE 280135Z AUTO 16005KT 10SM SCT050 27/20 A2987 RMK AO2",KMNE,2026-04-28T01:35:00.000Z,32.6433,-93.2972,27,20,160,5,,10+,29.87,,,TRUE,TRUE,,,,,,,SCT,5000,,,,,,,VFR,,,,,,,,,,,,METAR,84
"METAR KMPR 280135Z AUTO 36008KT 10SM CLR 14/08 A2992 RMK AO2 T01410083",KMPR,2026-04-28T01:35:00.000Z,38.3491,-97.6883,14.1,8.3,360,8,,10+,29.92,,,TRUE,TRUE,,,,,,,,,,,,,,,VFR,,,,,,,,,,,,METAR,455
"METAR K3D2 280135Z AUTO 19012G24KT 10SM OVC008 12/12 A2953 RMK AO2 T01220117",K3D2,2026-04-28T01:35:00.000Z,45.1348,-87.1881,12.2,11.7,190,12,24,10+,29.53,,,TRUE,TRUE,,,,,,,OVC,800,,,,,,,IFR,,,,,,,,,,,,METAR,233
"METAR KMEV 280135Z AUTO 32009KT 10SM CLR 13/M05 A2996 RMK AO2",KMEV,2026-04-28T01:35:00.000Z,38.9963,-119.7500,13,-5,320,9,,10+,29.96,,,TRUE,TRUE,,,,,,,,,,,,,,,VFR,,,,,,,,,,,,METAR,1437
"METAR KPAN 280135Z AUTO 23006KT 10SM CLR 14/M09 A3000 RMK AO2",KPAN,2026-04-28T01:35:00.000Z,34.2551,-111.3379,14,-9,230,6,,10+,30.00,,,TRUE,TRUE,,,,,,,,,,,,,,,VFR,,,,,,,,,,,,METAR,1575
"METAR K36K 280135Z AUTO 06010KT 10SM CLR 15/04 A2994 RMK AO2",K36K,2026-04-28T01:35:00.000Z,37.9707,-101.2554,15,4,60,10,,10+,29.94,,,TRUE,TRUE,,,,,,,,,,,,,,,VFR,,,,,,,,,,,,METAR,938
"METAR KPEA 280135Z AUTO 29019G27KT 10SM OVC019 13/09 A2973 RMK AO2 T01260087",KPEA,2026-04-28T01:35:00.000Z,41.3989,-92.9431,12.6,8.7,290,19,27,10+,29.73,,,TRUE,TRUE,,,,,,,OVC,1900,,,,,,,MVFR,,,,,,,,,,,,METAR,264
"METAR KPNT 280135Z 10SM CLR 15/14 A2965 RMK AO2 T01450140",KPNT,2026-04-28T01:35:00.000Z,40.9233,-88.6213,14.5,14,,,,10+,29.65,,,,TRUE,,,,,,,,,,,,,,,VFR,,,,,,,,,,,,METAR,199
"METAR K2G9 280135Z AUTO 15008KT 10SM CLR 12/03 A3015 RMK AO2",K2G9,2026-04-28T01:35:00.000Z,40.0401,-79.0158,12,3,150,8,,10+,30.15,,,TRUE,TRUE,,,,,,,,,,,,,,,VFR,,,,,,,,,,,,METAR,677
"METAR KBIE 280135Z AUTO 33021KT 10SM OVC028 11/05 A2993 RMK AO2 T01050051",KBIE,2026-04-28T01:35:00.000Z,40.3005,-96.7517,10.5,5.1,330,21,,10+,29.93,,,TRUE,TRUE,,,,,,,OVC,2800,,,,,,,MVFR,,,,,,,,,,,,METAR,398
"METAR K1H2 280135Z AUTO 24014G20KT 1SM +RA BKN008 OVC015 16/16 A2979 RMK AO2 P0071 T01600160",K1H2,2026-04-28T01:35:00.000Z,39.0712,-88.5293,16,16,240,14,20,1,29.79,,,TRUE,TRUE,,,,,,+RA,BKN,800,OVC,1500,,,,,IFR,,,,,,0.71,,,,,,METAR,174
"METAR KUYF 280135Z AUTO 00000KT 7SM RA 16/16 A3000 RMK AO2 LTG DSNT S AND SW",KUYF,2026-04-28T01:35:00.000Z,39.9312,-83.4650,16,16,0,0,,7,30.00,,,TRUE,TRUE,,,,,,RA,,,,,,,,,VFR,,,,,,,,,,,,METAR,326
"METAR KRBW 280135Z AUTO 00000KT 10SM CLR 12/09 A3021 RMK AO2",KRBW,2026-04-28T01:35:00.000Z,32.9210,-80.6400,12,9,0,0,,10+,30.21,,,TRUE,TRUE,,,,,,,,,,,,,,,VFR,,,,,,,,,,,,METAR,30
"METAR KSAR 280135Z AUTO 34015G30KT 10SM TSRA SCT029 BKN042 OVC090 20/17 A2971 RMK AO2 LTG DSNT ALQDS T02030171",KSAR,2026-04-28T01:35:00.000Z,38.1463,-89.7025,20.3,17.1,340,15,30,10+,29.71,,,TRUE,TRUE,,,,,,TSRA,SCT,2900,BKN,4200,OVC,9000,,,VFR,,,,,,,,,,,,METAR,162
"METAR KM75 280135Z AUTO 20005KT 10SM FEW070 07/M05 A2996 RMK A01",KM75,2026-04-28T01:35:00.000Z,48.3686,-107.9188,7,-5,200,5,,10+,29.96,,,TRUE,TRUE,,,,,,,FEW,7000,,,,,,,VFR,,,,,,,,,,,,METAR,687
"METAR KRCX 280135Z AUTO 25006KT 5SM -RA BKN007 BKN013 OVC019 13/13 A2945 RMK AO2 LTG DSNT SE P0015 T01330130",KRCX,2026-04-28T01:35:00.000Z,45.4935,-90.9985,13.3,13,250,6,,5,29.45,,,TRUE,TRUE,,,,,,-RA,BKN,700,BKN,1300,OVC,1900,,,IFR,,,,,,0.15,,,,,,METAR,373
"METAR KRQO 280135Z AUTO 02008KT 10SM CLR 21/11 A2983 RMK AO2",KRQO,2026-04-28T01:35:00.000Z,35.4709,-98.0061,21,11,20,8,,10+,29.83,,,TRUE,TRUE,,,,,,,,,,,,,,,VFR,,,,,,,,,,,,METAR,431
"METAR KM54 280135Z AUTO 19019G28KT 10SM BKN055 OVC075 26/16 A2987 RMK A01",KM54,2026-04-28T01:35:00.000Z,36.1932,-86.3140,26,16,190,19,28,10+,29.87,,,TRUE,TRUE,,,,,,,BKN,5500,OVC,7500,,,,,VFR,,,,,,,,,,,,METAR,168
"METAR KL08 280135Z AUTO 26009KT 10SM CLR 22/01 A2988 RMK AO2",KL08,2026-04-28T01:35:00.000Z,33.2604,-116.3227,22,1,260,9,,10+,29.88,,,TRUE,TRUE,,,,,,,,,,,,,,,VFR,,,,,,,,,,,,METAR,156
"METAR KTGI 280135Z AUTO 07009KT CLR 14/05 A3027 RMK AO1 T01380049",KTGI,2026-04-28T01:35:00.000Z,37.8279,-75.9964,13.8,4.9,70,9,,,30.27,,,TRUE,TRUE,,,,,,,,,,,,,,,null,,,,,,,,,,,,METAR,1
"METAR KHFY 280135Z AUTO 14015G21KT 10SM SCT014 SCT060 BKN110 16/14 A2974 RMK AO2 T01640142",KHFY,2026-04-28T01:35:00.000Z,39.6280,-86.0880,16.4,14.2,140,15,21,10+,29.74,,,TRUE,TRUE,,,,,,,SCT,1400,SCT,6000,BKN,11000,,,VFR,,,,,,,,,,,,METAR,250
"METAR KFRR 280135Z AUTO 00000KT 10SM CLR 16/05 A3019 RMK AO2 T01550051",KFRR,2026-04-28T01:35:00.000Z,38.9169,-78.2487,15.5,5.1,0,0,,10+,30.19,,,TRUE,TRUE,,,,,,,,,,,,,,,VFR,,,,,,,,,,,,METAR,213
"METAR K1D1 280135Z AUTO 34019G27KT 10SM OVC044 07/05 A2982 RMK AO2",K1D1,2026-04-28T01:35:00.000Z,45.2310,-96.5660,7,5,340,19,27,10+,29.82,,,TRUE,TRUE,,,,,,,OVC,4400,,,,,,,VFR,,,,,,,,,,,,METAR,340
"METAR KM02 280135Z AUTO 20012G21KT 10SM BKN050 OVC065 24/18 A2985 RMK A01",KM02,2026-04-28T01:35:00.000Z,36.1289,-87.4283,24,18,200,12,21,10+,29.85,,,TRUE,TRUE,,,,,,,BKN,5000,OVC,6500,,,,,VFR,,,,,,,,,,,,METAR,268
"METAR K1U7 280135Z AUTO 15005G18KT 8SM FEW004 SCT028 BKN055 05/M02 A2992 RMK A01",K1U7,2026-04-28T01:35:00.000Z,42.2520,-111.3370,5,-2,150,5,18,8,29.92,,,TRUE,TRUE,,,,,,,FEW,400,SCT,2800,BKN,5500,,,VFR,,,,,,,,,,,,METAR,1808
"METAR KD55 280135Z AUTO 01010G16KT 10SM CLR 05/M05 A2992 RMK AO2",KD55,2026-04-28T01:35:00.000Z,48.7519,-98.3971,5,-5,10,10,16,10+,29.92,,,TRUE,TRUE,,,,,,,,,,,,,,,VFR,,,,,,,,,,,,METAR,488
"METAR KSVR 280135Z AUTO 20005KT 10SM BKN060 OVC070 05/04 A2996 RMK AO2",KSVR,2026-04-28T01:35:00.000Z,40.6196,-111.9902,5,4,200,5,,10+,29.96,,,TRUE,TRUE,,,,,,,BKN,6000,OVC,7000,,,,,VFR,,,,,,,,,,,,METAR,1404
"METAR KOIN 280135Z AUTO 02013G19KT 10SM CLR 10/02 A2997 RMK AO2",KOIN,2026-04-28T01:35:00.000Z,39.8298,-100.5377,10,2,20,13,19,10+,29.97,,,TRUE,TRUE,,,,,,,,,,,,,,,VFR,,,,,,,,,,,,METAR,810
"METAR KDKR 280135Z AUTO 15008KT 10SM SCT050 27/24 A2983 RMK AO2",KDKR,2026-04-28T01:35:00.000Z,31.3097,-95.4039,27,24,150,8,,10+,29.83,,,TRUE,TRUE,,,,,,,SCT,5000,,,,,,,VFR,,,,,,,,,,,,METAR,105
"METAR KOLZ 280135Z AUTO 29022G29KT 10SM OVC019 12/10 A2961 RMK A01",KOLZ,2026-04-28T01:35:00.000Z,42.6831,-91.9760,12,10,290,22,29,10+,29.61,,,TRUE,TRUE,,,,,,,OVC,1900,,,,,,,MVFR,,,,,,,,,,,,METAR,328
"METAR KOOA 280135Z AUTO 30025G31KT 10SM BKN019 BKN050 BKN070 15/10 A2971 RMK AO2 T01450101",KOOA,2026-04-28T01:35:00.000Z,41.2273,-92.4919,14.5,10.1,300,25,31,10+,29.71,,,TRUE,TRUE,,,,,,,BKN,1900,BKN,5000,BKN,7000,,,MVFR,,,,,,,,,,,,METAR,256
"METAR KDMW 280135Z AUTO 14004KT 10SM CLR 16/06 A3022 RMK AO2",KDMW,2026-04-28T01:35:00.000Z,39.6100,-77.0070,16,6,140,4,,10+,30.22,,,TRUE,TRUE,,,,,,,,,,,,,,,VFR,,,,,,,,,,,,METAR,239
"METAR KLYO 280135Z AUTO 02006KT 10SM CLR 14/08 A2992 RMK AO2 T01430080",KLYO,2026-04-28T01:35:00.000Z,38.3430,-98.2266,14.3,8,20,6,,10+,29.92,,,TRUE,TRUE,,,,,,,,,,,,,,,VFR,,,,,,,,,,,,METAR,515
"METAR KBEA 280135Z AUTO 14010KT 10SM CLR 27/22 A2980 RMK AO2 T02650218",KBEA,2026-04-28T01:35:00.000Z,28.3692,-97.7953,26.5,21.8,140,10,,10+,29.80,,,TRUE,TRUE,,,,,,,,,,,,,,,VFR,,,,,,,,,,,,METAR,83
"METAR KHAI 280135Z AUTO 18011G15KT 10SM OVC075 18/15 A2969 RMK AO2",KHAI,2026-04-28T01:35:00.000Z,41.9591,-85.5933,18,15,180,11,15,10+,29.69,,,TRUE,TRUE,,,,,,,OVC,7500,,,,,,,VFR,,,,,,,,,,,,METAR,250
"METAR KGYI 280135Z AUTO 13005KT 10SM CLR 25/18 A2979 RMK AO2 RAE0100 P0000 T02470177 $",KGYI,2026-04-28T01:35:00.000Z,33.7231,-96.6714,24.7,17.7,130,5,,10+,29.79,,,TRUE,TRUE,TRUE,,,,,,,,,,,,,,VFR,,,,,,0.005,,,,,,METAR,227
"METAR KORG 280135Z AUTO 18006KT 10SM SCT014 OVC025 26/23 A2994 RMK AO2 T02550227 PWINO",KORG,2026-04-28T01:35:00.000Z,30.0680,-93.8043,25.5,22.7,180,6,,10+,29.94,,,TRUE,TRUE,,,,,TRUE,,SCT,1400,OVC,2500,,,,,MVFR,,,,,,,,,,,,METAR,2
"METAR K2V5 280135Z AUTO 03009KT 10SM SCT110 08/00 A2999 RMK AO2",K2V5,2026-04-28T01:35:00.000Z,40.1000,-102.2410,8,0,30,9,,10+,29.99,,,TRUE,TRUE,,,,,,,SCT,11000,,,,,,,VFR,,,,,,,,,,,,METAR,1117
"METAR KGWW 280135Z AUTO 00000KT 10SM CLR 13/08 A3025 RMK AO2 T01310076",KGWW,2026-04-28T01:35:00.000Z,35.4637,-77.9604,13.1,7.6,0,0,,10+,30.25,,,TRUE,TRUE,,,,,,,,,,,,,,,VFR,,,,,,,,,,,,METAR,40
"METAR KOXI 280135Z AUTO 26014G21KT 1 3/4SM -RA BR SCT002 BKN018 OVC080 17/17 A2979 RMK AO2 PRESRR VIS 1V3",KOXI,2026-04-28T01:35:00.000Z,41.3275,-86.6650,17,17,260,14,21,1.75,29.79,,,TRUE,TRUE,,,,,,-RA BR,SCT,200,BKN,1800,OVC,8000,,,IFR,,,,,,,,,,,,METAR,208
"METAR KOZA 280135Z AUTO 18012KT 10SM CLR 30/18 A2984 RMK AO2",KOZA,2026-04-28T01:35:00.000Z,30.7312,-101.2033,30,18,180,12,,10+,29.84,,,TRUE,TRUE,,,,,,,,,,,,,,,VFR,,,,,,,,,,,,METAR,721
"METAR KGUL 280135Z AUTO 14011KT 6SM BR CLR 26/24 A2989 RMK A01",KGUL,2026-04-28T01:35:00.000Z,27.3039,-93.5383,26,24,140,11,,6,29.89,,,TRUE,TRUE,,,,,,BR,,,,,,,,,VFR,,,,,,,,,,,,METAR,20
"METAR K63S 280135Z AUTO 19006KT 10SM BKN090 OVC110 15/01 A2986 RMK A01",K63S,2026-04-28T01:35:00.000Z,48.5440,-117.8840,15,1,190,6,,10+,29.86,,,TRUE,TRUE,,,,,,,BKN,9000,OVC,11000,,,,,VFR,,,,,,,,,,,,METAR,571
"METAR KLUL 280135Z AUTO 19008KT 10SM CLR 25/18 A3000 RMK A02 T02520180",KLUL,2026-04-28T01:35:00.000Z,31.6682,-89.1705,25.2,18,190,8,,10+,30.00,,,TRUE,TRUE,,,,,,,,,,,,,,,VFR,,,,,,,,,,,,METAR,74
"METAR KPUJ 280135Z AUTO 14006KT 10SM BKN065 19/13 A3009 RMK AO2",KPUJ,2026-04-28T01:35:00.000Z,33.9085,-84.9369,19,13,140,6,,10+,30.09,,,TRUE,TRUE,,,,,,,BKN,6500,,,,,,,VFR,,,,,,,,,,,,METAR,385
"METAR K6E5 280135Z AUTO 33012KT 10SM FEW020 SCT028 BKN037 06/06 A2987 RMK AO2",K6E5,2026-04-28T01:35:00.000Z,44.4324,-97.5598,6,6,330,12,,10+,29.87,,,TRUE,TRUE,,,,,,,FEW,2000,SCT,2800,BKN,3700,,,VFR,,,,,,,,,,,,METAR,525
"METAR K6S0 280135Z AUTO 10009KT 10SM CLR 03/M03 A2995 RMK A01",K6S0,2026-04-28T01:35:00.000Z,45.8063,-109.9736,3,-3,100,9,,10+,29.95,,,TRUE,TRUE,,,,,,,,,,,,,,,VFR,,,,,,,,,,,,METAR,1364
"METAR KECU 280135Z AUTO 14007KT 8SM CLR 24/21 A2991 RMK AO2",KECU,2026-04-28T01:35:00.000Z,29.9480,-100.1736,24,21,140,7,,8,29.91,,,TRUE,TRUE,,,,,,,,,,,,,,,VFR,,,,,,,,,,,,METAR,725
"METAR KRBO 280135Z AUTO 14013KT 10SM SCT012 27/24 A2981 RMK AO2 T02700241 PWINO",KRBO,2026-04-28T01:35:00.000Z,27.7781,-97.6878,27,24.1,140,13,,10+,29.81,,,TRUE,TRUE,,,,,TRUE,,SCT,1200,,,,,,,VFR,,,,,,,,,,,,METAR,24
"METAR KRCR 280135Z AUTO 18017KT 9SM -RA FEW029 BKN055 OVC070 17/15 A2969 RMK AO2 LTG DSNT ALQDS",KRCR,2026-04-28T01:35:00.000Z,41.0651,-86.1864,17,15,180,17,,9,29.69,,,TRUE,TRUE,,,,,,-RA,FEW,2900,BKN,5500,OVC,7000,,,VFR,,,,,,,,,,,,METAR,240
"METAR KRCV 280135Z AUTO 24013G22KT 10SM CLR 09/M09 A2999 RMK AO2 T00911087",KRCV,2026-04-28T01:35:00.000Z,37.7092,-106.3549,9.1,-8.7,240,13,22,10+,29.99,,,TRUE,TRUE,,,,,,,,,,,,,,,VFR,,,,,,,,,,,,METAR,2418
"METAR KRDK 280135Z AUTO 32014G27KT 10SM OVC020 10/06 A2986 RMK AO2",KRDK,2026-04-28T01:35:00.000Z,41.0107,-95.2622,10,6,320,14,27,10+,29.86,,,TRUE,TRUE,,,,,,,OVC,2000,,,,,,,MVFR,,,,,,,,,,,,METAR,317
"METAR KRGA 280135Z AUTO 19015G20KT 10SM BKN075 24/08 A2988 RMK AO2",KRGA,2026-04-28T01:35:00.000Z,37.6305,-84.3290,24,8,190,15,20,10+,29.88,,,TRUE,TRUE,,,,,,,BKN,7500,,,,,,,VFR,,,,,,,,,,,,METAR,301
"METAR KSNL 280135Z AUTO 01006KT 10SM CLR 22/14 A2981 RMK AO2 T02220138 TSNO",KSNL,2026-04-28T01:35:00.000Z,35.3611,-96.9445,22.2,13.8,10,6,,10+,29.81,,,TRUE,TRUE,,,TRUE,,,,,,,,,,,,VFR,,,,,,,,,,,,METAR,327
"METAR KGGI 280135Z AUTO 28023G33KT 10SM OVC017 12/06 A2970 RMK AO2 T01170056",KGGI,2026-04-28T01:35:00.000Z,41.7097,-92.7332,11.7,5.6,280,23,33,10+,29.70,,,TRUE,TRUE,,,,,,,OVC,1700,,,,,,,MVFR,,,,,,,,,,,,METAR,305
"METAR KSPA 280135Z AUTO 00000KT 10SM CLR 15/08 A3017 RMK AO2",KSPA,2026-04-28T01:35:00.000Z,34.9106,-81.9589,15,8,0,0,,10+,30.17,,,TRUE,TRUE,,,,,,,,,,,,,,,VFR,,,,,,,,,,,,METAR,242
"METAR KEGT 280135Z AUTO 36009KT 10SM CLR 18/10 A2988 RMK AO2 T01780099",KEGT,2026-04-28T01:35:00.000Z,37.3251,-97.3901,17.8,9.9,360,9,,10+,29.88,,,TRUE,TRUE,,,,,,,,,,,,,,,VFR,,,,,,,,,,,,METAR,387
"METAR KSUT 280135Z AUTO 05003KT 10SM SCT030 14/11 A3022 RMK AO2",KSUT,2026-04-28T01:35:00.000Z,33.9292,-78.0722,14,11,50,3,,10+,30.22,,,TRUE,TRUE,,,,,,,SCT,3000,,,,,,,VFR,,,,,,,,,,,,METAR,6
"METAR KSVC 280135Z AUTO 26008KT 10SM CLR 21/M14 A2997 RMK AO2 T02061142",KSVC,2026-04-28T01:35:00.000Z,32.6310,-108.1466,20.6,-14.2,260,8,,10+,29.97,,,TRUE,TRUE,,,,,,,,,,,,,,,VFR,,,,,,,,,,,,METAR,1638
"METAR KSVH 280135Z AUTO 09003KT 10SM CLR 14/09 A3019 RMK AO2 T01420086",KSVH,2026-04-28T01:35:00.000Z,35.7635,-80.9473,14.2,8.6,90,3,,10+,30.19,,,TRUE,TRUE,,,,,,,,,,,,,,,VFR,,,,,,,,,,,,METAR,286
"METAR KGZS 280135Z AUTO 17012G20KT 10SM BKN039 OVC045 25/19 A2993 RMK A01",KGZS,2026-04-28T01:35:00.000Z,35.1532,-87.0543,25,19,170,12,20,10+,29.93,,,TRUE,TRUE,,,,,,,BKN,3900,OVC,4500,,,,,VFR,,,,,,,,,,,,METAR,198
"METAR KSXK 280135Z AUTO 33023G30KT 10SM BKN015 OVC021 07/05 A2982 RMK AO2",KSXK,2026-04-28T01:35:00.000Z,42.9895,-96.1645,7,5,330,23,30,10+,29.82,,,TRUE,TRUE,,,,,,,BKN,1500,OVC,2100,,,,,MVFR,,,,,,,,,,,,METAR,430
"METAR KSXU 280135Z AUTO 25009G14KT 10SM CLR 21/M10 A2986 RMK AO2",KSXU,2026-04-28T01:35:00.000Z,34.9355,-104.6366,21,-10,250,9,14,10+,29.86,,,TRUE,TRUE,,,,,,,,,,,,,,,VFR,,,,,,,,,,,,METAR,1465
"METAR KSYF 280135Z AUTO 06011KT 10SM CLR 10/M00 A2998 RMK AO2",KSYF,2026-04-28T01:35:00.000Z,39.7583,-101.7927,10,0,60,11,,10+,29.98,,,TRUE,TRUE,,,,,,,,,,,,,,,VFR,,,,,,,,,,,,METAR,1041
"METAR KSZT 280135Z AUTO 20004KT 10SM BKN120 13/00 A2988 RMK AO2",KSZT,2026-04-28T01:35:00.000Z,48.2945,-116.5675,13,0,200,4,,10+,29.88,,,TRUE,TRUE,,,,,,,BKN,12000,,,,,,,VFR,,,,,,,,,,,,METAR,649
"METAR KT35 280135Z AUTO 16007KT 10SM CLR 28/24 A2981 RMK AO2 T02750235",KT35,2026-04-28T01:35:00.000Z,30.8789,-96.9704,27.5,23.5,160,7,,10+,29.81,,,TRUE,TRUE,,,,,,,,,,,,,,,VFR,,,,,,,,,,,,METAR,122
"METAR KPWD 280135Z AUTO 36012G17KT 10SM CLR 02/M10 A3004 RMK AO2",KPWD,2026-04-28T01:35:00.000Z,48.7912,-104.5253,2,-10,360,12,17,10+,30.04,,,TRUE,TRUE,,,,,,,,,,,,,,,VFR,,,,,,,,,,,,METAR,690
"METAR KT41 280135Z AUTO 13008KT 10SM BKN015 OVC021 26/24 A2989 RMK AO2 T02590240",KT41,2026-04-28T01:35:00.000Z,29.6709,-95.0644,25.9,24,130,8,,10+,29.89,,,TRUE,TRUE,,,,,,,BKN,1500,OVC,2100,,,,,MVFR,,,,,,,,,,,,METAR,8
"METAR KHXD 280135Z AUTO VRB05G10KT 10SM OVC017 17/13 A3021 RMK AO2",KHXD,2026-04-28T01:35:00.000Z,32.2263,-80.6949,17,13,0,5,10,10+,30.21,,,TRUE,TRUE,,,,,,,OVC,1700,,,,,,,MVFR,,,,,,,,,,,,METAR,5
"METAR KEMM 280135Z AUTO 27007KT 10SM BKN036 02/M03 A2993 RMK AO2",KEMM,2026-04-28T01:35:00.000Z,41.8224,-110.5555,2,-3,270,7,,10+,29.93,,,TRUE,TRUE,,,,,,,BKN,3600,,,,,,,VFR,,,,,,,,,,,,METAR,2219
"METAR KFDW 280135Z AUTO 13003KT 10SM CLR 16/10 A3019 RMK AO1",KFDW,2026-04-28T01:35:00.000Z,34.3151,-81.1119,16,10,130,3,,10+,30.19,,,TRUE,TRUE,,,,,,,,,,,,,,,VFR,,,,,,,,,,,,METAR,174
"METAR KGYH 280135Z AUTO 12003KT 10SM CLR 18/09 A3018 RMK AO2",KGYH,2026-04-28T01:35:00.000Z,34.7630,-82.3750,18,9,120,3,,10+,30.18,,,TRUE,TRUE,,,,,,,,,,,,,,,VFR,,,,,,,,,,,,METAR,283
"METAR KAYS 280135Z AUTO 11004KT 10SM CLR 17/12 A3018 RMK AO2 T01720117",KAYS,2026-04-28T01:35:00.000Z,31.2466,-82.4014,17.2,11.7,110,4,,10+,30.18,,,TRUE,TRUE,,,,,,,,,,,,,,,VFR,,,,,,,,,,,,METAR,42
"METAR KFYM 280135Z AUTO 18012G19KT 10SM BKN044 BKN050 OVC060 24/17 A2997 RMK A01",KFYM,2026-04-28T01:35:00.000Z,35.0603,-86.5656,24,17,180,12,19,10+,29.97,,,TRUE,TRUE,,,,,,,BKN,4400,BKN,5000,OVC,6000,,,VFR,,,,,,,,,,,,METAR,297
"METAR KPGV 280135Z AUTO 09003KT 10SM CLR 13/06 A3025 RMK AO2",KPGV,2026-04-28T01:35:00.000Z,35.6374,-77.3851,13,6,90,3,,10+,30.25,,,TRUE,TRUE,,,,,,,,,,,,,,,VFR,,,,,,,,,,,,METAR,6
"METAR KF70 280135Z AUTO 22008KT 210V270 10SM CLR 17/04 A2999 RMK AO2",KF70,2026-04-28T01:35:00.000Z,33.5770,-117.1260,17,4,220,8,,10+,29.99,,,TRUE,TRUE,,,,,,,,,,,,,,,VFR,,,,,,,,,,,,METAR,406
"METAR KMRT 280135Z AUTO 16010KT 3SM -RA BR FEW075 16/16 A2997 RMK AO2",KMRT,2026-04-28T01:35:00.000Z,40.2237,-83.3474,16,16,160,10,,3,29.97,,,TRUE,TRUE,,,,,,-RA BR,FEW,7500,,,,,,,MVFR,,,,,,,,,,,,METAR,302
"METAR K5R8 280135Z AUTO 16008KT 10SM SCT021 OVC030 25/21 A2994 RMK AO2 T02500214",K5R8,2026-04-28T01:35:00.000Z,30.4368,-93.4696,25,21.4,160,8,,10+,29.94,,,TRUE,TRUE,,,,,,,SCT,2100,OVC,3000,,,,,MVFR,,,,,,,,,,,,METAR,26
"METAR KFXY 280135Z AUTO 29018G24KT 10SM OVC015 08/06 A2967 RMK AO2",KFXY,2026-04-28T01:35:00.000Z,43.2323,-93.6237,8,6,290,18,24,10+,29.67,,,TRUE,TRUE,,,,,,,OVC,1500,,,,,,,MVFR,,,,,,,,,,,,METAR,366
"METAR KFWC 280135Z AUTO 00000KT 10SM BKN037 BKN047 19/18 A2971 RMK AO2 LTG DSNT W THRU N T01900179",KFWC,2026-04-28T01:35:00.000Z,38.3796,-88.4135,19,17.9,0,0,,10+,29.71,,,TRUE,TRUE,,,,,,,BKN,3700,BKN,4700,,,,,VFR,,,,,,,,,,,,METAR,131
"METAR KEOK 280135Z AUTO 29012G23KT 10SM BKN031 OVC036 18/14 A2968 RMK A01",KEOK,2026-04-28T01:35:00.000Z,40.4615,-91.4274,18,14,290,12,23,10+,29.68,,,TRUE,TRUE,,,,,,,BKN,3100,OVC,3600,,,,,VFR,,,,,,,,,,,,METAR,206
"METAR KGCY 280135Z AUTO 16008G14KT 130V190 10SM CLR 19/09 A3005 RMK A01",KGCY,2026-04-28T01:35:00.000Z,36.1924,-82.8135,19,9,160,8,14,10+,30.05,,,TRUE,TRUE,,,,,,,,,,,,,,,VFR,,,,,,,,,,,,METAR,488
"METAR K0R4 280135Z AUTO 16004KT 10SM CLR 25/19 A2997 RMK AO2 T02520186",K0R4,2026-04-28T01:35:00.000Z,31.5637,-91.5098,25.2,18.6,160,4,,10+,29.97,,,TRUE,TRUE,,,,,,,,,,,,,,,VFR,,,,,,,,,,,,METAR,16
"METAR KEDU 280135Z AUTO 21005KT 10SM 18/08 A3001 RMK AO1",KEDU,2026-04-28T01:35:00.000Z,38.5301,-121.7883,18,8,210,5,,10+,30.01,,,TRUE,TRUE,,,,,,,,,,,,,,,VFR,,,,,,,,,,,,METAR,20
"METAR KF46 280135Z AUTO 15010G25KT 1 3/4SM TSRA SCT014 BKN020 OVC028 20/19 A2982 RMK AO2 VIS 1 1/4V4 LTG DSNT ALQS P0076 T01960191",KF46,2026-04-28T01:35:00.000Z,32.9322,-96.4349,19.6,19.1,150,10,25,1.75,29.82,,,TRUE,TRUE,,,,,,TSRA,SCT,1400,BKN,2000,OVC,2800,,,IFR,,,,,,0.76,,,,,,METAR,175
"METAR K1V6 280135Z AUTO 06012KT 10SM BKN090 BKN110 14/01 A2987 RMK AO1",K1V6,2026-04-28T01:35:00.000Z,38.4256,-105.1048,14,1,60,12,,10+,29.87,,,TRUE,TRUE,,,,,,,BKN,9000,BKN,11000,,,,,VFR,,,,,,,,,,,,METAR,1658
"METAR KCLI 280135Z AUTO 16007KT 7SM BR OVC006 13/12 A2951 RMK AO2 LTG DSNT SW T01280120",KCLI,2026-04-28T01:35:00.000Z,44.6152,-88.7313,12.8,12,160,7,,7,29.51,,,TRUE,TRUE,,,,,,BR,OVC,600,,,,,,,IFR,,,,,,,,,,,,METAR,248
"METAR KF44 280135Z AUTO 00000KT 5SM HZ CLR 27/23 A2980 RMK AO2",KF44,2026-04-28T01:35:00.000Z,32.1650,-95.8290,27,23,0,0,,5,29.80,,,TRUE,TRUE,,,,,,HZ,,,,,,,,,MVFR,,,,,,,,,,,,METAR,137
"METAR K3AU 280135Z AUTO 35009KT 10SM CLR 16/07 A2990 RMK AO2",K3AU,2026-04-28T01:35:00.000Z,37.6729,-97.0792,16,7,350,9,,10+,29.90,,,TRUE,TRUE,,,,,,,,,,,,,,,VFR,,,,,,,,,,,,METAR,403
"METAR K5C1 280135Z AUTO 14003KT 7SM BKN031 26/22 A2984 RMK AO1",K5C1,2026-04-28T01:35:00.000Z,29.7267,-98.6964,26,22,140,3,,7,29.84,,,TRUE,TRUE,,,,,,,BKN,3100,,,,,,,VFR,,,,,,,,,,,,METAR,422
"METAR KF05 280135Z AUTO 00000KT 10SM CLR 27/00 A2978 RMK AO2 T02731004",KF05,2026-04-28T01:35:00.000Z,34.2283,-99.2834,27.3,-0.4,0,0,,10+,29.78,,,TRUE,TRUE,,,,,,,,,,,,,,,VFR,,,,,,,,,,,,METAR,384
"METAR K6I2 280135Z AUTO 17010G24KT 10SM CLR 25/14 A2984 RMK AO2",K6I2,2026-04-28T01:35:00.000Z,37.6352,-85.2418,25,14,170,10,24,10+,29.84,,,TRUE,TRUE,,,,,,,,,,,,,,,VFR,,,,,,,,,,,,METAR,258
"METAR K9V9 280135Z AUTO 33008KT 10SM BKN026 OVC060 06/06 A3001 RMK AO2 T00560055",K9V9,2026-04-28T01:35:00.000Z,43.7653,-99.3163,5.6,5.5,330,8,,10+,30.01,,,TRUE,TRUE,,,,,,,BKN,2600,OVC,6000,,,,,MVFR,,,,,,,,,,,,METAR,511
"METAR KHMZ 280135Z AUTO 14004KT 10SM CLR 15/04 A3017 RMK AO2 T01490041",KHMZ,2026-04-28T01:35:00.000Z,40.0863,-78.5167,14.9,4.1,140,4,,10+,30.17,,,TRUE,TRUE,,,,,,,,,,,,,,,VFR,,,,,,,,,,,,METAR,351
"METAR KADT 280135Z AUTO 03012KT 10SM CLR 10/00 A3004 RMK AO2 T00960004",KADT,2026-04-28T01:35:00.000Z,39.8401,-101.0448,9.6,0.4,30,12,,10+,30.04,,,TRUE,TRUE,,,,,,,,,,,,,,,VFR,,,,,,,,,,,,METAR,899
"METAR KFET 280135Z AUTO 31016G22KT 10SM OVC023 08/04 A2990 RMK AO2 T00780040",KFET,2026-04-28T01:35:00.000Z,41.4489,-96.5237,7.8,4,310,16,22,10+,29.90,,,TRUE,TRUE,,,,,,,OVC,2300,,,,,,,MVFR,,,,,,,,,,,,METAR,366
"METAR KFOM 280135Z AUTO 33011KT 10SM BKN039 OVC045 09/04 A2996 RMK AO2",KFOM,2026-04-28T01:35:00.000Z,38.9618,-112.3600,9,4,330,11,,10+,29.96,,,TRUE,TRUE,,,,,,,BKN,3900,OVC,4500,,,,,VFR,,,,,,,,,,,,METAR,1519
"METAR KBEC 280135Z AUTO 36010KT 10SM CLR 16/09 A2990 RMK AO2 T01640088",KBEC,2026-04-28T01:35:00.000Z,37.6940,-97.2150,16.4,8.8,360,10,,10+,29.90,,,TRUE,TRUE,,,,,,,,,,,,,,,VFR,,,,,,,,,,,,METAR,421
"METAR KCCO 280135Z AUTO 12007KT 10SM CLR 19/12 A3012 RMK AO2 T01940122",KCCO,2026-04-28T01:35:00.000Z,33.3107,-84.7713,19.4,12.2,120,7,,10+,30.12,,,TRUE,TRUE,,,,,,,,,,,,,,,VFR,,,,,,,,,,,,METAR,290
"METAR KSPK 280135Z AUTO 00000KT 10SM BKN013 BKN017 OVC050 05/04 A2997 RMK AO2",KSPK,2026-04-28T01:35:00.000Z,40.1497,-111.6770,5,4,0,0,,10+,29.97,,,TRUE,TRUE,,,,,,,BKN,1300,BKN,1700,OVC,5000,,,MVFR,,,,,,,,,,,,METAR,1381
"METAR KTVY 280135Z AUTO 21006KT 7SM HZ BKN095 BKN110 08/01 A2993 RMK AO2",KTVY,2026-04-28T01:35:00.000Z,40.6127,-112.3537,8,1,210,6,,7,29.93,,,TRUE,TRUE,,,,,,HZ,BKN,9500,BKN,11000,,,,,VFR,,,,,,,,,,,,METAR,1310
"METAR KDUX 280135Z AUTO 09017KT 10SM CLR 20/03 A2984 RMK AO2",KDUX,2026-04-28T01:35:00.000Z,35.8608,-102.0095,20,3,90,17,,10+,29.84,,,TRUE,TRUE,,,,,,,,,,,,,,,VFR,,,,,,,,,,,,METAR,1129
"METAR KFQD 280135Z AUTO 00000KT 10SM CLR 15/10 A3019 RMK AO2",KFQD,2026-04-28T01:35:00.000Z,35.4300,-81.9360,15,10,0,0,,10+,30.19,,,TRUE,TRUE,,,,,,,,,,,,,,,VFR,,,,,,,,,,,,METAR,325
"METAR KGNC 280135Z AUTO 22007KT 10SM CLR 27/M06 A2990 RMK AO2 T02681057",KGNC,2026-04-28T01:35:00.000Z,32.6780,-102.6500,26.8,-5.7,220,7,,10+,29.90,,,TRUE,TRUE,,,,,,,,,,,,,,,VFR,,,,,,,,,,,,METAR,1002
"METAR KGWB 280135Z AUTO VRB05G18KT 7SM VCTS RA BR FEW020 FEW050 BKN090 17/16 A2971 RMK AO2 LTG DSNT NE AND E",KGWB,2026-04-28T01:35:00.000Z,41.3061,-85.0585,17,16,0,5,18,7,29.71,,,TRUE,TRUE,,,,,,VCTS RA BR,FEW,2000,FEW,5000,BKN,9000,,,VFR,,,,,,,,,,,,METAR,268
"METAR KHHG 280135Z AUTO 17009G15KT 10SM SCT065 BKN095 18/13 A2975 RMK AO2 LTG DSNT ALQS P0002 T01760127",KHHG,2026-04-28T01:35:00.000Z,40.8543,-85.4543,17.6,12.7,170,9,15,10+,29.75,,,TRUE,TRUE,,,,,,,SCT,6500,BKN,9500,,,,,VFR,,,,,,0.02,,,,,,METAR,247
"METAR KTVI 280135Z AUTO 09004KT 10SM CLR 21/13 A3013 RMK AO2",KTVI,2026-04-28T01:35:00.000Z,30.9026,-83.8826,21,13,90,4,,10+,30.13,,,TRUE,TRUE,,,,,,,,,,,,,,,VFR,,,,,,,,,,,,METAR,74
"METAR KHNZ 280135Z AUTO 11004KT 10SM CLR 12/05 A3023 RMK AO2 T01220045",KHNZ,2026-04-28T01:35:00.000Z,36.3635,-78.5289,12.2,4.5,110,4,,10+,30.23,,,TRUE,TRUE,,,,,,,,,,,,,,,VFR,,,,,,,,,,,,METAR,158
"METAR KEBS 280135Z AUTO 30018KT 10SM BKN017 OVC022 09/08 A2972 RMK AO2",KEBS,2026-04-28T01:35:00.000Z,42.4372,-93.8725,9,8,300,18,,10+,29.72,,,TRUE,TRUE,,,,,,,BKN,1700,OVC,2200,,,,,MVFR,,,,,,,,,,,,METAR,340
"METAR KM30 280135Z AUTO 17012G19KT 10SM SCT039 SCT049 BKN055 26/20 A2974 RMK AO2 T02630203",KM30,2026-04-28T01:35:00.000Z,37.1824,-88.7487,26.3,20.3,170,12,19,10+,29.74,,,TRUE,TRUE,,,,,,,SCT,3900,SCT,4900,BKN,5500,,,VFR,,,,,,,,,,,,METAR,116
"METAR KDTA 280135Z AUTO 00000KT 10SM SCT033 SCT038 BKN046 07/01 A2996 RMK AO1",KDTA,2026-04-28T01:35:00.000Z,39.3879,-112.5041,7,1,0,0,,10+,29.96,,,TRUE,TRUE,,,,,,,SCT,3300,SCT,3800,BKN,4600,,,VFR,,,,,,,,,,,,METAR,1452
"METAR KMDZ 280135Z AUTO 16008KT 2SM OVC003 12/11 A2945 RMK AO2 LTG DSNT S P0001 T01180113 PWINO",KMDZ,2026-04-28T01:35:00.000Z,45.1013,-90.3064,11.8,11.3,160,8,,2,29.45,,,TRUE,TRUE,,,,,TRUE,,OVC,300,,,,,,,LIFR,,,,,,0.01,,,,,,METAR,446
"METAR KD95 280135Z AUTO 15009KT 10SM CLR 17/06 A2980 RMK AO2",KD95,2026-04-28T01:35:00.000Z,43.0675,-83.2702,17,6,150,9,,10+,29.80,,,TRUE,TRUE,,,,,,,,,,,,,,,VFR,,,,,,,,,,,,METAR,253
"METAR KD39 280135Z AUTO 31016G25KT 10SM OVC015 05/05 A2969 RMK AO2 T00480048",KD39,2026-04-28T01:35:00.000Z,45.7056,-94.9309,4.8,4.8,310,16,25,10+,29.69,,,TRUE,TRUE,,,,,,,OVC,1500,,,,,,,MVFR,,,,,,,,,,,,METAR,378
"METAR KCTJ 280135Z AUTO 13007KT 10SM CLR 19/13 A3013 RMK AO2 T01940125",KCTJ,2026-04-28T01:35:00.000Z,33.6313,-85.1538,19.4,12.5,130,7,,10+,30.13,,,TRUE,TRUE,,,,,,,,,,,,,,,VFR,,,,,,,,,,,,METAR,351
"METAR KMGC 280135Z AUTO 21012G18KT 10SM RA SCT065 OVC090 16/15 A2975 RMK AO2",KMGC,2026-04-28T01:35:00.000Z,41.7048,-86.8183,16,15,210,12,18,10+,29.75,,,TRUE,TRUE,,,,,,RA,SCT,6500,OVC,9000,,,,,VFR,,,,,,,,,,,,METAR,199
"METAR KCQW 280135Z AUTO 16004KT 10SM CLR 16/08 A3020 RMK AO2",KCQW,2026-04-28T01:35:00.000Z,34.7128,-79.9622,16,8,160,4,,10+,30.20,,,TRUE,TRUE,,,,,,,,,,,,,,,VFR,,,,,,,,,,,,METAR,67
"METAR KMNZ 280135Z AUTO 15009KT 6SM HZ CLR 27/24 A2981 RMK AO2 LTG DSNT W AND NW",KMNZ,2026-04-28T01:35:00.000Z,31.6697,-98.1462,27,24,150,9,,6,29.81,,,TRUE,TRUE,,,,,,HZ,,,,,,,,,VFR,,,,,,,,,,,,METAR,397
"METAR KDRM 280135Z AUTO 14010G18KT 10SM BKN065 OVC100 13/02 A2978 RMK AO2 T01330017",KDRM,2026-04-28T01:35:00.000Z,46.0090,-83.7430,13.3,1.7,140,10,18,10+,29.78,,,TRUE,TRUE,,,,,,,BKN,6500,OVC,10000,,,,,VFR,,,,,,,,,,,,METAR,201
"METAR KMUT 280135Z AUTO 29017G26KT 10SM BKN027 OVC034 17/12 A2967 RMK A01",KMUT,2026-04-28T01:35:00.000Z,41.3670,-91.1406,17,12,290,17,26,10+,29.67,,,TRUE,TRUE,,,,,,,BKN,2700,OVC,3400,,,,,MVFR,,,,,,,,,,,,METAR,166
"METAR KMWK 280135Z AUTO 10006KT 10SM CLR 16/07 A3021 RMK AO2",KMWK,2026-04-28T01:35:00.000Z,36.4568,-80.5549,16,7,100,6,,10+,30.21,,,TRUE,TRUE,,,,,,,,,,,,,,,VFR,,,,,,,,,,,,METAR,374
"METAR KCQF 280135Z AUTO 10005KT 10SM BKN009 22/20 A3005 RMK AO2",KCQF,2026-04-28T01:35:00.000Z,30.4618,-87.8749,22,20,100,5,,10+,30.05,,,TRUE,TRUE,,,,,,,BKN,900,,,,,,,IFR,,,,,,,,,,,,METAR,21
"METAR KMXO 280135Z AUTO 28017G28KT 10SM OVC017 15/14 A2960 RMK AO2",KMXO,2026-04-28T01:35:00.000Z,42.2203,-91.1604,15,14,280,17,28,10+,29.60,,,TRUE,TRUE,,,,,,,OVC,1700,,,,,,,MVFR,,,,,,,,,,,,METAR,251
"METAR KTMA 280135Z AUTO VRB04KT 10SM CLR 20/14 A3015 RMK AO2 T02010139 $",KTMA,2026-04-28T01:35:00.000Z,31.4229,-83.4859,20.1,13.9,0,4,,10+,30.15,,,TRUE,TRUE,TRUE,,,,,,,,,,,,,,VFR,,,,,,,,,,,,METAR,105
"METAR KMYZ 280135Z AUTO 32014G19KT 10SM OVC030 11/04 A2993 RMK AO2",KMYZ,2026-04-28T01:35:00.000Z,39.8544,-96.6279,11,4,320,14,19,10+,29.93,,,TRUE,TRUE,,,,,,,OVC,3000,,,,,,,MVFR,,,,,,,,,,,,METAR,388
"METAR KHRX 280135Z AUTO 23006KT 10SM CLR 24/M11 A2987 RMK AO2 T02371115 TSNO",KHRX,2026-04-28T01:35:00.000Z,34.8628,-102.3200,23.7,-11.5,230,6,,10+,29.87,,,TRUE,TRUE,,,TRUE,,,,,,,,,,,,VFR,,,,,,,,,,,,METAR,1153
"METAR KT69 280135Z AUTO 3SM BR BKN001 OVC010 26/26 A2982 RMK A01",KT69,2026-04-28T01:35:00.000Z,28.0418,-97.5410,26,26,,,,3,29.82,,,TRUE,TRUE,,,,,,BR,BKN,100,OVC,1000,,,,,LIFR,,,,,,,,,,,,METAR,15
"METAR KK83 280135Z AUTO 32010KT 10SM OVC025 12/07 A2990 RMK AO2 P0001 T01180066",KK83,2026-04-28T01:35:00.000Z,39.9053,-95.7747,11.8,6.6,320,10,,10+,29.90,,,TRUE,TRUE,,,,,,,OVC,2500,,,,,,,MVFR,,,,,,0.01,,,,,,METAR,405
"METAR KSRR 280135Z AUTO 23018G26KT 10SM 17/M14 A3003 RMK AO2",KSRR,2026-04-28T01:35:00.000Z,33.4667,-105.5278,17,-14,230,18,26,10+,30.03,,,TRUE,TRUE,,,,,,,,,,,,,,,VFR,,,,,,,,,,,,METAR,2063
"METAR KOKM 280135Z AUTO 34003KT 10SM CLR 23/13 A2980 RMK AO2 T02290134",KOKM,2026-04-28T01:35:00.000Z,35.6713,-95.9514,22.9,13.4,340,3,,10+,29.80,,,TRUE,TRUE,,,,,,,,,,,,,,,VFR,,,,,,,,,,,,METAR,215
"METAR KRHP 280135Z AUTO 19004KT 10SM CLR 17/10 A3015 RMK AO2 T01650095",KRHP,2026-04-28T01:35:00.000Z,35.1939,-83.8618,16.5,9.5,190,4,,10+,30.15,,,TRUE,TRUE,,,,,,,,,,,,,,,VFR,,,,,,,,,,,,METAR,515
"METAR KSJX 280135Z AUTO 12012G18KT 10SM OVC060 16/04 A2960 RMK AO2",KSJX,2026-04-28T01:35:00.000Z,45.6928,-85.5662,16,4,120,12,18,10+,29.60,,,TRUE,TRUE,,,,,,,OVC,6000,,,,,,,VFR,,,,,,,,,,,,METAR,202
"METAR KSLR 280135Z AUTO 27011KT 5SM VCTS SCT032 SCT048 BKN065 28/23 A2987 RMK AO2 LTG DSNT ALQS T02790232",KSLR,2026-04-28T01:35:00.000Z,33.1615,-95.6189,27.9,23.2,270,11,,5,29.87,,,TRUE,TRUE,,,,,,VCTS,SCT,3200,SCT,4800,BKN,6500,,,MVFR,,,,,,,,,,,,METAR,144
"METAR KRUG 280135Z AUTO 34009KT 10SM CLR 05/M07 A2996 RMK AO2",KRUG,2026-04-28T01:35:00.000Z,48.3890,-100.0250,5,-7,340,9,,10+,29.96,,,TRUE,TRUE,,,,,,,,,,,,,,,VFR,,,,,,,,,,,,METAR,469
"METAR KUKL 280135Z AUTO 34011KT 10SM CLR 15/11 A2988 RMK AO2 T01500106",KUKL,2026-04-28T01:35:00.000Z,38.3041,-95.7217,15,10.6,340,11,,10+,29.88,,,TRUE,TRUE,,,,,,,,,,,,,,,VFR,,,,,,,,,,,,METAR,357
"METAR KRSN 280135Z AUTO 17004KT 7SM CLR 26/22 A2987 RMK AO2 T02600219 $",KRSN,2026-04-28T01:35:00.000Z,32.5159,-92.5899,26,21.9,170,4,,7,29.87,,,TRUE,TRUE,TRUE,,,,,,,,,,,,,,VFR,,,,,,,,,,,,METAR,86
"METAR KSBS 280135Z AUTO 06003KT 10SM SCT016 BKN034 OVC060 02/01 A2994 RMK AO1 T00200009",KSBS,2026-04-28T01:35:00.000Z,40.5153,-106.8677,2,0.9,60,3,,10+,29.94,,,TRUE,TRUE,,,,,,,SCT,1600,BKN,3400,OVC,6000,,,VFR,,,,,,,,,,,,METAR,2097
"METAR KGKT 280135Z AUTO 21004KT 10SM CLR 21/07 A3001 RMK A01",KGKT,2026-04-28T01:35:00.000Z,35.8568,-83.5333,21,7,210,4,,10+,30.01,,,TRUE,TRUE,,,,,,,,,,,,,,,VFR,,,,,,,,,,,,METAR,305
"METAR KMLJ 280135Z AUTO VRB04KT 10SM CLR 20/10 A3014 RMK AO2",KMLJ,2026-04-28T01:35:00.000Z,33.1530,-83.2420,20,10,0,4,,10+,30.14,,,TRUE,TRUE,,,,,,,,,,,,,,,VFR,,,,,,,,,,,,METAR,115
"METAR K2R9 280135Z AUTO 14012KT 7SM CLR 28/23 A2980 RMK AO2",K2R9,2026-04-28T01:35:00.000Z,28.8267,-97.8676,28,23,140,12,,7,29.80,,,TRUE,TRUE,,,,,,,,,,,,,,,VFR,,,,,,,,,,,,METAR,88
"METAR K33N 280135Z AUTO 13005G11KT 10SM 11/05 A3027 RMK A01",K33N,2026-04-28T01:35:00.000Z,39.2180,-75.5970,11,5,130,5,11,10+,30.27,,,TRUE,TRUE,,,,,,,,,,,,,,,VFR,,,,,,,,,,,,METAR,17
"METAR K3F3 280135Z AUTO 15015KT 10SM CLR 27/22 A2989 RMK AO2 T02700218",K3F3,2026-04-28T01:35:00.000Z,32.0718,-93.7640,27,21.8,150,15,,10+,29.89,,,TRUE,TRUE,,,,,,,,,,,,,,,VFR,,,,,,,,,,,,METAR,96
"METAR K3J1 280135Z AUTO 07004KT 10SM OVC023 16/12 A3020 RMK AO2",K3J1,2026-04-28T01:35:00.000Z,32.4969,-80.9947,16,12,70,4,,10+,30.20,,,TRUE,TRUE,,,,,,,OVC,2300,,,,,,,MVFR,,,,,,,,,,,,METAR,79
"METAR KHZD 280135Z AUTO 20013G19KT 10SM BKN046 OVC055 27/19 A2979 RMK A01",KHZD,2026-04-28T01:35:00.000Z,36.0889,-88.4654,27,19,200,13,19,10+,29.79,,,TRUE,TRUE,,,,,,,BKN,4600,OVC,5500,,,,,VFR,,,,,,,,,,,,METAR,147
"METAR KRRT 280135Z AUTO 02005KT 10SM OVC070 06/03 A2980 RMK AO2",KRRT,2026-04-28T01:35:00.000Z,48.9318,-95.3405,6,3,20,5,,10+,29.80,,,TRUE,TRUE,,,,,,,OVC,7000,,,,,,,VFR,,,,,,,,,,,,METAR,327
"METAR KRPH 280135Z AUTO 13004KT 5SM HZ CLR 26/12 A2976 RMK AO2 RAE0058 P0000 T02560118",KRPH,2026-04-28T01:35:00.000Z,33.1095,-98.5537,25.6,11.8,130,4,,5,29.76,,,TRUE,TRUE,,,,,,HZ,,,,,,,,,MVFR,,,,,,0.005,,,,,,METAR,341
"METAR KROX 280135Z AUTO 34013KT 10SM SCT050 08/00 A2979 RMK AO2 T00780004",KROX,2026-04-28T01:35:00.000Z,48.8560,-95.6949,7.8,0.4,340,13,,10+,29.79,,,TRUE,TRUE,,,,,,,SCT,5000,,,,,,,VFR,,,,,,,,,,,,METAR,320
"METAR KPSK 280135Z AUTO 12007KT 10SM CLR 15/05 A3019 RMK AO2 T01450053",KPSK,2026-04-28T01:35:00.000Z,37.1337,-80.6789,14.5,5.3,120,7,,10+,30.19,,,TRUE,TRUE,,,,,,,,,,,,,,,VFR,,,,,,,,,,,,METAR,629
"METAR KPQN 280135Z AUTO 34014G22KT 10SM OVC009 05/05 A2981 RMK AO2 CIG 008V011 T00530053",KPQN,2026-04-28T01:35:00.000Z,43.9854,-96.2977,5.3,5.3,340,14,22,10+,29.81,,,TRUE,TRUE,,,,,,,OVC,900,,,,,,,IFR,,,,,,,,,,,,METAR,529
"METAR KPNM 280135Z AUTO 32013G19KT 3SM -RA BR OVC012 07/06 A2960 RMK AO2 CIG 009V017 P0003 T00680062",KPNM,2026-04-28T01:35:00.000Z,45.5560,-93.6080,6.8,6.2,320,13,19,3,29.60,,,TRUE,TRUE,,,,,,-RA BR,OVC,1200,,,,,,,MVFR,,,,,,0.03,,,,,,METAR,298
"METAR KOGA 280135Z AUTO 05007KT 10SM OVC030 06/00 A3002 RMK AO2 T00600000",KOGA,2026-04-28T01:35:00.000Z,41.1164,-101.7679,6,0,50,7,,10+,30.02,,,TRUE,TRUE,,,,,,,OVC,3000,,,,,,,MVFR,,,,,,,,,,,,METAR,991
"METAR KPLU 280135Z AUTO 25005KT 10SM BKN026 BKN034 OVC042 13/08 A3007 RMK AO2",KPLU,2026-04-28T01:35:00.000Z,47.1005,-122.2853,13,8,250,5,,10+,30.07,,,TRUE,TRUE,,,,,,,BKN,2600,BKN,3400,OVC,4200,,,MVFR,,,,,,,,,,,,METAR,164
"METAR KPLR 280135Z AUTO 10SM OVC070 23/18 A3003 RMK A01",KPLR,2026-04-28T01:35:00.000Z,33.5608,-86.2463,23,18,,,,10+,30.03,,,TRUE,TRUE,,,,,,,OVC,7000,,,,,,,VFR,,,,,,,,,,,,METAR,145
"METAR KPLD 280135Z AUTO 15022G31KT 10SM BKN110 18/10 A2974 RMK AO2 T01800095",KPLD,2026-04-28T01:35:00.000Z,40.4532,-84.9848,18,9.5,150,22,31,10+,29.74,,,TRUE,TRUE,,,,,,,BKN,11000,,,,,,,VFR,,,,,,,,,,,,METAR,282
"METAR KONL 280135Z AUTO 33015G18KT 10SM OVC018 05/02 A2997 RMK AO2 T00520024",KONL,2026-04-28T01:35:00.000Z,42.4691,-98.6903,5.2,2.4,330,15,18,10+,29.97,,,TRUE,TRUE,,,,,,,OVC,1800,,,,,,,MVFR,,,,,,,,,,,,METAR,619
"METAR KOZS 280135Z AUTO 30007KT 10SM SCT029 BKN035 BKN043 21/16 A2977 RMK AO2",KOZS,2026-04-28T01:35:00.000Z,37.9745,-92.6897,21,16,300,7,,10+,29.77,,,TRUE,TRUE,,,,,,,SCT,2900,BKN,3500,BKN,4300,,,VFR,,,,,,,,,,,,METAR,321
"METAR KOWA 280135Z AUTO 30016KT 10SM OVC008 08/08 A2960 RMK AO2 CIG 007V011 T00830079",KOWA,2026-04-28T01:35:00.000Z,44.1191,-93.2569,8.3,7.9,300,16,,10+,29.60,,,TRUE,TRUE,,,,,,,OVC,800,,,,,,,IFR,,,,,,,,,,,,METAR,345
"METAR KS52 280135Z AUTO 33016KT 10SM SCT060 SCT075 SCT120 17/M02 A2987 RMK AO2 T01721016",KS52,2026-04-28T01:35:00.000Z,48.4282,-120.1505,17.2,-1.6,330,16,,10+,29.87,,,TRUE,TRUE,,,,,,,SCT,6000,SCT,7500,SCT,12000,,,VFR,,,,,,,,,,,,METAR,517
"METAR KOSC 280135Z AUTO 16010KT 10SM OVC110 16/05 A2979 RMK AO2 PRESRR",KOSC,2026-04-28T01:35:00.000Z,44.4530,-83.3960,16,5,160,10,,10+,29.79,,,TRUE,TRUE,,,,,,,OVC,11000,,,,,,,VFR,,,,,,,,,,,,METAR,191
"METAR KORK 280135Z AUTO 20011G16KT 6SM HZ FEW021 BKN027 OVC032 26/23 A2980 RMK AO2",KORK,2026-04-28T01:35:00.000Z,34.8330,-92.2557,26,23,200,11,16,6,29.80,,,TRUE,TRUE,,,,,,HZ,FEW,2100,BKN,2700,OVC,3200,,,MVFR,,,,,,,,,,,,METAR,166
"METAR KORB 280135Z AUTO 33009G16KT 290V360 6SM -RA BR OVC006 04/04 A2959 RMK AO2 CIG 005V008 P0002 T00400039",KORB,2026-04-28T01:35:00.000Z,48.0171,-92.8538,4,3.9,330,9,16,6,29.59,,,TRUE,TRUE,,,,,,-RA BR,OVC,600,,,,,,,IFR,,,,,,0.02,,,,,,METAR,407
"METAR KOEL 280135Z AUTO 04008KT 10SM CLR 11/02 A2996 RMK AO1 T01110017",KOEL,2026-04-28T01:35:00.000Z,39.1139,-100.8190,11.1,1.7,40,8,,10+,29.96,,,TRUE,TRUE,,,,,,,,,,,,,,,VFR,,,,,,,,,,,,METAR,924
"METAR KNRN 280135Z AUTO 02011KT 10SM CLR 09/02 A2997 RMK AO2",KNRN,2026-04-28T01:35:00.000Z,39.8497,-99.8915,9,2,20,11,,10+,29.97,,,TRUE,TRUE,,,,,,,,,,,,,,,VFR,,,,,,,,,,,,METAR,726
"METAR KY51 280135Z AUTO 26013KT 10SM BKN017 OVC021 16/14 A2951 RMK AO1 T01590140",KY51,2026-04-28T01:35:00.000Z,43.5814,-90.8997,15.9,14,260,13,,10+,29.51,,,TRUE,TRUE,,,,,,,BKN,1700,OVC,2100,,,,,MVFR,,,,,,,,,,,,METAR,390
"METAR KY49 280135Z AUTO 32009G22KT 10SM -DZ OVC010 03/02 A2971 RMK AO2 T00310015",KY49,2026-04-28T01:35:00.000Z,47.1599,-94.6433,3.1,1.5,320,9,22,10+,29.71,,,TRUE,TRUE,,,,,,-DZ,OVC,1000,,,,,,,MVFR,,,,,,,,,,,,METAR,413
"METAR KCVB 280135Z AUTO 09006KT 5SM HZ SCT042 29/24 A2979 RMK AO2",KCVB,2026-04-28T01:35:00.000Z,29.3430,-98.8497,29,24,90,6,,5,29.79,,,TRUE,TRUE,,,,,,HZ,SCT,4200,,,,,,,MVFR,,,,,,,,,,,,METAR,234
"METAR KY31 280135Z AUTO 10005G14KT 10SM BKN090 OVC120 16/06 A2973 RMK AO2 T01600056",KY31,2026-04-28T01:35:00.000Z,44.2434,-84.1800,16,5.6,100,5,14,10+,29.73,,,TRUE,TRUE,,,,,,,BKN,9000,OVC,12000,,,,,VFR,,,,,,,,,,,,METAR,264
"METAR KD25 280135Z AUTO 15009G17KT 10SM OVC006 11/11 A2942 RMK AO2 LTG DSNT S T01130113",KD25,2026-04-28T01:35:00.000Z,46.1204,-89.8800,11.3,11.3,150,9,17,10+,29.42,,,TRUE,TRUE,,,,,,,OVC,600,,,,,,,IFR,,,,,,,,,,,,METAR,490
"METAR KVDF 280135Z AUTO 07008KT 10SM FEW029 24/18 A3007 RMK AO2 T02370183",KVDF,2026-04-28T01:35:00.000Z,28.0198,-82.3415,23.7,18.3,70,8,,10+,30.07,,,TRUE,TRUE,,,,,,,FEW,2900,,,,,,,VFR,,,,,,,,,,,,METAR,5
"METAR KUVA 280135Z AUTO 09005KT 10SM CLR 28/24 A2979 RMK AO2 T02830237 $",KUVA,2026-04-28T01:35:00.000Z,29.2135,-99.7430,28.3,23.7,90,5,,10+,29.79,,,TRUE,TRUE,TRUE,,,,,,,,,,,,,,VFR,,,,,,,,,,,,METAR,285
"METAR KE38 280135Z AUTO 23004KT 10SM CLR 26/M06 A2999 RMK AO2 T02641060",KE38,2026-04-28T01:35:00.000Z,30.3851,-103.6803,26.4,-6,230,4,,10+,29.99,,,TRUE,TRUE,,,,,,,,,,,,,,,VFR,,,,,,,,,,,,METAR,1372
"METAR KUNI 280135Z AUTO 00000KT 10SM FEW075 19/12 A2995 RMK AO2 LTG DSNT NW AND SW T01930125",KUNI,2026-04-28T01:35:00.000Z,39.2129,-82.2204,19.3,12.5,0,0,,10+,29.95,,,TRUE,TRUE,,,,,,,FEW,7500,,,,,,,VFR,,,,,,,,,,,,METAR,232
"METAR KE41 280135Z AUTO 05007KT 10SM CLR 29/03 A2984 RMK AO2 T02870027",KE41,2026-04-28T01:35:00.000Z,31.1945,-101.4732,28.7,2.7,50,7,,10+,29.84,,,TRUE,TRUE,,,,,,,,,,,,,,,VFR,,,,,,,,,,,,METAR,825
"METAR KU68 280135Z AUTO 32004KT 10SM SCT065 SCT080 03/M01 A2998 RMK AO2",KU68,2026-04-28T01:35:00.000Z,44.9113,-108.4469,3,-1,320,4,,10+,29.98,,,TRUE,TRUE,,,,,,,SCT,6500,SCT,8000,,,,,VFR,,,,,,,,,,,,METAR,1244
"METAR KEBG 280135Z AUTO 13011KT 10SM CLR 29/24 A2978 RMK AO2",KEBG,2026-04-28T01:35:00.000Z,26.4433,-98.1255,29,24,130,11,,10+,29.78,,,TRUE,TRUE,,,,,,,,,,,,,,,VFR,,,,,,,,,,,,METAR,21
"METAR KSUW 280135Z AUTO 22005KT 7SM -DZ SCT002 OVC015 05/05 A2951 RMK AO2 T00530050",KSUW,2026-04-28T01:35:00.000Z,46.6833,-92.0926,5.3,5,220,5,,7,29.51,,,TRUE,TRUE,,,,,,-DZ,SCT,200,OVC,1500,,,,,MVFR,,,,,,,,,,,,METAR,205
"METAR KEIK 280135Z AUTO 03004KT 9SM OVC049 10/02 A2993 RMK AO2 RAE0056 P0000 T00960020",KEIK,2026-04-28T01:35:00.000Z,40.0117,-105.0503,9.6,2,30,4,,9,29.93,,,TRUE,TRUE,,,,,,,OVC,4900,,,,,,,VFR,,,,,,0.005,,,,,,METAR,1551
"METAR KSPR 280135Z AUTO 15015G20KT 8SM BKN013 SCT021 25/24 A2998 RMK A01",KSPR,2026-04-28T01:35:00.000Z,28.5990,-91.2060,25,24,150,15,20,8,29.98,,,TRUE,TRUE,,,,,,,BKN,1300,SCT,2100,,,,,MVFR,,,,,,,,,,,,METAR,26
"METAR KRKR 280135Z AUTO 23003KT 10SM SCT070 BKN090 27/20 A2977 RMK AO2",KRKR,2026-04-28T01:35:00.000Z,35.0187,-94.6202,27,20,230,3,,10+,29.77,,,TRUE,TRUE,,,,,,,SCT,7000,BKN,9000,,,,,VFR,,,,,,,,,,,,METAR,136
"METAR KREG 280135Z AUTO 15006KT 10SM CLR 27/20 A2999 RMK AO2 T02650198",KREG,2026-04-28T01:35:00.000Z,30.1756,-90.9397,26.5,19.8,150,6,,10+,29.99,,,TRUE,TRUE,,,,,,,,,,,,,,,VFR,,,,,,,,,,,,METAR,3
"METAR KPZZ 280135Z AUTO 15021KT 6SM BR BKN017 25/24 A2997 RMK A01",KPZZ,2026-04-28T01:35:00.000Z,28.4344,-91.0344,25,24,150,21,,6,29.97,,,TRUE,TRUE,,,,,,BR,BKN,1700,,,,,,,MVFR,,,,,,,,,,,,METAR,25
"SPECI KOTG 280135Z AUTO 33025G32KT 10SM OVC010 06/05 A2977 RMK AO2 PK WND 33032/0135",KOTG,2026-04-28T01:35:00.000Z,43.6525,-95.5759,6,5,330,25,32,10+,29.77,,,TRUE,TRUE,,,,,,,OVC,1000,,,,,,,MVFR,,,,,,,,,,,,SPECI,478
"METAR KMNI 280135Z AUTO 00000KT 10SM CLR 12/11 A3021 RMK AO2",KMNI,2026-04-28T01:35:00.000Z,33.5882,-80.2059,12,11,0,0,,10+,30.21,,,TRUE,TRUE,,,,,,,,,,,,,,,VFR,,,,,,,,,,,,METAR,29
"METAR KBWP 280135Z AUTO 35011KT 10SM BKN044 OVC060 08/08 A2980 RMK AO2",KBWP,2026-04-28T01:35:00.000Z,46.2444,-96.6046,8,8,350,11,,10+,29.80,,,TRUE,TRUE,,,,,,,BKN,4400,OVC,6000,,,,,VFR,,,,,,,,,,,,METAR,294
"METAR KHRF 280135Z AUTO 35012KT 10SM FEW044 SCT060 OVC070 07/01 A2996 RMK AO2",KHRF,2026-04-28T01:35:00.000Z,46.2576,-114.1274,7,1,350,12,,10+,29.96,,,TRUE,TRUE,,,,,,,FEW,4400,SCT,6000,OVC,7000,,,VFR,,,,,,,,,,,,METAR,1112
"METAR KBVI 280135Z AUTO 15013G17KT 10SM CLR 20/02 A3001 RMK AO2 T02000023",KBVI,2026-04-28T01:35:00.000Z,40.7735,-80.3825,20,2.3,150,13,17,10+,30.01,,,TRUE,TRUE,,,,,,,,,,,,,,,VFR,,,,,,,,,,,,METAR,387
"METAR KBTA 280135Z AUTO 31013G18KT 10SM BKN018 OVC025 09/05 A2988 RMK AO2 T00850051",KBTA,2026-04-28T01:35:00.000Z,41.4150,-96.1090,8.5,5.1,310,13,18,10+,29.88,,,TRUE,TRUE,,,,,,,BKN,1800,OVC,2500,,,,,MVFR,,,,,,,,,,,,METAR,400
"METAR KBAM 280135Z AUTO 31009G15KT 10SM SCT080 OVC090 13/M07 A2995 RMK AO1",KBAM,2026-04-28T01:35:00.000Z,40.6048,-116.8719,13,-7,310,9,15,10+,29.95,,,TRUE,TRUE,,,,,,,SCT,8000,OVC,9000,,,,,VFR,,,,,,,,,,,,METAR,1381
"METAR KTMT 280135Z AUTO 24005KT 10SM CLR 07/01 A3000 RMK AO2 T00690011",KTMT,2026-04-28T01:35:00.000Z,39.4643,-117.1972,6.9,1.1,240,5,,10+,30.00,,,TRUE,TRUE,,,,,,,,,,,,,,,VFR,,,,,,,,,,,,METAR,1748
"METAR KAZC 280135Z AUTO 29012KT 10SM CLR 15/M06 A2993 RMK AO2",KAZC,2026-04-28T01:35:00.000Z,36.9590,-113.0130,15,-6,290,12,,10+,29.93,,,TRUE,TRUE,,,,,,,,,,,,,,,VFR,,,,,,,,,,,,METAR,1476
"METAR KAXV 280135Z AUTO 17025G36KT 10SM SCT120 17/13 A2976 RMK AO2 LTG DSNT NW",KAXV,2026-04-28T01:35:00.000Z,40.4959,-84.2929,17,13,170,25,36,10+,29.76,,,TRUE,TRUE,,,,,,,SCT,12000,,,,,,,VFR,,,,,,,,,,,,METAR,278
"METAR KAVC 280135Z AUTO 00000KT 10SM CLR 13/07 A3030 RMK AO2 T01270065",KAVC,2026-04-28T01:35:00.000Z,36.6854,-78.0523,12.7,6.5,0,0,,10+,30.30,,,TRUE,TRUE,,,,,,,,,,,,,,,VFR,,,,,,,,,,,,METAR,119
"METAR KATP 280135Z AUTO 12016KT 6SM HZ CLR A3001 RMK A01",KATP,2026-04-28T01:35:00.000Z,27.1956,-90.0269,,,120,16,,6,30.01,,,TRUE,TRUE,,,,,,HZ,,,,,,,,,VFR,,,,,,,,,,,,METAR,50
"METAR KASW 280135Z AUTO 18006G19KT 10SM BKN120 17/13 A2970 RMK AO2 T01770135",KASW,2026-04-28T01:35:00.000Z,41.2740,-85.8420,17.7,13.5,180,6,19,10+,29.70,,,TRUE,TRUE,,,,,,,BKN,12000,,,,,,,VFR,,,,,,,,,,,,METAR,253
"METAR KARV 280135Z AUTO 17011G15KT 7SM OVC006 12/11 A2944 RMK AO2 T01150111",KARV,2026-04-28T01:35:00.000Z,45.9264,-89.7307,11.5,11.1,170,11,15,7,29.44,,,TRUE,TRUE,,,,,,,OVC,600,,,,,,,IFR,,,,,,,,,,,,METAR,494
"METAR KALX 280135Z AUTO 00000KT 10SM CLR 22/18 A3005 RMK AO2 T02230177",KALX,2026-04-28T01:35:00.000Z,32.9160,-85.9640,22.3,17.7,0,0,,10+,30.05,,,TRUE,TRUE,,,,,,,,,,,,,,,VFR,,,,,,,,,,,,METAR,198
"METAR KADC 280135Z AUTO 34016G28KT 10SM OVC017 06/03 A2972 RMK AO2",KADC,2026-04-28T01:35:00.000Z,46.4502,-95.2135,6,3,340,16,28,10+,29.72,,,TRUE,TRUE,,,,,,,OVC,1700,,,,,,,MVFR,,,,,,,,,,,,METAR,416
"METAR K54J 280135Z AUTO 19003KT 10SM CLR 21/20 A3008 RMK AO2 T02130200",K54J,2026-04-28T01:35:00.000Z,30.7312,-86.1542,21.3,20,190,3,,10+,30.08,,,TRUE,TRUE,,,,,,,,,,,,,,,VFR,,,,,,,,,,,,METAR,87
"METAR K3N8 280135Z AUTO 35011KT 10SM OVC060 06/04 A2978 RMK AO2 T00630036",K3N8,2026-04-28T01:35:00.000Z,47.2600,-95.9280,6.3,3.6,350,11,,10+,29.78,,,TRUE,TRUE,,,,,,,OVC,6000,,,,,,,VFR,,,,,,,,,,,,METAR,379
"METAR K35A 280135Z AUTO 14003KT 10SM CLR 15/11 A3022 RMK A02 T01470112",K35A,2026-04-28T01:35:00.000Z,34.6849,-81.6421,14.7,11.2,140,3,,10+,30.22,,,TRUE,TRUE,,,,,,,,,,,,,,,VFR,,,,,,,,,,,,METAR,186
"METAR K33V 280135Z AUTO 35013KT 10SM SCT017 SCT044 BKN065 01/00 A2996 RMK AO1",K33V,2026-04-28T01:35:00.000Z,40.7454,-106.2754,1,0,350,13,,10+,29.96,,,TRUE,TRUE,,,,,,,SCT,1700,SCT,4400,BKN,6500,,,VFR,,,,,,,,,,,,METAR,2486
"METAR K27K 280135Z AUTO 03009G20KT 4SM RA BR BKN048 OVC060 16/16 A2990 RMK AO2 P0000 T01630163",K27K,2026-04-28T01:35:00.000Z,38.2390,-84.4336,16.3,16.3,30,9,20,4,29.90,,,TRUE,TRUE,,,,,,RA BR,BKN,4800,OVC,6000,,,,,MVFR,,,,,,0.005,,,,,,METAR,283
"METAR K22N 280135Z AUTO 00000KT 10SM CLR 12/04 A3024 RMK AO2",K22N,2026-04-28T01:35:00.000Z,40.8115,-75.7648,12,4,0,0,,10+,30.24,,,TRUE,TRUE,,,,,,,,,,,,,,,VFR,,,,,,,,,,,,METAR,159
"METAR KPVJ 280135Z AUTO 00000KT 10SM CLR 24/11 A2980 RMK AO2 T02370108",KPVJ,2026-04-28T01:35:00.000Z,34.7041,-97.2211,23.7,10.8,0,0,,10+,29.80,,,TRUE,TRUE,,,,,,,,,,,,,,,VFR,,,,,,,,,,,,METAR,287
"METAR KGYL 280135Z AUTO 31016KT 10SM -RA BKN015 OVC023 07/07 A2964 RMK AO2 P0002 T00710065",KGYL,2026-04-28T01:35:00.000Z,44.7588,-94.0905,7.1,6.5,310,16,,10+,29.64,,,TRUE,TRUE,,,,,,-RA,BKN,1500,OVC,2300,,,,,MVFR,,,,,,0.02,,,,,,METAR,304
"METAR KCXW 280135Z AUTO 22006KT 5SM BR SCT027 BKN035 26/26 A2979 RMK A01",KCXW,2026-04-28T01:35:00.000Z,35.0217,-92.5506,26,26,220,6,,5,29.79,,,TRUE,TRUE,,,,,,BR,SCT,2700,BKN,3500,,,,,MVFR,,,,,,,,,,,,METAR,84
"METAR KPEQ 280135Z AUTO 00000KT 10SM CLR 30/M05 A2979 RMK AO2 T03021052 PWINO",KPEQ,2026-04-28T01:35:00.000Z,31.3820,-103.5117,30.2,-5.2,0,0,,10+,29.79,,,TRUE,TRUE,,,,,TRUE,,,,,,,,,,VFR,,,,,,,,,,,,METAR,794
"METAR KOZW 280135Z AUTO 15015G20KT 10SM BKN110 17/11 A2974 RMK AO2 PRESFR",KOZW,2026-04-28T01:35:00.000Z,42.6327,-83.9854,17,11,150,15,20,10+,29.74,,,TRUE,TRUE,,,,,,,BKN,11000,,,,,,,VFR,,,,,,,,,,,,METAR,288
"METAR KOXV 280135Z AUTO 29019G28KT 10SM OVC020 13/08 A2973 RMK AO2",KOXV,2026-04-28T01:35:00.000Z,41.2984,-93.1114,13,8,290,19,28,10+,29.73,,,TRUE,TRUE,,,,,,,OVC,2000,,,,,,,MVFR,,,,,,,,,,,,METAR,280
"METAR KN03 280135Z AUTO 24003KT 10SM CLR 11/03 A3015 RMK AO2",KN03,2026-04-28T01:35:00.000Z,42.5929,-76.2174,11,3,240,3,,10+,30.15,,,TRUE,TRUE,,,,,,,,,,,,,,,VFR,,,,,,,,,,,,METAR,361
"METAR KMZH 280135Z AUTO 33008G14KT 10SM RA OVC010 07/05 A2956 RMK AO2 P0003",KMZH,2026-04-28T01:35:00.000Z,46.4163,-92.8049,7,5,330,8,14,10+,29.56,,,TRUE,TRUE,,,,,,RA,OVC,1000,,,,,,,MVFR,,,,,,0.03,,,,,,METAR,331
"METAR KEHA 280135Z AUTO 09012KT 10SM CLR 16/03 A2989 RMK AO2 T01640033",KEHA,2026-04-28T01:35:00.000Z,37.0012,-101.8802,16.4,3.3,90,12,,10+,29.89,,,TRUE,TRUE,,,,,,,,,,,,,,,VFR,,,,,,,,,,,,METAR,1103
"METAR KMTK 280135Z AUTO 13018KT 10SM CLR 24/22 A3001 RMK A01",KMTK,2026-04-28T01:35:00.000Z,28.6967,-89.3958,24,22,130,18,,10+,30.01,,,TRUE,TRUE,,,,,,,,,,,,,,,VFR,,,,,,,,,,,,METAR,50
"METAR KMRN 280135Z AUTO 00000KT 10SM CLR 13/11 A3021 RMK AO2 T01300109",KMRN,2026-04-28T01:35:00.000Z,35.8192,-81.6097,13,10.9,0,0,,10+,30.21,,,TRUE,TRUE,,,,,,,,,,,,,,,VFR,,,,,,,,,,,,METAR,375
"METAR KMQI 280135Z AUTO 05008KT 10SM CLR 12/05 A3026 RMK AO2 T01150045",KMQI,2026-04-28T01:35:00.000Z,35.9188,-75.6989,11.5,4.5,50,8,,10+,30.26,,,TRUE,TRUE,,,,,,,,,,,,,,,VFR,,,,,,,,,,,,METAR,3
"METAR KHAF 280135Z AUTO 32011KT 9SM SCT024 SCT028 14/10 A3008 RMK AO2",KHAF,2026-04-28T01:35:00.000Z,37.5136,-122.4996,14,10,320,11,,9,30.08,,,TRUE,TRUE,,,,,,,SCT,2400,SCT,2800,,,,,VFR,,,,,,,,,,,,METAR,11
"METAR KCXP 280135Z AUTO 31010KT 10SM OVC090 13/M04 A2998 RMK AO2",KCXP,2026-04-28T01:35:00.000Z,39.1905,-119.7319,13,-4,310,10,,10+,29.98,,,TRUE,TRUE,,,,,,,OVC,9000,,,,,,,VFR,,,,,,,,,,,,METAR,1431
"METAR KBDN 280135Z AUTO 30012G19KT 10SM CLR 15/M04 A2998 RMK AO2",KBDN,2026-04-28T01:35:00.000Z,44.1006,-121.1984,15,-4,300,12,19,10+,29.98,,,TRUE,TRUE,,,,,,,,,,,,,,,VFR,,,,,,,,,,,,METAR,1044
"METAR KLVN 280135Z AUTO 31012G18KT 10SM -RA OVC013 08/07 A2959 RMK AO2",KLVN,2026-04-28T01:35:00.000Z,44.6252,-93.2273,8,7,310,12,18,10+,29.59,,,TRUE,TRUE,,,,,,-RA,OVC,1300,,,,,,,MVFR,,,,,,,,,,,,METAR,292
"METAR KLSB 280135Z AUTO 27010G14KT 10SM CLR 23/M15 A2991 RMK AO2",KLSB,2026-04-28T01:35:00.000Z,32.3340,-108.6955,23,-15,270,10,14,10+,29.91,,,TRUE,TRUE,,,,,,,,,,,,,,,VFR,,,,,,,,,,,,METAR,1308
"METAR KGLW 280135Z AUTO 18017G23KT 10SM OVC050 25/15 A2985 RMK AO2 T02500153",KGLW,2026-04-28T01:35:00.000Z,37.0337,-85.9523,25,15.3,180,17,23,10+,29.85,,,TRUE,TRUE,,,,,,,OVC,5000,,,,,,,VFR,,,,,,,,,,,,METAR,216
"METAR KLVL 280135Z AUTO 11003KT 10SM CLR 14/05 A3026 RMK AO1 T01370047",KLVL,2026-04-28T01:35:00.000Z,36.7723,-77.7925,13.7,4.7,110,3,,10+,30.26,,,TRUE,TRUE,,,,,,,,,,,,,,,VFR,,,,,,,,,,,,METAR,98
"METAR KGLY 280135Z AUTO 29010G17KT 10SM SCT050 20/14 A2980 RMK AO2",KGLY,2026-04-28T01:35:00.000Z,38.3572,-93.6774,20,14,290,10,17,10+,29.80,,,TRUE,TRUE,,,,,,,SCT,5000,,,,,,,VFR,,,,,,,,,,,,METAR,247
"METAR KLUM 280135Z AUTO 30019G24KT 10SM SCT006 OVC013 13/13 A2949 RMK AO2 T01340134 PWINO",KLUM,2026-04-28T01:35:00.000Z,44.8936,-91.8666,13.4,13.4,300,19,24,10+,29.49,,,TRUE,TRUE,,,,,TRUE,,SCT,600,OVC,1300,,,,,MVFR,,,,,,,,,,,,METAR,271
"METAR KLQK 280135Z AUTO 12003KT 10SM CLR 13/12 A3016 RMK AO2 T01260115",KLQK,2026-04-28T01:35:00.000Z,34.8069,-82.7047,12.6,11.5,120,3,,10+,30.16,,,TRUE,TRUE,,,,,,,,,,,,,,,VFR,,,,,,,,,,,,METAR,291
"METAR KGZL 280135Z AUTO 00000KT 4SM HZ CLR 22/18 A2976 RMK AO2",KGZL,2026-04-28T01:35:00.000Z,35.2913,-95.0956,22,18,0,0,,4,29.76,,,TRUE,TRUE,,,,,,HZ,,,,,,,,,MVFR,,,,,,,,,,,,METAR,176
"METAR KLNA 280135Z AUTO 03008KT 10SM CLR 26/18 A3004 RMK AO2 T02560176",KLNA,2026-04-28T01:35:00.000Z,26.5925,-80.0848,25.6,17.6,30,8,,10+,30.04,,,TRUE,TRUE,,,,,,,,,,,,,,,VFR,,,,,,,,,,,,METAR,3
"METAR KLHM 280135Z AUTO 00000KT 10SM CLR 19/05 A2999 RMK AO1",KLHM,2026-04-28T01:35:00.000Z,38.9149,-121.3516,19,5,0,0,,10+,29.99,,,TRUE,TRUE,,,,,,,,,,,,,,,VFR,,,,,,,,,,,,METAR,36
"METAR K3L4 280135Z AUTO 15010G15KT 25/24 A2993 RMK A01",K3L4,2026-04-28T01:35:00.000Z,29.8000,-92.8040,25,24,150,10,15,,29.93,,,TRUE,TRUE,,,,,,,,,,,,,,,null,,,,,,,,,,,,METAR,1
"METAR KHPT 280135Z AUTO 29020G27KT 10SM OVC015 08/06 A2968 RMK AO2",KHPT,2026-04-28T01:35:00.000Z,42.7175,-93.2244,8,6,290,20,27,10+,29.68,,,TRUE,TRUE,,,,,,,OVC,1500,,,,,,,MVFR,,,,,,,,,,,,METAR,354
"METAR KCRX 280135Z AUTO 18007G12KT 10SM BKN049 BKN055 OVC070 27/19 A2988 RMK AO2 LTG DSNT SW",KCRX,2026-04-28T01:35:00.000Z,34.9209,-88.6071,27,19,180,7,12,10+,29.88,,,TRUE,TRUE,,,,,,,BKN,4900,BKN,5500,OVC,7000,,,VFR,,,,,,,,,,,,METAR,128
"METAR K9S9 280135Z AUTO 27014KT 10SM OVC100 15/03 A2997 RMK AO2",K9S9,2026-04-28T01:35:00.000Z,45.4551,-119.6859,15,3,270,14,,10+,29.97,,,TRUE,TRUE,,,,,,,OVC,10000,,,,,,,VFR,,,,,,,,,,,,METAR,498
"METAR KLDM 280135Z AUTO 17012G18KT 10SM FEW041 BKN065 BKN120 19/13 A2959 RMK AO2",KLDM,2026-04-28T01:35:00.000Z,43.9614,-86.4107,19,13,170,12,18,10+,29.59,,,TRUE,TRUE,,,,,,,FEW,4100,BKN,6500,BKN,12000,,,VFR,,,,,,,,,,,,METAR,194
"METAR KHRJ 280135Z AUTO 00000KT 10SM CLR 12/10 A3024 RMK AO2 T01240100",KHRJ,2026-04-28T01:35:00.000Z,35.3794,-78.7356,12.4,10,0,0,,10+,30.24,,,TRUE,TRUE,,,,,,,,,,,,,,,VFR,,,,,,,,,,,,METAR,55
"METAR KCPC 280135Z AUTO 00000KT 10SM CLR 13/11 A3024 RMK AO2 T01300105",KCPC,2026-04-28T01:35:00.000Z,34.2753,-78.7146,13,10.5,0,0,,10+,30.24,,,TRUE,TRUE,,,,,,,,,,,,,,,VFR,,,,,,,,,,,,METAR,27
"METAR KK62 280135Z AUTO 06011G17KT 4SM RA BKN005 BKN008 OVC034 16/16 A2993 RMK AO2 P0015",KK62,2026-04-28T01:35:00.000Z,38.7018,-84.3964,16,16,60,11,17,4,29.93,,,TRUE,TRUE,,,,,,RA,BKN,500,BKN,800,OVC,3400,,,IFR,,,,,,0.15,,,,,,METAR,274
"METAR KK24 280135Z AUTO 14011G15KT 120V180 10SM SCT065 OVC090 24/13 A2990 RMK AO2 T02350130",KK24,2026-04-28T01:35:00.000Z,37.0097,-85.1027,23.5,13,140,11,15,10+,29.90,,,TRUE,TRUE,,,,,,,SCT,6500,OVC,9000,,,,,VFR,,,,,,,,,,,,METAR,1011
"METAR KJOT 280135Z AUTO 22004KT 10SM SCT008 SCT060 BKN085 17/17 A2959 RMK AO2 P0003 T01710170",KJOT,2026-04-28T01:35:00.000Z,41.5175,-88.1790,17.1,17,220,4,,10+,29.59,,,TRUE,TRUE,,,,,,,SCT,800,SCT,6000,BKN,8500,,,VFR,,,,,,0.03,,,,,,METAR,175
"METAR KIXA 280135Z AUTO 00000KT 10SM CLR 12/08 A3025 RMK AO2",KIXA,2026-04-28T01:35:00.000Z,36.3310,-77.6333,12,8,0,0,,10+,30.25,,,TRUE,TRUE,,,,,,,,,,,,,,,VFR,,,,,,,,,,,,METAR,43
"METAR KINJ 280135Z AUTO 17008KT 5SM HZ CLR 28/23 A2979 RMK AO2 LTG DSNT NE T02750230",KINJ,2026-04-28T01:35:00.000Z,32.0844,-97.0959,27.5,23,170,8,,5,29.79,,,TRUE,TRUE,,,,,,HZ,,,,,,,,,MVFR,,,,,,,,,,,,METAR,208
"METAR KINF 280135Z AUTO 05006KT 10SM CLR 21/18 A3011 RMK AO2",KINF,2026-04-28T01:35:00.000Z,28.8062,-82.3190,21,18,50,6,,10+,30.11,,,TRUE,TRUE,,,,,,,,,,,,,,,VFR,,,,,,,,,,,,METAR,14
"METAR KSEP 280135Z AUTO 16006KT 10SM CLR 27/20 A2983 RMK AO2 T02700200",KSEP,2026-04-28T01:35:00.000Z,32.2150,-98.1793,27,20,160,6,,10+,29.83,,,TRUE,TRUE,,,,,,,,,,,,,,,VFR,,,,,,,,,,,,METAR,399
"METAR KSMD 280135Z AUTO 16014G23KT 9SM FEW033 SCT046 BKN065 17/14 A2971 RMK A01",KSMD,2026-04-28T01:35:00.000Z,41.1440,-85.1492,17,14,160,14,23,9,29.71,,,TRUE,TRUE,,,,,,,FEW,3300,SCT,4600,BKN,6500,,,VFR,,,,,,,,,,,,METAR,252
"METAR KPZQ 280135Z AUTO 15015G20KT 10SM OVC100 15/04 A2973 RMK AO2",KPZQ,2026-04-28T01:35:00.000Z,45.4085,-83.8120,15,4,150,15,20,10+,29.73,,,TRUE,TRUE,,,,,,,OVC,10000,,,,,,,VFR,,,,,,,,,,,,METAR,199
"METAR KIKW 280135Z AUTO 13008KT 10SM BKN100 OVC120 17/08 A2972 RMK AO2",KIKW,2026-04-28T01:35:00.000Z,43.6643,-84.2613,17,8,130,8,,10+,29.72,,,TRUE,TRUE,,,,,,,BKN,10000,OVC,12000,,,,,VFR,,,,,,,,,,,,METAR,190
"METAR KGNT 280135Z AUTO 27016G19KT 10SM CLR 17/M22 A2996 RMK AO2 T01661219",KGNT,2026-04-28T01:35:00.000Z,35.1653,-107.9021,16.6,-21.9,270,16,19,10+,29.96,,,TRUE,TRUE,,,,,,,,,,,,,,,VFR,,,,,,,,,,,,METAR,1988
"METAR K9MN 280135Z AUTO 26012G30KT 230V070 10SM OVC006 09/09 A2956 RMK AO1 T00900091",K9MN,2026-04-28T01:35:00.000Z,44.0198,-92.4829,9,9.1,260,12,30,10+,29.56,,,TRUE,TRUE,,,,,,,OVC,600,,,,,,,IFR,,,,,,,,,,,,METAR,308
"METAR KSYN 280135Z AUTO 30012G17KT 10SM OVC011 09/08 A2959 RMK AO2 T00910080",KSYN,2026-04-28T01:35:00.000Z,44.4740,-93.0140,9.1,8,300,12,17,10+,29.59,,,TRUE,TRUE,,,,,,,OVC,1100,,,,,,,MVFR,,,,,,,,,,,,METAR,280
"METAR KELO 280135Z AUTO 34010KT 5SM -RA BR OVC005 05/05 A2949 RMK AO2 CIG 004V008 P0008 T00520050 $",KELO,2026-04-28T01:35:00.000Z,47.8287,-91.8371,5.2,5,340,10,,5,29.49,,,TRUE,TRUE,TRUE,,,,,-RA BR,OVC,500,,,,,,,IFR,,,,,,0.08,,,,,,METAR,438
"METAR KHCR 280135Z AUTO 05004KT 7SM -RA FEW015 BKN023 OVC030 05/01 A2994 RMK AO2 RAB0053 BKN V OVC P0000 T00520012 $",KHCR,2026-04-28T01:35:00.000Z,40.4774,-111.4329,5.2,1.2,50,4,,7,29.94,,,TRUE,TRUE,TRUE,,,,,-RA,FEW,1500,BKN,2300,OVC,3000,,,MVFR,,,,,,0.005,,,,,,METAR,1708
"METAR KJPX 280135Z AUTO 00000KT 10SM CLR 09/01 A3026 RMK AO2 T00870011",KJPX,2026-04-28T01:35:00.000Z,40.9605,-72.2511,8.7,1.1,0,0,,10+,30.26,,,TRUE,TRUE,,,,,,,,,,,,,,,VFR,,,,,,,,,,,,METAR,10
"METAR K28J 280135Z AUTO 01006G13KT 10SM OVC016 19/17 A3014 RMK AO2 TSNO",K28J,2026-04-28T01:35:00.000Z,29.6602,-81.6918,19,17,10,6,13,10+,30.14,,,TRUE,TRUE,,,TRUE,,,,OVC,1600,,,,,,,MVFR,,,,,,,,,,,,METAR,9
"METAR K15M 280135Z AUTO 18007G15KT 10SM BKN060 26/22 A2992 RMK AO2 T02620222 $",K15M,2026-04-28T01:35:00.000Z,34.7745,-88.1676,26.2,22.2,180,7,15,10+,29.92,,,TRUE,TRUE,TRUE,,,,,,BKN,6000,,,,,,,VFR,,,,,,,,,,,,METAR,192
"METAR KJSV 280135Z AUTO 00000KT 10SM CLR 23/15 A2977 RMK AO2",KJSV,2026-04-28T01:35:00.000Z,35.4381,-94.8012,23,15,0,0,,10+,29.77,,,TRUE,TRUE,,,,,,,,,,,,,,,VFR,,,,,,,,,,,,METAR,158
"METAR K01M 280135Z AUTO 19009G17KT 10SM CLR 26/19 A2992 RMK AO2 T02610185",K01M,2026-04-28T01:35:00.000Z,34.4940,-88.2030,26.1,18.5,190,9,17,10+,29.92,,,TRUE,TRUE,,,,,,,,,,,,,,,VFR,,,,,,,,,,,,METAR,175
"METAR KC08 280135Z AUTO 23013G23KT 10SM CLR 09/M14 A2998 RMK AO2",KC08,2026-04-28T01:35:00.000Z,38.0138,-105.3731,9,-14,230,13,23,10+,29.98,,,TRUE,TRUE,,,,,,,,,,,,,,,VFR,,,,,,,,,,,,METAR,2527
"METAR KMIO 280135Z AUTO 33006KT 10SM CLR 21/17 A2981 RMK A01",KMIO,2026-04-28T01:35:00.000Z,36.9128,-94.8893,21,17,330,6,,10+,29.81,,,TRUE,TRUE,,,,,,,,,,,,,,,VFR,,,,,,,,,,,,METAR,245
"METAR KSAZ 280135Z AUTO 33016KT 10SM OVC015 05/03 A2970 RMK AO2",KSAZ,2026-04-28T01:35:00.000Z,46.3785,-94.8016,5,3,330,16,,10+,29.70,,,TRUE,TRUE,,,,,,,OVC,1500,,,,,,,MVFR,,,,,,,,,,,,METAR,391
"METAR KMKN 280135Z AUTO 16007KT 10SM CLR 26/15 A2982 RMK AO2 T02630147",KMKN,2026-04-28T01:35:00.000Z,31.9240,-98.5978,26.3,14.7,160,7,,10+,29.82,,,TRUE,TRUE,,,,,,,,,,,,,,,VFR,,,,,,,,,,,,METAR,428
"METAR KMMI 280135Z AUTO VRB06G14KT 10SM CLR 22/11 A3005 RMK A01",KMMI,2026-04-28T01:35:00.000Z,35.3952,-84.5612,22,11,0,6,14,10+,30.05,,,TRUE,TRUE,,,,,,,,,,,,,,,VFR,,,,,,,,,,,,METAR,252
"METAR KRMY 280135Z AUTO 15011G20KT 10SM SCT028 OVC085 18/13 A2971 RMK AO2 T01800132",KRMY,2026-04-28T01:35:00.000Z,42.2524,-84.9526,18,13.2,150,11,20,10+,29.71,,,TRUE,TRUE,,,,,,,SCT,2800,OVC,8500,,,,,VFR,,,,,,,,,,,,METAR,285
"METAR KCVH 280135Z AUTO 24010G17KT 10SM CLR 16/05 A3005 RMK A01",KCVH,2026-04-28T01:35:00.000Z,36.8920,-121.4105,16,5,240,10,17,10+,30.05,,,TRUE,TRUE,,,,,,,,,,,,,,,VFR,,,,,,,,,,,,METAR,68
"METAR KCOQ 280135Z AUTO 31014G19KT 10SM -RA OVC012 06/05 A2951 RMK AO2 TSNO",KCOQ,2026-04-28T01:35:00.000Z,46.6986,-92.5034,6,5,310,14,19,10+,29.51,,,TRUE,TRUE,,,TRUE,,,-RA,OVC,1200,,,,,,,MVFR,,,,,,,,,,,,METAR,390
"METAR KCNB 280135Z AUTO 32018G22KT 10SM OVC017 07/05 A2983 RMK AO2 T00680046",KCNB,2026-04-28T01:35:00.000Z,44.7297,-96.2623,6.8,4.6,320,18,22,10+,29.83,,,TRUE,TRUE,,,,,,,OVC,1700,,,,,,,MVFR,,,,,,,,,,,,METAR,363
"METAR KCKC 280135Z AUTO 10006KT 7SM +RA OVC004 08/08 A2942 RMK AO2 P0001",KCKC,2026-04-28T01:35:00.000Z,47.8366,-90.3864,8,8,100,6,,7,29.42,,,TRUE,TRUE,,,,,,+RA,OVC,400,,,,,,,LIFR,,,,,,0.01,,,,,,METAR,544
"METAR KATS 280135Z AUTO 23010KT 10SM CLR 26/M08 A2987 RMK AO2",KATS,2026-04-28T01:35:00.000Z,32.8524,-104.4644,26,-8,230,10,,10+,29.87,,,TRUE,TRUE,,,,,,,,,,,,,,,VFR,,,,,,,,,,,,METAR,1073
"METAR KASL 280135Z AUTO 16004KT 7SM CLR 27/25 A2983 RMK AO2 RAB0053E0103 P0000 T02660254 $",KASL,2026-04-28T01:35:00.000Z,32.5207,-94.3066,26.6,25.4,160,4,,7,29.83,,,TRUE,TRUE,TRUE,,,,,,,,,,,,,,VFR,,,,,,0.005,,,,,,METAR,104
"METAR KPSO 280135Z AUTO 28004KT 10SM SCT085 SCT120 09/M06 A3000 RMK AO2",KPSO,2026-04-28T01:35:00.000Z,37.2910,-107.0557,9,-6,280,4,,10+,30.00,,,TRUE,TRUE,,,,,,,SCT,8500,SCT,12000,,,,,VFR,,,,,,,,,,,,METAR,2332
"METAR KAGO 280135Z AUTO 15003KT 9SM BKN043 OVC050 26/23 A2984 RMK A01",KAGO,2026-04-28T01:35:00.000Z,33.2266,-93.2154,26,23,150,3,,9,29.84,,,TRUE,TRUE,,,,,,,BKN,4300,OVC,5000,,,,,VFR,,,,,,,,,,,,METAR,91
"METAR KACQ 280135Z AUTO 29019G24KT 10SM OVC012 08/06 A2965 RMK AO2",KACQ,2026-04-28T01:35:00.000Z,44.0702,-93.5535,8,6,290,19,24,10+,29.65,,,TRUE,TRUE,,,,,,,OVC,1200,,,,,,,MVFR,,,,,,,,,,,,METAR,339
"METAR KP08 280135Z AUTO 26013KT 10SM CLR 27/M07 A2983 RMK AO2",KP08,2026-04-28T01:35:00.000Z,32.9359,-111.4269,27,-7,260,13,,10+,29.83,,,TRUE,TRUE,,,,,,,,,,,,,,,VFR,,,,,,,,,,,,METAR,477
"METAR KCGS 280135Z AUTO 00000KT 10SM CLR 12/07 A3024 RMK AO2 T01200075",KCGS,2026-04-28T01:35:00.000Z,38.9806,-76.9251,12,7.5,0,0,,10+,30.24,,,TRUE,TRUE,,,,,,,,,,,,,,,VFR,,,,,,,,,,,,METAR,15
"METAR KEKM 280135Z AUTO 18004KT 9SM -RA FEW060 17/16 A2969 RMK AO2 LTG DSNT N AND W RAB0110 TSB0106E0127 P0000 T01680158 $",KEKM,2026-04-28T01:35:00.000Z,41.7222,-86.0000,16.8,15.8,180,4,,9,29.69,,,TRUE,TRUE,TRUE,,,,,-RA,FEW,6000,,,,,,,VFR,,,,,,0.005,,,,,,METAR,236
"METAR KCNC 280135Z AUTO 28017G26KT 10SM OVC018 12/12 A2975 RMK AO2",KCNC,2026-04-28T01:35:00.000Z,41.0185,-93.3608,12,12,280,17,26,10+,29.75,,,TRUE,TRUE,,,,,,,OVC,1800,,,,,,,MVFR,,,,,,,,,,,,METAR,319
"METAR KCPW 280135Z AUTO 21014G22KT 10SM SCT046 BKN060 M03/M07 A3014 RMK AO2 PWINO",KCPW,2026-04-28T01:35:00.000Z,37.4640,-106.8040,-3,-7,210,14,22,10+,30.14,,,TRUE,TRUE,,,,,TRUE,,SCT,4600,BKN,6000,,,,,VFR,,,,,,,,,,,,METAR,3570
"METAR KEDC 280135Z AUTO 15010G16KT 5SM BR BKN038 OVC044 28/26 A2980 RMK AO2",KEDC,2026-04-28T01:35:00.000Z,30.3926,-97.5622,28,26,150,10,16,5,29.80,,,TRUE,TRUE,,,,,,BR,BKN,3800,OVC,4400,,,,,MVFR,,,,,,,,,,,,METAR,184
"METAR KDNN 280135Z AUTO 16009KT 10SM CLR 20/13 A3008 RMK AO2 T02040127",KDNN,2026-04-28T01:35:00.000Z,34.7270,-84.8733,20.4,12.7,160,9,,10+,30.08,,,TRUE,TRUE,,,,,,,,,,,,,,,VFR,,,,,,,,,,,,METAR,216
"METAR KCXE 280135Z AUTO 11003KT 10SM CLR 12/06 A3023 RMK AO1 T01240059",KCXE,2026-04-28T01:35:00.000Z,36.7923,-78.5027,12.4,5.9,110,3,,10+,30.23,,,TRUE,TRUE,,,,,,,,,,,,,,,VFR,,,,,,,,,,,,METAR,154
"METAR KE57 280135Z AUTO 28007KT 10SM CLR 26/M14 A2987 RMK AO2",KE57,2026-04-28T01:35:00.000Z,32.9760,-102.8430,26,-14,280,7,,10+,29.87,,,TRUE,TRUE,,,,,,,,,,,,,,,VFR,,,,,,,,,,,,METAR,1090
"METAR KCVX 280135Z AUTO 14014G19KT 10SM BKN060 OVC080 19/06 A2961 RMK AO2",KCVX,2026-04-28T01:35:00.000Z,45.3040,-85.2689,19,6,140,14,19,10+,29.61,,,TRUE,TRUE,,,,,,,BKN,6000,OVC,8000,,,,,VFR,,,,,,,,,,,,METAR,196
"METAR KCPT 280135Z AUTO 15008KT 5SM HZ CLR 27/24 A2974 RMK AO2 T02700241 $",KCPT,2026-04-28T01:35:00.000Z,32.3526,-97.4350,27,24.1,150,8,,5,29.74,,,TRUE,TRUE,TRUE,,,,,HZ,,,,,,,,,MVFR,,,,,,,,,,,,METAR,260
"METAR KEFT 280135Z AUTO 20013G19KT 10SM -RA SCT035 SCT050 SCT120 18/17 A2953 RMK AO2 LTG DSNT N THRU SE P0002 T01810172",KEFT,2026-04-28T01:35:00.000Z,42.6196,-89.5931,18.1,17.2,200,13,19,10+,29.53,,,TRUE,TRUE,,,,,,-RA,SCT,3500,SCT,5000,SCT,12000,,,VFR,,,,,,0.02,,,,,,METAR,332
"METAR KP52 280135Z AUTO 21010G16KT 10SM CLR 18/M10 A2991 RMK AO2",KP52,2026-04-28T01:35:00.000Z,34.7263,-112.0343,18,-10,210,10,16,10+,29.91,,,TRUE,TRUE,,,,,,,,,,,,,,,VFR,,,,,,,,,,,,METAR,1085
"METAR K9D7 280135Z AUTO 33012KT 10SM CLR 07/M15 A2996 RMK AO2",K9D7,2026-04-28T01:35:00.000Z,48.4816,-99.2346,7,-15,330,12,,10+,29.96,,,TRUE,TRUE,,,,,,,,,,,,,,,VFR,,,,,,,,,,,,METAR,451
"METAR K96D 280135Z AUTO 34013G18KT 10SM CLR 05/M04 A2993 RMK AO2",K96D,2026-04-28T01:35:00.000Z,48.9402,-97.9053,5,-4,340,13,18,10+,29.93,,,TRUE,TRUE,,,,,,,,,,,,,,,VFR,,,,,,,,,,,,METAR,290
"METAR KETN 280135Z AUTO 15004KT 10SM CLR 27/13 A2980 RMK AO2 T02650129",KETN,2026-04-28T01:35:00.000Z,32.4164,-98.8113,26.5,12.9,150,4,,10+,29.80,,,TRUE,TRUE,,,,,,,,,,,,,,,VFR,,,,,,,,,,,,METAR,445
"METAR KCBF 280135Z AUTO 31016G25KT 10SM BKN019 OVC026 09/06 A2985 RMK AO2",KCBF,2026-04-28T01:35:00.000Z,41.2611,-95.7604,9,6,310,16,25,10+,29.85,,,TRUE,TRUE,,,,,,,BKN,1900,OVC,2600,,,,,MVFR,,,,,,,,,,,,METAR,379
"METAR KEYF 280135Z AUTO 15003KT 10SM CLR 14/10 A3023 RMK AO2 T01370101",KEYF,2026-04-28T01:35:00.000Z,34.6042,-78.5790,13.7,10.1,150,3,,10+,30.23,,,TRUE,TRUE,,,,,,,,,,,,,,,VFR,,,,,,,,,,,,METAR,39
"METAR KCEY 280135Z AUTO 17011G18KT 140V200 10SM SCT039 BKN046 BKN055 26/21 A2977 RMK AO2",KCEY,2026-04-28T01:35:00.000Z,36.6640,-88.3720,26,21,170,11,18,10+,29.77,,,TRUE,TRUE,,,,,,,SCT,3900,BKN,4600,BKN,5500,,,VFR,,,,,,,,,,,,METAR,172
"METAR KJKJ 280135Z AUTO 35015G21KT 10SM SCT050 SCT090 08/03 A2983 RMK AO2",KJKJ,2026-04-28T01:35:00.000Z,46.8404,-96.6545,8,3,350,15,21,10+,29.83,,,TRUE,TRUE,,,,,,,SCT,5000,SCT,9000,,,,,VFR,,,,,,,,,,,,METAR,280
"METAR MMGL 280135Z 27004KT 7SM SKC 31/01 A3004 RMK ISOL AC HZY",MMGL,2026-04-28T01:35:00.000Z,20.5230,-103.3120,31,1,270,4,,7,30.04,,,,,,,,,,,,,,,,,,,VFR,,,,,,,,,,,,METAR,1531
"METAR KFOT 280135Z AUTO 33008KT 10SM OVC025 11/08 A3010 RMK AO1",KFOT,2026-04-28T01:35:00.000Z,40.5529,-124.1337,11,8,330,8,,10+,30.10,,,TRUE,TRUE,,,,,,,OVC,2500,,,,,,,MVFR,,,,,,,,,,,,METAR,118
"METAR KJYG 280135Z AUTO 31018G24KT 5SM UP BR OVC013 07/06 A2970 RMK AO2",KJYG,2026-04-28T01:35:00.000Z,43.9855,-94.5527,7,6,310,18,24,5,29.70,,,TRUE,TRUE,,,,,,BR UP,OVC,1300,,,,,,,MVFR,,,,,,,,,,,,METAR,323
"METAR KSGS 280135Z AUTO 30008G15KT 10SM OVC010 08/08 A2958 RMK AO2 T00810081",KSGS,2026-04-28T01:35:00.000Z,44.8601,-93.0320,8.1,8.1,300,8,15,10+,29.58,,,TRUE,TRUE,,,,,,,OVC,1000,,,,,,,MVFR,,,,,,,,,,,,METAR,250
"METAR KTEW 280135Z AUTO 15013G17KT 10SM BKN080 OVC100 17/11 A2972 RMK AO2 T01720105",KTEW,2026-04-28T01:35:00.000Z,42.5636,-84.4223,17.2,10.5,150,13,17,10+,29.72,,,TRUE,TRUE,,,,,,,BKN,8000,OVC,10000,,,,,VFR,,,,,,,,,,,,METAR,281
"METAR KJFZ 280135Z AUTO 13007KT 100V180 10SM CLR 16/06 A3010 RMK AO2 T01550057",KJFZ,2026-04-28T01:35:00.000Z,37.0634,-81.7969,15.5,5.7,130,7,,10+,30.10,,,TRUE,TRUE,,,,,,,,,,,,,,,VFR,,,,,,,,,,,,METAR,809
"METAR KTOB 280135Z AUTO 29018G25KT 6SM BR OVC005 08/08 A2957 RMK AO2 PK WND 28028/0108 T00800080",KTOB,2026-04-28T01:35:00.000Z,44.0202,-92.8295,8,8,290,18,25,6,29.57,,,TRUE,TRUE,,,,,,BR,OVC,500,,,,,,,IFR,,,,,,,,,,,,METAR,394
"METAR KE42 280135Z AUTO 07010KT 10SM CLR 19/03 A2986 RMK AO2 T01920030",KE42,2026-04-28T01:35:00.000Z,36.2193,-101.1940,19.2,3,70,10,,10+,29.86,,,TRUE,TRUE,,,,,,,,,,,,,,,VFR,,,,,,,,,,,,METAR,942
"METAR KOCQ 280135Z AUTO 17006KT 10SM BKN012 OVC050 13/12 A2952 RMK AO1 T01250122",KOCQ,2026-04-28T01:35:00.000Z,44.8749,-87.9084,12.5,12.2,170,6,,10+,29.52,,,TRUE,TRUE,,,,,,,BKN,1200,OVC,5000,,,,,MVFR,,,,,,,,,,,,METAR,181
"METAR KJFX 280135Z AUTO VRB05KT 10SM BKN055 OVC065 24/19 A2999 RMK AO2",KJFX,2026-04-28T01:35:00.000Z,33.9008,-87.3092,24,19,0,5,,10+,29.99,,,TRUE,TRUE,,,,,,,BKN,5500,OVC,6500,,,,,VFR,,,,,,,,,,,,METAR,144
"METAR KISQ 280135Z AUTO 10010G18KT 10SM -RA OVC050 10/06 A2958 RMK AO2 T01020062",KISQ,2026-04-28T01:35:00.000Z,45.9729,-86.1728,10.2,6.2,100,10,18,10+,29.58,,,TRUE,TRUE,,,,,,-RA,OVC,5000,,,,,,,VFR,,,,,,,,,,,,METAR,206
"METAR KHDC 280135Z AUTO 15007KT 10SM CLR 25/22 A3000 RMK AO2 T02450216",KHDC,2026-04-28T01:35:00.000Z,30.5237,-90.4176,24.5,21.6,150,7,,10+,30.00,,,TRUE,TRUE,,,,,,,,,,,,,,,VFR,,,,,,,,,,,,METAR,12
"METAR KBIJ 280135Z AUTO 06003KT 10SM CLR 20/15 A3010 RMK AO2",KBIJ,2026-04-28T01:35:00.000Z,31.4000,-84.8939,20,15,60,3,,10+,30.10,,,TRUE,TRUE,,,,,,,,,,,,,,,VFR,,,,,,,,,,,,METAR,63
"METAR KIRS 280135Z AUTO 15012KT 10SM -RA BKN075 OVC090 17/15 A2969 RMK AO2",KIRS,2026-04-28T01:35:00.000Z,41.8154,-85.4376,17,15,150,12,,10+,29.69,,,TRUE,TRUE,,,,,,-RA,BKN,7500,OVC,9000,,,,,VFR,,,,,,,,,,,,METAR,282
"METAR KE77 280135Z AUTO 25008KT 10SM CLR 23/M10 A2996 RMK AO2",KE77,2026-04-28T01:35:00.000Z,32.6340,-110.6467,23,-10,250,8,,10+,29.96,,,TRUE,TRUE,,,,,,,,,,,,,,,VFR,,,,,,,,,,,,METAR,989
"METAR KCQB 280135Z AUTO 36006KT 10SM CLR 21/14 A2983 RMK AO2 T02050140",KCQB,2026-04-28T01:35:00.000Z,35.7223,-96.8187,20.5,14,360,6,,10+,29.83,,,TRUE,TRUE,,,,,,,,,,,,,,,VFR,,,,,,,,,,,,METAR,298
"METAR KEBA 280135Z AUTO 00000KT 10SM CLR 15/11 A3016 RMK AO2 T01520110",KEBA,2026-04-28T01:35:00.000Z,34.0957,-82.8121,15.2,11,0,0,,10+,30.16,,,TRUE,TRUE,,,,,,,,,,,,,,,VFR,,,,,,,,,,,,METAR,180
"METAR KOLY 280135Z AUTO 11010KT 10SM BKN036 OVC047 18/18 A2972 RMK AO2 LTG DSNT W THRU NE T01810181",KOLY,2026-04-28T01:35:00.000Z,38.7213,-88.1799,18.1,18.1,110,10,,10+,29.72,,,TRUE,TRUE,,,,,,,BKN,3600,OVC,4700,,,,,VFR,,,,,,,,,,,,METAR,144
"METAR KASN 280135Z AUTO 15004KT 10SM OVC075 24/18 A3001 RMK AO2",KASN,2026-04-28T01:35:00.000Z,33.5690,-86.0519,24,18,150,4,,10+,30.01,,,TRUE,TRUE,,,,,,,OVC,7500,,,,,,,VFR,,,,,,,,,,,,METAR,159
"METAR KHWY 280135Z AUTO 13003KT 10SM CLR 13/05 A3024 RMK AO2 T01330047",KHWY,2026-04-28T01:35:00.000Z,38.5876,-77.7150,13.3,4.7,130,3,,10+,30.24,,,TRUE,TRUE,,,,,,,,,,,,,,,VFR,,,,,,,,,,,,METAR,93
"METAR KHSP 280135Z AUTO 13009G14KT 10SM CLR 10/03 A3021 RMK AO2 T01000030",KHSP,2026-04-28T01:35:00.000Z,37.9531,-79.8285,10,3,130,9,14,10+,30.21,,,TRUE,TRUE,,,,,,,,,,,,,,,VFR,,,,,,,,,,,,METAR,1148
"METAR KCLW 280135Z AUTO 08007G14KT SCT034 25/17 A3006 RMK AO2",KCLW,2026-04-28T01:35:00.000Z,27.9741,-82.7563,25,17,80,7,14,,30.06,,,TRUE,TRUE,,,,,,,SCT,3400,,,,,,,null,,,,,,,,,,,,METAR,21
"METAR KCKZ 280135Z AUTO 00000KT 10SM CLR 13/04 A3026 RMK AO2",KCKZ,2026-04-28T01:35:00.000Z,40.3864,-75.2953,13,4,0,0,,10+,30.26,,,TRUE,TRUE,,,,,,,,,,,,,,,VFR,,,,,,,,,,,,METAR,160
"METAR KCFJ 280135Z AUTO 17021G30KT 10SM SCT044 BKN050 OVC055 16/14 A2966 RMK AO2 LTG DSNT ALQS T01610137",KCFJ,2026-04-28T01:35:00.000Z,39.9767,-86.9148,16.1,13.7,170,21,30,10+,29.66,,,TRUE,TRUE,,,,,,,SCT,4400,BKN,5000,OVC,5500,,,VFR,,,,,,,,,,,,METAR,243
"METAR K0E0 280135Z AUTO 00000KT 10SM CLR 18/M13 A2993 RMK AO2 T01771131",K0E0,2026-04-28T01:35:00.000Z,34.9837,-105.9958,17.7,-13.1,0,0,,10+,29.93,,,TRUE,TRUE,,,,,,,,,,,,,,,VFR,,,,,,,,,,,,METAR,1887
"METAR K2R2 280135Z AUTO 16012KT 10SM VCTS FEW015 OVC055 17/17 A2973 RMK AO2 PK WND 15027/0102 RAB0111E0128 TSB0059E0114 P0012 T01700170 $",K2R2,2026-04-28T01:35:00.000Z,39.7511,-86.4732,17,17,160,12,,10+,29.73,,,TRUE,TRUE,TRUE,,,,,VCTS,FEW,1500,OVC,5500,,,,,VFR,,,,,,0.12,,,,,,METAR,273
"METAR K4I3 280135Z AUTO 19002KT 5SM -RA BR SCT065 BKN075 BKN095 16/16 A2998 RMK AO2",K4I3,2026-04-28T01:35:00.000Z,40.3268,-82.5201,16,16,190,2,,5,29.98,,,TRUE,TRUE,,,,,,-RA BR,SCT,6500,BKN,7500,BKN,9500,,,MVFR,,,,,,,,,,,,METAR,361
"METAR K4M9 280135Z AUTO 20019G25KT 9SM BKN023 26/25 A2976 RMK A01",K4M9,2026-04-28T01:35:00.000Z,36.4040,-90.6470,26,25,200,19,25,9,29.76,,,TRUE,TRUE,,,,,,,BKN,2300,,,,,,,MVFR,,,,,,,,,,,,METAR,86
"METAR KXER 280135Z AUTO 15019KT 10SM SCT016 SCT024 25/24 A2999 RMK A01",KXER,2026-04-28T01:35:00.000Z,27.9460,-90.9970,25,24,150,19,,10+,29.99,,,TRUE,TRUE,,,,,,,SCT,1600,SCT,2400,,,,,VFR,,,,,,,,,,,,METAR,40
"METAR KS31 280135Z AUTO 19005KT 10SM OVC035 12/09 A3003 RMK AO2 T01240087",KS31,2026-04-28T01:35:00.000Z,48.4854,-122.9369,12.4,8.7,190,5,,10+,30.03,,,TRUE,TRUE,,,,,,,OVC,3500,,,,,,,VFR,,,,,,,,,,,,METAR,209
"METAR KO61 280135Z AUTO VRB03KT 9SM FEW060 17/04 A3001 RMK AO2 T01700039 $",KO61,2026-04-28T01:35:00.000Z,38.6840,-120.9880,17,3.9,0,3,,9,30.01,,,TRUE,TRUE,TRUE,,,,,,FEW,6000,,,,,,,VFR,,,,,,,,,,,,METAR,1286
"METAR KDRI 280135Z AUTO 17005KT 10SM 26/21 A2992 RMK AO2 T02560212 $",KDRI,2026-04-28T01:35:00.000Z,30.8344,-93.3358,25.6,21.2,170,5,,10+,29.92,,,TRUE,TRUE,TRUE,,,,,,,,,,,,,,VFR,,,,,,,,,,,,METAR,59
"METAR KN40 280135Z AUTO 15004KT 10SM CLR 13/04 A3024 RMK AO2 T01310039",KN40,2026-04-28T01:35:00.000Z,40.5663,-74.9786,13.1,3.9,150,4,,10+,30.24,,,TRUE,TRUE,,,,,,,,,,,,,,,VFR,,,,,,,,,,,,METAR,560
"METAR KUXL 280135Z AUTO 15010G15KT 10SM OVC025 26/23 A2994 RMK AO2 T02600230",KUXL,2026-04-28T01:35:00.000Z,30.1350,-93.3767,26,23,150,10,15,10+,29.94,,,TRUE,TRUE,,,,,,,OVC,2500,,,,,,,MVFR,,,,,,,,,,,,METAR,2
"METAR K6S8 280135Z AUTO 09003KT 10SM CLR 03/M03 A3000 RMK A01",K6S8,2026-04-28T01:35:00.000Z,45.7030,-108.7610,3,-3,90,3,,10+,30.00,,,TRUE,TRUE,,,,,,,,,,,,,,,VFR,,,,,,,,,,,,METAR,1072
"METAR K0W3 280135Z AUTO 14009KT 10SM CLR 12/06 A3024 RMK AO2 T01240060",K0W3,2026-04-28T01:35:00.000Z,39.5660,-76.2020,12.4,6,140,9,,10+,30.24,,,TRUE,TRUE,,,,,,,,,,,,,,,VFR,,,,,,,,,,,,METAR,125
"METAR KGRN 280135Z AUTO 02006KT 10SM OVC017 03/00 A3001 RMK AO2 T00261003",KGRN,2026-04-28T01:35:00.000Z,42.8039,-102.1810,2.6,-0.3,20,6,,10+,30.01,,,TRUE,TRUE,,,,,,,OVC,1700,,,,,,,MVFR,,,,,,,,,,,,METAR,1080
"METAR KGLX 280135Z AUTO 09017KT 6SM HZ OVC015 24/22 A3003 RMK A01",KGLX,2026-04-28T01:35:00.000Z,28.2347,-88.9843,24,22,90,17,,6,30.03,,,TRUE,TRUE,,,,,,HZ,OVC,1500,,,,,,,MVFR,,,,,,,,,,,,METAR,32
"METAR KFEP 280135Z AUTO 17013KT 10SM SCT047 BKN100 OVC120 18/17 A2956 RMK AO2 LTG DSNT ALQS T01790170",KFEP,2026-04-28T01:35:00.000Z,42.2475,-89.5810,17.9,17,170,13,,10+,29.56,,,TRUE,TRUE,,,,,,,SCT,4700,BKN,10000,OVC,12000,,,VFR,,,,,,,,,,,,METAR,255
"METAR KERV 280135Z AUTO 14003KT 7SM CLR 26/22 A2985 RMK AO2 T02550218",KERV,2026-04-28T01:35:00.000Z,29.9779,-99.0872,25.5,21.8,140,3,,7,29.85,,,TRUE,TRUE,,,,,,,,,,,,,,,VFR,,,,,,,,,,,,METAR,483
"METAR K5T9 280135Z AUTO 09005KT CLR 31/24 A2974 RMK A01",K5T9,2026-04-28T01:35:00.000Z,28.8568,-100.5159,31,24,90,5,,,29.74,,,TRUE,TRUE,,,,,,,,,,,,,,,null,,,,,,,,,,,,METAR,269
"METAR KCPU 280135Z AUTO 30007KT 10SM OVC055 17/04 A3002 RMK AO2 T01680041",KCPU,2026-04-28T01:35:00.000Z,38.1445,-120.6454,16.8,4.1,300,7,,10+,30.02,,,TRUE,TRUE,,,,,,,OVC,5500,,,,,,,VFR,,,,,,,,,,,,METAR,400
"METAR KVLL 280135Z AUTO 14006KT 10SM CLR 17/08 A2980 RMK AO2",KVLL,2026-04-28T01:35:00.000Z,42.5430,-83.1780,17,8,140,6,,10+,29.80,,,TRUE,TRUE,,,,,,,,,,,,,,,VFR,,,,,,,,,,,,METAR,214
"METAR KVVV 280135Z AUTO 34016G22KT 10SM OVC047 07/05 A2982 RMK AO2",KVVV,2026-04-28T01:35:00.000Z,45.2993,-96.4256,7,5,340,16,22,10+,29.82,,,TRUE,TRUE,,,,,,,OVC,4700,,,,,,,VFR,,,,,,,,,,,,METAR,334
"METAR K54A 280135Z AUTO 07012G17KT 10SM SCT050 OVC070 25/20 A3002 RMK AO2",K54A,2026-04-28T01:35:00.000Z,26.8601,-82.2468,25,20,70,12,17,10+,30.02,,,TRUE,TRUE,,,,,,,SCT,5000,OVC,7000,,,,,VFR,,,,,,,,,,,,METAR,2
"METAR KCGC 280135Z AUTO 07008KT 10SM CLR 21/16 A3011 RMK AO2",KCGC,2026-04-28T01:35:00.000Z,28.8660,-82.5741,21,16,70,8,,10+,30.11,,,TRUE,TRUE,,,,,,,,,,,,,,,VFR,,,,,,,,,,,,METAR,3
"METAR K4V0 280135Z AUTO 23004KT 10SM -RA BKN030 BKN044 OVC070 07/04 A2993 RMK AO2 T00670044",K4V0,2026-04-28T01:35:00.000Z,40.0956,-108.7619,6.7,4.4,230,4,,10+,29.93,,,TRUE,TRUE,,,,,,-RA,BKN,3000,BKN,4400,OVC,7000,,,MVFR,,,,,,,,,,,,METAR,1602
"METAR K6A2 280135Z AUTO 00000KT 10SM CLR 17/11 A3015 RMK AO2",K6A2,2026-04-28T01:35:00.000Z,33.2270,-84.2750,17,11,0,0,,10+,30.15,,,TRUE,TRUE,,,,,,,,,,,,,,,VFR,,,,,,,,,,,,METAR,290
"METAR K66R 280135Z AUTO 15007KT 10SM CLR 26/23 A2985 RMK AO2 T02620231",K66R,2026-04-28T01:35:00.000Z,29.6382,-96.5138,26.2,23.1,150,7,,10+,29.85,,,TRUE,TRUE,,,,,,,,,,,,,,,VFR,,,,,,,,,,,,METAR,70
"METAR K4R5 280135Z AUTO 00000KT 10SM DZ OVC006 06/05 A2942 RMK AO2 T00560051",K4R5,2026-04-28T01:35:00.000Z,46.7887,-90.7559,5.6,5.1,0,0,,10+,29.42,,,TRUE,TRUE,,,,,,DZ,OVC,600,,,,,,,IFR,,,,,,,,,,,,METAR,195
"METAR KHMP 280135Z AUTO 10006KT 10SM CLR 18/11 A3016 RMK AO2 T01800113",KHMP,2026-04-28T01:35:00.000Z,33.3916,-84.3312,18,11.3,100,6,,10+,30.16,,,TRUE,TRUE,,,,,,,,,,,,,,,VFR,,,,,,,,,,,,METAR,263
"METAR K4F2 280135Z AUTO 16005KT 10SM SCT044 26/22 A2985 RMK AO2 T02640225",K4F2,2026-04-28T01:35:00.000Z,32.1800,-94.2976,26.4,22.5,160,5,,10+,29.85,,,TRUE,TRUE,,,,,,,SCT,4400,,,,,,,VFR,,,,,,,,,,,,METAR,76
"METAR K1F0 280135Z AUTO 00000KT 10SM CLR 21/16 A2977 RMK AO2 T02150162",K1F0,2026-04-28T01:35:00.000Z,34.1508,-97.1242,21.5,16.2,0,0,,10+,29.77,,,TRUE,TRUE,,,,,,,,,,,,,,,VFR,,,,,,,,,,,,METAR,256
"METAR KGDB 280135Z AUTO 31020G28KT 10SM OVC016 07/06 A2978 RMK AO2 T00670060",KGDB,2026-04-28T01:35:00.000Z,44.7521,-95.5591,6.7,6,310,20,28,10+,29.78,,,TRUE,TRUE,,,,,,,OVC,1600,,,,,,,MVFR,,,,,,,,,,,,METAR,316
"METAR KFSO 280135Z AUTO 10003KT 10SM CLR 12/05 A3017 RMK AO2 T01220052",KFSO,2026-04-28T01:35:00.000Z,44.9411,-73.0997,12.2,5.2,100,3,,10+,30.17,,,TRUE,TRUE,,,,,,,,,,,,,,,VFR,,,,,,,,,,,,METAR,70
"METAR KEZP 280135Z AUTO 6SM BR OVC015 26/24 A2994 RMK A01",KEZP,2026-04-28T01:35:00.000Z,28.2198,-92.7944,26,24,,,,6,29.94,,,TRUE,TRUE,,,,,,BR,OVC,1500,,,,,,,MVFR,,,,,,,,,,,,METAR,30
"METAR KERY 280135Z AUTO 12012KT 10SM OVC060 12/04 A2963 RMK AO2 PK WND 11027/37",KERY,2026-04-28T01:35:00.000Z,46.3151,-85.4568,12,4,120,12,,10+,29.63,,,TRUE,TRUE,,,,,,,OVC,6000,,,,,,,VFR,,,,,,,,,,,,METAR,261
"METAR KWWR 280135Z AUTO 05007KT 10SM CLR 20/07 A2989 RMK AO2 T01960069",KWWR,2026-04-28T01:35:00.000Z,36.4374,-99.5234,19.6,6.9,50,7,,10+,29.89,,,TRUE,TRUE,,,,,,,,,,,,,,,VFR,,,,,,,,,,,,METAR,664
"METAR KHFJ 280135Z AUTO 31007KT 10SM CLR 21/16 A2981 RMK AO2",KHFJ,2026-04-28T01:35:00.000Z,36.9105,-94.0099,21,16,310,7,,10+,29.81,,,TRUE,TRUE,,,,,,,,,,,,,,,VFR,,,,,,,,,,,,METAR,398
"METAR K2M2 280135Z AUTO 16011G16KT 10SM BKN036 BKN041 OVC048 24/18 A2993 RMK A01",K2M2,2026-04-28T01:35:00.000Z,35.2372,-87.2611,24,18,160,11,16,10+,29.93,,,TRUE,TRUE,,,,,,,BKN,3600,BKN,4100,OVC,4800,,,VFR,,,,,,,,,,,,METAR,286
"METAR KRLD 280135Z AUTO 21009KT 10SM CLR 21/04 A2988 RMK AO2 T02100041",KRLD,2026-04-28T01:35:00.000Z,46.3086,-119.3058,21,4.1,210,9,,10+,29.88,,,TRUE,TRUE,,,,,,,,,,,,,,,VFR,,,,,,,,,,,,METAR,118
"METAR KGPC 280135Z AUTO 15016G24KT 10SM -RA SCT010 OVC050 17/ A2972 RMK AO2 LTG DSNT ALQDS T0169////",KGPC,2026-04-28T01:35:00.000Z,39.6350,-86.8160,16.9,,150,16,24,10+,29.72,,,TRUE,TRUE,,,,,,-RA,SCT,1000,OVC,5000,,,,,VFR,,,,,,,,,,,,METAR,254
"METAR KHCD 280135Z AUTO 32013G19KT 10SM BKN015 OVC020 06/06 A2968 RMK AO2 T00600058",KHCD,2026-04-28T01:35:00.000Z,44.8597,-94.3855,6,5.8,320,13,19,10+,29.68,,,TRUE,TRUE,,,,,,,BKN,1500,OVC,2000,,,,,MVFR,,,,,,,,,,,,METAR,320
"METAR K2G4 280135Z AUTO 13014G21KT 10SM CLR 12/05 A3012 RMK AO2",K2G4,2026-04-28T01:35:00.000Z,39.5827,-79.3418,12,5,130,14,21,10+,30.12,,,TRUE,TRUE,,,,,,,,,,,,,,,VFR,,,,,,,,,,,,METAR,908
"METAR KOLG 280135Z AUTO 00000KT 7SM OVC005 04/04 A2949 RMK AO1 P0001",KOLG,2026-04-28T01:35:00.000Z,46.3153,-91.8183,4,4,0,0,,7,29.49,,,TRUE,TRUE,,,,,,,OVC,500,,,,,,,IFR,,,,,,0.01,,,,,,METAR,334
"METAR KEAN 280135Z AUTO 12010KT 10SM SCT038 OVC046 07/M01 A2996 RMK AO2 T00731011",KEAN,2026-04-28T01:35:00.000Z,42.0563,-104.9386,7.3,-1.1,120,10,,10+,29.96,,,TRUE,TRUE,,,,,,,SCT,3800,OVC,4600,,,,,VFR,,,,,,,,,,,,METAR,1452
"METAR KI16 280135Z AUTO 10SM CLR 20/05 A3011 RMK AO2 T02020049",KI16,2026-04-28T01:35:00.000Z,37.5998,-81.5589,20.2,4.9,,,,10+,30.11,,,TRUE,TRUE,,,,,,,,,,,,,,,VFR,,,,,,,,,,,,METAR,528
"METAR KHZX 280135Z AUTO 32016G23KT 10SM -DZ BKN012 OVC018 05/03 A2960 RMK AO2 P0001",KHZX,2026-04-28T01:35:00.000Z,46.6189,-93.3128,5,3,320,16,23,10+,29.60,,,TRUE,TRUE,,,,,,-DZ,BKN,1200,OVC,1800,,,,,MVFR,,,,,,0.01,,,,,,METAR,374
"METAR K4V9 280135Z AUTO 33015G26KT 10SM OVC019 07/03 A2994 RMK AO2",K4V9,2026-04-28T01:35:00.000Z,42.1109,-98.0410,7,3,330,15,26,10+,29.94,,,TRUE,TRUE,,,,,,,OVC,1900,,,,,,,MVFR,,,,,,,,,,,,METAR,1774
"METAR KGVT 280135Z AUTO 15007KT 7SM -RA BR SCT034 SCT044 BKN050 26/25 A2982 RMK AO2 LTG DSNT ALQDS",KGVT,2026-04-28T01:35:00.000Z,33.0669,-96.0614,26,25,150,7,,7,29.82,,,TRUE,TRUE,,,,,,-RA BR,SCT,3400,SCT,4400,BKN,5000,,,VFR,,,,,,,,,,,,METAR,165
"METAR K57C 280135Z AUTO 19006G14KT 10SM CLR 17/15 A2954 RMK AO2 LTG DSNT SE AND NW T01730148",K57C,2026-04-28T01:35:00.000Z,42.7972,-88.3655,17.3,14.8,190,6,14,10+,29.54,,,TRUE,TRUE,,,,,,,,,,,,,,,VFR,,,,,,,,,,,,METAR,454
"METAR KJCA 280135Z AUTO 09004KT 5SM HZ CLR 16/11 A3017 RMK AO2 T01630108",KJCA,2026-04-28T01:35:00.000Z,34.1739,-83.5583,16.3,10.8,90,4,,5,30.17,,,TRUE,TRUE,,,,,,HZ,,,,,,,,,MVFR,,,,,,,,,,,,METAR,287
"METAR KI40 280135Z AUTO 00000KT 10SM CLR 19/08 A2998 RMK AO2",KI40,2026-04-28T01:35:00.000Z,40.3101,-81.8544,19,8,0,0,,10+,29.98,,,TRUE,TRUE,,,,,,,,,,,,,,,VFR,,,,,,,,,,,,METAR,303
"METAR KIPJ 280135Z AUTO 00000KT 10SM CLR 12/10 A3018 RMK AO2 T01220102",KIPJ,2026-04-28T01:35:00.000Z,35.4861,-81.1564,12.2,10.2,0,0,,10+,30.18,,,TRUE,TRUE,,,,,,,,,,,,,,,VFR,,,,,,,,,,,,METAR,266
"METAR KGAO 280135Z AUTO 14007KT 10SM BKN019 25/20 A3001 RMK AO2 T02500203",KGAO,2026-04-28T01:35:00.000Z,29.4352,-90.2599,25,20.3,140,7,,10+,30.01,,,TRUE,TRUE,,,,,,,BKN,1900,,,,,,,MVFR,,,,,,,,,,,,METAR,0
"METAR KAFP 280135Z AUTO 00000KT 10SM CLR 16/07 A3021 RMK AO2 T01550068",KAFP,2026-04-28T01:35:00.000Z,35.0194,-80.0784,15.5,6.8,0,0,,10+,30.21,,,TRUE,TRUE,,,,,,,,,,,,,,,VFR,,,,,,,,,,,,METAR,91
"METAR KGBG 280135Z AUTO 25007KT 200V280 10SM SCT007 SCT033 BKN060 17/17 A2965 RMK AO2 T01720172",KGBG,2026-04-28T01:35:00.000Z,40.9329,-90.4334,17.2,17.2,250,7,,10+,29.65,,,TRUE,TRUE,,,,,,,SCT,700,SCT,3300,BKN,6000,,,VFR,,,,,,,,,,,,METAR,230
"METAR KBWD 280135Z AUTO 16006KT 10SM CLR 26/18 A2980 RMK AO2 RAE0133 P0000 T02630176 $",KBWD,2026-04-28T01:35:00.000Z,31.7898,-98.9522,26.3,17.6,160,6,,10+,29.80,,,TRUE,TRUE,TRUE,,,,,,,,,,,,,,VFR,,,,,,0.005,,,,,,METAR,420
"METAR KDSF 280135Z AUTO 07014KT 9SM CLR 25/22 A3004 RMK A01",KDSF,2026-04-28T01:35:00.000Z,28.3426,-88.2649,25,22,70,14,,9,30.04,,,TRUE,TRUE,,,,,,,,,,,,,,,VFR,,,,,,,,,,,,METAR,40
"METAR KCUH 280135Z AUTO 00000KT 10SM CLR 22/13 A2981 RMK AO2 T02150130",KCUH,2026-04-28T01:35:00.000Z,35.9490,-96.7680,21.5,13,0,0,,10+,29.81,,,TRUE,TRUE,,,,,,,,,,,,,,,VFR,,,,,,,,,,,,METAR,274
"METAR KLMO 280135Z AUTO 00000KT 10SM OVC050 09/02 A2996 RMK AO2 T00930023",KLMO,2026-04-28T01:35:00.000Z,40.1612,-105.1605,9.3,2.3,0,0,,10+,29.96,,,TRUE,TRUE,,,,,,,OVC,5000,,,,,,,VFR,,,,,,,,,,,,METAR,1535
"METAR KLKU 280135Z AUTO 13004KT 10SM CLR 11/05 A3024 RMK AO2 T01150052",KLKU,2026-04-28T01:35:00.000Z,38.0085,-77.9681,11.5,5.2,130,4,,10+,30.24,,,TRUE,TRUE,,,,,,,,,,,,,,,VFR,,,,,,,,,,,,METAR,146
"METAR KGGE 280135Z AUTO 00000KT 10SM CLR 12/11 A3022 RMK AO2",KGGE,2026-04-28T01:35:00.000Z,33.3138,-79.3187,12,11,0,0,,10+,30.22,,,TRUE,TRUE,,,,,,,,,,,,,,,VFR,,,,,,,,,,,,METAR,9
"METAR KCTH 280135Z AUTO 19008G15KT 4SM BR BKN012 26/25 A2995 RMK A01",KCTH,2026-04-28T01:35:00.000Z,28.1960,-91.6670,26,25,190,8,15,4,29.95,,,TRUE,TRUE,,,,,,BR,BKN,1200,,,,,,,MVFR,,,,,,,,,,,,METAR,44
"METAR KBXK 280135Z AUTO 26006G14KT 10SM CLR 24/M02 A2986 RMK AO2",KBXK,2026-04-28T01:35:00.000Z,33.4178,-112.6884,24,-2,260,6,14,10+,29.86,,,TRUE,TRUE,,,,,,,,,,,,,,,VFR,,,,,,,,,,,,METAR,303
"METAR KBXA 280135Z AUTO 16005KT 10SM CLR 25/20 A3001 RMK AO2 T02450198",KBXA,2026-04-28T01:35:00.000Z,30.8104,-89.8628,24.5,19.8,160,5,,10+,30.01,,,TRUE,TRUE,,,,,,,,,,,,,,,VFR,,,,,,,,,,,,METAR,35
"METAR KBKD 280135Z AUTO 00000KT 10SM CLR 28/11 A2978 RMK AO2 T02770111",KBKD,2026-04-28T01:35:00.000Z,32.7206,-98.8931,27.7,11.1,0,0,,10+,29.78,,,TRUE,TRUE,,,,,,,,,,,,,,,VFR,,,,,,,,,,,,METAR,383
"METAR KBGE 280135Z AUTO 12005KT 10SM CLR 22/16 A3009 RMK AO2 T02200156",KBGE,2026-04-28T01:35:00.000Z,30.9709,-84.6344,22,15.6,120,5,,10+,30.09,,,TRUE,TRUE,,,,,,,,,,,,,,,VFR,,,,,,,,,,,,METAR,40
"METAR KBDU 280135Z AUTO 00000KT 10SM SCT046 OVC050 09/03 A2993 RMK AO2",KBDU,2026-04-28T01:35:00.000Z,40.0377,-105.2274,9,3,0,0,,10+,29.93,,,TRUE,TRUE,,,,,,,SCT,4600,OVC,5000,,,,,VFR,,,,,,,,,,,,METAR,1614
"METAR KTME 280135Z AUTO 18008KT 9SM SCT031 27/24 A2987 RMK AO2",KTME,2026-04-28T01:35:00.000Z,29.8060,-95.9030,27,24,180,8,,9,29.87,,,TRUE,TRUE,,,,,,,SCT,3100,,,,,,,VFR,,,,,,,,,,,,METAR,49
"METAR K6P9 280135Z AUTO 00000KT 10SM CLR 23/15 A2981 RMK AO2 T02260147",K6P9,2026-04-28T01:35:00.000Z,32.4293,-98.5959,22.6,14.7,0,0,,10+,29.81,,,TRUE,TRUE,,,,,,,,,,,,,,,VFR,,,,,,,,,,,,METAR,451
"METAR KBYY 280135Z AUTO 13007KT 10SM OVC027 26/26 A2984 RMK AO2 CIG 022V030 T02590259",KBYY,2026-04-28T01:35:00.000Z,28.9717,-95.8584,25.9,25.9,130,7,,10+,29.84,,,TRUE,TRUE,,,,,,,OVC,2700,,,,,,,MVFR,,,,,,,,,,,,METAR,12
"METAR KTKX 280135Z AUTO 20017KT 10SM SCT034 BKN042 OVC055 27/24 A2974 RMK AO2",KTKX,2026-04-28T01:35:00.000Z,36.2226,-90.0367,27,24,200,17,,10+,29.74,,,TRUE,TRUE,,,,,,,SCT,3400,BKN,4200,OVC,5500,,,VFR,,,,,,,,,,,,METAR,73
"METAR KSUZ 280135Z AUTO 21011G16KT 4SM BR SCT036 BKN045 BKN050 26/25 A2981 RMK A01",KSUZ,2026-04-28T01:35:00.000Z,34.5862,-92.4802,26,25,210,11,16,4,29.81,,,TRUE,TRUE,,,,,,BR,SCT,3600,BKN,4500,BKN,5000,,,MVFR,,,,,,,,,,,,METAR,114
"METAR KSTF 280135Z AUTO 18010KT 10SM CLR 27/22 A2992 RMK AO2",KSTF,2026-04-28T01:35:00.000Z,33.4326,-88.8506,27,22,180,10,,10+,29.92,,,TRUE,TRUE,,,,,,,,,,,,,,,VFR,,,,,,,,,,,,METAR,99
"METAR KSHD 280135Z AUTO 18004KT 10SM CLR 14/06 A3023 RMK AO2 T01370055",KSHD,2026-04-28T01:35:00.000Z,38.2601,-78.9013,13.7,5.5,180,4,,10+,30.23,,,TRUE,TRUE,,,,,,,,,,,,,,,VFR,,,,,,,,,,,,METAR,360
"METAR KMPZ 280135Z AUTO 30014G28KT 10SM BKN029 OVC033 16/11 A2969 RMK AO2",KMPZ,2026-04-28T01:35:00.000Z,40.9453,-91.5122,16,11,300,14,28,10+,29.69,,,TRUE,TRUE,,,,,,,BKN,2900,OVC,3300,,,,,MVFR,,,,,,,,,,,,METAR,222
"METAR K74V 280135Z AUTO 22009KT 10SM FEW029 FEW049 SCT075 09/04 A2990 RMK AO2",K74V,2026-04-28T01:35:00.000Z,40.2799,-110.0498,9,4,220,9,,10+,29.90,,,TRUE,TRUE,,,,,,,FEW,2900,FEW,4900,SCT,7500,,,VFR,,,,,,,,,,,,METAR,1567
"METAR KS25 280135Z AUTO 28009KT 10SM BKN055 05/M06 A3002 RMK AO2",KS25,2026-04-28T01:35:00.000Z,47.7954,-103.2567,5,-6,280,9,,10+,30.02,,,TRUE,TRUE,,,,,,,BKN,5500,,,,,,,VFR,,,,,,,,,,,,METAR,632
"METAR KGOO 280135Z AUTO 08004KT 10SM OVC033 11/06 A3003 RMK A01",KGOO,2026-04-28T01:35:00.000Z,39.2240,-121.0030,11,6,80,4,,10+,30.03,,,TRUE,TRUE,,,,,,,OVC,3300,,,,,,,VFR,,,,,,,,,,,,METAR,950
"METAR KRVL 280135Z AUTO 13005G11KT 10SM CLR 17/04 A3017 RMK AO2",KRVL,2026-04-28T01:35:00.000Z,40.6768,-77.6251,17,4,130,5,11,10+,30.17,,,TRUE,TRUE,,,,,,,,,,,,,,,VFR,,,,,,,,,,,,METAR,250
"METAR KMEZ 280135Z AUTO VRB04KT 3/4SM HZ CLR 26/22 A2981 RMK AO2 T02600223",KMEZ,2026-04-28T01:35:00.000Z,34.5414,-94.1918,26,22.3,0,4,,0.75,29.81,,,TRUE,TRUE,,,,,,HZ,,,,,,,,,LIFR,,,,,,,,,,,,METAR,320
"METAR KTWM 280135Z AUTO 00000KT 10SM -RA SCT013 BKN027 OVC060 06/05 A2945 RMK AO2",KTWM,2026-04-28T01:35:00.000Z,47.0192,-91.7447,6,5,0,0,,10+,29.45,,,TRUE,TRUE,,,,,,-RA,SCT,1300,BKN,2700,OVC,6000,,,MVFR,,,,,,,,,,,,METAR,331
"METAR KBNL 280135Z AUTO 16005KT 10SM CLR 15/10 A3021 RMK AO2",KBNL,2026-04-28T01:35:00.000Z,33.2601,-81.3870,15,10,160,5,,10+,30.21,,,TRUE,TRUE,,,,,,,,,,,,,,,VFR,,,,,,,,,,,,METAR,76
"METAR KBNW 280135Z AUTO 29020G28KT 4SM BR OVC011 09/09 A2972 RMK AO2",KBNW,2026-04-28T01:35:00.000Z,42.0486,-93.8486,9,9,290,20,28,4,29.72,,,TRUE,TRUE,,,,,,BR,OVC,1100,,,,,,,MVFR,,,,,,,,,,,,METAR,350
"METAR KC75 280135Z AUTO 17007KT 10SM BKN011 BKN028 BKN065 17/15 A2962 RMK AO2 LTG DSNT NE T01650151",KC75,2026-04-28T01:35:00.000Z,41.0231,-89.3886,16.5,15.1,170,7,,10+,29.62,,,TRUE,TRUE,,,,,,,BKN,1100,BKN,2800,BKN,6500,,,MVFR,,,,,,,,,,,,METAR,166
"METAR KAXX 280135Z AUTO 22005KT 10SM CLR 08/M11 A3002 RMK AO2 T00821107",KAXX,2026-04-28T01:35:00.000Z,36.4220,-105.2900,8.2,-10.7,220,5,,10+,30.02,,,TRUE,TRUE,,,,,,,,,,,,,,,VFR,,,,,,,,,,,,METAR,2543
"METAR KCAV 280135Z AUTO 30021G27KT 10SM OVC017 09/09 A2971 RMK A01",KCAV,2026-04-28T01:35:00.000Z,42.7430,-93.7592,9,9,300,21,27,10+,29.71,,,TRUE,TRUE,,,,,,,OVC,1700,,,,,,,MVFR,,,,,,,,,,,,METAR,352
"METAR KCDN 280135Z AUTO 00000KT 10SM CLR 15/10 A3020 RMK AO2",KCDN,2026-04-28T01:35:00.000Z,34.2815,-80.5636,15,10,0,0,,10+,30.20,,,TRUE,TRUE,,,,,,,,,,,,,,,VFR,,,,,,,,,,,,METAR,90
"METAR KAXA 280135Z AUTO 32017G25KT 10SM BKN015 OVC021 08/08 A2971 RMK A01",KAXA,2026-04-28T01:35:00.000Z,43.0796,-94.2724,8,8,320,17,25,10+,29.71,,,TRUE,TRUE,,,,,,,BKN,1500,OVC,2100,,,,,MVFR,,,,,,,,,,,,METAR,371
"METAR KK70 280135Z AUTO VRB05G11KT 10SM FEW023 26/22 A3001 RMK AO2",KK70,2026-04-28T01:35:00.000Z,25.3220,-80.2770,26,22,0,5,11,10+,30.01,,,TRUE,TRUE,,,,,,,FEW,2300,,,,,,,VFR,,,,,,,,,,,,METAR,20
"METAR KCGE 280135Z AUTO 10005KT 10SM CLR 11/03 A3027 RMK A01",KCGE,2026-04-28T01:35:00.000Z,38.5371,-76.0309,11,3,100,5,,10+,30.27,,,TRUE,TRUE,,,,,,,,,,,,,,,VFR,,,,,,,,,,,,METAR,5
"METAR KTIF 280135Z AUTO 34009KT 10SM OVC019 05/01 A3003 RMK AO2 T00480011",KTIF,2026-04-28T01:35:00.000Z,41.9646,-100.5687,4.8,1.1,340,9,,10+,30.03,,,TRUE,TRUE,,,,,,,OVC,1900,,,,,,,MVFR,,,,,,,,,,,,METAR,888
"METAR KXSA 280135Z AUTO 13003KT 10SM CLR 11/06 A3027 RMK AO2 T01100057",KXSA,2026-04-28T01:35:00.000Z,37.8606,-76.9016,11,5.7,130,3,,10+,30.27,,,TRUE,TRUE,,,,,,,,,,,,,,,VFR,,,,,,,,,,,,METAR,41
"METAR KAVQ 280135Z AUTO 28012G19KT 10SM CLR 26/M05 A2985 RMK AO2",KAVQ,2026-04-28T01:35:00.000Z,32.4112,-111.2160,26,-5,280,12,19,10+,29.85,,,TRUE,TRUE,,,,,,,,,,,,,,,VFR,,,,,,,,,,,,METAR,618
"METAR KIIB 280135Z AUTO 28018G21KT 10SM OVC016 13/10 A2965 RMK AO2 T01260097",KIIB,2026-04-28T01:35:00.000Z,42.4544,-91.9504,12.6,9.7,280,18,21,10+,29.65,,,TRUE,TRUE,,,,,,,OVC,1600,,,,,,,MVFR,,,,,,,,,,,,METAR,294
"METAR KIGQ 280135Z AUTO 14010G19KT 7SM +RA SCT060 SCT070 OVC090 16/15 A2964 RMK AO2 T01600149",KIGQ,2026-04-28T01:35:00.000Z,41.5412,-87.5282,16,14.9,140,10,19,7,29.64,,,TRUE,TRUE,,,,,,+RA,SCT,6000,SCT,7000,OVC,9000,,,VFR,,,,,,,,,,,,METAR,187
"METAR KTOC 280135Z AUTO 00000KT 10SM CLR 14/12 A3019 RMK AO2",KTOC,2026-04-28T01:35:00.000Z,34.5880,-83.2974,14,12,0,0,,10+,30.19,,,TRUE,TRUE,,,,,,,,,,,,,,,VFR,,,,,,,,,,,,METAR,292
"METAR KTXW 280135Z AUTO 12010KT 10SM CLR 29/24 A2980 RMK AO2 T02880238",KTXW,2026-04-28T01:35:00.000Z,26.1824,-97.9742,28.8,23.8,120,10,,10+,29.80,,,TRUE,TRUE,,,,,,,,,,,,,,,VFR,,,,,,,,,,,,METAR,21
"METAR KVER 280135Z AUTO 29010G21KT 10SM SCT034 19/15 A2977 RMK AO2 T01940148",KVER,2026-04-28T01:35:00.000Z,38.9496,-92.6842,19.4,14.8,290,10,21,10+,29.77,,,TRUE,TRUE,,,,,,,SCT,3400,,,,,,,VFR,,,,,,,,,,,,METAR,209
"METAR KANW 280135Z AUTO 34015KT 10SM OVC019 05/02 A3001 RMK AO2 T00520015",KANW,2026-04-28T01:35:00.000Z,42.5748,-99.9984,5.2,1.5,340,15,,10+,30.01,,,TRUE,TRUE,,,,,,,OVC,1900,,,,,,,MVFR,,,,,,,,,,,,METAR,788
"METAR KORS 280135Z AUTO 18007KT 10SM OVC043 14/08 A3003 RMK AO2",KORS,2026-04-28T01:35:00.000Z,48.7081,-122.9092,14,8,180,7,,10+,30.03,,,TRUE,TRUE,,,,,,,OVC,4300,,,,,,,VFR,,,,,,,,,,,,METAR,7
"METAR KANQ 280135Z AUTO 15013G19KT 10SM SCT085 SCT100 17/17 A2971 RMK AO2 LTG DSNT W AND NW",KANQ,2026-04-28T01:35:00.000Z,41.6405,-85.0852,17,17,150,13,19,10+,29.71,,,TRUE,TRUE,,,,,,,SCT,8500,SCT,10000,,,,,VFR,,,,,,,,,,,,METAR,299
"METAR KTYQ 280135Z AUTO 16018G22KT 10SM -TSRA SCT060 BKN085 OVC100 17/14 A2972 RMK AO2 LTG DSNT ALQDS P0001 T01670136",KTYQ,2026-04-28T01:35:00.000Z,40.0345,-86.2488,16.7,13.6,160,18,22,10+,29.72,,,TRUE,TRUE,,,,,,-TSRA,SCT,6000,BKN,8500,OVC,10000,,,VFR,,,,,,0.01,,,,,,METAR,279
"METAR KANK 280135Z AUTO 04011G17KT 020V090 9SM CLR 06/M01 A2994 RMK AO2 T00571012 $",KANK,2026-04-28T01:35:00.000Z,38.5380,-106.0490,5.7,-1.2,40,11,17,9,29.94,,,TRUE,TRUE,TRUE,,,,,,,,,,,,,,VFR,,,,,,,,,,,,METAR,2293
"METAR KTZR 280135Z AUTO 29005KT 7SM -RA SCT050 SCT060 OVC085 17/16 A3001 RMK AO2 LTG DSNT SW P0009 T01700161",KTZR,2026-04-28T01:35:00.000Z,39.8988,-83.1357,17,16.1,290,5,,7,30.01,,,TRUE,TRUE,,,,,,-RA,SCT,5000,SCT,6000,OVC,8500,,,VFR,,,,,,0.09,,,,,,METAR,275
"METAR KVGC 280135Z AUTO 00000KT 10SM CLR 10/04 A3017 RMK AO2",KVGC,2026-04-28T01:35:00.000Z,42.8444,-75.5637,10,4,0,0,,10+,30.17,,,TRUE,TRUE,,,,,,,,,,,,,,,VFR,,,,,,,,,,,,METAR,346
"METAR KI63 280135Z AUTO 28006KT 10SM CLR 18/18 A2965 RMK AO2 T01820175",KI63,2026-04-28T01:35:00.000Z,39.9883,-90.8023,18.2,17.5,280,6,,10+,29.65,,,TRUE,TRUE,,,,,,,,,,,,,,,VFR,,,,,,,,,,,,METAR,221
"METAR KOAR 280135Z AUTO 28012G16KT 10SM CLR 13/07 A3007 RMK AO2",KOAR,2026-04-28T01:35:00.000Z,36.6815,-121.7574,13,7,280,12,16,10+,30.07,,,TRUE,TRUE,,,,,,,,,,,,,,,VFR,,,,,,,,,,,,METAR,41
"METAR KLCQ 280135Z AUTO 10005KT 10SM CLR 17/13 A3015 RMK AO2",KLCQ,2026-04-28T01:35:00.000Z,30.1838,-82.5684,17,13,100,5,,10+,30.15,,,TRUE,TRUE,,,,,,,,,,,,,,,VFR,,,,,,,,,,,,METAR,59
"METAR KHSD 280135Z AUTO 03009KT 10SM CLR 22/12 A2982 RMK A01",KHSD,2026-04-28T01:35:00.000Z,35.6018,-97.7093,22,12,30,9,,10+,29.82,,,TRUE,TRUE,,,,,,,,,,,,,,,VFR,,,,,,,,,,,,METAR,358
"METAR KHSB 280135Z AUTO 20011G18KT 10SM CLR 25/20 A2972 RMK AO2 LTG DSNT NW T02530203",KHSB,2026-04-28T01:35:00.000Z,37.8128,-88.5449,25.3,20.3,200,11,18,10+,29.72,,,TRUE,TRUE,,,,,,,,,,,,,,,VFR,,,,,,,,,,,,METAR,118
"METAR KLHB 280135Z AUTO 16008KT 5SM HZ CLR 28/25 A2982 RMK AO2",KLHB,2026-04-28T01:35:00.000Z,30.8693,-96.6207,28,25,160,8,,5,29.82,,,TRUE,TRUE,,,,,,HZ,,,,,,,,,MVFR,,,,,,,,,,,,METAR,83
"METAR KLLR 280135Z AUTO 33007G14KT 10SM CLR 12/07 A3008 RMK A01",KLLR,2026-04-28T01:35:00.000Z,39.2621,-123.7525,12,7,330,7,14,10+,30.08,,,TRUE,TRUE,,,,,,,,,,,,,,,VFR,,,,,,,,,,,,METAR,572
"METAR KULS 280135Z AUTO 05009KT 10SM CLR 16/06 A2987 RMK AO2",KULS,2026-04-28T01:35:00.000Z,37.6037,-101.3770,16,6,50,9,,10+,29.87,,,TRUE,TRUE,,,,,,,,,,,,,,,VFR,,,,,,,,,,,,METAR,934
"METAR KT74 280135Z AUTO 15009KT 7SM CLR 27/23 A2986 RMK AO2",KT74,2026-04-28T01:35:00.000Z,30.5704,-97.4447,27,23,150,9,,7,29.86,,,TRUE,TRUE,,,,,,,,,,,,,,,VFR,,,,,,,,,,,,METAR,169
"METAR KJHN 280135Z AUTO 07011KT 10SM CLR 16/04 A2988 RMK AO2",KJHN,2026-04-28T01:35:00.000Z,37.5782,-101.7305,16,4,70,11,,10+,29.88,,,TRUE,TRUE,,,,,,,,,,,,,,,VFR,,,,,,,,,,,,METAR,1013
"METAR KUSE 280135Z AUTO 14018G24KT 10SM -DZ CLR 18/15 A2971 RMK AO2",KUSE,2026-04-28T01:35:00.000Z,41.6118,-84.1275,18,15,140,18,24,10+,29.71,,,TRUE,TRUE,,,,,,-DZ,,,,,,,,,VFR,,,,,,,,,,,,METAR,237
"METAR KUWL 280135Z AUTO 13021G38KT 10SM FEW033 SCT065 BKN120 16/15 A2974 RMK A01",KUWL,2026-04-28T01:35:00.000Z,39.8752,-85.3313,16,15,130,21,38,10+,29.74,,,TRUE,TRUE,,,,,,,FEW,3300,SCT,6500,BKN,12000,,,VFR,,,,,,,,,,,,METAR,332
"METAR KIZA 280135Z AUTO 28010KT 10SM CLR 16/05 A3000 RMK AO2",KIZA,2026-04-28T01:35:00.000Z,34.6059,-120.0761,16,5,280,10,,10+,30.00,,,TRUE,TRUE,,,,,,,,,,,,,,,VFR,,,,,,,,,,,,METAR,200
"METAR KW43 280135Z AUTO 35003KT 10SM OVC016 00/M01 A3001 RMK AO2",KW43,2026-04-28T01:35:00.000Z,44.6607,-104.5677,0,-1,350,3,,10+,30.01,,,TRUE,TRUE,,,,,,,OVC,1600,,,,,,,MVFR,,,,,,,,,,,,METAR,1292
"METAR KVBW 280135Z AUTO 14004KT 10SM CLR 13/07 A3020 RMK AO1 T01320067",KVBW,2026-04-28T01:35:00.000Z,38.3660,-78.9680,13.2,6.7,140,4,,10+,30.20,,,TRUE,TRUE,,,,,,,,,,,,,,,VFR,,,,,,,,,,,,METAR,362
"METAR KWYS 280135Z AUTO 07006KT 10SM FEW030 BKN040 OVC047 02/M01 A2991 RMK AO2",KWYS,2026-04-28T01:35:00.000Z,44.6811,-111.1245,2,-1,70,6,,10+,29.91,,,TRUE,TRUE,,,,,,,FEW,3000,BKN,4000,OVC,4700,,,VFR,,,,,,,,,,,,METAR,2025
"METAR KUOX 280135Z AUTO 17012G20KT 130V200 10SM VCTS FEW050 FEW065 SCT075 26/19 A2989 RMK AO2 LTG DSNT SW AND NW PWINO",KUOX,2026-04-28T01:35:00.000Z,34.3851,-89.5435,26,19,170,12,20,10+,29.89,,,TRUE,TRUE,,,,,TRUE,VCTS,FEW,5000,FEW,6500,SCT,7500,,,VFR,,,,,,,,,,,,METAR,123
"METAR KFVX 280135Z AUTO 00000KT 10SM CLR 15/08 A3022 RMK AO2 T01470083",KFVX,2026-04-28T01:35:00.000Z,37.3630,-78.4372,14.7,8.3,0,0,,10+,30.22,,,TRUE,TRUE,,,,,,,,,,,,,,,VFR,,,,,,,,,,,,METAR,129
"METAR KF95 280135Z AUTO 17004KT 10SM BKN050 OVC070 25/20 A3008 RMK AO2",KF95,2026-04-28T01:35:00.000Z,30.4881,-85.1148,25,20,170,4,,10+,30.08,,,TRUE,TRUE,,,,,,,BKN,5000,OVC,7000,,,,,VFR,,,,,,,,,,,,METAR,45
"METAR KY19 280135Z AUTO 34008KT 10SM OVC080 06/M03 A2999 RMK AO2",KY19,2026-04-28T01:35:00.000Z,46.7648,-100.8941,6,-3,340,8,,10+,29.99,,,TRUE,TRUE,,,,,,,OVC,8000,,,,,,,VFR,,,,,,,,,,,,METAR,591
"METAR KCCY 280135Z AUTO 29020G25KT 10SM OVC012 10/09 A2963 RMK AO2",KCCY,2026-04-28T01:35:00.000Z,43.0730,-92.6132,10,9,290,20,25,10+,29.63,,,TRUE,TRUE,,,,,,,OVC,1200,,,,,,,MVFR,,,,,,,,,,,,METAR,340
"METAR KI95 280135Z AUTO 14014G31KT 10SM FEW033 SCT048 BKN070 17/16 A2979 RMK A01",KI95,2026-04-28T01:35:00.000Z,40.6142,-83.6374,17,16,140,14,31,10+,29.79,,,TRUE,TRUE,,,,,,,FEW,3300,SCT,4800,BKN,7000,,,VFR,,,,,,,,,,,,METAR,312
"METAR KC65 280135Z AUTO 22009G16KT 7SM FEW029 SCT046 BKN070 18/17 A2972 RMK A01",KC65,2026-04-28T01:35:00.000Z,41.3636,-86.2998,18,17,220,9,16,7,29.72,,,TRUE,TRUE,,,,,,,FEW,2900,SCT,4600,BKN,7000,,,VFR,,,,,,,,,,,,METAR,241
"METAR KI35 280135Z AUTO 20004KT 10SM CLR 23/12 A3000 RMK AO2 T02270116",KI35,2026-04-28T01:35:00.000Z,36.8577,-83.3586,22.7,11.6,200,4,,10+,30.00,,,TRUE,TRUE,,,,,,,,,,,,,,,VFR,,,,,,,,,,,,METAR,467
"METAR K05U 280135Z AUTO 33012G18KT 5SM HZ SCT027 BKN034 OVC043 05/02 A3001 RMK A01",K05U,2026-04-28T01:35:00.000Z,39.6015,-116.0056,5,2,330,12,18,5,30.01,,,TRUE,TRUE,,,,,,HZ,SCT,2700,BKN,3400,OVC,4300,,,MVFR,,,,,,,,,,,,METAR,1813
"METAR K4V1 280135Z AUTO 25014KT 10SM CLR 17/M11 A2989 RMK AO2",K4V1,2026-04-28T01:35:00.000Z,37.6941,-104.7881,17,-11,250,14,,10+,29.89,,,TRUE,TRUE,,,,,,,,,,,,,,,VFR,,,,,,,,,,,,METAR,1847
"METAR KPO1 280135Z AUTO 28012KT 10SM OVC060 06/M06 A3003 RMK AO2 TSNO",KPO1,2026-04-28T01:35:00.000Z,48.1340,-105.1620,6,-6,280,12,,10+,30.03,,,TRUE,TRUE,,,TRUE,,,,OVC,6000,,,,,,,VFR,,,,,,,,,,,,METAR,621
"METAR KAUN 280135Z AUTO 26005KT 10SM SCT050 BKN055 16/06 A3002 RMK A01",KAUN,2026-04-28T01:35:00.000Z,38.9553,-121.0865,16,6,260,5,,10+,30.02,,,TRUE,TRUE,,,,,,,SCT,5000,BKN,5500,,,,,VFR,,,,,,,,,,,,METAR,453
"METAR K8A1 280135Z AUTO VRB05KT 10SM SCT050 BKN070 BKN085 24/18 A2999 RMK AO2",K8A1,2026-04-28T01:35:00.000Z,34.3996,-86.2682,24,18,0,5,,10+,29.99,,,TRUE,TRUE,,,,,,,SCT,5000,BKN,7000,BKN,8500,,,VFR,,,,,,,,,,,,METAR,615
"METAR K8T6 280135Z AUTO 13012KT 7SM CLR 28/25 A2978 RMK AO2",K8T6,2026-04-28T01:35:00.000Z,28.3656,-98.1174,28,25,130,12,,7,29.78,,,TRUE,TRUE,,,,,,,,,,,,,,,VFR,,,,,,,,,,,,METAR,39
"METAR KIUA 280135Z AUTO 17003KT 10SM CLR 16/02 A3010 RMK AO2 T01570020",KIUA,2026-04-28T01:35:00.000Z,42.9058,-77.3227,15.7,2,170,3,,10+,30.10,,,TRUE,TRUE,,,,,,,,,,,,,,,VFR,,,,,,,,,,,,METAR,248
"METAR KRNC 280135Z AUTO 21009G17KT 180V240 10SM BKN065 OVC075 24/14 A2994 RMK A01",KRNC,2026-04-28T01:35:00.000Z,35.6991,-85.8402,24,14,210,9,17,10+,29.94,,,TRUE,TRUE,,,,,,,BKN,6500,OVC,7500,,,,,VFR,,,,,,,,,,,,METAR,310
"METAR KHJH 280135Z AUTO 34014G20KT 10SM OVC035 10/03 A2995 RMK AO2 T01020030",KHJH,2026-04-28T01:35:00.000Z,40.1493,-97.5872,10.2,3,340,14,20,10+,29.95,,,TRUE,TRUE,,,,,,,OVC,3500,,,,,,,VFR,,,,,,,,,,,,METAR,449
"METAR KADH 280135Z AUTO 19005KT 10SM CLR 25/12 A2978 RMK AO2",KADH,2026-04-28T01:35:00.000Z,34.8021,-96.6701,25,12,190,5,,10+,29.78,,,TRUE,TRUE,,,,,,,,,,,,,,,VFR,,,,,,,,,,,,METAR,301
"METAR KAFK 280135Z AUTO 32014G19KT 10SM OVC023 10/07 A2989 RMK AO2 T01000066",KAFK,2026-04-28T01:35:00.000Z,40.6065,-95.8635,10,6.6,320,14,19,10+,29.89,,,TRUE,TRUE,,,,,,,OVC,2300,,,,,,,MVFR,,,,,,,,,,,,METAR,353
"METAR KRTS 280135Z AUTO 31008KT 10SM BKN050 OVC065 10/M01 A3000 RMK AO2",KRTS,2026-04-28T01:35:00.000Z,39.6658,-119.8731,10,-1,310,8,,10+,30.00,,,TRUE,TRUE,,,,,,,BKN,5000,OVC,6500,,,,,VFR,,,,,,,,,,,,METAR,1537
"METAR KI23 280135Z AUTO 33004KT 2 1/2SM VCTS RA BR BKN055 BKN070 BKN100 17/17 A3000 RMK AO2 LTG DSNT S-NW VIS 2V3",KI23,2026-04-28T01:35:00.000Z,39.5697,-83.4239,17,17,330,4,,2.5,30.00,,,TRUE,TRUE,,,,,,VCTS RA BR,BKN,5500,BKN,7000,BKN,10000,,,IFR,,,,,,,,,,,,METAR,298
"METAR KRVF 280135Z AUTO 02005KT 10SM CLR 08/M07 A2992 RMK AO2",KRVF,2026-04-28T01:35:00.000Z,45.5340,-112.3030,8,-7,20,5,,10+,29.92,,,TRUE,TRUE,,,,,,,,,,,,,,,VFR,,,,,,,,,,,,METAR,1445
"METAR KHYW 280135Z AUTO 00000KT 10SM CLR 11/10 A3023 RMK AO2",KHYW,2026-04-28T01:35:00.000Z,33.8255,-79.1259,11,10,0,0,,10+,30.23,,,TRUE,TRUE,,,,,,,,,,,,,,,VFR,,,,,,,,,,,,METAR,10
"METAR KDPL 280135Z AUTO 09003KT 10SM CLR 12/08 A3025 RMK AO2",KDPL,2026-04-28T01:35:00.000Z,34.9994,-77.9799,12,8,90,3,,10+,30.25,,,TRUE,TRUE,,,,,,,,,,,,,,,VFR,,,,,,,,,,,,METAR,39
"METAR KUKT 280135Z AUTO VRB04KT 10SM CLR 15/04 A3026 RMK AO2",KUKT,2026-04-28T01:35:00.000Z,40.4368,-75.3802,15,4,0,4,,10+,30.26,,,TRUE,TRUE,,,,,,,,,,,,,,,VFR,,,,,,,,,,,,METAR,156
"METAR KMGR 280135Z AUTO 09005KT 10SM CLR 21/13 A3012 RMK AO2 T02100131 $",KMGR,2026-04-28T01:35:00.000Z,31.0835,-83.8035,21,13.1,90,5,,10+,30.12,,,TRUE,TRUE,TRUE,,,,,,,,,,,,,,VFR,,,,,,,,,,,,METAR,86
"METAR KHBI 280135Z AUTO 00000KT 10SM CLR 15/06 A3023 RMK AO2 T01500062",KHBI,2026-04-28T01:35:00.000Z,35.6527,-79.8942,15,6.2,0,0,,10+,30.23,,,TRUE,TRUE,,,,,,,,,,,,,,,VFR,,,,,,,,,,,,METAR,199
"METAR KMKJ 280135Z AUTO 11008G18KT 10SM CLR 14/03 A3019 RMK AO2 T01410032",KMKJ,2026-04-28T01:35:00.000Z,36.8944,-81.3449,14.1,3.2,110,8,18,10+,30.19,,,TRUE,TRUE,,,,,,,,,,,,,,,VFR,,,,,,,,,,,,METAR,777
"METAR KJSY 280135Z AUTO 11003KT 10SM SCT070 BKN085 OVC100 08/M01 A2997 RMK AO2 T00821012",KJSY,2026-04-28T01:35:00.000Z,45.3556,-117.2541,8.2,-1.2,110,3,,10+,29.97,,,TRUE,TRUE,,,,,,,SCT,7000,BKN,8500,OVC,10000,,,VFR,,,,,,,,,,,,METAR,1256
"METAR KIMS 280135Z AUTO 11013G22KT 10SM BKN095 OVC120 16/16 A2985 RMK AO2 P0003",KIMS,2026-04-28T01:35:00.000Z,38.7515,-85.4689,16,16,110,13,22,10+,29.85,,,TRUE,TRUE,,,,,,,BKN,9500,OVC,12000,,,,,VFR,,,,,,0.03,,,,,,METAR,244
"METAR KSCX 280135Z AUTO 19011G25KT 10SM FEW046 BKN065 OVC080 20/12 A2998 RMK A01",KSCX,2026-04-28T01:35:00.000Z,36.4553,-84.5840,20,12,190,11,25,10+,29.98,,,TRUE,TRUE,,,,,,,FEW,4600,BKN,6500,OVC,8000,,,VFR,,,,,,,,,,,,METAR,462
"METAR KIDP 280135Z AUTO 35014G21KT 10SM CLR 19/14 A2984 RMK AO2",KIDP,2026-04-28T01:35:00.000Z,37.1566,-95.7792,19,14,350,14,21,10+,29.84,,,TRUE,TRUE,,,,,,,,,,,,,,,VFR,,,,,,,,,,,,METAR,252
"METAR KCPP 280135Z AUTO 00000KT 10SM CLR 18/09 A3016 RMK AO2",KCPP,2026-04-28T01:35:00.000Z,33.5991,-83.1401,18,9,0,0,,10+,30.16,,,TRUE,TRUE,,,,,,,,,,,,,,,VFR,,,,,,,,,,,,METAR,207
"METAR KHQG 280135Z AUTO 07011KT 10SM CLR 18/05 A2987 RMK AO2",KHQG,2026-04-28T01:35:00.000Z,37.1647,-101.3714,18,5,70,11,,10+,29.87,,,TRUE,TRUE,,,,,,,,,,,,,,,VFR,,,,,,,,,,,,METAR,956
"METAR KSEM 280135Z AUTO 13006KT 10SM BKN060 BKN070 25/19 A3001 RMK AO2",KSEM,2026-04-28T01:35:00.000Z,32.3367,-86.9836,25,19,130,6,,10+,30.01,,,TRUE,TRUE,,,,,,,BKN,6000,BKN,7000,,,,,VFR,,,,,,,,,,,,METAR,48
"METAR KMPE 280135Z AUTO 19006KT 7SM BKN060 BKN075 25/19 A2996 RMK AO2",KMPE,2026-04-28T01:35:00.000Z,32.7975,-89.1250,25,19,190,6,,7,29.96,,,TRUE,TRUE,,,,,,,BKN,6000,BKN,7500,,,,,VFR,,,,,,,,,,,,METAR,134
"METAR KHMT 280135Z AUTO 28006KT 10SM CLR 18/02 A2998 RMK AO2",KHMT,2026-04-28T01:35:00.000Z,33.7303,-117.0272,18,2,280,6,,10+,29.98,,,TRUE,TRUE,,,,,,,,,,,,,,,VFR,,,,,,,,,,,,METAR,462
"METAR KCPF 280135Z AUTO 15003KT 10SM BKN110 22/11 A2995 RMK AO2",KCPF,2026-04-28T01:35:00.000Z,37.3869,-83.2593,22,11,150,3,,10+,29.95,,,TRUE,TRUE,,,,,,,BKN,11000,,,,,,,VFR,,,,,,,,,,,,METAR,382
"METAR KSME 280135Z AUTO 21009G15KT 150V230 10SM BKN075 BKN120 24/12 A2990 RMK AO2 LTG DSNT N AND NW",KSME,2026-04-28T01:35:00.000Z,37.0529,-84.6141,24,12,210,9,15,10+,29.90,,,TRUE,TRUE,,,,,,,BKN,7500,BKN,12000,,,,,VFR,,,,,,,,,,,,METAR,279
"METAR KFSW 280135Z AUTO 27015G22KT 10SM BKN028 OVC037 18/13 A2967 RMK AO2 PK WND 26026/50 PRESRR",KFSW,2026-04-28T01:35:00.000Z,40.6615,-91.3267,18,13,270,15,22,10+,29.67,,,TRUE,TRUE,,,,,,,BKN,2800,OVC,3700,,,,,MVFR,,,,,,,,,,,,METAR,219
"METAR KMWM 280135Z AUTO 31024G32KT 10SM OVC008 07/06 A2973 RMK AO2",KMWM,2026-04-28T01:35:00.000Z,43.9100,-95.1073,7,6,310,24,32,10+,29.73,,,TRUE,TRUE,,,,,,,OVC,800,,,,,,,IFR,,,,,,,,,,,,METAR,427
"METAR K3R7 280135Z AUTO 16006KT 10SM BKN085 25/21 A2994 RMK AO2 T02500212",K3R7,2026-04-28T01:35:00.000Z,30.2427,-92.6759,25,21.2,160,6,,10+,29.94,,,TRUE,TRUE,,,,,,,BKN,8500,,,,,,,VFR,,,,,,,,,,,,METAR,5
"METAR K2J9 280135Z AUTO 10004KT 10SM FEW055 23/18 A3011 RMK AO2",K2J9,2026-04-28T01:35:00.000Z,30.5987,-84.5550,23,18,100,4,,10+,30.11,,,TRUE,TRUE,,,,,,,FEW,5500,,,,,,,VFR,,,,,,,,,,,,METAR,62
"METAR KJRO 280135Z AUTO 34002KT 10SM BKN070 OVC110 19/17 A2995 RMK AO2",KJRO,2026-04-28T01:35:00.000Z,38.9861,-82.5756,19,17,340,2,,10+,29.95,,,TRUE,TRUE,,,,,,,BKN,7000,OVC,11000,,,,,VFR,,,,,,,,,,,,METAR,224
"METAR KJYO 280135Z AUTO 16006KT 10SM CLR 17/08 A3024 RMK AO2",KJYO,2026-04-28T01:35:00.000Z,39.0826,-77.5606,17,8,160,6,,10+,30.24,,,TRUE,TRUE,,,,,,,,,,,,,,,VFR,,,,,,,,,,,,METAR,112
"METAR KU96 280135Z AUTO 24009KT 9SM FEW100 19/M08 A2978 RMK AO2 T01901084",KU96,2026-04-28T01:35:00.000Z,37.4395,-110.5642,19,-8.4,240,9,,9,29.78,,,TRUE,TRUE,,,,,,,FEW,10000,,,,,,,VFR,,,,,,,,,,,,METAR,4388
"METAR K3U3 280135Z AUTO 35006KT 10SM FEW060 BKN075 BKN090 05/M05 A2992 RMK AO2 T00551051 $",K3U3,2026-04-28T01:35:00.000Z,46.1516,-112.8683,5.5,-5.1,350,6,,10+,29.92,,,TRUE,TRUE,TRUE,,,,,,FEW,6000,BKN,7500,BKN,9000,,,VFR,,,,,,,,,,,,METAR,1534
"METAR K06D 280135Z AUTO 33014KT 10SM CLR 04/M13 A2995 RMK AO2",K06D,2026-04-28T01:35:00.000Z,48.8821,-99.6217,4,-13,330,14,,10+,29.95,,,TRUE,TRUE,,,,,,,,,,,,,,,VFR,,,,,,,,,,,,METAR,554
"METAR KTSP 280135Z AUTO 32012G19KT 10SM FEW034 08/03 A3002 RMK AO2",KTSP,2026-04-28T01:35:00.000Z,35.1387,-118.4424,8,3,320,12,19,10+,30.02,,,TRUE,TRUE,,,,,,,FEW,3400,,,,,,,VFR,,,,,,,,,,,,METAR,1209
"METAR KJMR 280135Z AUTO 32011KT 10SM -RA OVC014 06/05 A2962 RMK AO2 P0001",KJMR,2026-04-28T01:35:00.000Z,45.8885,-93.2690,6,5,320,11,,10+,29.62,,,TRUE,TRUE,,,,,,-RA,OVC,1400,,,,,,,MVFR,,,,,,0.01,,,,,,METAR,301
"METAR KGHG 280135Z AUTO 00000KT 10SM CLR 07/03 A3026 RMK AO2",KGHG,2026-04-28T01:35:00.000Z,42.0961,-70.6769,7,3,0,0,,10+,30.26,,,TRUE,TRUE,,,,,,,,,,,,,,,VFR,,,,,,,,,,,,METAR,3
"METAR KGDA 280135Z AUTO 19008G14KT 160V220 10SM SCT047 SCT060 25/19 A2976 RMK AO2 T02480188",KGDA,2026-04-28T01:35:00.000Z,37.3344,-88.1095,24.8,18.8,190,8,14,10+,29.76,,,TRUE,TRUE,,,,,,,SCT,4700,SCT,6000,,,,,VFR,,,,,,,,,,,,METAR,199
"METAR KFYG 280135Z AUTO 13004KT 5SM BR CLR 19/19 A2970 RMK AO2 LTG DSNT E",KFYG,2026-04-28T01:35:00.000Z,38.5877,-90.9915,19,19,130,4,,5,29.70,,,TRUE,TRUE,,,,,,BR,,,,,,,,,MVFR,,,,,,,,,,,,METAR,147
"METAR KAAA 280135Z AUTO 00000KT 10SM CLR 16/16 A2965 RMK AO2 LTG DSNT NE AND E T01550155",KAAA,2026-04-28T01:35:00.000Z,40.1584,-89.3389,15.5,15.5,0,0,,10+,29.65,,,TRUE,TRUE,,,,,,,,,,,,,,,VFR,,,,,,,,,,,,METAR,179
"METAR KFWB 280135Z AUTO 32005KT 7SM 20/18 A2978 RMK AO2 TSNO",KFWB,2026-04-28T01:35:00.000Z,36.6933,-93.4049,20,18,320,5,,7,29.78,,,TRUE,TRUE,,,TRUE,,,,,,,,,,,,VFR,,,,,,,,,,,,METAR,392
"METAR KELK 280135Z AUTO 04009KT 9SM CLR 21/08 A2982 RMK AO2 T02130082 $",KELK,2026-04-28T01:35:00.000Z,35.4261,-99.3926,21.3,8.2,40,9,,9,29.82,,,TRUE,TRUE,TRUE,,,,,,,,,,,,,,VFR,,,,,,,,,,,,METAR,603
"METAR KMYP 280135Z AUTO 30022KT M03/M03 A3018 RMK AO2 PWINO",KMYP,2026-04-28T01:35:00.000Z,38.4972,-106.3200,-3,-3,300,22,,,30.18,,,TRUE,TRUE,,,,,TRUE,,,,,,,,,,null,,,,,,,,,,,,METAR,3629
"METAR KPPA 280135Z AUTO 07010KT 10SM CLR 21/05 A2987 RMK AO2 T02090052",KPPA,2026-04-28T01:35:00.000Z,35.6139,-100.9972,20.9,5.2,70,10,,10+,29.87,,,TRUE,TRUE,,,,,,,,,,,,,,,VFR,,,,,,,,,,,,METAR,989
"METAR KMHL 280135Z AUTO 29014G18KT 10SM CLR 16/12 A2980 RMK AO2",KMHL,2026-04-28T01:35:00.000Z,39.0930,-93.2024,16,12,290,14,18,10+,29.80,,,TRUE,TRUE,,,,,,,,,,,,,,,VFR,,,,,,,,,,,,METAR,236
"METAR KACB 280135Z AUTO 15019G25KT 10SM OVC050 19/08 A2964 RMK AO2 T01920083",KACB,2026-04-28T01:35:00.000Z,44.9867,-85.2022,19.2,8.3,150,19,25,10+,29.64,,,TRUE,TRUE,,,,,,,OVC,5000,,,,,,,VFR,,,,,,,,,,,,METAR,189
"METAR K79S 280135Z AUTO 08005KT 10SM BKN075 OVC110 08/M05 A2988 RMK AO2 T00831046 $",K79S,2026-04-28T01:35:00.000Z,47.8450,-110.6360,8.3,-4.6,80,5,,10+,29.88,,,TRUE,TRUE,TRUE,,,,,,BKN,7500,OVC,11000,,,,,VFR,,,,,,,,,,,,METAR,874
"METAR KHZE 280135Z AUTO 31008KT 10SM BKN065 OVC110 06/M11 A3001 RMK AO2",KHZE,2026-04-28T01:35:00.000Z,47.2880,-101.5770,6,-11,310,8,,10+,30.01,,,TRUE,TRUE,,,,,,,BKN,6500,OVC,11000,,,,,VFR,,,,,,,,,,,,METAR,542
"METAR KCMR 280135Z AUTO 22013KT 180V240 10SM CLR 10/M12 A2999 RMK AO2",KCMR,2026-04-28T01:35:00.000Z,35.3016,-112.1970,10,-12,220,13,,10+,29.99,,,TRUE,TRUE,,,,,,,,,,,,,,,VFR,,,,,,,,,,,,METAR,2039
"METAR KMWO 280135Z AUTO 00000KT 3 1/2SM +TSRA BR SCT065 SCT075 OVC100 17/16 A2995 RMK AO2 LTG DSNT ALQDS P0016",KMWO,2026-04-28T01:35:00.000Z,39.5324,-84.3974,17,16,0,0,,3.5,29.95,,,TRUE,TRUE,,,,,,+TSRA BR,SCT,6500,SCT,7500,OVC,10000,,,MVFR,,,,,,0.16,,,,,,METAR,197
"METAR KCKM 280135Z AUTO 16011KT 10SM A2986 RMK A01",KCKM,2026-04-28T01:35:00.000Z,34.2945,-90.5146,,,160,11,,10+,29.86,,,TRUE,TRUE,,,,,,,,,,,,,,,VFR,,,,,,,,,,,,METAR,52
"METAR KCJR 280135Z AUTO 00000KT 10SM CLR 12/06 A3024 RMK AO2 T01240056",KCJR,2026-04-28T01:35:00.000Z,38.5261,-77.8574,12.4,5.6,0,0,,10+,30.24,,,TRUE,TRUE,,,,,,,,,,,,,,,VFR,,,,,,,,,,,,METAR,90
"METAR KCCA 280135Z AUTO 00000KT 8SM FEW044 FEW080 26/23 A2978 RMK AO2",KCCA,2026-04-28T01:35:00.000Z,35.5946,-92.4455,26,23,0,0,,8,29.78,,,TRUE,TRUE,,,,,,,FEW,4400,FEW,8000,,,,,VFR,,,,,,,,,,,,METAR,152
"METAR KC24 280135Z AUTO 26006KT 10SM CLR 06/M08 A3001 RMK AO2 T00571075 $",KC24,2026-04-28T01:35:00.000Z,37.8220,-106.9303,5.7,-7.5,260,6,,10+,30.01,,,TRUE,TRUE,TRUE,,,,,,,,,,,,,,VFR,,,,,,,,,,,,METAR,8680
"METAR KBYL 280135Z AUTO 19010KT 10SM BKN095 23/11 A2996 RMK AO2 T02310112",KBYL,2026-04-28T01:35:00.000Z,36.7954,-84.2013,23.1,11.2,190,10,,10+,29.96,,,TRUE,TRUE,,,,,,,BKN,9500,,,,,,,VFR,,,,,,,,,,,,METAR,355
"METAR KBWW 280135Z AUTO 33009KT 10SM OVC024 02/00 A3002 RMK AO2",KBWW,2026-04-28T01:35:00.000Z,46.1656,-103.2964,2,0,330,9,,10+,30.02,,,TRUE,TRUE,,,,,,,OVC,2400,,,,,,,MVFR,,,,,,,,,,,,METAR,911
"METAR KBRY 280135Z AUTO 24006G18KT 190V300 10SM BKN055 OVC070 26/15 A2983 RMK AO2 RAB0055E0103 PRESRR P0000 T02570145",KBRY,2026-04-28T01:35:00.000Z,37.8079,-85.5011,25.7,14.5,240,6,18,10+,29.83,,,TRUE,TRUE,,,,,,,BKN,5500,OVC,7000,,,,,VFR,,,,,,0.005,,,,,,METAR,192
"METAR KMYJ 280135Z AUTO 28011G17KT 10SM CLR 19/15 A2971 RMK AO2",KMYJ,2026-04-28T01:35:00.000Z,39.1561,-91.8129,19,15,280,11,17,10+,29.71,,,TRUE,TRUE,,,,,,,,,,,,,,,VFR,,,,,,,,,,,,METAR,249
"METAR KN38 280135Z AUTO 17008KT 10SM CLR 14/03 A3015 RMK AO2",KN38,2026-04-28T01:35:00.000Z,41.7287,-77.3958,14,3,170,8,,10+,30.15,,,TRUE,TRUE,,,,,,,,,,,,,,,VFR,,,,,,,,,,,,METAR,576
"METAR KOIC 280135Z AUTO 19003KT 5SM HZ CLR 11/04 A3017 RMK AO2",KOIC,2026-04-28T01:35:00.000Z,42.5642,-75.5269,11,4,190,3,,5,30.17,,,TRUE,TRUE,,,,,,HZ,,,,,,,,,MVFR,,,,,,,,,,,,METAR,311
"METAR KOKV 280135Z AUTO 14004KT 10SM CLR 13/06 A3020 RMK AO2",KOKV,2026-04-28T01:35:00.000Z,39.1406,-78.1391,13,6,140,4,,10+,30.20,,,TRUE,TRUE,,,,,,,,,,,,,,,VFR,,,,,,,,,,,,METAR,213
"METAR KN79 280135Z AUTO 15004KT 9SM CLR 16/04 A3019 RMK AO2 T01630035",KN79,2026-04-28T01:35:00.000Z,40.8371,-76.5460,16.3,3.5,150,4,,9,30.19,,,TRUE,TRUE,,,,,,,,,,,,,,,VFR,,,,,,,,,,,,METAR,269
"METAR KMOX 280135Z AUTO 34021G29KT 10SM SCT023 OVC050 06/05 A2975 RMK AO2 TSNO",KMOX,2026-04-28T01:35:00.000Z,45.5677,-95.9659,6,5,340,21,29,10+,29.75,,,TRUE,TRUE,,,TRUE,,,,SCT,2300,OVC,5000,,,,,VFR,,,,,,,,,,,,METAR,346
"METAR KGGF 280135Z AUTO 04012G18KT 10SM BKN030 OVC120 06/02 A3000 RMK AO2",KGGF,2026-04-28T01:35:00.000Z,40.8710,-101.7340,6,2,40,12,18,10+,30.00,,,TRUE,TRUE,,,,,,,BKN,3000,OVC,12000,,,,,MVFR,,,,,,,,,,,,METAR,1044
"METAR KMMH 280135Z AUTO 34007KT 9SM FEW035 OVC045 07/M04 A2999 RMK AO2",KMMH,2026-04-28T01:35:00.000Z,37.6253,-118.8384,7,-4,340,7,,9,29.99,,,TRUE,TRUE,,,,,,,FEW,3500,OVC,4500,,,,,VFR,,,,,,,,,,,,METAR,2167
"METAR KSVE 280135Z AUTO 29003KT 10SM SCT065 BKN075 BKN100 13/00 A3000 RMK A01 P000",KSVE,2026-04-28T01:35:00.000Z,40.3760,-120.5742,13,0,290,3,,10+,30.00,,,TRUE,TRUE,,,,,,,SCT,6500,BKN,7500,BKN,10000,,,VFR,,,,,,,,,,,,METAR,1263
"METAR KMGG 280135Z AUTO 32012G17KT 10SM RA OVC014 07/05 A2965 RMK AO2 P0001 T00730053",KMGG,2026-04-28T01:35:00.000Z,45.2354,-93.9896,7.3,5.3,320,12,17,10+,29.65,,,TRUE,TRUE,,,,,,RA,OVC,1400,,,,,,,MVFR,,,,,,0.01,,,,,,METAR,310
"METAR K48A 280135Z AUTO 11004KT 10SM CLR 18/11 A3015 RMK AO2 T01780107",K48A,2026-04-28T01:35:00.000Z,32.3993,-83.2785,17.8,10.7,110,4,,10+,30.15,,,TRUE,TRUE,,,,,,,,,,,,,,,VFR,,,,,,,,,,,,METAR,115
"METAR KOWI 280135Z AUTO 32011G18KT CLR 16/10 A2983 RMK AO2 PWINO",KOWI,2026-04-28T01:35:00.000Z,38.5409,-95.2542,16,10,320,11,18,,29.83,,,TRUE,TRUE,,,,,TRUE,,,,,,,,,,null,,,,,,,,,,,,METAR,292
"METAR KICL 280135Z AUTO 33014G19KT 10SM OVC022 11/08 A2987 RMK AO2",KICL,2026-04-28T01:35:00.000Z,40.7242,-95.0222,11,8,330,14,19,10+,29.87,,,TRUE,TRUE,,,,,,,OVC,2200,,,,,,,MVFR,,,,,,,,,,,,METAR,299
"METAR KAJG 280135Z AUTO 12011KT 10SM SCT038 BKN046 OVC120 18/17 A2974 RMK AO2 LTG DSNT W THRU N T01770173",KAJG,2026-04-28T01:35:00.000Z,38.6093,-87.7251,17.7,17.3,120,11,,10+,29.74,,,TRUE,TRUE,,,,,,,SCT,3800,BKN,4600,OVC,12000,,,VFR,,,,,,,,,,,,METAR,130
"METAR KSEZ 280135Z AUTO 16018G25KT 10SM CLR 15/M10 A2995 RMK AO2",KSEZ,2026-04-28T01:35:00.000Z,34.8467,-111.7884,15,-10,160,18,25,10+,29.95,,,TRUE,TRUE,,,,,,,,,,,,,,,VFR,,,,,,,,,,,,METAR,1455
"METAR KSNH 280135Z AUTO 18011G16KT 10SM OVC050 27/24 A2986 RMK A01",KSNH,2026-04-28T01:35:00.000Z,35.1731,-88.2146,27,24,180,11,16,10+,29.86,,,TRUE,TRUE,,,,,,,OVC,5000,,,,,,,VFR,,,,,,,,,,,,METAR,142
"METAR KTHA 280135Z AUTO 17010G19KT 10SM BKN050 OVC065 24/16 A2995 RMK A01",KTHA,2026-04-28T01:35:00.000Z,35.3804,-86.2419,24,16,170,10,19,10+,29.95,,,TRUE,TRUE,,,,,,,BKN,5000,OVC,6500,,,,,VFR,,,,,,,,,,,,METAR,333
"METAR KPCW 280135Z AUTO 19018G26KT 10SM CLR 19/13 A2979 RMK AO2",KPCW,2026-04-28T01:35:00.000Z,41.5188,-82.8692,19,13,190,18,26,10+,29.79,,,TRUE,TRUE,,,,,,,,,,,,,,,VFR,,,,,,,,,,,,METAR,179
"METAR KPDC 280135Z AUTO 26013G25KT 10SM BKN018 OVC023 16/13 A2956 RMK AO2 T01550125",KPDC,2026-04-28T01:35:00.000Z,43.0194,-91.1212,15.5,12.5,260,13,25,10+,29.56,,,TRUE,TRUE,,,,,,,BKN,1800,OVC,2300,,,,,MVFR,,,,,,,,,,,,METAR,201
"METAR KAIK 280135Z AUTO 15005KT 10SM CLR 16/10 A3021 RMK AO2 T01610099",KAIK,2026-04-28T01:35:00.000Z,33.6510,-81.6821,16.1,9.9,150,5,,10+,30.21,,,TRUE,TRUE,,,,,,,,,,,,,,,VFR,,,,,,,,,,,,METAR,155
"METAR KRGK 280135Z AUTO 29015G20KT 10SM OVC009 10/08 A2954 RMK AO2 LTG DSNT SE",KRGK,2026-04-28T01:35:00.000Z,44.5926,-92.4844,10,8,290,15,20,10+,29.54,,,TRUE,TRUE,,,,,,,OVC,900,,,,,,,IFR,,,,,,,,,,,,METAR,238
"METAR KVKS 280135Z AUTO 17008G13KT 10SM SCT065 BKN080 27/20 A2992 RMK A01",KVKS,2026-04-28T01:35:00.000Z,32.2359,-90.9269,27,20,170,8,13,10+,29.92,,,TRUE,TRUE,,,,,,,SCT,6500,BKN,8000,,,,,VFR,,,,,,,,,,,,METAR,31
"METAR K7S0 280135Z AUTO 17008KT 10SM BKN100 07/02 A2993 RMK A01",K7S0,2026-04-28T01:35:00.000Z,47.5676,-114.0999,7,2,170,8,,10+,29.93,,,TRUE,TRUE,,,,,,,BKN,10000,,,,,,,VFR,,,,,,,,,,,,METAR,941
"METAR KIFA 280135Z AUTO 28020G28KT 10SM OVC015 10/07 A2971 RMK AO2 T01010073",KIFA,2026-04-28T01:35:00.000Z,42.4691,-93.2651,10.1,7.3,280,20,28,10+,29.71,,,TRUE,TRUE,,,,,,,OVC,1500,,,,,,,MVFR,,,,,,,,,,,,METAR,344
"METAR KDWA 280135Z AUTO 21006KT 10SM CLR 19/08 A3001 RMK AO2",KDWA,2026-04-28T01:35:00.000Z,38.5803,-121.8543,19,8,210,6,,10+,30.01,,,TRUE,TRUE,,,,,,,,,,,,,,,VFR,,,,,,,,,,,,METAR,28
"METAR KRCE 280135Z AUTO 04011G16KT 10SM CLR 22/12 A2982 RMK AO2",KRCE,2026-04-28T01:35:00.000Z,35.4971,-97.8255,22,12,40,11,16,10+,29.82,,,TRUE,TRUE,,,,,,,,,,,,,,,VFR,,,,,,,,,,,,METAR,412
"METAR KHHF 280135Z AUTO 07010KT 10SM CLR 22/06 A2984 RMK AO2",KHHF,2026-04-28T01:35:00.000Z,35.8929,-100.4046,22,6,70,10,,10+,29.84,,,TRUE,TRUE,,,,,,,,,,,,,,,VFR,,,,,,,,,,,,METAR,729
"METAR KHNR 280135Z AUTO 31017G25KT 10SM OVC018 08/06 A2984 RMK A01",KHNR,2026-04-28T01:35:00.000Z,41.5842,-95.3358,8,6,310,17,25,10+,29.84,,,TRUE,TRUE,,,,,,,OVC,1800,,,,,,,MVFR,,,,,,,,,,,,METAR,364
"METAR KRAW 280135Z AUTO 28004KT 10SM CLR 19/14 A2979 RMK AO2 T01920141",KRAW,2026-04-28T01:35:00.000Z,38.3484,-93.3436,19.2,14.1,280,4,,10+,29.79,,,TRUE,TRUE,,,,,,,,,,,,,,,VFR,,,,,,,,,,,,METAR,285
"METAR KPWC 280135Z AUTO 34012G19KT 7SM -RA OVC010 04/04 A2966 RMK AO2 CIG 008V013 P0001 T00410041",KPWC,2026-04-28T01:35:00.000Z,46.7266,-94.3849,4.1,4.1,340,12,19,7,29.66,,,TRUE,TRUE,,,,,,-RA,OVC,1000,,,,,,,MVFR,,,,,,0.01,,,,,,METAR,394
"METAR KE01 280135Z AUTO 00000KT 10SM CLR 31/M03 A2980 RMK AO2 TSNO",KE01,2026-04-28T01:35:00.000Z,31.5804,-102.9081,31,-3,0,0,,10+,29.80,,,TRUE,TRUE,,,TRUE,,,,,,,,,,,,VFR,,,,,,,,,,,,METAR,796
"METAR K7BM 280135Z AUTO 22009G18KT 1 3/4SM -SN BKN004 BKN019 OVC038 01/M01 A3000 RMK AO2 VIS 1V5",K7BM,2026-04-28T01:35:00.000Z,38.7990,-106.2190,1,-1,220,9,18,1.75,30.00,,,TRUE,TRUE,,,,,,-SN,BKN,400,BKN,1900,OVC,3800,,,LIFR,,,,,,,,,,,,METAR,2996
"METAR KMBO 280135Z AUTO VRB04G10KT 10SM BKN070 BKN080 26/18 A2993 RMK AO2",KMBO,2026-04-28T01:35:00.000Z,32.4385,-90.1014,26,18,0,4,10,10+,29.93,,,TRUE,TRUE,,,,,,,BKN,7000,BKN,8000,,,,,VFR,,,,,,,,,,,,METAR,98
"METAR KUMP 280135Z AUTO 15020G28KT 8SM -RA SCT065 SCT080 BKN100 BKN120 18/16 A2972 RMK AO2 PK WND 13037/0112 RAB0133 PRESRR P0003 T01780156 $",KUMP,2026-04-28T01:35:00.000Z,39.9360,-86.0478,17.8,15.6,150,20,28,8,29.72,,,TRUE,TRUE,TRUE,,,,,-RA,SCT,6500,SCT,8000,BKN,10000,BKN,12000,VFR,,,,,,0.03,,,,,,METAR,247
"METAR KTWT 280135Z AUTO 21014G23KT 10SM A2973 RMK AO2",KTWT,2026-04-28T01:35:00.000Z,37.5432,-87.9568,,,210,14,23,10+,29.73,,,TRUE,TRUE,,,,,,,,,,,,,,,VFR,,,,,,,,,,,,METAR,113
"METAR KSSI 280135Z AUTO 04009KT 10SM OVC016 18/16 A3017 RMK AO2",KSSI,2026-04-28T01:35:00.000Z,31.1527,-81.3905,18,16,40,9,,10+,30.17,,,TRUE,TRUE,,,,,,,OVC,1600,,,,,,,MVFR,,,,,,,,,,,,METAR,6
"METAR KOQU 280135Z AUTO 09005KT 10SM CLR 12/06 A3024 RMK AO2",KOQU,2026-04-28T01:35:00.000Z,41.5995,-71.4111,12,6,90,5,,10+,30.24,,,TRUE,TRUE,,,,,,,,,,,,,,,VFR,,,,,,,,,,,,METAR,6
"METAR K4B8 280135Z AUTO 20003KT 10SM CLR 13/03 A3025 RMK AO2 T01320029 $",K4B8,2026-04-28T01:35:00.000Z,41.6900,-72.8650,13.2,2.9,200,3,,10+,30.25,,,TRUE,TRUE,TRUE,,,,,,,,,,,,,,VFR,,,,,,,,,,,,METAR,61
"METAR K42J 280135Z AUTO 05006G13KT 10SM OVC021 19/16 A3014 RMK A01",K42J,2026-04-28T01:35:00.000Z,29.8440,-82.0500,19,16,50,6,13,10+,30.14,,,TRUE,TRUE,,,,,,,OVC,2100,,,,,,,MVFR,,,,,,,,,,,,METAR,57
"METAR K3T5 280135Z AUTO 14008KT 10SM BKN240 27/25 A2982 RMK AO2 T02690249 $",K3T5,2026-04-28T01:35:00.000Z,29.9064,-96.9478,26.9,24.9,140,8,,10+,29.82,,,TRUE,TRUE,TRUE,,,,,,BKN,24000,,,,,,,VFR,,,,,,,,,,,,METAR,96
"METAR K2M8 280135Z AUTO 19009KT 10SM OVC047 27/22 A2982 RMK AO2 LTG DSNT S T02670222 $",K2M8,2026-04-28T01:35:00.000Z,35.2760,-89.9310,26.7,22.2,190,9,,10+,29.82,,,TRUE,TRUE,TRUE,,,,,,OVC,4700,,,,,,,VFR,,,,,,,,,,,,METAR,75
"METAR KLKR 280135Z AUTO 00000KT 10SM CLR 15/10 A3019 RMK AO2",KLKR,2026-04-28T01:35:00.000Z,34.7266,-80.8532,15,10,0,0,,10+,30.19,,,TRUE,TRUE,,,,,,,,,,,,,,,VFR,,,,,,,,,,,,METAR,166
"METAR KLLN 280135Z AUTO 23013G18KT 10SM CLR 25/M18 A2987 RMK AO2",KLLN,2026-04-28T01:35:00.000Z,33.5560,-102.3751,25,-18,230,13,18,10+,29.87,,,TRUE,TRUE,,,,,,,,,,,,,,,VFR,,,,,,,,,,,,METAR,1071
"METAR KSUO 280135Z AUTO 34008KT 10SM SCT015 OVC027 04/03 A2998 RMK AO2",KSUO,2026-04-28T01:35:00.000Z,43.2590,-100.8620,4,3,340,8,,10+,29.98,,,TRUE,TRUE,,,,,,,SCT,1500,OVC,2700,,,,,MVFR,,,,,,,,,,,,METAR,830
"METAR KLNL 280135Z AUTO 15006KT 10SM OVC005 12/12 A2947 RMK AO2 T01160116",KLNL,2026-04-28T01:35:00.000Z,46.1514,-89.2108,11.6,11.6,150,6,,10+,29.47,,,TRUE,TRUE,,,,,,,OVC,500,,,,,,,IFR,,,,,,,,,,,,METAR,517
"METAR KLNN 280135Z AUTO 14010G17KT 10SM CLR 20/M01 A2987 RMK AO1 T02041011",KLNN,2026-04-28T01:35:00.000Z,41.6839,-81.3896,20.4,-1.1,140,10,17,10+,29.87,,,TRUE,TRUE,,,,,,,,,,,,,,,VFR,,,,,,,,,,,,METAR,190
"METAR KLOT 280135Z AUTO 20012KT 10SM VCTS SCT009 SCT030 BKN065 16/16 A2960 RMK AO2 LTG DSNT ALQDS",KLOT,2026-04-28T01:35:00.000Z,41.6031,-88.1017,16,16,200,12,,10+,29.60,,,TRUE,TRUE,,,,,,VCTS,SCT,900,SCT,3000,BKN,6500,,,VFR,,,,,,,,,,,,METAR,205
"METAR K2D5 280135Z AUTO 33016G23KT 07/ A2989 RMK AO2",K2D5,2026-04-28T01:35:00.000Z,46.1739,-98.0830,7,,330,16,23,,29.89,,,TRUE,TRUE,,,,,,,,,,,,,,,null,,,,,,,,,,,,METAR,407
"METAR KT78 280135Z AUTO 16006KT 8SM SCT013 SCT021 BKN027 25/24 A2988 RMK AO2",KT78,2026-04-28T01:35:00.000Z,30.0754,-94.6996,25,24,160,6,,8,29.88,,,TRUE,TRUE,,,,,,,SCT,1300,SCT,2100,BKN,2700,,,MVFR,,,,,,,,,,,,METAR,21
"METAR KLRJ 280135Z AUTO 31014G19KT 10SM OVC016 08/08 A2982 RMK AO2",KLRJ,2026-04-28T01:35:00.000Z,42.7771,-96.1950,8,8,310,14,19,10+,29.82,,,TRUE,TRUE,,,,,,,OVC,1600,,,,,,,MVFR,,,,,,,,,,,,METAR,363
"METAR KMHP 280135Z AUTO 10007KT 10SM CLR 16/10 A3020 RMK AO2 T01560102",KMHP,2026-04-28T01:35:00.000Z,32.3740,-82.0790,15.6,10.2,100,7,,10+,30.20,,,TRUE,TRUE,,,,,,,,,,,,,,,VFR,,,,,,,,,,,,METAR,60
"METAR KMOP 280135Z AUTO 15010G15KT 10SM OVC090 19/11 A2971 RMK AO2 T01860113",KMOP,2026-04-28T01:35:00.000Z,43.6229,-84.7430,18.6,11.3,150,10,15,10+,29.71,,,TRUE,TRUE,,,,,,,OVC,9000,,,,,,,VFR,,,,,,,,,,,,METAR,229
"METAR KMKS 280135Z AUTO 00000KT 10SM CLR 13/11 A3021 RMK AO2",KMKS,2026-04-28T01:35:00.000Z,33.1874,-80.0363,13,11,0,0,,10+,30.21,,,TRUE,TRUE,,,,,,,,,,,,,,,VFR,,,,,,,,,,,,METAR,22
"METAR KMJQ 280135Z AUTO 31019G26KT 7SM OVC008 06/05 A2974 RMK AO2",KMJQ,2026-04-28T01:35:00.000Z,43.6496,-94.9885,6,5,310,19,26,7,29.74,,,TRUE,TRUE,,,,,,,OVC,800,,,,,,,IFR,,,,,,,,,,,,METAR,439
"METAR KU55 280135Z AUTO 25012KT 10SM FEW095 10/M07 A2993 RMK A01",KU55,2026-04-28T01:35:00.000Z,37.8511,-112.3912,10,-7,250,12,,10+,29.93,,,TRUE,TRUE,,,,,,,FEW,9500,,,,,,,VFR,,,,,,,,,,,,METAR,2060
"METAR KMLE 280135Z AUTO 31014G22KT 10SM BKN020 OVC025 09/05 A2990 RMK AO2 T00860047",KMLE,2026-04-28T01:35:00.000Z,41.1981,-96.1131,8.6,4.7,310,14,22,10+,29.90,,,TRUE,TRUE,,,,,,,BKN,2000,OVC,2500,,,,,MVFR,,,,,,,,,,,,METAR,318
"METAR KHCO 280135Z AUTO 34013G17KT 10SM SCT060 SCT070 08/M02 A2987 RMK AO2",KHCO,2026-04-28T01:35:00.000Z,48.7524,-96.9376,8,-2,340,13,17,10+,29.87,,,TRUE,TRUE,,,,,,,SCT,6000,SCT,7000,,,,,VFR,,,,,,,,,,,,METAR,250
"METAR KNOW 280135Z AUTO 27007KT 10SM OVC040 12/09 A3005 RMK AO2 T01160085",KNOW,2026-04-28T01:35:00.000Z,48.1394,-123.4033,11.6,8.5,270,7,,10+,30.05,,,TRUE,TRUE,,,,,,,OVC,4000,,,,,,,VFR,,,,,,,,,,,,METAR,3
"METAR KFFM 280135Z AUTO 34016G21KT 10SM BKN050 OVC055 07/05 A2978 RMK AO2",KFFM,2026-04-28T01:35:00.000Z,46.2865,-96.1534,7,5,340,16,21,10+,29.78,,,TRUE,TRUE,,,,,,,BKN,5000,OVC,5500,,,,,VFR,,,,,,,,,,,,METAR,362
"METAR KOBE 280135Z AUTO 05004KT 10SM CLR 22/20 A3005 RMK AO2",KOBE,2026-04-28T01:35:00.000Z,27.2663,-80.8487,22,20,50,4,,10+,30.05,,,TRUE,TRUE,,,,,,,,,,,,,,,VFR,,,,,,,,,,,,METAR,11
"METAR KOEO 280135Z AUTO 30005KT 10SM OVC007 A2958 RMK AO2 P0002",KOEO,2026-04-28T01:35:00.000Z,45.3108,-92.6948,,,300,5,,10+,29.58,,,TRUE,TRUE,,,,,,,OVC,700,,,,,,,IFR,,,,,,0.02,,,,,,METAR,269
"METAR KOGS 280135Z AUTO 00000KT 10SM CLR 13/10 A3011 RMK AO2",KOGS,2026-04-28T01:35:00.000Z,44.6800,-75.4642,13,10,0,0,,10+,30.11,,,TRUE,TRUE,,,,,,,,,,,,,,,VFR,,,,,,,,,,,,METAR,88
"METAR KCOM 280135Z AUTO 16005KT 10SM CLR 29/11 A2983 RMK AO2 T02910112 PWINO",KCOM,2026-04-28T01:35:00.000Z,31.8415,-99.4058,29.1,11.2,160,5,,10+,29.83,,,TRUE,TRUE,,,,,TRUE,,,,,,,,,,VFR,,,,,,,,,,,,METAR,516
"METAR KDED 280135Z AUTO 36005KT 10SM SCT013 BKN021 BKN026 19/18 A3012 RMK AO2 T01950175",KDED,2026-04-28T01:35:00.000Z,29.0750,-81.2860,19.5,17.5,360,5,,10+,30.12,,,TRUE,TRUE,,,,,,,SCT,1300,BKN,2100,BKN,2600,,,MVFR,,,,,,,,,,,,METAR,21
"METAR KX21 280135Z AUTO 02006G12KT 10SM SCT025 BKN033 OVC050 24/22 A3007 RMK AO2",KX21,2026-04-28T01:35:00.000Z,28.6195,-80.8350,24,22,20,6,12,10+,30.07,,,TRUE,TRUE,,,,,,,SCT,2500,BKN,3300,OVC,5000,,,VFR,,,,,,,,,,,,METAR,30
"METAR KE11 280135Z AUTO 27005KT 10SM CLR 29/M06 A2986 RMK AO2 T02861064",KE11,2026-04-28T01:35:00.000Z,32.3281,-102.5283,28.6,-6.4,270,5,,10+,29.86,,,TRUE,TRUE,,,,,,,,,,,,,,,VFR,,,,,,,,,,,,METAR,966
"METAR KDYT 280135Z AUTO 24009KT 7SM -RA SCT018 BKN029 OVC035 06/06 A2949 RMK AO2",KDYT,2026-04-28T01:35:00.000Z,46.7231,-92.0438,6,6,240,9,,7,29.49,,,TRUE,TRUE,,,,,,-RA,SCT,1800,BKN,2900,OVC,3500,,,MVFR,,,,,,,,,,,,METAR,185
"METAR KDXX 280135Z AUTO 33018G25KT 10SM BKN020 OVC027 07/04 A2982 RMK AO2",KDXX,2026-04-28T01:35:00.000Z,44.9839,-96.1789,7,4,330,18,25,10+,29.82,,,TRUE,TRUE,,,,,,,BKN,2000,OVC,2700,,,,,MVFR,,,,,,,,,,,,METAR,327
"METAR KM40 280135Z AUTO 17005KT 10SM OVC060 27/21 A2994 RMK AO2",KM40,2026-04-28T01:35:00.000Z,33.8755,-88.4872,27,21,170,5,,10+,29.94,,,TRUE,TRUE,,,,,,,OVC,6000,,,,,,,VFR,,,,,,,,,,,,METAR,68
"METAR KACJ 280135Z AUTO 09003KT 10SM CLR 19/10 A3009 RMK AO2 T01850096",KACJ,2026-04-28T01:35:00.000Z,32.1106,-84.1841,18.5,9.6,90,3,,10+,30.09,,,TRUE,TRUE,,,,,,,,,,,,,,,VFR,,,,,,,,,,,,METAR,140
"METAR KLUA 280135Z AUTO 00000KT 10SM CLR 11/05 A3021 RMK AO2",KLUA,2026-04-28T01:35:00.000Z,38.6670,-78.5010,11,5,0,0,,10+,30.21,,,TRUE,TRUE,,,,,,,,,,,,,,,VFR,,,,,,,,,,,,METAR,273
"METAR KLKP 280135Z AUTO VRB01KT 10SM CLR 11/02 A3020 RMK AO2",KLKP,2026-04-28T01:35:00.000Z,44.2650,-73.9630,11,2,0,1,,10+,30.20,,,TRUE,TRUE,,,,,,,,,,,,,,,VFR,,,,,,,,,,,,METAR,533
"METAR KMQB 280135Z AUTO 27013G17KT 10SM SCT049 BKN065 OVC090 18/18 A2967 RMK AO2 T01800180",KMQB,2026-04-28T01:35:00.000Z,40.5176,-90.6481,18,18,270,13,17,10+,29.67,,,TRUE,TRUE,,,,,,,SCT,4900,BKN,6500,OVC,9000,,,VFR,,,,,,,,,,,,METAR,205
"METAR KHAE 280135Z AUTO 29011G20KT 10SM CLR 20/13 A2969 RMK AO2",KHAE,2026-04-28T01:35:00.000Z,39.7262,-91.4425,20,13,290,11,20,10+,29.69,,,TRUE,TRUE,,,,,,,,,,,,,,,VFR,,,,,,,,,,,,METAR,230
"METAR KGWR 280135Z AUTO 34009KT 9SM FEW090 FEW120 07/05 A2987 RMK A01",KGWR,2026-04-28T01:35:00.000Z,46.2185,-97.6396,7,5,340,9,,9,29.87,,,TRUE,TRUE,,,,,,,FEW,9000,FEW,12000,,,,,VFR,,,,,,,,,,,,METAR,381
"METAR KGLE 280135Z AUTO 00000KT 10SM CLR 25/17 A2979 RMK AO2 T02500169",KGLE,2026-04-28T01:35:00.000Z,33.6525,-97.1980,25,16.9,0,0,,10+,29.79,,,TRUE,TRUE,,,,,,,,,,,,,,,VFR,,,,,,,,,,,,METAR,250
"METAR KGHW 280135Z AUTO 33020G29KT 10SM OVC013 05/04 A2972 RMK AO2 PK WND 33029/0125 CIG 012V018 T00530044 $",KGHW,2026-04-28T01:35:00.000Z,45.6456,-95.3187,5.3,4.4,330,20,29,10+,29.72,,,TRUE,TRUE,TRUE,,,,,,OVC,1300,,,,,,,MVFR,,,,,,,,,,,,METAR,423
"METAR KFYJ 280135Z AUTO 12003KT 7SM CLR 10/05 A3027 RMK AO1 T01040052",KFYJ,2026-04-28T01:35:00.000Z,37.5224,-76.7663,10.4,5.2,120,3,,7,30.27,,,TRUE,TRUE,,,,,,,,,,,,,,,VFR,,,,,,,,,,,,METAR,3
"METAR KFRH 280135Z AUTO 27005KT 3SM SCT007 BKN012 OVC038 16/16 A2983 RMK AO1",KFRH,2026-04-28T01:35:00.000Z,38.5034,-86.6442,16,16,270,5,,3,29.83,,,TRUE,TRUE,,,,,,,SCT,700,BKN,1200,OVC,3800,,,MVFR,,,,,,,,,,,,METAR,241
"METAR KFKN 280135Z AUTO 07003KT 10SM CLR 09/05 A3027 RMK AO2 T00850047",KFKN,2026-04-28T01:35:00.000Z,36.6984,-76.9032,8.5,4.7,70,3,,10+,30.27,,,TRUE,TRUE,,,,,,,,,,,,,,,VFR,,,,,,,,,,,,METAR,9
"METAR KFKA 280135Z AUTO 28020G28KT 9SM OVC005 10/09 A2956 RMK AO2 LTG DSNT E",KFKA,2026-04-28T01:35:00.000Z,43.6770,-92.1740,10,9,280,20,28,9,29.56,,,TRUE,TRUE,,,,,,,OVC,500,,,,,,,IFR,,,,,,,,,,,,METAR,388
"METAR KEOP 280135Z AUTO 27005KT 6SM -RA BR FEW030 SCT047 BKN070 18/18 A2995 RMK AO2 LTG DSNT SW-N",KEOP,2026-04-28T01:35:00.000Z,39.1669,-82.9282,18,18,270,5,,6,29.95,,,TRUE,TRUE,,,,,,-RA BR,FEW,3000,SCT,4700,BKN,7000,,,VFR,,,,,,,,,,,,METAR,660
"METAR KAQX 280135Z AUTO 00000KT 10SM CLR 14/10 A3021 RMK AO2",KAQX,2026-04-28T01:35:00.000Z,32.9941,-81.2710,14,10,0,0,,10+,30.21,,,TRUE,TRUE,,,,,,,,,,,,,,,VFR,,,,,,,,,,,,METAR,48
"METAR KEVU 280135Z AUTO 31012G17KT 10SM OVC024 12/08 A2984 RMK AO2 T01250091",KEVU,2026-04-28T01:35:00.000Z,40.3524,-94.9137,12.5,8,310,12,17,10+,29.84,,,TRUE,TRUE,,,,,,,OVC,2400,,,,,,,MVFR,,,,,,,,,,,,METAR,351
"METAR KAWG 280135Z AUTO 29015G27KT 1 3/4SM BR OVC021 15/13 A2967 RMK AO2 VIS 1/4V5",KAWG,2026-04-28T01:35:00.000Z,41.2749,-91.6745,15,13,290,15,27,1.75,29.67,,,TRUE,TRUE,,,,,,BR,OVC,2100,,,,,,,IFR,,,,,,,,,,,,METAR,229
"METAR KEVM 280135Z AUTO 33011G16KT 10SM RA OVC009 06/05 A2954 RMK AO2 T00550045",KEVM,2026-04-28T01:35:00.000Z,47.4274,-92.4972,5.5,4.5,330,11,16,10+,29.54,,,TRUE,TRUE,,,,,,RA,OVC,900,,,,,,,IFR,,,,,,,,,,,,METAR,419
"METAR K7L2 280135Z AUTO 35007KT 10SM OVC110 07/M02 A2998 RMK AO2",K7L2,2026-04-28T01:35:00.000Z,46.2190,-100.2449,7,-2,350,7,,10+,29.98,,,TRUE,TRUE,,,,,,,OVC,11000,,,,,,,VFR,,,,,,,,,,,,METAR,541
"METAR K6S2 280135Z AUTO 32005KT 10SM OVC028 12/09 A3013 RMK AO2",K6S2,2026-04-28T01:35:00.000Z,43.9838,-124.1100,12,9,320,5,,10+,30.13,,,TRUE,TRUE,,,,,,,OVC,2800,,,,,,,MVFR,,,,,,,,,,,,METAR,16
"METAR K6B9 280135Z AUTO VRB03KT 10SM CLR 17/02 A3013 RMK AO2",K6B9,2026-04-28T01:35:00.000Z,42.9141,-76.4428,17,2,0,3,,10+,30.13,,,TRUE,TRUE,,,,,,,,,,,,,,,VFR,,,,,,,,,,,,METAR,306
"METAR KCHK 280135Z AUTO 03012KT 10SM CLR 23/12 A2982 RMK AO2",KCHK,2026-04-28T01:35:00.000Z,35.0927,-97.9709,23,12,30,12,,10+,29.82,,,TRUE,TRUE,,,,,,,,,,,,,,,VFR,,,,,,,,,,,,METAR,346
"METAR KCKI 280135Z AUTO 00000KT 10SM CLR 13/10 A3021 RMK AO2",KCKI,2026-04-28T01:35:00.000Z,33.7186,-79.8567,13,10,0,0,,10+,30.21,,,TRUE,TRUE,,,,,,,,,,,,,,,VFR,,,,,,,,,,,,METAR,19
"METAR K60R 280135Z AUTO 16006KT 10SM FEW190 27/25 A2983 RMK AO2 RAB0105E0126 SLP018 P0000 T02650255",K60R,2026-04-28T01:35:00.000Z,30.3680,-96.1130,26.5,25.5,160,6,,10+,29.83,1001.8,,TRUE,TRUE,,,,,,,FEW,19000,,,,,,,VFR,,,,,,0.005,,,,,,METAR,70
"METAR KJYM 280135Z AUTO 15010G15KT 10SM SCT100 16/13 A2974 RMK AO2",KJYM,2026-04-28T01:35:00.000Z,41.9197,-84.5853,16,13,150,10,15,10+,29.74,,,TRUE,TRUE,,,,,,,SCT,10000,,,,,,,VFR,,,,,,,,,,,,METAR,357
"METAR KJYL 280135Z AUTO 00000KT 10SM 12/10 A3022 RMK AO2 T01200103",KJYL,2026-04-28T01:35:00.000Z,32.6459,-81.5894,12,10.3,0,0,,10+,30.22,,,TRUE,TRUE,,,,,,,,,,,,,,,VFR,,,,,,,,,,,,METAR,54
"METAR KJVW 280135Z AUTO 16008G13KT 10SM FEW070 27/20 A2994 RMK A01",KJVW,2026-04-28T01:35:00.000Z,32.3070,-90.4120,27,20,160,8,13,10+,29.94,,,TRUE,TRUE,,,,,,,FEW,7000,,,,,,,VFR,,,,,,,,,,,,METAR,73
"METAR KIIY 280135Z AUTO 11004KT 10SM CLR 17/09 A3017 RMK AO2 T01670093",KIIY,2026-04-28T01:35:00.000Z,33.7797,-82.8135,16.7,9.3,110,4,,10+,30.17,,,TRUE,TRUE,,,,,,,,,,,,,,,VFR,,,,,,,,,,,,METAR,192
"METAR KIDI 280135Z AUTO 14012G22KT 10SM CLR 16/05 A3010 RMK A01",KIDI,2026-04-28T01:35:00.000Z,40.6337,-79.1036,16,5,140,12,22,10+,30.10,,,TRUE,TRUE,,,,,,,,,,,,,,,VFR,,,,,,,,,,,,METAR,425
"METAR KI68 280135Z AUTO 13005KT 3SM TSRA BR SCT047 BKN055 OVC065 17/17 A2994 RMK AO2 LTG DSNT ALQDS",KI68,2026-04-28T01:35:00.000Z,39.4664,-84.2532,17,17,130,5,,3,29.94,,,TRUE,TRUE,,,,,,TSRA BR,SCT,4700,BKN,5500,OVC,6500,,,MVFR,,,,,,,,,,,,METAR,274
"METAR KCFE 280135Z AUTO 32015KT 9SM -RA BKN013 OVC019 07/07 A2962 RMK AO2",KCFE,2026-04-28T01:35:00.000Z,45.1601,-93.8461,7,7,320,15,,9,29.62,,,TRUE,TRUE,,,,,,-RA,BKN,1300,OVC,1900,,,,,MVFR,,,,,,,,,,,,METAR,292
"METAR KCDH 280135Z AUTO 00000KT 6SM HZ BKN043 BKN050 OVC065 26/23 A2983 RMK AO2",KCDH,2026-04-28T01:35:00.000Z,33.6190,-92.7650,26,23,0,0,,6,29.83,,,TRUE,TRUE,,,,,,HZ,BKN,4300,BKN,5000,OVC,6500,,,VFR,,,,,,,,,,,,METAR,38
"METAR KCBK 280135Z AUTO 01008KT 10SM CLR 09/02 A2998 RMK AO2 T00940023",KCBK,2026-04-28T01:35:00.000Z,39.4301,-101.0512,9.4,2.3,10,8,,10+,29.98,,,TRUE,TRUE,,,,,,,,,,,,,,,VFR,,,,,,,,,,,,METAR,970
"METAR KCBG 280135Z AUTO 33014G21KT 7SM -RA BKN011 OVC017 07/06 A2959 RMK AO2 CIG 010V014 P0004 T00710063",KCBG,2026-04-28T01:35:00.000Z,45.5570,-93.2640,7.1,6.3,330,14,21,7,29.59,,,TRUE,TRUE,,,,,,-RA,BKN,1100,OVC,1700,,,,,MVFR,,,,,,0.04,,,,,,METAR,285
"METAR KCAD 280135Z AUTO 16016G24KT 10SM BKN030 BKN036 OVC065 18/11 A2966 RMK AO2 PK WND 19028/07",KCAD,2026-04-28T01:35:00.000Z,44.2785,-85.4207,18,11,160,16,24,10+,29.66,,,TRUE,TRUE,,,,,,,BKN,3000,BKN,3600,OVC,6500,,,MVFR,,,,,,,,,,,,METAR,397
"METAR KBRG 280135Z AUTO 23013G18KT 10SM CLR 22/M17 A2986 RMK AO2 T02161174",KBRG,2026-04-28T01:35:00.000Z,34.6477,-106.8331,21.6,-17.4,230,13,18,10+,29.86,,,TRUE,TRUE,,,,,,,,,,,,,,,VFR,,,,,,,,,,,,METAR,1585
"METAR KBKS 280135Z AUTO 12010KT 10SM CLR 28/25 A2978 RMK AO2 T02800252 $",KBKS,2026-04-28T01:35:00.000Z,27.2064,-98.1216,28,25.2,120,10,,10+,29.78,,,TRUE,TRUE,TRUE,,,,,,,,,,,,,,VFR,,,,,,,,,,,,METAR,34
"METAR KBKN 280135Z AUTO 36006KT 10SM CLR 18/14 A2984 RMK AO2",KBKN,2026-04-28T01:35:00.000Z,36.7431,-97.3479,18,14,360,6,,10+,29.84,,,TRUE,TRUE,,,,,,,,,,,,,,,VFR,,,,,,,,,,,,METAR,208
"METAR KBAX 280135Z AUTO 15011G18KT 10SM CLR 17/05 A2979 RMK AO2 T01660053",KBAX,2026-04-28T01:35:00.000Z,43.7774,-82.9828,16.6,5.3,150,11,18,10+,29.79,,,TRUE,TRUE,,,,,,,,,,,,,,,VFR,,,,,,,,,,,,METAR,229
"METAR KBAC 280135Z AUTO 33013KT 10SM CLR 07/M01 A2990 RMK AO2",KBAC,2026-04-28T01:35:00.000Z,46.9419,-98.0179,7,-1,330,13,,10+,29.90,,,TRUE,TRUE,,,,,,,,,,,,,,,VFR,,,,,,,,,,,,METAR,423
"METAR KHHV 280135Z AUTO 14014G22KT 3SM BR CLR 26/24 A2983 RMK A01",KHHV,2026-04-28T01:35:00.000Z,26.9392,-94.6886,26,24,140,14,22,3,29.83,,,TRUE,TRUE,,,,,,BR,,,,,,,,,MVFR,,,,,,,,,,,,METAR,25
"METAR KGVW 280135Z AUTO 12010KT 3SM BR SCT012 OVC022 25/24 A2991 RMK A01",KGVW,2026-04-28T01:35:00.000Z,29.1303,-94.5466,25,24,120,10,,3,29.91,,,TRUE,TRUE,,,,,,BR,SCT,1200,OVC,2200,,,,,MVFR,,,,,,,,,,,,METAR,37
"METAR KGHB 280135Z AUTO VRB04G12KT 10SM OVC015 25/24 A2996 RMK A01",KGHB,2026-04-28T01:35:00.000Z,27.8403,-91.9878,25,24,0,4,12,10+,29.96,,,TRUE,TRUE,,,,,,,OVC,1500,,,,,,,MVFR,,,,,,,,,,,,METAR,30
"METAR KGDW 280135Z AUTO 13008KT 10SM OVC090 17/08 A2972 RMK AO2 PRESFR",KGDW,2026-04-28T01:35:00.000Z,43.9700,-84.4750,17,8,130,8,,10+,29.72,,,TRUE,TRUE,,,,,,,OVC,9000,,,,,,,VFR,,,,,,,,,,,,METAR,234
"METAR KFSE 280135Z AUTO 35009KT 10SM 06/02 A2979 RMK AO2",KFSE,2026-04-28T01:35:00.000Z,47.5890,-95.7730,6,2,350,9,,10+,29.79,,,TRUE,TRUE,,,,,,,,,,,,,,,VFR,,,,,,,,,,,,METAR,389
"METAR KF17 280135Z AUTO 17009KT 10SM CLR 25/20 A2986 RMK AO2",KF17,2026-04-28T01:35:00.000Z,31.8277,-94.1540,25,20,170,9,,10+,29.86,,,TRUE,TRUE,,,,,,,,,,,,,,,VFR,,,,,,,,,,,,METAR,93
"METAR KEDN 280135Z AUTO 12004KT 10SM CLR 24/17 A3006 RMK AO1 T02410165",KEDN,2026-04-28T01:35:00.000Z,31.2990,-85.9000,24.1,16.5,120,4,,10+,30.06,,,TRUE,TRUE,,,,,,,,,,,,,,,VFR,,,,,,,,,,,,METAR,103
"METAR PAKX 280135Z AUTO 00000KT 5SM -RA BKN027 BKN034 OVC040 06/01 A2961 RMK AO2 P0001",PAKX,2026-04-28T01:35:00.000Z,60.1980,-154.3230,6,1,0,0,,5,29.61,,,TRUE,TRUE,,,,,,-RA,BKN,2700,BKN,3400,OVC,4000,,,MVFR,,,,,,0.01,,,,,,METAR,88
"METAR KEDE 280135Z AUTO 06004KT 10SM CLR 11/04 A3027 RMK AO2 T01130036",KEDE,2026-04-28T01:35:00.000Z,36.0286,-76.5668,11.3,3.6,60,4,,10+,30.27,,,TRUE,TRUE,,,,,,,,,,,,,,,VFR,,,,,,,,,,,,METAR,4
"METAR KE35 280135Z AUTO 26003KT 9SM CLR 27/M04 A2986 RMK AO2 T02681039",KE35,2026-04-28T01:35:00.000Z,31.5151,-106.1457,26.8,-3.9,260,3,,9,29.86,,,TRUE,TRUE,,,,,,,,,,,,,,,VFR,,,,,,,,,,,,METAR,1120
"METAR KDLZ 280135Z AUTO 16004KT 5SM -RA BR FEW055 BKN070 16/16 A2998 RMK AO2",KDLZ,2026-04-28T01:35:00.000Z,40.2810,-83.1140,16,16,160,4,,5,29.98,,,TRUE,TRUE,,,,,,-RA BR,FEW,5500,BKN,7000,,,,,MVFR,,,,,,,,,,,,METAR,287
"METAR K41U 280135Z AUTO 00000KT 10SM SCT035 BKN042 OVC085 06/03 A2995 RMK AO1 T00640034",K41U,2026-04-28T01:35:00.000Z,39.3323,-111.6141,6.4,3.4,0,0,,10+,29.95,,,TRUE,TRUE,,,,,,,SCT,3500,BKN,4200,OVC,8500,,,VFR,,,,,,,,,,,,METAR,1676
"METAR K1S3 280135Z AUTO 00000KT 10SM OVC060 05/M04 A3003 RMK AO2 T00451036",K1S3,2026-04-28T01:35:00.000Z,46.2695,-106.6196,4.5,-3.6,0,0,,10+,30.03,,,TRUE,TRUE,,,,,,,OVC,6000,,,,,,,VFR,,,,,,,,,,,,METAR,831
"METAR KPBM 280135Z AUTO 12022KT 10SM FEW014 A2998 RMK A01",KPBM,2026-04-28T01:35:00.000Z,28.3839,-90.2010,,,120,22,,10+,29.98,,,TRUE,TRUE,,,,,,,FEW,1400,,,,,,,VFR,,,,,,,,,,,,METAR,34
"METAR KPBH 280135Z AUTO 20009G15KT 10SM OVC006 12/12 A2942 RMK AO2 LTG DSNT S T01200120",KPBH,2026-04-28T01:35:00.000Z,45.7064,-90.4052,12,12,200,9,15,10+,29.42,,,TRUE,TRUE,,,,,,,OVC,600,,,,,,,IFR,,,,,,,,,,,,METAR,445
"METAR KHBV 280135Z AUTO 12006KT 10SM CLR 29/26 A2979 RMK AO2 T02860258 $",KHBV,2026-04-28T01:35:00.000Z,27.3516,-98.7415,28.6,25.8,120,6,,10+,29.79,,,TRUE,TRUE,TRUE,,,,,,,,,,,,,,VFR,,,,,,,,,,,,METAR,200
"METAR KMKV 280135Z AUTO 17005KT 10SM CLR 26/20 A2995 RMK AO2 T02590201 $",KMKV,2026-04-28T01:35:00.000Z,31.0935,-92.0723,25.9,20.1,170,5,,10+,29.95,,,TRUE,TRUE,TRUE,,,,,,,,,,,,,,VFR,,,,,,,,,,,,METAR,79
"METAR KMHV 280135Z AUTO 27016G20KT 10SM CLR 13/01 A2995 RMK AO2 PK WND 28030/0115 T01330013 $",KMHV,2026-04-28T01:35:00.000Z,35.0626,-118.1572,13.3,1.3,270,16,20,10+,29.95,,,TRUE,TRUE,TRUE,,,,,,,,,,,,,,VFR,,,,,,,,,,,,METAR,841
"METAR KLRU 280135Z AUTO 27013KT 10SM CLR 24/M15 A2992 RMK AO2 T02401154",KLRU,2026-04-28T01:35:00.000Z,32.2884,-106.9131,24,-15.4,270,13,,10+,29.92,,,TRUE,TRUE,,,,,,,,,,,,,,,VFR,,,,,,,,,,,,METAR,1355
"METAR KLXN 280135Z AUTO 36016G19KT 10SM OVC032 08/01 A3001 RMK AO2 T00800010",KLXN,2026-04-28T01:35:00.000Z,40.7915,-99.7750,8,1,360,16,19,10+,30.01,,,TRUE,TRUE,,,,,,,OVC,3200,,,,,,,VFR,,,,,,,,,,,,METAR,734
"METAR KLWA 280135Z AUTO 23008KT 10SM -RA SCT041 BKN050 OVC065 18/14 A2970 RMK AO2 PRESRR",KLWA,2026-04-28T01:35:00.000Z,42.3476,-86.2578,18,14,230,8,,10+,29.70,,,TRUE,TRUE,,,,,,-RA,SCT,4100,BKN,5000,OVC,6500,,,VFR,,,,,,,,,,,,METAR,199
"METAR KJWY 280135Z AUTO 18009KT 6SM HZ CLR 27/23 A2980 RMK AO2 PRESRR T02750235",KJWY,2026-04-28T01:35:00.000Z,32.4560,-96.9140,27.5,23.5,180,9,,6,29.80,,,TRUE,TRUE,,,,,,HZ,,,,,,,,,VFR,,,,,,,,,,,,METAR,211
"METAR KIKT 280135Z AUTO 13015KT 2 1/2SM HZ OVC055 25/22 A3004 RMK A01",KIKT,2026-04-28T01:35:00.000Z,28.5208,-88.2889,25,22,130,15,,2.5,30.04,,,TRUE,TRUE,,,,,,HZ,OVC,5500,,,,,,,IFR,,,,,,,,,,,,METAR,36
"METAR KASJ 280135Z AUTO 00000KT 10SM CLR 09/06 A3026 RMK AO2 T00880060",KASJ,2026-04-28T01:35:00.000Z,36.2941,-77.1724,8.8,6,0,0,,10+,30.26,,,TRUE,TRUE,,,,,,,,,,,,,,,VFR,,,,,,,,,,,,METAR,20
"METAR KACP 280135Z AUTO 00000KT 10SM CLR A2993 RMK AO2",KACP,2026-04-28T01:35:00.000Z,30.7469,-92.6870,,,0,0,,10+,29.93,,,TRUE,TRUE,,,,,,,,,,,,,,,VFR,,,,,,,,,,,,METAR,31
"METAR KECS 280135Z AUTO 33006KT 10SM CLR 03/M02 A2998 RMK AO2",KECS,2026-04-28T01:35:00.000Z,43.8845,-104.3120,3,-2,330,6,,10+,29.98,,,TRUE,TRUE,,,,,,,,,,,,,,,VFR,,,,,,,,,,,,METAR,1273
"METAR KCKN 280135Z AUTO 34017G26KT 10SM CLR 08/01 A2980 RMK AO2",KCKN,2026-04-28T01:35:00.000Z,47.8404,-96.6201,8,1,340,17,26,10+,29.80,,,TRUE,TRUE,,,,,,,,,,,,,,,VFR,,,,,,,,,,,,METAR,272
"METAR KCFD 280135Z AUTO 17006KT 10SM CLR 27/23 A2985 RMK AO2 T02700229",KCFD,2026-04-28T01:35:00.000Z,30.7171,-96.3347,27,22.9,170,6,,10+,29.85,,,TRUE,TRUE,,,,,,,,,,,,,,,VFR,,,,,,,,,,,,METAR,106
"METAR KLJF 280135Z AUTO 33012G19KT 10SM BKN017 OVC023 06/06 A2967 RMK AO2",KLJF,2026-04-28T01:35:00.000Z,45.0949,-94.5084,6,6,330,12,19,10+,29.67,,,TRUE,TRUE,,,,,,,BKN,1700,OVC,2300,,,,,MVFR,,,,,,,,,,,,METAR,347
"METAR KC09 280135Z AUTO 20008KT 10SM VCTS CLR 17/16 A2958 RMK AO2 LTG DSNT E AND SE P0002 T01660160",KC09,2026-04-28T01:35:00.000Z,41.4317,-88.4152,16.6,16,200,8,,10+,29.58,,,TRUE,TRUE,,,,,,VCTS,,,,,,,,,VFR,,,,,,0.02,,,,,,METAR,179
"METAR KLBO 280135Z AUTO 28008KT 10SM CLR 20/17 A2978 RMK AO2",KLBO,2026-04-28T01:35:00.000Z,37.6449,-92.6544,20,17,280,8,,10+,29.78,,,TRUE,TRUE,,,,,,,,,,,,,,,VFR,,,,,,,,,,,,METAR,399
"METAR KC07 280135Z AUTO 1/4SM -SN OVC001 A3001 RMK AO2",KC07,2026-04-28T01:35:00.000Z,40.3544,-106.6993,,,,,,0.25,30.01,,,TRUE,TRUE,,,,,,-SN,OVC,100,,,,,,,LIFR,,,,,,,,,,,,METAR,3224
"METAR KNUQ 280135Z AUTO 27011KT 7SM CLR 17/06 A3004 RMK AO2",KNUQ,2026-04-28T01:35:00.000Z,37.4059,-122.0491,17,6,270,11,,7,30.04,,,TRUE,TRUE,,,,,,,,,,,,,,,VFR,,,,,,,,,,,,METAR,9
"METAR KL35 280135Z AUTO 27008KT 10SM CLR 06/M02 A3001 RMK AO2 T00631021",KL35,2026-04-28T01:35:00.000Z,34.2626,-116.8551,6.3,-2.1,270,8,,10+,30.01,,,TRUE,TRUE,,,,,,,,,,,,,,,VFR,,,,,,,,,,,,METAR,2062
"METAR K98D 280135Z AUTO 31009KT 10SM CLR 05/04 A2998 RMK AO2",K98D,2026-04-28T01:35:00.000Z,44.7008,-100.1010,5,4,310,9,,10+,29.98,,,TRUE,TRUE,,,,,,,,,,,,,,,VFR,,,,,,,,,,,,METAR,1874
"METAR KFZG 280135Z AUTO 12004KT 10SM CLR 20/12 A3015 RMK AO2 T02000122",KFZG,2026-04-28T01:35:00.000Z,31.6840,-83.2712,20,12.2,120,4,,10+,30.15,,,TRUE,TRUE,,,,,,,,,,,,,,,VFR,,,,,,,,,,,,METAR,105
"SPECI CYRT 280135Z 06010G16KT 15SM SCT013 BKN150 M09/M12 A3013 RMK SC4AC2 SLP207",CYRT,2026-04-28T01:35:00.000Z,62.8110,-92.1000,-9,-12,60,10,16,15,30.13,1020.7,,,,,,,,,,SCT,1300,BKN,15000,,,,,VFR,,,,,,,,,,,,SPECI,29
"METAR KSPF 280135Z AUTO 32004KT 10SM OVC015 01/M00 A3002 RMK AO2",KSPF,2026-04-28T01:35:00.000Z,44.4811,-103.7879,1,0,320,4,,10+,30.02,,,TRUE,TRUE,,,,,,,OVC,1500,,,,,,,MVFR,,,,,,,,,,,,METAR,1191
"METAR KSNC 280135Z AUTO 00000KT 10SM CLR 11/02 A3026 RMK AO2",KSNC,2026-04-28T01:35:00.000Z,41.3830,-72.5060,11,2,0,0,,10+,30.26,,,TRUE,TRUE,,,,,,,,,,,,,,,VFR,,,,,,,,,,,,METAR,114
"METAR KHDE 280135Z AUTO 36016KT 10SM OVC031 08/01 A2998 RMK AO2 T00810010",KHDE,2026-04-28T01:35:00.000Z,40.4496,-99.3363,8.1,1,360,16,,10+,29.98,,,TRUE,TRUE,,,,,,,OVC,3100,,,,,,,VFR,,,,,,,,,,,,METAR,703
"METAR KMVH 280135Z AUTO 19010G18KT 10SM FEW042 FEW060 02/M04 A2994 RMK AO2",KMVH,2026-04-28T01:35:00.000Z,46.8380,-108.9360,2,-4,190,10,18,10+,29.94,,,TRUE,TRUE,,,,,,,FEW,4200,FEW,6000,,,,,VFR,,,,,,,,,,,,METAR,1352
"METAR K24J 280135Z AUTO VRB03KT 10SM FEW044 21/15 A3013 RMK A01",K24J,2026-04-28T01:35:00.000Z,30.2990,-83.0225,21,15,0,3,,10+,30.13,,,TRUE,TRUE,,,,,,,FEW,4400,,,,,,,VFR,,,,,,,,,,,,METAR,30
"METAR KFWS 280135Z AUTO 18008KT 10SM CLR 27/23 A2978 RMK AO2 T02740234 $",KFWS,2026-04-28T01:35:00.000Z,32.5580,-97.3080,27.4,23.4,180,8,,10+,29.78,,,TRUE,TRUE,TRUE,,,,,,,,,,,,,,VFR,,,,,,,,,,,,METAR,211
"METAR K0S9 280135Z AUTO 00000KT 10SM OVC044 14/09 A3002 RMK AO2",K0S9,2026-04-28T01:35:00.000Z,48.0554,-122.8115,14,9,0,0,,10+,30.02,,,TRUE,TRUE,,,,,,,OVC,4400,,,,,,,VFR,,,,,,,,,,,,METAR,33
"METAR KOVL 280135Z AUTO 32016G22KT 10SM OVC017 12/ A2971 RMK AO2",KOVL,2026-04-28T01:35:00.000Z,44.7792,-95.0304,12,,320,16,22,10+,29.71,,,TRUE,TRUE,,,,,,,OVC,1700,,,,,,,MVFR,,,,,,,,,,,,METAR,329
"METAR KMGN 280135Z AUTO 14011G15KT 10SM BKN070 OVC080 18/05 A2965 RMK AO2 T01850050",KMGN,2026-04-28T01:35:00.000Z,45.4241,-84.9130,18.5,5,140,11,15,10+,29.65,,,TRUE,TRUE,,,,,,,BKN,7000,OVC,8000,,,,,VFR,,,,,,,,,,,,METAR,205
"METAR KCQM 280135Z AUTO 33010G16KT 310V010 6SM -RA BR OVC009 05/04 A2957 RMK AO2",KCQM,2026-04-28T01:35:00.000Z,47.8199,-92.6817,5,4,330,10,16,6,29.57,,,TRUE,TRUE,,,,,,-RA BR,OVC,900,,,,,,,IFR,,,,,,,,,,,,METAR,406
"METAR KFPK 280135Z AUTO 16007KT 10SM OVC085 17/13 A2971 RMK AO2",KFPK,2026-04-28T01:35:00.000Z,42.5764,-84.8125,17,13,160,7,,10+,29.71,,,TRUE,TRUE,,,,,,,OVC,8500,,,,,,,VFR,,,,,,,,,,,,METAR,269
"METAR KFOZ 280135Z AUTO 34011G19KT 5SM BR OVC007 03/02 A2964 RMK AO2 RAE0135 CIG 005V009 P0002 T00290024",KFOZ,2026-04-28T01:35:00.000Z,47.7832,-93.6533,2.9,2.4,340,11,19,5,29.64,,,TRUE,TRUE,,,,,,BR,OVC,700,,,,,,,IFR,,,,,,0.02,,,,,,METAR,412
"METAR KFBL 280135Z AUTO 31010G19KT 5SM RA BKN014 OVC019 09/07 A2961 RMK AO2",KFBL,2026-04-28T01:35:00.000Z,44.3298,-93.3119,9,7,310,10,19,5,29.61,,,TRUE,TRUE,,,,,,RA,BKN,1400,OVC,1900,,,,,MVFR,,,,,,,,,,,,METAR,318
"METAR KDTL 280135Z AUTO 34013KT 10SM OVC060 06/06 A2976 RMK AO2 T00570057",KDTL,2026-04-28T01:35:00.000Z,46.8286,-95.8857,5.7,5.7,340,13,,10+,29.76,,,TRUE,TRUE,,,,,,,OVC,6000,,,,,,,VFR,,,,,,,,,,,,METAR,425
"METAR KHII 280135Z AUTO 19007KT 10SM CLR 24/M05 A2984 RMK AO2",KHII,2026-04-28T01:35:00.000Z,34.5659,-114.3522,24,-5,190,7,,10+,29.84,,,TRUE,TRUE,,,,,,,,,,,,,,,VFR,,,,,,,,,,,,METAR,241
"METAR KFKS 280135Z AUTO 16013G25KT 10SM FEW037 OVC043 20/12 A2957 RMK AO2 PK WND 15031/51",KFKS,2026-04-28T01:35:00.000Z,44.6246,-86.1985,20,12,160,13,25,10+,29.57,,,TRUE,TRUE,,,,,,,FEW,3700,OVC,4300,,,,,VFR,,,,,,,,,,,,METAR,189
"METAR KFFX 280135Z AUTO 17005KT 10SM FEW046 OVC050 17/14 A2966 RMK AO2",KFFX,2026-04-28T01:35:00.000Z,43.4417,-85.9936,17,14,170,5,,10+,29.66,,,TRUE,TRUE,,,,,,,FEW,4600,OVC,5000,,,,,VFR,,,,,,,,,,,,METAR,234
"METAR KBQK 280135Z AUTO 06010KT 10SM OVC018 18/14 A3018 RMK AO2 T01760143",KBQK,2026-04-28T01:35:00.000Z,31.2567,-81.4754,17.6,14.3,60,10,,10+,30.18,,,TRUE,TRUE,,,,,,,OVC,1800,,,,,,,MVFR,,,,,,,,,,,,METAR,7
"METAR KDLO 280135Z AUTO 08003KT 10SM SCT055 SCT065 SCT080 18/05 A2999 RMK AO2 T01760045",KDLO,2026-04-28T01:35:00.000Z,35.7449,-119.2387,17.6,4.5,80,3,,10+,29.99,,,TRUE,TRUE,,,,,,,SCT,5500,SCT,6500,SCT,8000,,,VFR,,,,,,,,,,,,METAR,97
"METAR KDBN 280135Z AUTO 08004KT 10SM CLR 18/10 A3016 RMK AO2 T01750103",KDBN,2026-04-28T01:35:00.000Z,32.5632,-82.9855,17.5,10.3,80,4,,10+,30.16,,,TRUE,TRUE,,,,,,,,,,,,,,,VFR,,,,,,,,,,,,METAR,90
"METAR KFFA 280135Z AUTO 03005KT 10SM CLR 12/05 A3024 RMK AO2 T01150046",KFFA,2026-04-28T01:35:00.000Z,36.0165,-75.6739,11.5,4.6,30,5,,10+,30.24,,,TRUE,TRUE,,,,,,,,,,,,,,,VFR,,,,,,,,,,,,METAR,2
"METAR KEZF 280135Z AUTO 00000KT 10SM CLR 13/06 A3024 RMK AO2 T01260055",KEZF,2026-04-28T01:35:00.000Z,38.2685,-77.4480,12.6,5.5,0,0,,10+,30.24,,,TRUE,TRUE,,,,,,,,,,,,,,,VFR,,,,,,,,,,,,METAR,26
"METAR KD60 280135Z AUTO 01007KT 10SM FEW060 03/M09 A3002 RMK AO2",KD60,2026-04-28T01:35:00.000Z,48.3834,-102.8985,3,-9,10,7,,10+,30.02,,,TRUE,TRUE,,,,,,,FEW,6000,,,,,,,VFR,,,,,,,,,,,,METAR,682
"METAR K6R3 280135Z AUTO 15004KT 10SM CLR 25/22 A2989 RMK AO2 T02500216",K6R3,2026-04-28T01:35:00.000Z,30.3580,-95.0070,25,21.6,150,4,,10+,29.89,,,TRUE,TRUE,,,,,,,,,,,,,,,VFR,,,,,,,,,,,,METAR,44
"METAR K6L4 280135Z AUTO 13008G18KT 090V180 10SM CLR 20/06 A3001 RMK AO2",K6L4,2026-04-28T01:35:00.000Z,37.8552,-81.9150,20,6,130,8,18,10+,30.01,,,TRUE,TRUE,,,,,,,,,,,,,,,VFR,,,,,,,,,,,,METAR,504
"METAR K5A9 280135Z AUTO 12007KT 10SM CLR 19/12 A3011 RMK AO2 T01900119",K5A9,2026-04-28T01:35:00.000Z,32.9362,-84.6972,19,11.9,120,7,,10+,30.11,,,TRUE,TRUE,,,,,,,,,,,,,,,VFR,,,,,,,,,,,,METAR,268
"METAR KJAS 280135Z AUTO VRB05KT 9SM SCT025 BKN031 BKN070 26/23 A2989 RMK AO2",KJAS,2026-04-28T01:35:00.000Z,30.8904,-94.0332,26,23,0,5,,9,29.89,,,TRUE,TRUE,,,,,,,SCT,2500,BKN,3100,BKN,7000,,,VFR,,,,,,,,,,,,METAR,60
"METAR K4S2 280135Z AUTO 00000KT 10SM OVC042 13/03 A3005 RMK AO2",K4S2,2026-04-28T01:35:00.000Z,45.6746,-121.5350,13,3,0,0,,10+,30.05,,,TRUE,TRUE,,,,,,,OVC,4200,,,,,,,VFR,,,,,,,,,,,,METAR,183
"METAR KHYX 280135Z AUTO 15015G22KT 10SM BKN110 17/07 A2973 RMK AO2",KHYX,2026-04-28T01:35:00.000Z,43.4319,-83.8648,17,7,150,15,22,10+,29.73,,,TRUE,TRUE,,,,,,,BKN,11000,,,,,,,VFR,,,,,,,,,,,,METAR,181
"METAR KHEG 280135Z AUTO 02007KT 10SM OVC019 19/15 A3018 RMK AO2 TSNO",KHEG,2026-04-28T01:35:00.000Z,30.2771,-81.8087,19,15,20,7,,10+,30.18,,,TRUE,TRUE,,,TRUE,,,,OVC,1900,,,,,,,MVFR,,,,,,,,,,,,METAR,25
"METAR KAQP 280135Z AUTO 34023KT 10SM BKN022 OVC027 07/05 A2978 RMK AO2 PK WND 34037/0051 CIG 016V026 T00680048",KAQP,2026-04-28T01:35:00.000Z,45.2249,-96.0041,6.8,4.8,340,23,,10+,29.78,,,TRUE,TRUE,,,,,,,BKN,2200,OVC,2700,,,,,MVFR,,,,,,,,,,,,METAR,312
"METAR KAMN 280135Z AUTO 16013KT 10SM OVC090 18/12 A2971 RMK AO2",KAMN,2026-04-28T01:35:00.000Z,43.3209,-84.6871,18,12,160,13,,10+,29.71,,,TRUE,TRUE,,,,,,,OVC,9000,,,,,,,VFR,,,,,,,,,,,,METAR,228
"METAR KAIT 280135Z AUTO 33012G18KT 10SM -DZ OVC015 04/04 A2962 RMK AO2",KAIT,2026-04-28T01:35:00.000Z,46.5483,-93.6754,4,4,330,12,18,10+,29.62,,,TRUE,TRUE,,,,,,-DZ,OVC,1500,,,,,,,MVFR,,,,,,,,,,,,METAR,367
"METAR KLAM 280135Z AUTO 16004KT 10SM CLR 15/M14 A2994 RMK AO2 T01471135 $",KLAM,2026-04-28T01:35:00.000Z,35.8789,-106.2621,14.7,-13.5,160,4,,10+,29.94,,,TRUE,TRUE,TRUE,,,,,,,,,,,,,,VFR,,,,,,,,,,,,METAR,2166
"METAR KPOV 280135Z AUTO 12007KT 10SM CLR 18/05 A2996 RMK AO2 T01770045",KPOV,2026-04-28T01:35:00.000Z,41.2090,-81.2479,17.7,4.5,120,7,,10+,29.96,,,TRUE,TRUE,,,,,,,,,,,,,,,VFR,,,,,,,,,,,,METAR,363
"METAR KBMT 280135Z AUTO 15007KT 10SM SCT014 SCT018 OVC026 25/22 A2990 RMK AO2 T02480220",KBMT,2026-04-28T01:35:00.000Z,30.0686,-94.2155,24.8,22,150,7,,10+,29.90,,,TRUE,TRUE,,,,,,,SCT,1400,SCT,1800,OVC,2600,,,MVFR,,,,,,,,,,,,METAR,8
"METAR KONZ 280135Z AUTO 14006KT 10SM CLR 16/12 A2980 RMK AO2",KONZ,2026-04-28T01:35:00.000Z,42.0991,-83.1611,16,12,140,6,,10+,29.80,,,TRUE,TRUE,,,,,,,,,,,,,,,VFR,,,,,,,,,,,,METAR,179
"METAR KO26 280135Z AUTO 18010KT 10SM CLR 14/02 A2997 RMK A01",KO26,2026-04-28T01:35:00.000Z,36.5883,-118.0520,14,2,180,10,,10+,29.97,,,TRUE,TRUE,,,,,,,,,,,,,,,VFR,,,,,,,,,,,,METAR,3680
"METAR KMQS 280135Z AUTO 16003KT 10SM FEW260 12/04 A3026 RMK AO2 T01200043",KMQS,2026-04-28T01:35:00.000Z,39.9773,-75.8605,12,4.3,160,3,,10+,30.26,,,TRUE,TRUE,,,,,,,FEW,26000,,,,,,,VFR,,,,,,,,,,,,METAR,200
"METAR KBPG 280135Z AUTO 22006KT 10SM CLR 29/M04 A2983 RMK AO2 T02901035",KBPG,2026-04-28T01:35:00.000Z,32.2097,-101.5247,29,-3.5,220,6,,10+,29.83,,,TRUE,TRUE,,,,,,,,,,,,,,,VFR,,,,,,,,,,,,METAR,782
"METAR KMQJ 280135Z AUTO 14017G27KT 10SM SCT095 18/17 A2972 RMK AO2 PK WND 13033/0109 RAB0107E0117 P0000 T01760170",KMQJ,2026-04-28T01:35:00.000Z,39.8402,-85.8940,17.6,17,140,17,27,10+,29.72,,,TRUE,TRUE,,,,,,,SCT,9500,,,,,,,VFR,,,,,,0.005,,,,,,METAR,262
"METAR KMCJ 280135Z AUTO 16013G19KT 8SM SCT026 BKN030 BKN044 26/23 A2987 RMK A01",KMCJ,2026-04-28T01:35:00.000Z,29.7139,-95.3967,26,23,160,13,19,8,29.87,,,TRUE,TRUE,,,,,,,SCT,2600,BKN,3000,BKN,4400,,,MVFR,,,,,,,,,,,,METAR,70
"METAR KMCD 280135Z AUTO 10013G24KT 10SM OVC090 06/02 A2968 RMK AO2 PK WND 10026/53",KMCD,2026-04-28T01:35:00.000Z,45.8660,-84.6340,6,2,100,13,24,10+,29.68,,,TRUE,TRUE,,,,,,,OVC,9000,,,,,,,VFR,,,,,,,,,,,,METAR,228
"METAR K10G 280135Z AUTO 16003KT 10SM BKN110 20/08 A2998 RMK AO2",K10G,2026-04-28T01:35:00.000Z,40.5357,-81.9531,20,8,160,3,,10+,29.98,,,TRUE,TRUE,,,,,,,BKN,11000,,,,,,,VFR,,,,,,,,,,,,METAR,371
"METAR KY63 280135Z AUTO 35016G23KT 10SM BKN023 OVC044 07/04 A2978 RMK AO2 T00710040",KY63,2026-04-28T01:35:00.000Z,45.9891,-95.9946,7.1,4,350,16,23,10+,29.78,,,TRUE,TRUE,,,,,,,BKN,2300,OVC,4400,,,,,MVFR,,,,,,,,,,,,METAR,367
"METAR KX59 280135Z AUTO 04011KT 10SM CLR A3005 RMK AO2 $",KX59,2026-04-28T01:35:00.000Z,27.9624,-80.5610,,,40,11,,10+,30.05,,,TRUE,TRUE,TRUE,,,,,,,,,,,,,,VFR,,,,,,,,,,,,METAR,26
"METAR KW99 280135Z AUTO 17004KT 10SM SCT170 17/05 A3015 RMK AO2 T01700051",KW99,2026-04-28T01:35:00.000Z,38.9947,-79.1421,17,5.1,170,4,,10+,30.15,,,TRUE,TRUE,,,,,,,SCT,17000,,,,,,,VFR,,,,,,,,,,,,METAR,288
"METAR KW81 280135Z AUTO 00000KT 10SM CLR 09/06 A3024 RMK AO1 T00940060",KW81,2026-04-28T01:35:00.000Z,37.1813,-78.0977,9.4,6,0,0,,10+,30.24,,,TRUE,TRUE,,,,,,,,,,,,,,,VFR,,,,,,,,,,,,METAR,121
"METAR KCWC 280135Z AUTO 15008G21KT 10SM CLR 23/11 A2979 RMK AO2 T02340105",KCWC,2026-04-28T01:35:00.000Z,33.8629,-98.4914,23.4,10.5,150,8,21,10+,29.79,,,TRUE,TRUE,,,,,,,,,,,,,,,VFR,,,,,,,,,,,,METAR,304
"METAR KCYD 280135Z AUTO 12018KT 10SM CLR 25/22 A3002 RMK AO2",KCYD,2026-04-28T01:35:00.000Z,28.1694,-89.2228,25,22,120,18,,10+,30.02,,,TRUE,TRUE,,,,,,,,,,,,,,,VFR,,,,,,,,,,,,METAR,30
"METAR KCZT 280135Z AUTO 15008KT 7SM CLR 30/22 A2977 RMK AO2",KCZT,2026-04-28T01:35:00.000Z,28.5204,-99.8192,30,22,150,8,,7,29.77,,,TRUE,TRUE,,,,,,,,,,,,,,,VFR,,,,,,,,,,,,METAR,176
"METAR KDKB 280135Z AUTO 18008KT 10SM SCT070 16/16 A2959 RMK AO2 LTG DSNT E AND NW T01570157",KDKB,2026-04-28T01:35:00.000Z,41.9338,-88.7066,15.7,15.7,180,8,,10+,29.59,,,TRUE,TRUE,,,,,,,SCT,7000,,,,,,,VFR,,,,,,,,,,,,METAR,277
"METAR KDKX 280135Z AUTO 24006KT 10SM CLR 22/13 A3000 RMK A01",KDKX,2026-04-28T01:35:00.000Z,35.9658,-83.8717,22,13,240,6,,10+,30.00,,,TRUE,TRUE,,,,,,,,,,,,,,,VFR,,,,,,,,,,,,METAR,253
"METAR KEKE 280135Z AUTO 12020KT 8SM BKN012 25/23 A2989 RMK A01",KEKE,2026-04-28T01:35:00.000Z,28.4971,-91.5702,25,23,120,20,,8,29.89,,,TRUE,TRUE,,,,,,,BKN,1200,,,,,,,MVFR,,,,,,,,,,,,METAR,31
"METAR KDNV 280135Z AUTO 18009KT 10SM SCT047 SCT070 OVC100 16/15 A2974 RMK AO2 P0047 T01560145",KDNV,2026-04-28T01:35:00.000Z,40.2032,-87.5897,15.6,14.5,180,9,,10+,29.74,,,TRUE,TRUE,,,,,,,SCT,4700,SCT,7000,OVC,10000,,,VFR,,,,,,0.47,,,,,,METAR,208
"METAR KDUC 280135Z AUTO 17003KT 10SM CLR 25/09 A2979 RMK AO2",KDUC,2026-04-28T01:35:00.000Z,34.4778,-97.9616,25,9,170,3,,10+,29.79,,,TRUE,TRUE,,,,,,,,,,,,,,,VFR,,,,,,,,,,,,METAR,339
"METAR KDZB 280135Z AUTO 15003KT 5SM HZ CLR 27/21 A2983 RMK AO2 T02720213",KDZB,2026-04-28T01:35:00.000Z,30.5210,-98.3574,27.2,21.3,150,3,,5,29.83,,,TRUE,TRUE,,,,,,HZ,,,,,,,,,MVFR,,,,,,,,,,,,METAR,329
"METAR KMAN 280135Z AUTO 31014KT 10SM CLR 13/M01 A2995 RMK A01",KMAN,2026-04-28T01:35:00.000Z,43.5820,-116.5211,13,-1,310,14,,10+,29.95,,,TRUE,TRUE,,,,,,,,,,,,,,,VFR,,,,,,,,,,,,METAR,773
"METAR KDZJ 280135Z AUTO 13009KT 7SM CLR 16/11 A3017 RMK AO2 T01570110",KDZJ,2026-04-28T01:35:00.000Z,34.8552,-84.0014,15.7,11,130,9,,7,30.17,,,TRUE,TRUE,,,,,,,,,,,,,,,VFR,,,,,,,,,,,,METAR,578
"METAR KEGV 280135Z AUTO 16007KT 5SM BR OVC004 12/12 A2946 RMK AO2 T01150115",KEGV,2026-04-28T01:35:00.000Z,45.9309,-89.2670,11.5,11.5,160,7,,5,29.46,,,TRUE,TRUE,,,,,,BR,OVC,400,,,,,,,LIFR,,,,,,,,,,,,METAR,499
"METAR KEHO 280135Z AUTO 00000KT 10SM CLR 16/09 A3018 RMK AO2 T01590089",KEHO,2026-04-28T01:35:00.000Z,35.2557,-81.5986,15.9,8.9,0,0,,10+,30.18,,,TRUE,TRUE,,,,,,,,,,,,,,,VFR,,,,,,,,,,,,METAR,261
"METAR KM21 280135Z AUTO 19014G20KT 10SM SCT046 SCT055 BKN065 26/18 A2979 RMK AO2 T02590180",KM21,2026-04-28T01:35:00.000Z,37.2291,-87.1542,25.9,18,190,14,20,10+,29.79,,,TRUE,TRUE,,,,,,,SCT,4600,SCT,5500,BKN,6500,,,VFR,,,,,,,,,,,,METAR,127
"METAR KENL 280135Z AUTO 23020G36KT 190V280 10SM TS BKN033 BKN110 26/21 A2969 RMK AO2 LTG DSNT ALQDS T02550205",KENL,2026-04-28T01:35:00.000Z,38.5095,-89.0900,25.5,20.5,230,20,36,10+,29.69,,,TRUE,TRUE,,,,,,TS,BKN,3300,BKN,11000,,,,,VFR,,,,,,,,,,,,METAR,161
"METAR KLNP 280135Z AUTO 17009G14KT 10SM CLR 17/08 A3006 RMK AO2 LTG DSNT NW",KLNP,2026-04-28T01:35:00.000Z,36.9884,-82.5240,17,8,170,9,14,10+,30.06,,,TRUE,TRUE,,,,,,,,,,,,,,,VFR,,,,,,,,,,,,METAR,817
"METAR KKY8 280135Z AUTO 17010G17KT 10SM BKN047 OVC055 26/18 A2977 RMK A01",KKY8,2026-04-28T01:35:00.000Z,37.9530,-86.8592,26,18,170,10,17,10+,29.77,,,TRUE,TRUE,,,,,,,BKN,4700,OVC,5500,,,,,VFR,,,,,,,,,,,,METAR,124
"METAR KFBR 280135Z AUTO 26009KT 5SM -SN SCT004 BKN008 OVC048 02/02 A2999 RMK AO2 T00160015",KFBR,2026-04-28T01:35:00.000Z,41.3941,-110.4060,1.6,1.5,260,9,,5,29.99,,,TRUE,TRUE,,,,,,-SN,SCT,400,BKN,800,OVC,4800,,,IFR,,,,,,,,,,,,METAR,2140
"METAR KK82 280135Z AUTO 36014KT 10SM CLR 10/03 A2997 RMK AO2 TSNO T01010034",KK82,2026-04-28T01:35:00.000Z,39.7606,-98.7957,10.1,3.4,360,14,,10+,29.97,,,TRUE,TRUE,,,TRUE,,,,,,,,,,,,VFR,,,,,,,,,,,,METAR,548
"METAR KJSO 280135Z AUTO 18005KT 10SM FEW038 27/25 A2982 RMK AO2 T02660245 $",KJSO,2026-04-28T01:35:00.000Z,31.8690,-95.2145,26.6,24.5,180,5,,10+,29.82,,,TRUE,TRUE,TRUE,,,,,,FEW,3800,,,,,,,VFR,,,,,,,,,,,,METAR,204
"METAR KJGG 280135Z AUTO 13004KT 10SM CLR A3025 RMK AO2 $",KJGG,2026-04-28T01:35:00.000Z,37.2400,-76.7180,,,130,4,,10+,30.25,,,TRUE,TRUE,TRUE,,,,,,,,,,,,,,VFR,,,,,,,,,,,,METAR,13
"METAR KIOB 280135Z AUTO 19009KT 10SM SCT070 BKN080 BKN110 23/11 A2990 RMK AO2 PWINO",KIOB,2026-04-28T01:35:00.000Z,38.0575,-83.9829,23,11,190,9,,10+,29.90,,,TRUE,TRUE,,,,,TRUE,,SCT,7000,BKN,8000,BKN,11000,,,VFR,,,,,,,,,,,,METAR,301
"METAR KEFK 280135Z AUTO 22005KT 10SM CLR 14/02 A3020 RMK AO2 T01400021",KEFK,2026-04-28T01:35:00.000Z,44.8886,-72.2296,14,2.1,220,5,,10+,30.20,,,TRUE,TRUE,,,,,,,,,,,,,,,VFR,,,,,,,,,,,,METAR,282
"METAR KO32 280135Z AUTO 26006KT 10SM CLR 19/03 A2996 RMK AO2 T01950032",KO32,2026-04-28T01:35:00.000Z,36.6691,-119.4525,19.5,3.2,260,6,,10+,29.96,,,TRUE,TRUE,,,,,,,,,,,,,,,VFR,,,,,,,,,,,,METAR,117
"METAR KO22 280135Z AUTO VRB03KT 10SM FEW041 SCT047 OVC055 13/07 A3002 RMK A01",KO22,2026-04-28T01:35:00.000Z,38.0300,-120.4150,13,7,0,3,,10+,30.02,,,TRUE,TRUE,,,,,,,FEW,4100,SCT,4700,OVC,5500,,,VFR,,,,,,,,,,,,METAR,637
"METAR KMDS 280135Z AUTO 34016G21KT 10SM FEW023 OVC036 06/06 A2985 RMK AO2 TSNO",KMDS,2026-04-28T01:35:00.000Z,44.0141,-97.0817,6,6,340,16,21,10+,29.85,,,TRUE,TRUE,,,TRUE,,,,FEW,2300,OVC,3600,,,,,VFR,,,,,,,,,,,,METAR,524
"METAR KJDD 280135Z AUTO 00000KT 7SM CLR 27/24 A2981 RMK AO2 LTG DSNT SE AND S PRESRR T02740237 $",KJDD,2026-04-28T01:35:00.000Z,32.7403,-95.4945,27.4,23.7,0,0,,7,29.81,,,TRUE,TRUE,TRUE,,,,,,,,,,,,,,VFR,,,,,,,,,,,,METAR,127
"METAR KIYA 280135Z AUTO 16007KT 10SM CLR 25/23 A2995 RMK AO2 T02500230",KIYA,2026-04-28T01:35:00.000Z,29.9760,-92.0826,25,23,160,7,,10+,29.95,,,TRUE,TRUE,,,,,,,,,,,,,,,VFR,,,,,,,,,,,,METAR,4
"METAR KHLX 280135Z AUTO 15005KT 10SM CLR 13/06 A3019 RMK AO2",KHLX,2026-04-28T01:35:00.000Z,36.7637,-80.8211,13,6,150,5,,10+,30.19,,,TRUE,TRUE,,,,,,,,,,,,,,,VFR,,,,,,,,,,,,METAR,819
"METAR KPTD 280135Z AUTO 00000KT 10SM CLR 14/06 A3012 RMK AO2 PNO",KPTD,2026-04-28T01:35:00.000Z,44.6757,-74.9469,14,6,0,0,,10+,30.12,,,TRUE,TRUE,,,,,,,,,,,,,,,VFR,,,,,,,,,,,,METAR,144
"METAR KBDH 280135Z AUTO 33019G24KT 10SM OVC014 07/06 A2971 RMK AO2",KBDH,2026-04-28T01:35:00.000Z,45.1111,-95.1258,7,6,330,19,24,10+,29.71,,,TRUE,TRUE,,,,,,,OVC,1400,,,,,,,MVFR,,,,,,,,,,,,METAR,341
"METAR KY70 280135Z AUTO 15016KT 10SM OVC075 17/13 A2969 RMK AO2",KY70,2026-04-28T01:35:00.000Z,42.9397,-85.0653,17,13,150,16,,10+,29.69,,,TRUE,TRUE,,,,,,,OVC,7500,,,,,,,VFR,,,,,,,,,,,,METAR,247
"METAR KUTA 280135Z AUTO 18008KT 10SM SCT045 SCT050 27/24 A2985 RMK AO2 T02670240 $",KUTA,2026-04-28T01:35:00.000Z,34.6766,-90.3440,26.7,24,180,8,,10+,29.85,,,TRUE,TRUE,TRUE,,,,,,SCT,4500,SCT,5000,,,,,VFR,,,,,,,,,,,,METAR,58
"METAR KTYL 280135Z AUTO 22016G28KT 10SM CLR 15/M16 A2998 RMK AO2",KTYL,2026-04-28T01:35:00.000Z,34.4577,-110.1118,15,-16,220,16,28,10+,29.98,,,TRUE,TRUE,,,,,,,,,,,,,,,VFR,,,,,,,,,,,,METAR,1748
"METAR KFGN 280135Z AUTO 03009KT 10SM BKN070 OVC080 05/01 A2979 RMK AO2",KFGN,2026-04-28T01:35:00.000Z,49.3180,-94.9020,5,1,30,9,,10+,29.79,,,TRUE,TRUE,,,,,,,BKN,7000,OVC,8000,,,,,VFR,,,,,,,,,,,,METAR,327
"METAR KD57 280135Z AUTO 31010KT 10SM SCT045 SCT050 OVC095 05/M06 A2999 RMK AO2",KD57,2026-04-28T01:35:00.000Z,46.8140,-101.8640,5,-6,310,10,,10+,29.99,,,TRUE,TRUE,,,,,,,SCT,4500,SCT,5000,OVC,9500,,,VFR,,,,,,,,,,,,METAR,636
"METAR K8B0 280135Z AUTO 00000KT 10SM CLR 12/01 A3023 RMK AO2",K8B0,2026-04-28T01:35:00.000Z,44.9900,-70.6624,12,1,0,0,,10+,30.23,,,TRUE,TRUE,,,,,,,,,,,,,,,VFR,,,,,,,,,,,,METAR,552
"METAR K1R7 280135Z AUTO 16005KT 9SM SCT060 A2999 RMK A01 TSNO",K1R7,2026-04-28T01:35:00.000Z,31.6057,-90.4072,,,160,5,,9,29.99,,,TRUE,TRUE,,,TRUE,,,,SCT,6000,,,,,,,VFR,,,,,,,,,,,,METAR,142
"METAR K0VG 280135Z AUTO 15006G11KT 10SM CLR 21/11 A3002 RMK AO2",K0VG,2026-04-28T01:35:00.000Z,36.6576,-83.2147,21,11,150,6,11,10+,30.02,,,TRUE,TRUE,,,,,,,,,,,,,,,VFR,,,,,,,,,,,,METAR,426
"METAR K0V4 280135Z AUTO 00000KT 10SM CLR 12/07 A3022 RMK AO1",K0V4,2026-04-28T01:35:00.000Z,37.1399,-79.0171,12,7,0,0,,10+,30.22,,,TRUE,TRUE,,,,,,,,,,,,,,,VFR,,,,,,,,,,,,METAR,186
"METAR KPOY 280135Z AUTO 28005KT 10SM CLR 00/M02 A2997 RMK AO2",KPOY,2026-04-28T01:35:00.000Z,44.8641,-108.7900,0,-2,280,5,,10+,29.97,,,TRUE,TRUE,,,,,,,,,,,,,,,VFR,,,,,,,,,,,,METAR,1547
"METAR KMVE 280135Z AUTO 34018G28KT 10SM OVC018 06/05 A2977 RMK AO2",KMVE,2026-04-28T01:35:00.000Z,44.9675,-95.7116,6,5,340,18,28,10+,29.77,,,TRUE,TRUE,,,,,,,OVC,1800,,,,,,,MVFR,,,,,,,,,,,,METAR,319
"METAR KLYV 280135Z AUTO 33017G24KT 10SM OVC015 06/04 A2981 RMK AO2",KLYV,2026-04-28T01:35:00.000Z,43.6217,-96.2139,6,4,330,17,24,10+,29.81,,,TRUE,TRUE,,,,,,,OVC,1500,,,,,,,MVFR,,,,,,,,,,,,METAR,435
"METAR KLXL 280135Z AUTO 33010G19KT 10SM OVC018 05/03 A2967 RMK AO2",KLXL,2026-04-28T01:35:00.000Z,45.9509,-94.3441,5,3,330,10,19,10+,29.67,,,TRUE,TRUE,,,,,,,OVC,1800,,,,,,,MVFR,,,,,,,,,,,,METAR,335
"METAR KDWX 280135Z AUTO 00000KT 10SM SCT043 OVC055 04/02 A2995 RMK AO2 T00440024",KDWX,2026-04-28T01:35:00.000Z,41.0370,-107.4998,4.4,2.4,0,0,,10+,29.95,,,TRUE,TRUE,,,,,,,SCT,4300,OVC,5500,,,,,VFR,,,,,,,,,,,,METAR,1974
"METAR K04V 280135Z AUTO 25008KT 10SM CLR 09/M08 A2999 RMK AO2",K04V,2026-04-28T01:35:00.000Z,38.0990,-106.1700,9,-8,250,8,,10+,29.99,,,TRUE,TRUE,,,,,,,,,,,,,,,VFR,,,,,,,,,,,,METAR,2389
"METAR KT20 280135Z AUTO 14011KT CLR 28/23 A2981 RMK AO2 T02760232 PWINO",KT20,2026-04-28T01:35:00.000Z,29.5301,-97.4630,27.6,23.2,140,11,,,29.81,,,TRUE,TRUE,,,,,TRUE,,,,,,,,,,null,,,,,,,,,,,,METAR,107
"METAR K1A6 280135Z AUTO 20005KT 10SM CLR 09/M04 A3000 RMK AO2 T00931042",K1A6,2026-04-28T01:35:00.000Z,36.6087,-83.7369,9.3,-4.2,200,5,,10+,30.00,,,TRUE,TRUE,,,,,,,,,,,,,,,VFR,,,,,,,,,,,,METAR,348
"METAR K20V 280135Z AUTO 24010G19KT 10SM CLR 06/M02 A2990 RMK AO2",K20V,2026-04-28T01:35:00.000Z,40.0563,-106.3744,6,-2,240,10,19,10+,29.90,,,TRUE,TRUE,,,,,,,,,,,,,,,VFR,,,,,,,,,,,,METAR,2259
"METAR K2P2 280135Z AUTO 18009G14KT 10SM BKN025 BKN032 OVC042 11/09 A2954 RMK AO2 P0002 T01080090",K2P2,2026-04-28T01:35:00.000Z,45.3880,-86.9240,10.8,9,180,9,14,10+,29.54,,,TRUE,TRUE,,,,,,,BKN,2500,BKN,3200,OVC,4200,,,MVFR,,,,,,0.02,,,,,,METAR,182
"METAR KPVB 280135Z AUTO 24016G20KT 10SM SCT026 SCT031 16/13 A2955 RMK AO1 T01630134",KPVB,2026-04-28T01:35:00.000Z,42.6909,-90.4413,16.3,13.4,240,16,20,10+,29.55,,,TRUE,TRUE,,,,,,,SCT,2600,SCT,3100,,,,,VFR,,,,,,,,,,,,METAR,311
"METAR KPRS 280135Z AUTO 20013G20KT 10SM SCT120 33/02 A2982 RMK AO2 T03330015",KPRS,2026-04-28T01:35:00.000Z,29.6346,-104.3585,33.3,1.5,200,13,20,10+,29.82,,,TRUE,TRUE,,,,,,,SCT,12000,,,,,,,VFR,,,,,,,,,,,,METAR,890
"METAR KAPS 280135Z AUTO 12008KT 10SM CLR 24/20 A3001 RMK AO2 T02420203",KAPS,2026-04-28T01:35:00.000Z,30.0860,-90.5840,24.2,20.3,120,8,,10+,30.01,,,TRUE,TRUE,,,,,,,,,,,,,,,VFR,,,,,,,,,,,,METAR,1
"METAR KU14 280135Z AUTO 35012KT 10SM BKN045 BKN065 05/03 A2997 RMK AO2",KU14,2026-04-28T01:35:00.000Z,39.7381,-111.8726,5,3,350,12,,10+,29.97,,,TRUE,TRUE,,,,,,,BKN,4500,BKN,6500,,,,,VFR,,,,,,,,,,,,METAR,1531
"METAR KGYB 280135Z AUTO 15006KT 5SM HZ CLR 26/23 A2985 RMK AO2 T02630230",KGYB,2026-04-28T01:35:00.000Z,30.1714,-96.9785,26.3,23,150,6,,5,29.85,,,TRUE,TRUE,,,,,,HZ,,,,,,,,,MVFR,,,,,,,,,,,,METAR,140
"METAR KDNA 280135Z AUTO 26013G22KT 10SM CLR 27/M11 A2989 RMK AO2",KDNA,2026-04-28T01:35:00.000Z,31.8750,-106.6938,27,-11,260,13,22,10+,29.89,,,TRUE,TRUE,,,,,,,,,,,,,,,VFR,,,,,,,,,,,,METAR,1254
"METAR KCTY 280135Z AUTO 08005KT 10SM CLR 21/17 A3011 RMK AO2",KCTY,2026-04-28T01:35:00.000Z,29.6334,-83.1055,21,17,80,5,,10+,30.11,,,TRUE,TRUE,,,,,,,,,,,,,,,VFR,,,,,,,,,,,,METAR,12
"METAR KCBE 280135Z AUTO 00000KT 10SM CLR 16/05 A3021 RMK AO2 T01640053",KCBE,2026-04-28T01:35:00.000Z,39.6182,-78.7598,16.4,5.3,0,0,,10+,30.21,,,TRUE,TRUE,,,,,,,,,,,,,,,VFR,,,,,,,,,,,,METAR,226
"METAR KFGX 280135Z AUTO 01011KT 7SM RA SCT050 BKN070 OVC090 17/15 A2998 RMK AO2 P0009 T01700146",KFGX,2026-04-28T01:35:00.000Z,38.5383,-83.7467,17,14.6,10,11,,7,29.98,,,TRUE,TRUE,,,,,,RA,SCT,5000,BKN,7000,OVC,9000,,,VFR,,,,,,0.09,,,,,,METAR,279
"METAR KHHW 280135Z AUTO 17006KT 7SM 26/22 A2980 RMK AO2 LTG DSNT SW",KHHW,2026-04-28T01:35:00.000Z,34.0308,-95.5401,26,22,170,6,,7,29.80,,,TRUE,TRUE,,,,,,,,,,,,,,,VFR,,,,,,,,,,,,METAR,178
"METAR KANY 280135Z AUTO 01009KT 9SM CLR 19/09 A2987 RMK AO2",KANY,2026-04-28T01:35:00.000Z,37.1540,-98.0780,19,9,10,9,,9,29.87,,,TRUE,TRUE,,,,,,,,,,,,,,,VFR,,,,,,,,,,,,METAR,408
"METAR KAGZ 280135Z AUTO 32014KT 10SM BKN024 OVC031 06/06 A2995 RMK AO2",KAGZ,2026-04-28T01:35:00.000Z,43.0640,-98.2950,6,6,320,14,,10+,29.95,,,TRUE,TRUE,,,,,,,BKN,2400,OVC,3100,,,,,MVFR,,,,,,,,,,,,METAR,446
"METAR KEZS 280135Z AUTO 00000KT 10SM OVC008 14/12 A2950 RMK AO2 LTG DSNT SW T01420120",KEZS,2026-04-28T01:35:00.000Z,44.7871,-88.5640,14.2,12,0,0,,10+,29.50,,,TRUE,TRUE,,,,,,,OVC,800,,,,,,,IFR,,,,,,,,,,,,METAR,247
"METAR KEXX 280135Z AUTO 00000KT 10SM CLR 15/08 A3020 RMK AO2 T01500076",KEXX,2026-04-28T01:35:00.000Z,35.7805,-80.3084,15,7.6,0,0,,10+,30.20,,,TRUE,TRUE,,,,,,,,,,,,,,,VFR,,,,,,,,,,,,METAR,221
"METAR KEQA 280135Z AUTO 34010KT 10SM CLR 16/10 A2989 RMK AO2",KEQA,2026-04-28T01:35:00.000Z,37.7753,-96.8145,16,10,340,10,,10+,29.89,,,TRUE,TRUE,,,,,,,,,,,,,,,VFR,,,,,,,,,,,,METAR,422
"METAR KDYB 280135Z AUTO 00000KT 10SM CLR 14/12 A3019 RMK AO2",KDYB,2026-04-28T01:35:00.000Z,33.0620,-80.2800,14,12,0,0,,10+,30.19,,,TRUE,TRUE,,,,,,,,,,,,,,,VFR,,,,,,,,,,,,METAR,15
"METAR KDVO 280135Z AUTO 24015KT 10SM CLR 15/08 A3004 RMK AO2",KDVO,2026-04-28T01:35:00.000Z,38.1417,-122.5547,15,8,240,15,,10+,30.04,,,TRUE,TRUE,,,,,,,,,,,,,,,VFR,,,,,,,,,,,,METAR,1
"METAR KDNS 280135Z AUTO 32015KT 7SM OVC017 08/08 A2983 RMK AO2",KDNS,2026-04-28T01:35:00.000Z,41.9842,-95.3800,8,8,320,15,,7,29.83,,,TRUE,TRUE,,,,,,,OVC,1700,,,,,,,MVFR,,,,,,,,,,,,METAR,382
"METAR KDEH 280135Z AUTO 28007G20KT 230V320 10SM OVC008 11/11 A2956 RMK AO2",KDEH,2026-04-28T01:35:00.000Z,43.2755,-91.7433,11,11,280,7,20,10+,29.56,,,TRUE,TRUE,,,,,,,OVC,800,,,,,,,IFR,,,,,,,,,,,,METAR,348
"METAR KDCY 280135Z AUTO 13016KT 10SM +RA SCT018 BKN045 OVC100 17/16 A2977 RMK AO2 LTG DSNT N AND E P0002 T01660161",KDCY,2026-04-28T01:35:00.000Z,38.6953,-87.1314,16.6,16.1,130,16,,10+,29.77,,,TRUE,TRUE,,,,,,+RA,SCT,1800,BKN,4500,OVC,10000,,,VFR,,,,,,0.02,,,,,,METAR,143
"METAR KDCM 280135Z AUTO 00000KT 10SM CLR 14/09 A3019 RMK AO2 LTG DSNT NW",KDCM,2026-04-28T01:35:00.000Z,34.7908,-81.1987,14,9,0,0,,10+,30.19,,,TRUE,TRUE,,,,,,,,,,,,,,,VFR,,,,,,,,,,,,METAR,191
"METAR KCWV 280135Z AUTO 09002KT 10SM CLR 13/11 A3020 RMK AO2",KCWV,2026-04-28T01:35:00.000Z,32.1930,-81.8730,13,11,90,2,,10+,30.20,,,TRUE,TRUE,,,,,,,,,,,,,,,VFR,,,,,,,,,,,,METAR,32
"METAR KCVC 280135Z AUTO 00000KT 10SM OVC050 18/12 A3014 RMK AO2",KCVC,2026-04-28T01:35:00.000Z,33.6312,-83.8482,18,12,0,0,,10+,30.14,,,TRUE,TRUE,,,,,,,OVC,5000,,,,,,,VFR,,,,,,,,,,,,METAR,240
"METAR KAJZ 280135Z AUTO 21007KT 10SM BKN110 15/M01 A2987 RMK AO2 T01511013 PWINO",KAJZ,2026-04-28T01:35:00.000Z,38.7869,-108.0658,15.1,-1.3,210,7,,10+,29.87,,,TRUE,TRUE,,,,,TRUE,,BKN,11000,,,,,,,VFR,,,,,,,,,,,,METAR,1583
"METAR KAIO 280135Z AUTO 31015KT 10SM OVC016 09/07 A2983 RMK AO2",KAIO,2026-04-28T01:35:00.000Z,41.4059,-95.0465,9,7,310,15,,10+,29.83,,,TRUE,TRUE,,,,,,,OVC,1600,,,,,,,MVFR,,,,,,,,,,,,METAR,349
"METAR KAAS 280135Z AUTO 20012G21KT 10SM OVC060 24/14 A2991 RMK AO1",KAAS,2026-04-28T01:35:00.000Z,37.3569,-85.3152,24,14,200,12,21,10+,29.91,,,TRUE,TRUE,,,,,,,OVC,6000,,,,,,,VFR,,,,,,,,,,,,METAR,270
"METAR K9K7 280135Z AUTO 01008KT 10SM CLR 13/07 A2996 RMK AO2",K9K7,2026-04-28T01:35:00.000Z,38.7502,-98.2316,13,7,10,8,,10+,29.96,,,TRUE,TRUE,,,,,,,,,,,,,,,VFR,,,,,,,,,,,,METAR,1615
"METAR K5SM 280135Z AUTO 1 1/2SM -SN BKN002 BKN010 OVC050 M02/M03 A3000 RMK AO2 VIS 1/2V5",K5SM,2026-04-28T01:35:00.000Z,39.4260,-107.3800,-2,-3,,,,1.5,30.00,,,TRUE,TRUE,,,,,,-SN,BKN,200,BKN,1000,OVC,5000,,,LIFR,,,,,,,,,,,,METAR,3229
"METAR K5A6 280135Z AUTO 18008KT 10SM BKN060 BKN070 OVC080 27/19 A2990 RMK AO2 T02670191",K5A6,2026-04-28T01:35:00.000Z,33.4690,-89.7270,26.7,19.1,180,8,,10+,29.90,,,TRUE,TRUE,,,,,,,BKN,6000,BKN,7000,OVC,8000,,,VFR,,,,,,,,,,,,METAR,109
"METAR KMCZ 280135Z AUTO 00000KT 10SM CLR 10/07 A3026 RMK AO2 T01000072",KMCZ,2026-04-28T01:35:00.000Z,35.8620,-77.1780,10,7.2,0,0,,10+,30.26,,,TRUE,TRUE,,,,,,,,,,,,,,,VFR,,,,,,,,,,,,METAR,23
"METAR KLWB 280135Z AUTO 16006KT 10SM CLR 14/03 A3018 RMK AO2",KLWB,2026-04-28T01:35:00.000Z,37.8633,-80.3923,14,3,160,6,,10+,30.18,,,TRUE,TRUE,,,,,,,,,,,,,,,VFR,,,,,,,,,,,,METAR,702
"METAR KLUX 280135Z AUTO 00000KT 10SM CLR 15/10 A3018 RMK AO2",KLUX,2026-04-28T01:35:00.000Z,34.5080,-81.9490,15,10,0,0,,10+,30.18,,,TRUE,TRUE,,,,,,,,,,,,,,,VFR,,,,,,,,,,,,METAR,213
"METAR KZPH 280135Z AUTO 05010KT 10SM SCT034 23/18 A3010 RMK A02 T02270176",KZPH,2026-04-28T01:35:00.000Z,28.2268,-82.1564,22.7,17.6,50,10,,10+,30.10,,,TRUE,TRUE,,,,,,,SCT,3400,,,,,,,VFR,,,,,,,,,,,,METAR,26
"METAR KW40 280135Z AUTO 10004KT 10SM CLR 14/08 A3025 RMK AO2 T01400076",KW40,2026-04-28T01:35:00.000Z,35.2211,-78.0404,14,7.6,100,4,,10+,30.25,,,TRUE,TRUE,,,,,,,,,,,,,,,VFR,,,,,,,,,,,,METAR,50
"METAR KW29 280135Z AUTO 12007KT 10SM CLR A3026 RMK AO2",KW29,2026-04-28T01:35:00.000Z,38.9777,-76.3276,,,120,7,,10+,30.26,,,TRUE,TRUE,,,,,,,,,,,,,,,VFR,,,,,,,,,,,,METAR,1
"METAR KVVS 280135Z AUTO 12015G27KT 10SM CLR 18/05 A3004 RMK AO2 T01760046",KVVS,2026-04-28T01:35:00.000Z,39.9582,-79.6575,17.6,4.6,120,15,27,10+,30.04,,,TRUE,TRUE,,,,,,,,,,,,,,,VFR,,,,,,,,,,,,METAR,386
"METAR KVNW 280135Z AUTO 17022G34KT 10SM 19/14 A2972 RMK AO2 PK WND 15043/36",KVNW,2026-04-28T01:35:00.000Z,40.8633,-84.6130,19,14,170,22,34,10+,29.72,,,TRUE,TRUE,,,,,,,,,,,,,,,VFR,,,,,,,,,,,,METAR,238
"METAR KVJI 280135Z AUTO VRB05KT 10SM CLR 17/07 A3009 RMK AO2",KVJI,2026-04-28T01:35:00.000Z,36.6872,-82.0370,17,7,0,5,,10+,30.09,,,TRUE,TRUE,,,,,,,,,,,,,,,VFR,,,,,,,,,,,,METAR,636
"METAR KTEX 280135Z AUTO 00000KT 10SM SCT070 SCT090 02/M02 A3004 RMK AO2",KTEX,2026-04-28T01:35:00.000Z,37.9540,-107.9090,2,-2,0,0,,10+,30.04,,,TRUE,TRUE,,,,,,,SCT,7000,SCT,9000,,,,,VFR,,,,,,,,,,,,METAR,2760
"METAR KSTE 280135Z AUTO 00000KT 5SM BR OVC005 14/13 A2949 RMK AO2 LTG DSNT S AND NW T01360131",KSTE,2026-04-28T01:35:00.000Z,44.5437,-89.5347,13.6,13.1,0,0,,5,29.49,,,TRUE,TRUE,,,,,,BR,OVC,500,,,,,,,IFR,,,,,,,,,,,,METAR,335
"METAR KSLO 280135Z AUTO 35008KT 10SM TS BKN033 BKN120 20/19 A2970 RMK AO2 LTG DSNT ALQDS T02000193",KSLO,2026-04-28T01:35:00.000Z,38.6446,-88.9612,20,19.3,350,8,,10+,29.70,,,TRUE,TRUE,,,,,,TS,BKN,3300,BKN,12000,,,,,VFR,,,,,,,,,,,,METAR,173
"METAR KCIN 280135Z AUTO 30018G26KT 7SM OVC013 08/08 A2979 RMK AO2",KCIN,2026-04-28T01:35:00.000Z,42.0444,-94.7888,8,8,300,18,26,7,29.79,,,TRUE,TRUE,,,,,,,OVC,1300,,,,,,,MVFR,,,,,,,,,,,,METAR,365
"METAR KBXM 280135Z AUTO 15004KT 10SM CLR 08/06 A3031 RMK AO2",KBXM,2026-04-28T01:35:00.000Z,43.8848,-69.9354,8,6,150,4,,10+,30.31,,,TRUE,TRUE,,,,,,,,,,,,,,,VFR,,,,,,,,,,,,METAR,16
"METAR KBVS 280135Z AUTO 21010G15KT 10SM BKN044 OVC085 14/09 A3003 RMK A01",KBVS,2026-04-28T01:35:00.000Z,48.4696,-122.4189,14,9,210,10,15,10+,30.03,,,TRUE,TRUE,,,,,,,BKN,4400,OVC,8500,,,,,VFR,,,,,,,,,,,,METAR,31
"METAR K82C 280135Z AUTO 19003KT 10SM SCT022 BKN028 OVC049 17/15 A2947 RMK AO2 T01660150",K82C,2026-04-28T01:35:00.000Z,43.8385,-90.1345,16.6,15,190,3,,10+,29.47,,,TRUE,TRUE,,,,,,,SCT,2200,BKN,2800,OVC,4900,,,MVFR,,,,,,,,,,,,METAR,273
"METAR KBVN 280135Z AUTO 34017G24KT 10SM SCT016 OVC021 07/03 A2996 RMK AO2 T00680029",KBVN,2026-04-28T01:35:00.000Z,41.7302,-98.0546,6.8,2.9,340,17,24,10+,29.96,,,TRUE,TRUE,,,,,,,SCT,1600,OVC,2100,,,,,MVFR,,,,,,,,,,,,METAR,547
"METAR KBUU 280135Z AUTO 20011G16KT 10SM SCT080 SCT110 18/16 A2956 RMK AO2 T01790155 PWINO",KBUU,2026-04-28T01:35:00.000Z,42.6908,-88.3080,17.9,15.5,200,11,16,10+,29.56,,,TRUE,TRUE,,,,,TRUE,,SCT,8000,SCT,11000,,,,,VFR,,,,,,,,,,,,METAR,238
"METAR KBFZ 280135Z AUTO 17007G12KT 10SM FEW050 OVC070 23/17 A3002 RMK AO2",KBFZ,2026-04-28T01:35:00.000Z,34.2316,-86.2481,23,17,170,7,12,10+,30.02,,,TRUE,TRUE,,,,,,,FEW,5000,OVC,7000,,,,,VFR,,,,,,,,,,,,METAR,1032
"METAR KBFR 280135Z AUTO 14010G20KT 3SM VCTS RA BR SCT005 BKN022 OVC065 17/17 A2980 RMK AO2 LTG DSNT ALQDS PRESFR VIS 3/4V5",KBFR,2026-04-28T01:35:00.000Z,38.8383,-86.4460,17,17,140,10,20,3,29.80,,,TRUE,TRUE,,,,,,VCTS RA BR,SCT,500,BKN,2200,OVC,6500,,,MVFR,,,,,,,,,,,,METAR,223
"METAR KBCK 280135Z AUTO 00000KT 10SM SCT014 BKN020 OVC065 16/16 A2947 RMK AO2 LTG DSNT E AND SE T01580158",KBCK,2026-04-28T01:35:00.000Z,44.2499,-90.8500,15.8,15.8,0,0,,10+,29.47,,,TRUE,TRUE,,,,,,,SCT,1400,BKN,2000,OVC,6500,,,MVFR,,,,,,,,,,,,METAR,256
"METAR KBBD 280135Z AUTO 15008KT 10SM CLR 28/20 A2983 RMK AO2",KBBD,2026-04-28T01:35:00.000Z,31.1766,-99.3229,28,20,150,8,,10+,29.83,,,TRUE,TRUE,,,,,,,,,,,,,,,VFR,,,,,,,,,,,,METAR,554
"METAR KAZE 280135Z AUTO 12008KT 10SM CLR 18/12 A3018 RMK AO2 T01760115",KAZE,2026-04-28T01:35:00.000Z,31.8792,-82.6454,17.6,11.5,120,8,,10+,30.18,,,TRUE,TRUE,,,,,,,,,,,,,,,VFR,,,,,,,,,,,,METAR,78
"METAR KAUH 280135Z AUTO 34015G20KT 10SM OVC027 08/04 A2996 RMK AO2 T00790035",KAUH,2026-04-28T01:35:00.000Z,40.8966,-97.9973,7.9,3.5,340,15,20,10+,29.96,,,TRUE,TRUE,,,,,,,OVC,2700,,,,,,,MVFR,,,,,,,,,,,,METAR,549
"METAR KOSA 280135Z AUTO 16006KT 5SM HZ CLR 27/23 A2983 RMK AO2 T02650234",KOSA,2026-04-28T01:35:00.000Z,33.0936,-94.9601,26.5,23.4,160,6,,5,29.83,,,TRUE,TRUE,,,,,,HZ,,,,,,,,,MVFR,,,,,,,,,,,,METAR,108
"METAR KAQO 280135Z AUTO 14003KT 9SM CLR 27/21 A2983 RMK AO2",KAQO,2026-04-28T01:35:00.000Z,30.7873,-98.6608,27,21,140,3,,9,29.83,,,TRUE,TRUE,,,,,,,,,,,,,,,VFR,,,,,,,,,,,,METAR,334
"METAR KAPY 280135Z AUTO 12006KT 7SM SCT048 30/22 A2977 RMK AO2 T02950223",KAPY,2026-04-28T01:35:00.000Z,26.9690,-99.2490,29.5,22.3,120,6,,7,29.77,,,TRUE,TRUE,,,,,,,SCT,4800,,,,,,,VFR,,,,,,,,,,,,METAR,129
"METAR KK88 280135Z AUTO 33009KT 10SM CLR 17/14 A2985 RMK AO2",KK88,2026-04-28T01:35:00.000Z,37.8692,-95.3840,17,14,330,9,,10+,29.85,,,TRUE,TRUE,,,,,,,,,,,,,,,VFR,,,,,,,,,,,,METAR,308
"METAR KJZI 280135Z AUTO 03003KT 10SM CLR 14/12 A3021 RMK AO2",KJZI,2026-04-28T01:35:00.000Z,32.7025,-80.0058,14,12,30,3,,10+,30.21,,,TRUE,TRUE,,,,,,,,,,,,,,,VFR,,,,,,,,,,,,METAR,5
"METAR KJYR 280135Z AUTO 34011G17KT 10SM OVC027 08/05 A2994 RMK AO2",KJYR,2026-04-28T01:35:00.000Z,40.8942,-97.6258,8,5,340,11,17,10+,29.94,,,TRUE,TRUE,,,,,,,OVC,2700,,,,,,,MVFR,,,,,,,,,,,,METAR,508
"METAR KJNX 280135Z AUTO 00000KT 10SM CLR 11/10 A3023 RMK AO2",KJNX,2026-04-28T01:35:00.000Z,35.5369,-78.3934,11,10,0,0,,10+,30.23,,,TRUE,TRUE,,,,,,,,,,,,,,,VFR,,,,,,,,,,,,METAR,41
"METAR KSNK 280135Z AUTO 25004KT 10SM CLR 30/M10 A2983 RMK AO2 T02951099",KSNK,2026-04-28T01:35:00.000Z,32.6917,-100.9505,29.5,-9.9,250,4,,10+,29.83,,,TRUE,TRUE,,,,,,,,,,,,,,,VFR,,,,,,,,,,,,METAR,738
"METAR KIBM 280135Z AUTO 07010G16KT 10SM SCT065 SCT100 05/M01 A2997 RMK AO2 T00541012",KIBM,2026-04-28T01:35:00.000Z,41.1894,-103.6708,5.4,-1.2,70,10,16,10+,29.97,,,TRUE,TRUE,,,,,,,SCT,6500,SCT,10000,,,,,VFR,,,,,,,,,,,,METAR,1494
"METAR KJAQ 280135Z AUTO 29005KT 10SM SCT055 16/04 A3002 RMK AO1 T01590042",KJAQ,2026-04-28T01:35:00.000Z,38.3742,-120.7943,15.9,4.2,290,5,,10+,30.02,,,TRUE,TRUE,,,,,,,SCT,5500,,,,,,,VFR,,,,,,,,,,,,METAR,518
"METAR KGVE 280135Z AUTO 00000KT 10SM CLR 12/08 A3022 RMK AO1 T01160077",KGVE,2026-04-28T01:35:00.000Z,38.1569,-78.1656,11.6,7.7,0,0,,10+,30.22,,,TRUE,TRUE,,,,,,,,,,,,,,,VFR,,,,,,,,,,,,METAR,138
"METAR KHVS 280135Z AUTO 00000KT 10SM FEW028 BKN035 BKN042 13/10 A3020 RMK AO2",KHVS,2026-04-28T01:35:00.000Z,34.4065,-80.1198,13,10,0,0,,10+,30.20,,,TRUE,TRUE,,,,,,,FEW,2800,BKN,3500,BKN,4200,,,VFR,,,,,,,,,,,,METAR,110
"METAR KGAF 280135Z AUTO 33017KT 10SM CLR 06/M06 A2990 RMK AO2 PWINO",KGAF,2026-04-28T01:35:00.000Z,48.4081,-97.3694,6,-6,330,17,,10+,29.90,,,TRUE,TRUE,,,,,TRUE,,,,,,,,,,VFR,,,,,,,,,,,,METAR,250
"METAR KHSG 280135Z AUTO 04011KT 10SM OVC050 04/M02 A2994 RMK AO2 T00371019",KHSG,2026-04-28T01:35:00.000Z,43.7178,-108.3851,3.7,-1.9,40,11,,10+,29.94,,,TRUE,TRUE,,,,,,,OVC,5000,,,,,,,VFR,,,,,,,,,,,,METAR,1497
"METAR KGNB 280135Z AUTO 25014G20KT 10SM SCT060 SCT070 BKN090 07/M04 A2995 RMK AO2 T00691044",KGNB,2026-04-28T01:35:00.000Z,40.0904,-105.9113,6.9,-4.4,250,14,20,10+,29.95,,,TRUE,TRUE,,,,,,,SCT,6000,SCT,7000,BKN,9000,,,VFR,,,,,,,,,,,,METAR,2500
"METAR KGIC 280135Z AUTO 09005KT 10SM BKN090 OVC120 08/01 A2994 RMK AO1",KGIC,2026-04-28T01:35:00.000Z,45.9411,-116.1326,8,1,90,5,,10+,29.94,,,TRUE,TRUE,,,,,,,BKN,9000,OVC,12000,,,,,VFR,,,,,,,,,,,,METAR,1002
"METAR KGDJ 280135Z AUTO 17009G16KT 8SM CLR 29/23 A2975 RMK AO2",KGDJ,2026-04-28T01:35:00.000Z,32.4469,-97.8170,29,23,170,9,16,8,29.75,,,TRUE,TRUE,,,,,,,,,,,,,,,VFR,,,,,,,,,,,,METAR,235
"METAR KGCM 280135Z AUTO 33008KT 10SM CLR 23/17 A2980 RMK AO2",KGCM,2026-04-28T01:35:00.000Z,36.2918,-95.4825,23,17,330,8,,10+,29.80,,,TRUE,TRUE,,,,,,,,,,,,,,,VFR,,,,,,,,,,,,METAR,215
"METAR KD09 280135Z AUTO 34011KT 10SM CLR 06/M08 A2996 RMK AO2",KD09,2026-04-28T01:35:00.000Z,48.8300,-100.4170,6,-8,340,11,,10+,29.96,,,TRUE,TRUE,,,,,,,,,,,,,,,VFR,,,,,,,,,,,,METAR,512
"METAR KBVU 280135Z AUTO 26014G23KT 10SM CLR 21/M05 A2983 RMK AO2",KBVU,2026-04-28T01:35:00.000Z,35.9489,-114.8633,21,-5,260,14,23,10+,29.83,,,TRUE,TRUE,,,,,,,,,,,,,,,VFR,,,,,,,,,,,,METAR,654
"METAR KLCG 280135Z AUTO 33020G24KT 10SM BKN013 OVC021 07/05 A2989 RMK AO2 T00680052",KLCG,2026-04-28T01:35:00.000Z,42.2423,-96.9830,6.8,5.2,330,20,24,10+,29.89,,,TRUE,TRUE,,,,,,,BKN,1300,OVC,2100,,,,,MVFR,,,,,,,,,,,,METAR,434
"METAR KFSK 280135Z AUTO 33011G19KT 10SM CLR 18/13 A2984 RMK AO2 T01830135",KFSK,2026-04-28T01:35:00.000Z,37.7960,-94.7676,18.3,13.5,330,11,19,10+,29.84,,,TRUE,TRUE,,,,,,,,,,,,,,,VFR,,,,,,,,,,,,METAR,276
"METAR KLGC 280135Z AUTO 13006KT 10SM CLR 21/12 A3009 RMK AO2",KLGC,2026-04-28T01:35:00.000Z,33.0093,-85.0717,21,12,130,6,,10+,30.09,,,TRUE,TRUE,,,,,,,,,,,,,,,VFR,,,,,,,,,,,,METAR,209
"METAR K7W4 280135Z AUTO 00000KT 10SM CLR 13/04 A3025 RMK AO1 T01340043",K7W4,2026-04-28T01:35:00.000Z,37.9667,-77.7453,13.4,4.3,0,0,,10+,30.25,,,TRUE,TRUE,,,,,,,,,,,,,,,VFR,,,,,,,,,,,,METAR,115
"METAR KFPY 280135Z AUTO 08005KT 10SM CLR 22/15 A3012 RMK AO2 T02190147",KFPY,2026-04-28T01:35:00.000Z,30.0719,-83.5731,21.9,14.7,80,5,,10+,30.12,,,TRUE,TRUE,,,,,,,,,,,,,,,VFR,,,,,,,,,,,,METAR,12
"METAR KFMM 280135Z AUTO 05015KT 10SM BKN070 OVC080 09/M01 A2994 RMK AO2",KFMM,2026-04-28T01:35:00.000Z,40.3315,-103.8070,9,-1,50,15,,10+,29.94,,,TRUE,TRUE,,,,,,,BKN,7000,OVC,8000,,,,,VFR,,,,,,,,,,,,METAR,1376
"METAR KTCY 280135Z AUTO 28011KT 10SM CLR 18/06 A3001 RMK A01",KTCY,2026-04-28T01:35:00.000Z,37.6919,-121.4442,18,6,280,11,,10+,30.01,,,TRUE,TRUE,,,,,,,,,,,,,,,VFR,,,,,,,,,,,,METAR,51
"METAR KF00 280135Z AUTO 17013G17KT 10SM SCT037 SCT049 SCT090 27/21 A2980 RMK AO2 LTG DSNT SE",KF00,2026-04-28T01:35:00.000Z,33.6158,-96.1809,27,21,170,13,17,10+,29.80,,,TRUE,TRUE,,,,,,,SCT,3700,SCT,4900,SCT,9000,,,VFR,,,,,,,,,,,,METAR,189
"METAR K4S1 280135Z AUTO 35011KT 9SM CLR 12/09 A3012 RMK AO2",K4S1,2026-04-28T01:35:00.000Z,42.4161,-124.4258,12,9,350,11,,9,30.12,,,TRUE,TRUE,,,,,,,,,,,,,,,VFR,,,,,,,,,,,,METAR,7
"METAR K4BM 280135Z AUTO 14013G22KT 10SM BKN003 BKN026 OVC038 00/M02 A3007 RMK AO2",K4BM,2026-04-28T01:35:00.000Z,39.0500,-105.5140,0,-2,140,13,22,10+,30.07,,,TRUE,TRUE,,,,,,,BKN,300,BKN,2600,OVC,3800,,,LIFR,,,,,,,,,,,,METAR,3432
"METAR K48I 280135Z AUTO 00000KT 10SM OVC150 21/03 A3003 RMK AO2 T02050026 $",K48I,2026-04-28T01:35:00.000Z,38.6840,-80.6490,20.5,2.6,0,0,,10+,30.03,,,TRUE,TRUE,TRUE,,,,,,OVC,15000,,,,,,,VFR,,,,,,,,,,,,METAR,386
"METAR K2W6 280135Z AUTO 15003KT 10SM CLR 13/06 A3025 RMK AO2 T01250058 $",K2W6,2026-04-28T01:35:00.000Z,38.3150,-76.5500,12.5,5.8,150,3,,10+,30.25,,,TRUE,TRUE,TRUE,,,,,,,,,,,,,,VFR,,,,,,,,,,,,METAR,40
"METAR K11R 280135Z AUTO 16007KT 10SM CLR 27/23 A2983 RMK AO2 T02650226",K11R,2026-04-28T01:35:00.000Z,30.2232,-96.3734,26.5,22.6,160,7,,10+,29.83,,,TRUE,TRUE,,,,,,,,,,,,,,,VFR,,,,,,,,,,,,METAR,87
"METAR K0CO 280135Z AUTO 23009G16KT 10SM SCT001 BKN049 OVC055 M05/M07 A3005 RMK AO2",K0CO,2026-04-28T01:35:00.000Z,39.7940,-105.7640,-5,-7,230,9,16,10+,30.05,,,TRUE,TRUE,,,,,,,SCT,100,BKN,4900,OVC,5500,,,VFR,,,,,,,,,,,,METAR,3804
"METAR K1D8 280135Z AUTO 33014KT 10SM OVC090 08/05 A2992 RMK AO2",K1D8,2026-04-28T01:35:00.000Z,44.8600,-98.5290,8,5,330,14,,10+,29.92,,,TRUE,TRUE,,,,,,,OVC,9000,,,,,,,VFR,,,,,,,,,,,,METAR,398
"METAR K1K8 280135Z AUTO 34006KT 10SM CLR 22/18 A2981 RMK AO2",K1K8,2026-04-28T01:35:00.000Z,36.5430,-95.0120,22,18,340,6,,10+,29.81,,,TRUE,TRUE,,,,,,,,,,,,,,,VFR,,,,,,,,,,,,METAR,234
"METAR KSEF 280135Z AUTO 05006KT 10SM CLR 22/19 A3008 RMK AO2 T02180187",KSEF,2026-04-28T01:35:00.000Z,27.4553,-81.3415,21.8,18.7,50,6,,10+,30.08,,,TRUE,TRUE,,,,,,,,,,,,,,,VFR,,,,,,,,,,,,METAR,17
"METAR K2G2 280135Z AUTO 13008G13KT 10SM CLR 19/03 A2998 RMK A01",K2G2,2026-04-28T01:35:00.000Z,40.3590,-80.7000,19,3,130,8,13,10+,29.98,,,TRUE,TRUE,,,,,,,,,,,,,,,VFR,,,,,,,,,,,,METAR,365
"METAR KRZL 280135Z AUTO 00000KT 5SM TSRA SCT018 BKN065 OVC090 15/15 A2976 RMK AO2 P0004 LTG DSNT ALQDS",KRZL,2026-04-28T01:35:00.000Z,40.9488,-87.1851,15,15,0,0,,5,29.76,,,TRUE,TRUE,,,,,,TSRA,SCT,1800,BKN,6500,OVC,9000,,,MVFR,,,,,,0.04,,,,,,METAR,210
"METAR K3S8 280135Z AUTO 33011G18KT 10SM CLR 19/00 A3004 RMK AO2",K3S8,2026-04-28T01:35:00.000Z,42.5100,-123.3880,19,0,330,11,18,10+,30.04,,,TRUE,TRUE,,,,,,,,,,,,,,,VFR,,,,,,,,,,,,METAR,339
"METAR K46U 280135Z AUTO 30010G17KT 10SM SCT049 BKN055 OVC070 05/M03 A2993 RMK A01",K46U,2026-04-28T01:35:00.000Z,43.1810,-111.0370,5,-3,300,10,17,10+,29.93,,,TRUE,TRUE,,,,,,,SCT,4900,BKN,5500,OVC,7000,,,VFR,,,,,,,,,,,,METAR,1718
"METAR KRVJ 280135Z AUTO 10005KT 10SM CLR 15/11 A3020 RMK AO2 T01530107",KRVJ,2026-04-28T01:35:00.000Z,32.0590,-82.1530,15.3,10.7,100,5,,10+,30.20,,,TRUE,TRUE,,,,,,,,,,,,,,,VFR,,,,,,,,,,,,METAR,60
"METAR K4A9 280135Z AUTO 18006KT 10SM BKN100 22/15 A3003 RMK AO2 T02230147",K4A9,2026-04-28T01:35:00.000Z,34.4759,-85.7170,22.3,14.7,180,6,,10+,30.03,,,TRUE,TRUE,,,,,,,BKN,10000,,,,,,,VFR,,,,,,,,,,,,METAR,273
"METAR KPVF 280135Z AUTO 00000KT 10SM SCT041 BKN050 10/07 A3005 RMK AO1",KPVF,2026-04-28T01:35:00.000Z,38.7222,-120.7570,10,7,0,0,,10+,30.05,,,TRUE,TRUE,,,,,,,SCT,4100,BKN,5000,,,,,VFR,,,,,,,,,,,,METAR,788
"METAR KRAS 280135Z AUTO 11009KT 10SM SCT008 26/24 A2984 RMK AO2 T02590244",KRAS,2026-04-28T01:35:00.000Z,27.8084,-97.0853,25.9,24.4,110,9,,10+,29.84,,,TRUE,TRUE,,,,,,,SCT,800,,,,,,,VFR,,,,,,,,,,,,METAR,3
"METAR KPXE 280135Z AUTO 12004KT 10SM CLR 19/09 A3014 RMK AO2",KPXE,2026-04-28T01:35:00.000Z,32.5072,-83.7656,19,9,120,4,,10+,30.14,,,TRUE,TRUE,,,,,,,,,,,,,,,VFR,,,,,,,,,,,,METAR,126
"METAR K7W6 280135Z AUTO 36004KT 10SM CLR 09/05 A3025 RMK AO2 T00900047",K7W6,2026-04-28T01:35:00.000Z,35.5594,-75.9550,9,4.7,360,4,,10+,30.25,,,TRUE,TRUE,,,,,,,,,,,,,,,VFR,,,,,,,,,,,,METAR,1
"METAR K81R 280135Z AUTO 15007KT 10SM CLR 27/21 A2983 RMK AO2 T02720207",K81R,2026-04-28T01:35:00.000Z,31.2321,-98.7154,27.2,20.7,150,7,,10+,29.83,,,TRUE,TRUE,,,,,,,,,,,,,,,VFR,,,,,,,,,,,,METAR,381
"METAR K8A3 280135Z AUTO 19014KT 150V220 10SM BKN070 OVC085 22/13 A2992 RMK A01",K8A3,2026-04-28T01:35:00.000Z,36.4164,-85.3061,22,13,190,14,,10+,29.92,,,TRUE,TRUE,,,,,,,BKN,7000,OVC,8500,,,,,VFR,,,,,,,,,,,,METAR,413
"METAR KPTT 280135Z AUTO 02004KT 10SM CLR 16/09 A2990 RMK AO2 T01580091",KPTT,2026-04-28T01:35:00.000Z,37.7069,-98.7453,15.8,9.1,20,4,,10+,29.90,,,TRUE,TRUE,,,,,,,,,,,,,,,VFR,,,,,,,,,,,,METAR,594
"METAR KA39 280135Z AUTO 29012KT 10SM BKN120 25/M01 A2987 RMK AO2",KA39,2026-04-28T01:35:00.000Z,32.9875,-111.9216,25,-1,290,12,,10+,29.87,,,TRUE,TRUE,,,,,,,BKN,12000,,,,,,,VFR,,,,,,,,,,,,METAR,391
"METAR KPRG 280135Z AUTO 36009G19KT 7SM +TSRA SCT014 BKN033 OVC050 16/14 A2977 RMK AO2 LTG DSNT ALQDS P0004 T01560141",KPRG,2026-04-28T01:35:00.000Z,39.6982,-87.6669,15.6,14.1,360,9,19,7,29.77,,,TRUE,TRUE,,,,,,+TSRA,SCT,1400,BKN,3300,OVC,5000,,,VFR,,,,,,0.04,,,,,,METAR,197
"METAR KACZ 280135Z AUTO 00000KT 10SM CLR 11/10 A3024 RMK AO2 T01100102",KACZ,2026-04-28T01:35:00.000Z,34.7180,-78.0050,11,10.2,0,0,,10+,30.24,,,TRUE,TRUE,,,,,,,,,,,,,,,VFR,,,,,,,,,,,,METAR,30
"METAR KAEJ 280135Z AUTO 00000KT 10SM SCT035 SCT060 BKN070 04/00 A2999 RMK AO2 T00430000",KAEJ,2026-04-28T01:35:00.000Z,38.8116,-106.1213,4.3,0,0,0,,10+,29.99,,,TRUE,TRUE,,,,,,,SCT,3500,SCT,6000,BKN,7000,,,VFR,,,,,,,,,,,,METAR,2420
"METAR KNY0 280135Z AUTO 13004KT 10SM CLR 16/00 A3019 RMK AO2 T01610000",KNY0,2026-04-28T01:35:00.000Z,42.9990,-74.3293,16.1,0,130,4,,10+,30.19,,,TRUE,TRUE,,,,,,,,,,,,,,,VFR,,,,,,,,,,,,METAR,266
"METAR KMZZ 280135Z AUTO 16019G28KT 10SM SCT090 BKN110 17/12 A2969 RMK AO2 T01690120",KMZZ,2026-04-28T01:35:00.000Z,40.4863,-85.6859,16.9,12,160,19,28,10+,29.69,,,TRUE,TRUE,,,,,,,SCT,9000,BKN,11000,,,,,VFR,,,,,,,,,,,,METAR,260
"METAR KAFO 280135Z AUTO 19005KT 10SM BKN060 OVC070 05/M03 A2992 RMK AO2",KAFO,2026-04-28T01:35:00.000Z,42.7139,-110.9443,5,-3,190,5,,10+,29.92,,,TRUE,TRUE,,,,,,,BKN,6000,OVC,7000,,,,,VFR,,,,,,,,,,,,METAR,1881
"METAR KAGI 280135Z AUTO 13018KT 10SM CLR 25/23 A2993 RMK AO2",KAGI,2026-04-28T01:35:00.000Z,27.5461,-92.4434,25,23,130,18,,10+,29.93,,,TRUE,TRUE,,,,,,,,,,,,,,,VFR,,,,,,,,,,,,METAR,41
"METAR KMQW 280135Z AUTO 11005KT 10SM CLR 19/11 A3017 RMK AO2",KMQW,2026-04-28T01:35:00.000Z,32.0942,-82.8820,19,11,110,5,,10+,30.17,,,TRUE,TRUE,,,,,,,,,,,,,,,VFR,,,,,,,,,,,,METAR,62
"METAR KBTN 280135Z AUTO 34008KT 10SM OVC085 07/04 A2986 RMK AO2",KBTN,2026-04-28T01:35:00.000Z,45.8186,-97.7457,7,4,340,8,,10+,29.86,,,TRUE,TRUE,,,,,,,OVC,8500,,,,,,,VFR,,,,,,,,,,,,METAR,400
"METAR KU69 280135Z AUTO 27013G23KT 10SM CLR 07/01 A2992 RMK A01",KU69,2026-04-28T01:35:00.000Z,40.1980,-110.3873,7,1,270,13,23,10+,29.92,,,TRUE,TRUE,,,,,,,,,,,,,,,VFR,,,,,,,,,,,,METAR,1776
"METAR KU52 280135Z AUTO 27020G25KT 10SM SCT080 BKN110 12/M13 A2990 RMK AO2 PWINO",KU52,2026-04-28T01:35:00.000Z,38.2320,-112.6725,12,-13,270,20,25,10+,29.90,,,TRUE,TRUE,,,,,TRUE,,SCT,8000,BKN,11000,,,,,VFR,,,,,,,,,,,,METAR,1787
"METAR KTQV 280135Z AUTO 12007KT 070V140 10SM CLR 17/06 A3022 RMK A01",KTQV,2026-04-28T01:35:00.000Z,36.0070,-78.9370,17,6,120,7,,10+,30.22,,,TRUE,TRUE,,,,,,,,,,,,,,,VFR,,,,,,,,,,,,METAR,230
"METAR KT89 280135Z AUTO 31009KT 10SM CLR 35/M02 A2976 RMK A01",KT89,2026-04-28T01:35:00.000Z,29.2774,-103.6912,35,-2,310,9,,10+,29.76,,,TRUE,TRUE,,,,,,,,,,,,,,,VFR,,,,,,,,,,,,METAR,801
"METAR KARM 280135Z AUTO 15006KT 10SM BKN026 25/23 A2987 RMK AO2 T02520231 TSNO",KARM,2026-04-28T01:35:00.000Z,29.2515,-96.1508,25.2,23.1,150,6,,10+,29.87,,,TRUE,TRUE,,,TRUE,,,,BKN,2600,,,,,,,MVFR,,,,,,,,,,,,METAR,29
"METAR KSTK 280135Z AUTO 04007KT 10SM SCT070 OVC095 08/00 A2997 RMK AO2",KSTK,2026-04-28T01:35:00.000Z,40.6133,-103.2611,8,0,40,7,,10+,29.97,,,TRUE,TRUE,,,,,,,SCT,7000,OVC,9500,,,,,VFR,,,,,,,,,,,,METAR,1228
"METAR KSRE 280135Z AUTO 01008KT 10SM CLR 23/15 A2979 RMK AO2",KSRE,2026-04-28T01:35:00.000Z,35.2710,-96.6750,23,15,10,8,,10+,29.79,,,TRUE,TRUE,,,,,,,,,,,,,,,VFR,,,,,,,,,,,,METAR,306
"METAR KAVK 280135Z AUTO 02012KT 10SM CLR 20/09 A2985 RMK A01",KAVK,2026-04-28T01:35:00.000Z,36.7765,-98.6724,20,9,20,12,,10+,29.85,,,TRUE,TRUE,,,,,,,,,,,,,,,VFR,,,,,,,,,,,,METAR,450
"METAR KBFA 280135Z AUTO 15009G19KT 10SM SCT070 BKN100 18/07 A2964 RMK AO2",KBFA,2026-04-28T01:35:00.000Z,45.1660,-84.9240,18,7,150,9,19,10+,29.64,,,TRUE,TRUE,,,,,,,SCT,7000,BKN,10000,,,,,VFR,,,,,,,,,,,,METAR,219
"METAR KSRB 280135Z AUTO 17015KT 10SM OVC075 23/14 A2994 RMK AO2",KSRB,2026-04-28T01:35:00.000Z,36.0529,-85.5360,23,14,170,15,,10+,29.94,,,TRUE,TRUE,,,,,,,OVC,7500,,,,,,,VFR,,,,,,,,,,,,METAR,303
"METAR KSIF 280135Z AUTO 00000KT 10SM CLR 11/08 A3021 RMK AO2 T01130076",KSIF,2026-04-28T01:35:00.000Z,36.4408,-79.8544,11.3,7.6,0,0,,10+,30.21,,,TRUE,TRUE,,,,,,,,,,,,,,,VFR,,,,,,,,,,,,METAR,206
"METAR KS39 280135Z AUTO 31015KT 10SM BKN075 BKN090 14/M04 A2998 RMK AO2",KS39,2026-04-28T01:35:00.000Z,44.2858,-120.9008,14,-4,310,15,,10+,29.98,,,TRUE,TRUE,,,,,,,BKN,7500,BKN,9000,,,,,VFR,,,,,,,,,,,,METAR,987
"SPECI KAUW 280135Z AUTO 12008KT 2 1/2SM -RA BR OVC003 12/12 A2947 RMK AO2 RAB26 P0000 T01220117",KAUW,2026-04-28T01:35:00.000Z,44.9265,-89.6248,12.2,11.7,120,8,,2.5,29.47,,,TRUE,TRUE,,,,,,-RA BR,OVC,300,,,,,,,LIFR,,,,,,0.005,,,,,,SPECI,367
"METAR K8W2 280135Z AUTO 00000KT 10SM CLR 14/06 A3019 RMK AO1 T01360055",K8W2,2026-04-28T01:35:00.000Z,38.6555,-78.7083,13.6,5.5,0,0,,10+,30.19,,,TRUE,TRUE,,,,,,,,,,,,,,,VFR,,,,,,,,,,,,METAR,295
"METAR KS12 280135Z AUTO 31005KT 10SM BKN037 BKN044 15/06 A3008 RMK AO2",KS12,2026-04-28T01:35:00.000Z,44.6394,-123.0585,15,6,310,5,,10+,30.08,,,TRUE,TRUE,,,,,,,BKN,3700,BKN,4400,,,,,VFR,,,,,,,,,,,,METAR,69
"METAR KRZR 280135Z AUTO 18009G16KT 10SM FEW100 21/12 A3001 RMK A01",KRZR,2026-04-28T01:35:00.000Z,35.2070,-84.8004,21,12,180,9,16,10+,30.01,,,TRUE,TRUE,,,,,,,FEW,10000,,,,,,,VFR,,,,,,,,,,,,METAR,259
"METAR KRKW 280135Z AUTO 19010G15KT 10SM BKN100 20/13 A3003 RMK A01",KRKW,2026-04-28T01:35:00.000Z,35.9220,-84.6890,20,13,190,10,15,10+,30.03,,,TRUE,TRUE,,,,,,,BKN,10000,,,,,,,VFR,,,,,,,,,,,,METAR,505
"METAR KRCZ 280135Z AUTO 10006KT 10SM CLR 16/08 A3022 RMK AO2 T01630076",KRCZ,2026-04-28T01:35:00.000Z,34.8955,-79.7576,16.3,7.6,100,6,,10+,30.22,,,TRUE,TRUE,,,,,,,,,,,,,,,VFR,,,,,,,,,,,,METAR,110
"METAR KPYX 280135Z AUTO 06009KT 10SM CLR 20/04 A2985 RMK AO2 T02000040",KPYX,2026-04-28T01:35:00.000Z,36.4103,-100.7514,20,4,60,9,,10+,29.85,,,TRUE,TRUE,,,,,,,,,,,,,,,VFR,,,,,,,,,,,,METAR,890
"METAR KPVE 280135Z AUTO 18009KT 10SM OVC050 26/19 A2985 RMK A01",KPVE,2026-04-28T01:35:00.000Z,35.6592,-88.1929,26,19,180,9,,10+,29.85,,,TRUE,TRUE,,,,,,,OVC,5000,,,,,,,VFR,,,,,,,,,,,,METAR,146
"METAR KXNX 280135Z AUTO 19008G15KT 10SM OVC046 26/16 A2991 RMK A01",KXNX,2026-04-28T01:35:00.000Z,36.3745,-86.4100,26,16,190,8,15,10+,29.91,,,TRUE,TRUE,,,,,,,OVC,4600,,,,,,,VFR,,,,,,,,,,,,METAR,178
"METAR KVMR 280135Z AUTO 32016G22KT 10SM OVC016 08/06 A2989 RMK AO2",KVMR,2026-04-28T01:35:00.000Z,42.7650,-96.9300,8,6,320,16,22,10+,29.89,,,TRUE,TRUE,,,,,,,OVC,1600,,,,,,,MVFR,,,,,,,,,,,,METAR,349
"METAR KDUA 280135Z AUTO 00000KT 10SM CLR 23/19 A2981 RMK AO2",KDUA,2026-04-28T01:35:00.000Z,33.9427,-96.3967,23,19,0,0,,10+,29.81,,,TRUE,TRUE,,,,,,,,,,,,,,,VFR,,,,,,,,,,,,METAR,209
"METAR KVCV 280135Z AUTO 28012KT 10SM CLR 17/01 A2998 RMK AO2",KVCV,2026-04-28T01:35:00.000Z,34.5933,-117.3893,17,1,280,12,,10+,29.98,,,TRUE,TRUE,,,,,,,,,,,,,,,VFR,,,,,,,,,,,,METAR,871
"METAR KDUH 280135Z AUTO 15008G19KT 10SM CLR 18/14 A2975 RMK AO2",KDUH,2026-04-28T01:35:00.000Z,41.7375,-83.6493,18,14,150,8,19,10+,29.75,,,TRUE,TRUE,,,,,,,,,,,,,,,VFR,,,,,,,,,,,,METAR,203
"METAR KUKF 280135Z AUTO 00000KT 10SM CLR 13/07 A3024 RMK AO2",KUKF,2026-04-28T01:35:00.000Z,36.2188,-81.1002,13,7,0,0,,10+,30.24,,,TRUE,TRUE,,,,,,,,,,,,,,,VFR,,,,,,,,,,,,METAR,383
"METAR KRNP 280135Z AUTO 15012G19KT 10SM SCT120 18/10 A2973 RMK AO2 T01820095",KRNP,2026-04-28T01:35:00.000Z,42.9937,-84.1347,18.2,9.5,150,12,19,10+,29.73,,,TRUE,TRUE,,,,,,,SCT,12000,,,,,,,VFR,,,,,,,,,,,,METAR,224
"METAR KMCC 280135Z AUTO 30006G11KT 10SM BKN060 20/06 A3000 RMK AO2",KMCC,2026-04-28T01:35:00.000Z,38.6780,-121.4030,20,6,300,6,11,10+,30.00,,,TRUE,TRUE,,,,,,,BKN,6000,,,,,,,VFR,,,,,,,,,,,,METAR,21
"METAR KELA 280135Z AUTO 16008KT 10SM CLR 25/23 A2985 RMK AO2 T02500226",KELA,2026-04-28T01:35:00.000Z,29.6020,-96.3239,25,22.6,160,8,,10+,29.85,,,TRUE,TRUE,,,,,,,,,,,,,,,VFR,,,,,,,,,,,,METAR,56
"METAR KBOW 280135Z AUTO 06007KT 10SM CLR 23/18 A3009 RMK AO2 PWINO",KBOW,2026-04-28T01:35:00.000Z,27.9472,-81.7811,23,18,60,7,,10+,30.09,,,TRUE,TRUE,,,,,TRUE,,,,,,,,,,VFR,,,,,,,,,,,,METAR,38
"METAR KLMS 280135Z AUTO 19007KT 10SM CLR 26/20 A2997 RMK AO2",KLMS,2026-04-28T01:35:00.000Z,33.1500,-89.0630,26,20,190,7,,10+,29.97,,,TRUE,TRUE,,,,,,,,,,,,,,,VFR,,,,,,,,,,,,METAR,169
"METAR KRMN 280135Z AUTO 00000KT 10SM CLR 12/06 A3023 RMK AO2 T01240055",KRMN,2026-04-28T01:35:00.000Z,38.3941,-77.4523,12.4,5.5,0,0,,10+,30.23,,,TRUE,TRUE,,,,,,,,,,,,,,,VFR,,,,,,,,,,,,METAR,50
"METAR KEOE 280135Z AUTO 00000KT 10SM CLR 15/10 A3022 RMK AO2",KEOE,2026-04-28T01:35:00.000Z,34.3062,-81.6413,15,10,0,0,,10+,30.22,,,TRUE,TRUE,,,,,,,,,,,,,,,VFR,,,,,,,,,,,,METAR,166
"METAR KIFP 280135Z AUTO 17015KT 10SM CLR 25/M06 A2981 RMK AO2",KIFP,2026-04-28T01:35:00.000Z,35.1487,-114.5611,25,-6,170,15,,10+,29.81,,,TRUE,TRUE,,,,,,,,,,,,,,,VFR,,,,,,,,,,,,METAR,210
"METAR KLHZ 280135Z AUTO 00000KT 10SM CLR 13/07 A3025 RMK AO2",KLHZ,2026-04-28T01:35:00.000Z,36.0229,-78.3341,13,7,0,0,,10+,30.25,,,TRUE,TRUE,,,,,,,,,,,,,,,VFR,,,,,,,,,,,,METAR,104
"METAR KO05 280135Z AUTO 00000KT 10SM BKN060 10/00 A3002 RMK A01",KO05,2026-04-28T01:35:00.000Z,40.2865,-121.2427,10,0,0,0,,10+,30.02,,,TRUE,TRUE,,,,,,,BKN,6000,,,,,,,VFR,,,,,,,,,,,,METAR,1380
"METAR KAJR 280135Z AUTO 07003KT 10SM CLR 15/10 A3017 RMK AO2 T01480103",KAJR,2026-04-28T01:35:00.000Z,34.5006,-83.5519,14.8,10.3,70,3,,10+,30.17,,,TRUE,TRUE,,,,,,,,,,,,,,,VFR,,,,,,,,,,,,METAR,441
"METAR K2I0 280135Z AUTO 20014G19KT 10SM BKN046 OVC070 26/17 A2979 RMK AO2 T02610170",K2I0,2026-04-28T01:35:00.000Z,37.3582,-87.3977,26.1,17,200,14,19,10+,29.79,,,TRUE,TRUE,,,,,,,BKN,4600,OVC,7000,,,,,VFR,,,,,,,,,,,,METAR,127
"METAR KJVY 280135Z AUTO VRB06G13KT 10SM VCTS RA FEW010 SCT029 OVC070 18/18 A2983 RMK AO2 LTG DSNT ALQDS",KJVY,2026-04-28T01:35:00.000Z,38.3692,-85.7366,18,18,0,6,13,10+,29.83,,,TRUE,TRUE,,,,,,VCTS RA,FEW,1000,SCT,2900,OVC,7000,,,VFR,,,,,,,,,,,,METAR,141
"METAR KO54 280135Z AUTO 19005G10KT 10SM BKN110 15/05 A3001 RMK A01",KO54,2026-04-28T01:35:00.000Z,40.7460,-122.9224,15,5,190,5,10,10+,30.01,,,TRUE,TRUE,,,,,,,BKN,11000,,,,,,,VFR,,,,,,,,,,,,METAR,693
"METAR KHVC 280135Z AUTO 18009G16KT 10SM FEW040 SCT055 BKN065 25/19 A2980 RMK AO2",KHVC,2026-04-28T01:35:00.000Z,36.8603,-87.4478,25,19,180,9,16,10+,29.80,,,TRUE,TRUE,,,,,,,FEW,4000,SCT,5500,BKN,6500,,,VFR,,,,,,,,,,,,METAR,171
"METAR KJAU 280135Z AUTO 21017G24KT 10SM FEW060 FEW070 BKN100 23/11 A2997 RMK A01",KJAU,2026-04-28T01:35:00.000Z,36.3351,-84.1635,23,11,210,17,24,10+,29.97,,,TRUE,TRUE,,,,,,,FEW,6000,FEW,7000,BKN,10000,,,VFR,,,,,,,,,,,,METAR,350
"METAR KIKK 280135Z AUTO 13015G25KT 10SM -TSRA SCT005 SCT070 BKN100 16/15 A2960 RMK AO2 LTG DSNT ALQS P0005 T01550147",KIKK,2026-04-28T01:35:00.000Z,41.0687,-87.8537,15.5,14.7,130,15,25,10+,29.60,,,TRUE,TRUE,,,,,,-TSRA,SCT,500,SCT,7000,BKN,10000,,,VFR,,,,,,0.05,,,,,,METAR,188
"METAR KGEV 280135Z AUTO 16004KT 10SM CLR 11/06 A3021 RMK AO2 T01110060",KGEV,2026-04-28T01:35:00.000Z,36.4312,-81.4206,11.1,6,160,4,,10+,30.21,,,TRUE,TRUE,,,,,,,,,,,,,,,VFR,,,,,,,,,,,,METAR,961
"METAR KIJX 280135Z AUTO 00000KT 10SM SCT070 15/15 A2964 RMK AO2 T01530153",KIJX,2026-04-28T01:35:00.000Z,39.7740,-90.2419,15.3,15.3,0,0,,10+,29.64,,,TRUE,TRUE,,,,,,,SCT,7000,,,,,,,VFR,,,,,,,,,,,,METAR,187
"METAR KGMJ 280135Z AUTO 34006KT 10SM CLR 22/17 A2981 RMK AO2",KGMJ,2026-04-28T01:35:00.000Z,36.6070,-94.7369,22,17,340,6,,10+,29.81,,,TRUE,TRUE,,,,,,,,,,,,,,,VFR,,,,,,,,,,,,METAR,251
"METAR KGOP 280135Z AUTO 14005KT 5SM HZ CLR 27/25 A2981 RMK AO2",KGOP,2026-04-28T01:35:00.000Z,31.4208,-97.7951,27,25,140,5,,5,29.81,,,TRUE,TRUE,,,,,,HZ,,,,,,,,,MVFR,,,,,,,,,,,,METAR,272
"METAR KGPM 280135Z AUTO 18007KT 10SM CLR 29/21 A2980 RMK AO2 T02880213",KGPM,2026-04-28T01:35:00.000Z,32.6928,-97.0485,28.8,21.3,180,7,,10+,29.80,,,TRUE,TRUE,,,,,,,,,,,,,,,VFR,,,,,,,,,,,,METAR,178
"METAR KLUD 280135Z AUTO 18003KT 10SM CLR 29/15 A2977 RMK AO2 T02850149",KLUD,2026-04-28T01:35:00.000Z,33.2568,-97.5826,28.5,14.9,180,3,,10+,29.77,,,TRUE,TRUE,,,,,,,,,,,,,,,VFR,,,,,,,,,,,,METAR,319
"METAR K08D 280135Z AUTO 34011KT 10SM CLR 05/M09 A3000 RMK AO2",K08D,2026-04-28T01:35:00.000Z,48.3018,-102.4042,5,-9,340,11,,10+,30.00,,,TRUE,TRUE,,,,,,,,,,,,,,,VFR,,,,,,,,,,,,METAR,683
"METAR KIER 280135Z AUTO 18007KT 10SM SCT075 26/21 A2990 RMK AO2 T02640205 PNO",KIER,2026-04-28T01:35:00.000Z,31.7360,-93.1003,26.4,20.5,180,7,,10+,29.90,,,TRUE,TRUE,,,,,,,SCT,7500,,,,,,,VFR,,,,,,,,,,,,METAR,35
"METAR KUUV 280135Z AUTO 22003KT 10SM SCT070 A2975 RMK AO2 LTG DSNT E",KUUV,2026-04-28T01:35:00.000Z,38.2335,-91.1609,,,220,3,,10+,29.75,,,TRUE,TRUE,,,,,,,SCT,7000,,,,,,,VFR,,,,,,,,,,,,METAR,284
"METAR KLUV 280135Z AUTO 23006KT 10SM BKN090 OVC110 27/M05 A2985 RMK AO2",KLUV,2026-04-28T01:35:00.000Z,32.7481,-101.9127,27,-5,230,6,,10+,29.85,,,TRUE,TRUE,,,,,,,BKN,9000,OVC,11000,,,,,VFR,,,,,,,,,,,,METAR,910
"METAR KI75 280135Z AUTO 27018G22KT 7SM OVC019 12/08 A2977 RMK AO2 T01200077",KI75,2026-04-28T01:35:00.000Z,41.0472,-93.6876,12,7.7,270,18,22,7,29.77,,,TRUE,TRUE,,,,,,,OVC,1900,,,,,,,MVFR,,,,,,,,,,,,METAR,336
"METAR KCLS 280135Z AUTO VRB05G12KT 10SM BKN045 OVC050 12/10 A3009 RMK AO2",KCLS,2026-04-28T01:35:00.000Z,46.6775,-122.9857,12,10,0,5,12,10+,30.09,,,TRUE,TRUE,,,,,,,BKN,4500,OVC,5000,,,,,VFR,,,,,,,,,,,,METAR,52
"METAR KOMH 280135Z AUTO 00000KT 10SM CLR 10/07 A3023 RMK AO2",KOMH,2026-04-28T01:35:00.000Z,38.2487,-78.0454,10,7,0,0,,10+,30.23,,,TRUE,TRUE,,,,,,,,,,,,,,,VFR,,,,,,,,,,,,METAR,136
"METAR KHLB 280135Z AUTO 13019G35KT 10SM FEW033 FEW055 SCT070 16/15 A2981 RMK A01",KHLB,2026-04-28T01:35:00.000Z,39.3463,-85.2602,16,15,130,19,35,10+,29.81,,,TRUE,TRUE,,,,,,,FEW,3300,FEW,5500,SCT,7000,,,VFR,,,,,,,,,,,,METAR,297
"METAR KCPK 280135Z AUTO 00000KT 10SM CLR 07/04 A3027 RMK AO2 T00710042",KCPK,2026-04-28T01:35:00.000Z,36.6631,-76.3264,7.1,4.2,0,0,,10+,30.27,,,TRUE,TRUE,,,,,,,,,,,,,,,VFR,,,,,,,,,,,,METAR,4
"METAR KMBY 280135Z AUTO 29013G23KT 10SM CLR 17/13 A2975 RMK AO2",KMBY,2026-04-28T01:35:00.000Z,39.4640,-92.4244,17,13,290,13,23,10+,29.75,,,TRUE,TRUE,,,,,,,,,,,,,,,VFR,,,,,,,,,,,,METAR,263
"METAR KMTV 280135Z AUTO 00000KT 10SM CLR 11/05 A3023 RMK AO2 T01110053",KMTV,2026-04-28T01:35:00.000Z,36.6272,-80.0134,11.1,5.3,0,0,,10+,30.23,,,TRUE,TRUE,,,,,,,,,,,,,,,VFR,,,,,,,,,,,,METAR,276
"METAR KPHT 280135Z AUTO 19014KT 9SM SCT041 BKN046 OVC090 26/19 A2977 RMK A01",KPHT,2026-04-28T01:35:00.000Z,36.3322,-88.3871,26,19,190,14,,9,29.77,,,TRUE,TRUE,,,,,,,SCT,4100,BKN,4600,OVC,9000,,,VFR,,,,,,,,,,,,METAR,172
"METAR KM08 280135Z AUTO 18007KT 10SM BKN047 BKN055 OVC080 27/19 A2985 RMK A01",KM08,2026-04-28T01:35:00.000Z,35.2155,-89.0449,27,19,180,7,,10+,29.85,,,TRUE,TRUE,,,,,,,BKN,4700,BKN,5500,OVC,8000,,,VFR,,,,,,,,,,,,METAR,149
"METAR KRID 280135Z AUTO 11026G34KT 5SM RA OVC110 15/15 A2983 RMK AO2 P0005",KRID,2026-04-28T01:35:00.000Z,39.7579,-84.8359,15,15,110,26,34,5,29.83,,,TRUE,TRUE,,,,,,RA,OVC,11000,,,,,,,MVFR,,,,,,0.05,,,,,,METAR,346
"METAR KW75 280135Z AUTO 00000KT 10SM CLR 10/06 A3026 RMK AO1 T01040063",KW75,2026-04-28T01:35:00.000Z,37.6024,-76.4477,10.4,6.3,0,0,,10+,30.26,,,TRUE,TRUE,,,,,,,,,,,,,,,VFR,,,,,,,,,,,,METAR,8
"METAR TJPS 280135Z AUTO 00000KT 10SM 27/25 A3000 RMK AO2",TJPS,2026-04-28T01:35:00.000Z,18.0110,-66.5670,27,25,0,0,,10+,30.00,,,TRUE,TRUE,,,,,,,,,,,,,,,VFR,,,,,,,,,,,,METAR,12
"METAR KMAO 280135Z AUTO 16003KT 10SM CLR 14/11 A3022 RMK AO2",KMAO,2026-04-28T01:35:00.000Z,34.1852,-79.3341,14,11,160,3,,10+,30.22,,,TRUE,TRUE,,,,,,,,,,,,,,,VFR,,,,,,,,,,,,METAR,27
"METAR KMBT 280135Z AUTO 19015G22KT 10SM BKN047 OVC055 25/16 A2989 RMK A01",KMBT,2026-04-28T01:35:00.000Z,35.8767,-86.3793,25,16,190,15,22,10+,29.89,,,TRUE,TRUE,,,,,,,BKN,4700,OVC,5500,,,,,VFR,,,,,,,,,,,,METAR,187
"METAR KMDD 280135Z AUTO 00000KT 10SM CLR 31/M05 A2983 RMK AO2 T03071053",KMDD,2026-04-28T01:35:00.000Z,32.0359,-102.0995,30.7,-5.3,0,0,,10+,29.83,,,TRUE,TRUE,,,,,,,,,,,,,,,VFR,,,,,,,,,,,,METAR,853
"METAR KMNV 280135Z AUTO 20012G19KT 10SM CLR 21/11 A3003 RMK A01",KMNV,2026-04-28T01:35:00.000Z,35.5429,-84.3808,21,11,200,12,19,10+,30.03,,,TRUE,TRUE,,,,,,,,,,,,,,,VFR,,,,,,,,,,,,METAR,306
"METAR KMOR 280135Z AUTO 00000KT 10SM FEW048 21/13 A3004 RMK A01",KMOR,2026-04-28T01:35:00.000Z,36.1746,-83.3853,21,13,0,0,,10+,30.04,,,TRUE,TRUE,,,,,,,FEW,4800,,,,,,,VFR,,,,,,,,,,,,METAR,393
"METAR KMAW 280135Z AUTO 20017G23KT 10SM SCT032 26/21 A2973 RMK AO1",KMAW,2026-04-28T01:35:00.000Z,36.5945,-89.9865,26,21,200,17,23,10+,29.73,,,TRUE,TRUE,,,,,,,SCT,3200,,,,,,,VFR,,,,,,,,,,,,METAR,88
"METAR KMRC 280135Z AUTO 19014G19KT 10SM BKN038 BKN060 BKN075 25/18 A2988 RMK A01",KMRC,2026-04-28T01:35:00.000Z,35.5579,-87.1778,25,18,190,14,19,10+,29.88,,,TRUE,TRUE,,,,,,,BKN,3800,BKN,6000,BKN,7500,,,VFR,,,,,,,,,,,,METAR,205
"METAR K65S 280135Z AUTO VRB04KT 10SM FEW090 BKN110 12/01 A2986 RMK AO2",K65S,2026-04-28T01:35:00.000Z,48.7255,-116.2930,12,1,0,4,,10+,29.86,,,TRUE,TRUE,,,,,,,FEW,9000,BKN,11000,,,,,VFR,,,,,,,,,,,,METAR,708
"METAR KETB 280135Z AUTO 00000KT 10SM SCT021 SCT027 BKN031 13/13 A2954 RMK AO2",KETB,2026-04-28T01:35:00.000Z,43.4225,-88.1326,13,13,0,0,,10+,29.54,,,TRUE,TRUE,,,,,,,SCT,2100,SCT,2700,BKN,3100,,,VFR,,,,,,,,,,,,METAR,269
"METAR KI93 280135Z AUTO VRB06G15KT 10SM BKN044 OVC049 25/18 A2980 RMK AO2 LTG DSNT NE AND E",KI93,2026-04-28T01:35:00.000Z,37.7836,-86.4430,25,18,0,6,15,10+,29.80,,,TRUE,TRUE,,,,,,,BKN,4400,OVC,4900,,,,,VFR,,,,,,,,,,,,METAR,735
"METAR KPKV 280135Z AUTO 13007KT 10SM OVC018 26/25 A2983 RMK AO2 CIG 012V021 T02600252",KPKV,2026-04-28T01:35:00.000Z,28.6499,-96.6799,26,25.2,130,7,,10+,29.83,,,TRUE,TRUE,,,,,,,OVC,1800,,,,,,,MVFR,,,,,,,,,,,,METAR,8
"METAR KFHB 280135Z AUTO 04012KT 10SM OVC015 18/15 A3018 RMK AO2",KFHB,2026-04-28T01:35:00.000Z,30.6131,-81.4623,18,15,40,12,,10+,30.18,,,TRUE,TRUE,,,,,,,OVC,1500,,,,,,,MVFR,,,,,,,,,,,,METAR,4
"METAR KY23 280135Z AUTO 29006KT 10SM OVC007 13/13 A2947 RMK AO2 T01300125",KY23,2026-04-28T01:35:00.000Z,45.3110,-91.6380,13,12.5,290,6,,10+,29.47,,,TRUE,TRUE,,,,,,,OVC,700,,,,,,,IFR,,,,,,,,,,,,METAR,322
"METAR KPHN 280135Z AUTO 15011G16KT 10SM CLR 17/03 A2984 RMK AO2",KPHN,2026-04-28T01:35:00.000Z,42.9103,-82.5332,17,3,150,11,16,10+,29.84,,,TRUE,TRUE,,,,,,,,,,,,,,,VFR,,,,,,,,,,,,METAR,195
"METAR KGYF 280135Z AUTO 13019KT 10SM CLR 26/24 A2984 RMK AO2 PWINO T02590240",KGYF,2026-04-28T01:35:00.000Z,26.1292,-94.8981,25.9,24,130,19,,10+,29.84,,,TRUE,TRUE,,,,,TRUE,,,,,,,,,,VFR,,,,,,,,,,,,METAR,65
"METAR KM91 280135Z AUTO 18015G25KT 10SM SCT048 BKN060 OVC080 25/18 A2983 RMK A01",KM91,2026-04-28T01:35:00.000Z,36.5363,-86.9190,25,18,180,15,25,10+,29.83,,,TRUE,TRUE,,,,,,,SCT,4800,BKN,6000,OVC,8000,,,VFR,,,,,,,,,,,,METAR,214
"METAR KPEX 280135Z AUTO 32012G20KT 10SM SCT014 OVC022 06/04 A2969 RMK AO2",KPEX,2026-04-28T01:35:00.000Z,45.3725,-94.7388,6,4,320,12,20,10+,29.69,,,TRUE,TRUE,,,,,,,SCT,1400,OVC,2200,,,,,MVFR,,,,,,,,,,,,METAR,359
"METAR KPCM 280135Z AUTO 06009KT 10SM CLR 24/18 A3009 RMK AO2 T02350179 $",KPCM,2026-04-28T01:35:00.000Z,28.0013,-82.1593,23.5,17.9,60,9,,10+,30.09,,,TRUE,TRUE,TRUE,,,,,,,,,,,,,,VFR,,,,,,,,,,,,METAR,43
"METAR KADU 280135Z AUTO 29009G17KT 10SM OVC016 09/07 A2982 RMK AO2 PWINO",KADU,2026-04-28T01:35:00.000Z,41.6994,-94.9204,9,7,290,9,17,10+,29.82,,,TRUE,TRUE,,,,,TRUE,,OVC,1600,,,,,,,MVFR,,,,,,,,,,,,METAR,391
"METAR KN24 280135Z AUTO 27005KT 10SM CLR 12/M14 A2999 RMK AO2 T01151145",KN24,2026-04-28T01:35:00.000Z,36.8003,-105.5980,11.5,-14.5,270,5,,10+,29.99,,,TRUE,TRUE,,,,,,,,,,,,,,,VFR,,,,,,,,,,,,METAR,7700
"METAR KPCD 280135Z AUTO 20019G23KT 10SM VCTS BKN029 BKN060 26/21 A2966 RMK AO2 LTG DSNT NW THRU NE T02600213",KPCD,2026-04-28T01:35:00.000Z,37.8749,-89.8582,26,21.3,200,19,23,10+,29.66,,,TRUE,TRUE,,,,,,VCTS,BKN,2900,BKN,6000,,,,,MVFR,,,,,,,,,,,,METAR,112
"METAR KONM 280135Z AUTO 23018G25KT 10SM CLR 23/M19 A2987 RMK AO2 T02311192",KONM,2026-04-28T01:35:00.000Z,34.0263,-106.9037,23.1,-19.2,230,18,25,10+,29.87,,,TRUE,TRUE,,,,,,,,,,,,,,,VFR,,,,,,,,,,,,METAR,1467
"METAR KAHQ 280135Z AUTO 32016G23KT 10SM BKN023 OVC028 09/04 A2991 RMK AO2 T00870041",KAHQ,2026-04-28T01:35:00.000Z,41.2410,-96.5940,8.7,4.1,320,16,23,10+,29.91,,,TRUE,TRUE,,,,,,,BKN,2300,OVC,2800,,,,,MVFR,,,,,,,,,,,,METAR,372
"METAR KWBF 280135Z AUTO 12020KT 3SM HZ SCT015 BKN019 BKN043 25/23 A2999 RMK A01",KWBF,2026-04-28T01:35:00.000Z,26.9305,-90.5069,25,23,120,20,,3,29.99,,,TRUE,TRUE,,,,,,HZ,SCT,1500,BKN,1900,BKN,4300,,,MVFR,,,,,,,,,,,,METAR,40
"METAR KW78 280135Z AUTO 00000KT 10SM CLR 11/07 A3022 RMK AO1 T01090066",KW78,2026-04-28T01:35:00.000Z,36.7087,-78.8460,10.9,6.6,0,0,,10+,30.22,,,TRUE,TRUE,,,,,,,,,,,,,,,VFR,,,,,,,,,,,,METAR,120
"METAR KVTP 280135Z AUTO 27009G14KT 10SM CLR 04/M15 A3017 RMK AO2",KVTP,2026-04-28T01:35:00.000Z,37.5120,-105.1710,4,-15,270,9,14,10+,30.17,,,TRUE,TRUE,,,,,,,,,,,,,,,VFR,,,,,,,,,,,,METAR,3086
"METAR KVOA 280135Z AUTO 00000KT 9SM SCT055 25/22 A3005 RMK A01",KVOA,2026-04-28T01:35:00.000Z,29.2289,-87.7808,25,22,0,0,,9,30.05,,,TRUE,TRUE,,,,,,,SCT,5500,,,,,,,VFR,,,,,,,,,,,,METAR,53
"METAR KVNC 280135Z AUTO 07007KT 9SM -RA SCT055 24/20 A3003 RMK AO2 RAB0115 P0000 T02440198 $",KVNC,2026-04-28T01:35:00.000Z,27.0728,-82.4400,24.4,19.8,70,7,,9,30.03,,,TRUE,TRUE,TRUE,,,,,-RA,SCT,5500,,,,,,,VFR,,,,,,0.005,,,,,,METAR,4
"METAR KC29 280135Z AUTO 21008KT 10SM SCT038 BKN046 OVC050 20/14 A2951 RMK AO1 T02020138",KC29,2026-04-28T01:35:00.000Z,43.1153,-89.5311,20.2,13.8,210,8,,10+,29.51,,,TRUE,TRUE,,,,,,,SCT,3800,BKN,4600,OVC,5000,,,VFR,,,,,,,,,,,,METAR,282
"METAR KC35 280135Z AUTO 00000KT 10SM SCT020 BKN030 OVC080 14/14 A2950 RMK AO2 P0008 T01420136 PWINO",KC35,2026-04-28T01:35:00.000Z,43.5261,-89.9809,14.2,13.6,0,0,,10+,29.50,,,TRUE,TRUE,,,,,TRUE,,SCT,2000,BKN,3000,OVC,8000,,,MVFR,,,,,,0.08,,,,,,METAR,272
"METAR KC83 280135Z AUTO 24012KT 10SM CLR 18/06 A3002 RMK AO2",KC83,2026-04-28T01:35:00.000Z,37.8276,-121.6244,18,6,240,12,,10+,30.02,,,TRUE,TRUE,,,,,,,,,,,,,,,VFR,,,,,,,,,,,,METAR,16
"METAR KTTA 280135Z AUTO 00000KT 10SM CLR 11/07 A3023 RMK AO2 T01120073",KTTA,2026-04-28T01:35:00.000Z,35.5762,-79.1035,11.2,7.3,0,0,,10+,30.23,,,TRUE,TRUE,,,,,,,,,,,,,,,VFR,,,,,,,,,,,,METAR,71
"METAR KCCB 280135Z AUTO 25010KT 10SM SCT050 SCT055 16/04 A2998 RMK AO2",KCCB,2026-04-28T01:35:00.000Z,34.1118,-117.6847,16,4,250,10,,10+,29.98,,,TRUE,TRUE,,,,,,,SCT,5000,SCT,5500,,,,,VFR,,,,,,,,,,,,METAR,440
"METAR KTAH 280135Z AUTO VB05G16KT 10SM FEW014 25/23 A2998 RMK A01",KTAH,2026-04-28T01:35:00.000Z,27.3260,-90.7142,25,23,,,,10+,29.98,,,TRUE,TRUE,,,,,,,FEW,1400,,,,,,,VFR,,,,,,,,,,,,METAR,68
"METAR KSYM 280135Z AUTO 03005KT 10SM OVC090 23/08 A2992 RMK AO2",KSYM,2026-04-28T01:35:00.000Z,38.2199,-83.5835,23,8,30,5,,10+,29.92,,,TRUE,TRUE,,,,,,,OVC,9000,,,,,,,VFR,,,,,,,,,,,,METAR,307
"METAR K40U 280135Z AUTO 10SM -DZ BKN016 BKN022 OVC034 03/02 A2995 RMK AO2 T00340025",K40U,2026-04-28T01:35:00.000Z,40.9860,-109.6780,3.4,2.5,,,,10+,29.95,,,TRUE,TRUE,,,,,,-DZ,BKN,1600,BKN,2200,OVC,3400,,,MVFR,,,,,,,,,,,,METAR,1882
"METAR KSWW 280135Z AUTO 21006KT 10SM 30/M04 A2985 RMK AO2 T02961038",KSWW,2026-04-28T01:35:00.000Z,32.4688,-100.4669,29.6,-3.8,210,6,,10+,29.85,,,TRUE,TRUE,,,,,,,,,,,,,,,VFR,,,,,,,,,,,,METAR,718
"METAR KPHG 280135Z AUTO 36015G19KT 10SM CLR 11/03 A2997 RMK AO2",KPHG,2026-04-28T01:35:00.000Z,39.7343,-99.3179,11,3,360,15,19,10+,29.97,,,TRUE,TRUE,,,,,,,,,,,,,,,VFR,,,,,,,,,,,,METAR,579
"METAR K3LF 280135Z AUTO 25008KT 10SM BKN100 18/16 A2969 RMK AO2 LTG DSNT SE AND S T01780160",K3LF,2026-04-28T01:35:00.000Z,39.1605,-89.6742,17.8,16,250,8,,10+,29.69,,,TRUE,TRUE,,,,,,,BKN,10000,,,,,,,VFR,,,,,,,,,,,,METAR,207
"METAR KPMH 280135Z AUTO 34005KT 10SM FEW046 FEW060 OVC110 20/15 A2995 RMK AO2 LTG DSNT NE AND E",KPMH,2026-04-28T01:35:00.000Z,38.8387,-82.8494,20,15,340,5,,10+,29.95,,,TRUE,TRUE,,,,,,,FEW,4600,FEW,6000,OVC,11000,,,VFR,,,,,,,,,,,,METAR,200
"METAR KSIK 280135Z AUTO 20011G19KT 10SM 26/22 A2970 RMK AO2 T02610216 $",KSIK,2026-04-28T01:35:00.000Z,36.9027,-89.5577,26.1,21.6,200,11,19,10+,29.70,,,TRUE,TRUE,TRUE,,,,,,,,,,,,,,VFR,,,,,,,,,,,,METAR,95
"METAR KSFQ 280135Z AUTO 00000KT 10SM CLR 09/06 A3027 RMK AO2 T00900057",KSFQ,2026-04-28T01:35:00.000Z,36.6825,-76.6013,9,5.7,0,0,,10+,30.27,,,TRUE,TRUE,,,,,,,,,,,,,,,VFR,,,,,,,,,,,,METAR,19
"METAR KS33 280135Z AUTO 31010G16KT 10SM CLR 15/M03 A3000 RMK AO2",KS33,2026-04-28T01:35:00.000Z,44.6653,-121.1565,15,-3,310,10,16,10+,30.00,,,TRUE,TRUE,,,,,,,,,,,,,,,VFR,,,,,,,,,,,,METAR,739
"METAR KCMD 280135Z AUTO 17009G15KT 10SM FEW039 BKN060 23/18 A3000 RMK AO2",KCMD,2026-04-28T01:35:00.000Z,34.2722,-86.8583,23,18,170,9,15,10+,30.00,,,TRUE,TRUE,,,,,,,FEW,3900,BKN,6000,,,,,VFR,,,,,,,,,,,,METAR,294
"METAR KRQB 280135Z AUTO 16013G23KT 10SM BKN024 BKN042 OVC060 17/13 A2967 RMK AO2",KRQB,2026-04-28T01:35:00.000Z,43.7220,-85.4980,17,13,160,13,23,10+,29.67,,,TRUE,TRUE,,,,,,,BKN,2400,BKN,4200,OVC,6000,,,MVFR,,,,,,,,,,,,METAR,282
"METAR K1A5 280135Z AUTO 00000KT 10SM CLR 16/11 A3021 RMK AO2 T01550106",K1A5,2026-04-28T01:35:00.000Z,35.2228,-83.4150,15.5,10.6,0,0,,10+,30.21,,,TRUE,TRUE,,,,,,,,,,,,,,,VFR,,,,,,,,,,,,METAR,611
"METAR KRPD 280135Z AUTO 30009G19KT 10SM OVC007 10/08 A2950 RMK AO2 LTG DSNT SE T00970084",KRPD,2026-04-28T01:35:00.000Z,45.4186,-91.7764,9.7,8.4,300,9,19,10+,29.50,,,TRUE,TRUE,,,,,,,OVC,700,,,,,,,IFR,,,,,,,,,,,,METAR,334
"METAR KHTH 280135Z AUTO 30009KT 10SM BKN095 14/M07 A2995 RMK A01",KHTH,2026-04-28T01:35:00.000Z,38.5448,-118.6314,14,-7,300,9,,10+,29.95,,,TRUE,TRUE,,,,,,,BKN,9500,,,,,,,VFR,,,,,,,,,,,,METAR,1281
"METAR K0R0 280135Z AUTO 17008KT 6SM -RA HZ CLR 24/19 A3002 RMK AO2",K0R0,2026-04-28T01:35:00.000Z,31.2969,-89.8160,24,19,170,8,,6,30.02,,,TRUE,TRUE,,,,,,-RA HZ,,,,,,,,,VFR,,,,,,,,,,,,METAR,76
"METAR KRYW 280135Z AUTO 14004KT 7SM SCT030 27/23 A2987 RMK AO2 T02660225",KRYW,2026-04-28T01:35:00.000Z,30.4980,-97.9690,26.6,22.5,140,4,,7,29.87,,,TRUE,TRUE,,,,,,,SCT,3000,,,,,,,VFR,,,,,,,,,,,,METAR,370
"METAR KCFS 280135Z AUTO 15013G21KT 10SM CLR 17/06 A2976 RMK AO2",KCFS,2026-04-28T01:35:00.000Z,43.4624,-83.4428,17,6,150,13,21,10+,29.76,,,TRUE,TRUE,,,,,,,,,,,,,,,VFR,,,,,,,,,,,,METAR,214
"METAR K0A9 280135Z AUTO 06007G16KT 10SM CLR 18/08 A3009 RMK AO2",K0A9,2026-04-28T01:35:00.000Z,36.3711,-82.1768,18,8,60,7,16,10+,30.09,,,TRUE,TRUE,,,,,,,,,,,,,,,VFR,,,,,,,,,,,,METAR,479
"METAR KSCD 280135Z AUTO 16006KT 10SM CLR 23/18 A3005 RMK AO2 T02310180",KSCD,2026-04-28T01:35:00.000Z,33.1732,-86.2933,23.1,18,160,6,,10+,30.05,,,TRUE,TRUE,,,,,,,,,,,,,,,VFR,,,,,,,,,,,,METAR,164
"METAR KCDI 280135Z AUTO 00000KT 10SM CLR 16/13 A2996 RMK AO2 T01610130",KCDI,2026-04-28T01:35:00.000Z,39.9760,-81.5770,16.1,13,0,0,,10+,29.96,,,TRUE,TRUE,,,,,,,,,,,,,,,VFR,,,,,,,,,,,,METAR,241
"METAR KCDA 280135Z AUTO 00000KT 10SM CLR 14/01 A3022 RMK AO2 T01400014",KCDA,2026-04-28T01:35:00.000Z,44.5677,-72.0191,14,1.4,0,0,,10+,30.22,,,TRUE,TRUE,,,,,,,,,,,,,,,VFR,,,,,,,,,,,,METAR,357
"METAR KBPC 280135Z AUTO 06010KT 10SM CLR 22/02 A2984 RMK AO2",KBPC,2026-04-28T01:35:00.000Z,35.8913,-101.0275,22,2,60,10,,10+,29.84,,,TRUE,TRUE,,,,,,,,,,,,,,,VFR,,,,,,,,,,,,METAR,844
"METAR KT82 280135Z AUTO 13004KT 4SM HZ CLR 26/22 A2986 RMK AO2",KT82,2026-04-28T01:35:00.000Z,30.2390,-98.9040,26,22,130,4,,4,29.86,,,TRUE,TRUE,,,,,,HZ,,,,,,,,,MVFR,,,,,,,,,,,,METAR,509
"METAR K06C 280135Z AUTO 25004KT 10SM OVC010 17/16 A2958 RMK AO2 P0003 T01700161",K06C,2026-04-28T01:35:00.000Z,41.9924,-88.1091,17,16.1,250,4,,10+,29.58,,,TRUE,TRUE,,,,,,,OVC,1000,,,,,,,MVFR,,,,,,0.03,,,,,,METAR,243
"METAR KBJI 280135Z AUTO 34019G28KT 10SM OVC014 04/04 A2974 RMK AO2 T00360036",KBJI,2026-04-28T01:35:00.000Z,47.5076,-94.9279,3.6,3.6,340,19,28,10+,29.74,,,TRUE,TRUE,,,,,,,OVC,1400,,,,,,,MVFR,,,,,,,,,,,,METAR,422
"METAR KBDG 280135Z AUTO 21004KT 10SM CLR 14/M07 A2987 RMK AO2 T01401066",KBDG,2026-04-28T01:35:00.000Z,37.5870,-109.4810,14,-6.6,210,4,,10+,29.87,,,TRUE,TRUE,,,,,,,,,,,,,,,VFR,,,,,,,,,,,,METAR,1778
"METAR KBBP 280135Z AUTO 09005KT 10SM CLR 15/09 A3021 RMK AO2",KBBP,2026-04-28T01:35:00.000Z,34.6228,-79.7354,15,9,90,5,,10+,30.21,,,TRUE,TRUE,,,,,,,,,,,,,,,VFR,,,,,,,,,,,,METAR,44
"METAR KTVK 280135Z AUTO 28019G25KT 10SM OVC020 14/10 A2976 RMK A01",KTVK,2026-04-28T01:35:00.000Z,40.6832,-92.8984,14,10,280,19,25,10+,29.76,,,TRUE,TRUE,,,,,,,OVC,2000,,,,,,,MVFR,,,,,,,,,,,,METAR,311
"METAR K9A4 280135Z AUTO 18009G15KT 10SM OVC060 A2997 RMK AO2",K9A4,2026-04-28T01:35:00.000Z,34.6600,-87.3490,,,180,9,15,10+,29.97,,,TRUE,TRUE,,,,,,,OVC,6000,,,,,,,VFR,,,,,,,,,,,,METAR,176
"METAR K8D4 280135Z AUTO 16009G14KT 10SM OVC070 20/13 A2967 RMK AO2",K8D4,2026-04-28T01:35:00.000Z,43.1295,-85.6779,20,13,160,9,14,10+,29.67,,,TRUE,TRUE,,,,,,,OVC,7000,,,,,,,VFR,,,,,,,,,,,,METAR,775
"METAR K82V 280135Z AUTO 07006KT 10SM 06/M03 A2997 RMK AO2",K82V,2026-04-28T01:35:00.000Z,41.1510,-104.1288,6,-3,70,6,,10+,29.97,,,TRUE,TRUE,,,,,,,,,,,,,,,VFR,,,,,,,,,,,,METAR,1563
"METAR KD73 280135Z AUTO 10SM CLR 15/12 A3016 RMK AO2 T01490122",KD73,2026-04-28T01:35:00.000Z,33.7826,-83.6948,14.9,12.2,,,,10+,30.16,,,TRUE,TRUE,,,,,,,,,,,,,,,VFR,,,,,,,,,,,,METAR,254
"METAR K6B0 280135Z AUTO 00000KT 10SM CLR 13/03 A3017 RMK AO2 T01290025",K6B0,2026-04-28T01:35:00.000Z,43.9888,-73.0952,12.9,2.5,0,0,,10+,30.17,,,TRUE,TRUE,,,,,,,,,,,,,,,VFR,,,,,,,,,,,,METAR,149
"METAR KAIG 280135Z AUTO 15012KT 1/4SM FG OVC003 11/11 A2950 RMK AO2 T01100110",KAIG,2026-04-28T01:35:00.000Z,45.1566,-89.1115,11,11,150,12,,0.25,29.50,,,TRUE,TRUE,,,,,,FG,OVC,300,,,,,,,LIFR,,,,,,,,,,,,METAR,462
"METAR K5H4 280135Z AUTO 33011KT 10SM FEW110 07/M07 A2997 RMK AO2",K5H4,2026-04-28T01:35:00.000Z,47.7906,-99.9346,7,-7,330,11,,10+,29.97,,,TRUE,TRUE,,,,,,,FEW,11000,,,,,,,VFR,,,,,,,,,,,,METAR,490
"METAR K21D 280135Z AUTO 31009KT 10SM -RA OVC008 07/07 A2957 RMK AO2",K21D,2026-04-28T01:35:00.000Z,45.0002,-92.8549,7,7,310,9,,10+,29.57,,,TRUE,TRUE,,,,,,-RA,OVC,800,,,,,,,IFR,,,,,,,,,,,,METAR,281
"METAR K1A9 280135Z AUTO 13007KT 10SM CLR 24/17 A3002 RMK AO2 T02430173",K1A9,2026-04-28T01:35:00.000Z,32.4374,-86.5098,24.3,17.3,130,7,,10+,30.02,,,TRUE,TRUE,,,,,,,,,,,,,,,VFR,,,,,,,,,,,,METAR,65
"METAR K18H 280135Z AUTO 13008G20KT 100V160 6SM HZ FEW015 26/23 A2993 RMK A01",K18H,2026-04-28T01:35:00.000Z,26.1283,-92.0333,26,23,130,8,20,6,29.93,,,TRUE,TRUE,,,,,,HZ,FEW,1500,,,,,,,VFR,,,,,,,,,,,,METAR,30
"METAR KCKP 280135Z AUTO 32010G22KT 10SM OVC017 08/05 A2980 RMK AO2",KCKP,2026-04-28T01:35:00.000Z,42.7304,-95.5538,8,5,320,10,22,10+,29.80,,,TRUE,TRUE,,,,,,,OVC,1700,,,,,,,MVFR,,,,,,,,,,,,METAR,369
"METAR KDUB 280135Z AUTO 12004KT 10SM SCT070 BKN080 01/M03 A2988 RMK AO2",KDUB,2026-04-28T01:35:00.000Z,43.5485,-109.6839,1,-3,120,4,,10+,29.88,,,TRUE,TRUE,,,,,,,SCT,7000,BKN,8000,,,,,VFR,,,,,,,,,,,,METAR,2205
"METAR KLQR 280135Z AUTO 03008KT 10SM CLR 14/07 A2992 RMK AO2",KLQR,2026-04-28T01:35:00.000Z,38.2084,-99.0868,14,7,30,8,,10+,29.92,,,TRUE,TRUE,,,,,,,,,,,,,,,VFR,,,,,,,,,,,,METAR,612
"METAR K14Y 280135Z AUTO 34013G23KT 10SM OVC013 05/03 A2969 RMK AO2",K14Y,2026-04-28T01:35:00.000Z,45.9017,-94.8727,5,3,340,13,23,10+,29.69,,,TRUE,TRUE,,,,,,,OVC,1300,,,,,,,MVFR,,,,,,,,,,,,METAR,404
"METAR KDRP 280135Z AUTO 19015G24KT 10SM FEW040 SCT065 BKN090 26/23 A2980 RMK AO2",KDRP,2026-04-28T01:35:00.000Z,35.1213,-90.8246,26,23,190,15,24,10+,29.80,,,TRUE,TRUE,,,,,,,FEW,4000,SCT,6500,BKN,9000,,,VFR,,,,,,,,,,,,METAR,73
"METAR KLRO 280135Z AUTO 00000KT 10SM CLR 13/13 A3021 RMK AO2",KLRO,2026-04-28T01:35:00.000Z,32.8982,-79.7796,13,13,0,0,,10+,30.21,,,TRUE,TRUE,,,,,,,,,,,,,,,VFR,,,,,,,,,,,,METAR,3
"METAR K0F2 280135Z AUTO 00000KT 10SM CLR 24/17 A2979 RMK AO2 T02400167",K0F2,2026-04-28T01:35:00.000Z,33.6011,-97.7735,24,16.7,0,0,,10+,29.79,,,TRUE,TRUE,,,,,,,,,,,,,,,VFR,,,,,,,,,,,,METAR,330
"METAR K04W 280135Z AUTO 33011G19KT 10SM DZ OVC012 07/07 A2957 RMK AO2",K04W,2026-04-28T01:35:00.000Z,46.0244,-92.8991,7,7,330,11,19,10+,29.57,,,TRUE,TRUE,,,,,,DZ,OVC,1200,,,,,,,MVFR,,,,,,,,,,,,METAR,310
"METAR K13K 280135Z AUTO 32009KT 10SM CLR 16/11 A2989 RMK AO2 T01560115",K13K,2026-04-28T01:35:00.000Z,37.8519,-96.2929,15.6,11.5,320,9,,10+,29.89,,,TRUE,TRUE,,,,,,,,,,,,,,,VFR,,,,,,,,,,,,METAR,367
"METAR KOWX 280135Z AUTO 16028G38KT 10SM FEW065 FEW080 SCT110 19/15 A2971 RMK AO2 PK WND 14044/19",KOWX,2026-04-28T01:35:00.000Z,41.0341,-83.9862,19,15,160,28,38,10+,29.71,,,TRUE,TRUE,,,,,,,FEW,6500,FEW,8000,SCT,11000,,,VFR,,,,,,,,,,,,METAR,232
"METAR KOQN 280135Z AUTO 18004KT 10SM CLR 13/06 A3028 RMK AO2",KOQN,2026-04-28T01:35:00.000Z,39.9889,-75.5803,13,6,180,4,,10+,30.28,,,TRUE,TRUE,,,,,,,,,,,,,,,VFR,,,,,,,,,,,,METAR,141
"METAR KONX 280135Z AUTO 04004KT 10SM CLR 12/05 A3026 RMK AO2 T01150046",KONX,2026-04-28T01:35:00.000Z,36.3990,-76.0140,11.5,4.6,40,4,,10+,30.26,,,TRUE,TRUE,,,,,,,,,,,,,,,VFR,,,,,,,,,,,,METAR,4
"METAR KONP 280135Z AUTO 25006KT 10SM SCT014 OVC031 11/08 A3016 RMK AO2",KONP,2026-04-28T01:35:00.000Z,44.5825,-124.0575,11,8,250,6,,10+,30.16,,,TRUE,TRUE,,,,,,,SCT,1400,OVC,3100,,,,,VFR,,,,,,,,,,,,METAR,43
"METAR K18A 280135Z AUTO 08003KT 10SM CLR 16/11 A3016 RMK AO2 T01630105",K18A,2026-04-28T01:35:00.000Z,34.3418,-83.1316,16.3,10.5,80,3,,10+,30.16,,,TRUE,TRUE,,,,,,,,,,,,,,,VFR,,,,,,,,,,,,METAR,260
"METAR KOEB 280135Z AUTO 15011G22KT 10SM SCT095 17/14 A2970 RMK AO2",KOEB,2026-04-28T01:35:00.000Z,41.9308,-85.0544,17,14,150,11,22,10+,29.70,,,TRUE,TRUE,,,,,,,SCT,9500,,,,,,,VFR,,,,,,,,,,,,METAR,291
"METAR KMNH 280135Z AUTO 11005KT 10SM -RA SCT018 BKN032 OVC110 04/02 A2998 RMK AO2 LTG DSNT E THRU S",KMNH,2026-04-28T01:35:00.000Z,39.2232,-104.6423,4,2,110,5,,10+,29.98,,,TRUE,TRUE,,,,,,-RA,SCT,1800,BKN,3200,OVC,11000,,,VFR,,,,,,,,,,,,METAR,2152
"METAR KMKQ 280135Z AUTO 13017KT 9SM FEW016 25/23 A3000 RMK A01",KMKQ,2026-04-28T01:35:00.000Z,27.5197,-90.0981,25,23,130,17,,9,30.00,,,TRUE,TRUE,,,,,,,FEW,1600,,,,,,,VFR,,,,,,,,,,,,METAR,40
"METAR KM01 280135Z AUTO 18014G20KT 10SM FEW046 26/23 A2980 RMK AO2 LTG DSNT SE T02640226 $",KM01,2026-04-28T01:35:00.000Z,35.2004,-90.0548,26.4,22.6,180,14,20,10+,29.80,,,TRUE,TRUE,TRUE,,,,,,FEW,4600,,,,,,,VFR,,,,,,,,,,,,METAR,68
"METAR KLXY 280135Z AUTO 15009KT 10SM CLR 26/22 A2980 RMK AO2 T02580222 TSNO",KLXY,2026-04-28T01:35:00.000Z,31.6446,-96.5122,25.8,22.2,150,9,,10+,29.80,,,TRUE,TRUE,,,TRUE,,,,,,,,,,,,VFR,,,,,,,,,,,,METAR,164
"METAR KHVE 280135Z AUTO 25009G13KT 10SM SCT100 SCT120 17/M07 A2983 RMK AO2",KHVE,2026-04-28T01:35:00.000Z,38.4180,-110.7041,17,-7,250,9,13,10+,29.83,,,TRUE,TRUE,,,,,,,SCT,10000,SCT,12000,,,,,VFR,,,,,,,,,,,,METAR,1351
"METAR K24A 280135Z AUTO 15009KT 050V190 10SM CLR 14/09 A3019 RMK AO2 LTG DSNT SE AND NW T01410094",K24A,2026-04-28T01:35:00.000Z,35.3156,-83.2071,14.1,9.4,150,9,,10+,30.19,,,TRUE,TRUE,,,,,,,,,,,,,,,VFR,,,,,,,,,,,,METAR,864
"METAR K2A0 280135Z AUTO 00000KT 10SM FEW100 21/13 A3001 RMK A01",K2A0,2026-04-28T01:35:00.000Z,35.4817,-84.9322,21,13,0,0,,10+,30.01,,,TRUE,TRUE,,,,,,,FEW,10000,,,,,,,VFR,,,,,,,,,,,,METAR,219
"METAR KWDR 280135Z 10SM CLR 15/11 A3018 RMK AO2",KWDR,2026-04-28T01:35:00.000Z,33.9810,-83.6670,15,11,,,,10+,30.18,,,,TRUE,,,,,,,,,,,,,,,VFR,,,,,,,,,,,,METAR,280
"METAR KI74 280135Z AUTO 00000KT 10SM -RA SCT090 OVC110 16/16 A2994 RMK AO2 P0004",KI74,2026-04-28T01:35:00.000Z,40.1314,-83.7570,16,16,0,0,,10+,29.94,,,TRUE,TRUE,,,,,,-RA,SCT,9000,OVC,11000,,,,,VFR,,,,,,0.04,,,,,,METAR,322
"METAR KPBX 280135Z AUTO 14009G15KT 10SM CLR 23/08 A2997 RMK AO2 LTG DSNT NW T02310080",KPBX,2026-04-28T01:35:00.000Z,37.5587,-82.5674,23.1,8,140,9,15,10+,29.97,,,TRUE,TRUE,,,,,,,,,,,,,,,VFR,,,,,,,,,,,,METAR,447
"METAR KI67 280135Z AUTO 13016G21KT 7SM SCT065 BKN075 OVC110 17/15 A2989 RMK AO1 P0008",KI67,2026-04-28T01:35:00.000Z,39.2565,-84.7753,17,15,130,16,21,7,29.89,,,TRUE,TRUE,,,,,,,SCT,6500,BKN,7500,OVC,11000,,,VFR,,,,,,0.08,,,,,,METAR,177
"METAR KHZR 280135Z AUTO 19007KT 2SM HZ CLR 26/19 A2995 RMK AO2 T02640193 $",KHZR,2026-04-28T01:35:00.000Z,30.7180,-91.4800,26.4,19.3,190,7,,2,29.95,,,TRUE,TRUE,TRUE,,,,,HZ,,,,,,,,,IFR,,,,,,,,,,,,METAR,11
"METAR KPCZ 280135Z AUTO 12004KT 5SM BR SCT006 14/13 A2951 RMK AO2 T01380125",KPCZ,2026-04-28T01:35:00.000Z,44.3342,-89.0203,13.8,12.5,120,4,,5,29.51,,,TRUE,TRUE,,,,,,BR,SCT,600,,,,,,,MVFR,,,,,,,,,,,,METAR,248
"METAR KPEZ 280135Z AUTO 13008KT 7SM CLR 29/22 A2980 RMK AO2 T02880223",KPEZ,2026-04-28T01:35:00.000Z,28.9561,-98.5184,28.8,22.3,130,8,,7,29.80,,,TRUE,TRUE,,,,,,,,,,,,,,,VFR,,,,,,,,,,,,METAR,126
"METAR K3W7 280135Z AUTO 22010G16KT 190V260 10SM CLR 17/M01 A2985 RMK AO2",K3W7,2026-04-28T01:35:00.000Z,47.9219,-119.0771,17,-1,220,10,16,10+,29.85,,,TRUE,TRUE,,,,,,,,,,,,,,,VFR,,,,,,,,,,,,METAR,492
"METAR KPIM 280135Z AUTO 12007G16KT 10SM CLR 21/13 A3011 RMK AO2",KPIM,2026-04-28T01:35:00.000Z,32.8421,-84.8766,21,13,120,7,16,10+,30.11,,,TRUE,TRUE,,,,,,,,,,,,,,,VFR,,,,,,,,,,,,METAR,274
"METAR KHZL 280135Z AUTO 15003KT 10SM CLR 14/02 A3026 RMK AO2",KHZL,2026-04-28T01:35:00.000Z,40.9845,-75.9901,14,2,150,3,,10+,30.26,,,TRUE,TRUE,,,,,,,,,,,,,,,VFR,,,,,,,,,,,,METAR,481
"METAR KPMU 280135Z AUTO 19008KT 10SM FEW050 SCT070 BKN090 27/20 A2986 RMK AO2 LTG DSNT NE AND S",KPMU,2026-04-28T01:35:00.000Z,34.3655,-89.8905,27,20,190,8,,10+,29.86,,,TRUE,TRUE,,,,,,,FEW,5000,SCT,7000,BKN,9000,,,VFR,,,,,,,,,,,,METAR,67
"METAR K49B 280135Z AUTO 33006KT 10SM OVC019 03/01 A3002 RMK AO2",K49B,2026-04-28T01:35:00.000Z,44.4284,-103.3799,3,1,330,6,,10+,30.02,,,TRUE,TRUE,,,,,,,OVC,1900,,,,,,,MVFR,,,,,,,,,,,,METAR,986
"METAR KPMV 280135Z AUTO 30013G21KT 10SM OVC019 09/06 A2989 RMK AO2 T00930055",KPMV,2026-04-28T01:35:00.000Z,40.9446,-95.9124,9.3,5.5,300,13,21,10+,29.89,,,TRUE,TRUE,,,,,,,OVC,1900,,,,,,,MVFR,,,,,,,,,,,,METAR,365
"METAR KPNA 280135Z AUTO 01006KT 10SM SCT029 SCT034 OVC060 02/M02 A2992 RMK AO2",KPNA,2026-04-28T01:35:00.000Z,42.7929,-109.8051,2,-2,10,6,,10+,29.92,,,TRUE,TRUE,,,,,,,SCT,2900,SCT,3400,OVC,6000,,,VFR,,,,,,,,,,,,METAR,2158
"METAR KHOE 280135Z AUTO 09006KT 10SM CLR 18/13 A3016 RMK AO2 T01900131",KHOE,2026-04-28T01:35:00.000Z,31.0561,-82.7726,19,13.1,90,6,,10+,30.16,,,TRUE,TRUE,,,,,,,,,,,,,,,VFR,,,,,,,,,,,,METAR,56
"METAR KPPO 280135Z AUTO 24010KT 2 1/2SM TSRA BR SCT025 SCT043 BKN060 16/16 A2976 RMK AO2 LTG DSNT S-NW PRESRR VIS 2V5",KPPO,2026-04-28T01:35:00.000Z,41.5705,-86.7333,16,16,240,10,,2.5,29.76,,,TRUE,TRUE,,,,,,TSRA BR,SCT,2500,SCT,4300,BKN,6000,,,IFR,,,,,,,,,,,,METAR,242
"METAR KVTI 280135Z AUTO 28016G22KT 10SM OVC019 13/09 A2965 RMK AO2 T01260094",KVTI,2026-04-28T01:35:00.000Z,42.2176,-92.0249,12.6,9.4,280,16,22,10+,29.65,,,TRUE,TRUE,,,,,,,OVC,1900,,,,,,,MVFR,,,,,,,,,,,,METAR,256
"METAR KPPQ 280135Z AUTO 30004KT 10SM CLR 20/19 A2965 RMK AO2 T01950188",KPPQ,2026-04-28T01:35:00.000Z,39.6391,-90.7818,19.5,18.8,300,4,,10+,29.65,,,TRUE,TRUE,,,,,,,,,,,,,,,VFR,,,,,,,,,,,,METAR,215
"METAR KSFY 280135Z AUTO 27011G20KT 10SM VCTS OVC042 18/14 A2958 RMK AO2 LTG DSNT N THRU SE T01770143",KSFY,2026-04-28T01:35:00.000Z,42.0454,-90.1101,17.7,14.3,270,11,20,10+,29.58,,,TRUE,TRUE,,,,,,VCTS,OVC,4200,,,,,,,VFR,,,,,,,,,,,,METAR,188
"METAR KSOW 280135Z AUTO 22021G28KT 10SM CLR 14/M14 A2999 RMK AO2",KSOW,2026-04-28T01:35:00.000Z,34.2686,-110.0019,14,-14,220,21,28,10+,29.99,,,TRUE,TRUE,,,,,,,,,,,,,,,VFR,,,,,,,,,,,,METAR,1954
"METAR KPRO 280135Z AUTO 30021G28KT 10SM OVC014 09/08 A2976 RMK AO2 PK WND 31030/0058 CIG 013V020 OVC V BKN T00950078 $",KPRO,2026-04-28T01:35:00.000Z,41.8278,-94.1637,9.5,7.8,300,21,28,10+,29.76,,,TRUE,TRUE,TRUE,,,,,,OVC,1400,,,,,,,MVFR,,,,,,,,,,,,METAR,308
"METAR KAID 280135Z AUTO 15020G29KT 10SM BKN110 18/13 A2970 RMK AO2 LTG DSNT W THRU N T01760130",KAID,2026-04-28T01:35:00.000Z,40.1061,-85.6098,17.6,13,150,20,29,10+,29.70,,,TRUE,TRUE,,,,,,,BKN,11000,,,,,,,VFR,,,,,,,,,,,,METAR,277
"METAR KRNH 280135Z AUTO 32011G16KT 10SM -DZ OVC010 07/07 A2954 RMK AO2 T00690067",KRNH,2026-04-28T01:35:00.000Z,45.1476,-92.5335,6.9,6.7,320,11,16,10+,29.54,,,TRUE,TRUE,,,,,,-DZ,OVC,1000,,,,,,,MVFR,,,,,,,,,,,,METAR,302
"METAR KRNV 280135Z AUTO 18012KT 10SM FEW055 27/25 A2985 RMK AO2 T02710246 $",KRNV,2026-04-28T01:35:00.000Z,33.7620,-90.7590,27.1,24.6,180,12,,10+,29.85,,,TRUE,TRUE,TRUE,,,,,,FEW,5500,,,,,,,VFR,,,,,,,,,,,,METAR,42
"METAR K8V7 280135Z AUTO 10016KT 10SM CLR 16/02 A2986 RMK AO2",K8V7,2026-04-28T01:35:00.000Z,37.4547,-102.6192,16,2,100,16,,10+,29.86,,,TRUE,TRUE,,,,,,,,,,,,,,,VFR,,,,,,,,,,,,METAR,1338
"METAR KJWG 280135Z AUTO 36008KT 10SM CLR 21/09 A2987 RMK AO2 T02050093",KJWG,2026-04-28T01:35:00.000Z,35.8630,-98.4230,20.5,9.3,360,8,,10+,29.87,,,TRUE,TRUE,,,,,,,,,,,,,,,VFR,,,,,,,,,,,,METAR,469
"METAR KRPJ 280135Z AUTO 17009KT 10SM SCT060 BKN065 BKN075 17/15 A2958 RMK AO2 T01650154",KRPJ,2026-04-28T01:35:00.000Z,41.8906,-89.0817,16.5,15.4,170,9,,10+,29.58,,,TRUE,TRUE,,,,,,,SCT,6000,BKN,6500,BKN,7500,,,VFR,,,,,,,,,,,,METAR,234
"METAR KRSV 280135Z AUTO 14017G20KT 10SM FEW008 BKN035 OVC046 17/17 A2971 RMK AO2 LTG DSNT E-SW",KRSV,2026-04-28T01:35:00.000Z,39.0136,-87.6484,17,17,140,17,20,10+,29.71,,,TRUE,TRUE,,,,,,,FEW,800,BKN,3500,OVC,4600,,,VFR,,,,,,,,,,,,METAR,139
"METAR K9S2 280135Z AUTO 01007KT 10SM CLR 02/M07 A3002 RMK AO2",K9S2,2026-04-28T01:35:00.000Z,48.8080,-105.4360,2,-7,10,7,,10+,30.02,,,TRUE,TRUE,,,,,,,,,,,,,,,VFR,,,,,,,,,,,,METAR,741
"METAR KRUQ 280135Z AUTO 13003KT 10SM CLR 15/07 A3020 RMK AO2 T01520071",KRUQ,2026-04-28T01:35:00.000Z,35.6442,-80.5236,15.2,7.1,130,3,,10+,30.20,,,TRUE,TRUE,,,,,,,,,,,,,,,VFR,,,,,,,,,,,,METAR,231
"METAR KRWV 280135Z AUTO 15007KT 7SM HZ CLR 26/23 A2984 RMK AO2",KRWV,2026-04-28T01:35:00.000Z,30.5161,-96.7051,26,23,150,7,,7,29.84,,,TRUE,TRUE,,,,,,HZ,,,,,,,,,VFR,,,,,,,,,,,,METAR,116
"METAR KRZN 280135Z AUTO 31006KT 10SM -RA OVC005 06/05 A2954 RMK AO2 P0002 T00550050",KRZN,2026-04-28T01:35:00.000Z,45.8229,-92.3706,5.5,5,310,6,,10+,29.54,,,TRUE,TRUE,,,,,,-RA,OVC,500,,,,,,,IFR,,,,,,0.02,,,,,,METAR,301
"METAR KSAA 280135Z AUTO 12009KT 10SM -DZ SCT026 BKN042 OVC065 02/02 A2993 RMK AO2",KSAA,2026-04-28T01:35:00.000Z,41.4470,-106.8150,2,2,120,9,,10+,29.93,,,TRUE,TRUE,,,,,,-DZ,SCT,2600,BKN,4200,OVC,6500,,,VFR,,,,,,,,,,,,METAR,2093
"METAR KSCR 280135Z AUTO 00000KT 10SM CLR 14/08 A3022 RMK AO2 T01410076",KSCR,2026-04-28T01:35:00.000Z,35.7058,-79.5051,14.1,7.6,0,0,,10+,30.22,,,TRUE,TRUE,,,,,,,,,,,,,,,VFR,,,,,,,,,,,,METAR,182
"METAR KSDA 280135Z AUTO 31012G18KT 10SM OVC024 11/08 A2985 RMK AO2",KSDA,2026-04-28T01:35:00.000Z,40.7533,-95.4112,11,8,310,12,18,10+,29.85,,,TRUE,TRUE,,,,,,,OVC,2400,,,,,,,MVFR,,,,,,,,,,,,METAR,293
"METAR KSHL 280135Z AUTO 33025KT 10SM OVC013 07/07 A2976 RMK AO2",KSHL,2026-04-28T01:35:00.000Z,43.2082,-95.8354,7,7,330,25,,10+,29.76,,,TRUE,TRUE,,,,,,,OVC,1300,,,,,,,MVFR,,,,,,,,,,,,METAR,430
"METAR KSJS 280135Z AUTO 14007KT 10SM CLR 23/09 A2997 RMK AO2 T02270088",KSJS,2026-04-28T01:35:00.000Z,37.7489,-82.6413,22.7,8.8,140,7,,10+,29.97,,,TRUE,TRUE,,,,,,,,,,,,,,,VFR,,,,,,,,,,,,METAR,359
"METAR KEKX 280135Z AUTO 20012G17KT 10SM BKN050 OVC060 25/15 A2982 RMK AO2 LTG DSNT NE AND E T02450148",KEKX,2026-04-28T01:35:00.000Z,37.6924,-85.9204,24.5,14.8,200,12,17,10+,29.82,,,TRUE,TRUE,,,,,,,BKN,5000,OVC,6000,,,,,VFR,,,,,,,,,,,,METAR,234
"METAR K9Y1 280135Z AUTO 32007KT 10SM CLR 05/M07 A3000 RMK AO2",K9Y1,2026-04-28T01:35:00.000Z,47.3941,-102.7731,5,-7,320,7,,10+,30.00,,,TRUE,TRUE,,,,,,,,,,,,,,,VFR,,,,,,,,,,,,METAR,695
"METAR K77S 280135Z AUTO VRB04KT 10SM CLR 16/06 A3007 RMK A01",K77S,2026-04-28T01:35:00.000Z,43.9324,-123.0059,16,6,0,4,,10+,30.07,,,TRUE,TRUE,,,,,,,,,,,,,,,VFR,,,,,,,,,,,,METAR,161
"METAR KSLB 280135Z AUTO 32020G27KT 10SM BKN017 BKN023 OVC030 07/05 A2978 RMK AO2",KSLB,2026-04-28T01:35:00.000Z,42.5972,-95.2399,7,5,320,20,27,10+,29.78,,,TRUE,TRUE,,,,,,,BKN,1700,BKN,2300,OVC,3000,,,MVFR,,,,,,,,,,,,METAR,450
"METAR KROS 280135Z AUTO 32009G17KT 280V350 10SM -RA BKN013 OVC018 08/07 A2957 RMK AO2 P0002 T00760065",KROS,2026-04-28T01:35:00.000Z,45.6962,-92.9543,7.6,6.5,320,9,17,10+,29.57,,,TRUE,TRUE,,,,,,-RA,BKN,1300,OVC,1800,,,,,MVFR,,,,,,0.02,,,,,,METAR,282
"METAR KIKV 280135Z AUTO 29018G28KT 10SM BKN020 OVC025 11/08 A2975 RMK AO2",KIKV,2026-04-28T01:35:00.000Z,41.6878,-93.5695,11,8,290,18,28,10+,29.75,,,TRUE,TRUE,,,,,,,BKN,2000,OVC,2500,,,,,MVFR,,,,,,,,,,,,METAR,270
"METAR KTBR 280135Z AUTO 08003KT 10SM CLR 14/10 A3019 RMK AO2",KTBR,2026-04-28T01:35:00.000Z,32.4800,-81.7380,14,10,80,3,,10+,30.19,,,TRUE,TRUE,,,,,,,,,,,,,,,VFR,,,,,,,,,,,,METAR,54
"METAR KTMK 280135Z AUTO 27008KT 10SM BKN032 OVC037 12/09 A3013 RMK AO2",KTMK,2026-04-28T01:35:00.000Z,45.4210,-123.8144,12,9,270,8,,10+,30.13,,,TRUE,TRUE,,,,,,,BKN,3200,OVC,3700,,,,,VFR,,,,,,,,,,,,METAR,8
"METAR KTNU 280135Z AUTO 28025KT 10SM OVC020 12/09 A2971 RMK A01",KTNU,2026-04-28T01:35:00.000Z,41.6701,-93.0190,12,9,280,25,,10+,29.71,,,TRUE,TRUE,,,,,,,OVC,2000,,,,,,,MVFR,,,,,,,,,,,,METAR,287
"METAR KTQK 280135Z AUTO 05010KT 10SM CLR 12/03 A2995 RMK AO2",KTQK,2026-04-28T01:35:00.000Z,38.4782,-100.8822,12,3,50,10,,10+,29.95,,,TRUE,TRUE,,,,,,,,,,,,,,,VFR,,,,,,,,,,,,METAR,906
"METAR KUBE 280135Z AUTO 32014G22KT 7SM -DZ OVC006 07/07 A2950 RMK AO2 LTG DSNT SE",KUBE,2026-04-28T01:35:00.000Z,45.5046,-91.9780,7,7,320,14,22,7,29.50,,,TRUE,TRUE,,,,,,-DZ,OVC,600,,,,,,,IFR,,,,,,,,,,,,METAR,376
"METAR KVDI 280135Z AUTO 11007KT 10SM CLR 17/11 A3019 RMK AO2",KVDI,2026-04-28T01:35:00.000Z,32.1933,-82.3642,17,11,110,7,,10+,30.19,,,TRUE,TRUE,,,,,,,,,,,,,,,VFR,,,,,,,,,,,,METAR,81
"METAR KVES 280135Z AUTO 16021G28KT 10SM -RA SCT045 BKN050 OVC110 17/17 A2983 RMK AO2 PK WND 14034/57 LTG DSNT NW PRESRR",KVES,2026-04-28T01:35:00.000Z,40.2056,-84.5346,17,17,160,21,28,10+,29.83,,,TRUE,TRUE,,,,,,-RA,SCT,4500,BKN,5000,OVC,11000,,,VFR,,,,,,,,,,,,METAR,308
"METAR KVPC 280135Z AUTO 13004G10KT 10SM CLR 21/11 A3010 RMK AO2",KVPC,2026-04-28T01:35:00.000Z,34.1159,-84.8507,21,11,130,4,10,10+,30.10,,,TRUE,TRUE,,,,,,,,,,,,,,,VFR,,,,,,,,,,,,METAR,234
"METAR KVUJ 280135Z AUTO 00000KT 10SM CLR 13/08 A3024 RMK AO2 T01260080",KVUJ,2026-04-28T01:35:00.000Z,35.4173,-80.1509,12.6,8,0,0,,10+,30.24,,,TRUE,TRUE,,,,,,,,,,,,,,,VFR,,,,,,,,,,,,METAR,174
"METAR KW22 280135Z AUTO 17006KT 10SM CLR 20/01 A3005 RMK AO2",KW22,2026-04-28T01:35:00.000Z,39.0010,-80.2712,20,1,170,6,,10+,30.05,,,TRUE,TRUE,,,,,,,,,,,,,,,VFR,,,,,,,,,,,,METAR,497
"METAR KX26 280135Z AUTO 04008G14KT 10SM SCT023 SCT028 24/20 A3006 RMK AO2",KX26,2026-04-28T01:35:00.000Z,27.8130,-80.4970,24,20,40,8,14,10+,30.06,,,TRUE,TRUE,,,,,,,SCT,2300,SCT,2800,,,,,VFR,,,,,,,,,,,,METAR,5
"METAR KXLL 280135Z AUTO 15008KT 10SM CLR 16/04 A3025 RMK AO2 TSNO",KXLL,2026-04-28T01:35:00.000Z,40.5704,-75.4894,16,4,150,8,,10+,30.25,,,TRUE,TRUE,,,TRUE,,,,,,,,,,,,VFR,,,,,,,,,,,,METAR,118
"METAR KZER 280135Z AUTO 14006KT 10SM CLR 13/03 A3023 RMK AO2",KZER,2026-04-28T01:35:00.000Z,40.7072,-76.3710,13,3,140,6,,10+,30.23,,,TRUE,TRUE,,,,,,,,,,,,,,,VFR,,,,,,,,,,,,METAR,518
"METAR KS34 280135Z AUTO 14004KT 10SM FEW085 09/05 A2992 RMK AO2",KS34,2026-04-28T01:35:00.000Z,47.4718,-114.9009,9,5,140,4,,10+,29.92,,,TRUE,TRUE,,,,,,,FEW,8500,,,,,,,VFR,,,,,,,,,,,,METAR,750
"METAR KPSN 280135Z AUTO 17005KT 5SM HZ SCT043 SCT049 27/24 A2982 RMK AO2",KPSN,2026-04-28T01:35:00.000Z,31.7784,-95.7048,27,24,170,5,,5,29.82,,,TRUE,TRUE,,,,,,HZ,SCT,4300,SCT,4900,,,,,MVFR,,,,,,,,,,,,METAR,124
"METAR KPTS 280135Z AUTO VRB05KT 10SM CLR 20/15 A2981 RMK AO2",KPTS,2026-04-28T01:35:00.000Z,37.4512,-94.7322,20,15,0,5,,10+,29.81,,,TRUE,TRUE,,,,,,,,,,,,,,,VFR,,,,,,,,,,,,METAR,286
"METAR KSMS 280135Z AUTO 00000KT 10SM CLR 13/12 A3021 RMK AO2",KSMS,2026-04-28T01:35:00.000Z,34.0003,-80.3582,13,12,0,0,,10+,30.21,,,TRUE,TRUE,,,,,,,,,,,,,,,VFR,,,,,,,,,,,,METAR,53
"METAR KTKV 280135Z AUTO 16005KT 1 3/4SM OVC003 12/11 A2945 RMK AO2 T01200113 PWINO",KTKV,2026-04-28T01:35:00.000Z,45.4690,-89.8050,12,11.3,160,5,,1.75,29.45,,,TRUE,TRUE,,,,,TRUE,,OVC,300,,,,,,,LIFR,,,,,,,,,,,,METAR,449
"METAR KCIR 280135Z AUTO 19013G20KT 10SM OVC034 27/21 A2972 RMK AO2 T02670210",KCIR,2026-04-28T01:35:00.000Z,37.0639,-89.2232,26.7,21,190,13,20,10+,29.72,,,TRUE,TRUE,,,,,,,OVC,3400,,,,,,,VFR,,,,,,,,,,,,METAR,96
"METAR KHOB 280135Z AUTO 25011KT 10SM CLR 27/M11 A2987 RMK AO2",KHOB,2026-04-28T01:35:00.000Z,32.6797,-103.2222,27,-11,250,11,,10+,29.87,,,TRUE,TRUE,,,,,,,,,,,,,,,VFR,,,,,,,,,,,,METAR,1112
"METAR K4O4 280135Z AUTO 31004KT 6SM BR FEW046 OVC060 25/25 A2982 RMK AO2",K4O4,2026-04-28T01:35:00.000Z,33.9134,-94.8546,25,25,310,4,,6,29.82,,,TRUE,TRUE,,,,,,BR,FEW,4600,OVC,6000,,,,,VFR,,,,,,,,,,,,METAR,148
"METAR KIKG 280135Z AUTO 10011G16KT 10SM BKN012 BKN027 OVC037 27/24 A2980 RMK AO2 T02650240",KIKG,2026-04-28T01:35:00.000Z,27.5464,-98.0292,26.5,24,100,11,16,10+,29.80,,,TRUE,TRUE,,,,,,,BKN,1200,BKN,2700,OVC,3700,,,MVFR,,,,,,,,,,,,METAR,37
"METAR KSBX 280135Z AUTO 26003KT 10SM OVC100 09/M06 A2991 RMK AO2",KSBX,2026-04-28T01:35:00.000Z,48.5410,-111.8710,9,-6,260,3,,10+,29.91,,,TRUE,TRUE,,,,,,,OVC,10000,,,,,,,VFR,,,,,,,,,,,,METAR,1049
"METAR K4M3 280135Z AUTO 18011KT 10SM OVC036 26/23 A2979 RMK A01",K4M3,2026-04-28T01:35:00.000Z,34.8040,-91.7070,26,23,180,11,,10+,29.79,,,TRUE,TRUE,,,,,,,OVC,3600,,,,,,,VFR,,,,,,,,,,,,METAR,73
"METAR KSOA 280135Z AUTO 15006KT 10SM CLR 28/21 A2987 RMK AO2",KSOA,2026-04-28T01:35:00.000Z,30.5853,-100.6506,28,21,150,6,,10+,29.87,,,TRUE,TRUE,,,,,,,,,,,,,,,VFR,,,,,,,,,,,,METAR,654
"SPECI KEAU 280134Z AUTO 27015G24KT 10SM SCT016 BKN021 OVC100 14/11 A2946 RMK AO2 T01390111",KEAU,2026-04-28T01:34:00.000Z,44.8665,-91.4881,13.9,11.1,270,15,24,10+,29.46,,,TRUE,TRUE,,,,,,,SCT,1600,BKN,2100,OVC,10000,,,MVFR,,,,,,,,,,,,SPECI,271
"METAR K2V6 280134Z AUTO 04009KT 10SM BKN120 08/00 A2999 RMK AO2",K2V6,2026-04-28T01:34:00.000Z,40.1047,-102.7128,8,0,40,9,,10+,29.99,,,TRUE,TRUE,,,,,,,BKN,12000,,,,,,,VFR,,,,,,,,,,,,METAR,1257
"SPECI KARR 280134Z 21010KT 9SM SCT018 BKN095 17/16 A2959 RMK AO2 RAE10 P0000 T01670156 $",KARR,2026-04-28T01:34:00.000Z,41.7713,-88.4815,16.7,15.6,210,10,,9,29.59,,,,TRUE,TRUE,,,,,,SCT,1800,BKN,9500,,,,,VFR,,,,,,0.005,,,,,,SPECI,213
"SPECI KGLS 280134Z AUTO 13012KT 10SM BR FEW009 OVC029 26/24 A2990 RMK AO1 T02560239 $",KGLS,2026-04-28T01:34:00.000Z,29.2704,-94.8642,25.6,23.9,130,12,,10+,29.90,,,TRUE,TRUE,TRUE,,,,,BR,FEW,900,OVC,2900,,,,,MVFR,,,,,,,,,,,,SPECI,2
"SPECI MMSM 280134Z 10022KT 8SM -TSRA BKN020CB OVC080 23/04 A3028 RMK 8/96/ OCNL LTGCCCG NW/W",MMSM,2026-04-28T01:34:00.000Z,19.7630,-99.0020,23,4,100,22,,8,30.28,,,,,,,,,,-TSRA,BKN,2000,OVC,8000,,,,,MVFR,,,,,,,,,,,,SPECI,2250
"SPECI KTPH 280134Z AUTO 09011KT 10SM CLR 09/02 A2997 RMK AO2 WSHFT 0114 T00890022",KTPH,2026-04-28T01:34:00.000Z,38.0505,-117.0906,8.9,2.2,90,11,,10+,29.97,,,TRUE,TRUE,,,,,,,,,,,,,,,VFR,,,,,,,,,,,,SPECI,1647
"SPECI YPCC 280134Z AUTO 12009KT 9999 // SCT014 BKN020 27/26 Q1011",YPCC,2026-04-28T01:34:00.000Z,-12.1890,96.8340,27,26,120,9,,6+,29.85,,,TRUE,,,,,,,,SCT,1400,BKN,2000,,,,,MVFR,,,,,,,,,,,,SPECI,3
"SPECI KLEE 280134Z AUTO 03010KT 10SM BKN020 21/17 A3012 RMK AO2 T02110172",KLEE,2026-04-28T01:34:00.000Z,28.8214,-81.8006,21.1,17.2,30,10,,10+,30.12,,,TRUE,TRUE,,,,,,,BKN,2000,,,,,,,MVFR,,,,,,,,,,,,SPECI,21
"SPECI PPIZ 280133Z AUTO 05025G30KT 1 1/4SM BR OVC011 M06/M08 A2986 RMK AO2 PK WND 05032/0111 SNE33 P0000 FZRANO",PPIZ,2026-04-28T01:33:00.000Z,69.7350,-163.0030,-6,-8,50,25,30,1.25,29.86,,,TRUE,TRUE,,,,TRUE,,BR,OVC,1100,,,,,,,IFR,,,,,,0.005,,,,,,SPECI,5
"METAR KDVP 280133Z AUTO 32018G26KT 10SM OVC011 06/04 A2978 RMK AO2 T00610044",KDVP,2026-04-28T01:33:00.000Z,43.9905,-95.7810,6.1,4.4,320,18,26,10+,29.78,,,TRUE,TRUE,,,,,,,OVC,1100,,,,,,,MVFR,,,,,,,,,,,,METAR,493
"SPECI KRST 280133Z 28016G25KT 6SM BR OVC005 09/08 A2957 RMK AO2 PK WND 27028/0117 T00890078",KRST,2026-04-28T01:33:00.000Z,43.9040,-92.4921,8.9,7.8,280,16,25,6,29.57,,,,TRUE,,,,,,BR,OVC,500,,,,,,,IFR,,,,,,,,,,,,SPECI,398
"SPECI KLUK 280133Z 09007KT 4SM +RA BR OVC070 17/16 A2994 RMK AO2 LTG DSNT ALQDS TSE0059 P0020 T01720161",KLUK,2026-04-28T01:33:00.000Z,39.1060,-84.4161,17.2,16.1,90,7,,4,29.94,,,,TRUE,,,,,,+RA BR,OVC,7000,,,,,,,MVFR,,,,,,0.2,,,,,,SPECI,144
"SPECI KHEI 280133Z AUTO 32006KT 10SM SCT028 OVC100 02/M01 A3001 RMK AO2 T00221006",KHEI,2026-04-28T01:33:00.000Z,46.0108,-102.6518,2.2,-0.6,320,6,,10+,30.01,,,TRUE,TRUE,,,,,,,SCT,2800,OVC,10000,,,,,VFR,,,,,,,,,,,,SPECI,824
"METAR KXVG 280133Z AUTO 31011G18KT 274V354 10SM RA BKN012 OVC018 04/03 A2966 RMK AO2",KXVG,2026-04-28T01:33:00.000Z,46.9942,-94.2060,4,3,310,11,18,10+,29.66,,,TRUE,TRUE,,,,,,RA,BKN,1200,OVC,1800,,,,,MVFR,,,,,,,,,,,,METAR,407
"SPECI KBCE 280133Z AUTO 27012G19KT 10SM FEW060 SCT085 08/M05 A2994 RMK AO2 WSHFT 0113 T00781050",KBCE,2026-04-28T01:33:00.000Z,37.7013,-112.1490,7.8,-5,270,12,19,10+,29.94,,,TRUE,TRUE,,,,,,,FEW,6000,SCT,8500,,,,,VFR,,,,,,,,,,,,SPECI,2311
"METAR KETH 280133Z AUTO 33011G17KT 10SM OVC050 07/03 A2983 RMK AO2",KETH,2026-04-28T01:33:00.000Z,45.7828,-96.5461,7,3,330,11,17,10+,29.83,,,TRUE,TRUE,,,,,,,OVC,5000,,,,,,,VFR,,,,,,,,,,,,METAR,309
"METAR KCDD 280133Z AUTO 35009KT 10SM RA OVC011 04/04 A2961 RMK AO2",KCDD,2026-04-28T01:33:00.000Z,48.2601,-92.4748,4,4,350,9,,10+,29.61,,,TRUE,TRUE,,,,,,RA,OVC,1100,,,,,,,MVFR,,,,,,,,,,,,METAR,344
"SPECI PANV 280133Z AUTO 09008KT 10SM FEW011 BKN049 OVC090 06/03 A2952 RMK AO2 RAE18 P0000 TSNO",PANV,2026-04-28T01:33:00.000Z,62.6470,-160.1910,6,3,90,8,,10+,29.52,,,TRUE,TRUE,,,TRUE,,,,FEW,1100,BKN,4900,OVC,9000,,,VFR,,,,,,0.005,,,,,,SPECI,91
"SPECI KVCT 280132Z 13010KT 5SM HZ BKN018 BKN023 26/23 A2983 RMK AO2 T02610233",KVCT,2026-04-28T01:32:00.000Z,28.8624,-96.9301,26.1,23.3,130,10,,5,29.83,,,,TRUE,,,,,,HZ,BKN,1800,BKN,2300,,,,,MVFR,,,,,,,,,,,,SPECI,33
"SPECI KSXS 280132Z AUTO 14004KT 10SM CLR 24/17 A3006 RMK AO2 SLP178",KSXS,2026-04-28T01:32:00.000Z,31.3640,-85.8460,24,17,140,4,,10+,30.06,1017.8,,TRUE,TRUE,,,,,,,,,,,,,,,VFR,,,,,,,,,,,,SPECI,120
"SPECI CYEV 280132Z 05004KT 15SM OVC015 M02/M04 A2998 RMK SC8 SLP160",CYEV,2026-04-28T01:32:00.000Z,68.3090,-133.5000,-2,-4,50,4,,15,29.98,1016,,,,,,,,,,OVC,1500,,,,,,,MVFR,,,,,,,,,,,,SPECI,74
"METAR KRZT 280132Z AUTO 27005KT 7SM SCT044 SCT065 OVC090 17/17 A3000 RMK AO2",KRZT,2026-04-28T01:32:00.000Z,39.4402,-83.0209,17,17,270,5,,7,30.00,,,TRUE,TRUE,,,,,,,SCT,4400,SCT,6500,OVC,9000,,,VFR,,,,,,,,,,,,METAR,217
"METAR KOKH 280132Z AUTO 13005KT 10SM BKN047 13/08 A3004 RMK AO2",KOKH,2026-04-28T01:32:00.000Z,48.2515,-122.6740,13,8,130,5,,10+,30.04,,,TRUE,TRUE,,,,,,,BKN,4700,,,,,,,VFR,,,,,,,,,,,,METAR,193
"METAR KONA 280131Z AUTO 24008KT 10SM BKN017 OVC025 15/11 A2950 RMK AO2",KONA,2026-04-28T01:31:00.000Z,44.0760,-91.7070,15,11,240,8,,10+,29.50,,,TRUE,TRUE,,,,,,,BKN,1700,OVC,2500,,,,,MVFR,,,,,,,,,,,,METAR,200
"SPECI EGUL 280131Z AUTO 07007KT 8000 -DZ OVC006 10/08 A3024 RMK AO2 DZB0055E15DZB30 CIG 005V008 SLP244 $",EGUL,2026-04-28T01:31:00.000Z,52.4090,0.5610,10,8,70,7,,4.97,30.24,1024.4,,TRUE,TRUE,TRUE,,,,,-DZ,OVC,600,,,,,,,IFR,,,,,,,,,,,,SPECI,8
"METAR LFOH 280130Z AUTO 04008KT CAVOK 10/06 Q1020",LFOH,2026-04-28T01:30:00.000Z,49.5330,0.0910,10,6,40,8,,6+,30.12,,,TRUE,,,,,,,,,,,,,,,,VFR,,,,,,,,,,,,METAR,87
"METAR LFLX 280130Z AUTO 35003KT CAVOK 07/05 Q1016 NOSIG",LFLX,2026-04-28T01:30:00.000Z,46.8700,1.7410,7,5,350,3,,6+,30.00,,,TRUE,,,TRUE,,,,,,,,,,,,,VFR,,,,,,,,,,,,METAR,157
"METAR LFBC 280130Z AUTO 30004KT 240V320 CAVOK 15/11 Q1015",LFBC,2026-04-28T01:30:00.000Z,44.5330,-1.1250,15,11,300,4,,6+,29.97,,,TRUE,,,,,,,,,,,,,,,,VFR,,,,,,,,,,,,METAR,22
"METAR KDVK 280130Z AUTO 19011G17KT 10SM SCT065 SCT090 BKN120 23/12 A2987 RMK AO2",KDVK,2026-04-28T01:30:00.000Z,37.5764,-84.7641,23,12,190,11,17,10+,29.87,,,TRUE,TRUE,,,,,,,SCT,6500,SCT,9000,BKN,12000,,,VFR,,,,,,,,,,,,METAR,309
"METAR LFST 280130Z AUTO 32005KT CAVOK 09/02 Q1016 NOSIG",LFST,2026-04-28T01:30:00.000Z,48.5490,7.6400,9,2,320,5,,6+,30.00,,,TRUE,,,TRUE,,,,,,,,,,,,,VFR,,,,,,,,,,,,METAR,149
"METAR LKTB 280130Z VRB02KT CAVOK 07/M04 Q1020 NOSIG",LKTB,2026-04-28T01:30:00.000Z,49.1510,16.6940,7,-4,0,2,,6+,30.12,,,,,,TRUE,,,,,,,,,,,,,VFR,,,,,,,,,,,,METAR,233
"METAR LKPR 280130Z 33004KT CAVOK 06/M03 Q1020 NOSIG",LKPR,2026-04-28T01:30:00.000Z,50.1010,14.2600,6,-3,330,4,,6+,30.12,,,,,,TRUE,,,,,,,,,,,,,VFR,,,,,,,,,,,,METAR,364
"METAR KXBP 280130Z AUTO 16004KT 10SM CLR 24/18 A2978 RMK AO2 T02430184",KXBP,2026-04-28T01:30:00.000Z,33.1729,-97.8268,24.3,18.4,160,4,,10+,29.78,,,TRUE,TRUE,,,,,,,,,,,,,,,VFR,,,,,,,,,,,,METAR,256
"METAR LFTH 280130Z AUTO 33004KT 8000 NSC 12/11 Q1016 TEMPO 2000 BR BKN010",LFTH,2026-04-28T01:30:00.000Z,43.0940,6.1460,12,11,330,4,,4.97,30.00,,,TRUE,,,,,,,,,,,,,,,,MVFR,,,,,,,,,,,,METAR,3
"METAR LKMT 280130Z 21002KT CAVOK 03/M00 Q1021 NOSIG",LKMT,2026-04-28T01:30:00.000Z,49.6960,18.1110,3,0,210,2,,6+,30.15,,,,,,TRUE,,,,,,,,,,,,,VFR,,,,,,,,,,,,METAR,251
"METAR LFTW 280130Z AUTO 08002KT 3000 0450 R18/P2000 BCFG SCT004 13/12 Q1016",LFTW,2026-04-28T01:30:00.000Z,43.7570,4.4160,13,12,80,2,,1.86,30.00,,,TRUE,,,,,,,BCFG,SCT,400,,,,,,,IFR,,,,,,,,,,,,METAR,91
"METAR LFRZ 280130Z AUTO 01005KT CAVOK 11/06 Q1018 NOSIG",LFRZ,2026-04-28T01:30:00.000Z,47.3120,-2.1630,11,6,10,5,,6+,30.06,,,TRUE,,,TRUE,,,,,,,,,,,,,VFR,,,,,,,,,,,,METAR,2
"METAR EPRA 280130Z 36004KT CAVOK 03/M07 Q1022",EPRA,2026-04-28T01:30:00.000Z,51.3900,21.2110,3,-7,360,4,,6+,30.18,,,,,,,,,,,,,,,,,,,VFR,,,,,,,,,,,,METAR,182
"METAR LFOP 280130Z AUTO 36009KT CAVOK 09/04 Q1019",LFOP,2026-04-28T01:30:00.000Z,49.3830,1.1820,9,4,360,9,,6+,30.09,,,TRUE,,,,,,,,,,,,,,,,VFR,,,,,,,,,,,,METAR,149
"METAR VOHS 280130Z VRB02KT 5000 HZ SCT020 26/21 Q1010 NOSIG",VOHS,2026-04-28T01:30:00.000Z,17.2330,78.4290,26,21,0,2,,3.11,29.82,,,,,,TRUE,,,,HZ,SCT,2000,,,,,,,MVFR,,,,,,,,,,,,METAR,607
"METAR VORY 280130Z 06004KT 4000 BR FEW015 SCT025 29/26 Q1007 NOSIG",VORY,2026-04-28T01:30:00.000Z,17.1100,81.8180,29,26,60,4,,2.49,29.73,,,,,,TRUE,,,,BR,FEW,1500,SCT,2500,,,,,IFR,,,,,,,,,,,,METAR,47
"METAR LZKZ 280130Z 01006KT CAVOK 05/M03 Q1020 NOSIG",LZKZ,2026-04-28T01:30:00.000Z,48.6610,21.2400,5,-3,10,6,,6+,30.12,,,,,,TRUE,,,,,,,,,,,,,VFR,,,,,,,,,,,,METAR,227
"METAR VOMM 280130Z 24006KT 5000 BR FEW020 29/27 Q1007 NOSIG",VOMM,2026-04-28T01:30:00.000Z,12.9940,80.1800,29,27,240,6,,3.11,29.73,,,,,,TRUE,,,,BR,FEW,2000,,,,,,,MVFR,,,,,,,,,,,,METAR,7
"METAR YBCS 280130Z AUTO 17013KT 9999 // FEW039 SCT044 BKN068 27/21 Q1014",YBCS,2026-04-28T01:30:00.000Z,-16.8740,145.7450,27,21,170,13,,6+,29.94,,,TRUE,,,,,,,,FEW,3900,SCT,4400,BKN,6800,,,VFR,,,,,,,,,,,,METAR,2
"METAR VOBZ 280130Z 13005KT 6000 SCT020 28/24 Q1007 NOSIG",VOBZ,2026-04-28T01:30:00.000Z,16.5300,80.7970,28,24,130,5,,3.73,29.73,,,,,,TRUE,,,,,SCT,2000,,,,,,,MVFR,,,,,,,,,,,,METAR,26
"METAR YMML 280130Z AUTO 02013KT 9999 // NCD 23/10 Q1024",YMML,2026-04-28T01:30:00.000Z,-37.6660,144.8320,23,10,20,13,,6+,30.24,,,TRUE,,,,,,,,,,,,,,,,VFR,,,,,,,,,,,,METAR,115
"METAR VERP 280130Z 20004KT 3000 HZ FEW100 30/16 Q1005 NOSIG",VERP,2026-04-28T01:30:00.000Z,21.1820,81.7380,30,16,200,4,,1.86,29.68,,,,,,TRUE,,,,HZ,FEW,10000,,,,,,,IFR,,,,,,,,,,,,METAR,318
"METAR VOTV 280130Z VRB02KT 5000 BR FEW015 28/24 Q1007 NOSIG",VOTV,2026-04-28T01:30:00.000Z,8.4840,76.9190,28,24,0,2,,3.11,29.73,,,,,,TRUE,,,,BR,FEW,1500,,,,,,,MVFR,,,,,,,,,,,,METAR,9
"METAR YPDN 280130Z AUTO 10014KT 9999 // NCD 29/18 Q1013",YPDN,2026-04-28T01:30:00.000Z,-12.4240,130.8930,29,18,100,14,,6+,29.91,,,TRUE,,,,,,,,,,,,,,,,VFR,,,,,,,,,,,,METAR,32
"METAR VOTR 280130Z 22003KT 6000 FEW016 SCT100 29/27 Q1008 NOSIG",VOTR,2026-04-28T01:30:00.000Z,10.7650,78.7100,29,27,220,3,,3.73,29.76,,,,,,TRUE,,,,,FEW,1600,SCT,10000,,,,,MVFR,,,,,,,,,,,,METAR,90
"METAR YSCB 280130Z AUTO 34004KT 280V010 9999 // NCD 19/06 Q1027",YSCB,2026-04-28T01:30:00.000Z,-35.3090,149.2000,19,6,340,4,,6+,30.32,,,TRUE,,,,,,,,,,,,,,,,VFR,,,,,,,,,,,,METAR,577
"METAR VEMN 280130Z VRB02KT 5000 BR SCT018 SCT100 23/21 Q1008 NOSIG",VEMN,2026-04-28T01:30:00.000Z,27.4810,95.0140,23,21,0,2,,3.11,29.76,,,,,,TRUE,,,,BR,SCT,1800,SCT,10000,,,,,MVFR,,,,,,,,,,,,METAR,111
"METAR VABV 280130Z 18003KT 5000 FU NSC 25/15 Q1006 NOSIG",VABV,2026-04-28T01:30:00.000Z,21.7520,72.1850,25,15,180,3,,3.11,29.70,,,,,,TRUE,,,,FU,,,,,,,,,MVFR,,,,,,,,,,,,METAR,8
"METAR VOVZ 280130Z 23006KT 4000 BR FEW018 29/25 Q1007 NOSIG",VOVZ,2026-04-28T01:30:00.000Z,17.7220,83.2280,29,25,230,6,,2.49,29.73,,,,,,TRUE,,,,BR,FEW,1800,,,,,,,IFR,,,,,,,,,,,,METAR,4
"METAR VERC 280130Z 24004KT 2000 TS SCT020 FEW030CB BKN100 27/17 Q1008 TEMPO 1500 TSRA",VERC,2026-04-28T01:30:00.000Z,23.3140,85.3220,27,17,240,4,,1.24,29.76,,,,,,,,,,TS,SCT,2000,FEW,3000,BKN,10000,,,IFR,,,,,,,,,,,,METAR,646
"METAR VOBM 280130Z 23003KT 3000 BR FEW012 24/22 Q1013",VOBM,2026-04-28T01:30:00.000Z,15.8610,74.6170,24,22,230,3,,1.86,29.91,,,,,,,,,,BR,FEW,1200,,,,,,,IFR,,,,,,,,,,,,METAR,758
"METAR LBPD 280130Z AUTO VRB02KT 9999 NCD 04/03 Q1020",LBPD,2026-04-28T01:30:00.000Z,42.0640,24.8600,4,3,0,2,,6+,30.12,,,TRUE,,,,,,,,,,,,,,,,VFR,,,,,,,,,,,,METAR,182
"METAR KOCW 280130Z AUTO 00000KT 10SM CLR 11/05 A3027 RMK AO2 T01110045",KOCW,2026-04-28T01:30:00.000Z,35.5703,-77.0500,11.1,4.5,0,0,,10+,30.27,,,TRUE,TRUE,,,,,,,,,,,,,,,VFR,,,,,,,,,,,,METAR,10
"METAR LBWN 280130Z AUTO 01002KT 9999 NCD 03/01 Q1020 NOSIG",LBWN,2026-04-28T01:30:00.000Z,43.2320,27.8250,3,1,10,2,,6+,30.12,,,TRUE,,,TRUE,,,,,,,,,,,,,VFR,,,,,,,,,,,,METAR,74
"METAR LBSF 280130Z AUTO VRB02KT 9999 NCD 05/03 Q1019 NOSIG",LBSF,2026-04-28T01:30:00.000Z,42.6940,23.4140,5,3,0,2,,6+,30.09,,,TRUE,,,TRUE,,,,,,,,,,,,,VFR,,,,,,,,,,,,METAR,531
"METAR PFCB 280130Z AUTO 03006KT 10SM SCT014 OVC021 07/06 A2992 RMK AO2 T00710063",PFCB,2026-04-28T01:30:00.000Z,60.0785,-147.9947,7.1,6.3,30,6,,10+,29.92,,,TRUE,TRUE,,,,,,,SCT,1400,OVC,2100,,,,,MVFR,,,,,,,,,,,,METAR,22
"METAR OMAL 280130Z 03004KT CAVOK 26/11 Q1008 NOSIG",OMAL,2026-04-28T01:30:00.000Z,24.2620,55.6090,26,11,30,4,,6+,29.76,,,,,,TRUE,,,,,,,,,,,,,VFR,,,,,,,,,,,,METAR,247
"METAR OMAA 280130Z 10003KT CAVOK 27/19 Q1005 NOSIG",OMAA,2026-04-28T01:30:00.000Z,24.4330,54.6510,27,19,100,3,,6+,29.68,,,,,,TRUE,,,,,,,,,,,,,VFR,,,,,,,,,,,,METAR,13
"METAR HECA 280130Z 09004KT 050V140 9999 BKN025 18/13 Q1014 NOSIG",HECA,2026-04-28T01:30:00.000Z,30.1330,31.4050,18,13,90,4,,6+,29.94,,,,,,TRUE,,,,,BKN,2500,,,,,,,MVFR,,,,,,,,,,,,METAR,142
"METAR OMAD 280130Z 11003KT CAVOK 27/21 Q1006 NOSIG",OMAD,2026-04-28T01:30:00.000Z,24.4280,54.4580,27,21,110,3,,6+,29.70,,,,,,TRUE,,,,,,,,,,,,,VFR,,,,,,,,,,,,METAR,9
"METAR OMDB 280130Z 20007KT CAVOK 28/18 Q1005 NOSIG",OMDB,2026-04-28T01:30:00.000Z,25.2540,55.3660,28,18,200,7,,6+,29.68,,,,,,TRUE,,,,,,,,,,,,,VFR,,,,,,,,,,,,METAR,5
"METAR OMDW 280130Z 16006KT CAVOK 26/17 Q1007 NOSIG",OMDW,2026-04-28T01:30:00.000Z,24.8970,55.1610,26,17,160,6,,6+,29.73,,,,,,TRUE,,,,,,,,,,,,,VFR,,,,,,,,,,,,METAR,34
"METAR DTTA 280130Z 11004KT 050V160 9999 FEW023 17/16 Q1015",DTTA,2026-04-28T01:30:00.000Z,36.8510,10.2270,17,16,110,4,,6+,29.97,,,,,,,,,,,FEW,2300,,,,,,,VFR,,,,,,,,,,,,METAR,4
"SPECI KTCM 280130Z AUTO 23009KT 10SM SCT024 OVC034 13/08 A3005 RMK AO2 SLP180 $",KTCM,2026-04-28T01:30:00.000Z,47.1490,-122.4750,13,8,230,9,,10+,30.05,1018,,TRUE,TRUE,TRUE,,,,,,SCT,2400,OVC,3400,,,,,VFR,,,,,,,,,,,,SPECI,87
"METAR KJES 280130Z AUTO 00000KT 10SM CLR 15/12 A3022 RMK AO2",KJES,2026-04-28T01:30:00.000Z,31.5521,-81.8896,15,12,0,0,,10+,30.22,,,TRUE,TRUE,,,,,,,,,,,,,,,VFR,,,,,,,,,,,,METAR,26
"METAR YMHB 280130Z AUTO 29014KT 9999 // NCD 19/07 Q1019",YMHB,2026-04-28T01:30:00.000Z,-42.8340,147.5030,19,7,290,14,,6+,30.09,,,TRUE,,,,,,,,,,,,,,,,VFR,,,,,,,,,,,,METAR,2
"METAR KQFW 280130Z AUTO 16003KT 9999 BKN024 13/09 A2972 RMK A02 TSNO",KQFW,2026-04-28T01:30:00.000Z,-99.9900,-99.9900,13,9,160,3,,6+,29.72,,,TRUE,TRUE,,,TRUE,,,,BKN,2400,,,,,,,MVFR,,,,,,,,,,,,METAR,9999
"METAR YBCG 280130Z AUTO 19012KT 9999 // FEW031 BKN051 BKN060 22/18 Q1023",YBCG,2026-04-28T01:30:00.000Z,-28.1680,153.5050,22,18,190,12,,6+,30.21,,,TRUE,,,,,,,,FEW,3100,BKN,5100,BKN,6000,,,VFR,,,,,,,,,,,,METAR,5
"METAR YBBN 280130Z 17007KT 9999 -DZ VCSH FEW014 SCT026 BKN045 21/17 Q1022",YBBN,2026-04-28T01:30:00.000Z,-27.3910,153.1300,21,17,170,7,,6+,30.18,,,,,,,,,,-DZ VCSH,FEW,1400,SCT,2600,BKN,4500,,,VFR,,,,,,,,,,,,METAR,3
"METAR YPAD 280130Z 36008KT CAVOK 23/09 Q1023",YPAD,2026-04-28T01:30:00.000Z,-34.9520,138.5200,23,9,360,8,,6+,30.21,,,,,,,,,,,,,,,,,,,VFR,,,,,,,,,,,,METAR,2
"METAR GMFO 280130Z 01011KT 2000 BR SCT006 15/15 Q1011 NOSIG",GMFO,2026-04-28T01:30:00.000Z,34.7870,-1.9240,15,15,10,11,,1.24,29.85,,,,,,TRUE,,,,BR,SCT,600,,,,,,,IFR,,,,,,,,,,,,METAR,452
"METAR GQNO 280130Z 34013KT 8000 NSC 19/17 Q1012 NOSIG",GQNO,2026-04-28T01:30:00.000Z,18.3100,-15.9700,19,17,340,13,,4.97,29.88,,,,,,TRUE,,,,,,,,,,,,,MVFR,,,,,,,,,,,,METAR,1
"METAR GABS 280130Z VRB02KT 9999 FEW025 29/18 Q1011 NOSIG",GABS,2026-04-28T01:30:00.000Z,12.5340,-7.9500,29,18,0,2,,6+,29.85,,,,,,TRUE,,,,,FEW,2500,,,,,,,VFR,,,,,,,,,,,,METAR,375
"METAR UTDL 280130Z 28002MPS 250V310 9999 NSC 16/11 Q1011 R26/CLRD70 NOSIG RMK QFE721/0961",UTDL,2026-04-28T01:30:00.000Z,40.2150,69.6950,16,11,280,4,,6+,29.85,,,,,,TRUE,,,,,,,,,,,,,VFR,,,,,,,,,,,,METAR,436
"METAR DIAP 280130Z 23006KT 9999 SCT011 28/26 Q1010 NOSIG",DIAP,2026-04-28T01:30:00.000Z,5.2610,-3.9260,28,26,230,6,,6+,29.82,,,,,,TRUE,,,,,SCT,1100,,,,,,,VFR,,,,,,,,,,,,METAR,4
"METAR VEJR 280130Z 18002KT 2000 HZ SCT100 27/20 Q1010 BECMG 2500 IN HZ",VEJR,2026-04-28T01:30:00.000Z,19.0750,82.0370,27,20,180,2,,1.24,29.82,,,,,,,,,,HZ,SCT,10000,,,,,,,IFR,,,,,,,,,,,,METAR,555
"METAR VOGO 280130Z 16005KT 6000 FEW020 28/25 Q1007 NOSIG",VOGO,2026-04-28T01:30:00.000Z,15.3780,73.8280,28,25,160,5,,3.73,29.73,,,,,,TRUE,,,,,FEW,2000,,,,,,,MVFR,,,,,,,,,,,,METAR,56
"METAR ULLI 280130Z 32009G14MPS CAVOK 02/M05 Q1007 R28L/190055 NOSIG",ULLI,2026-04-28T01:30:00.000Z,59.7980,30.2670,2,-5,320,17,27,6+,29.73,,,,,,TRUE,,,,,,,,,,,,,VFR,,,,,,,,,,,,METAR,25
"METAR URWI 280130Z AUTO 27006MPS 9999 // ///////// 02/M01 Q1020",URWI,2026-04-28T01:30:00.000Z,46.3740,44.3310,2,-1,270,12,,6+,30.12,,,TRUE,,,,,,,,,,,,,,,,VFR,,,,,,,,,,,,METAR,145
"METAR URWA 280130Z 27002MPS CAVOK 03/M02 Q1021 R27/CLRD70 NOSIG RMK QFE767/1023",URWA,2026-04-28T01:30:00.000Z,46.2860,47.9950,3,-2,270,4,,6+,30.15,,,,,,TRUE,,,,,,,,,,,,,VFR,,,,,,,,,,,,METAR,-19
"METAR URSS 280130Z 03003MPS 9999 NSC 04/01 Q1021 R02/010070 R06/010070 NOSIG RMK R06/00000MPS QFE765",URSS,2026-04-28T01:30:00.000Z,43.4380,39.9260,4,1,30,6,,6+,30.15,,,,,,TRUE,,,,,,,,,,,,,VFR,,,,,,,,,,,,METAR,4
"METAR URMM 280130Z 26004MPS 9999 BKN049 06/M02 Q1022 R29/010070 NOSIG RMK QFE738/0984",URMM,2026-04-28T01:30:00.000Z,44.2250,43.0820,6,-2,260,8,,6+,30.18,,,,,,TRUE,,,,,BKN,4900,,,,,,,VFR,,,,,,,,,,,,METAR,318
"METAR URKK 280130Z 24002MPS CAVOK 01/M00 Q1022 R23L/CLRD70 NOSIG RMK QFE763",URKK,2026-04-28T01:30:00.000Z,45.0330,39.1500,1,0,240,4,,6+,30.18,,,,,,TRUE,,,,,,,,,,,,,VFR,,,,,,,,,,,,METAR,29
"METAR URKA 280130Z 14003MPS CAVOK 05/01 Q1021 R21/010065 NOSIG RMK QFE761/1015",URKA,2026-04-28T01:30:00.000Z,44.9950,37.3410,5,1,140,6,,6+,30.15,,,,,,TRUE,,,,,,,,,,,,,VFR,,,,,,,,,,,,METAR,41
"METAR KJTC 280130Z AUTO 22020G29KT 10SM CLR 14/M16 A3000 RMK AO2",KJTC,2026-04-28T01:30:00.000Z,34.1292,-109.3090,14,-16,220,20,29,10+,30.00,,,TRUE,TRUE,,,,,,,,,,,,,,,VFR,,,,,,,,,,,,METAR,2148
"METAR USTR 280130Z 17007MPS CAVOK 11/01 Q1018 R21/090065 R30/090065 NOSIG",USTR,2026-04-28T01:30:00.000Z,57.1900,65.3240,11,1,170,14,,6+,30.06,,,,,,TRUE,,,,,,,,,,,,,VFR,,,,,,,,,,,,METAR,93
"METAR USPP 280130Z 20006MPS 9999 BKN023 04/00 Q1007 R21/290150 NOSIG RMK QFE744",USPP,2026-04-28T01:30:00.000Z,57.9140,56.0210,4,0,200,12,,6+,29.73,,,,,,TRUE,,,,,BKN,2300,,,,,,,MVFR,,,,,,,,,,,,METAR,120
"METAR VOCB 280130Z 20004KT 4500 BR FEW015 27/24 Q1010 NOSIG",VOCB,2026-04-28T01:30:00.000Z,11.0300,77.0430,27,24,200,4,,2.8,29.82,,,,,,TRUE,,,,BR,FEW,1500,,,,,,,IFR,,,,,,,,,,,,METAR,394
"METAR LFVP 280130Z AUTO 28004KT CAVOK M01/M02 Q1030",LFVP,2026-04-28T01:30:00.000Z,46.7640,-56.1690,-1,-2,280,4,,6+,30.41,,,TRUE,,,,,,,,,,,,,,,,VFR,,,,,,,,,,,,METAR,5
"METAR USDD 280130Z 01002MPS CAVOK M02/M06 Q1013 R22/CLRD60 NOSIG RMK QFE755/1007",USDD,2026-04-28T01:30:00.000Z,66.5910,66.6110,-2,-6,10,4,,6+,29.91,,,,,,TRUE,,,,,,,,,,,,,VFR,,,,,,,,,,,,METAR,53
"METAR UWOO 280130Z 23004MPS 9999 SCT049 06/03 Q1016 R26/CLRD60 NOSIG RMK QFE751/1002",UWOO,2026-04-28T01:30:00.000Z,51.7950,55.4570,6,3,230,8,,6+,30.00,,,,,,TRUE,,,,,SCT,4900,,,,,,,VFR,,,,,,,,,,,,METAR,90
"METAR UWKE 280130Z 20007MPS 9999 SCT020 01/M00 Q1005 R21/290055 NOSIG RMK QFE737/0983",UWKE,2026-04-28T01:30:00.000Z,55.5660,52.1000,1,0,200,14,,6+,29.68,,,,,,TRUE,,,,,SCT,2000,,,,,,,VFR,,,,,,,,,,,,METAR,193
"METAR VQPR 280130Z VRB02KT 9999 FEW030 14/09 Q1018",VQPR,2026-04-28T01:30:00.000Z,27.4030,89.4250,14,9,0,2,,6+,30.06,,,,,,,,,,,FEW,3000,,,,,,,VFR,,,,,,,,,,,,METAR,2227
"METAR UWGG 280130Z 20008MPS 8000 -RA OVC007 01/00 Q0988 R18L/190060 NOSIG",UWGG,2026-04-28T01:30:00.000Z,56.2250,43.7860,1,0,200,16,,4.97,29.17,,,,,,TRUE,,,,-RA,OVC,700,,,,,,,IFR,,,,,,,,,,,,METAR,73
"METAR LEST 280130Z 07004KT 030V120 9999 SCT007 11/10 Q1013 TEMPO BKN005",LEST,2026-04-28T01:30:00.000Z,42.8880,-8.4110,11,10,70,4,,6+,29.91,,,,,,,,,,,SCT,700,,,,,,,VFR,,,,,,,,,,,,METAR,363
"METAR YPKU 280130Z AUTO 10011KT 9999 // NCD 31/10 Q1014",YPKU,2026-04-28T01:30:00.000Z,-15.7810,128.7100,31,10,100,11,,6+,29.94,,,TRUE,,,,,,,,,,,,,,,,VFR,,,,,,,,,,,,METAR,42
"METAR YPKG 280130Z AUTO 04006KT 9999 // BKN110 22/12 Q1018",YPKG,2026-04-28T01:30:00.000Z,-30.7850,121.4530,22,12,40,6,,6+,30.06,,,TRUE,,,,,,,,BKN,11000,,,,,,,VFR,,,,,,,,,,,,METAR,372
"METAR YBHM 280130Z AUTO 15026KT 9999 // BKN017 OVC024 23/20 Q1016",YBHM,2026-04-28T01:30:00.000Z,-20.3570,148.9490,23,20,150,26,,6+,30.00,,,TRUE,,,,,,,,BKN,1700,OVC,2400,,,,,MVFR,,,,,,,,,,,,METAR,4
"METAR WIHH 280130Z 17005KT 4000 HZ BKN015 27/26 Q1010 RMK RA TO W",WIHH,2026-04-28T01:30:00.000Z,-6.2670,106.8910,27,26,170,5,,2.49,29.82,,,,,,,,,,HZ,BKN,1500,,,,,,,IFR,,,,,,,,,,,,METAR,26
"METAR UWLL 280130Z 18008MPS 9999 BKN031 02/M02 Q1002 R20/150060 NOSIG RMK QFE742/0989",UWLL,2026-04-28T01:30:00.000Z,54.2740,48.2360,2,-2,180,16,,6+,29.59,,,,,,TRUE,,,,,BKN,3100,,,,,,,VFR,,,,,,,,,,,,METAR,119
"METAR UNWW 280130Z 00000MPS CAVOK 06/05 Q1025 R01/090055 NOSIG RMK QFE742",UNWW,2026-04-28T01:30:00.000Z,53.8110,86.8780,6,5,0,0,,6+,30.27,,,,,,TRUE,,,,,,,,,,,,,VFR,,,,,,,,,,,,METAR,307
"METAR UERP 280130Z 19005MPS 9999 BKN004 BKN013CB OVC100 01/01 Q0998 R18/290140 NOSIG RMK QBB140 QFE704",UERP,2026-04-28T01:30:00.000Z,66.4000,112.0300,1,1,190,10,,6+,29.47,,,,,,TRUE,,,,,BKN,400,BKN,1300,OVC,10000,,,LIFR,,,,,,,,,,,,METAR,514
"METAR NTAA 280130Z AUTO 07009KT 020V120 CAVOK 31/23 Q1010 NOSIG",NTAA,2026-04-28T01:30:00.000Z,-17.5540,-149.6070,31,23,70,9,,6+,29.82,,,TRUE,,,TRUE,,,,,,,,,,,,,VFR,,,,,,,,,,,,METAR,2
"METAR KGNG 280130Z AUTO 26016G25KT 10SM CLR 13/M06 A2992 RMK AO2",KGNG,2026-04-28T01:30:00.000Z,42.9155,-114.7655,13,-6,260,16,25,10+,29.92,,,TRUE,TRUE,,,,,,,,,,,,,,,VFR,,,,,,,,,,,,METAR,1128
"METAR WAMM 280130Z COR 12003KT 090V180 5000 -RA FEW017CB SCT018 28/25 Q1013 TEMPO TL0230 5000 RA NSC RMK CB IN APCH",WAMM,2026-04-28T01:30:00.000Z,1.5410,124.9260,28,25,120,3,,3.11,29.91,,TRUE,,,,,,,,-RA,FEW,1700,SCT,1800,,,,,MVFR,,,,,,,,,,,,METAR,86
"METAR RJTT 280130Z 18017KT 9999 FEW030 BKN/// 22/14 Q1012 NOSIG",RJTT,2026-04-28T01:30:00.000Z,35.5530,139.7810,22,14,180,17,,6+,29.88,,,,,,TRUE,,,,,FEW,3000,,,,,,,VFR,,,,,,,,,,,,METAR,5
"METAR LYBT 280130Z 02005KT CAVOK 07/04 Q1019 NOSIG",LYBT,2026-04-28T01:30:00.000Z,44.9350,20.2580,7,4,20,5,,6+,30.09,,,,,,TRUE,,,,,,,,,,,,,VFR,,,,,,,,,,,,METAR,78
"METAR LYKV 280130Z 00000KT CAVOK 05/04 Q1019 NOSIG",LYKV,2026-04-28T01:30:00.000Z,43.8180,20.5870,5,4,0,0,,6+,30.09,,,,,,TRUE,,,,,,,,,,,,,VFR,,,,,,,,,,,,METAR,209
"METAR LYNI 280130Z VRB01KT CAVOK 07/04 Q1018 NOSIG",LYNI,2026-04-28T01:30:00.000Z,43.3380,21.8630,7,4,0,1,,6+,30.06,,,,,,TRUE,,,,,,,,,,,,,VFR,,,,,,,,,,,,METAR,197
"METAR LYPG 280130Z 28002KT CAVOK 13/06 Q1016 NOSIG",LYPG,2026-04-28T01:30:00.000Z,42.3590,19.2520,13,6,280,2,,6+,30.00,,,,,,TRUE,,,,,,,,,,,,,VFR,,,,,,,,,,,,METAR,32
"METAR LYTV 280130Z AUTO VRB01KT CAVOK 08/08 Q1016",LYTV,2026-04-28T01:30:00.000Z,42.4050,18.7230,8,8,0,1,,6+,30.00,,,TRUE,,,,,,,,,,,,,,,,VFR,,,,,,,,,,,,METAR,3
"METAR LYVR 280130Z AUTO 00000KT CAVOK 02/00 Q1018",LYVR,2026-04-28T01:30:00.000Z,45.1470,21.3100,2,0,0,0,,6+,30.06,,,TRUE,,,,,,,,,,,,,,,,VFR,,,,,,,,,,,,METAR,82
"METAR EINN 280130Z 36004KT 9999 SCT044 09/08 Q1028 NOSIG",EINN,2026-04-28T01:30:00.000Z,52.7020,-8.9250,9,8,360,4,,6+,30.35,,,,,,TRUE,,,,,SCT,4400,,,,,,,VFR,,,,,,,,,,,,METAR,20
"METAR EICK 280130Z 35007KT 9999 FEW042 10/08 Q1027 NOSIG",EICK,2026-04-28T01:30:00.000Z,51.8480,-8.4790,10,8,350,7,,6+,30.32,,,,,,TRUE,,,,,FEW,4200,,,,,,,VFR,,,,,,,,,,,,METAR,158
"METAR LFRB 280130Z AUTO 01005KT CAVOK 09/08 Q1021 TEMPO 3000 BR",LFRB,2026-04-28T01:30:00.000Z,48.4440,-4.4120,9,8,10,5,,6+,30.15,,,TRUE,,,,,,,,,,,,,,,,VFR,,,,,,,,,,,,METAR,91
"METAR UMMS 280130Z 31006MPS CAVOK 00/M06 Q1014 NOSIG",UMMS,2026-04-28T01:30:00.000Z,53.8830,28.0310,0,-6,310,12,,6+,29.94,,,,,,TRUE,,,,,,,,,,,,,VFR,,,,,,,,,,,,METAR,196
"METAR OTBD 280130Z 02004KT 320V050 CAVOK 29/16 Q1005 NOSIG",OTBD,2026-04-28T01:30:00.000Z,25.2610,51.5650,29,16,20,4,,6+,29.68,,,,,,TRUE,,,,,,,,,,,,,VFR,,,,,,,,,,,,METAR,13
"METAR LFBM 280130Z AUTO 30008KT 260V360 6000 -RA FEW044/// BKN096/// OVC110/// ///CB 15/14 Q1016 TEMPO 4000 -TSRA",LFBM,2026-04-28T01:30:00.000Z,43.9120,-0.5070,15,14,300,8,,3.73,30.00,,,TRUE,,,,,,,-RA,FEW,4400,BKN,9600,OVC,11000,,,MVFR,,,,,,,,,,,,METAR,56
"METAR ZSPD 280130Z 03008MPS 9999 -RA NSC 17/11 Q1016 NOSIG",ZSPD,2026-04-28T01:30:00.000Z,31.1460,121.8000,17,11,30,16,,6+,30.00,,,,,,TRUE,,,,-RA,,,,,,,,,VFR,,,,,,,,,,,,METAR,4
"METAR ZSHC 280130Z 02005MPS 340V050 9999 BKN040 19/13 Q1017 NOSIG",ZSHC,2026-04-28T01:30:00.000Z,30.2290,120.4340,19,13,20,10,,6+,30.03,,,,,,TRUE,,,,,BKN,4000,,,,,,,VFR,,,,,,,,,,,,METAR,8
"METAR ZYTX 280130Z 02007MPS 330V060 CAVOK 15/M02 Q1017 NOSIG",ZYTX,2026-04-28T01:30:00.000Z,41.6390,123.4850,15,-2,20,14,,6+,30.03,,,,,,TRUE,,,,,,,,,,,,,VFR,,,,,,,,,,,,METAR,56
"SPECI KHUF 280130Z 15017G25KT 10SM -TSRA BKN040 BKN060 OVC110 18/17 A2969 RMK AO2 PK WND 14028/0118 LTG DSNT SW-N RAB23 TSB24 P0001 T01780167",KHUF,2026-04-28T01:30:00.000Z,39.4429,-87.3221,17.8,16.7,150,17,25,10+,29.69,,,,TRUE,,,,,,-TSRA,BKN,4000,BKN,6000,OVC,11000,,,VFR,,,,,,0.01,,,,,,SPECI,174
"SPECI KSBM 280130Z AUTO 17013G22KT 8SM SCT006 SCT035 OVC048 12/11 A2954 RMK AO2 T01220111",KSBM,2026-04-28T01:30:00.000Z,43.7748,-87.8490,12.2,11.1,170,13,22,8,29.54,,,TRUE,TRUE,,,,,,,SCT,600,SCT,3500,OVC,4800,,,VFR,,,,,,,,,,,,SPECI,225
"METAR VVVD 280130Z AUTO 14002KT 2800 TSRA BKN011/// BKN017/// OVC021/// 25/25 Q1009 RETS",VVVD,2026-04-28T01:30:00.000Z,21.1180,107.4140,25,25,140,2,,1.74,29.79,,,TRUE,,,,,,,TSRA,BKN,1100,BKN,1700,OVC,2100,,,IFR,,,,,,,,,,,,METAR,8
"SPECI KCRG 280130Z 04010KT 10SM OVC014 19/16 A3016 RMK AO2 T01890161",KCRG,2026-04-28T01:30:00.000Z,30.3371,-81.5128,18.9,16.1,40,10,,10+,30.16,,,,TRUE,,,,,,,OVC,1400,,,,,,,MVFR,,,,,,,,,,,,SPECI,12
"METAR YBMA 280130Z AUTO 11013KT 9999 // FEW066 28/12 Q1018",YBMA,2026-04-28T01:30:00.000Z,-20.6780,139.4880,28,12,110,13,,6+,30.06,,,TRUE,,,,,,,,FEW,6600,,,,,,,VFR,,,,,,,,,,,,METAR,346
"METAR LFMO 280130Z AUTO 30003KT 7000 BKN018 13/12 Q1016 TEMPO 4000 BR",LFMO,2026-04-28T01:30:00.000Z,44.1440,4.8610,13,12,300,3,,4.35,30.00,,,TRUE,,,,,,,,BKN,1800,,,,,,,MVFR,,,,,,,,,,,,METAR,56
"METAR VVPB 280130Z 26011KT 7000 -TSRA SCT015 FEW017CB BKN050 25/22 Q1011 TEMPO TL0200 30015G25KT 3000 TSRA",VVPB,2026-04-28T01:30:00.000Z,16.3990,107.6990,25,22,260,11,,4.35,29.85,,,,,,,,,,-TSRA,SCT,1500,FEW,1700,BKN,5000,,,MVFR,,,,,,,,,,,,METAR,15
"METAR YBRK 280130Z AUTO 11014KT 9999 // SCT040 SCT048 27/16 Q1018",YBRK,2026-04-28T01:30:00.000Z,-23.3750,150.4770,27,16,110,14,,6+,30.06,,,TRUE,,,,,,,,SCT,4000,SCT,4800,,,,,VFR,,,,,,,,,,,,METAR,10
"METAR LZPP 280130Z AUTO 02007KT 9999 // NCD 05/M00 Q1020",LZPP,2026-04-28T01:30:00.000Z,48.6130,17.8320,5,0,20,7,,6+,30.12,,,TRUE,,,,,,,,,,,,,,,,VFR,,,,,,,,,,,,METAR,160
"METAR YPPD 280130Z AUTO 10004KT 9999 // NCD 31/13 Q1013",YPPD,2026-04-28T01:30:00.000Z,-20.3720,118.6320,31,13,100,4,,6+,29.91,,,TRUE,,,,,,,,,,,,,,,,VFR,,,,,,,,,,,,METAR,6
"METAR VDSA 280130Z 20002KT 9999 FEW017 SCT040 29/25 Q1010",VDSA,2026-04-28T01:30:00.000Z,13.3710,104.2250,29,25,200,2,,6+,29.82,,,,,,,,,,,FEW,1700,SCT,4000,,,,,VFR,,,,,,,,,,,,METAR,59
"METAR VDSV 280130Z VRB02KT 9999 SCT015 31/25 Q1010",VDSV,2026-04-28T01:30:00.000Z,10.5820,103.6370,31,25,0,2,,6+,29.82,,,,,,,,,,,SCT,1500,,,,,,,VFR,,,,,,,,,,,,METAR,1
"METAR LZZI 280130Z AUTO 09003KT 9999 // NCD 02/M02 Q1021",LZZI,2026-04-28T01:30:00.000Z,49.2310,18.6130,2,-2,90,3,,6+,30.15,,,TRUE,,,,,,,,,,,,,,,,VFR,,,,,,,,,,,,METAR,311
"METAR WIOO 280130Z 06004KT 9999 FEW012 28/25 Q1010 NOSIG",WIOO,2026-04-28T01:30:00.000Z,-0.1510,109.4040,28,25,60,4,,6+,29.82,,,,,,TRUE,,,,,FEW,1200,,,,,,,VFR,,,,,,,,,,,,METAR,4
"METAR WIEE 280130Z VRB02KT 9999 FEW020 29/25 Q1008 NOSIG",WIEE,2026-04-28T01:30:00.000Z,-0.7830,100.2830,29,25,0,2,,6+,29.76,,,,,,TRUE,,,,,FEW,2000,,,,,,,VFR,,,,,,,,,,,,METAR,5
"METAR LECO 280130Z 19001KT 9999 FEW020 11/09 Q1014 NOSIG",LECO,2026-04-28T01:30:00.000Z,43.3070,-8.3720,11,9,190,1,,6+,29.94,,,,,,TRUE,,,,,FEW,2000,,,,,,,VFR,,,,,,,,,,,,METAR,80
"METAR LFOK 280130Z AUTO 02006KT CAVOK 10/04 Q1017 NOSIG",LFOK,2026-04-28T01:30:00.000Z,48.7770,4.1650,10,4,20,6,,6+,30.03,,,TRUE,,,TRUE,,,,,,,,,,,,,VFR,,,,,,,,,,,,METAR,166
"METAR LRSB 280130Z 07002KT CAVOK 04/M01 Q1019",LRSB,2026-04-28T01:30:00.000Z,45.7890,24.0910,4,-1,70,2,,6+,30.09,,,,,,,,,,,,,,,,,,,VFR,,,,,,,,,,,,METAR,442
"METAR LRTR 280130Z 06006KT CAVOK 03/01 Q1019",LRTR,2026-04-28T01:30:00.000Z,45.8110,21.3330,3,1,60,6,,6+,30.09,,,,,,,,,,,,,,,,,,,VFR,,,,,,,,,,,,METAR,104
"METAR LFMV 280130Z AUTO 16002KT 6000 SCT016 BKN082 BKN140 13/13 Q1016",LFMV,2026-04-28T01:30:00.000Z,43.9110,4.9030,13,13,160,2,,3.73,30.00,,,TRUE,,,,,,,,SCT,1600,BKN,8200,BKN,14000,,,MVFR,,,,,,,,,,,,METAR,33
"METAR LFOJ 280130Z AUTO 01007KT CAVOK 07/05 Q1017 NOSIG",LFOJ,2026-04-28T01:30:00.000Z,47.9850,1.7540,7,5,10,7,,6+,30.03,,,TRUE,,,TRUE,,,,,,,,,,,,,VFR,,,,,,,,,,,,METAR,122
"METAR LFRJ 280130Z AUTO 03005KT CAVOK 08/07 Q1021",LFRJ,2026-04-28T01:30:00.000Z,48.5270,-4.1380,8,7,30,5,,6+,30.15,,,TRUE,,,,,,,,,,,,,,,,VFR,,,,,,,,,,,,METAR,109
"METAR LFOA 280130Z AUTO 30005KT CAVOK 09/05 Q1016 NOSIG",LFOA,2026-04-28T01:30:00.000Z,47.0520,2.6420,9,5,300,5,,6+,30.00,,,TRUE,,,TRUE,,,,,,,,,,,,,VFR,,,,,,,,,,,,METAR,174
"METAR TFFJ 280130Z AUTO 10011KT 9999 SCT018 OVC180 27/24 Q1016",TFFJ,2026-04-28T01:30:00.000Z,17.9040,-62.8440,27,24,100,11,,6+,30.00,,,TRUE,,,,,,,,SCT,1800,OVC,18000,,,,,VFR,,,,,,,,,,,,METAR,13
"METAR WIDN 280130Z 05004KT 360V120 9999 BKN015 31/28 Q1010 NOSIG",WIDN,2026-04-28T01:30:00.000Z,0.9230,104.5320,31,28,50,4,,6+,29.82,,,,,,TRUE,,,,,BKN,1500,,,,,,,MVFR,,,,,,,,,,,,METAR,18
"METAR LFGJ 280130Z AUTO 00000KT CAVOK 08/07 Q1015",LFGJ,2026-04-28T01:30:00.000Z,47.0440,5.4270,8,7,0,0,,6+,29.97,,,TRUE,,,,,,,,,,,,,,,,VFR,,,,,,,,,,,,METAR,191
"METAR WIBB 280130Z 20004KT 8000 FEW013 28/23 Q1009 NOSIG",WIBB,2026-04-28T01:30:00.000Z,0.4610,101.4450,28,23,200,4,,4.97,29.79,,,,,,TRUE,,,,,FEW,1300,,,,,,,MVFR,,,,,,,,,,,,METAR,41
"METAR LFRG 280130Z AUTO 01006KT CAVOK 09/06 Q1020",LFRG,2026-04-28T01:30:00.000Z,49.3650,0.1540,9,6,10,6,,6+,30.12,,,TRUE,,,,,,,,,,,,,,,,VFR,,,,,,,,,,,,METAR,146
"METAR LFRM 280130Z AUTO 35007KT 310V030 CAVOK 11/05 Q1018",LFRM,2026-04-28T01:30:00.000Z,47.9490,0.2020,11,5,350,7,,6+,30.06,,,TRUE,,,,,,,,,,,,,,,,VFR,,,,,,,,,,,,METAR,51
"METAR LFRV 280130Z AUTO 01007KT CAVOK 09/05 Q1019",LFRV,2026-04-28T01:30:00.000Z,47.7220,-2.7270,9,5,10,7,,6+,30.09,,,TRUE,,,,,,,,,,,,,,,,VFR,,,,,,,,,,,,METAR,132
"METAR LEAM 280130Z AUTO 04004KT 320V110 CAVOK 20/11 Q1011",LEAM,2026-04-28T01:30:00.000Z,36.8460,-2.3570,20,11,40,4,,6+,29.85,,,TRUE,,,,,,,,,,,,,,,,VFR,,,,,,,,,,,,METAR,16
"METAR KFCH 280130Z AUTO 28009KT 10SM CLR 20/03 A3000 RMK A01",KFCH,2026-04-28T01:30:00.000Z,36.7338,-119.8204,20,3,280,9,,10+,30.00,,,TRUE,TRUE,,,,,,,,,,,,,,,VFR,,,,,,,,,,,,METAR,85
"METAR LEAS 280130Z AUTO 11003KT 080V160 2300 -RA BR BKN003 OVC008 14/13 Q1016",LEAS,2026-04-28T01:30:00.000Z,43.5670,-6.0440,14,13,110,3,,1.43,30.00,,,TRUE,,,,,,,-RA BR,BKN,300,OVC,800,,,,,LIFR,,,,,,,,,,,,METAR,120
"METAR WAQQ 280130Z 27003KT 9999 SCT015 30/26 Q1011 NOSIG",WAQQ,2026-04-28T01:30:00.000Z,3.3270,117.5680,30,26,270,3,,6+,29.85,,,,,,TRUE,,,,,SCT,1500,,,,,,,VFR,,,,,,,,,,,,METAR,6
"METAR LEBB 280130Z AUTO VRB01KT 9999 BKN011 OVC017 16/15 Q1016",LEBB,2026-04-28T01:30:00.000Z,43.2980,-2.9060,16,15,0,1,,6+,30.00,,,TRUE,,,,,,,,BKN,1100,OVC,1700,,,,,MVFR,,,,,,,,,,,,METAR,38
"METAR LEGE 280130Z 35002KT 9999 FEW090 13/10 Q1015 NOSIG",LEGE,2026-04-28T01:30:00.000Z,41.9110,2.7630,13,10,350,2,,6+,29.97,,,,,,TRUE,,,,,FEW,9000,,,,,,,VFR,,,,,,,,,,,,METAR,140
"METAR LEGR 280130Z AUTO VRB02KT CAVOK 17/11 Q1012",LEGR,2026-04-28T01:30:00.000Z,37.1900,-3.7890,17,11,0,2,,6+,29.88,,,TRUE,,,,,,,,,,,,,,,,VFR,,,,,,,,,,,,METAR,560
"METAR LESA 280130Z AUTO 11006KT 080V140 6000 NCD 13/10 Q1015",LESA,2026-04-28T01:30:00.000Z,40.9600,-5.4980,13,10,110,6,,3.73,29.97,,,TRUE,,,,,,,,,,,,,,,,MVFR,,,,,,,,,,,,METAR,788
"METAR LEVD 280130Z AUTO 09006KT 070V140 CAVOK 13/11 Q1015",LEVD,2026-04-28T01:30:00.000Z,41.7060,-4.8520,13,11,90,6,,6+,29.97,,,TRUE,,,,,,,,,,,,,,,,VFR,,,,,,,,,,,,METAR,844
"METAR WATT 280130Z 11013KT 9999 BKN017 27/22 Q1012 NOSIG",WATT,2026-04-28T01:30:00.000Z,-10.1720,123.6710,27,22,110,13,,6+,29.88,,,,,,TRUE,,,,,BKN,1700,,,,,,,MVFR,,,,,,,,,,,,METAR,104
"METAR LEDA 280130Z AUTO 05007KT CAVOK 11/09 Q1016",LEDA,2026-04-28T01:30:00.000Z,41.7340,0.5380,11,9,50,7,,6+,30.00,,,TRUE,,,,,,,,,,,,,,,,VFR,,,,,,,,,,,,METAR,352
"METAR LEJR 280130Z AUTO 17005KT 120V200 CAVOK 18/12 Q1011",LEJR,2026-04-28T01:30:00.000Z,36.7510,-6.0560,18,12,170,5,,6+,29.85,,,TRUE,,,,,,,,,,,,,,,,VFR,,,,,,,,,,,,METAR,25
"METAR WILL 280130Z 03002KT 6000 FEW017 27/24 Q1010 NOSIG",WILL,2026-04-28T01:30:00.000Z,-5.2420,105.1790,27,24,30,2,,3.73,29.82,,,,,,TRUE,,,,,FEW,1700,,,,,,,MVFR,,,,,,,,,,,,METAR,83
"METAR LEVT 280130Z 29003KT 2500 BR VCFG OVC002 13/12 Q1016",LEVT,2026-04-28T01:30:00.000Z,42.8720,-2.7330,13,12,290,3,,1.55,30.00,,,,,,,,,,BR VCFG,OVC,200,,,,,,,LIFR,,,,,,,,,,,,METAR,501
"METAR OMRK 280130Z 20005KT 180V240 CAVOK 25/14 Q1006 A2971",OMRK,2026-04-28T01:30:00.000Z,25.6130,55.9390,25,14,200,5,,6+,29.70,,,,,,,,,,,,,,,,,,,VFR,,,,,,,,,,,,METAR,18
"METAR LEZG 280130Z 22003KT CAVOK 14/12 Q1015 NOSIG",LEZG,2026-04-28T01:30:00.000Z,41.6610,-1.0040,14,12,220,3,,6+,29.97,,,,,,TRUE,,,,,,,,,,,,,VFR,,,,,,,,,,,,METAR,245
"METAR LFMC 280130Z AUTO VRB02KT 9999 BKN056 12/11 Q1016",LFMC,2026-04-28T01:30:00.000Z,43.3830,6.3860,12,11,0,2,,6+,30.00,,,TRUE,,,,,,,,BKN,5600,,,,,,,VFR,,,,,,,,,,,,METAR,79
"METAR LFMY 280130Z AUTO 00000KT 7000 NSC 10/10 Q1016",LFMY,2026-04-28T01:30:00.000Z,43.6040,5.1080,10,10,0,0,,4.35,30.00,,,TRUE,,,,,,,,,,,,,,,,MVFR,,,,,,,,,,,,METAR,57
"METAR GCGM 280130Z AUTO VRB02KT 9999 BKN027 17/13 Q1016 RMK R09/27003KT 240V310 ARP/29003KT 260V320",GCGM,2026-04-28T01:30:00.000Z,28.0320,-17.2110,17,13,0,2,,6+,30.00,,,TRUE,,,,,,,,BKN,2700,,,,,,,MVFR,,,,,,,,,,,,METAR,217
"METAR GCHI 280130Z AUTO 01014KT 340V040 9999 BKN029 18/14 Q1016",GCHI,2026-04-28T01:30:00.000Z,27.8190,-17.8890,18,14,10,14,,6+,30.00,,,TRUE,,,,,,,,BKN,2900,,,,,,,MVFR,,,,,,,,,,,,METAR,21
"METAR LRBC 280130Z 21002KT CAVOK 01/M01 Q1019",LRBC,2026-04-28T01:30:00.000Z,46.5220,26.9100,1,-1,210,2,,6+,30.09,,,,,,,,,,,,,,,,,,,VFR,,,,,,,,,,,,METAR,183
"METAR LRCV 280130Z 04004KT CAVOK 04/02 Q1019",LRCV,2026-04-28T01:30:00.000Z,44.3100,23.8670,4,2,40,4,,6+,30.09,,,,,,,,,,,,,,,,,,,VFR,,,,,,,,,,,,METAR,192
"METAR LRIA 280130Z 23002KT CAVOK 06/M03 Q1019",LRIA,2026-04-28T01:30:00.000Z,47.1640,27.6270,6,-3,230,2,,6+,30.09,,,,,,,,,,,,,,,,,,,VFR,,,,,,,,,,,,METAR,71
"METAR LRSV 280130Z 30005KT CAVOK 05/M06 Q1018",LRSV,2026-04-28T01:30:00.000Z,47.6860,26.3540,5,-6,300,5,,6+,30.06,,,,,,,,,,,,,,,,,,,VFR,,,,,,,,,,,,METAR,406
"METAR LETL 280130Z AUTO 15008KT CAVOK 11/M09 Q1017",LETL,2026-04-28T01:30:00.000Z,40.4040,-1.2180,11,-9,150,8,,6+,30.03,,,TRUE,,,,,,,,,,,,,,,,VFR,,,,,,,,,,,,METAR,1024
"METAR LEPP 280130Z AUTO 18003KT 7000 NSC 14/14 Q1016",LEPP,2026-04-28T01:30:00.000Z,42.7770,-1.6500,14,14,180,3,,4.35,30.00,,,TRUE,,,,,,,,,,,,,,,,MVFR,,,,,,,,,,,,METAR,448
"METAR LEXJ 280130Z AUTO 13006KT 8000 BKN020 OVC025 15/14 Q1016",LEXJ,2026-04-28T01:30:00.000Z,43.4290,-3.8310,15,14,130,6,,4.97,30.00,,,TRUE,,,,,,,,BKN,2000,OVC,2500,,,,,MVFR,,,,,,,,,,,,METAR,1
"METAR LELC 280130Z AUTO 05008KT 9000 SCT015 BKN020 18/15 Q1014",LELC,2026-04-28T01:30:00.000Z,37.7750,-0.8120,18,15,50,8,,5.59,29.94,,,TRUE,,,,,,,,SCT,1500,BKN,2000,,,,,MVFR,,,,,,,,,,,,METAR,3
"METAR LELN 280130Z AUTO 36005KT CAVOK 11/09 Q1016",LELN,2026-04-28T01:30:00.000Z,42.5880,-5.6510,11,9,360,5,,6+,30.00,,,TRUE,,,,,,,,,,,,,,,,VFR,,,,,,,,,,,,METAR,911
"METAR GEML 280130Z AUTO 04005KT 360V080 9999 SCT008 BKN013 OVC019 17/16 Q1012",GEML,2026-04-28T01:30:00.000Z,35.2780,-2.9560,17,16,40,5,,6+,29.88,,,TRUE,,,,,,,,SCT,800,BKN,1300,OVC,1900,,,MVFR,,,,,,,,,,,,METAR,48
"METAR LEMI 280130Z AUTO 36005KT CAVOK 14/12 Q1015",LEMI,2026-04-28T01:30:00.000Z,37.8030,-1.1250,14,12,360,5,,6+,29.97,,,TRUE,,,,,,,,,,,,,,,,VFR,,,,,,,,,,,,METAR,193
"METAR LEAL 280130Z 01003KT 9999 FEW010 16/10 Q1015 NOSIG",LEAL,2026-04-28T01:30:00.000Z,38.2820,-0.5580,16,10,10,3,,6+,29.97,,,,,,TRUE,,,,,FEW,1000,,,,,,,VFR,,,,,,,,,,,,METAR,26
"METAR LEBL 280130Z 32005KT 9999 FEW030 15/11 Q1015 NOSIG",LEBL,2026-04-28T01:30:00.000Z,41.2930,2.0700,15,11,320,5,,6+,29.97,,,,,,TRUE,,,,,FEW,3000,,,,,,,VFR,,,,,,,,,,,,METAR,2
"METAR LEIB 280130Z 03005KT 9999 FEW015 15/13 Q1015 NOSIG",LEIB,2026-04-28T01:30:00.000Z,38.8760,1.3840,15,13,30,5,,6+,29.97,,,,,,TRUE,,,,,FEW,1500,,,,,,,VFR,,,,,,,,,,,,METAR,4
"METAR LEMD 280130Z 05003KT 350V100 CAVOK 15/M00 Q1015 NOSIG",LEMD,2026-04-28T01:30:00.000Z,40.4660,-3.5550,15,0,50,3,,6+,29.97,,,,,,TRUE,,,,,,,,,,,,,VFR,,,,,,,,,,,,METAR,589
"METAR OPKC 280130Z 24007KT 4000 FU NSC 27/23 Q1002 NOSIG",OPKC,2026-04-28T01:30:00.000Z,24.9020,67.1390,27,23,240,7,,2.49,29.59,,,,,,TRUE,,,,FU,,,,,,,,,IFR,,,,,,,,,,,,METAR,20
"METAR LEVX 280130Z AUTO 19004KT 130V260 CAVOK 16/13 Q1011",LEVX,2026-04-28T01:30:00.000Z,42.2390,-8.6240,16,13,190,4,,6+,29.85,,,TRUE,,,,,,,,,,,,,,,,VFR,,,,,,,,,,,,METAR,253
"METAR LEZL 280130Z AUTO VRB02KT CAVOK 17/14 Q1010",LEZL,2026-04-28T01:30:00.000Z,37.4180,-5.8930,17,14,0,2,,6+,29.82,,,TRUE,,,,,,,,,,,,,,,,VFR,,,,,,,,,,,,METAR,26
"METAR FMEP 280130Z AUTO 05005KT CAVOK 25/20 Q1009",FMEP,2026-04-28T01:30:00.000Z,-21.3200,55.4250,25,20,50,5,,6+,29.79,,,TRUE,,,,,,,,,,,,,,,,VFR,,,,,,,,,,,,METAR,21
"METAR URWW 280130Z 23007MPS CAVOK 01/M02 Q1016 R23/010070 NOSIG",URWW,2026-04-28T01:30:00.000Z,48.7880,44.3360,1,-2,230,14,,6+,30.00,,,,,,TRUE,,,,,,,,,,,,,VFR,,,,,,,,,,,,METAR,131
"METAR UUBC 280130Z 27007MPS CAVOK 02/M05 Q1000 R31/290151 NOSIG RMK QFE733/0978",UUBC,2026-04-28T01:30:00.000Z,54.5520,36.3700,2,-5,270,14,,6+,29.53,,,,,,TRUE,,,,,,,,,,,,,VFR,,,,,,,,,,,,METAR,198
"METAR UUOB 280130Z 27005MPS CAVOK 01/M02 Q1012 R29/290060 NOSIG",UUOB,2026-04-28T01:30:00.000Z,50.6440,36.5900,1,-2,270,10,,6+,29.88,,,,,,TRUE,,,,,,,,,,,,,VFR,,,,,,,,,,,,METAR,218
"METAR UWKS 280130Z 19008MPS 9999 -SHSNRA BKN020CB 01/01 Q0995 R24/090065 NOSIG RMK QFE732",UWKS,2026-04-28T01:30:00.000Z,56.0900,47.3470,1,1,190,16,,6+,29.38,,,,,,TRUE,,,,-SHSN -SHRA,BKN,2000,,,,,,,MVFR,,,,,,,,,,,,METAR,165
"METAR UWSG 280130Z 22008MPS CAVOK 03/M01 Q1009 R26/210055 NOSIG RMK QFE754/1005",UWSG,2026-04-28T01:30:00.000Z,51.7130,46.1710,3,-1,220,16,,6+,29.79,,,,,,TRUE,,,,,,,,,,,,,VFR,,,,,,,,,,,,METAR,31
"METAR UNAA 280130Z 21003MPS 9999 -SHRA BKN028CB 06/05 Q1024 R02/290154 NOSIG RMK QFE745",UNAA,2026-04-28T01:30:00.000Z,53.7400,91.3850,6,5,210,6,,6+,30.24,,,,,,TRUE,,,,-SHRA,BKN,2800,,,,,,,MVFR,,,,,,,,,,,,METAR,249
"METAR UATT 280130Z 19005MPS 9999 SCT015 11/08 Q1016 NOSIG RMK QFE742/0990",UATT,2026-04-28T01:30:00.000Z,50.2480,57.2030,11,8,190,10,,6+,30.00,,,,,,TRUE,,,,,SCT,1500,,,,,,,VFR,,,,,,,,,,,,METAR,217
"METAR NZQN 280130Z AUTO 23007KT 170V280 9999 SCT070/// 17/06 Q1022",NZQN,2026-04-28T01:30:00.000Z,-45.0210,168.7390,17,6,230,7,,6+,30.18,,,TRUE,,,,,,,,SCT,7000,,,,,,,VFR,,,,,,,,,,,,METAR,356
"METAR UTDD 280130Z VRB01MPS 6000 FEW066CB SCT100 17/12 Q1010 R09/CLRD// NOSIG RMK QFE690/0919",UTDD,2026-04-28T01:30:00.000Z,38.5430,68.8250,17,12,0,2,,3.73,29.82,,,,,,TRUE,,,,,FEW,6600,SCT,10000,,,,,MVFR,,,,,,,,,,,,METAR,785
"METAR UUOO 280130Z 24006MPS CAVOK 01/M02 Q1008 R12/010070 NOSIG RMK QFE742",UUOO,2026-04-28T01:30:00.000Z,51.8140,39.2280,1,-2,240,12,,6+,29.76,,,,,,TRUE,,,,,,,,,,,,,VFR,,,,,,,,,,,,METAR,154
"METAR UUYY 280130Z 18005MPS 9999 FEW010 BKN016CB OVC025 03/02 Q0996 R18/290151 NOSIG RMK QFE739/0985",UUYY,2026-04-28T01:30:00.000Z,61.6470,50.8450,3,2,180,10,,6+,29.41,,,,,,TRUE,,,,,FEW,1000,BKN,1600,OVC,2500,,,MVFR,,,,,,,,,,,,METAR,107
"METAR UEEE 280130Z 10001MPS 9999 SCT020 07/M01 Q1008 R23/09//59 NOSIG RMK QFE748",UEEE,2026-04-28T01:30:00.000Z,62.0930,129.7740,7,-1,100,2,,6+,29.76,,,,,,TRUE,,,,,SCT,2000,,,,,,,VFR,,,,,,,,,,,,METAR,106
"METAR USDA 280130Z 35009MPS 9999 BKN006 M06/M07 Q1011 R04/520258 NOSIG RMK QBB180 QFE757/1009",USDA,2026-04-28T01:30:00.000Z,71.2160,72.0500,-6,-7,350,17,,6+,29.85,,,,,,TRUE,,,,,BKN,600,,,,,,,IFR,,,,,,,,,,,,METAR,5
"METAR UUOL 280130Z 25008MPS CAVOK 02/M02 Q1004 R33/////// NOSIG",UUOL,2026-04-28T01:30:00.000Z,52.7020,39.5340,2,-2,250,16,,6+,29.65,,,,,,TRUE,,,,,,,,,,,,,VFR,,,,,,,,,,,,METAR,176
"METAR RKSI 280130Z 28014KT 9999 FEW015 BKN035 BKN200 14/08 Q1014 NOSIG",RKSI,2026-04-28T01:30:00.000Z,37.4690,126.4510,14,8,280,14,,6+,29.94,,,,,,TRUE,,,,,FEW,1500,BKN,3500,BKN,20000,,,VFR,,,,,,,,,,,,METAR,7
"METAR UZFN 280130Z 00000KT 8000 NSC 18/13 Q1010 NOSIG",UZFN,2026-04-28T01:30:00.000Z,40.9830,71.5730,18,13,0,0,,4.97,29.82,,,,,,TRUE,,,,,,,,,,,,,MVFR,,,,,,,,,,,,METAR,477
"METAR UZNN 280130Z 02004KT CAVOK 11/02 Q1013 NOSIG",UZNN,2026-04-28T01:30:00.000Z,42.4880,59.6230,11,2,20,4,,6+,29.91,,,,,,TRUE,,,,,,,,,,,,,VFR,,,,,,,,,,,,METAR,76
"METAR UZNU 280130Z VRB02KT CAVOK 12/03 Q1013 NOSIG",UZNU,2026-04-28T01:30:00.000Z,41.5840,60.6420,12,3,0,2,,6+,29.91,,,,,,TRUE,,,,,,,,,,,,,VFR,,,,,,,,,,,,METAR,97
"METAR UZSA 280130Z 35002KT 9999 NSC 14/11 Q1010 NOSIG",UZSA,2026-04-28T01:30:00.000Z,40.1160,65.1670,14,11,350,2,,6+,29.82,,,,,,TRUE,,,,,,,,,,,,,VFR,,,,,,,,,,,,METAR,346
"METAR UZSB 280130Z 35008KT CAVOK 14/08 Q1009 NOSIG",UZSB,2026-04-28T01:30:00.000Z,39.7750,64.4830,14,8,350,8,,6+,29.79,,,,,,TRUE,,,,,,,,,,,,,VFR,,,,,,,,,,,,METAR,225
"METAR NZWN 280130Z AUTO 36017KT 9999 BKN018/// 17/13 Q1023",NZWN,2026-04-28T01:30:00.000Z,-41.3310,174.8060,17,13,360,17,,6+,30.21,,,TRUE,,,,,,,,BKN,1800,,,,,,,MVFR,,,,,,,,,,,,METAR,12
"METAR NZCH 280130Z AUTO 20005KT 160V240 9999 NCD 21/08 Q1021",NZCH,2026-04-28T01:30:00.000Z,-43.4890,172.5280,21,8,200,5,,6+,30.15,,,TRUE,,,,,,,,,,,,,,,,VFR,,,,,,,,,,,,METAR,36
"METAR VOCI 280130Z 10001KT 3000 BR SCT012 BKN080 28/26 Q1008 NOSIG",VOCI,2026-04-28T01:30:00.000Z,10.1520,76.4020,28,26,100,1,,1.86,29.76,,,,,,TRUE,,,,BR,SCT,1200,BKN,8000,,,,,IFR,,,,,,,,,,,,METAR,8
"METAR VOPB 280130Z VRB02KT 6000 FEW018 31/24 Q1009 NOSIG",VOPB,2026-04-28T01:30:00.000Z,11.6410,92.7300,31,24,0,2,,3.73,29.79,,,,,,TRUE,,,,,FEW,1800,,,,,,,MVFR,,,,,,,,,,,,METAR,1
"METAR VOCL 280130Z 03002KT 6000 FEW012 SCT080 27/24 Q1008 NOSIG",VOCL,2026-04-28T01:30:00.000Z,11.1370,75.9550,27,24,30,2,,3.73,29.76,,,,,,TRUE,,,,,FEW,1200,SCT,8000,,,,,MVFR,,,,,,,,,,,,METAR,104
"METAR VILK 280130Z 10008KT 3500 HZ FEW020 SCT100 27/21 Q1003 NOSIG",VILK,2026-04-28T01:30:00.000Z,26.7610,80.8890,27,21,100,8,,2.17,29.62,,,,,,TRUE,,,,HZ,FEW,2000,SCT,10000,,,,,IFR,,,,,,,,,,,,METAR,121
"METAR VASU 280130Z 22006KT 5000 HZ NSC 28/25 Q1006 NOSIG",VASU,2026-04-28T01:30:00.000Z,21.1140,72.7420,28,25,220,6,,3.11,29.70,,,,,,TRUE,,,,HZ,,,,,,,,,MVFR,,,,,,,,,,,,METAR,6
"METAR VAID 280130Z 27004KT 6000 NSC 27/16 Q1010 NOSIG",VAID,2026-04-28T01:30:00.000Z,22.7220,75.8010,27,16,270,4,,3.73,29.82,,,,,,TRUE,,,,,,,,,,,,,MVFR,,,,,,,,,,,,METAR,564
"METAR VABB 280130Z 00000KT 3000 BR FEW020 SCT025 29/25 Q1007 NOSIG",VABB,2026-04-28T01:30:00.000Z,19.1000,72.8590,29,25,0,0,,1.86,29.73,,,,,,TRUE,,,,BR,FEW,2000,SCT,2500,,,,,IFR,,,,,,,,,,,,METAR,14
"METAR VAAU 280130Z 29003KT 4000 HZ FEW100 30/12 Q1009 NOSIG",VAAU,2026-04-28T01:30:00.000Z,19.8630,75.3980,30,12,290,3,,2.49,29.79,,,,,,TRUE,,,,HZ,FEW,10000,,,,,,,IFR,,,,,,,,,,,,METAR,578
"METAR VEGT 280130Z 04006KT 2000 BR SCT018 FEW025CB BKN090 23/22 Q1006 NOSIG",VEGT,2026-04-28T01:30:00.000Z,26.1070,91.5870,23,22,40,6,,1.24,29.70,,,,,,TRUE,,,,BR,SCT,1800,FEW,2500,BKN,9000,,,IFR,,,,,,,,,,,,METAR,50
"METAR VIDN 280130Z 05003KT 5000 HZ SCT070 23/11 Q1005 NOSIG",VIDN,2026-04-28T01:30:00.000Z,30.1900,78.1800,23,11,50,3,,3.11,29.68,,,,,,TRUE,,,,HZ,SCT,7000,,,,,,,MVFR,,,,,,,,,,,,METAR,550
"METAR VABP 280130Z 26008KT 5000 HZ NSC 28/08 Q1008 NOSIG",VABP,2026-04-28T01:30:00.000Z,23.2880,77.3370,28,8,260,8,,3.11,29.76,,,,,,TRUE,,,,HZ,,,,,,,,,MVFR,,,,,,,,,,,,METAR,520
"METAR NIUE 280130Z AUTO 01007KT 340V060 9999 SCT024/// 30/24 Q1011",NIUE,2026-04-28T01:30:00.000Z,-19.0790,-169.9260,30,24,10,7,,6+,29.85,,,TRUE,,,,,,,,SCT,2400,,,,,,,VFR,,,,,,,,,,,,METAR,22
"METAR LPAZ 280130Z 17012KT 8000 -SHRA FEW008 SCT012 BKN030 16/16 Q1019",LPAZ,2026-04-28T01:30:00.000Z,36.9710,-25.1710,16,16,170,12,,4.97,30.09,,,,,,,,,,-SHRA,FEW,800,SCT,1200,BKN,3000,,,MVFR,,,,,,,,,,,,METAR,96
"METAR LPPD 280130Z 16009KT 9999 -SHRA SCT006 BKN014 16/15 Q1019",LPPD,2026-04-28T01:30:00.000Z,37.7410,-25.6980,16,15,160,9,,6+,30.09,,,,,,,,,,-SHRA,SCT,600,BKN,1400,,,,,MVFR,,,,,,,,,,,,METAR,62
"METAR WIMM 280130Z 16003KT 130V190 8000 FEW020 29/25 Q1009 NOSIG",WIMM,2026-04-28T01:30:00.000Z,3.6360,98.8740,29,25,160,3,,4.97,29.79,,,,,,TRUE,,,,,FEW,2000,,,,,,,MVFR,,,,,,,,,,,,METAR,7
"METAR WABB 280130Z 22006KT 9999 FEW015 31/26 Q1009 NOSIG",WABB,2026-04-28T01:30:00.000Z,-1.1900,136.1080,31,26,220,6,,6+,29.79,,,,,,TRUE,,,,,FEW,1500,,,,,,,VFR,,,,,,,,,,,,METAR,12
"METAR YPWR 280130Z AUTO 02012KT 9999 // NCD 24/05 Q1023",YPWR,2026-04-28T01:30:00.000Z,-31.1560,136.8050,24,5,20,12,,6+,30.21,,,TRUE,,,,,,,,,,,,,,,,VFR,,,,,,,,,,,,METAR,169
"METAR YSTW 280130Z AUTO 14007KT 090V170 9999 // NCD 22/07 Q1025",YSTW,2026-04-28T01:30:00.000Z,-31.0840,150.8470,22,7,140,7,,6+,30.27,,,TRUE,,,,,,,,,,,,,,,,VFR,,,,,,,,,,,,METAR,404
"METAR KMHR 280130Z AUTO 22006KT 10SM CLR 19/08 A2998 RMK AO2",KMHR,2026-04-28T01:30:00.000Z,38.5600,-121.2840,19,8,220,6,,10+,29.98,,,TRUE,TRUE,,,,,,,,,,,,,,,VFR,,,,,,,,,,,,METAR,30
"METAR UASP 280130Z 01002MPS CAVOK 09/02 Q1028 NOSIG RMK QFE759/1013",UASP,2026-04-28T01:30:00.000Z,52.2020,77.0780,9,2,10,4,,6+,30.35,,,,,,TRUE,,,,,,,,,,,,,VFR,,,,,,,,,,,,METAR,122
"METAR YPJT 280130Z AUTO 12008KT 9999 // FEW024 BKN034 18/14 Q1018",YPJT,2026-04-28T01:30:00.000Z,-32.1010,115.8790,18,14,120,8,,6+,30.06,,,TRUE,,,,,,,,FEW,2400,BKN,3400,,,,,VFR,,,,,,,,,,,,METAR,29
"METAR UAIT 280130Z 08007MPS CAVOK 17/03 Q1012 NOSIG RMK QFE734/0979",UAIT,2026-04-28T01:30:00.000Z,43.3110,68.5500,17,3,80,14,,6+,29.88,,,,,,TRUE,,,,,,,,,,,,,VFR,,,,,,,,,,,,METAR,301
"METAR ZGGG 280130Z 09003MPS 9999 -SHRA OVC040 24/21 Q1011 BECMG AT0320 TSRA SCT026CB BKN030",ZGGG,2026-04-28T01:30:00.000Z,23.3920,113.3070,24,21,90,6,,6+,29.85,,,,,,,,,,-SHRA,OVC,4000,,,,,,,VFR,,,,,,,,,,,,METAR,11
"METAR LEBR 280130Z AUTO 14005KT 100V210 CAVOK 14/08 Q1015",LEBR,2026-04-28T01:30:00.000Z,42.2000,-1.4300,14,8,140,5,,6+,29.97,,,TRUE,,,,,,,,,,,,,,,,VFR,,,,,,,,,,,,METAR,347
"METAR LETU 280130Z AUTO 26005KT CAVOK 14/11 Q1015",LETU,2026-04-28T01:30:00.000Z,-99.9900,-99.9900,14,11,260,5,,6+,29.97,,,TRUE,,,,,,,,,,,,,,,,VFR,,,,,,,,,,,,METAR,9999
"METAR LEVS 280130Z AUTO 05003KT 330V100 CAVOK 16/M01 Q1015",LEVS,2026-04-28T01:30:00.000Z,40.3710,-3.7850,16,-1,50,3,,6+,29.97,,,TRUE,,,,,,,,,,,,,,,,VFR,,,,,,,,,,,,METAR,683
"METAR LELL 280130Z AUTO 28005KT CAVOK 13/08 Q1015",LELL,2026-04-28T01:30:00.000Z,41.5210,2.1050,13,8,280,5,,6+,29.97,,,TRUE,,,,,,,,,,,,,,,,VFR,,,,,,,,,,,,METAR,136
"METAR LESB 280130Z AUTO 36004KT CAVOK 12/08 Q1016",LESB,2026-04-28T01:30:00.000Z,39.5990,2.7030,12,8,360,4,,6+,30.00,,,TRUE,,,,,,,,,,,,,,,,VFR,,,,,,,,,,,,METAR,48
"METAR UDYZ 280130Z 11008KT 9999 SCT046 10/03 Q1015 NOSIG",UDYZ,2026-04-28T01:30:00.000Z,40.1470,44.3960,10,3,110,8,,6+,29.97,,,,,,TRUE,,,,,SCT,4600,,,,,,,VFR,,,,,,,,,,,,METAR,851
"METAR UDSG 280130Z 14001KT 9999 NSC M02/M03 Q1018 NOSIG",UDSG,2026-04-28T01:30:00.000Z,40.7500,43.8590,-2,-3,140,1,,6+,30.06,,,,,,TRUE,,,,,,,,,,,,,VFR,,,,,,,,,,,,METAR,1515
"METAR UCFM 280130Z 00000MPS 5000 BR FU FEW066CB 13/09 Q1014 NOSIG",UCFM,2026-04-28T01:30:00.000Z,43.0610,74.4780,13,9,0,0,,3.11,29.94,,,,,,TRUE,,,,BR FU,FEW,6600,,,,,,,MVFR,,,,,,,,,,,,METAR,632
"METAR UCFO 280130Z VRB01MPS 9000 NSC 16/13 Q1012 NOSIG",UCFO,2026-04-28T01:30:00.000Z,40.6100,72.7910,16,13,0,2,,5.59,29.88,,,,,,TRUE,,,,,,,,,,,,,VFR,,,,,,,,,,,,METAR,881
"METAR UAII 280130Z 12004MPS CAVOK 15/11 Q1011 NOSIG RMK QFE723/0964",UAII,2026-04-28T01:30:00.000Z,42.3660,69.4760,15,11,120,8,,6+,29.85,,,,,,TRUE,,,,,,,,,,,,,VFR,,,,,,,,,,,,METAR,410
"METAR VTBD 280130Z 20007KT 9999 SCT020 BKN070 32/25 Q1010 NOSIG",VTBD,2026-04-28T01:30:00.000Z,13.9130,100.6070,32,25,200,7,,6+,29.82,,,,,,TRUE,,,,,SCT,2000,BKN,7000,,,,,VFR,,,,,,,,,,,,METAR,6
"METAR VTBS 280130Z 21009KT 9999 BKN025 32/24 Q1010 NOSIG",VTBS,2026-04-28T01:30:00.000Z,13.6860,100.7670,32,24,210,9,,6+,29.82,,,,,,TRUE,,,,,BKN,2500,,,,,,,MVFR,,,,,,,,,,,,METAR,1
"METAR VTCC 280130Z 10004KT 070V130 9000 FEW035 29/19 Q1010 NOSIG",VTCC,2026-04-28T01:30:00.000Z,18.7710,98.9630,29,19,100,4,,5.59,29.82,,,,,,TRUE,,,,,FEW,3500,,,,,,,VFR,,,,,,,,,,,,METAR,308
"METAR VTSP 280130Z 07006KT 020V100 9999 FEW020 30/25 Q1009 NOSIG",VTSP,2026-04-28T01:30:00.000Z,8.1050,98.3080,30,25,70,6,,6+,29.79,,,,,,TRUE,,,,,FEW,2000,,,,,,,VFR,,,,,,,,,,,,METAR,12
"METAR YSNF 280130Z 11016KT 9999 FEW030 22/15 Q1021",YSNF,2026-04-28T01:30:00.000Z,-29.0390,167.9410,22,15,110,16,,6+,30.15,,,,,,,,,,,FEW,3000,,,,,,,VFR,,,,,,,,,,,,METAR,113
"METAR UAKK 280130Z 07003MPS CAVOK 04/01 Q1026 NOSIG RMK QFE721/0962",UAKK,2026-04-28T01:30:00.000Z,49.6720,73.3330,4,1,70,6,,6+,30.30,,,,,,TRUE,,,,,,,,,,,,,VFR,,,,,,,,,,,,METAR,532
"METAR UAKD 280130Z 07008MPS CAVOK 07/M00 Q1021 NOSIG RMK QFE732/0976",UAKD,2026-04-28T01:30:00.000Z,47.7110,67.7390,7,0,70,16,,6+,30.15,,,,,,TRUE,,,,,,,,,,,,,VFR,,,,,,,,,,,,METAR,379
"METAR YBSU 280130Z AUTO 19014KT 9999 // SCT074 23/17 Q1021",YBSU,2026-04-28T01:30:00.000Z,-26.6030,153.0910,23,17,190,14,,6+,30.15,,,TRUE,,,,,,,,SCT,7400,,,,,,,VFR,,,,,,,,,,,,METAR,4
"METAR GMAD 280130Z 23008KT 8000 FEW008 BKN016 18/15 Q1012 NOSIG",GMAD,2026-04-28T01:30:00.000Z,30.3250,-9.4130,18,15,230,8,,4.97,29.88,,,,,,TRUE,,,,,FEW,800,BKN,1600,,,,,MVFR,,,,,,,,,,,,METAR,66
"METAR LFPV 280130Z AUTO 35008KT CAVOK 11/05 Q1018 NOSIG",LFPV,2026-04-28T01:30:00.000Z,48.7700,2.2050,11,5,350,8,,6+,30.06,,,TRUE,,,TRUE,,,,,,,,,,,,,VFR,,,,,,,,,,,,METAR,171
"METAR GMME 280130Z 28006KT 5000 SCT016 SCT100 BKN200 20/17 Q1007 NOSIG",GMME,2026-04-28T01:30:00.000Z,34.0510,-6.7520,20,17,280,6,,3.11,29.73,,,,,,TRUE,,,,,SCT,1600,SCT,10000,BKN,20000,,,MVFR,,,,,,,,,,,,METAR,84
"METAR KM25 280130Z AUTO 19012G23KT 1SM HZ OVC038 26/21 A2973 RMK AO2 T02640207",KM25,2026-04-28T01:30:00.000Z,36.7640,-88.5829,26.4,20.7,190,12,23,1,29.73,,,TRUE,TRUE,,,,,,HZ,OVC,3800,,,,,,,IFR,,,,,,,,,,,,METAR,157
"METAR VNKT 280130Z VRB02KT 140V220 5000 BR FEW015 FEW025CB SCT030 BKN100 20/18 Q1012 NOSIG CB TO NW N AND NE",VNKT,2026-04-28T01:30:00.000Z,27.6970,85.3590,20,18,0,2,,3.11,29.88,,,,,,TRUE,,,,BR,FEW,1500,FEW,2500,SCT,3000,BKN,10000,MVFR,,,,,,,,,,,,METAR,1334
"METAR LFLY 280130Z AUTO 14001KT CAVOK 12/09 Q1015 TEMPO SCT070TCU",LFLY,2026-04-28T01:30:00.000Z,45.7260,4.9380,12,9,140,1,,6+,29.97,,,TRUE,,,,,,,,,,,,,,,,VFR,,,,,,,,,,,,METAR,197
"METAR EPMO 280130Z 31005KT CAVOK M01/M05 Q1024",EPMO,2026-04-28T01:30:00.000Z,52.4520,20.6420,-1,-5,310,5,,6+,30.24,,,,,,,,,,,,,,,,,,,VFR,,,,,,,,,,,,METAR,102
"METAR EPLB 280130Z 36008KT CAVOK 02/M05 Q1021",EPLB,2026-04-28T01:30:00.000Z,51.2390,22.7140,2,-5,360,8,,6+,30.15,,,,,,,,,,,,,,,,,,,VFR,,,,,,,,,,,,METAR,206
"METAR EPKT 280130Z 01004KT CAVOK 01/M03 Q1021",EPKT,2026-04-28T01:30:00.000Z,50.4780,19.0850,1,-3,10,4,,6+,30.15,,,,,,,,,,,,,,,,,,,VFR,,,,,,,,,,,,METAR,296
"METAR EPBY 280130Z 24002KT CAVOK M03/M05 Q1025",EPBY,2026-04-28T01:30:00.000Z,53.0962,17.9949,-3,-5,240,2,,6+,30.27,,,,,,,,,,,,,,,,,,,VFR,,,,,,,,,,,,METAR,66
"METAR LFOB 280130Z AUTO 30004KT 250V340 CAVOK 08/05 Q1019 NOSIG",LFOB,2026-04-28T01:30:00.000Z,49.4540,2.1130,8,5,300,4,,6+,30.09,,,TRUE,,,TRUE,,,,,,,,,,,,,VFR,,,,,,,,,,,,METAR,99
"METAR EPWA 280130Z 32007KT CAVOK 01/M06 Q1023 NOSIG",EPWA,2026-04-28T01:30:00.000Z,52.1630,20.9610,1,-6,320,7,,6+,30.21,,,,,,TRUE,,,,,,,,,,,,,VFR,,,,,,,,,,,,METAR,107
"METAR UBBN 280130Z VRB02KT 9999 SCT040CB OVC090 12/11 Q1014 NOSIG RMK QFE686",UBBN,2026-04-28T01:30:00.000Z,39.1890,45.4580,12,11,0,2,,6+,29.94,,,,,,TRUE,,,,,SCT,4000,OVC,9000,,,,,VFR,,,,,,,,,,,,METAR,857
"METAR LFPB 280130Z AUTO 35007KT 320V020 CAVOK 11/05 Q1018 NOSIG",LFPB,2026-04-28T01:30:00.000Z,48.9670,2.4280,11,5,350,7,,6+,30.06,,,TRUE,,,TRUE,,,,,,,,,,,,,VFR,,,,,,,,,,,,METAR,50
"METAR LFSB 280130Z AUTO 00000KT CAVOK 07/04 Q1016 NOSIG",LFSB,2026-04-28T01:30:00.000Z,47.6140,7.5100,7,4,0,0,,6+,30.00,,,TRUE,,,TRUE,,,,,,,,,,,,,VFR,,,,,,,,,,,,METAR,262
"METAR KE16 280130Z AUTO 22007KT 10SM BKN048 OVC050 16/05 A3006 RMK AO2",KE16,2026-04-28T01:30:00.000Z,37.0797,-121.5980,16,5,220,7,,10+,30.06,,,TRUE,TRUE,,,,,,,BKN,4800,OVC,5000,,,,,VFR,,,,,,,,,,,,METAR,84
"METAR LFBI 280130Z AUTO 33006KT 9999 NCD 10/04 Q1017 NOSIG",LFBI,2026-04-28T01:30:00.000Z,46.5840,0.3090,10,4,330,6,,6+,30.03,,,TRUE,,,TRUE,,,,,,,,,,,,,VFR,,,,,,,,,,,,METAR,117
"METAR LCLK 280130Z 27002KT CAVOK 16/15 Q1011 NOSIG",LCLK,2026-04-28T01:30:00.000Z,34.8740,33.6170,16,15,270,2,,6+,29.85,,,,,,TRUE,,,,,,,,,,,,,VFR,,,,,,,,,,,,METAR,2
"METAR K1R8 280130Z AUTO 14007KT 10SM BKN070 23/19 A3003 RMK AO2",K1R8,2026-04-28T01:30:00.000Z,30.8691,-87.8184,23,19,140,7,,10+,30.03,,,TRUE,TRUE,,,,,,,BKN,7000,,,,,,,VFR,,,,,,,,,,,,METAR,76
"METAR HRYR 280130Z VRB02KT 9999 SCT020 18/18 Q1019 NOSIG",HRYR,2026-04-28T01:30:00.000Z,-1.9690,30.1400,18,18,0,2,,6+,30.09,,,,,,TRUE,,,,,SCT,2000,,,,,,,VFR,,,,,,,,,,,,METAR,1493
"METAR LFBL 280130Z AUTO 06007KT CAVOK 14/05 Q1015 NOSIG",LFBL,2026-04-28T01:30:00.000Z,45.8630,1.1790,14,5,60,7,,6+,29.97,,,TRUE,,,TRUE,,,,,,,,,,,,,VFR,,,,,,,,,,,,METAR,402
"METAR LFBO 280130Z AUTO 20004KT CAVOK 15/13 Q1015 NOSIG",LFBO,2026-04-28T01:30:00.000Z,43.6210,1.3790,15,13,200,4,,6+,29.97,,,TRUE,,,TRUE,,,,,,,,,,,,,VFR,,,,,,,,,,,,METAR,150
"METAR LFBP 280130Z AUTO 00000KT 9999 -RA FEW054 BKN090 BKN110 15/13 Q1016 TEMPO BKN006",LFBP,2026-04-28T01:30:00.000Z,43.3850,-0.4160,15,13,0,0,,6+,30.00,,,TRUE,,,,,,,-RA,FEW,5400,BKN,9000,BKN,11000,,,VFR,,,,,,,,,,,,METAR,182
"METAR LFBZ 280130Z AUTO 19002KT 5000 BR BKN007 OVC094 15/15 Q1016 TEMPO BKN030TCU",LFBZ,2026-04-28T01:30:00.000Z,43.4690,-1.5340,15,15,190,2,,3.11,30.00,,,TRUE,,,,,,,BR,BKN,700,OVC,9400,,,,,IFR,,,,,,,,,,,,METAR,70
"METAR LFKB 280130Z AUTO 22004KT CAVOK 09/08 Q1016 NOSIG",LFKB,2026-04-28T01:30:00.000Z,42.5530,9.4840,9,8,220,4,,6+,30.00,,,TRUE,,,TRUE,,,,,,,,,,,,,VFR,,,,,,,,,,,,METAR,7
"METAR UBBG 280130Z 30008KT 9999 BKN066 13/05 Q1017 NOSIG",UBBG,2026-04-28T01:30:00.000Z,40.7380,46.3180,13,5,300,8,,6+,30.03,,,,,,TRUE,,,,,BKN,6600,,,,,,,VFR,,,,,,,,,,,,METAR,333
"METAR TFFR 280130Z AUTO 12006KT CAVOK 25/22 Q1016 NOSIG",TFFR,2026-04-28T01:30:00.000Z,16.2650,-61.5320,25,22,120,6,,6+,30.00,,,TRUE,,,TRUE,,,,,,,,,,,,,VFR,,,,,,,,,,,,METAR,6
"METAR LFKF 280130Z AUTO 02004KT 360V070 CAVOK 13/11 Q1016",LFKF,2026-04-28T01:30:00.000Z,41.5010,9.0980,13,11,20,4,,6+,30.00,,,TRUE,,,,,,,,,,,,,,,,VFR,,,,,,,,,,,,METAR,15
"METAR LDOS 280130Z 03006KT CAVOK 07/02 Q1018",LDOS,2026-04-28T01:30:00.000Z,45.4630,18.8100,7,2,30,6,,6+,30.06,,,,,,,,,,,,,,,,,,,VFR,,,,,,,,,,,,METAR,82
"METAR LDDU 280130Z AUTO 11003KT CAVOK 11/06 Q1016",LDDU,2026-04-28T01:30:00.000Z,42.5600,18.2690,11,6,110,3,,6+,30.00,,,TRUE,,,,,,,,,,,,,,,,VFR,,,,,,,,,,,,METAR,156
"METAR NWWW 280130Z AUTO 18004KT 120V290 9999 BKN066 OVC076 29/21 Q1012 TEMPO 2000 TSRA SCT020CB BKN025",NWWW,2026-04-28T01:30:00.000Z,-22.0150,166.2130,29,21,180,4,,6+,29.88,,,TRUE,,,,,,,,BKN,6600,OVC,7600,,,,,VFR,,,,,,,,,,,,METAR,16
"METAR NTTO 280130Z AUTO 09014KT 9999 SCT022/// BKN029/// 29/24 Q1013",NTTO,2026-04-28T01:30:00.000Z,-18.0750,-140.9460,29,24,90,14,,6+,29.91,,,TRUE,,,,,,,,SCT,2200,BKN,2900,,,,,MVFR,,,,,,,,,,,,METAR,3
"METAR LFKJ 280130Z AUTO 06006KT CAVOK 10/08 Q1016 NOSIG",LFKJ,2026-04-28T01:30:00.000Z,41.9240,8.8030,10,8,60,6,,6+,30.00,,,TRUE,,,TRUE,,,,,,,,,,,,,VFR,,,,,,,,,,,,METAR,9
"METAR VOML 280130Z 00000KT 6000 FEW015 27/25 Q1008 NOSIG",VOML,2026-04-28T01:30:00.000Z,12.9610,74.8900,27,25,0,0,,3.73,29.76,,,,,,TRUE,,,,,FEW,1500,,,,,,,MVFR,,,,,,,,,,,,METAR,100
"METAR KGRY 280130Z AUTO 16021KT 10SM BKN015 BKN020 BKN039 25/22 A2999 RMK A01",KGRY,2026-04-28T01:30:00.000Z,27.6247,-90.4411,25,22,160,21,,10+,29.99,,,TRUE,TRUE,,,,,,,BKN,1500,BKN,2000,BKN,3900,,,MVFR,,,,,,,,,,,,METAR,58
"METAR LFLC 280130Z AUTO 10002KT CAVOK 11/05 Q1016 TEMPO FEW070TCU",LFLC,2026-04-28T01:30:00.000Z,45.7870,3.1690,11,5,100,2,,6+,30.00,,,TRUE,,,,,,,,,,,,,,,,VFR,,,,,,,,,,,,METAR,325
"METAR LZTT 280130Z 28005KT CAVOK M01/M05 Q1020",LZTT,2026-04-28T01:30:00.000Z,49.0680,20.2500,-1,-5,280,5,,6+,30.12,,,,,,,,,,,,,,,,,,,VFR,,,,,,,,,,,,METAR,693
"METAR UGTB 280130Z 31019G31KT CAVOK 10/05 Q1017 NOSIG",UGTB,2026-04-28T01:30:00.000Z,41.6690,44.9550,10,5,310,19,31,6+,30.03,,,,,,TRUE,,,,,,,,,,,,,VFR,,,,,,,,,,,,METAR,468
"METAR UTDK 280130Z VRB01MPS 9000 FEW066CB 19/15 Q1009 R01/09//70 RMK QFE700/0933",UTDK,2026-04-28T01:30:00.000Z,37.9880,69.8050,19,15,0,2,,5.59,29.79,,,,,,,,,,,FEW,6600,,,,,,,VFR,,,,,,,,,,,,METAR,675
"METAR UWPS 280130Z 21012G17MPS 9999 BKN033 02/M02 Q0998 R20/////// NOSIG RMK QFE731",UWPS,2026-04-28T01:30:00.000Z,54.1160,45.2030,2,-2,210,23,33,6+,29.47,,,,,,TRUE,,,,,BKN,3300,,,,,,,VFR,,,,,,,,,,,,METAR,206
"METAR RJGG 280130Z 31005KT 9999 FEW020 SCT/// 18/13 Q1013 BECMG FM0200 25004KT",RJGG,2026-04-28T01:30:00.000Z,34.8580,136.8050,18,13,310,5,,6+,29.91,,,,,,,,,,,FEW,2000,,,,,,,VFR,,,,,,,,,,,,METAR,5
"METAR GMMX 280130Z 25006KT 210V280 8000 BKN023 16/14 Q1011 NOSIG",GMMX,2026-04-28T01:30:00.000Z,31.6070,-8.0360,16,14,250,6,,4.97,29.85,,,,,,TRUE,,,,,BKN,2300,,,,,,,MVFR,,,,,,,,,,,,METAR,465
"METAR UUOK 280130Z AUTO 25005MPS 9999 // NCD 01/M03 Q1010 RMK QFE739/0986",UUOK,2026-04-28T01:30:00.000Z,51.7510,36.2970,1,-3,250,10,,6+,29.82,,,TRUE,,,,,,,,,,,,,,,,VFR,,,,,,,,,,,,METAR,203
"METAR URRP 280130Z 23003MPS CAVOK 02/M02 Q1018 R23/CLRD70 NOSIG RMK QFE756/1008",URRP,2026-04-28T01:30:00.000Z,47.4940,39.9250,2,-2,230,6,,6+,30.06,,,,,,TRUE,,,,,,,,,,,,,VFR,,,,,,,,,,,,METAR,73
"METAR LFBE 280130Z AUTO 15001KT CAVOK 09/08 Q1015 NOSIG",LFBE,2026-04-28T01:30:00.000Z,44.8260,0.5160,9,8,150,1,,6+,29.97,,,TRUE,,,TRUE,,,,,,,,,,,,,VFR,,,,,,,,,,,,METAR,49
"METAR YPLM 280130Z AUTO 10008KT 9999 // SCT023 28/23 Q1014",YPLM,2026-04-28T01:30:00.000Z,-22.2410,114.0970,28,23,100,8,,6+,29.94,,,TRUE,,,,,,,,SCT,2300,,,,,,,VFR,,,,,,,,,,,,METAR,5
"METAR LRBS 280130Z VRB01KT CAVOK 05/03 Q1019 NOSIG",LRBS,2026-04-28T01:30:00.000Z,44.5110,26.0780,5,3,0,1,,6+,30.09,,,,,,TRUE,,,,,,,,,,,,,VFR,,,,,,,,,,,,METAR,91
"METAR WARR 280130Z VRB02KT 8000 FEW020 29/26 Q1010 NOSIG",WARR,2026-04-28T01:30:00.000Z,-7.3800,112.7870,29,26,0,2,,4.97,29.82,,,,,,TRUE,,,,,FEW,2000,,,,,,,MVFR,,,,,,,,,,,,METAR,3
"METAR LFMD 280130Z AUTO VRB03KT CAVOK 12/11 Q1016",LFMD,2026-04-28T01:30:00.000Z,43.5440,6.9530,12,11,0,3,,6+,30.00,,,TRUE,,,,,,,,,,,,,,,,VFR,,,,,,,,,,,,METAR,2
"METAR UHWW 280130Z 35004MPS 310V040 9999 SCT043 13/M00 Q1013 R07R/0///72 NOSIG RMK QFE759",UHWW,2026-04-28T01:30:00.000Z,43.3990,132.1460,13,0,350,8,,6+,29.91,,,,,,TRUE,,,,,SCT,4300,,,,,,,VFR,,,,,,,,,,,,METAR,11
"METAR YBRM 280130Z AUTO 09007KT 9999 // NCD 30/16 Q1013",YBRM,2026-04-28T01:30:00.000Z,-17.9480,122.2350,30,16,90,7,,6+,29.91,,,TRUE,,,,,,,,,,,,,,,,VFR,,,,,,,,,,,,METAR,11
"METAR LFMH 280130Z AUTO 06003KT CAVOK 09/06 Q1016",LFMH,2026-04-28T01:30:00.000Z,45.5330,4.2930,9,6,60,3,,6+,30.00,,,TRUE,,,,,,,,,,,,,,,,VFR,,,,,,,,,,,,METAR,400
"METAR URMT 280130Z 29004MPS CAVOK 01/M04 Q1021 R25/010073 NOSIG RMK QFE727",URMT,2026-04-28T01:30:00.000Z,45.1080,42.1000,1,-4,290,8,,6+,30.15,,,,,,TRUE,,,,,,,,,,,,,VFR,,,,,,,,,,,,METAR,448
"METAR LFOT 280130Z AUTO VRB03KT CAVOK 10/05 Q1017 NOSIG",LFOT,2026-04-28T01:30:00.000Z,47.4440,0.7280,10,5,0,3,,6+,30.03,,,TRUE,,,TRUE,,,,,,,,,,,,,VFR,,,,,,,,,,,,METAR,107
"METAR LFRT 280130Z AUTO 31004KT CAVOK 07/05 Q1021",LFRT,2026-04-28T01:30:00.000Z,48.5360,-2.8530,7,5,310,4,,6+,30.15,,,TRUE,,,,,,,,,,,,,,,,VFR,,,,,,,,,,,,METAR,134
"METAR URMO 280130Z VRB01MPS 9999 OVC037 06/05 Q1022 R09/190060 NOSIG RMK QFE722/0963",URMO,2026-04-28T01:30:00.000Z,43.2040,44.6080,6,5,0,2,,6+,30.18,,,,,,TRUE,,,,,OVC,3700,,,,,,,VFR,,,,,,,,,,,,METAR,505
"METAR WADD 280130Z 11005KT 9999 FEW016 28/26 Q1010 NOSIG",WADD,2026-04-28T01:30:00.000Z,-8.7480,115.1670,28,26,110,5,,6+,29.82,,,,,,TRUE,,,,,FEW,1600,,,,,,,VFR,,,,,,,,,,,,METAR,3
"METAR LFMK 280130Z AUTO 07004KT CAVOK 15/13 Q1015",LFMK,2026-04-28T01:30:00.000Z,43.2140,2.3100,15,13,70,4,,6+,29.97,,,TRUE,,,,,,,,,,,,,,,,VFR,,,,,,,,,,,,METAR,124
"METAR UHMM 280130Z 25002MPS 9999 FEW033 00/M10 Q1011 R10/91//65 NOSIG RMK QFE743 R28/00000MPS",UHMM,2026-04-28T01:30:00.000Z,59.9110,150.7250,0,-10,250,4,,6+,29.85,,,,,,TRUE,,,,,FEW,3300,,,,,,,VFR,,,,,,,,,,,,METAR,175
"METAR LFMT 280130Z AUTO 15004KT 110V170 9999 BKN009 BKN200 16/15 Q1016 TEMPO 0800 FG VV///",LFMT,2026-04-28T01:30:00.000Z,43.5770,3.9630,16,15,150,4,,6+,30.00,,,TRUE,,,,,,,,BKN,900,BKN,20000,,,,,IFR,,,,,,,,,,,,METAR,1
"METAR LEBT 280130Z AUTO 00000KT CAVOK 09/05 Q1016",LEBT,2026-04-28T01:30:00.000Z,39.5800,-0.4500,9,5,0,0,,6+,30.00,,,TRUE,,,,,,,,,,,,,,,,VFR,,,,,,,,,,,,METAR,50
"METAR LFMU 280130Z AUTO 36001KT 9999 OVC008 15/15 Q1016",LFMU,2026-04-28T01:30:00.000Z,43.3220,3.3530,15,15,360,1,,6+,30.00,,,TRUE,,,,,,,,OVC,800,,,,,,,IFR,,,,,,,,,,,,METAR,14
"METAR URML 280130Z 28003MPS 9999 FEW061 10/02 Q1022 R32/CLRD// NOSIG RMK QFE766/1021",URML,2026-04-28T01:30:00.000Z,42.8170,47.6520,10,2,280,6,,6+,30.18,,,,,,TRUE,,,,,FEW,6100,,,,,,,VFR,,,,,,,,,,,,METAR,4
"METAR YBAS 280130Z AUTO 08008KT 9999 // NCD 25/06 Q1022",YBAS,2026-04-28T01:30:00.000Z,-23.7950,133.8890,25,6,80,8,,6+,30.18,,,TRUE,,,,,,,,,,,,,,,,VFR,,,,,,,,,,,,METAR,549
"METAR URMG 280130Z 00000MPS 9999 BKN053 08/05 Q1022 R26/090095 NOSIG RMK QFE752/1002",URMG,2026-04-28T01:30:00.000Z,43.3870,45.7020,8,5,0,0,,6+,30.18,,,,,,TRUE,,,,,BKN,5300,,,,,,,VFR,,,,,,,,,,,,METAR,160
"METAR LFRQ 280130Z AUTO 02006KT CAVOK 10/05 Q1020",LFRQ,2026-04-28T01:30:00.000Z,47.9750,-4.1680,10,5,20,6,,6+,30.12,,,TRUE,,,,,,,,,,,,,,,,VFR,,,,,,,,,,,,METAR,94
"METAR UHSS 280130Z 36009MPS 9999 BKN025CB 03/M01 Q1010 R01/CLRD70 NOSIG RMK MT OBSC QFE756/1008",UHSS,2026-04-28T01:30:00.000Z,46.8870,142.7190,3,-1,360,17,,6+,29.82,,,,,,TRUE,,,,,BKN,2500,,,,,,,MVFR,,,,,,,,,,,,METAR,14
"METAR LFBD 280130Z AUTO 04006KT CAVOK 17/07 Q1015 TEMPO 4500 -SHRA BKN070TCU",LFBD,2026-04-28T01:30:00.000Z,44.8310,-0.6910,17,7,40,6,,6+,29.97,,,TRUE,,,,,,,,,,,,,,,,VFR,,,,,,,,,,,,METAR,48
"METAR ULMM 280130Z 32005MPS 9999 BKN017CB 00/M02 Q1016 R31/690140 NOSIG RMK QFE754",ULMM,2026-04-28T01:30:00.000Z,68.7810,32.7490,0,-2,320,10,,6+,30.00,,,,,,TRUE,,,,,BKN,1700,,,,,,,MVFR,,,,,,,,,,,,METAR,79
"METAR WAJJ 280130Z 15003KT 110V190 9999 SCT012 31/26 Q1008 NOSIG",WAJJ,2026-04-28T01:30:00.000Z,-2.5730,140.5140,31,26,150,3,,6+,29.76,,,,,,TRUE,,,,,SCT,1200,,,,,,,VFR,,,,,,,,,,,,METAR,93
"METAR LFBH 280130Z AUTO 03006KT CAVOK 12/07 Q1017 NOSIG",LFBH,2026-04-28T01:30:00.000Z,46.1780,-1.1930,12,7,30,6,,6+,30.03,,,TRUE,,,TRUE,,,,,,,,,,,,,VFR,,,,,,,,,,,,METAR,18
"METAR LEVC 280130Z 31003KT CAVOK 12/08 Q1016 NOSIG",LEVC,2026-04-28T01:30:00.000Z,39.4890,-0.4820,12,8,310,3,,6+,30.00,,,,,,TRUE,,,,,,,,,,,,,VFR,,,,,,,,,,,,METAR,58
"METAR LFRH 280130Z AUTO 02007KT CAVOK 08/04 Q1020 NOSIG",LFRH,2026-04-28T01:30:00.000Z,47.7610,-3.4400,8,4,20,7,,6+,30.12,,,TRUE,,,TRUE,,,,,,,,,,,,,VFR,,,,,,,,,,,,METAR,46
"METAR UUDL 280130Z 28005MPS 9999 -RA OVC007 01/01 Q0984 R23/////// NOSIG RMK QFE730",UUDL,2026-04-28T01:30:00.000Z,57.5610,40.1570,1,1,280,10,,6+,29.06,,,,,,TRUE,,,,-RA,OVC,700,,,,,,,IFR,,,,,,,,,,,,METAR,88
"METAR YSDU 280130Z AUTO 10006KT 050V140 9999 // NCD 23/09 Q1026",YSDU,2026-04-28T01:30:00.000Z,-32.2210,148.5750,23,9,100,6,,6+,30.30,,,TRUE,,,,,,,,,,,,,,,,VFR,,,,,,,,,,,,METAR,285
"METAR LFLL 280130Z VRB01KT CAVOK 14/07 Q1015 NOSIG",LFLL,2026-04-28T01:30:00.000Z,45.7260,5.0780,14,7,0,1,,6+,29.97,,,,,,TRUE,,,,,,,,,,,,,VFR,,,,,,,,,,,,METAR,234
"METAR WIDD 280130Z 07007KT 9999 SCT014 30/26 Q1010 NOSIG",WIDD,2026-04-28T01:30:00.000Z,1.1210,104.1190,30,26,70,7,,6+,29.82,,,,,,TRUE,,,,,SCT,1400,,,,,,,VFR,,,,,,,,,,,,METAR,26
"METAR UUWW 280130Z 27008G13MPS 2500 -SN BKN006 OVC025 M00/M01 Q0995 WS R24 R24/550330 NOSIG",UUWW,2026-04-28T01:30:00.000Z,55.5920,37.2610,0,-1,270,16,25,1.55,29.38,,,,,,TRUE,,,,-SN,BKN,600,OVC,2500,,,,,IFR,,,,,,,,,,,,METAR,195
"METAR LFMN 280130Z 33004KT 9999 BKN010 15/12 Q1016 NOSIG",LFMN,2026-04-28T01:30:00.000Z,43.6580,7.2160,15,12,330,4,,6+,30.00,,,,,,TRUE,,,,,BKN,1000,,,,,,,MVFR,,,,,,,,,,,,METAR,4
"METAR LEPA 280130Z VRB02KT CAVOK 11/10 Q1015 NOSIG",LEPA,2026-04-28T01:30:00.000Z,39.5610,2.7370,11,10,0,2,,6+,29.97,,,,,,TRUE,,,,,,,,,,,,,VFR,,,,,,,,,,,,METAR,8
"METAR LETO 280130Z 01006KT 330V050 CAVOK 13/05 Q1015 NOSIG",LETO,2026-04-28T01:30:00.000Z,40.4890,-3.4510,13,5,10,6,,6+,29.97,,,,,,TRUE,,,,,,,,,,,,,VFR,,,,,,,,,,,,METAR,598
"METAR BIKF 280130Z 18021KT 9999 BKN014 BKN023 08/07 Q1006",BIKF,2026-04-28T01:30:00.000Z,63.9870,-22.6140,8,7,180,21,,6+,29.70,,,,,,,,,,,BKN,1400,BKN,2300,,,,,MVFR,,,,,,,,,,,,METAR,49
"METAR LPFR 280130Z 04005KT CAVOK 16/12 Q1010",LPFR,2026-04-28T01:30:00.000Z,37.0140,-7.9660,16,12,40,5,,6+,29.82,,,,,,,,,,,,,,,,,,,VFR,,,,,,,,,,,,METAR,3
"METAR LFPG 280130Z 36010KT CAVOK 10/05 Q1018 NOSIG",LFPG,2026-04-28T01:30:00.000Z,49.0150,2.5340,10,5,360,10,,6+,30.06,,,,,,TRUE,,,,,,,,,,,,,VFR,,,,,,,,,,,,METAR,107
"METAR LPMA 280130Z 35012KT 310V020 9999 SCT015 FEW018CB 16/09 Q1016",LPMA,2026-04-28T01:30:00.000Z,32.6980,-16.7740,16,9,350,12,,6+,30.00,,,,,,,,,,,SCT,1500,FEW,1800,,,,,VFR,,,,,,,,,,,,METAR,54
"METAR VOAT 280130Z 27010KT 5000 HZ FEW015 30/25 Q1007",VOAT,2026-04-28T01:30:00.000Z,10.8240,72.1760,30,25,270,10,,3.11,29.73,,,,,,,,,,HZ,FEW,1500,,,,,,,MVFR,,,,,,,,,,,,METAR,5
"METAR LPPR 280130Z VRB01KT CAVOK 16/14 Q1010",LPPR,2026-04-28T01:30:00.000Z,41.2350,-8.6840,16,14,0,1,,6+,29.82,,,,,,,,,,,,,,,,,,,VFR,,,,,,,,,,,,METAR,64
"METAR LPPS 280130Z 34010KT 9999 SCT015 BKN030 16/10 Q1017",LPPS,2026-04-28T01:30:00.000Z,33.0730,-16.3500,16,10,340,10,,6+,30.03,,,,,,,,,,,SCT,1500,BKN,3000,,,,,MVFR,,,,,,,,,,,,METAR,89
"METAR UGMS 280130Z AUTO VRB02KT //// ////// 03/03 Q1019",UGMS,2026-04-28T01:30:00.000Z,43.0550,42.7500,3,3,0,2,,,30.09,,,TRUE,,,,,,,,,,,,,,,,null,,,,,,,,,,,,METAR,1442
"METAR UNTT 280130Z VRB01MPS CAVOK 05/M02 Q1026 R21/090060 NOSIG RMK QFE754",UNTT,2026-04-28T01:30:00.000Z,56.3810,85.2070,5,-2,0,2,,6+,30.30,,,,,,TRUE,,,,,,,,,,,,,VFR,,,,,,,,,,,,METAR,179
"METAR UHPP 280130Z 18004MPS 140V230 9999 FEW050 04/M09 Q1009 R34L/190051 NOSIG RMK QFE753/1004",UHPP,2026-04-28T01:30:00.000Z,53.1750,158.4440,4,-9,180,8,,6+,29.79,,,,,,TRUE,,,,,FEW,5000,,,,,,,VFR,,,,,,,,,,,,METAR,33
"METAR USHH 280130Z 14004MPS CAVOK 04/M03 Q1019 R06/010063 NOSIG",USHH,2026-04-28T01:30:00.000Z,61.0290,69.0860,4,-3,140,8,,6+,30.09,,,,,,TRUE,,,,,,,,,,,,,VFR,,,,,,,,,,,,METAR,46
"METAR UHHH 280130Z 34004MPS 300V030 CAVOK 11/M12 Q1011 R88/090060 NOSIG RMK QFE752/1003",UHHH,2026-04-28T01:30:00.000Z,48.5270,135.1840,11,-12,340,8,,6+,29.85,,,,,,TRUE,,,,,,,,,,,,,VFR,,,,,,,,,,,,METAR,74
"METAR NZOH 280130Z AUTO 26004KT 210V310 9999 FEW250/// 19/11 Q1024",NZOH,2026-04-28T01:30:00.000Z,-40.1960,175.3810,19,11,260,4,,6+,30.24,,,TRUE,,,,,,,,FEW,25000,,,,,,,VFR,,,,,,,,,,,,METAR,45
"METAR NZDN 280130Z AUTO 20005KT 160V250 9999 BKN085/// 18/12 Q1021",NZDN,2026-04-28T01:30:00.000Z,-45.9280,170.1980,18,12,200,5,,6+,30.15,,,TRUE,,,,,,,,BKN,8500,,,,,,,VFR,,,,,,,,,,,,METAR,2
"METAR UHBB 280130Z 33004MPS 300V020 CAVOK 12/M06 Q1012 R36/090063 NOSIG RMK QFE741/0988",UHBB,2026-04-28T01:30:00.000Z,50.4250,127.4120,12,-6,330,8,,6+,29.88,,,,,,TRUE,,,,,,,,,,,,,VFR,,,,,,,,,,,,METAR,185
"METAR UTDT 280130Z 17002MPS 7000 SCT050 18/17 Q1007 R35/CLRD70 RMK QFE716/0955",UTDT,2026-04-28T01:30:00.000Z,37.8660,68.8650,18,17,170,4,,4.35,29.73,,,,,,,,,,,SCT,5000,,,,,,,MVFR,,,,,,,,,,,,METAR,443
"METAR SPZO 280130Z 27004KT 230V290 9999 FEW050 SCT100 09/07 Q1033 NOSIG RMK BIRD HAZARD RWY 10/28",SPZO,2026-04-28T01:30:00.000Z,-13.5360,-71.9390,9,7,270,4,,6+,30.50,,,,,,TRUE,,,,,FEW,5000,SCT,10000,,,,,VFR,,,,,,,,,,,,METAR,3249
"METAR UCFL 280130Z 11002MPS 9000 -SHRA BKN026CB 10/09 Q1021",UCFL,2026-04-28T01:30:00.000Z,42.5850,76.7020,10,9,110,4,,5.59,30.15,,,,,,,,,,-SHRA,BKN,2600,,,,,,,MVFR,,,,,,,,,,,,METAR,1654
"METAR LELO 280130Z AUTO VRB01KT 7000 NSC 13/13 Q1016",LELO,2026-04-28T01:30:00.000Z,42.4520,-2.3310,13,13,0,1,,4.35,30.00,,,TRUE,,,,,,,,,,,,,,,,MVFR,,,,,,,,,,,,METAR,352
"METAR UWKD 280130Z 17007MPS 9999 SCT026 02/M01 Q1000 R11/290050 NOSIG RMK QFE740/0987",UWKD,2026-04-28T01:30:00.000Z,55.6100,49.2750,2,-1,170,14,,6+,29.53,,,,,,TRUE,,,,,SCT,2600,,,,,,,VFR,,,,,,,,,,,,METAR,114
"METAR VVNB 280130Z 18004KT 5000 BR SCT009 27/25 Q1008 BECMG TL0200 7000 NSW",VVNB,2026-04-28T01:30:00.000Z,21.2180,105.8050,27,25,180,4,,3.11,29.76,,,,,,,,,,BR,SCT,900,,,,,,,MVFR,,,,,,,,,,,,METAR,6
"METAR YSRI 280130Z AUTO 04003KT 9999 // NCD 22/11 Q1026",YSRI,2026-04-28T01:30:00.000Z,-33.6010,150.7770,22,11,40,3,,6+,30.30,,,TRUE,,,,,,,,,,,,,,,,VFR,,,,,,,,,,,,METAR,19
"METAR VOHB 280130Z 23007KT 4000 BR NSC 23/22 Q1011",VOHB,2026-04-28T01:30:00.000Z,15.3620,75.0850,23,22,230,7,,2.49,29.85,,,,,,,,,,BR,,,,,,,,,IFR,,,,,,,,,,,,METAR,661
"METAR DTTJ 280130Z 01003KT CAVOK 19/15 Q1012",DTTJ,2026-04-28T01:30:00.000Z,33.8750,10.7750,19,15,10,3,,6+,29.88,,,,,,,,,,,,,,,,,,,VFR,,,,,,,,,,,,METAR,3
"METAR DTNH 280130Z 30004KT 8000 NSC 16/16 Q1015",DTNH,2026-04-28T01:30:00.000Z,36.0740,10.4360,16,16,300,4,,4.97,29.97,,,,,,,,,,,,,,,,,,,MVFR,,,,,,,,,,,,METAR,1
"METAR LFSI 280130Z AUTO 09004KT //// R11///// // ////// 07/05 Q1016",LFSI,2026-04-28T01:30:00.000Z,48.6310,4.9040,7,5,90,4,,,30.00,,,TRUE,,,,,,,,,,,,,,,,null,,,,,,,,,,,,METAR,136
"METAR DTMB 280130Z 04008KT 8000 FEW023 17/16 Q1015",DTMB,2026-04-28T01:30:00.000Z,35.7580,10.7550,17,16,40,8,,4.97,29.97,,,,,,,,,,,FEW,2300,,,,,,,MVFR,,,,,,,,,,,,METAR,1
"METAR LFSO 280130Z AUTO 34003KT 300V010 CAVOK 08/03 Q1016",LFSO,2026-04-28T01:30:00.000Z,48.5830,5.9550,8,3,340,3,,6+,30.00,,,TRUE,,,,,,,,,,,,,,,,VFR,,,,,,,,,,,,METAR,328
"METAR WAPP 280130Z 15004KT 9999 SCT017 30/26 Q1010 NOSIG",WAPP,2026-04-28T01:30:00.000Z,-3.7100,128.0890,30,26,150,4,,6+,29.82,,,,,,TRUE,,,,,SCT,1700,,,,,,,VFR,,,,,,,,,,,,METAR,20
"METAR LFSX 280130Z AUTO VRB02KT CAVOK 08/07 Q1016",LFSX,2026-04-28T01:30:00.000Z,47.7830,6.3640,8,7,0,2,,6+,30.00,,,TRUE,,,,,,,,,,,,,,,,VFR,,,,,,,,,,,,METAR,266
"METAR LJCE 280130Z AUTO 00000KT 9999 NSC 08/06 Q1019",LJCE,2026-04-28T01:30:00.000Z,45.8990,15.5230,8,6,0,0,,6+,30.09,,,TRUE,,,,,,,,,,,,,,,,VFR,,,,,,,,,,,,METAR,153
"METAR WAHI 280130Z VRB03KT 7000 BKN015 28/26 Q1010 RERA NOSIG",WAHI,2026-04-28T01:30:00.000Z,-7.9041,110.0575,28,26,0,3,,4.35,29.82,,,,,,TRUE,,,,,BKN,1500,,,,,,,MVFR,,,,,,,,,,,,METAR,7
"METAR LFYR 280130Z AUTO 00000KT CAVOK 06/04 Q1017",LFYR,2026-04-28T01:30:00.000Z,47.3200,1.6880,6,4,0,0,,6+,30.03,,,TRUE,,,,,,,,,,,,,,,,VFR,,,,,,,,,,,,METAR,83
"METAR LFBG 280130Z AUTO 05005KT CAVOK 16/05 Q1016",LFBG,2026-04-28T01:30:00.000Z,45.6650,-0.3160,16,5,50,5,,6+,30.00,,,TRUE,,,,,,,,,,,,,,,,VFR,,,,,,,,,,,,METAR,28
"METAR VTSS 280130Z 33003KT 300V030 9000 FEW020 BKN100 28/25 Q1009 NOSIG",VTSS,2026-04-28T01:30:00.000Z,6.9330,100.3930,28,25,330,3,,5.59,29.79,,,,,,TRUE,,,,,FEW,2000,BKN,10000,,,,,VFR,,,,,,,,,,,,METAR,28
"METAR LFBY 280130Z AUTO 21003KT 4800 // ////// 15/15 Q1015",LFBY,2026-04-28T01:30:00.000Z,43.6900,-1.0700,15,15,210,3,,2.98,29.97,,,TRUE,,,,,,,,,,,,,,,,IFR,,,,,,,,,,,,METAR,32
"METAR VOBL 280130Z 24006KT 3500 BR FEW012 25/21 Q1013 TEMPO 3000 BR",VOBL,2026-04-28T01:30:00.000Z,13.2050,77.7040,25,21,240,6,,2.17,29.91,,,,,,,,,,BR,FEW,1200,,,,,,,IFR,,,,,,,,,,,,METAR,908
"METAR KHQU 280130Z AUTO 13004KT 10SM CLR 18/11 A3022 RMK AO2",KHQU,2026-04-28T01:30:00.000Z,33.5279,-82.5180,18,11,130,4,,10+,30.22,,,TRUE,TRUE,,,,,,,,,,,,,,,VFR,,,,,,,,,,,,METAR,141
"METAR KEKS 280130Z AUTO 36005KT 10SM CLR 06/M08 A2995 RMK AO2",KEKS,2026-04-28T01:30:00.000Z,45.2760,-111.6500,6,-8,360,5,,10+,29.95,,,TRUE,TRUE,,,,,,,,,,,,,,,VFR,,,,,,,,,,,,METAR,1636
"METAR LFCK 280130Z AUTO 11004KT CAVOK 14/12 Q1016",LFCK,2026-04-28T01:30:00.000Z,43.5560,2.2890,14,12,110,4,,6+,30.00,,,TRUE,,,,,,,,,,,,,,,,VFR,,,,,,,,,,,,METAR,223
"METAR VEAT 280130Z 16010KT 2500 BR SCT018 FEW030CB BKN100 27/26 Q1004 TEMPO 32010G20KT 1500 TSRA",VEAT,2026-04-28T01:30:00.000Z,23.8870,91.2400,27,26,160,10,,1.55,29.65,,,,,,,,,,BR,SCT,1800,FEW,3000,BKN,10000,,,IFR,,,,,,,,,,,,METAR,20
"METAR VAAH 280130Z 35002KT 3000 FU NSC 27/16 Q1005 NOSIG",VAAH,2026-04-28T01:30:00.000Z,23.0770,72.6350,27,16,350,2,,1.86,29.68,,,,,,TRUE,,,,FU,,,,,,,,,IFR,,,,,,,,,,,,METAR,52
"METAR VEBS 280130Z 20008KT 3500 HZ SCT018 BKN100 28/25 Q1004 NOSIG",VEBS,2026-04-28T01:30:00.000Z,20.2440,85.8180,28,25,200,8,,2.17,29.65,,,,,,TRUE,,,,HZ,SCT,1800,BKN,10000,,,,,IFR,,,,,,,,,,,,METAR,42
"METAR EIDW 280130Z 28005KT 9999 FEW010 04/04 Q1028 NOSIG",EIDW,2026-04-28T01:30:00.000Z,53.4220,-6.2980,4,4,280,5,,6+,30.35,,,,,,TRUE,,,,,FEW,1000,,,,,,,VFR,,,,,,,,,,,,METAR,75
"METAR VANP 280130Z 02002KT 5000 HZ FEW020 SCT100 31/13 Q1007 NOSIG",VANP,2026-04-28T01:30:00.000Z,21.0890,79.0550,31,13,20,2,,3.11,29.73,,,,,,TRUE,,,,HZ,FEW,2000,SCT,10000,,,,,MVFR,,,,,,,,,,,,METAR,309
"METAR YPPH 280130Z 11006KT 9999 BKN019 18/14 Q1018",YPPH,2026-04-28T01:30:00.000Z,-31.9270,115.9760,18,14,110,6,,6+,30.06,,,,,,,,,,,BKN,1900,,,,,,,MVFR,,,,,,,,,,,,METAR,16
"METAR LFLP 280130Z AUTO 05005KT CAVOK 10/06 Q1016",LFLP,2026-04-28T01:30:00.000Z,45.9300,6.1060,10,6,50,5,,6+,30.00,,,TRUE,,,,,,,,,,,,,,,,VFR,,,,,,,,,,,,METAR,460
"METAR KS21 280130Z AUTO 33004KT 10SM BKN065 BKN080 12/M03 A3004 RMK AO2",KS21,2026-04-28T01:30:00.000Z,43.8801,-121.4536,12,-3,330,4,,10+,30.04,,,TRUE,TRUE,,,,,,,BKN,6500,BKN,8000,,,,,VFR,,,,,,,,,,,,METAR,1269
"METAR UATG 280130Z 34002MPS CAVOK 05/M01 Q1019 NOSIG RMK QFE766/1022",UATG,2026-04-28T01:30:00.000Z,47.1220,51.8290,5,-1,340,4,,6+,30.09,,,,,,TRUE,,,,,,,,,,,,,VFR,,,,,,,,,,,,METAR,-23
"METAR LFLW 280130Z AUTO 12004KT 9999 BKN056 BKN066 09/07 Q1016",LFLW,2026-04-28T01:30:00.000Z,44.8990,2.4210,9,7,120,4,,6+,30.00,,,TRUE,,,,,,,,BKN,5600,BKN,6600,,,,,VFR,,,,,,,,,,,,METAR,638
"METAR UMIO 280130Z 31003G06MPS CAVOK M00/M04 Q1010 NOSIG RMK QFE740/0987",UMIO,2026-04-28T01:30:00.000Z,54.4400,30.2970,0,-4,310,6,12,6+,29.82,,,,,,TRUE,,,,,,,,,,,,,VFR,,,,,,,,,,,,METAR,189
"METAR UAAA 280130Z 24002MPS 9999 BKN050 OVC100 14/07 Q1016 NOSIG",UAAA,2026-04-28T01:30:00.000Z,43.3500,77.0270,14,7,240,4,,6+,30.00,,,,,,TRUE,,,,,BKN,5000,OVC,10000,,,,,VFR,,,,,,,,,,,,METAR,673
"METAR UBBF 280130Z AUTO 32008KT 9999 // ///071/// 11/09 Q1017",UBBF,2026-04-28T01:30:00.000Z,39.5950,47.1960,11,9,320,8,,6+,30.03,,,TRUE,,,,,,,,,,,,,,,,VFR,,,,,,,,,,,,METAR,370
"METAR VGHS 280130Z 17008KT 4000 HZ SCT012 BKN100 27/25 Q1003 NOSIG",VGHS,2026-04-28T01:30:00.000Z,23.8460,90.4000,27,25,170,8,,2.49,29.62,,,,,,TRUE,,,,HZ,SCT,1200,BKN,10000,,,,,IFR,,,,,,,,,,,,METAR,11
"METAR UNOO 280130Z 14001MPS CAVOK 06/00 Q1028 R25/CLRD63 NOSIG RMK QFE762",UNOO,2026-04-28T01:30:00.000Z,54.9640,73.3200,6,0,140,2,,6+,30.35,,,,,,TRUE,,,,,,,,,,,,,VFR,,,,,,,,,,,,METAR,85
"METAR LEMG 280130Z 14004KT 110V180 9999 OVC028 17/14 Q1013 NOSIG",LEMG,2026-04-28T01:30:00.000Z,36.6660,-4.4820,17,14,140,4,,6+,29.91,,,,,,TRUE,,,,,OVC,2800,,,,,,,MVFR,,,,,,,,,,,,METAR,5
"METAR GMTT 280130Z AUTO 10006KT 9999 SCT020 19/15 Q1010 NOSIG",GMTT,2026-04-28T01:30:00.000Z,35.7270,-5.9170,19,15,100,6,,6+,29.82,,,TRUE,,,TRUE,,,,,SCT,2000,,,,,,,VFR,,,,,,,,,,,,METAR,19
"METAR LECH 280130Z AUTO 18001KT CAVOK 10/05 Q1016",LECH,2026-04-28T01:30:00.000Z,40.2110,0.0670,10,5,180,1,,6+,30.00,,,TRUE,,,,,,,,,,,,,,,,VFR,,,,,,,,,,,,METAR,360
"METAR LYBE 280130Z 10002KT CAVOK 07/03 Q1019 NOSIG",LYBE,2026-04-28T01:30:00.000Z,44.8240,20.2910,7,3,100,2,,6+,30.09,,,,,,TRUE,,,,,,,,,,,,,VFR,,,,,,,,,,,,METAR,93
"METAR LEBG 280130Z AUTO 03003KT CAVOK 10/10 Q1016",LEBG,2026-04-28T01:30:00.000Z,42.3560,-3.6220,10,10,30,3,,6+,30.00,,,TRUE,,,,,,,,,,,,,,,,VFR,,,,,,,,,,,,METAR,892
"METAR LEAG 280130Z AUTO 07011KT 9999 SCT014/// BKN025/// 17/15 Q1012",LEAG,2026-04-28T01:30:00.000Z,36.1290,-5.4410,17,15,70,11,,6+,29.88,,,TRUE,,,,,,,,SCT,1400,BKN,2500,,,,,MVFR,,,,,,,,,,,,METAR,4
"METAR LFPO 280130Z AUTO 01009KT CAVOK 12/05 Q1018 NOSIG",LFPO,2026-04-28T01:30:00.000Z,48.7170,2.3840,12,5,10,9,,6+,30.06,,,TRUE,,,TRUE,,,,,,,,,,,,,VFR,,,,,,,,,,,,METAR,88
"METAR LJPZ 280130Z AUTO 12006KT 9999 NSC 11/07 Q1016",LJPZ,2026-04-28T01:30:00.000Z,45.4730,13.6150,11,7,120,6,,6+,30.00,,,TRUE,,,,,,,,,,,,,,,,VFR,,,,,,,,,,,,METAR,2
"METAR LJMB 280130Z AUTO 36003KT 9999 NSC 08/05 Q1019",LJMB,2026-04-28T01:30:00.000Z,46.4800,15.6820,8,5,360,3,,6+,30.09,,,TRUE,,,,,,,,,,,,,,,,VFR,,,,,,,,,,,,METAR,263
"METAR VAUD 280130Z 00000KT 4000 HZ NSC 25/13 Q1007 NOSIG",VAUD,2026-04-28T01:30:00.000Z,24.6180,73.8960,25,13,0,0,,2.49,29.73,,,,,,TRUE,,,,HZ,,,,,,,,,IFR,,,,,,,,,,,,METAR,506
"METAR LFPT 280130Z AUTO 02005KT CAVOK 08/05 Q1018",LFPT,2026-04-28T01:30:00.000Z,49.0970,2.0410,8,5,20,5,,6+,30.06,,,TRUE,,,,,,,,,,,,,,,,VFR,,,,,,,,,,,,METAR,91
"METAR LJLJ 280130Z VRB02KT 9999 FEW080 SCT110 09/05 Q1018 NOSIG",LJLJ,2026-04-28T01:30:00.000Z,46.2180,14.4770,9,5,0,2,,6+,30.06,,,,,,TRUE,,,,,FEW,8000,SCT,11000,,,,,VFR,,,,,,,,,,,,METAR,363
"METAR VIAR 280130Z 12005KT 3500 HZ SCT030 BKN100 27/17 Q1002 NOSIG",VIAR,2026-04-28T01:30:00.000Z,31.7070,74.8010,27,17,120,5,,2.17,29.59,,,,,,TRUE,,,,HZ,SCT,3000,BKN,10000,,,,,IFR,,,,,,,,,,,,METAR,226
"METAR RJAA 280130Z 18011KT 150V210 9999 FEW035 BKN/// 22/14 Q1012 TEMPO 20015G25KT",RJAA,2026-04-28T01:30:00.000Z,35.7650,140.3860,22,14,180,11,,6+,29.88,,,,,,,,,,,FEW,3500,,,,,,,VFR,,,15,,,,,,,,,METAR,36
"METAR LRBV 280130Z AUTO 22007KT 9999 NCD 01/M01 Q1019",LRBV,2026-04-28T01:30:00.000Z,45.7060,25.5240,1,-1,220,7,,6+,30.09,,,TRUE,,,,,,,,,,,,,,,,VFR,,,,,,,,,,,,METAR,538
"METAR LRTC 280130Z AUTO 15004KT 5000 NCD 04/M01 Q1020",LRTC,2026-04-28T01:30:00.000Z,45.0650,28.7160,4,-1,150,4,,3.11,30.12,,,TRUE,,,,,,,,,,,,,,,,MVFR,,,,,,,,,,,,METAR,52
"METAR K00U 280130Z AUTO 20003KT 10SM OVC034 04/M02 A3001 RMK A01",K00U,2026-04-28T01:30:00.000Z,45.7453,-107.6606,4,-2,200,3,,10+,30.01,,,TRUE,TRUE,,,,,,,OVC,3400,,,,,,,VFR,,,,,,,,,,,,METAR,922
"METAR LFKS 280130Z AUTO 27005KT CAVOK 13/08 Q1016",LFKS,2026-04-28T01:30:00.000Z,41.9240,9.4060,13,8,270,5,,6+,30.00,,,TRUE,,,,,,,,,,,,,,,,VFR,,,,,,,,,,,,METAR,22
"METAR LRTM 280130Z 05003KT CAVOK 00/M03 Q1020",LRTM,2026-04-28T01:30:00.000Z,46.4680,24.4210,0,-3,50,3,,6+,30.12,,,,,,,,,,,,,,,,,,,VFR,,,,,,,,,,,,METAR,289
"METAR LEHC 280130Z AUTO 06003KT 030V100 CAVOK 14/09 Q1016",LEHC,2026-04-28T01:30:00.000Z,42.0820,-0.3240,14,9,60,3,,6+,30.00,,,TRUE,,,,,,,,,,,,,,,,VFR,,,,,,,,,,,,METAR,540
"METAR LPPT 280130Z 33006KT 300V360 CAVOK 18/13 Q1010",LPPT,2026-04-28T01:30:00.000Z,38.7810,-9.1360,18,13,330,6,,6+,29.82,,,,,,,,,,,,,,,,,,,VFR,,,,,,,,,,,,METAR,98
"METAR FMMI 280130Z VRB03KT 9999 FEW010 16/16 Q1017 NOSIG",FMMI,2026-04-28T01:30:00.000Z,-18.7970,47.4790,16,16,0,3,,6+,30.03,,,,,,TRUE,,,,,FEW,1000,,,,,,,VFR,,,,,,,,,,,,METAR,1269
"METAR UZSK 280130Z 06002KT 8000 NSC 17/13 Q1008",UZSK,2026-04-28T01:30:00.000Z,38.8040,65.7730,17,13,60,2,,4.97,29.76,,,,,,,,,,,,,,,,,,,MVFR,,,,,,,,,,,,METAR,399
"METAR UZSS 280130Z 13014KT 9999 NSC 15/09 Q1010 NOSIG",UZSS,2026-04-28T01:30:00.000Z,39.7000,66.9740,15,9,130,14,,6+,29.82,,,,,,TRUE,,,,,,,,,,,,,VFR,,,,,,,,,,,,METAR,665
"METAR OMFJ 280130Z 28011KT CAVOK 33/12 Q1004 A2966",OMFJ,2026-04-28T01:30:00.000Z,25.1120,56.3240,33,12,280,11,,6+,29.65,,,,,,,,,,,,,,,,,,,VFR,,,,,,,,,,,,METAR,27
"METAR LBGO 280130Z AUTO 08004KT 9999 NCD 04/03 Q1019",LBGO,2026-04-28T01:30:00.000Z,43.1510,25.7130,4,3,80,4,,6+,30.09,,,TRUE,,,,,,,,,,,,,,,,VFR,,,,,,,,,,,,METAR,84
"METAR LRSM 280130Z AUTO 06002KT 9999 NCD 01/M03 Q1020",LRSM,2026-04-28T01:30:00.000Z,47.7030,22.8860,1,-3,60,2,,6+,30.12,,,TRUE,,,,,,,,,,,,,,,,VFR,,,,,,,,,,,,METAR,123
"METAR UBBZ 280130Z AUTO 05010KT 9999 // ///071/// 13/07 Q1018",UBBZ,2026-04-28T01:30:00.000Z,39.0940,46.7340,13,7,50,10,,6+,30.06,,,TRUE,,,,,,,,,,,,,,,,VFR,,,,,,,,,,,,METAR,489
"METAR LFQQ 280130Z AUTO 01010KT CAVOK 12/03 Q1020 NOSIG",LFQQ,2026-04-28T01:30:00.000Z,50.5620,3.0890,12,3,10,10,,6+,30.12,,,TRUE,,,TRUE,,,,,,,,,,,,,VFR,,,,,,,,,,,,METAR,43
"METAR LROD 280130Z 10007KT CAVOK 05/M02 Q1019",LROD,2026-04-28T01:30:00.000Z,47.0360,21.8960,5,-2,100,7,,6+,30.09,,,,,,,,,,,,,,,,,,,VFR,,,,,,,,,,,,METAR,132
"METAR ZYTL 280130Z 33006MPS 290V360 CAVOK 13/04 Q1019 NOSIG",ZYTL,2026-04-28T01:30:00.000Z,38.9610,121.5560,13,4,330,12,,6+,30.09,,,,,,TRUE,,,,,,,,,,,,,VFR,,,,,,,,,,,,METAR,33
"METAR ZWWW 280130Z 15006MPS 120V180 CAVOK 24/02 Q1014 NOSIG",ZWWW,2026-04-28T01:30:00.000Z,43.9070,87.4740,24,2,150,12,,6+,29.94,,,,,,TRUE,,,,,,,,,,,,,VFR,,,,,,,,,,,,METAR,654
"METAR LUKK 280130Z 26009KT CAVOK 04/M00 Q1019 NOSIG",LUKK,2026-04-28T01:30:00.000Z,46.9280,28.9310,4,0,260,9,,6+,30.09,,,,,,TRUE,,,,,,,,,,,,,VFR,,,,,,,,,,,,METAR,102
"METAR LRCL 280130Z 27003KT CAVOK 02/M03 Q1020",LRCL,2026-04-28T01:30:00.000Z,46.7830,23.6760,2,-3,270,3,,6+,30.12,,,,,,,,,,,,,,,,,,,VFR,,,,,,,,,,,,METAR,313
"METAR ZSSS 280130Z 06005MPS 020V080 CAVOK 17/08 Q1016 NOSIG",ZSSS,2026-04-28T01:30:00.000Z,31.2090,121.3370,17,8,60,10,,6+,30.00,,,,,,TRUE,,,,,,,,,,,,,VFR,,,,,,,,,,,,METAR,2
"METAR LFLB 280130Z AUTO VRB02KT CAVOK 11/08 Q1016",LFLB,2026-04-28T01:30:00.000Z,45.6370,5.8830,11,8,0,2,,6+,30.00,,,TRUE,,,,,,,,,,,,,,,,VFR,,,,,,,,,,,,METAR,234
"METAR LRBM 280130Z AUTO 09005KT 9999 OVC210/// 02/M02 Q1020",LRBM,2026-04-28T01:30:00.000Z,47.6580,23.4700,2,-2,90,5,,6+,30.12,,,TRUE,,,,,,,,OVC,21000,,,,,,,VFR,,,,,,,,,,,,METAR,180
"METAR GOBD 280130Z 34012KT CAVOK 19/18 Q1013 NOSIG",GOBD,2026-04-28T01:30:00.000Z,14.6710,-17.0670,19,18,340,12,,6+,29.91,,,,,,TRUE,,,,,,,,,,,,,VFR,,,,,,,,,,,,METAR,90
"METAR UZST 280130Z 16004KT 150V220 9999 SCT066CB 20/13 Q1008 NOSIG",UZST,2026-04-28T01:30:00.000Z,37.2870,67.3180,20,13,160,4,,6+,29.76,,,,,,TRUE,,,,,SCT,6600,,,,,,,VFR,,,,,,,,,,,,METAR,311
"METAR LRAR 280130Z AUTO 00000KT 9999 BKN200/// 04/01 Q1019",LRAR,2026-04-28T01:30:00.000Z,46.1760,21.2640,4,1,0,0,,6+,30.09,,,TRUE,,,,,,,,BKN,20000,,,,,,,VFR,,,,,,,,,,,,METAR,102
"METAR GCXO 280130Z AUTO 30014KT 6000 BKN005 OVC013 13/13 Q1017",GCXO,2026-04-28T01:30:00.000Z,28.4830,-16.3420,13,13,300,14,,3.73,30.03,,,TRUE,,,,,,,,BKN,500,OVC,1300,,,,,IFR,,,,,,,,,,,,METAR,623
"METAR WIII 280130Z 14004KT 3000 -RA BR BKN020 26/25 Q1010 NOSIG",WIII,2026-04-28T01:30:00.000Z,-6.1250,106.6590,26,25,140,4,,1.86,29.82,,,,,,TRUE,,,,-RA BR,BKN,2000,,,,,,,IFR,,,,,,,,,,,,METAR,9
"METAR LFML 280130Z AUTO 14003KT CAVOK 13/12 Q1016 TEMPO 2000 BR BKN010",LFML,2026-04-28T01:30:00.000Z,43.4380,5.2160,13,12,140,3,,6+,30.00,,,TRUE,,,,,,,,,,,,,,,,VFR,,,,,,,,,,,,METAR,20
"METAR WAAA 280130Z 36003KT 9999 FEW019 30/25 Q1010 NOSIG",WAAA,2026-04-28T01:30:00.000Z,-5.0620,119.5540,30,25,360,3,,6+,29.82,,,,,,TRUE,,,,,FEW,1900,,,,,,,VFR,,,,,,,,,,,,METAR,13
"METAR LFCR 280130Z AUTO 14003KT CAVOK 11/10 Q1016 NOSIG",LFCR,2026-04-28T01:30:00.000Z,44.4100,2.4830,11,10,140,3,,6+,30.00,,,TRUE,,,TRUE,,,,,,,,,,,,,VFR,,,,,,,,,,,,METAR,576
"METAR LEBA 280130Z AUTO 00000KT CAVOK 16/13 Q1011",LEBA,2026-04-28T01:30:00.000Z,37.8420,-4.8490,16,13,0,0,,6+,29.85,,,TRUE,,,,,,,,,,,,,,,,VFR,,,,,,,,,,,,METAR,88
"METAR LFOZ 280130Z AUTO 00000KT CAVOK 08/03 Q1017",LFOZ,2026-04-28T01:30:00.000Z,47.8970,2.1630,8,3,0,0,,6+,30.03,,,TRUE,,,,,,,,,,,,,,,,VFR,,,,,,,,,,,,METAR,121
"METAR LFJL 280130Z AUTO 35004KT 320V020 CAVOK 10/02 Q1017 NOSIG",LFJL,2026-04-28T01:30:00.000Z,48.9820,6.2510,10,2,350,4,,6+,30.03,,,TRUE,,,TRUE,,,,,,,,,,,,,VFR,,,,,,,,,,,,METAR,259
"METAR YHID 280130Z AUTO 11014KT 9999 // NCD 29/23 Q1011",YHID,2026-04-28T01:30:00.000Z,-10.5840,142.2900,29,23,110,14,,6+,29.85,,,TRUE,,,,,,,,,,,,,,,,VFR,,,,,,,,,,,,METAR,5
"METAR LFKC 280130Z AUTO 19006KT CAVOK 10/09 Q1016",LFKC,2026-04-28T01:30:00.000Z,42.5310,8.7930,10,9,190,6,,6+,30.00,,,TRUE,,,,,,,,,,,,,,,,VFR,,,,,,,,,,,,METAR,38
"METAR DAOO 280130Z 03010KT 9999 SCT013 17/16 Q1010",DAOO,2026-04-28T01:30:00.000Z,35.6230,-0.6240,17,16,30,10,,6+,29.82,,,,,,,,,,,SCT,1300,,,,,,,VFR,,,,,,,,,,,,METAR,87
"METAR DABB 280130Z VRB02KT 2000 BR NSC 14/13 Q1014",DABB,2026-04-28T01:30:00.000Z,36.8220,7.8090,14,13,0,2,,1.24,29.94,,,,,,,,,,BR,,,,,,,,,IFR,,,,,,,,,,,,METAR,3
"METAR DAAT 280130Z 16005KT 360V160 9000 NSC 25/02 Q1018",DAAT,2026-04-28T01:30:00.000Z,22.8240,5.4520,25,2,160,5,,5.59,30.06,,,,,,,,,,,,,,,,,,,VFR,,,,,,,,,,,,METAR,1372
"METAR DAAG 280130Z 04004KT 6000 SCT013 BKN200 17/16 Q1013",DAAG,2026-04-28T01:30:00.000Z,36.6910,3.2150,17,16,40,4,,3.73,29.91,,,,,,,,,,,SCT,1300,BKN,20000,,,,,MVFR,,,,,,,,,,,,METAR,18
"METAR VECC 280130Z 20012KT 3200 HZ SCT018 SCT100 30/27 Q1003 NOSIG",VECC,2026-04-28T01:30:00.000Z,22.6510,88.4450,30,27,200,12,,1.99,29.62,,,,,,TRUE,,,,HZ,SCT,1800,SCT,10000,,,,,IFR,,,,,,,,,,,,METAR,11
"METAR GCTS 280130Z 00000KT 9999 BKN030 19/14 Q1016 NOSIG",GCTS,2026-04-28T01:30:00.000Z,28.0470,-16.5610,19,14,0,0,,6+,30.00,,,,,,TRUE,,,,,BKN,3000,,,,,,,MVFR,,,,,,,,,,,,METAR,59
"METAR RCQC 280130Z 05005KT 9999 FEW012 BKN100 28/18 Q1013 NOSIG RMK A2993",RCQC,2026-04-28T01:30:00.000Z,23.5690,119.6280,28,18,50,5,,6+,29.91,,,,,,TRUE,,,,,FEW,1200,BKN,10000,,,,,VFR,,,,,,,,,,,,METAR,26
"METAR GCRR 280130Z AUTO 33010KT 9999 OVC039 19/14 Q1015",GCRR,2026-04-28T01:30:00.000Z,28.9520,-13.6000,19,14,330,10,,6+,29.97,,,TRUE,,,,,,,,OVC,3900,,,,,,,VFR,,,,,,,,,,,,METAR,9
"METAR UBBB 280130Z 33026G36KT 9999 SCT048 12/03 Q1017 NOSIG",UBBB,2026-04-28T01:30:00.000Z,40.4690,50.0610,12,3,330,26,36,6+,30.03,,,,,,TRUE,,,,,SCT,4800,,,,,,,VFR,,,,,,,,,,,,METAR,94
"METAR GCLP 280130Z 35014KT 9999 BKN033 18/14 Q1016 NOSIG",GCLP,2026-04-28T01:30:00.000Z,27.9230,-15.3890,18,14,350,14,,6+,30.00,,,,,,TRUE,,,,,BKN,3300,,,,,,,VFR,,,,,,,,,,,,METAR,16
"METAR WSSS 280130Z 04006KT 360V100 9999 FEW018 BKN300 30/26 Q1010 NOSIG",WSSS,2026-04-28T01:30:00.000Z,1.3680,103.9820,30,26,40,6,,6+,29.82,,,,,,TRUE,,,,,FEW,1800,BKN,30000,,,,,VFR,,,,,,,,,,,,METAR,17
"METAR RCFN 280130Z VRB03KT 9999 FEW015 BKN050 BKN200 29/22 Q1013 NOSIG RMK A2994",RCFN,2026-04-28T01:30:00.000Z,22.7550,121.1020,29,22,0,3,,6+,29.91,,,,,,TRUE,,,,,FEW,1500,BKN,5000,BKN,20000,,,VFR,,,,,,,,,,,,METAR,42
"SPECI YPXM 280130Z AUTO 16006KT 9999 -SHRA OVC006 26/25 Q1012",YPXM,2026-04-28T01:30:00.000Z,-10.4530,105.6880,26,25,160,6,,6+,29.88,,,TRUE,,,,,,,-SHRA,OVC,600,,,,,,,IFR,,,,,,,,,,,,SPECI,262
"METAR ROAH 280130Z 20009KT CAVOK 24/17 Q1015",ROAH,2026-04-28T01:30:00.000Z,26.1960,127.6460,24,17,200,9,,6+,29.97,,,,,,,,,,,,,,,,,,,VFR,,,,,,,,,,,,METAR,6
"METAR RCNN 280130Z 02004KT 9999 FEW012 SCT060 BKN120 29/18 Q1013 NOSIG RMK A2993",RCNN,2026-04-28T01:30:00.000Z,22.9500,120.2060,29,18,20,4,,6+,29.91,,,,,,TRUE,,,,,FEW,1200,SCT,6000,BKN,12000,,,VFR,,,,,,,,,,,,METAR,15
"METAR RCMQ 280130Z 16005KT 9999 FEW012 BKN100 29/19 Q1014 NOSIG RMK A2995",RCMQ,2026-04-28T01:30:00.000Z,24.2650,120.6210,29,19,160,5,,6+,29.94,,,,,,TRUE,,,,,FEW,1200,BKN,10000,,,,,VFR,,,,,,,,,,,,METAR,202
"METAR RCSS 280130Z VRB01KT 9999 FEW018 BKN110 BKN200 31/22 Q1013 NOSIG RMK A2992",RCSS,2026-04-28T01:30:00.000Z,25.0690,121.5520,31,22,0,1,,6+,29.91,,,,,,TRUE,,,,,FEW,1800,BKN,11000,BKN,20000,,,VFR,,,,,,,,,,,,METAR,8
"METAR RCKH 280130Z VRB02KT 9999 FEW030 SCT180 BKN230 30/16 Q1012 NOSIG RMK A2990",RCKH,2026-04-28T01:30:00.000Z,22.5770,120.3500,30,16,0,2,,6+,29.88,,,,,,TRUE,,,,,FEW,3000,SCT,18000,BKN,23000,,,VFR,,,,,,,,,,,,METAR,6
"METAR UZFF 280130Z 14004KT 9999 NSC 18/12 Q1011",UZFF,2026-04-28T01:30:00.000Z,40.3560,71.7450,18,12,140,4,,6+,29.85,,,,,,,,,,,,,,,,,,,VFR,,,,,,,,,,,,METAR,612
"METAR RCTP 280130Z 28004KT 250V330 9999 FEW015 BKN200 28/21 Q1013 NOSIG RMK A2993",RCTP,2026-04-28T01:30:00.000Z,25.0780,121.2330,28,21,280,4,,6+,29.91,,,,,,TRUE,,,,,FEW,1500,BKN,20000,,,,,VFR,,,,,,,,,,,,METAR,33
"METAR VMMC 280130Z 11009KT 9999 FEW012 SCT045 26/24 Q1011 NOSIG",VMMC,2026-04-28T01:30:00.000Z,22.1410,113.5960,26,24,110,9,,6+,29.85,,,,,,TRUE,,,,,FEW,1200,SCT,4500,,,,,VFR,,,,,,,,,,,,METAR,1
"METAR VABO 280130Z 18004KT 3000 HZ NSC 28/25 Q1006 NOSIG",VABO,2026-04-28T01:30:00.000Z,22.3330,73.2250,28,25,180,4,,1.86,29.70,,,,,,TRUE,,,,HZ,,,,,,,,,IFR,,,,,,,,,,,,METAR,36
"METAR ZBYN 280130Z 34010MPS CAVOK 15/M04 Q1021 NOSIG",ZBYN,2026-04-28T01:30:00.000Z,37.7470,112.6280,15,-4,340,19,,6+,30.15,,,,,,TRUE,,,,,,,,,,,,,VFR,,,,,,,,,,,,METAR,778
"METAR OMSJ 280130Z 18007KT CAVOK 28/16 Q1006 NOSIG",OMSJ,2026-04-28T01:30:00.000Z,25.3290,55.5170,28,16,180,7,,6+,29.70,,,,,,TRUE,,,,,,,,,,,,,VFR,,,,,,,,,,,,METAR,33
"METAR LFLS 280130Z AUTO 09006KT CAVOK 11/08 Q1016",LFLS,2026-04-28T01:30:00.000Z,45.3630,5.3290,11,8,90,6,,6+,30.00,,,TRUE,,,,,,,,,,,,,,,,VFR,,,,,,,,,,,,METAR,386
"METAR YGLA 280130Z AUTO 13013KT 9999 // BKN038 25/16 Q1019",YGLA,2026-04-28T01:30:00.000Z,-23.8700,151.2210,25,16,130,13,,6+,30.09,,,TRUE,,,,,,,,BKN,3800,,,,,,,VFR,,,,,,,,,,,,METAR,17
"METAR RJFF 280130Z 18009KT 9999 FEW025 SCT150 BKN/// 21/12 Q1014 NOSIG",RJFF,2026-04-28T01:30:00.000Z,33.5840,130.4520,21,12,180,9,,6+,29.94,,,,,,TRUE,,,,,FEW,2500,SCT,15000,,,,,VFR,,,,,,,,,,,,METAR,7
"METAR GECE 280130Z AUTO 07014KT 050V110 9999 VCTS FEW043 //////CB 17/15 Q1011",GECE,2026-04-28T01:30:00.000Z,35.8930,-5.3060,17,15,70,14,,6+,29.85,,,TRUE,,,,,,,VCTS,FEW,4300,,,,,,,VFR,,,,,,,,,,,,METAR,2
"METAR YWLM 280130Z 16006KT 9999 SCT040 SCT052 23/13 Q1026",YWLM,2026-04-28T01:30:00.000Z,-32.7940,151.8360,23,13,160,6,,6+,30.30,,,,,,,,,,,SCT,4000,SCT,5200,,,,,VFR,,,,,,,,,,,,METAR,7
"METAR YBTL 280130Z 12011KT 9999 SCT040 SCT105 29/17 Q1016",YBTL,2026-04-28T01:30:00.000Z,-19.2480,146.7660,29,17,120,11,,6+,30.00,,,,,,,,,,,SCT,4000,SCT,10500,,,,,VFR,,,,,,,,,,,,METAR,4
"METAR YPTN 280130Z 10015KT CAVOK 29/12 Q1014",YPTN,2026-04-28T01:30:00.000Z,-14.5230,132.3830,29,12,100,15,,6+,29.94,,,,,,,,,,,,,,,,,,,VFR,,,,,,,,,,,,METAR,135
"METAR YPEA 280130Z 09010KT 9999 BKN017 18/14 Q1017",YPEA,2026-04-28T01:30:00.000Z,-31.6670,116.0190,18,14,90,10,,6+,30.03,,,,,,,,,,,BKN,1700,,,,,,,MVFR,,,,,,,,,,,,METAR,38
"METAR YAMB 280130Z 09011KT 090V190 9999 FEW040 SCT053 25/15 Q1022",YAMB,2026-04-28T01:30:00.000Z,-27.6300,152.7110,25,15,90,11,,6+,30.18,,,,,,,,,,,FEW,4000,SCT,5300,,,,,VFR,,,,,,,,,,,,METAR,26
"METAR YSSY 280130Z 33007KT 300V360 9999 FEW040 24/10 Q1026",YSSY,2026-04-28T01:30:00.000Z,-33.9460,151.1730,24,10,330,7,,6+,30.30,,,,,,,,,,,FEW,4000,,,,,,,VFR,,,,,,,,,,,,METAR,3
"METAR USNN 280130Z 22003MPS CAVOK 03/M00 Q1023 R21/0///65 NOSIG RMK QFE762",USNN,2026-04-28T01:30:00.000Z,60.9590,76.4970,3,0,220,6,,6+,30.21,,,,,,TRUE,,,,,,,,,,,,,VFR,,,,,,,,,,,,METAR,52
"METAR UNNT 280130Z 30002MPS CAVOK 08/M00 Q1027 R25/120065 R16/////// NOSIG RMK QFE760/1014",UNNT,2026-04-28T01:30:00.000Z,55.0130,82.6510,8,0,300,4,,6+,30.32,,,,,,TRUE,,,,,,,,,,,,,VFR,,,,,,,,,,,,METAR,106
"METAR ULAA 280130Z 03007G12MPS 360V080 9999 BKN030 01/M04 Q0998 R08/CLRD63 NOSIG RMK QFE747/0996",ULAA,2026-04-28T01:30:00.000Z,64.5990,40.7120,1,-4,30,14,23,6+,29.47,,,,,,TRUE,,,,,BKN,3000,,,,,,,MVFR,,,,,,,,,,,,METAR,10
"METAR UIUU 280130Z VRB01MPS 9999 NSC 08/M09 Q1019 R08/CLRD60 NOSIG RMK QFE719/0959",UIUU,2026-04-28T01:30:00.000Z,51.8080,107.4430,8,-9,0,2,,6+,30.09,,,,,,TRUE,,,,,,,,,,,,,VFR,,,,,,,,,,,,METAR,508
"METAR UIII 280130Z 16005MPS CAVOK 10/M05 Q1016 R12/CLRD65 NOSIG RMK QFE719/0959",UIII,2026-04-28T01:30:00.000Z,52.2730,104.3800,10,-5,160,10,,6+,30.00,,,,,,TRUE,,,,,,,,,,,,,VFR,,,,,,,,,,,,METAR,480
"METAR UIBB 280130Z 31005MPS 9999 NSC 09/04 Q1015 R30/CLRD62 NOSIG RMK QFE719/0958",UIBB,2026-04-28T01:30:00.000Z,56.3650,101.7160,9,4,310,10,,6+,29.97,,,,,,TRUE,,,,,,,,,,,,,VFR,,,,,,,,,,,,METAR,485
"METAR GCLA 280130Z AUTO 30006KT CAVOK 17/12 Q1017",GCLA,2026-04-28T01:30:00.000Z,28.6330,-17.7550,17,12,300,6,,6+,30.03,,,TRUE,,,,,,,,,,,,,,,,VFR,,,,,,,,,,,,METAR,20
"METAR UIAA 280130Z 22004MPS 9999 NSC 10/M07 Q1017 R29/CLRD70 NOSIG RMK QFE704/0939",UIAA,2026-04-28T01:30:00.000Z,52.0260,113.3100,10,-7,220,8,,6+,30.03,,,,,,TRUE,,,,,,,,,,,,,VFR,,,,,,,,,,,,METAR,650
"METAR UHMD 280130Z 05012MPS 4000 -DZ BR BKN010 OVC020 01/M01 Q1002 RMK QBB300 MT OBSC QFE751/1001",UHMD,2026-04-28T01:30:00.000Z,64.3780,-173.2430,1,-1,50,23,,2.49,29.59,,,,,,,,,,-DZ BR,BKN,1000,OVC,2000,,,,,IFR,,,,,,,,,,,,METAR,40
"METAR UATE 280130Z 03010MPS CAVOK 12/03 Q1017 NOSIG RMK QFE761/1015",UATE,2026-04-28T01:30:00.000Z,43.8600,51.0920,12,3,30,19,,6+,30.03,,,,,,TRUE,,,,,,,,,,,,,VFR,,,,,,,,,,,,METAR,21
"METAR RJCC 280130Z 36015KT 9999 FEW015 SCT045 BKN140 11/03 Q1010",RJCC,2026-04-28T01:30:00.000Z,42.7740,141.6930,11,3,360,15,,6+,29.82,,,,,,,,,,,FEW,1500,SCT,4500,BKN,14000,,,VFR,,,,,,,,,,,,METAR,19
"METAR UARR 280130Z 19004MPS CAVOK M01/M03 Q1015 NOSIG RMK QFE758/1010",UARR,2026-04-28T01:30:00.000Z,51.1510,51.5410,-1,-3,190,8,,6+,29.97,,,,,,TRUE,,,,,,,,,,,,,VFR,,,,,,,,,,,,METAR,33
"METAR UAOO 280130Z 06006MPS CAVOK 12/M01 Q1015 NOSIG RMK QFE749/0999",UAOO,2026-04-28T01:30:00.000Z,44.7070,65.5930,12,-1,60,12,,6+,29.97,,,,,,TRUE,,,,,,,,,,,,,VFR,,,,,,,,,,,,METAR,130
"METAR UACC 280130Z 09003MPS CAVOK 07/02 Q1026 NOSIG RMK QFE738/0984",UACC,2026-04-28T01:30:00.000Z,51.0240,71.4680,7,2,90,6,,6+,30.30,,,,,,TRUE,,,,,,,,,,,,,VFR,,,,,,,,,,,,METAR,354
"METAR UUDD 280130Z 28009G14MPS 1900 SN BKN007 OVC020 00/M00 Q0995 R31L/290040 NOSIG",UUDD,2026-04-28T01:30:00.000Z,55.4090,37.9060,0,0,280,17,27,1.18,29.38,,,,,,TRUE,,,,SN,BKN,700,OVC,2000,,,,,IFR,,,,,,,,,,,,METAR,165
"METAR LFMP 280130Z AUTO VRB02KT 9999 OVC006 16/15 Q1015",LFMP,2026-04-28T01:30:00.000Z,42.7370,2.8730,16,15,0,2,,6+,29.97,,,TRUE,,,,,,,,OVC,600,,,,,,,IFR,,,,,,,,,,,,METAR,41
"METAR USSS 280130Z 17005MPS CAVOK 09/01 Q1011 R08R/CLRD60 NOSIG RMK QFE739/0985",USSS,2026-04-28T01:30:00.000Z,56.7450,60.7920,9,1,170,10,,6+,29.85,,,,,,TRUE,,,,,,,,,,,,,VFR,,,,,,,,,,,,METAR,222
"METAR LZIB 280130Z 01004KT CAVOK 06/M00 Q1020 NOSIG",LZIB,2026-04-28T01:30:00.000Z,48.1700,17.2070,6,0,10,4,,6+,30.12,,,,,,TRUE,,,,,,,,,,,,,VFR,,,,,,,,,,,,METAR,129
"METAR USRR 280130Z 22003MPS CAVOK 05/M02 Q1022 R25/CLRD// RMK QFE761",USRR,2026-04-28T01:30:00.000Z,61.3420,73.4220,5,-2,220,6,,6+,30.18,,,,,,,,,,,,,,,,,,,VFR,,,,,,,,,,,,METAR,52
"METAR USCC 280130Z 16006MPS CAVOK 09/01 Q1014 R09/000060 NOSIG RMK QFE740",USCC,2026-04-28T01:30:00.000Z,55.3060,61.5030,9,1,160,12,,6+,29.94,,,,,,TRUE,,,,,,,,,,,,,VFR,,,,,,,,,,,,METAR,227
"METAR LDPL 280130Z AUTO 08005KT CAVOK 08/05 Q1016",LDPL,2026-04-28T01:30:00.000Z,44.8940,13.9220,8,5,80,5,,6+,30.00,,,TRUE,,,,,,,,,,,,,,,,VFR,,,,,,,,,,,,METAR,63
"METAR UWWW 280130Z 19008MPS 9999 SCT033 03/M01 Q1007 R15/190057 NOSIG RMK QFE744/0992",UWWW,2026-04-28T01:30:00.000Z,53.5090,50.1630,3,-1,190,16,,6+,29.73,,,,,,TRUE,,,,,SCT,3300,,,,,,,VFR,,,,,,,,,,,,METAR,124
"METAR LDRI 280130Z VRB02KT CAVOK 11/07 Q1016",LDRI,2026-04-28T01:30:00.000Z,45.2180,14.5730,11,7,0,2,,6+,30.00,,,,,,,,,,,,,,,,,,,VFR,,,,,,,,,,,,METAR,80
"METAR UWUU 280130Z 18006MPS 9999 BKN020CB 05/02 Q1012 R14R/290195 NOSIG",UWUU,2026-04-28T01:30:00.000Z,54.5700,55.8700,5,2,180,12,,6+,29.88,,,,,,TRUE,,,,,BKN,2000,,,,,,,MVFR,,,,,,,,,,,,METAR,137
"METAR LDSP 280130Z AUTO 00000KT CAVOK 12/05 Q1016",LDSP,2026-04-28T01:30:00.000Z,43.5390,16.3010,12,5,0,0,,6+,30.00,,,TRUE,,,,,,,,,,,,,,,,VFR,,,,,,,,,,,,METAR,16
"METAR LFSL 280130Z AUTO 00000KT CAVOK 10/07 Q1015",LFSL,2026-04-28T01:30:00.000Z,45.0400,1.4860,10,7,0,0,,6+,29.97,,,TRUE,,,,,,,,,,,,,,,,VFR,,,,,,,,,,,,METAR,300
"METAR RJBB 280130Z 02005KT 9999 FEW020 18/15 Q1013 NOSIG",RJBB,2026-04-28T01:30:00.000Z,34.4340,135.2330,18,15,20,5,,6+,29.91,,,,,,TRUE,,,,,FEW,2000,,,,,,,VFR,,,,,,,,,,,,METAR,8
"METAR YPGV 280130Z AUTO 11011KT 9999 // NCD 30/20 Q1012",YPGV,2026-04-28T01:30:00.000Z,-12.2740,136.8200,30,20,110,11,,6+,29.88,,,TRUE,,,,,,,,,,,,,,,,VFR,,,,,,,,,,,,METAR,53
"METAR YMLT 280130Z AUTO 34014KT 9999 // BKN034 15/08 Q1022",YMLT,2026-04-28T01:30:00.000Z,-41.5440,147.2130,15,8,340,14,,6+,30.18,,,TRUE,,,,,,,,BKN,3400,,,,,,,VFR,,,,,,,,,,,,METAR,167
"METAR YGEL 280130Z AUTO 16010KT 9999 // BKN100 20/19 Q1015",YGEL,2026-04-28T01:30:00.000Z,-28.8050,114.6990,20,19,160,10,,6+,29.97,,,TRUE,,,,,,,,BKN,10000,,,,,,,VFR,,,,,,,,,,,,METAR,32
"METAR LDZA 280130Z 26001KT CAVOK 06/05 Q1018 NOSIG",LDZA,2026-04-28T01:30:00.000Z,45.7290,16.0540,6,5,260,1,,6+,30.06,,,,,,TRUE,,,,,,,,,,,,,VFR,,,,,,,,,,,,METAR,103
"METAR UZTT 280130Z 10004KT 5000 BR NSC 17/13 Q1011 NOSIG",UZTT,2026-04-28T01:30:00.000Z,41.2580,69.2810,17,13,100,4,,3.11,29.85,,,,,,TRUE,,,,BR,,,,,,,,,MVFR,,,,,,,,,,,,METAR,429
"METAR LDZD 280130Z AUTO 20002KT CAVOK 06/06 Q1016",LDZD,2026-04-28T01:30:00.000Z,44.1080,15.3470,6,6,200,2,,6+,30.00,,,TRUE,,,,,,,,,,,,,,,,VFR,,,,,,,,,,,,METAR,82
"METAR YMAV 280130Z AUTO 12007KT 9999 // NCD 19/13 Q1024",YMAV,2026-04-28T01:30:00.000Z,-38.0290,144.4780,19,13,120,7,,6+,30.24,,,TRUE,,,,,,,,,,,,,,,,VFR,,,,,,,,,,,,METAR,11
"METAR OPIS 280130Z 13010KT 6000 SCT040 BKN100 24/12 Q1004 NOSIG",OPIS,2026-04-28T01:30:00.000Z,33.5510,72.8270,24,12,130,10,,3.73,29.65,,,,,,TRUE,,,,,SCT,4000,BKN,10000,,,,,MVFR,,,,,,,,,,,,METAR,542
"METAR LFOE 280130Z AUTO 34004KT CAVOK 07/04 Q1019",LFOE,2026-04-28T01:30:00.000Z,49.0250,1.2220,7,4,340,4,,6+,30.09,,,TRUE,,,,,,,,,,,,,,,,VFR,,,,,,,,,,,,METAR,132
"METAR WBSB 280130Z 18007KT 9999 TS FEW015 FEW016CB BKN300 30/26 Q1011 NOSIG",WBSB,2026-04-28T01:30:00.000Z,4.9440,114.9280,30,26,180,7,,6+,29.85,,,,,,TRUE,,,,TS,FEW,1500,FEW,1600,BKN,30000,,,VFR,,,,,,,,,,,,METAR,15
"METAR YFRT 280130Z AUTO 02007KT 9999 // NCD 23/09 Q1020",YFRT,2026-04-28T01:30:00.000Z,-30.8480,128.1140,23,9,20,7,,6+,30.12,,,TRUE,,,,,,,,,,,,,,,,VFR,,,,,,,,,,,,METAR,159
"METAR OPMT 280130Z 31008KT 4000 FU SCT040 BKN100 25/17 Q1001 NOSIG",OPMT,2026-04-28T01:30:00.000Z,30.2030,71.4190,25,17,310,8,,2.49,29.56,,,,,,TRUE,,,,FU,SCT,4000,BKN,10000,,,,,IFR,,,,,,,,,,,,METAR,122
"METAR OPPS 280130Z 31006KT 6000 FEW030TCU SCT040 BKN100 25/14 Q1003",OPPS,2026-04-28T01:30:00.000Z,33.9960,71.5150,25,14,310,6,,3.73,29.62,,,,,,,,,,,FEW,3000,SCT,4000,BKN,10000,,,MVFR,,,,,,,,,,,,METAR,356
"METAR YCIN 280130Z AUTO 06005KT 9999 // NCD 31/18 Q1013",YCIN,2026-04-28T01:30:00.000Z,-17.5740,123.8310,31,18,60,5,,6+,29.91,,,TRUE,,,,,,,,,,,,,,,,VFR,,,,,,,,,,,,METAR,83
"METAR NZAA 280130Z AUTO 23003KT 9999 FEW039/// BKN046/// BKN055/// 19/14 Q1024",NZAA,2026-04-28T01:30:00.000Z,-37.0080,174.7920,19,14,230,3,,6+,30.24,,,TRUE,,,,,,,,FEW,3900,BKN,4600,BKN,5500,,,VFR,,,,,,,,,,,,METAR,7
"METAR LHBP 280130Z VRB02KT CAVOK 05/M00 Q1019 NOSIG",LHBP,2026-04-28T01:30:00.000Z,47.4370,19.2560,5,0,0,2,,6+,30.09,,,,,,TRUE,,,,,,,,,,,,,VFR,,,,,,,,,,,,METAR,141
"METAR LQBK 280130Z 18002KT CAVOK 05/03 Q1018 NOSIG",LQBK,2026-04-28T01:30:00.000Z,44.9370,17.2990,5,3,180,2,,6+,30.06,,,,,,TRUE,,,,,,,,,,,,,VFR,,,,,,,,,,,,METAR,114
"METAR UNKL 280130Z 29005MPS CAVOK 09/M01 Q1022 R29/CLRD// NOSIG RMK QFE740",UNKL,2026-04-28T01:30:00.000Z,56.1730,92.4930,9,-1,290,10,,6+,30.18,,,,,,TRUE,,,,,,,,,,,,,VFR,,,,,,,,,,,,METAR,278
"METAR LFRL 280130Z AUTO 02007KT CAVOK 09/07 Q1021 NOSIG",LFRL,2026-04-28T01:30:00.000Z,48.2790,-4.4390,9,7,20,7,,6+,30.15,,,TRUE,,,TRUE,,,,,,,,,,,,,VFR,,,,,,,,,,,,METAR,80
"METAR WMKP 280130Z 06003KT 020V080 8000 FEW020 30/23 Q1009 NOSIG",WMKP,2026-04-28T01:30:00.000Z,5.2970,100.2770,30,23,60,3,,4.97,29.79,,,,,,TRUE,,,,,FEW,2000,,,,,,,MVFR,,,,,,,,,,,,METAR,4
"METAR WMKK 280130Z 12006KT 070V170 9999 FEW018 30/25 Q1009 NOSIG",WMKK,2026-04-28T01:30:00.000Z,2.7470,101.7140,30,25,120,6,,6+,29.79,,,,,,TRUE,,,,,FEW,1800,,,,,,,VFR,,,,,,,,,,,,METAR,21
"METAR UNEE 280130Z 29004MPS CAVOK 08/M00 Q1025 R23/CLRD63 NOSIG RMK QFE746",UNEE,2026-04-28T01:30:00.000Z,55.2700,86.1070,8,0,290,8,,6+,30.27,,,,,,TRUE,,,,,,,,,,,,,VFR,,,,,,,,,,,,METAR,261
"METAR OPST 280130Z 05010KT 4000 FU SCT040 SCT100 26/18 Q1003 TEMPO 31010G25KT 3000 TSRA FEW030CB RH62",OPST,2026-04-28T01:30:00.000Z,32.5360,74.3640,26,18,50,10,,2.49,29.62,,,,,,,,,,FU,SCT,4000,SCT,10000,,,,,IFR,,,,,,,,,,,,METAR,234
"METAR NTTB 280130Z AUTO 08015KT 9999 FEW023/// SCT030/// 29/25 Q1010 TEMPO SHRA FEW018TCU",NTTB,2026-04-28T01:30:00.000Z,-16.4450,-151.7520,29,25,80,15,,6+,29.82,,,TRUE,,,,,,,,FEW,2300,SCT,3000,,,,,VFR,,,,,,,,,,,,METAR,6
"METAR WBKK 280130Z 31003KT 230V030 9999 FEW014 31/26 Q1009 NOSIG",WBKK,2026-04-28T01:30:00.000Z,5.9370,116.0510,31,26,310,3,,6+,29.79,,,,,,TRUE,,,,,FEW,1400,,,,,,,VFR,,,,,,,,,,,,METAR,9
"METAR VIJP 280130Z 00000KT 4000 HZ NSC 30/13 Q1006 NOSIG",VIJP,2026-04-28T01:30:00.000Z,26.8240,75.8120,30,13,0,0,,2.49,29.70,,,,,,TRUE,,,,HZ,,,,,,,,,IFR,,,,,,,,,,,,METAR,383
"METAR UNBB 280130Z 31004MPS 9999 SCT040 09/M02 Q1027 R24/CLRD66 NOSIG RMK QFE748",UNBB,2026-04-28T01:30:00.000Z,53.3620,83.5400,9,-2,310,8,,6+,30.32,,,,,,TRUE,,,,,SCT,4000,,,,,,,VFR,,,,,,,,,,,,METAR,249
"METAR WBGG 280130Z 11003KT 050V170 9999 FEW012 28/25 Q1010 NOSIG",WBGG,2026-04-28T01:30:00.000Z,1.4840,110.3400,28,25,110,3,,6+,29.82,,,,,,TRUE,,,,,FEW,1200,,,,,,,VFR,,,,,,,,,,,,METAR,26
"METAR ZBTJ 280130Z VRB01MPS CAVOK 15/05 Q1022 NOSIG",ZBTJ,2026-04-28T01:30:00.000Z,39.1240,117.3460,15,5,0,2,,6+,30.18,,,,,,TRUE,,,,,,,,,,,,,VFR,,,,,,,,,,,,METAR,4
"METAR UMKK 280130Z 30005MPS CAVOK 03/01 Q1024 R24/CLRD63 NOSIG RMK QFE767/1022",UMKK,2026-04-28T01:30:00.000Z,54.8850,20.5830,3,1,300,10,,6+,30.24,,,,,,TRUE,,,,,,,,,,,,,VFR,,,,,,,,,,,,METAR,6
"METAR VHHH 280130Z 10010KT 9999 FEW015 SCT035 27/22 Q1011 NOSIG",VHHH,2026-04-28T01:30:00.000Z,22.3090,113.9220,27,22,100,10,,6+,29.85,,,,,,TRUE,,,,,FEW,1500,SCT,3500,,,,,VFR,,,,,,,,,,,,METAR,9
"METAR UERR 280130Z VRB01MPS CAVOK 04/03 Q1003 R25/290145 NOSIG RMK QFE722/0962",UERR,2026-04-28T01:30:00.000Z,62.5380,114.0560,4,3,0,2,,6+,29.62,,,,,,TRUE,,,,,,,,,,,,,VFR,,,,,,,,,,,,METAR,352
"METAR LFRK 280130Z AUTO 34006KT CAVOK 10/08 Q1020",LFRK,2026-04-28T01:30:00.000Z,49.1800,-0.4560,10,8,340,6,,6+,30.12,,,TRUE,,,,,,,,,,,,,,,,VFR,,,,,,,,,,,,METAR,66
"METAR LCPH 280130Z AUTO 36004KT 9999 NCD 15/11 Q1012 NOSIG",LCPH,2026-04-28T01:30:00.000Z,34.7150,32.4790,15,11,360,4,,6+,29.88,,,TRUE,,,TRUE,,,,,,,,,,,,,VFR,,,,,,,,,,,,METAR,8
"METAR LEAB 280130Z 12004KT CAVOK 09/03 Q1016 NOSIG",LEAB,2026-04-28T01:30:00.000Z,38.9520,-1.8630,9,3,120,4,,6+,30.00,,,,,,TRUE,,,,,,,,,,,,,VFR,,,,,,,,,,,,METAR,704
"METAR KBQP 280130Z AUTO 18003KT CLR 27/21 A2990 RMK AO2 T02690205 PWINO",KBQP,2026-04-28T01:30:00.000Z,32.7583,-91.8793,26.9,20.5,180,3,,,29.90,,,TRUE,TRUE,,,,,TRUE,,,,,,,,,,null,,,,,,,,,,,,METAR,50
"METAR OPFA 280130Z 00000KT 4000 FU SCT040 BKN100 27/18 Q1003 TEMPO 31015G30KT 1500 TSRA FEW030CB",OPFA,2026-04-28T01:30:00.000Z,31.3650,72.9950,27,18,0,0,,2.49,29.62,,,,,,,,,,FU,SCT,4000,BKN,10000,,,,,IFR,,,,,,,,,,,,METAR,180
"METAR VOTP 280130Z 23012KT 6000 FEW020 29/25 Q1008 NOSIG",VOTP,2026-04-28T01:30:00.000Z,13.6330,79.5430,29,25,230,12,,3.73,29.76,,,,,,TRUE,,,,,FEW,2000,,,,,,,MVFR,,,,,,,,,,,,METAR,103
"METAR LFRC 280130Z AUTO 03004KT CAVOK 09/07 Q1021",LFRC,2026-04-28T01:30:00.000Z,49.6500,-1.4700,9,7,30,4,,6+,30.15,,,TRUE,,,,,,,,,,,,,,,,VFR,,,,,,,,,,,,METAR,137
"METAR KCNI 280130Z AUTO 11009KT 10SM CLR 17/12 A3012 RMK AO2 T01720122",KCNI,2026-04-28T01:30:00.000Z,34.3100,-84.4240,17.2,12.2,110,9,,10+,30.12,,,TRUE,TRUE,,,,,,,,,,,,,,,VFR,,,,,,,,,,,,METAR,371
"METAR OPLA 280130Z 16010KT 4000 -TSRA FEW030CB SCT040 OVC100 27/17 Q1002 TEMPO 23020G35KT 1000 TSRA FEW030CB RMK QFE977 A29.6 1",OPLA,2026-04-28T01:30:00.000Z,31.5220,74.4040,27,17,160,10,,2.49,29.59,,,,,,,,,,-TSRA,FEW,3000,SCT,4000,OVC,10000,,,IFR,,,,,,,,,,,,METAR,217
"METAR UASK 280130Z VRB01MPS 9999 NSC 08/01 Q1023 NOSIG RMK QFE742/0989",UASK,2026-04-28T01:30:00.000Z,50.0270,82.5000,8,1,0,2,,6+,30.21,,,,,,TRUE,,,,,,,,,,,,,VFR,,,,,,,,,,,,METAR,285
"METAR ZBAD 280130Z 32006MPS 9999 FEW020 18/00 Q1022 NOSIG",ZBAD,2026-04-28T01:30:00.000Z,39.5010,116.4120,18,0,320,12,,6+,30.18,,,,,,TRUE,,,,,FEW,2000,,,,,,,VFR,,,,,,,,,,,,METAR,25
"METAR KETC 280130Z AUTO 11003KT 10SM CLR 12/07 A3025 RMK AO2 T01250069",KETC,2026-04-28T01:30:00.000Z,35.9363,-77.5416,12.5,6.9,110,3,,10+,30.25,,,TRUE,TRUE,,,,,,,,,,,,,,,VFR,,,,,,,,,,,,METAR,15
"METAR ZBAA 280130Z 01003MPS 310V060 CAVOK 19/03 Q1022 NOSIG",ZBAA,2026-04-28T01:30:00.000Z,40.0820,116.6030,19,3,10,6,,6+,30.18,,,,,,TRUE,,,,,,,,,,,,,VFR,,,,,,,,,,,,METAR,31
"METAR LQMO 280130Z 00000KT CAVOK 07/05 Q1016",LQMO,2026-04-28T01:30:00.000Z,43.2850,17.8400,7,5,0,0,,6+,30.00,,,,,,,,,,,,,,,,,,,VFR,,,,,,,,,,,,METAR,49
"METAR FMCZ 280130Z AUTO 23004KT 4300 BR FEW019 SCT031 27/25 Q1009 TEMPO FEW015TCU BECMG 9999 NSW",FMCZ,2026-04-28T01:30:00.000Z,-12.8050,45.2810,27,25,230,4,,2.67,29.79,,,TRUE,,,,,,,BR,FEW,1900,SCT,3100,,,,,IFR,,,,,,,,,,,,METAR,7
"METAR FMEE 280130Z AUTO 11008KT 9999 OVC056 26/23 Q1009 TEMPO 1500 TSRA BKN020CB",FMEE,2026-04-28T01:30:00.000Z,-20.8870,55.5100,26,23,110,8,,6+,29.79,,,TRUE,,,,,,,,OVC,5600,,,,,,,VFR,,,,,,,,,,,,METAR,20
"METAR VIDP 280130Z 26006KT 3000 HZ SCT035 FEW040CB BKN100 30/15 Q1004 NOSIG",VIDP,2026-04-28T01:30:00.000Z,28.5670,77.1170,30,15,260,6,,1.86,29.65,,,,,,TRUE,,,,HZ,SCT,3500,FEW,4000,BKN,10000,,,IFR,,,,,,,,,,,,METAR,236
"METAR UAAT 280130Z 36006MPS 9999 FEW100 09/03 Q1017 NOSIG RMK QFE711/0949",UAAT,2026-04-28T01:30:00.000Z,45.1210,78.4450,9,3,360,12,,6+,30.03,,,,,,TRUE,,,,,FEW,10000,,,,,,,VFR,,,,,,,,,,,,METAR,588
"METAR LFBT 280130Z AUTO 26003KT 220V290 9999 FEW024 BKN092 BKN120 15/13 Q1016 TEMPO BKN005",LFBT,2026-04-28T01:30:00.000Z,43.1890,,15,13,260,3,,6+,30.00,,,TRUE,,,,,,,,FEW,2400,BKN,9200,BKN,12000,,,VFR,,,,,,,,,,,,METAR,359
"METAR VEPY 280130Z 08003KT 3000 BR SCT016 SCT100 18/15 Q1013 NOSIG",VEPY,2026-04-28T01:30:00.000Z,27.2280,88.5870,18,15,80,3,,1.86,29.91,,,,,,TRUE,,,,BR,SCT,1600,SCT,10000,,,,,IFR,,,,,,,,,,,,METAR,1399
"METAR LFBU 280130Z AUTO 03008KT CAVOK 13/06 Q1015",LFBU,2026-04-28T01:30:00.000Z,45.7280,0.2200,13,6,30,8,,6+,29.97,,,TRUE,,,,,,,,,,,,,,,,VFR,,,,,,,,,,,,METAR,124
"METAR EPSY 280130Z 31006KT CAVOK M00/M02 Q1023",EPSY,2026-04-28T01:30:00.000Z,53.4820,20.9380,0,-2,310,6,,6+,30.21,,,,,,,,,,,,,,,,,,,VFR,,,,,,,,,,,,METAR,136
"METAR VEPT 280130Z 09007KT 2800 BR FEW010 SCT018 BKN100 24/22 Q1004 N OSIG",VEPT,2026-04-28T01:30:00.000Z,25.5910,85.0880,24,22,90,7,,1.74,29.65,,,,,,,,,,BR,FEW,1000,SCT,1800,BKN,10000,,,IFR,,,,,,,,,,,,METAR,53
"METAR VOBG 280130Z 21009KT 6000 SCT010 25/23 Q1013 NOSIG",VOBG,2026-04-28T01:30:00.000Z,12.9490,77.6630,25,23,210,9,,3.73,29.91,,,,,,TRUE,,,,,SCT,1000,,,,,,,MVFR,,,,,,,,,,,,METAR,884
"METAR EPWR 280130Z 05006KT CAVOK 07/M04 Q1022",EPWR,2026-04-28T01:30:00.000Z,51.1032,16.8998,7,-4,50,6,,6+,30.18,,,,,,,,,,,,,,,,,,,VFR,,,,,,,,,,,,METAR,118
"METAR LFRN 280130Z AUTO 35005KT CAVOK 09/05 Q1020 NOSIG",LFRN,2026-04-28T01:30:00.000Z,48.0690,-1.7340,9,5,350,5,,6+,30.12,,,TRUE,,,TRUE,,,,,,,,,,,,,VFR,,,,,,,,,,,,METAR,35
"METAR KQEY 280130Z AUTO 26005G14KT 9999 FEW036 FEW240 15/05 A2966 RMK A02 TSNO",KQEY,2026-04-28T01:30:00.000Z,-99.9900,-99.9900,15,5,260,5,14,6+,29.66,,,TRUE,TRUE,,,TRUE,,,,FEW,3600,FEW,24000,,,,,VFR,,,,,,,,,,,,METAR,9999
"METAR GCFV 280130Z AUTO 32010KT 9999 OVC039 20/14 Q1015",GCFV,2026-04-28T01:30:00.000Z,28.4450,-13.8630,20,14,320,10,,6+,29.97,,,TRUE,,,,,,,,OVC,3900,,,,,,,VFR,,,,,,,,,,,,METAR,11
"METAR LESO 280130Z AUTO 27001KT 6000 VV009 16/15 Q1016",LESO,2026-04-28T01:30:00.000Z,43.3610,-1.7870,16,15,270,1,,3.73,30.00,,,TRUE,,,,,,,,OVX,900,,,,,,,IFR,,,,,,,,,,,9,METAR,3
"METAR KQER 280130Z AUTO 02004KT 9999 BKN017 BKN033 OVC055 10/08 A2986 RMK A02 TSNO",KQER,2026-04-28T01:30:00.000Z,-99.9900,-99.9900,10,8,20,4,,6+,29.86,,,TRUE,TRUE,,,TRUE,,,,BKN,1700,BKN,3300,OVC,5500,,,MVFR,,,,,,,,,,,,METAR,9999
"METAR VOMD 280130Z 10002KT 4000 BR FEW020 30/26 Q1008 NOSIG",VOMD,2026-04-28T01:30:00.000Z,9.8350,78.0930,30,26,100,2,,2.49,29.76,,,,,,TRUE,,,,BR,FEW,2000,,,,,,,IFR,,,,,,,,,,,,METAR,135
"METAR LQSA 280130Z VRB02KT CAVOK 08/05 Q1018 NOSIG",LQSA,2026-04-28T01:30:00.000Z,43.8250,18.3310,8,5,0,2,,6+,30.06,,,,,,TRUE,,,,,,,,,,,,,VFR,,,,,,,,,,,,METAR,505
"METAR LERS 280130Z AUTO 04005KT CAVOK 10/08 Q1016",LERS,2026-04-28T01:30:00.000Z,41.1500,1.1790,10,8,40,5,,6+,30.00,,,TRUE,,,,,,,,,,,,,,,,VFR,,,,,,,,,,,,METAR,68
"METAR YLHI 280130Z 10013KT 9999 FEW032 SCT070 BKN250 22/15 Q1024",YLHI,2026-04-28T01:30:00.000Z,-31.5380,159.0770,22,15,100,13,,6+,30.24,,,,,,,,,,,FEW,3200,SCT,7000,BKN,25000,,,VFR,,,,,,,,,,,,METAR,2
"METAR LEMH 280130Z AUTO 13005KT CAVOK 15/14 Q1016",LEMH,2026-04-28T01:30:00.000Z,39.8550,4.2160,15,14,130,5,,6+,30.00,,,TRUE,,,,,,,,,,,,,,,,VFR,,,,,,,,,,,,METAR,82
"METAR VOKN 280130Z 08004KT 4000 BR SCT012 FEW025CB BKN080 28/25 Q1008 BECMG 5000 BR",VOKN,2026-04-28T01:30:00.000Z,11.9170,75.5470,28,25,80,4,,2.49,29.76,,,,,,,,,,BR,SCT,1200,FEW,2500,BKN,8000,,,IFR,,,,,,,,,,,,METAR,105
"METAR HUEN 280130Z 35008KT 9999 FEW022 FEW024CB 20/18 Q1016",HUEN,2026-04-28T01:30:00.000Z,0.0360,32.4370,20,18,350,8,,6+,30.00,,,,,,,,,,,FEW,2200,FEW,2400,,,,,VFR,,,,,,,,,,,,METAR,1147
"METAR VIBR 280130Z 00000KT 6000 BKN070 15/13 Q1012",VIBR,2026-04-28T01:30:00.000Z,31.8760,77.1540,15,13,0,0,,3.73,29.88,,,,,,,,,,,BKN,7000,,,,,,,MVFR,,,,,,,,,,,,METAR,1089
"METAR LFRI 280130Z AUTO 04005KT CAVOK 10/05 Q1017",LFRI,2026-04-28T01:30:00.000Z,46.7020,-1.3790,10,5,40,5,,6+,30.03,,,TRUE,,,,,,,,,,,,,,,,VFR,,,,,,,,,,,,METAR,89
"METAR YCFS 280130Z AUTO 19013KT 9999 // BKN060 23/17 Q1025",YCFS,2026-04-28T01:30:00.000Z,-30.3170,153.1190,23,17,190,13,,6+,30.27,,,TRUE,,,,,,,,BKN,6000,,,,,,,VFR,,,,,,,,,,,,METAR,2
"METAR VOGA 280130Z 08002KT 4000 BR FEW080 29/27 Q1009 NOSIG",VOGA,2026-04-28T01:30:00.000Z,15.7426,73.8631,29,27,80,2,,2.49,29.79,,,,,,TRUE,,,,BR,FEW,8000,,,,,,,IFR,,,,,,,,,,,,METAR,168
"METAR LFOV 280130Z AUTO 36008KT CAVOK 09/04 Q1019",LFOV,2026-04-28T01:30:00.000Z,48.0310,-0.7460,9,4,360,8,,6+,30.09,,,TRUE,,,,,,,,,,,,,,,,VFR,,,,,,,,,,,,METAR,99
"METAR VAJB 280130Z 20009KT 6000 FEW025 SCT100 28/14 Q1007 NOSIG",VAJB,2026-04-28T01:30:00.000Z,23.1780,80.0500,28,14,200,9,,3.73,29.73,,,,,,TRUE,,,,,FEW,2500,SCT,10000,,,,,MVFR,,,,,,,,,,,,METAR,489
"METAR VOTK 280130Z VRB02KT 5000 HZ FEW018 29/25 Q1008 NOSIG",VOTK,2026-04-28T01:30:00.000Z,8.7220,78.0280,29,25,0,2,,3.11,29.76,,,,,,TRUE,,,,HZ,FEW,1800,,,,,,,MVFR,,,,,,,,,,,,METAR,25
"METAR YBLN 280130Z AUTO 11009KT 9999 // NCD 17/16 Q1019",YBLN,2026-04-28T01:30:00.000Z,-33.6880,115.4020,17,16,110,9,,6+,30.09,,,TRUE,,,,,,,,,,,,,,,,VFR,,,,,,,,,,,,METAR,17
"METAR VETJ 280130Z 00000KT 3000 BR SCT018 BKN100 22/20 Q1008 NOSIG",VETJ,2026-04-28T01:30:00.000Z,27.9410,96.1340,22,20,0,0,,1.86,29.76,,,,,,TRUE,,,,BR,SCT,1800,BKN,10000,,,,,IFR,,,,,,,,,,,,METAR,244
"METAR VEDG 280130Z 06005KT 2500 BR SCT020 BKN100 25/24 Q1004 NOSIG",VEDG,2026-04-28T01:30:00.000Z,23.6230,87.2430,25,24,60,5,,1.55,29.65,,,,,,TRUE,,,,BR,SCT,2000,BKN,10000,,,,,IFR,,,,,,,,,,,,METAR,88
"METAR SOCA 280130Z AUTO 07004KT 9999 FEW022 SCT043 26/24 Q1013 TEMPO 3000 SHRA BKN007 FEW012CB BKN015TCU",SOCA,2026-04-28T01:30:00.000Z,4.8220,-52.3650,26,24,70,4,,6+,29.91,,,TRUE,,,,,,,,FEW,2200,SCT,4300,,,,,VFR,,,,,,,,,,,,METAR,7
"METAR KLOM 280130Z AUTO 18003KT 10SM CLR 14/04 A3027 RMK AO2 T01390035",KLOM,2026-04-28T01:30:00.000Z,40.1376,-75.2684,13.9,3.5,180,3,,10+,30.27,,,TRUE,TRUE,,,,,,,,,,,,,,,VFR,,,,,,,,,,,,METAR,87
"SPECI KFTK 280130Z AUTO 02005KT 10SM TS -RA FEW007 FEW024 BKN038 OVC047 18/18 A2983 RMK AO2 DZB04E15RAB29 TSB0055E15TSB30 SLP100",KFTK,2026-04-28T01:30:00.000Z,37.9070,-85.9730,18,18,20,5,,10+,29.83,1010,,TRUE,TRUE,,,,,,TS -RA,FEW,700,FEW,2400,BKN,3800,OVC,4700,VFR,,,,,,,,,,,,SPECI,225
"METAR LFAC 280130Z AUTO 02009KT CAVOK 11/08 Q1021",LFAC,2026-04-28T01:30:00.000Z,50.9620,1.9550,11,8,20,9,,6+,30.15,,,TRUE,,,,,,,,,,,,,,,,VFR,,,,,,,,,,,,METAR,3
"METAR LFRS 280130Z AUTO 01004KT CAVOK 10/06 Q1018 NOSIG",LFRS,2026-04-28T01:30:00.000Z,47.1500,-1.6090,10,6,10,4,,6+,30.06,,,TRUE,,,TRUE,,,,,,,,,,,,,VFR,,,,,,,,,,,,METAR,26
"METAR UAUU 280130Z 16007MPS CAVOK 08/02 Q1020 NOSIG RMK QFE749/0999",UAUU,2026-04-28T01:30:00.000Z,53.2150,63.5530,8,2,160,14,,6+,30.12,,,,,,TRUE,,,,,,,,,,,,,VFR,,,,,,,,,,,,METAR,177
"METAR KPVW 280130Z AUTO 26003KT 10SM CLR 22/M12 A2985 RMK AO2 T02221117 TSNO",KPVW,2026-04-28T01:30:00.000Z,34.1690,-101.7230,22.2,-11.7,260,3,,10+,29.85,,,TRUE,TRUE,,,TRUE,,,,,,,,,,,,VFR,,,,,,,,,,,,METAR,1029
"METAR LQTZ 280130Z 08002KT CAVOK 06/06 Q1019",LQTZ,2026-04-28T01:30:00.000Z,44.4610,18.7280,6,6,80,2,,6+,30.09,,,,,,,,,,,,,,,,,,,VFR,,,,,,,,,,,,METAR,242
"METAR UGAM 280130Z AUTO 30006KT //// ////// 09/06 Q1019",UGAM,2026-04-28T01:30:00.000Z,42.5270,43.1350,9,6,300,6,,,30.09,,,TRUE,,,,,,,,,,,,,,,,null,,,,,,,,,,,,METAR,544
"METAR UASS 280130Z VRB01MPS CAVOK 09/01 Q1025 NOSIG RMK QFE751/1001",UASS,2026-04-28T01:30:00.000Z,50.3520,80.2280,9,1,0,2,,6+,30.27,,,,,,TRUE,,,,,,,,,,,,,VFR,,,,,,,,,,,,METAR,215
"METAR LFAQ 280130Z AUTO 02010KT CAVOK 10/04 Q1019",LFAQ,2026-04-28T01:30:00.000Z,49.9720,2.7040,10,4,20,10,,6+,30.09,,,TRUE,,,,,,,,,,,,,,,,VFR,,,,,,,,,,,,METAR,107
"METAR VOHY 280130Z 21003KT 5000 HZ FEW025 30/19 Q1010 NOSIG",VOHY,2026-04-28T01:30:00.000Z,17.4530,78.4680,30,19,210,3,,3.11,29.82,,,,,,TRUE,,,,HZ,FEW,2500,,,,,,,MVFR,,,,,,,,,,,,METAR,540
"METAR LROP 280130Z 03004KT 350V100 CAVOK 05/02 Q1019 NOSIG",LROP,2026-04-28T01:30:00.000Z,44.5720,26.1020,5,2,30,4,,6+,30.09,,,,,,TRUE,,,,,,,,,,,,,VFR,,,,,,,,,,,,METAR,92
"METAR VVTS 280130Z 12009KT 9999 FEW022 31/26 Q1010 NOSIG",VVTS,2026-04-28T01:30:00.000Z,10.8170,106.6670,31,26,120,9,,6+,29.82,,,,,,TRUE,,,,,FEW,2200,,,,,,,VFR,,,,,,,,,,,,METAR,10
"METAR LERT 280130Z 10018G29KT CAVOK 19/13 Q1010 NOSIG",LERT,2026-04-28T01:30:00.000Z,36.6450,-6.3490,19,13,100,18,29,6+,29.82,,,,,,TRUE,,,,,,,,,,,,,VFR,,,,,,,,,,,,METAR,27
"METAR EPGD 280130Z 28003KT CAVOK M02/M03 Q1025",EPGD,2026-04-28T01:30:00.000Z,54.3790,18.4660,-2,-3,280,3,,6+,30.27,,,,,,,,,,,,,,,,,,,VFR,,,,,,,,,,,,METAR,136
"METAR HKMO 280130Z VRB02KT 9999 FEW019 BKN080 25/23 Q1009 NOSIG",HKMO,2026-04-28T01:30:00.000Z,-4.0150,39.6060,25,23,0,2,,6+,29.79,,,,,,TRUE,,,,,FEW,1900,BKN,8000,,,,,VFR,,,,,,,,,,,,METAR,55
"METAR VVPQ 280130Z 14005KT 9999 SCT015 31/28 Q1011 NOSIG",VVPQ,2026-04-28T01:30:00.000Z,10.1690,103.9950,31,28,140,5,,6+,29.85,,,,,,TRUE,,,,,SCT,1500,,,,,,,VFR,,,,,,,,,,,,METAR,8
"METAR EPKK 280130Z 05002KT CAVOK 02/M01 Q1021",EPKK,2026-04-28T01:30:00.000Z,50.0780,19.7970,2,-1,50,2,,6+,30.15,,,,,,,,,,,,,,,,,,,VFR,,,,,,,,,,,,METAR,237
"METAR VVDN 280130Z VRB02KT 9999 FEW020 SCT060 29/24 Q1010 NOSIG",VVDN,2026-04-28T01:30:00.000Z,16.0440,108.1990,29,24,0,2,,6+,29.82,,,,,,TRUE,,,,,FEW,2000,SCT,6000,,,,,VFR,,,,,,,,,,,,METAR,7
"METAR EPLL 280130Z 03008KT CAVOK 03/M06 Q1023",EPLL,2026-04-28T01:30:00.000Z,51.7240,19.4010,3,-6,30,8,,6+,30.21,,,,,,,,,,,,,,,,,,,VFR,,,,,,,,,,,,METAR,176
"METAR VVCT 280130Z 12005KT 060V170 7000 SCT015 31/25 Q1010 NOSIG",VVCT,2026-04-28T01:30:00.000Z,10.0850,105.7120,31,25,120,5,,4.35,29.82,,,,,,TRUE,,,,,SCT,1500,,,,,,,MVFR,,,,,,,,,,,,METAR,6
"METAR EPPO 280130Z 07007KT CAVOK 02/M06 Q1025",EPPO,2026-04-28T01:30:00.000Z,52.4170,16.8350,2,-6,70,7,,6+,30.27,,,,,,,,,,,,,,,,,,,VFR,,,,,,,,,,,,METAR,87
"METAR LFRD 280130Z AUTO 04006KT CAVOK 11/06 Q1020 NOSIG",LFRD,2026-04-28T01:30:00.000Z,48.5890,-2.0750,11,6,40,6,,6+,30.12,,,TRUE,,,TRUE,,,,,,,,,,,,,VFR,,,,,,,,,,,,METAR,56
"METAR VVCR 280130Z 17005KT 130V210 9999 FEW022 31/24 Q1011 NOSIG",VVCR,2026-04-28T01:30:00.000Z,11.9980,109.2190,31,24,170,5,,6+,29.85,,,,,,TRUE,,,,,FEW,2200,,,,,,,VFR,,,,,,,,,,,,METAR,12
"METAR EPRZ 280130Z 22002KT CAVOK 02/M01 Q1020",EPRZ,2026-04-28T01:30:00.000Z,50.1120,22.0250,2,-1,220,2,,6+,30.12,,,,,,,,,,,,,,,,,,,VFR,,,,,,,,,,,,METAR,206
"METAR VVCI 280130Z 17006KT 130V190 9999 -RA FEW016 SCT023 BKN036 27/25 Q1008 NOSIG",VVCI,2026-04-28T01:30:00.000Z,20.8230,106.7270,27,25,170,6,,6+,29.76,,,,,,TRUE,,,,-RA,FEW,1600,SCT,2300,BKN,3600,,,VFR,,,,,,,,,,,,METAR,6
"METAR EPSC 280130Z 00000KT CAVOK M01/M05 Q1026",EPSC,2026-04-28T01:30:00.000Z,53.5850,14.9020,-1,-5,0,0,,6+,30.30,,,,,,,,,,,,,,,,,,,VFR,,,,,,,,,,,,METAR,47
"METAR VYYY 280130Z 24003KT 7000 SCT018 FEW020TCU 28/25 Q1010 NOSIG",VYYY,2026-04-28T01:30:00.000Z,16.9060,96.1370,28,25,240,3,,4.35,29.82,,,,,,TRUE,,,,,SCT,1800,FEW,2000,,,,,MVFR,,,,,,,,,,,,METAR,31
"METAR LEMO 280130Z 18004KT CAVOK 16/12 Q1010 NOSIG",LEMO,2026-04-28T01:30:00.000Z,37.1750,-5.6160,16,12,180,4,,6+,29.82,,,,,,TRUE,,,,,,,,,,,,,VFR,,,,,,,,,,,,METAR,82
"METAR LFSN 280130Z AUTO 00000KT CAVOK 08/03 Q1016",LFSN,2026-04-28T01:30:00.000Z,48.6920,6.2310,8,3,0,0,,6+,30.00,,,TRUE,,,,,,,,,,,,,,,,VFR,,,,,,,,,,,,METAR,214
"METAR LFAT 280130Z AUTO 02005KT 340V050 CAVOK 10/06 Q1021",LFAT,2026-04-28T01:30:00.000Z,50.5150,1.6230,10,6,20,5,,6+,30.15,,,TRUE,,,,,,,,,,,,,,,,VFR,,,,,,,,,,,,METAR,2
"METAR UGKO 280130Z 35002KT 9999 SCT020 BKN061 08/07 Q1020 NOSIG",UGKO,2026-04-28T01:30:00.000Z,42.1770,42.4830,8,7,350,2,,6+,30.12,,,,,,TRUE,,,,,SCT,2000,BKN,6100,,,,,VFR,,,,,,,,,,,,METAR,44
"METAR UADD 280130Z 23002MPS 9999 NSC 10/06 Q1015 NOSIG RMK QFE704/0939",UADD,2026-04-28T01:30:00.000Z,42.8540,71.3040,10,6,230,4,,6+,29.97,,,,,,TRUE,,,,,,,,,,,,,VFR,,,,,,,,,,,,METAR,663
"METAR VYMD 280130Z 14004KT 6000 BKN018 FEW020CB BKN110 27/23 Q1006 NOSIG",VYMD,2026-04-28T01:30:00.000Z,21.7020,95.9780,27,23,140,4,,3.73,29.70,,,,,,TRUE,,,,,BKN,1800,FEW,2000,BKN,11000,,,MVFR,,,,,,,,,,,,METAR,87
"METAR ZMCK 280130Z VRB02MPS CAVOK 06/M13 Q1025 NOSIG RMK QFE652.7 25",ZMCK,2026-04-28T01:30:00.000Z,47.6510,106.8220,6,-13,0,4,,6+,30.27,,,,,,TRUE,,,,,,,,,,,,,VFR,,,,,,,,,,,,METAR,1366
"METAR LFJR 280130Z AUTO 02005KT CAVOK 09/05 Q1018",LFJR,2026-04-28T01:30:00.000Z,47.5620,-0.3170,9,5,20,5,,6+,30.06,,,TRUE,,,,,,,,,,,,,,,,VFR,,,,,,,,,,,,METAR,50
"METAR LEGT 280130Z AUTO 04009KT CAVOK 15/M01 Q1015",LEGT,2026-04-28T01:30:00.000Z,40.2990,-3.7230,15,-1,40,9,,6+,29.97,,,TRUE,,,,,,,,,,,,,,,,VFR,,,,,,,,,,,,METAR,619
"METAR UGSB 280130Z AUTO 24004KT 9999 OVC039 11/07 Q1021 NOSIG",UGSB,2026-04-28T01:30:00.000Z,41.6100,41.6000,11,7,240,4,,6+,30.15,,,TRUE,,,TRUE,,,,,OVC,3900,,,,,,,VFR,,,,,,,,,,,,METAR,32
"METAR KO86 280130Z AUTO 16004KT 10SM BKN070 BKN080 BKN100 13/05 A3000 RMK A01",KO86,2026-04-28T01:30:00.000Z,40.9845,-122.6935,13,5,160,4,,10+,30.00,,,TRUE,TRUE,,,,,,,BKN,7000,BKN,8000,BKN,10000,,,VFR,,,,,,,,,,,,METAR,729
"METAR VLVT 280130Z 09004KT 7000 BKN040 BKN083 23/19 Q1011 NOSIG",VLVT,2026-04-28T01:30:00.000Z,17.9870,102.5640,23,19,90,4,,4.35,29.85,,,,,,TRUE,,,,,BKN,4000,BKN,8300,,,,,MVFR,,,,,,,,,,,,METAR,171
"METAR KOJA 280130Z AUTO 03008KT 10SM CLR 22/10 A2984 RMK AO2 T02180097",KOJA,2026-04-28T01:30:00.000Z,35.5484,-98.6702,21.8,9.7,30,8,,10+,29.84,,,TRUE,TRUE,,,,,,,,,,,,,,,VFR,,,,,,,,,,,,METAR,490
"METAR WADL 280130Z 10008KT 8000 BKN016 29/24 Q1010 NOSIG",WADL,2026-04-28T01:30:00.000Z,-8.7570,116.2770,29,24,100,8,,4.97,29.82,,,,,,TRUE,,,,,BKN,1600,,,,,,,MVFR,,,,,,,,,,,,METAR,97
"METAR LFPN 280130Z AUTO 34007KT CAVOK 10/05 Q1018",LFPN,2026-04-28T01:30:00.000Z,48.7520,2.1140,10,5,340,7,,6+,30.06,,,TRUE,,,,,,,,,,,,,,,,VFR,,,,,,,,,,,,METAR,152
"METAR WALL 280130Z VRB02KT 9999 FEW020 30/26 Q1010 NOSIG",WALL,2026-04-28T01:30:00.000Z,-1.2680,116.8940,30,26,0,2,,6+,29.82,,,,,,TRUE,,,,,FEW,2000,,,,,,,VFR,,,,,,,,,,,,METAR,3
"METAR LRCK 280130Z 21007KT CAVOK 03/00 Q1020 NOSIG",LRCK,2026-04-28T01:30:00.000Z,44.3620,28.4880,3,0,210,7,,6+,30.12,,,,,,TRUE,,,,,,,,,,,,,VFR,,,,,,,,,,,,METAR,108
"METAR YBWW 280130Z AUTO 10013KT 9999 // NCD 23/11 Q1023",YBWW,2026-04-28T01:30:00.000Z,-27.5580,151.7930,23,11,100,13,,6+,30.21,,,TRUE,,,,,,,,,,,,,,,,VFR,,,,,,,,,,,,METAR,460
"METAR LFBA 280130Z AUTO 33003KT CAVOK 14/12 Q1015",LFBA,2026-04-28T01:30:00.000Z,44.1760,0.5930,14,12,330,3,,6+,29.97,,,TRUE,,,,,,,,,,,,,,,,VFR,,,,,,,,,,,,METAR,68
"METAR WAOO 280130Z COR 04007KT 9999 SCT015 28/25 Q1010 NOSIG",WAOO,2026-04-28T01:30:00.000Z,-3.4400,114.7590,28,25,40,7,,6+,29.82,,TRUE,,,,TRUE,,,,,SCT,1500,,,,,,,VFR,,,,,,,,,,,,METAR,23
"METAR LFBX 280130Z AUTO 00000KT CAVOK 09/07 Q1015",LFBX,2026-04-28T01:30:00.000Z,45.1960,0.8150,9,7,0,0,,6+,29.97,,,TRUE,,,,,,,,,,,,,,,,VFR,,,,,,,,,,,,METAR,97
"METAR WIPP 280130Z 12002KT 9999 FEW015 30/26 Q1010 NOSIG",WIPP,2026-04-28T01:30:00.000Z,-2.8980,104.7000,30,26,120,2,,6+,29.82,,,,,,TRUE,,,,,FEW,1500,,,,,,,VFR,,,,,,,,,,,,METAR,7
"METAR LFMI 280130Z AUTO 05003KT CAVOK 13/12 Q1016 TEMPO 0500 FG VV///",LFMI,2026-04-28T01:30:00.000Z,43.5160,4.9350,13,12,50,3,,6+,30.00,,,TRUE,,,,,,,,,,,,,,,,VFR,,,,,,,,,,,,METAR,20
"METAR KTNB 280130Z AUTO 12005KT 10SM CLR 11/07 A3021 RMK AO2 T01060067",KTNB,2026-04-28T01:30:00.000Z,36.1988,-81.6515,10.6,6.7,120,5,,10+,30.21,,,TRUE,TRUE,,,,,,,,,,,,,,,VFR,,,,,,,,,,,,METAR,958
"METAR LFLN 280130Z AUTO VRB02KT CAVOK 09/08 Q1015",LFLN,2026-04-28T01:30:00.000Z,46.4120,4.0250,9,8,0,2,,6+,29.97,,,TRUE,,,,,,,,,,,,,,,,VFR,,,,,,,,,,,,METAR,238
"METAR GMFF 280130Z 24005KT 230V330 9999 TS SCT040CB SCT100 BKN200 18/11 Q1012 NOSIG",GMFF,2026-04-28T01:30:00.000Z,33.9290,-4.9760,18,11,240,5,,6+,29.88,,,,,,TRUE,,,,TS,SCT,4000,SCT,10000,BKN,20000,,,VFR,,,,,,,,,,,,METAR,575
"METAR VTBU 280130Z 21008KT 180V240 9999 FEW020 31/27 Q1010 NOSIG",VTBU,2026-04-28T01:30:00.000Z,12.6800,101.0010,31,27,210,8,,6+,29.82,,,,,,TRUE,,,,,FEW,2000,,,,,,,VFR,,,,,,,,,,,,METAR,12
"METAR WAHS 280130Z 06002KT 7000 SCT014 29/25 Q1010 NOSIG",WAHS,2026-04-28T01:30:00.000Z,-6.9730,110.3750,29,25,60,2,,4.35,29.82,,,,,,TRUE,,,,,SCT,1400,,,,,,,MVFR,,,,,,,,,,,,METAR,3
"METAR LFPM 280130Z AUTO 35007KT CAVOK 10/05 Q1017",LFPM,2026-04-28T01:30:00.000Z,48.6110,2.6800,10,5,350,7,,6+,30.03,,,TRUE,,,,,,,,,,,,,,,,VFR,,,,,,,,,,,,METAR,91
"METAR LFSD 280130Z AUTO 31006KT CAVOK 11/05 Q1015",LFSD,2026-04-28T01:30:00.000Z,47.2690,5.0900,11,5,310,6,,6+,29.97,,,TRUE,,,,,,,,,,,,,,,,VFR,,,,,,,,,,,,METAR,218
"SPECI KRBD 280129Z 18010KT 8SM CLR 28/22 A2978 RMK AO2 LTG DSNT N-E T02780222",KRBD,2026-04-28T01:29:00.000Z,32.6782,-96.8677,27.8,22.2,180,10,,8,29.78,,,,TRUE,,,,,,,,,,,,,,,VFR,,,,,,,,,,,,SPECI,200
"SPECI KMFD 280129Z 15023G35KT 10SM -RA SCT046 BKN075 OVC100 16/13 A2986 RMK AO2 PK WND 15035/0124 WSHFT 0109 P0002 T01560128",KMFD,2026-04-28T01:29:00.000Z,40.8204,-82.5177,15.6,12.8,150,23,35,10+,29.86,,,,TRUE,,,,,,-RA,SCT,4600,BKN,7500,OVC,10000,,,VFR,,,,,,0.02,,,,,,SPECI,394
"SPECI KDAL 280129Z VRB04KT 7SM BKN039 BKN048 BKN110 26/24 A2978 RMK AO2 RAE12 TSE29 FRQ LTGICCCCG DSNT NE-E TS MOVD NE CB DSNT NE-E MOV NE TCU DSNT W-N P0010 T02610239",KDAL,2026-04-28T01:29:00.000Z,32.8384,-96.8358,26.1,23.9,0,4,,7,29.78,,,,TRUE,,,,,,,BKN,3900,BKN,4800,BKN,11000,,,VFR,,,,,,0.1,,,,,,SPECI,148
"SPECI PAGM 280128Z AUTO 05017KT 10SM FEW005 BKN100 01/M01 A2955 RMK AO2 FZRANO PNO $",PAGM,2026-04-28T01:28:00.000Z,63.7770,-171.7350,1,-1,50,17,,10+,29.55,,,TRUE,TRUE,TRUE,,,TRUE,,,FEW,500,BKN,10000,,,,,VFR,,,,,,,,,,,,SPECI,6
"SPECI KCMY 280127Z AUTO 27007KT 10SM SCT021 BKN038 OVC045 18/15 A2946 RMK AO2 LTG DSNT NE RAB09E22 SLP978",KCMY,2026-04-28T01:27:00.000Z,43.9581,-90.7398,18,15,270,7,,10+,29.46,997.8,,TRUE,TRUE,,,,,,,SCT,2100,BKN,3800,OVC,4500,,,VFR,,,,,,,,,,,,SPECI,253
"SPECI PFKO 280127Z AUTO 07006KT SCT027 SCT033 BKN055 04/01 A2952 RMK AO2 PWINO RVRNO $",PFKO,2026-04-28T01:27:00.000Z,63.0334,-163.5323,4,1,70,6,,,29.52,,,TRUE,TRUE,TRUE,,,,TRUE,,SCT,2700,SCT,3300,BKN,5500,,,null,,,,,,,,,,,,SPECI,13
"SPECI PASN 280127Z AUTO 14015KT 6SM -RA BR SCT016 BKN025 OVC055 03/02 A2899 RMK AO2 UPB19E22RAB22 P0000 T00330017 TSNO $",PASN,2026-04-28T01:27:00.000Z,57.1550,-170.2230,3.3,1.7,140,15,,6,28.99,,,TRUE,TRUE,TRUE,,TRUE,,,-RA BR,SCT,1600,BKN,2500,OVC,5500,,,MVFR,,,,,,0.005,,,,,,SPECI,8
"SPECI KAXN 280127Z AUTO 34015G24KT 10SM OVC016 05/03 A2973 RMK AO2 PK WND 34033/0117 T00500033",KAXN,2026-04-28T01:27:00.000Z,45.8680,-95.3940,5,3.3,340,15,24,10+,29.73,,,TRUE,TRUE,,,,,,,OVC,1600,,,,,,,MVFR,,,,,,,,,,,,SPECI,433
"SPECI KCUT 280127Z AUTO 08006KT M1/4SM FZFG VV001 M01/M01 A2995 RMK AO2 T10111011",KCUT,2026-04-28T01:27:00.000Z,43.7331,-103.6151,-1.1,-1.1,80,6,,0.25,29.95,,,TRUE,TRUE,,,,,,FZFG,OVX,100,,,,,,,LIFR,,,,,,,,,,,1,SPECI,1700
"SPECI KRCA 280127Z AUTO 36009KT 10SM OVC018 03/M01 A2998 RMK AO2 SLP179",KRCA,2026-04-28T01:27:00.000Z,44.1550,-103.1180,3,-1,360,9,,10+,29.98,1017.9,,TRUE,TRUE,,,,,,,OVC,1800,,,,,,,MVFR,,,,,,,,,,,,SPECI,993
"SPECI KSBN 280126Z 21005KT 10SM FEW050 BKN075 OVC090 17/15 A2971 RMK AO2 LTG DSNT N AND E AND SW RAB0055E21 TSE05 PRESRR T01670150 PNO",KSBN,2026-04-28T01:26:00.000Z,41.7072,-86.3163,16.7,15,210,5,,10+,29.71,,,,TRUE,,,,,,,FEW,5000,BKN,7500,OVC,9000,,,VFR,,,,,,,,,,,,SPECI,236
"SPECI KDIJ 280126Z AUTO 34006KT 6SM -SN BR SCT005 OVC070 01/00 A2995 RMK AO2 RAE07SNB07 P0000",KDIJ,2026-04-28T01:26:00.000Z,43.7450,-111.0913,1,0,340,6,,6,29.95,,,TRUE,TRUE,,,,,,-SN BR,SCT,500,OVC,7000,,,,,VFR,,,,,,0.005,,,,,,SPECI,1896
"SPECI PADK 280126Z AUTO 27028G35KT 8SM -RA SCT018 BKN024 OVC060 03/01 A2938 RMK AO2 PK WND 28042/0101 PNO $",PADK,2026-04-28T01:26:00.000Z,51.8810,-176.6440,3,1,270,28,35,8,29.38,,,TRUE,TRUE,TRUE,,,,,-RA,SCT,1800,BKN,2400,OVC,6000,,,MVFR,,,,,,,,,,,,SPECI,3
"SPECI KHNB 280126Z AUTO 11011KT 10SM -RA OVC043 18/18 A2978 RMK AO2 LTG DSNT NE AND E TSB05E20RAB25 P0000",KHNB,2026-04-28T01:26:00.000Z,38.2505,-86.9473,18,18,110,11,,10+,29.78,,,TRUE,TRUE,,,,,,-RA,OVC,4300,,,,,,,VFR,,,,,,0.005,,,,,,SPECI,159
"SPECI KILN 280126Z AUTO 35003KT 4SM VCTS RA BR FEW065 OVC090 17/16 A3000 RMK AO2 LTG DSNT NW P0009 T01670161 $",KILN,2026-04-28T01:26:00.000Z,39.4308,-83.7770,16.7,16.1,350,3,,4,30.00,,,TRUE,TRUE,TRUE,,,,,VCTS RA BR,FEW,6500,OVC,9000,,,,,MVFR,,,,,,0.09,,,,,,SPECI,325
"METAR EHPG 280125Z AUTO 06020KT 9999 FEW009 09/06 Q1023",EHPG,2026-04-28T01:25:00.000Z,52.3600,3.3420,9,6,60,20,,6+,30.21,,,TRUE,,,,,,,,FEW,900,,,,,,,VFR,,,,,,,,,,,,METAR,24
"METAR EHVK 280125Z AUTO 02007KT 350V050 9999 SCT093 OVC099 09/04 Q1021 BLU",EHVK,2026-04-28T01:25:00.000Z,51.6580,5.7070,9,4,20,7,,6+,30.15,,,TRUE,,,,,,,,SCT,9300,OVC,9900,,,,,VFR,,,,,,,,,,,,METAR,20
"METAR EHVL 280125Z AUTO 05012KT 9999 FEW013 SCT046 BKN065 08/06 Q1025 BLU",EHVL,2026-04-28T01:25:00.000Z,53.2970,5.0860,8,6,50,12,,6+,30.27,,,TRUE,,,,,,,,FEW,1300,SCT,4600,BKN,6500,,,VFR,,,,,,,,,,,,METAR,2
"SPECI CYHD 280125Z AUTO 02010G17KT 340V050 8SM -FZUP OVC006 02/01 A2971 RMK ICE SLP084",CYHD,2026-04-28T01:25:00.000Z,49.8300,-92.7400,2,1,20,10,17,8,29.71,1008.4,,TRUE,,,,,,,UP,OVC,600,,,,,,,IFR,,,,,,,,,,,,SPECI,414
"METAR EHRD 280125Z AUTO 05010KT 010V070 9999 NSC 09/05 Q1022 NOSIG",EHRD,2026-04-28T01:25:00.000Z,51.9540,4.4440,9,5,50,10,,6+,30.18,,,TRUE,,,TRUE,,,,,,,,,,,,,VFR,,,,,,,,,,,,METAR,-4
"SPECI PGUA 280125Z 08016KT 9SM BKN015 OVC023 29/24 A2998 RMK AO2A BKN V OVC SLPNO ALSTG ESTMD PWINO $",PGUA,2026-04-28T01:25:00.000Z,13.5830,144.9180,29,24,80,16,,9,29.98,,,,TRUE,TRUE,,,,TRUE,,BKN,1500,OVC,2300,,,,,MVFR,,,,,,,,,,,,SPECI,159
"METAR EHLE 280125Z AUTO 05008KT 9999 NSC 08/04 Q1023",EHLE,2026-04-28T01:25:00.000Z,52.4560,5.5220,8,4,50,8,,6+,30.21,,,TRUE,,,,,,,,,,,,,,,,VFR,,,,,,,,,,,,METAR,-3
"METAR EHEH 280125Z AUTO 02006KT 9999 OVC120 10/04 Q1021 BLU",EHEH,2026-04-28T01:25:00.000Z,51.4500,5.3770,10,4,20,6,,6+,30.15,,,TRUE,,,,,,,,OVC,12000,,,,,,,VFR,,,,,,,,,,,,METAR,20
"METAR EHLW 280125Z AUTO 05008KT 340V100 9999 BKN072 08/06 Q1025 BLU",EHLW,2026-04-28T01:25:00.000Z,53.2230,5.7520,8,6,50,8,,6+,30.27,,,TRUE,,,,,,,,BKN,7200,,,,,,,VFR,,,,,,,,,,,,METAR,1
"METAR EHMA 280125Z AUTO 08015KT 040V120 9999 FEW011 09/06 Q1025 W///H7",EHMA,2026-04-28T01:25:00.000Z,53.4920,5.9420,9,6,80,15,,6+,30.27,,,TRUE,,,,,,,,FEW,1100,,,,,,,VFR,,,,,,,,,,,,METAR,27
"METAR EHFS 280125Z AUTO 04008KT 010V070 9999 NSC 11/07 Q1021",EHFS,2026-04-28T01:25:00.000Z,51.4410,3.5960,11,7,40,8,,6+,30.15,,,TRUE,,,,,,,,,,,,,,,,VFR,,,,,,,,,,,,METAR,1
"METAR EHKD 280125Z AUTO 06015KT 9999 SCT066 BKN088 OVC100 08/06 Q1024 BLU",EHKD,2026-04-28T01:25:00.000Z,52.9270,4.7810,8,6,60,15,,6+,30.24,,,TRUE,,,,,,,,SCT,6600,BKN,8800,OVC,10000,,,VFR,,,,,,,,,,,,METAR,1
"SPECI KLEX 280125Z 29011G32KT 250V320 6SM TSRA FEW034 FEW042 OVC060 19/15 A2988 RMK AO2 PK WND 32032/0118 WSHFT 0105 LTG DSNT NW-NE RAB10 TSB03 P0007 T01940150",KLEX,2026-04-28T01:25:00.000Z,38.0339,-84.6114,19.4,15,290,11,32,6,29.88,,,,TRUE,,,,,,TSRA,FEW,3400,FEW,4200,OVC,6000,,,VFR,,,,,,0.07,,,,,,SPECI,294
"METAR EHWO 280125Z AUTO 03008KT 350V090 9999 OVC082 10/05 Q1021 BLU",EHWO,2026-04-28T01:25:00.000Z,51.4480,4.3420,10,5,30,8,,6+,30.15,,,TRUE,,,,,,,,OVC,8200,,,,,,,VFR,,,,,,,,,,,,METAR,15
"METAR EHMG 280125Z AUTO 06019KT 9999 FEW014 FEW015CB 08/05 Q1026 W///H9",EHMG,2026-04-28T01:25:00.000Z,53.6140,4.9600,8,5,60,19,,6+,30.30,,,TRUE,,,,,,,,FEW,1400,FEW,1500,,,,,VFR,,,,,,,,,,,,METAR,30
"METAR EHKV 280125Z AUTO 07019KT 9999 -DZ FEW013 BKN015CB BKN019 09/05 Q1025 W///H11",EHKV,2026-04-28T01:25:00.000Z,53.2690,3.6280,9,5,70,19,,6+,30.27,,,TRUE,,,,,,,-DZ,FEW,1300,BKN,1500,BKN,1900,,,MVFR,,,,,,,,,,,,METAR,28
"METAR KM04 280125Z AUTO 20013KT 10SM FEW042 OVC050 27/21 A2982 RMK A01",KM04,2026-04-28T01:25:00.000Z,35.5819,-89.5858,27,21,200,13,,10+,29.82,,,TRUE,TRUE,,,,,,,FEW,4200,OVC,5000,,,,,VFR,,,,,,,,,,,,METAR,83
"METAR EHJR 280125Z AUTO 08017KT //// // ///////// 08/06 Q1024 RE// W10/H13",EHJR,2026-04-28T01:25:00.000Z,53.2180,3.2200,8,6,80,17,,,30.24,,,TRUE,,,,,,,,,,,,,,,,null,,,,,,,,,,,,METAR,31
"METAR EHAK 280125Z AUTO 03010KT 9999 FEW011/// BKN013/// BKN016/// 07/05 Q1028 W///H7",EHAK,2026-04-28T01:25:00.000Z,55.3990,3.8100,7,5,30,10,,6+,30.35,,,TRUE,,,,,,,,FEW,1100,BKN,1300,BKN,1600,,,MVFR,,,,,,,,,,,,METAR,33
"METAR EHDV 280125Z AUTO VRB13KT 9999 FEW015/// SCT032/// BKN041/// 08/04 Q1027",EHDV,2026-04-28T01:25:00.000Z,54.3260,2.9360,8,4,0,13,,6+,30.32,,,TRUE,,,,,,,,FEW,1500,SCT,3200,BKN,4100,,,VFR,,,,,,,,,,,,METAR,36
"METAR EHBK 280125Z AUTO 03009KT 9999 NSC 09/02 Q1020 NOSIG",EHBK,2026-04-28T01:25:00.000Z,50.9050,5.7620,9,2,30,9,,6+,30.12,,,TRUE,,,TRUE,,,,,,,,,,,,,VFR,,,,,,,,,,,,METAR,112
"METAR EHSA 280125Z AUTO 04020KT 9999 ///////// 10/07 Q1023 W11/H10",EHSA,2026-04-28T01:25:00.000Z,51.9980,3.2750,10,7,40,20,,6+,30.21,,,TRUE,,,,,,,,,,,,,,,,VFR,,,,,,,,,,,,METAR,18
"METAR EHHW 280125Z AUTO VRB11KT 9999 NSC 08/05 Q1026",EHHW,2026-04-28T01:25:00.000Z,54.0370,6.0420,8,5,0,11,,6+,30.30,,,TRUE,,,,,,,,,,,,,,,,VFR,,,,,,,,,,,,METAR,10
"METAR EHAM 280125Z 05010KT 020V090 9999 FEW015 09/05 Q1023 NOSIG",EHAM,2026-04-28T01:25:00.000Z,52.3150,4.7900,9,5,50,10,,6+,30.21,,,,,,TRUE,,,,,FEW,1500,,,,,,,VFR,,,,,,,,,,,,METAR,-2
"METAR EHSC 280125Z AUTO 05017KT 9999 ///////// 10/08 Q1022 W11/H8",EHSC,2026-04-28T01:25:00.000Z,51.9260,3.6700,10,8,50,17,,6+,30.18,,,TRUE,,,,,,,,,,,,,,,,VFR,,,,,,,,,,,,METAR,19
"METAR EHGG 280125Z AUTO 04006KT 9999 NSC 08/06 Q1024 NOSIG",EHGG,2026-04-28T01:25:00.000Z,53.1200,6.5790,8,6,40,6,,6+,30.24,,,TRUE,,,TRUE,,,,,,,,,,,,,VFR,,,,,,,,,,,,METAR,2
"METAR EHGR 280125Z AUTO 03010KT 360V100 9999 SCT096 OVC100 10/04 Q1021 BLU",EHGR,2026-04-28T01:25:00.000Z,51.5650,4.9350,10,4,30,10,,6+,30.15,,,TRUE,,,,,,,,SCT,9600,OVC,10000,,,,,VFR,,,,,,,,,,,,METAR,12
"METAR EHFD 280125Z AUTO 06011KT 9999 NSC 07/04 Q1027 W///H8",EHFD,2026-04-28T01:25:00.000Z,54.8540,4.6960,7,4,60,11,,6+,30.32,,,TRUE,,,,,,,,,,,,,,,,VFR,,,,,,,,,,,,METAR,24
"METAR EHJA 280125Z AUTO 05017KT 9999 FEW009/// SCT014/// BKN017/// 08/05 Q1026 W///H12",EHJA,2026-04-28T01:25:00.000Z,53.8240,2.9450,8,5,50,17,,6+,30.30,,,TRUE,,,,,,,,FEW,900,SCT,1400,BKN,1700,,,MVFR,,,,,,,,,,,,METAR,34
"METAR EHDL 280125Z AUTO 04009KT 320V110 9999 OVC100 07/04 Q1022 BLU",EHDL,2026-04-28T01:25:00.000Z,52.0610,5.8870,7,4,40,9,,6+,30.18,,,TRUE,,,,,,,,OVC,10000,,,,,,,VFR,,,,,,,,,,,,METAR,49
"METAR KUCY 280125Z AUTO 20014G21KT 10SM SCT046 SCT060 SCT090 27/21 A2974 RMK A01",KUCY,2026-04-28T01:25:00.000Z,36.3778,-88.9878,27,21,200,14,21,10+,29.74,,,TRUE,TRUE,,,,,,,SCT,4600,SCT,6000,SCT,9000,,,VFR,,,,,,,,,,,,METAR,97
"SPECI KVRB 280124Z 04012KT 10SM SCT024 24/19 A3006 RMK AO2 T02390189",KVRB,2026-04-28T01:24:00.000Z,27.6553,-80.4142,23.9,18.9,40,12,,10+,30.06,,,,TRUE,,,,,,,SCT,2400,,,,,,,VFR,,,,,,,,,,,,SPECI,7
"SPECI KLCH 280124Z 16011KT 10SM SCT018 BKN024 26/23 A2993 RMK AO2 T02560228",KLCH,2026-04-28T01:24:00.000Z,30.1255,-93.2277,25.6,22.8,160,11,,10+,29.93,,,,TRUE,,,,,,,SCT,1800,BKN,2400,,,,,MVFR,,,,,,,,,,,,SPECI,2
"SPECI KHEY 280124Z AUTO 11006KT 10SM CLR 24/17 A3005 RMK AO2 SLP176",KHEY,2026-04-28T01:24:00.000Z,31.3480,-85.6550,24,17,110,6,,10+,30.05,1017.6,,TRUE,TRUE,,,,,,,,,,,,,,,VFR,,,,,,,,,,,,SPECI,95
"SPECI KCMX 280124Z AUTO 09010KT 10SM OVC014 08/06 A2947 RMK AO2 T00830061",KCMX,2026-04-28T01:24:00.000Z,47.1705,-88.4854,8.3,6.1,90,10,,10+,29.47,,,TRUE,TRUE,,,,,,,OVC,1400,,,,,,,MVFR,,,,,,,,,,,,SPECI,326
"SPECI PAEH 280123Z AUTO 02016G26KT 010V070 10SM SCT020 03/M02 A2948 RMK AO2 PK WND 01026/0120 SLP989 $;",PAEH,2026-04-28T01:23:00.000Z,58.6520,-162.0620,3,-2,20,16,26,10+,29.48,998.9,,TRUE,TRUE,TRUE,,,,,,SCT,2000,,,,,,,VFR,,,,,,,,,,,,SPECI,101
"SPECI KUIL 280123Z AUTO VRB06KT 10SM SCT017 BKN023 OVC033 11/08 A3005 RMK AO2 T01110078",KUIL,2026-04-28T01:23:00.000Z,47.9370,-124.5576,11.1,7.8,0,6,,10+,30.05,,,TRUE,TRUE,,,,,,,SCT,1700,BKN,2300,OVC,3300,,,MVFR,,,,,,,,,,,,SPECI,58
"SPECI LTCK 280123Z 04003KT 010V070 9999 FEW040 SCT180 05/05 Q1014",LTCK,2026-04-28T01:23:00.000Z,38.7480,41.6610,5,5,40,3,,6+,29.94,,,,,,,,,,,FEW,4000,SCT,18000,,,,,VFR,,,,,,,,,,,,SPECI,1267
"SPECI KNFJ 280123Z AUTO 10SM BKN011 22/20 A3007 RMK AO2 T02220200 $ ",KNFJ,2026-04-28T01:23:00.000Z,30.5120,-86.9540,22.2,20,,,,10+,30.07,,,TRUE,TRUE,TRUE,,,,,,BKN,1100,,,,,,,MVFR,,,,,,,,,,,,SPECI,34
"SPECI KMML 280123Z AUTO 33020G31KT 10SM OVC015 07/04 A2977 RMK AO2 PK WND 34033/0103",KMML,2026-04-28T01:23:00.000Z,44.4504,-95.8215,7,4,330,20,31,10+,29.77,,,TRUE,TRUE,,,,,,,OVC,1500,,,,,,,MVFR,,,,,,,,,,,,SPECI,358
"SPECI KIMT 280122Z AUTO 15007KT 7SM OVC005 12/12 A2949 RMK AO2 CIG 003V009 T01220122",KIMT,2026-04-28T01:22:00.000Z,45.8134,-88.1129,12.2,12.2,150,7,,7,29.49,,,TRUE,TRUE,,,,,,,OVC,500,,,,,,,IFR,,,,,,,,,,,,SPECI,343
"SPECI KRWF 280122Z AUTO 32015G26KT 10SM OVC014 07/05 A2971 RMK AO2 PK WND 31026/0118 T00670050",KRWF,2026-04-28T01:22:00.000Z,44.5483,-95.0804,6.7,5,320,15,26,10+,29.71,,,TRUE,TRUE,,,,,,,OVC,1400,,,,,,,MVFR,,,,,,,,,,,,SPECI,312
"METAR KEDJ 280121Z AUTO 19022KT 10SM FEW034 27/27 RMK AO1",KEDJ,2026-04-28T01:21:00.000Z,40.3714,-83.8142,27,27,190,22,,10+,,,,TRUE,TRUE,,,,,,,FEW,3400,,,,,,,VFR,,,,,,,,,,,,METAR,341
"SPECI KHFF 280121Z AUTO 15004KT 10SM CLR 15/09 A3019 RMK AO2 LTG DSNT S SLP226 $",KHFF,2026-04-28T01:21:00.000Z,35.0424,-79.4973,15,9,150,4,,10+,30.19,1022.6,,TRUE,TRUE,TRUE,,,,,,,,,,,,,,VFR,,,,,,,,,,,,SPECI,100
"SPECI KLOR 280121Z AUTO 00000KT 10SM CLR 25/17 A3005 RMK AO2 SLP158 $",KLOR,2026-04-28T01:21:00.000Z,31.3600,-85.7490,25,17,0,0,,10+,30.05,1015.8,,TRUE,TRUE,TRUE,,,,,,,,,,,,,,VFR,,,,,,,,,,,,SPECI,92
"SPECI KRIW 280121Z AUTO 00000KT 10SM FEW024 SCT032 OVC039 05/M01 A2989 RMK AO2 RAE00 P0000 T00501006 $",KRIW,2026-04-28T01:21:00.000Z,43.0622,-108.4471,5,-0.6,0,0,,10+,29.89,,,TRUE,TRUE,TRUE,,,,,,FEW,2400,SCT,3200,OVC,3900,,,VFR,,,,,,0.005,,,,,,SPECI,1662
"SPECI KAFF 280121Z 00000KT 10SM SCT038 OVC050 07/03 A2993 RMK AO2A TS DSIPTD SLP105",KAFF,2026-04-28T01:21:00.000Z,38.9710,-104.8160,7,3,0,0,,10+,29.93,1010.5,,,TRUE,,,,,,,SCT,3800,OVC,5000,,,,,VFR,,,,,,,,,,,,SPECI,2003
"SPECI RKPC 280121Z 33003KT 7000 SCT013 BKN025 15/11 Q1016 NOSIG",RKPC,2026-04-28T01:21:00.000Z,33.5110,126.4930,15,11,330,3,,4.35,30.00,,,,,,TRUE,,,,,SCT,1300,BKN,2500,,,,,MVFR,,,,,,,,,,,,SPECI,23
"SPECI KDEC 280121Z 20009KT 10SM FEW100 16/15 A2964 RMK AO2 LTG DSNT E-S T01610150",KDEC,2026-04-28T01:21:00.000Z,39.8308,-88.8719,16.1,15,200,9,,10+,29.64,,,,TRUE,,,,,,,FEW,10000,,,,,,,VFR,,,,,,,,,,,,SPECI,205
"METAR EGDM 280120Z AUTO 02009KT 9999 SCT086/// 09/07 Q1023",EGDM,2026-04-28T01:20:00.000Z,51.1530,-1.7500,9,7,20,9,,6+,30.21,,,TRUE,,,,,,,,SCT,8600,,,,,,,VFR,,,,,,,,,,,,METAR,122
"METAR ENGM 280120Z VRB02KT CAVOK 03/M06 Q1030",ENGM,2026-04-28T01:20:00.000Z,60.2010,11.0800,3,-6,0,2,,6+,30.41,,,,,,,,,,,,,,,,,,,VFR,,,,,,,,,,,,METAR,204
"METAR ENOL 280120Z 08004KT CAVOK 00/M02 Q1031",ENOL,2026-04-28T01:20:00.000Z,63.7030,9.6090,0,-2,80,4,,6+,30.44,,,,,,,,,,,,,,,,,,,VFR,,,,,,,,,,,,METAR,9
"METAR ENZV 280120Z AUTO 16002KT 9999 NCD 03/01 Q1030",ENZV,2026-04-28T01:20:00.000Z,58.8840,5.6370,3,1,160,2,,6+,30.41,,,TRUE,,,,,,,,,,,,,,,,VFR,,,,,,,,,,,,METAR,7
"METAR ENNE 280120Z AUTO 25010KT 9999 SCT032/// BKN041/// 06/M01 Q1030 W///S4",ENNE,2026-04-28T01:20:00.000Z,66.0300,8.0800,6,-1,250,10,,6+,30.41,,,TRUE,,,,,,,,SCT,3200,BKN,4100,,,,,VFR,,,,,,,,,,,,METAR,10
"METAR ENQA 280120Z AUTO 34006KT 9999 NSC 06/01 Q1030 W05/S4",ENQA,2026-04-28T01:20:00.000Z,60.6450,3.7250,6,1,340,6,,6+,30.41,,,TRUE,,,,,,,,,,,,,,,,VFR,,,,,,,,,,,,METAR,90
"METAR ENQC 280120Z AUTO 32006KT 9999 NSC 09/02 Q1030 W///S3",ENQC,2026-04-28T01:20:00.000Z,60.8860,3.6100,9,2,320,6,,6+,30.41,,,TRUE,,,,,,,,,,,,,,,,VFR,,,,,,,,,,,,METAR,20
"METAR ENQR 280120Z AUTO 22009KT 9999 /// 07/05 Q1030 W11/S3",ENQR,2026-04-28T01:20:00.000Z,61.5300,2.2200,7,5,220,9,,6+,30.41,,,TRUE,,,,,,,,,,,,,,,,VFR,,,,,,,,,,,,METAR,10
"METAR ENSE 280120Z AUTO 21009KT 9999 OVC013/// 08/05 Q1030 W///S4",ENSE,2026-04-28T01:20:00.000Z,61.4500,2.1500,8,5,210,9,,6+,30.41,,,TRUE,,,,,,,,OVC,1300,,,,,,,MVFR,,,,,,,,,,,,METAR,10
"METAR ENUG 280120Z AUTO 34014KT 9999NDV SCT035/// BKN056/// 02/M06 Q1024 W///S4",ENUG,2026-04-28T01:20:00.000Z,71.3050,22.2530,2,-6,340,14,,,30.24,,,TRUE,,,,,,,,SCT,3500,BKN,5600,,,,,null,,,,,,,,,,,,METAR,30
"METAR ENWV 280120Z AUTO 04017KT 9999NDV SCT012/// 06/05 Q1028 W///S3",ENWV,2026-04-28T01:20:00.000Z,56.2780,3.3950,6,5,40,17,,,30.35,,,TRUE,,,,,,,,SCT,1200,,,,,,,null,,,,,,,,,,,,METAR,30
"METAR EDHK 280120Z AUTO 07004KT 9999 // NCD 06/02 Q1026",EDHK,2026-04-28T01:20:00.000Z,54.3760,10.1430,6,2,70,4,,6+,30.30,,,TRUE,,,,,,,,,,,,,,,,VFR,,,,,,,,,,,,METAR,24
"METAR EDMO 280120Z AUTO VRB01KT CAVOK 03/00 Q1017",EDMO,2026-04-28T01:20:00.000Z,48.0810,11.2830,3,0,0,1,,6+,30.03,,,TRUE,,,,,,,,,,,,,,,,VFR,,,,,,,,,,,,METAR,587
"METAR EDVE 280120Z AUTO 07004KT CAVOK 06/01 Q1023",EDVE,2026-04-28T01:20:00.000Z,52.3190,10.5580,6,1,70,4,,6+,30.21,,,TRUE,,,,,,,,,,,,,,,,VFR,,,,,,,,,,,,METAR,83
"METAR ENBN 280120Z AUTO 28003KT 240V310 9999 SCT029/// OVC041/// 03/01 Q1030",ENBN,2026-04-28T01:20:00.000Z,65.4580,12.2160,3,1,280,3,,6+,30.41,,,TRUE,,,,,,,,SCT,2900,OVC,4100,,,,,VFR,,,,,,,,,,,,METAR,3
"METAR ENBV 280120Z AUTO 34023KT 9999 -SN SCT024/// BKN035/// OVC043/// 01/M03 Q1020",ENBV,2026-04-28T01:20:00.000Z,70.8710,29.0320,1,-3,340,23,,6+,30.12,,,TRUE,,,,,,,-SN,SCT,2400,BKN,3500,OVC,4300,,,VFR,,,,,,,,,,,,METAR,13
"METAR ENRA 280120Z AUTO VRB03KT 9999 FEW050/// OVC062/// M02/M03 Q1029",ENRA,2026-04-28T01:20:00.000Z,66.3640,14.3020,-2,-3,0,3,,6+,30.38,,,TRUE,,,,,,,,FEW,5000,OVC,6200,,,,,VFR,,,,,,,,,,,,METAR,66
"METAR ENBS 280120Z AUTO 35020KT 0300 +SN FEW002/// BKN014/// BKN026/// M02/M03 Q1019",ENBS,2026-04-28T01:20:00.000Z,70.6010,29.6980,-2,-3,350,20,,0.19,30.09,,,TRUE,,,,,,,+SN,FEW,200,BKN,1400,BKN,2600,,,LIFR,,,,,,,,,,,,METAR,144
"METAR ENHK 280120Z AUTO 33002KT 9999 BKN054/// OVC067/// M02/M03 Q1026",ENHK,2026-04-28T01:20:00.000Z,70.4870,22.1400,-2,-3,330,2,,6+,30.30,,,TRUE,,,,,,,,BKN,5400,OVC,6700,,,,,VFR,,,,,,,,,,,,METAR,6
"METAR ENHV 280120Z AUTO 34017KT 310V010 9999 -SN OVC032/// 01/M06 Q1023",ENHV,2026-04-28T01:20:00.000Z,71.0090,25.9820,1,-6,340,17,,6+,30.21,,,TRUE,,,,,,,-SN,OVC,3200,,,,,,,VFR,,,,,,,,,,,,METAR,13
"METAR ENLK 280120Z AUTO 00000KT 9999 OVC057/// 01/M01 Q1029",ENLK,2026-04-28T01:20:00.000Z,68.1550,13.6150,1,-1,0,0,,6+,30.38,,,TRUE,,,,,,,,OVC,5700,,,,,,,VFR,,,,,,,,,,,,METAR,26
"METAR ENMH 280120Z AUTO 34017KT 9999 -SN FEW025/// BKN035/// OVC046/// 00/M05 Q1022",ENMH,2026-04-28T01:20:00.000Z,71.0290,27.8290,0,-5,340,17,,6+,30.18,,,TRUE,,,,,,,-SN,FEW,2500,BKN,3500,OVC,4600,,,VFR,,,,,,,,,,,,METAR,10
"METAR ENNM 280120Z AUTO 22004KT 9999 OVC031/// 03/01 Q1031 REDZRA",ENNM,2026-04-28T01:20:00.000Z,64.4710,11.5700,3,1,220,4,,6+,30.44,,,TRUE,,,,,,,RA,OVC,3100,,,,,,,VFR,,,,,,,,,,,,METAR,2
"METAR LGIO 280120Z AUTO 00000KT //// // ////// 07/07 Q1018 RE//",LGIO,2026-04-28T01:20:00.000Z,39.6960,20.8230,7,7,0,0,,,30.06,,,TRUE,,,,,,,,,,,,,,,,null,,,,,,,,,,,,METAR,476
"METAR LGZA 280120Z VRB03KT 9999 FEW015 14/12 Q1017",LGZA,2026-04-28T01:20:00.000Z,37.7510,20.8840,14,12,0,3,,6+,30.03,,,,,,,,,,,FEW,1500,,,,,,,VFR,,,,,,,,,,,,METAR,3
"METAR ENMS 280120Z AUTO VRB01KT 9999 OVC049/// M00/M01 Q1030 RMK WIND 412FT 17001KT",ENMS,2026-04-28T01:20:00.000Z,65.7840,13.2180,0,-1,0,1,,6+,30.41,,,TRUE,,,,,,,,OVC,4900,,,,,,,VFR,,,,,,,,,,,,METAR,44
"METAR ENRM 280120Z AUTO 00000KT 9999 BKN023/// 03/01 Q1031",ENRM,2026-04-28T01:20:00.000Z,64.8350,11.1410,3,1,0,0,,6+,30.44,,,TRUE,,,,,,,,BKN,2300,,,,,,,MVFR,,,,,,,,,,,,METAR,4
"METAR ENRS 280120Z AUTO 32004KT 9999 SCT053/// 02/M02 Q1030",ENRS,2026-04-28T01:20:00.000Z,67.5270,12.1040,2,-2,320,4,,6+,30.41,,,TRUE,,,,,,,,SCT,5300,,,,,,,VFR,,,,,,,,,,,,METAR,4
"METAR ENSK 280120Z AUTO 34004KT 9999 NCD M02/M03 Q1029",ENSK,2026-04-28T01:20:00.000Z,68.5800,15.0290,-2,-3,340,4,,6+,30.38,,,TRUE,,,,,,,,,,,,,,,,VFR,,,,,,,,,,,,METAR,3
"METAR ENST 280120Z AUTO 08004KT 9999 OVC033/// 03/M02 Q1030 RMK WIND 0300FT 07006KT",ENST,2026-04-28T01:20:00.000Z,65.9610,12.4720,3,-2,80,4,,6+,30.41,,,TRUE,,,,,,,,OVC,3300,,,,,,,VFR,,,,,,,,,,,,METAR,17
"METAR ENVD 280120Z AUTO 32016KT 7000 -SN OVC022/// M01/M04 Q1019",ENVD,2026-04-28T01:20:00.000Z,70.0650,29.8350,-1,-4,320,16,,4.35,30.09,,,TRUE,,,,,,,-SN,OVC,2200,,,,,,,MVFR,,,,,,,,,,,,METAR,39
"METAR ENAL 280120Z AUTO 19004KT 9999 NCD 02/M01 Q1030",ENAL,2026-04-28T01:20:00.000Z,62.5620,6.1150,2,-1,190,4,,6+,30.41,,,TRUE,,,,,,,,,,,,,,,,VFR,,,,,,,,,,,,METAR,21
"METAR EDBC 280120Z AUTO 05006KT CAVOK 05/01 Q1023",EDBC,2026-04-28T01:20:00.000Z,51.8560,11.4200,5,1,50,6,,6+,30.21,,,TRUE,,,,,,,,,,,,,,,,VFR,,,,,,,,,,,,METAR,178
"METAR EDLP 280120Z 12004KT CAVOK 07/02 Q1021",EDLP,2026-04-28T01:20:00.000Z,51.6140,8.6160,7,2,120,4,,6+,30.15,,,,,,,,,,,,,,,,,,,VFR,,,,,,,,,,,,METAR,211
"METAR ENBL 280120Z AUTO 32002KT 9999 FEW196/// 01/M02 Q1029",ENBL,2026-04-28T01:20:00.000Z,61.3910,5.7600,1,-2,320,2,,6+,30.38,,,TRUE,,,,,,,,FEW,19600,,,,,,,VFR,,,,,,,,,,,,METAR,313
"METAR ENFL 280120Z AUTO 09004KT 9999 NCD 03/02 Q1030",ENFL,2026-04-28T01:20:00.000Z,61.5820,5.0200,3,2,90,4,,6+,30.41,,,TRUE,,,,,,,,,,,,,,,,VFR,,,,,,,,,,,,METAR,1
"METAR ENKR 280120Z AUTO 33017KT 9999 FEW020/// M01/M04 Q1019 RESN RMK WIND 731FT 33023KT",ENKR,2026-04-28T01:20:00.000Z,69.7250,29.8980,-1,-4,330,17,,6+,30.09,,,TRUE,,,,,,,,FEW,2000,,,,,,,VFR,,,,,,,,,,,,METAR,86
"METAR ENNA 280120Z AUTO 34017KT 9999 BKN048/// 00/M05 Q1024 RMK WIND 1800FT 33025KT",ENNA,2026-04-28T01:20:00.000Z,70.0590,24.9710,0,-5,340,17,,6+,30.24,,,TRUE,,,,,,,,BKN,4800,,,,,,,VFR,,,,,,,,,,,,METAR,12
"METAR ENLA 280120Z AUTO 04012KT 9999NDV NCD 08/04 Q1030 W///S3",ENLA,2026-04-28T01:20:00.000Z,57.1110,2.8460,8,4,40,12,,,30.41,,,TRUE,,,,,,,,,,,,,,,,null,,,,,,,,,,,,METAR,10
"METAR ENBR 280120Z AUTO 01003KT 9999 NCD 03/00 Q1030 RMK WIND 1200FT 02007KT",ENBR,2026-04-28T01:20:00.000Z,60.2900,5.2220,3,0,10,3,,6+,30.41,,,TRUE,,,,,,,,,,,,,,,,VFR,,,,,,,,,,,,METAR,49
"METAR ENFB 280120Z AUTO 21009KT 9999 BKN017/// OVC041/// 08/06 Q1030 W///S4",ENFB,2026-04-28T01:20:00.000Z,61.2060,1.8290,8,6,210,9,,6+,30.41,,,TRUE,,,,,,,,BKN,1700,OVC,4100,,,,,MVFR,,,,,,,,,,,,METAR,10
"METAR EDNY 280120Z AUTO 07005KT 9999 // BKN240/// 08/02 Q1017",EDNY,2026-04-28T01:20:00.000Z,47.6710,9.5110,8,2,70,5,,6+,30.03,,,TRUE,,,,,,,,BKN,24000,,,,,,,VFR,,,,,,,,,,,,METAR,411
"METAR EDVK 280120Z AUTO 04005KT 9999 // FEW150/// 06/01 Q1021",EDVK,2026-04-28T01:20:00.000Z,51.4210,9.3880,6,1,40,5,,6+,30.15,,,TRUE,,,,,,,,FEW,15000,,,,,,,VFR,,,,,,,,,,,,METAR,262
"METAR EDXW 280120Z AUTO 09008KT 9999 R/////// // NCD 06/02 Q1027",EDXW,2026-04-28T01:20:00.000Z,54.9130,8.3410,6,2,90,8,,6+,30.32,,,TRUE,,,,,,,,,,,,,,,,VFR,,,,,,,,,,,,METAR,8
"METAR EDLN 280120Z AUTO 03004KT 360V070 9999 // BKN140/// BKN240/// 10/02 Q1020",EDLN,2026-04-28T01:20:00.000Z,51.2300,6.5040,10,2,30,4,,6+,30.12,,,TRUE,,,,,,,,BKN,14000,BKN,24000,,,,,VFR,,,,,,,,,,,,METAR,38
"METAR EDLW 280120Z AUTO 04003KT 9999 // SCT140/// BKN160/// 06/02 Q1021",EDLW,2026-04-28T01:20:00.000Z,51.5180,7.6120,6,2,40,3,,6+,30.15,,,TRUE,,,,,,,,SCT,14000,BKN,16000,,,,,VFR,,,,,,,,,,,,METAR,122
"METAR EDHL 280120Z AUTO 07002KT 9999 // NCD 03/01 Q1026",EDHL,2026-04-28T01:20:00.000Z,53.8050,10.7190,3,1,70,2,,6+,30.30,,,TRUE,,,,,,,,,,,,,,,,VFR,,,,,,,,,,,,METAR,13
"METAR EDJA 280120Z AUTO 04005KT 9999 // BKN190/// 04/00 Q1017",EDJA,2026-04-28T01:20:00.000Z,47.9890,10.2390,4,0,40,5,,6+,30.03,,,TRUE,,,,,,,,BKN,19000,,,,,,,VFR,,,,,,,,,,,,METAR,625
"METAR LGKZ 280120Z AUTO VRB03KT //// // ////// 08/06 Q1019 RE//",LGKZ,2026-04-28T01:20:00.000Z,40.2880,21.8420,8,6,0,3,,,30.09,,,TRUE,,,,,,,,,,,,,,,,null,,,,,,,,,,,,METAR,615
"METAR EDGS 280120Z AUTO 09011KT 9999 // FEW130/// SCT150/// 07/00 Q1019",EDGS,2026-04-28T01:20:00.000Z,50.7080,8.0830,7,0,90,11,,6+,30.09,,,TRUE,,,,,,,,FEW,13000,SCT,15000,,,,,VFR,,,,,,,,,,,,METAR,595
"METAR EDLV 280120Z AUTO 04005KT 350V110 9999 // OVC130/// 09/03 Q1021",EDLV,2026-04-28T01:20:00.000Z,51.6020,6.1420,9,3,40,5,,6+,30.15,,,TRUE,,,,,,,,OVC,13000,,,,,,,VFR,,,,,,,,,,,,METAR,27
"METAR EDTL 280120Z AUTO 09002KT 9999 // NCD 11/04 Q1016",EDTL,2026-04-28T01:20:00.000Z,48.3690,7.8280,11,4,90,2,,6+,30.00,,,TRUE,,,,,,,,,,,,,,,,VFR,,,,,,,,,,,,METAR,152
"METAR ENDR 280120Z AUTO 12006KT 9999NDV SCT100/// BKN140/// BKN180/// 05/00 Q1031 W///S4",ENDR,2026-04-28T01:20:00.000Z,64.3490,7.7800,5,0,120,6,,,30.44,,,TRUE,,,,,,,,SCT,10000,BKN,14000,BKN,18000,,,null,,,,,,,,,,,,METAR,10
"METAR LGPA 280120Z AUTO 35008KT //// // ////// 15/09 Q1015 RE//",LGPA,2026-04-28T01:20:00.000Z,37.0220,25.1140,15,9,350,8,,,29.97,,,TRUE,,,,,,,,,,,,,,,,null,,,,,,,,,,,,METAR,42
"METAR ESMK 280120Z AUTO 30003KT 1100 R01/P2000N R19/P2000N NCD M01/M01 Q1027",ESMK,2026-04-28T01:20:00.000Z,55.9220,14.0850,-1,-1,300,3,,0.68,30.32,,,TRUE,,,,,,,,,,,,,,,,LIFR,,,,,,,,,,,,METAR,20
"METAR EGLL 280120Z AUTO 02006KT 340V060 9999 OVC016 10/06 Q1024 TEMPO BKN012",EGLL,2026-04-28T01:20:00.000Z,51.4770,-0.4610,10,6,20,6,,6+,30.24,,,TRUE,,,,,,,,OVC,1600,,,,,,,MVFR,,,,,,,,,,,,METAR,26
"METAR ENOA 280120Z 33007KT 9999 SCT015 07/04 Q1031 W///S4",ENOA,2026-04-28T01:20:00.000Z,60.4920,2.8270,7,4,330,7,,6+,30.44,,,,,,,,,,,SCT,1500,,,,,,,VFR,,,,,,,,,,,,METAR,5
"METAR ENDU 280120Z 26004KT 220V280 9999 VCSH FEW015 SCT020 BKN035 M01/M02 Q1028 RMK WIND 1374FT 31009KT WIND 2165FT 29009KT",ENDU,2026-04-28T01:20:00.000Z,69.0580,18.5440,-1,-2,260,4,,6+,30.35,,,,,,,,,,VCSH,FEW,1500,SCT,2000,BKN,3500,,,VFR,,,,,,,,,,,,METAR,65
"METAR ENGC 280120Z 23008KT 9999 BKN016 07/05 Q1031 W07/S3",ENGC,2026-04-28T01:20:00.000Z,61.0330,2.0330,7,5,230,8,,6+,30.44,,,,,,,,,,,BKN,1600,,,,,,,MVFR,,,,,,,,,,,,METAR,10
"METAR ETNN 280120Z 27003KT 9999 SCT140 07/03 Q1020 BLU+",ETNN,2026-04-28T01:20:00.000Z,50.8290,6.6600,7,3,270,3,,6+,30.12,,,,,,,,,,,SCT,14000,,,,,,,VFR,,,,,,,,,,,,METAR,108
"METAR ETSL 280120Z 20001KT 9999 BKN130 BKN220 05/M01 Q1017 BLU",ETSL,2026-04-28T01:20:00.000Z,48.1850,10.8610,5,-1,200,1,,6+,30.03,,,,,,,,,,,BKN,13000,BKN,22000,,,,,VFR,,,,,,,,,,,,METAR,548
"METAR ETSN 280120Z 03002KT 9999 FEW190 SCT250 07/00 Q1018 BLU+",ETSN,2026-04-28T01:20:00.000Z,48.7100,11.2100,7,0,30,2,,6+,30.06,,,,,,,,,,,FEW,19000,SCT,25000,,,,,VFR,,,,,,,,,,,,METAR,378
"METAR ETGG 280120Z AUTO 04005KT 9999 // ////// 03/01 Q1027 ///",ETGG,2026-04-28T01:20:00.000Z,54.8270,9.5060,3,1,40,5,,6+,30.32,,,TRUE,,,,,,,,,,,,,,,,VFR,,,,,,,,,,,,METAR,33
"METAR ETHB 280120Z 06005KT 9999 SCT140 BKN220 07/01 Q1023 BLU+",ETHB,2026-04-28T01:20:00.000Z,52.2790,9.0820,7,1,60,5,,6+,30.21,,,,,,,,,,,SCT,14000,BKN,22000,,,,,VFR,,,,,,,,,,,,METAR,69
"METAR ETHC 280120Z 01002KT 9999 FEW100 BKN280 06/M00 Q1024 BLU+",ETHC,2026-04-28T01:20:00.000Z,52.5910,10.0220,6,0,10,2,,6+,30.24,,,,,,,,,,,FEW,10000,BKN,28000,,,,,VFR,,,,,,,,,,,,METAR,35
"METAR ETHF 280120Z 30003KT 9999 BKN140 06/03 Q1021 BLU",ETHF,2026-04-28T01:20:00.000Z,51.1140,9.2860,6,3,300,3,,6+,30.15,,,,,,,,,,,BKN,14000,,,,,,,VFR,,,,,,,,,,,,METAR,171
"METAR ETHS 280120Z 04003KT 9999 SCT120 BKN260 05/M01 Q1024 BLU+",ETHS,2026-04-28T01:20:00.000Z,52.9180,10.1840,5,-1,40,3,,6+,30.24,,,,,,,,,,,SCT,12000,BKN,26000,,,,,VFR,,,,,,,,,,,,METAR,71
"METAR ETMN 280120Z 06006KT 9999 BKN110 BKN300 07/02 Q1025 BLU",ETMN,2026-04-28T01:20:00.000Z,53.7650,8.6580,7,2,60,6,,6+,30.27,,,,,,,,,,,BKN,11000,BKN,30000,,,,,VFR,,,,,,,,,,,,METAR,23
"METAR ETNL 280120Z 07002KT 9999 FEW280 02/M02 Q1025 BLU+",ETNL,2026-04-28T01:20:00.000Z,53.9160,12.2790,2,-2,70,2,,6+,30.27,,,,,,,,,,,FEW,28000,,,,,,,VFR,,,,,,,,,,,,METAR,40
"METAR LTCG 280120Z 00000KT 9999 BKN035 11/06 Q1022 NOSIG RMK RWY29 16002KT",LTCG,2026-04-28T01:20:00.000Z,40.9950,39.7820,11,6,0,0,,6+,30.18,,,,,,TRUE,,,,,BKN,3500,,,,,,,VFR,,,,,,,,,,,,METAR,28
"METAR LTFM 280120Z 07007KT CAVOK 09/04 Q1019 NOSIG RMK RWY17L 07006KT RWY34L 06006KT RWY16R 07006KT RWY36 08006KT 010V100 RWY18 08008KT",LTFM,2026-04-28T01:20:00.000Z,41.2620,28.7400,9,4,70,7,,6+,30.09,,,,,,TRUE,,,,,,,,,,,,,VFR,,,,,,,,,,,,METAR,99
"METAR LCEN 280120Z 24003KT 9999 FEW020 13/13 Q1012 NOSIG RMK RWY11R 26004KT",LCEN,2026-04-28T01:20:00.000Z,35.1550,33.4960,13,13,240,3,,6+,29.88,,,,,,TRUE,,,,,FEW,2000,,,,,,,VFR,,,,,,,,,,,,METAR,91
"METAR LTCC 280120Z 23004KT CAVOK 09/07 Q1011 NOSIG RMK RWY16 29005KT 4AC100",LTCC,2026-04-28T01:20:00.000Z,37.8940,40.2010,9,7,230,4,,6+,29.85,,,,,,TRUE,,,,,,,,,,,,,VFR,,,,,,,,,,,,METAR,676
"METAR LTCE 280120Z 06009KT CAVOK 02/M01 Q1017 NOSIG RMK RWY08R 06009KT RWY26R 05011KT RWY08L 07009KT SKC",LTCE,2026-04-28T01:20:00.000Z,39.9560,41.1700,2,-1,60,9,,6+,30.03,,,,,,TRUE,,,,,,,,,,,,,VFR,,,,,,,,,,,,METAR,1758
"METAR LTAF 280120Z 10003KT CAVOK 18/16 Q1011 NOSIG RMK RWY23 13003KT 070V170 SKC",LTAF,2026-04-28T01:20:00.000Z,36.9890,35.2930,18,16,100,3,,6+,29.85,,,,,,TRUE,,,,,,,,,,,,,VFR,,,,,,,,,,,,METAR,19
"METAR LTAI 280120Z 34004KT CAVOK 15/11 Q1012 NOSIG RMK RWY18C 36004KT RWY36R 35005KT RWY18L 35004KT",LTAI,2026-04-28T01:20:00.000Z,36.9000,30.7980,15,11,340,4,,6+,29.88,,,,,,TRUE,,,,,,,,,,,,,VFR,,,,,,,,,,,,METAR,50
"METAR LTBA 280120Z 06008KT CAVOK 08/05 Q1019 RMK RWY23 08005KT 030V100",LTBA,2026-04-28T01:20:00.000Z,40.9820,28.8210,8,5,60,8,,6+,30.09,,,,,,,,,,,,,,,,,,,VFR,,,,,,,,,,,,METAR,33
"METAR LTAC 280120Z 05008KT CAVOK 06/04 Q1017 NOSIG RMK RWY21C 04009KT RWY03L 04007KT RWY21R 02010KT RWY03R 03007KT RWY21L 05007KT",LTAC,2026-04-28T01:20:00.000Z,40.1280,32.9950,6,4,50,8,,6+,30.03,,,,,,TRUE,,,,,,,,,,,,,VFR,,,,,,,,,,,,METAR,952
"METAR LTAG 280120Z 04001KT CAVOK 15/13 Q1011 NOSIG RMK SKC",LTAG,2026-04-28T01:20:00.000Z,37.0020,35.4260,15,13,40,1,,6+,29.85,,,,,,TRUE,,,,,,,,,,,,,VFR,,,,,,,,,,,,METAR,62
"METAR ETHA 280120Z AUTO 25002KT 9999 // ////// 05/M01 Q1017 ///",ETHA,2026-04-28T01:20:00.000Z,47.8340,10.8670,5,-1,250,2,,6+,30.03,,,TRUE,,,,,,,,,,,,,,,,VFR,,,,,,,,,,,,METAR,738
"METAR ETNH 280120Z AUTO 01002KT 9999 // ////// 01/00 Q1026 ///",ETNH,2026-04-28T01:20:00.000Z,54.3120,9.5380,1,0,10,2,,6+,30.30,,,TRUE,,,,,,,,,,,,,,,,VFR,,,,,,,,,,,,METAR,6
"METAR ETNS 280120Z AUTO 03007KT //// // ////// 02/M02 Q1026 ///",ETNS,2026-04-28T01:20:00.000Z,54.4570,9.5200,2,-2,30,7,,,30.30,,,TRUE,,,,,,,,,,,,,,,,null,,,,,,,,,,,,METAR,22
"METAR LTAZ 280120Z 21005KT CAVOK 06/04 Q1017 RMK RWY29 00000KT",LTAZ,2026-04-28T01:20:00.000Z,38.7710,34.5210,6,4,210,5,,6+,30.03,,,,,,,,,,,,,,,,,,,VFR,,,,,,,,,,,,METAR,944
"METAR LTBU 280120Z 04003KT CAVOK 05/04 Q1019 RMK RWY22 03008KT",LTBU,2026-04-28T01:20:00.000Z,41.1390,27.9190,5,4,40,3,,6+,30.09,,,,,,,,,,,,,,,,,,,VFR,,,,,,,,,,,,METAR,165
"METAR ETSI 280120Z AUTO VRB02KT //// // ////// 08/00 Q1018 ///",ETSI,2026-04-28T01:20:00.000Z,48.7160,11.5340,8,0,0,2,,,30.06,,,TRUE,,,,,,,,,,,,,,,,null,,,,,,,,,,,,METAR,366
"METAR EGVN 280120Z 03009KT 9999 FEW017 09/07 Q1024 BECMG SCT015 RMK BLU BECMG WHT",EGVN,2026-04-28T01:20:00.000Z,51.7580,-1.5780,9,7,30,9,,6+,30.24,,,,,,,,,,,FEW,1700,,,,,,,VFR,,,,,,,,,,,,METAR,83
"METAR FHAW 280120Z 13009KT 9999 FEW011 SCT019 BKN050 26/23 Q1013 TEMPO 7000 SHRA SCT014",FHAW,2026-04-28T01:20:00.000Z,-7.9700,-14.3940,26,23,130,9,,6+,29.91,,,,,,,,,,,FEW,1100,SCT,1900,BKN,5000,,,VFR,,,,,,,,,,,,METAR,79
"METAR EGWU 280120Z AUTO 02009KT 9999 OVC013/// 10/07 Q1024",EGWU,2026-04-28T01:20:00.000Z,51.5490,-0.4170,10,7,20,9,,6+,30.24,,,TRUE,,,,,,,,OVC,1300,,,,,,,MVFR,,,,,,,,,,,,METAR,33
"METAR LXGB 280120Z AUTO 06012KT 9999 BR BKN014/// SCT140/// 17/16 Q1012",LXGB,2026-04-28T01:20:00.000Z,36.1510,-5.3500,17,16,60,12,,6+,29.88,,,TRUE,,,,,,,BR,BKN,1400,SCT,14000,,,,,MVFR,,,,,,,,,,,,METAR,5
"METAR KBGF 280120Z AUTO 16015G23KT 10SM BKN060 OVC075 24/16 A2996 RMK A01",KBGF,2026-04-28T01:20:00.000Z,35.1741,-86.0678,24,16,160,15,23,10+,29.96,,,TRUE,TRUE,,,,,,,BKN,6000,OVC,7500,,,,,VFR,,,,,,,,,,,,METAR,295
"METAR EGDR 280120Z AUTO 02008KT 9999 NCD 09/08 Q1022",EGDR,2026-04-28T01:20:00.000Z,50.0840,-5.2570,9,8,20,8,,6+,30.18,,,TRUE,,,,,,,,,,,,,,,,VFR,,,,,,,,,,,,METAR,74
"METAR EGOS 280120Z AUTO 02010KT 9999 NCD 08/05 Q1027",EGOS,2026-04-28T01:20:00.000Z,52.7950,-2.6650,8,5,20,10,,6+,30.32,,,TRUE,,,,,,,,,,,,,,,,VFR,,,,,,,,,,,,METAR,76
"METAR EGOV 280120Z AUTO 04004KT 9999 NCD 09/08 Q1027",EGOV,2026-04-28T01:20:00.000Z,53.2520,-4.5360,9,8,40,4,,6+,30.32,,,TRUE,,,,,,,,,,,,,,,,VFR,,,,,,,,,,,,METAR,11
"METAR EGQA 280120Z AUTO 34003KT 9999 OVC028/// 08/08 Q1031",EGQA,2026-04-28T01:20:00.000Z,57.8250,-3.9550,8,8,340,3,,6+,30.44,,,TRUE,,,,,,,,OVC,2800,,,,,,,MVFR,,,,,,,,,,,,METAR,4
"METAR EGQK 280120Z AUTO 10004KT 9999 OVC030/// 10/08 Q1030",EGQK,2026-04-28T01:20:00.000Z,57.6460,-3.5630,10,8,100,4,,6+,30.41,,,TRUE,,,,,,,,OVC,3000,,,,,,,MVFR,,,,,,,,,,,,METAR,5
"METAR EGXS 280120Z AUTO 04017KT 9999 BKN012/// BKN022/// 09/06 Q1026",EGXS,2026-04-28T01:20:00.000Z,53.4750,0.1520,9,6,40,17,,6+,30.30,,,TRUE,,,,,,,,BKN,1200,BKN,2200,,,,,MVFR,,,,,,,,,,,,METAR,6
"METAR EGXT 280120Z AUTO 33009KT 1800 DZ OVC003/// 08/08 Q1024",EGXT,2026-04-28T01:20:00.000Z,52.6110,-0.4610,8,8,330,9,,1.12,30.24,,,TRUE,,,,,,,DZ,OVC,300,,,,,,,LIFR,,,,,,,,,,,,METAR,74
"METAR EGXV 280120Z AUTO 05007KT 9999 OVC009/// 08/07 Q1027",EGXV,2026-04-28T01:20:00.000Z,53.8760,-0.4350,8,7,50,7,,6+,30.32,,,TRUE,,,,,,,,OVC,900,,,,,,,IFR,,,,,,,,,,,,METAR,6
"METAR EGXZ 280120Z AUTO 36008KT 9999 OVC017/// 09/06 Q1028",EGXZ,2026-04-28T01:20:00.000Z,54.2050,-1.3900,9,6,360,8,,6+,30.35,,,TRUE,,,,,,,,OVC,1700,,,,,,,MVFR,,,,,,,,,,,,METAR,24
"METAR EGYD 280120Z AUTO 02013KT 2500 DZ OVC003/// 09/08 Q1025",EGYD,2026-04-28T01:20:00.000Z,53.0310,-0.5030,9,8,20,13,,1.55,30.27,,,TRUE,,,,,,,DZ,OVC,300,,,,,,,LIFR,,,,,,,,,,,,METAR,65
"METAR EGYE 280120Z AUTO 01013KT //// OVC003/// 09/08 Q1025",EGYE,2026-04-28T01:20:00.000Z,52.9620,-0.5620,9,8,10,13,,,30.27,,,TRUE,,,,,,,,OVC,300,,,,,,,null,,,,,,,,,,,,METAR,105
"METAR EGYH 280120Z AUTO 05014KT 4600 -RA OVC004/// 10/09 Q1024",EGYH,2026-04-28T01:20:00.000Z,52.8730,0.1390,10,9,50,14,,2.86,30.24,,,TRUE,,,,,,,-RA,OVC,400,,,,,,,LIFR,,,,,,,,,,,,METAR,5
"METAR EGOM 280120Z AUTO 07011KT 8000 // OVC002/// 06/06 Q1028",EGOM,2026-04-28T01:20:00.000Z,55.0500,-2.5540,6,6,70,11,,4.97,30.35,,,TRUE,,,,,,,,OVC,200,,,,,,,LIFR,,,,,,,,,,,,METAR,286
"METAR EGOP 280120Z AUTO 05010KT 9999 // NCD 10/07 Q1025",EGOP,2026-04-28T01:20:00.000Z,51.7140,-4.3670,10,7,50,10,,6+,30.27,,,TRUE,,,,,,,,,,,,,,,,VFR,,,,,,,,,,,,METAR,8
"METAR EGWC 280120Z AUTO 02005KT //// ///////// ///// Q////",EGWC,2026-04-28T01:20:00.000Z,52.6400,-2.3110,,,20,5,,,,,,TRUE,,,,,,,,,,,,,,,,null,,,,,,,,,,,,METAR,79
"METAR EGXE 280120Z AUTO 01009KT 9999 // OVC018/// 08/06 Q1028",EGXE,2026-04-28T01:20:00.000Z,54.2970,-1.5330,8,6,10,9,,6+,30.35,,,TRUE,,,,,,,,OVC,1800,,,,,,,MVFR,,,,,,,,,,,,METAR,30
"METAR LSGC 280120Z AUTO VRB01KT 9999 NSC 06/01 Q1017",LSGC,2026-04-28T01:20:00.000Z,47.0830,6.7920,6,1,0,1,,6+,30.03,,,TRUE,,,,,,,,,,,,,,,,VFR,,,,,,,,,,,,METAR,1018
"METAR LSGS 280120Z AUTO VRB01KT 9999 NSC 11/06 Q1017",LSGS,2026-04-28T01:20:00.000Z,46.2190,7.3300,11,6,0,1,,6+,30.03,,,TRUE,,,,,,,,,,,,,,,,VFR,,,,,,,,,,,,METAR,482
"METAR LSZG 280120Z AUTO 08001KT 9999 NCD 07/07 Q1016",LSZG,2026-04-28T01:20:00.000Z,47.1790,7.4150,7,7,80,1,,6+,30.00,,,TRUE,,,,,,,,,,,,,,,,VFR,,,,,,,,,,,,METAR,428
"METAR LSZL 280120Z AUTO VRB04KT 9000NDV -SHRA FEW030 SCT065 16/14 Q1016 RESHRA RMK",LSZL,2026-04-28T01:20:00.000Z,46.1640,8.8780,16,14,0,4,,,30.00,,,TRUE,,,,,,,-SHRA,FEW,3000,SCT,6500,,,,,null,,,,,,,,,,,,METAR,198
"METAR LIEA 280120Z VRB03KT CAVOK 10/10 Q1016",LIEA,2026-04-28T01:20:00.000Z,40.6310,8.2890,10,10,0,3,,6+,30.00,,,,,,,,,,,,,,,,,,,VFR,,,,,,,,,,,,METAR,22
"METAR LIEO 280120Z 22001KT CAVOK 08/07 Q1016",LIEO,2026-04-28T01:20:00.000Z,40.8990,9.5180,8,7,220,1,,6+,30.00,,,,,,,,,,,,,,,,,,,VFR,,,,,,,,,,,,METAR,8
"METAR LIRZ 280120Z AUTO 32004KT 260V340 9999 NCD 10/08 Q1017",LIRZ,2026-04-28T01:20:00.000Z,43.0970,12.5100,10,8,320,4,,6+,30.03,,,TRUE,,,,,,,,,,,,,,,,VFR,,,,,,,,,,,,METAR,206
"METAR LICC 280120Z 21006KT CAVOK 11/06 Q1016",LICC,2026-04-28T01:20:00.000Z,37.4670,15.0640,11,6,210,6,,6+,30.00,,,,,,,,,,,,,,,,,,,VFR,,,,,,,,,,,,METAR,6
"METAR LICD 280120Z AUTO 08011KT 9999 BKN160/// 18/17 Q1014",LICD,2026-04-28T01:20:00.000Z,35.4980,12.6180,18,17,80,11,,6+,29.94,,,TRUE,,,,,,,,BKN,16000,,,,,,,VFR,,,,,,,,,,,,METAR,20
"METAR LICG 280120Z AUTO VRB02KT 9999 NCD 12/10 Q1016",LICG,2026-04-28T01:20:00.000Z,36.8140,11.9710,12,10,0,2,,6+,30.00,,,TRUE,,,,,,,,,,,,,,,,VFR,,,,,,,,,,,,METAR,192
"METAR LICJ 280120Z 17003KT 150V210 CAVOK 16/14 Q1016",LICJ,2026-04-28T01:20:00.000Z,38.1760,13.0910,16,14,170,3,,6+,30.00,,,,,,,,,,,,,,,,,,,VFR,,,,,,,,,,,,METAR,20
"METAR LICR 280120Z AUTO 01011KT 9999 NCD 16/12 Q1016",LICR,2026-04-28T01:20:00.000Z,38.0720,15.6540,16,12,10,11,,6+,30.00,,,TRUE,,,,,,,,,,,,,,,,VFR,,,,,,,,,,,,METAR,16
"METAR LIMZ 280120Z AUTO 17003KT 9999 FEW094/// 12/11 Q1015",LIMZ,2026-04-28T01:20:00.000Z,44.5470,7.6230,12,11,170,3,,6+,29.97,,,TRUE,,,,,,,,FEW,9400,,,,,,,VFR,,,,,,,,,,,,METAR,377
"METAR LIPH 280120Z AUTO VRB02KT 9999 NCD 14/11 Q1016",LIPH,2026-04-28T01:20:00.000Z,45.6480,12.1940,14,11,0,2,,6+,30.00,,,TRUE,,,,,,,,,,,,,,,,VFR,,,,,,,,,,,,METAR,10
"METAR LIPO 280120Z AUTO 06005KT 9999 NCD 16/09 Q1015",LIPO,2026-04-28T01:20:00.000Z,45.4290,10.3310,16,9,60,5,,6+,29.97,,,TRUE,,,,,,,,,,,,,,,,VFR,,,,,,,,,,,,METAR,104
"METAR LIPQ 280120Z AUTO 07003KT 030V090 9999 BKN150/// 13/08 Q1016",LIPQ,2026-04-28T01:20:00.000Z,45.8280,13.4720,13,8,70,3,,6+,30.00,,,TRUE,,,,,,,,BKN,15000,,,,,,,VFR,,,,,,,,,,,,METAR,6
"METAR LIPR 280120Z AUTO 24002KT 9999 NCD 13/11 Q1015",LIPR,2026-04-28T01:20:00.000Z,44.0200,12.6120,13,11,240,2,,6+,29.97,,,TRUE,,,,,,,,,,,,,,,,VFR,,,,,,,,,,,,METAR,10
"METAR LIPX 280120Z VRB02KT CAVOK 14/10 Q1015",LIPX,2026-04-28T01:20:00.000Z,45.3870,10.8720,14,10,0,2,,6+,29.97,,,,,,,,,,,,,,,,,,,VFR,,,,,,,,,,,,METAR,67
"METAR LIPY 280120Z AUTO 20003KT 160V220 9999 NCD 13/10 Q1015",LIPY,2026-04-28T01:20:00.000Z,43.6170,13.3600,13,10,200,3,,6+,29.97,,,TRUE,,,,,,,,,,,,,,,,VFR,,,,,,,,,,,,METAR,11
"METAR EKYT 280120Z AUTO 03001KT 9999 NCD 01/M02 Q1029",EKYT,2026-04-28T01:20:00.000Z,57.0930,9.8790,1,-2,30,1,,6+,30.38,,,TRUE,,,,,,,,,,,,,,,,VFR,,,,,,,,,,,,METAR,2
"METAR EKRN 280120Z AUTO 07002KT 9999 NCD 02/M00 Q1026",EKRN,2026-04-28T01:20:00.000Z,55.0680,14.7490,2,0,70,2,,6+,30.30,,,TRUE,,,,,,,,,,,,,,,,VFR,,,,,,,,,,,,METAR,14
"METAR EKEB 280120Z AUTO 03005KT 9999 NCD 01/M01 Q1028",EKEB,2026-04-28T01:20:00.000Z,55.5280,8.5630,1,-1,30,5,,6+,30.35,,,TRUE,,,,,,,,,,,,,,,,VFR,,,,,,,,,,,,METAR,29
"METAR EDDH 280120Z AUTO 06006KT CAVOK 05/01 Q1025 NOSIG",EDDH,2026-04-28T01:20:00.000Z,53.6330,9.9880,5,1,60,6,,6+,30.27,,,TRUE,,,TRUE,,,,,,,,,,,,,VFR,,,,,,,,,,,,METAR,8
"METAR EDDK 280120Z AUTO 06003KT CAVOK 07/02 Q1020 NOSIG",EDDK,2026-04-28T01:20:00.000Z,50.8650,7.1570,7,2,60,3,,6+,30.12,,,TRUE,,,TRUE,,,,,,,,,,,,,VFR,,,,,,,,,,,,METAR,92
"METAR EDDL 280120Z AUTO 03008KT CAVOK 09/02 Q1020 NOSIG",EDDL,2026-04-28T01:20:00.000Z,51.2960,6.7690,9,2,30,8,,6+,30.12,,,TRUE,,,TRUE,,,,,,,,,,,,,VFR,,,,,,,,,,,,METAR,37
"METAR EDDM 280120Z AUTO VRB02KT CAVOK 05/01 Q1018 NOSIG",EDDM,2026-04-28T01:20:00.000Z,48.3480,11.8130,5,1,0,2,,6+,30.06,,,TRUE,,,TRUE,,,,,,,,,,,,,VFR,,,,,,,,,,,,METAR,445
"METAR EDDN 280120Z AUTO VRB02KT CAVOK 09/02 Q1019",EDDN,2026-04-28T01:20:00.000Z,49.5030,11.0550,9,2,0,2,,6+,30.09,,,TRUE,,,,,,,,,,,,,,,,VFR,,,,,,,,,,,,METAR,312
"METAR LSME 280120Z AUTO 00000KT 9999NDV FEW240 07/04 Q1016 RMK",LSME,2026-04-28T01:20:00.000Z,47.0920,8.3050,7,4,0,0,,,30.00,,,TRUE,,,,,,,,FEW,24000,,,,,,,null,,,,,,,,,,,,METAR,427
"METAR LSMM 280120Z AUTO VRB01KT 9999NDV NCD 08/05 Q1017 RMK",LSMM,2026-04-28T01:20:00.000Z,46.7430,8.1100,8,5,0,1,,,30.03,,,TRUE,,,,,,,,,,,,,,,,null,,,,,,,,,,,,METAR,570
"METAR LSMP 280120Z AUTO 00000KT 9999NDV NCD 09/05 Q1016 RMK",LSMP,2026-04-28T01:20:00.000Z,46.8440,6.9160,9,5,0,0,,,30.00,,,TRUE,,,,,,,,,,,,,,,,null,,,,,,,,,,,,METAR,490
"METAR EKSB 280120Z AUTO 01004KT 9999 NCD 06/02 Q1027",EKSB,2026-04-28T01:20:00.000Z,54.9620,9.7870,6,2,10,4,,6+,30.32,,,TRUE,,,,,,,,,,,,,,,,VFR,,,,,,,,,,,,METAR,23
"METAR EKOD 280120Z AUTO 36003KT 9999 FEW100/// 02/01 Q1027",EKOD,2026-04-28T01:20:00.000Z,55.4750,10.3310,2,1,360,3,,6+,30.32,,,TRUE,,,,,,,,FEW,10000,,,,,,,VFR,,,,,,,,,,,,METAR,13
"METAR EFSA 280120Z AUTO 34013KT CAVOK 01/M04 Q1010",EFSA,2026-04-28T01:20:00.000Z,61.9430,28.9450,1,-4,340,13,,6+,29.82,,,TRUE,,,,,,,,,,,,,,,,VFR,,,,,,,,,,,,METAR,90
"METAR EFSI 280120Z AUTO 33008KT CAVOK M01/M05 Q1020",EFSI,2026-04-28T01:20:00.000Z,62.6930,22.8300,-1,-5,330,8,,6+,30.12,,,TRUE,,,,,,,,,,,,,,,,VFR,,,,,,,,,,,,METAR,90
"METAR EFUT 280120Z AUTO 33011KT 9999 FEW047 01/M04 Q1013",EFUT,2026-04-28T01:20:00.000Z,60.8960,26.9380,1,-4,330,11,,6+,29.91,,,TRUE,,,,,,,,FEW,4700,,,,,,,VFR,,,,,,,,,,,,METAR,104
"METAR EFET 280120Z AUTO 34007KT CAVOK M06/M09 Q1023",EFET,2026-04-28T01:20:00.000Z,68.3630,23.4240,-6,-9,340,7,,6+,30.21,,,TRUE,,,,,,,,,,,,,,,,VFR,,,,,,,,,,,,METAR,300
"METAR EFKE 280120Z AUTO 35013KT CAVOK M01/M06 Q1022",EFKE,2026-04-28T01:20:00.000Z,65.7840,24.5790,-1,-6,350,13,,6+,30.18,,,TRUE,,,,,,,,,,,,,,,,VFR,,,,,,,,,,,,METAR,15
"METAR EFKI 280120Z AUTO 35011KT 320V020 CAVOK M01/M06 Q1015",EFKI,2026-04-28T01:20:00.000Z,64.2830,27.6730,-1,-6,350,11,,6+,29.97,,,TRUE,,,,,,,,,,,,,,,,VFR,,,,,,,,,,,,METAR,132
"METAR BGGH 280120Z AUTO 34016KT 9999 -SN OVC035/// M07/M12 Q1011",BGGH,2026-04-28T01:20:00.000Z,64.1910,-51.6770,-7,-12,340,16,,6+,29.85,,,TRUE,,,,,,,-SN,OVC,3500,,,,,,,VFR,,,,,,,,,,,,METAR,76
"METAR EDDE 280120Z AUTO 34004KT CAVOK 06/01 Q1021",EDDE,2026-04-28T01:20:00.000Z,50.9830,10.9610,6,1,340,4,,6+,30.15,,,TRUE,,,,,,,,,,,,,,,,VFR,,,,,,,,,,,,METAR,314
"METAR EDDG 280120Z AUTO 05005KT 350V140 CAVOK 08/03 Q1022 NOSIG",EDDG,2026-04-28T01:20:00.000Z,52.1350,7.6970,8,3,50,5,,6+,30.18,,,TRUE,,,TRUE,,,,,,,,,,,,,VFR,,,,,,,,,,,,METAR,46
"METAR EDDP 280120Z AUTO 05008KT CAVOK 06/01 Q1022 NOSIG",EDDP,2026-04-28T01:20:00.000Z,51.4350,12.2400,6,1,50,8,,6+,30.18,,,TRUE,,,TRUE,,,,,,,,,,,,,VFR,,,,,,,,,,,,METAR,129
"METAR EDDR 280120Z AUTO 04007KT CAVOK 10/01 Q1017",EDDR,2026-04-28T01:20:00.000Z,49.2130,7.1080,10,1,40,7,,6+,30.03,,,TRUE,,,,,,,,,,,,,,,,VFR,,,,,,,,,,,,METAR,317
"METAR EDDW 280120Z AUTO 06007KT CAVOK 06/M01 Q1024",EDDW,2026-04-28T01:20:00.000Z,53.0470,8.7870,6,-1,60,7,,6+,30.24,,,TRUE,,,,,,,,,,,,,,,,VFR,,,,,,,,,,,,METAR,5
"SPECI KUNO 280120Z AUTO 23004KT 10SM VCTS -RA OVC055 18/17 A2975 RMK AO2 LTG DSNT ALQDS RAE0059B08 TSE14 P0000 T01780167",KUNO,2026-04-28T01:20:00.000Z,36.8791,-91.9052,17.8,16.7,230,4,,10+,29.75,,,TRUE,TRUE,,,,,,VCTS -RA,OVC,5500,,,,,,,VFR,,,,,,0.005,,,,,,SPECI,376
"METAR BGKK 280120Z AUTO 09018KT 9999NDV BKN016/// BKN092/// M00/M03 Q0983",BGKK,2026-04-28T01:20:00.000Z,65.5750,-37.1330,0,-3,90,18,,,29.03,,,TRUE,,,,,,,,BKN,1600,BKN,9200,,,,,null,,,,,,,,,,,,METAR,37
"METAR BGSF 280120Z AUTO 29009KT 260V320 9999NDV FEW035/// M10/M14 Q1012",BGSF,2026-04-28T01:20:00.000Z,67.0130,-50.7180,-10,-14,290,9,,,29.88,,,TRUE,,,,,,,,FEW,3500,,,,,,,null,,,,,,,,,,,,METAR,75
"METAR EGAC 280120Z AUTO 05005KT 9999 NCD 08/06 Q1029",EGAC,2026-04-28T01:20:00.000Z,54.6140,-5.8730,8,6,50,5,,6+,30.38,,,TRUE,,,,,,,,,,,,,,,,VFR,,,,,,,,,,,,METAR,2
"METAR EGPA 280120Z AUTO 11002KT 9999 OVC008/// 08/07 Q1031",EGPA,2026-04-28T01:20:00.000Z,58.9580,-2.9050,8,7,110,2,,6+,30.44,,,TRUE,,,,,,,,OVC,800,,,,,,,IFR,,,,,,,,,,,,METAR,15
"METAR EGPB 280120Z AUTO 19004KT 8000 FEW003/// OVC014/// 09/08 Q1031",EGPB,2026-04-28T01:20:00.000Z,59.8800,-1.2960,9,8,190,4,,4.97,30.44,,,TRUE,,,,,,,,FEW,300,OVC,1400,,,,,MVFR,,,,,,,,,,,,METAR,2
"METAR EGGW 280120Z AUTO 01008KT 9999 BKN010 BKN014 08/06 Q1024",EGGW,2026-04-28T01:20:00.000Z,51.8750,-0.3680,8,6,10,8,,6+,30.24,,,TRUE,,,,,,,,BKN,1000,BKN,1400,,,,,MVFR,,,,,,,,,,,,METAR,159
"METAR ESIB 280120Z AUTO 02010KT 9999 NCD 05/M01 Q1028",ESIB,2026-04-28T01:20:00.000Z,58.4310,12.7100,5,-1,20,10,,6+,30.35,,,TRUE,,,,,,,,,,,,,,,,VFR,,,,,,,,,,,,METAR,51
"METAR ESMV 280120Z AUTO 00000KT 9999 NCD M05/M09 Q1026",ESMV,2026-04-28T01:20:00.000Z,57.2900,14.1340,-5,-9,0,0,,6+,30.30,,,TRUE,,,,,,,,,,,,,,,,VFR,,,,,,,,,,,,METAR,167
"METAR ESPA 280120Z AUTO 33008KT 9999 NCD M01/M06 Q1024",ESPA,2026-04-28T01:20:00.000Z,65.5410,22.1260,-1,-6,330,8,,6+,30.24,,,TRUE,,,,,,,,,,,,,,,,VFR,,,,,,,,,,,,METAR,12
"METAR ESPE 280120Z AUTO 33005KT 9999 NCD M02/M07 Q1025",ESPE,2026-04-28T01:20:00.000Z,65.8750,20.1440,-2,-7,330,5,,6+,30.27,,,TRUE,,,,,,,,,,,,,,,,VFR,,,,,,,,,,,,METAR,182
"METAR ESOK 280120Z AUTO 34009KT 9999 NCD 02/M05 Q1028",ESOK,2026-04-28T01:20:00.000Z,59.4420,13.3420,2,-5,340,9,,6+,30.35,,,TRUE,,,,,,,,,,,,,,,,VFR,,,,,,,,,,,,METAR,101
"METAR ESOW 280120Z AUTO 33010KT 9999 NCD 02/M06 Q1026",ESOW,2026-04-28T01:20:00.000Z,59.5950,16.6380,2,-6,330,10,,6+,30.30,,,TRUE,,,,,,,,,,,,,,,,VFR,,,,,,,,,,,,METAR,7
"METAR ESSA 280120Z 28005KT CAVOK M01/M03 Q1024 NOSIG",ESSA,2026-04-28T01:20:00.000Z,59.6640,17.9200,-1,-3,280,5,,6+,30.24,,,,,,TRUE,,,,,,,,,,,,,VFR,,,,,,,,,,,,METAR,36
"METAR ESSB 280120Z AUTO 27004KT 9999 NCD 01/M03 Q1025",ESSB,2026-04-28T01:20:00.000Z,59.3560,17.9330,1,-3,270,4,,6+,30.27,,,TRUE,,,,,,,,,,,,,,,,VFR,,,,,,,,,,,,METAR,14
"METAR ESSD 280120Z AUTO 28005KT 9999 NCD M00/M07 Q1027",ESSD,2026-04-28T01:20:00.000Z,60.4220,15.5150,0,-7,280,5,,6+,30.32,,,TRUE,,,,,,,,,,,,,,,,VFR,,,,,,,,,,,,METAR,151
"METAR ESSP 280120Z AUTO 30003KT 9999 NCD 01/M04 Q1026",ESSP,2026-04-28T01:20:00.000Z,58.5840,16.2550,1,-4,300,3,,6+,30.30,,,TRUE,,,,,,,,,,,,,,,,VFR,,,,,,,,,,,,METAR,3
"METAR ESSV 280120Z AUTO 36005KT 9999 NCD 03/M00 Q1024",ESSV,2026-04-28T01:20:00.000Z,57.6620,18.3480,3,0,360,5,,6+,30.24,,,TRUE,,,,,,,,,,,,,,,,VFR,,,,,,,,,,,,METAR,38
"METAR ESOH 280120Z AUTO 34003KT 9999 NCD M01/M06 Q1028",ESOH,2026-04-28T01:20:00.000Z,60.0200,13.5790,-1,-6,340,3,,6+,30.35,,,TRUE,,,,,,,,,,,,,,,,VFR,,,,,,,,,,,,METAR,145
"METAR ESNO 280120Z AUTO 33010KT 9999 NCD M00/M07 Q1025",ESNO,2026-04-28T01:20:00.000Z,63.4120,18.9800,0,-7,330,10,,6+,30.27,,,TRUE,,,,,,,,,,,,,,,,VFR,,,,,,,,,,,,METAR,100
"METAR ESNQ 280120Z AUTO 35008KT 9999 NCD M04/M07 Q1023",ESNQ,2026-04-28T01:20:00.000Z,67.8230,20.3400,-4,-7,350,8,,6+,30.21,,,TRUE,,,,,,,,,,,,,,,,VFR,,,,,,,,,,,,METAR,447
"METAR ESNS 280120Z AUTO 32007KT 290V350 9999 NCD M00/M07 Q1024",ESNS,2026-04-28T01:20:00.000Z,64.6250,21.0770,0,-7,320,7,,6+,30.24,,,TRUE,,,,,,,,,,,,,,,,VFR,,,,,,,,,,,,METAR,41
"METAR ESNU 280120Z AUTO 31005KT 9999 NCD M03/M08 Q1024",ESNU,2026-04-28T01:20:00.000Z,63.7890,20.2850,-3,-8,310,5,,6+,30.24,,,TRUE,,,,,,,,,,,,,,,,VFR,,,,,,,,,,,,METAR,8
"METAR ESGT 280120Z AUTO 01007KT 9999 NCD 03/M03 Q1029",ESGT,2026-04-28T01:20:00.000Z,58.3140,12.3470,3,-3,10,7,,6+,30.38,,,TRUE,,,,,,,,,,,,,,,,VFR,,,,,,,,,,,,METAR,40
"METAR ESMS 280120Z 07003KT CAVOK 02/00 Q1026",ESMS,2026-04-28T01:20:00.000Z,55.5390,13.3730,2,0,70,3,,6+,30.30,,,,,,,,,,,,,,,,,,,VFR,,,,,,,,,,,,METAR,68
"METAR ESTL 280120Z AUTO 00000KT 9999 NCD M02/M03 Q1027",ESTL,2026-04-28T01:20:00.000Z,56.0830,13.2130,-2,-3,0,0,,6+,30.32,,,TRUE,,,,,,,,,,,,,,,,VFR,,,,,,,,,,,,METAR,39
"METAR EGHQ 280120Z AUTO 07007KT 9999 NCD 10/08 Q1023",EGHQ,2026-04-28T01:20:00.000Z,50.4380,-4.9980,10,8,70,7,,6+,30.21,,,TRUE,,,,,,,,,,,,,,,,VFR,,,,,,,,,,,,METAR,101
"METAR EGLF 280120Z AUTO 04012KT 9999 BKN014/// 09/06 Q1024",EGLF,2026-04-28T01:20:00.000Z,51.2800,-0.7730,9,6,40,12,,6+,30.24,,,TRUE,,,,,,,,BKN,1400,,,,,,,MVFR,,,,,,,,,,,,METAR,65
"METAR EGPC 280120Z AUTO 26003KT 9999 OVC005/// 09/07 Q1031",EGPC,2026-04-28T01:20:00.000Z,58.4590,-3.0930,9,7,260,3,,6+,30.44,,,TRUE,,,,,,,,OVC,500,,,,,,,IFR,,,,,,,,,,,,METAR,38
"METAR EGPE 280120Z AUTO 00000KT 1100 BR BKN032/// 08/08 Q1031",EGPE,2026-04-28T01:20:00.000Z,57.5380,-4.0530,8,8,0,0,,0.68,30.44,,,TRUE,,,,,,,BR,BKN,3200,,,,,,,LIFR,,,,,,,,,,,,METAR,7
"METAR EGPL 280120Z AUTO 35004KT 9999 OVC000/// 09/09 Q1030",EGPL,2026-04-28T01:20:00.000Z,57.4750,-7.3640,9,9,350,4,,6+,30.41,,,TRUE,,,,,,,,,,,,,,,,VFR,,,,,,,,,,,,METAR,3
"METAR EGNJ 280120Z AUTO 06011KT 9999 SCT005/// BKN016/// BKN020/// 08/08 Q1027",EGNJ,2026-04-28T01:20:00.000Z,53.5800,-0.3410,8,8,60,11,,6+,30.32,,,TRUE,,,,,,,,SCT,500,BKN,1600,BKN,2000,,,MVFR,,,,,,,,,,,,METAR,23
"METAR EGNV 280120Z AUTO 02007KT 9999 OVC018/// 09/06 Q1029",EGNV,2026-04-28T01:20:00.000Z,54.5110,-1.4180,9,6,20,7,,6+,30.38,,,TRUE,,,,,,,,OVC,1800,,,,,,,MVFR,,,,,,,,,,,,METAR,36
"METAR EGNX 280120Z 01007KT 330V030 9999 BKN012 09/07 Q1026",EGNX,2026-04-28T01:20:00.000Z,52.8330,-1.3330,9,7,10,7,,6+,30.30,,,,,,,,,,,BKN,1200,,,,,,,MVFR,,,,,,,,,,,,METAR,91
"METAR EGFF 280120Z AUTO 05011KT 9999 NCD 11/07 Q1024",EGFF,2026-04-28T01:20:00.000Z,51.3970,-3.3430,11,7,50,11,,6+,30.24,,,TRUE,,,,,,,,,,,,,,,,VFR,,,,,,,,,,,,METAR,65
"METAR EGGD 280120Z AUTO 02009KT 9999 NCD 09/07 Q1024",EGGD,2026-04-28T01:20:00.000Z,51.3830,-2.7190,9,7,20,9,,6+,30.24,,,TRUE,,,,,,,,,,,,,,,,VFR,,,,,,,,,,,,METAR,182
"METAR EGHI 280120Z AUTO 02009KT 9999 NCD 11/07 Q1023",EGHI,2026-04-28T01:20:00.000Z,50.9440,-1.3580,11,7,20,9,,6+,30.21,,,TRUE,,,,,,,,,,,,,,,,VFR,,,,,,,,,,,,METAR,13
"METAR EGPK 280120Z 02005KT CAVOK 08/06 Q1029",EGPK,2026-04-28T01:20:00.000Z,55.5090,-4.5870,8,6,20,5,,6+,30.38,,,,,,,,,,,,,,,,,,,VFR,,,,,,,,,,,,METAR,14
"METAR EGSS 280120Z AUTO 01006KT 9999 OVC010 09/07 Q1024",EGSS,2026-04-28T01:20:00.000Z,51.8810,0.2230,9,7,10,6,,6+,30.24,,,TRUE,,,,,,,,OVC,1000,,,,,,,MVFR,,,,,,,,,,,,METAR,101
"METAR EGCC 280120Z AUTO 06011KT 9999 OVC018 09/05 Q1027 TEMPO BKN014",EGCC,2026-04-28T01:20:00.000Z,53.3540,-2.2750,9,5,60,11,,6+,30.32,,,TRUE,,,,,,,,OVC,1800,,,,,,,MVFR,,,,,,,,,,,,METAR,78
"METAR LGRP 280120Z 24007KT 9999 FEW020 18/13 Q1012 NOSIG",LGRP,2026-04-28T01:20:00.000Z,36.4050,28.0860,18,13,240,7,,6+,29.88,,,,,,TRUE,,,,,FEW,2000,,,,,,,VFR,,,,,,,,,,,,METAR,3
"METAR LIRA 280120Z 19003KT CAVOK 13/07 Q1017",LIRA,2026-04-28T01:20:00.000Z,41.8080,12.5850,13,7,190,3,,6+,30.03,,,,,,,,,,,,,,,,,,,VFR,,,,,,,,,,,,METAR,101
"METAR LGAD 280120Z VRB03KT 9000 FEW020 12/12 Q1016",LGAD,2026-04-28T01:20:00.000Z,37.9230,21.2870,12,12,0,3,,5.59,30.00,,,,,,,,,,,FEW,2000,,,,,,,VFR,,,,,,,,,,,,METAR,8
"METAR LGKL 280120Z 33004KT CAVOK 10/09 Q1016",LGKL,2026-04-28T01:20:00.000Z,37.0680,22.0260,10,9,330,4,,6+,30.00,,,,,,,,,,,,,,,,,,,VFR,,,,,,,,,,,,METAR,4
"METAR LGLM 280120Z 03008KT CAVOK 12/08 Q1018",LGLM,2026-04-28T01:20:00.000Z,39.9170,25.2360,12,8,30,8,,6+,30.06,,,,,,,,,,,,,,,,,,,VFR,,,,,,,,,,,,METAR,4
"METAR LGSA 280120Z 00000KT 9999 FEW018 15/08 Q1015",LGSA,2026-04-28T01:20:00.000Z,35.5400,24.1410,15,8,0,0,,6+,29.97,,,,,,,,,,,FEW,1800,,,,,,,VFR,,,,,,,,,,,,METAR,122
"METAR LIME 280120Z 02004KT 9999 SCT055 17/11 Q1015 NOSIG",LIME,2026-04-28T01:20:00.000Z,45.6740,9.7040,17,11,20,4,,6+,29.97,,,,,,TRUE,,,,,SCT,5500,,,,,,,VFR,,,,,,,,,,,,METAR,239
"METAR LIMF 280120Z 04004KT 9999 SCT090 16/12 Q1015",LIMF,2026-04-28T01:20:00.000Z,45.2030,7.6490,16,12,40,4,,6+,29.97,,,,,,,,,,,SCT,9000,,,,,,,VFR,,,,,,,,,,,,METAR,295
"METAR LIRF 280120Z AUTO 05002KT 9999 NCD 08/08 Q1017",LIRF,2026-04-28T01:20:00.000Z,41.8000,12.2390,8,8,50,2,,6+,30.03,,,TRUE,,,,,,,,,,,,,,,,VFR,,,,,,,,,,,,METAR,2
"METAR LIRN 280120Z VRB01KT CAVOK 13/11 Q1017 NOSIG",LIRN,2026-04-28T01:20:00.000Z,40.8850,14.2920,13,11,0,1,,6+,30.03,,,,,,TRUE,,,,,,,,,,,,,VFR,,,,,,,,,,,,METAR,76
"METAR ESNV 280120Z AUTO 27005KT 9999 NCD M04/M08 Q1026",ESNV,2026-04-28T01:20:00.000Z,64.5790,16.8390,-4,-8,270,5,,6+,30.30,,,TRUE,,,,,,,,,,,,,,,,VFR,,,,,,,,,,,,METAR,348
"METAR ESNX 280120Z AUTO 29009KT 9999 NCD M04/M07 Q1025",ESNX,2026-04-28T01:20:00.000Z,65.5920,19.2830,-4,-7,290,9,,6+,30.27,,,TRUE,,,,,,,,,,,,,,,,VFR,,,,,,,,,,,,METAR,380
"METAR ESST 280120Z AUTO 30006KT 9999 NCD 01/M05 Q1029",ESST,2026-04-28T01:20:00.000Z,60.1580,12.9920,1,-5,300,6,,6+,30.38,,,TRUE,,,,,,,,,,,,,,,,VFR,,,,,,,,,,,,METAR,110
"METAR ESUP 280120Z AUTO 33004KT 290V360 9999 NCD M04/M07 Q1024",ESUP,2026-04-28T01:20:00.000Z,67.2460,23.0690,-4,-7,330,4,,6+,30.24,,,TRUE,,,,,,,,,,,,,,,,VFR,,,,,,,,,,,,METAR,164
"METAR ESND 280120Z AUTO 29004KT 9999 NCD M02/M05 Q1028",ESND,2026-04-28T01:20:00.000Z,62.0470,14.4160,-2,-5,290,4,,6+,30.35,,,TRUE,,,,,,,,,,,,,,,,VFR,,,,,,,,,,,,METAR,352
"METAR LOWW 280120Z VRB01KT CAVOK 06/01 Q1020 NOSIG",LOWW,2026-04-28T01:20:00.000Z,48.1170,16.5820,6,1,0,1,,6+,30.12,,,,,,TRUE,,,,,,,,,,,,,VFR,,,,,,,,,,,,METAR,179
"METAR LOWL 280120Z AUTO VRB01KT 9999 NCD 08/00 Q1019",LOWL,2026-04-28T01:20:00.000Z,48.2330,14.1880,8,0,0,1,,6+,30.09,,,TRUE,,,,,,,,,,,,,,,,VFR,,,,,,,,,,,,METAR,290
"METAR EBBR 280120Z 05006KT CAVOK 11/01 Q1020 NOSIG",EBBR,2026-04-28T01:20:00.000Z,50.8960,4.5260,11,1,50,6,,6+,30.12,,,,,,TRUE,,,,,,,,,,,,,VFR,,,,,,,,,,,,METAR,49
"METAR EBCI 280120Z 03009KT CAVOK 10/01 Q1020 NOSIG",EBCI,2026-04-28T01:20:00.000Z,50.4590,4.4540,10,1,30,9,,6+,30.12,,,,,,TRUE,,,,,,,,,,,,,VFR,,,,,,,,,,,,METAR,176
"METAR EBLG 280120Z 03007KT CAVOK 09/02 Q1020 NOSIG",EBLG,2026-04-28T01:20:00.000Z,50.6370,5.4430,9,2,30,7,,6+,30.12,,,,,,TRUE,,,,,,,,,,,,,VFR,,,,,,,,,,,,METAR,187
"METAR ENJS 280120Z 36008KT 9999 SCT018 06/03 Q1031 W07/S3",ENJS,2026-04-28T01:20:00.000Z,58.8350,2.5450,6,3,360,8,,6+,30.44,,,,,,,,,,,SCT,1800,,,,,,,VFR,,,,,,,,,,,,METAR,0
"METAR ENLE 280120Z 02018KT 9999 SCT012 06/04 Q1029 W08/S3",ENLE,2026-04-28T01:20:00.000Z,56.5350,3.2050,6,4,20,18,,6+,30.38,,,,,,,,,,,SCT,1200,,,,,,,VFR,,,,,,,,,,,,METAR,10
"METAR EKCH 280120Z AUTO 02007KT 9999 NCD 06/M00 Q1027 NOSIG",EKCH,2026-04-28T01:20:00.000Z,55.6180,12.6560,6,0,20,7,,6+,30.32,,,TRUE,,,TRUE,,,,,,,,,,,,,VFR,,,,,,,,,,,,METAR,4
"METAR ENAT 280120Z AUTO 35010KT 9999 FEW018/// SCT023/// BKN038/// 01/M02 Q1025 RMK WIND 700FT 35013KT",ENAT,2026-04-28T01:20:00.000Z,69.9780,23.3580,1,-2,350,10,,6+,30.27,,,TRUE,,,,,,,,FEW,1800,SCT,2300,BKN,3800,,,VFR,,,,,,,,,,,,METAR,3
"METAR EDSB 280120Z AUTO 03007KT 9999 SCT220/// 10/03 Q1016",EDSB,2026-04-28T01:20:00.000Z,48.7790,8.0810,10,3,30,7,,6+,30.00,,,TRUE,,,,,,,,SCT,22000,,,,,,,VFR,,,,,,,,,,,,METAR,122
"METAR EFJY 280120Z AUTO 34010KT CAVOK M00/M06 Q1016",EFJY,2026-04-28T01:20:00.000Z,62.4040,25.6750,0,-6,340,10,,6+,30.00,,,TRUE,,,,,,,,,,,,,,,,VFR,,,,,,,,,,,,METAR,139
"METAR KMWS 280120Z 20002KT 04/03 ",KMWS,2026-04-28T01:20:00.000Z,34.2260,-118.0570,4,3,200,2,,,,,,,,,,,,,,,,,,,,,,null,,,,,,,,,,,,METAR,1745
"METAR LIMC 280120Z VRB01KT 9999 SCT070 12/10 Q1015 NOSIG",LIMC,2026-04-28T01:20:00.000Z,45.6310,8.7280,12,10,0,1,,6+,29.97,,,,,,TRUE,,,,,SCT,7000,,,,,,,VFR,,,,,,,,,,,,METAR,221
"METAR LIPZ 280120Z 01004KT CAVOK 15/12 Q1016 NOSIG",LIPZ,2026-04-28T01:20:00.000Z,45.5050,12.3520,15,12,10,4,,6+,30.00,,,,,,TRUE,,,,,,,,,,,,,VFR,,,,,,,,,,,,METAR,3
"METAR EFKT 280120Z AUTO 34009KT CAVOK M04/M07 Q1022",EFKT,2026-04-28T01:20:00.000Z,67.7010,24.8470,-4,-7,340,9,,6+,30.18,,,TRUE,,,,,,,,,,,,,,,,VFR,,,,,,,,,,,,METAR,190
"METAR LIEE 280120Z 35004KT CAVOK 11/08 Q1016",LIEE,2026-04-28T01:20:00.000Z,39.2430,9.0600,11,8,350,4,,6+,30.00,,,,,,,,,,,,,,,,,,,VFR,,,,,,,,,,,,METAR,1
"METAR LIPE 280120Z VRB02KT CAVOK 14/09 Q1015",LIPE,2026-04-28T01:20:00.000Z,44.5310,11.2970,14,9,0,2,,6+,29.97,,,,,,,,,,,,,,,,,,,VFR,,,,,,,,,,,,METAR,37
"METAR LIBR 280120Z VRB02KT CAVOK 13/11 Q1016",LIBR,2026-04-28T01:20:00.000Z,40.6580,17.9510,13,11,0,2,,6+,30.00,,,,,,,,,,,,,,,,,,,VFR,,,,,,,,,,,,METAR,5
"METAR EDMA 280120Z AUTO VRB02KT 9999 // OVC170/// 05/02 Q1018",EDMA,2026-04-28T01:20:00.000Z,48.4250,10.9320,5,2,0,2,,6+,30.06,,,TRUE,,,,,,,,OVC,17000,,,,,,,VFR,,,,,,,,,,,,METAR,462
"METAR EDAH 280120Z AUTO 10006KT 9999 // NCD 04/M01 Q1026",EDAH,2026-04-28T01:20:00.000Z,53.8790,14.1520,4,-1,100,6,,6+,30.30,,,TRUE,,,,,,,,,,,,,,,,VFR,,,,,,,,,,,,METAR,22
"METAR LGSO 280120Z 35010G20KT 9999 FEW018 16/10 Q1016",LGSO,2026-04-28T01:20:00.000Z,37.4220,24.9500,16,10,350,10,20,6+,30.00,,,,,,,,,,,FEW,1800,,,,,,,VFR,,,,,,,,,,,,METAR,71
"METAR EKRK 280120Z AUTO 02005KT 9999 NCD 02/M02 Q1027",EKRK,2026-04-28T01:20:00.000Z,55.5870,12.1360,2,-2,20,5,,6+,30.32,,,TRUE,,,,,,,,,,,,,,,,VFR,,,,,,,,,,,,METAR,40
"METAR LGEL 280120Z 32012KT CAVOK 17/03 Q1017",LGEL,2026-04-28T01:20:00.000Z,38.0640,23.5560,17,3,320,12,,6+,30.03,,,,,,,,,,,,,,,,,,,VFR,,,,,,,,,,,,METAR,21
"METAR ESNZ 280120Z AUTO 29008KT 9999 NCD M02/M06 Q1027",ESNZ,2026-04-28T01:20:00.000Z,63.1990,14.4890,-2,-6,290,8,,6+,30.32,,,TRUE,,,,,,,,,,,,,,,,VFR,,,,,,,,,,,,METAR,360
"METAR LIMJ 280120Z 01003KT CAVOK 15/12 Q1016",LIMJ,2026-04-28T01:20:00.000Z,44.4130,8.8380,15,12,10,3,,6+,30.00,,,,,,,,,,,,,,,,,,,VFR,,,,,,,,,,,,METAR,3
"METAR ESUT 280120Z AUTO 29003KT 250V330 9999 BKN039/// M03/M06 Q1027",ESUT,2026-04-28T01:20:00.000Z,65.8060,15.0830,-3,-6,290,3,,6+,30.32,,,TRUE,,,,,,,,BKN,3900,,,,,,,VFR,,,,,,,,,,,,METAR,457
"METAR K40B 280120Z AUTO 00000KT 08/02 RMK AO1 SLPNO T00810018",K40B,2026-04-28T01:20:00.000Z,46.6160,-69.5330,8.1,1.8,0,0,,,,,,TRUE,TRUE,,,,,,,,,,,,,,,null,,,,,,,,,,,,METAR,344
"METAR LOWS 280120Z AUTO 17002KT 9999 NCD 05/03 Q1018",LOWS,2026-04-28T01:20:00.000Z,47.7890,13.0090,5,3,170,2,,6+,30.06,,,TRUE,,,,,,,,,,,,,,,,VFR,,,,,,,,,,,,METAR,427
"METAR EGGP 280120Z 04007KT 360V060 9999 SCT019 09/05 Q1028",EGGP,2026-04-28T01:20:00.000Z,53.3340,-2.8500,9,5,40,7,,6+,30.35,,,,,,,,,,,SCT,1900,,,,,,,VFR,,,,,,,,,,,,METAR,23
"METAR ESGG 280120Z 01005KT CAVOK 03/M02 Q1027",ESGG,2026-04-28T01:20:00.000Z,57.6670,12.2850,3,-2,10,5,,6+,30.32,,,,,,,,,,,,,,,,,,,VFR,,,,,,,,,,,,METAR,152
"METAR ESCM 280120Z AUTO 31008KT 9999 NCD M00/M03 Q1025",ESCM,2026-04-28T01:20:00.000Z,59.8990,17.5890,0,-3,310,8,,6+,30.27,,,TRUE,,,,,,,,,,,,,,,,VFR,,,,,,,,,,,,METAR,21
"METAR BGJN 280120Z AUTO 04006KT 9999NDV -SHSN OVC031/// M08/M14 Q1010",BGJN,2026-04-28T01:20:00.000Z,69.2400,-51.0640,-8,-14,40,6,,,29.82,,,TRUE,,,,,,,-SHSN,OVC,3100,,,,,,,null,,,,,,,,,,,,METAR,22
"METAR EDDC 280120Z AUTO VRB01KT CAVOK 06/00 Q1022",EDDC,2026-04-28T01:20:00.000Z,51.1280,13.7543,6,0,0,1,,6+,30.18,,,TRUE,,,,,,,,,,,,,,,,VFR,,,,,,,,,,,,METAR,227
"METAR BGBW 280120Z AUTO 24023KT 9999NDV BKN170/// M05/M16 Q0997",BGBW,2026-04-28T01:20:00.000Z,61.1640,-45.4200,-5,-16,240,23,,,29.44,,,TRUE,,,,,,,,BKN,17000,,,,,,,null,,,,,,,,,,,,METAR,49
"METAR EGBB 280120Z 01009KT 9999 OVC015 09/05 Q1026",EGBB,2026-04-28T01:20:00.000Z,52.4600,-1.7580,9,5,10,9,,6+,30.30,,,,,,,,,,,OVC,1500,,,,,,,MVFR,,,,,,,,,,,,METAR,91
"METAR EDDB 280120Z AUTO 06008KT CAVOK 05/M03 Q1024 NOSIG",EDDB,2026-04-28T01:20:00.000Z,52.3807,13.5306,5,-3,60,8,,6+,30.24,,,TRUE,,,TRUE,,,,,,,,,,,,,VFR,,,,,,,,,,,,METAR,48
"METAR EGCK 280120Z AUTO 04007KT 9999 NCD 08/07 Q1027",EGCK,2026-04-28T01:20:00.000Z,53.1040,-4.3400,8,7,40,7,,6+,30.32,,,TRUE,,,,,,,,,,,,,,,,VFR,,,,,,,,,,,,METAR,6
"METAR ESNL 280120Z AUTO 31006KT 9999 NCD M03/M06 Q1026",ESNL,2026-04-28T01:20:00.000Z,64.5520,18.7110,-3,-6,310,6,,6+,30.30,,,TRUE,,,,,,,,,,,,,,,,VFR,,,,,,,,,,,,METAR,220
"SPECI SBKP 280120Z 20004KT 9999 -RA VCTS SCT040 FEW041CB BKN060 22/20 Q1018 RETSRA",SBKP,2026-04-28T01:20:00.000Z,-23.0070,-47.1350,22,20,200,4,,6+,30.06,,,,,,,,,,-RA VCTS,SCT,4000,FEW,4100,BKN,6000,,,VFR,,,,,,,,,,,,SPECI,659
"METAR EGSY 280120Z AUTO VRB02KT 9999 NCD 10/06 Q1024",EGSY,2026-04-28T01:20:00.000Z,51.4060,-3.4340,10,6,0,2,,6+,30.24,,,TRUE,,,,,,,,,,,,,,,,VFR,,,,,,,,,,,,METAR,46
"METAR EDDS 280120Z AUTO 24002KT CAVOK 08/02 Q1016",EDDS,2026-04-28T01:20:00.000Z,48.6900,9.2220,8,2,240,2,,6+,30.00,,,TRUE,,,,,,,,,,,,,,,,VFR,,,,,,,,,,,,METAR,374
"METAR EGAA 280120Z AUTO 33004KT 9999 NCD 07/06 Q1029",EGAA,2026-04-28T01:20:00.000Z,54.6540,-6.2250,7,6,330,4,,6+,30.38,,,TRUE,,,,,,,,,,,,,,,,VFR,,,,,,,,,,,,METAR,65
"METAR EDDF 280120Z AUTO 02008KT CAVOK 12/02 Q1019 NOSIG",EDDF,2026-04-28T01:20:00.000Z,50.0450,8.5980,12,2,20,8,,6+,30.09,,,TRUE,,,TRUE,,,,,,,,,,,,,VFR,,,,,,,,,,,,METAR,113
"METAR ESGJ 280120Z AUTO 25003KT 9999 NCD M02/M06 Q1026",ESGJ,2026-04-28T01:20:00.000Z,57.7520,14.0690,-2,-6,250,3,,6+,30.30,,,TRUE,,,,,,,,,,,,,,,,VFR,,,,,,,,,,,,METAR,224
"METAR ESKN 280120Z 29006KT CAVOK 00/M03 Q1025",ESKN,2026-04-28T01:20:00.000Z,58.7860,16.9180,0,-3,290,6,,6+,30.27,,,,,,,,,,,,,,,,,,,VFR,,,,,,,,,,,,METAR,41
"METAR ESGP 280120Z AUTO 02002KT 9999 NCD 01/M02 Q1028",ESGP,2026-04-28T01:20:00.000Z,57.7810,11.8690,1,-2,20,2,,6+,30.35,,,TRUE,,,,,,,,,,,,,,,,VFR,,,,,,,,,,,,METAR,15
"METAR ESKM 280120Z AUTO 31008KT 9999 NCD M00/M06 Q1028",ESKM,2026-04-28T01:20:00.000Z,60.9600,14.5070,0,-6,310,8,,6+,30.35,,,TRUE,,,,,,,,,,,,,,,,VFR,,,,,,,,,,,,METAR,184
"METAR ESOE 280120Z AUTO 35008KT 9999 NCD 01/M06 Q1027",ESOE,2026-04-28T01:20:00.000Z,59.2290,15.0460,1,-6,350,8,,6+,30.32,,,TRUE,,,,,,,,,,,,,,,,VFR,,,,,,,,,,,,METAR,57
"METAR EGPD 280120Z AUTO 11003KT 9999 BKN006 OVC021 08/06 Q1031 TEMPO BKN004",EGPD,2026-04-28T01:20:00.000Z,57.2050,-2.2050,8,6,110,3,,6+,30.44,,,TRUE,,,,,,,,BKN,600,OVC,2100,,,,,IFR,,,,,,,,,,,,METAR,65
"METAR ENSL 280120Z AUTO 03008KT 9999 FEW019/// 07/03 Q1031 W04/S3",ENSL,2026-04-28T01:20:00.000Z,58.3670,1.9070,7,3,30,8,,6+,30.44,,,TRUE,,,,,,,,FEW,1900,,,,,,,VFR,,,,,,,,,,,,METAR,50
"METAR ENSF 280120Z AUTO 22010KT 9999 OVC015/// 08/05 Q1031 W///S4",ENSF,2026-04-28T01:20:00.000Z,61.2500,1.8500,8,5,220,10,,6+,30.44,,,TRUE,,,,,,,,OVC,1500,,,,,,,MVFR,,,,,,,,,,,,METAR,15
"METAR LGKR 280120Z VRB02KT 9999 FEW030 14/12 Q1016 NOSIG",LGKR,2026-04-28T01:20:00.000Z,39.6100,19.9130,14,12,0,2,,6+,30.00,,,,,,TRUE,,,,,FEW,3000,,,,,,,VFR,,,,,,,,,,,,METAR,2
"METAR EGPI 280120Z AUTO VRB02KT 0100 FG OVC001/// ///// Q1029",EGPI,2026-04-28T01:20:00.000Z,55.6810,-6.2500,,,0,2,,0.06,30.38,,,TRUE,,,,,,,FG,OVC,100,,,,,,,LIFR,,,,,,,,,,,,METAR,17
"METAR ENHF 280120Z AUTO 01010KT 330V040 9999 -SN SCT036/// BKN043/// 00/M06 Q1024 RMK WIND RWY 04 03015KT WIND 1253FT 35024KT",ENHF,2026-04-28T01:20:00.000Z,70.6810,23.6770,0,-6,10,10,,6+,30.24,,,TRUE,,,,,,,-SN,SCT,3600,BKN,4300,,,,,VFR,,,,,,,,,,,,METAR,79
"METAR LICB 280120Z AUTO VRB02KT 9999 NCD 11/09 Q1017",LICB,2026-04-28T01:20:00.000Z,36.9940,14.6060,11,9,0,2,,6+,30.03,,,TRUE,,,,,,,,,,,,,,,,VFR,,,,,,,,,,,,METAR,212
"METAR ETSH 280120Z 04005KT 9999 FEW140 05/M02 Q1023 BLU+",ETSH,2026-04-28T01:20:00.000Z,51.7680,13.1680,5,-2,40,5,,6+,30.21,,,,,,,,,,,FEW,14000,,,,,,,VFR,,,,,,,,,,,,METAR,79
"METAR EKBI 280120Z AUTO 36004KT 9999 NCD M00/M03 Q1028",EKBI,2026-04-28T01:20:00.000Z,55.7400,9.1520,0,-3,360,4,,6+,30.35,,,TRUE,,,,,,,,,,,,,,,,VFR,,,,,,,,,,,,METAR,67
"METAR ETNW 280120Z 07004KT 9999 BKN250 06/M00 Q1023 BLU+",ETNW,2026-04-28T01:20:00.000Z,52.4570,9.4270,6,0,70,4,,6+,30.21,,,,,,,,,,,BKN,25000,,,,,,,VFR,,,,,,,,,,,,METAR,57
"METAR LGIR 280120Z 17005KT 9999 FEW020 13/10 Q1016 NOSIG",LGIR,2026-04-28T01:20:00.000Z,35.3370,25.1730,13,10,170,5,,6+,30.00,,,,,,TRUE,,,,,FEW,2000,,,,,,,VFR,,,,,,,,,,,,METAR,37
"METAR LGAV 280120Z 35004KT CAVOK 16/04 Q1017 NOSIG",LGAV,2026-04-28T01:20:00.000Z,37.9360,23.9450,16,4,350,4,,6+,30.03,,,,,,TRUE,,,,,,,,,,,,,VFR,,,,,,,,,,,,METAR,83
"METAR ELLX 280120Z AUTO 05009KT 9999 NCD 10/02 Q1017 NOSIG",ELLX,2026-04-28T01:20:00.000Z,49.6260,6.2040,10,2,50,9,,6+,30.03,,,TRUE,,,TRUE,,,,,,,,,,,,,VFR,,,,,,,,,,,,METAR,374
"METAR ESNK 280120Z AUTO 31003KT 280V360 9999 NCD M01/M07 Q1027",ESNK,2026-04-28T01:20:00.000Z,63.0470,17.7660,-1,-7,310,3,,6+,30.32,,,TRUE,,,,,,,,,,,,,,,,VFR,,,,,,,,,,,,METAR,4
"METAR ETHN 280120Z 08006KT 9999 BKN120 08/01 Q1018 BLU",ETHN,2026-04-28T01:20:00.000Z,49.3980,9.9580,8,1,80,6,,6+,30.06,,,,,,,,,,,BKN,12000,,,,,,,VFR,,,,,,,,,,,,METAR,466
"METAR EBOS 280120Z 04010KT CAVOK 12/06 Q1021 NOSIG",EBOS,2026-04-28T01:20:00.000Z,51.1990,2.8620,12,6,40,10,,6+,30.15,,,,,,TRUE,,,,,,,,,,,,,VFR,,,,,,,,,,,,METAR,5
"METAR EFKU 280120Z AUTO 34013KT CAVOK M00/M05 Q1014",EFKU,2026-04-28T01:20:00.000Z,63.0080,27.7990,0,-5,340,13,,6+,29.94,,,TRUE,,,,,,,,,,,,,,,,VFR,,,,,,,,,,,,METAR,92
"METAR ETHL 280120Z 03001KT 9999 BKN190 07/M01 Q1017 BLU",ETHL,2026-04-28T01:20:00.000Z,48.2180,9.9100,7,-1,30,1,,6+,30.03,,,,,,,,,,,BKN,19000,,,,,,,VFR,,,,,,,,,,,,METAR,536
"METAR EBAW 280120Z AUTO 05008KT CAVOK 11/03 Q1021",EBAW,2026-04-28T01:20:00.000Z,51.1890,4.4600,11,3,50,8,,6+,30.15,,,TRUE,,,,,,,,,,,,,,,,VFR,,,,,,,,,,,,METAR,7
"METAR EGNT 280120Z 03007KT 9999 BKN012 08/07 Q1030",EGNT,2026-04-28T01:20:00.000Z,55.0370,-1.7020,8,7,30,7,,6+,30.41,,,,,,,,,,,BKN,1200,,,,,,,MVFR,,,,,,,,,,,,METAR,77
"METAR LSMD 280120Z AUTO 00000KT 9999NDV FEW240 09/05 Q1017 RMK",LSMD,2026-04-28T01:20:00.000Z,47.3990,8.6480,9,5,0,0,,,30.03,,,TRUE,,,,,,,,FEW,24000,,,,,,,null,,,,,,,,,,,,METAR,436
"METAR EDWE 280120Z AUTO 07007KT CAVOK 08/04 Q1025",EDWE,2026-04-28T01:20:00.000Z,53.3880,7.2290,8,4,70,7,,6+,30.27,,,TRUE,,,,,,,,,,,,,,,,VFR,,,,,,,,,,,,METAR,0
"METAR ENRO 280120Z AUTO 24003KT 210V300 9999 NCD M05/M06 Q1029",ENRO,2026-04-28T01:20:00.000Z,62.5780,11.3420,-5,-6,240,3,,6+,30.38,,,TRUE,,,,,,,,,,,,,,,,VFR,,,,,,,,,,,,METAR,624
"METAR LTDB 280120Z 03004KT 5000 BR SCT020 14/13 Q1011 NOSIG",LTDB,2026-04-28T01:20:00.000Z,36.8939,35.0700,14,13,30,4,,3.11,29.85,,,,,,TRUE,,,,BR,SCT,2000,,,,,,,MVFR,,,,,,,,,,,,METAR,6
"METAR ESNN 280120Z AUTO 31007KT 9999 NCD 01/M05 Q1027",ESNN,2026-04-28T01:20:00.000Z,62.5320,17.4360,1,-5,310,7,,6+,30.32,,,TRUE,,,,,,,,,,,,,,,,VFR,,,,,,,,,,,,METAR,4
"METAR ENRY 280120Z AUTO 31005KT 9999 ///////// 04/M04 Q1030",ENRY,2026-04-28T01:20:00.000Z,59.3810,10.7830,4,-4,310,5,,6+,30.41,,,TRUE,,,,,,,,,,,,,,,,VFR,,,,,,,,,,,,METAR,45
"METAR ESMQ 280120Z AUTO 29004KT 9999 R16///// R34/P1500N NCD 02/M02 Q1025",ESMQ,2026-04-28T01:20:00.000Z,56.6850,16.2840,2,-2,290,4,,6+,30.27,,,TRUE,,,,,,,,,,,,,,,,VFR,,,,,,,,,,,,METAR,3
"METAR ENHD 280120Z AUTO 03003KT 350V070 9999 NCD 03/00 Q1030",ENHD,2026-04-28T01:20:00.000Z,59.3410,5.2200,3,0,30,3,,6+,30.41,,,TRUE,,,,,,,,,,,,,,,,VFR,,,,,,,,,,,,METAR,22
"METAR ENHE 280120Z 25004KT 9999 BKN032 05/M01 Q1031 W07/S3",ENHE,2026-04-28T01:20:00.000Z,65.3250,2.3270,5,-1,250,4,,6+,30.44,,,,,,,,,,,BKN,3200,,,,,,,VFR,,,,,,,,,,,,METAR,10
"METAR EDAC 280120Z AUTO VRB01KT 9999 // NCD 02/01 Q1021",EDAC,2026-04-28T01:20:00.000Z,50.9820,12.5060,2,1,0,1,,6+,30.15,,,TRUE,,,,,,,,,,,,,,,,VFR,,,,,,,,,,,,METAR,193
"METAR ENCN 280120Z AUTO 05007KT 9999 NCD 00/M02 Q1029",ENCN,2026-04-28T01:20:00.000Z,58.2000,8.0770,0,-2,50,7,,6+,30.38,,,TRUE,,,,,,,,,,,,,,,,VFR,,,,,,,,,,,,METAR,17
"METAR LIRQ 280120Z VRB01KT CAVOK 10/08 Q1017",LIRQ,2026-04-28T01:20:00.000Z,43.8100,11.2050,10,8,0,1,,6+,30.03,,,,,,,,,,,,,,,,,,,VFR,,,,,,,,,,,,METAR,33
"METAR LOWK 280120Z AUTO VRB01KT 9999 NCD 10/04 Q1019",LOWK,2026-04-28T01:20:00.000Z,46.6480,14.3180,10,4,0,1,,6+,30.09,,,TRUE,,,,,,,,,,,,,,,,VFR,,,,,,,,,,,,METAR,450
"METAR ENSB 280120Z 12006KT 5000 -SN VV015 M07/M10 Q1026 RMK WIND 1400FT VRB01KT",ENSB,2026-04-28T01:20:00.000Z,78.2460,15.4660,-7,-10,120,6,,3.11,30.30,,,,,,,,,,-SN,OVX,1500,,,,,,,MVFR,,,,,,,,,,,15,METAR,30
"METAR LSZH 280120Z AUTO VRB03KT CAVOK 07/04 Q1017 NOSIG",LSZH,2026-04-28T01:20:00.000Z,47.4800,8.5360,7,4,0,3,,6+,30.03,,,TRUE,,,TRUE,,,,,,,,,,,,,VFR,,,,,,,,,,,,METAR,424
"METAR ENTC 280120Z AUTO 23005KT 9999 SCT025/// SCT039/// BKN055/// M00/M02 Q1028 RMK WIND 2600FT 32014KT",ENTC,2026-04-28T01:20:00.000Z,69.6750,18.9160,0,-2,230,5,,6+,30.35,,,TRUE,,,,,,,,SCT,2500,SCT,3900,BKN,5500,,,VFR,,,,,,,,,,,,METAR,9
"METAR LGNX 280120Z 03006KT CAVOK 15/13 Q1015",LGNX,2026-04-28T01:20:00.000Z,37.0810,25.3690,15,13,30,6,,6+,29.97,,,,,,,,,,,,,,,,,,,VFR,,,,,,,,,,,,METAR,3
"METAR LSGG 280120Z AUTO VRB02KT CAVOK 10/06 Q1016 NOSIG",LSGG,2026-04-28T01:20:00.000Z,46.2480,6.1280,10,6,0,2,,6+,30.00,,,TRUE,,,TRUE,,,,,,,,,,,,,VFR,,,,,,,,,,,,METAR,411
"METAR ENVA 280120Z AUTO 11007KT 9999 NCD M01/M02 Q1031 RMK WIND 670FT 16008KT",ENVA,2026-04-28T01:20:00.000Z,63.4600,10.9310,-1,-2,110,7,,6+,30.44,,,TRUE,,,,,,,,,,,,,,,,VFR,,,,,,,,,,,,METAR,12
"METAR EFKS 280120Z AUTO 34009KT CAVOK M03/M07 Q1015",EFKS,2026-04-28T01:20:00.000Z,65.9920,29.2360,-3,-7,340,9,,6+,29.97,,,TRUE,,,,,,,,,,,,,,,,VFR,,,,,,,,,,,,METAR,270
"METAR EKVD 280120Z AUTO 01002KT //// ///////// 01/M00 Q1028",EKVD,2026-04-28T01:20:00.000Z,55.4360,9.3290,1,0,10,2,,,30.35,,,TRUE,,,,,,,,,,,,,,,,null,,,,,,,,,,,,METAR,41
"METAR LOWG 280120Z AUTO 34003KT 9999 NCD 10/04 Q1019",LOWG,2026-04-28T01:20:00.000Z,46.9970,15.4470,10,4,340,3,,6+,30.09,,,TRUE,,,,,,,,,,,,,,,,VFR,,,,,,,,,,,,METAR,337
"METAR LTFJ 280120Z 03006KT 350V050 CAVOK 07/04 Q1019 NOSIG RMK RWY24R 01005KT RWY06R 02006KT RWY24L 03005KT",LTFJ,2026-04-28T01:20:00.000Z,40.8990,29.3090,7,4,30,6,,6+,30.09,,,,,,TRUE,,,,,,,,,,,,,VFR,,,,,,,,,,,,METAR,83
"METAR ETWM 280120Z AUTO 05006KT //// // ////// 07/03 Q1023 ///",ETWM,2026-04-28T01:20:00.000Z,52.7250,7.3300,7,3,50,6,,,30.21,,,TRUE,,,,,,,,,,,,,,,,null,,,,,,,,,,,,METAR,18
"METAR ETSB 280120Z AUTO 05007KT //// // ////// 09/00 Q1018 ///",ETSB,2026-04-28T01:20:00.000Z,50.1750,7.0600,9,0,50,7,,,30.06,,,TRUE,,,,,,,,,,,,,,,,null,,,,,,,,,,,,METAR,477
"METAR EDFH 280120Z 08008KT CAVOK 09/00 Q1018",EDFH,2026-04-28T01:20:00.000Z,49.9460,7.2650,9,0,80,8,,6+,30.06,,,,,,,,,,,,,,,,,,,VFR,,,,,,,,,,,,METAR,494
"METAR ETNT 280120Z AUTO 08003KT 9999 // ////// 07/02 Q1025 ///",ETNT,2026-04-28T01:20:00.000Z,53.5480,7.6670,7,2,80,3,,6+,30.27,,,TRUE,,,,,,,,,,,,,,,,VFR,,,,,,,,,,,,METAR,5
"METAR EDQM 280120Z AUTO 01003KT 9999 // FEW170/// 05/M01 Q1020",EDQM,2026-04-28T01:20:00.000Z,50.2890,11.8600,5,-1,10,3,,6+,30.12,,,TRUE,,,,,,,,FEW,17000,,,,,,,VFR,,,,,,,,,,,,METAR,578
"METAR EDTY 280120Z AUTO 08005KT 9999 // FEW150/// BKN220/// 08/02 Q1018",EDTY,2026-04-28T01:20:00.000Z,49.1180,9.7840,8,2,80,5,,6+,30.06,,,TRUE,,,,,,,,FEW,15000,BKN,22000,,,,,VFR,,,,,,,,,,,,METAR,398
"METAR LTBS 280120Z 05005KT CAVOK 12/11 Q1012 NOSIG RMK RWY19 03004KT SKC",LTBS,2026-04-28T01:20:00.000Z,36.7130,28.7930,12,11,50,5,,6+,29.88,,,,,,TRUE,,,,,,,,,,,,,VFR,,,,,,,,,,,,METAR,2
"METAR LSZB 280120Z AUTO 31003KT CAVOK 06/04 Q1016",LSZB,2026-04-28T01:20:00.000Z,46.9140,7.4970,6,4,310,3,,6+,30.00,,,TRUE,,,,,,,,,,,,,,,,VFR,,,,,,,,,,,,METAR,510
"METAR LTBJ 280120Z 34011KT CAVOK 13/07 Q1014 NOSIG RMK RWY16 36010KT",LTBJ,2026-04-28T01:20:00.000Z,38.2850,27.1550,13,7,340,11,,6+,29.94,,,,,,TRUE,,,,,,,,,,,,,VFR,,,,,,,,,,,,METAR,123
"METAR LTFE 280120Z 12004KT CAVOK 11/10 Q1013 NOSIG RMK RWY10 08003KT 040V100",LTFE,2026-04-28T01:20:00.000Z,37.2450,27.6730,11,10,120,4,,6+,29.91,,,,,,TRUE,,,,,,,,,,,,,VFR,,,,,,,,,,,,METAR,6
"METAR LTCJ 280120Z 04004KT CAVOK 09/08 Q1010 NOSIG RMK RWY20 00000KT SKC",LTCJ,2026-04-28T01:20:00.000Z,37.9300,41.1170,9,8,40,4,,6+,29.82,,,,,,TRUE,,,,,,,,,,,,,VFR,,,,,,,,,,,,METAR,559
"METAR LIML 280120Z 04003KT 010V090 CAVOK 17/10 Q1015 NOSIG",LIML,2026-04-28T01:20:00.000Z,45.4610,9.2630,17,10,40,3,,6+,29.97,,,,,,TRUE,,,,,,,,,,,,,VFR,,,,,,,,,,,,METAR,109
"METAR LTBR 280120Z 16001KT CAVOK 02/02 Q1018 NOSIG RMK RWY07 09002KT",LTBR,2026-04-28T01:20:00.000Z,40.2550,29.5620,2,2,160,1,,6+,30.06,,,,,,TRUE,,,,,,,,,,,,,VFR,,,,,,,,,,,,METAR,233
"METAR LTAU 280120Z 07006KT CAVOK 05/02 Q1017 NOSIG RMK RWY07 08007KT",LTAU,2026-04-28T01:20:00.000Z,38.7700,35.4950,5,2,70,6,,6+,30.03,,,,,,TRUE,,,,,,,,,,,,,VFR,,,,,,,,,,,,METAR,1053
"METAR LTAT 280120Z 17004KT CAVOK 07/04 Q1013 NOSIG RMK RWY03 VRB01KT",LTAT,2026-04-28T01:20:00.000Z,38.4350,38.0920,7,4,170,4,,6+,29.91,,,,,,TRUE,,,,,,,,,,,,,VFR,,,,,,,,,,,,METAR,850
"METAR EDFM 280120Z AUTO 03005KT 9999 // OVC180/// 13/01 Q1017",EDFM,2026-04-28T01:20:00.000Z,49.4740,8.5150,13,1,30,5,,6+,30.03,,,TRUE,,,,,,,,OVC,18000,,,,,,,VFR,,,,,,,,,,,,METAR,94
"METAR LTAJ 280120Z 36006KT 350V070 CAVOK 13/07 Q1011 NOSIG RMK RWY10 33004KT 300V050 SKC",LTAJ,2026-04-28T01:20:00.000Z,36.9470,37.4790,13,7,360,6,,6+,29.85,,,,,,TRUE,,,,,,,,,,,,,VFR,,,,,,,,,,,,METAR,684
"METAR ENSD 280120Z AUTO 00000KT 9999 NCD 04/M00 Q1030 RMK WIND RWY 26 VRB02KT WIND 1126FT 28004KT",ENSD,2026-04-28T01:20:00.000Z,61.8290,6.1040,4,0,0,0,,6+,30.41,,,TRUE,,,,,,,,,,,,,,,,VFR,,,,,,,,,,,,METAR,61
"METAR EGPH 280120Z 09006KT 9999 BKN005 09/08 Q1030",EGPH,2026-04-28T01:20:00.000Z,55.9520,-3.3600,9,8,90,6,,6+,30.41,,,,,,,,,,,BKN,500,,,,,,,IFR,,,,,,,,,,,,METAR,29
"METAR ESMT 280120Z AUTO 04004KT 9999 NCD 02/M06 Q1027",ESMT,2026-04-28T01:20:00.000Z,56.6910,12.8200,2,-6,40,4,,6+,30.32,,,TRUE,,,,,,,,,,,,,,,,VFR,,,,,,,,,,,,METAR,24
"METAR EGKB 280120Z AUTO 03009KT 9999 OVC009/// 08/07 Q1024",EGKB,2026-04-28T01:20:00.000Z,51.3300,0.0330,8,7,30,9,,6+,30.24,,,TRUE,,,,,,,,OVC,900,,,,,,,IFR,,,,,,,,,,,,METAR,183
"METAR EGLC 280120Z AUTO 04009KT 010V070 9999 OVC014 10/07 Q1024",EGLC,2026-04-28T01:20:00.000Z,51.5050,0.0550,10,7,40,9,,6+,30.24,,,TRUE,,,,,,,,OVC,1400,,,,,,,MVFR,,,,,,,,,,,,METAR,10
"METAR ESKS 280120Z AUTO 34005KT 9999 FEW039/// BKN160/// M01/M07 Q1028",ESKS,2026-04-28T01:20:00.000Z,61.1650,12.8340,-1,-7,340,5,,6+,30.35,,,TRUE,,,,,,,,FEW,3900,BKN,16000,,,,,VFR,,,,,,,,,,,,METAR,503
"METAR LSZA 280120Z AUTO VRB02KT 9999 BKN055 17/13 Q1016",LSZA,2026-04-28T01:20:00.000Z,46.0040,8.9100,17,13,0,2,,6+,30.00,,,TRUE,,,,,,,,BKN,5500,,,,,,,VFR,,,,,,,,,,,,METAR,276
"METAR LTFC 280120Z 02005KT CAVOK 07/05 Q1016 RMK RWY23 02003KT SKC",LTFC,2026-04-28T01:20:00.000Z,37.8550,30.3680,7,5,20,5,,6+,30.00,,,,,,,,,,,,,,,,,,,VFR,,,,,,,,,,,,METAR,862
"METAR EGMD 280120Z AUTO 02011KT 9999 NCD 09/05 Q1022",EGMD,2026-04-28T01:20:00.000Z,50.9560,0.9390,9,5,20,11,,6+,30.18,,,TRUE,,,,,,,,,,,,,,,,VFR,,,,,,,,,,,,METAR,4
"METAR EDHI 280120Z AUTO 07006KT 9999 // FEW120/// 06/01 Q1025",EDHI,2026-04-28T01:20:00.000Z,53.5360,9.8370,6,1,70,6,,6+,30.27,,,TRUE,,,,,,,,FEW,12000,,,,,,,VFR,,,,,,,,,,,,METAR,5
"METAR EFMI 280120Z AUTO 32004KT 240V030 CAVOK 01/M05 Q1013",EFMI,2026-04-28T01:20:00.000Z,61.6870,27.2010,1,-5,320,4,,6+,29.91,,,TRUE,,,,,,,,,,,,,,,,VFR,,,,,,,,,,,,METAR,99
"METAR EGSH 280120Z AUTO 05009KT 9999 SCT009/// BKN020/// BKN042/// 09/07 Q1025",EGSH,2026-04-28T01:20:00.000Z,52.6760,1.2830,9,7,50,9,,6+,30.27,,,TRUE,,,,,,,,SCT,900,BKN,2000,BKN,4200,,,MVFR,,,,,,,,,,,,METAR,21
"METAR ENTO 280120Z AUTO 02004KT 9999 NCD 04/M03 Q1030",ENTO,2026-04-28T01:20:00.000Z,59.1840,10.2550,4,-3,20,4,,6+,30.41,,,TRUE,,,,,,,,,,,,,,,,VFR,,,,,,,,,,,,METAR,84
"METAR LTCS 280120Z 33006KT CAVOK 12/09 Q1012 RMK RWY22 31004KT 290V350 2CI200",LTCS,2026-04-28T01:20:00.000Z,37.4450,38.9040,12,9,330,6,,6+,29.88,,,,,,,,,,,,,,,,,,,VFR,,,,,,,,,,,,METAR,825
"METAR LGTS 280120Z 12006KT 9999 FEW025 09/09 Q1019 NOSIG",LGTS,2026-04-28T01:20:00.000Z,40.5200,22.9710,9,9,120,6,,6+,30.09,,,,,,TRUE,,,,,FEW,2500,,,,,,,VFR,,,,,,,,,,,,METAR,4
"METAR LSZR 280120Z AUTO 20002KT 9999 BKN100 08/06 Q1017",LSZR,2026-04-28T01:20:00.000Z,47.4850,9.5610,8,6,200,2,,6+,30.03,,,TRUE,,,,,,,,BKN,10000,,,,,,,VFR,,,,,,,,,,,,METAR,396
"METAR ESNG 280120Z AUTO 31006KT 9999 FEW055/// M03/M08 Q1024",ESNG,2026-04-28T01:20:00.000Z,67.1330,20.8100,-3,-8,310,6,,6+,30.24,,,TRUE,,,,,,,,FEW,5500,,,,,,,VFR,,,,,,,,,,,,METAR,300
"METAR EFLP 280120Z AUTO 34011KT 310V010 CAVOK 01/M04 Q1011",EFLP,2026-04-28T01:20:00.000Z,61.0440,28.1510,1,-4,340,11,,6+,29.85,,,TRUE,,,,,,,,,,,,,,,,VFR,,,,,,,,,,,,METAR,102
"METAR ESMX 280120Z AUTO 16002KT 9999 NCD M02/M04 Q1025",ESMX,2026-04-28T01:20:00.000Z,56.9270,14.7300,-2,-4,160,2,,6+,30.27,,,TRUE,,,,,,,,,,,,,,,,VFR,,,,,,,,,,,,METAR,176
"METAR EFJO 280120Z AUTO 34012G22KT 310V010 9999 OVC035 01/M05 Q1010",EFJO,2026-04-28T01:20:00.000Z,62.6600,29.6110,1,-5,340,12,22,6+,29.82,,,TRUE,,,,,,,,OVC,3500,,,,,,,VFR,,,,,,,,,,,,METAR,118
"METAR ESCF 280120Z AUTO 34005KT 9999 NCD 02/M05 Q1026",ESCF,2026-04-28T01:20:00.000Z,58.3980,15.5260,2,-5,340,5,,6+,30.30,,,TRUE,,,,,,,,,,,,,,,,VFR,,,,,,,,,,,,METAR,86
"METAR LOWI 280120Z AUTO VRB01KT 9999 NCD 08/04 Q1018",LOWI,2026-04-28T01:20:00.000Z,47.2600,11.3440,8,4,0,1,,6+,30.06,,,TRUE,,,,,,,,,,,,,,,,VFR,,,,,,,,,,,,METAR,570
"METAR EFPO 280120Z AUTO 34008KT CAVOK 01/M06 Q1021",EFPO,2026-04-28T01:20:00.000Z,61.4620,21.8000,1,-6,340,8,,6+,30.15,,,TRUE,,,,,,,,,,,,,,,,VFR,,,,,,,,,,,,METAR,10
"METAR EGPF 280120Z AUTO 08003KT 060V130 9999 BKN010 BKN029 10/08 Q1030",EGPF,2026-04-28T01:20:00.000Z,55.8670,-4.4330,10,8,80,3,,6+,30.41,,,TRUE,,,,,,,,BKN,1000,BKN,2900,,,,,MVFR,,,,,,,,,,,,METAR,8
"METAR EFKK 280120Z AUTO 34010KT CAVOK 01/M05 Q1021",EFKK,2026-04-28T01:20:00.000Z,63.7210,23.1430,1,-5,340,10,,6+,30.15,,,TRUE,,,,,,,,,,,,,,,,VFR,,,,,,,,,,,,METAR,25
"METAR LSZS 280120Z AUTO 17004KT 9999 BKN037 07/03 Q1019",LSZS,2026-04-28T01:20:00.000Z,46.5260,9.8790,7,3,170,4,,6+,30.09,,,TRUE,,,,,,,,BKN,3700,,,,,,,VFR,,,,,,,,,,,,METAR,1708
"METAR ESTA 280120Z AUTO 01002KT 9999 NCD 01/M06 Q1027",ESTA,2026-04-28T01:20:00.000Z,56.2940,12.8480,1,-6,10,2,,6+,30.32,,,TRUE,,,,,,,,,,,,,,,,VFR,,,,,,,,,,,,METAR,19
"METAR EGDY 280120Z AUTO 25002KT 9999 NCD 09/06 Q1024",EGDY,2026-04-28T01:20:00.000Z,51.0060,-2.6430,9,6,250,2,,6+,30.24,,,TRUE,,,,,,,,,,,,,,,,VFR,,,,,,,,,,,,METAR,21
"METAR ESDF 280120Z AUTO 35003KT 310V010 9999 NCD M03/M03 Q1026",ESDF,2026-04-28T01:20:00.000Z,56.2660,15.2670,-3,-3,350,3,,6+,30.30,,,TRUE,,,,,,,,,,,,,,,,VFR,,,,,,,,,,,,METAR,52
"METAR LSZC 280120Z AUTO VRB03KT CAVOK 10/05 Q1017",LSZC,2026-04-28T01:20:00.000Z,46.9720,8.3920,10,5,0,3,,6+,30.03,,,TRUE,,,,,,,,,,,,,,,,VFR,,,,,,,,,,,,METAR,445
"METAR LCRA 280120Z 24004KT CAVOK 17/15 Q1011 NOSIG",LCRA,2026-04-28T01:20:00.000Z,34.5900,32.9880,17,15,240,4,,6+,29.85,,,,,,TRUE,,,,,,,,,,,,,VFR,,,,,,,,,,,,METAR,23
"METAR ESSL 280120Z AUTO 36004KT 330V040 9999 NCD 04/M04 Q1026",ESSL,2026-04-28T01:20:00.000Z,58.4060,15.6810,4,-4,360,4,,6+,30.30,,,TRUE,,,,,,,,,,,,,,,,VFR,,,,,,,,,,,,METAR,51
"METAR ESIA 280120Z AUTO 01004KT 9999 BKN070/// 04/M03 Q1027",ESIA,2026-04-28T01:20:00.000Z,58.5140,14.5070,4,-3,10,4,,6+,30.32,,,TRUE,,,,,,,,BKN,7000,,,,,,,VFR,,,,,,,,,,,,METAR,94
"METAR EFHA 280120Z AUTO 34010KT CAVOK M00/M06 Q1017",EFHA,2026-04-28T01:20:00.000Z,61.8550,24.8050,0,-6,340,10,,6+,30.03,,,TRUE,,,,,,,,,,,,,,,,VFR,,,,,,,,,,,,METAR,144
"METAR LIBD 280120Z 23005KT CAVOK 10/08 Q1016",LIBD,2026-04-28T01:20:00.000Z,41.1380,16.7650,10,8,230,5,,6+,30.00,,,,,,,,,,,,,,,,,,,VFR,,,,,,,,,,,,METAR,42
"METAR EGPO 280120Z AUTO VRB01KT 9999 OVC005/// 09/08 Q1031",EGPO,2026-04-28T01:20:00.000Z,58.2150,-6.3290,9,8,0,1,,6+,30.44,,,TRUE,,,,,,,,OVC,500,,,,,,,IFR,,,,,,,,,,,,METAR,10
"METAR EGQM 280120Z AUTO 01005KT 9999 OVC021/// 09/07 Q1030",EGQM,2026-04-28T01:20:00.000Z,55.4210,-1.6010,9,7,10,5,,6+,30.41,,,TRUE,,,,,,,,OVC,2100,,,,,,,MVFR,,,,,,,,,,,,METAR,24
"METAR LIBP 280120Z AUTO 22005KT 9999 NCD 10/10 Q1015",LIBP,2026-04-28T01:20:00.000Z,42.4320,14.1810,10,10,220,5,,6+,29.97,,,TRUE,,,,,,,,,,,,,,,,VFR,,,,,,,,,,,,METAR,10
"METAR EGUB 280120Z AUTO 02009G19KT 9999 BR OVC010/// 09/07 Q1024",EGUB,2026-04-28T01:20:00.000Z,51.6200,-1.0990,9,7,20,9,19,6+,30.24,,,TRUE,,,,,,,BR,OVC,1000,,,,,,,MVFR,,,,,,,,,,,,METAR,56
"METAR EGPU 280120Z AUTO 36006KT //// ///////// ///// Q////",EGPU,2026-04-28T01:20:00.000Z,56.4990,-6.8720,,,360,6,,,,,,TRUE,,,,,,,,,,,,,,,,null,,,,,,,,,,,,METAR,12
"METAR LSMA 280120Z AUTO 20003KT 9999NDV FEW230 08/05 Q1017 RMK",LSMA,2026-04-28T01:20:00.000Z,46.9430,8.2860,8,5,200,3,,,30.03,,,TRUE,,,,,,,,FEW,23000,,,,,,,null,,,,,,,,,,,,METAR,441
"METAR EGUW 280120Z AUTO 04007KT 4900 // OVC003/// 09/08 Q1023",EGUW,2026-04-28T01:20:00.000Z,52.1240,0.9570,9,8,40,7,,3.04,30.21,,,TRUE,,,,,,,,OVC,300,,,,,,,LIFR,,,,,,,,,,,,METAR,86
"METAR EGJJ 280120Z AUTO 01006KT 340V040 9999 NCD 10/08 Q1021",EGJJ,2026-04-28T01:20:00.000Z,49.2100,-2.1940,10,8,10,6,,6+,30.15,,,TRUE,,,,,,,,,,,,,,,,VFR,,,,,,,,,,,,METAR,84
"METAR EGKK 280120Z 03011KT 9999 BKN011 10/07 Q1023",EGKK,2026-04-28T01:20:00.000Z,51.1480,-0.1900,10,7,30,11,,6+,30.21,,,,,,,,,,,BKN,1100,,,,,,,MVFR,,,,,,,,,,,,METAR,58
"METAR EDDV 280120Z AUTO 06004KT CAVOK 05/01 Q1024",EDDV,2026-04-28T01:20:00.000Z,52.4660,9.6800,5,1,60,4,,6+,30.24,,,TRUE,,,,,,,,,,,,,,,,VFR,,,,,,,,,,,,METAR,53
"METAR EGVO 280120Z AUTO 02008KT 9999 FEW013/// 09/07 Q1023",EGVO,2026-04-28T01:20:00.000Z,51.2390,-0.9450,9,7,20,8,,6+,30.21,,,TRUE,,,,,,,,FEW,1300,,,,,,,VFR,,,,,,,,,,,,METAR,118
"METAR ENML 280120Z AUTO 02004KT 9999 NCD 02/M02 Q1030 RMK WIND 1587FT 12006KT",ENML,2026-04-28T01:20:00.000Z,62.7440,7.2620,2,-2,20,4,,6+,30.41,,,TRUE,,,,,,,,,,,,,,,,VFR,,,,,,,,,,,,METAR,3
"METAR ENBO 280120Z AUTO 34005KT 300V010 9999 OVC060/// 02/M02 Q1029",ENBO,2026-04-28T01:20:00.000Z,67.2670,14.3590,2,-2,340,5,,6+,30.38,,,TRUE,,,,,,,,OVC,6000,,,,,,,VFR,,,,,,,,,,,,METAR,13
"METAR EGVP 280120Z AUTO 01006KT 9999 NCD 10/07 Q1023",EGVP,2026-04-28T01:20:00.000Z,51.1390,-1.5690,10,7,10,6,,6+,30.21,,,TRUE,,,,,,,,,,,,,,,,VFR,,,,,,,,,,,,METAR,80
"METAR ENAN 280120Z AUTO 35010KT 9999 FEW020/// 01/M04 Q1028",ENAN,2026-04-28T01:20:00.000Z,69.3070,16.1310,1,-4,350,10,,6+,30.35,,,TRUE,,,,,,,,FEW,2000,,,,,,,VFR,,,,,,,,,,,,METAR,13
"METAR ENKB 280120Z AUTO 11007KT 9999 NCD 04/M02 Q1030 RMK WIND 745FT 13014KT",ENKB,2026-04-28T01:20:00.000Z,63.1090,7.8160,4,-2,110,7,,6+,30.41,,,TRUE,,,,,,,,,,,,,,,,VFR,,,,,,,,,,,,METAR,62
"METAR ENEV 280120Z 29003KT 260V320 9999 FEW033 BKN045 M01/M02 Q1029 RMK WIND 1400FT 33003KT",ENEV,2026-04-28T01:20:00.000Z,68.4910,16.6830,-1,-2,290,3,,6+,30.38,,,,,,,,,,,FEW,3300,BKN,4500,,,,,VFR,,,,,,,,,,,,METAR,26
"METAR EKAH 280120Z AUTO 26002KT 9999 FEW210/// M00/M02 Q1028",EKAH,2026-04-28T01:20:00.000Z,56.3000,10.6190,0,-2,260,2,,6+,30.35,,,TRUE,,,,,,,,FEW,21000,,,,,,,VFR,,,,,,,,,,,,METAR,25
"METAR ENSS 280120Z AUTO 34022KT 320V020 4700 -SHSN NCD 01/M02 Q1018 RMK WIND 0500FT 35029KT",ENSS,2026-04-28T01:20:00.000Z,70.3550,31.0440,1,-2,340,22,,2.92,30.06,,,TRUE,,,,,,,-SHSN,,,,,,,,,IFR,,,,,,,,,,,,METAR,13
"METAR ENSR 280120Z AUTO 28007KT 250V310 9999 -SN FEW022/// SCT038/// OVC059/// 01/M02 Q1026 RMK WIND RWY 32 28008KT WIND 1119FT 28018KT",ENSR,2026-04-28T01:20:00.000Z,69.7890,20.9550,1,-2,280,7,,6+,30.30,,,TRUE,,,,,,,-SN,FEW,2200,SCT,3800,OVC,5900,,,VFR,,,,,,,,,,,,METAR,5
"METAR ENSG 280120Z AUTO 00000KT 9999 NCD M01/M04 Q1029 RMK WIND 3806FT 23004KT",ENSG,2026-04-28T01:20:00.000Z,61.1580,7.1410,-1,-4,0,0,,6+,30.38,,,TRUE,,,,,,,,,,,,,,,,VFR,,,,,,,,,,,,METAR,493
"METAR LICA 280120Z AUTO 09005KT 9999 FEW012/// 09/09 Q1017",LICA,2026-04-28T01:20:00.000Z,38.9080,16.2420,9,9,90,5,,6+,30.03,,,TRUE,,,,,,,,FEW,1200,,,,,,,VFR,,,,,,,,,,,,METAR,7
"METAR ENUN 280120Z AUTO 24002KT 9999 -DZ OVC029/// 05/02 Q1029 W///S6",ENUN,2026-04-28T01:20:00.000Z,-99.9900,-99.9900,5,2,240,2,,6+,30.38,,,TRUE,,,,,,,-DZ,OVC,2900,,,,,,,MVFR,,,,,,,,,,,,METAR,9999
"METAR ENOV 280120Z AUTO 00000KT 9999 NCD 00/M01 Q1030 RMK WIND RWY 24 00000KT WIND 2090FT 17003KT",ENOV,2026-04-28T01:20:00.000Z,62.1800,6.0780,0,-1,0,0,,6+,30.41,,,TRUE,,,,,,,,,,,,,,,,VFR,,,,,,,,,,,,METAR,72
"METAR ENSH 280120Z AUTO 35002KT 9999 BKN057/// 01/M03 Q1029 RMK WIND 0150FT 34005KT",ENSH,2026-04-28T01:20:00.000Z,68.2450,14.6690,1,-3,350,2,,6+,30.38,,,TRUE,,,,,,,,BKN,5700,,,,,,,VFR,,,,,,,,,,,,METAR,9
"SPECI CYPH 280119Z AUTO 20010KT 1/8SM -FZRA FZFG VV002 M01/M02 A3008 RMK ICE SLP191",CYPH,2026-04-28T01:19:00.000Z,58.4700,-78.0800,-1,-2,200,10,,0.13,30.08,1019.1,,TRUE,,,,,,,-FZRA FZFG,OVX,200,,,,,,,LIFR,,,,,,,,,,,2,SPECI,24
"SPECI KTAD 280119Z AUTO 06006G20KT 10SM CLR 17/M03 A2985 RMK AO2 PK WND 33027/0107 WSHFT 0059 T01721033",KTAD,2026-04-28T01:19:00.000Z,37.2618,-104.3319,17.2,-3.3,60,6,20,10+,29.85,,,TRUE,TRUE,,,,,,,,,,,,,,,VFR,,,,,,,,,,,,SPECI,1751
"SPECI KGUS 280118Z VRB04G20KT 4SM TSRA OVC080 18/14 A2971 RMK AO2A SLP062 $",KGUS,2026-04-28T01:18:00.000Z,40.6375,-86.1631,18,14,0,4,20,4,29.71,1006.2,,,TRUE,TRUE,,,,,TSRA,OVC,8000,,,,,,,MVFR,,,,,,,,,,,,SPECI,245
"SPECI KLNR 280118Z AUTO 26010KT 10SM FEW070 FEW100 18/14 A2949 RMK AO2 LTG DSNT NE-S RAE06 P0000 T01830144",KLNR,2026-04-28T01:18:00.000Z,43.2111,-90.1874,18.3,14.4,260,10,,10+,29.49,,,TRUE,TRUE,,,,,,,FEW,7000,FEW,10000,,,,,VFR,,,,,,0.005,,,,,,SPECI,218
"SPECI KEAR 280118Z AUTO 34016G23KT 10SM OVC029 08/02 A2998 RMK AO2",KEAR,2026-04-28T01:18:00.000Z,40.7193,-99.0086,8,2,340,16,23,10+,29.98,,,TRUE,TRUE,,,,,,,OVC,2900,,,,,,,MVFR,,,,,,,,,,,,SPECI,649
"SPECI PANW 280118Z AUTO 17005KT 10SM -RA FEW017 SCT023 BKN047 05/02 A2960 RMK AO2 P0000",PANW,2026-04-28T01:18:00.000Z,59.4510,-157.3250,5,2,170,5,,10+,29.60,,,TRUE,TRUE,,,,,,-RA,FEW,1700,SCT,2300,BKN,4700,,,VFR,,,,,,0.005,,,,,,SPECI,100
"SPECI KSUE 280118Z AUTO 19019G24KT 10SM OVC008 13/11 A2953 RMK AO2 $",KSUE,2026-04-28T01:18:00.000Z,44.8470,-87.4250,13,11,190,19,24,10+,29.53,,,TRUE,TRUE,TRUE,,,,,,OVC,800,,,,,,,IFR,,,,,,,,,,,,SPECI,215
"SPECI KPIA 280118Z 19007KT 10SM FEW008 BKN085 16/15 A2964 RMK AO2 PRESRR T01610150",KPIA,2026-04-28T01:18:00.000Z,40.6675,-89.6842,16.1,15,190,7,,10+,29.64,,,,TRUE,,,,,,,FEW,800,BKN,8500,,,,,VFR,,,,,,,,,,,,SPECI,200
"SPECI PAGS 280117Z AUTO 24007KT 10SM FEW024 OVC030 07/03 A3012 RMK AO2 $",PAGS,2026-04-28T01:17:00.000Z,58.4250,-135.7070,7,3,240,7,,10+,30.12,,,TRUE,TRUE,TRUE,,,,,,FEW,2400,OVC,3000,,,,,MVFR,,,,,,,,,,,,SPECI,9
"SPECI TJNR 280117Z AUTO 13004KT 10SM BKN022 27/23 A3002 RMK AO2 T02670233",TJNR,2026-04-28T01:17:00.000Z,18.2530,-65.6380,26.7,23.3,130,4,,10+,30.02,,,TRUE,TRUE,,,,,,,BKN,2200,,,,,,,MVFR,,,,,,,,,,,,SPECI,7
"METAR KS24 280117Z AUTO 17015G26KT 10SM CLR 18/16 A2980 RMK AO2",KS24,2026-04-28T01:17:00.000Z,41.2960,-83.0370,18,16,170,15,26,10+,29.80,,,TRUE,TRUE,,,,,,,,,,,,,,,VFR,,,,,,,,,,,,METAR,203
"SPECI KCOS 280117Z 02009KT 10SM BKN050 BKN100 BKN200 08/03 A2994 RMK AO2 TSE17 CB DSNT NE AND E MOV NE VCSH NE T00780033",KCOS,2026-04-28T01:17:00.000Z,38.8095,-104.6887,7.8,3.3,20,9,,10+,29.94,,,,TRUE,,,,,,,BKN,5000,BKN,10000,BKN,20000,,,VFR,,,,,,,,,,,,SPECI,1886
"SPECI KCOD 280116Z AUTO 36005KT 10SM FEW019 OVC030 01/M03 A2999 RMK AO2 FZRANO $",KCOD,2026-04-28T01:16:00.000Z,44.5200,-109.0268,1,-3,360,5,,10+,29.99,,,TRUE,TRUE,TRUE,,,TRUE,,,FEW,1900,OVC,3000,,,,,MVFR,,,,,,,,,,,,SPECI,1550
"SPECI KHYI 280116Z 14011KT 2 1/2SM HZ CLR 28/23 A2981 RMK AO2 $",KHYI,2026-04-28T01:16:00.000Z,29.8958,-97.8664,28,23,140,11,,2.5,29.81,,,,TRUE,TRUE,,,,,HZ,,,,,,,,,IFR,,,,,,,,,,,,SPECI,180
"SPECI KRWL 280115Z AUTO 17006KT 10SM BKN024 BKN030 OVC038 05/01 A2990 RMK AO2 T00500006",KRWL,2026-04-28T01:15:00.000Z,41.8065,-107.1952,5,0.6,170,6,,10+,29.90,,,TRUE,TRUE,,,,,,,BKN,2400,BKN,3000,OVC,3800,,,MVFR,,,,,,,,,,,,SPECI,2066
"METAR LHSN 280115Z 22001KT CAVOK 06/01 Q1019 NOSIG RMK BLU",LHSN,2026-04-28T01:15:00.000Z,47.1230,20.2350,6,1,220,1,,6+,30.09,,,,,,TRUE,,,,,,,,,,,,,VFR,,,,,,,,,,,,METAR,89
"SPECI PATO 280115Z AUTO 12010G26KT 090V160 3SM -RA BKN023 OVC030 04/02 A2989 RMK AO2 PK WND 11028/0055 P0002 T00440017 TSNO",PATO,2026-04-28T01:15:00.000Z,60.7830,-148.8430,4.4,1.7,120,10,26,3,29.89,,,TRUE,TRUE,,,TRUE,,,-RA,BKN,2300,OVC,3000,,,,,MVFR,,,,,,0.02,,,,,,SPECI,47
"METAR LHDC 280115Z AUTO 02003KT 330V050 CAVOK 05/M02 Q1020",LHDC,2026-04-28T01:15:00.000Z,47.4890,21.6150,5,-2,20,3,,6+,30.12,,,TRUE,,,,,,,,,,,,,,,,VFR,,,,,,,,,,,,METAR,105
"METAR LHKE 280115Z 00000KT CAVOK 05/00 Q1019 NOSIG RMK BLU",LHKE,2026-04-28T01:15:00.000Z,46.9170,19.7490,5,0,0,0,,6+,30.09,,,,,,TRUE,,,,,,,,,,,,,VFR,,,,,,,,,,,,METAR,113
"METAR LHPR 280115Z AUTO 00000KT CAVOK 04/01 Q1020",LHPR,2026-04-28T01:15:00.000Z,47.6270,17.8080,4,1,0,0,,6+,30.12,,,TRUE,,,,,,,,,,,,,,,,VFR,,,,,,,,,,,,METAR,127
"METAR LIRP 280115Z 13003KT 8000 MIFG NSC 10/09 Q1017 TEMPO 5000 BR",LIRP,2026-04-28T01:15:00.000Z,43.6840,10.3930,10,9,130,3,,4.97,30.03,,,,,,,,,,MIFG,,,,,,,,,MVFR,,,,,,,,,,,,METAR,1
"METAR LHNY 280115Z AUTO VRB02KT CAVOK 01/M02 Q1020",LHNY,2026-04-28T01:15:00.000Z,47.9840,21.6916,1,-2,0,2,,6+,30.12,,,TRUE,,,,,,,,,,,,,,,,VFR,,,,,,,,,,,,METAR,99
"METAR LHSM 280115Z AUTO 34004KT CAVOK 06/03 Q1019",LHSM,2026-04-28T01:15:00.000Z,46.6890,17.1610,6,3,340,4,,6+,30.09,,,TRUE,,,,,,,,,,,,,,,,VFR,,,,,,,,,,,,METAR,119
"METAR LHPP 280115Z AUTO 05006KT CAVOK 10/00 Q1019",LHPP,2026-04-28T01:15:00.000Z,45.9910,18.2410,10,0,50,6,,6+,30.09,,,TRUE,,,,,,,,,,,,,,,,VFR,,,,,,,,,,,,METAR,193
"METAR LHPA 280115Z VRB01KT CAVOK 05/02 Q1019 NOSIG RMK BLU",LHPA,2026-04-28T01:15:00.000Z,47.3620,17.4940,5,2,0,1,,6+,30.09,,,,,,TRUE,,,,,,,,,,,,,VFR,,,,,,,,,,,,METAR,143
"METAR K1B9 280115Z AUTO 00000KT 10SM CLR 10/02 A3024 RMK AO2 T01010016",K1B9,2026-04-28T01:15:00.000Z,42.0000,-71.1970,10.1,1.6,0,0,,10+,30.24,,,TRUE,TRUE,,,,,,,,,,,,,,,VFR,,,,,,,,,,,,METAR,37
"SPECI PASL 280114Z AUTO 15008KT 10SM -RA FEW017 BKN025 OVC034 05/03 A2964 RMK AO2 P0000",PASL,2026-04-28T01:14:00.000Z,61.6970,-157.1670,5,3,150,8,,10+,29.64,,,TRUE,TRUE,,,,,,-RA,FEW,1700,BKN,2500,OVC,3400,,,MVFR,,,,,,0.005,,,,,,SPECI,64
"METAR MMTO 280114Z 27005KT 7SM SCT020CB BKN080 BKN200 18/08 A3038 RMK 8/963 HZY TSB13",MMTO,2026-04-28T01:14:00.000Z,19.3430,-99.5680,18,8,270,5,,7,30.38,,,,,,,,,,,SCT,2000,BKN,8000,BKN,20000,,,VFR,,,,,,,,,,,,METAR,2582
"METAR KVWU 280114Z AUTO 34012G19KT 10SM -RA OVC013 A2973 RMK AO2",KVWU,2026-04-28T01:14:00.000Z,48.1502,-94.5121,,,340,12,19,10+,29.73,,,TRUE,TRUE,,,,,,-RA,OVC,1300,,,,,,,MVFR,,,,,,,,,,,,METAR,359
"SPECI KPMP 280113Z AUTO 04010KT 10SM SCT023 SCT028 SCT032 26/20 A3002 RMK AO2 T02560200 TSNO",KPMP,2026-04-28T01:13:00.000Z,26.2464,-80.1110,25.6,20,40,10,,10+,30.02,,,TRUE,TRUE,,,TRUE,,,,SCT,2300,SCT,2800,SCT,3200,,,VFR,,,,,,,,,,,,SPECI,4
"SPECI KBKT 280113Z AUTO 11003KT 3SM HZ CLR 14/06 A3023 RMK AO2 SLP240",KBKT,2026-04-28T01:13:00.000Z,37.0820,-77.9530,14,6,110,3,,3,30.23,1024,,TRUE,TRUE,,,,,,HZ,,,,,,,,,MVFR,,,,,,,,,,,,SPECI,134
"SPECI KOZR 280113Z AUTO 10006KT 10SM CLR 25/16 A3004 RMK AO2 PRESRR SLP172",KOZR,2026-04-28T01:13:00.000Z,31.2767,-85.7105,25,16,100,6,,10+,30.04,1017.2,,TRUE,TRUE,,,,,,,,,,,,,,,VFR,,,,,,,,,,,,SPECI,90
"SPECI KCWI 280112Z AUTO 29019G25KT 10SM FEW043 SCT065 18/15 A2958 RMK AO2 WSHFT 0047 LTG DSNT NE",KCWI,2026-04-28T01:12:00.000Z,41.8295,-90.3328,18,15,290,19,25,10+,29.58,,,TRUE,TRUE,,,,,,,FEW,4300,SCT,6500,,,,,VFR,,,,,,,,,,,,SPECI,212
"SPECI PAEG 280112Z AUTO 14003KT 10SM CLR 13/M07 A2975 RMK AO2 T01331067 PWINO TSNO $",PAEG,2026-04-28T01:12:00.000Z,64.7761,-141.1635,13.3,-6.7,140,3,,10+,29.75,,,TRUE,TRUE,TRUE,,TRUE,,TRUE,,,,,,,,,,VFR,,,,,,,,,,,,SPECI,273
"SPECI KIND 280112Z COR 14017G33KT 10SM -TSRA SCT040CB OVC080 18/14 A2970 RMK AO2 PK WND 13035/0058 TSB11 OCNL LTGICCG DSNT SW-NW TS DSNT SW-NW MOV NE P0000 T01780144",KIND,2026-04-28T01:12:00.000Z,39.7252,-86.2816,17.8,14.4,140,17,33,10+,29.70,,TRUE,,TRUE,,,,,,-TSRA,SCT,4000,OVC,8000,,,,,VFR,,,,,,0.005,,,,,,SPECI,242
"SPECI K1HW 280110Z AUTO 03009KT 10SM SCT029 BKN100 06/M01 A2995 RMK AO2 SLP150 $",K1HW,2026-04-28T01:10:00.000Z,41.3250,-102.8300,6,-1,30,9,,10+,29.95,1015,,TRUE,TRUE,TRUE,,,,,,SCT,2900,BKN,10000,,,,,VFR,,,,,,,,,,,,SPECI,1265
"METAR VCRI 280110Z 34004KT 9999 FEW018 BKN080 26/26 Q1008",VCRI,2026-04-28T01:10:00.000Z,6.2870,81.1250,26,26,340,4,,6+,29.76,,,,,,,,,,,FEW,1800,BKN,8000,,,,,VFR,,,,,,,,,,,,METAR,50
"METAR VCCJ 280110Z 20002KT 9999 FEW018 29/27 Q1006 NOSIG RMK: THE OBSERVATION POINT IS 20 KM FROM VCCJ",VCCJ,2026-04-28T01:10:00.000Z,9.7931,80.0707,29,27,200,2,,6+,29.70,,,,,,TRUE,,,,,FEW,1800,,,,,,,VFR,,,,,,,,,,,,METAR,15
"SPECI KDHT 280110Z AUTO 08024G41KT 10SM CLR 21/02 A2982 RMK AO2 PK WND 08041/0105 WSHFT 0050 T02110022",KDHT,2026-04-28T01:10:00.000Z,36.0252,-102.5487,21.1,2.2,80,24,41,10+,29.82,,,TRUE,TRUE,,,,,,,,,,,,,,,VFR,,,,,,,,,,,,SPECI,1217
"SPECI PADU 280110Z 20009KT 10SM -RA FEW016 BKN032 OVC047 03/02 A2932 RMK AO2 VIS NW LWR P0000",PADU,2026-04-28T01:10:00.000Z,53.8960,-166.5430,3,2,200,9,,10+,29.32,,,,TRUE,,,,,,-RA,FEW,1600,BKN,3200,OVC,4700,,,VFR,,,,,,0.005,,,,,,SPECI,4
"SPECI KCDC 280110Z AUTO 26015G23KT 10SM BKN090 13/M09 A2989 RMK AO2 WSHFT 0050 T01331094",KCDC,2026-04-28T01:10:00.000Z,37.7067,-113.0970,13.3,-9.4,260,15,23,10+,29.89,,,TRUE,TRUE,,,,,,,BKN,9000,,,,,,,VFR,,,,,,,,,,,,SPECI,1703
"METAR KAXS 280110Z AUTO 26006KT 10SM CLR 27/M04 A2977 RMK AO2 LTG DSNT SE",KAXS,2026-04-28T01:10:00.000Z,34.6963,-99.3402,27,-4,260,6,,10+,29.77,,,TRUE,TRUE,,,,,,,,,,,,,,,VFR,,,,,,,,,,,,METAR,433
"METAR VCBI 280110Z 11004KT 9999 TS FEW016 FEW018CB BKN070 26/26 Q1008 NOSIG RMK CB SW",VCBI,2026-04-28T01:10:00.000Z,7.1810,79.8840,26,26,110,4,,6+,29.76,,,,,,TRUE,,,,TS,FEW,1600,FEW,1800,BKN,7000,,,VFR,,,,,,,,,,,,METAR,10
"SPECI KCRP 280109Z 14017KT 10SM BKN013 BKN250 27/24 A2980 RMK AO2 T02670239",KCRP,2026-04-28T01:09:00.000Z,27.7734,-97.5130,26.7,23.9,140,17,,10+,29.80,,,,TRUE,,,,,,,BKN,1300,BKN,25000,,,,,MVFR,,,,,,,,,,,,SPECI,11
"SPECI PMDY 280109Z AUTO 03016G22KT 10SM SCT020 OVC034 21/16 A3028 RMK AO2 $",PMDY,2026-04-28T01:09:00.000Z,28.2060,-177.3820,21,16,30,16,22,10+,30.28,,,TRUE,TRUE,TRUE,,,,,,SCT,2000,OVC,3400,,,,,VFR,,,,,,,,,,,,SPECI,6
"SPECI GMTN 280109Z 07007KT 3000 -TSRA BKN008 SCT020CB 17/16 Q1011 NOSIG",GMTN,2026-04-28T01:09:00.000Z,35.5940,-5.3200,17,16,70,7,,1.86,29.85,,,,,,TRUE,,,,-TSRA,BKN,800,SCT,2000,,,,,IFR,,,,,,,,,,,,SPECI,10
"SPECI KYKN 280109Z AUTO 31021G25KT 10SM OVC016 07/05 A2989 RMK AO2 PK WND 31027/0057",KYKN,2026-04-28T01:09:00.000Z,42.9141,-97.3807,7,5,310,21,25,10+,29.89,,,TRUE,TRUE,,,,,,,OVC,1600,,,,,,,MVFR,,,,,,,,,,,,SPECI,388
"SPECI KCPS 280108Z 24003KT 10SM VCTS FEW075 FEW100 SCT110 20/18 A2965 RMK AO2 LTG DSNT ALQDS RAE04 TSE02 PRESRR P0000 T02000178 $",KCPS,2026-04-28T01:08:00.000Z,38.5700,-90.1560,20,17.8,240,3,,10+,29.65,,,,TRUE,TRUE,,,,,VCTS,FEW,7500,FEW,10000,SCT,11000,,,VFR,,,,,,0.005,,,,,,SPECI,125
"SPECI KORL 280108Z 02013KT 10SM BKN014 22/19 A3009 RMK AO2 T02170189",KORL,2026-04-28T01:08:00.000Z,28.5465,-81.3354,21.7,18.9,20,13,,10+,30.09,,,,TRUE,,,,,,,BKN,1400,,,,,,,MVFR,,,,,,,,,,,,SPECI,32
"SPECI KBDE 280107Z AUTO 36013G21KT 10SM FEW015 SCT020 OVC033 04/02 A2976 RMK AO2 T00440022",KBDE,2026-04-28T01:07:00.000Z,48.7261,-94.6122,4.4,2.2,360,13,21,10+,29.76,,,TRUE,TRUE,,,,,,,FEW,1500,SCT,2000,OVC,3300,,,VFR,,,,,,,,,,,,SPECI,330
"SPECI KHYR 280107Z AUTO 30005KT 9SM -RA BKN004 OVC012 09/08 A2946 RMK AO2 P0001 T00890083",KHYR,2026-04-28T01:07:00.000Z,46.0303,-91.4427,8.9,8.3,300,5,,9,29.46,,,TRUE,TRUE,,,,,,-RA,BKN,400,OVC,1200,,,,,LIFR,,,,,,0.01,,,,,,SPECI,369
"SPECI KSPW 280106Z AUTO 31017G27KT 10SM OVC014 07/05 A2975 RMK AO2 PK WND 30030/0055 T00720050",KSPW,2026-04-28T01:06:00.000Z,43.1682,-95.2101,7.2,5,310,17,27,10+,29.75,,,TRUE,TRUE,,,,,,,OVC,1400,,,,,,,MVFR,,,,,,,,,,,,SPECI,407
"SPECI KMNM 280106Z AUTO 19012G17KT 10SM OVC013 13/13 A2952 RMK AO2 RAE03 PNO $",KMNM,2026-04-28T01:06:00.000Z,45.1260,-87.6390,13,13,190,12,17,10+,29.52,,,TRUE,TRUE,TRUE,,,,,,OVC,1300,,,,,,,MVFR,,,,,,,,,,,,SPECI,188
"SPECI KHOP 280106Z AUTO 18011G23KT 10SM FEW045 FEW055 26/19 A2978 RMK AO2 RAB0055E0058DZB03E06 SLP081",KHOP,2026-04-28T01:06:00.000Z,36.6720,-87.4950,26,19,180,11,23,10+,29.78,1008.1,,TRUE,TRUE,,,,,,,FEW,4500,FEW,5500,,,,,VFR,,,,,,,,,,,,SPECI,170
"SPECI CYLH 280106Z AUTO 01007KT 9SM -RA BKN050 OVC060 02/02 A2989 RMK SLP136",CYLH,2026-04-28T01:06:00.000Z,52.1960,-87.9360,2,2,10,7,,9,29.89,1013.6,,TRUE,,,,,,,-RA,BKN,5000,OVC,6000,,,,,VFR,,,,,,,,,,,,SPECI,245
"SPECI KHDN 280105Z AUTO 17003KT 8SM UP SCT015 BKN022 OVC042 02/02 A2995 RMK AO2 TSE0059 P0000 FZRANO",KHDN,2026-04-28T01:05:00.000Z,40.4842,-107.2296,2,2,170,3,,8,29.95,,,TRUE,TRUE,,,,TRUE,,UP,SCT,1500,BKN,2200,OVC,4200,,,MVFR,,,,,,0.005,,,,,,SPECI,2012
"SPECI MMMX 280105Z 09008KT 8SM TS BKN020CB OVC080 21/06 A3026 NOSIG RMK 8/96/ HZY PCPN OCNL LTGICCG 2ND QUAD AND W RAE05",MMMX,2026-04-28T01:05:00.000Z,19.4360,-99.0720,21,6,90,8,,8,30.26,,,,,,TRUE,,,,TS,BKN,2000,OVC,8000,,,,,MVFR,,,,,,,,,,,,SPECI,2224
"SPECI KEVW 280104Z AUTO 18007KT 10SM SCT002 BKN041 OVC070 M01/M01 A2995 RMK AO2 T10061011 $",KEVW,2026-04-28T01:04:00.000Z,41.2727,-111.0305,-0.6,-1.1,180,7,,10+,29.95,,,TRUE,TRUE,TRUE,,,,,,SCT,200,BKN,4100,OVC,7000,,,VFR,,,,,,,,,,,,SPECI,2178
"SPECI KSUX 280104Z 32017G26KT 10SM OVC016 07/05 A2983 RMK AO2 PK WND 32026/0103 T00720050",KSUX,2026-04-28T01:04:00.000Z,42.3917,-96.3795,7.2,5,320,17,26,10+,29.83,,,,TRUE,,,,,,,OVC,1600,,,,,,,MVFR,,,,,,,,,,,,SPECI,332
"SPECI KSGJ 280104Z AUTO 02013KT 10SM OVC014 20/17 A3014 RMK AO2 $",KSGJ,2026-04-28T01:04:00.000Z,29.9592,-81.3410,20,17,20,13,,10+,30.14,,,TRUE,TRUE,TRUE,,,,,,OVC,1400,,,,,,,MVFR,,,,,,,,,,,,SPECI,2
"SPECI KLBF 280103Z AUTO 36012KT 10SM OVC029 07/01 A3000 RMK AO2 T00670006",KLBF,2026-04-28T01:03:00.000Z,41.1220,-100.6689,6.7,0.6,360,12,,10+,30.00,,,TRUE,TRUE,,,,,,,OVC,2900,,,,,,,MVFR,,,,,,,,,,,,SPECI,843
"SPECI PABR 280102Z 06018KT 2SM -SN BR OVC007 M07/M08 A3000 RMK AO2 T10671083 $",PABR,2026-04-28T01:02:00.000Z,71.2837,-156.7843,-6.7,-8.3,60,18,,2,30.00,,,,TRUE,TRUE,,,,,-SN BR,OVC,700,,,,,,,IFR,,,,,,,,,,,,SPECI,6
"METAR PAHX 280102Z AUTO 15012G16KT 10SM FEW027 SCT037 OVC100 07/02 A2955 RMK AO2 SLP006 T00720017",PAHX,2026-04-28T01:02:00.000Z,62.6880,-159.5660,7.2,1.7,150,12,16,10+,29.55,1000.6,,TRUE,TRUE,,,,,,,FEW,2700,SCT,3700,OVC,10000,,,VFR,,,,,,,,,,,,METAR,20
"SPECI KIRK 280102Z AUTO 28018G26KT 10SM SCT026 BKN032 17/12 A2971 RMK AO2 PK WND 28026/0058 T01670117",KIRK,2026-04-28T01:02:00.000Z,40.0966,-92.5469,16.7,11.7,280,18,26,10+,29.71,,,TRUE,TRUE,,,,,,,SCT,2600,BKN,3200,,,,,VFR,,,,,,,,,,,,SPECI,292
"SPECI KBHK 280102Z AUTO 24006KT 10SM SCT024 BKN033 OVC120 02/M02 A3003 RMK AO2 T00221022",KBHK,2026-04-28T01:02:00.000Z,46.3520,-104.2613,2.2,-2.2,240,6,,10+,30.03,,,TRUE,TRUE,,,,,,,SCT,2400,BKN,3300,OVC,12000,,,VFR,,,,,,,,,,,,SPECI,904
"SPECI KGRF 280101Z AUTO 16008G15KT 10SM SCT025 BKN030 OVC046 13/08 A3003 RMK AO2 RAE00 SLP173 $",KGRF,2026-04-28T01:01:00.000Z,47.0790,-122.5800,13,8,160,8,15,10+,30.03,1017.3,,TRUE,TRUE,TRUE,,,,,,SCT,2500,BKN,3000,OVC,4600,,,MVFR,,,,,,,,,,,,SPECI,91
"SPECI CYHZ 280101Z 15008KT 15SM SCT230 02/M01 A3036 RMK CI3 SLP287",CYHZ,2026-04-28T01:01:00.000Z,44.8781,-63.5136,2,-1,150,8,,15,30.36,1028.7,,,,,,,,,,SCT,23000,,,,,,,VFR,,,,,,,,,,,,SPECI,136
"METAR KMRF 280101Z AUTO 18006KT 10SM CLR 27/M05 A2997 RMK AO2 SLP086 T02721050 $",KMRF,2026-04-28T01:01:00.000Z,30.3707,-104.0117,27.2,-5,180,6,,10+,29.97,1008.6,,TRUE,TRUE,TRUE,,,,,,,,,,,,,,VFR,,,,,,,,,,,,METAR,1476
"METAR PAFS 280101Z AUTO 14007KT 10SM OVC060 A2960 RMK AO2 RAB0047E0057 SLPNO P0000 FZRANO $",PAFS,2026-04-28T01:01:00.000Z,63.0150,-154.3670,,,140,7,,10+,29.60,,,TRUE,TRUE,TRUE,,,TRUE,,,OVC,6000,,,,,,,VFR,,,,,,0.005,,,,,,METAR,131
"METAR SBVT 280100Z 02008KT CAVOK 26/22 Q1015",SBVT,2026-04-28T01:00:00.000Z,-20.2580,-40.2860,26,22,20,8,,6+,29.97,,,,,,,,,,,,,,,,,,,VFR,,,,,,,,,,,,METAR,4
"METAR RPMZ 280100Z 04004KT 9999 TS FEW016CB BKN090 28/24 Q1012 RMK A2988 CB NE-SE",RPMZ,2026-04-28T01:00:00.000Z,6.9200,122.0630,28,24,40,4,,6+,29.88,,,,,,,,,,TS,FEW,1600,BKN,9000,,,,,VFR,,,,,,,,,,,,METAR,8
"METAR FNHU 280100Z AUTO 23003KT //// // NCD 17/15 Q1022",FNHU,2026-04-28T01:00:00.000Z,-12.8090,15.7610,17,15,230,3,,,30.18,,,TRUE,,,,,,,,,,,,,,,,null,,,,,,,,,,,,METAR,1697
"METAR WITT 280100Z 16003KT 130V190 1900 TSBR VV005 25/25 Q1009 NOSIG",WITT,2026-04-28T01:00:00.000Z,5.5240,95.4200,25,25,160,3,,1.18,29.79,,,,,,TRUE,,,,TS BR,OVX,500,,,,,,,IFR,,,,,,,,,,,5,METAR,21
"SPECI KRHI 280100Z AUTO 15007KT 5SM BR OVC004 12/11 A2948 RMK AO2 T01170111",KRHI,2026-04-28T01:00:00.000Z,45.6315,-89.4822,11.7,11.1,150,7,,5,29.48,,,TRUE,TRUE,,,,,,BR,OVC,400,,,,,,,LIFR,,,,,,,,,,,,SPECI,493
"METAR SBCG 280100Z 15007KT 2000 BR OVC002 20/20 Q1016",SBCG,2026-04-28T01:00:00.000Z,-20.4690,-54.6720,20,20,150,7,,1.24,30.00,,,,,,,,,,BR,OVC,200,,,,,,,LIFR,,,,,,,,,,,,METAR,556
"METAR FALE 280100Z VRB01KT 9999 OVC042 17/15 Q1016 NOSIG",FALE,2026-04-28T01:00:00.000Z,-29.6020,31.1300,17,15,0,1,,6+,30.00,,,,,,TRUE,,,,,OVC,4200,,,,,,,VFR,,,,,,,,,,,,METAR,109
"METAR FAHS 280100Z AUTO 11009KT //// // ////// 20/18 Q1016",FAHS,2026-04-28T01:00:00.000Z,-24.3810,31.0440,20,18,110,9,,,30.00,,,TRUE,,,,,,,,,,,,,,,,null,,,,,,,,,,,,METAR,532
"METAR FAGG 280100Z AUTO 29010KT 9999 -RA FEW014/// SCT022/// BKN036/// 10/09 Q1023",FAGG,2026-04-28T01:00:00.000Z,-34.0060,22.3790,10,9,290,10,,6+,30.21,,,TRUE,,,,,,,-RA,FEW,1400,SCT,2200,BKN,3600,,,VFR,,,,,,,,,,,,METAR,196
"METAR FACT 280100Z 07004KT 9999 SCT035 10/09 Q1025 NOSIG",FACT,2026-04-28T01:00:00.000Z,-33.9650,18.6020,10,9,70,4,,6+,30.27,,,,,,TRUE,,,,,SCT,3500,,,,,,,VFR,,,,,,,,,,,,METAR,48
"METAR VCCC 280100Z VRB01KT 9999 SCT016 FEW018CB 26/25 Q1008 A2977 RMK CB N/W/NW",VCCC,2026-04-28T01:00:00.000Z,6.8220,79.8860,26,25,0,1,,6+,29.76,,,,,,,,,,,SCT,1600,FEW,1800,,,,,VFR,,,,,,,,,,,,METAR,6
"METAR FZAA 280100Z 24006KT 7000 SCT016 25/23 Q1011 NOSIG",FZAA,2026-04-28T01:00:00.000Z,-4.3870,15.4480,25,23,240,6,,4.35,29.85,,,,,,TRUE,,,,,SCT,1600,,,,,,,MVFR,,,,,,,,,,,,METAR,309
"METAR FNUE 280100Z AUTO /////KT //// ////// ///// Q////",FNUE,2026-04-28T01:00:00.000Z,-11.7680,19.8980,,,,,,,,,,TRUE,,,,,,,,,,,,,,,,null,,,,,,,,,,,,METAR,1354
"METAR FNLU 280100Z 19004KT 160V230 9999 BKN020 25/23 Q1009",FNLU,2026-04-28T01:00:00.000Z,-8.8580,13.2310,25,23,190,4,,6+,29.79,,,,,,,,,,,BKN,2000,,,,,,,MVFR,,,,,,,,,,,,METAR,75
"METAR SUPU 280100Z AUTO 28003KT //// ////// 09/03 Q1018",SUPU,2026-04-28T01:00:00.000Z,-32.3620,-58.0670,9,3,280,3,,,30.06,,,TRUE,,,,,,,,,,,,,,,,null,,,,,,,,,,,,METAR,23
"METAR SEMT 280100Z 20008KT 9999 BKN023 26/22 Q1010 RMK A2983",SEMT,2026-04-28T01:00:00.000Z,-0.9460,-80.6790,26,22,200,8,,6+,29.82,,,,,,,,,,,BKN,2300,,,,,,,MVFR,,,,,,,,,,,,METAR,13
"METAR SKPE 280100Z 10011KT 9999 VCTS SCT040CB SCT080 22/17 Q1017 RMK CB/E",SKPE,2026-04-28T01:00:00.000Z,4.8140,-75.7350,22,17,100,11,,6+,30.03,,,,,,,,,,VCTS,SCT,4000,SCT,8000,,,,,VFR,,,,,,,,,,,,METAR,1341
"METAR VEIM 280100Z 17003KT 3000 BR FEW007 SCT018 FEW025CB OVC090 19/19 Q1011 NOSIG",VEIM,2026-04-28T01:00:00.000Z,24.7600,93.8970,19,19,170,3,,1.86,29.85,,,,,,TRUE,,,,BR,FEW,700,SCT,1800,FEW,2500,OVC,9000,IFR,,,,,,,,,,,,METAR,777
"METAR VELR 280100Z 02002KT 5000 BR SCT090 24/20 Q1007 NOSIG",VELR,2026-04-28T01:00:00.000Z,27.2960,94.0980,24,20,20,2,,3.11,29.73,,,,,,TRUE,,,,BR,SCT,9000,,,,,,,MVFR,,,,,,,,,,,,METAR,101
"METAR VEBU 280100Z 21004KT 3000 HZ SCT090 26/20 Q1005 BECMG 4000 HZ",VEBU,2026-04-28T01:00:00.000Z,21.9880,82.1110,26,20,210,4,,1.86,29.68,,,,,,,,,,HZ,SCT,9000,,,,,,,IFR,,,,,,,,,,,,METAR,274
"METAR FNGI 280100Z AUTO 18002KT 9999 // NCD 20/19 Q1018",FNGI,2026-04-28T01:00:00.000Z,-17.0440,15.6840,20,19,180,2,,6+,30.06,,,TRUE,,,,,,,,,,,,,,,,VFR,,,,,,,,,,,,METAR,1116
"METAR GMMC 280100Z AUTO 28010KT // 18/16 Q1008",GMMC,2026-04-28T01:00:00.000Z,33.5570,-7.6600,18,16,280,10,,,29.76,,,TRUE,,,,,,,,,,,,,,,,null,,,,,,,,,,,,METAR,62
"METAR FNCT 280100Z AUTO /////KT //// ////// ///// Q////",FNCT,2026-04-28T01:00:00.000Z,-12.4790,13.4870,,,,,,,,,,TRUE,,,,,,,,,,,,,,,,null,,,,,,,,,,,,METAR,6
"METAR FNCA 280100Z AUTO VRB02KT 9999 BKN006 26/25 Q1010",FNCA,2026-04-28T01:00:00.000Z,-5.5900,12.1880,26,25,0,2,,6+,29.82,,,TRUE,,,,,,,,BKN,600,,,,,,,IFR,,,,,,,,,,,,METAR,14
"METAR VRMH 280100Z 00000KT 9999 FEW018 SCT270 29/25 Q1007",VRMH,2026-04-28T01:00:00.000Z,6.7440,73.1710,29,25,0,0,,6+,29.73,,,,,,,,,,,FEW,1800,SCT,27000,,,,,VFR,,,,,,,,,,,,METAR,1
"METAR SBFN 280100Z AUTO 09003KT CAVOK 24/23 Q1013",SBFN,2026-04-28T01:00:00.000Z,-3.8550,-32.4230,24,23,90,3,,6+,29.91,,,TRUE,,,,,,,,,,,,,,,,VFR,,,,,,,,,,,,METAR,52
"METAR URMN 280100Z 34002MPS 9999 OVC041 07/00 Q1020 R24/////// NOSIG RMK QFE729",URMN,2026-04-28T01:00:00.000Z,43.5140,43.6460,7,0,340,4,,6+,30.12,,,,,,TRUE,,,,,OVC,4100,,,,,,,VFR,,,,,,,,,,,,METAR,424
"METAR MDCY 280100Z 00000KT 8000 -TSRA FEW016CB BKN016 BKN070 24/24 Q1015 CB/E",MDCY,2026-04-28T01:00:00.000Z,19.2710,-69.7330,24,24,0,0,,4.97,29.97,,,,,,,,,,-TSRA,FEW,1600,BKN,1600,BKN,7000,,,MVFR,,,,,,,,,,,,METAR,4
"METAR SVVA 280100Z /////T 9999 BKN016 26/21 Q1013",SVVA,2026-04-28T01:00:00.000Z,10.1540,-67.9200,26,21,,,,6+,29.91,,,,,,,,,,,BKN,1600,,,,,,,MVFR,,,,,,,,,,,,METAR,428
"METAR MDLR 280100Z 00000KT 9999 FEW016 BKN300 25/24 Q1016",MDLR,2026-04-28T01:00:00.000Z,18.4510,-68.9210,25,24,0,0,,6+,30.00,,,,,,,,,,,FEW,1600,BKN,30000,,,,,VFR,,,,,,,,,,,,METAR,66
"METAR MDJB 280100Z 00000KT 9999 SCT016 SCT300 26/23 Q1015 METAR ",MDJB,2026-04-28T01:00:00.000Z,18.5770,-69.9840,26,23,0,0,,6+,29.97,,,,,,,,,,,SCT,1600,SCT,30000,,,,,VFR,,,,,,,,,,,,METAR,24
"METAR MDPC 280100Z 08005KT 9999 FEW018 SCT300 27/24 Q1016",MDPC,2026-04-28T01:00:00.000Z,18.5660,-68.3560,27,24,80,5,,6+,30.00,,,,,,,,,,,FEW,1800,SCT,30000,,,,,VFR,,,,,,,,,,,,METAR,10
"METAR MDPP 280100Z 00000KT 9999 BKN018 25/24 Q1015",MDPP,2026-04-28T01:00:00.000Z,19.7590,-70.5710,25,24,0,0,,6+,29.97,,,,,,,,,,,BKN,1800,,,,,,,MVFR,,,,,,,,,,,,METAR,9
"METAR HTDA 280100Z VRB02KT 9999 FEW010 FEW012CB BKN070 25/24 Q1010 NOSIG",HTDA,2026-04-28T01:00:00.000Z,-6.8810,39.2010,25,24,0,2,,6+,29.82,,,,,,TRUE,,,,,FEW,1000,FEW,1200,BKN,7000,,,VFR,,,,,,,,,,,,METAR,53
"METAR CWZV 280100Z AUTO 31022KT 08/05 RMK AO1 PK WND 32028/0002 T00750050 55000",CWZV,2026-04-28T01:00:00.000Z,51.9360,-131.0160,7.5,5,310,22,,,,,,TRUE,TRUE,,,,,,,,,,,,,,,null,,,,,,,,,,,,METAR,83
"METAR CXLL 280100Z AUTO 24003KT 16/M05 RMK AO1 SOG 42 5005 SLP125 T01561050",CXLL,2026-04-28T01:00:00.000Z,61.1250,-122.8510,15.6,-5,240,3,,,,1012.5,,TRUE,TRUE,,,,,,,,,,,,,,,null,,,,,,,,,,,,METAR,180
"METAR SKVP 280100Z 07009KT 9999 RA BKN016CB 25/22 Q1012 RMK CB /SW/NW",SKVP,2026-04-28T01:00:00.000Z,10.4360,-73.2480,25,22,70,9,,6+,29.88,,,,,,,,,,RA,BKN,1600,,,,,,,MVFR,,,,,,,,,,,,METAR,137
"METAR CXTN 280100Z AUTO 24008KT M05/M06 RMK AO1 SOG 47 3001 SLP148 T10471056",CXTN,2026-04-28T01:00:00.000Z,69.1990,-122.3590,-4.7,-5.6,240,8,,,,1014.8,,TRUE,TRUE,,,,,,,,,,,,,,,null,,,,,,,,,,,,METAR,564
"METAR CXTV 280100Z AUTO 04009KT M04/M04 RMK AO1 SOG 76 2007 SLP164 T10421035",CXTV,2026-04-28T01:00:00.000Z,68.7460,-133.5020,-4.2,-3.5,40,9,,,,1016.4,,TRUE,TRUE,,,,,,,,,,,,,,,null,,,,,,,,,,,,METAR,91
"METAR CWUX 280100Z AUTO 18005KT 07/M01 RMK AO1 SLP238 T00701013 53007",CWUX,2026-04-28T01:00:00.000Z,48.2980,-70.9200,7,-1.3,180,5,,,,1023.8,,TRUE,TRUE,,,,,,,,,,,,,,,null,0.07,,,,,,,,,,,METAR,150
"METAR CXYH 280100Z AUTO 17006KT 13/M07 RMK AO1 SOG 21 6003 SLP096 T01251073",CXYH,2026-04-28T01:00:00.000Z,61.2420,-123.7420,12.5,-7.3,170,6,,,,1009.6,,TRUE,TRUE,,,,,,,,,,,,,,,null,,,,,,,,,,,,METAR,197
"METAR GOOG 280100Z 32010KT CAVOK 24/17 Q1010",GOOG,2026-04-28T01:00:00.000Z,15.4000,-15.0840,24,17,320,10,,6+,29.82,,,,,,,,,,,,,,,,,,,VFR,,,,,,,,,,,,METAR,38
"METAR GOSP 280100Z 32016KT CAVOK 23/12 Q1012",GOSP,2026-04-28T01:00:00.000Z,16.6770,-14.9640,23,12,320,16,,6+,29.88,,,,,,,,,,,,,,,,,,,VFR,,,,,,,,,,,,METAR,10
"METAR CYZX 280100Z 10004KT 15SM FEW250 06/M01 A3036 RMK CI1 DENSITY ALT -1443FT OBS SENT VIA CYCX SLP281",CYZX,2026-04-28T01:00:00.000Z,44.9850,-64.9120,6,-1,100,4,,15,30.36,1028.1,,,,,,,,,,FEW,25000,,,,,,,VFR,,,,,,,,,,,,METAR,28
"METAR TTPP 280100Z 00000KT 9999 FEW016 27/23 Q1014 NOSIG",TTPP,2026-04-28T01:00:00.000Z,10.5930,-61.3480,27,23,0,0,,6+,29.94,,,,,,TRUE,,,,,FEW,1600,,,,,,,VFR,,,,,,,,,,,,METAR,11
"METAR CYTR 280100Z 10003KT 15SM SCT250 16/04 A3008 RMK CS3 DENSITY ALT 394FT SLP189",CYTR,2026-04-28T01:00:00.000Z,44.1150,-77.5310,16,4,100,3,,15,30.08,1018.9,,,,,,,,,,SCT,25000,,,,,,,VFR,,,,,,,,,,,,METAR,80
"METAR SKPD 280100Z AUTO VRB01KT CAVOK 25/25 Q1010",SKPD,2026-04-28T01:00:00.000Z,3.8540,-67.9060,25,25,0,1,,6+,29.82,,,TRUE,,,,,,,,,,,,,,,,VFR,,,,,,,,,,,,METAR,140
"METAR CYQQ 280100Z 16005KT 20SM FEW043 BKN055 BKN250 14/08 A3000 RMK CU2SC4CI1 DENSITY ALT 3FT SLP160",CYQQ,2026-04-28T01:00:00.000Z,49.7120,-124.8950,14,8,160,5,,20,30.00,1016,,,,,,,,,,FEW,4300,BKN,5500,BKN,25000,,,VFR,,,,,,,,,,,,METAR,24
"METAR SKPC 280100Z AUTO VRB01KT CAVOK 26/25 Q1010",SKPC,2026-04-28T01:00:00.000Z,6.1840,-67.4910,26,25,0,1,,6+,29.82,,,TRUE,,,,,,,,,,,,,,,,VFR,,,,,,,,,,,,METAR,51
"METAR CYAW 280100Z 11004KT 15SM SCT240 03/02 A3039 RMK CI3 DENSITY ALT -1739FT SLP292",CYAW,2026-04-28T01:00:00.000Z,44.6360,-63.5070,3,2,110,4,,15,30.39,1029.2,,,,,,,,,,SCT,24000,,,,,,,VFR,,,,,,,,,,,,METAR,50
"METAR CYBG 280100Z 18005KT 25SM SKC 09/M00 A3020 RMK DENSITY ALT -354FT SLP233",CYBG,2026-04-28T01:00:00.000Z,48.3310,-70.9890,9,0,180,5,,25,30.20,1023.3,,,,,,,,,,,,,,,,,,VFR,,,,,,,,,,,,METAR,151
"METAR TBPB 280100Z 08011KT 9999 SCT018 27/23 Q1015 NOSIG",TBPB,2026-04-28T01:00:00.000Z,13.0750,-59.4920,27,23,80,11,,6+,29.97,,,,,,TRUE,,,,,SCT,1800,,,,,,,VFR,,,,,,,,,,,,METAR,55
"METAR SKNV 280100Z 29003KT 9999 FEW050 27/23 Q1010",SKNV,2026-04-28T01:00:00.000Z,2.9490,-75.2940,27,23,290,3,,6+,29.82,,,,,,,,,,,FEW,5000,,,,,,,VFR,,,,,,,,,,,,METAR,449
"METAR SKMZ 280100Z AUTO 13003KT 6000NDV // OVC240/// 16/16 Q1026",SKMZ,2026-04-28T01:00:00.000Z,5.0300,-75.4700,16,16,130,3,,,30.30,,,TRUE,,,,,,,,OVC,24000,,,,,,,null,,,,,,,,,,,,METAR,2075
"METAR SKMU 280100Z AUTO VRB01KT //// NCD 26/25 Q1009",SKMU,2026-04-28T01:00:00.000Z,1.1170,-70.0830,26,25,0,1,,,29.79,,,TRUE,,,,,,,,,,,,,,,,null,,,,,,,,,,,,METAR,207
"METAR SKMR 280100Z 33005KT 9999 FEW020 28/25 Q1010",SKMR,2026-04-28T01:00:00.000Z,8.8260,-75.8250,28,25,330,5,,6+,29.82,,,,,,,,,,,FEW,2000,,,,,,,VFR,,,,,,,,,,,,METAR,12
"METAR SKLC 280100Z 36008KT 9999 SCT030 28/24 Q1010",SKLC,2026-04-28T01:00:00.000Z,7.8170,-76.7180,28,24,360,8,,6+,29.82,,,,,,,,,,,SCT,3000,,,,,,,VFR,,,,,,,,,,,,METAR,20
"METAR SKGY 280100Z AUTO 33003KT 300V360 9999NDV // OVC024/// 14/12 Q1027",SKGY,2026-04-28T01:00:00.000Z,4.8120,-74.0650,14,12,330,3,,,30.32,,,TRUE,,,,,,,,OVC,2400,,,,,,,null,,,,,,,,,,,,METAR,2557
"METAR SKGO 280100Z AUTO 15001KT CAVOK 26/19 Q1014",SKGO,2026-04-28T01:00:00.000Z,4.7580,-75.9560,26,19,150,1,,6+,29.94,,,TRUE,,,,,,,,,,,,,,,,VFR,,,,,,,,,,,,METAR,908
"METAR SKFL 280100Z VRB01KT 9999 FEW050 23/23 Q1011",SKFL,2026-04-28T01:00:00.000Z,1.5890,-75.5640,23,23,0,1,,6+,29.85,,,,,,,,,,,FEW,5000,,,,,,,VFR,,,,,,,,,,,,METAR,244
"METAR SKEJ 280100Z AUTO VRB02KT CAVOK 28/25 Q1009",SKEJ,2026-04-28T01:00:00.000Z,7.0260,-73.8090,28,25,0,2,,6+,29.79,,,TRUE,,,,,,,,,,,,,,,,VFR,,,,,,,,,,,,METAR,123
"METAR NFNL 280100Z 00000KT 9999 SCT030 33/26 Q1011",NFNL,2026-04-28T01:00:00.000Z,-16.4670,179.3390,33,26,0,0,,6+,29.85,,,,,,,,,,,SCT,3000,,,,,,,VFR,,,,,,,,,,,,METAR,17
"METAR NFNA 280100Z 12008KT 9999 BKN020 30/26 Q1011",NFNA,2026-04-28T01:00:00.000Z,-18.0430,178.5590,30,26,120,8,,6+,29.85,,,,,,,,,,,BKN,2000,,,,,,,MVFR,,,,,,,,,,,,METAR,6
"METAR SBRP 280100Z 12002KT CAVOK 25/18 Q1016",SBRP,2026-04-28T01:00:00.000Z,-21.1340,-47.7740,25,18,120,2,,6+,30.00,,,,,,,,,,,,,,,,,,,VFR,,,,,,,,,,,,METAR,550
"METAR SMJP 280100Z 05002KT 9999 FEW008 24/24 Q1012",SMJP,2026-04-28T01:00:00.000Z,5.4530,-55.1880,24,24,50,2,,6+,29.88,,,,,,,,,,,FEW,800,,,,,,,VFR,,,,,,,,,,,,METAR,14
"METAR SKCZ 280100Z 08006KT 060V130 CAVOK 27/24 Q1010",SKCZ,2026-04-28T01:00:00.000Z,9.3340,-75.2830,27,24,80,6,,6+,29.82,,,,,,,,,,,,,,,,,,,VFR,,,,,,,,,,,,METAR,81
"METAR EIME 280100Z VRB01KT CAVOK 04/03 Q1028",EIME,2026-04-28T01:00:00.000Z,53.3060,-6.4420,4,3,0,1,,6+,30.35,,,,,,,,,,,,,,,,,,,VFR,,,,,,,,,,,,METAR,90
"METAR LPMT 280100Z 33003KT CAVOK 16/13/ CHECK TEXT NEW ENDING ADDED LPAZYFYX",LPMT,2026-04-28T01:00:00.000Z,38.7040,-9.0360,13,,330,3,,6+,,,,,,,,,,,,,,,,,,,,VFR,,,,,,,,,,,,METAR,4
"METAR RPMD 280100Z 05008KT 020V080 9999 FEW019 BKN260 31/25 Q1012 RMK A2988",RPMD,2026-04-28T01:00:00.000Z,7.1250,125.6460,31,25,50,8,,6+,29.88,,,,,,,,,,,FEW,1900,BKN,26000,,,,,VFR,,,,,,,,,,,,METAR,19
"METAR RPLB 280100Z 06010KT 010V100 9999 FEW020 SCT300 32/23 Q1012 NOSIG RMK A2988",RPLB,2026-04-28T01:00:00.000Z,14.7940,120.2710,32,23,60,10,,6+,29.88,,,,,,TRUE,,,,,FEW,2000,SCT,30000,,,,,VFR,,,,,,,,,,,,METAR,19
"METAR RPLI 280100Z 22006KT 9999 FEW018 31/25 Q1011 NOSIG RMK A2985",RPLI,2026-04-28T01:00:00.000Z,18.1780,120.5320,31,25,220,6,,6+,29.85,,,,,,TRUE,,,,,FEW,1800,,,,,,,VFR,,,,,,,,,,,,METAR,5
"METAR RPMR 280100Z 06008KT 9999 FEW018 SCT080 BKN250 32/22 Q1012 RMK A2988",RPMR,2026-04-28T01:00:00.000Z,6.0580,125.0960,32,22,60,8,,6+,29.88,,,,,,,,,,,FEW,1800,SCT,8000,BKN,25000,,,VFR,,,,,,,,,,,,METAR,47
"METAR SKCO 280100Z 24005KT 200V260 9999 BKN030 27/24 Q1011",SKCO,2026-04-28T01:00:00.000Z,1.8140,-78.7490,27,24,240,5,,6+,29.85,,,,,,,,,,,BKN,3000,,,,,,,MVFR,,,,,,,,,,,,METAR,6
"METAR ZYCC 280100Z 05004MPS 340V080 9999 FEW030 12/M01 Q1017 NOSIG",ZYCC,2026-04-28T01:00:00.000Z,43.9930,125.6820,12,-1,50,8,,6+,30.03,,,,,,TRUE,,,,,FEW,3000,,,,,,,VFR,,,,,,,,,,,,METAR,211
"METAR ZYHB 280100Z 35003MPS 270V060 CAVOK 13/M03 Q1016 NOSIG",ZYHB,2026-04-28T01:00:00.000Z,45.6280,126.2590,13,-3,350,6,,6+,30.00,,,,,,TRUE,,,,,,,,,,,,,VFR,,,,,,,,,,,,METAR,134
"METAR SKBU 280100Z AUTO 09002KT //// ////// 27/25 Q1010",SKBU,2026-04-28T01:00:00.000Z,3.8200,-76.9920,27,25,90,2,,,29.82,,,TRUE,,,,,,,,,,,,,,,,null,,,,,,,,,,,,METAR,14
"METAR ZHEC 280100Z 01003MPS 4000 -RA BR FEW005 OVC030 17/16 Q1013 NOSIG",ZHEC,2026-04-28T01:00:00.000Z,30.3424,115.0389,17,16,10,6,,2.49,29.91,,,,,,TRUE,,,,-RA BR,FEW,500,OVC,3000,,,,,IFR,,,,,,,,,,,,METAR,21
"METAR ZGNN 280100Z 16003MPS 120V190 9999 SCT009 25/22 Q1008 NOSIG",ZGNN,2026-04-28T01:00:00.000Z,22.6090,108.1730,25,22,160,6,,6+,29.76,,,,,,TRUE,,,,,SCT,900,,,,,,,VFR,,,,,,,,,,,,METAR,128
"METAR ZGOW 280100Z VRB01MPS 9999 BKN020 26/22 Q1013 NOSIG",ZGOW,2026-04-28T01:00:00.000Z,23.5500,116.5050,26,22,0,2,,6+,29.91,,,,,,TRUE,,,,,BKN,2000,,,,,,,MVFR,,,,,,,,,,,,METAR,4
"METAR ZGSZ 280100Z 10004MPS CAVOK 27/22 Q1011 NOSIG",ZGSZ,2026-04-28T01:00:00.000Z,22.6390,113.8030,27,22,100,8,,6+,29.85,,,,,,TRUE,,,,,,,,,,,,,VFR,,,,,,,,,,,,METAR,18
"METAR ZLXY 280100Z 04004MPS CAVOK 18/10 Q1017 NOSIG",ZLXY,2026-04-28T01:00:00.000Z,34.4490,108.7520,18,10,40,8,,6+,30.03,,,,,,TRUE,,,,,,,,,,,,,VFR,,,,,,,,,,,,METAR,478
"METAR SBNF 280100Z 16008KT 110V210 9999 FEW035 22/15 Q1016",SBNF,2026-04-28T01:00:00.000Z,-26.8800,-48.6510,22,15,160,8,,6+,30.00,,,,,,,,,,,FEW,3500,,,,,,,VFR,,,,,,,,,,,,METAR,5
"METAR SKAS 280100Z COR VRB01KT CAVOK 25/24 Q1010",SKAS,2026-04-28T01:00:00.000Z,0.5050,-76.5010,25,24,0,1,,6+,29.82,,TRUE,,,,,,,,,,,,,,,,,VFR,,,,,,,,,,,,METAR,251
"METAR ZPPP 280100Z 21007MPS 9999 SCT023 OVC046 15/11 Q1017 NOSIG",ZPPP,2026-04-28T01:00:00.000Z,25.1070,102.9340,15,11,210,14,,6+,30.03,,,,,,TRUE,,,,,SCT,2300,OVC,4600,,,,,VFR,,,,,,,,,,,,METAR,2104
"METAR ZSAM 280100Z VRB01MPS 6000 FEW023 26/21 Q1013 NOSIG",ZSAM,2026-04-28T01:00:00.000Z,24.5460,118.1310,26,21,0,2,,3.73,29.91,,,,,,TRUE,,,,,FEW,2300,,,,,,,MVFR,,,,,,,,,,,,METAR,13
"METAR ZSFZ 280100Z 10002MPS 070V170 6000 NSC 25/19 Q1013 NOSIG",ZSFZ,2026-04-28T01:00:00.000Z,25.9360,119.6660,25,19,100,4,,3.73,29.91,,,,,,TRUE,,,,,,,,,,,,,MVFR,,,,,,,,,,,,METAR,14
"METAR ZSNB 280100Z 01004MPS 310V070 CAVOK 20/14 Q1016 NOSIG",ZSNB,2026-04-28T01:00:00.000Z,29.8270,121.4620,20,14,10,8,,6+,30.00,,,,,,TRUE,,,,,,,,,,,,,VFR,,,,,,,,,,,,METAR,5
"METAR SKAR 280100Z VRB02KT 9999 SCT056 BKN150 23/19 Q1016",SKAR,2026-04-28T01:00:00.000Z,4.4550,-75.7660,23,19,0,2,,6+,30.00,,,,,,,,,,,SCT,5600,BKN,15000,,,,,VFR,,,,,,,,,,,,METAR,1214
"METAR SPQU 280100Z 09005KT CAVOK 13/05 Q1027 RMK PP000",SPQU,2026-04-28T01:00:00.000Z,-16.3410,-71.5830,13,5,90,5,,6+,30.32,,,,,,,,,,,,,,,,,,,VFR,,,,,,,,,,,,METAR,2527
"METAR ZSQD 280100Z 36004MPS 310V050 CAVOK 15/02 Q1020 NOSIG",ZSQD,2026-04-28T01:00:00.000Z,36.3620,120.0870,15,2,360,8,,6+,30.12,,,,,,TRUE,,,,,,,,,,,,,VFR,,,,,,,,,,,,METAR,2
"METAR ZUGY 280100Z 01003MPS 9999 -RA FEW015 OVC026 15/15 Q1013 NOSIG",ZUGY,2026-04-28T01:00:00.000Z,26.5380,106.8010,15,15,10,6,,6+,29.91,,,,,,TRUE,,,,-RA,FEW,1500,OVC,2600,,,,,MVFR,,,,,,,,,,,,METAR,1130
"METAR ZUTF 280100Z 01006MPS 9999 -SHRA SCT040 15/15 Q1017 NOSIG",ZUTF,2026-04-28T01:00:00.000Z,30.3040,104.4360,15,15,10,12,,6+,30.03,,,,,,TRUE,,,,-SHRA,SCT,4000,,,,,,,VFR,,,,,,,,,,,,METAR,443
"METAR SPTN 280100Z 21005KT 9999 OVC028 18/13 Q1017 RMK PP000",SPTN,2026-04-28T01:00:00.000Z,-18.0490,-70.2770,18,13,210,5,,6+,30.03,,,,,,,,,,,OVC,2800,,,,,,,MVFR,,,,,,,,,,,,METAR,459
"METAR ZUUU 280100Z 02005MPS 9999 -SHRA FEW014 SCT033 15/12 Q1018 NOSIG",ZUUU,2026-04-28T01:00:00.000Z,30.5760,103.9500,15,12,20,10,,6+,30.06,,,,,,TRUE,,,,-SHRA,FEW,1400,SCT,3300,,,,,VFR,,,,,,,,,,,,METAR,494
"METAR SKYP 280100Z 34003KT 9999 SCT010 SCT040 28/22 Q1011",SKYP,2026-04-28T01:00:00.000Z,5.3190,-72.3840,28,22,340,3,,6+,29.85,,,,,,,,,,,SCT,1000,SCT,4000,,,,,VFR,,,,,,,,,,,,METAR,312
"METAR ZBSJ 280100Z 34002MPS 8000 NSC 14/08 Q1022 NOSIG",ZBSJ,2026-04-28T01:00:00.000Z,38.2810,114.6970,14,8,340,4,,4.97,30.18,,,,,,TRUE,,,,,,,,,,,,,MVFR,,,,,,,,,,,,METAR,70
"METAR SPUR 280100Z 19011KT CAVOK 25/19 Q1013 RMK BIRD HAZARD RWY 19/01 PP000",SPUR,2026-04-28T01:00:00.000Z,-5.2060,-80.6160,25,19,190,11,,6+,29.91,,,,,,,,,,,,,,,,,,,VFR,,,,,,,,,,,,METAR,30
"METAR RJDB 280100Z AUTO 22009KT 9999 NSC 19/14 Q1013",RJDB,2026-04-28T01:00:00.000Z,33.7490,129.7850,19,14,220,9,,6+,29.91,,,TRUE,,,,,,,,,,,,,,,,VFR,,,,,,,,,,,,METAR,13
"METAR SCTE 280100Z 01007KT 5000 -DZ BKN012 OVC120 09/09 Q1018 NOSIG",SCTE,2026-04-28T01:00:00.000Z,-41.4390,-73.0940,9,9,10,7,,3.11,30.06,,,,,,TRUE,,,,-DZ,BKN,1200,OVC,12000,,,,,MVFR,,,,,,,,,,,,METAR,85
"METAR SCDA 280100Z 18004KT 9999 BKN034 20/13 Q1016",SCDA,2026-04-28T01:00:00.000Z,-20.5350,-70.1810,20,13,180,4,,6+,30.00,,,,,,,,,,,BKN,3400,,,,,,,VFR,,,,,,,,,,,,METAR,41
"METAR SKVV 280100Z AUTO 25002KT CAVOK 24/22 Q1013",SKVV,2026-04-28T01:00:00.000Z,4.1620,-73.6180,24,22,250,2,,6+,29.91,,,TRUE,,,,,,,,,,,,,,,,VFR,,,,,,,,,,,,METAR,421
"METAR SCTN 280100Z AUTO 36009KT 4400 -RA BR SCT006 OVC016 10/09 Q1017",SCTN,2026-04-28T01:00:00.000Z,-42.9330,-72.6990,10,9,360,9,,2.73,30.03,,,TRUE,,,,,,,-RA BR,SCT,600,OVC,1600,,,,,IFR,,,,,,,,,,,,METAR,8
"METAR RJDC 280100Z 09004KT 9999 FEW030 BKN160 17/13 Q1013",RJDC,2026-04-28T01:00:00.000Z,33.9300,131.2790,17,13,90,4,,6+,29.91,,,,,,,,,,,FEW,3000,BKN,16000,,,,,VFR,,,,,,,,,,,,METAR,5
"METAR SCFA 280100Z 21010KT 9999 BKN020 17/13 Q1016 NOSIG",SCFA,2026-04-28T01:00:00.000Z,-23.4500,-70.4410,17,13,210,10,,6+,30.00,,,,,,TRUE,,,,,BKN,2000,,,,,,,MVFR,,,,,,,,,,,,METAR,113
"METAR SCJO 280100Z AUTO 02005KT 360V060 9999 OVC010/// 10/08 Q1018",SCJO,2026-04-28T01:00:00.000Z,-40.6050,-73.0610,10,8,20,5,,6+,30.06,,,TRUE,,,,,,,,OVC,1000,,,,,,,MVFR,,,,,,,,,,,,METAR,61
"METAR RJEB 280100Z 34012KT 9999 -DZ FEW004 SCT005 BKN006 04/03 Q1009",RJEB,2026-04-28T01:00:00.000Z,44.3040,143.4040,4,3,340,12,,6+,29.79,,,,,,,,,,-DZ,FEW,400,SCT,500,BKN,600,,,IFR,,,,,,,,,,,,METAR,24
"METAR SCPQ 280100Z AUTO 01006KT 0700 R35/0800N VV001 09/09 Q1016",SCPQ,2026-04-28T01:00:00.000Z,-42.3470,-73.7180,9,9,10,6,,0.43,30.00,,,TRUE,,,,,,,,OVX,100,,,,,,,LIFR,,,,,,,,,,,1,METAR,166
"METAR RJEC 280100Z 30008KT 9999 FEW010 SCT020 BKN040 07/02 Q1009",RJEC,2026-04-28T01:00:00.000Z,43.6710,142.4470,7,2,300,8,,6+,29.79,,,,,,,,,,,FEW,1000,SCT,2000,BKN,4000,,,VFR,,,,,,,,,,,,METAR,209
"METAR SCFT 280100Z AUTO 28004KT 220V310 CAVOK 07/05 Q1014",SCFT,2026-04-28T01:00:00.000Z,-43.1890,-71.8530,7,5,280,4,,6+,29.94,,,TRUE,,,,,,,,,,,,,,,,VFR,,,,,,,,,,,,METAR,345
"METAR RJFE 280100Z 21006KT 9999 FEW025 SCT035 BKN180 20/15 Q1014",RJFE,2026-04-28T01:00:00.000Z,32.6660,128.8330,20,15,210,6,,6+,29.94,,,,,,,,,,,FEW,2500,SCT,3500,BKN,18000,,,VFR,,,,,,,,,,,,METAR,80
"SPECI SKCL 280100Z 32006KT 9000 SCT030 SCT060 25/20 Q1015 RMK HZ",SKCL,2026-04-28T01:00:00.000Z,3.5430,-76.3820,25,20,320,6,,5.59,29.97,,,,,,,,,,,SCT,3000,SCT,6000,,,,,VFR,,,,,,,,,,,,SPECI,967
"METAR CYBQ 280100Z AUTO 35009G16KT 9SM -SN OVC025 M06/M10 A3004 RMK ICE INTMT TS/LTNG TEMPO UNAVBL SLP200",CYBQ,2026-04-28T01:00:00.000Z,58.7070,-98.5110,-6,-10,350,9,16,9,30.04,1020,,TRUE,,,,,,,-SN,OVC,2500,,,,,,,MVFR,,,,,,,,,,,,METAR,272
"METAR RJFO 280100Z 18005KT CAVOK 18/15 Q1013",RJFO,2026-04-28T01:00:00.000Z,33.4790,131.7370,18,15,180,5,,6+,29.91,,,,,,,,,,,,,,,,,,,VFR,,,,,,,,,,,,METAR,3
"METAR SKUI 280100Z 17006KT 130V220 9999 4900SE TSRA SCT015CB 27/25 Q1009",SKUI,2026-04-28T01:00:00.000Z,5.6910,-76.6440,27,25,170,6,,6+,29.79,,,,,,,,,,TSRA,SCT,1500,,,,,,,VFR,,,,,,,,,,,,METAR,55
"METAR RJFR 280100Z 05003KT 9999 FEW030 BKN150 18/15 Q1013",RJFR,2026-04-28T01:00:00.000Z,33.8460,131.0350,18,15,50,3,,6+,29.91,,,,,,,,,,,FEW,3000,BKN,15000,,,,,VFR,,,,,,,,,,,,METAR,9
"METAR SKUC 280100Z VRB02KT 9999 FEW030 28/24 Q1010",SKUC,2026-04-28T01:00:00.000Z,7.0660,-70.7350,28,24,0,2,,6+,29.82,,,,,,,,,,,FEW,3000,,,,,,,VFR,,,,,,,,,,,,METAR,127
"METAR SKTM 280100Z AUTO 29003KT CAVOK 26/21 Q1012",SKTM,2026-04-28T01:00:00.000Z,6.4510,-71.7600,26,21,290,3,,6+,29.88,,,TRUE,,,,,,,,,,,,,,,,VFR,,,,,,,,,,,,METAR,361
"METAR SAWG 280100Z 26010KT CAVOK 06/01 Q1004 RMK PP000",SAWG,2026-04-28T01:00:00.000Z,-51.6090,-69.3060,6,1,260,10,,6+,29.65,,,,,,,,,,,,,,,,,,,VFR,,,,,,,,,,,,METAR,18
"METAR SUMO 280100Z AUTO 35004KT //// ////// 06/05 Q1017",SUMO,2026-04-28T01:00:00.000Z,-32.3400,-54.2240,6,5,350,4,,,30.03,,,TRUE,,,,,,,,,,,,,,,,null,,,,,,,,,,,,METAR,113
"METAR RPVD 280100Z 04008KT 9999 SCT015 30/25 Q1011 RMK A2985",RPVD,2026-04-28T01:00:00.000Z,9.3340,123.2970,30,25,40,8,,6+,29.85,,,,,,,,,,,SCT,1500,,,,,,,VFR,,,,,,,,,,,,METAR,11
"METAR OEAB 280100Z 00000KT CAVOK 16/13 Q1021 NOSIG",OEAB,2026-04-28T01:00:00.000Z,18.2400,42.6570,16,13,0,0,,6+,30.15,,,,,,TRUE,,,,,,,,,,,,,VFR,,,,,,,,,,,,METAR,2092
"METAR OEAH 280100Z 20006KT CAVOK 28/14 Q1006 NOSIG",OEAH,2026-04-28T01:00:00.000Z,25.2850,49.4850,28,14,200,6,,6+,29.70,,,,,,TRUE,,,,,,,,,,,,,VFR,,,,,,,,,,,,METAR,180
"METAR OEAO 280100Z 02002KT CAVOK 20/M02 Q1011 NOSIG",OEAO,2026-04-28T01:00:00.000Z,26.4830,38.1170,20,-2,20,2,,6+,29.85,,,,,,TRUE,,,,,,,,,,,,,VFR,,,,,,,,,,,,METAR,615
"METAR OEBA 280100Z 10003KT 9999 SCT030 22/12 Q1016 NOSIG",OEBA,2026-04-28T01:00:00.000Z,20.2960,41.6340,22,12,100,3,,6+,30.00,,,,,,TRUE,,,,,SCT,3000,,,,,,,VFR,,,,,,,,,,,,METAR,1659
"METAR OEBH 280100Z 31003KT CAVOK 25/11 Q1012 NOSIG",OEBH,2026-04-28T01:00:00.000Z,19.9840,42.6210,25,11,310,3,,6+,29.88,,,,,,TRUE,,,,,,,,,,,,,VFR,,,,,,,,,,,,METAR,1167
"METAR OEDF 280100Z 03010KT 9999 SCT035 BKN090 29/15 Q1005 NOSIG",OEDF,2026-04-28T01:00:00.000Z,26.4500,49.8170,29,15,30,10,,6+,29.68,,,,,,TRUE,,,,,SCT,3500,BKN,9000,,,,,VFR,,,,,,,,,,,,METAR,15
"METAR SKSM 280100Z AUTO 01010KT CAVOK 29/22 Q1010",SKSM,2026-04-28T01:00:00.000Z,11.1200,-74.2310,29,22,10,10,,6+,29.82,,,TRUE,,,,,,,,,,,,,,,,VFR,,,,,,,,,,,,METAR,5
"METAR OEDM 280100Z 20006KT CAVOK 24/10 Q1011",OEDM,2026-04-28T01:00:00.000Z,24.4500,44.1210,24,10,200,6,,6+,29.85,,,,,,,,,,,,,,,,,,,VFR,,,,,,,,,,,,METAR,922
"METAR OEDR 280100Z 03010KT CAVOK 29/14 Q1004",OEDR,2026-04-28T01:00:00.000Z,26.2650,50.1520,29,14,30,10,,6+,29.65,,,,,,,,,,,,,,,,,,,VFR,,,,,,,,,,,,METAR,17
"METAR OEGN 280100Z 32004KT CAVOK 31/24 Q1007 NOSIG",OEGN,2026-04-28T01:00:00.000Z,16.9010,42.5860,31,24,320,4,,6+,29.73,,,,,,TRUE,,,,,,,,,,,,,VFR,,,,,,,,,,,,METAR,5
"METAR OEGS 280100Z 25007KT 5000 DU NSC 21/10 Q1007 NOSIG",OEGS,2026-04-28T01:00:00.000Z,26.3030,43.7740,21,10,250,7,,3.11,29.73,,,,,,TRUE,,,,DU,,,,,,,,,MVFR,,,,,,,,,,,,METAR,647
"METAR OEGT 280100Z 27004KT CAVOK 14/10 Q1011 NOSIG",OEGT,2026-04-28T01:00:00.000Z,31.4120,37.2790,14,10,270,4,,6+,29.85,,,,,,TRUE,,,,,,,,,,,,,VFR,,,,,,,,,,,,METAR,512
"METAR SKSJ 280100Z AUTO VRB01KT 9999 FEW046/// 26/25 Q1011",SKSJ,2026-04-28T01:00:00.000Z,2.5740,-72.6400,26,25,0,1,,6+,29.85,,,TRUE,,,,,,,,FEW,4600,,,,,,,VFR,,,,,,,,,,,,METAR,185
"METAR OEHL 280100Z 28014KT CAVOK 20/M09 Q1010 TEMPO 0800 DS",OEHL,2026-04-28T01:00:00.000Z,27.4380,41.6860,20,-9,280,14,,6+,29.82,,,,,,,,,,,,,,,,,,,VFR,,,,,,,,,,,,METAR,1002
"METAR OEJN 280100Z 33009KT 9999 FEW040 26/13 Q1007 NOSIG",OEJN,2026-04-28T01:00:00.000Z,21.6850,39.1660,26,13,330,9,,6+,29.73,,,,,,TRUE,,,,,FEW,4000,,,,,,,VFR,,,,,,,,,,,,METAR,8
"METAR OEKJ 280100Z 12012KT 9000 NSC 29/08 Q1008",OEKJ,2026-04-28T01:00:00.000Z,24.0700,47.5800,29,8,120,12,,5.59,29.76,,,,,,,,,,,,,,,,,,,VFR,,,,,,,,,,,,METAR,487
"METAR SBJP 280100Z 15004KT 3000 -RA BKN009 BKN070 25/25 Q1014",SBJP,2026-04-28T01:00:00.000Z,-7.1480,-34.9510,25,25,150,4,,1.86,29.94,,,,,,,,,,-RA,BKN,900,BKN,7000,,,,,IFR,,,,,,,,,,,,METAR,66
"METAR RJOH 280100Z 27005KT 230V300 9999 FEW040 BKN240 21/14 Q1011",RJOH,2026-04-28T01:00:00.000Z,35.4930,133.2390,21,14,270,5,,6+,29.85,,,,,,,,,,,FEW,4000,BKN,24000,,,,,VFR,,,,,,,,,,,,METAR,6
"METAR LBPG 280100Z 25004KT 9999 SKC 05/03 Q1020 RMK T00530034",LBPG,2026-04-28T01:00:00.000Z,42.2890,24.7140,5.3,3.4,250,4,,6+,30.12,,,,,,,,,,,,,,,,,,,VFR,,,,,,,,,,,,METAR,198
"METAR SBMA 280100Z 34003KT 9999 FEW020 BKN100 27/24 Q1013",SBMA,2026-04-28T01:00:00.000Z,-5.3680,-49.1370,27,24,340,3,,6+,29.91,,,,,,,,,,,FEW,2000,BKN,10000,,,,,VFR,,,,,,,,,,,,METAR,110
"METAR RJOO 280100Z VRB02KT 9999 FEW020 BKN030 21/14 Q1012",RJOO,2026-04-28T01:00:00.000Z,34.7840,135.4390,21,14,0,2,,6+,29.88,,,,,,,,,,,FEW,2000,BKN,3000,,,,,MVFR,,,,,,,,,,,,METAR,11
"METAR SKCC 280100Z VRB02KT 9000 SCT020 SCT080 26/23 Q1013",SKCC,2026-04-28T01:00:00.000Z,7.9300,-72.5090,26,23,0,2,,5.59,29.91,,,,,,,,,,,SCT,2000,SCT,8000,,,,,VFR,,,,,,,,,,,,METAR,308
"METAR ROMD 280100Z AUTO 13005KT 050V200 9999 NCD 23/16 Q1016",ROMD,2026-04-28T01:00:00.000Z,25.8470,131.2640,23,16,130,5,,6+,30.00,,,TRUE,,,,,,,,,,,,,,,,VFR,,,,,,,,,,,,METAR,45
"METAR SKSA 280100Z AUTO VRB01KT //// ////// 26/26 Q1011",SKSA,2026-04-28T01:00:00.000Z,6.9550,-71.8600,26,26,0,1,,,29.85,,,TRUE,,,,,,,,,,,,,,,,null,,,,,,,,,,,,METAR,207
"METAR SKLT 280100Z VRB02KT CAVOK 26/24 Q1009",SKLT,2026-04-28T01:00:00.000Z,-4.1960,-69.9430,26,24,0,2,,6+,29.79,,,,,,,,,,,,,,,,,,,VFR,,,,,,,,,,,,METAR,78
"METAR FQNP 280100Z 20004KT 9999 SCT020 22/21 Q1013",FQNP,2026-04-28T01:00:00.000Z,-15.1060,39.2820,22,21,200,4,,6+,29.91,,,,,,,,,,,SCT,2000,,,,,,,VFR,,,,,,,,,,,,METAR,434
"METAR ROMY 280100Z 14008KT 100V180 CAVOK 25/18 Q1015",ROMY,2026-04-28T01:00:00.000Z,24.7820,125.2950,25,18,140,8,,6+,29.97,,,,,,,,,,,,,,,,,,,VFR,,,,,,,,,,,,METAR,42
"METAR RORK 280100Z AUTO 13006KT 9999 NCD 23/17 Q1016",RORK,2026-04-28T01:00:00.000Z,25.9440,131.3260,23,17,130,6,,6+,30.00,,,TRUE,,,,,,,,,,,,,,,,VFR,,,,,,,,,,,,METAR,11
"METAR SKSP 280100Z AUTO 07004KT 030V120 CAVOK 28/22 Q1012",SKSP,2026-04-28T01:00:00.000Z,12.5870,-81.7040,28,22,70,4,,6+,29.88,,,TRUE,,,,,,,,,,,,,,,,VFR,,,,,,,,,,,,METAR,6
"METAR MYGF 280100Z AUTO 04012KT 9999 // FEW021/// 25/20 A3002",MYGF,2026-04-28T01:00:00.000Z,26.5550,-78.6980,25,20,40,12,,6+,30.02,,,TRUE,,,,,,,,FEW,2100,,,,,,,VFR,,,,,,,,,,,,METAR,2
"METAR RORS 280100Z 14009KT CAVOK 25/18 Q1015",RORS,2026-04-28T01:00:00.000Z,24.8270,125.1450,25,18,140,9,,6+,29.97,,,,,,,,,,,,,,,,,,,VFR,,,,,,,,,,,,METAR,13
"METAR OEKM 280100Z 00000KT 9999 FEW022 18/11 Q1022 NOSIG",OEKM,2026-04-28T01:00:00.000Z,18.3010,42.7980,18,11,0,0,,6+,30.18,,,,,,TRUE,,,,,FEW,2200,,,,,,,VFR,,,,,,,,,,,,METAR,2038
"METAR RORY 280100Z AUTO 27003KT 210V360 9999 NCD 23/17 Q1015",RORY,2026-04-28T01:00:00.000Z,27.0440,128.4000,23,17,270,3,,6+,29.97,,,TRUE,,,,,,,,,,,,,,,,VFR,,,,,,,,,,,,METAR,13
"METAR OEMN 280100Z 03009KT 9999 FEW040 28/13 Q1009",OEMN,2026-04-28T01:00:00.000Z,-99.9900,-99.9900,28,13,30,9,,6+,29.79,,,,,,,,,,,FEW,4000,,,,,,,VFR,,,,,,,,,,,,METAR,9999
"METAR OENG 280100Z 00000KT CAVOK 24/M04 Q1013 NOSIG",OENG,2026-04-28T01:00:00.000Z,17.6110,44.4190,24,-4,0,0,,6+,29.91,,,,,,TRUE,,,,,,,,,,,,,VFR,,,,,,,,,,,,METAR,1210
"METAR ROYN 280100Z AUTO 17008KT 130V200 9999 FEW027 26/20 Q1014",ROYN,2026-04-28T01:00:00.000Z,24.4670,122.9780,26,20,170,8,,6+,29.94,,,TRUE,,,,,,,,FEW,2700,,,,,,,VFR,,,,,,,,,,,,METAR,21
"METAR OEPA 280100Z 15020KT CAVOK 22/18 Q1005 NOSIG",OEPA,2026-04-28T01:00:00.000Z,28.3350,46.1250,22,18,150,20,,6+,29.68,,,,,,TRUE,,,,,,,,,,,,,VFR,,,,,,,,,,,,METAR,361
"METAR OERF 280100Z 08013KT 6000 NSC 21/13 Q1005 NOSIG",OERF,2026-04-28T01:00:00.000Z,29.6260,43.4910,21,13,80,13,,3.73,29.68,,,,,,TRUE,,,,,,,,,,,,,MVFR,,,,,,,,,,,,METAR,441
"METAR RORT 280100Z AUTO 15007KT 090V180 9999 NCD 26/19 Q1015",RORT,2026-04-28T01:00:00.000Z,24.6530,124.6740,26,19,150,7,,6+,29.97,,,TRUE,,,,,,,,,,,,,,,,VFR,,,,,,,,,,,,METAR,9
"METAR OERR 280100Z 01020KT 9999 SCT030 17/09 Q1010 NOSIG",OERR,2026-04-28T01:00:00.000Z,30.9070,41.1380,17,9,10,20,,6+,29.82,,,,,,TRUE,,,,,SCT,3000,,,,,,,VFR,,,,,,,,,,,,METAR,554
"METAR OERS 280100Z 00000KT CAVOK 21/12 Q1009 NOSIG",OERS,2026-04-28T01:00:00.000Z,-99.9900,-99.9900,21,12,0,0,,6+,29.79,,,,,,TRUE,,,,,,,,,,,,,VFR,,,,,,,,,,,,METAR,9999
"METAR OESK 280100Z 01010KT CAVOK 17/10 Q1013 NOSIG",OESK,2026-04-28T01:00:00.000Z,29.7850,40.1000,17,10,10,10,,6+,29.91,,,,,,TRUE,,,,,,,,,,,,,VFR,,,,,,,,,,,,METAR,671
"METAR OETB 280100Z 33007KT CAVOK 16/06 Q1012 NOSIG",OETB,2026-04-28T01:00:00.000Z,28.3660,36.6190,16,6,330,7,,6+,29.88,,,,,,TRUE,,,,,,,,,,,,,VFR,,,,,,,,,,,,METAR,770
"METAR RJFT 280100Z 23008KT 190V270 9999 FEW020 SCT025 BKN/// 20/14 Q1015",RJFT,2026-04-28T01:00:00.000Z,32.8370,130.8550,20,14,230,8,,6+,29.97,,,,,,,,,,,FEW,2000,SCT,2500,,,,,VFR,,,,,,,,,,,,METAR,188
"METAR RJOT 280100Z 35004KT 300V050 9999 FEW025 SCT/// 20/13 Q1012",RJOT,2026-04-28T01:00:00.000Z,34.2140,134.0160,20,13,350,4,,6+,29.88,,,,,,,,,,,FEW,2500,,,,,,,VFR,,,,,,,,,,,,METAR,181
"METAR SBPS 280100Z 06006KT 9999 FEW020 26/23 Q1015",SBPS,2026-04-28T01:00:00.000Z,-16.4390,-39.0810,26,23,60,6,,6+,29.97,,,,,,,,,,,FEW,2000,,,,,,,VFR,,,,,,,,,,,,METAR,44
"METAR NFNM 280100Z 10010KT 9999 SCT018 30/26 Q1011",NFNM,2026-04-28T01:00:00.000Z,-16.6910,-179.8770,30,26,100,10,,6+,29.85,,,,,,,,,,,SCT,1800,,,,,,,VFR,,,,,,,,,,,,METAR,21
"METAR FKYS 280100Z 26004KT 8000 SCT006 23/20 Q1013 NOSIG",FKYS,2026-04-28T01:00:00.000Z,3.8330,11.5210,23,20,260,4,,4.97,29.91,,,,,,TRUE,,,,,SCT,600,,,,,,,MVFR,,,,,,,,,,,,METAR,694
"METAR FKKD 280100Z VRB02KT 9999 BKN013 FEW016CB 27/26 Q1010 NOSIG",FKKD,2026-04-28T01:00:00.000Z,4.0060,9.7200,27,26,0,2,,6+,29.82,,,,,,TRUE,,,,,BKN,1300,FEW,1600,,,,,MVFR,,,,,,,,,,,,METAR,10
"METAR FEFF 280100Z VRB03KT 8000 TS FEW010 FEW033CB 25/23 Q1012 NOSIG",FEFF,2026-04-28T01:00:00.000Z,4.3990,18.5190,25,23,0,3,,4.97,29.88,,,,,,TRUE,,,,TS,FEW,1000,FEW,3300,,,,,MVFR,,,,,,,,,,,,METAR,364
"METAR SADM 280100Z 27004KT CAVOK 10/03 Q1017",SADM,2026-04-28T01:00:00.000Z,-34.6760,-58.6430,10,3,270,4,,6+,30.03,,,,,,,,,,,,,,,,,,,VFR,,,,,,,,,,,,METAR,18
"METAR SKQU 280100Z AUTO 00000KT //// SCT061CB 25/23 Q1011",SKQU,2026-04-28T01:00:00.000Z,5.2130,-74.8840,25,23,0,0,,,29.85,,,TRUE,,,,,,,,SCT,6100,,,,,,,null,,,,,,,,,,,,METAR,467
"METAR SKPV 280100Z AUTO VRB03KT CAVOK 28/23 Q1012",SKPV,2026-04-28T01:00:00.000Z,13.3580,-81.3580,28,23,0,3,,6+,29.88,,,TRUE,,,,,,,,,,,,,,,,VFR,,,,,,,,,,,,METAR,7
"METAR NFNS 280100Z 16007KT 9999 FEW020 30/25 Q1012",NFNS,2026-04-28T01:00:00.000Z,-16.8030,179.3410,30,25,160,7,,6+,29.88,,,,,,,,,,,FEW,2000,,,,,,,VFR,,,,,,,,,,,,METAR,4
"METAR CYMM 280100Z AUTO 08004KT 9SM CLR 04/M06 A3000 RMK SLP183",CYMM,2026-04-28T01:00:00.000Z,56.6500,-111.2210,4,-6,80,4,,9,30.00,1018.3,,TRUE,,,,,,,,,,,,,,,,VFR,,,,,,,,,,,,METAR,371
"METAR SKPS 280100Z AUTO VRB02KT 9999 SCT007/// BKN008/// OVC012/// 18/17 Q1021",SKPS,2026-04-28T01:00:00.000Z,1.3940,-77.2910,18,17,0,2,,6+,30.15,,,TRUE,,,,,,,,SCT,700,BKN,800,OVC,1200,,,IFR,,,,,,,,,,,,METAR,1798
"METAR SAZB 280100Z 35010KT CAVOK 08/M01 Q1013",SAZB,2026-04-28T01:00:00.000Z,-38.7250,-62.1690,8,-1,350,10,,6+,29.91,,,,,,,,,,,,,,,,,,,VFR,,,,,,,,,,,,METAR,77
"METAR CZVL 280100Z AUTO 13009KT 100V170 9SM CLR 07/M04 A2992 RMK SLP163",CZVL,2026-04-28T01:00:00.000Z,53.6700,-113.8630,7,-4,130,9,,9,29.92,1016.3,,TRUE,,,,,,,,,,,,,,,,VFR,,,,,,,,,,,,METAR,685
"METAR FLKK 280100Z VRB03KT CAVOK 16/14 Q1018",FLKK,2026-04-28T01:00:00.000Z,-15.3290,28.4480,16,14,0,3,,6+,30.06,,,,,,,,,,,,,,,,,,,VFR,,,,,,,,,,,,METAR,1149
"METAR LBIA 280100Z 00000KT 9999 SKC 03/01 Q1020 RMK T00270003",LBIA,2026-04-28T01:00:00.000Z,42.4560,26.3520,2.7,0.3,0,0,,6+,30.12,,,,,,,,,,,,,,,,,,,VFR,,,,,,,,,,,,METAR,155
"METAR LBPL 280100Z 20002KT 9999 SKC 06/03 Q1019 RMK T00640031",LBPL,2026-04-28T01:00:00.000Z,43.4530,24.5040,6.4,3.1,200,2,,6+,30.09,,,,,,,,,,,,,,,,,,,VFR,,,,,,,,,,,,METAR,93
"METAR CBBC 280100Z AUTO 19005KT 150V280 9SM FEW022 BKN041 BKN048 11/06 A3005 RMK SLP180",CBBC,2026-04-28T01:00:00.000Z,52.1810,-128.1540,11,6,190,5,,9,30.05,1018,,TRUE,,,,,,,,FEW,2200,BKN,4100,BKN,4800,,,VFR,,,,,,,,,,,,METAR,36
"METAR CYDL 280100Z AUTO 24009G15KT 210V280 9SM CLR 10/M09 A2987 RMK SLP136",CYDL,2026-04-28T01:00:00.000Z,58.4260,-130.0250,10,-9,240,9,15,9,29.87,1013.6,,TRUE,,,,,,,,,,,,,,,,VFR,,,,,,,,,,,,METAR,804
"METAR CYIN 280100Z AUTO 02008KT 320V030 9SM CLR 15/M06 A2983 RMK SLP120 DENSITY ALT 4700FT",CYIN,2026-04-28T01:00:00.000Z,51.2650,-121.6810,15,-6,20,8,,9,29.83,1012,,TRUE,,,,,,,,,,,,,,,,VFR,,,,,,,,,,,,METAR,1127
"METAR SKPP 280100Z 26003KT 9999 SCT040 18/17 Q1020",SKPP,2026-04-28T01:00:00.000Z,2.4530,-76.6090,18,17,260,3,,6+,30.12,,,,,,,,,,,SCT,4000,,,,,,,VFR,,,,,,,,,,,,METAR,1726
"METAR CYYF 280100Z 17008KT 15SM FEW080 BKN110 18/01 A2980 RMK CU2AC3 SLP100 DENSITY ALT 1900FT",CYYF,2026-04-28T01:00:00.000Z,49.4600,-119.6060,18,1,170,8,,15,29.80,1010,,,,,,,,,,FEW,8000,BKN,11000,,,,,VFR,,,,,,,,,,,,METAR,342
"METAR CZMT 280100Z 30015G26KT 15SM SCT018 BKN020 08/04 A3012 RMK CU4SC2 LAST SHFT OBS/NXT 281400 SLP202",CZMT,2026-04-28T01:00:00.000Z,54.0230,-132.1200,8,4,300,15,26,15,30.12,1020.2,,,,,,,,,,SCT,1800,BKN,2000,,,,,MVFR,,,,,,,,,,,,METAR,11
"METAR SAWH 280100Z 34004KT 9999 BKN032 05/02 Q0995",SAWH,2026-04-28T01:00:00.000Z,-54.8440,-68.3080,5,2,340,4,,6+,29.38,,,,,,,,,,,BKN,3200,,,,,,,VFR,,,,,,,,,,,,METAR,22
"METAR CYAT 280100Z AUTO 05007KT 9SM SCT170 03/02 A2997 RMK SLP150",CYAT,2026-04-28T01:00:00.000Z,52.9270,-82.4320,3,2,50,7,,9,29.97,1015,,TRUE,,,,,,,,SCT,17000,,,,,,,VFR,,,,,,,,,,,,METAR,4
"METAR CYBC 280100Z AUTO 06005KT 9SM CLR 06/02 A3025 RMK SLP245",CYBC,2026-04-28T01:00:00.000Z,49.1350,-68.2020,6,2,60,5,,9,30.25,1024.5,,TRUE,,,,,,,,,,,,,,,,VFR,,,,,,,,,,,,METAR,20
"METAR CYCK 280100Z AUTO 13017G22KT 9SM FEW170 15/06 A2983 RMK PRESFR SLP104 DENSITY ALT 900FT",CYCK,2026-04-28T01:00:00.000Z,42.3070,-82.0850,15,6,130,17,22,9,29.83,1010.4,,TRUE,,,,,,,,FEW,17000,,,,,,,VFR,,,,,,,,,,,,METAR,196
"METAR CYER 280100Z AUTO 20003KT 9SM OVC076 04/M06 A2998 RMK SLP156",CYER,2026-04-28T01:00:00.000Z,56.0190,-87.6750,4,-6,200,3,,9,29.98,1015.6,,TRUE,,,,,,,,OVC,7600,,,,,,,VFR,,,,,,,,,,,,METAR,11
"METAR CYRQ 280100Z AUTO 00000KT 9SM CLR 12/05 A3017 RMK SLP219",CYRQ,2026-04-28T01:00:00.000Z,46.3580,-72.6800,12,5,0,0,,9,30.17,1021.9,,TRUE,,,,,,,,,,,,,,,,VFR,,,,,,,,,,,,METAR,58
"METAR SAWE 280100Z 30013KT CAVOK 04/01 Q0999",SAWE,2026-04-28T01:00:00.000Z,-53.7810,-67.7540,4,1,300,13,,6+,29.50,,,,,,,,,,,,,,,,,,,VFR,,,,,,,,,,,,METAR,22
"METAR MHTE 280100Z VRB02KT 7000 FEW023 29/23 Q1011 A2985",MHTE,2026-04-28T01:00:00.000Z,15.7760,-87.4730,29,23,0,2,,4.35,29.85,,,,,,,,,,,FEW,2300,,,,,,,MVFR,,,,,,,,,,,,METAR,7
"METAR SAWC 280100Z 24011KT CAVOK 09/M02 Q1005",SAWC,2026-04-28T01:00:00.000Z,-50.2840,-72.0520,9,-2,240,11,,6+,29.68,,,,,,,,,,,,,,,,,,,VFR,,,,,,,,,,,,METAR,204
"METAR CYQI 280100Z 11010KT 9SM SCT250 06/01 A3030 RMK CI3 SLP264",CYQI,2026-04-28T01:00:00.000Z,43.8310,-66.0880,6,1,110,10,,9,30.30,1026.4,,,,,,,,,,SCT,25000,,,,,,,VFR,,,,,,,,,,,,METAR,37
"METAR CYDB 280100Z AUTO 13009G17KT 090V160 9SM CLR 11/M04 A2983 RMK SLP138 DENSITY ALT 2900FT",CYDB,2026-04-28T01:00:00.000Z,61.3700,-139.0320,11,-4,130,9,17,9,29.83,1013.8,,TRUE,,,,,,,,,,,,,,,,VFR,,,,,,,,,,,,METAR,807
"METAR CYDC 280100Z 28011G18KT 260V340 25SM FEW072 FEW100 SCT120 15/M02 A2985 RMK AC1AC2AC1 AC TR LAST STFD OBS/NEXT 28 1300Z/LENT SLP120 DENSITY ALT 2900FT",CYDC,2026-04-28T01:00:00.000Z,49.4680,-120.5140,15,-2,280,11,18,25,29.85,1012,,,,,,,,,,FEW,7200,FEW,10000,SCT,12000,,,VFR,,,,,,,,,,,,METAR,703
"METAR SARE 280100Z 12001KT CAVOK 12/09 Q1018",SARE,2026-04-28T01:00:00.000Z,-27.4500,-59.0560,12,9,120,1,,6+,30.06,,,,,,,,,,,,,,,,,,,VFR,,,,,,,,,,,,METAR,52
"METAR NFFN 280100Z 31005KT 9999 FEW030 BKN300 31/24 Q1011 NOSIG",NFFN,2026-04-28T01:00:00.000Z,-17.7550,177.4430,31,24,310,5,,6+,29.85,,,,,,TRUE,,,,,FEW,3000,BKN,30000,,,,,VFR,,,,,,,,,,,,METAR,14
"METAR SAOU 280100Z 03005KT 9999 BKN035 12/02 Q1016",SAOU,2026-04-28T01:00:00.000Z,-33.2730,-66.3560,12,2,30,5,,6+,30.00,,,,,,,,,,,BKN,3500,,,,,,,VFR,,,,,,,,,,,,METAR,704
"METAR MGPB 280100Z 09004KT 8000 SCT018 29/26 Q1009 A2980 RMK HZ",MGPB,2026-04-28T01:00:00.000Z,15.7370,-88.5890,29,26,90,4,,4.97,29.79,,,,,,,,,,,SCT,1800,,,,,,,MVFR,,,,,,,,,,,,METAR,6
"METAR SBCT 280100Z 11004KT CAVOK 16/12 Q1019",SBCT,2026-04-28T01:00:00.000Z,-25.5290,-49.1760,16,12,110,4,,6+,30.09,,,,,,,,,,,,,,,,,,,VFR,,,,,,,,,,,,METAR,914
"METAR MWCR 280100Z 07004KT 9999 FEW018 SCT028 28/22 Q1014",MWCR,2026-04-28T01:00:00.000Z,19.2940,-81.3570,28,22,70,4,,6+,29.94,,,,,,,,,,,FEW,1800,SCT,2800,,,,,VFR,,,,,,,,,,,,METAR,4
"METAR MRLB 280100Z 15005KT CAVOK 27/23 A2983",MRLB,2026-04-28T01:00:00.000Z,10.5890,-85.5520,27,23,150,5,,6+,29.83,,,,,,,,,,,,,,,,,,,VFR,,,,,,,,,,,,METAR,79
"METAR SBFI 280100Z 21005KT CAVOK 14/10 Q1017",SBFI,2026-04-28T01:00:00.000Z,-25.5950,-54.4880,14,10,210,5,,6+,30.03,,,,,,,,,,,,,,,,,,,VFR,,,,,,,,,,,,METAR,233
"METAR SBFL 280100Z 16006KT 100V190 CAVOK 21/08 Q1017",SBFL,2026-04-28T01:00:00.000Z,-27.6710,-48.5470,21,8,160,6,,6+,30.03,,,,,,,,,,,,,,,,,,,VFR,,,,,,,,,,,,METAR,5
"METAR GQPP 280100Z 35011KT 7000 NSC 18/15 Q1015 NOSIG",GQPP,2026-04-28T01:00:00.000Z,20.9290,-17.0310,18,15,350,11,,4.35,29.97,,,,,,TRUE,,,,,,,,,,,,,MVFR,,,,,,,,,,,,METAR,5
"METAR SBGR 280100Z 15002KT 9999 FEW005 BKN009 BKN015 21/20 Q1019 RERA",SBGR,2026-04-28T01:00:00.000Z,-23.4320,-46.4690,21,20,150,2,,6+,30.09,,,,,,,,,,,FEW,500,BKN,900,BKN,1500,,,IFR,,,,,,,,,,,,METAR,745
"METAR SYCJ 280100Z 05006KT 9999 FEW018 26/24 Q1013 NOSIG",SYCJ,2026-04-28T01:00:00.000Z,6.4990,-58.2540,26,24,50,6,,6+,29.91,,,,,,TRUE,,,,,FEW,1800,,,,,,,VFR,,,,,,,,,,,,METAR,30
"METAR MYSM 280100Z AUTO 04004KT CAVOK 24/21 A3002",MYSM,2026-04-28T01:00:00.000Z,24.0640,-74.5290,24,21,40,4,,6+,30.02,,,TRUE,,,,,,,,,,,,,,,,VFR,,,,,,,,,,,,METAR,5
"METAR MYNN 280100Z VRB01KT 9999 FEW020 25/21 A3002",MYNN,2026-04-28T01:00:00.000Z,25.0400,-77.4670,25,21,0,1,,6+,30.02,,,,,,,,,,,FEW,2000,,,,,,,VFR,,,,,,,,,,,,METAR,5
"METAR SAOR 280100Z 00000KT CAVOK 10/03 Q1016",SAOR,2026-04-28T01:00:00.000Z,-33.7300,-65.3870,10,3,0,0,,6+,30.00,,,,,,,,,,,,,,,,,,,VFR,,,,,,,,,,,,METAR,489
"METAR SULS 280100Z 34009KT 9999 SCT033 12/10 Q1015",SULS,2026-04-28T01:00:00.000Z,-34.8550,-55.0940,12,10,340,9,,6+,29.97,,,,,,,,,,,SCT,3300,,,,,,,VFR,,,,,,,,,,,,METAR,22
"METAR SARC 280100Z 16004KT CAVOK 12/09 Q1019",SARC,2026-04-28T01:00:00.000Z,-27.4450,-58.7620,12,9,160,4,,6+,30.09,,,,,,,,,,,,,,,,,,,VFR,,,,,,,,,,,,METAR,60
"METAR OYAA 280100Z 07009KT 8000 FEW018 29/23 Q1007 NOSIG",OYAA,2026-04-28T01:00:00.000Z,12.8290,45.0290,29,23,70,9,,4.97,29.73,,,,,,TRUE,,,,,FEW,1800,,,,,,,MVFR,,,,,,,,,,,,METAR,3
"METAR SAEZ 280100Z 29003KT CAVOK 07/04 Q1016 NOSIG RMK PP000",SAEZ,2026-04-28T01:00:00.000Z,-34.8220,-58.5360,7,4,290,3,,6+,30.00,,,,,,TRUE,,,,,,,,,,,,,VFR,,,,,,,,,,,,METAR,16
"METAR SAZS 280100Z 29018KT 9999 SCT030 09/05 Q1014 RMK PP///",SAZS,2026-04-28T01:00:00.000Z,-41.1510,-71.1570,9,5,290,18,,6+,29.94,,,,,,,,,,,SCT,3000,,,,,,,VFR,,,,,,,,,,,,METAR,843
"METAR HAAB 280100Z 30003KT 9999 BKN023 17/09 Q1024 NOSIG",HAAB,2026-04-28T01:00:00.000Z,8.9780,38.7990,17,9,300,3,,6+,30.24,,,,,,TRUE,,,,,BKN,2300,,,,,,,MVFR,,,,,,,,,,,,METAR,2319
"METAR CYGW 280100Z AUTO 00000KT 9SM FEW110 02/00 A3009 RMK SLP191",CYGW,2026-04-28T01:00:00.000Z,55.2830,-77.7600,2,0,0,0,,9,30.09,1019.1,,TRUE,,,,,,,,FEW,11000,,,,,,,VFR,,,,,,,,,,,,METAR,13
"METAR SANU 280100Z 00000KT CAVOK 11/M01 Q1014",SANU,2026-04-28T01:00:00.000Z,-31.5720,-68.4180,11,-1,0,0,,6+,29.94,,,,,,,,,,,,,,,,,,,VFR,,,,,,,,,,,,METAR,596
"METAR SBLO 280100Z 16003KT 4500 BR SCT003 BKN015 20/20 Q1015",SBLO,2026-04-28T01:00:00.000Z,-23.3340,-51.1300,20,20,160,3,,2.8,29.97,,,,,,,,,,BR,SCT,300,BKN,1500,,,,,IFR,,,,,,,,,,,,METAR,563
"METAR SABE 280100Z 24003KT 180V300 CAVOK 13/02 Q1017 NOSIG",SABE,2026-04-28T01:00:00.000Z,-34.5590,-58.4160,13,2,240,3,,6+,30.03,,,,,,TRUE,,,,,,,,,,,,,VFR,,,,,,,,,,,,METAR,3
"METAR MPTO 280100Z 04005KT 9999 FEW018CB 27/22 Q1010 NOSIG",MPTO,2026-04-28T01:00:00.000Z,9.0560,-79.3910,27,22,40,5,,6+,29.82,,,,,,TRUE,,,,,FEW,1800,,,,,,,VFR,,,,,,,,,,,,METAR,7
"METAR SAAV 280100Z 00000KT CAVOK 08/06 Q1018",SAAV,2026-04-28T01:00:00.000Z,-31.7120,-60.8120,8,6,0,0,,6+,30.06,,,,,,,,,,,,,,,,,,,VFR,,,,,,,,,,,,METAR,19
"METAR MPMG 280100Z 32006KT 9999 FEW018 28/22 Q1010 NOSIG",MPMG,2026-04-28T01:00:00.000Z,8.9670,-79.5550,28,22,320,6,,6+,29.82,,,,,,TRUE,,,,,FEW,1800,,,,,,,VFR,,,,,,,,,,,,METAR,6
"METAR SAAP 280100Z 00000KT CAVOK 10/04 Q1018",SAAP,2026-04-28T01:00:00.000Z,-31.7900,-60.4830,10,4,0,0,,6+,30.06,,,,,,,,,,,,,,,,,,,VFR,,,,,,,,,,,,METAR,77
"METAR CYGP 280100Z 00000KT 15SM BKN230 06/M05 A3031 RMK CI5 SLP267",CYGP,2026-04-28T01:00:00.000Z,48.7770,-64.4780,6,-5,0,0,,15,30.31,1026.7,,,,,,,,,,BKN,23000,,,,,,,VFR,,,,,,,,,,,,METAR,31
"METAR CYGR 280100Z 12006KT 15SM SCT270 02/M00 A3035 RMK CI3 SLP281",CYGR,2026-04-28T01:00:00.000Z,47.4250,-61.7750,2,0,120,6,,15,30.35,1028.1,,,,,,,,,,SCT,27000,,,,,,,VFR,,,,,,,,,,,,METAR,4
"METAR SAZY 280100Z 26013KT 9999 SCT030 SCT100 09/06 Q1014",SAZY,2026-04-28T01:00:00.000Z,-40.0750,-71.1370,9,6,260,13,,6+,29.94,,,,,,,,,,,SCT,3000,SCT,10000,,,,,VFR,,,,,,,,,,,,METAR,783
"METAR CWWS 280100Z AUTO 32013KT M02/M04 RMK AO1 SOG 35 8003 SLP182 T10161040",CWWS,2026-04-28T01:00:00.000Z,52.8190,-97.6160,-1.6,-4,320,13,,,,1018.2,,TRUE,TRUE,,,,,,,,,,,,,,,null,,,,,,,,,,,,METAR,220
"METAR CWME 280100Z AUTO 24017KT 11/06 RMK AO1 PK WND 25020/0041 SLP178 T01120057 53011",CWME,2026-04-28T01:00:00.000Z,52.1870,-127.4710,11.2,5.7,240,17,,,,1017.8,,TRUE,TRUE,,,,,,,,,,,,,,,null,0.11,,,,,,,,,,,METAR,23
"METAR MPPA 280100Z 34008KT 290V010 9999 SCT018 SCT090 28/22 Q1010",MPPA,2026-04-28T01:00:00.000Z,8.9090,-79.5970,28,22,340,8,,6+,29.82,,,,,,,,,,,SCT,1800,SCT,9000,,,,,VFR,,,,,,,,,,,,METAR,1
"METAR TLPL 280100Z 10016KT 9999 FEW025 27/23 Q1016 NOSIG",TLPL,2026-04-28T01:00:00.000Z,13.7430,-60.9480,27,23,100,16,,6+,30.00,,,,,,TRUE,,,,,FEW,2500,,,,,,,VFR,,,,,,,,,,,,METAR,13
"METAR FALW 280100Z AUTO 21002KT //// // ////// 09/08 Q1024",FALW,2026-04-28T01:00:00.000Z,-32.9720,18.1580,9,8,210,2,,,30.24,,,TRUE,,,,,,,,,,,,,,,,null,,,,,,,,,,,,METAR,31
"METAR HKGO 280100Z AUTO 09007KT 16/16 Q1023 A30.20",HKGO,2026-04-28T01:00:00.000Z,-99.9990,-99.9990,16,16,90,7,,,30.21,,,TRUE,,,,,,,,,,,,,,,,null,,,,,,,,,,,,METAR,9999
"METAR HKLO 280100Z 04005KT 9999 TSRA FEW024CB BKN080 24/22 Q1009",HKLO,2026-04-28T01:00:00.000Z,3.1220,35.6090,24,22,40,5,,6+,29.79,,,,,,,,,,TSRA,FEW,2400,BKN,8000,,,,,VFR,,,,,,,,,,,,METAR,503
"METAR CYVP 280100Z 02004KT 15SM FEW062 BKN088 OVC240 M02/M04 A3012 RMK SC1AS6CI1 SLP206",CYVP,2026-04-28T01:00:00.000Z,58.1000,-68.4150,-2,-4,20,4,,15,30.12,1020.6,,,,,,,,,,FEW,6200,BKN,8800,OVC,24000,,,VFR,,,,,,,,,,,,METAR,28
"METAR CYVV 280100Z 13014G20KT 15SM FEW150 BKN220 OVC250 17/04 A2988 RMK AC1CS5CS2 SLP122 DENSITY ALT 1200FT",CYVV,2026-04-28T01:00:00.000Z,44.7450,-81.1070,17,4,130,14,20,15,29.88,1012.2,,,,,,,,,,FEW,15000,BKN,22000,OVC,25000,,,VFR,,,,,,,,,,,,METAR,221
"METAR NCRG 280100Z 10006KT 9999 SCT022 BKN090 28/20 Q1012",NCRG,2026-04-28T01:00:00.000Z,-21.2030,-159.8060,28,20,100,6,,6+,29.88,,,,,,,,,,,SCT,2200,BKN,9000,,,,,VFR,,,,,,,,,,,,METAR,7
"METAR NCAI 280100Z 01007KT //// ////// 30/24 Q1010",NCAI,2026-04-28T01:00:00.000Z,-18.8290,-159.7660,30,24,10,7,,,29.82,,,,,,,,,,,,,,,,,,,null,,,,,,,,,,,,METAR,7
"METAR NCAT 280100Z 08002KT //// ////// 28/23 Q1010",NCAT,2026-04-28T01:00:00.000Z,-19.9680,-158.1190,28,23,80,2,,,29.82,,,,,,,,,,,,,,,,,,,null,,,,,,,,,,,,METAR,11
"METAR NCMG 280100Z 12007KT //// ////// 25/22 Q1012",NCMG,2026-04-28T01:00:00.000Z,-21.8960,-157.9070,25,22,120,7,,,29.88,,,,,,,,,,,,,,,,,,,null,,,,,,,,,,,,METAR,14
"METAR NCMH 280100Z 11004KT //// ////// 30/26 Q1008",NCMH,2026-04-28T01:00:00.000Z,-10.3740,-161.0040,30,26,110,4,,,29.76,,,,,,,,,,,,,,,,,,,null,,,,,,,,,,,,METAR,1
"METAR NCMK 280100Z 10004KT //// ////// 28/23 Q1012",NCMK,2026-04-28T01:00:00.000Z,-20.1370,-157.3440,28,23,100,4,,,29.88,,,,,,,,,,,,,,,,,,,null,,,,,,,,,,,,METAR,13
"METAR NCMR 280100Z 07005KT //// ////// 29/23 Q1011",NCMR,2026-04-28T01:00:00.000Z,-19.8420,-157.7030,29,23,70,5,,,29.85,,,,,,,,,,,,,,,,,,,null,,,,,,,,,,,,METAR,8
"METAR NCNS 280100Z 06003KT //// ////// 32/26 Q1008",NCNS,2026-04-28T01:00:00.000Z,-99.9900,-99.9900,32,26,60,3,,,29.76,,,,,,,,,,,,,,,,,,,null,,,,,,,,,,,,METAR,9999
"METAR NCPL 280100Z 09005KT //// ////// 31/21 Q1010",NCPL,2026-04-28T01:00:00.000Z,,,31,21,90,5,,,29.82,,,,,,,,,,,,,,,,,,,null,,,,,,,,,,,,METAR,null
"METAR NCPY 280100Z 06011KT //// ////// 30/25 Q1008",NCPY,2026-04-28T01:00:00.000Z,-9.0100,-158.0340,30,25,60,11,,,29.76,,,,,,,,,,,,,,,,,,,null,,,,,,,,,,,,METAR,2
"METAR NCPK 280100Z 08001KT //// ////// 31/25 Q1010",NCPK,2026-04-28T01:00:00.000Z,-10.9150,-165.8390,31,25,80,1,,,29.82,,,,,,,,,,,,,,,,,,,null,,,,,,,,,,,,METAR,5
"METAR NCRK 280100Z 13002KT //// ////// 31/26 Q1008",NCRK,2026-04-28T01:00:00.000Z,-10.0320,-161.1010,31,26,130,2,,,29.76,,,,,,,,,,,,,,,,,,,null,,,,,,,,,,,,METAR,7
"METAR WSAP 280100Z 02003KT 9000 FEW018 BKN300 30/26 Q1010",WSAP,2026-04-28T01:00:00.000Z,1.3600,103.9090,30,26,20,3,,5.59,29.82,,,,,,,,,,,FEW,1800,BKN,30000,,,,,VFR,,,,,,,,,,,,METAR,20
"METAR SBPL 280100Z 14004KT CAVOK 27/18 Q1015",SBPL,2026-04-28T01:00:00.000Z,-9.3670,-40.5650,27,18,140,4,,6+,29.97,,,,,,,,,,,,,,,,,,,VFR,,,,,,,,,,,,METAR,386
"METAR SBGO 280100Z 02004KT CAVOK 24/19 Q1017",SBGO,2026-04-28T01:00:00.000Z,-16.6320,-49.2210,24,19,20,4,,6+,30.03,,,,,,,,,,,,,,,,,,,VFR,,,,,,,,,,,,METAR,740
"METAR KPRN 280100Z AUTO 15004KT 10SM CLR 25/17 A3002 RMK AO2 SLP113 T02500167",KPRN,2026-04-28T01:00:00.000Z,31.8467,-86.6141,25,16.7,150,4,,10+,30.02,1011.3,,TRUE,TRUE,,,,,,,,,,,,,,,VFR,,,,,,,,,,,,METAR,137
"METAR CYQX 280100Z 12003KT 15SM FEW025 SCT230 M03/M06 A3038 RMK SC2CC2 SLP300",CYQX,2026-04-28T01:00:00.000Z,48.9460,-54.5760,-3,-6,120,3,,15,30.38,1030,,,,,,,,,,FEW,2500,SCT,23000,,,,,VFR,,,,,,,,,,,,METAR,144
"METAR SBTE 280100Z 35004KT 9999 FEW015 FEW025TCU 26/25 Q1013",SBTE,2026-04-28T01:00:00.000Z,-5.0600,-42.8240,26,25,350,4,,6+,29.91,,,,,,,,,,,FEW,1500,FEW,2500,,,,,VFR,,,,,,,,,,,,METAR,60
"METAR CWZZ 280100Z AUTO 19009KT ////SM ////// M09/M09 A3000 RMK VIS MISG CLD MISG T10851092 SLP215",CWZZ,2026-04-28T01:00:00.000Z,58.4790,-62.6600,-8.5,-9.2,190,9,,,30.00,1021.5,,TRUE,,,,,,,,,,,,,,,,null,,,,,,,,,,,,METAR,50
"METAR VEGY 280100Z 08007KT 3000 BR FEW020 SCT100 24/21 Q1003",VEGY,2026-04-28T01:00:00.000Z,24.7440,84.9510,24,21,80,7,,1.86,29.62,,,,,,,,,,BR,FEW,2000,SCT,10000,,,,,IFR,,,,,,,,,,,,METAR,115
"METAR CYCA 280100Z AUTO 19011G16KT 9SM CLR 01/M05 A3021 RMK SLP232",CYCA,2026-04-28T01:00:00.000Z,53.6830,-57.0420,1,-5,190,11,16,9,30.21,1023.2,,TRUE,,,,,,,,,,,,,,,,VFR,,,,,,,,,,,,METAR,12
"METAR VEJS 280100Z 12003KT 3000 BR SCT100 28/24 Q1003",VEJS,2026-04-28T01:00:00.000Z,22.8130,86.1690,28,24,120,3,,1.86,29.62,,,,,,,,,,BR,SCT,10000,,,,,,,IFR,,,,,,,,,,,,METAR,151
"METAR HEMM 280100Z 27008KT CAVOK 15/12 Q1016 NOSIG",HEMM,2026-04-28T01:00:00.000Z,31.3250,27.2220,15,12,270,8,,6+,30.00,,,,,,TRUE,,,,,,,,,,,,,VFR,,,,,,,,,,,,METAR,26
"METAR HEAX 280100Z 31005KT 9999 FEW020 17/15 Q1014 NOSIG",HEAX,2026-04-28T01:00:00.000Z,30.9180,29.6960,17,15,310,5,,6+,29.94,,,,,,TRUE,,,,,FEW,2000,,,,,,,VFR,,,,,,,,,,,,METAR,41
"METAR HELX 280100Z 31003KT CAVOK 20/09 Q1011 NOSIG",HELX,2026-04-28T01:00:00.000Z,25.6710,32.7060,20,9,310,3,,6+,29.85,,,,,,TRUE,,,,,,,,,,,,,VFR,,,,,,,,,,,,METAR,86
"METAR HESN 280100Z 31008KT CAVOK 20/06 Q1012 NOSIG",HESN,2026-04-28T01:00:00.000Z,23.9640,32.8200,20,6,310,8,,6+,29.88,,,,,,TRUE,,,,,,,,,,,,,VFR,,,,,,,,,,,,METAR,197
"METAR HEAR 280100Z 00000KT CAVOK 15/13 Q1013 NOSIG",HEAR,2026-04-28T01:00:00.000Z,31.0410,33.8170,15,13,0,0,,6+,29.91,,,,,,TRUE,,,,,,,,,,,,,VFR,,,,,,,,,,,,METAR,36
"METAR DTTB 280100Z 10008KT 6000 SCT020 16/16 Q1015",DTTB,2026-04-28T01:00:00.000Z,37.2450,9.7910,16,16,100,8,,3.73,29.97,,,,,,,,,,,SCT,2000,,,,,,,MVFR,,,,,,,,,,,,METAR,4
"METAR DTTD 280100Z AUTO VRB02KT NCD 18/13 Q1011",DTTD,2026-04-28T01:00:00.000Z,32.3120,10.3860,18,13,0,2,,,29.85,,,TRUE,,,,,,,,,,,,,,,,null,,,,,,,,,,,,METAR,306
"METAR DTTK 280100Z VRB03KT 8000 SCT023 16/14 Q1016",DTTK,2026-04-28T01:00:00.000Z,35.6670,10.1000,16,14,0,3,,4.97,30.00,,,,,,,,,,,SCT,2300,,,,,,,MVFR,,,,,,,,,,,,METAR,65
"METAR DTTL 280100Z AUTO 14003KT 080V170 NCD 17/16 Q1016",DTTL,2026-04-28T01:00:00.000Z,36.8500,11.0830,17,16,140,3,,,30.00,,,TRUE,,,,,,,,,,,,,,,,null,,,,,,,,,,,,METAR,18
"METAR DTTN 280100Z 36002KT 8000 SCT020 16/11 Q1015",DTTN,2026-04-28T01:00:00.000Z,36.4830,8.8000,16,11,360,2,,4.97,29.97,,,,,,,,,,,SCT,2000,,,,,,,MVFR,,,,,,,,,,,,METAR,145
"METAR OJAM 280100Z 24005KT 6000 NSC 13/09 Q1013 NOSIG",OJAM,2026-04-28T01:00:00.000Z,31.9730,35.9920,13,9,240,5,,3.73,29.91,,,,,,TRUE,,,,,,,,,,,,,MVFR,,,,,,,,,,,,METAR,765
"METAR OJAQ 280100Z 36005KT 6000 FEW040 19/10 Q1013 NOSIG",OJAQ,2026-04-28T01:00:00.000Z,29.6120,35.0180,19,10,360,5,,3.73,29.91,,,,,,TRUE,,,,,FEW,4000,,,,,,,MVFR,,,,,,,,,,,,METAR,45
"METAR TAPA 280100Z 12005KT 070V160 9999 FEW018 BKN038 26/22 Q1016 NOSIG",TAPA,2026-04-28T01:00:00.000Z,17.1350,-61.7970,26,22,120,5,,6+,30.00,,,,,,TRUE,,,,,FEW,1800,BKN,3800,,,,,VFR,,,,,,,,,,,,METAR,15
"METAR NGFU 280100Z 12007KT 9999 FEW018TCU BKN300 31/26 Q1008",NGFU,2026-04-28T01:00:00.000Z,-8.5230,179.1980,31,26,120,7,,6+,29.76,,,,,,,,,,,FEW,1800,BKN,30000,,,,,VFR,,,,,,,,,,,,METAR,2
"METAR MYAF 280100Z AUTO 07002KT CAVOK 23/21 A3000",MYAF,2026-04-28T01:00:00.000Z,24.6890,-77.7960,23,21,70,2,,6+,30.00,,,TRUE,,,,,,,,,,,,,,,,VFR,,,,,,,,,,,,METAR,2
"METAR CYDQ 280100Z AUTO 04012KT 9SM CLR 10/M05 A2986 RMK SLP140",CYDQ,2026-04-28T01:00:00.000Z,55.7410,-120.1880,10,-5,40,12,,9,29.86,1014,,TRUE,,,,,,,,,,,,,,,,VFR,,,,,,,,,,,,METAR,658
"METAR CYEG 280100Z 11014KT 20SM FEW050 05/M03 A2992 RMK CU1 CU TR SLP168",CYEG,2026-04-28T01:00:00.000Z,53.3080,-113.5920,5,-3,110,14,,20,29.92,1016.8,,,,,,,,,,FEW,5000,,,,,,,VFR,,,,,,,,,,,,METAR,710
"METAR CYFB 280100Z 34014KT 30SM DRSN FEW220 M17/M21 A3019 RMK CI2 SLP230",CYFB,2026-04-28T01:00:00.000Z,63.7500,-68.5440,-17,-21,340,14,,30,30.19,1023,,,,,,,,,DRSN,FEW,22000,,,,,,,VFR,,,,,,,,,,,,METAR,23
"METAR CYFC 280100Z AUTO 08008KT 9SM BKN190 OVC210 12/01 A3028 RMK SLP258",CYFC,2026-04-28T01:00:00.000Z,45.8730,-66.5390,12,1,80,8,,9,30.28,1025.8,,TRUE,,,,,,,,BKN,19000,OVC,21000,,,,,VFR,,,,,,,,,,,,METAR,16
"METAR CYGL 280100Z 09006KT 15SM OVC170 06/02 A3007 RMK AC8 SLP195",CYGL,2026-04-28T01:00:00.000Z,53.6250,-77.7000,6,2,90,6,,15,30.07,1019.5,,,,,,,,,,OVC,17000,,,,,,,VFR,,,,,,,,,,,,METAR,192
"METAR CYKL 280100Z AUTO 20004KT 9SM OVC050 05/M02 A3013 RMK SLP227",CYKL,2026-04-28T01:00:00.000Z,54.8030,-66.8040,5,-2,200,4,,9,30.13,1022.7,,TRUE,,,,,,,,OVC,5000,,,,,,,VFR,,,,,,,,,,,,METAR,507
"METAR CYMH 280100Z AUTO /////KT 9SM M03/M06 A3033 RMK CLD MISG SLP272",CYMH,2026-04-28T01:00:00.000Z,52.3040,-55.8330,-3,-6,,,,9,30.33,1027.2,,TRUE,,,,,,,,,,,,,,,,VFR,,,,,,,,,,,,METAR,18
"METAR CYMX 280100Z 07002KT 25SM FEW250 16/M01 A3015 RMK CI2 SLP214",CYMX,2026-04-28T01:00:00.000Z,45.6800,-74.0380,16,-1,70,2,,25,30.15,1021.4,,,,,,,,,,FEW,25000,,,,,,,VFR,,,,,,,,,,,,METAR,78
"METAR CYOW 280100Z 11003KT 15SM SCT250 14/02 A3013 RMK CI3 SLP205",CYOW,2026-04-28T01:00:00.000Z,45.3070,-75.6600,14,2,110,3,,15,30.13,1020.5,,,,,,,,,,SCT,25000,,,,,,,VFR,,,,,,,,,,,,METAR,111
"METAR CYQB 280100Z 07006KT 15SM FEW080 11/03 A3019 RMK AC1 AC TR SLP226",CYQB,2026-04-28T01:00:00.000Z,46.7910,-71.3960,11,3,70,6,,15,30.19,1022.6,,,,,,,,,,FEW,8000,,,,,,,VFR,,,,,,,,,,,,METAR,73
"METAR CYQG 280100Z AUTO 11007KT 9SM BKN230 14/08 A2983 RMK SLP104",CYQG,2026-04-28T01:00:00.000Z,42.2690,-82.9630,14,8,110,7,,9,29.83,1010.4,,TRUE,,,,,,,,BKN,23000,,,,,,,VFR,,,,,,,,,,,,METAR,189
"METAR CYZF 280100Z 16007KT 15SM FEW170 SCT240 M02/M08 A3007 RMK AC1CI4 AC TR SLP203",CYZF,2026-04-28T01:00:00.000Z,62.4750,-114.4480,-2,-8,160,7,,15,30.07,1020.3,,,,,,,,,,FEW,17000,SCT,24000,,,,,VFR,,,,,,,,,,,,METAR,202
"METAR CYZV 280100Z 05005KT 15SM FEW090 FEW260 01/M01 A3030 RMK AC1CI1 AC TR CI TR SLP264",CYZV,2026-04-28T01:00:00.000Z,50.2170,-66.2600,1,-1,50,5,,15,30.30,1026.4,,,,,,,,,,FEW,9000,FEW,26000,,,,,VFR,,,,,,,,,,,,METAR,43
"METAR CYZY 280100Z AUTO 17007KT 9SM CLR 16/M04 A2979 RMK SLP107 DENSITY ALT 3100FT",CYZY,2026-04-28T01:00:00.000Z,55.3030,-123.1350,16,-4,170,7,,9,29.79,1010.7,,TRUE,,,,,,,,,,,,,,,,VFR,,,,,,,,,,,,METAR,694
"METAR CZBF 280100Z AUTO 16003KT 9SM CLR 08/M04 A3033 RMK SLP274",CZBF,2026-04-28T01:00:00.000Z,47.6280,-65.7460,8,-4,160,3,,9,30.33,1027.4,,TRUE,,,,,,,,,,,,,,,,VFR,,,,,,,,,,,,METAR,60
"METAR ZUCK 280100Z 16003MPS 2000 -SHRA BR SCT002 SCT006 OVC023 17/17 Q1011 BECMG TL0150 SHRA",ZUCK,2026-04-28T01:00:00.000Z,29.7180,106.6390,17,17,160,6,,1.24,29.85,,,,,,,,,,-SHRA BR,SCT,200,SCT,600,OVC,2300,,,IFR,,,,,,,,,,,,METAR,416
"METAR CXSH 280100Z AUTO 34001KT 14/01 RMK AO1 SLP220 T01430009 56001",CXSH,2026-04-28T01:00:00.000Z,46.5640,-72.7330,14.3,0.9,340,1,,,,1022,,TRUE,TRUE,,,,,,,,,,,,,,,null,-0.01,,,,,,,,,,,METAR,106
"METAR CTCK 280100Z AUTO 08002KT 15/04 RMK AO1 SLP201 T01480035 55004",CTCK,2026-04-28T01:00:00.000Z,45.2510,-74.9630,14.8,3.5,80,2,,,,1020.1,,TRUE,TRUE,,,,,,,,,,,,,,,null,-0.04,,,,,,,,,,,METAR,84
"METAR CWLS 280100Z AUTO 13008G16KT 14/03 RMK AO1 SLP141 T01350029 58032",CWLS,2026-04-28T01:00:00.000Z,43.9830,-80.7400,13.5,2.9,130,8,16,,,1014.1,,TRUE,TRUE,,,,,,,,,,,,,,,null,-0.32,,,,,,,,,,,METAR,413
"METAR CWNC 280100Z AUTO 09007KT 16/03 RMK AO1 SLP177 T01620034 56024",CWNC,2026-04-28T01:00:00.000Z,43.9510,-78.1650,16.2,3.4,90,7,,,,1017.7,,TRUE,TRUE,,,,,,,,,,,,,,,null,-0.24,,,,,,,,,,,METAR,71
"METAR CWNZ 280100Z AUTO 12008KT 15/M01 RMK AO1 SLP080 T01471007 56022",CWNZ,2026-04-28T01:00:00.000Z,49.7470,-84.1640,14.7,-0.7,120,8,,,,1008,,TRUE,TRUE,,,,,,,,,,,,,,,null,-0.22,,,,,,,,,,,METAR,261
"METAR CWRT 280100Z AUTO 27005KT 08/M07 RMK AO1 SLP142 T00771072 52006",CWRT,2026-04-28T01:00:00.000Z,49.6280,-114.4820,7.7,-7.2,270,5,,,,1014.2,,TRUE,TRUE,,,,,,,,,,,,,,,null,0.06,,,,,,,,,,,METAR,1311
"METAR CWRY 280100Z AUTO 26006KT 09/M06 RMK AO1 SLP148 T00901058 56003",CWRY,2026-04-28T01:00:00.000Z,49.1330,-112.0510,9,-5.8,260,6,,,,1014.8,,TRUE,TRUE,,,,,,,,,,,,,,,null,-0.03,,,,,,,,,,,METAR,1048
"METAR CWRZ 280100Z AUTO 25006KT 03/M02 RMK AO1 SLP278 T00271018",CWRZ,2026-04-28T01:00:00.000Z,48.4190,-64.3170,2.7,-1.8,250,6,,,,1027.8,,TRUE,TRUE,,,,,,,,,,,,,,,null,,,,,,,,,,,,METAR,16
"METAR CWSD 280100Z AUTO 16002KT 04/M01 RMK AO1 SLP276 T00381012 53005",CWSD,2026-04-28T01:00:00.000Z,46.4410,-63.8370,3.8,-1.2,160,2,,,,1027.6,,TRUE,TRUE,,,,,,,,,,,,,,,null,0.05,,,,,,,,,,,METAR,12
"METAR CWSG 280100Z AUTO 26003KT 06/03 RMK AO1 SLP243 T00550032 53002",CWSG,2026-04-28T01:00:00.000Z,49.1090,-66.6550,5.5,3.2,260,3,,,,1024.3,,TRUE,TRUE,,,,,,,,,,,,,,,null,0.02,,,,,,,,,,,METAR,5
"METAR CWSK 280100Z AUTO 15007G15KT 16/07 RMK AO1 PK WND 15019/0018 SLP142 T01570073 53006",CWSK,2026-04-28T01:00:00.000Z,49.7830,-123.1610,15.7,7.3,150,7,15,,,1014.2,,TRUE,TRUE,,,,,,,,,,,,,,,null,0.06,,,,,,,,,,,METAR,59
"METAR CWSL 280100Z AUTO 30002KT 19/M06 RMK AO1 SLP097 T01911063 56008",CWSL,2026-04-28T01:00:00.000Z,50.7030,-119.2910,19.1,-6.3,300,2,,,,1009.7,,TRUE,TRUE,,,,,,,,,,,,,,,null,-0.08,,,,,,,,,,,METAR,353
"METAR CWSR 280100Z AUTO 26007KT 02/M06 RMK AO1 SLP196 T00181055 56006",CWSR,2026-04-28T01:00:00.000Z,53.3680,-107.5530,1.8,-5.5,260,7,,,,1019.6,,TRUE,TRUE,,,,,,,,,,,,,,,null,-0.06,,,,,,,,,,,METAR,589
"METAR CWST 280100Z AUTO 21001KT 08/05 RMK AO1 SLP228 T00760050 53002",CWST,2026-04-28T01:00:00.000Z,47.3540,-70.0300,7.6,5,210,1,,,,1022.8,,TRUE,TRUE,,,,,,,,,,,,,,,null,0.02,,,,,,,,,,,METAR,31
"METAR CWSS 280100Z AUTO 08002KT 06/03 RMK AO1 SLP260 T00630029 53012",CWSS,2026-04-28T01:00:00.000Z,45.2100,-67.2530,6.3,2.9,80,2,,,,1026,,TRUE,TRUE,,,,,,,,,,,,,,,null,0.12,,,,,,,,,,,METAR,27
"METAR CWBA 280100Z AUTO 15003KT 10/01 RMK AO1 T01040013",CWBA,2026-04-28T01:00:00.000Z,46.7100,-79.1010,10.4,1.3,150,3,,,,,,TRUE,TRUE,,,,,,,,,,,,,,,null,,,,,,,,,,,,METAR,181
"METAR CWBO 280100Z AUTO 08005KT 06/M05 RMK AO1 SLP175 T00641052 56007",CWBO,2026-04-28T01:00:00.000Z,50.5500,-111.8490,6.4,-5.2,80,5,,,,1017.5,,TRUE,TRUE,,,,,,,,,,,,,,,null,-0.07,,,,,,,,,,,METAR,752
"METAR CWBS 280100Z AUTO 10005KT 19/M00 RMK AO1 T01931001",CWBS,2026-04-28T01:00:00.000Z,46.1890,-72.9160,19.3,-0.1,100,5,,,,,,TRUE,TRUE,,,,,,,,,,,,,,,null,,,,,,,,,,,,METAR,3
"METAR CWBT 280100Z AUTO 05003KT M00/M02 RMK AO1 SLP271 T10031024 51006",CWBT,2026-04-28T01:00:00.000Z,50.2710,-64.2260,-0.3,-2.4,50,3,,,,1027.1,,TRUE,TRUE,,,,,,,,,,,,,,,null,0.06,,,,,,,,,,,METAR,12
"METAR CWBZ 280100Z AUTO 07003KT 15/03 RMK AO1 SLP204 T01510031 55002",CWBZ,2026-04-28T01:00:00.000Z,45.1210,-74.2890,15.1,3.1,70,3,,,,1020.4,,TRUE,TRUE,,,,,,,,,,,,,,,null,-0.02,,,,,,,,,,,METAR,49
"METAR CWCF 280100Z AUTO 32009G15KT M00/M05 RMK AO1 SLP163 T10041046 55002",CWCF,2026-04-28T01:00:00.000Z,52.3600,-97.0220,-0.4,-4.6,320,9,15,,,1016.3,,TRUE,TRUE,,,,,,,,,,,,,,,null,-0.02,,,,,,,,,,,METAR,219
"METAR CWCJ 280100Z AUTO 20002KT 07/04 RMK AO1 3PAST HR 6012 SLP063 P0001 T00700040 50003",CWCJ,2026-04-28T01:00:00.000Z,48.5880,-86.2950,7,4,200,2,,,,1006.3,,TRUE,TRUE,,,,,,,,,,,,,,,null,0.03,,,,,0.01,,,,,,METAR,207
"METAR CWDJ 280100Z AUTO 29004KT 01/M08 RMK AO1 SLP210 T00131084 56001",CWDJ,2026-04-28T01:00:00.000Z,50.4080,-104.5800,1.3,-8.4,290,4,,,,1021,,TRUE,TRUE,,,,,,,,,,,,,,,null,-0.01,,,,,,,,,,,METAR,576
"METAR CWDK 280100Z AUTO 23005KT 08/M02 RMK AO1 T00751023",CWDK,2026-04-28T01:00:00.000Z,50.0060,-113.6310,7.5,-2.3,230,5,,,,,,TRUE,TRUE,,,,,,,,,,,,,,,null,,,,,,,,,,,,METAR,1014
"METAR CWDZ 280100Z AUTO 12009KT 07/M06 RMK AO1 SLP165 T00671058 56005",CWDZ,2026-04-28T01:00:00.000Z,51.4450,-112.6770,6.7,-5.8,120,9,,,,1016.5,,TRUE,TRUE,,,,,,,,,,,,,,,null,-0.05,,,,,,,,,,,METAR,689
"METAR CWNE 280100Z AUTO 14009KT 04/M01 RMK AO1 SLP276 T00361014 55001",CWNE,2026-04-28T01:00:00.000Z,47.0580,-63.9970,3.6,-1.4,140,9,,,,1027.6,,TRUE,TRUE,,,,,,,,,,,,,,,null,-0.01,,,,,,,,,,,METAR,5
"METAR CWNK 280100Z AUTO 33009G15KT 06/M07 RMK AO1 PK WND 00019/0017 SLP150 T00571067 55000",CWNK,2026-04-28T01:00:00.000Z,49.4980,-98.0300,5.7,-6.7,330,9,15,,,1015,,TRUE,TRUE,,,,,,,,,,,,,,,null,,,,,,,,,,,,METAR,271
"METAR CWNM 280100Z AUTO 05007KT 16/M02 RMK AO1 SLP104 T01571023 56005",CWNM,2026-04-28T01:00:00.000Z,49.4910,-117.3050,15.7,-2.3,50,7,,,,1010.4,,TRUE,TRUE,,,,,,,,,,,,,,,null,-0.05,,,,,,,,,,,METAR,533
"METAR CWNP 280100Z AUTO 29004KT 15/M03 RMK AO1 SLP100 T01491034 55003",CWNP,2026-04-28T01:00:00.000Z,50.2690,-117.8170,14.9,-3.4,290,4,,,,1010,,TRUE,TRUE,,,,,,,,,,,,,,,null,-0.03,,,,,,,,,,,METAR,517
"METAR CWNQ 280100Z AUTO 07002KT 14/03 RMK AO1 SLP216 T01410031 56005",CWNQ,2026-04-28T01:00:00.000Z,46.2260,-72.6570,14.1,3.1,70,2,,,,1021.6,,TRUE,TRUE,,,,,,,,,,,,,,,null,-0.05,,,,,,,,,,,METAR,9
"METAR CWOC 280100Z AUTO 06003KT 04/M02 RMK AO1 SOG 01 3012 SLP275 T00391024",CWOC,2026-04-28T01:00:00.000Z,48.0120,-65.3320,3.9,-2.4,60,3,,,,1027.5,,TRUE,TRUE,,,,,,,,,,,,,,,null,,,,,,,,,,,,METAR,42
"METAR CWOD 280100Z AUTO 14001KT 07/02 RMK AO1 SOG 03 3003 SLP228 T00730015",CWOD,2026-04-28T01:00:00.000Z,48.8420,-72.5460,7.3,1.5,140,1,,,,1022.8,,TRUE,TRUE,,,,,,,,,,,,,,,null,,,,,,,,,,,,METAR,150
"METAR CWOE 280100Z AUTO 10008KT 07/M08 RMK AO1 SLP158 T00651075",CWOE,2026-04-28T01:00:00.000Z,49.1230,-110.4690,6.5,-7.5,100,8,,,,1015.8,,TRUE,TRUE,,,,,,,,,,,,,,,null,,,,,,,,,,,,METAR,931
"METAR CWPR 280100Z AUTO 28011G18KT 15/M03 RMK AO1 PK WND 28022/0019 SLP112 T01521028 53003",CWPR,2026-04-28T01:00:00.000Z,49.4680,-120.5140,15.2,-2.8,280,11,18,,,1011.2,,TRUE,TRUE,,,,,,,,,,,,,,,null,0.03,,,,,,,,,,,METAR,703
"METAR CWPE 280100Z AUTO 27006KT 06/04 RMK AO1 SOG 01 3013 SLP266 T00580044",CWPE,2026-04-28T01:00:00.000Z,45.0580,-66.4590,5.8,4.4,270,6,,,,1026.6,,TRUE,TRUE,,,,,,,,,,,,,,,null,,,,,,,,,,,,METAR,9
"METAR CWLE 280100Z AUTO 34001KT 03/M08 RMK AO1 SLP202 T00271084 56005",CWLE,2026-04-28T01:00:00.000Z,50.9510,-107.1430,2.7,-8.4,340,1,,,,1020.2,,TRUE,TRUE,,,,,,,,,,,,,,,null,-0.05,,,,,,,,,,,METAR,666
"METAR CWLM 280100Z AUTO 21014KT 12/08 RMK AO1 SLP161 T01150077 53001",CWLM,2026-04-28T01:00:00.000Z,48.4130,-123.3250,11.5,7.7,210,14,,,,1016.1,,TRUE,TRUE,,,,,,,,,,,,,,,null,0.01,,,,,,,,,,,METAR,62
"METAR CWMJ 280100Z AUTO 14004KT 16/00 RMK AO1 SLP203 T01610000 55001",CWMJ,2026-04-28T01:00:00.000Z,46.2750,-75.9920,16.1,0,140,4,,,,1020.3,,TRUE,TRUE,,,,,,,,,,,,,,,null,-0.01,,,,,,,,,,,METAR,198
"METAR CWMM 280100Z AUTO 20003KT 15/07 RMK AO1 SLP166 T01490069 55003",CWMM,2026-04-28T01:00:00.000Z,49.2080,-122.6900,14.9,6.9,200,3,,,,1016.6,,TRUE,TRUE,,,,,,,,,,,,,,,null,-0.03,,,,,,,,,,,METAR,2
"METAR CWMQ 280100Z AUTO 07004KT 05/M08 RMK AO1 SLP177 T00491075 56005",CWMQ,2026-04-28T01:00:00.000Z,49.9030,-109.4660,4.9,-7.5,70,4,,,,1017.7,,TRUE,TRUE,,,,,,,,,,,,,,,null,-0.05,,,,,,,,,,,METAR,767
"METAR CXKI 280100Z AUTO 00000KT 08/M01 RMK AO1 SLP137 T00801014 56022",CXKI,2026-04-28T01:00:00.000Z,48.1500,-80.0000,8,-1.4,0,0,,,,1013.7,,TRUE,TRUE,,,,,,,,,,,,,,,null,-0.22,,,,,,,,,,,METAR,328
"METAR CXVN 280100Z AUTO 26003KT 09/06 RMK AO1 SLP161 T00860055 56025",CXVN,2026-04-28T01:00:00.000Z,43.1830,-79.4000,8.6,5.5,260,3,,,,1016.1,,TRUE,TRUE,,,,,,,,,,,,,,,null,-0.25,,,,,,,,,,,METAR,86
"METAR CXLB 280100Z AUTO 08008KT 04/03 RMK AO1 SLP276 T00350026 52004",CXLB,2026-04-28T01:00:00.000Z,44.3600,-64.2960,3.5,2.6,80,8,,,,1027.6,,TRUE,TRUE,,,,,,,,,,,,,,,null,0.04,,,,,,,,,,,METAR,4
"METAR CXPC 280100Z AUTO 17/02 RMK AO1 SLP150 T01710019 58026",CXPC,2026-04-28T01:00:00.000Z,45.3440,-80.0440,17.1,1.9,,,,,,1015,,TRUE,TRUE,,,,,,,,,,,,,,,null,-0.26,,,,,,,,,,,METAR,176
"METAR CXRB 280100Z AUTO 19011KT M12/M14 RMK AO1 SOG 02 7017 PK WND 20018/0029 SLP115 T11201138",CXRB,2026-04-28T01:00:00.000Z,74.7160,-94.9830,-12,-13.8,190,11,,,,1011.5,,TRUE,TRUE,,,,,,,,,,,,,,,null,,,,,,,,,,,,METAR,30
"METAR CXTD 280100Z AUTO 16006KT 04/M01 RMK AO1 SLP290 T00351014 51013",CXTD,2026-04-28T01:00:00.000Z,45.6080,-61.6800,3.5,-1.4,160,6,,,,1029,,TRUE,TRUE,,,,,,,,,,,,,,,null,0.13,,,,,,,,,,,METAR,58
"METAR CXTO 280100Z AUTO 15/02 RMK AO1 SOG 01 6025 SLP167 T01470015",CXTO,2026-04-28T01:00:00.000Z,43.6670,-79.4000,14.7,1.5,,,,,,1016.7,,TRUE,TRUE,,,,,,,,,,,,,,,null,,,,,,,,,,,,METAR,115
"METAR CWCT 280100Z AUTO 20003KT 04/M07 RMK AO1 SLP192 T00431071 56005",CWCT,2026-04-28T01:00:00.000Z,52.0740,-111.4480,4.3,-7.1,200,3,,,,1019.2,,TRUE,TRUE,,,,,,,,,,,,,,,null,-0.05,,,,,,,,,,,METAR,793
"METAR CWLB 280100Z AUTO 23004KT 06/M07 RMK AO1 SLP179 T00591074 55002",CWLB,2026-04-28T01:00:00.000Z,54.7690,-112.0240,5.9,-7.4,230,4,,,,1017.9,,TRUE,TRUE,,,,,,,,,,,,,,,null,-0.02,,,,,,,,,,,METAR,561
"METAR CWRM 280100Z AUTO 12004KT 08/M08 RMK AO1 SLP131 T00781077 55004",CWRM,2026-04-28T01:00:00.000Z,52.4310,-114.9070,7.8,-7.7,120,4,,,,1013.1,,TRUE,TRUE,,,,,,,,,,,,,,,null,-0.04,,,,,,,,,,,METAR,986
"METAR CWVT 280100Z AUTO 03003KT M02/M08 RMK AO1 SOG 36 5002 SLP217 T10181083",CWVT,2026-04-28T01:00:00.000Z,55.8410,-108.4210,-1.8,-8.3,30,3,,,,1021.7,,TRUE,TRUE,,,,,,,,,,,,,,,null,,,,,,,,,,,,METAR,431
"METAR CWDC 280100Z AUTO 18004KT M01/M09 RMK AO1 SOG 69 3003 SLP217 T10091091",CWDC,2026-04-28T01:00:00.000Z,59.5600,-108.4870,-0.9,-9.1,180,4,,,,1021.7,,TRUE,TRUE,,,,,,,,,,,,,,,null,,,,,,,,,,,,METAR,311
"METAR CWEH 280100Z AUTO 04007KT 04/M08 RMK AO1 SLP172 T00391084 56004",CWEH,2026-04-28T01:00:00.000Z,49.4380,-108.9890,3.9,-8.4,40,7,,,,1017.2,,TRUE,TRUE,,,,,,,,,,,,,,,null,-0.04,,,,,,,,,,,METAR,1077
"METAR CWKO 280100Z AUTO 01006KT M00/M08 RMK AO1 SLP207 T10011078 55003",CWKO,2026-04-28T01:00:00.000Z,49.1680,-105.9790,-0.1,-7.8,10,6,,,,1020.7,,TRUE,TRUE,,,,,,,,,,,,,,,null,-0.03,,,,,,,,,,,METAR,914
"METAR CWOY 280100Z AUTO 33004KT M01/M05 RMK AO1 SOG 01 6002 SLP212 T10061048",CWOY,2026-04-28T01:00:00.000Z,51.7670,-104.2000,-0.6,-4.8,330,4,,,,1021.2,,TRUE,TRUE,,,,,,,,,,,,,,,null,,,,,,,,,,,,METAR,557
"METAR CWJC 280100Z AUTO M10/M12 RMK AO1 SOG 06 2008 SLP232 T11031120",CWJC,2026-04-28T01:00:00.000Z,61.1320,-100.8840,-10.3,-12,,,,,,1023.2,,TRUE,TRUE,,,,,,,,,,,,,,,null,,,,,,,,,,,,METAR,340
"METAR CWJH 280100Z AUTO 28002KT 01/M06 RMK AO1 SOG 90 0001 SLP196 T00051061",CWJH,2026-04-28T01:00:00.000Z,56.3330,-103.2830,0.5,-6.1,280,2,,,,1019.6,,TRUE,TRUE,,,,,,,,,,,,,,,null,,,,,,,,,,,,METAR,345
"METAR CWIT 280100Z AUTO 00000KT 12/04 RMK AO1 SOG 01 6004 SLP211 T01220041",CWIT,2026-04-28T01:00:00.000Z,45.1670,-73.6780,12.2,4.1,0,0,,,,1021.1,,TRUE,TRUE,,,,,,,,,,,,,,,null,,,,,,,,,,,,METAR,53
"METAR CWIZ 280100Z AUTO 08001KT 15/05 RMK AO1 T01520053",CWIZ,2026-04-28T01:00:00.000Z,45.2940,-73.3500,15.2,5.3,80,1,,,,,,TRUE,TRUE,,,,,,,,,,,,,,,null,,,,,,,,,,,,METAR,45
"METAR CWJB 280100Z AUTO 35002KT 14/02 RMK AO1 T01420020",CWJB,2026-04-28T01:00:00.000Z,46.7810,-71.2880,14.2,2,350,2,,,,,,TRUE,TRUE,,,,,,,,,,,,,,,null,,,,,,,,,,,,METAR,90
"METAR CTRA 280100Z AUTO 02010G17KT 03/02 RMK AO1 PK WND 02018/0001 SLP090 T00270019 55003",CTRA,2026-04-28T01:00:00.000Z,49.6640,-93.7330,2.7,1.9,20,10,17,,,1009,,TRUE,TRUE,,,,,,,,,,,,,,,null,-0.03,,,,,,,,,,,METAR,432
"METAR CWKK 280100Z AUTO 02005KT 04/01 RMK AO1 SLP063 T00350005 56017",CWKK,2026-04-28T01:00:00.000Z,49.7130,-88.3320,3.5,0.5,20,5,,,,1006.3,,TRUE,TRUE,,,,,,,,,,,,,,,null,-0.17,,,,,,,,,,,METAR,259
"METAR CXZC 280100Z AUTO 06002KT 03/M00 RMK AO1 SOG 02 6031 SLP128 T00311004",CXZC,2026-04-28T01:00:00.000Z,51.2920,-80.6180,3.1,-0.4,60,2,,,,1012.8,,TRUE,TRUE,,,,,,,,,,,,,,,null,,,,,,,,,,,,METAR,8
"METAR CZEL 280100Z AUTO 10012KT 12/02 RMK AO1 SLP155 T01230015 58028",CZEL,2026-04-28T01:00:00.000Z,43.6420,-80.4120,12.3,1.5,100,12,,,,1015.5,,TRUE,TRUE,,,,,,,,,,,,,,,null,-0.28,,,,,,,,,,,METAR,370
"METAR CWTA 280100Z AUTO 33002KT 17/03 RMK AO1 SLP213 T01650026 56004",CWTA,2026-04-28T01:00:00.000Z,45.5060,-73.5790,16.5,2.6,330,2,,,,1021.3,,TRUE,TRUE,,,,,,,,,,,,,,,null,-0.04,,,,,,,,,,,METAR,71
"METAR CWTG 280100Z AUTO 03007KT 05/M02 RMK AO1 SLP247 T00471022 53003",CWTG,2026-04-28T01:00:00.000Z,49.3170,-67.3810,4.7,-2.2,30,7,,,,1024.7,,TRUE,TRUE,,,,,,,,,,,,,,,null,0.03,,,,,,,,,,,METAR,6
"METAR CWTN 280100Z AUTO 27002KT 06/03 RMK AO1 SLP226 T00600032 53004",CWTN,2026-04-28T01:00:00.000Z,47.0790,-70.7810,6,3.2,270,2,,,,1022.6,,TRUE,TRUE,,,,,,,,,,,,,,,null,0.04,,,,,,,,,,,METAR,5
"METAR CWTT 280100Z AUTO 34002KT 13/05 RMK AO1 T01340048",CWTT,2026-04-28T01:00:00.000Z,45.2700,-72.1700,13.4,4.8,340,2,,,,,,TRUE,TRUE,,,,,,,,,,,,,,,null,,,,,,,,,,,,METAR,210
"METAR CWTY 280100Z AUTO 07003KT 14/05 RMK AO1 SLP215 T01370047 55004",CWTY,2026-04-28T01:00:00.000Z,46.3540,-72.5160,13.7,4.7,70,3,,,,1021.5,,TRUE,TRUE,,,,,,,,,,,,,,,null,-0.04,,,,,,,,,,,METAR,8
"METAR CWUS 280100Z AUTO 34004KT 15/M01 RMK AO1 SLP098 T01531014 55005",CWUS,2026-04-28T01:00:00.000Z,49.5630,-119.6490,15.3,-1.4,340,4,,,,1009.8,,TRUE,TRUE,,,,,,,,,,,,,,,null,-0.05,,,,,,,,,,,METAR,455
"METAR CWVF 280100Z AUTO 16008KT 13/08 RMK AO1 T01340082",CWVF,2026-04-28T01:00:00.000Z,49.1060,-123.3030,13.4,8.2,160,8,,,,,,TRUE,TRUE,,,,,,,,,,,,,,,null,,,,,,,,,,,,METAR,13
"METAR CWVI 280100Z AUTO 18007KT 03/M07 RMK AO1 SLP191 T00251068 56004",CWVI,2026-04-28T01:00:00.000Z,53.5050,-112.0980,2.5,-6.8,180,7,,,,1019.1,,TRUE,TRUE,,,,,,,,,,,,,,,null,-0.04,,,,,,,,,,,METAR,640
"METAR CWVN 280100Z AUTO 12007KT 05/M07 RMK AO1 SLP179 T00521072 56005",CWVN,2026-04-28T01:00:00.000Z,49.0580,-107.5860,5.2,-7.2,120,7,,,,1017.9,,TRUE,TRUE,,,,,,,,,,,,,,,null,-0.05,,,,,,,,,,,METAR,792
"METAR CWVP 280100Z AUTO 06004KT 01/M08 RMK AO1 SLP174 T00141078 56002",CWVP,2026-04-28T01:00:00.000Z,49.6400,-109.5140,1.4,-7.8,60,4,,,,1017.4,,TRUE,TRUE,,,,,,,,,,,,,,,null,-0.02,,,,,,,,,,,METAR,1269
"METAR CWVQ 280100Z AUTO 10002KT 17/02 RMK AO1 SLP211 T01680020 55005",CWVQ,2026-04-28T01:00:00.000Z,45.4270,-73.9290,16.8,2,100,2,,,,1021.1,,TRUE,TRUE,,,,,,,,,,,,,,,null,-0.05,,,,,,,,,,,METAR,38
"METAR CWEP 280100Z AUTO 14007KT 03/M01 RMK AO1 SLP289 T00291010 52011",CWEP,2026-04-28T01:00:00.000Z,46.4600,-61.9880,2.9,-1,140,7,,,,1028.9,,TRUE,TRUE,,,,,,,,,,,,,,,null,0.11,,,,,,,,,,,METAR,9
"METAR CWHO 280100Z AUTO 00001KT M01/M02 RMK AO1 SLP201 T10061017 58001",CWHO,2026-04-28T01:00:00.000Z,55.4480,-60.2300,-0.6,-1.7,0,1,,,,1020.1,,TRUE,TRUE,,,,,,,,,,,,,,,null,-0.01,,,,,,,,,,,METAR,16
"METAR CXIB 280100Z AUTO 27001KT M01/M06 RMK AO1 SLP296 T10091060 50009",CXIB,2026-04-28T01:00:00.000Z,46.6630,-60.4060,-0.9,-6,270,1,,,,1029.6,,TRUE,TRUE,,,,,,,,,,,,,,,null,0.09,,,,,,,,,,,METAR,6
"METAR CXMD 280100Z AUTO 35012G17KT 06/M05 RMK AO1 PK WND 34022/0036 SLP147 T00581047 53003",CXMD,2026-04-28T01:00:00.000Z,49.1880,-98.0840,5.8,-4.7,350,12,17,,,1014.7,,TRUE,TRUE,,,,,,,,,,,,,,,null,0.03,,,,,,,,,,,METAR,297
"METAR CXMI 280100Z AUTO 10008KT 04/03 RMK AO1 SLP283 T00410031 53007",CXMI,2026-04-28T01:00:00.000Z,44.6020,-63.5340,4.1,3.1,100,8,,,,1028.3,,TRUE,TRUE,,,,,,,,,,,,,,,null,0.07,,,,,,,,,,,METAR,15
"METAR CXMM 280100Z AUTO 08004KT 05/M06 RMK AO1 SLP180 T00461061 56003",CXMM,2026-04-28T01:00:00.000Z,56.6490,-111.2210,4.6,-6.1,80,4,,,,1018,,TRUE,TRUE,,,,,,,,,,,,,,,null,-0.03,,,,,,,,,,,METAR,372
"METAR CXNM 280100Z AUTO 11006KT 02/M10 RMK AO1 SOG 34 T00201103",CXNM,2026-04-28T01:00:00.000Z,46.8180,-60.6730,2,-10.3,110,6,,,,,,TRUE,TRUE,,,,,,,,,,,,,,,null,,,,,,,,,,,,METAR,452
"METAR CXRH 280100Z AUTO 11001KT M00/M03 RMK AO1 SLP289 T10011034 51009",CXRH,2026-04-28T01:00:00.000Z,49.5700,-57.8780,-0.1,-3.4,110,1,,,,1028.9,,TRUE,TRUE,,,,,,,,,,,,,,,null,0.09,,,,,,,,,,,METAR,68
"METAR CXTP 280100Z AUTO 36002KT M03/M06 RMK AO1 SLP301 T10311059 51011",CXTP,2026-04-28T01:00:00.000Z,48.5570,-53.9750,-3.1,-5.9,360,2,,,,1030.1,,TRUE,TRUE,,,,,,,,,,,,,,,null,0.11,,,,,,,,,,,METAR,104
"METAR CXKT 280100Z AUTO 31002KT 06/M02 RMK AO1 SLP279 T00571015 53021",CXKT,2026-04-28T01:00:00.000Z,45.0670,-64.4780,5.7,-1.5,310,2,,,,1027.9,,TRUE,TRUE,,,,,,,,,,,,,,,null,0.21,,,,,,,,,,,METAR,48
"METAR CXBO 280100Z AUTO 06005KT 10/05 RMK AO1 T00980052",CXBO,2026-04-28T01:00:00.000Z,46.8370,-71.1970,9.8,5.2,60,5,,,,,,TRUE,TRUE,,,,,,,,,,,,,,,null,,,,,,,,,,,,METAR,8
"METAR CXCK 280100Z AUTO 26006KT 14/M06 RMK AO1 SOG 23 5003 SLP124 T01441056",CXCK,2026-04-28T01:00:00.000Z,62.1150,-136.1920,14.4,-5.6,260,6,,,,1012.4,,TRUE,TRUE,,,,,,,,,,,,,,,null,,,,,,,,,,,,METAR,526
"METAR CXDI 280100Z AUTO 12003KT 15/05 RMK AO1 SLP148 T01480053 58024",CXDI,2026-04-28T01:00:00.000Z,42.8640,-80.5450,14.8,5.3,120,3,,,,1014.8,,TRUE,TRUE,,,,,,,,,,,,,,,null,-0.24,,,,,,,,,,,METAR,234
"METAR CAHR 280100Z AUTO 11004KT 04/M04 RMK AO1 SLP278 T00441038 51007",CAHR,2026-04-28T01:00:00.000Z,46.3440,-63.1700,4.4,-3.8,110,4,,,,1027.8,,TRUE,TRUE,,,,,,,,,,,,,,,null,0.07,,,,,,,,,,,METAR,52
"METAR CERM 280100Z AUTO 35002KT 04/01 RMK AO1 SLP247 T00350010 53003",CERM,2026-04-28T01:00:00.000Z,47.4170,-68.3250,3.5,1,350,2,,,,1024.7,,TRUE,TRUE,,,,,,,,,,,,,,,null,0.03,,,,,,,,,,,METAR,151
"METAR CZDB 280100Z AUTO 19003KT 05/M02 RMK AO1 SLP290 T00521018 51024",CZDB,2026-04-28T01:00:00.000Z,45.4220,-63.4660,5.2,-1.8,190,3,,,,1029,,TRUE,TRUE,,,,,,,,,,,,,,,null,0.24,,,,,,,,,,,METAR,38
"METAR CZSP 280100Z AUTO 10002KT 04/M07 RMK AO1 SLP282 T00361071 52008",CZSP,2026-04-28T01:00:00.000Z,46.4500,-62.5760,3.6,-7.1,100,2,,,,1028.2,,TRUE,TRUE,,,,,,,,,,,,,,,null,0.08,,,,,,,,,,,METAR,31
"METAR CXNP 280100Z AUTO 18004KT 07/01 RMK AO1 SLP269 T00670007 51016",CXNP,2026-04-28T01:00:00.000Z,45.7600,-64.2410,6.7,0.7,180,4,,,,1026.9,,TRUE,TRUE,,,,,,,,,,,,,,,null,0.16,,,,,,,,,,,METAR,19
"METAR CZCR 280100Z AUTO 09007KT 05/02 RMK AO1 SOG 01 3008 SLP263 T00470018",CZCR,2026-04-28T01:00:00.000Z,47.9900,-66.3340,4.7,1.8,90,7,,,,1026.3,,TRUE,TRUE,,,,,,,,,,,,,,,null,,,,,,,,,,,,METAR,39
"METAR RJOS 280100Z 09003KT 050V150 9999 FEW030 SCT/// 20/14 Q1013",RJOS,2026-04-28T01:00:00.000Z,34.1320,134.6090,20,14,90,3,,6+,29.91,,,,,,,,,,,FEW,3000,,,,,,,VFR,,,,,,,,,,,,METAR,3
"METAR RJTF 280100Z 18010KT 150V220 9999 FEW030 BKN/// 22/14 Q1012",RJTF,2026-04-28T01:00:00.000Z,35.6720,139.5280,22,14,180,10,,6+,29.88,,,,,,,,,,,FEW,3000,,,,,,,VFR,,,,,,,,,,,,METAR,37
"METAR RJTI 280100Z 18011KT 140V220 9999 FEW020 BKN/// 21/15 Q1012",RJTI,2026-04-28T01:00:00.000Z,35.6370,139.8390,21,15,180,11,,6+,29.88,,,,,,,,,,,FEW,2000,,,,,,,VFR,,,,,,,,,,,,METAR,4
"METAR RJOA 280100Z 21006KT 140V310 9999 FEW020 SCT025 BKN/// 20/14 Q1013",RJOA,2026-04-28T01:00:00.000Z,34.4360,132.9190,20,14,210,6,,6+,29.91,,,,,,,,,,,FEW,2000,SCT,2500,,,,,VFR,,,,,,,,,,,,METAR,318
"METAR RJOC 280100Z 26014KT 9999 FEW025 BKN/// 21/13 Q1011",RJOC,2026-04-28T01:00:00.000Z,35.4140,132.8900,21,13,260,14,,6+,29.85,,,,,,,,,,,FEW,2500,,,,,,,VFR,,,,,,,,,,,,METAR,2
"METAR RJOK 280100Z 17005KT 9999 FEW025 SCT/// 22/17 Q1013",RJOK,2026-04-28T01:00:00.000Z,33.5460,133.6690,22,17,170,5,,6+,29.91,,,,,,,,,,,FEW,2500,,,,,,,VFR,,,,,,,,,,,,METAR,7
"METAR RJOM 280100Z 26004KT 220V290 9999 FEW030 SCT170 BKN/// 19/13 Q1013",RJOM,2026-04-28T01:00:00.000Z,33.8300,132.6980,19,13,260,4,,6+,29.91,,,,,,,,,,,FEW,3000,SCT,17000,,,,,VFR,,,,,,,,,,,,METAR,3
"METAR RJOR 280100Z 32005KT 9999 FEW035 BKN/// 20/15 Q1010",RJOR,2026-04-28T01:00:00.000Z,35.5300,134.1650,20,15,320,5,,6+,29.82,,,,,,,,,,,FEW,3500,,,,,,,VFR,,,,,,,,,,,,METAR,11
"METAR RJDT 280100Z 26010KT 200V290 9999 FEW020 BKN025 BKN/// 18/14 Q1013",RJDT,2026-04-28T01:00:00.000Z,34.2880,129.3250,18,14,260,10,,6+,29.91,,,,,,,,,,,FEW,2000,BKN,2500,,,,,MVFR,,,,,,,,,,,,METAR,61
"METAR RJFG 280100Z 28011KT 230V310 9999 FEW020 SCT/// 21/16 Q1015",RJFG,2026-04-28T01:00:00.000Z,30.6050,130.9920,21,16,280,11,,6+,29.97,,,,,,,,,,,FEW,2000,,,,,,,VFR,,,,,,,,,,,,METAR,234
"METAR RJFM 280100Z 26013KT 9999 FEW030 BKN/// 24/12 Q1013",RJFM,2026-04-28T01:00:00.000Z,31.8770,131.4490,24,12,260,13,,6+,29.91,,,,,,,,,,,FEW,3000,,,,,,,VFR,,,,,,,,,,,,METAR,10
"METAR RJAF 280100Z 16015KT 110V180 9999 FEW050 BKN/// 18/04 Q1011",RJAF,2026-04-28T01:00:00.000Z,36.1670,137.9230,18,4,160,15,,6+,29.85,,,,,,,,,,,FEW,5000,,,,,,,VFR,,,,,,,,,,,,METAR,652
"METAR RJCB 280100Z 34024KT 8000 FEW030 BKN/// 13/01 Q1006",RJCB,2026-04-28T01:00:00.000Z,42.7330,143.2170,13,1,340,24,,4.97,29.70,,,,,,,,,,,FEW,3000,,,,,,,MVFR,,,,,,,,,,,,METAR,149
"METAR WBGB 280100Z VRB03KT 9999 FEW016 26/24 Q1010",WBGB,2026-04-28T01:00:00.000Z,3.1200,113.0250,26,24,0,3,,6+,29.82,,,,,,,,,,,FEW,1600,,,,,,,VFR,,,,,,,,,,,,METAR,34
"METAR WBGR 280100Z 22006KT 180V300 8000 FEW016 29/25 Q1010",WBGR,2026-04-28T01:00:00.000Z,4.3220,113.9870,29,25,220,6,,4.97,29.82,,,,,,,,,,,FEW,1600,,,,,,,MVFR,,,,,,,,,,,,METAR,18
"METAR WBGS 280100Z 19003KT 140V260 9999 FEW008 SCT016 23/22 Q1010",WBGS,2026-04-28T01:00:00.000Z,2.2640,111.9830,23,22,190,3,,6+,29.82,,,,,,,,,,,FEW,800,SCT,1600,,,,,VFR,,,,,,,,,,,,METAR,26
"METAR WBKL 280100Z 21004KT 140V290 9999 FEW015 30/26 Q1010",WBKL,2026-04-28T01:00:00.000Z,5.3010,115.2500,30,26,210,4,,6+,29.82,,,,,,,,,,,FEW,1500,,,,,,,VFR,,,,,,,,,,,,METAR,29
"METAR WBKS 280100Z VRB04KT 9999 SCT016 31/25 Q1011",WBKS,2026-04-28T01:00:00.000Z,5.9010,118.0590,31,25,0,4,,6+,29.85,,,,,,,,,,,SCT,1600,,,,,,,VFR,,,,,,,,,,,,METAR,13
"METAR WBKT 280100Z VRB05KT 9999 FEW014 30/26 Q1010",WBKT,2026-04-28T01:00:00.000Z,6.9220,116.8370,30,26,0,5,,6+,29.82,,,,,,,,,,,FEW,1400,,,,,,,VFR,,,,,,,,,,,,METAR,11
"METAR WBKW 280100Z 17004KT 9999 SCT016 31/27 Q1011",WBKW,2026-04-28T01:00:00.000Z,4.3160,118.1190,31,27,170,4,,6+,29.85,,,,,,,,,,,SCT,1600,,,,,,,VFR,,,,,,,,,,,,METAR,17
"METAR CYHK 280100Z AUTO 20012KT 9SM CLR M15/M17 A3018 RMK SLP228",CYHK,2026-04-28T01:00:00.000Z,68.6330,-95.8510,-15,-17,200,12,,9,30.18,1022.8,,TRUE,,,,,,,,,,,,,,,,VFR,,,,,,,,,,,,METAR,36
"METAR CYHU 280100Z AUTO 07003KT 9SM CLR 18/03 A3015 RMK SLP213",CYHU,2026-04-28T01:00:00.000Z,45.5160,-73.4150,18,3,70,3,,9,30.15,1021.3,,TRUE,,,,,,,,,,,,,,,,VFR,,,,,,,,,,,,METAR,26
"METAR CYHY 280100Z 07010KT 15SM FEW160 SCT250 M02/M06 A3005 RMK AC1CI2 AC TR SLP192",CYHY,2026-04-28T01:00:00.000Z,60.8390,-115.7810,-2,-6,70,10,,15,30.05,1019.2,,,,,,,,,,FEW,16000,SCT,25000,,,,,VFR,,,,,,,,,,,,METAR,159
"METAR CYMO 280100Z AUTO 07006KT 9SM FEW190 04/00 A2990 RMK SLP127",CYMO,2026-04-28T01:00:00.000Z,51.2920,-80.6070,4,0,70,6,,9,29.90,1012.7,,TRUE,,,,,,,,FEW,19000,,,,,,,VFR,,,,,,,,,,,,METAR,8
"METAR CYMT 280100Z AUTO 08004KT 9SM CLR 09/M04 A3013 RMK SLP218",CYMT,2026-04-28T01:00:00.000Z,49.7790,-74.5270,9,-4,80,4,,9,30.13,1021.8,,TRUE,,,,,,,,,,,,,,,,VFR,,,,,,,,,,,,METAR,388
"METAR CYNA 280100Z AUTO 09004KT 9SM CLR M01/M02 A3033 RMK SLP273",CYNA,2026-04-28T01:00:00.000Z,50.1900,-61.7890,-1,-2,90,4,,9,30.33,1027.3,,TRUE,,,,,,,,,,,,,,,,VFR,,,,,,,,,,,,METAR,9
"METAR CYND 280100Z 03002KT 15SM FEW250 14/03 A3012 RMK CI2 LAST STFD OBS/NXT 281100Z SLP204",CYND,2026-04-28T01:00:00.000Z,45.5200,-75.5630,14,3,30,2,,15,30.12,1020.4,,,,,,,,,,FEW,25000,,,,,,,VFR,,,,,,,,,,,,METAR,57
"METAR CYNE 280100Z AUTO 32006KT 270V340 9SM BKN047 03/M06 A3001 RMK SLP177",CYNE,2026-04-28T01:00:00.000Z,53.9580,-97.8450,3,-6,320,6,,9,30.01,1017.7,,TRUE,,,,,,,,BKN,4700,,,,,,,VFR,,,,,,,,,,,,METAR,220
"METAR CYNM 280100Z AUTO 13004KT 9SM CLR 08/M03 A3004 RMK SLP184",CYNM,2026-04-28T01:00:00.000Z,49.7590,-77.7930,8,-3,130,4,,9,30.04,1018.4,,TRUE,,,,,,,,,,,,,,,,VFR,,,,,,,,,,,,METAR,276
"METAR CYOD 280100Z 25005KT 220V280 15SM FEW130 04/M06 A3000 RMK AC1 DENSITY ALT 717FT SLP191",CYOD,2026-04-28T01:00:00.000Z,54.4100,-110.2870,4,-6,250,5,,15,30.00,1019.1,,,,,,,,,,FEW,13000,,,,,,,VFR,,,,,,,,,,,,METAR,540
"METAR CYOJ 280100Z 15004KT 15SM SKC 07/M06 A2995 RMK LAST STFD OBS/NXT 281400Z SLP165",CYOJ,2026-04-28T01:00:00.000Z,58.6280,-117.1740,7,-6,150,4,,15,29.95,1016.5,,,,,,,,,,,,,,,,,,VFR,,,,,,,,,,,,METAR,339
"METAR CYOY 280100Z 36002KT 15SM FEW210 07/02 A3019 RMK CI1 DENSITY ALT -505FT SLP228",CYOY,2026-04-28T01:00:00.000Z,46.9000,-71.5030,7,2,360,2,,15,30.19,1022.8,,,,,,,,,,FEW,21000,,,,,,,VFR,,,,,,,,,,,,METAR,167
"METAR CYPA 280100Z 23007KT 15SM BKN055 BKN270 01/M05 A3004 RMK SC6CI1 SLP200",CYPA,2026-04-28T01:00:00.000Z,53.2170,-105.6790,1,-5,230,7,,15,30.04,1020,,,,,,,,,,BKN,5500,BKN,27000,,,,,VFR,,,,,,,,,,,,METAR,428
"METAR CYQF 280100Z AUTO 14007KT 9SM CLR 07/M07 A2989 RMK SLP164",CYQF,2026-04-28T01:00:00.000Z,52.1790,-113.9030,7,-7,140,7,,9,29.89,1016.4,,TRUE,,,,,,,,,,,,,,,,VFR,,,,,,,,,,,,METAR,912
"METAR CYQH 280100Z 00000KT 30SM BKN095 BKN210 11/M04 A2982 RMK AC5CI2 SLP125 DENSITY ALT 2500FT",CYQH,2026-04-28T01:00:00.000Z,60.1160,-128.8320,11,-4,0,0,,30,29.82,1012.5,,,,,,,,,,BKN,9500,BKN,21000,,,,,VFR,,,,,,,,,,,,METAR,692
"METAR CYQK 280100Z 02009G15KT 20SM FEW017 BKN032 OVC065 05/01 A2979 RMK SC1SC6SC1 SLP106",CYQK,2026-04-28T01:00:00.000Z,49.7910,-94.3610,5,1,20,9,15,20,29.79,1010.6,,,,,,,,,,FEW,1700,BKN,3200,OVC,6500,,,VFR,,,,,,,,,,,,METAR,413
"METAR CYQL 280100Z 03004KT 350V050 30SM SCT070 BKN093 08/M06 A2988 RMK AC5AC2 VIRGA SLP153",CYQL,2026-04-28T01:00:00.000Z,49.6270,-112.7920,8,-6,30,4,,30,29.88,1015.3,,,,,,,,,,SCT,7000,BKN,9300,,,,,VFR,,,,,,,,,,,,METAR,923
"METAR CYQR 280100Z 26005KT 15SM BKN044 01/M08 A3006 RMK SC7 SLP211",CYQR,2026-04-28T01:00:00.000Z,50.4270,-104.6700,1,-8,260,5,,15,30.06,1021.1,,,,,,,,,,BKN,4400,,,,,,,VFR,,,,,,,,,,,,METAR,576
"METAR CYQU 280100Z 07006KT 020V090 25SM FEW120 11/M07 A2989 RMK AC1 AC TR SLP153",CYQU,2026-04-28T01:00:00.000Z,55.1820,-118.8820,11,-7,70,6,,25,29.89,1015.3,,,,,,,,,,FEW,12000,,,,,,,VFR,,,,,,,,,,,,METAR,668
"METAR CYQV 280100Z AUTO 31011KT 9SM OVC033 00/M05 A3005 RMK SLP207",CYQV,2026-04-28T01:00:00.000Z,51.2600,-102.4610,0,-5,310,11,,9,30.05,1020.7,,TRUE,,,,,,,,OVC,3300,,,,,,,VFR,,,,,,,,,,,,METAR,493
"METAR CYQW 280100Z AUTO 06005KT 020V110 9SM BKN140 01/M06 A3006 RMK SLP211",CYQW,2026-04-28T01:00:00.000Z,52.7690,-108.2510,1,-6,60,5,,9,30.06,1021.1,,TRUE,,,,,,,,BKN,14000,,,,,,,VFR,,,,,,,,,,,,METAR,545
"METAR CYQZ 280100Z AUTO 00000KT 9SM CLR 19/M04 A2978 RMK SLP101 DENSITY ALT 2800FT",CYQZ,2026-04-28T01:00:00.000Z,53.0270,-122.5060,19,-4,0,0,,9,29.78,1010.1,,TRUE,,,,,,,,,,,,,,,,VFR,,,,,,,,,,,,METAR,548
"METAR CWAE 280100Z 18009KT 15SM SCT058TCU SCT100 15/04 A2991 RMK TCU3AC1 LAST OBS/NXT 281300Z WIND EST SLP134 DENSITY ALT 2700FT",CWAE,2026-04-28T01:00:00.000Z,50.1290,-122.9550,15,4,180,9,,15,29.91,1013.4,,,,,,,,,,SCT,5800,SCT,10000,,,,,VFR,,,,,,,,,,,,METAR,658
"METAR CYAY 280100Z AUTO 15011KT 9SM CLR M02/M05 A3035 RMK SLP280",CYAY,2026-04-28T01:00:00.000Z,51.3900,-56.0810,-2,-5,150,11,,9,30.35,1028,,TRUE,,,,,,,,,,,,,,,,VFR,,,,,,,,,,,,METAR,23
"METAR CYAZ 280100Z 21004KT 180V260 15SM OVC011 11/09 A3005 RMK SC8 LAST STFD OBS/NXT 281300Z SLP178",CYAZ,2026-04-28T01:00:00.000Z,49.0800,-125.7670,11,9,210,4,,15,30.05,1017.8,,,,,,,,,,OVC,1100,,,,,,,MVFR,,,,,,,,,,,,METAR,26
"METAR CYBD 280100Z 24009G21KT 15SM SCT130 BKN260 15/04 A2994 RMK AC4CI3 LAST STFD OBS/NXT 281300Z/ SLP140",CYBD,2026-04-28T01:00:00.000Z,52.3880,-126.5890,15,4,240,9,21,15,29.94,1014,,,,,,,,,,SCT,13000,BKN,26000,,,,,VFR,,,,,,,,,,,,METAR,40
"METAR CYBK 280100Z 34008KT 20SM SCT090 SCT220 M12/M15 A3024 RMK AC3CI1 CI TR SLP244",CYBK,2026-04-28T01:00:00.000Z,64.3060,-96.0780,-12,-15,340,8,,20,30.24,1024.4,,,,,,,,,,SCT,9000,SCT,22000,,,,,VFR,,,,,,,,,,,,METAR,14
"METAR CYBL 280100Z 09006KT 30SM SCT040 16/07 A2999 RMK SC3 SLP159",CYBL,2026-04-28T01:00:00.000Z,49.9510,-125.2690,16,7,90,6,,30,29.99,1015.9,,,,,,,,,,SCT,4000,,,,,,,VFR,,,,,,,,,,,,METAR,94
"METAR CYBR 280100Z 31014G20KT 15SM FEW060 SCT250 05/M06 A2997 RMK SC1CI2 SLP171",CYBR,2026-04-28T01:00:00.000Z,49.9100,-99.9450,5,-6,310,14,20,15,29.97,1017.1,,,,,,,,,,FEW,6000,SCT,25000,,,,,VFR,,,,,,,,,,,,METAR,405
"METAR CYBU 280100Z AUTO 30003KT 9SM OVC049 01/M05 A3006 RMK SLP204",CYBU,2026-04-28T01:00:00.000Z,53.3330,-104.0050,1,-5,300,3,,9,30.06,1020.4,,TRUE,,,,,,,,OVC,4900,,,,,,,VFR,,,,,,,,,,,,METAR,369
"METAR CYBW 280100Z AUTO /////KT 9SM CLR 07/M06 A2986 RMK SLP159",CYBW,2026-04-28T01:00:00.000Z,51.1080,-114.3820,7,-6,,,,9,29.86,1015.9,,TRUE,,,,,,,,,,,,,,,,VFR,,,,,,,,,,,,METAR,1197
"METAR SCEL 280100Z 14006KT 9999 SCT100 BKN130 16/05 Q1019 NOSIG",SCEL,2026-04-28T01:00:00.000Z,-33.3930,-70.7860,16,5,140,6,,6+,30.09,,,,,,TRUE,,,,,SCT,10000,BKN,13000,,,,,VFR,,,,,,,,,,,,METAR,478
"METAR CYBX 280100Z 06002KT 15SM FEW250 M02/M05 A3035 RMK CI2 SLP284",CYBX,2026-04-28T01:00:00.000Z,51.4420,-57.1880,-2,-5,60,2,,15,30.35,1028.4,,,,,,,,,,FEW,25000,,,,,,,VFR,,,,,,,,,,,,METAR,32
"METAR CYCB 280100Z 19009KT 15SM FEW120 FEW240 M09/M11 A3004 RMK AC1CI1 SLP178",CYCB,2026-04-28T01:00:00.000Z,69.1060,-105.1160,-9,-11,190,9,,15,30.04,1017.8,,,,,,,,,,FEW,12000,FEW,24000,,,,,VFR,,,,,,,,,,,,METAR,19
"METAR CYCD 280100Z 08005KT 15SM BKN036 14/08 A3000 RMK SC7 SLP163",CYCD,2026-04-28T01:00:00.000Z,49.0520,-123.8740,14,8,80,5,,15,30.00,1016.3,,,,,,,,,,BKN,3600,,,,,,,VFR,,,,,,,,,,,,METAR,30
"METAR CYCG 280100Z 19013KT 15SM BKN130 18/M03 A2979 RMK AC5 SLP097 DENSITY ALT 2600FT",CYCG,2026-04-28T01:00:00.000Z,49.2950,-117.6340,18,-3,190,13,,15,29.79,1009.7,,,,,,,,,,BKN,13000,,,,,,,VFR,,,,,,,,,,,,METAR,487
"METAR CYCO 280100Z 22014KT 15SM FEW020 FEW060 SCT080 OVC260 M02/M05 A2998 RMK SC1SC2AS3CS3 SC TR SLP155",CYCO,2026-04-28T01:00:00.000Z,67.8170,-115.1350,-2,-5,220,14,,15,29.98,1015.5,,,,,,,,,,FEW,2000,FEW,6000,SCT,8000,OVC,26000,VFR,,,,,,,,,,,,METAR,20
"METAR CYCP 280100Z 36005KT 320V050 15SM FEW080 16/M09 A2983 RMK CU1 CU TR LAST STFD OBS/NXT281300Z SLP125 DENSITY ALT 3000FT",CYCP,2026-04-28T01:00:00.000Z,52.1290,-119.2900,16,-9,360,5,,15,29.83,1012.5,,,,,,,,,,FEW,8000,,,,,,,VFR,,,,,,,,,,,,METAR,677
"METAR CYEK 280100Z AUTO 03014KT 9SM -SN OVC014 M06/M07 A3004 RMK SLP176",CYEK,2026-04-28T01:00:00.000Z,61.0980,-94.0720,-6,-7,30,14,,9,30.04,1017.6,,TRUE,,,,,,,-SN,OVC,1400,,,,,,,MVFR,,,,,,,,,,,,METAR,7
"METAR CYEN 280100Z AUTO 33012G18KT CLR 04/M07 A3003 RMK VIS MISG SLP198",CYEN,2026-04-28T01:00:00.000Z,49.2070,-102.9630,4,-7,330,12,18,,30.03,1019.8,,TRUE,,,,,,,,,,,,,,,,null,,,,,,,,,,,,METAR,580
"METAR CYET 280100Z AUTO 06003KT 040V160 9SM CLR 10/M11 A2983 RMK SLP141 DENSITY ALT 3300FT",CYET,2026-04-28T01:00:00.000Z,53.5800,-116.4550,10,-11,60,3,,9,29.83,1014.1,,TRUE,,,,,,,,,,,,,,,,VFR,,,,,,,,,,,,METAR,925
"METAR CYFS 280100Z 13007KT 090V160 15SM FEW150 FEW250 08/M06 A2991 RMK AC1CI1 AC TR SLP143",CYFS,2026-04-28T01:00:00.000Z,61.7600,-121.2300,8,-6,130,7,,15,29.91,1014.3,,,,,,,,,,FEW,15000,FEW,25000,,,,,VFR,,,,,,,,,,,,METAR,174
"METAR CYGK 280100Z 01002KT 15SM FEW240 15/M01 A3013 RMK CI2 SLP205",CYGK,2026-04-28T01:00:00.000Z,44.2230,-76.5990,15,-1,10,2,,15,30.13,1020.5,,,,,,,,,,FEW,24000,,,,,,,VFR,,,,,,,,,,,,METAR,91
"METAR CYSF 280100Z AUTO VRB02KT 9SM OVC066 M00/M08 A3008 RMK SLP208",CYSF,2026-04-28T01:00:00.000Z,59.2520,-105.8370,0,-8,0,2,,9,30.08,1020.8,,TRUE,,,,,,,,OVC,6600,,,,,,,VFR,,,,,,,,,,,,METAR,238
"METAR CYSM 280100Z 21003KT 160V230 15SM FEW260 04/M07 A3004 RMK CI1 CI TR SLP191",CYSM,2026-04-28T01:00:00.000Z,60.0260,-111.9290,4,-7,210,3,,15,30.04,1019.1,,,,,,,,,,FEW,26000,,,,,,,VFR,,,,,,,,,,,,METAR,203
"METAR CYSN 280100Z 08005KT 15SM BKN240 12/08 A2999 RMK CI6 LAST STFD OBS/NXT 281100Z SLP157",CYSN,2026-04-28T01:00:00.000Z,43.1920,-79.1760,12,8,80,5,,15,29.99,1015.7,,,,,,,,,,BKN,24000,,,,,,,VFR,,,,,,,,,,,,METAR,96
"METAR CYTH 280100Z 34006KT 15SM OVC027 00/M05 A3001 RMK SC8 SLP182",CYTH,2026-04-28T01:00:00.000Z,55.8030,-97.8460,0,-5,340,6,,15,30.01,1018.2,,,,,,,,,,OVC,2700,,,,,,,MVFR,,,,,,,,,,,,METAR,212
"METAR CYTZ 280100Z AUTO 07016G21KT 9SM CLR 11/04 A3001 RMK SLP165",CYTZ,2026-04-28T01:00:00.000Z,43.6270,-79.3970,11,4,70,16,21,9,30.01,1016.5,,TRUE,,,,,,,,,,,,,,,,VFR,,,,,,,,,,,,METAR,76
"METAR CYUB 280100Z 05008KT 7SM VCFG OVC007 M05/M05 A3001 RMK SC8 CIG RAG SLP165",CYUB,2026-04-28T01:00:00.000Z,69.4340,-133.0260,-5,-5,50,8,,7,30.01,1016.5,,,,,,,,,VCFG,OVC,700,,,,,,,IFR,,,,,,,,,,,,METAR,5
"METAR CYUX 280100Z AUTO 23006KT 9SM BKN160 BKN180 M18/M21 A3024 RMK SLP244",CYUX,2026-04-28T01:00:00.000Z,68.7720,-81.2330,-18,-21,230,6,,9,30.24,1024.4,,TRUE,,,,,,,,BKN,16000,BKN,18000,,,,,VFR,,,,,,,,,,,,METAR,8
"METAR CYVC 280100Z 35006KT 15SM OVC033 M01/M07 A3007 RMK SC8 SLP209",CYVC,2026-04-28T01:00:00.000Z,55.1500,-105.2640,-1,-7,350,6,,15,30.07,1020.9,,,,,,,,,,OVC,3300,,,,,,,VFR,,,,,,,,,,,,METAR,378
"METAR CYVM 280100Z AUTO 00000KT 9SM CLR M17/M19 A3011 RMK SLP198",CYVM,2026-04-28T01:00:00.000Z,67.5520,-64.0260,-17,-19,0,0,,9,30.11,1019.8,,TRUE,,,,,,,,,,,,,,,,VFR,,,,,,,,,,,,METAR,3
"METAR CYVO 280100Z 15004KT 15SM SCT260 14/M02 A3004 RMK CI4 SLP184",CYVO,2026-04-28T01:00:00.000Z,48.0560,-77.7790,14,-2,150,4,,15,30.04,1018.4,,,,,,,,,,SCT,26000,,,,,,,VFR,,,,,,,,,,,,METAR,329
"METAR CYVQ 280100Z 26006KT 30SM FEW060 SCT130 BKN200 07/M01 A2990 RMK SC1AC3CI2 SC TR SLP133",CYVQ,2026-04-28T01:00:00.000Z,65.2780,-126.7960,7,-1,260,6,,30,29.90,1013.3,,,,,,,,,,FEW,6000,SCT,13000,BKN,20000,,,VFR,,,,,,,,,,,,METAR,63
"METAR CYVT 280100Z AUTO 03004KT 9SM CLR M01/M09 A3003 RMK SLP200",CYVT,2026-04-28T01:00:00.000Z,55.8420,-108.4180,-1,-9,30,4,,9,30.03,1020,,TRUE,,,,,,,,,,,,,,,,VFR,,,,,,,,,,,,METAR,438
"METAR CYYD 280100Z 34014G21KT 25SM SCT065 BKN210 16/M04 A2981 RMK SC1CS6 SC TR SLP105 DENSITY ALT 2400FT",CYYD,2026-04-28T01:00:00.000Z,54.8230,-127.1850,16,-4,340,14,21,25,29.81,1010.5,,,,,,,,,,SCT,6500,BKN,21000,,,,,VFR,,,,,,,,,,,,METAR,527
"METAR CYYE 280100Z 09006KT 30SM FEW050 FEW250 11/M06 A2988 RMK CU1CI1 CU TR SLP138",CYYE,2026-04-28T01:00:00.000Z,58.8390,-122.5900,11,-6,90,6,,30,29.88,1013.8,,,,,,,,,,FEW,5000,FEW,25000,,,,,VFR,,,,,,,,,,,,METAR,379
"METAR CYYG 280100Z 11007KT 15SM FEW240 05/M05 A3034 RMK CI1 SLP277",CYYG,2026-04-28T01:00:00.000Z,46.2890,-63.1280,5,-5,110,7,,15,30.34,1027.7,,,,,,,,,,FEW,24000,,,,,,,VFR,,,,,,,,,,,,METAR,48
"METAR CYYH 280100Z 17010KT 15SM BKN006 BKN036 BKN220 M15/M18 A3019 RMK SC5SC1CI1 SC TR SLP229",CYYH,2026-04-28T01:00:00.000Z,69.5430,-93.5680,-15,-18,170,10,,15,30.19,1022.9,,,,,,,,,,BKN,600,BKN,3600,BKN,22000,,,IFR,,,,,,,,,,,,METAR,19
"METAR CYYN 280100Z AUTO 08003KT 060V170 9SM CLR 01/M08 A3000 RMK SLP195",CYYN,2026-04-28T01:00:00.000Z,50.2920,-107.6910,1,-8,80,3,,9,30.00,1019.5,,TRUE,,,,,,,,,,,,,,,,VFR,,,,,,,,,,,,METAR,814
"METAR CYYU 280100Z 14011KT 15SM SCT170 BKN180 BKN190 OVC200 11/M01 A2982 RMK AC3AC3AC1CC1 SLP109",CYYU,2026-04-28T01:00:00.000Z,49.4160,-82.4700,11,-1,140,11,,15,29.82,1010.9,,,,,,,,,,SCT,17000,BKN,18000,BKN,19000,OVC,20000,VFR,,,,,,,,,,,,METAR,228
"METAR CYYY 280100Z 06005KT 30SM FEW240 06/03 A3023 RMK CI1 SLP239",CYYY,2026-04-28T01:00:00.000Z,48.6090,-68.2080,6,3,60,5,,30,30.23,1023.9,,,,,,,,,,FEW,24000,,,,,,,VFR,,,,,,,,,,,,METAR,43
"METAR CYZE 280100Z AUTO 11011KT 9SM BKN160 15/04 A2983 RMK SLP107 DENSITY ALT 900FT",CYZE,2026-04-28T01:00:00.000Z,45.8850,-82.5700,15,4,110,11,,9,29.83,1010.7,,TRUE,,,,,,,,BKN,16000,,,,,,,VFR,,,,,,,,,,,,METAR,189
"METAR CYZH 280100Z AUTO 11008KT 9SM CLR 08/M07 A2991 RMK ICE MISG SLP156",CYZH,2026-04-28T01:00:00.000Z,55.2930,-114.7730,8,-7,110,8,,9,29.91,1015.6,,TRUE,,,,,,,,,,,,,,,,VFR,,,,,,,,,,,,METAR,583
"METAR NGTA 280100Z 05004KT 9999 FEW019 SCT100 BKN300 30/24 Q1008",NGTA,2026-04-28T01:00:00.000Z,1.3810,173.1470,30,24,50,4,,6+,29.76,,,,,,,,,,,FEW,1900,SCT,10000,BKN,30000,,,VFR,,,,,,,,,,,,METAR,8
"METAR RJBT 280100Z VRB03KT 9999 FEW030 BKN/// 21/14 Q1011",RJBT,2026-04-28T01:00:00.000Z,35.5130,134.7870,21,14,0,3,,6+,29.85,,,,,,,,,,,FEW,3000,,,,,,,VFR,,,,,,,,,,,,METAR,172
"METAR RJNW 280100Z 20008KT 170V240 9999 FEW015 BKN/// 18/14 Q1011",RJNW,2026-04-28T01:00:00.000Z,37.2930,136.9620,18,14,200,8,,6+,29.85,,,,,,,,,,,FEW,1500,,,,,,,VFR,,,,,,,,,,,,METAR,222
"METAR RJOW 280100Z 22007KT 150V260 9999 FEW030 SCT160 BKN/// 22/11 Q1012",RJOW,2026-04-28T01:00:00.000Z,34.6760,131.7900,22,11,220,7,,6+,29.88,,,,,,,,,,,FEW,3000,SCT,16000,,,,,VFR,,,,,,,,,,,,METAR,54
"METAR RJSF 280100Z 20005KT 150V240 9999 FEW030 BKN/// 17/10 Q1012",RJSF,2026-04-28T01:00:00.000Z,37.2270,140.4280,17,10,200,5,,6+,29.88,,,,,,,,,,,FEW,3000,,,,,,,VFR,,,,,,,,,,,,METAR,373
"METAR ROIG 280100Z 13007KT 100V170 9999 FEW035 SCT/// 26/19 Q1015",ROIG,2026-04-28T01:00:00.000Z,24.3950,124.2450,26,19,130,7,,6+,29.97,,,,,,,,,,,FEW,3500,,,,,,,VFR,,,,,,,,,,,,METAR,37
"METAR FYLZ 280100Z AUTO /////KT //// // ////// 14/05 Q1016",FYLZ,2026-04-28T01:00:00.000Z,-26.6870,15.2430,14,5,,,,,30.00,,,TRUE,,,,,,,,,,,,,,,,null,,,,,,,,,,,,METAR,129
"METAR FYOG 280100Z AUTO 15020KT CAVOK 12/08 Q1020",FYOG,2026-04-28T01:00:00.000Z,-28.5850,16.4470,12,8,150,20,,6+,30.12,,,TRUE,,,,,,,,,,,,,,,,VFR,,,,,,,,,,,,METAR,6
"METAR FAKN 280100Z AUTO 08005KT //// // ////// 17/16 Q1018",FAKN,2026-04-28T01:00:00.000Z,-25.3830,31.1060,17,16,80,5,,,30.06,,,TRUE,,,,,,,,,,,,,,,,null,,,,,,,,,,,,METAR,864
"METAR CYKF 280100Z AUTO 09013G19KT 9SM CLR 12/02 A2998 RMK SLP156",CYKF,2026-04-28T01:00:00.000Z,43.4620,-80.3860,12,2,90,13,19,9,29.98,1015.6,,TRUE,,,,,,,,,,,,,,,,VFR,,,,,,,,,,,,METAR,312
"METAR PLCH 280100Z 09008KT 030V160 9999 SCT019 31/26 Q1007",PLCH,2026-04-28T01:00:00.000Z,1.9880,-157.3490,31,26,90,8,,6+,29.73,,,,,,,,,,,SCT,1900,,,,,,,VFR,,,,,,,,,,,,METAR,5
"METAR SBBW 280100Z AUTO 29003KT 240V310 CAVOK 25/22 Q1014",SBBW,2026-04-28T01:00:00.000Z,-15.8610,-52.3890,25,22,290,3,,6+,29.94,,,TRUE,,,,,,,,,,,,,,,,VFR,,,,,,,,,,,,METAR,354
"METAR DAOY 280100Z 11012KT CAVOK 16/05 Q1015",DAOY,2026-04-28T01:00:00.000Z,33.7210,1.0910,16,5,110,12,,6+,29.97,,,,,,,,,,,,,,,,,,,VFR,,,,,,,,,,,,METAR,1340
"METAR DAUI 280100Z 35004KT 7000 SCT046 28/04 Q1011",DAUI,2026-04-28T01:00:00.000Z,27.2510,2.5120,28,4,350,4,,4.35,29.85,,,,,,,,,,,SCT,4600,,,,,,,MVFR,,,,,,,,,,,,METAR,271
"METAR DAUK 280100Z 06007KT CAVOK 21/10 Q1010",DAUK,2026-04-28T01:00:00.000Z,33.0680,6.0890,21,10,60,7,,6+,29.82,,,,,,,,,,,,,,,,,,,VFR,,,,,,,,,,,,METAR,83
"METAR DAUO 280100Z 09010KT 060V120 6000 NSC 21/11 Q1011",DAUO,2026-04-28T01:00:00.000Z,33.5130,6.7820,21,11,90,10,,3.73,29.85,,,,,,,,,,,,,,,,,,,MVFR,,,,,,,,,,,,METAR,55
"METAR DAUT 280100Z 19006KT CAVOK 25/02 Q1009",DAUT,2026-04-28T01:00:00.000Z,29.2370,0.2760,25,2,190,6,,6+,29.79,,,,,,,,,,,,,,,,,,,VFR,,,,,,,,,,,,METAR,307
"METAR DAUU 280100Z 02004KT 8000 NSC 25/07 Q1010",DAUU,2026-04-28T01:00:00.000Z,31.9170,5.4130,25,7,20,4,,4.97,29.82,,,,,,,,,,,,,,,,,,,MVFR,,,,,,,,,,,,METAR,147
"METAR DAAP 280100Z 13005KT 6000 SCT040 28/02 Q1013",DAAP,2026-04-28T01:00:00.000Z,26.7240,8.6220,28,2,130,5,,3.73,29.91,,,,,,,,,,,SCT,4000,,,,,,,MVFR,,,,,,,,,,,,METAR,542
"METAR DAAY 280100Z 16006KT 8000 NSC 18/03 Q1016",DAAY,2026-04-28T01:00:00.000Z,33.5320,-0.2480,18,3,160,6,,4.97,30.00,,,,,,,,,,,,,,,,,,,MVFR,,,,,,,,,,,,METAR,1116
"METAR DAOF 280100Z 27022KT 8000 FEW046 17/12 Q1012",DAOF,2026-04-28T01:00:00.000Z,27.7000,-8.1670,17,12,270,22,,4.97,29.88,,,,,,,,,,,FEW,4600,,,,,,,MVFR,,,,,,,,,,,,METAR,441
"METAR DAOL 280100Z 04010KT 4000 BR SCT010 SCT026 17/17 Q1010",DAOL,2026-04-28T01:00:00.000Z,35.5420,-0.5320,17,17,40,10,,2.49,29.82,,,,,,,,,,BR,SCT,1000,SCT,2600,,,,,IFR,,,,,,,,,,,,METAR,103
"METAR DAOR 280100Z 18004KT 6000 NSC 22/M05 Q1012",DAOR,2026-04-28T01:00:00.000Z,31.6500,-2.2610,22,-5,180,4,,3.73,29.88,,,,,,,,,,,,,,,,,,,MVFR,,,,,,,,,,,,METAR,809
"METAR DAOV 280100Z 20003KT 8000 FEW026 15/14 Q1011",DAOV,2026-04-28T01:00:00.000Z,35.2080,0.1470,15,14,200,3,,4.97,29.85,,,,,,,,,,,FEW,2600,,,,,,,MVFR,,,,,,,,,,,,METAR,506
"METAR WBGY 280100Z AUTO 16004KT 090V260 //// // ////// 27/26 Q1010",WBGY,2026-04-28T01:00:00.000Z,1.2220,111.4660,27,26,160,4,,,29.82,,,TRUE,,,,,,,,,,,,,,,,null,,,,,,,,,,,,METAR,13
"METAR SBIL 280100Z 28002KT 9999 FEW020 25/24 Q1016",SBIL,2026-04-28T01:00:00.000Z,-14.8160,-39.0330,25,24,280,2,,6+,30.00,,,,,,,,,,,FEW,2000,,,,,,,VFR,,,,,,,,,,,,METAR,9
"METAR SBJU 280100Z 00000KT CAVOK 25/19 Q1015",SBJU,2026-04-28T01:00:00.000Z,-7.2190,-39.2700,25,19,0,0,,6+,29.97,,,,,,,,,,,,,,,,,,,VFR,,,,,,,,,,,,METAR,407
"METAR SBKG 280100Z 15006KT 9999 BKN012 23/22 Q1016",SBKG,2026-04-28T01:00:00.000Z,-7.2700,-35.8950,23,22,150,6,,6+,30.00,,,,,,,,,,,BKN,1200,,,,,,,MVFR,,,,,,,,,,,,METAR,499
"METAR SBLE 280100Z AUTO 01003KT CAVOK 22/22 Q1017",SBLE,2026-04-28T01:00:00.000Z,-12.4820,-41.2770,22,22,10,3,,6+,30.03,,,TRUE,,,,,,,,,,,,,,,,VFR,,,,,,,,,,,,METAR,495
"METAR DRRN 280100Z 23003KT 9000 NSC 29/19 Q1010 NOSIG",DRRN,2026-04-28T01:00:00.000Z,13.4830,2.1700,29,19,230,3,,5.59,29.82,,,,,,TRUE,,,,,,,,,,,,,VFR,,,,,,,,,,,,METAR,223
"METAR DGAA 280100Z 21005KT CAVOK 28/25 Q1010 NOSIG",DGAA,2026-04-28T01:00:00.000Z,5.6000,-0.1700,28,25,210,5,,6+,29.82,,,,,,TRUE,,,,,,,,,,,,,VFR,,,,,,,,,,,,METAR,68
"METAR SBBI 280100Z 08002KT CAVOK 18/11 Q1019",SBBI,2026-04-28T01:00:00.000Z,-25.4040,-49.2320,18,11,80,2,,6+,30.09,,,,,,,,,,,,,,,,,,,VFR,,,,,,,,,,,,METAR,928
"METAR SBCO 280100Z 30006KT CAVOK 12/06 Q1018",SBCO,2026-04-28T01:00:00.000Z,-29.9450,-51.1440,12,6,300,6,,6+,30.06,,,,,,,,,,,,,,,,,,,VFR,,,,,,,,,,,,METAR,8
"METAR SBJV 280100Z 16004KT 9999 SCT015 22/20 Q1016",SBJV,2026-04-28T01:00:00.000Z,-26.2240,-48.7970,22,20,160,4,,6+,30.00,,,,,,,,,,,SCT,1500,,,,,,,VFR,,,,,,,,,,,,METAR,3
"METAR SBMG 280100Z 15005KT CAVOK 19/18 Q1015",SBMG,2026-04-28T01:00:00.000Z,-23.4760,-52.0170,19,18,150,5,,6+,29.97,,,,,,,,,,,,,,,,,,,VFR,,,,,,,,,,,,METAR,543
"METAR SBSM 280100Z 10003KT CAVOK 08/07 Q1019",SBSM,2026-04-28T01:00:00.000Z,-29.7110,-53.6880,8,7,100,3,,6+,30.09,,,,,,,,,,,,,,,,,,,VFR,,,,,,,,,,,,METAR,86
"METAR FMNM 280100Z 12005KT 9999 FEW020 26/26 Q1009",FMNM,2026-04-28T01:00:00.000Z,-15.6670,46.3520,26,26,120,5,,6+,29.79,,,,,,,,,,,FEW,2000,,,,,,,VFR,,,,,,,,,,,,METAR,18
"METAR FMMT 280100Z 28003KT 9999 FEW017 22/21 Q1010",FMMT,2026-04-28T01:00:00.000Z,-18.1100,49.3920,22,21,280,3,,6+,29.82,,,,,,,,,,,FEW,1700,,,,,,,VFR,,,,,,,,,,,,METAR,13
"METAR FMSD 280100Z 32004KT 9999 FEW016 SCT033 24/22 Q1010",FMSD,2026-04-28T01:00:00.000Z,-25.0380,46.9560,24,22,320,4,,6+,29.82,,,,,,,,,,,FEW,1600,SCT,3300,,,,,VFR,,,,,,,,,,,,METAR,7
"METAR SBHT 280100Z 00000KT 9999 FEW020 26/25 Q1012",SBHT,2026-04-28T01:00:00.000Z,-3.2510,-52.2520,26,25,0,0,,6+,29.88,,,,,,,,,,,FEW,2000,,,,,,,VFR,,,,,,,,,,,,METAR,105
"METAR DXXX 280100Z 22004KT 9999 FEW012 28/25 Q1010 NOSIG",DXXX,2026-04-28T01:00:00.000Z,6.1660,1.2540,28,25,220,4,,6+,29.82,,,,,,TRUE,,,,,FEW,1200,,,,,,,VFR,,,,,,,,,,,,METAR,22
"METAR DBBB 280100Z 21006KT 9999 FEW012 29/26 Q1009 NOSIG",DBBB,2026-04-28T01:00:00.000Z,6.3570,2.3840,29,26,210,6,,6+,29.79,,,,,,TRUE,,,,,FEW,1200,,,,,,,VFR,,,,,,,,,,,,METAR,4
"METAR FTTJ 280100Z 01003KT 6000 NSC 29/09 Q1007 NOSIG",FTTJ,2026-04-28T01:00:00.000Z,12.1340,15.0340,29,9,10,3,,3.73,29.73,,,,,,TRUE,,,,,,,,,,,,,MVFR,,,,,,,,,,,,METAR,295
"METAR MKJP 280100Z 12005KT //// ////// 28/23 Q1013 RMK CLD FROM CEILOMETER RWY 30 NCD",MKJP,2026-04-28T01:00:00.000Z,17.9420,-76.7980,28,23,120,5,,,29.91,,,,,,,,,,,,,,,,,,,null,,,,,,,,,,,,METAR,3
"METAR SBAX 280100Z AUTO 19005KT CAVOK 23/17 Q1019",SBAX,2026-04-28T01:00:00.000Z,-19.5630,-46.9600,23,17,190,5,,6+,30.09,,,TRUE,,,,,,,,,,,,,,,,VFR,,,,,,,,,,,,METAR,989
"METAR SBBH 280100Z 08004KT CAVOK 23/17 Q1018",SBBH,2026-04-28T01:00:00.000Z,-19.8510,-43.9510,23,17,80,4,,6+,30.06,,,,,,,,,,,,,,,,,,,VFR,,,,,,,,,,,,METAR,799
"METAR SBBU 280100Z 15007KT CAVOK 23/20 Q1016",SBBU,2026-04-28T01:00:00.000Z,-22.3450,-49.0540,23,20,150,7,,6+,30.00,,,,,,,,,,,,,,,,,,,VFR,,,,,,,,,,,,METAR,616
"METAR SBDN 280100Z COR 11001KT 0500 FG VV000 21/20 Q1015",SBDN,2026-04-28T01:00:00.000Z,-22.1750,-51.4270,21,20,110,1,,0.31,29.97,,TRUE,,,,,,,,FG,OVX,0,,,,,,,LIFR,,,,,,,,,,,0,METAR,438
"METAR SBIP 280100Z AUTO 20002KT CAVOK 21/21 Q1015",SBIP,2026-04-28T01:00:00.000Z,-19.4710,-42.4880,21,21,200,2,,6+,29.97,,,TRUE,,,,,,,,,,,,,,,,VFR,,,,,,,,,,,,METAR,240
"METAR CWJO 280100Z AUTO 16005KT 13/M00 RMK AO1 SLP227 T01331004 53004",CWJO,2026-04-28T01:00:00.000Z,48.4250,-71.1430,13.3,-0.4,160,5,,,,1022.7,,TRUE,TRUE,,,,,,,,,,,,,,,null,0.04,,,,,,,,,,,METAR,113
"METAR SBLS 280100Z 15004KT CAVOK 23/17 Q1019",SBLS,2026-04-28T01:00:00.000Z,-19.6620,-43.8960,23,17,150,4,,6+,30.09,,,,,,,,,,,,,,,,,,,VFR,,,,,,,,,,,,METAR,850
"METAR SBME 280100Z 25001KT CAVOK 25/22 Q1014",SBME,2026-04-28T01:00:00.000Z,-22.3430,-41.7660,25,22,250,1,,6+,29.94,,,,,,,,,,,,,,,,,,,VFR,,,,,,,,,,,,METAR,2
"METAR SBMK 280100Z 00000KT CAVOK 22/18 Q1017",SBMK,2026-04-28T01:00:00.000Z,-16.7050,-43.8190,22,18,0,0,,6+,30.03,,,,,,,,,,,,,,,,,,,VFR,,,,,,,,,,,,METAR,665
"METAR SBMT 280100Z 13003KT 8000 BKN015 BKN030 21/20 Q1019",SBMT,2026-04-28T01:00:00.000Z,-23.5090,-46.6380,21,20,130,3,,4.97,30.09,,,,,,,,,,,BKN,1500,BKN,3000,,,,,MVFR,,,,,,,,,,,,METAR,722
"METAR SBSC 280100Z 16008KT 9999 FEW010 BKN030 25/23 Q1015",SBSC,2026-04-28T01:00:00.000Z,-22.9320,-43.7190,25,23,160,8,,6+,29.97,,,,,,,,,,,FEW,1000,BKN,3000,,,,,MVFR,,,,,,,,,,,,METAR,6
"METAR SBSR 280100Z 19003KT CAVOK 23/19 Q1016",SBSR,2026-04-28T01:00:00.000Z,-20.8170,-49.4070,23,19,190,3,,6+,30.00,,,,,,,,,,,,,,,,,,,VFR,,,,,,,,,,,,METAR,537
"METAR SBTA 280100Z 20005KT CAVOK 22/20 Q1017",SBTA,2026-04-28T01:00:00.000Z,-23.0400,-45.5160,22,20,200,5,,6+,30.03,,,,,,,,,,,,,,,,,,,VFR,,,,,,,,,,,,METAR,578
"METAR SBUL 280100Z 21006KT CAVOK 22/18 Q1019",SBUL,2026-04-28T01:00:00.000Z,-18.8830,-48.2260,22,18,210,6,,6+,30.09,,,,,,,,,,,,,,,,,,,VFR,,,,,,,,,,,,METAR,945
"METAR SBUR 280100Z 12004KT CAVOK 24/18 Q1018",SBUR,2026-04-28T01:00:00.000Z,-19.7650,-47.9650,24,18,120,4,,6+,30.06,,,,,,,,,,,,,,,,,,,VFR,,,,,,,,,,,,METAR,807
"METAR SBYS 280100Z 19006KT CAVOK 23/20 Q1018",SBYS,2026-04-28T01:00:00.000Z,-21.9820,-47.3400,23,20,190,6,,6+,30.06,,,,,,,,,,,,,,,,,,,VFR,,,,,,,,,,,,METAR,600
"METAR CWCI 280100Z AUTO 12027KT 06/03 RMK AO1 4PAST HR 8025 PK WND 12031/0053 SLP040 P0002 T00590033 50004",CWCI,2026-04-28T01:00:00.000Z,47.3410,-85.8070,5.9,3.3,120,27,,,,1004,,TRUE,TRUE,,,,,,,,,,,,,,,null,0.04,,,,,0.02,,,,,,METAR,167
"METAR OYSY 280100Z VRB02KT CAVOK 24/05 Q1011",OYSY,2026-04-28T01:00:00.000Z,15.9660,48.7880,24,5,0,2,,6+,29.85,,,,,,,,,,,,,,,,,,,VFR,,,,,,,,,,,,METAR,701
"METAR SCCI 280100Z 29016KT CAVOK 07/03 Q1000 NOSIG",SCCI,2026-04-28T01:00:00.000Z,-53.0030,-70.8550,7,3,290,16,,6+,29.53,,,,,,TRUE,,,,,,,,,,,,,VFR,,,,,,,,,,,,METAR,37
"METAR CWRU 280100Z AUTO 31030KT 09/05 RMK AO1 PK WND 31034/0059 SLP171 T00850050 53004",CWRU,2026-04-28T01:00:00.000Z,50.1120,-127.9410,8.5,5,310,30,,,,1017.1,,TRUE,TRUE,,,,,,,,,,,,,,,null,0.04,,,,,,,,,,,METAR,76
"METAR CWWL 280100Z AUTO 34014G22KT 08/ RMK AO1 PK WND 34023/0044 SLP169 T0081 53003",CWWL,2026-04-28T01:00:00.000Z,53.4930,-130.6380,8.1,,340,14,22,,,1016.9,,TRUE,TRUE,,,,,,,,,,,,,,,null,0.03,,,,,,,,,,,METAR,8
"METAR CWQS 280100Z AUTO 33027G32KT 07/04 RMK AO1 PK WND 33032/0048 SLP210 T00650038 50003",CWQS,2026-04-28T01:00:00.000Z,53.3160,-132.7720,6.5,3.8,330,27,32,,,1021,,TRUE,TRUE,,,,,,,,,,,,,,,null,0.03,,,,,,,,,,,METAR,10
"METAR SBCY 280100Z 03002KT 6000 -TSRA BKN020 FEW025CB BKN100 24/24 Q1014",SBCY,2026-04-28T01:00:00.000Z,-15.6530,-56.1160,24,24,30,2,,3.73,29.94,,,,,,,,,,-TSRA,BKN,2000,FEW,2500,BKN,10000,,,MVFR,,,,,,,,,,,,METAR,182
"METAR HKML 280100Z 00000KT 9999 SCT020 26/25 Q1009",HKML,2026-04-28T01:00:00.000Z,-3.2290,40.1020,26,25,0,0,,6+,29.79,,,,,,,,,,,SCT,2000,,,,,,,VFR,,,,,,,,,,,,METAR,20
"METAR TNCM 280100Z 11007KT 9999 FEW016 BKN035 27/24 Q1016 NOSIG ",TNCM,2026-04-28T01:00:00.000Z,18.0410,-63.1090,27,24,110,7,,6+,30.00,,,,,,TRUE,,,,,FEW,1600,BKN,3500,,,,,VFR,,,,,,,,,,,,METAR,9
"METAR BIEG 280100Z 22018G28KT CAVOK 10/02 Q1010",BIEG,2026-04-28T01:00:00.000Z,65.2750,-14.4090,10,2,220,18,28,6+,29.82,,,,,,,,,,,,,,,,,,,VFR,,,,,,,,,,,,METAR,20
"METAR BIAR 280100Z 14032G42KT 9999 FEW060 11/04 Q1005",BIAR,2026-04-28T01:00:00.000Z,65.6550,-18.0690,11,4,140,32,42,6+,29.68,,,,,,,,,,,FEW,6000,,,,,,,VFR,,,,,,,,,,,,METAR,1
"METAR MHTG 280100Z 06002KT 9999 FEW034CB 27/13 Q1017 A3003 NOSIG",MHTG,2026-04-28T01:00:00.000Z,14.0600,-87.2160,27,13,60,2,,6+,30.03,,,,,,TRUE,,,,,FEW,3400,,,,,,,VFR,,,,,,,,,,,,METAR,1001
"METAR MHLM 280100Z 03011KT 9999 FEW028 28/25 Q1011 A2986 NOSIG",MHLM,2026-04-28T01:00:00.000Z,15.4420,-87.9340,28,25,30,11,,6+,29.85,,,,,,TRUE,,,,,FEW,2800,,,,,,,VFR,,,,,,,,,,,,METAR,32
"METAR MHLC 280100Z 07004KT 9999 FEW023 28/25 Q1011 A2985 NOSIG",MHLC,2026-04-28T01:00:00.000Z,15.7370,-86.8640,28,25,70,4,,6+,29.85,,,,,,TRUE,,,,,FEW,2300,,,,,,,VFR,,,,,,,,,,,,METAR,13
"METAR MHRO 280100Z 04005KT CAVOK 28/25 Q1011 A2985 NOSIG",MHRO,2026-04-28T01:00:00.000Z,16.3160,-86.5230,28,25,40,5,,6+,29.85,,,,,,TRUE,,,,,,,,,,,,,VFR,,,,,,,,,,,,METAR,6
"METAR SGES 280100Z 19008KT CAVOK 15/08 Q1017",SGES,2026-04-28T01:00:00.000Z,-25.4610,-54.8490,15,8,190,8,,6+,30.03,,,,,,,,,,,,,,,,,,,VFR,,,,,,,,,,,,METAR,256
"METAR SBPJ 280100Z 20005KT 9999 FEW027 BKN090 26/24 Q1014",SBPJ,2026-04-28T01:00:00.000Z,-10.2910,-48.3570,26,24,200,5,,6+,29.94,,,,,,,,,,,FEW,2700,BKN,9000,,,,,VFR,,,,,,,,,,,,METAR,226
"METAR ORER 280100Z VRB01KT 9000 FEW035 BKN090 17/16 Q1009",ORER,2026-04-28T01:00:00.000Z,36.2320,43.9510,17,16,0,1,,5.59,29.79,,,,,,,,,,,FEW,3500,BKN,9000,,,,,VFR,,,,,,,,,,,,METAR,399
"METAR SBEG 280100Z 08003KT 9999 -RA VCTS FEW007 FEW025CB BKN100 25/24 Q1011 RETS",SBEG,2026-04-28T01:00:00.000Z,-3.0390,-60.0500,25,24,80,3,,6+,29.85,,,,,,,,,,-RA VCTS,FEW,700,FEW,2500,BKN,10000,,,VFR,,,,,,,,,,,,METAR,69
"METAR SBSV 280100Z 10010KT 080V150 9999 FEW025 28/22 Q1015",SBSV,2026-04-28T01:00:00.000Z,-12.9110,-38.3310,28,22,100,10,,6+,29.97,,,,,,,,,,,FEW,2500,,,,,,,VFR,,,,,,,,,,,,METAR,9
"METAR RKSM 280100Z 24005KT 9999 BKN020 OVC030 12/08 A2992",RKSM,2026-04-28T01:00:00.000Z,37.4460,127.1140,12,8,240,5,,6+,29.92,,,,,,,,,,,BKN,2000,OVC,3000,,,,,MVFR,,,,,,,,,,,,METAR,18
"METAR FYWE 280100Z AUTO 16002KT //// // ////// 13/10 Q1024",FYWE,2026-04-28T01:00:00.000Z,-22.6120,17.0800,13,10,160,2,,,30.24,,,TRUE,,,,,,,,,,,,,,,,null,,,,,,,,,,,,METAR,1700
"METAR FYWB 280100Z AUTO 05005KT //// // ////// 13/09 Q1015",FYWB,2026-04-28T01:00:00.000Z,-22.9800,14.6450,13,9,50,5,,,29.97,,,TRUE,,,,,,,,,,,,,,,,null,,,,,,,,,,,,METAR,87
"METAR FYOA 280100Z AUTO 03001KT //// // ////// 18/18 Q1015",FYOA,2026-04-28T01:00:00.000Z,-17.8780,15.9530,18,18,30,1,,,29.97,,,TRUE,,,,,,,,,,,,,,,,null,,,,,,,,,,,,METAR,1099
"METAR FYKM 280100Z AUTO 00000KT //// // ////// 17/15 Q1016",FYKM,2026-04-28T01:00:00.000Z,-17.6340,24.1770,17,15,0,0,,,30.00,,,TRUE,,,,,,,,,,,,,,,,null,,,,,,,,,,,,METAR,959
"METAR FAUT 280100Z AUTO 23005KT //// // ////// 06/02 Q1017",FAUT,2026-04-28T01:00:00.000Z,-31.5460,28.6730,6,2,230,5,,,30.03,,,TRUE,,,,,,,,,,,,,,,,null,,,,,,,,,,,,METAR,735
"METAR SGAS 280100Z 18010KT CAVOK 15/09 Q1017",SGAS,2026-04-28T01:00:00.000Z,-25.2480,-57.5190,15,9,180,10,,6+,30.03,,,,,,,,,,,,,,,,,,,VFR,,,,,,,,,,,,METAR,83
"METAR DAAS 280100Z 06004KT 8000 FEW010 13/13 Q1017",DAAS,2026-04-28T01:00:00.000Z,36.1800,5.3300,13,13,60,4,,4.97,30.03,,,,,,,,,,,FEW,1000,,,,,,,MVFR,,,,,,,,,,,,METAR,1012
"METAR CXSE 280100Z AUTO 28014KT M06/M07 RMK AO1 PK WND 28018/0059 SLP090 T10571066 57003",CXSE,2026-04-28T01:00:00.000Z,73.7660,-105.2960,-5.7,-6.6,280,14,,,,1009,,TRUE,TRUE,,,,,,,,,,,,,,,null,-0.03,,,,,,,,,,,METAR,11
"SPECI KFCM 280100Z 31012G22KT 10SM OVC013 08/07 A2956 RMK AO2 T00830072",KFCM,2026-04-28T01:00:00.000Z,44.8321,-93.4705,8.3,7.2,310,12,22,10+,29.56,,,,TRUE,,,,,,,OVC,1300,,,,,,,MVFR,,,,,,,,,,,,SPECI,276
"METAR TNCA 280100Z 08016KT 9999 FEW018 28/24 Q1012 NOSIG",TNCA,2026-04-28T01:00:00.000Z,12.5010,-70.0150,28,24,80,16,,6+,29.88,,,,,,TRUE,,,,,FEW,1800,,,,,,,VFR,,,,,,,,,,,,METAR,7
"METAR WSSL 280100Z 07006KT 040V100 9999 FEW018 BKN300 29/26 Q1009",WSSL,2026-04-28T01:00:00.000Z,1.4170,103.8660,29,26,70,6,,6+,29.79,,,,,,,,,,,FEW,1800,BKN,30000,,,,,VFR,,,,,,,,,,,,METAR,11
"METAR GGOV 280100Z 28005KT 8000 NSC 23/20 Q1011 NOSIG",GGOV,2026-04-28T01:00:00.000Z,11.8950,-15.6540,23,20,280,5,,4.97,29.85,,,,,,TRUE,,,,,,,,,,,,,MVFR,,,,,,,,,,,,METAR,31
"METAR VLPS 280100Z 14004KT 6000 SCT020 BKN040 27/25 Q1010 NOSIG RERA",VLPS,2026-04-28T01:00:00.000Z,15.1320,105.7810,27,25,140,4,,3.73,29.82,,,,,,TRUE,,,,,SCT,2000,BKN,4000,,,,,MVFR,,,,,,,,,,,,METAR,102
"METAR VLSK 280100Z 14004KT 6000 SCT020 BKN100 25/24 Q1011 NOSIG",VLSK,2026-04-28T01:00:00.000Z,16.5570,104.7600,25,24,140,4,,3.73,29.85,,,,,,TRUE,,,,,SCT,2000,BKN,10000,,,,,MVFR,,,,,,,,,,,,METAR,148
"METAR VLLN 280100Z 18002KT 3000 BR SCT017 BKN100 20/19 Q1012 NOSIG",VLLN,2026-04-28T01:00:00.000Z,20.9630,101.4030,20,19,180,2,,1.86,29.88,,,,,,TRUE,,,,BR,SCT,1700,BKN,10000,,,,,IFR,,,,,,,,,,,,METAR,548
"METAR VLLB 280100Z 22002KT 9999 SCT020 BKN060 23/21 Q1009 NOSIG",VLLB,2026-04-28T01:00:00.000Z,19.8970,102.1610,23,21,220,2,,6+,29.79,,,,,,TRUE,,,,,SCT,2000,BKN,6000,,,,,VFR,,,,,,,,,,,,METAR,297
"METAR MDST 280100Z 12004KT 070V160 9999 TS FEW016CB SCT018 24/22 Q1016 CB/NE/E",MDST,2026-04-28T01:00:00.000Z,19.4070,-70.6140,24,22,120,4,,6+,30.00,,,,,,,,,,TS,FEW,1600,SCT,1800,,,,,VFR,,,,,,,,,,,,METAR,175
"METAR SKRG 280100Z VRB01KT 9999 BKN020 16/15 Q1026",SKRG,2026-04-28T01:00:00.000Z,6.1690,-75.4260,16,15,0,1,,6+,30.30,,,,,,,,,,,BKN,2000,,,,,,,MVFR,,,,,,,,,,,,METAR,2132
"METAR FGBT 280100Z 15002KT 9999 FEW010 26/26 Q1009 NOSIG",FGBT,2026-04-28T01:00:00.000Z,1.9050,9.8060,26,26,150,2,,6+,29.79,,,,,,TRUE,,,,,FEW,1000,,,,,,,VFR,,,,,,,,,,,,METAR,2
"METAR FGSL 280100Z 25006KT 9999 SCT008 27/25 Q1011 NOSIG",FGSL,2026-04-28T01:00:00.000Z,3.7560,8.7100,27,25,250,6,,6+,29.85,,,,,,TRUE,,,,,SCT,800,,,,,,,VFR,,,,,,,,,,,,METAR,23
"METAR VTSY 280100Z VRB01KT 2000 BR OVC003 23/23 Q1011 NOSIG",VTSY,2026-04-28T01:00:00.000Z,5.7880,101.1470,23,23,0,1,,1.24,29.85,,,,,,TRUE,,,,BR,OVC,300,,,,,,,LIFR,,,,,,,,,,,,METAR,225
"METAR SBNT 280100Z 14007KT 9999 VCSH SCT020 SCT100 26/24 Q1013",SBNT,2026-04-28T01:00:00.000Z,-5.9110,-35.2480,26,24,140,7,,6+,29.91,,,,,,,,,,VCSH,SCT,2000,SCT,10000,,,,,VFR,,,,,,,,,,,,METAR,51
"METAR OISF 280100Z 00000KT CAVOK 14/10 Q1015 A3000",OISF,2026-04-28T01:00:00.000Z,28.8950,53.7200,14,10,0,0,,6+,29.97,,,,,,,,,,,,,,,,,,,VFR,,,,,,,,,,,,METAR,1305
"METAR OIAH 280100Z 27016KT 8000 TSRA FEW035CB SCT040 BKN090 17/14 Q1015",OIAH,2026-04-28T01:00:00.000Z,30.3360,50.8300,17,14,270,16,,4.97,29.97,,,,,,,,,,TSRA,FEW,3500,SCT,4000,BKN,9000,,,MVFR,,,,,,,,,,,,METAR,730
"METAR VTUQ 280100Z 25004KT 220V280 CAVOK 30/22 Q1010 NOSIG",VTUQ,2026-04-28T01:00:00.000Z,14.9500,102.3130,30,22,250,4,,6+,29.82,,,,,,TRUE,,,,,,,,,,,,,VFR,,,,,,,,,,,,METAR,225
"METAR OESH 280100Z 21005KT CAVOK 25/08 Q1010 NOSIG",OESH,2026-04-28T01:00:00.000Z,17.4670,47.1210,25,8,210,5,,6+,29.82,,,,,,TRUE,,,,,,,,,,,,,VFR,,,,,,,,,,,,METAR,720
"METAR VTCP 280100Z 21006KT 8000 NSC 29/23 Q1009 NOSIG",VTCP,2026-04-28T01:00:00.000Z,18.1290,100.1620,29,23,210,6,,4.97,29.79,,,,,,TRUE,,,,,,,,,,,,,MVFR,,,,,,,,,,,,METAR,166
"METAR VTCN 280100Z 03004KT 340V060 CAVOK 25/21 Q1010 NOSIG",VTCN,2026-04-28T01:00:00.000Z,18.8070,100.7870,25,21,30,4,,6+,29.82,,,,,,TRUE,,,,,,,,,,,,,VFR,,,,,,,,,,,,METAR,211
"METAR VTCL 280100Z 00000KT CAVOK 28/22 Q1010 NOSIG",VTCL,2026-04-28T01:00:00.000Z,18.2770,99.5020,28,22,0,0,,6+,29.82,,,,,,TRUE,,,,,,,,,,,,,VFR,,,,,,,,,,,,METAR,240
"METAR VTCH 280100Z VRB01KT 8000 -RA FEW020TCU BKN025 25/22 Q1010 NOSIG",VTCH,2026-04-28T01:00:00.000Z,19.3020,97.9720,25,22,0,1,,4.97,29.82,,,,,,TRUE,,,,-RA,FEW,2000,BKN,2500,,,,,MVFR,,,,,,,,,,,,METAR,266
"METAR HKJK 280100Z 32006KT 9999 BKN015 16/15 Q1020 NOSIG",HKJK,2026-04-28T01:00:00.000Z,-1.3190,36.9280,16,15,320,6,,6+,30.12,,,,,,TRUE,,,,,BKN,1500,,,,,,,MVFR,,,,,,,,,,,,METAR,1615
"METAR VRMM 280100Z 27009KT 9999 FEW018 FEW019CB SCT120 BKN280 30/27 Q1007 CB SE NOSIG",VRMM,2026-04-28T01:00:00.000Z,4.1920,73.5290,30,27,270,9,,6+,29.73,,,,,,TRUE,,,,,FEW,1800,FEW,1900,SCT,12000,BKN,28000,VFR,,,,,,,,,,,,METAR,2
"METAR UTAM 280100Z 00000KT CAVOK 15/06 Q1010 R88/CLRD70 NOSIG",UTAM,2026-04-28T01:00:00.000Z,37.6190,61.8970,15,6,0,0,,6+,29.82,,,,,,TRUE,,,,,,,,,,,,,VFR,,,,,,,,,,,,METAR,218
"METAR UZFA 280100Z 24006KT 9999 NSC 18/12 Q1011",UZFA,2026-04-28T01:00:00.000Z,40.7270,72.2940,18,12,240,6,,6+,29.85,,,,,,,,,,,,,,,,,,,VFR,,,,,,,,,,,,METAR,474
"METAR UTAK 280100Z 30008KT 9999 BKN006 12/11 Q1013 R34L/CLRD70 TEMPO 3000 BR BKN003",UTAK,2026-04-28T01:00:00.000Z,40.0540,53.0070,12,11,300,8,,6+,29.91,,,,,,,,,,,BKN,600,,,,,,,IFR,,,,,,,,,,,,METAR,83
"METAR VGEG 280100Z 15004KT 4000 HZ SCT016 FEW030CB OVC100 27/25 Q1007 TEMPO TSRA",VGEG,2026-04-28T01:00:00.000Z,22.2490,91.8140,27,25,150,4,,2.49,29.73,,,,,,,,,,HZ,SCT,1600,FEW,3000,OVC,10000,,,IFR,,,,,,,,,,,,METAR,7
"METAR UTAT 280100Z 09010KT CAVOK 15/03 Q1012 R08/CLRD70 NOSIG",UTAT,2026-04-28T01:00:00.000Z,41.7610,59.8270,15,3,90,10,,6+,29.88,,,,,,TRUE,,,,,,,,,,,,,VFR,,,,,,,,,,,,METAR,84
"METAR UTAV 280100Z 36004KT CAVOK 15/08 Q1009 R31/CLRD70 NOSIG",UTAV,2026-04-28T01:00:00.000Z,39.0830,63.6130,15,8,360,4,,6+,29.79,,,,,,TRUE,,,,,,,,,,,,,VFR,,,,,,,,,,,,METAR,187
"METAR FAPP 280100Z AUTO 00000KT //// // ////// 16/16 Q1020",FAPP,2026-04-28T01:00:00.000Z,-23.8450,29.4590,16,16,0,0,,,30.12,,,TRUE,,,,,,,,,,,,,,,,null,,,,,,,,,,,,METAR,1238
"METAR RPLL 280100Z 10010KT 070V140 9999 FEW025 SCT100 31/23 Q1012 NOSIG RMK A2988",RPLL,2026-04-28T01:00:00.000Z,14.5070,121.0040,31,23,100,10,,6+,29.88,,,,,,TRUE,,,,,FEW,2500,SCT,10000,,,,,VFR,,,,,,,,,,,,METAR,15
"METAR FAMM 280100Z AUTO 18002KT //// // ////// 10/07 Q1020",FAMM,2026-04-28T01:00:00.000Z,-25.7980,25.5480,10,7,180,2,,,30.12,,,TRUE,,,,,,,,,,,,,,,,null,,,,,,,,,,,,METAR,1280
"METAR SBMQ 280100Z 02006KT CAVOK 27/25 Q1013",SBMQ,2026-04-28T01:00:00.000Z,0.0510,-51.0720,27,25,20,6,,6+,29.91,,,,,,,,,,,,,,,,,,,VFR,,,,,,,,,,,,METAR,15
"METAR RPVP 280100Z 33006KT 9000 FEW017CB BKN080 27/25 Q1011 RMK A2985 CB/OCNL TS N-NE-E",RPVP,2026-04-28T01:00:00.000Z,9.7420,118.7590,27,25,330,6,,5.59,29.85,,,,,,,,,,,FEW,1700,BKN,8000,,,,,VFR,,,,,,,,,,,,METAR,15
"METAR DAAE 280100Z 11003KT 6000 SCT016 FEW020CB BKN033 18/17 Q1014",DAAE,2026-04-28T01:00:00.000Z,36.7120,5.0700,18,17,110,3,,3.73,29.94,,,,,,,,,,,SCT,1600,FEW,2000,BKN,3300,,,MVFR,,,,,,,,,,,,METAR,1
"METAR NSFA 280100Z 06010KT 9999 FEW020CB SCT022 32/25 Q1009 RMK CB TO SW",NSFA,2026-04-28T01:00:00.000Z,-13.8290,-171.9930,32,25,60,10,,6+,29.79,,,,,,,,,,,FEW,2000,SCT,2200,,,,,VFR,,,,,,,,,,,,METAR,6
"METAR SBLB 280100Z AUTO 02026KT 9999 NCD 27/24 Q1014 W///S4",SBLB,2026-04-28T01:00:00.000Z,-22.1090,-39.9170,27,24,20,26,,6+,29.94,,,TRUE,,,,,,,,,,,,,,,,VFR,,,,,,,,,,,,METAR,10
"METAR TTCP 280100Z 08007KT 9999 FEW016 27/24 Q1014 NOSIG",TTCP,2026-04-28T01:00:00.000Z,11.1490,-60.8360,27,24,80,7,,6+,29.94,,,,,,TRUE,,,,,FEW,1600,,,,,,,VFR,,,,,,,,,,,,METAR,13
"METAR CYMA 280100Z 23007KT 170V250 20SM SCT070 BKN100 13/M06 A2980 RMK AC3AC3 SLP117 DENSITY ALT 2000FT",CYMA,2026-04-28T01:00:00.000Z,63.6160,-135.8800,13,-6,230,7,,20,29.80,1011.7,,,,,,,,,,SCT,7000,BKN,10000,,,,,VFR,,,,,,,,,,,,METAR,519
"METAR SBSJ 280100Z 17002KT CAVOK 21/20 Q1018",SBSJ,2026-04-28T01:00:00.000Z,-23.2290,-45.8610,21,20,170,2,,6+,30.06,,,,,,,,,,,,,,,,,,,VFR,,,,,,,,,,,,METAR,640
"METAR SANL 280100Z 18003KT CAVOK 10/07 Q1015",SANL,2026-04-28T01:00:00.000Z,-29.3830,-66.7950,10,7,180,3,,6+,29.97,,,,,,,,,,,,,,,,,,,VFR,,,,,,,,,,,,METAR,438
"METAR SBPV 280100Z 09005KT 9999 FEW035 FEW040TCU BKN100 27/22 Q1012",SBPV,2026-04-28T01:00:00.000Z,-8.7080,-63.9010,27,22,90,5,,6+,29.88,,,,,,,,,,,FEW,3500,FEW,4000,BKN,10000,,,VFR,,,,,,,,,,,,METAR,89
"METAR SBBR 280100Z 36005KT 300V030 9999 SCT040 SCT100 23/19 Q1020",SBBR,2026-04-28T01:00:00.000Z,-15.8670,-47.9330,23,19,360,5,,6+,30.12,,,,,,,,,,,SCT,4000,SCT,10000,,,,,VFR,,,,,,,,,,,,METAR,1051
"METAR SBSL 280100Z 29002KT 9999 FEW017 BKN090 25/24 Q1013",SBSL,2026-04-28T01:00:00.000Z,-2.5850,-44.2340,25,24,290,2,,6+,29.91,,,,,,,,,,,FEW,1700,BKN,9000,,,,,VFR,,,,,,,,,,,,METAR,53
"METAR FAWB 280100Z AUTO 00000KT //// // ////// 16/16 Q1018",FAWB,2026-04-28T01:00:00.000Z,-25.6540,28.2240,16,16,0,0,,,30.06,,,TRUE,,,,,,,,,,,,,,,,null,,,,,,,,,,,,METAR,1245
"METAR FAWK 280100Z AUTO 00000KT //// // ////// 11/11 Q1021",FAWK,2026-04-28T01:00:00.000Z,-25.8300,28.2230,11,11,0,0,,,30.15,,,TRUE,,,,,,,,,,,,,,,,null,,,,,,,,,,,,METAR,1496
"METAR FAKM 280100Z AUTO 20005KT //// // ////// 04/02 Q1021",FAKM,2026-04-28T01:00:00.000Z,-28.8030,24.7650,4,2,200,5,,,30.15,,,TRUE,,,,,,,,,,,,,,,,null,,,,,,,,,,,,METAR,1203
"METAR SBRB 280100Z 00000KT 9999 FEW020 BKN100 24/24 Q1011",SBRB,2026-04-28T01:00:00.000Z,-9.8670,-67.8970,24,24,0,0,,6+,29.85,,,,,,,,,,,FEW,2000,BKN,10000,,,,,VFR,,,,,,,,,,,,METAR,190
"METAR MGMM 280100Z 07008KT CAVOK 32/22 Q1011 A2985",MGMM,2026-04-28T01:00:00.000Z,16.9140,-89.8660,32,22,70,8,,6+,29.85,,,,,,,,,,,,,,,,,,,VFR,,,,,,,,,,,,METAR,105
"METAR FVRG 280100Z 10004KT CAVOK 15/14 Q1021 NOSIG",FVRG,2026-04-28T01:00:00.000Z,-17.9210,31.1000,15,14,100,4,,6+,30.15,,,,,,TRUE,,,,,,,,,,,,,VFR,,,,,,,,,,,,METAR,1490
"METAR SBMN 280100Z 07002KT 9999 -RA VCTS FEW009 FEW035CB BKN100 24/23 Q1012",SBMN,2026-04-28T01:00:00.000Z,-3.1460,-59.9860,24,23,70,2,,6+,29.88,,,,,,,,,,-RA VCTS,FEW,900,FEW,3500,BKN,10000,,,VFR,,,,,,,,,,,,METAR,71
"METAR BIRK 280100Z 18020KT 9999 BKN009 09/08 Q1007 REDZRA",BIRK,2026-04-28T01:00:00.000Z,64.1290,-21.9410,9,8,180,20,,6+,29.73,,,,,,,,,,RA,BKN,900,,,,,,,IFR,,,,,,,,,,,,METAR,12
"METAR SERO 280100Z 18004KT 9999 DZ FEW010 SCT016 OVC080 24/23 Q1012 RMK A2989",SERO,2026-04-28T01:00:00.000Z,-3.4350,-79.9780,24,23,180,4,,6+,29.88,,,,,,,,,,DZ,FEW,1000,SCT,1600,OVC,8000,,,VFR,,,,,,,,,,,,METAR,6
"METAR SECU 280100Z 03006KT 9999 FEW005 OVC030 14/13 Q1028 RMK A3037",SECU,2026-04-28T01:00:00.000Z,-2.8890,-78.9840,14,13,30,6,,6+,30.35,,,,,,,,,,,FEW,500,OVC,3000,,,,,MVFR,,,,,,,,,,,,METAR,2516
"METAR RPLC 280100Z 36004KT 9999 BKN019 30/23 Q1013 NOSIG RMK A2991",RPLC,2026-04-28T01:00:00.000Z,15.1860,120.5600,30,23,360,4,,6+,29.91,,,,,,TRUE,,,,,BKN,1900,,,,,,,MVFR,,,,,,,,,,,,METAR,138
"METAR GMFB 280100Z AUTO VRB02KT 9999 NSC 19/M01 Q1013 NOSIG",GMFB,2026-04-28T01:00:00.000Z,32.5140,-1.9780,19,-1,0,2,,6+,29.91,,,TRUE,,,TRUE,,,,,,,,,,,,,VFR,,,,,,,,,,,,METAR,1106
"METAR GMTA 280100Z 25004KT 190V290 8000 FEW020 SCT033CB BKN040 18/16 Q1011 RETS NOSIG",GMTA,2026-04-28T01:00:00.000Z,35.1770,-3.8400,18,16,250,4,,4.97,29.85,,,,,,TRUE,,,,,FEW,2000,SCT,3300,BKN,4000,,,MVFR,,,,,,,,,,,,METAR,14
"METAR SELT 280100Z 20003KT 9999 SCT030 10/09 Q1032 RMK A3048",SELT,2026-04-28T01:00:00.000Z,-0.9210,-78.6190,10,9,200,3,,6+,30.47,,,,,,,,,,,SCT,3000,,,,,,,VFR,,,,,,,,,,,,METAR,2779
"METAR UMGG 280100Z 27006G09MPS CAVOK 01/M04 Q1013 NOSIG",UMGG,2026-04-28T01:00:00.000Z,52.5250,31.0150,1,-4,270,12,17,6+,29.91,,,,,,TRUE,,,,,,,,,,,,,VFR,,,,,,,,,,,,METAR,135
"METAR NVSC 280100Z 00000KT 9999 BKN018 OVC040 29/27 Q1010 RERA",NVSC,2026-04-28T01:00:00.000Z,-13.8520,167.5370,29,27,0,0,,6+,29.82,,,,,,,,,,,BKN,1800,OVC,4000,,,,,MVFR,,,,,,,,,,,,METAR,11
"METAR NVSG 280100Z 13008KT 9999 FEW020 SCT270 31/28 Q1009",NVSG,2026-04-28T01:00:00.000Z,-15.3050,167.9690,31,28,130,8,,6+,29.79,,,,,,,,,,,FEW,2000,SCT,27000,,,,,VFR,,,,,,,,,,,,METAR,31
"METAR NVVW 280100Z 09003KT 9999 SCT020 BKN120 BKN300 30/26 Q1011",NVVW,2026-04-28T01:00:00.000Z,-19.4550,169.2240,30,26,90,3,,6+,29.85,,,,,,,,,,,SCT,2000,BKN,12000,BKN,30000,,,VFR,,,,,,,,,,,,METAR,5
"METAR NVVA 280100Z 09010KT 9999 FEW025 BKN300 30/24 Q1012",NVVA,2026-04-28T01:00:00.000Z,-20.2490,169.7710,30,24,90,10,,6+,29.88,,,,,,,,,,,FEW,2500,BKN,30000,,,,,VFR,,,,,,,,,,,,METAR,7
"METAR TKPK 280100Z 11008KT 9999 FEW020 BKN034 27/24 Q1016",TKPK,2026-04-28T01:00:00.000Z,17.3120,-62.7200,27,24,110,8,,6+,30.00,,,,,,,,,,,FEW,2000,BKN,3400,,,,,VFR,,,,,,,,,,,,METAR,62
"METAR SBSG 280100Z 16005KT 120V200 9999 FEW020 25/24 Q1013",SBSG,2026-04-28T01:00:00.000Z,-5.7680,-35.3760,25,24,160,5,,6+,29.91,,,,,,,,,,,FEW,2000,,,,,,,VFR,,,,,,,,,,,,METAR,83
"METAR VEKO 280100Z 00000KT 5000 HZ SCT100 31/17 Q1003 NOSIG",VEKO,2026-04-28T01:00:00.000Z,24.8170,79.9190,31,17,0,0,,3.11,29.62,,,,,,TRUE,,,,HZ,SCT,10000,,,,,,,MVFR,,,,,,,,,,,,METAR,222
"METAR SBOI 280100Z AUTO 13002KT 9999 // NCD 25/24 Q1014",SBOI,2026-04-28T01:00:00.000Z,3.8610,-51.7960,25,24,130,2,,6+,29.94,,,TRUE,,,,,,,,,,,,,,,,VFR,,,,,,,,,,,,METAR,15
"METAR SBSN 280100Z 11001KT CAVOK 26/25 Q1012",SBSN,2026-04-28T01:00:00.000Z,-2.4230,-54.7890,26,25,110,1,,6+,29.88,,,,,,,,,,,,,,,,,,,VFR,,,,,,,,,,,,METAR,57
"METAR SBPA 280100Z 29005KT CAVOK 13/07 Q1018",SBPA,2026-04-28T01:00:00.000Z,-29.9940,-51.1710,13,7,290,5,,6+,30.06,,,,,,,,,,,,,,,,,,,VFR,,,,,,,,,,,,METAR,3
"METAR SBAR 280100Z 13007KT 9999 FEW023 28/23 Q1014",SBAR,2026-04-28T01:00:00.000Z,-10.9840,-37.0700,28,23,130,7,,6+,29.94,,,,,,,,,,,FEW,2300,,,,,,,VFR,,,,,,,,,,,,METAR,4
"METAR SBGL 280100Z 13007KT 100V160 9999 BKN025 BKN050 26/23 Q1015",SBGL,2026-04-28T01:00:00.000Z,-22.8150,-43.2610,26,23,130,7,,6+,29.97,,,,,,,,,,,BKN,2500,BKN,5000,,,,,MVFR,,,,,,,,,,,,METAR,3
"METAR GVNP 280100Z 04012KT 9999 SCT017 21/16 Q1016 NOSIG",GVNP,2026-04-28T01:00:00.000Z,14.9470,-23.4840,21,16,40,12,,6+,30.00,,,,,,TRUE,,,,,SCT,1700,,,,,,,VFR,,,,,,,,,,,,METAR,70
"METAR ZMUB 280100Z VRB01MPS CAVOK 05/M12 Q1026 NOSIG RMK QFE661.0 29",ZMUB,2026-04-28T01:00:00.000Z,47.8430,106.7660,5,-12,0,2,,6+,30.30,,,,,,TRUE,,,,,,,,,,,,,VFR,,,,,,,,,,,,METAR,1300
"METAR SADP 280100Z 36002KT CAVOK 05/03 Q1017",SADP,2026-04-28T01:00:00.000Z,-34.6100,-58.6130,5,3,360,2,,6+,30.03,,,,,,,,,,,,,,,,,,,VFR,,,,,,,,,,,,METAR,19
"METAR SAME 280100Z 18002KT CAVOK 10/03 Q1015",SAME,2026-04-28T01:00:00.000Z,-32.8320,-68.7930,10,3,180,2,,6+,29.97,,,,,,,,,,,,,,,,,,,VFR,,,,,,,,,,,,METAR,709
"METAR SANC 280100Z 05012KT CAVOK 13/07 Q1014",SANC,2026-04-28T01:00:00.000Z,-28.5930,-65.7540,13,7,50,12,,6+,29.94,,,,,,,,,,,,,,,,,,,VFR,,,,,,,,,,,,METAR,468
"METAR SANT 280100Z 31004KT 290V350 9000 NSC 10/08 Q1017",SANT,2026-04-28T01:00:00.000Z,-26.8410,-65.1050,10,8,310,4,,5.59,30.03,,,,,,,,,,,,,,,,,,,VFR,,,,,,,,,,,,METAR,446
"METAR SARI 280100Z VRB02KT CAVOK 13/10 Q1017",SARI,2026-04-28T01:00:00.000Z,-25.7370,-54.4730,13,10,0,2,,6+,30.03,,,,,,,,,,,,,,,,,,,VFR,,,,,,,,,,,,METAR,268
"METAR SARP 280100Z 16005KT CAVOK 13/07 Q1019",SARP,2026-04-28T01:00:00.000Z,-27.3860,-55.9690,13,7,160,5,,6+,30.09,,,,,,,,,,,,,,,,,,,VFR,,,,,,,,,,,,METAR,123
"METAR SAVC 280100Z 31003KT CAVOK 09/01 Q1009",SAVC,2026-04-28T01:00:00.000Z,-45.7900,-67.4710,9,1,310,3,,6+,29.79,,,,,,,,,,,,,,,,,,,VFR,,,,,,,,,,,,METAR,58
"METAR SAVE 280100Z 24006KT CAVOK 07/02 Q1012",SAVE,2026-04-28T01:00:00.000Z,-42.9060,-71.1470,7,2,240,6,,6+,29.88,,,,,,,,,,,,,,,,,,,VFR,,,,,,,,,,,,METAR,799
"METAR SAVT 280100Z 31006KT CAVOK 07/M00 Q1009",SAVT,2026-04-28T01:00:00.000Z,-43.2090,-65.2820,7,0,310,6,,6+,29.79,,,,,,,,,,,,,,,,,,,VFR,,,,,,,,,,,,METAR,37
"METAR SAVV 280100Z 33004KT CAVOK 06/02 Q1010",SAVV,2026-04-28T01:00:00.000Z,-40.8670,-63.0010,6,2,330,4,,6+,29.82,,,,,,,,,,,,,,,,,,,VFR,,,,,,,,,,,,METAR,4
"METAR HKEL 280100Z 22003KT 9999 -RA BKN016 OVC080 14/13 Q1024",HKEL,2026-04-28T01:00:00.000Z,0.4040,35.2390,14,13,220,3,,6+,30.24,,,,,,,,,,-RA,BKN,1600,OVC,8000,,,,,MVFR,,,,,,,,,,,,METAR,2116
"METAR RKSS 280100Z 27008KT 240V310 9999 SCT020 BKN200 14/09 Q1013 NOSIG",RKSS,2026-04-28T01:00:00.000Z,37.5580,126.7910,14,9,270,8,,6+,29.91,,,,,,TRUE,,,,,SCT,2000,BKN,20000,,,,,VFR,,,,,,,,,,,,METAR,18
"METAR RKPK 280100Z 28006KT CAVOK 20/09 Q1011",RKPK,2026-04-28T01:00:00.000Z,35.1790,128.9380,20,9,280,6,,6+,29.85,,,,,,,,,,,,,,,,,,,VFR,,,,,,,,,,,,METAR,3
"METAR RKTU 280100Z 26006KT 9999 BKN030 BKN250 14/07 Q1014",RKTU,2026-04-28T01:00:00.000Z,36.7170,127.4990,14,7,260,6,,6+,29.94,,,,,,,,,,,BKN,3000,BKN,25000,,,,,MVFR,,,,,,,,,,,,METAR,46
"METAR RKTN 280100Z 30008KT CAVOK 19/07 Q1012",RKTN,2026-04-28T01:00:00.000Z,35.8940,128.6590,19,7,300,8,,6+,29.88,,,,,,,,,,,,,,,,,,,VFR,,,,,,,,,,,,METAR,25
"METAR RKJB 280100Z 33011KT CAVOK 14/07 Q1016 NOSIG",RKJB,2026-04-28T01:00:00.000Z,34.9910,126.3830,14,7,330,11,,6+,30.00,,,,,,TRUE,,,,,,,,,,,,,VFR,,,,,,,,,,,,METAR,16
"METAR RKNY 280100Z 36010KT 9999 FEW010 BKN050 OVC080 12/08 Q1011 NOSIG",RKNY,2026-04-28T01:00:00.000Z,38.0610,128.6690,12,8,360,10,,6+,29.85,,,,,,TRUE,,,,,FEW,1000,BKN,5000,OVC,8000,,,VFR,,,,,,,,,,,,METAR,76
" MDSD 280100Z 09004KT 9999 FEW018 BKN300 26/23 Q1016",MDSD,2026-04-28T01:00:00.000Z,18.4330,-69.6670,26,23,90,4,,6+,30.00,,,,,,,,,,,FEW,1800,BKN,30000,,,,,VFR,,,,,,,,,,,,METAR,18
"METAR FASI 280100Z AUTO 01002KT //// // ////// 09/09 Q1021",FASI,2026-04-28T01:00:00.000Z,-26.2480,28.3980,9,9,10,2,,,30.15,,,TRUE,,,,,,,,,,,,,,,,null,,,,,,,,,,,,METAR,1627
"METAR SURV 280100Z 34001KT CAVOK 06/06 Q1019",SURV,2026-04-28T01:00:00.000Z,-30.9700,-55.4740,6,6,340,1,,6+,30.09,,,,,,,,,,,,,,,,,,,VFR,,,,,,,,,,,,METAR,201
"METAR ZGKL 280100Z VRB01MPS 4500 BR FEW005 FEW030CB BKN053 21/21 Q1009 RESHRA BECMG TL0200 SCT030 OVC040",ZGKL,2026-04-28T01:00:00.000Z,25.2200,110.0400,21,21,0,2,,2.8,29.79,,,,,,,,,,BR,FEW,500,FEW,3000,BKN,5300,,,IFR,,,,,,,,,,,,METAR,151
"METAR FYRU 280100Z AUTO 00000KT //// // ////// 18/15 Q1021",FYRU,2026-04-28T01:00:00.000Z,-17.9560,19.7240,18,15,0,0,,,30.15,,,TRUE,,,,,,,,,,,,,,,,null,,,,,,,,,,,,METAR,1104
"METAR ULPB 280100Z AUTO 36009G15MPS 9999 // ///033/// 03/M03 Q1001 RMK QFE746/0995",ULPB,2026-04-28T01:00:00.000Z,61.8850,34.1550,3,-3,360,17,29,6+,29.56,,,TRUE,,,,,,,,,,,,,,,,VFR,,,,,,,,,,,,METAR,41
"METAR SBUF 280100Z AUTO 14010KT CAVOK 26/21 Q1015",SBUF,2026-04-28T01:00:00.000Z,-9.4000,-38.2500,26,21,140,10,,6+,29.97,,,TRUE,,,,,,,,,,,,,,,,VFR,,,,,,,,,,,,METAR,266
"METAR VRMG 280100Z 30008KT 9999 FEW017 FEW018CB BKN260 29/25 Q1007 CB SW NOSIG",VRMG,2026-04-28T01:00:00.000Z,-0.6930,73.1560,29,25,300,8,,6+,29.73,,,,,,TRUE,,,,,FEW,1700,FEW,1800,BKN,26000,,,VFR,,,,,,,,,,,,METAR,2
"METAR DAUE 280100Z VRB02KT CAVOK 23/04 Q1010",DAUE,2026-04-28T01:00:00.000Z,30.5710,2.8600,23,4,0,2,,6+,29.82,,,,,,,,,,,,,,,,,,,VFR,,,,,,,,,,,,METAR,396
"METAR LPLA 280100Z 17012KT 9999 FEW012 16/14 Q1017",LPLA,2026-04-28T01:00:00.000Z,38.7620,-27.0910,16,14,170,12,,6+,30.03,,,,,,,,,,,FEW,1200,,,,,,,VFR,,,,,,,,,,,,METAR,60
"METAR LPBJ 280100Z 22005KT CAVOK 14/13 Q1010",LPBJ,2026-04-28T01:00:00.000Z,38.0730,-7.9310,14,13,220,5,,6+,29.82,,,,,,,,,,,,,,,,,,,VFR,,,,,,,,,,,,METAR,196
"METAR OIAG 280100Z 09013KT 9999 FEW035CB SCT040 BKN100 24/15 Q1007",OIAG,2026-04-28T01:00:00.000Z,30.7400,49.6840,24,15,90,13,,6+,29.73,,,,,,,,,,,FEW,3500,SCT,4000,BKN,10000,,,VFR,,,,,,,,,,,,METAR,17
"METAR OIAM 280100Z 12012KT 9999 SCT035CB SCT040 OVC100 22/17 Q1008",OIAM,2026-04-28T01:00:00.000Z,30.5560,49.1520,22,17,120,12,,6+,29.76,,,,,,,,,,,SCT,3500,SCT,4000,OVC,10000,,,VFR,,,,,,,,,,,,METAR,7
"METAR OICI 280100Z 07008KT 9000 FEW035CB SCT040 BKN070 12/10 Q1014 A2996 RERA",OICI,2026-04-28T01:00:00.000Z,33.5880,46.3970,12,10,70,8,,5.59,29.94,,,,,,,,,,,FEW,3500,SCT,4000,BKN,7000,,,VFR,,,,,,,,,,,,METAR,1323
"METAR OINN 280100Z 25007KT 210V300 7000 BKN018 BKN026 15/13 Q1018",OINN,2026-04-28T01:00:00.000Z,36.6630,51.4650,15,13,250,7,,4.35,30.06,,,,,,,,,,,BKN,1800,BKN,2600,,,,,MVFR,,,,,,,,,,,,METAR,-25
"METAR OINR 280100Z VRB02KT 4000 BR OVC012 15/12 Q1017",OINR,2026-04-28T01:00:00.000Z,36.9100,50.6800,15,12,0,2,,2.49,30.03,,,,,,,,,,BR,OVC,1200,,,,,,,IFR,,,,,,,,,,,,METAR,-19
"METAR OISL 280100Z 00000KT CAVOK 19/09 Q1010 A2983",OISL,2026-04-28T01:00:00.000Z,27.6700,54.3750,19,9,0,0,,6+,29.82,,,,,,,,,,,,,,,,,,,VFR,,,,,,,,,,,,METAR,804
"METAR OISY 280100Z 00000KT 9999 BKN040 OVC080 10/10 Q1020",OISY,2026-04-28T01:00:00.000Z,30.7010,51.5450,10,10,0,0,,6+,30.12,,,,,,,,,,,BKN,4000,OVC,8000,,,,,VFR,,,,,,,,,,,,METAR,1800
"METAR OIFS 280100Z 21004KT 9999 FEW040 SCT090 13/00 Q1019",OIFS,2026-04-28T01:00:00.000Z,32.2970,50.8420,13,0,210,4,,6+,30.09,,,,,,,,,,,FEW,4000,SCT,9000,,,,,VFR,,,,,,,,,,,,METAR,2042
"METAR OIMB 280100Z 10006KT CAVOK 11/03 Q1015 A3000",OIMB,2026-04-28T01:00:00.000Z,32.8940,59.2900,11,3,100,6,,6+,29.97,,,,,,,,,,,,,,,,,,,VFR,,,,,,,,,,,,METAR,1512
"METAR OIMN 280100Z 34006KT 8000 FEW007 SCT025 BKN100 13/11 Q1016",OIMN,2026-04-28T01:00:00.000Z,37.4880,57.3030,13,11,340,6,,4.97,30.00,,,,,,,,,,,FEW,700,SCT,2500,BKN,10000,,,MVFR,,,,,,,,,,,,METAR,1065
"METAR OIBJ 280100Z AUTO VRB01KT //// // ////// 24/13 Q1012",OIBJ,2026-04-28T01:00:00.000Z,27.8200,52.3520,24,13,0,1,,,29.88,,,TRUE,,,,,,,,,,,,,,,,null,,,,,,,,,,,,METAR,647
"METAR OING 280100Z 25006KT 8000 FEW025CB BKN030 OVC080 17/15 Q1017 A3004",OING,2026-04-28T01:00:00.000Z,36.9080,54.4040,17,15,250,6,,4.97,30.03,,,,,,,,,,,FEW,2500,BKN,3000,OVC,8000,,,MVFR,,,,,,,,,,,,METAR,0
"METAR OIAW 280100Z 07004KT 350V130 CAVOK 21/16 Q1006",OIAW,2026-04-28T01:00:00.000Z,31.3430,48.7510,21,16,70,4,,6+,29.70,,,,,,,,,,,,,,,,,,,VFR,,,,,,,,,,,,METAR,25
"METAR OIII 280100Z 35004KT CAVOK 16/02 Q1012 A2989 NOSIG",OIII,2026-04-28T01:00:00.000Z,35.6860,51.3040,16,2,350,4,,6+,29.88,,,,,,TRUE,,,,,,,,,,,,,VFR,,,,,,,,,,,,METAR,1182
"METAR OIZH 280100Z 17006KT CAVOK 14/07 Q1015 A2997",OIZH,2026-04-28T01:00:00.000Z,29.4720,60.9010,14,7,170,6,,6+,29.97,,,,,,,,,,,,,,,,,,,VFR,,,,,,,,,,,,METAR,1378
"METAR OICC 280100Z 29008KT CAVOK 10/08 Q1015 A3000",OICC,2026-04-28T01:00:00.000Z,34.3460,47.1580,10,8,290,8,,6+,29.97,,,,,,,,,,,,,,,,,,,VFR,,,,,,,,,,,,METAR,1310
"METAR OIIE 280100Z 28015KT CAVOK 15/06 Q1012",OIIE,2026-04-28T01:00:00.000Z,35.4160,51.1520,15,6,280,15,,6+,29.88,,,,,,,,,,,,,,,,,,,VFR,,,,,,,,,,,,METAR,993
"METAR OITR 280100Z 00000KT 9999 FEW035CB BKN040 08/07 Q1014 A2995",OITR,2026-04-28T01:00:00.000Z,37.6650,45.0660,8,7,0,0,,6+,29.94,,,,,,,,,,,FEW,3500,BKN,4000,,,,,VFR,,,,,,,,,,,,METAR,1312
"METAR OIIK 280100Z 00000KT CAVOK 08/08 Q1014",OIIK,2026-04-28T01:00:00.000Z,36.2430,50.0450,8,8,0,0,,6+,29.94,,,,,,,,,,,,,,,,,,,VFR,,,,,,,,,,,,METAR,1278
"METAR OITM 280100Z AUTO 11006KT //// // ////// 12/06 Q1012",OITM,2026-04-28T01:00:00.000Z,37.3480,46.1460,12,6,110,6,,,29.88,,,TRUE,,,,,,,,,,,,,,,,null,,,,,,,,,,,,METAR,1340
"METAR OICK 280100Z 26004KT CAVOK 09/08 Q1014 A2996",OICK,2026-04-28T01:00:00.000Z,33.4350,48.2830,9,8,260,4,,6+,29.94,,,,,,,,,,,,,,,,,,,VFR,,,,,,,,,,,,METAR,1156
"METAR OICS 280100Z 14004KT 9999 SCT040 07/05 Q1016 A3001",OICS,2026-04-28T01:00:00.000Z,35.2450,47.0090,7,5,140,4,,6+,30.00,,,,,,,,,,,SCT,4000,,,,,,,VFR,,,,,,,,,,,,METAR,1369
"METAR OIHH 280100Z 22002KT CAVOK 04/03 Q1015 A2998",OIHH,2026-04-28T01:00:00.000Z,34.8690,48.5530,4,3,220,2,,6+,29.97,,,,,,,,,,,,,,,,,,,VFR,,,,,,,,,,,,METAR,1742
"METAR OITL 280100Z 05012KT 0100 R15/0300N FG VV002 05/05 Q1016",OITL,2026-04-28T01:00:00.000Z,38.3260,48.4240,5,5,50,12,,0.06,30.00,,,,,,,,,,FG,OVX,200,,,,,,,LIFR,,,,,,,,,,,2,METAR,1314
"METAR MPDA 280100Z 04003KT 9999 SCT016 28/23 Q1009 NOSIG",MPDA,2026-04-28T01:00:00.000Z,8.3910,-82.4340,28,23,40,3,,6+,29.79,,,,,,TRUE,,,,,SCT,1600,,,,,,,VFR,,,,,,,,,,,,METAR,15
"METAR NFTV 280100Z 02004KT 9999 FEW014TCU 31/25 Q1012",NFTV,2026-04-28T01:00:00.000Z,-18.5850,-173.9628,31,25,20,4,,6+,29.88,,,,,,,,,,,FEW,1400,,,,,,,VFR,,,,,,,,,,,,METAR,71
"METAR NFTL 280100Z 28005KT 9999 SCT017TCU 31/25 Q1013",NFTL,2026-04-28T01:00:00.000Z,-19.7770,-174.3400,31,25,280,5,,6+,29.91,,,,,,,,,,,SCT,1700,,,,,,,VFR,,,,,,,,,,,,METAR,10
"METAR NFTF 280100Z 23010KT 9999 BKN016TCU 30/25 Q1012",NFTF,2026-04-28T01:00:00.000Z,-21.2410,-175.1500,30,25,230,10,,6+,29.88,,,,,,,,,,,BKN,1600,,,,,,,MVFR,,,,,,,,,,,,METAR,38
"METAR OBBI 280100Z 06006KT 020V090 CAVOK 30/14 Q1005 NOSIG",OBBI,2026-04-28T01:00:00.000Z,26.2710,50.6340,30,14,60,6,,6+,29.68,,,,,,TRUE,,,,,,,,,,,,,VFR,,,,,,,,,,,,METAR,6
"METAR SAZR 280100Z 30008KT 9000 -RA NSC 12/01 Q1014",SAZR,2026-04-28T01:00:00.000Z,-36.5930,-64.2800,12,1,300,8,,5.59,29.94,,,,,,,,,,-RA,,,,,,,,,VFR,,,,,,,,,,,,METAR,190
"METAR TNCC 280100Z 10011KT 9999 SCT016 28/25 Q1012 NOSIG",TNCC,2026-04-28T01:00:00.000Z,12.1890,-68.9600,28,25,100,11,,6+,29.88,,,,,,TRUE,,,,,SCT,1600,,,,,,,VFR,,,,,,,,,,,,METAR,10
"METAR AGGH 280100Z 07010KT 9999 FEW020 BKN300 32/27 Q1008",AGGH,2026-04-28T01:00:00.000Z,-9.4300,160.0470,32,27,70,10,,6+,29.76,,,,,,,,,,,FEW,2000,BKN,30000,,,,,VFR,,,,,,,,,,,,METAR,6
"METAR DTKA 280100Z 00000KT 9999 SCT020 15/14 Q1015",DTKA,2026-04-28T01:00:00.000Z,36.9800,8.8770,15,14,0,0,,6+,29.97,,,,,,,,,,,SCT,2000,,,,,,,VFR,,,,,,,,,,,,METAR,70
"METAR DTTG 280100Z 06009KT 8000 FEW020 SCT030 17/16 Q1012",DTTG,2026-04-28T01:00:00.000Z,33.7330,9.9180,17,16,60,9,,4.97,29.88,,,,,,,,,,,FEW,2000,SCT,3000,,,,,MVFR,,,,,,,,,,,,METAR,120
"METAR DTTX 280100Z 01008KT 9999 SCT020 18/15 Q1013",DTTX,2026-04-28T01:00:00.000Z,34.7180,10.6910,18,15,10,8,,6+,29.91,,,,,,,,,,,SCT,2000,,,,,,,VFR,,,,,,,,,,,,METAR,17
"METAR DTTZ 280100Z AUTO 01003KT NCD 20/11 Q1011",DTTZ,2026-04-28T01:00:00.000Z,33.9400,8.1110,20,11,10,3,,,29.85,,,TRUE,,,,,,,,,,,,,,,,null,,,,,,,,,,,,METAR,87
"METAR LKKB 280100Z 33003KT CAVOK 05/M02 Q1021",LKKB,2026-04-28T01:00:00.000Z,50.1230,14.5380,5,-2,330,3,,6+,30.15,,,,,,,,,,,,,,,,,,,VFR,,,,,,,,,,,,METAR,281
"METAR LKLN 280100Z AUTO 00000KT CAVOK 04/M01 Q1021",LKLN,2026-04-28T01:00:00.000Z,49.6750,13.2750,4,-1,0,0,,6+,30.15,,,TRUE,,,,,,,,,,,,,,,,VFR,,,,,,,,,,,,METAR,353
"METAR LKNA 280100Z 36005KT CAVOK 07/M03 Q1020",LKNA,2026-04-28T01:00:00.000Z,49.1660,16.1250,7,-3,360,5,,6+,30.12,,,,,,,,,,,,,,,,,,,VFR,,,,,,,,,,,,METAR,460
"METAR LKPD 280100Z 00000KT CAVOK 02/M02 Q1021 NOSIG",LKPD,2026-04-28T01:00:00.000Z,50.0160,15.7400,2,-2,0,0,,6+,30.15,,,,,,TRUE,,,,,,,,,,,,,VFR,,,,,,,,,,,,METAR,226
"METAR FAUP 280100Z 23002KT CAVOK 06/04 Q1021 NOSIG",FAUP,2026-04-28T01:00:00.000Z,-28.3990,21.2600,6,4,230,2,,6+,30.15,,,,,,TRUE,,,,,,,,,,,,,VFR,,,,,,,,,,,,METAR,845
"METAR CWMZ 280100Z AUTO 12012G18KT 09/02 RMK AO1 PK WND 09023/0032 SLP147 T00860021 57035",CWMZ,2026-04-28T01:00:00.000Z,45.0330,-80.3670,8.6,2.1,120,12,18,,,1014.7,,TRUE,TRUE,,,,,,,,,,,,,,,null,-0.35,,,,,,,,,,,METAR,175
"METAR VTPH 280100Z 23003KT 150V280 9999 FEW030 31/21 Q1009 NOSIG",VTPH,2026-04-28T01:00:00.000Z,12.6330,99.9510,31,21,230,3,,6+,29.79,,,,,,TRUE,,,,,FEW,3000,,,,,,,VFR,,,,,,,,,,,,METAR,12
"METAR VTPO 280100Z 15006KT CAVOK 30/24 Q1009 NOSIG",VTPO,2026-04-28T01:00:00.000Z,17.2380,99.8180,30,24,150,6,,6+,29.79,,,,,,TRUE,,,,,,,,,,,,,VFR,,,,,,,,,,,,METAR,58
"METAR VTPP 280100Z 14008KT CAVOK 30/23 Q1009 NOSIG",VTPP,2026-04-28T01:00:00.000Z,16.7920,100.2740,30,23,140,8,,6+,29.79,,,,,,TRUE,,,,,,,,,,,,,VFR,,,,,,,,,,,,METAR,45
"METAR VTPB 280100Z 02004KT 330V060 7000 NSC 27/24 Q1010 NOSIG",VTPB,2026-04-28T01:00:00.000Z,16.6760,101.1950,27,24,20,4,,4.35,29.82,,,,,,TRUE,,,,,,,,,,,,,MVFR,,,,,,,,,,,,METAR,134
"METAR VTPM 280100Z 14006KT 9000 FEW032 28/20 Q1011 NOSIG",VTPM,2026-04-28T01:00:00.000Z,16.7030,98.5420,28,20,140,6,,5.59,29.85,,,,,,TRUE,,,,,FEW,3200,,,,,,,VFR,,,,,,,,,,,,METAR,211
"METAR VTBO 280100Z 03002KT 6000 VCSH FEW020CB 30/27 Q1010",VTBO,2026-04-28T01:00:00.000Z,12.2750,102.3190,30,27,30,2,,3.73,29.82,,,,,,,,,,VCSH,FEW,2000,,,,,,,MVFR,,,,,,,,,,,,METAR,25
"METAR VTCT 280100Z 07003KT 010V130 9000 FEW010 SCT035 22/20 Q1011 NOSIG",VTCT,2026-04-28T01:00:00.000Z,19.9610,99.8810,22,20,70,3,,5.59,29.85,,,,,,TRUE,,,,,FEW,1000,SCT,3500,,,,,VFR,,,,,,,,,,,,METAR,389
"METAR NVSS 280100Z 13008KT 080V180 9999 SCT020 BKN300 30/24 Q1010",NVSS,2026-04-28T01:00:00.000Z,-15.5050,167.2200,30,24,130,8,,6+,29.82,,,,,,,,,,,SCT,2000,BKN,30000,,,,,VFR,,,,,,,,,,,,METAR,47
"METAR NVVV 280100Z 11012KT 9999 SCT020 31/26 Q1011",NVVV,2026-04-28T01:00:00.000Z,-17.6950,168.3130,31,26,110,12,,6+,29.85,,,,,,,,,,,SCT,2000,,,,,,,VFR,,,,,,,,,,,,METAR,23
"METAR LPMR 280100Z VRB02KT 0900 FG OVC001 15/15 Q1011",LPMR,2026-04-28T01:00:00.000Z,39.8310,-8.8870,15,15,0,2,,0.56,29.85,,,,,,,,,,FG,OVC,100,,,,,,,LIFR,,,,,,,,,,,,METAR,50
"METAR VTUD 280100Z 36006KT 320V090 9999 FEW020 27/23 Q1011 NOSIG",VTUD,2026-04-28T01:00:00.000Z,17.3820,102.7990,27,23,360,6,,6+,29.85,,,,,,TRUE,,,,,FEW,2000,,,,,,,VFR,,,,,,,,,,,,METAR,177
"METAR VTUI 280100Z 35006KT 310V040 7000 FEW015 BKN030 BKN100 25/23 Q1011 NOSIG",VTUI,2026-04-28T01:00:00.000Z,17.1950,104.1190,25,23,350,6,,4.35,29.85,,,,,,TRUE,,,,,FEW,1500,BKN,3000,BKN,10000,,,MVFR,,,,,,,,,,,,METAR,162
"METAR VTUK 280100Z 23005KT 210V280 9999 FEW030 27/23 Q1011 NOSIG",VTUK,2026-04-28T01:00:00.000Z,16.4620,102.7860,27,23,230,5,,6+,29.85,,,,,,TRUE,,,,,FEW,3000,,,,,,,VFR,,,,,,,,,,,,METAR,190
"METAR VTUL 280100Z 03003KT 300V110 9000 FEW030 28/24 Q1010 NOSIG",VTUL,2026-04-28T01:00:00.000Z,17.4450,101.7250,28,24,30,3,,5.59,29.82,,,,,,TRUE,,,,,FEW,3000,,,,,,,VFR,,,,,,,,,,,,METAR,257
"METAR VTUO 280100Z 24005KT 8000 FEW025 30/23 Q1010 NOSIG",VTUO,2026-04-28T01:00:00.000Z,15.2270,103.2440,30,23,240,5,,4.97,29.82,,,,,,TRUE,,,,,FEW,2500,,,,,,,MVFR,,,,,,,,,,,,METAR,182
"METAR VTUU 280100Z 01010KT 9999 FEW025 27/24 Q1011 NOSIG",VTUU,2026-04-28T01:00:00.000Z,15.2510,104.8700,27,24,10,10,,6+,29.85,,,,,,TRUE,,,,,FEW,2500,,,,,,,VFR,,,,,,,,,,,,METAR,119
"METAR VTUV 280100Z 00000KT CAVOK 27/24 Q1010 NOSIG",VTUV,2026-04-28T01:00:00.000Z,16.1170,103.7720,27,24,0,0,,6+,29.82,,,,,,TRUE,,,,,,,,,,,,,VFR,,,,,,,,,,,,METAR,136
"METAR VTUW 280100Z 32009KT 9999 BKN020 25/23 Q1011 NOSIG",VTUW,2026-04-28T01:00:00.000Z,17.3840,104.6430,25,23,320,9,,6+,29.85,,,,,,TRUE,,,,,BKN,2000,,,,,,,MVFR,,,,,,,,,,,,METAR,167
"METAR VTSB 280100Z VRB02KT 9999 FEW020 29/25 Q1009 NOSIG",VTSB,2026-04-28T01:00:00.000Z,9.1330,99.1520,29,25,0,2,,6+,29.79,,,,,,TRUE,,,,,FEW,2000,,,,,,,VFR,,,,,,,,,,,,METAR,10
"METAR VTSC 280100Z 18005KT 140V210 9999 FEW020 29/24 Q1009 NOSIG",VTSC,2026-04-28T01:00:00.000Z,6.5200,101.7430,29,24,180,5,,6+,29.79,,,,,,TRUE,,,,,FEW,2000,,,,,,,VFR,,,,,,,,,,,,METAR,5
"METAR VTSE 280100Z VRB02KT 9999 SCT020 30/27 Q1009 NOSIG",VTSE,2026-04-28T01:00:00.000Z,10.7110,99.3620,30,27,0,2,,6+,29.79,,,,,,TRUE,,,,,SCT,2000,,,,,,,VFR,,,,,,,,,,,,METAR,8
"METAR VTSF 280100Z 32003KT 270V020 9999 FEW018 28/25 Q1009 NOSIG",VTSF,2026-04-28T01:00:00.000Z,8.5460,99.9400,28,25,320,3,,6+,29.79,,,,,,TRUE,,,,,FEW,1800,,,,,,,VFR,,,,,,,,,,,,METAR,6
"METAR VTSM 280100Z 15006KT 9999 FEW020 31/26 Q1010 NOSIG",VTSM,2026-04-28T01:00:00.000Z,9.5480,100.0620,31,26,150,6,,6+,29.82,,,,,,TRUE,,,,,FEW,2000,,,,,,,VFR,,,,,,,,,,,,METAR,12
"METAR VTSR 280100Z 00000KT 9999 FEW015 30/25 Q1009 NOSIG",VTSR,2026-04-28T01:00:00.000Z,9.7730,98.5870,30,25,0,0,,6+,29.79,,,,,,TRUE,,,,,FEW,1500,,,,,,,VFR,,,,,,,,,,,,METAR,23
"METAR VTST 280100Z VRB02KT 9999 FEW030 28/28 Q1009 NOSIG",VTST,2026-04-28T01:00:00.000Z,7.5120,99.6210,28,28,0,2,,6+,29.79,,,,,,TRUE,,,,,FEW,3000,,,,,,,VFR,,,,,,,,,,,,METAR,17
"METAR VTSG 280100Z 03005KT 360V070 9999 FEW030 28/25 Q1010 NOSIG",VTSG,2026-04-28T01:00:00.000Z,8.0990,98.9860,28,25,30,5,,6+,29.82,,,,,,TRUE,,,,,FEW,3000,,,,,,,VFR,,,,,,,,,,,,METAR,32
"METAR SUMU 280100Z 32004KT 9999 FEW033 BKN053 10/10 Q1016 TEMPO SHRA",SUMU,2026-04-28T01:00:00.000Z,-34.8380,-56.0310,10,10,320,4,,6+,30.00,,,,,,,,,,,FEW,3300,BKN,5300,,,,,VFR,,,,,,,,,,,,METAR,32
"METAR MNMG 280100Z 12016KT 9999 FEW023 31/23 Q1008 A2979 NOSIG",MNMG,2026-04-28T01:00:00.000Z,12.1410,-86.1770,31,23,120,16,,6+,29.76,,,,,,TRUE,,,,,FEW,2300,,,,,,,VFR,,,,,,,,,,,,METAR,59
"METAR TUPJ 280100Z 10004KT 10SM FEW024 27/24 A3001 RMK Q1016 VIS16KM",TUPJ,2026-04-28T01:00:00.000Z,18.4450,-64.5430,27,24,100,4,,10+,30.01,,,,,,,,,,,FEW,2400,,,,,,,VFR,,,,,,,,,,,,METAR,6
"METAR MROC 280100Z VRB02KT 9999 FEW045 SCT0130 22/20 A3002 NOSIG",MROC,2026-04-28T01:00:00.000Z,9.9910,-84.2180,22,20,0,2,,6+,30.02,,,,,,TRUE,,,,,FEW,4500,,,,,,,VFR,,,,,,,,,,,,METAR,900
"METAR FIMP 280100Z 07009KT 8000 -SHRA FEW008 FEW///CB BKN014 24/24 Q1010 RETS",FIMP,2026-04-28T01:00:00.000Z,-20.4340,57.6840,24,24,70,9,,4.97,29.82,,,,,,,,,,-SHRA,FEW,800,BKN,1400,,,,,MVFR,,,,,,,,,,,,METAR,57
"METAR UTAA 280100Z 27016KT 9999 FEW100 19/10 Q1012 R88/CLRD70 NOSIG",UTAA,2026-04-28T01:00:00.000Z,37.9750,58.3710,19,10,270,16,,6+,29.88,,,,,,TRUE,,,,,FEW,10000,,,,,,,VFR,,,,,,,,,,,,METAR,207
"METAR SEGU 280100Z 22013KT 9999 BKN026 BKN100 30/23 Q1010 NOSIG RMK A2982",SEGU,2026-04-28T01:00:00.000Z,-2.1580,-79.8840,30,23,220,13,,6+,29.82,,,,,,TRUE,,,,,BKN,2600,BKN,10000,,,,,MVFR,,,,,,,,,,,,METAR,6
"METAR SEQM 280100Z 06003KT 030V100 9999 -RA FEW010 SCT030 BKN080 14/13 Q1027 NOSIG RMK A3035",SEQM,2026-04-28T01:00:00.000Z,-0.1240,-78.3540,14,13,60,3,,6+,30.32,,,,,,TRUE,,,,-RA,FEW,1000,SCT,3000,BKN,8000,,,VFR,,,,,,,,,,,,METAR,2386
"METAR SPQT 280100Z 32005KT 290V360 9999 -RA SCT008 BKN080 24/23 Q1011 TEMPO 4000 RA BKN007 BKN080 RMK PP004",SPQT,2026-04-28T01:00:00.000Z,-3.7860,-73.3060,24,23,320,5,,6+,29.85,,,,,,,,,,-RA,SCT,800,BKN,8000,,,,,VFR,,,,,,,,,,,,METAR,92
"METAR SPSO 280100Z 21013KT CAVOK 20/16 Q1013 RMK PP000",SPSO,2026-04-28T01:00:00.000Z,-13.7440,-76.2210,20,16,210,13,,6+,29.91,,,,,,,,,,,,,,,,,,,VFR,,,,,,,,,,,,METAR,8
"METAR UWLW 280100Z 17007MPS CAVOK 02/M01 Q1003 R20/CLRD60 NOSIG RMK QFE747/0996",UWLW,2026-04-28T01:00:00.000Z,54.4020,48.8000,2,-1,170,14,,6+,29.62,,,,,,TRUE,,,,,,,,,,,,,VFR,,,,,,,,,,,,METAR,67
"METAR FAJB 280100Z AUTO 00000KT //// // ////// 10/08 Q1019",FAJB,2026-04-28T01:00:00.000Z,-26.1500,28.0000,10,8,0,0,,,30.09,,,TRUE,,,,,,,,,,,,,,,,null,,,,,,,,,,,,METAR,1626
"METAR FAVV 280100Z AUTO 27001KT //// // ////// 09/08 Q1022",FAVV,2026-04-28T01:00:00.000Z,-26.5660,27.9610,9,8,270,1,,,30.18,,,TRUE,,,,,,,,,,,,,,,,null,,,,,,,,,,,,METAR,1480
"METAR FQPB 280100Z /////KT 9999 FEW020 25/24 Q1011",FQPB,2026-04-28T01:00:00.000Z,-12.9890,40.5250,25,24,,,,6+,29.85,,,,,,,,,,,FEW,2000,,,,,,,VFR,,,,,,,,,,,,METAR,101
"METAR ULOO 280100Z 33004MPS 290V360 CAVOK 03/M02 Q1010 NOSIG RMK QFE753",ULOO,2026-04-28T01:00:00.000Z,57.7900,28.3970,3,-2,330,8,,6+,29.82,,,,,,TRUE,,,,,,,,,,,,,VFR,,,,,,,,,,,,METAR,46
"METAR UWOR 280100Z 18006MPS 9999 -RA OVC046 10/08 Q1016 R25/CLRD65 NOSIG RMK QFE738/0985",UWOR,2026-04-28T01:00:00.000Z,51.0700,58.5970,10,8,180,12,,6+,30.00,,,,,,TRUE,,,,-RA,OVC,4600,,,,,,,VFR,,,,,,,,,,,,METAR,270
"METAR SADF 280100Z VRB02KT CAVOK 09/04 Q1017 RMK PP000",SADF,2026-04-28T01:00:00.000Z,-34.4570,-58.5930,9,4,0,2,,6+,30.03,,,,,,,,,,,,,,,,,,,VFR,,,,,,,,,,,,METAR,4
"METAR SKIB 280100Z 31005KT 9999 VCSH BKN030 23/20 Q1014 RMK VCSH/W",SKIB,2026-04-28T01:00:00.000Z,4.4180,-75.1300,23,20,310,5,,6+,29.94,,,,,,,,,,VCSH,BKN,3000,,,,,,,MVFR,,,,,,,,,,,,METAR,899
"METAR SKIP 280100Z AUTO VRB02KT 9999NDV // SCT027/// OVC054/// 11/11 Q1030",SKIP,2026-04-28T01:00:00.000Z,0.8580,-77.6770,11,11,0,2,,,30.41,,,TRUE,,,,,,,,SCT,2700,OVC,5400,,,,,null,,,,,,,,,,,,METAR,2964
"METAR SKRH 280100Z 07004KT 020V100 5000 -SHRA BKN015CB 28/26 Q1011 RMK CB/E",SKRH,2026-04-28T01:00:00.000Z,11.5280,-72.9180,28,26,70,4,,3.11,29.85,,,,,,,,,,-SHRA,BKN,1500,,,,,,,MVFR,,,,,,,,,,,,METAR,11
"METAR CXDK 280100Z AUTO 01005KT 16/M03 RMK AO1 SLP102 T01571033 56002",CXDK,2026-04-28T01:00:00.000Z,61.2570,-124.4680,15.7,-3.3,10,5,,,,1010.2,,TRUE,TRUE,,,,,,,,,,,,,,,null,-0.02,,,,,,,,,,,METAR,269
"METAR GMMB 280100Z AUTO 31009KT 5000 BR NSC 17/17 Q1008 REDZRA NOSIG",GMMB,2026-04-28T01:00:00.000Z,33.6550,-7.2210,17,17,310,9,,3.11,29.76,,,TRUE,,,TRUE,,,,BR RA,,,,,,,,,MVFR,,,,,,,,,,,,METAR,191
"METAR RPVM 280100Z 03007KT 350V080 9999 FEW008 SCT024 31/24 Q1011 NOSIG RMK A2985",RPVM,2026-04-28T01:00:00.000Z,10.3080,123.9780,31,24,30,7,,6+,29.85,,,,,,TRUE,,,,,FEW,800,SCT,2400,,,,,VFR,,,,,,,,,,,,METAR,9
"METAR RPVK 280100Z 10009KT 070V130 9999 FEW013CB SCT016 BKN070 29/25 Q1012 RMK A2988 CB S,SW,W",RPVK,2026-04-28T01:00:00.000Z,11.6830,122.3830,29,25,100,9,,6+,29.88,,,,,,,,,,,FEW,1300,SCT,1600,BKN,7000,,,VFR,,,,,,,,,,,,METAR,6
"METAR ZBHH 280100Z 02004MPS 340V080 9999 FEW040 07/M05 Q1026 NOSIG",ZBHH,2026-04-28T01:00:00.000Z,40.8540,111.8270,7,-5,20,8,,6+,30.30,,,,,,TRUE,,,,,FEW,4000,,,,,,,VFR,,,,,,,,,,,,METAR,1081
"METAR ZGHA 280100Z 01001MPS 3000 SHRA BR SCT005 BKN015 20/19 Q1011 BECMG TL0130 -RA BKN006",ZGHA,2026-04-28T01:00:00.000Z,28.1800,113.2190,20,19,10,2,,1.86,29.85,,,,,,,,,,SHRA BR,SCT,500,BKN,1500,,,,,IFR,,,,,,,,,,,,METAR,61
"METAR SKCG 280100Z 01006KT 330V060 9999 FEW040 29/25 Q1010",SKCG,2026-04-28T01:00:00.000Z,10.4470,-75.5160,29,25,10,6,,6+,29.82,,,,,,,,,,,FEW,4000,,,,,,,VFR,,,,,,,,,,,,METAR,6
"METAR ZHCC 280100Z 08004MPS 050V120 CAVOK 18/09 Q1018 NOSIG",ZHCC,2026-04-28T01:00:00.000Z,34.5200,113.8340,18,9,80,8,,6+,30.06,,,,,,TRUE,,,,,,,,,,,,,VFR,,,,,,,,,,,,METAR,149
"METAR ZHHH 280100Z 04006MPS 4000 -RA BR SCT008 OVC030 18/18 Q1013 NOSIG",ZHHH,2026-04-28T01:00:00.000Z,30.7830,114.2050,18,18,40,12,,2.49,29.91,,,,,,TRUE,,,,-RA BR,SCT,800,OVC,3000,,,,,IFR,,,,,,,,,,,,METAR,33
"METAR ZJHK 280100Z 17005MPS 130V210 9999 FEW015 28/24 Q1009 NOSIG",ZJHK,2026-04-28T01:00:00.000Z,19.9340,110.4450,28,24,170,10,,6+,29.79,,,,,,TRUE,,,,,FEW,1500,,,,,,,VFR,,,,,,,,,,,,METAR,21
"METAR ZJSY 280100Z 12002MPS 080V160 9999 SCT015 BKN033 28/24 Q1010 NOSIG",ZJSY,2026-04-28T01:00:00.000Z,18.3030,109.4120,28,24,120,4,,6+,29.82,,,,,,TRUE,,,,,SCT,1500,BKN,3300,,,,,VFR,,,,,,,,,,,,METAR,27
"METAR ZLLL 280100Z 30004MPS 280V340 9999 FEW046 09/05 Q1025 NOSIG",ZLLL,2026-04-28T01:00:00.000Z,36.5130,103.6230,9,5,300,8,,6+,30.27,,,,,,TRUE,,,,,FEW,4600,,,,,,,VFR,,,,,,,,,,,,METAR,1939
"METAR ZSNJ 280100Z 10005MPS 7000 -RA NSC 13/11 Q1017 NOSIG",ZSNJ,2026-04-28T01:00:00.000Z,31.7390,118.8630,13,11,100,10,,4.35,30.03,,,,,,TRUE,,,,-RA,,,,,,,,,MVFR,,,,,,,,,,,,METAR,27
"METAR ZSOF 280100Z 09006MPS 050V120 9999 -RA SCT046 14/12 Q1017 NOSIG",ZSOF,2026-04-28T01:00:00.000Z,31.9900,116.9650,14,12,90,12,,6+,30.03,,,,,,TRUE,,,,-RA,SCT,4600,,,,,,,VFR,,,,,,,,,,,,METAR,64
"METAR RJAH 280100Z 21011KT 9999 FEW015 BKN250 20/15 Q1012",RJAH,2026-04-28T01:00:00.000Z,36.1820,140.4150,20,15,210,11,,6+,29.88,,,,,,,,,,,FEW,1500,BKN,25000,,,,,VFR,,,,,,,,,,,,METAR,31
"METAR FAOR 280100Z 29002KT CAVOK 11/09 Q1021 NOSIG",FAOR,2026-04-28T01:00:00.000Z,-26.1390,28.2460,11,9,290,2,,6+,30.15,,,,,,TRUE,,,,,,,,,,,,,VFR,,,,,,,,,,,,METAR,1684
"METAR RJBD 280100Z 18009KT 140V210 9999 FEW020 BKN030 23/16 Q1013",RJBD,2026-04-28T01:00:00.000Z,33.6620,135.3640,23,16,180,9,,6+,29.91,,,,,,,,,,,FEW,2000,BKN,3000,,,,,MVFR,,,,,,,,,,,,METAR,91
"METAR RJBE 280100Z VRB01KT 9999 FEW020 SCT025 BKN/// 20/15 Q1013",RJBE,2026-04-28T01:00:00.000Z,34.6330,135.2240,20,15,0,1,,6+,29.91,,,,,,,,,,,FEW,2000,SCT,2500,,,,,VFR,,,,,,,,,,,,METAR,5
"METAR SCSE 280100Z 33003KT 290V360 9999 OVC012 12/09 Q1018",SCSE,2026-04-28T01:00:00.000Z,-29.9180,-71.2010,12,9,330,3,,6+,30.06,,,,,,,,,,,OVC,1200,,,,,,,MVFR,,,,,,,,,,,,METAR,141
"METAR SCQP 280100Z 07002KT 5000 -DZ FEW002 OVC015 10/10 Q1019",SCQP,2026-04-28T01:00:00.000Z,-38.9250,-72.6480,10,10,70,2,,3.11,30.09,,,,,,,,,,-DZ,FEW,200,OVC,1500,,,,,MVFR,,,,,,,,,,,,METAR,97
"METAR SCIE 280100Z VRB04KT 3000 -DZ BR BKN003 OVC013 10/10 Q1019",SCIE,2026-04-28T01:00:00.000Z,-36.7730,-73.0630,10,10,0,4,,1.86,30.09,,,,,,,,,,-DZ BR,BKN,300,OVC,1300,,,,,LIFR,,,,,,,,,,,,METAR,8
"METAR SCIC 280100Z AUTO 12003KT //// R/////// // NCD 09/08 Q1021",SCIC,2026-04-28T01:00:00.000Z,-34.9660,-71.2170,9,8,120,3,,,30.15,,,TRUE,,,,,,,,,,,,,,,,null,,,,,,,,,,,,METAR,230
"METAR SCSN 280100Z AUTO 00000KT 9999 NCD 12/08 Q1019",SCSN,2026-04-28T01:00:00.000Z,-33.6560,-71.6150,12,8,0,0,,6+,30.09,,,TRUE,,,,,,,,,,,,,,,,VFR,,,,,,,,,,,,METAR,73
"METAR SCIP 280100Z 10010KT 9999 SCT022 23/19 Q1024 NOSIG",SCIP,2026-04-28T01:00:00.000Z,-27.1610,-109.4270,23,19,100,10,,6+,30.24,,,,,,TRUE,,,,,SCT,2200,,,,,,,VFR,,,,,,,,,,,,METAR,48
"METAR SCCF 280100Z 35003KT 280V030 CAVOK 12/M16 Q1027",SCCF,2026-04-28T01:00:00.000Z,-22.4960,-68.9050,12,-16,350,3,,6+,30.32,,,,,,,,,,,,,,,,,,,VFR,,,,,,,,,,,,METAR,2290
"METAR RJCH 280100Z 19007KT 9999 FEW020 SCT040 BKN090 11/06 Q1010",RJCH,2026-04-28T01:00:00.000Z,41.7700,140.8220,11,6,190,7,,6+,29.82,,,,,,,,,,,FEW,2000,SCT,4000,BKN,9000,,,VFR,,,,,,,,,,,,METAR,36
"METAR SCVD 280100Z AUTO 00000KT 7000 FEW003 OVC008 09/09 Q1019",SCVD,2026-04-28T01:00:00.000Z,-39.6500,-73.0860,9,9,0,0,,4.35,30.09,,,TRUE,,,,,,,,FEW,300,OVC,800,,,,,IFR,,,,,,,,,,,,METAR,19
"METAR RJCK 280100Z 19010KT 160V220 9999 FEW020 BKN040 11/06 Q1005",RJCK,2026-04-28T01:00:00.000Z,43.0410,144.1930,11,6,190,10,,6+,29.68,,,,,,,,,,,FEW,2000,BKN,4000,,,,,VFR,,,,,,,,,,,,METAR,94
"METAR SCVM 280100Z VRB02KT CAVOK 13/07 Q1019",SCVM,2026-04-28T01:00:00.000Z,-32.9470,-71.4790,13,7,0,2,,6+,30.09,,,,,,,,,,,,,,,,,,,VFR,,,,,,,,,,,,METAR,136
"METAR RJCM 280100Z 34009KT 310V010 9999 FEW003 BKN005 BKN006 04/02 Q1009",RJCM,2026-04-28T01:00:00.000Z,43.8810,144.1640,4,2,340,9,,6+,29.79,,,,,,,,,,,FEW,300,BKN,500,BKN,600,,,IFR,,,,,,,,,,,,METAR,30
"METAR SCAT 280100Z 22007KT 9999 OVC015 13/10 Q1017",SCAT,2026-04-28T01:00:00.000Z,-27.2620,-70.7740,13,10,220,7,,6+,30.03,,,,,,,,,,,OVC,1500,,,,,,,MVFR,,,,,,,,,,,,METAR,209
"METAR RJCN 280100Z 32010KT 280V360 9999 FEW015 SCT030 BKN/// 13/01 Q1004",RJCN,2026-04-28T01:00:00.000Z,43.5780,144.9600,13,1,320,10,,6+,29.65,,,,,,,,,,,FEW,1500,SCT,3000,,,,,VFR,,,,,,,,,,,,METAR,62
"METAR SCGZ 280100Z AUTO 27012KT 9999 OVC049/// 07/03 Q0995",SCGZ,2026-04-28T01:00:00.000Z,-54.9320,-67.6310,7,3,270,12,,6+,29.38,,,TRUE,,,,,,,,OVC,4900,,,,,,,VFR,,,,,,,,,,,,METAR,21
"METAR RJCO 280100Z 33012KT 9999 SCT020 BKN150 09/04 Q1010",RJCO,2026-04-28T01:00:00.000Z,43.1170,141.3810,9,4,330,12,,6+,29.82,,,,,,,,,,,SCT,2000,BKN,15000,,,,,VFR,,,,,,,,,,,,METAR,7
"METAR RJCW 280100Z 06006KT 9999 FEW007 BKN010 04/01 Q1010",RJCW,2026-04-28T01:00:00.000Z,45.4040,141.8020,4,1,60,6,,6+,29.82,,,,,,,,,,,FEW,700,BKN,1000,,,,,MVFR,,,,,,,,,,,,METAR,11
"METAR SCAR 280100Z 09003KT 9999 OVC032 20/14 Q1017",SCAR,2026-04-28T01:00:00.000Z,-18.3510,-70.3360,20,14,90,3,,6+,30.03,,,,,,,,,,,OVC,3200,,,,,,,VFR,,,,,,,,,,,,METAR,57
"METAR RJFS 280100Z 15012KT 9999 FEW025 BKN170 BKN/// 19/16 Q1014",RJFS,2026-04-28T01:00:00.000Z,33.1500,130.3020,19,16,150,12,,6+,29.94,,,,,,,,,,,FEW,2500,BKN,17000,,,,,VFR,,,,,,,,,,,,METAR,2
"METAR RJKA 280100Z 21007KT 9999 FEW030 24/17 Q1015",RJKA,2026-04-28T01:00:00.000Z,28.4310,129.7130,24,17,210,7,,6+,29.97,,,,,,,,,,,FEW,3000,,,,,,,VFR,,,,,,,,,,,,METAR,7
"METAR RJKB 280100Z AUTO 12003KT 050V180 9999 NCD 22/14 Q1016",RJKB,2026-04-28T01:00:00.000Z,27.4322,128.7058,22,14,120,3,,6+,30.00,,,TRUE,,,,,,,,,,,,,,,,VFR,,,,,,,,,,,,METAR,27
"METAR RJKI 280100Z AUTO 28006KT 9999 FEW024 24/18 Q1015",RJKI,2026-04-28T01:00:00.000Z,28.3210,129.9280,24,18,280,6,,6+,29.97,,,TRUE,,,,,,,,FEW,2400,,,,,,,VFR,,,,,,,,,,,,METAR,6
"METAR RJNK 280100Z 22012KT 9999 FEW180 BKN250 23/13 Q1010",RJNK,2026-04-28T01:00:00.000Z,36.3940,136.4070,23,13,220,12,,6+,29.82,,,,,,,,,,,FEW,18000,BKN,25000,,,,,VFR,,,,,,,,,,,,METAR,7
"METAR SAZN 280100Z 28003KT CAVOK 09/02 Q1013 RMK PP000",SAZN,2026-04-28T01:00:00.000Z,-38.9500,-68.1410,9,2,280,3,,6+,29.91,,,,,,,,,,,,,,,,,,,VFR,,,,,,,,,,,,METAR,273
"METAR RJOB 280100Z VRB04KT 9999 FEW015 BKN180 19/14 Q1013",RJOB,2026-04-28T01:00:00.000Z,34.7570,133.8550,19,14,0,4,,6+,29.91,,,,,,,,,,,FEW,1500,BKN,18000,,,,,VFR,,,,,,,,,,,,METAR,242
"METAR HLMS 280100Z 12009KT 8000 FEW050 18/14 Q1015",HLMS,2026-04-28T01:00:00.000Z,32.3240,15.0620,18,14,120,9,,4.97,29.97,,,,,,,,,,,FEW,5000,,,,,,,MVFR,,,,,,,,,,,,METAR,7
"METAR RJOY 280100Z VRB02KT 9999 FEW025 22/14 Q1012",RJOY,2026-04-28T01:00:00.000Z,34.5970,135.6010,22,14,0,2,,6+,29.88,,,,,,,,,,,FEW,2500,,,,,,,VFR,,,,,,,,,,,,METAR,10
"METAR RJSA 280100Z 27004KT 240V320 9999 FEW010 SCT050 BKN060 09/05 Q1010",RJSA,2026-04-28T01:00:00.000Z,40.7330,140.6890,9,5,270,4,,6+,29.82,,,,,,,,,,,FEW,1000,SCT,5000,BKN,6000,,,VFR,,,,,,,,,,,,METAR,196
"METAR RJSC 280100Z 21007KT 180V240 9999 FEW040 BKN/// 19/11 Q1010",RJSC,2026-04-28T01:00:00.000Z,38.4120,140.3710,19,11,210,7,,6+,29.82,,,,,,,,,,,FEW,4000,,,,,,,VFR,,,,,,,,,,,,METAR,104
"METAR RJSI 280100Z 28004KT 240V340 9999 FEW008 BKN030 15/10 Q1010",RJSI,2026-04-28T01:00:00.000Z,39.4290,141.1350,15,10,280,4,,6+,29.82,,,,,,,,,,,FEW,800,BKN,3000,,,,,MVFR,,,,,,,,,,,,METAR,89
"METAR RJSK 280100Z VRB02KT 9999 FEW001 SCT004 BKN006 10/09 Q1011",RJSK,2026-04-28T01:00:00.000Z,39.6160,140.2190,10,9,0,2,,6+,29.85,,,,,,,,,,,FEW,100,SCT,400,BKN,600,,,IFR,,,,,,,,,,,,METAR,95
"METAR RJSM 280100Z 31009KT 9999 FEW030 SCT050 BKN080 14/02 Q1010",RJSM,2026-04-28T01:00:00.000Z,40.7050,141.3720,14,2,310,9,,6+,29.82,,,,,,,,,,,FEW,3000,SCT,5000,BKN,8000,,,VFR,,,,,,,,,,,,METAR,31
"METAR CZRP 280100Z AUTO 32014KT M11/M12 RMK AO1 SOG 116 3005 SLP094 T11081121",CZRP,2026-04-28T01:00:00.000Z,75.3770,-105.7150,-10.8,-12.1,320,14,,,,1009.4,,TRUE,TRUE,,,,,,,,,,,,,,,null,,,,,,,,,,,,METAR,6
"METAR RJSR 280100Z 21003KT 130V280 9999 FEW015 SCT090 BKN120 12/06 Q1010",RJSR,2026-04-28T01:00:00.000Z,40.1920,140.3720,12,6,210,3,,6+,29.82,,,,,,,,,,,FEW,1500,SCT,9000,BKN,12000,,,VFR,,,,,,,,,,,,METAR,83
"METAR FSIA 280100Z VRB03KT 9999 SCT022 28/25 Q1007 NOSIG",FSIA,2026-04-28T01:00:00.000Z,-4.6740,55.5220,28,25,0,3,,6+,29.73,,,,,,TRUE,,,,,SCT,2200,,,,,,,VFR,,,,,,,,,,,,METAR,3
"METAR OEMA 280100Z 30007KT CAVOK 23/M10 Q1011 NOSIG",OEMA,2026-04-28T01:00:00.000Z,24.5530,39.7050,23,-10,300,7,,6+,29.85,,,,,,TRUE,,,,,,,,,,,,,VFR,,,,,,,,,,,,METAR,639
"METAR RJSY 280100Z 35004KT 300V030 9999 FEW002 SCT004 BKN008 11/11 Q1011",RJSY,2026-04-28T01:00:00.000Z,38.8120,139.7870,11,11,350,4,,6+,29.85,,,,,,,,,,,FEW,200,SCT,400,BKN,800,,,IFR,,,,,,,,,,,,METAR,17
"METAR OERK 280100Z 33002KT 8000 BKN040 26/09 Q1008 NOSIG",OERK,2026-04-28T01:00:00.000Z,24.9450,46.7020,26,9,330,2,,4.97,29.76,,,,,,TRUE,,,,,BKN,4000,,,,,,,MVFR,,,,,,,,,,,,METAR,618
"METAR RJTO 280100Z 22010KT 9999 FEW030 BKN/// 21/16 Q1013",RJTO,2026-04-28T01:00:00.000Z,34.7820,139.3600,21,16,220,10,,6+,29.91,,,,,,,,,,,FEW,3000,,,,,,,VFR,,,,,,,,,,,,METAR,37
"METAR SKBQ 280100Z 04012KT 9999 BKN020 28/25 Q1010",SKBQ,2026-04-28T01:00:00.000Z,10.8830,-74.7800,28,25,40,12,,6+,29.82,,,,,,,,,,,BKN,2000,,,,,,,MVFR,,,,,,,,,,,,METAR,23
"METAR SKBG 280100Z 32003KT 280V350 9999 FEW005 SCT020 21/20 Q1016",SKBG,2026-04-28T01:00:00.000Z,7.1270,-73.1850,21,20,320,3,,6+,30.00,,,,,,,,,,,FEW,500,SCT,2000,,,,,VFR,,,,,,,,,,,,METAR,1187
"METAR SKBO 280100Z VRB01KT 9000 -DZ SCT030 BKN050 14/14 Q1027 BECMG FM0130 9999 NSW",SKBO,2026-04-28T01:00:00.000Z,4.7060,-74.1510,14,14,0,1,,5.59,30.32,,,,,,,,,,-DZ,SCT,3000,BKN,5000,,,,,VFR,,,,,,,,,,,,METAR,2547
"METAR OETF 280100Z 22003KT CAVOK 17/09 Q1015 NOSIG",OETF,2026-04-28T01:00:00.000Z,21.4830,40.5440,17,9,220,3,,6+,29.97,,,,,,TRUE,,,,,,,,,,,,,VFR,,,,,,,,,,,,METAR,1460
"METAR OETR 280100Z 35004KT 9999 BKN040 11/11 Q1011 NOSIG",OETR,2026-04-28T01:00:00.000Z,31.6930,38.7310,11,11,350,4,,6+,29.85,,,,,,TRUE,,,,,BKN,4000,,,,,,,VFR,,,,,,,,,,,,METAR,854
"METAR OEWD 280100Z 20005KT CAVOK 26/08 Q1007 NOSIG",OEWD,2026-04-28T01:00:00.000Z,20.5040,45.1970,26,8,200,5,,6+,29.73,,,,,,TRUE,,,,,,,,,,,,,VFR,,,,,,,,,,,,METAR,629
"METAR OEWJ 280100Z 25009KT CAVOK 24/15 Q1008 NOSIG",OEWJ,2026-04-28T01:00:00.000Z,26.1990,36.4760,24,15,250,9,,6+,29.76,,,,,,TRUE,,,,,,,,,,,,,VFR,,,,,,,,,,,,METAR,8
"METAR VAHS 280100Z 22005KT 5000 HZ NSC 25/18 Q1006 NOSIG",VAHS,2026-04-28T01:00:00.000Z,22.3772,71.0374,25,18,220,5,,3.11,29.70,,,,,,TRUE,,,,HZ,,,,,,,,,MVFR,,,,,,,,,,,,METAR,198
"METAR OEYN 280100Z 32006KT CAVOK 22/02 Q1006 NOSIG",OEYN,2026-04-28T01:00:00.000Z,24.1440,38.0630,22,2,320,6,,6+,29.70,,,,,,TRUE,,,,,,,,,,,,,VFR,,,,,,,,,,,,METAR,20
"METAR UBBY 280100Z 13006KT 9999 BKN100 11/08 Q1019 NOSIG",UBBY,2026-04-28T01:00:00.000Z,41.5610,46.6670,11,8,130,6,,6+,30.09,,,,,,TRUE,,,,,BKN,10000,,,,,,,VFR,,,,,,,,,,,,METAR,383
"METAR RJNT 280100Z 18010KT 140V210 9999 FEW030 SCT120 BKN/// 22/09 Q1010",RJNT,2026-04-28T01:00:00.000Z,36.6410,137.1870,22,9,180,10,,6+,29.82,,,,,,,,,,,FEW,3000,SCT,12000,,,,,VFR,,,,,,,,,,,,METAR,30
"METAR CYYL 280100Z AUTO 01008KT 9SM OVC036 M01/M07 A3001 RMK SLP191",CYYL,2026-04-28T01:00:00.000Z,56.8630,-101.0730,-1,-7,10,8,,9,30.01,1019.1,,TRUE,,,,,,,,OVC,3600,,,,,,,VFR,,,,,,,,,,,,METAR,351
"METAR CYXJ 280100Z 09008KT 60SM FEW160 10/M06 A2988 RMK AC1 SLP148",CYXJ,2026-04-28T01:00:00.000Z,56.2470,-120.7370,10,-6,90,8,,60,29.88,1014.8,,,,,,,,,,FEW,16000,,,,,,,VFR,,,,,,,,,,,,METAR,700
"METAR CYKP 280100Z AUTO 05010G21KT 9SM SCT110 BKN130 OVC150 06/01 A2982 RMK SLP108",CYKP,2026-04-28T01:00:00.000Z,51.6590,-85.9010,6,1,50,10,21,9,29.82,1010.8,,TRUE,,,,,,,,SCT,11000,BKN,13000,OVC,15000,,,VFR,,,,,,,,,,,,METAR,181
"METAR CYOO 280100Z AUTO 09009KT 9SM CLR 15/02 A3003 RMK SLP174",CYOO,2026-04-28T01:00:00.000Z,43.9210,-78.8990,15,2,90,9,,9,30.03,1017.4,,TRUE,,,,,,,,,,,,,,,,VFR,,,,,,,,,,,,METAR,136
"METAR CYPO 280100Z AUTO 17005KT 9SM OVC066 03/M00 A3002 RMK SLP170",CYPO,2026-04-28T01:00:00.000Z,54.9880,-85.4390,3,0,170,5,,9,30.02,1017,,TRUE,,,,,,,,OVC,6600,,,,,,,VFR,,,,,,,,,,,,METAR,49
"METAR CWXC 280100Z AUTO 04001KT 04/M01 RMK AO1 SLP237 T00381011 53004",CWXC,2026-04-28T01:00:00.000Z,48.8940,-71.0320,3.8,-1.1,40,1,,,,1023.7,,TRUE,TRUE,,,,,,,,,,,,,,,null,0.04,,,,,,,,,,,METAR,306
"METAR CYYW 280100Z AUTO 08004KT 030V140 9SM -RA OVC055 06/03 A2969 RMK PCPN 0.8MM PAST HR SLP069",CYYW,2026-04-28T01:00:00.000Z,50.2960,-88.9120,6,3,80,4,,9,29.69,1006.9,,TRUE,,,,,,,-RA,OVC,5500,,,,,,,VFR,,,,,,,,,,,,METAR,320
"METAR CZMD 280100Z AUTO 06002KT 9SM CLR 05/M04 A2991 RMK SLP146",CZMD,2026-04-28T01:00:00.000Z,53.4390,-91.7660,5,-4,60,2,,9,29.91,1014.6,,TRUE,,,,,,,,,,,,,,,,VFR,,,,,,,,,,,,METAR,276
"METAR CZSJ 280100Z AUTO 35003KT 340V050 9SM CLR 07/M06 A2990 RMK SLP141",CZSJ,2026-04-28T01:00:00.000Z,53.0630,-93.3440,7,-6,350,3,,9,29.90,1014.1,,TRUE,,,,,,,,,,,,,,,,VFR,,,,,,,,,,,,METAR,286
"METAR CYGV 280100Z AUTO 09006KT 050V130 9SM CLR M00/M02 A3032 RMK SLP271",CYGV,2026-04-28T01:00:00.000Z,50.2860,-63.6060,0,-2,90,6,,9,30.32,1027.1,,TRUE,,,,,,,,,,,,,,,,VFR,,,,,,,,,,,,METAR,32
"METAR CYPD 280100Z AUTO 13003KT 9SM CLR 02/M03 A3038 RMK SLP293",CYPD,2026-04-28T01:00:00.000Z,45.6570,-61.3740,2,-3,130,3,,9,30.38,1029.3,,TRUE,,,,,,,,,,,,,,,,VFR,,,,,,,,,,,,METAR,106
"METAR CYVL 280100Z AUTO /////KT 9SM FEW037 OVC055 03/M03 A2987 RMK SLP138",CYVL,2026-04-28T01:00:00.000Z,67.0210,-126.1290,3,-3,,,,9,29.87,1013.8,,TRUE,,,,,,,,FEW,3700,OVC,5500,,,,,VFR,,,,,,,,,,,,METAR,261
"METAR SASJ 280100Z 12003KT 7000 OVC011 11/10 Q1020 RMK PP000",SASJ,2026-04-28T01:00:00.000Z,-24.3870,-65.0980,11,10,120,3,,4.35,30.12,,,,,,,,,,,OVC,1100,,,,,,,MVFR,,,,,,,,,,,,METAR,913
"METAR CYWE 280100Z AUTO 13007KT 9SM BKN120 M04/M08 A3002 RMK SLP202",CYWE,2026-04-28T01:00:00.000Z,64.1920,-114.0780,-4,-8,130,7,,9,30.02,1020.2,,TRUE,,,,,,,,BKN,12000,,,,,,,VFR,,,,,,,,,,,,METAR,374
"METAR SAAR 280100Z 33002KT CAVOK 07/04 Q1017 RMK PP000",SAAR,2026-04-28T01:00:00.000Z,-32.9180,-60.7820,7,4,330,2,,6+,30.03,,,,,,,,,,,,,,,,,,,VFR,,,,,,,,,,,,METAR,24
"METAR HESW 280100Z 02005KT CAVOK 16/05 Q1016",HESW,2026-04-28T01:00:00.000Z,29.3460,25.5070,16,5,20,5,,6+,30.00,,,,,,,,,,,,,,,,,,,VFR,,,,,,,,,,,,METAR,101
"METAR CYRJ 280100Z 19003KT 25SM FEW220 08/00 A3018 RMK CI1 CI TR SLP229",CYRJ,2026-04-28T01:00:00.000Z,48.5230,-72.2660,8,0,190,3,,25,30.18,1022.9,,,,,,,,,,FEW,22000,,,,,,,VFR,,,,,,,,,,,,METAR,173
"METAR CYRL 280100Z 04005KT 15SM BKN075 06/M01 A2982 RMK AC6 SLP114",CYRL,2026-04-28T01:00:00.000Z,51.0670,-93.7990,6,-1,40,5,,15,29.82,1011.4,,,,,,,,,,BKN,7500,,,,,,,VFR,,,,,,,,,,,,METAR,370
"METAR MKJS 280100Z 02006KT 9999 SCT018 FEW020CB 28/23 Q1013",MKJS,2026-04-28T01:00:00.000Z,18.5020,-77.9150,28,23,20,6,,6+,29.91,,,,,,,,,,,SCT,1800,FEW,2000,,,,,VFR,,,,,,,,,,,,METAR,3
"METAR SARF 280100Z 18006KT CAVOK 12/09 Q1018",SARF,2026-04-28T01:00:00.000Z,-26.2130,-58.2280,12,9,180,6,,6+,30.06,,,,,,,,,,,,,,,,,,,VFR,,,,,,,,,,,,METAR,65
"METAR FIMR 280100Z 09003KT 9999 FEW017 24/23 Q1011",FIMR,2026-04-28T01:00:00.000Z,-19.7550,63.3600,24,23,90,3,,6+,29.85,,,,,,,,,,,FEW,1700,,,,,,,VFR,,,,,,,,,,,,METAR,31
"METAR FNUB 280100Z AUTO 22004KT //// ////// 15/14 Q1024",FNUB,2026-04-28T01:00:00.000Z,-14.9250,13.5750,15,14,220,4,,,30.24,,,TRUE,,,,,,,,,,,,,,,,null,,,,,,,,,,,,METAR,1749
"METAR VIGG 280100Z 00000KT 5000 HZ FEW040 BKN080 21/14 Q1007",VIGG,2026-04-28T01:00:00.000Z,32.1650,76.2630,21,14,0,0,,3.11,29.73,,,,,,,,,,HZ,FEW,4000,BKN,8000,,,,,MVFR,,,,,,,,,,,,METAR,760
"METAR SACO 280100Z 35005KT CAVOK 06/03 Q1017 NOSIG RMK PP000",SACO,2026-04-28T01:00:00.000Z,-31.3240,-64.2080,6,3,350,5,,6+,30.03,,,,,,TRUE,,,,,,,,,,,,,VFR,,,,,,,,,,,,METAR,474
"METAR GMFM 280100Z 07010KT 030V150 5000 -TSRA FEW013 BKN016 FEW026CB 16/13 Q1011 NOSIG",GMFM,2026-04-28T01:00:00.000Z,33.8750,-5.5200,16,13,70,10,,3.11,29.85,,,,,,TRUE,,,,-TSRA,FEW,1300,BKN,1600,FEW,2600,,,MVFR,,,,,,,,,,,,METAR,569
"METAR GMMH 280100Z AUTO 03010KT 9999 ////// 18/16 Q1015",GMMH,2026-04-28T01:00:00.000Z,23.7180,-15.9320,18,16,30,10,,6+,29.97,,,TRUE,,,,,,,,,,,,,,,,VFR,,,,,,,,,,,,METAR,11
"METAR GMML 280100Z 01009KT 6000 BKN016 19/16 Q1015 NOSIG",GMML,2026-04-28T01:00:00.000Z,27.1410,-13.2300,19,16,10,9,,3.73,29.97,,,,,,TRUE,,,,,BKN,1600,,,,,,,MVFR,,,,,,,,,,,,METAR,63
"METAR GMFK 280100Z 21004KT 120V280 CAVOK 22/M08 Q1012 NOSIG",GMFK,2026-04-28T01:00:00.000Z,31.9460,-4.3990,22,-8,210,4,,6+,29.88,,,,,,TRUE,,,,,,,,,,,,,VFR,,,,,,,,,,,,METAR,1033
"METAR GMMI 280100Z AUTO VRB01KT 5000 SCT011 BKN030 17/17 Q1013 NOSIG",GMMI,2026-04-28T01:00:00.000Z,31.4060,-9.6870,17,17,0,1,,3.11,29.91,,,TRUE,,,TRUE,,,,,SCT,1100,BKN,3000,,,,,MVFR,,,,,,,,,,,,METAR,102
"METAR GMMW 280100Z 01006KT 4000 BR OVC003 15/15 Q1011 NOSIG",GMMW,2026-04-28T01:00:00.000Z,34.9930,-3.0250,15,15,10,6,,2.49,29.85,,,,,,TRUE,,,,BR,OVC,300,,,,,,,LIFR,,,,,,,,,,,,METAR,174
"METAR GMMZ 280100Z 18004KT 9999 FEW040 SCT200 20/05 Q1012 NOSIG",GMMZ,2026-04-28T01:00:00.000Z,30.9390,-6.9090,20,5,180,4,,6+,29.88,,,,,,TRUE,,,,,FEW,4000,SCT,20000,,,,,VFR,,,,,,,,,,,,METAR,1139
"METAR GMAZ 280100Z 22013KT CAVOK 21/06 Q1011 NOSIG",GMAZ,2026-04-28T01:00:00.000Z,30.2660,-5.8540,21,6,220,13,,6+,29.85,,,,,,TRUE,,,,,,,,,,,,,VFR,,,,,,,,,,,,METAR,729
"METAR HEGN 280100Z 29010KT CAVOK 20/10 Q1012 NOSIG",HEGN,2026-04-28T01:00:00.000Z,27.1790,33.8010,20,10,290,10,,6+,29.88,,,,,,TRUE,,,,,,,,,,,,,VFR,,,,,,,,,,,,METAR,14
"METAR HEPS 280100Z 01002KT 9999 FEW020 19/14 Q1014 NOSIG",HEPS,2026-04-28T01:00:00.000Z,31.2790,32.2380,19,14,10,2,,6+,29.94,,,,,,TRUE,,,,,FEW,2000,,,,,,,VFR,,,,,,,,,,,,METAR,2
"METAR HESH 280100Z 35014KT CAVOK 22/13 Q1010 NOSIG",HESH,2026-04-28T01:00:00.000Z,27.9770,34.3950,22,13,350,14,,6+,29.82,,,,,,TRUE,,,,,,,,,,,,,VFR,,,,,,,,,,,,METAR,50
"METAR HEAT 280100Z 35008KT CAVOK 17/08 Q1016 NOSIG",HEAT,2026-04-28T01:00:00.000Z,27.0490,31.0140,17,8,350,8,,6+,30.00,,,,,,TRUE,,,,,,,,,,,,,VFR,,,,,,,,,,,,METAR,229
"METAR HEBL 280100Z 36008KT CAVOK 20/06 Q1012 NOSIG",HEBL,2026-04-28T01:00:00.000Z,22.3760,31.6120,20,6,360,8,,6+,29.88,,,,,,TRUE,,,,,,,,,,,,,VFR,,,,,,,,,,,,METAR,184
"METAR HESX 280100Z 29006KT CAVOK 16/14 Q1014 NOSIG",HESX,2026-04-28T01:00:00.000Z,30.1080,30.8960,16,14,290,6,,6+,29.94,,,,,,TRUE,,,,,,,,,,,,,VFR,,,,,,,,,,,,METAR,168
"METAR HEMA 280100Z 29004KT CAVOK 20/11 Q1011 NOSIG",HEMA,2026-04-28T01:00:00.000Z,25.5570,34.5840,20,11,290,4,,6+,29.85,,,,,,TRUE,,,,,,,,,,,,,VFR,,,,,,,,,,,,METAR,77
"METAR RJSN 280100Z 33006KT 9999 FEW030 SCT040 BKN/// 16/13 Q1011",RJSN,2026-04-28T01:00:00.000Z,37.9560,139.1210,16,13,330,6,,6+,29.85,,,,,,,,,,,FEW,3000,SCT,4000,,,,,VFR,,,,,,,,,,,,METAR,4
"METAR LKKV 280100Z 03003KT CAVOK 04/M03 Q1020",LKKV,2026-04-28T01:00:00.000Z,50.2020,12.9100,4,-3,30,3,,6+,30.12,,,,,,,,,,,,,,,,,,,VFR,,,,,,,,,,,,METAR,600
"METAR RJFU 280100Z 19004KT 170V230 9999 FEW020 SCT170 BKN/// 21/14 Q1014",RJFU,2026-04-28T01:00:00.000Z,32.9170,129.9140,21,14,190,4,,6+,29.94,,,,,,,,,,,FEW,2000,SCT,17000,,,,,VFR,,,,,,,,,,,,METAR,2
"METAR RJNS 280100Z 22007KT 190V280 9999 FEW015 SCT030 BKN/// 22/14 Q1013",RJNS,2026-04-28T01:00:00.000Z,34.7960,138.1890,22,14,220,7,,6+,29.91,,,,,,,,,,,FEW,1500,SCT,3000,,,,,VFR,,,,,,,,,,,,METAR,133
"METAR OJAI 280100Z 18004KT 4000 BR NSC 11/10 Q1014 NOSIG",OJAI,2026-04-28T01:00:00.000Z,31.7230,35.9930,11,10,180,4,,2.49,29.94,,,,,,TRUE,,,,BR,,,,,,,,,IFR,,,,,,,,,,,,METAR,723
"METAR CYQM 280100Z 09004KT 15SM SCT250 05/M01 A3032 RMK CI4 SLP271",CYQM,2026-04-28T01:00:00.000Z,46.1070,-64.6820,5,-1,90,4,,15,30.32,1027.1,,,,,,,,,,SCT,25000,,,,,,,VFR,,,,,,,,,,,,METAR,67
"METAR CYQY 280100Z 20003KT 15SM FEW240 03/M05 A3039 RMK CI2 SLP294",CYQY,2026-04-28T01:00:00.000Z,46.1660,-60.0490,3,-5,200,3,,15,30.39,1029.4,,,,,,,,,,FEW,24000,,,,,,,VFR,,,,,,,,,,,,METAR,58
"METAR CYRB 280100Z 18013KT 1 1/2SM R35/4000V6000FT/D -SN DRSN BKN009 OVC015 M12/M14 A2984 RMK ST7SC1 SLP118",CYRB,2026-04-28T01:00:00.000Z,74.7130,-94.9820,-12,-14,180,13,,1.5,29.84,1011.8,,,,,,,,,DRSN -SN,BKN,900,OVC,1500,,,,,IFR,,,,,,,,,,,,METAR,59
"METAR CYSJ 280100Z 12008KT 15SM SKC 09/M01 A3031 RMK SLP267",CYSJ,2026-04-28T01:00:00.000Z,45.3090,-65.8860,9,-1,120,8,,15,30.31,1026.7,,,,,,,,,,,,,,,,,,VFR,,,,,,,,,,,,METAR,89
"METAR CYTE 280100Z AUTO 07011KT 9SM CLR M12/M15 A3017 RMK SLP226",CYTE,2026-04-28T01:00:00.000Z,64.2300,-76.5280,-12,-15,70,11,,9,30.17,1022.6,,TRUE,,,,,,,,,,,,,,,,VFR,,,,,,,,,,,,METAR,49
"METAR CYTL 280100Z AUTO 15003KT 9SM OVC100 04/01 A2994 RMK SLP152",CYTL,2026-04-28T01:00:00.000Z,53.8160,-89.8920,4,1,150,3,,9,29.94,1015.2,,TRUE,,,,,,,,OVC,10000,,,,,,,VFR,,,,,,,,,,,,METAR,218
"METAR CYUL 280100Z 11005KT 15SM FEW250 20/02 A3015 RMK CI1 CI TR SLP211 DENSITY ALT 500FT",CYUL,2026-04-28T01:00:00.000Z,45.4680,-73.7420,20,2,110,5,,15,30.15,1021.1,,,,,,,,,,FEW,25000,,,,,,,VFR,,,,,,,,,,,,METAR,31
"METAR CYUY 280100Z 12008KT 15SM BKN260 16/M02 A2999 RMK CI5 SLP163 DENSITY ALT 1300FT",CYUY,2026-04-28T01:00:00.000Z,48.2090,-78.8300,16,-2,120,8,,15,29.99,1016.3,,,,,,,,,,BKN,26000,,,,,,,VFR,,,,,,,,,,,,METAR,304
"METAR CYVR 280100Z 16009KT 30SM FEW031 SCT040 14/09 A3001 RMK CU1SC2 SLP164",CYVR,2026-04-28T01:00:00.000Z,49.1830,-123.1680,14,9,160,9,,30,30.01,1016.4,,,,,,,,,,FEW,3100,SCT,4000,,,,,VFR,,,,,,,,,,,,METAR,2
"METAR CYWG 280100Z 02012G20KT 15SM FEW080 BKN250 06/M05 A2992 RMK AC1CI6 SLP145",CYWG,2026-04-28T01:00:00.000Z,49.9160,-97.2490,6,-5,20,12,20,15,29.92,1014.5,,,,,,,,,,FEW,8000,BKN,25000,,,,,VFR,,,,,,,,,,,,METAR,238
"METAR CYWK 280100Z 24003KT 15SM BKN090 05/M02 A3017 RMK AC6 SLP241",CYWK,2026-04-28T01:00:00.000Z,52.9270,-66.8740,5,-2,240,3,,15,30.17,1024.1,,,,,,,,,,BKN,9000,,,,,,,VFR,,,,,,,,,,,,METAR,547
"METAR CYXU 280100Z 11014KT 15SM OVC200 15/06 A2993 RMK CS8 SLP139",CYXU,2026-04-28T01:00:00.000Z,43.0390,-81.1620,15,6,110,14,,15,29.93,1013.9,,,,,,,,,,OVC,20000,,,,,,,VFR,,,,,,,,,,,,METAR,278
"METAR CYXX 280100Z 22013KT 15SM SCT045 BKN110 14/07 A3000 RMK CU3AC3 SLP163",CYXX,2026-04-28T01:00:00.000Z,49.0270,-122.3770,14,7,220,13,,15,30.00,1016.3,,,,,,,,,,SCT,4500,BKN,11000,,,,,VFR,,,,,,,,,,,,METAR,54
"METAR CYXY 280100Z 25004KT 190V260 40SM BKN200 10/M06 A2987 RMK CI7 SLP148",CYXY,2026-04-28T01:00:00.000Z,60.7100,-135.0590,10,-6,250,4,,40,29.87,1014.8,,,,,,,,,,BKN,20000,,,,,,,VFR,,,,,,,,,,,,METAR,677
"METAR CYYC 280100Z 15008KT 40SM FEW058 07/M06 A2987 RMK SC1 SLP163",CYYC,2026-04-28T01:00:00.000Z,51.1160,-114.0110,7,-6,150,8,,40,29.87,1016.3,,,,,,,,,,FEW,5800,,,,,,,VFR,,,,,,,,,,,,METAR,1085
"METAR CYYJ 280100Z 12009KT 20SM BKN049 BKN120 13/09 A3000 RMK SC5AC2 SLP162",CYYJ,2026-04-28T01:00:00.000Z,48.6420,-123.4330,13,9,120,9,,20,30.00,1016.2,,,,,,,,,,BKN,4900,BKN,12000,,,,,VFR,,,,,,,,,,,,METAR,16
"METAR CYYQ 280100Z 33007KT 15SM OVC032 M02/M04 A2998 RMK SC8 SLP157",CYYQ,2026-04-28T01:00:00.000Z,58.7450,-94.0740,-2,-4,330,7,,15,29.98,1015.7,,,,,,,,,,OVC,3200,,,,,,,VFR,,,,,,,,,,,,METAR,20
"METAR CYYR 280100Z 06003KT 15SM FEW060 FEW110 BKN230 02/M05 A3018 RMK SC1AC1CI6 DENSITY ALT -1693FT SLP225",CYYR,2026-04-28T01:00:00.000Z,53.3200,-60.4170,2,-5,60,3,,15,30.18,1022.5,,,,,,,,,,FEW,6000,FEW,11000,BKN,23000,,,VFR,,,,,,,,,,,,METAR,42
"METAR CYYT 280100Z 02008KT 15SM FEW028 M03/M04 A3037 RMK SC2 SLP295",CYYT,2026-04-28T01:00:00.000Z,47.6270,-52.7480,-3,-4,20,8,,15,30.37,1029.5,,,,,,,,,,FEW,2800,,,,,,,VFR,,,,,,,,,,,,METAR,128
"METAR CYYZ 280100Z 10010G16KT 15SM BKN260 15/02 A3000 RMK CS6 SLP164",CYYZ,2026-04-28T01:00:00.000Z,43.6790,-79.6290,15,2,100,10,16,15,30.00,1016.4,,,,,,,,,,BKN,26000,,,,,,,VFR,,,,,,,,,,,,METAR,171
"METAR CXMY 280100Z AUTO M00/M00 RMK AO1 T10031003",CXMY,2026-04-28T01:00:00.000Z,44.9840,-62.4840,-0.3,-0.3,,,,,,,,TRUE,TRUE,,,,,,,,,,,,,,,null,,,,,,,,,,,,METAR,37
"METAR CXOX 280100Z AUTO 35006KT M01/M07 RMK AO1 SOG 48 8003 SLP204 T10101072",CXOX,2026-04-28T01:00:00.000Z,55.1460,-105.2700,-1,-7.2,350,6,,,,1020.4,,TRUE,TRUE,,,,,,,,,,,,,,,null,,,,,,,,,,,,METAR,381
"METAR CXWN 280100Z AUTO 02008KT 06/M06 RMK AO1 SLP139 T00551063 53001",CXWN,2026-04-28T01:00:00.000Z,49.8890,-97.1300,5.5,-6.3,20,8,,,,1013.9,,TRUE,TRUE,,,,,,,,,,,,,,,null,0.01,,,,,,,,,,,METAR,232
"METAR CWWB 280100Z AUTO 03007KT 08/03 RMK AO1 SLP167 T00830034 58027",CWWB,2026-04-28T01:00:00.000Z,43.3020,-79.7910,8.3,3.4,30,7,,,,1016.7,,TRUE,TRUE,,,,,,,,,,,,,,,null,-0.27,,,,,,,,,,,METAR,77
"METAR CWPO 280100Z AUTO 01013G18KT 06/M06 RMK AO1 SOG 03 3003 PK WND 01018/0005 SLP157 T00581063",CWPO,2026-04-28T01:00:00.000Z,49.1910,-98.9050,5.8,-6.3,10,13,18,,,1015.7,,TRUE,TRUE,,,,,,,,,,,,,,,null,,,,,,,,,,,,METAR,471
"METAR CWWZ 280100Z AUTO 08009KT 09/ RMK AO1 SLP160 T0088 56026",CWWZ,2026-04-28T01:00:00.000Z,43.2440,-79.2180,8.8,,80,9,,,,1016,,TRUE,TRUE,,,,,,,,,,,,,,,null,-0.26,,,,,,,,,,,METAR,75
"METAR CWDQ 280100Z AUTO 13002KT 13/02 RMK AO1 SLP220 T01320015 53004",CWDQ,2026-04-28T01:00:00.000Z,47.4150,-72.7880,13.2,1.5,130,2,,,,1022,,TRUE,TRUE,,,,,,,,,,,,,,,null,0.04,,,,,,,,,,,METAR,174
"METAR CWDV 280100Z AUTO 04005KT 05/04 RMK AO1 2PAST HR 8026 SLP017 P0016 T00470035 50042",CWDV,2026-04-28T01:00:00.000Z,49.0330,-90.4670,4.7,3.5,40,5,,,,1001.7,,TRUE,TRUE,,,,,,,,,,,,,,,null,0.42,,,,,0.16,,,,,,METAR,487
"METAR CWXL 280100Z AUTO 09008KT 08/M05 RMK AO1 SLP164 T00761046 56008",CWXL,2026-04-28T01:00:00.000Z,49.7340,-111.4500,7.6,-4.6,90,8,,,,1016.4,,TRUE,TRUE,,,,,,,,,,,,,,,null,-0.08,,,,,,,,,,,METAR,815
"METAR CWYJ 280100Z AUTO 20005KT 13/08 RMK AO1 SLP162 T01340079 55001",CWYJ,2026-04-28T01:00:00.000Z,48.4570,-123.3050,13.4,7.9,200,5,,,,1016.2,,TRUE,TRUE,,,,,,,,,,,,,,,null,-0.01,,,,,,,,,,,METAR,59
"METAR CWYY 280100Z AUTO 21003KT 19/M00 RMK AO1 SLP098 T01901003 56002",CWYY,2026-04-28T01:00:00.000Z,49.0280,-119.4410,19,-0.3,210,3,,,,1009.8,,TRUE,TRUE,,,,,,,,,,,,,,,null,-0.02,,,,,,,,,,,METAR,284
"METAR CWZA 280100Z AUTO 20004KT 14/07 RMK AO1 SLP158 T01420069 55001",CWZA,2026-04-28T01:00:00.000Z,49.2440,-121.7590,14.2,6.9,200,4,,,,1015.8,,TRUE,TRUE,,,,,,,,,,,,,,,null,-0.01,,,,,,,,,,,METAR,18
"METAR CWZO 280100Z AUTO 16014KT RMK AO1",CWZO,2026-04-28T01:00:00.000Z,48.5680,-123.2650,,,160,14,,,,,,TRUE,TRUE,,,,,,,,,,,,,,,null,,,,,,,,,,,,METAR,5
"METAR CWZQ 280100Z AUTO 27003KT 06/M06 RMK AO1 SLP274 T00641064 50005",CWZQ,2026-04-28T01:00:00.000Z,46.5470,-61.0490,6.4,-6.4,270,3,,,,1027.4,,TRUE,TRUE,,,,,,,,,,,,,,,null,0.05,,,,,,,,,,,METAR,13
"METAR CXHM 280100Z AUTO 06003KT 10/03 RMK AO1 SLP167 T01010027 58028",CXHM,2026-04-28T01:00:00.000Z,43.2860,-79.9050,10.1,2.7,60,3,,,,1016.7,,TRUE,TRUE,,,,,,,,,,,,,,,null,-0.28,,,,,,,,,,,METAR,105
"METAR CXKA 280100Z AUTO 14008KT 15/M00 RMK AO1 SLP102 T01461001 56022",CXKA,2026-04-28T01:00:00.000Z,49.4050,-82.4430,14.6,-0.1,140,8,,,,1010.2,,TRUE,TRUE,,,,,,,,,,,,,,,null,-0.22,,,,,,,,,,,METAR,221
"METAR CXKE 280100Z AUTO 12001KT 13/04 RMK AO1 SLP204 T01310035 55003",CXKE,2026-04-28T01:00:00.000Z,45.0050,-75.6370,13.1,3.5,120,1,,,,1020.4,,TRUE,TRUE,,,,,,,,,,,,,,,null,-0.03,,,,,,,,,,,METAR,99
"METAR CWQH 280100Z AUTO 18001KT 12/05 RMK AO1 SLP223 T01210052 53002",CWQH,2026-04-28T01:00:00.000Z,45.3690,-71.8240,12.1,5.2,180,1,,,,1022.3,,TRUE,TRUE,,,,,,,,,,,,,,,null,0.02,,,,,,,,,,,METAR,181
"METAR CWQK 280100Z AUTO 27015KT 11/07 RMK AO1 PK WND 27019/0040 SLP171 T01130072 53002",CWQK,2026-04-28T01:00:00.000Z,48.2980,-123.5310,11.3,7.2,270,15,,,,1017.1,,TRUE,TRUE,,,,,,,,,,,,,,,null,0.02,,,,,,,,,,,METAR,5
"METAR CWQO 280100Z AUTO 02006KT 06/05 RMK AO1 T00620053",CWQO,2026-04-28T01:00:00.000Z,48.4160,-68.8930,6.2,5.3,20,6,,,,,,TRUE,TRUE,,,,,,,,,,,,,,,null,,,,,,,,,,,,METAR,7
"METAR CWQP 280100Z AUTO 07009KT 10/06 RMK AO1 SLP199 T00990058 56012",CWQP,2026-04-28T01:00:00.000Z,43.8400,-77.1530,9.9,5.8,70,9,,,,1019.9,,TRUE,TRUE,,,,,,,,,,,,,,,null,-0.12,,,,,,,,,,,METAR,77
"METAR CWQR 280100Z AUTO 08009KT 01/M01 RMK AO1 T00061010",CWQR,2026-04-28T01:00:00.000Z,50.2210,-64.2070,0.6,-1,80,9,,,,,,TRUE,TRUE,,,,,,,,,,,,,,,null,,,,,,,,,,,,METAR,9
"METAR CWQV 280100Z AUTO 25001KT 08/03 RMK AO1 T00750029",CWQV,2026-04-28T01:00:00.000Z,48.2600,-70.1160,7.5,2.9,250,1,,,,,,TRUE,TRUE,,,,,,,,,,,,,,,null,,,,,,,,,,,,METAR,4
"METAR CWRJ 280100Z AUTO 28003KT 05/M08 RMK AO1 SLP192 T00481080 56005",CWRJ,2026-04-28T01:00:00.000Z,51.5650,-107.9240,4.8,-8,280,3,,,,1019.2,,TRUE,TRUE,,,,,,,,,,,,,,,null,-0.05,,,,,,,,,,,METAR,586
"METAR CWRK 280100Z AUTO 13002KT 13/M00 RMK AO1 SLP193 T01321003 58007",CWRK,2026-04-28T01:00:00.000Z,45.0720,-77.8790,13.2,-0.3,130,2,,,,1019.3,,TRUE,TRUE,,,,,,,,,,,,,,,null,-0.07,,,,,,,,,,,METAR,328
"METAR CWBY 280100Z AUTO 09008KT 02/M02 RMK AO1 SOG 19 6003 SLP261 T00181023",CWBY,2026-04-28T01:00:00.000Z,49.8390,-64.2930,1.8,-2.3,90,8,,,,1026.1,,TRUE,TRUE,,,,,,,,,,,,,,,null,,,,,,,,,,,,METAR,56
"METAR CWAF 280100Z AUTO 01008KT 05/04 RMK AO1 T00530038",CWAF,2026-04-28T01:00:00.000Z,48.0690,-69.5560,5.3,3.8,10,8,,,,,,TRUE,TRUE,,,,,,,,,,,,,,,null,,,,,,,,,,,,METAR,6
"METAR CWAQ 280100Z AUTO 35007KT 01/M08 RMK AO1 SOG 01 7002 SLP202 T00111076",CWAQ,2026-04-28T01:00:00.000Z,49.0500,-105.4830,1.1,-7.6,350,7,,,,1020.2,,TRUE,TRUE,,,,,,,,,,,,,,,null,,,,,,,,,,,,METAR,761
"METAR CWAV 280100Z AUTO 08004KT 07/M06 RMK AO1 SLP147 T00741061 56003",CWAV,2026-04-28T01:00:00.000Z,51.7770,-114.6810,7.4,-6.1,80,4,,,,1014.7,,TRUE,TRUE,,,,,,,,,,,,,,,null,-0.03,,,,,,,,,,,METAR,1115
"METAR CWPD 280100Z AUTO 20002KT 03/M03 RMK AO1 SLP240 T00261026 53009",CWPD,2026-04-28T01:00:00.000Z,47.5620,-71.2290,2.6,-2.6,200,2,,,,1024,,TRUE,TRUE,,,,,,,,,,,,,,,null,0.09,,,,,,,,,,,METAR,795
"METAR CWPZ 280100Z AUTO 29007KT 18/M05 RMK AO1 SLP099 T01771054 56005",CWPZ,2026-04-28T01:00:00.000Z,54.3830,-125.9590,17.7,-5.4,290,7,,,,1009.9,,TRUE,TRUE,,,,,,,,,,,,,,,null,-0.05,,,,,,,,,,,METAR,715
"METAR CWEB 280100Z AUTO 11/08 RMK AO1 18 0027Z 3006 SLP171 T01120083",CWEB,2026-04-28T01:00:00.000Z,49.3830,-126.5430,11.2,8.3,,,,,,1017.1,,TRUE,TRUE,,,,,,,,,,,,,,,null,,,,,,,,,,,,METAR,1
"METAR CWEL 280100Z AUTO 11009KT 13/09 RMK AO1 SLP162 T01280093 53005",CWEL,2026-04-28T01:00:00.000Z,49.2090,-123.8080,12.8,9.3,110,9,,,,1016.2,,TRUE,TRUE,,,,,,,,,,,,,,,null,0.05,,,,,,,,,,,METAR,0
"METAR CWEW 280100Z AUTO 08002KT 15/05 RMK AO1 SLP216 T01470047 56006",CWEW,2026-04-28T01:00:00.000Z,45.8090,-73.4350,14.7,4.7,80,2,,,,1021.6,,TRUE,TRUE,,,,,,,,,,,,,,,null,-0.06,,,,,,,,,,,METAR,17
"METAR CWEZ 280100Z AUTO 17013KT 13/08 RMK AO1 SLP166 T01310080 55000",CWEZ,2026-04-28T01:00:00.000Z,48.7830,-123.0460,13.1,8,170,13,,,,1016.6,,TRUE,TRUE,,,,,,,,,,,,,,,null,,,,,,,,,,,,METAR,23
"METAR CWFF 280100Z AUTO 26006KT M00/M04 RMK AO1 SOG 08 6006 SLP207 T10041038",CWFF,2026-04-28T01:00:00.000Z,52.8170,-104.6010,-0.4,-3.8,260,6,,,,1020.7,,TRUE,TRUE,,,,,,,,,,,,,,,null,,,,,,,,,,,,METAR,482
"METAR CWFJ 280100Z AUTO 16003KT 07/M02 RMK AO1 SLP140 T00691021 51004",CWFJ,2026-04-28T01:00:00.000Z,49.2000,-113.2780,6.9,-2.1,160,3,,,,1014,,TRUE,TRUE,,,,,,,,,,,,,,,null,0.04,,,,,,,,,,,METAR,1142
"METAR CWFQ 280100Z AUTO 01001KT 17/02 RMK AO1 SLP224 T01690015 56002",CWFQ,2026-04-28T01:00:00.000Z,45.0500,-72.8610,16.9,1.5,10,1,,,,1022.4,,TRUE,TRUE,,,,,,,,,,,,,,,null,-0.02,,,,,,,,,,,METAR,190
"METAR CWGB 280100Z AUTO 12012KT 13/09 RMK AO1 SLP156 T01290088 53001",CWGB,2026-04-28T01:00:00.000Z,49.3360,-124.1490,12.9,8.8,120,12,,,,1015.6,,TRUE,TRUE,,,,,,,,,,,,,,,null,0.01,,,,,,,,,,,METAR,6
"METAR CWGD 280100Z AUTO 12021G29KT 16/06 RMK AO1 PK WND 11029/0052 SLP108 T01620055 57042",CWGD,2026-04-28T01:00:00.000Z,43.7650,-81.7120,16.2,5.5,120,21,29,,,1010.8,,TRUE,TRUE,,,,,,,,,,,,,,,null,-0.42,,,,,,,,,,,METAR,214
"METAR CWGM 280100Z AUTO 23011G16KT 05/M02 RMK AO1 PK WND 23020/0011 SLP151 T00451024 53004",CWGM,2026-04-28T01:00:00.000Z,49.1330,-113.8060,4.5,-2.4,230,11,16,,,1015.1,,TRUE,TRUE,,,,,,,,,,,,,,,null,0.04,,,,,,,,,,,METAR,1292
"METAR CWJI 280100Z AUTO 04004KT M01/M08 RMK AO1 SOG 07 6004 SLP210 T10081084",CWJI,2026-04-28T01:00:00.000Z,49.7290,-105.9460,-0.8,-8.4,40,4,,,,1021,,TRUE,TRUE,,,,,,,,,,,,,,,null,,,,,,,,,,,,METAR,724
"METAR CWJR 280100Z AUTO 21001KT 14/M01 RMK AO1 SLP117 T01391007 56003",CWJR,2026-04-28T01:00:00.000Z,49.0400,-116.4830,13.9,-0.7,210,1,,,,1011.7,,TRUE,TRUE,,,,,,,,,,,,,,,null,-0.03,,,,,,,,,,,METAR,642
"METAR CWJU 280100Z AUTO 30017KT 07/05 RMK AO1 PK WND 29024/0045 SLP213 T00720046 50003",CWJU,2026-04-28T01:00:00.000Z,54.2550,-133.0580,7.2,4.6,300,17,,,,1021.3,,TRUE,TRUE,,,,,,,,,,,,,,,null,0.03,,,,,,,,,,,METAR,47
"METAR CWJV 280100Z AUTO 27002KT 18/M07 RMK AO1 SLP100 T01801069 56005",CWJV,2026-04-28T01:00:00.000Z,50.2230,-119.1940,18,-6.9,270,2,,,,1010,,TRUE,TRUE,,,,,,,,,,,,,,,null,-0.05,,,,,,,,,,,METAR,487
"METAR CWJW 280100Z AUTO 27005KT 13/M12 RMK AO1 SLP128 T01271115 52003",CWJW,2026-04-28T01:00:00.000Z,52.9260,-118.0300,12.7,-11.5,270,5,,,,1012.8,,TRUE,TRUE,,,,,,,,,,,,,,,null,0.03,,,,,,,,,,,METAR,1022
"METAR CWJX 280100Z AUTO 07003KT 03/M08 RMK AO1 SLP195 T00331080 56006",CWJX,2026-04-28T01:00:00.000Z,50.8760,-109.5010,3.3,-8,70,3,,,,1019.5,,TRUE,TRUE,,,,,,,,,,,,,,,null,-0.06,,,,,,,,,,,METAR,671
"METAR CWKG 280100Z AUTO 10003KT 04/00 RMK AO1 SLP281 T00390000 52015",CWKG,2026-04-28T01:00:00.000Z,44.4320,-65.2030,3.9,0,100,3,,,,1028.1,,TRUE,TRUE,,,,,,,,,,,,,,,null,0.15,,,,,,,,,,,METAR,154
"METAR CWKX 280100Z AUTO 23008KT 09/M08 RMK AO1 SOG 18 3005 PK WND 23017/0013 SLP134 T00851075",CWKX,2026-04-28T01:00:00.000Z,58.4290,-130.0110,8.5,-7.5,230,8,,,,1013.4,,TRUE,TRUE,,,,,,,,,,,,,,,null,,,,,,,,,,,,METAR,807
"METAR CWLC 280100Z AUTO 27012KT 08/05 RMK AO1 T00750051",CWLC,2026-04-28T01:00:00.000Z,54.2960,-130.6090,7.5,5.1,270,12,,,,,,TRUE,TRUE,,,,,,,,,,,,,,,null,,,,,,,,,,,,METAR,27
"METAR CXZV 280100Z AUTO 06004KT 02/M01 RMK AO1 SOG 65 3004 SLP259 T00171011",CXZV,2026-04-28T01:00:00.000Z,50.2170,-66.2600,1.7,-1.1,60,4,,,,1025.9,,TRUE,TRUE,,,,,,,,,,,,,,,null,,,,,,,,,,,,METAR,43
"METAR CZKD 280100Z AUTO 33007KT M00/M07 RMK AO1 SOG 67 1011 SLP180 T10041066",CZKD,2026-04-28T01:00:00.000Z,56.0370,-96.5100,-0.4,-6.6,330,7,,,,1018,,TRUE,TRUE,,,,,,,,,,,,,,,null,,,,,,,,,,,,METAR,190
"METAR CZMJ 280100Z AUTO 20001KT 01/M09 RMK AO1 SOG 01 6003 SLP221 T00101089",CZMJ,2026-04-28T01:00:00.000Z,50.3320,-105.5380,1,-8.9,200,1,,,,1022.1,,TRUE,TRUE,,,,,,,,,,,,,,,null,,,,,,,,,,,,METAR,571
"METAR CZTB 280100Z AUTO 08017KT 05/04 RMK AO1 8PAST HR SOG 01 8034 PK WND 08024/0021 SLP003 P0015 T00490043 50038",CZTB,2026-04-28T01:00:00.000Z,48.3690,-89.3270,4.9,4.3,80,17,,,,1000.3,,TRUE,TRUE,,,,,,,,,,,,,,,null,0.38,,,,,0.15,,,,,,METAR,197
"METAR CZZJ 280100Z AUTO 09004KT 10/M11 RMK AO1 SOG 01 6005 SLP137 T00971114",CZZJ,2026-04-28T01:00:00.000Z,53.5830,-116.4620,9.7,-11.4,90,4,,,,1013.7,,TRUE,TRUE,,,,,,,,,,,,,,,null,,,,,,,,,,,,METAR,927
"METAR CWEK 280100Z AUTO 28007KT 11/04 RMK AO1 SLP182 T01070035 51006",CWEK,2026-04-28T01:00:00.000Z,54.5800,-130.6980,10.7,3.5,280,7,,,,1018.2,,TRUE,TRUE,,,,,,,,,,,,,,,null,0.06,,,,,,,,,,,METAR,8
"METAR CWEQ 280100Z AUTO 31010KT 03/M05 RMK AO1 SOG 17 3007 SLP191 T00261051",CWEQ,2026-04-28T01:00:00.000Z,52.1150,-101.2330,2.6,-5.1,310,10,,,,1019.1,,TRUE,TRUE,,,,,,,,,,,,,,,null,,,,,,,,,,,,METAR,331
"METAR CWJD 280100Z AUTO 34003KT 02/M06 RMK AO1 SOG 14 3002 SLP183 T00211057",CWJD,2026-04-28T01:00:00.000Z,53.1870,-99.2680,2.1,-5.7,340,3,,,,1018.3,,TRUE,TRUE,,,,,,,,,,,,,,,null,,,,,,,,,,,,METAR,222
"METAR CWLP 280100Z AUTO 29015KT 10/06 RMK AO1 PK WND 29019/0048 SLP191 T00960057 52005",CWLP,2026-04-28T01:00:00.000Z,50.9400,-127.6320,9.6,5.7,290,15,,,,1019.1,,TRUE,TRUE,,,,,,,,,,,,,,,null,0.05,,,,,,,,,,,METAR,15
"METAR CWRO 280100Z AUTO 29023G28KT 09/05 RMK AO1 PK WND 29028/0029 SLP195 T00870046 50003",CWRO,2026-04-28T01:00:00.000Z,54.1610,-131.6600,8.7,4.6,290,23,28,,,1019.5,,TRUE,TRUE,,,,,,,,,,,,,,,null,0.03,,,,,,,,,,,METAR,7
"METAR CWZG 280100Z AUTO 26002KT 07/M09 RMK AO1 SLP133 T00711092 53003",CWZG,2026-04-28T01:00:00.000Z,51.1940,-115.5520,7.1,-9.2,260,2,,,,1013.3,,TRUE,TRUE,,,,,,,,,,,,,,,null,0.03,,,,,,,,,,,METAR,1402
"METAR CWZW 280100Z AUTO 26006KT 11/M05 RMK AO1 SOG 26 3003 SLP159 T01071047",CWZW,2026-04-28T01:00:00.000Z,60.1670,-132.7330,10.7,-4.7,260,6,,,,1015.9,,TRUE,TRUE,,,,,,,,,,,,,,,null,,,,,,,,,,,,METAR,683
"METAR CWGR 280100Z AUTO 11006KT 02/M00 RMK AO1 SLP282 T00171004 50001",CWGR,2026-04-28T01:00:00.000Z,47.4250,-61.7750,1.7,-0.4,110,6,,,,1028.2,,TRUE,TRUE,,,,,,,,,,,,,,,null,0.01,,,,,,,,,,,METAR,4
"METAR CWGT 280100Z AUTO 14012KT 13/09 RMK AO1 SLP162 T01280091 53002",CWGT,2026-04-28T01:00:00.000Z,49.4870,-124.4350,12.8,9.1,140,12,,,,1016.2,,TRUE,TRUE,,,,,,,,,,,,,,,null,0.02,,,,,,,,,,,METAR,5
"METAR CWGW 280100Z AUTO 23001KT 08/M06 RMK AO1 SOG 01 1005 SLP140 T00841056",CWGW,2026-04-28T01:00:00.000Z,49.7450,-114.8840,8.4,-5.6,230,1,,,,1014,,TRUE,TRUE,,,,,,,,,,,,,,,null,,,,,,,,,,,,METAR,1137
"METAR CWHL 280100Z AUTO 08/05 RMK AO1 SLP187 T00810049 51006",CWHL,2026-04-28T01:00:00.000Z,54.1720,-130.3610,8.1,4.9,,,,,,1018.7,,TRUE,TRUE,,,,,,,,,,,,,,,null,0.06,,,,,,,,,,,METAR,5
"METAR CWHQ 280100Z AUTO 36001KT 10/02 RMK AO1 T00990023",CWHQ,2026-04-28T01:00:00.000Z,46.6910,-71.9720,9.9,2.3,360,1,,,,,,TRUE,TRUE,,,,,,,,,,,,,,,null,,,,,,,,,,,,METAR,56
"METAR CWHT 280100Z AUTO 26008KT 09/M02 RMK AO1 SLP165 T00861015 52001",CWHT,2026-04-28T01:00:00.000Z,60.7730,-137.5810,8.6,-1.5,260,8,,,,1016.5,,TRUE,TRUE,,,,,,,,,,,,,,,null,0.01,,,,,,,,,,,METAR,601
"METAR CWHV 280100Z AUTO 00000KT 14/02 RMK AO1 SLP225 T01360022 55000",CWHV,2026-04-28T01:00:00.000Z,46.2050,-70.7850,13.6,2.2,0,0,,,,1022.5,,TRUE,TRUE,,,,,,,,,,,,,,,null,,,,,,,,,,,,METAR,227
"METAR CWID 280100Z AUTO 15004KT 01/M07 RMK AO1 SOG 49 7004 SLP183 T00051074",CWID,2026-04-28T01:00:00.000Z,61.3170,-117.6050,0.5,-7.4,150,4,,,,1018.3,,TRUE,TRUE,,,,,,,,,,,,,,,null,,,,,,,,,,,,METAR,160
"METAR CWIG 280100Z AUTO 01007KT RMK AO1",CWIG,2026-04-28T01:00:00.000Z,47.0740,-70.5330,,,10,7,,,,,,TRUE,TRUE,,,,,,,,,,,,,,,null,,,,,,,,,,,,METAR,12
"METAR CWII 280100Z AUTO 34013KT 01/M05 RMK AO1 SLP148 T00141046 56003",CWII,2026-04-28T01:00:00.000Z,50.6950,-96.5620,1.4,-4.6,340,13,,,,1014.8,,TRUE,TRUE,,,,,,,,,,,,,,,null,-0.03,,,,,,,,,,,METAR,216
"METAR CWIJ 280100Z AUTO 19009KT M10/M12 RMK AO1 SLP224 T11031116 56008",CWIJ,2026-04-28T01:00:00.000Z,65.7560,-111.2460,-10.3,-11.6,190,9,,,,1022.4,,TRUE,TRUE,,,,,,,,,,,,,,,null,-0.08,,,,,,,,,,,METAR,490
"METAR CWIP 280100Z AUTO 06004KT 01/M00 RMK AO1 T00141001",CWIP,2026-04-28T01:00:00.000Z,50.1620,-66.4340,1.4,-0.1,60,4,,,,,,TRUE,TRUE,,,,,,,,,,,,,,,null,,,,,,,,,,,,METAR,27
"METAR CWIS 280100Z AUTO 16002KT 03/M03 RMK AO1 SOG 43 3004 SLP251 T00341034",CWIS,2026-04-28T01:00:00.000Z,47.2840,-70.6370,3.4,-3.4,160,2,,,,1025.1,,TRUE,TRUE,,,,,,,,,,,,,,,null,,,,,,,,,,,,METAR,720
"METAR CWIW 280100Z AUTO 29003KT 01/M07 RMK AO1 SLP209 T00081069 56004",CWIW,2026-04-28T01:00:00.000Z,51.6670,-105.4000,0.8,-6.9,290,3,,,,1020.9,,TRUE,TRUE,,,,,,,,,,,,,,,null,-0.04,,,,,,,,,,,METAR,524
"METAR CXBI 280100Z AUTO 12009KT 14/03 RMK AO1 SLP168 T01400031 56027",CXBI,2026-04-28T01:00:00.000Z,44.4840,-79.5460,14,3.1,120,9,,,,1016.8,,TRUE,TRUE,,,,,,,,,,,,,,,null,-0.27,,,,,,,,,,,METAR,287
"METAR CTNK 280100Z AUTO 14002KT 14/M01 RMK AO1 SLP189 T01431007 56006",CTNK,2026-04-28T01:00:00.000Z,45.5330,-78.2660,14.3,-0.7,140,2,,,,1018.9,,TRUE,TRUE,,,,,,,,,,,,,,,null,-0.06,,,,,,,,,,,METAR,405
"METAR CWWK 280100Z AUTO 21002KT 14/08 RMK AO1 SLP167 T01400078 55001",CWWK,2026-04-28T01:00:00.000Z,49.0180,-122.7840,14,7.8,210,2,,,,1016.7,,TRUE,TRUE,,,,,,,,,,,,,,,null,-0.01,,,,,,,,,,,METAR,10
"METAR CWVU 280100Z AUTO 08002KT 05/03 RMK AO1 SLP260 T00460029 53010",CWVU,2026-04-28T01:00:00.000Z,44.2870,-66.3420,4.6,2.9,80,2,,,,1026,,TRUE,TRUE,,,,,,,,,,,,,,,null,0.1,,,,,,,,,,,METAR,4
"METAR CWWA 280100Z AUTO 15001KT 13/06 RMK AO1 SLP164 T01340062 53001",CWWA,2026-04-28T01:00:00.000Z,49.3470,-123.1930,13.4,6.2,150,1,,,,1016.4,,TRUE,TRUE,,,,,,,,,,,,,,,null,0.01,,,,,,,,,,,METAR,172
"METAR CWWF 280100Z AUTO 34010KT 01/M07 RMK AO1 SLP206 T00141074 52005",CWWF,2026-04-28T01:00:00.000Z,49.6950,-103.8010,1.4,-7.4,340,10,,,,1020.6,,TRUE,TRUE,,,,,,,,,,,,,,,null,0.05,,,,,,,,,,,METAR,583
"METAR CWXA 280100Z AUTO 00000KT 07/M05 RMK AO1 SLP147 T00661053 55000",CWXA,2026-04-28T01:00:00.000Z,51.0830,-115.0660,6.6,-5.3,0,0,,,,1014.7,,TRUE,TRUE,,,,,,,,,,,,,,,null,,,,,,,,,,,,METAR,1303
"METAR CWNH 280100Z AUTO 24002KT 10/01 RMK AO1 SLP237 T01020009 53003",CWNH,2026-04-28T01:00:00.000Z,47.8060,-69.5480,10.2,0.9,240,2,,,,1023.7,,TRUE,TRUE,,,,,,,,,,,,,,,null,0.03,,,,,,,,,,,METAR,147
"METAR CWPK 280100Z AUTO 07001KT 10/M03 RMK AO1 SLP217 T00951030 56006",CWPK,2026-04-28T01:00:00.000Z,47.9220,-74.6240,9.5,-3,70,1,,,,1021.7,,TRUE,TRUE,,,,,,,,,,,,,,,null,-0.06,,,,,,,,,,,METAR,443
"METAR CWWE 280100Z AUTO 05005KT 04/03 RMK AO1 SLP281 T00390029 51005",CWWE,2026-04-28T01:00:00.000Z,43.9890,-64.6620,3.9,2.9,50,5,,,,1028.1,,TRUE,TRUE,,,,,,,,,,,,,,,null,0.05,,,,,,,,,,,METAR,4
"METAR CWRA 280100Z AUTO 00033KT M04/M06 RMK AO1 SLP297 T10361057 51021",CWRA,2026-04-28T01:00:00.000Z,46.6590,-53.0730,-3.6,-5.7,0,33,,,,1029.7,,TRUE,TRUE,,,,,,,,,,,,,,,null,0.21,,,,,,,,,,,METAR,4
"METAR CWSF 280100Z AUTO 15014KT 09/M01 RMK AO1 SLP244 T00891009 57004",CWSF,2026-04-28T01:00:00.000Z,49.2510,-65.3250,8.9,-0.9,150,14,,,,1024.4,,TRUE,TRUE,,,,,,,,,,,,,,,null,-0.04,,,,,,,,,,,METAR,15
"METAR CWRN 280100Z AUTO 17002KT 02/M01 RMK AO1 SLP293 T00231006 52007",CWRN,2026-04-28T01:00:00.000Z,45.3470,-60.9800,2.3,-0.6,170,2,,,,1029.3,,TRUE,TRUE,,,,,,,,,,,,,,,null,0.07,,,,,,,,,,,METAR,8
"METAR CWDM 280100Z AUTO 23006KT M00/M02 RMK AO1 SOG 26 0003 SLP283 T10031019",CWDM,2026-04-28T01:00:00.000Z,50.4650,-59.6400,-0.3,-1.9,230,6,,,,1028.3,,TRUE,TRUE,,,,,,,,,,,,,,,null,,,,,,,,,,,,METAR,2
"METAR CWDO 280100Z AUTO 14003KT M03/M06 RMK AO1 SOG 35 0006 SLP291 T10271060",CWDO,2026-04-28T01:00:00.000Z,49.6880,-54.8000,-2.7,-6,140,3,,,,1029.1,,TRUE,TRUE,,,,,,,,,,,,,,,null,,,,,,,,,,,,METAR,89
"METAR CXBK 280100Z AUTO 28007KT 01/M07 RMK AO1 SLP215 T00061071 56001",CXBK,2026-04-28T01:00:00.000Z,50.2010,-104.7100,0.6,-7.1,280,7,,,,1021.5,,TRUE,TRUE,,,,,,,,,,,,,,,null,-0.01,,,,,,,,,,,METAR,585
"METAR CXAT 280100Z AUTO 03001KT M14/M19 RMK AO1 SOG 01 8013 SLP201 T11401186",CXAT,2026-04-28T01:00:00.000Z,73.0060,-85.0330,-14,-18.6,30,1,,,,1020.1,,TRUE,TRUE,,,,,,,,,,,,,,,null,,,,,,,,,,,,METAR,10
"METAR CXCA 280100Z AUTO 17006KT 06/05 RMK AO1 4PAST HR 8010 SLP049 P0013 T00580050 50034",CXCA,2026-04-28T01:00:00.000Z,49.1540,-88.3440,5.8,5,170,6,,,,1004.9,,TRUE,TRUE,,,,,,,,,,,,,,,null,0.34,,,,,0.13,,,,,,METAR,228
"METAR CXDE 280100Z AUTO 14002KT 02/M06 RMK AO1 SOG 16 3003 SLP144 T00241055",CXDE,2026-04-28T01:00:00.000Z,65.2090,-123.4340,2.4,-5.5,140,2,,,,1014.4,,TRUE,TRUE,,,,,,,,,,,,,,,null,,,,,,,,,,,,METAR,208
"METAR CXDW 280100Z AUTO 35012KT 05/M07 RMK AO1 PK WND 34020/0007 SLP153 T00501068 53005",CXDW,2026-04-28T01:00:00.000Z,49.4000,-98.3190,5,-6.8,350,12,,,,1015.3,,TRUE,TRUE,,,,,,,,,,,,,,,null,0.05,,,,,,,,,,,METAR,341
"METAR CXEA 280100Z AUTO 01005G15KT 04/02 RMK AO1 SOG 02 7010 SLP109 T00390015",CXEA,2026-04-28T01:00:00.000Z,50.6310,-93.2210,3.9,1.5,10,5,15,,,1010.9,,TRUE,TRUE,,,,,,,,,,,,,,,null,,,,,,,,,,,,METAR,351
"METAR CXEC 280100Z AUTO 14007KT 06/M04 RMK AO1 SLP168 T00591042 56004",CXEC,2026-04-28T01:00:00.000Z,53.5730,-113.5170,5.9,-4.2,140,7,,,,1016.8,,TRUE,TRUE,,,,,,,,,,,,,,,null,-0.04,,,,,,,,,,,METAR,666
"METAR CXEG 280100Z AUTO 12013KT 05/M03 RMK AO1 SOG 01 6006 PK WND 12017/0044 SLP165 T00451033",CXEG,2026-04-28T01:00:00.000Z,53.3070,-113.6060,4.5,-3.3,120,13,,,,1016.5,,TRUE,TRUE,,,,,,,,,,,,,,,null,,,,,,,,,,,,METAR,706
"METAR CXET 280100Z AUTO 12008KT 13/04 RMK AO1 SLP162 T01330041 57028",CXET,2026-04-28T01:00:00.000Z,44.2340,-79.7790,13.3,4.1,120,8,,,,1016.2,,TRUE,TRUE,,,,,,,,,,,,,,,null,-0.28,,,,,,,,,,,METAR,250
"METAR CXGH 280100Z AUTO 36011G16KT 04/M06 RMK AO1 PK WND 01020/0033 SLP146 T00401061 57004",CXGH,2026-04-28T01:00:00.000Z,50.6310,-96.9840,4,-6.1,360,11,16,,,1014.6,,TRUE,TRUE,,,,,,,,,,,,,,,null,-0.04,,,,,,,,,,,METAR,217
"METAR CXHA 280100Z AUTO 15008G15KT 17/11 RMK AO1 PK WND 16030/0041 SLP100 T01740107 55041",CXHA,2026-04-28T01:00:00.000Z,42.0330,-82.8960,17.4,10.7,150,8,15,,,1010,,TRUE,TRUE,,,,,,,,,,,,,,,null,-0.41,,,,,,,,,,,METAR,193
"METAR CWAR 280100Z AUTO 09004KT M01/M05 RMK AO1 SLP305 T10131054 52020",CWAR,2026-04-28T01:00:00.000Z,47.2940,-53.9930,-1.3,-5.4,90,4,,,,1030.5,,TRUE,TRUE,,,,,,,,,,,,,,,null,0.2,,,,,,,,,,,METAR,6
"METAR CWBK 280100Z AUTO 16005KT 04/02 RMK AO1 SLP284 T00400015 52012",CWBK,2026-04-28T01:00:00.000Z,45.7640,-62.6810,4,1.5,160,5,,,,1028.4,,TRUE,TRUE,,,,,,,,,,,,,,,null,0.12,,,,,,,,,,,METAR,2
"METAR CWDA 280100Z AUTO 18006KT M02/M05 RMK AO1 SOG 70 1004 SLP295 T10201047",CWDA,2026-04-28T01:00:00.000Z,50.7210,-56.1130,-2,-4.7,180,6,,,,1029.5,,TRUE,TRUE,,,,,,,,,,,,,,,null,,,,,,,,,,,,METAR,30
"METAR CWXI 280100Z AUTO 32003KT M01/M03 RMK AO1 SLP285 T10121030 51008",CWXI,2026-04-28T01:00:00.000Z,51.0220,-57.0960,-1.2,-3,320,3,,,,1028.5,,TRUE,TRUE,,,,,,,,,,,,,,,null,0.08,,,,,,,,,,,METAR,15
"METAR CWZN 280100Z AUTO 17006KT 01/ RMK AO1 SLP275 T0012 51019",CWZN,2026-04-28T01:00:00.000Z,47.3680,-55.7950,1.2,,170,6,,,,1027.5,,TRUE,TRUE,,,,,,,,,,,,,,,null,0.19,,,,,,,,,,,METAR,63
"METAR RJFK 280100Z 22004KT 130V260 9999 FEW015 BKN/// 19/13 Q1015",RJFK,2026-04-28T01:00:00.000Z,31.8030,130.7190,19,13,220,4,,6+,29.97,,,,,,,,,,,FEW,1500,,,,,,,VFR,,,,,,,,,,,,METAR,271
"METAR RJSS 280100Z 18007KT 130V220 9999 FEW030 BKN/// 19/11 Q1010",RJSS,2026-04-28T01:00:00.000Z,38.1400,140.9170,19,11,180,7,,6+,29.82,,,,,,,,,,,FEW,3000,,,,,,,VFR,,,,,,,,,,,,METAR,5
"METAR SANE 280100Z 02002KT CAVOK 13/08 Q1017",SANE,2026-04-28T01:00:00.000Z,-27.7550,-64.3000,13,8,20,2,,6+,30.03,,,,,,,,,,,,,,,,,,,VFR,,,,,,,,,,,,METAR,198
"METAR WMSA 280100Z VRB02KT 9999 FEW018 28/25 Q1009",WMSA,2026-04-28T01:00:00.000Z,3.1300,101.5520,28,25,0,2,,6+,29.79,,,,,,,,,,,FEW,1800,,,,,,,VFR,,,,,,,,,,,,METAR,19
"METAR WMAU 280100Z 23004KT 160V270 9000 FEW020 27/26 Q1009",WMAU,2026-04-28T01:00:00.000Z,2.3870,103.8760,27,26,230,4,,5.59,29.79,,,,,,,,,,,FEW,2000,,,,,,,VFR,,,,,,,,,,,,METAR,5
"METAR WMBA 280100Z VRB02KT 9999 FEW021 27/25 Q1008",WMBA,2026-04-28T01:00:00.000Z,4.2210,100.7010,27,25,0,2,,6+,29.76,,,,,,,,,,,FEW,2100,,,,,,,VFR,,,,,,,,,,,,METAR,9
"METAR WMKA 280100Z VRB01KT 9999 FEW020 27/25 Q1009",WMKA,2026-04-28T01:00:00.000Z,6.1900,100.3980,27,25,0,1,,6+,29.79,,,,,,,,,,,FEW,2000,,,,,,,VFR,,,,,,,,,,,,METAR,5
"METAR WMKB 280100Z 08003KT 040V120 7000 FEW020 27/24 Q1008 NOSIG",WMKB,2026-04-28T01:00:00.000Z,5.4660,100.3910,27,24,80,3,,4.35,29.76,,,,,,TRUE,,,,,FEW,2000,,,,,,,MVFR,,,,,,,,,,,,METAR,4
"METAR WMKC 280100Z VRB03KT 9999 FEW018 29/23 Q1009",WMKC,2026-04-28T01:00:00.000Z,6.1670,102.2930,29,23,0,3,,6+,29.79,,,,,,,,,,,FEW,1800,,,,,,,VFR,,,,,,,,,,,,METAR,7
"METAR WMKD 280100Z 34005KT 320V030 9999 FEW019 29/26 Q1009 NOSIG",WMKD,2026-04-28T01:00:00.000Z,3.7750,103.2090,29,26,340,5,,6+,29.79,,,,,,TRUE,,,,,FEW,1900,,,,,,,VFR,,,,,,,,,,,,METAR,18
"METAR WMKE 280100Z 31004KT 280V010 9999 TS FEW014CB 29/26 Q1009",WMKE,2026-04-28T01:00:00.000Z,4.5370,103.4270,29,26,310,4,,6+,29.79,,,,,,,,,,TS,FEW,1400,,,,,,,VFR,,,,,,,,,,,,METAR,5
"METAR WMKI 280100Z 03007KT 360V070 9999 FEW019 28/23 Q1009",WMKI,2026-04-28T01:00:00.000Z,4.5680,101.0920,28,23,30,7,,6+,29.79,,,,,,,,,,,FEW,1900,,,,,,,VFR,,,,,,,,,,,,METAR,37
"METAR WMKL 280100Z VRB02KT 9999 FEW022 28/25 Q1009",WMKL,2026-04-28T01:00:00.000Z,6.3300,99.7290,28,25,0,2,,6+,29.79,,,,,,,,,,,FEW,2200,,,,,,,VFR,,,,,,,,,,,,METAR,4
"METAR WMKM 280100Z 06004KT 020V120 7000 FEW010 27/26 Q1009",WMKM,2026-04-28T01:00:00.000Z,2.2630,102.2520,27,26,60,4,,4.35,29.79,,,,,,,,,,,FEW,1000,,,,,,,MVFR,,,,,,,,,,,,METAR,9
"METAR WMKN 280100Z 20004KT 150V270 9999 FEW020 29/25 Q1009",WMKN,2026-04-28T01:00:00.000Z,5.3830,103.1030,29,25,200,4,,6+,29.79,,,,,,,,,,,FEW,2000,,,,,,,VFR,,,,,,,,,,,,METAR,12
"METAR CYIO 280100Z AUTO 17002KT 9SM OVC060 M13/M20 A3009 RMK ICE MISG SLP200",CYIO,2026-04-28T01:00:00.000Z,72.6940,-77.9570,-13,-20,170,2,,9,30.09,1020,,TRUE,,,,,,,,OVC,6000,,,,,,,VFR,,,,,,,,,,,,METAR,61
"METAR CYIV 280100Z AUTO 33007KT 9SM CLR 04/M05 A2994 RMK SLP154",CYIV,2026-04-28T01:00:00.000Z,53.8570,-94.6550,4,-5,330,7,,9,29.94,1015.4,,TRUE,,,,,,,,,,,,,,,,VFR,,,,,,,,,,,,METAR,234
"METAR CYKA 280100Z 33007KT 40SM SCT120 20/M08 A2978 RMK AC3 SLP093 DENSITY ALT 2200FT",CYKA,2026-04-28T01:00:00.000Z,50.7040,-120.4440,20,-8,330,7,,40,29.78,1009.3,,,,,,,,,,SCT,12000,,,,,,,VFR,,,,,,,,,,,,METAR,344
"METAR CYKJ 280100Z AUTO 32005KT 270V340 9SM CLR M01/M09 A3003 RMK SLP204",CYKJ,2026-04-28T01:00:00.000Z,57.2560,-105.6180,-1,-9,320,5,,9,30.03,1020.4,,TRUE,,,,,,,,,,,,,,,,VFR,,,,,,,,,,,,METAR,519
"METAR CYKY 280100Z 18002KT 15SM FEW100 FEW220 03/M08 A3001 RMK AC1CI1 AC TR CI TR SLP196",CYKY,2026-04-28T01:00:00.000Z,51.5170,-109.1750,3,-8,180,2,,15,30.01,1019.6,,,,,,,,,,FEW,10000,FEW,22000,,,,,VFR,,,,,,,,,,,,METAR,692
"METAR CYLD 280100Z 14008G17KT 110V180 15SM OVC140 13/M02 A2981 RMK AS8 LAST STFD OBS NEXT 28 1000 UTC SLP107 DENSITY ALT 1800FT",CYLD,2026-04-28T01:00:00.000Z,47.8180,-83.3580,13,-2,140,8,17,15,29.81,1010.7,,,,,,,,,,OVC,14000,,,,,,,VFR,,,,,,,,,,,,METAR,449
"METAR CYLL 280100Z 23005KT 15SM FEW080 SCT260 03/M07 A3000 RMK AC1CI4 AC TR SLP197",CYLL,2026-04-28T01:00:00.000Z,53.3120,-110.0740,3,-7,230,5,,15,30.00,1019.7,,,,,,,,,,FEW,8000,SCT,26000,,,,,VFR,,,,,,,,,,,,METAR,664
"METAR CYLW 280100Z AUTO 31011G16KT 9SM CLR 19/M06 A2979 RMK SLP099 DENSITY ALT 2400FT",CYLW,2026-04-28T01:00:00.000Z,49.9530,-119.3750,19,-6,310,11,16,9,29.79,1009.9,,TRUE,,,,,,,,,,,,,,,,VFR,,,,,,,,,,,,METAR,420
"METAR CYPE 280100Z AUTO 03004KT 310V030 9SM CLR 07/M09 A2990 RMK SLP158",CYPE,2026-04-28T01:00:00.000Z,56.2280,-117.4530,7,-9,30,4,,9,29.90,1015.8,,TRUE,,,,,,,,,,,,,,,,VFR,,,,,,,,,,,,METAR,572
"METAR CYPQ 280100Z AUTO VRB02KT 9SM CLR 15/04 A3006 RMK SLP183",CYPQ,2026-04-28T01:00:00.000Z,44.2320,-78.3600,15,4,0,2,,9,30.06,1018.3,,TRUE,,,,,,,,,,,,,,,,VFR,,,,,,,,,,,,METAR,190
"METAR CYPR 280100Z AUTO 26005KT 220V310 9SM CLR 09/05 A3007 RMK SLP185",CYPR,2026-04-28T01:00:00.000Z,54.2910,-130.4510,9,5,260,5,,9,30.07,1018.5,,TRUE,,,,,,,,,,,,,,,,VFR,,,,,,,,,,,,METAR,30
"METAR CYPW 280100Z 16004KT 130V200 20SM FEW023 SCT060 BKN075 BKN250 14/08 A3000 RMK CU1SC3AC2CI1 CU TR CI TR SLP163",CYPW,2026-04-28T01:00:00.000Z,49.8350,-124.4990,14,8,160,4,,20,30.00,1016.3,,,,,,,,,,FEW,2300,SCT,6000,BKN,7500,BKN,25000,VFR,,,,,,,,,,,,METAR,122
"METAR CYPY 280100Z AUTO 13007KT 9SM CLR M01/M06 A3006 RMK SLP199",CYPY,2026-04-28T01:00:00.000Z,58.7660,-111.1170,-1,-6,130,7,,9,30.06,1019.9,,TRUE,,,,,,,,,,,,,,,,VFR,,,,,,,,,,,,METAR,225
"METAR CYQA 280100Z AUTO 14008KT 9SM CLR 15/00 A3002 RMK SLP170",CYQA,2026-04-28T01:00:00.000Z,44.9710,-79.3030,15,0,140,8,,9,30.02,1017,,TRUE,,,,,,,,,,,,,,,,VFR,,,,,,,,,,,,METAR,277
"METAR CYQD 280100Z AUTO 33006KT 280V350 9SM BKN047 OVC055 01/M06 A3004 RMK SLP190",CYQD,2026-04-28T01:00:00.000Z,53.9750,-101.0890,1,-6,330,6,,9,30.04,1019,,TRUE,,,,,,,,BKN,4700,OVC,5500,,,,,VFR,,,,,,,,,,,,METAR,268
"METAR CWEU 280100Z VRB02KT 15SM IC SCT100 BKN140 BKN180 M21/M24 A2990 RMK AC4AS2AC1 SLP140",CWEU,2026-04-28T01:00:00.000Z,79.9890,-85.9340,-21,-24,0,2,,15,29.90,1014,,,,,,,,,IC,SCT,10000,BKN,14000,BKN,18000,,,VFR,,,,,,,,,,,,METAR,2
"METAR CWLY 280100Z AUTO 21012G31KT 160V230 9SM CLR 19/03 A2979 RMK SLP091 DENSITY ALT 1600FT",CWLY,2026-04-28T01:00:00.000Z,50.2240,-121.5820,19,3,210,12,31,9,29.79,1009.1,,TRUE,,,,,,,,,,,,,,,,VFR,,,,,,,,,,,,METAR,228
"METAR CWSA 280100Z AUTO 08009KT 9SM OVC180 03/M01 A3039 RMK SLP292",CWSA,2026-04-28T01:00:00.000Z,43.9330,-60.0020,3,-1,80,9,,9,30.39,1029.2,,TRUE,,,,,,,,OVC,18000,,,,,,,VFR,,,,,,,,,,,,METAR,4
"METAR CWSW 280100Z 00000KT 20SM FEW050 BKN090 08/M06 A2986 RMK SC1AC7 SC TR LAST STFD OBS/NXT 281300Z SLP142 DENSITY ALT 4000FT",CWSW,2026-04-28T01:00:00.000Z,49.8340,-114.8810,8,-6,0,0,,20,29.86,1014.2,,,,,,,,,,FEW,5000,BKN,9000,,,,,VFR,,,,,,,,,,,,METAR,1173
"METAR CYAH 280100Z AUTO 11003KT 9SM FEW220 05/01 A3014 RMK SLP222",CYAH,2026-04-28T01:00:00.000Z,53.7570,-73.6760,5,1,110,3,,9,30.14,1022.2,,TRUE,,,,,,,,FEW,22000,,,,,,,VFR,,,,,,,,,,,,METAR,298
"METAR CYAM 280100Z 12011G21KT 080V170 10SM -SHRA FEW057 FEW062 BKN080 OVC120 13/04 A2975 RMK SC1CU2ACC4AC2 SC TR ACC ALQDS SLP079",CYAM,2026-04-28T01:00:00.000Z,46.4840,-84.5040,13,4,120,11,21,10+,29.75,1007.9,,,,,,,,,-SHRA,FEW,5700,FEW,6200,BKN,8000,OVC,12000,VFR,,,,,,,,,,,,METAR,186
"METAR CYCQ 280100Z 09008KT 070V140 25SM FEW100 FEW190 15/M06 A2980 RMK AC2AC1 AC TR LAST STFD OBS/NXT 281300Z SLP116 DENSITY ALT 2700FT",CYCQ,2026-04-28T01:00:00.000Z,55.6890,-121.6200,15,-6,90,8,,25,29.80,1011.6,,,,,,,,,,FEW,10000,FEW,19000,,,,,VFR,,,,,,,,,,,,METAR,614
"METAR CYCY 280100Z AUTO 25007KT 9SM CLR M15/M20 A3007 RMK SLP188",CYCY,2026-04-28T01:00:00.000Z,70.4840,-68.5150,-15,-20,250,7,,9,30.07,1018.8,,TRUE,,,,,,,,,,,,,,,,VFR,,,,,,,,,,,,METAR,73
"METAR CYDF 280100Z 03002KT 15SM BKN230 02/M04 A3038 RMK CI7 SLP290",CYDF,2026-04-28T01:00:00.000Z,49.2120,-57.3940,2,-4,30,2,,15,30.38,1029,,,,,,,,,,BKN,23000,,,,,,,VFR,,,,,,,,,,,,METAR,15
"METAR CYDN 280100Z AUTO 03010KT 9SM SCT047 OVC060 04/M04 A3001 RMK SLP178",CYDN,2026-04-28T01:00:00.000Z,51.1000,-100.0570,4,-4,30,10,,9,30.01,1017.8,,TRUE,,,,,,,,SCT,4700,OVC,6000,,,,,VFR,,,,,,,,,,,,METAR,302
"METAR CYGX 280100Z 32011KT 15SM OVC033 M01/M07 A3000 RMK SC8 SLP173",CYGX,2026-04-28T01:00:00.000Z,56.3590,-94.7040,-1,-7,320,11,,15,30.00,1017.3,,,,,,,,,,OVC,3300,,,,,,,VFR,,,,,,,,,,,,METAR,145
"METAR CYHE 280100Z AUTO 28008G20KT 250V320 9SM OVC050 14/07 A2998 RMK SLP154",CYHE,2026-04-28T01:00:00.000Z,49.3700,-121.4930,14,7,280,8,20,9,29.98,1015.4,,TRUE,,,,,,,,OVC,5000,,,,,,,VFR,,,,,,,,,,,,METAR,43
"METAR CYRV 280100Z AUTO 28004KT 240V330 9SM CLR 18/M07 A2981 RMK SLP103 DENSITY ALT 2300FT",CYRV,2026-04-28T01:00:00.000Z,50.9580,-118.1760,18,-7,280,4,,9,29.81,1010.3,,TRUE,,,,,,,,,,,,,,,,VFR,,,,,,,,,,,,METAR,456
"METAR CYSB 280100Z 14006KT 15SM FEW180 SCT230 14/01 A2993 RMK AC2CI2 SLP143",CYSB,2026-04-28T01:00:00.000Z,46.6220,-80.7990,14,1,140,6,,15,29.93,1014.3,,,,,,,,,,FEW,18000,SCT,23000,,,,,VFR,,,,,,,,,,,,METAR,349
"METAR CYSC 280100Z AUTO 00000KT 9SM CLR 13/02 A3018 RMK SLP225",CYSC,2026-04-28T01:00:00.000Z,45.4400,-71.6920,13,2,0,0,,9,30.18,1022.5,,TRUE,,,,,,,,,,,,,,,,VFR,,,,,,,,,,,,METAR,236
"METAR CYWA 280100Z 13007KT 15SM BKN210 17/01 A3008 RMK CI7 DENSITY ALT 632FT SLP189",CYWA,2026-04-28T01:00:00.000Z,45.9480,-77.3110,17,1,130,7,,15,30.08,1018.9,,,,,,,,,,BKN,21000,,,,,,,VFR,,,,,,,,,,,,METAR,121
"METAR CYWH 280100Z 21008G16KT 15SM FEW040 BKN080 12/08 A3002 RMK SC1AC5 SLP167",CYWH,2026-04-28T01:00:00.000Z,48.4230,-123.3870,12,8,210,8,16,15,30.02,1016.7,,,,,,,,,,FEW,4000,BKN,8000,,,,,VFR,,,,,,,,,,,,METAR,4
"METAR CYWL 280100Z 11007KT 050V120 15SM FEW050 14/M06 A2982 RMK CU1 SLP119 DENSITY ALT 3900FT",CYWL,2026-04-28T01:00:00.000Z,52.1860,-122.0660,14,-6,110,7,,15,29.82,1011.9,,,,,,,,,,FEW,5000,,,,,,,VFR,,,,,,,,,,,,METAR,942
"METAR CYXC 280100Z 15003KT 070V180 25SM FEW060 BKN110 11/M04 A2985 RMK CU1AC5 CU TR SLP130 DENSITY ALT 3500FT",CYXC,2026-04-28T01:00:00.000Z,49.6140,-115.7840,11,-4,150,3,,25,29.85,1013,,,,,,,,,,FEW,6000,BKN,11000,,,,,VFR,,,,,,,,,,,,METAR,928
"METAR CYXE 280100Z 00000KT 15SM FEW040 02/M06 A3004 RMK SC2 SLP203",CYXE,2026-04-28T01:00:00.000Z,52.1720,-106.6950,2,-6,0,0,,15,30.04,1020.3,,,,,,,,,,FEW,4000,,,,,,,VFR,,,,,,,,,,,,METAR,504
"METAR CYXH 280100Z 11005KT 020V130 30SM FEW060 FEW270 07/M07 A2995 RMK SC1CI1 SLP172",CYXH,2026-04-28T01:00:00.000Z,50.0180,-110.7170,7,-7,110,5,,30,29.95,1017.2,,,,,,,,,,FEW,6000,FEW,27000,,,,,VFR,,,,,,,,,,,,METAR,717
"METAR CYXL 280100Z 02009G16KT 340V060 6SM -RA BR OVC006 02/02 A2971 RMK ST8 SLP079",CYXL,2026-04-28T01:00:00.000Z,50.1140,-91.9050,2,2,20,9,16,6,29.71,1007.9,,,,,,,,,-RA BR,OVC,600,,,,,,,IFR,,,,,,,,,,,,METAR,381
"METAR CYXR 280100Z AUTO 15006KT 9SM FEW210 SCT240 13/03 A2994 RMK SLP147",CYXR,2026-04-28T01:00:00.000Z,47.6980,-79.8520,13,3,150,6,,9,29.94,1014.7,,TRUE,,,,,,,,FEW,21000,SCT,24000,,,,,VFR,,,,,,,,,,,,METAR,244
"METAR CYXS 280100Z AUTO 10005KT 040V130 9SM CLR 17/M04 A2979 RMK SLP111 DENSITY ALT 3200FT",CYXS,2026-04-28T01:00:00.000Z,53.8840,-122.6770,17,-4,100,5,,9,29.79,1011.1,,TRUE,,,,,,,,,,,,,,,,VFR,,,,,,,,,,,,METAR,685
"METAR CYXT 280100Z 25010G20KT 20SM FEW060 FEW140 BKN220 14/M01 A2992 RMK SC1AC1CS7 SC TR AC TR SLP141",CYXT,2026-04-28T01:00:00.000Z,54.4710,-128.5770,14,-1,250,10,20,20,29.92,1014.1,,,,,,,,,,FEW,6000,FEW,14000,BKN,22000,,,VFR,,,,,,,,,,,,METAR,213
"METAR CYYB 280100Z 15007KT 15SM BKN250 17/M00 A2999 RMK CI7 SLP161 DENSITY ALT 1700FT",CYYB,2026-04-28T01:00:00.000Z,46.3650,-79.4230,17,0,150,7,,15,29.99,1016.1,,,,,,,,,,BKN,25000,,,,,,,VFR,,,,,,,,,,,,METAR,360
"METAR CYZP 280100Z AUTO 15010KT 9SM CLR 10/05 A3009 RMK SLP190",CYZP,2026-04-28T01:00:00.000Z,53.2540,-131.8140,10,5,150,10,,9,30.09,1019,,TRUE,,,,,,,,,,,,,,,,VFR,,,,,,,,,,,,METAR,7
"METAR CYZR 280100Z AUTO 14021G26KT 9SM FEW150 OVC200 18/05 A2980 RMK SLP093 DENSITY ALT 1200FT",CYZR,2026-04-28T01:00:00.000Z,42.9950,-82.3070,18,5,140,21,26,9,29.80,1009.3,,TRUE,,,,,,,,FEW,15000,OVC,20000,,,,,VFR,,,,,,,,,,,,METAR,181
"METAR CYZS 280100Z 05014G//KT 15SM DRSN BKN150 M11/M15 A3015 RMK AC5 WIND EST SLP218",CYZS,2026-04-28T01:00:00.000Z,64.1880,-83.3510,-11,-15,,,,15,30.15,1021.8,,,,,,,,,DRSN,BKN,15000,,,,,,,VFR,,,,,,,,,,,,METAR,60
"METAR ZWSH 280100Z 31006MPS 9999 FEW033CB SCT040 19/04 Q1015 BECMG 08004MPS",ZWSH,2026-04-28T01:00:00.000Z,39.5420,76.0190,19,4,310,12,,6+,29.97,,,,,,,,,,,FEW,3300,SCT,4000,,,,,VFR,,,,,,,,,,,,METAR,1374
"METAR CYZT 280100Z 32012KT 15SM FEW025 SCT190 BKN250 11/04 A3008 RMK SC1AC3CI2 SLP187",CYZT,2026-04-28T01:00:00.000Z,50.6850,-127.3690,11,4,320,12,,15,30.08,1018.7,,,,,,,,,,FEW,2500,SCT,19000,BKN,25000,,,VFR,,,,,,,,,,,,METAR,13
"METAR CYZU 280100Z 09006KT 15SM SKC 09/M09 A2987 RMK SLP149",CYZU,2026-04-28T01:00:00.000Z,54.1420,-115.7850,9,-9,90,6,,15,29.87,1014.9,,,,,,,,,,,,,,,,,,VFR,,,,,,,,,,,,METAR,785
"METAR CZPC 280100Z AUTO 11008KT 9SM OVC100 05/M01 A2988 RMK SLP161",CZPC,2026-04-28T01:00:00.000Z,49.5220,-114.0050,5,-1,110,8,,9,29.88,1016.1,,TRUE,,,,,,,,OVC,10000,,,,,,,VFR,,,,,,,,,,,,METAR,1187
"METAR CZST 280100Z 20006KT 15SM FEW065 SCT075 BKN120 13/02 A3001 RMK SC1AC3AS3 LAST STFD OBS/NEXT 281300Z/ SLP163",CZST,2026-04-28T01:00:00.000Z,55.9350,-129.9840,13,2,200,6,,15,30.01,1016.3,,,,,,,,,,FEW,6500,SCT,7500,BKN,12000,,,VFR,,,,,,,,,,,,METAR,10
"METAR CZUM 280100Z AUTO 00000KT 9SM BKN081 BKN110 06/M02 A3014 RMK SLP227",CZUM,2026-04-28T01:00:00.000Z,53.5620,-64.1070,6,-2,0,0,,9,30.14,1022.7,,TRUE,,,,,,,,BKN,8100,BKN,11000,,,,,VFR,,,,,,,,,,,,METAR,431
"METAR FBMN 280100Z VRB02KT CAVOK 19/18 Q1017",FBMN,2026-04-28T01:00:00.000Z,-19.9730,23.4310,19,18,0,2,,6+,30.03,,,,,,,,,,,,,,,,,,,VFR,,,,,,,,,,,,METAR,946
"METAR FBPM 280100Z 29003KT CAVOK 14/13 Q1018",FBPM,2026-04-28T01:00:00.000Z,-21.1590,27.4770,14,13,290,3,,6+,30.06,,,,,,,,,,,,,,,,,,,VFR,,,,,,,,,,,,METAR,1009
"METAR WMKJ 280100Z COR VRB01KT 9999 FEW018 27/25 Q1009",WMKJ,2026-04-28T01:00:00.000Z,1.6410,103.6700,27,25,0,1,,6+,29.79,,TRUE,,,,,,,,,FEW,1800,,,,,,,VFR,,,,,,,,,,,,METAR,38
"METAR CYTS 280100Z CCA 13008KT 15SM BKN190 15/M01 A2989 RMK AC5 SLP130 DENSITY ALT 1200FT",CYTS,2026-04-28T01:00:00.000Z,48.5680,-81.3780,15,-1,130,8,,15,29.89,1013,,,,,,,,,,BKN,19000,,,,,,,VFR,,,,,,,,,,,,METAR,290
"METAR DABC 280100Z 00000KT 8000 FEW033 14/13 Q1016",DABC,2026-04-28T01:00:00.000Z,36.2780,6.6290,14,13,0,0,,4.97,30.00,,,,,,,,,,,FEW,3300,,,,,,,MVFR,,,,,,,,,,,,METAR,686
"METAR DAAJ 280100Z 02007KT CAVOK 26/00 Q1016",DAAJ,2026-04-28T01:00:00.000Z,24.2860,9.4640,26,0,20,7,,6+,30.00,,,,,,,,,,,,,,,,,,,VFR,,,,,,,,,,,,METAR,962
"METAR DAAV 280100Z 08003KT 020V130 8000 SCT016 BKN033 17/16 Q1014",DAAV,2026-04-28T01:00:00.000Z,36.7950,5.8770,17,16,80,3,,4.97,29.94,,,,,,,,,,,SCT,1600,BKN,3300,,,,,MVFR,,,,,,,,,,,,METAR,11
"METAR DABT 280100Z 00000KT 9999 FEW023 14/13 Q1017",DABT,2026-04-28T01:00:00.000Z,35.7520,6.3090,14,13,0,0,,6+,30.03,,,,,,,,,,,FEW,2300,,,,,,,VFR,,,,,,,,,,,,METAR,813
"METAR DAON 280100Z 32005KT 8000 FEW026 16/15 Q1010",DAON,2026-04-28T01:00:00.000Z,35.0130,-1.4570,16,15,320,5,,4.97,29.82,,,,,,,,,,,FEW,2600,,,,,,,MVFR,,,,,,,,,,,,METAR,245
"METAR DAUH 280100Z VRB02KT 8000 NSC 25/09 Q1009",DAUH,2026-04-28T01:00:00.000Z,31.6730,6.1400,25,9,0,2,,4.97,29.79,,,,,,,,,,,,,,,,,,,MVFR,,,,,,,,,,,,METAR,141
"METAR DAUZ 280100Z VRB02KT 8000 SCT040 SCT080 27/03 Q1013",DAUZ,2026-04-28T01:00:00.000Z,28.0520,9.6430,27,3,0,2,,4.97,29.91,,,,,,,,,,,SCT,4000,SCT,8000,,,,,MVFR,,,,,,,,,,,,METAR,567
"METAR DABS 280100Z 08006KT CAVOK 14/05 Q1016",DABS,2026-04-28T01:00:00.000Z,35.4320,8.1210,14,5,80,6,,6+,30.00,,,,,,,,,,,,,,,,,,,VFR,,,,,,,,,,,,METAR,806
"METAR DAOB 280100Z 00000KT CAVOK 13/11 Q1016",DAOB,2026-04-28T01:00:00.000Z,35.3450,1.4760,13,11,0,0,,6+,30.00,,,,,,,,,,,,,,,,,,,VFR,,,,,,,,,,,,METAR,976
"METAR DAOI 280100Z 03004KT CAVOK 18/15 Q1013",DAOI,2026-04-28T01:00:00.000Z,36.2130,1.3320,18,15,30,4,,6+,29.91,,,,,,,,,,,,,,,,,,,VFR,,,,,,,,,,,,METAR,141
"METAR DAUA 280100Z 14010KT 8000 FEW046 SCT133 27/04 Q1009",DAUA,2026-04-28T01:00:00.000Z,27.8390,-0.1860,27,4,140,10,,4.97,29.79,,,,,,,,,,,FEW,4600,SCT,13300,,,,,MVFR,,,,,,,,,,,,METAR,278
"METAR DAUG 280100Z 00000KT 5000 NSC 23/06 Q1013",DAUG,2026-04-28T01:00:00.000Z,32.3840,3.7940,23,6,0,0,,3.11,29.91,,,,,,,,,,,,,,,,,,,MVFR,,,,,,,,,,,,METAR,444
"METAR OTHH 280100Z 03011KT 9999 FEW045 29/17 Q1005 NOSIG",OTHH,2026-04-28T01:00:00.000Z,25.2730,51.6090,29,17,30,11,,6+,29.68,,,,,,TRUE,,,,,FEW,4500,,,,,,,VFR,,,,,,,,,,,,METAR,3
"METAR OKKK 280100Z 11003KT 9999 -TSRA FEW030CB SCT080 24/17 Q1005 RET SRA NOSIG",OKKK,2026-04-28T01:00:00.000Z,29.2270,47.9690,24,17,110,3,,6+,29.68,,,,,,TRUE,,,,-TSRA RA,FEW,3000,SCT,8000,,,,,VFR,,,,,,,,,,,,METAR,55
"METAR SADL 280100Z 29002KT CAVOK 07/06 Q1017",SADL,2026-04-28T01:00:00.000Z,-34.9720,-57.8950,7,6,290,2,,6+,30.03,,,,,,,,,,,,,,,,,,,VFR,,,,,,,,,,,,METAR,18
"METAR CYHM 280100Z 03010KT 15SM BKN250 09/04 A2999 RMK CI7 SLP161",CYHM,2026-04-28T01:00:00.000Z,43.1730,-79.9360,9,4,30,10,,15,29.99,1016.1,,,,,,,,,,BKN,25000,,,,,,,VFR,,,,,,,,,,,,METAR,237
"METAR SBAN 280100Z 15006KT 9999 -RA FEW004 BKN100 21/18 Q1020",SBAN,2026-04-28T01:00:00.000Z,-16.2290,-48.9640,21,18,150,6,,6+,30.12,,,,,,,,,,-RA,FEW,400,BKN,10000,,,,,VFR,,,,,,,,,,,,METAR,1131
"METAR GOOY 280100Z 32010KT 270V350 CAVOK 20/18 Q1013",GOOY,2026-04-28T01:00:00.000Z,14.7410,-17.4900,20,18,320,10,,6+,29.91,,,,,,,,,,,,,,,,,,,VFR,,,,,,,,,,,,METAR,21
"METAR GOOK 280100Z 36010KT CAVOK 24/14 Q1013",GOOK,2026-04-28T01:00:00.000Z,14.1470,-16.0520,24,14,360,10,,6+,29.91,,,,,,,,,,,,,,,,,,,VFR,,,,,,,,,,,,METAR,8
"METAR GOTT 280100Z 29004KT CAVOK 30/10 Q1009 NOSIG",GOTT,2026-04-28T01:00:00.000Z,13.7330,-13.6570,30,10,290,4,,6+,29.79,,,,,,TRUE,,,,,,,,,,,,,VFR,,,,,,,,,,,,METAR,53
"METAR GOGG 280100Z 32006KT CAVOK 23/18 Q1012",GOGG,2026-04-28T01:00:00.000Z,12.5560,-16.2820,23,18,320,6,,6+,29.88,,,,,,,,,,,,,,,,,,,VFR,,,,,,,,,,,,METAR,24
"METAR GUCY 280100Z 29004KT 8000 FEW015 25/23 Q1012 NOSIG",GUCY,2026-04-28T01:00:00.000Z,9.5770,-13.6120,25,23,290,4,,4.97,29.88,,,,,,TRUE,,,,,FEW,1500,,,,,,,MVFR,,,,,,,,,,,,METAR,10
"METAR GBYD 280100Z 28007KT CAVOK 21/17 Q1012 NOSIG",GBYD,2026-04-28T01:00:00.000Z,13.3410,-16.6530,21,17,280,7,,6+,29.88,,,,,,TRUE,,,,,,,,,,,,,VFR,,,,,,,,,,,,METAR,29
"METAR GVAC 280100Z 04010KT 9999 BKN014 21/14 Q1017 NOSIG",GVAC,2026-04-28T01:00:00.000Z,16.7420,-22.9490,21,14,40,10,,6+,30.03,,,,,,TRUE,,,,,BKN,1400,,,,,,,MVFR,,,,,,,,,,,,METAR,54
"METAR GVSV 280100Z 06011KT 9999 BKN023 21/14 Q1017 NOSIG",GVSV,2026-04-28T01:00:00.000Z,16.8330,-25.0550,21,14,60,11,,6+,30.03,,,,,,TRUE,,,,,BKN,2300,,,,,,,MVFR,,,,,,,,,,,,METAR,16
"METAR MGGT 280100Z 19006KT 7000 SKC 23/19 Q1020 A3012 RMK HZ",MGGT,2026-04-28T01:00:00.000Z,14.5850,-90.5260,23,19,190,6,,4.35,30.12,,,,,,,,,,,,,,,,,,,MVFR,,,,,,,,,,,,METAR,1497
"METAR MSLP 280100Z 24004KT 9999 FEW020 28/26 Q1009 A2981 NOSIG RMK DSTN CB N NW",MSLP,2026-04-28T01:00:00.000Z,13.4380,-89.0560,28,26,240,4,,6+,29.79,,,,,,TRUE,,,,,FEW,2000,,,,,,,VFR,,,,,,,,,,,,METAR,25
"METAR SASA 280100Z 04004KT 9999 SCT010 BKN018 10/08 Q1020 RMK PP000",SASA,2026-04-28T01:00:00.000Z,-24.8560,-65.4860,10,8,40,4,,6+,30.12,,,,,,,,,,,SCT,1000,BKN,1800,,,,,MVFR,,,,,,,,,,,,METAR,1235
"METAR SAZM 280100Z 27004KT CAVOK 08/08 Q1014 RMK PP///",SAZM,2026-04-28T01:00:00.000Z,-37.9320,-57.5810,8,8,270,4,,6+,29.94,,,,,,,,,,,,,,,,,,,VFR,,,,,,,,,,,,METAR,17
"METAR TGPY 280100Z 09012KT 9999 SCT017 BKN038 27/24 Q1015 NOSIG VCSH- N-E",TGPY,2026-04-28T01:00:00.000Z,12.0060,-61.7970,27,24,90,12,,6+,29.97,,,,,,TRUE,,,,VCSH,SCT,1700,BKN,3800,,,,,VFR,,,,,,,,,,,,METAR,12
"METAR SPCL 280100Z 28002KT 9999 SCT015 SCT080 25/24 Q1011 RMK PP000",SPCL,2026-04-28T01:00:00.000Z,-8.3780,-74.5740,25,24,280,2,,6+,29.85,,,,,,,,,,,SCT,1500,SCT,8000,,,,,VFR,,,,,,,,,,,,METAR,154
"METAR SPHI 280100Z 17012KT 9999 SCT010 22/19 Q1013 RMK BIRD HAZARD RWY 19/01 PP000",SPHI,2026-04-28T01:00:00.000Z,-6.7870,-79.8280,22,19,170,12,,6+,29.91,,,,,,,,,,,SCT,1000,,,,,,,VFR,,,,,,,,,,,,METAR,33
"METAR SPME 280100Z 08004KT 9999 -SH OVC017 27/23 Q1011 RMK BIRD HAZARD RWY 32/14 PPTRZ",SPME,2026-04-28T01:00:00.000Z,-3.5510,-80.3850,27,23,80,4,,6+,29.85,,,,,,,,,,-SH,OVC,1700,,,,,,,MVFR,,,,,,,,,,,,METAR,26
"METAR SPRU 280100Z 14006KT 100V160 9999 OVC018 22/20 Q1014 RMK PP000",SPRU,2026-04-28T01:00:00.000Z,-8.0870,-79.1090,22,20,140,6,,6+,29.94,,,,,,,,,,,OVC,1800,,,,,,,MVFR,,,,,,,,,,,,METAR,23
"METAR SPST 280100Z VRB02KT 9999 FEW020 BKN100 24/24 Q1011 RMK PP000",SPST,2026-04-28T01:00:00.000Z,-6.5090,-76.3730,24,24,0,2,,6+,29.85,,,,,,,,,,,FEW,2000,BKN,10000,,,,,VFR,,,,,,,,,,,,METAR,282
"METAR CMFM 280100Z AUTO 00000KT 02/M02 RMK AO1 SOG 30 3009 SLP253 T00191015",CMFM,2026-04-28T01:00:00.000Z,47.3230,-71.1480,1.9,-1.5,0,0,,,,1025.3,,TRUE,TRUE,,,,,,,,,,,,,,,null,,,,,,,,,,,,METAR,663
"METAR CMGB 280100Z AUTO 00000KT 14/05 RMK AO1 SLP220 T01410048 56002",CMGB,2026-04-28T01:00:00.000Z,45.3730,-72.7740,14.1,4.8,0,0,,,,1022,,TRUE,TRUE,,,,,,,,,,,,,,,null,-0.02,,,,,,,,,,,METAR,87
"METAR CWBU 280100Z AUTO 32004KT 01/M05 RMK AO1 SOG 07 7004 SLP194 T00111049",CWBU,2026-04-28T01:00:00.000Z,53.3330,-104.0050,1.1,-4.9,320,4,,,,1019.4,,TRUE,TRUE,,,,,,,,,,,,,,,null,,,,,,,,,,,,METAR,369
"METAR CWIK 280100Z AUTO 33009KT 01/M06 RMK AO1 SLP202 T00071063 53007",CWIK,2026-04-28T01:00:00.000Z,50.3660,-102.5670,0.7,-6.3,330,9,,,,1020.2,,TRUE,TRUE,,,,,,,,,,,,,,,null,0.07,,,,,,,,,,,METAR,597
"METAR CWMT 280100Z AUTO 15008KT 01/M08 RMK AO1 SOG 31 6008 SLP181 T00131083",CWMT,2026-04-28T01:00:00.000Z,63.1340,-117.2450,1.3,-8.3,150,8,,,,1018.1,,TRUE,TRUE,,,,,,,,,,,,,,,null,,,,,,,,,,,,METAR,274
"METAR CZEV 280100Z AUTO 03004KT M03/M06 RMK AO1 SOG 54 2005 SLP159 T10291055",CZEV,2026-04-28T01:00:00.000Z,68.3130,-133.4960,-2.9,-5.5,30,4,,,,1015.9,,TRUE,TRUE,,,,,,,,,,,,,,,null,,,,,,,,,,,,METAR,92
"METAR CZFS 280100Z AUTO 12008KT 07/M06 RMK AO1 SOG 01 6007 SLP139 T00711058",CZFS,2026-04-28T01:00:00.000Z,61.7600,-121.2300,7.1,-5.8,120,8,,,,1013.9,,TRUE,TRUE,,,,,,,,,,,,,,,null,,,,,,,,,,,,METAR,174
"METAR CZHY 280100Z AUTO 07007KT M02/M06 RMK AO1 SOG 24 6003 SLP189 T10181064",CZHY,2026-04-28T01:00:00.000Z,60.8390,-115.7810,-1.8,-6.4,70,7,,,,1018.9,,TRUE,TRUE,,,,,,,,,,,,,,,null,,,,,,,,,,,,METAR,159
"METAR CZSM 280100Z AUTO 22003KT 04/M08 RMK AO1 SOG 44 6002 SLP192 T00361075",CZSM,2026-04-28T01:00:00.000Z,60.0260,-111.9290,3.6,-7.5,220,3,,,,1019.2,,TRUE,TRUE,,,,,,,,,,,,,,,null,,,,,,,,,,,,METAR,203
"METAR FQQL 280100Z /////KT 9999 SCT018 25/24 Q1011",FQQL,2026-04-28T01:00:00.000Z,-17.8580,36.8690,25,24,,,,6+,29.85,,,,,,,,,,,SCT,1800,,,,,,,VFR,,,,,,,,,,,,METAR,5
"METAR SPJC 280100Z 17011KT 9999 FEW008 21/18 Q1013 NOSIG RMK PP000",SPJC,2026-04-28T01:00:00.000Z,-12.0240,-77.1130,21,18,170,11,,6+,29.91,,,,,,TRUE,,,,,FEW,800,,,,,,,VFR,,,,,,,,,,,,METAR,26
"METAR SLLP 280100Z 07005KT 9999 FEW010 SCT200 04/04 Q1038 NOSIG",SLLP,2026-04-28T01:00:00.000Z,-16.5110,-68.1820,4,4,70,5,,6+,30.65,,,,,,TRUE,,,,,FEW,1000,SCT,20000,,,,,VFR,,,,,,,,,,,,METAR,4061
"METAR SLVR 280100Z 18009KT 9999 SCT030 BKN070 21/19 Q1016 NOSIG",SLVR,2026-04-28T01:00:00.000Z,-17.6450,-63.1350,21,19,180,9,,6+,30.00,,,,,,TRUE,,,,,SCT,3000,BKN,7000,,,,,VFR,,,,,,,,,,,,METAR,377
"METAR SLCB 280100Z 12010KT 080V190 9999 FEW030 BKN200 19/08 Q1024 NOSIG",SLCB,2026-04-28T01:00:00.000Z,-17.4210,-66.1790,19,8,120,10,,6+,30.24,,,,,,TRUE,,,,,FEW,3000,BKN,20000,,,,,VFR,,,,,,,,,,,,METAR,2560
"METAR SLTJ 280100Z 26003KT 9999 FEW020 SCT030 BKN070 16/11 Q1021",SLTJ,2026-04-28T01:00:00.000Z,-21.5560,-64.7010,16,11,260,3,,6+,30.15,,,,,,,,,,,FEW,2000,SCT,3000,BKN,7000,,,VFR,,,,,,,,,,,,METAR,1850
"METAR SLAL 280100Z 36012KT 9999 FEW017 11/10 Q1029",SLAL,2026-04-28T01:00:00.000Z,-19.2470,-65.1500,11,10,360,12,,6+,30.38,,,,,,,,,,,FEW,1700,,,,,,,VFR,,,,,,,,,,,,METAR,3109
"METAR FQBR 280100Z 05004KT 9999 FEW020 23/22 Q1010",FQBR,2026-04-28T01:00:00.000Z,-19.7960,34.9080,23,22,50,4,,6+,29.82,,,,,,,,,,,FEW,2000,,,,,,,VFR,,,,,,,,,,,,METAR,14
"METAR SBRJ 280100Z 17012KT 9999 SCT010 OVC040 26/24 Q1014",SBRJ,2026-04-28T01:00:00.000Z,-22.9100,-43.1630,26,24,170,12,,6+,29.94,,,,,,,,,,,SCT,1000,OVC,4000,,,,,VFR,,,,,,,,,,,,METAR,6
"METAR ORBI 280100Z 09004KT CAVOK 20/14 Q1008",ORBI,2026-04-28T01:00:00.000Z,33.2630,44.2350,20,14,90,4,,6+,29.76,,,,,,,,,,,,,,,,,,,VFR,,,,,,,,,,,,METAR,37
"METAR UBBQ 280100Z 14008KT 9999 SCT030CB BKN100 12/10 Q1017 NOSIG RMK MT OBSC",UBBQ,2026-04-28T01:00:00.000Z,40.8090,47.7290,12,10,140,8,,6+,30.03,,,,,,TRUE,,,,,SCT,3000,BKN,10000,,,,,VFR,,,,,,,,,,,,METAR,339
"METAR KNOZ 280059Z AUTO 29009KT 10SM CLR A2986 RMK AO2 SLPNO TSNO $",KNOZ,2026-04-28T00:59:00.000Z,32.5500,-114.5120,,,290,9,,10+,29.86,,,TRUE,TRUE,TRUE,,TRUE,,,,,,,,,,,,VFR,,,,,,,,,,,,METAR,78
"METAR KJKA 280059Z 14006KT 10SM FEW011 23/22 A3003",KJKA,2026-04-28T00:59:00.000Z,30.2910,-87.6610,23,22,140,6,,10+,30.03,,,,,,,,,,,FEW,1100,,,,,,,VFR,,,,,,,,,,,,METAR,5
"METAR SCBA 280059Z AUTO 32013KT 9999 NCD 06/03 Q1011",SCBA,2026-04-28T00:59:00.000Z,-45.9130,-71.6940,6,3,320,13,,6+,29.85,,,TRUE,,,,,,,,,,,,,,,,VFR,,,,,,,,,,,,METAR,516
"SPECI KAKH 280059Z AUTO 00000KT 4SM HZ CLR 15/10 A3017 RMK AO2 T01500100",KAKH,2026-04-28T00:59:00.000Z,35.1968,-81.1555,15,10,0,0,,4,30.17,,,TRUE,TRUE,,,,,,HZ,,,,,,,,,MVFR,,,,,,,,,,,,SPECI,242
"METAR KMRH 280058Z AUTO 05007KT 10SM CLR 13/07 A3022 RMK AO2 SLP233 T01280067 $",KMRH,2026-04-28T00:58:00.000Z,34.7326,-76.6566,12.8,6.7,50,7,,10+,30.22,1023.3,,TRUE,TRUE,TRUE,,,,,,,,,,,,,,VFR,,,,,,,,,,,,METAR,2
"METAR KEUF 280058Z AUTO 09003KT 10SM CLR 21/17 A3008 RMK AO1 SLP184 T02060167",KEUF,2026-04-28T00:58:00.000Z,31.9516,-85.1312,20.6,16.7,90,3,,10+,30.08,1018.4,,TRUE,TRUE,,,,,,,,,,,,,,,VFR,,,,,,,,,,,,METAR,87
"METAR PTTP 280058Z 07012KT 15SM BKN018TCU BKN130 OVC300 32/26 A2981 RMK TCU ALQDS SLP094 T03200260",PTTP,2026-04-28T00:58:00.000Z,6.9600,158.2100,32,26,70,12,,15,29.81,1009.4,,,,,,,,,,BKN,1800,BKN,13000,OVC,30000,,,MVFR,,,,,,,,,,,,METAR,36
"METAR KMEI 280058Z AUTO 19006KT 10SM CLR 26/19 A2996 RMK AO2 SLP143 T02610189",KMEI,2026-04-28T00:58:00.000Z,32.3348,-88.7507,26.1,18.9,190,6,,10+,29.96,1014.3,,TRUE,TRUE,,,,,,,,,,,,,,,VFR,,,,,,,,,,,,METAR,90
"METAR K0J4 280058Z AUTO 21006KT 10SM CLR 24/18 A3007 RMK AO2 SLP179 T02390178",K0J4,2026-04-28T00:58:00.000Z,31.0447,-86.3119,23.9,17.8,210,6,,10+,30.07,1017.9,,TRUE,TRUE,,,,,,,,,,,,,,,VFR,,,,,,,,,,,,METAR,96
"METAR KBCR 280058Z AUTO 00000KT 10SM FEW055 24/17 A3006 RMK AO2 SLP138 T02440172",KBCR,2026-04-28T00:58:00.000Z,30.8432,-85.6043,24.4,17.2,0,0,,10+,30.06,1013.8,,TRUE,TRUE,,,,,,,FEW,5500,,,,,,,VFR,,,,,,,,,,,,METAR,26
"METAR KROG 280058Z AUTO 29006KT 10SM FEW060 24/13 A2981 RMK AO2 SLP078 T02390133 TSNO",KROG,2026-04-28T00:58:00.000Z,36.3749,-94.1078,23.9,13.3,290,6,,10+,29.81,1007.8,,TRUE,TRUE,,,TRUE,,,,FEW,6000,,,,,,,VFR,,,,,,,,,,,,METAR,407
"METAR KNFE 280058Z AUTO 00000KT 10SM CLR 09/05 A3025 RMK AO2 SLP247 T00890050",KNFE,2026-04-28T00:58:00.000Z,36.7010,-76.1290,8.9,5,0,0,,10+,30.25,1024.7,,TRUE,TRUE,,,,,,,,,,,,,,,VFR,,,,,,,,,,,,METAR,4
"METAR KIAB 280058Z 34013KT 10SM FEW055 19/09 A2987 RMK AO2 SLP104 T01940089",KIAB,2026-04-28T00:58:00.000Z,37.6220,-97.2680,19.4,8.9,340,13,,10+,29.87,1010.4,,,TRUE,,,,,,,FEW,5500,,,,,,,VFR,,,,,,,,,,,,METAR,413
"METAR KNJW 280057Z AUTO 19005KT 10SM FEW070 SCT090 26/18 A2999 RMK AO2 SLP068 T02610183",KNJW,2026-04-28T00:57:00.000Z,32.7920,-88.8320,26.1,18.3,190,5,,10+,29.99,1006.8,,TRUE,TRUE,,,,,,,FEW,7000,SCT,9000,,,,,VFR,,,,,,,,,,,,METAR,165
"METAR KFLG 280057Z 21016G27KT 10SM CLR 10/M12 A2999 RMK AO2 PK WND 23032/0005 SLP119 T01001117",KFLG,2026-04-28T00:57:00.000Z,35.1443,-111.6664,10,-11.7,210,16,27,10+,29.99,1011.9,,,TRUE,,,,,,,,,,,,,,,VFR,,,,,,,,,,,,METAR,2134
"METAR KNYL 280057Z 29009KT 10SM CLR 25/02 A2986 RMK AO2 SLP108 T02500022",KNYL,2026-04-28T00:57:00.000Z,32.6600,-114.6078,25,2.2,290,9,,10+,29.86,1010.8,,,TRUE,,,,,,,,,,,,,,,VFR,,,,,,,,,,,,METAR,58
"METAR KNFL 280057Z 35008KT 10SM SCT060 SCT080 SCT120 14/M02 A2995 RMK AO2 SLP114 T01441022",KNFL,2026-04-28T00:57:00.000Z,39.4170,-118.7050,14.4,-2.2,350,8,,10+,29.95,1011.4,,,TRUE,,,,,,,SCT,6000,SCT,8000,SCT,12000,,,VFR,,,,,,,,,,,,METAR,1199
"METAR PAKH 280056Z AUTO 17004KT BKN013 OVC019 A2971 RMK AO2 SLPNO PWINO FZRANO $",PAKH,2026-04-28T00:56:00.000Z,56.9400,-154.1810,,,170,4,,,29.71,,,TRUE,TRUE,TRUE,,,TRUE,TRUE,,BKN,1300,OVC,1900,,,,,null,,,,,,,,,,,,METAR,15
"METAR KAFJ 280056Z AUTO VRB05KT 10SM CLR 19/05 A3006 RMK AO2 SLP176 T01940050 $",KAFJ,2026-04-28T00:56:00.000Z,40.1362,-80.2851,19.4,5,0,5,,10+,30.06,1017.6,,TRUE,TRUE,TRUE,,,,,,,,,,,,,,VFR,,,,,,,,,,,,METAR,360
"METAR PAKK 280056Z AUTO 10/01 RMK AO2 SLPNO T01000006 PWINO $",PAKK,2026-04-28T00:56:00.000Z,64.9390,-161.1560,10,0.6,,,,,,,,TRUE,TRUE,TRUE,,,,TRUE,,,,,,,,,,null,,,,,,,,,,,,METAR,56
"METAR KPVC 280056Z AUTO 00000KT 10SM CLR 06/06 A3027 RMK AO2 SLP250 T00560056 PNO $",KPVC,2026-04-28T00:56:00.000Z,42.0743,-70.2183,5.6,5.6,0,0,,10+,30.27,1025,,TRUE,TRUE,TRUE,,,,,,,,,,,,,,VFR,,,,,,,,,,,,METAR,1
"METAR KHND 280056Z 27012G23KT 10SM CLR 21/M02 A2987 RMK AO2 SLP121 T02061017 $",KHND,2026-04-28T00:56:00.000Z,35.9657,-115.1343,20.6,-1.7,270,12,23,10+,29.87,1012.1,,,TRUE,TRUE,,,,,,,,,,,,,,VFR,,,,,,,,,,,,METAR,740
"METAR KGDV 280056Z AUTO 33007KT 10SM OVC090 05/M04 A3004 RMK AO2 SLP195 T00501044 TSNO $",KGDV,2026-04-28T00:56:00.000Z,47.1401,-104.8127,5,-4.4,330,7,,10+,30.04,1019.5,,TRUE,TRUE,TRUE,,TRUE,,,,OVC,9000,,,,,,,VFR,,,,,,,,,,,,METAR,749
"SPECI K1GM 280056Z AUTO 33009KT 10SM FEW027 SCT044 SCT060 06/00 M RMK AO2 RAE55 SLPNO $",K1GM,2026-04-28T00:56:00.000Z,47.3250,-112.0930,6,0,330,9,,10+,,,,TRUE,TRUE,TRUE,,,,,,FEW,2700,SCT,4400,SCT,6000,,,VFR,,,,,,,,,,,,SPECI,1317
"METAR KNID 280056Z AUTO 20009KT 10SM CLR 20/M02 A2987 RMK AO2 SLP111 T02001022 $",KNID,2026-04-28T00:56:00.000Z,35.6880,-117.6900,20,-2.2,200,9,,10+,29.87,1011.1,,TRUE,TRUE,TRUE,,,,,,,,,,,,,,VFR,,,,,,,,,,,,METAR,682
"METAR PFKT 280056Z AUTO 03012KT 10SM CLR 06/02 A2962 RMK AO2 SLP030 T00610017 $",PFKT,2026-04-28T00:56:00.000Z,65.3300,-166.4790,6.1,1.7,30,12,,10+,29.62,1003,,TRUE,TRUE,TRUE,,,,,,,,,,,,,,VFR,,,,,,,,,,,,METAR,8
"METAR RJOI 280056Z 18006KT 8SM FEW030 BKN170 BKN220 18/14 A2992 RMK AO2 SLP131 T01830139 $",RJOI,2026-04-28T00:56:00.000Z,34.1440,132.2360,18.3,13.9,180,6,,8,29.92,1013.1,,,TRUE,TRUE,,,,,,FEW,3000,BKN,17000,BKN,22000,,,VFR,,,,,,,,,,,,METAR,2
"METAR KDUG 280056Z AUTO 27017KT 10SM CLR 25/M13 A2993 RMK AO2 SLP089 T02501128 TSNO",KDUG,2026-04-28T00:56:00.000Z,31.4725,-109.6022,25,-12.8,270,17,,10+,29.93,1008.9,,TRUE,TRUE,,,TRUE,,,,,,,,,,,,VFR,,,,,,,,,,,,METAR,1260
"METAR PANU 280056Z AUTO 07009KT 10SM BKN050 OVC075 09/00 A2963 RMK AO2 SLPNO T00940000",PANU,2026-04-28T00:56:00.000Z,64.7304,-158.0752,9.4,0,70,9,,10+,29.63,,,TRUE,TRUE,,,,,,,BKN,5000,OVC,7500,,,,,VFR,,,,,,,,,,,,METAR,117
"METAR KNOG 280056Z AUTO 13014KT 7SM CLR 27/24 A2981 RMK AO2 SLP074 T02720239 PNO $",KNOG,2026-04-28T00:56:00.000Z,27.8950,-98.0430,27.2,23.9,130,14,,7,29.81,1007.4,,TRUE,TRUE,TRUE,,,,,,,,,,,,,,VFR,,,,,,,,,,,,METAR,72
"METAR KUKI 280056Z AUTO 31009KT 10SM BKN065 OVC080 18/07 A3001 RMK AO2 RAB42E52 SLP159 P0000 T01780067",KUKI,2026-04-28T00:56:00.000Z,39.1278,-123.2001,17.8,6.7,310,9,,10+,30.01,1015.9,,TRUE,TRUE,,,,,,,BKN,6500,OVC,8000,,,,,VFR,,,,,,0.005,,,,,,METAR,183
"METAR PAGH 280056Z AUTO 12009KT 10SM SCT085 BKN110 09/00 A2971 RMK AO2 SLP062 T00940000",PAGH,2026-04-28T00:56:00.000Z,66.8860,-157.1590,9.4,0,120,9,,10+,29.71,1006.2,,TRUE,TRUE,,,,,,,SCT,8500,BKN,11000,,,,,VFR,,,,,,,,,,,,METAR,56
"METAR KHEF 280056Z 17005KT 10SM CLR 13/07 A3022 RMK AO2 SLP241 T01330067 $",KHEF,2026-04-28T00:56:00.000Z,38.7240,-77.5175,13.3,6.7,170,5,,10+,30.22,1024.1,,,TRUE,TRUE,,,,,,,,,,,,,,VFR,,,,,,,,,,,,METAR,53
"METAR PAIG 280056Z AUTO 04011KT 10SM BKN060 04/02 A2960 RMK AO2 SLP031 T00390022 PNO $",PAIG,2026-04-28T00:56:00.000Z,59.3250,-155.8970,3.9,2.2,40,11,,10+,29.60,1003.1,,TRUE,TRUE,TRUE,,,,,,BKN,6000,,,,,,,VFR,,,,,,,,,,,,METAR,24
"METAR KMHS 280056Z AUTO 00000KT 10SM BKN100 13/03 A2999 RMK AO2 SLP172 T01280028",KMHS,2026-04-28T00:56:00.000Z,41.3149,-122.3171,12.8,2.8,0,0,,10+,29.99,1017.2,,TRUE,TRUE,,,,,,,BKN,10000,,,,,,,VFR,,,,,,,,,,,,METAR,1080
"METAR KPVG 280056Z AUTO 00000KT 10SM CLR 07/06 A3027 RMK AO2 SLP250 T00720061 $",KPVG,2026-04-28T00:56:00.000Z,36.7824,-76.4520,7.2,6.1,0,0,,10+,30.27,1025,,TRUE,TRUE,TRUE,,,,,,,,,,,,,,VFR,,,,,,,,,,,,METAR,7
"METAR PAHY 280056Z AUTO 31010KT 10SM CLR 11/01 A3009 RMK AO2 SLP186 T01060006 $",PAHY,2026-04-28T00:56:00.000Z,55.2020,-132.8250,10.6,0.6,310,10,,10+,30.09,1018.6,,TRUE,TRUE,TRUE,,,,,,,,,,,,,,VFR,,,,,,,,,,,,METAR,0
"METAR KJAX 280056Z 04011KT 10SM BKN018 OVC038 19/14 A3015 RMK AO2 SLP211 T01890144 $",KJAX,2026-04-28T00:56:00.000Z,30.4953,-81.6937,18.9,14.4,40,11,,10+,30.15,1021.1,,,TRUE,TRUE,,,,,,BKN,1800,OVC,3800,,,,,MVFR,,,,,,,,,,,,METAR,8
"METAR KGAD 280056Z AUTO 15004KT CLR 24/17 A3002 RMK AO2 SLP167 T02390172 PWINO $",KGAD,2026-04-28T00:56:00.000Z,33.9686,-86.0917,23.9,17.2,150,4,,,30.02,1016.7,,TRUE,TRUE,TRUE,,,,TRUE,,,,,,,,,,null,,,,,,,,,,,,METAR,169
"METAR KBJJ 280056Z AUTO 15004KT 10SM CLR 17/10 A2997 RMK AO2 SLP150 T01720100",KBJJ,2026-04-28T00:56:00.000Z,40.8732,-81.8886,17.2,10,150,4,,10+,29.97,1015,,TRUE,TRUE,,,,,,,,,,,,,,,VFR,,,,,,,,,,,,METAR,338
"METAR KCEC 280056Z AUTO 33012G19KT 10SM CLR 13/08 A3013 RMK AO2 SLP202 T01330078",KCEC,2026-04-28T00:56:00.000Z,41.7836,-124.2380,13.3,7.8,330,12,19,10+,30.13,1020.2,,TRUE,TRUE,,,,,,,,,,,,,,,VFR,,,,,,,,,,,,METAR,17
"METAR PAFM 280056Z AUTO 14007KT 10SM SCT055 OVC110 09/M01 A2972 RMK AO2 SLP071 T00941006 $",PAFM,2026-04-28T00:56:00.000Z,67.1060,-157.8580,9.4,-0.6,140,7,,10+,29.72,1007.1,,TRUE,TRUE,TRUE,,,,,,SCT,5500,OVC,11000,,,,,VFR,,,,,,,,,,,,METAR,79
"METAR KCGZ 280056Z AUTO 29011KT 10SM CLR 27/M02 RMK AO2 SLPNO T02671017 $",KCGZ,2026-04-28T00:56:00.000Z,32.9531,-111.7725,26.7,-1.7,290,11,,10+,,,,TRUE,TRUE,TRUE,,,,,,,,,,,,,,VFR,,,,,,,,,,,,METAR,444
"METAR KINW 280056Z AUTO 23020G27KT 10SM CLR 18/M13 A2992 RMK AO2 PK WND 24029/0009 SLP104 T01781133",KINW,2026-04-28T00:56:00.000Z,35.0279,-110.7221,17.8,-13.3,230,20,27,10+,29.92,1010.4,,TRUE,TRUE,,,,,,,,,,,,,,,VFR,,,,,,,,,,,,METAR,1492
"METAR KGVQ 280056Z AUTO 13007KT 10SM CLR 18/03 A3006 RMK AO2 SLP177 T01780028",KGVQ,2026-04-28T00:56:00.000Z,43.0298,-78.1665,17.8,2.8,130,7,,10+,30.06,1017.7,,TRUE,TRUE,,,,,,,,,,,,,,,VFR,,,,,,,,,,,,METAR,279
"METAR KSMN 280056Z AUTO 04008KT 10SM CLR 11/M07 A2991 RMK AO2 SLP135 T01061072",KSMN,2026-04-28T00:56:00.000Z,45.1283,-113.8833,10.6,-7.2,40,8,,10+,29.91,1013.5,,TRUE,TRUE,,,,,,,,,,,,,,,VFR,,,,,,,,,,,,METAR,1228
"METAR KELZ 280056Z AUTO 15007KT 10SM CLR 15/M01 A3014 RMK AO2 SLP207 T01501006",KELZ,2026-04-28T00:56:00.000Z,42.1077,-77.9842,15,-0.6,150,7,,10+,30.14,1020.7,,TRUE,TRUE,,,,,,,,,,,,,,,VFR,,,,,,,,,,,,METAR,639
"METAR KMTW 280056Z AUTO 18016G22KT 5SM BR OVC005 11/11 A2956 RMK AO2 PK WND 18027/0003 SLP011 T01060106 $",KMTW,2026-04-28T00:56:00.000Z,44.1322,-87.6819,10.6,10.6,180,16,22,5,29.56,1001.1,,TRUE,TRUE,TRUE,,,,,BR,OVC,500,,,,,,,IFR,,,,,,,,,,,,METAR,197
"METAR KRUT 280056Z AUTO 15005KT 10SM CLR 18/01 A3019 RMK AO2 SLP217 T01780011",KRUT,2026-04-28T00:56:00.000Z,43.5300,-72.9517,17.8,1.1,150,5,,10+,30.19,1021.7,,TRUE,TRUE,,,,,,,,,,,,,,,VFR,,,,,,,,,,,,METAR,238
"METAR PAPO 280056Z AUTO 04008KT 10SM -RA OVC022 02/M02 A2975 RMK AO2 RAB00E26B50UPB45E50SNE00B26E45 SLP074 P0000 T00171022 FZRANO",PAPO,2026-04-28T00:56:00.000Z,68.3450,-166.8070,1.7,-2.2,40,8,,10+,29.75,1007.4,,TRUE,TRUE,,,,TRUE,,-RA,OVC,2200,,,,,,,MVFR,,,,,,0.005,,,,,,METAR,4
"METAR KFRM 280056Z AUTO 32021G29KT 10SM OVC010 07/06 A2968 RMK AO2 PK WND 33032/0012 SLP058 T00720061 PNO $",KFRM,2026-04-28T00:56:00.000Z,43.6455,-94.4168,7.2,6.1,320,21,29,10+,29.68,1005.8,,TRUE,TRUE,TRUE,,,,,,OVC,1000,,,,,,,MVFR,,,,,,,,,,,,METAR,353
"METAR KJHW 280056Z AUTO 16008KT 10SM CLR 17/03 A3007 RMK AO2 SLP186 T01670033",KJHW,2026-04-28T00:56:00.000Z,42.1534,-79.2541,16.7,3.3,160,8,,10+,30.07,1018.6,,TRUE,TRUE,,,,,,,,,,,,,,,VFR,,,,,,,,,,,,METAR,520
"METAR PAIW 280056Z AUTO 05009KT 1/4SM UP FG OVC003 01/01 A2967 RMK AO2 RAB43E54UPB54 SLP046 P0000 T00060006 FZRANO",PAIW,2026-04-28T00:56:00.000Z,65.6210,-168.0930,0.6,0.6,50,9,,0.25,29.67,1004.6,,TRUE,TRUE,,,,TRUE,,FG UP,OVC,300,,,,,,,LIFR,,,,,,0.005,,,,,,METAR,6
"METAR KMTC 280056Z 13015G20KT 10SM BKN140 BKN200 15/07 A2980 RMK AO2A PK WND 10029/01 SLP097 T01490072",KMTC,2026-04-28T00:56:00.000Z,42.6045,-82.8353,14.9,7.2,130,15,20,10+,29.80,1009.7,,,TRUE,,,,,,,BKN,14000,BKN,20000,,,,,VFR,,,,,,,,,,,,METAR,177
"METAR KRDM 280056Z 28014G24KT 10SM SCT080 16/M04 A2997 RMK AO2 SLP149 T01561039",KRDM,2026-04-28T00:56:00.000Z,44.2558,-121.1407,15.6,-3.9,280,14,24,10+,29.97,1014.9,,,TRUE,,,,,,,SCT,8000,,,,,,,VFR,,,,,,,,,,,,METAR,930
"METAR KPWG 280056Z AUTO 15009KT 7SM CLR 28/24 A2979 RMK AO2 SLP079 T02830244",KPWG,2026-04-28T00:56:00.000Z,31.4891,-97.3202,28.3,24.4,150,9,,7,29.79,1007.9,,TRUE,TRUE,,,,,,,,,,,,,,,VFR,,,,,,,,,,,,METAR,178
"METAR KALK 280056Z AUTO 26017G26KT 10SM CLR 22/M15 A2999 RMK AO2 PK WND 25029/0006 SLP086 T02171150",KALK,2026-04-28T00:56:00.000Z,31.6060,-110.4280,21.7,-15,260,17,26,10+,29.99,1008.6,,TRUE,TRUE,,,,,,,,,,,,,,,VFR,,,,,,,,,,,,METAR,1451
"METAR PAMO 280056Z AUTO 14012KT 10SM SCT036 BKN045 OVC065 04/01 A2951 RMK AO2 SLP997 T00390011 $",PAMO,2026-04-28T00:56:00.000Z,62.0950,-163.6860,3.9,1.1,140,12,,10+,29.51,999.7,,TRUE,TRUE,TRUE,,,,,,SCT,3600,BKN,4500,OVC,6500,,,VFR,,,,,,,,,,,,METAR,93
"METAR KSPD 280056Z AUTO 09017KT 17/02 A2985 RMK AO1 SLP073 T01670022",KSPD,2026-04-28T00:56:00.000Z,37.2834,-102.6138,16.7,2.2,90,17,,,29.85,1007.3,,TRUE,TRUE,,,,,,,,,,,,,,,null,,,,,,,,,,,,METAR,1340
"METAR PATG 280056Z AUTO 14009KT 10SM CLR 03/01 A2971 RMK AO2 SLP061 T00280006 PNO $",PATG,2026-04-28T00:56:00.000Z,59.0510,-160.3980,2.8,0.6,140,9,,10+,29.71,1006.1,,TRUE,TRUE,TRUE,,,,,,,,,,,,,,VFR,,,,,,,,,,,,METAR,1
"METAR KPWT 280056Z AUTO 22013KT 10SM OVC038 13/07 A3004 RMK AO2 SLP176 T01280067 PNO $",KPWT,2026-04-28T00:56:00.000Z,47.4942,-122.7594,12.8,6.7,220,13,,10+,30.04,1017.6,,TRUE,TRUE,TRUE,,,,,,OVC,3800,,,,,,,VFR,,,,,,,,,,,,METAR,143
"METAR KITH 280056Z 12005KT 10SM CLR 17/01 A3014 RMK AO2 SLP207 T01720011",KITH,2026-04-28T00:56:00.000Z,42.4931,-76.4569,17.2,1.1,120,5,,10+,30.14,1020.7,,,TRUE,,,,,,,,,,,,,,,VFR,,,,,,,,,,,,METAR,338
"METAR PAMM 280056Z AUTO 33010KT 10SM CLR 11/03 A3008 RMK AO2 SLP177 T01110033 $",PAMM,2026-04-28T00:56:00.000Z,55.1310,-131.5780,11.1,3.3,330,10,,10+,30.08,1017.7,,TRUE,TRUE,TRUE,,,,,,,,,,,,,,VFR,,,,,,,,,,,,METAR,0
"METAR PABV 280056Z AUTO 20005KT 10SM BKN070 OVC090 08/02 A2980 RMK AO2 SLP091 T00830017 $",PABV,2026-04-28T00:56:00.000Z,61.4160,-149.5110,8.3,1.7,200,5,,10+,29.80,1009.1,,TRUE,TRUE,TRUE,,,,,,BKN,7000,OVC,9000,,,,,VFR,,,,,,,,,,,,METAR,21
"METAR KBVX 280056Z AUTO 19007G15KT 160V220 8SM FEW034 26/22 A2978 RMK AO2 SLP080 T02610222 $",KBVX,2026-04-28T00:56:00.000Z,35.7259,-91.6518,26.1,22.2,190,7,15,8,29.78,1008,,TRUE,TRUE,TRUE,,,,,,FEW,3400,,,,,,,VFR,,,,,,,,,,,,METAR,137
"METAR KISP 280056Z 00000KT 10SM FEW250 10/03 A3026 RMK AO2 SLP246 T01000033",KISP,2026-04-28T00:56:00.000Z,40.7939,-73.1018,10,3.3,0,0,,10+,30.26,1024.6,,,TRUE,,,,,,,FEW,25000,,,,,,,VFR,,,,,,,,,,,,METAR,25
"METAR KSGU 280056Z AUTO 29015G20KT 10SM CLR 20/M07 A2983 RMK AO2 SLP088 T02001072",KSGU,2026-04-28T00:56:00.000Z,37.0444,-113.5034,20,-7.2,290,15,20,10+,29.83,1008.8,,TRUE,TRUE,,,,,,,,,,,,,,,VFR,,,,,,,,,,,,METAR,877
"METAR PAFE 280056Z AUTO 28007KT BKN047 09/02 A3013 RMK AO2 SLP210 T00890017 PWINO $",PAFE,2026-04-28T00:56:00.000Z,56.9610,-133.9100,8.9,1.7,280,7,,,30.13,1021,,TRUE,TRUE,TRUE,,,,TRUE,,BKN,4700,,,,,,,null,,,,,,,,,,,,METAR,1
"METAR K2WX 280056Z AUTO 32008KT 02/M02 A3001 RMK AO1 SLP189 T00221017",K2WX,2026-04-28T00:56:00.000Z,45.6043,-103.5470,2.2,-1.7,320,8,,,30.01,1018.9,,TRUE,TRUE,,,,,,,,,,,,,,,null,,,,,,,,,,,,METAR,925
"METAR KDVL 280056Z AUTO 35013KT 10SM FEW120 07/M06 A2993 RMK AO2 SLP153 T00721061",KDVL,2026-04-28T00:56:00.000Z,48.1136,-98.9034,7.2,-6.1,350,13,,10+,29.93,1015.3,,TRUE,TRUE,,,,,,,FEW,12000,,,,,,,VFR,,,,,,,,,,,,METAR,439
"METAR KP53 280056Z AUTO 14009G17KT 110V180 13/06 A2955 RMK AO1 SLP007 T01330056 $",KP53,2026-04-28T00:56:00.000Z,46.4120,-86.6504,13.3,5.6,140,9,17,,29.55,1000.7,,TRUE,TRUE,TRUE,,,,,,,,,,,,,,null,,,,,,,,,,,,METAR,185
"METAR KBKX 280056Z AUTO 34016KT 10SM OVC017 06/03 A2982 RMK AO2 PK WND 33028/2357 RAE02 SLP118 P0000 T00560033",KBKX,2026-04-28T00:56:00.000Z,44.3075,-96.8183,5.6,3.3,340,16,,10+,29.82,1011.8,,TRUE,TRUE,,,,,,,OVC,1700,,,,,,,MVFR,,,,,,0.005,,,,,,METAR,494
"METAR PAEM 280056Z AUTO 10SM SCT033 OVC050 A2950 RMK AO2 RAB11E23 SLPNO P0000 FZRANO $",PAEM,2026-04-28T00:56:00.000Z,62.7850,-164.4880,,,,,,10+,29.50,,,TRUE,TRUE,TRUE,,,TRUE,,,SCT,3300,OVC,5000,,,,,VFR,,,,,,0.005,,,,,,METAR,2
"METAR PAPM 280056Z AUTO 15017G24KT 9SM BKN050 05/M01 A2951 RMK AO2 SLP994 T00501006 TSNO",PAPM,2026-04-28T00:56:00.000Z,59.0110,-161.8200,5,-0.6,150,17,24,9,29.51,999.4,,TRUE,TRUE,,,TRUE,,,,BKN,5000,,,,,,,VFR,,,,,,,,,,,,METAR,4
"METAR PADM 280056Z AUTO 20010KT 10SM BKN040 OVC060 07/M01 A2955 RMK AO2 SLP013 T00721011",PADM,2026-04-28T00:56:00.000Z,61.8650,-162.0330,7.2,-1.1,200,10,,10+,29.55,1001.3,,TRUE,TRUE,,,,,,,BKN,4000,OVC,6000,,,,,VFR,,,,,,,,,,,,METAR,17
"METAR KSLG 280056Z AUTO 29007KT 10SM CLR 23/13 A2980 RMK AO2 SLP081 T02330128",KSLG,2026-04-28T00:56:00.000Z,36.1941,-94.4880,23.3,12.8,290,7,,10+,29.80,1008.1,,TRUE,TRUE,,,,,,,,,,,,,,,VFR,,,,,,,,,,,,METAR,361
"METAR PAAK 280056Z AUTO 27028G39KT 10SM -RA FEW014 BKN021 OVC026 03/01 A2928 RMK AO2 PK WND 27039/0051 SLP914 T00330011 TSNO PNO $",PAAK,2026-04-28T00:56:00.000Z,52.2190,-174.2080,3.3,1.1,270,28,39,10+,29.28,991.4,,TRUE,TRUE,TRUE,,TRUE,,,-RA,FEW,1400,BKN,2100,OVC,2600,,,MVFR,,,,,,,,,,,,METAR,11
"METAR KOCH 280056Z AUTO 16006KT CLR 27/22 A2985 RMK AO2 SLP108 T02720222 RVRNO $",KOCH,2026-04-28T00:56:00.000Z,31.5809,-94.7081,27.2,22.2,160,6,,,29.85,1010.8,,TRUE,TRUE,TRUE,,,,,,,,,,,,,,null,,,,,,,,,,,,METAR,105
"METAR PFYU 280056Z 07007KT 10SM FEW065 13/M02 A2975 RMK AO2 SLP087 T01281022 $",PFYU,2026-04-28T00:56:00.000Z,66.5720,-145.2430,12.8,-2.2,70,7,,10+,29.75,1008.7,,,TRUE,TRUE,,,,,,FEW,6500,,,,,,,VFR,,,,,,,,,,,,METAR,130
"METAR KCTB 280056Z AUTO 00000KT 10SM BKN090 07/M06 A2987 RMK AO2 SLP143 T00671061",KCTB,2026-04-28T00:56:00.000Z,48.6036,-112.3766,6.7,-6.1,0,0,,10+,29.87,1014.3,,TRUE,TRUE,,,,,,,BKN,9000,,,,,,,VFR,,,,,,,,,,,,METAR,1172
"METAR KNLC 280056Z 01007KT 10SM BKN065 BKN085 21/03 A2998 RMK AO2 SLP153 RH/30 T02110033",KNLC,2026-04-28T00:56:00.000Z,36.3024,-119.9397,21.1,3.3,10,7,,10+,29.98,1015.3,,,TRUE,,,,,,,BKN,6500,BKN,8500,,,,,VFR,,,,,,,,,,,,METAR,69
"METAR PFZK 280056Z AUTO 20009KT 10SM BKN042 OVC050 06/M01 A2952 RMK AO2 SLP994 T00561006 $",PFZK,2026-04-28T00:56:00.000Z,60.9156,-161.4884,5.6,-0.6,200,9,,10+,29.52,999.4,,TRUE,TRUE,TRUE,,,,,,BKN,4200,OVC,5000,,,,,VFR,,,,,,,,,,,,METAR,16
"METAR KOWB 280056Z 19018KT 10SM FEW048 26/18 A2974 RMK AO2 SLP069 T02610178",KOWB,2026-04-28T00:56:00.000Z,37.7297,-87.1683,26.1,17.8,190,18,,10+,29.74,1006.9,,,TRUE,,,,,,,FEW,4800,,,,,,,VFR,,,,,,,,,,,,METAR,121
"METAR PAPG 280056Z 04007KT 10SM FEW049 11/02 A3009 RMK AO2 SLP193 T01060017 $",PAPG,2026-04-28T00:56:00.000Z,56.8050,-132.9350,10.6,1.7,40,7,,10+,30.09,1019.3,,,TRUE,TRUE,,,,,,FEW,4900,,,,,,,VFR,,,,,,,,,,,,METAR,24
"METAR PAOO 280056Z AUTO 09014KT 10SM CLR 02/01 A2945 RMK AO2 SLP979 T00220006 FZRANO TSNO $",PAOO,2026-04-28T00:56:00.000Z,60.5370,-165.0890,2.2,0.6,90,14,,10+,29.45,997.9,,TRUE,TRUE,TRUE,,TRUE,TRUE,,,,,,,,,,,VFR,,,,,,,,,,,,METAR,15
"METAR PAWM 280056Z AUTO 07008KT 030V090 8SM SCT038 SCT050 08/00 A2958 RMK AO2 SLP021 T00780000 $",PAWM,2026-04-28T00:56:00.000Z,64.6880,-163.4100,7.8,0,70,8,,8,29.58,1002.1,,TRUE,TRUE,TRUE,,,,,,SCT,3800,SCT,5000,,,,,VFR,,,,,,,,,,,,METAR,80
"METAR KGON 280056Z 03003KT 10SM CLR 11/04 A3025 RMK AO2 SLP241 T01060044",KGON,2026-04-28T00:56:00.000Z,41.3279,-72.0489,10.6,4.4,30,3,,10+,30.25,1024.1,,,TRUE,,,,,,,,,,,,,,,VFR,,,,,,,,,,,,METAR,2
"METAR PADL 280056Z 16003KT 10SM FEW038 04/02 A2958 RMK AO2 SLP021 T00440022",PADL,2026-04-28T00:56:00.000Z,59.0400,-158.5070,4.4,2.2,160,3,,10+,29.58,1002.1,,,TRUE,,,,,,,FEW,3800,,,,,,,VFR,,,,,,,,,,,,METAR,20
"METAR PAPH 280056Z AUTO 15018G24KT 10SM CLR 09/M02 A2956 RMK AO2 SLP010 T00891022",PAPH,2026-04-28T00:56:00.000Z,56.9590,-158.6310,8.9,-2.2,150,18,24,10+,29.56,1001,,TRUE,TRUE,,,,,,,,,,,,,,,VFR,,,,,,,,,,,,METAR,29
"METAR KSOP 280056Z AUTO 11004KT 10SM CLR 16/08 A3021 RMK AO2 SLP235 T01560078 PNO $",KSOP,2026-04-28T00:56:00.000Z,35.2371,-79.3921,15.6,7.8,110,4,,10+,30.21,1023.5,,TRUE,TRUE,TRUE,,,,,,,,,,,,,,VFR,,,,,,,,,,,,METAR,135
"METAR KGRD 280056Z AUTO 00000KT 10SM CLR 16/09 A3019 RMK AO2 SLP219 T01610089",KGRD,2026-04-28T00:56:00.000Z,34.2540,-82.1526,16.1,8.9,0,0,,10+,30.19,1021.9,,TRUE,TRUE,,,,,,,,,,,,,,,VFR,,,,,,,,,,,,METAR,188
"METAR PABA 280056Z AUTO 07014KT 8SM OVC003 M05/M07 A2996 RMK AO2 SNB29E39 SLP164 P0000 T10501067 FZRANO TSNO",PABA,2026-04-28T00:56:00.000Z,70.1350,-143.5850,-5,-6.7,70,14,,8,29.96,1016.4,,TRUE,TRUE,,,TRUE,TRUE,,,OVC,300,,,,,,,LIFR,,,,,,0.005,,,,,,METAR,1
"METAR PARC 280056Z AUTO VRB03KT 10SM CLR 05/M04 A2979 RMK AO2 SLP137 T00501044 TSNO",PARC,2026-04-28T00:56:00.000Z,68.1130,-145.5760,5,-4.4,0,3,,10+,29.79,1013.7,,TRUE,TRUE,,,TRUE,,,,,,,,,,,,VFR,,,,,,,,,,,,METAR,626
"METAR PAPE 280056Z AUTO 19011KT 7SM SCT025 BKN030 BKN039 06/01 A2961 RMK AO2 SLP024 T00610006",PAPE,2026-04-28T00:56:00.000Z,55.9096,-159.1595,6.1,0.6,190,11,,7,29.61,1002.4,,TRUE,TRUE,,,,,,,SCT,2500,BKN,3000,BKN,3900,,,MVFR,,,,,,,,,,,,METAR,15
"METAR KCVO 280056Z AUTO 31013KT 10SM SCT045 14/07 A3010 RMK AO2 SLP198 T01440072",KCVO,2026-04-28T00:56:00.000Z,44.5013,-123.2930,14.4,7.2,310,13,,10+,30.10,1019.8,,TRUE,TRUE,,,,,,,SCT,4500,,,,,,,VFR,,,,,,,,,,,,METAR,75
"METAR PAIN 280056Z AUTO 20010G16KT 10SM FEW043 SCT050 OVC120 07/M02 A2973 RMK AO2 SLP086 T00671017 TSNO $",PAIN,2026-04-28T00:56:00.000Z,63.7330,-148.9120,6.7,-1.7,200,10,16,10+,29.73,1008.6,,TRUE,TRUE,TRUE,,TRUE,,,,FEW,4300,SCT,5000,OVC,12000,,,VFR,,,,,,,,,,,,METAR,525
"METAR KMBL 280056Z AUTO VRB06G18KT 10SM SCT033 BKN048 OVC060 19/13 A2960 RMK AO2 RAB38E47 SLP023 P0000 T01940128 $",KMBL,2026-04-28T00:56:00.000Z,44.2714,-86.2378,19.4,12.8,0,6,18,10+,29.60,1002.3,,TRUE,TRUE,TRUE,,,,,,SCT,3300,BKN,4800,OVC,6000,,,VFR,,,,,,0.005,,,,,,METAR,187
"METAR KSHV 280056Z 17009KT 7SM SCT070 27/23 A2983 RMK SLPNO",KSHV,2026-04-28T00:56:00.000Z,32.4473,-93.8244,27,23,170,9,,7,29.83,,,,,,,,,,,SCT,7000,,,,,,,VFR,,,,,,,,,,,,METAR,70
"METAR PFWS 280056Z AUTO 27010KT 10SM BKN043 OVC055 04/02 A2960 RMK AO2 SLP025 T00440017 PNO $",PFWS,2026-04-28T00:56:00.000Z,58.7040,-157.0050,4.4,1.7,270,10,,10+,29.60,1002.5,,TRUE,TRUE,TRUE,,,,,,BKN,4300,OVC,5500,,,,,VFR,,,,,,,,,,,,METAR,40
"METAR TJSJ 280056Z 00000KT 10SM FEW036 27/23 A3000 RMK AO2 SLP159 T02720233 $",TJSJ,2026-04-28T00:56:00.000Z,18.4326,-66.0106,27.2,23.3,0,0,,10+,30.00,1015.9,,,TRUE,TRUE,,,,,,FEW,3600,,,,,,,VFR,,,,,,,,,,,,METAR,3
"METAR KLBT 280056Z AUTO 00000KT 10SM CLR 16/09 A3020 RMK AO2 SLP225 T01610089 $",KLBT,2026-04-28T00:56:00.000Z,34.6082,-79.0590,16.1,8.9,0,0,,10+,30.20,1022.5,,TRUE,TRUE,TRUE,,,,,,,,,,,,,,VFR,,,,,,,,,,,,METAR,37
"METAR PFSH 280056Z AUTO 35007KT 10SM -RA OVC038 02/01 A2958 RMK AO2 RAB01 SLP017 P0000 T00170006 FZRANO $",PFSH,2026-04-28T00:56:00.000Z,64.3670,-161.2170,1.7,0.6,350,7,,10+,29.58,1001.7,,TRUE,TRUE,TRUE,,,TRUE,,-RA,OVC,3800,,,,,,,VFR,,,,,,0.005,,,,,,METAR,6
"METAR KLWS 280056Z AUTO 00000KT 10SM CLR 17/M03 A2990 RMK AO2 SLP127 T01671033",KLWS,2026-04-28T00:56:00.000Z,46.3746,-117.0153,16.7,-3.3,0,0,,10+,29.90,1012.7,,TRUE,TRUE,,,,,,,,,,,,,,,VFR,,,,,,,,,,,,METAR,435
"METAR PFCL 280056Z AUTO 31005KT 10SM FEW041 04/01 A2959 RMK AO2 SLP012 T00440011",PFCL,2026-04-28T00:56:00.000Z,58.8370,-158.5260,4.4,1.1,310,5,,10+,29.59,1001.2,,TRUE,TRUE,,,,,,,FEW,4100,,,,,,,VFR,,,,,,,,,,,,METAR,23
"METAR KWMC 280056Z AUTO 03006KT 10SM BKN090 BKN110 14/M07 A2993 RMK AO2 SLP123 T01391072",KWMC,2026-04-28T00:56:00.000Z,40.9018,-117.8081,13.9,-7.2,30,6,,10+,29.93,1012.3,,TRUE,TRUE,,,,,,,BKN,9000,BKN,11000,,,,,VFR,,,,,,,,,,,,METAR,1311
"METAR KTVF 280056Z AUTO 34016G22KT 10SM FEW048 09/01 A2980 RMK AO2 SLP102 T00890011",KTVF,2026-04-28T00:56:00.000Z,48.0597,-96.1787,8.9,1.1,340,16,22,10+,29.80,1010.2,,TRUE,TRUE,,,,,,,FEW,4800,,,,,,,VFR,,,,,,,,,,,,METAR,339
"METAR KDYR 280056Z AUTO 20008G15KT 10SM SCT038 OVC080 27/21 A2981 RMK AO2 SLP096 T02720211 $",KDYR,2026-04-28T00:56:00.000Z,35.9957,-89.4057,27.2,21.1,200,8,15,10+,29.81,1009.6,,TRUE,TRUE,TRUE,,,,,,SCT,3800,OVC,8000,,,,,VFR,,,,,,,,,,,,METAR,98
"METAR PAZK 280056Z AUTO 35005KT 10SM CLR A2974 RMK AO2 SLPNO FZRANO $",PAZK,2026-04-28T00:56:00.000Z,61.9380,-147.1690,,,350,5,,10+,29.74,,,TRUE,TRUE,TRUE,,,TRUE,,,,,,,,,,,VFR,,,,,,,,,,,,METAR,1002
"METAR K79J 280056Z AUTO 00000KT 10SM FEW055 25/16 A3003 RMK AO2 SLP166 T02500161 TSNO",K79J,2026-04-28T00:56:00.000Z,31.3061,-86.3902,25,16.1,0,0,,10+,30.03,1016.6,,TRUE,TRUE,,,TRUE,,,,FEW,5500,,,,,,,VFR,,,,,,,,,,,,METAR,93
"METAR KEEN 280056Z AUTO 17006KT 10SM 16/02 A3022 RMK AO2 SLP237 T01610017 $",KEEN,2026-04-28T00:56:00.000Z,42.8980,-72.2695,16.1,1.7,170,6,,10+,30.22,1023.7,,TRUE,TRUE,TRUE,,,,,,,,,,,,,,VFR,,,,,,,,,,,,METAR,143
"METAR KBTP 280056Z AUTO 12010KT 10SM CLR 18/04 A3006 RMK AO2 SLPNO T01780044 $",KBTP,2026-04-28T00:56:00.000Z,40.7765,-79.9568,17.8,4.4,120,10,,10+,30.06,,,TRUE,TRUE,TRUE,,,,,,,,,,,,,,VFR,,,,,,,,,,,,METAR,375
"METAR KNJK 280056Z 24017G20KT 10SM FEW070 25/03 A2987 RMK AO2 SLP130 T02500028 $",KNJK,2026-04-28T00:56:00.000Z,32.8230,-115.6680,25,2.8,240,17,20,10+,29.87,1013,,,TRUE,TRUE,,,,,,FEW,7000,,,,,,,VFR,,,,,,,,,,,,METAR,-15
"METAR KSBP 280056Z 32015G21KT 10SM CLR 16/07 A3003 RMK AO2 SLP168 T01560072",KSBP,2026-04-28T00:56:00.000Z,35.2381,-120.6440,15.6,7.2,320,15,21,10+,30.03,1016.8,,,TRUE,,,,,,,,,,,,,,,VFR,,,,,,,,,,,,METAR,52
"METAR PATQ 280056Z AUTO 08021KT 5SM BR OVC007 M06/M07 A2993 RMK AO2 SNB35E45 SLP142 P0000 T10561067 FZRANO TSNO",PATQ,2026-04-28T00:56:00.000Z,70.4690,-157.4280,-5.6,-6.7,80,21,,5,29.93,1014.2,,TRUE,TRUE,,,TRUE,TRUE,,BR,OVC,700,,,,,,,IFR,,,,,,0.005,,,,,,METAR,28
"METAR PAMH 280056Z AUTO 00000KT 10SM CLR 11/M02 A2962 RMK AO2 SLP877 T01061022 $",PAMH,2026-04-28T00:56:00.000Z,63.8890,-152.2920,10.6,-2.2,0,0,,10+,29.62,987.7,,TRUE,TRUE,TRUE,,,,,,,,,,,,,,VFR,,,,,,,,,,,,METAR,200
"METAR PFTO 280056Z AUTO 19008G14KT 10SM FEW120 10/M03 A2979 RMK AO2 SLP600 T01001028 $",PFTO,2026-04-28T00:56:00.000Z,63.3290,-142.9540,10,-2.8,190,8,14,10+,29.79,960,,TRUE,TRUE,TRUE,,,,,,FEW,12000,,,,,,,VFR,,,,,,,,,,,,METAR,500
"METAR PAWG 280056Z 30004KT 10SM BKN047 11/02 A3008 RMK AO2 SLP187 T01060017 $",PAWG,2026-04-28T00:56:00.000Z,56.4860,-132.3770,10.6,1.7,300,4,,10+,30.08,1018.7,,,TRUE,TRUE,,,,,,BKN,4700,,,,,,,VFR,,,,,,,,,,,,METAR,6
"METAR KMKY 280056Z AUTO 01004KT 10SM CLR 23/22 A3002 RMK AO2 SLP165 T02280217 PNO $",KMKY,2026-04-28T00:56:00.000Z,25.9990,-81.6740,22.8,21.7,10,4,,10+,30.02,1016.5,,TRUE,TRUE,TRUE,,,,,,,,,,,,,,VFR,,,,,,,,,,,,METAR,2
"METAR KPTN 280056Z AUTO 15006KT 10SM FEW024 26/23 A2998 RMK AO2 SLP151 T02560228 $",KPTN,2026-04-28T00:56:00.000Z,29.7100,-91.3381,25.6,22.8,150,6,,10+,29.98,1015.1,,TRUE,TRUE,TRUE,,,,,,FEW,2400,,,,,,,VFR,,,,,,,,,,,,METAR,2
"METAR KHYS 280056Z AUTO 36011KT 10SM CLR 16/06 A2992 RMK AO2 SLP128 T01560056 $",KHYS,2026-04-28T00:56:00.000Z,38.8392,-99.2742,15.6,5.6,360,11,,10+,29.92,1012.8,,TRUE,TRUE,TRUE,,,,,,,,,,,,,,VFR,,,,,,,,,,,,METAR,607
"METAR KNYG 280056Z AUTO 13008KT 8SM CLR 17/08 A3023 RMK AO2 SLP237 T01670083",KNYG,2026-04-28T00:56:00.000Z,38.5030,-77.3010,16.7,8.3,130,8,,8,30.23,1023.7,,TRUE,TRUE,,,,,,,,,,,,,,,VFR,,,,,,,,,,,,METAR,2
"METAR KJRB 280056Z AUTO 14005KT 10SM CLR 12/06 A3028 RMK AO2 SLP254 T01220056",KJRB,2026-04-28T00:56:00.000Z,40.7010,-74.0090,12.2,5.6,140,5,,10+,30.28,1025.4,,TRUE,TRUE,,,,,,,,,,,,,,,VFR,,,,,,,,,,,,METAR,2
"METAR PAKP 280056Z AUTO 22005KT 10SM OVC045 06/M03 A2973 RMK AO2 SLP112 T00561033 $",PAKP,2026-04-28T00:56:00.000Z,68.1360,-151.7400,5.6,-3.3,220,5,,10+,29.73,1011.2,,TRUE,TRUE,TRUE,,,,,,OVC,4500,,,,,,,VFR,,,,,,,,,,,,METAR,649
"METAR KRKD 280056Z AUTO 00000KT 10SM CLR 06/04 A3030 RMK AO2 SLP260 T00610039",KRKD,2026-04-28T00:56:00.000Z,44.0611,-69.1014,6.1,3.9,0,0,,10+,30.30,1026,,TRUE,TRUE,,,,,,,,,,,,,,,VFR,,,,,,,,,,,,METAR,15
"METAR PAMD 280056Z AUTO 14018KT 8SM OVC006 06/05 A2992 RMK AO2 SLP133 T00560050 $",PAMD,2026-04-28T00:56:00.000Z,59.4420,-146.3170,5.6,5,140,18,,8,29.92,1013.3,,TRUE,TRUE,TRUE,,,,,,OVC,600,,,,,,,IFR,,,,,,,,,,,,METAR,20
"METAR PAVC 280056Z AUTO 21014G22KT 10SM BKN024 OVC034 04/M01 A2950 RMK AO2 SLP991 T00391006 $",PAVC,2026-04-28T00:56:00.000Z,55.1150,-162.2710,3.9,-0.6,210,14,22,10+,29.50,999.1,,TRUE,TRUE,TRUE,,,,,,BKN,2400,OVC,3400,,,,,MVFR,,,,,,,,,,,,METAR,48
"METAR KGNA 280056Z AUTO 08013G24KT 09/08 A2944 RMK AO1 SLP972 P0005 T00890083",KGNA,2026-04-28T00:56:00.000Z,47.7450,-90.3460,8.9,8.3,80,13,24,,29.44,997.2,,TRUE,TRUE,,,,,,,,,,,,,,,null,,,,,,0.05,,,,,,METAR,186
"METAR KPTV 280056Z AUTO 06006KT 10SM FEW075 18/08 A3001 RMK AO2 SLP161 T01830083 $",KPTV,2026-04-28T00:56:00.000Z,36.0273,-119.0629,18.3,8.3,60,6,,10+,30.01,1016.1,,TRUE,TRUE,TRUE,,,,,,FEW,7500,,,,,,,VFR,,,,,,,,,,,,METAR,132
"METAR KPVU 280056Z 34003KT 10SM -RA FEW015 SCT030 BKN040 06/04 A2997 RMK AO2 RAB30 SLP145 P0000 T00610039",KPVU,2026-04-28T00:56:00.000Z,40.2240,-111.7252,6.1,3.9,340,3,,10+,29.97,1014.5,,,TRUE,,,,,,-RA,FEW,1500,SCT,3000,BKN,4000,,,VFR,,,,,,0.005,,,,,,METAR,1370
"METAR KMKT 280056Z AUTO 31018G26KT 10SM OVC012 08/06 A2964 RMK AO2 PK WND 31026/0051 SLP041 T00830061",KMKT,2026-04-28T00:56:00.000Z,44.2184,-93.9179,8.3,6.1,310,18,26,10+,29.64,1004.1,,TRUE,TRUE,,,,,,,OVC,1200,,,,,,,MVFR,,,,,,,,,,,,METAR,309
"METAR KMEH 280056Z AUTO VRB03KT 10SM FEW028 11/M03 A2994 RMK AO2 SLP150 T01061033",KMEH,2026-04-28T00:56:00.000Z,45.5120,-118.4250,10.6,-3.3,0,3,,10+,29.94,1015,,TRUE,TRUE,,,,,,,FEW,2800,,,,,,,VFR,,,,,,,,,,,,METAR,1138
"METAR KFNL 280056Z AUTO 05006KT 10SM -RA BKN047 OVC060 08/04 A2993 RMK AO2 SLP120 P0003 T00830039 $",KFNL,2026-04-28T00:56:00.000Z,40.4427,-105.0097,8.3,3.9,50,6,,10+,29.93,1012,,TRUE,TRUE,TRUE,,,,,-RA,BKN,4700,OVC,6000,,,,,VFR,,,,,,0.03,,,,,,METAR,1529
"METAR PFNO 280056Z AUTO 13010KT 9SM OVC032 07/02 A2969 RMK AO2 SLP053 T00720022 $",PFNO,2026-04-28T00:56:00.000Z,66.8190,-161.0240,7.2,2.2,130,10,,9,29.69,1005.3,,TRUE,TRUE,TRUE,,,,,,OVC,3200,,,,,,,VFR,,,,,,,,,,,,METAR,14
"METAR KEUL 280056Z AUTO 27017G25KT 10SM CLR 13/01 A2994 RMK AO2 SLP145 T01330006 $",KEUL,2026-04-28T00:56:00.000Z,43.6405,-116.6302,13.3,0.6,270,17,25,10+,29.94,1014.5,,TRUE,TRUE,TRUE,,,,,,,,,,,,,,VFR,,,,,,,,,,,,METAR,741
"METAR KP28 280056Z AUTO 36008KT 21/08 A2987 RMK AO1 SLP104 T02110083 $",KP28,2026-04-28T00:56:00.000Z,37.2664,-98.5463,21.1,8.3,360,8,,,29.87,1010.4,,TRUE,TRUE,TRUE,,,,,,,,,,,,,,null,,,,,,,,,,,,METAR,469
"METAR KAWO 280056Z AUTO 16009KT 10SM OVC050 14/08 A3004 RMK AO2 SLP179 T01440078",KAWO,2026-04-28T00:56:00.000Z,48.1584,-122.1591,14.4,7.8,160,9,,10+,30.04,1017.9,,TRUE,TRUE,,,,,,,OVC,5000,,,,,,,VFR,,,,,,,,,,,,METAR,38
"METAR KJMS 280056Z AUTO 34014G24KT 10SM FEW120 07/M02 A2991 RMK AO2 PK WND 34028/0020 SLP140 T00671022",KJMS,2026-04-28T00:56:00.000Z,46.9259,-98.6704,6.7,-2.2,340,14,24,10+,29.91,1014,,TRUE,TRUE,,,,,,,FEW,12000,,,,,,,VFR,,,,,,,,,,,,METAR,455
"METAR PAUN 280056Z AUTO 08013KT 10SM OVC045 06/02 A2958 RMK AO2 RAE2358 SLP019 T00560017 PNO $",PAUN,2026-04-28T00:56:00.000Z,63.8850,-160.7940,5.6,1.7,80,13,,10+,29.58,1001.9,,TRUE,TRUE,TRUE,,,,,,OVC,4500,,,,,,,VFR,,,,,,,,,,,,METAR,4
"METAR K1M4 280056Z AUTO 17009KT 10SM SCT046 OVC060 24/19 A2998 RMK AO2 SLP910 T02390189",K1M4,2026-04-28T00:56:00.000Z,34.2832,-87.5986,23.9,18.9,170,9,,10+,29.98,991,,TRUE,TRUE,,,,,,,SCT,4600,OVC,6000,,,,,VFR,,,,,,,,,,,,METAR,283
"METAR KLEW 280056Z AUTO 14004KT 10SM CLR 11/04 A3026 RMK AO2 SLP254 T01060039",KLEW,2026-04-28T00:56:00.000Z,44.0444,-70.2853,10.6,3.9,140,4,,10+,30.26,1025.4,,TRUE,TRUE,,,,,,,,,,,,,,,VFR,,,,,,,,,,,,METAR,81
"METAR PAHP 280056Z AUTO 10012KT 10SM OVC005 01/01 A2945 RMK AO2 RAE01UPB01E33 SLP973 P0000 T00110006 FZRANO",PAHP,2026-04-28T00:56:00.000Z,61.5190,-166.1380,1.1,0.6,100,12,,10+,29.45,997.3,,TRUE,TRUE,,,,TRUE,,,OVC,500,,,,,,,IFR,,,,,,0.005,,,,,,METAR,8
"METAR KENV 280056Z AUTO 20014KT 10SM CLR 12/01 A2993 RMK AO2 SLP128 T01220006",KENV,2026-04-28T00:56:00.000Z,40.7211,-114.0312,12.2,0.6,200,14,,10+,29.93,1012.8,,TRUE,TRUE,,,,,,,,,,,,,,,VFR,,,,,,,,,,,,METAR,1291
"METAR KEED 280056Z AUTO 21009KT 10SM CLR 24/M06 A2984 RMK AO2 SLP086 T02441056",KEED,2026-04-28T00:56:00.000Z,34.7678,-114.6184,24.4,-5.6,210,9,,10+,29.84,1008.6,,TRUE,TRUE,,,,,,,,,,,,,,,VFR,,,,,,,,,,,,METAR,271
"METAR KFCI 280056Z AUTO 11005KT 4SM HZ CLR 15/05 A3024 RMK AO2 SLP250 T01500050 $",KFCI,2026-04-28T00:56:00.000Z,37.4070,-77.5220,15,5,110,5,,4,30.24,1025,,TRUE,TRUE,TRUE,,,,,HZ,,,,,,,,,MVFR,,,,,,,,,,,,METAR,63
"METAR KLGD 280056Z AUTO 00000KT 10SM CLR 12/02 A2995 RMK AO2 SLP158 T01170017 $",KLGD,2026-04-28T00:56:00.000Z,45.2906,-118.0088,11.7,1.7,0,0,,10+,29.95,1015.8,,TRUE,TRUE,TRUE,,,,,,,,,,,,,,VFR,,,,,,,,,,,,METAR,827
"METAR KM19 280056Z AUTO 19014KT 10SM FEW023 BKN037 BKN055 26/22 A2977 RMK AO2 SLP091 T02560222 $",KM19,2026-04-28T00:56:00.000Z,35.6430,-91.1735,25.6,22.2,190,14,,10+,29.77,1009.1,,TRUE,TRUE,TRUE,,,,,,FEW,2300,BKN,3700,BKN,5500,,,VFR,,,,,,,,,,,,METAR,72
"METAR KOLU 280056Z AUTO 32014KT 10SM BKN020 OVC025 07/04 A2993 RMK AO2 PK WND 31028/0024 SLP140 T00720044",KOLU,2026-04-28T00:56:00.000Z,41.4472,-97.3391,7.2,4.4,320,14,,10+,29.93,1014,,TRUE,TRUE,,,,,,,BKN,2000,OVC,2500,,,,,MVFR,,,,,,,,,,,,METAR,438
"METAR KHYA 280056Z 00000KT 10SM CLR 07/03 A3024 RMK AO2 SLP241 T00720033 $",KHYA,2026-04-28T00:56:00.000Z,41.6719,-70.2697,7.2,3.3,0,0,,10+,30.24,1024.1,,,TRUE,TRUE,,,,,,,,,,,,,,VFR,,,,,,,,,,,,METAR,11
"METAR KGBD 280056Z AUTO 36007KT 10SM CLR 17/07 A2992 RMK AO2 SLP125 T01670072 $",KGBD,2026-04-28T00:56:00.000Z,38.3405,-98.8591,16.7,7.2,360,7,,10+,29.92,1012.5,,TRUE,TRUE,TRUE,,,,,,,,,,,,,,VFR,,,,,,,,,,,,METAR,573
"METAR PASM 280056Z AUTO 17011KT 10SM SCT055 OVC070 05/M01 A2952 RMK AO2 SLP006 T00501006",PASM,2026-04-28T00:56:00.000Z,62.0570,-163.2980,5,-0.6,170,11,,10+,29.52,1000.6,,TRUE,TRUE,,,,,,,SCT,5500,OVC,7000,,,,,VFR,,,,,,,,,,,,METAR,108
"METAR KCAE 280056Z 14006KT 10SM CLR 18/09 A3016 RMK AO2 SLP213 T01830094",KCAE,2026-04-28T00:56:00.000Z,33.9422,-81.1180,18.3,9.4,140,6,,10+,30.16,1021.3,,,TRUE,,,,,,,,,,,,,,,VFR,,,,,,,,,,,,METAR,69
"METAR PACX 280056Z AUTO 08009KT 050V110 10SM CLR 09/M02 A2976 RMK AO2 SLP706 T00891017",PACX,2026-04-28T00:56:00.000Z,67.2520,-150.2040,8.9,-1.7,80,9,,10+,29.76,970.6,,TRUE,TRUE,,,,,,,,,,,,,,,VFR,,,,,,,,,,,,METAR,319
"METAR KGTR 280056Z AUTO 18010KT 10SM BKN065 BKN075 OVC090 27/19 A2993 RMK AO2 SLP136 T02720194 $",KGTR,2026-04-28T00:56:00.000Z,33.4560,-88.5930,27.2,19.4,180,10,,10+,29.93,1013.6,,TRUE,TRUE,TRUE,,,,,,BKN,6500,BKN,7500,OVC,9000,,,VFR,,,,,,,,,,,,METAR,80
"METAR KP60 280056Z AUTO 00000KT M02/M03 A2992 RMK AO1 SLP156 P0010 T10221033",KP60,2026-04-28T00:56:00.000Z,44.5448,-110.4220,-2.2,-3.3,0,0,,,29.92,1015.6,,TRUE,TRUE,,,,,,,,,,,,,,,null,,,,,,0.1,,,,,,METAR,2377
"METAR KSFO 280056Z 28018KT 10SM FEW026 15/08 A3005 RMK AO2 PK WND 29029/0032 SLP177 T01500078",KSFO,2026-04-28T00:56:00.000Z,37.6196,-122.3656,15,7.8,280,18,,10+,30.05,1017.7,,,TRUE,,,,,,,FEW,2600,,,,,,,VFR,,,,,,,,,,,,METAR,2
"METAR PAMB 280056Z AUTO 06004KT 10SM BKN048 BKN060 05/01 A2958 RMK AO2 SLP022 T00500011",PAMB,2026-04-28T00:56:00.000Z,58.9860,-159.0500,5,1.1,60,4,,10+,29.58,1002.2,,TRUE,TRUE,,,,,,,BKN,4800,BKN,6000,,,,,VFR,,,,,,,,,,,,METAR,28
"METAR KNPA 280056Z 16009KT 10SM SCT012 23/21 A3004 RMK AO2 SLP175 T02280211 $",KNPA,2026-04-28T00:56:00.000Z,30.3560,-87.3230,22.8,21.1,160,9,,10+,30.04,1017.5,,,TRUE,TRUE,,,,,,SCT,1200,,,,,,,VFR,,,,,,,,,,,,METAR,6
"METAR PFEL 280056Z AUTO 05009KT 10SM BKN037 07/00 A2959 RMK AO2 SLP021 T00720000 $",PFEL,2026-04-28T00:56:00.000Z,64.6160,-162.2720,7.2,0,50,9,,10+,29.59,1002.1,,TRUE,TRUE,TRUE,,,,,,BKN,3700,,,,,,,VFR,,,,,,,,,,,,METAR,50
"METAR KSBD 280056Z 25007KT 10SM SCT060 19/00 A2998",KSBD,2026-04-28T00:56:00.000Z,34.0900,-117.2470,19,0,250,7,,10+,29.98,,,,,,,,,,,SCT,6000,,,,,,,VFR,,,,,,,,,,,,METAR,353
"METAR PAII 280056Z AUTO 13009G16KT 10SM BKN032 BKN039 OVC060 08/02 A2958 RMK AO2 SLP014 T00780022",PAII,2026-04-28T00:56:00.000Z,58.1860,-157.3750,7.8,2.2,130,9,16,10+,29.58,1001.4,,TRUE,TRUE,,,,,,,BKN,3200,BKN,3900,OVC,6000,,,VFR,,,,,,,,,,,,METAR,31
"METAR KBHB 280056Z AUTO 17007KT 10SM CLR 06/01 A3031 RMK AO2 SLPNO T00610011 $",KBHB,2026-04-28T00:56:00.000Z,44.4549,-68.3617,6.1,1.1,170,7,,10+,30.31,,,TRUE,TRUE,TRUE,,,,,,,,,,,,,,VFR,,,,,,,,,,,,METAR,21
"METAR PARS 280056Z AUTO VRB04KT 10SM SCT055 08/M02 A2951 RMK AO2 SLP997 T00831017 $",PARS,2026-04-28T00:56:00.000Z,61.7800,-161.3210,8.3,-1.7,0,4,,10+,29.51,999.7,,TRUE,TRUE,TRUE,,,,,,SCT,5500,,,,,,,VFR,,,,,,,,,,,,METAR,15
"METAR KAND 280056Z AUTO 09004KT 10SM CLR 17/09 A3015 RMK AO2 SLP207 T01670094",KAND,2026-04-28T00:56:00.000Z,34.4980,-82.7092,16.7,9.4,90,4,,10+,30.15,1020.7,,TRUE,TRUE,,,,,,,,,,,,,,,VFR,,,,,,,,,,,,METAR,233
"METAR KISM 280056Z 05010G15KT 10SM SCT027 23/18 A3009 RMK AO2 SLP190 T02330183 $",KISM,2026-04-28T00:56:00.000Z,28.2924,-81.4371,23.3,18.3,50,10,15,10+,30.09,1019,,,TRUE,TRUE,,,,,,SCT,2700,,,,,,,VFR,,,,,,,,,,,,METAR,25
"METAR KEWK 280056Z AUTO 34011KT 10SM CLR 16/08 A2990 RMK AO2 SLP118 T01610083 $",KEWK,2026-04-28T00:56:00.000Z,38.0621,-97.2750,16.1,8.3,340,11,,10+,29.90,1011.8,,TRUE,TRUE,TRUE,,,,,,,,,,,,,,VFR,,,,,,,,,,,,METAR,468
"METAR PARY 280056Z AUTO 08013G18KT 10SM FEW060 OVC080 09/M02 A2962 RMK AO2 SLP038 T00891017 TSNO",PARY,2026-04-28T00:56:00.000Z,64.7310,-155.4630,8.9,-1.7,80,13,18,10+,29.62,1003.8,,TRUE,TRUE,,,TRUE,,,,FEW,6000,OVC,8000,,,,,VFR,,,,,,,,,,,,METAR,185
"METAR KHEZ 280056Z AUTO 18009KT 10SM BKN075 A2993 RMK AO2 SLPNO FZRANO $",KHEZ,2026-04-28T00:56:00.000Z,31.6159,-91.2973,,,180,9,,10+,29.93,,,TRUE,TRUE,TRUE,,,TRUE,,,BKN,7500,,,,,,,VFR,,,,,,,,,,,,METAR,82
"METAR PAWS 280056Z AUTO 08010G18KT 10SM OVC060 09/M01 A2980 RMK AO2 RAE05 SLP063 P0000 T00891011 $",PAWS,2026-04-28T00:56:00.000Z,61.5710,-149.5380,8.9,-1.1,80,10,18,10+,29.80,1006.3,,TRUE,TRUE,TRUE,,,,,,OVC,6000,,,,,,,VFR,,,,,,0.005,,,,,,METAR,102
"METAR KLBL 280056Z AUTO 06010KT 10SM CLR 21/05 A2988 RMK AO2 SLP098 T02060050 $",KLBL,2026-04-28T00:56:00.000Z,37.0375,-100.9574,20.6,5,60,10,,10+,29.88,1009.8,,TRUE,TRUE,TRUE,,,,,,,,,,,,,,VFR,,,,,,,,,,,,METAR,877
"METAR KCHS 280056Z 12005KT 10SM CLR 15/11 A3020 RMK AO2 SLP224 T01500106",KCHS,2026-04-28T00:56:00.000Z,32.8995,-80.0407,15,10.6,120,5,,10+,30.20,1022.4,,,TRUE,,,,,,,,,,,,,,,VFR,,,,,,,,,,,,METAR,12
"METAR KNMM 280056Z 16003KT 10SM FEW090 26/19 A2996 RMK AO2 SLP153 T02610189",KNMM,2026-04-28T00:56:00.000Z,32.5460,-88.5430,26.1,18.9,160,3,,10+,29.96,1015.3,,,TRUE,,,,,,,FEW,9000,,,,,,,VFR,,,,,,,,,,,,METAR,94
"METAR KART 280056Z AUTO 09004KT 10SM CLR 11/04 A3012 RMK AO2 SLP200 T01110039 $",KART,2026-04-28T00:56:00.000Z,43.9888,-76.0261,11.1,3.9,90,4,,10+,30.12,1020,,TRUE,TRUE,TRUE,,,,,,,,,,,,,,VFR,,,,,,,,,,,,METAR,100
"METAR KNGP 280056Z 14014KT 8SM SCT011 BKN070 BKN250 26/24 A2980 RMK AO2 SLP092 T02610244 $",KNGP,2026-04-28T00:56:00.000Z,27.6880,-97.2920,26.1,24.4,140,14,,8,29.80,1009.2,,,TRUE,TRUE,,,,,,SCT,1100,BKN,7000,BKN,25000,,,VFR,,,,,,,,,,,,METAR,5
"METAR KWJF 280056Z AUTO 28019G26KT 10SM CLR 16/02 A2996 RMK AO2 PK WND 26028/0019 SLP143 T01560022",KWJF,2026-04-28T00:56:00.000Z,34.7412,-118.2125,15.6,2.2,280,19,26,10+,29.96,1014.3,,TRUE,TRUE,,,,,,,,,,,,,,,VFR,,,,,,,,,,,,METAR,712
"METAR KSFZ 280056Z AUTO 11004KT 10SM CLR 11/02 A3026 RMK AO2 SLP248 T01110022 $",KSFZ,2026-04-28T00:56:00.000Z,41.9168,-71.4924,11.1,2.2,110,4,,10+,30.26,1024.8,,TRUE,TRUE,TRUE,,,,,,,,,,,,,,VFR,,,,,,,,,,,,METAR,129
"METAR KLRD 280056Z 12007KT 8SM CLR 31/23 A2976 RMK AO2 SLP072 T03060228 $",KLRD,2026-04-28T00:56:00.000Z,27.5510,-99.4614,30.6,22.8,120,7,,8,29.76,1007.2,,,TRUE,TRUE,,,,,,,,,,,,,,VFR,,,,,,,,,,,,METAR,150
"METAR KNUC 280056Z 27010KT 10SM FEW024 19/12 A3004 RMK SLPNO LAST T01940122",KNUC,2026-04-28T00:56:00.000Z,33.0220,-118.5830,19.4,12.2,270,10,,10+,30.04,,,,,,,,,,,FEW,2400,,,,,,,VFR,,,,,,,,,,,,METAR,52
"METAR KJXN 280056Z 11006KT 10SM OVC100 16/12 A2974 RMK AO2 SLP071 T01610117",KJXN,2026-04-28T00:56:00.000Z,42.2590,-84.4589,16.1,11.7,110,6,,10+,29.74,1007.1,,,TRUE,,,,,,,OVC,10000,,,,,,,VFR,,,,,,,,,,,,METAR,303
"METAR PAPN 280056Z AUTO 19018KT 9SM CLR A2957 RMK AO2 PK WND 18029/0006 SLPNO FZRANO $",PAPN,2026-04-28T00:56:00.000Z,57.5780,-157.5690,,,190,18,,9,29.57,,,TRUE,TRUE,TRUE,,,TRUE,,,,,,,,,,,VFR,,,,,,,,,,,,METAR,19
"METAR KTTF 280056Z AUTO 16009G17KT 10SM CLR 18/14 A2980 RMK AO2",KTTF,2026-04-28T00:56:00.000Z,41.9371,-83.4332,18,14,160,9,17,10+,29.80,,,TRUE,TRUE,,,,,,,,,,,,,,,VFR,,,,,,,,,,,,METAR,186
"METAR K8D3 280056Z AUTO 34015KT 07/04 A2981 RMK AO1 PK WND 35035/2358 SLP103 T00720039",K8D3,2026-04-28T00:56:00.000Z,45.6690,-96.9918,7.2,3.9,340,15,,,29.81,1010.3,,TRUE,TRUE,,,,,,,,,,,,,,,null,,,,,,,,,,,,METAR,535
"METAR KPIB 280056Z AUTO 17009KT 10SM CLR 25/18 A3001 RMK AO2 SLP159 T02500178 $",KPIB,2026-04-28T00:56:00.000Z,31.4727,-89.3384,25,17.8,170,9,,10+,30.01,1015.9,,TRUE,TRUE,TRUE,,,,,,,,,,,,,,VFR,,,,,,,,,,,,METAR,91
"METAR PAKI 280056Z AUTO 13017KT 9SM CLR 01/00 A2944 RMK AO2 SLP973 T00110000 FZRANO",PAKI,2026-04-28T00:56:00.000Z,59.9350,-164.0330,1.1,0,130,17,,9,29.44,997.3,,TRUE,TRUE,,,,TRUE,,,,,,,,,,,VFR,,,,,,,,,,,,METAR,4
"METAR KOAJ 280056Z 07004KT 10SM CLR 12/09 A3022 RMK AO2 SLP237 T01220089 $",KOAJ,2026-04-28T00:56:00.000Z,34.8251,-77.6189,12.2,8.9,70,4,,10+,30.22,1023.7,,,TRUE,TRUE,,,,,,,,,,,,,,VFR,,,,,,,,,,,,METAR,26
"METAR KLAS 280056Z 25014G22KT 10SM FEW100 FEW150 21/M03 A2985 RMK AO2 PK WND 24026/0030 WSHFT 0002 SLP095 T02111028",KLAS,2026-04-28T00:56:00.000Z,36.0719,-115.1634,21.1,-2.8,250,14,22,10+,29.85,1009.5,,,TRUE,,,,,,,FEW,10000,FEW,15000,,,,,VFR,,,,,,,,,,,,METAR,662
"METAR PASK 280056Z AUTO 06010KT 10SM OVC110 04/00 A2970 RMK AO2 SLP052 T00390000",PASK,2026-04-28T00:56:00.000Z,66.5990,-159.9910,3.9,0,60,10,,10+,29.70,1005.2,,TRUE,TRUE,,,,,,,OVC,11000,,,,,,,VFR,,,,,,,,,,,,METAR,3
"METAR KGPZ 280056Z AUTO 32016KT 10SM -RA OVC010 04/03 A2962 RMK AO2 CIG 009V014 SLP043 P0003 T00440033",KGPZ,2026-04-28T00:56:00.000Z,47.2029,-93.5071,4.4,3.3,320,16,,10+,29.62,1004.3,,TRUE,TRUE,,,,,,-RA,OVC,1000,,,,,,,MVFR,,,,,,0.03,,,,,,METAR,410
"METAR KEKO 280056Z AUTO 36007KT 10SM OVC095 12/M11 A2991 RMK AO2 SLP124 T01221106",KEKO,2026-04-28T00:56:00.000Z,40.8240,-115.7863,12.2,-10.6,360,7,,10+,29.91,1012.4,,TRUE,TRUE,,,,,,,OVC,9500,,,,,,,VFR,,,,,,,,,,,,METAR,1541
"METAR KLZU 280056Z AUTO 10005KT 10SM CLR 18/12 A3014 RMK AO2 SLPNO T01830117 $",KLZU,2026-04-28T00:56:00.000Z,33.9828,-83.9585,18.3,11.7,100,5,,10+,30.14,,,TRUE,TRUE,TRUE,,,,,,,,,,,,,,VFR,,,,,,,,,,,,METAR,316
"METAR KDWU 280056Z AUTO 00000KT 10SM CLR 20/13 A2993 RMK AO2 SLP134 T02000133 $",KDWU,2026-04-28T00:56:00.000Z,38.5560,-82.7375,20,13.3,0,0,,10+,29.93,1013.4,,TRUE,TRUE,TRUE,,,,,,,,,,,,,,VFR,,,,,,,,,,,,METAR,165
"METAR KNTU 280056Z 06004KT 10SM FEW250 11/03 A3025 RMK AO2 SLP244 T01110033",KNTU,2026-04-28T00:56:00.000Z,36.8209,-76.0277,11.1,3.3,60,4,,10+,30.25,1024.4,,,TRUE,,,,,,,FEW,25000,,,,,,,VFR,,,,,,,,,,,,METAR,6
"METAR KBZN 280056Z 05004KT 10SM CLR 07/M06 A2992 RMK AO2 SLP147 T00721061",KBZN,2026-04-28T00:56:00.000Z,45.7876,-111.1615,7.2,-6.1,50,4,,10+,29.92,1014.7,,,TRUE,,,,,,,,,,,,,,,VFR,,,,,,,,,,,,METAR,1349
"METAR ROTM 280056Z VRB03KT 10SM FEW110 22/14 A3001 RMK SLP151 T02220144",ROTM,2026-04-28T00:56:00.000Z,26.2710,127.7540,22.2,14.4,0,3,,10+,30.01,1015.1,,,,,,,,,,FEW,11000,,,,,,,VFR,,,,,,,,,,,,METAR,80
"METAR PAOU 280056Z AUTO 15018KT 7SM -RA BKN012 OVC028 A2950 RMK AO2 PK WND 15034/0023 UPB30E32RAB32 SLPNO P0002 FZRANO $",PAOU,2026-04-28T00:56:00.000Z,56.0060,-161.1620,,,150,18,,7,29.50,,,TRUE,TRUE,TRUE,,,TRUE,,-RA,BKN,1200,OVC,2800,,,,,MVFR,,,,,,0.02,,,,,,METAR,3
"METAR KPQI 280056Z AUTO 00000KT 10SM CLR 09/02 A3025 RMK AO2 SLP270 T00940022",KPQI,2026-04-28T00:56:00.000Z,46.6970,-68.0540,9.4,2.2,0,0,,10+,30.25,1027,,TRUE,TRUE,,,,,,,,,,,,,,,VFR,,,,,,,,,,,,METAR,154
"METAR KBID 280056Z AUTO 09007KT 10SM CLR 09/04 A3026 RMK AO2 SLP246 T00940039",KBID,2026-04-28T00:56:00.000Z,41.1668,-71.5757,9.4,3.9,90,7,,10+,30.26,1024.6,,TRUE,TRUE,,,,,,,,,,,,,,,VFR,,,,,,,,,,,,METAR,32
"METAR KUCP 280056Z AUTO VRB06KT 10SM CLR 19/04 A3001 RMK AO2 SLP176 T01940039",KUCP,2026-04-28T00:56:00.000Z,41.0228,-80.4153,19.4,3.9,0,6,,10+,30.01,1017.6,,TRUE,TRUE,,,,,,,,,,,,,,,VFR,,,,,,,,,,,,METAR,313
"METAR KHWV 280056Z AUTO 00000KT 10SM CLR 09/03 A3026 RMK AO2 SLP248 T00890033 PWINO",KHWV,2026-04-28T00:56:00.000Z,40.8212,-72.8674,8.9,3.3,0,0,,10+,30.26,1024.8,,TRUE,TRUE,,,,,TRUE,,,,,,,,,,VFR,,,,,,,,,,,,METAR,20
"METAR KCXY 280056Z 16005KT 10SM CLR 16/07 A3019 RMK AO2 SLP226 T01610067",KCXY,2026-04-28T00:56:00.000Z,40.2184,-76.8552,16.1,6.7,160,5,,10+,30.19,1022.6,,,TRUE,,,,,,,,,,,,,,,VFR,,,,,,,,,,,,METAR,102
"METAR PANI 280056Z AUTO 16010KT 10SM SCT055 OVC070 07/01 A2952 RMK AO2 SLP998 T00720006 $",PANI,2026-04-28T00:56:00.000Z,61.5780,-159.5390,7.2,0.6,160,10,,10+,29.52,999.8,,TRUE,TRUE,TRUE,,,,,,SCT,5500,OVC,7000,,,,,VFR,,,,,,,,,,,,METAR,21
"METAR KNDZ 280056Z 17005KT 10SM SCT011 22/21 A3005 RMK AO2 SLP162 T02220206 $",KNDZ,2026-04-28T00:56:00.000Z,30.6973,-87.0207,22.2,20.6,170,5,,10+,30.05,1016.2,,,TRUE,TRUE,,,,,,SCT,1100,,,,,,,VFR,,,,,,,,,,,,METAR,51
"METAR KCOE 280056Z AUTO 02006KT 10SM FEW065 BKN100 13/02 A2989 RMK AO2 SLP144 T01330022 PNO $",KCOE,2026-04-28T00:56:00.000Z,47.7719,-116.8332,13.3,2.2,20,6,,10+,29.89,1014.4,,TRUE,TRUE,TRUE,,,,,,FEW,6500,BKN,10000,,,,,VFR,,,,,,,,,,,,METAR,693
"METAR KNCA 280056Z 07008KT 10SM FEW200 15/08 A3021 RMK AO2 SLP233 T01500083",KNCA,2026-04-28T00:56:00.000Z,34.7062,-77.4406,15,8.3,70,8,,10+,30.21,1023.3,,,TRUE,,,,,,,FEW,20000,,,,,,,VFR,,,,,,,,,,,,METAR,9
"METAR PASX 280056Z AUTO 09010KT 10SM OVC075 08/00 A2972 RMK AO2 SLP069 T00830000 TSNO",PASX,2026-04-28T00:56:00.000Z,60.4760,-151.0530,8.3,0,90,10,,10+,29.72,1006.9,,TRUE,TRUE,,,TRUE,,,,OVC,7500,,,,,,,VFR,,,,,,,,,,,,METAR,28
"METAR KCVN 280056Z AUTO 22010KT 10SM CLR 24/M09 A2988 RMK AO2 SLP087 T02391094 $",KCVN,2026-04-28T00:56:00.000Z,34.4227,-103.0803,23.9,-9.4,220,10,,10+,29.88,1008.7,,TRUE,TRUE,TRUE,,,,,,,,,,,,,,VFR,,,,,,,,,,,,METAR,1278
"METAR KVIS 280056Z AUTO 30006KT 10SM CLR 20/06 A3000 RMK AO2 SLP158 T02000061 PNO $",KVIS,2026-04-28T00:56:00.000Z,36.3135,-119.3884,20,6.1,300,6,,10+,30.00,1015.8,,TRUE,TRUE,TRUE,,,,,,,,,,,,,,VFR,,,,,,,,,,,,METAR,92
"METAR KGUC 280056Z AUTO 30008G16KT 10SM CLR 08/M03 A2996 RMK AO2 RAE04 SLP133 P0000 T00781028 $",KGUC,2026-04-28T00:56:00.000Z,38.5322,-106.9419,7.8,-2.8,300,8,16,10+,29.96,1013.3,,TRUE,TRUE,TRUE,,,,,,,,,,,,,,VFR,,,,,,0.005,,,,,,METAR,2337
"METAR KFOD 280056Z AUTO 30015G19KT 10SM OVC019 09/07 A2972 RMK AO2 PK WND 30027/0009 SLP080 T00940072 $",KFOD,2026-04-28T00:56:00.000Z,42.5490,-94.1820,9.4,7.2,300,15,19,10+,29.72,1008,,TRUE,TRUE,TRUE,,,,,,OVC,1900,,,,,,,MVFR,,,,,,,,,,,,METAR,347
"METAR PAGL 280056Z AUTO 10011KT 10SM FEW055 BKN075 BKN120 06/01 A2959 RMK AO2 SLP015 T00610011 $",PAGL,2026-04-28T00:56:00.000Z,64.5480,-163.0130,6.1,1.1,100,11,,10+,29.59,1001.5,,TRUE,TRUE,TRUE,,,,,,FEW,5500,BKN,7500,BKN,12000,,,VFR,,,,,,,,,,,,METAR,20
"METAR KMOB 280056Z 15008KT 10SM CLR 23/21 A3003 RMK AO2 SLP167 T02280206",KMOB,2026-04-28T00:56:00.000Z,30.6882,-88.2459,22.8,20.6,150,8,,10+,30.03,1016.7,,,TRUE,,,,,,,,,,,,,,,VFR,,,,,,,,,,,,METAR,67
"METAR KLCI 280056Z AUTO 20006KT 10SM CLR 16/01 A3023 RMK AO2 SLP238 T01610011",KLCI,2026-04-28T00:56:00.000Z,43.5718,-71.4254,16.1,1.1,200,6,,10+,30.23,1023.8,,TRUE,TRUE,,,,,,,,,,,,,,,VFR,,,,,,,,,,,,METAR,166
"METAR KY50 280056Z AUTO 00000KT 10SM FEW110 13/13 A2949 RMK AO2 SLP985 T01330128",KY50,2026-04-28T00:56:00.000Z,44.0435,-89.3040,13.3,12.8,0,0,,10+,29.49,998.5,,TRUE,TRUE,,,,,,,FEW,11000,,,,,,,VFR,,,,,,,,,,,,METAR,261
"METAR KCIU 280056Z AUTO 12021G25KT 10SM -RA FEW065 BKN085 14/05 A2975 RMK AO2 PK WND 12035/0020 RAB37 SLP074 P0000 T01390050",KCIU,2026-04-28T00:56:00.000Z,46.2531,-84.4773,13.9,5,120,21,25,10+,29.75,1007.4,,TRUE,TRUE,,,,,,-RA,FEW,6500,BKN,8500,,,,,VFR,,,,,,0.005,,,,,,METAR,242
"METAR KUDG 280056Z AUTO 11005KT CLR 17/10 A3019 RMK AO2 SLP224 T01670100 PWINO $",KUDG,2026-04-28T00:56:00.000Z,34.4474,-79.8902,16.7,10,110,5,,,30.19,1022.4,,TRUE,TRUE,TRUE,,,,TRUE,,,,,,,,,,null,,,,,,,,,,,,METAR,57
"METAR KVBT 280056Z AUTO 30006KT 8SM CLR 25/13 A2981 RMK AO2 SLP086 T02500128 $",KVBT,2026-04-28T00:56:00.000Z,36.3444,-94.2211,25,12.8,300,6,,8,29.81,1008.6,,TRUE,TRUE,TRUE,,,,,,,,,,,,,,VFR,,,,,,,,,,,,METAR,390
"METAR KSGT 280056Z AUTO 18010KT 10SM OVC040 27/24 A2982 RMK AO2 SLP096 T02670239 $",KSGT,2026-04-28T00:56:00.000Z,34.5998,-91.5763,26.7,23.9,180,10,,10+,29.82,1009.6,,TRUE,TRUE,TRUE,,,,,,OVC,4000,,,,,,,VFR,,,,,,,,,,,,METAR,67
"METAR KGAI 280056Z AUTO 12004KT 10SM CLR 14/06 A3023 RMK AO2 SLP251 T01440056",KGAI,2026-04-28T00:56:00.000Z,39.1696,-77.1653,14.4,5.6,120,4,,10+,30.23,1025.1,,TRUE,TRUE,,,,,,,,,,,,,,,VFR,,,,,,,,,,,,METAR,151
"METAR PAHL 280056Z AUTO 06005KT 10SM BKN075 BKN090 OVC110 11/M01 A2965 RMK AO2 SLP044 T01061006 TSNO $",PAHL,2026-04-28T00:56:00.000Z,65.6990,-156.3530,10.6,-0.6,60,5,,10+,29.65,1004.4,,TRUE,TRUE,TRUE,,TRUE,,,,BKN,7500,BKN,9000,OVC,11000,,,VFR,,,,,,,,,,,,METAR,49
"METAR KNSE 280056Z 18007KT 10SM FEW012 FEW040 22/21 A3005 RMK AO2 SLP161 T02220206 $",KNSE,2026-04-28T00:56:00.000Z,30.7280,-87.0220,22.2,20.6,180,7,,10+,30.05,1016.1,,,TRUE,TRUE,,,,,,FEW,1200,FEW,4000,,,,,VFR,,,,,,,,,,,,METAR,56
"METAR PASA 280056Z AUTO 07006KT 10SM CLR 03/01 A2956 RMK AO2 SLP011 T00330006",PASA,2026-04-28T00:56:00.000Z,63.6890,-170.4900,3.3,0.6,70,6,,10+,29.56,1001.1,,TRUE,TRUE,,,,,,,,,,,,,,,VFR,,,,,,,,,,,,METAR,9
"METAR KSLE 280056Z 32003KT 10SM OVC044 14/07 A3008 RMK AO2 SLP188 T01440067",KSLE,2026-04-28T00:56:00.000Z,44.9049,-123.0010,14.4,6.7,320,3,,10+,30.08,1018.8,,,TRUE,,,,,,,OVC,4400,,,,,,,VFR,,,,,,,,,,,,METAR,63
"METAR KAUO 280056Z AUTO 14006KT 10SM CLR 23/16 A3008 RMK AO2 SLP175 T02330156 $",KAUO,2026-04-28T00:56:00.000Z,32.6170,-85.4342,23.3,15.6,140,6,,10+,30.08,1017.5,,TRUE,TRUE,TRUE,,,,,,,,,,,,,,VFR,,,,,,,,,,,,METAR,231
"METAR KMJX 280056Z AUTO 00000KT 10SM CLR 07/04 A3028 RMK AO2 SLP256 T00720039 $",KMJX,2026-04-28T00:56:00.000Z,39.9235,-74.2970,7.2,3.9,0,0,,10+,30.28,1025.6,,TRUE,TRUE,TRUE,,,,,,,,,,,,,,VFR,,,,,,,,,,,,METAR,22
"METAR KBIH 280056Z AUTO 00000KT 10SM CLR 16/M03 A2989 RMK AO2 SLP101 T01561028",KBIH,2026-04-28T00:56:00.000Z,37.3711,-118.3589,15.6,-2.8,0,0,,10+,29.89,1010.1,,TRUE,TRUE,,,,,,,,,,,,,,,VFR,,,,,,,,,,,,METAR,1252
"METAR KSFM 280056Z AUTO 18003KT 10SM CLR 12/01 A3025 RMK AO2 SLP248 T01170011",KSFM,2026-04-28T00:56:00.000Z,43.3876,-70.7154,11.7,1.1,180,3,,10+,30.25,1024.8,,TRUE,TRUE,,,,,,,,,,,,,,,VFR,,,,,,,,,,,,METAR,70
"METAR KILE 280056Z AUTO 17010KT 7SM CLR 29/23 A2981 RMK AO2 SLP083 T02890233",KILE,2026-04-28T00:56:00.000Z,31.0840,-97.6885,28.9,23.3,170,10,,7,29.81,1008.3,,TRUE,TRUE,,,,,,,,,,,,,,,VFR,,,,,,,,,,,,METAR,256
"METAR KBLM 280056Z AUTO 16003KT 10SM CLR 10/04 A3028 RMK AO2 SLP256 T01000044 $",KBLM,2026-04-28T00:56:00.000Z,40.1822,-74.1207,10,4.4,160,3,,10+,30.28,1025.6,,TRUE,TRUE,TRUE,,,,,,,,,,,,,,VFR,,,,,,,,,,,,METAR,45
"METAR KSDY 280056Z AUTO 29005KT 10SM FEW055 SCT100 06/M06 A3003 RMK AO2 SLP194 T00561056 $",KSDY,2026-04-28T00:56:00.000Z,47.7029,-104.1951,5.6,-5.6,290,5,,10+,30.03,1019.4,,TRUE,TRUE,TRUE,,,,,,FEW,5500,SCT,10000,,,,,VFR,,,,,,,,,,,,METAR,600
"METAR KVPZ 280056Z AUTO 28010KT 10SM -RA SCT026 BKN050 OVC100 17/15 A2971 RMK AO2 RAB13 SLP060 P0002 T01670150 TSNO $",KVPZ,2026-04-28T00:56:00.000Z,41.4535,-86.9980,16.7,15,280,10,,10+,29.71,1006,,TRUE,TRUE,TRUE,,TRUE,,,-RA,SCT,2600,BKN,5000,OVC,10000,,,VFR,,,,,,0.02,,,,,,METAR,235
"METAR KGNR 280056Z AUTO 14007KT 14/02 A3020 RMK AO1 SLP233 T01390017",KGNR,2026-04-28T00:56:00.000Z,45.4649,-69.5542,13.9,1.7,140,7,,,30.20,1023.3,,TRUE,TRUE,,,,,,,,,,,,,,,null,,,,,,,,,,,,METAR,426
"METAR KASH 280056Z 13003KT 10SM CLR 14/03 A3025 RMK AO2 SLP242 T01440028",KASH,2026-04-28T00:56:00.000Z,42.7798,-71.5141,14.4,2.8,130,3,,10+,30.25,1024.2,,,TRUE,,,,,,,,,,,,,,,VFR,,,,,,,,,,,,METAR,56
"METAR KMDT 280056Z 14005KT 10SM CLR 14/09 A3019 RMK AO2 SLP225 T01390089",KMDT,2026-04-28T00:56:00.000Z,40.1962,-76.7725,13.9,8.9,140,5,,10+,30.19,1022.5,,,TRUE,,,,,,,,,,,,,,,VFR,,,,,,,,,,,,METAR,91
"METAR KHPN 280056Z 20003KT 10SM CLR 12/03 A3026 RMK AO2 SLP247 T01170033",KHPN,2026-04-28T00:56:00.000Z,41.0624,-73.7045,11.7,3.3,200,3,,10+,30.26,1024.7,,,TRUE,,,,,,,,,,,,,,,VFR,,,,,,,,,,,,METAR,113
"METAR KNMT 280056Z AUTO 33006KT 7SM CLR 32/22 A2972 RMK AO2 SLP102 T03170222 $ ",KNMT,2026-04-28T00:56:00.000Z,28.2360,-98.7240,31.7,22.2,330,6,,7,29.72,1010.2,,TRUE,TRUE,TRUE,,,,,,,,,,,,,,VFR,,,,,,,,,,,,METAR,86
"METAR KARG 280056Z AUTO 20017G23KT 10SM CLR 26/23 A2974 RMK AO2 SLP069 T02560228 PNO $",KARG,2026-04-28T00:56:00.000Z,36.1256,-90.9216,25.6,22.8,200,17,23,10+,29.74,1006.9,,TRUE,TRUE,TRUE,,,,,,,,,,,,,,VFR,,,,,,,,,,,,METAR,82
"METAR KOXC 280056Z 18004KT 10SM CLR 11/03 A3026 RMK AO2 SLP261 T01110033 $",KOXC,2026-04-28T00:56:00.000Z,41.4741,-73.1353,11.1,3.3,180,4,,10+,30.26,1026.1,,,TRUE,TRUE,,,,,,,,,,,,,,VFR,,,,,,,,,,,,METAR,211
"METAR PAJC 280056Z AUTO 14007KT 10SM BKN022 OVC029 08/M03 A2960 RMK AO2 SLP025 T00781033",PAJC,2026-04-28T00:56:00.000Z,56.3120,-158.3740,7.8,-3.3,140,7,,10+,29.60,1002.5,,TRUE,TRUE,,,,,,,BKN,2200,OVC,2900,,,,,MVFR,,,,,,,,,,,,METAR,10
"METAR PAHC 280056Z AUTO 11004KT 10SM SCT033 BKN046 OVC065 08/01 A2953 RMK AO2 SLP002 T00780011",PAHC,2026-04-28T00:56:00.000Z,62.1910,-159.7730,7.8,1.1,110,4,,10+,29.53,1000.2,,TRUE,TRUE,,,,,,,SCT,3300,BKN,4600,OVC,6500,,,VFR,,,,,,,,,,,,METAR,21
"METAR PAOH 280056Z AUTO 15006KT 10SM FEW035 11/02 A3011 RMK AO2 SLPNO T01060017 $",PAOH,2026-04-28T00:56:00.000Z,58.1080,-135.4480,10.6,1.7,150,6,,10+,30.11,,,TRUE,TRUE,TRUE,,,,,,FEW,3500,,,,,,,VFR,,,,,,,,,,,,METAR,0
"METAR KWVL 280056Z AUTO 17005KT 10SM CLR 12/03 A3023 RMK AO2 SLP244 T01170033",KWVL,2026-04-28T00:56:00.000Z,44.5301,-69.6753,11.7,3.3,170,5,,10+,30.23,1024.4,,TRUE,TRUE,,,,,,,,,,,,,,,VFR,,,,,,,,,,,,METAR,87
"METAR KMQY 280056Z 19011G19KT 10SM SCT050 OVC060 26/17 A2990 RMK AO2 SLP127 T02610167",KMQY,2026-04-28T00:56:00.000Z,36.0029,-86.5144,26.1,16.7,190,11,19,10+,29.90,1012.7,,,TRUE,,,,,,,SCT,5000,OVC,6000,,,,,VFR,,,,,,,,,,,,METAR,156
"METAR KEGE 280056Z AUTO 31007KT 10SM FEW055 10/00 A2992 RMK AO2 RAB02E19 SLP102 P0000 T01000000",KEGE,2026-04-28T00:56:00.000Z,39.6448,-106.9176,10,0,310,7,,10+,29.92,1010.2,,TRUE,TRUE,,,,,,,FEW,5500,,,,,,,VFR,,,,,,0.005,,,,,,METAR,1993
"METAR KMSV 280056Z AUTO 15004KT 10SM CLR 15/02 A3022 RMK AO2 SLP233 T01500022 PNO $",KMSV,2026-04-28T00:56:00.000Z,41.7056,-74.8004,15,2.2,150,4,,10+,30.22,1023.3,,TRUE,TRUE,TRUE,,,,,,,,,,,,,,VFR,,,,,,,,,,,,METAR,427
"METAR KEHR 280056Z AUTO 19014G21KT CLR 26/18 A2973 RMK AO2 PK WND 20029/2358 SLP064 T02610183 PWINO $",KEHR,2026-04-28T00:56:00.000Z,37.8066,-87.6824,26.1,18.3,190,14,21,,29.73,1006.4,,TRUE,TRUE,TRUE,,,,TRUE,,,,,,,,,,null,,,,,,,,,,,,METAR,117
"METAR KDIK 280056Z AUTO 28008KT 10SM BKN055 BKN110 03/M03 A2999 RMK AO2 SLP178 T00331033",KDIK,2026-04-28T00:56:00.000Z,46.7997,-102.7971,3.3,-3.3,280,8,,10+,29.99,1017.8,,TRUE,TRUE,,,,,,,BKN,5500,BKN,11000,,,,,VFR,,,,,,,,,,,,METAR,788
"METAR KEKQ 280056Z AUTO 18012G19KT 10SM FEW080 23/14 A2993 RMK AO2 SLP126 T02330139 PNO $",KEKQ,2026-04-28T00:56:00.000Z,36.8576,-84.8562,23.3,13.9,180,12,19,10+,29.93,1012.6,,TRUE,TRUE,TRUE,,,,,,FEW,8000,,,,,,,VFR,,,,,,,,,,,,METAR,291
"METAR KEKY 280056Z AUTO 14007KT 10SM CLR 23/18 A3002 RMK AO2 SLP139 T02280178 PNO $",KEKY,2026-04-28T00:56:00.000Z,33.3140,-86.9250,22.8,17.8,140,7,,10+,30.02,1013.9,,TRUE,TRUE,TRUE,,,,,,,,,,,,,,VFR,,,,,,,,,,,,METAR,213
"METAR KKLS 280056Z AUTO 32006KT 10SM BKN027 OVC033 13/08 A3010 RMK AO2 SLP197 T01280078",KKLS,2026-04-28T00:56:00.000Z,46.1180,-122.8980,12.8,7.8,320,6,,10+,30.10,1019.7,,TRUE,TRUE,,,,,,,BKN,2700,OVC,3300,,,,,MVFR,,,,,,,,,,,,METAR,4
"METAR KWWD 280056Z AUTO 09003KT 10SM CLR 09/04 A3029 RMK AO2 SLP258 T00940039 $",KWWD,2026-04-28T00:56:00.000Z,39.0108,-74.9079,9.4,3.9,90,3,,10+,30.29,1025.8,,TRUE,TRUE,TRUE,,,,,,,,,,,,,,VFR,,,,,,,,,,,,METAR,4
"METAR KAJO 280056Z AUTO 27010KT 10SM CLR 19/04 A3000 RMK AO2 SLP152 T01890044",KAJO,2026-04-28T00:56:00.000Z,33.8956,-117.5961,18.9,4.4,270,10,,10+,30.00,1015.2,,TRUE,TRUE,,,,,,,,,,,,,,,VFR,,,,,,,,,,,,METAR,161
"METAR PAQH 280056Z AUTO 13019KT 10SM BKN034 OVC049 06/00 A2951 RMK AO2 PK WND 14027/0038 SLP994 T00610000",PAQH,2026-04-28T00:56:00.000Z,59.7510,-161.8420,6.1,0,130,19,,10+,29.51,999.4,,TRUE,TRUE,,,,,,,BKN,3400,OVC,4900,,,,,VFR,,,,,,,,,,,,METAR,8
"METAR KBOK 280056Z AUTO 31014G21KT 10SM CLR 12/07 A3010 RMK AO2 SLP195 T01220072",KBOK,2026-04-28T00:56:00.000Z,42.0754,-124.2902,12.2,7.2,310,14,21,10+,30.10,1019.5,,TRUE,TRUE,,,,,,,,,,,,,,,VFR,,,,,,,,,,,,METAR,140
"METAR KD07 280056Z AUTO 33011KT 03/00 A3001 RMK AO1 SLP188 T00330000",KD07,2026-04-28T00:56:00.000Z,45.0326,-102.0200,3.3,0,330,11,,,30.01,1018.8,,TRUE,TRUE,,,,,,,,,,,,,,,null,,,,,,,,,,,,METAR,786
"METAR PAGA 280056Z AUTO 09009KT 10SM FEW001 BKN060 09/M01 A2961 RMK AO2 SLP030 T00941006 TSNO",PAGA,2026-04-28T00:56:00.000Z,64.7380,-156.9200,9.4,-0.6,90,9,,10+,29.61,1003,,TRUE,TRUE,,,TRUE,,,,FEW,100,BKN,6000,,,,,VFR,,,,,,,,,,,,METAR,39
"METAR PAVD 280056Z 27004KT 5SM -RA BR FEW006 BKN016 OVC022 03/03 A3007 RMK AO2 SLP182 P0000 T00330033 $",PAVD,2026-04-28T00:56:00.000Z,61.1330,-146.2510,3.3,3.3,270,4,,5,30.07,1018.2,,,TRUE,TRUE,,,,,-RA BR,FEW,600,BKN,1600,OVC,2200,,,MVFR,,,,,,0.005,,,,,,METAR,21
"METAR KBMI 280056Z 17014G21KT 10SM CLR 15/14 A2962 RMK AO2 LTG DSNT NE-S TSE37RAE36 SLP027 P0004 T01500144",KBMI,2026-04-28T00:56:00.000Z,40.4777,-88.9144,15,14.4,170,14,21,10+,29.62,1002.7,,,TRUE,,,,,,,,,,,,,,,VFR,,,,,,0.04,,,,,,METAR,262
"METAR KNBC 280056Z 10003KT 7SM BKN024 17/11 A3019 RMK AO2 SLP224 T01670111",KNBC,2026-04-28T00:56:00.000Z,32.4770,-80.7220,16.7,11.1,100,3,,7,30.19,1022.4,,,TRUE,,,,,,,BKN,2400,,,,,,,MVFR,,,,,,,,,,,,METAR,9
"METAR PALG 280056Z AUTO VRB03KT 10SM FEW038 BKN095 07/00 A2952 RMK AO2 SLP998 T00720000",PALG,2026-04-28T00:56:00.000Z,61.5380,-160.3400,7.2,0,0,3,,10+,29.52,999.8,,TRUE,TRUE,,,,,,,FEW,3800,BKN,9500,,,,,VFR,,,,,,,,,,,,METAR,13
"METAR KGPI 280055Z 15010KT 10SM OVC050 07/01 A2992 RMK AO2 SLP151 T00720006",KGPI,2026-04-28T00:55:00.000Z,48.3041,-114.2643,7.2,0.6,150,10,,10+,29.92,1015.1,,,TRUE,,,,,,,OVC,5000,,,,,,,VFR,,,,,,,,,,,,METAR,903
"METAR KDLH 280055Z 33013G21KT 3SM -RA BR BKN007 OVC018 07/06 A2948 RMK AO2 CIG 004V011 SLP995 P0002 T00720061 $",KDLH,2026-04-28T00:55:00.000Z,46.8435,-92.1866,7.2,6.1,330,13,21,3,29.48,999.5,,,TRUE,TRUE,,,,,-RA BR,BKN,700,OVC,1800,,,,,IFR,,,,,,0.02,,,,,,METAR,434
"METAR LIQO 280055Z AUTO 35002KT //// // ///////// ///// Q////",LIQO,2026-04-28T00:55:00.000Z,42.3870,11.1700,,,350,2,,,,,,TRUE,,,,,,,,,,,,,,,,null,,,,,,,,,,,,METAR,627
"METAR LIQW 280055Z AUTO 34005KT //// // ///////// 11/06 Q1017",LIQW,2026-04-28T00:55:00.000Z,44.0880,9.9870,11,6,340,5,,,30.03,,,TRUE,,,,,,,,,,,,,,,,null,,,,,,,,,,,,METAR,6
"METAR LIRX 280055Z AUTO 08004KT 5000 // ///////// 12/// Q////",LIRX,2026-04-28T00:55:00.000Z,42.7310,10.3960,,,80,4,,3.11,,,,TRUE,,,,,,,,,,,,,,,,MVFR,,,,,,,,,,,,METAR,397
"METAR KWRI 280055Z AUTO 14004KT 10SM CLR 11/03 A3026 RMK AO2 SLP247 T01140032 PWINO $",KWRI,2026-04-28T00:55:00.000Z,40.0160,-74.5910,11.4,3.2,140,4,,10+,30.26,1024.7,,TRUE,TRUE,TRUE,,,,TRUE,,,,,,,,,,VFR,,,,,,,,,,,,METAR,35
"METAR PASY 280055Z 29028G32KT 7SM FEW025 BKN038 OVC050 04/02 A2973 RMK AO2A PK WND 29035/12 SLP071 WND DATA ESTMD T00370023 PNO FZRANO $",PASY,2026-04-28T00:55:00.000Z,52.7110,174.1070,3.7,2.3,290,28,32,7,29.73,1007.1,,,TRUE,TRUE,,,TRUE,,,FEW,2500,BKN,3800,OVC,5000,,,VFR,,,,,,,,,,,,METAR,6
"METAR KADF 280055Z AUTO 16007KT 7SM BKN033 27/24 A2981 RMK AO2 SLP092 T02720244",KADF,2026-04-28T00:55:00.000Z,34.0953,-93.0690,27.2,24.4,160,7,,7,29.81,1009.2,,TRUE,TRUE,,,,,,,BKN,3300,,,,,,,VFR,,,,,,,,,,,,METAR,54
"METAR ETIK 280055Z AUTO 00000KT 9999 CLR 08/01 A3008 RMK AO2 SLP189 T00820011",ETIK,2026-04-28T00:55:00.000Z,49.4720,10.3900,8.2,1.1,0,0,,6+,30.08,1018.9,,TRUE,TRUE,,,,,,,,,,,,,,,VFR,,,,,,,,,,,,METAR,326
"METAR K1IN 280055Z AUTO 35012KT 10SM FEW150 06/M07 A2996 RMK AO2 SLP171 T00621074 $",K1IN,2026-04-28T00:55:00.000Z,48.3400,-102.3000,6.2,-7.4,350,12,,10+,29.96,1017.1,,TRUE,TRUE,TRUE,,,,,,FEW,15000,,,,,,,VFR,,,,,,,,,,,,METAR,678
"METAR K1EW 280055Z AUTO 07011KT 10SM M 07/M03 A2992 RMK AO2 SLP142 T00661028 $",K1EW,2026-04-28T00:55:00.000Z,41.1030,-103.9830,6.6,-2.8,70,11,,10+,29.92,1014.2,,TRUE,TRUE,TRUE,,,,,,,,,,,,,,VFR,,,,,,,,,,,,METAR,1609
"METAR K1DM 280055Z AUTO 15008KT 10SM CLR 08/M03 A2990 RMK AO2 SLP149 T00751034 $",K1DM,2026-04-28T00:55:00.000Z,47.3760,-109.8140,7.5,-3.4,150,8,,10+,29.90,1014.9,,TRUE,TRUE,TRUE,,,,,,,,,,,,,,VFR,,,,,,,,,,,,METAR,1093
"METAR KANJ 280055Z AUTO 10013G27KT 10SM FEW070 SCT090 SCT110 13/02 A2973 RMK AO2 PK WND 11027/0052 PRESFR SLP066 T01280022",KANJ,2026-04-28T00:55:00.000Z,46.4800,-84.3581,12.8,2.2,100,13,27,10+,29.73,1006.6,,TRUE,TRUE,,,,,,,FEW,7000,SCT,9000,SCT,11000,,,VFR,,,,,,,,,,,,METAR,220
"METAR K1MM 280055Z AUTO 18011KT 10SM CLR 06/M03 A2989 RMK AO2 SLP143 T00571034 $",K1MM,2026-04-28T00:55:00.000Z,47.0140,-109.6300,5.7,-3.4,180,11,,10+,29.89,1014.3,,TRUE,TRUE,TRUE,,,,,,,,,,,,,,VFR,,,,,,,,,,,,METAR,1256
"METAR K1KW 280055Z AUTO 06009KT 10SM M 07/M01 A2994 RMK AO2 SLP139 T00731014 $",K1KW,2026-04-28T00:55:00.000Z,41.1370,-103.4880,7.3,-1.4,60,9,,10+,29.94,1013.9,,TRUE,TRUE,TRUE,,,,,,,,,,,,,,VFR,,,,,,,,,,,,METAR,1443
"METAR KGRK 280055Z AUTO 15008KT 10SM FEW230 FEW250 28/23 A2980 RMK AO2 SLP079 T02790226",KGRK,2026-04-28T00:55:00.000Z,31.0779,-97.8323,27.9,22.6,150,8,,10+,29.80,1007.9,,TRUE,TRUE,,,,,,,FEW,23000,FEW,25000,,,,,VFR,,,,,,,,,,,,METAR,311
"METAR LIPL 280055Z /////KT 9999 SCT080 17/14 Q1014 RMK SCT VIS MIN 9999 WIND THR31 07006KT WIND THR13 08006KT BLU",LIPL,2026-04-28T00:55:00.000Z,45.4320,10.2680,17,14,,,,6+,29.94,,,,,,,,,,,SCT,8000,,,,,,,VFR,,,,,,,,,,,,METAR,96
"METAR LIBA 280055Z 26005KT CAVOK 11/09 Q1016 RMK SKC VIS MIN 9999 WIND THR11 26004KT WIND THR11 /////KT BLU",LIBA,2026-04-28T00:55:00.000Z,41.5380,15.7140,11,9,260,5,,6+,30.00,,,,,,,,,,,,,,,,,,,VFR,,,,,,,,,,,,METAR,55
"METAR ETOU 280055Z VRB06KT 9999 FEW180 14/01 A3010 RMK AO2A SLPNO WND DATA ESTMD ALSTG ESTMD RVRNO",ETOU,2026-04-28T00:55:00.000Z,50.0480,8.3290,14,1,0,6,,6+,30.10,,,,TRUE,,,,,,,FEW,18000,,,,,,,VFR,,,,,,,,,,,,METAR,141
"METAR LIBN 280055Z 10004KT CAVOK 11/09 Q1016 RMK SKC VIS MIN 9999 WIND THR14 VRB02KT WIND THR32 VRB02KT BLU",LIBN,2026-04-28T00:55:00.000Z,40.2380,18.1380,11,9,100,4,,6+,30.00,,,,,,,,,,,,,,,,,,,VFR,,,,,,,,,,,,METAR,46
"METAR LICT 280055Z 16004KT CAVOK 12/10 Q1016 RMK SKC VIS MIN 9999 WIND THR13 15004KT BLU",LICT,2026-04-28T00:55:00.000Z,37.9110,12.4880,12,10,160,4,,6+,30.00,,,,,,,,,,,,,,,,,,,VFR,,,,,,,,,,,,METAR,4
"METAR KPRX 280055Z AUTO 16004KT 7SM CLR RMK AO2 LTG DSNT SW SLPNO PNO",KPRX,2026-04-28T00:55:00.000Z,33.6360,-95.4514,,,160,4,,7,,,,TRUE,TRUE,,,,,,,,,,,,,,,VFR,,,,,,,,,,,,METAR,165
"METAR KBIF 280055Z AUTO 26005KT 9SM CLR 28/M05 A2986 RMK AO2 SLP051 T02831050 $",KBIF,2026-04-28T00:55:00.000Z,31.8610,-106.3690,28.3,-5,260,5,,9,29.86,1005.1,,TRUE,TRUE,TRUE,,,,,,,,,,,,,,VFR,,,,,,,,,,,,METAR,1201
"METAR KLHW 280055Z AUTO 06003KT 10SM OVC028 16/11 A3017 RMK AO2 SLP219 T01630112 $",KLHW,2026-04-28T00:55:00.000Z,31.8872,-81.5625,16.3,11.2,60,3,,10+,30.17,1021.9,,TRUE,TRUE,TRUE,,,,,,OVC,2800,,,,,,,MVFR,,,,,,,,,,,,METAR,14
"METAR LIVE 280055Z AUTO 01003KT 320V040 //// // ///////// 06/M01 Q1019",LIVE,2026-04-28T00:55:00.000Z,46.8330,10.5000,6,-1,10,3,,,30.09,,,TRUE,,,,,,,,,,,,,,,,null,,,,,,,,,,,,METAR,1684
"METAR LIVM 280055Z AUTO VRB01KT //// // ///////// 15/14 Q1015",LIVM,2026-04-28T00:55:00.000Z,44.4410,12.2960,15,14,0,1,,,29.97,,,TRUE,,,,,,,,,,,,,,,,null,,,,,,,,,,,,METAR,6
"METAR LIVR 280055Z AUTO VRB02KT 9000 -DZ ///////// 04/04 Q1021",LIVR,2026-04-28T00:55:00.000Z,46.2980,11.7870,4,4,0,2,,5.59,30.15,,,TRUE,,,,,,,-DZ,,,,,,,,,VFR,,,,,,,,,,,,METAR,1997
"METAR LIVT 280055Z AUTO VRB02KT //// // ///////// 18/06 Q1015",LIVT,2026-04-28T00:55:00.000Z,45.6770,13.7540,18,6,0,2,,,29.97,,,TRUE,,,,,,,,,,,,,,,,null,,,,,,,,,,,,METAR,20
"METAR LIMK 280055Z AUTO 31005KT //// // ///////// 17/11 Q1015 RMK ///",LIMK,2026-04-28T00:55:00.000Z,45.0330,7.7310,17,11,310,5,,,29.97,,,TRUE,,,,,,,,,,,,,,,,null,,,,,,,,,,,,METAR,693
"METAR LIPC 280055Z 25002KT CAVOK 13/12 Q1016 RMK SKC VIS MIN 9999 WIND THR11 20002KT WIND THR29 27002KT BLU",LIPC,2026-04-28T00:55:00.000Z,44.2240,12.3070,13,12,250,2,,6+,30.00,,,,,,,,,,,,,,,,,,,VFR,,,2,,,,,,,,,METAR,10
"METAR KHRT 280055Z 15006KT 10SM CLR 23/21 A3004 RMK AO2A SLP171 T02310208 $",KHRT,2026-04-28T00:55:00.000Z,30.4280,-86.6900,23.1,20.8,150,6,,10+,30.04,1017.1,,,TRUE,TRUE,,,,,,,,,,,,,,VFR,,,,,,,,,,,,METAR,10
"METAR LIPI 280055Z 34003KT 9999 FEW110 13/10 Q1016 RMK BKN SCT130 VIS MIN 9999 WIND THR06 01002KT WIND THR24 01003KT BLU",LIPI,2026-04-28T00:55:00.000Z,45.9790,13.0490,13,10,340,3,,6+,30.00,,,,,,,,,,,FEW,11000,,,,,,,VFR,,,,,,,,,,,,METAR,49
"METAR LIPS 280055Z 07004KT CAVOK 13/11 Q1016 RMK SCT SCT200 VIS MIN 9999 WIND THR26 08003KT WIND THR08 07004KT BLU",LIPS,2026-04-28T00:55:00.000Z,45.6890,12.1010,13,11,70,4,,6+,30.00,,,,,,,,,,,,,,,,,,,VFR,,,,,,,,,,,,METAR,42
"METAR PALU 280055Z AUTO 08009KT 10SM OVC008 M02/M03 A2984 RMK AO2 SLP103 T10231033;",PALU,2026-04-28T00:55:00.000Z,68.8730,-166.1010,-2.3,-3.3,80,9,,10+,29.84,1010.3,,TRUE,TRUE,,,,,,,OVC,800,,,,,,,IFR,,,,,,,,,,,,METAR,8
"METAR PHHI 280055Z AUTO 05013KT 10SM FEW042 BKN060 OVC075 25/18 A3001 RMK AO2 SLP153 T02490176 $",PHHI,2026-04-28T00:55:00.000Z,21.4780,-158.0440,24.9,17.6,50,13,,10+,30.01,1015.3,,TRUE,TRUE,TRUE,,,,,,FEW,4200,BKN,6000,OVC,7500,,,VFR,,,,,,,,,,,,METAR,246
"METAR KPOE 280055Z AUTO 17010KT 10SM OVC075 27/22 A2989 RMK AO2 LTG DSNT S SLP121 T02680215",KPOE,2026-04-28T00:55:00.000Z,31.0470,-93.1940,26.8,21.5,170,10,,10+,29.89,1012.1,,TRUE,TRUE,,,,,,,OVC,7500,,,,,,,VFR,,,,,,,,,,,,METAR,98
"METAR PASV 280055Z AUTO 19008KT 140V240 10SM -RA OVC014 03/01 A2958 RMK AO2 RAB2355 SLP028 P0000 T00310007;",PASV,2026-04-28T00:55:00.000Z,61.1010,-155.5770,3.1,0.7,190,8,,10+,29.58,1002.8,,TRUE,TRUE,,,,,,-RA,OVC,1400,,,,,,,MVFR,,,,,,0.005,,,,,,METAR,462
"METAR KGFA 280055Z 21010KT 10SM BKN095 09/M04 A2988 RMK AO2A SLP143 T00911045 $",KGFA,2026-04-28T00:55:00.000Z,47.5050,-111.1870,9.1,-4.5,210,10,,10+,29.88,1014.3,,,TRUE,TRUE,,,,,,BKN,9500,,,,,,,VFR,,,,,,,,,,,,METAR,1058
"METAR KPSM 280055Z 14006KT 10SM CLR 10/03 A3024 RMK AO2A SLP243 T01010027",KPSM,2026-04-28T00:55:00.000Z,43.0677,-70.8127,10.1,2.7,140,6,,10+,30.24,1024.3,,,TRUE,,,,,,,,,,,,,,,VFR,,,,,,,,,,,,METAR,34
"METAR KMUO 280055Z 29014G21KT 7SM FEW100 15/M09 A2991 RMK AO2A PK WND 28026/16 SLP131 T01511091 $",KMUO,2026-04-28T00:55:00.000Z,43.0300,-115.8590,15.1,-9.1,290,14,21,7,29.91,1013.1,,,TRUE,TRUE,,,,,,FEW,10000,,,,,,,VFR,,,,,,,,,,,,METAR,915
"METAR KSEQ 280055Z AUTO 15010KT 9SM M 29/23 A2975 RMK AO2 SLP069 T02870233 $",KSEQ,2026-04-28T00:55:00.000Z,29.5660,-97.9080,28.7,23.3,150,10,,9,29.75,1006.9,,TRUE,TRUE,TRUE,,,,,,,,,,,,,,VFR,,,,,,,,,,,,METAR,160
"METAR K1HN 280055Z AUTO 34010KT 10SM SCT150 08/M08 A2997 RMK AO2 SLP169 T00801081 $",K1HN,2026-04-28T00:55:00.000Z,47.9700,-102.2200,8,-8.1,340,10,,10+,29.97,1016.9,,TRUE,TRUE,TRUE,,,,,,SCT,15000,,,,,,,VFR,,,,,,,,,,,,METAR,578
"METAR KRND 280055Z AUTO 13012KT 10SM M 29/22 A2978 RMK AO2 SLP076 T02930222 $",KRND,2026-04-28T00:55:00.000Z,29.5370,-98.2680,29.3,22.2,130,12,,10+,29.78,1007.6,,TRUE,TRUE,TRUE,,,,,,,,,,,,,,VFR,,,,,,,,,,,,METAR,224
"METAR RKJK 280055Z 32013KT 10SM SCT180 14/06 A2998 RMK AO2A SLP157 T01400059 $",RKJK,2026-04-28T00:55:00.000Z,35.9000,126.6180,14,5.9,320,13,,10+,29.98,1015.7,,,TRUE,TRUE,,,,,,SCT,18000,,,,,,,VFR,,,,,,,,,,,,METAR,8
"METAR KRIV 280055Z AUTO 33007KT 10SM CLR 18/02 A2995 RMK AO2 SLP137 T01760019",KRIV,2026-04-28T00:55:00.000Z,33.8780,-117.2440,17.6,1.9,330,7,,10+,29.95,1013.7,,TRUE,TRUE,,,,,,,,,,,,,,,VFR,,,,,,,,,,,,METAR,454
"METAR RKSO 280055Z 27007KT 10SM OVC017 12/08 A2993 RMK AO2A SLP139 T01180083 FZRANO $",RKSO,2026-04-28T00:55:00.000Z,37.0910,127.0300,11.8,8.3,270,7,,10+,29.93,1013.9,,,TRUE,TRUE,,,TRUE,,,OVC,1700,,,,,,,MVFR,,,,,,,,,,,,METAR,10
"METAR KMKG 280055Z 15014G21KT 10SM -RA OVC055 18/14 A2964 RMK AO2 RAB48 SLP037 P0000 T01830139",KMKG,2026-04-28T00:55:00.000Z,43.1711,-86.2369,18.3,13.9,150,14,21,10+,29.64,1003.7,,,TRUE,,,,,,-RA,OVC,5500,,,,,,,VFR,,,,,,0.005,,,,,,METAR,190
"METAR KSUU 280055Z AUTO 24012KT 10SM CLR 19/08 A2999 RMK AO2 SLP162 T01890079 $",KSUU,2026-04-28T00:55:00.000Z,38.2500,-121.9380,18.9,7.9,240,12,,10+,29.99,1016.2,,TRUE,TRUE,TRUE,,,,,,,,,,,,,,VFR,,,,,,,,,,,,METAR,9
"METAR KMGE 280055Z 13007KT 10SM CLR 22/11 A3008 RMK AO2A SLP182 T02160113 $",KMGE,2026-04-28T00:55:00.000Z,33.9189,-84.5267,21.6,11.3,130,7,,10+,30.08,1018.2,,,TRUE,TRUE,,,,,,,,,,,,,,VFR,,,,,,,,,,,,METAR,309
"METAR KNTD 280055Z 27014G22KT 8SM FEW050 FEW065 16/09 A3001 RMK AO2 SLP162 T01610089 $",KNTD,2026-04-28T00:55:00.000Z,34.1240,-119.1230,16.1,8.9,270,14,22,8,30.01,1016.2,,,TRUE,TRUE,,,,,,FEW,5000,FEW,6500,,,,,VFR,,,,,,,,,,,,METAR,1
"METAR KNBG 280055Z 15008KT 10SM FEW015 FEW250 26/19 A2999 RMK AO2 SLP155 T02560194 $",KNBG,2026-04-28T00:55:00.000Z,29.8370,-90.0240,25.6,19.4,150,8,,10+,29.99,1015.5,,,TRUE,TRUE,,,,,,FEW,1500,FEW,25000,,,,,VFR,,,,,,,,,,,,METAR,0
"METAR KSCK 280055Z 29007KT 10SM CLR 21/07 A3000 RMK AO2 SLP157 T02060072",KSCK,2026-04-28T00:55:00.000Z,37.8900,-121.2264,20.6,7.2,290,7,,10+,30.00,1015.7,,,TRUE,,,,,,,,,,,,,,,VFR,,,,,,,,,,,,METAR,8
"METAR K1AN 280055Z AUTO 36010KT 9SM CLR M A2990 RMK AO2 SLPNO ALSTG ESTMD $",K1AN,2026-04-28T00:55:00.000Z,47.9700,-100.5800,,,360,10,,9,29.90,,,TRUE,TRUE,TRUE,,,,,,,,,,,,,,VFR,,,,,,,,,,,,METAR,483
"METAR KTBN 280055Z AUTO 28004KT 10SM CLR 19/17 A2969 RMK AO2 SLP048 T01940170 $",KTBN,2026-04-28T00:55:00.000Z,37.7445,-92.1447,19.4,17,280,4,,10+,29.69,1004.8,,TRUE,TRUE,TRUE,,,,,,,,,,,,,,VFR,,,,,,,,,,,,METAR,349
"METAR TNCE 280055Z AUTO 11003KT 060V160 //// // ///////// 27/23 Q1016 RE//",TNCE,2026-04-28T00:55:00.000Z,17.4970,-62.9790,27,23,110,3,,,30.00,,,TRUE,,,,,,,,,,,,,,,,null,,,,,,,,,,,,METAR,38
"METAR KAGR 280055Z AUTO 03007KT 7SM CLR 23/19 A3004 RMK AO2 SLP174 T02310186 $",KAGR,2026-04-28T00:55:00.000Z,27.6500,-81.3300,23.1,18.6,30,7,,7,30.04,1017.4,,TRUE,TRUE,TRUE,,,,,,,,,,,,,,VFR,,,,,,,,,,,,METAR,20
"METAR KOFF 280055Z 30017KT 10SM OVC022 11/06 A2984 RMK AO2A PK WND 32027/2358 SLP108 T01080055 $",KOFF,2026-04-28T00:55:00.000Z,41.1220,-95.9100,10.8,5.5,300,17,,10+,29.84,1010.8,,,TRUE,TRUE,,,,,,OVC,2200,,,,,,,MVFR,,,,,,,,,,,,METAR,308
"METAR ETAD 280055Z 06009KT 9999 FEW170 11/00 A3005 RMK AO2A SLP167 T01100001",ETAD,2026-04-28T00:55:00.000Z,49.9790,6.6980,11,0.1,60,9,,6+,30.05,1016.7,,,TRUE,,,,,,,FEW,17000,,,,,,,VFR,,,,,,,,,,,,METAR,365
"METAR KVOK 280055Z AUTO 00000KT 10SM FEW041 FEW055 BKN150 16/14 A2942 RMK AO2 LTG DSNT SE-S RAB2356E02RAB15E31 TSB06E31 SLP965 P0002 T01600144 $",KVOK,2026-04-28T00:55:00.000Z,43.9380,-90.2530,16,14.4,0,0,,10+,29.42,996.5,,TRUE,TRUE,TRUE,,,,,,FEW,4100,FEW,5500,BKN,15000,,,VFR,,,,,,0.02,,,,,,METAR,278
"METAR KT70 280055Z AUTO 15013KT 10SM CLR 31/22 A2974 RMK AO2 SLP057 T03130217 $",KT70,2026-04-28T00:55:00.000Z,29.1170,-100.4730,31.3,21.7,150,13,,10+,29.74,1005.7,,TRUE,TRUE,TRUE,,,,,,,,,,,,,,VFR,,,,,,,,,,,,METAR,296
"METAR KXIF 280055Z AUTO 00000KT 10SM CLR 14/08 A3019 RMK AO2 SLP228 T01370077 TSNO $",KXIF,2026-04-28T00:55:00.000Z,-99.9900,-99.9900,13.7,7.7,0,0,,10+,30.19,1022.8,,TRUE,TRUE,TRUE,,TRUE,,,,,,,,,,,,VFR,,,,,,,,,,,,METAR,9999
"METAR K2DP 280055Z AUTO 36005KT 10SM CLR 08/04 A3021 RMK AO2 SLP237 T00800035 $",K2DP,2026-04-28T00:55:00.000Z,35.6720,-75.8920,8,3.5,360,5,,10+,30.21,1023.7,,TRUE,TRUE,TRUE,,,,,,,,,,,,,,VFR,,,,,,,,,,,,METAR,1
"METAR K1BM 280055Z AUTO 26005KT 10SM SCT100 07/M06 A2988 RMK AO2 SLP141 T00701057 $",K1BM,2026-04-28T00:55:00.000Z,47.2850,-110.3590,7,-5.7,260,5,,10+,29.88,1014.1,,TRUE,TRUE,TRUE,,,,,,SCT,10000,,,,,,,VFR,,,,,,,,,,,,METAR,1234
"METAR K1FM 280055Z AUTO 00000KT 10SM M 07/M03 A2986 RMK AO2 SLP134 T00701035 $",K1FM,2026-04-28T00:55:00.000Z,47.6050,-112.3110,7,-3.5,0,0,,10+,29.86,1013.4,,TRUE,TRUE,TRUE,,,,,,,,,,,,,,VFR,,,,,,,,,,,,METAR,1344
"METAR KHLR 280055Z AUTO 16008KT 9SM CLR 29/22 A2978 RMK AO2 SLP073 T02920224",KHLR,2026-04-28T00:55:00.000Z,31.1361,-97.7149,29.2,22.4,160,8,,9,29.78,1007.3,,TRUE,TRUE,,,,,,,,,,,,,,,VFR,,,,,,,,,,,,METAR,271
"METAR K1NW 280055Z AUTO 08013G19KT 10SM FEW055 10/M02 A2991 RMK AO2 SLP120 T00961024 $",K1NW,2026-04-28T00:55:00.000Z,40.6320,-103.8360,9.6,-2.4,80,13,19,10+,29.91,1012,,TRUE,TRUE,TRUE,,,,,,FEW,5500,,,,,,,VFR,,,,,,,,,,,,METAR,1461
"METAR K1JN 280055Z AUTO 32010KT 10SM BKN160 06/M07 A2996 RMK AO2 SLP170 T00561073 $",K1JN,2026-04-28T00:55:00.000Z,48.4100,-101.8900,5.6,-7.3,320,10,,10+,29.96,1017,,TRUE,TRUE,TRUE,,,,,,BKN,16000,,,,,,,VFR,,,,,,,,,,,,METAR,670
"METAR K1CN 280055Z AUTO 34011KT 10SM CLR 08/M08 A2994 RMK AO2 SLP160 T00811080 $",K1CN,2026-04-28T00:55:00.000Z,47.7100,-101.0100,8.1,-8,340,11,,10+,29.94,1016,,TRUE,TRUE,TRUE,,,,,,,,,,,,,,VFR,,,,,,,,,,,,METAR,599
"METAR K1GW 280055Z AUTO 10010KT 10SM BKN095 07/M01 A3000 RMK AO2 SLP162 T00691013 $",K1GW,2026-04-28T00:55:00.000Z,41.2080,-103.0970,6.9,-1.3,100,10,,10+,30.00,1016.2,,TRUE,TRUE,TRUE,,,,,,BKN,9500,,,,,,,VFR,,,,,,,,,,,,METAR,1335
"METAR K1AM 280055Z AUTO 35008KT 10SM BKN070 OVC095 08/M05 A2987 RMK AO2 SLP136 T00771051 $",K1AM,2026-04-28T00:55:00.000Z,47.2810,-110.8010,7.7,-5.1,350,8,,10+,29.87,1013.6,,TRUE,TRUE,TRUE,,,,,,BKN,7000,OVC,9500,,,,,VFR,,,,,,,,,,,,METAR,1228
"METAR KGOV 280055Z AUTO 15012KT 9SM SCT080 OVC095 18/07 A2970 RMK AO2 SLP064 T01780069 $",KGOV,2026-04-28T00:55:00.000Z,44.6810,-84.7270,17.8,6.9,150,12,,9,29.70,1006.4,,TRUE,TRUE,TRUE,,,,,,SCT,8000,OVC,9500,,,,,VFR,,,,,,,,,,,,METAR,350
"METAR KGUR 280055Z AUTO 10008KT 10SM OVC041 08/M00 A2994 RMK AO2 SLP170 T00771005",KGUR,2026-04-28T00:55:00.000Z,42.2610,-104.7320,7.7,-0.5,100,8,,10+,29.94,1017,,TRUE,TRUE,,,,,,,OVC,4100,,,,,,,VFR,,,,,,,,,,,,METAR,1341
"METAR KPHP 280055Z AUTO 34007KT 10SM OVC024 05/01 A3003 RMK AO2 SLP181 T00500011",KPHP,2026-04-28T00:55:00.000Z,44.0510,-101.6014,5,1.1,340,7,,10+,30.03,1018.1,,TRUE,TRUE,,,,,,,OVC,2400,,,,,,,MVFR,,,,,,,,,,,,METAR,673
"METAR K1KM 280055Z AUTO 17009KT 10SM CLR 04/M04 A2991 RMK AO2 SLP150 T00441036 $",K1KM,2026-04-28T00:55:00.000Z,46.4440,-109.8010,4.4,-3.6,170,9,,10+,29.91,1015,,TRUE,TRUE,TRUE,,,,,,,,,,,,,,VFR,,,,,,,,,,,,METAR,1332
"METAR PTYA 280055Z 08008KT 12SM SCT016CB BKN130 OVC300 27/26 A2981 RMK SHRAE23 CB ALQDS SLP095 T02650255",PTYA,2026-04-28T00:55:00.000Z,9.4870,138.0770,26.5,25.5,80,8,,12,29.81,1009.5,,,,,,,,,,SCT,1600,BKN,13000,OVC,30000,,,VFR,,,,,,,,,,,,METAR,4
"METAR KGTB 280055Z AUTO 00000KT 10SM CLR 16/02 A3011 RMK AO2 SLP196 T01560017 $",KGTB,2026-04-28T00:55:00.000Z,44.0618,-75.7218,15.6,1.7,0,0,,10+,30.11,1019.6,,TRUE,TRUE,TRUE,,,,,,,,,,,,,,VFR,,,,,,,,,,,,METAR,206
"METAR KHON 280055Z AUTO 32013G21KT 10SM BKN038 BKN070 OVC085 07/04 A2989 RMK AO2 SLP129 T00720044",KHON,2026-04-28T00:55:00.000Z,44.3792,-98.2227,7.2,4.4,320,13,21,10+,29.89,1012.9,,TRUE,TRUE,,,,,,,BKN,3800,BKN,7000,OVC,8500,,,VFR,,,,,,,,,,,,METAR,391
"METAR ETEB 280055Z AUTO 05006KT 9999 CLR 09/M01 A3008 RMK AO2 SLP201 T00921007 FZRANO",ETEB,2026-04-28T00:55:00.000Z,49.3080,10.6390,9.2,-0.7,50,6,,6+,30.08,1020.1,,TRUE,TRUE,,,,TRUE,,,,,,,,,,,VFR,,,,,,,,,,,,METAR,466
"METAR KMCF 280055Z AUTO 09015KT 10SM CLR 26/18 A3003 RMK AO2 SLP172 T02600179 $",KMCF,2026-04-28T00:55:00.000Z,27.8598,-82.5132,26,17.9,90,15,,10+,30.03,1017.2,,TRUE,TRUE,TRUE,,,,,,,,,,,,,,VFR,,,,,,,,,,,,METAR,3
"METAR KMUI 280055Z 00000KT 10SM FEW250 15/09 A3019 RMK AO2A SLP227 T01530088",KMUI,2026-04-28T00:55:00.000Z,40.4381,-76.5643,15.3,8.8,0,0,,10+,30.19,1022.7,,,TRUE,,,,,,,FEW,25000,,,,,,,VFR,,,,,,,,,,,,METAR,146
"METAR KSZL 280055Z 31016G24KT 10SM FEW033 20/13 A2977 RMK AO2A SLP080 T01970127",KSZL,2026-04-28T00:55:00.000Z,38.7360,-93.5500,19.7,12.7,310,16,24,10+,29.77,1008,,,TRUE,,,,,,,FEW,3300,,,,,,,VFR,,,,,,,,,,,,METAR,259
"METAR KEDW 280055Z 25014G23KT 90SM FEW050 18/00 A2991 RMK AO2A PK WND 25026/40 SLP122 T01750002",KEDW,2026-04-28T00:55:00.000Z,34.9080,-117.8740,17.5,0.2,250,14,23,90,29.91,1012.2,,,TRUE,,,,,,,FEW,5000,,,,,,,VFR,,,,,,,,,,,,METAR,698
"METAR KSKF 280055Z 10012KT 10SM FEW045 SCT200 31/22 A2974 RMK A02A SLP063 T03110221 $",KSKF,2026-04-28T00:55:00.000Z,29.3920,-98.5810,31.1,22.1,100,12,,10+,29.74,1006.3,,,TRUE,TRUE,,,,,,FEW,4500,SCT,20000,,,,,VFR,,,,,,,,,,,,METAR,214
"METAR KGSB 280055Z 11005KT 10SM FEW250 14/07 A3023 RMK AO2A SLPNO RVRNO TSNO $",KGSB,2026-04-28T00:55:00.000Z,35.3445,-77.9458,14,7,110,5,,10+,30.23,,,,TRUE,TRUE,,TRUE,,,,FEW,25000,,,,,,,VFR,,,,,,,,,,,,METAR,33
"METAR K1OW 280055Z AUTO 07012KT 10SM CLR 08/M03 A3006 RMK AO2 SLP185 T00781028 $",K1OW,2026-04-28T00:55:00.000Z,40.8850,-103.9990,7.8,-2.8,70,12,,10+,30.06,1018.5,,TRUE,TRUE,TRUE,,,,,,,,,,,,,,VFR,,,,,,,,,,,,METAR,1650
"METAR KLUF 280055Z 21011KT 10SM CLR 26/M05 A2982 RMK AO2A SLP091 T02641053 $",KLUF,2026-04-28T00:55:00.000Z,33.5380,-112.3800,26.4,-5.3,210,11,,10+,29.82,1009.1,,,TRUE,TRUE,,,,,,,,,,,,,,VFR,,,,,,,,,,,,METAR,333
"METAR KCVS 280055Z AUTO 20009KT 10SM CLR 25/M13 A2985 RMK AO2 SLP060 T02511132 $",KCVS,2026-04-28T00:55:00.000Z,34.3810,-103.3220,25.1,-13.2,200,9,,10+,29.85,1006,,TRUE,TRUE,TRUE,,,,,,,,,,,,,,VFR,,,,,,,,,,,,METAR,1305
"METAR K1BW 280055Z AUTO 08009KT 10SM BKN070 OVC110 05/M01 A2998 RMK AO2 SLP168 T00521015 $",K1BW,2026-04-28T00:55:00.000Z,41.5110,-103.9950,5.2,-1.5,80,9,,10+,29.98,1016.8,,TRUE,TRUE,TRUE,,,,,,BKN,7000,OVC,11000,,,,,VFR,,,,,,,,,,,,METAR,1606
"METAR KMIB 280055Z 31013KT 10SM FEW100 08/M08 A2994 RMK AO2A SLP157 T00771084 $",KMIB,2026-04-28T00:55:00.000Z,48.4062,-101.3413,7.7,-8.4,310,13,,10+,29.94,1015.7,,,TRUE,TRUE,,,,,,FEW,10000,,,,,,,VFR,,,,,,,,,,,,METAR,505
"METAR PHSF 280055Z AUTO 26011KT 10SM SCT030 SCT050 19/13 A3028 RMK AO2 SLP153 T01880134 $",PHSF,2026-04-28T00:55:00.000Z,19.7580,-155.5570,18.8,13.4,260,11,,10+,30.28,1015.3,,TRUE,TRUE,TRUE,,,,,,SCT,3000,SCT,5000,,,,,VFR,,,,,,,,,,,,METAR,1863
"METAR KLSV 280055Z 23015G19KT 10SM FEW100 FEW150 23/M04 A2978 RMK AO2A SLP072 T02291043 $",KLSV,2026-04-28T00:55:00.000Z,36.2360,-115.0340,22.9,-4.3,230,15,19,10+,29.78,1007.2,,,TRUE,TRUE,,,,,,FEW,10000,FEW,15000,,,,,VFR,,,,,,,,,,,,METAR,563
"METAR KHIF 280055Z 17006KT 10SM FEW040 OVC095 07/01 A2993 RMK AO2A SLP125 T00690012",KHIF,2026-04-28T00:55:00.000Z,41.1110,-111.9620,6.9,1.2,170,6,,10+,29.93,1012.5,,,TRUE,,,,,,,FEW,4000,OVC,9500,,,,,VFR,,,,,,,,,,,,METAR,1461
"METAR K1IW 280055Z AUTO 06009KT 10SM BKN100 07/M01 A2996 RMK AO2 SLP149 T00721010 $",K1IW,2026-04-28T00:55:00.000Z,41.0460,-102.8650,7.2,-1,60,9,,10+,29.96,1014.9,,TRUE,TRUE,TRUE,,,,,,BKN,10000,,,,,,,VFR,,,,,,,,,,,,METAR,1294
"METAR KCBM 280055Z 17008KT 10SM BKN065 28/20 A2988 RMK AO2A SLP119 T02780198 $",KCBM,2026-04-28T00:55:00.000Z,33.6519,-88.4567,27.8,19.8,170,8,,10+,29.88,1011.9,,,TRUE,TRUE,,,,,,BKN,6500,,,,,,,VFR,,,,,,,,,,,,METAR,59
"METAR KMXF 280055Z AUTO 12009KT 10SM CLR 26/18 A2999 RMK AO2 SLP157 T02590178 $",KMXF,2026-04-28T00:55:00.000Z,32.3877,-86.3724,25.9,17.8,120,9,,10+,29.99,1015.7,,TRUE,TRUE,TRUE,,,,,,,,,,,,,,VFR,,,,,,,,,,,,METAR,47
"METAR K4MR 280055Z AUTO 22012KT 10SM CLR 25/M13 A2984 RMK AO2 SLP033 T02521131 $",K4MR,2026-04-28T00:55:00.000Z,34.2900,-103.7910,25.2,-13.1,220,12,,10+,29.84,1003.3,,TRUE,TRUE,TRUE,,,,,,,,,,,,,,VFR,,,,,,,,,,,,METAR,1339
"METAR KSKA 280055Z AUTO 24006KT 10SM SCT080 SCT090 14/M01 A2987 RMK AO2 SLP118 T01421014 $",KSKA,2026-04-28T00:55:00.000Z,47.6120,-117.6790,14.2,-1.4,240,6,,10+,29.87,1011.8,,TRUE,TRUE,TRUE,,,,,,SCT,8000,SCT,9000,,,,,VFR,,,,,,,,,,,,METAR,754
"METAR KLGF 280055Z AUTO 25005KT 9SM CLR 25/02 A2985 RMK AO2 SLP107 T02540021 $",KLGF,2026-04-28T00:55:00.000Z,32.8680,-114.3930,25.4,2.1,250,5,,9,29.85,1010.7,,TRUE,TRUE,TRUE,,,,,,,,,,,,,,VFR,,,,,,,,,,,,METAR,118
"METAR KLFI 280055Z 12005KT 10SM CLR 13/04 A3025 RMK AO2A SLP250 T01300036 $",KLFI,2026-04-28T00:55:00.000Z,37.0880,-76.3490,13,3.6,120,5,,10+,30.25,1025,,,TRUE,TRUE,,,,,,,,,,,,,,VFR,,,,,,,,,,,,METAR,2
"METAR KFRI 280055Z AUTO 32007KT 10SM FEW040 16/07 A2989 RMK AO2 SLPNO T01550070 $",KFRI,2026-04-28T00:55:00.000Z,39.0568,-96.7617,15.5,7,320,7,,10+,29.89,,,TRUE,TRUE,TRUE,,,,,,FEW,4000,,,,,,,VFR,,,,,,,,,,,,METAR,232
"METAR RJTY 280055Z 18009KT 10SM SCT033 BKN250 22/14 A2993 RMK AO2A SLP137 T02160135",RJTY,2026-04-28T00:55:00.000Z,35.7490,139.3490,21.6,13.5,180,9,,10+,29.93,1013.7,,,TRUE,,,,,,,SCT,3300,BKN,25000,,,,,VFR,,,,,,,,,,,,METAR,136
"METAR K1AW 280055Z AUTO 01011KT 10SM OVC055 06/M03 A2994 RMK AO2 SLP152 T00621027 $",K1AW,2026-04-28T00:55:00.000Z,41.3290,-104.2650,6.2,-2.7,10,11,,10+,29.94,1015.2,,TRUE,TRUE,TRUE,,,,,,OVC,5500,,,,,,,VFR,,,,,,,,,,,,METAR,1670
"METAR RKSG 280055Z 32008G15KT 10SM SCT020 BKN027 12/07 A2990 RMK AO2A SLP126 WND DATA ESTMD ALSTG/SLP ESTMD T01200069 PWINO $",RKSG,2026-04-28T00:55:00.000Z,36.9620,127.0310,12,6.9,320,8,15,10+,29.90,1012.6,,,TRUE,TRUE,,,,TRUE,,SCT,2000,BKN,2700,,,,,MVFR,,,,,,,,,,,,METAR,12
"METAR KLSF 280055Z AUTO 14005KT 10SM CLR 20/16 A3005 RMK AO2 SLP180 T02000160 $",KLSF,2026-04-28T00:55:00.000Z,32.3239,-84.9826,20,16,140,5,,10+,30.05,1018,,TRUE,TRUE,TRUE,,,,,,,,,,,,,,VFR,,,,,,,,,,,,METAR,68
"METAR NZCM 280055Z 07003KT 9999 OVC100 M26/M36 A2865 RMK AO2 SLP710 T12551359 $",NZCM,2026-04-28T00:55:00.000Z,-77.8500,166.6670,-25.5,-35.9,70,3,,6+,28.65,971,,,TRUE,TRUE,,,,,,OVC,10000,,,,,,,VFR,,,,,,,,,,,,METAR,24
"METAR PAFB 280055Z 08005KT 10SM FEW080 BKN160 15/M03 A2965 RMK AO2A SLP048 T01451029",PAFB,2026-04-28T00:55:00.000Z,64.8360,-147.6140,14.5,-2.9,80,5,,10+,29.65,1004.8,,,TRUE,,,,,,,FEW,8000,BKN,16000,,,,,VFR,,,,,,,,,,,,METAR,137
"METAR KCNW 280055Z 16009KT 2 1/2SM HZ CLR 28/22 A2978",KCNW,2026-04-28T00:55:00.000Z,31.6370,-97.0710,28,22,160,9,,2.5,29.78,,,,,,,,,,HZ,,,,,,,,,IFR,,,,,,,,,,,,METAR,139
"METAR KHUA 280055Z AUTO 18013G19KT 10SM SCT048 OVC065 25/17 A2995 RMK AO2 SLP138 T02510173",KHUA,2026-04-28T00:55:00.000Z,34.6760,-86.6855,25.1,17.3,180,13,19,10+,29.95,1013.8,,TRUE,TRUE,,,,,,,SCT,4800,OVC,6500,,,,,VFR,,,,,,,,,,,,METAR,200
"METAR KAAT 280055Z AUTO 27006KT 10SM FEW055 OVC085 10/M02 A3001 RMK AO2 SLP161 T01001017",KAAT,2026-04-28T00:55:00.000Z,41.4836,-120.5615,10,-1.7,270,6,,10+,30.01,1016.1,,TRUE,TRUE,,,,,,,FEW,5500,OVC,8500,,,,,VFR,,,,,,,,,,,,METAR,1336
"METAR KDLF 280055Z AUTO 09008KT 10SM CLR 30/23 A2972 RMK AO2 SLP051 T03040225 $",KDLF,2026-04-28T00:55:00.000Z,29.3666,-100.7847,30.4,22.5,90,8,,10+,29.72,1005.1,,TRUE,TRUE,TRUE,,,,,,,,,,,,,,VFR,,,,,,,,,,,,METAR,328
"METAR KBIX 280055Z AUTO 14010G15KT 10SM CLR 25/20 A2999 RMK AO2 SLP158 T02450202 $",KBIX,2026-04-28T00:55:00.000Z,30.4150,-88.9220,24.5,20.2,140,10,15,10+,29.99,1015.8,,TRUE,TRUE,TRUE,,,,,,,,,,,,,,VFR,,,,,,,,,,,,METAR,4
"METAR KCEF 280055Z 17004KT 10SM CLR 16/00 A3020 RMK AO2A SLP230 T01570003",KCEF,2026-04-28T00:55:00.000Z,42.2010,-72.5250,15.7,0.3,170,4,,10+,30.20,1023,,,TRUE,,,,,,,,,,,,,,,VFR,,,,,,,,,,,,METAR,72
"METAR KDMA 280055Z 23010KT 10SM CLR 28/M08 A2987 RMK AO2A SLP084 TSNO $",KDMA,2026-04-28T00:55:00.000Z,32.1650,-110.8870,28,-8,230,10,,10+,29.87,1008.4,,,TRUE,TRUE,,TRUE,,,,,,,,,,,,VFR,,,,,,,,,,,,METAR,804
"METAR KINS 280055Z 30022G36KT 9SM SCT090 BKN110 19/M01 A2988 RMK AO2A PK WND 28036/47 LTG DSNT NE SLP095 T01871007 $",KINS,2026-04-28T00:55:00.000Z,36.5860,-115.6900,18.7,-0.7,300,22,36,9,29.88,1009.5,,,TRUE,TRUE,,,,,,SCT,9000,BKN,11000,,,,,VFR,,,,,,,,,,,,METAR,954
"METAR LIVC 280055Z AUTO VRB03KT //// // ///////// 06/M07 Q1022 RMK ///",LIVC,2026-04-28T00:55:00.000Z,44.1940,10.7000,6,-7,0,3,,,30.18,,,TRUE,,,,,,,,,,,,,,,,null,,,,,,,,,,,,METAR,2139
"METAR BGTL 280055Z AUTO 10008KT 9999 OVC019 M11/M15 A2987 RMK AO2 SLP099 T11081151 TSNO $",BGTL,2026-04-28T00:55:00.000Z,76.5270,-68.7580,-10.8,-15.1,100,8,,6+,29.87,1009.9,,TRUE,TRUE,TRUE,,TRUE,,,,OVC,1900,,,,,,,MVFR,,,,,,,,,,,,METAR,79
"METAR KVBG 280055Z AUTO 31014G19KT 10SM CLR 15/09 A3004 RMK AO2 SLP176 T01520091 TSNO $",KVBG,2026-04-28T00:55:00.000Z,34.7330,-120.5830,15.2,9.1,310,14,19,10+,30.04,1017.6,,TRUE,TRUE,TRUE,,TRUE,,,,,,,,,,,,VFR,,,,,,,,,,,,METAR,96
"METAR K1MN 280055Z AUTO 30014KT 10SM CLR 06/M07 A2997 RMK AO2 SLP171 T00601069 $",K1MN,2026-04-28T00:55:00.000Z,48.6700,-101.8800,6,-6.9,300,14,,10+,29.97,1017.1,,TRUE,TRUE,TRUE,,,,,,,,,,,,,,VFR,,,,,,,,,,,,METAR,569
"METAR KLLJ 280055Z AUTO 03008KT 10SM FEW080 OVC100 08/M10 A2988 RMK AO2 SLP114 T00831100",KLLJ,2026-04-28T00:55:00.000Z,44.5230,-114.2161,8.3,-10,30,8,,10+,29.88,1011.4,,TRUE,TRUE,,,,,,,FEW,8000,OVC,10000,,,,,VFR,,,,,,,,,,,,METAR,1535
"METAR KWHP 280055Z 11009KT 10SM BKN055 17/03 A3000",KWHP,2026-04-28T00:55:00.000Z,34.2596,-118.4146,17,3,110,9,,10+,30.00,,,,,,,,,,,BKN,5500,,,,,,,VFR,,,,,,,,,,,,METAR,302
"METAR KNKT 280055Z 04008KT 10SM CLR 13/07 A3023 RMK AO2 SLP234 T01330067",KNKT,2026-04-28T00:55:00.000Z,34.8970,-76.8810,13.3,6.7,40,8,,10+,30.23,1023.4,,,TRUE,,,,,,,,,,,,,,,VFR,,,,,,,,,,,,METAR,8
"METAR LIRY 280055Z AUTO 00000KT //// // ///////// 08/06 Q1018",LIRY,2026-04-28T00:55:00.000Z,-99.9900,-99.9900,8,6,0,0,,,30.06,,,TRUE,,,,,,,,,,,,,,,,null,,,,,,,,,,,,METAR,9999
"METAR KFBG 280055Z AUTO 05003KT 10SM CLR 15/11 A3019 RMK AO2 SLP226 T01480110 $",KFBG,2026-04-28T00:55:00.000Z,35.1310,-78.9320,14.8,11,50,3,,10+,30.19,1022.6,,TRUE,TRUE,TRUE,,,,,,,,,,,,,,VFR,,,,,,,,,,,,METAR,69
"METAR FJDG 280055Z 14005KT 9999 FEW022 FEW045 BKN220 27/26 A2974 RMK SLP071 T02720256",FJDG,2026-04-28T00:55:00.000Z,-7.3130,72.4110,27.2,25.6,140,5,,6+,29.74,1007.1,,,,,,,,,,FEW,2200,FEW,4500,BKN,22000,,,VFR,,,,,,,,,,,,METAR,3
"METAR K1DN 280055Z AUTO 36007KT 10SM CLR 07/M08 A2994 RMK AO2 SLP162 T00701082",K1DN,2026-04-28T00:55:00.000Z,47.8000,-101.3000,7,-8.2,360,7,,10+,29.94,1016.2,,TRUE,TRUE,,,,,,,,,,,,,,,VFR,,,,,,,,,,,,METAR,632
"METAR K1LW 280055Z AUTO 07013KT 10SM FEW060 SCT090 08/M02 A2994 RMK AO2 SLP144 T00831024 $",K1LW,2026-04-28T00:55:00.000Z,40.9210,-103.6910,8.3,-2.4,70,13,,10+,29.94,1014.4,,TRUE,TRUE,TRUE,,,,,,FEW,6000,SCT,9000,,,,,VFR,,,,,,,,,,,,METAR,1514
"METAR PAEI 280055Z 11013KT 10SM SCT090 BKN110 BKN160 14/M04 A2965 RMK AO2A SLP047 T01371036",PAEI,2026-04-28T00:55:00.000Z,64.6540,-147.0940,13.7,-3.6,110,13,,10+,29.65,1004.7,,,TRUE,,,,,,,SCT,9000,BKN,11000,BKN,16000,,,VFR,,,,,,,,,,,,METAR,166
"METAR LIRT 280055Z AUTO 27004KT //// // ///////// 13/09 Q1019",LIRT,2026-04-28T00:55:00.000Z,41.0470,15.2330,13,9,270,4,,,30.09,,,TRUE,,,,,,,,,,,,,,,,null,,,,,,,,,,,,METAR,1058
"METAR K1ON 280055Z AUTO 34009KT 10SM CLR 08/M08 A2998 RMK AO2 SLP170 T00771080 $",K1ON,2026-04-28T00:55:00.000Z,48.8200,-101.2800,7.7,-8,340,9,,10+,29.98,1017,,TRUE,TRUE,TRUE,,,,,,,,,,,,,,VFR,,,,,,,,,,,,METAR,466
"METAR TXKF 280055Z 18008KT 9999 SCT007 BKN020 BKN064 OVC230 21/20 Q1014 ",TXKF,2026-04-28T00:55:00.000Z,32.3640,-64.6790,21,20,180,8,,6+,29.94,,,,,,,,,,,SCT,700,BKN,2000,BKN,6400,OVC,23000,MVFR,,,,,,,,,,,,METAR,4
"METAR LIRM 280055Z 35004KT 3000 NSC 10/10 Q1018",LIRM,2026-04-28T00:55:00.000Z,41.0610,14.0820,10,10,350,4,,1.86,30.06,,,,,,,,,,,,,,,,,,,IFR,,,,,,,,,,,,METAR,6
"METAR K1GN 280055Z AUTO 34009KT 10SM SCT150 06/M08 A2995 RMK AO2 SLP166 T00631084",K1GN,2026-04-28T00:55:00.000Z,48.1200,-101.9600,6.3,-8.4,340,9,,10+,29.95,1016.6,,TRUE,TRUE,,,,,,,SCT,15000,,,,,,,VFR,,,,,,,,,,,,METAR,644
"METAR KWRB 280055Z AUTO 00000KT 10SM CLR 19/11 A3010 RMK AO2 SLP194 T01940114 TSNO $",KWRB,2026-04-28T00:55:00.000Z,32.6390,-83.5930,19.4,11.4,0,0,,10+,30.10,1019.4,,TRUE,TRUE,TRUE,,TRUE,,,,,,,,,,,,VFR,,,,,,,,,,,,METAR,82
"METAR KGTU 280055Z 15008KT 7SM FEW039 29/23 A2982 RMK AO2 SLP092 T02890233",KGTU,2026-04-28T00:55:00.000Z,30.6809,-97.6767,28.9,23.3,150,8,,7,29.82,1009.2,,,TRUE,,,,,,,FEW,3900,,,,,,,VFR,,,,,,,,,,,,METAR,232
"METAR TNCB 280055Z 09018KT 9999 BKN016 28/24 Q1012",TNCB,2026-04-28T00:55:00.000Z,12.1330,-68.2770,28,24,90,18,,6+,29.88,,,,,,,,,,,BKN,1600,,,,,,,MVFR,,,,,,,,,,,,METAR,6
"METAR OKAS 280055Z AUTO 15006KT 9999 FEW110 23/20 A2970 RMK AO2 LTG DSNT N-NE SLP053 T02260195 $",OKAS,2026-04-28T00:55:00.000Z,29.3470,47.5210,22.6,19.5,150,6,,6+,29.70,1005.3,,TRUE,TRUE,TRUE,,,,,,FEW,11000,,,,,,,VFR,,,,,,,,,,,,METAR,144
"METAR LIRE 280055Z VRB02KT CAVOK 10/08 Q1017",LIRE,2026-04-28T00:55:00.000Z,41.6560,12.4490,10,8,0,2,,6+,30.03,,,,,,,,,,,,,,,,,,,VFR,,,,,,,,,,,,METAR,16
"METAR RODN 280055Z 10004KT 10SM FEW120 24/16 A3000 RMK AO2A SLP161 T02380155 FZRANO $",RODN,2026-04-28T00:55:00.000Z,26.3560,127.7680,23.8,15.5,100,4,,10+,30.00,1016.1,,,TRUE,TRUE,,,TRUE,,,FEW,12000,,,,,,,VFR,,,,,,,,,,,,METAR,38
"METAR KLCK 280055Z AUTO 00000KT 5SM RA SCT070 OVC090 18/17 A2996 RMK AO2 LTG DSNT SW P0003 T01820165",KLCK,2026-04-28T00:55:00.000Z,39.8300,-82.9190,18.2,16.5,0,0,,5,29.96,,,TRUE,TRUE,,,,,,RA,SCT,7000,OVC,9000,,,,,MVFR,,,,,,0.03,,,,,,METAR,225
"METAR OEPS 280055Z 11012KT 9999 BKN160 29/09 A2977 RMK AO2A SLPNO",OEPS,2026-04-28T00:55:00.000Z,24.0630,47.5810,29,9,110,12,,6+,29.77,,,,TRUE,,,,,,,BKN,16000,,,,,,,VFR,,,,,,,,,,,,METAR,503
"METAR PAFR 280055Z AUTO 10009KT 10SM OVC085 10/M01 A2978 RMK AO2 SLP088 T00951013 $",PAFR,2026-04-28T00:55:00.000Z,61.2630,-149.6600,9.5,-1.3,100,9,,10+,29.78,1008.8,,TRUE,TRUE,TRUE,,,,,,OVC,8500,,,,,,,VFR,,,,,,,,,,,,METAR,106
"METAR LIBQ 280055Z AUTO 09004KT 060V120 //// // ///////// 10/03 Q1021 RMK ///",LIBQ,2026-04-28T00:55:00.000Z,39.3310,16.3960,10,3,90,4,,,30.15,,,TRUE,,,,,,,,,,,,,,,,null,,,,,,,,,,,,METAR,1660
"METAR LIMN 280055Z AUTO 07002KT //// // ///////// 13/09 Q1015 RMK /// WIND THR/////KT",LIMN,2026-04-28T00:55:00.000Z,45.5300,8.6690,13,9,70,2,,,29.97,,,TRUE,,,,,,,,,,,,,,,,null,,,,,,,,,,,,METAR,168
"METAR KPOB 280055Z AUTO 00000KT 10SM CLR 16/08 A3020 RMK AO2 SLP229 T01590084 $",KPOB,2026-04-28T00:55:00.000Z,35.1750,-79.0080,15.9,8.4,0,0,,10+,30.20,1022.9,,TRUE,TRUE,TRUE,,,,,,,,,,,,,,VFR,,,,,,,,,,,,METAR,57
"METAR LIMY 280055Z AUTO 22005KT //// // ///////// ///// Q////",LIMY,2026-04-28T00:55:00.000Z,44.2580,7.7940,,,220,5,,,,,,TRUE,,,,,,,,,,,,,,,,null,,,,,,,,,,,,METAR,1742
"METAR KLRF 280055Z AUTO 18005KT 10SM CLR 27/23 A2978 RMK AO2 SLP084 T02690227",KLRF,2026-04-28T00:55:00.000Z,34.9200,-92.1310,26.9,22.7,180,5,,10+,29.78,1008.4,,TRUE,TRUE,,,,,,,,,,,,,,,VFR,,,,,,,,,,,,METAR,85
"METAR KAST 280055Z AUTO A3010 RMK AO2 SLP194 PWINO CHINO RWY 08 VISNO RWY 08 $",KAST,2026-04-28T00:55:00.000Z,46.1570,-123.8833,,,,,,,30.10,1019.4,,TRUE,TRUE,TRUE,,,,TRUE,,,,,,,,,,null,,,,,,,,,,,,METAR,3
"METAR LIVP 280055Z AUTO 21005KT 170V230 0400 FG ///////// 05/04 Q1020 RMK /// VIS MIN 0400",LIVP,2026-04-28T00:55:00.000Z,46.1430,11.0380,5,4,210,5,,0.25,30.12,,,TRUE,,,,,,,FG,,,,,,,,,LIFR,,,,,,,,,,,,METAR,2099
"METAR KRNO 280055Z 28016G21KT 10SM -RA BKN070 BKN110 13/M02 A2997 RMK AO2 RAB46 SLP135 P0000 T01281022",KRNO,2026-04-28T00:55:00.000Z,39.5077,-119.7683,12.8,-2.2,280,16,21,10+,29.97,1013.5,,,TRUE,,,,,,-RA,BKN,7000,BKN,11000,,,,,VFR,,,,,,0.005,,,,,,METAR,1344
"METAR KHST 280055Z AUTO 04008KT 10SM SCT021 26/22 A3000 RMK AO2 SLP162 T02570215",KHST,2026-04-28T00:55:00.000Z,25.4900,-80.3790,25.7,21.5,40,8,,10+,30.00,1016.2,,TRUE,TRUE,,,,,,,SCT,2100,,,,,,,VFR,,,,,,,,,,,,METAR,1
"METAR KADW 280055Z AUTO 12004KT 10SM CLR 13/05 A3023 RMK AO2 SLP244 T01340053 $",KADW,2026-04-28T00:55:00.000Z,38.8215,-76.8654,13.4,5.3,120,4,,10+,30.23,1024.4,,TRUE,TRUE,TRUE,,,,,,,,,,,,,,VFR,,,,,,,,,,,,METAR,87
"METAR K1CW 280055Z AUTO 07013KT 10SM FEW080 OVC130 06/M01 A2997 RMK AO2 SLP156 T00621008 PWINO $",K1CW,2026-04-28T00:55:00.000Z,41.5810,-103.5730,6.2,-0.8,70,13,,10+,29.97,1015.6,,TRUE,TRUE,TRUE,,,,TRUE,,FEW,8000,OVC,13000,,,,,VFR,,,,,,,,,,,,METAR,1370
"METAR KCAO 280055Z AUTO 09023G31KT 10SM CLR 19/M01 A2982 RMK AO2 PK WND 09031/0054 WSHFT 0030 SLP052 T01941006 $",KCAO,2026-04-28T00:55:00.000Z,36.4483,-103.1537,19.4,-0.6,90,23,31,10+,29.82,1005.2,,TRUE,TRUE,TRUE,,,,,,,,,,,,,,VFR,,,,,,,,,,,,METAR,1517
"METAR KNKX 280055Z 27012KT 10SM FEW055 18/06 A3000 RMK AO2 SLP155 T01780061",KNKX,2026-04-28T00:55:00.000Z,32.8650,-117.1370,17.8,6.1,270,12,,10+,30.00,1015.5,,,TRUE,,,,,,,FEW,5500,,,,,,,VFR,,,,,,,,,,,,METAR,138
"METAR KMMT 280055Z AUTO 12003KT 10SM CLR 16/10 A3015 RMK AO2 SLP212 T01630104 $",KMMT,2026-04-28T00:55:00.000Z,33.9220,-80.8020,16.3,10.4,120,3,,10+,30.15,1021.2,,TRUE,TRUE,TRUE,,,,,,,,,,,,,,VFR,,,,,,,,,,,,METAR,76
"METAR KCNK 280055Z AUTO 34015G21KT 10SM FEW044 13/05 A2991 RMK AO2 SLP125 T01330050",KCNK,2026-04-28T00:55:00.000Z,39.5513,-97.6508,13.3,5,340,15,21,10+,29.91,1012.5,,TRUE,TRUE,,,,,,,FEW,4400,,,,,,,VFR,,,,,,,,,,,,METAR,445
"METAR KSLI 280055Z AUTO 22011KT 8SM CLR 19/08 A2996 RMK AO2 SLP148 T01910078",KSLI,2026-04-28T00:55:00.000Z,33.7960,-118.0420,19.1,7.8,220,11,,8,29.96,1014.8,,TRUE,TRUE,,,,,,,,,,,,,,,VFR,,,,,,,,,,,,METAR,8
"METAR OTBH 280055Z 17004KT 9000 HZ SCT180 29/12 A2969 Q1005 RMK AO2A SLP054 T02930118 FZRANO $",OTBH,2026-04-28T00:55:00.000Z,25.1170,51.3150,29.3,11.8,170,4,,5.59,29.68,1005.4,,,TRUE,TRUE,,,TRUE,,HZ,SCT,18000,,,,,,,VFR,,,,,,,,,,,,METAR,40
"METAR K1NN 280055Z AUTO 30013KT M M CLR 07/M07 A2997 RMK AO2 SLP171 T00671073 RVRNO PWINO $",K1NN,2026-04-28T00:55:00.000Z,48.7600,-101.5900,6.7,-7.3,300,13,,,29.97,1017.1,,TRUE,TRUE,TRUE,,,,TRUE,,,,,,,,,,null,,,,,,,,,,,,METAR,516
"METAR PGWT 280055Z 10012KT 7SM SCT018 29/26 A2993",PGWT,2026-04-28T00:55:00.000Z,14.9970,145.6240,29,26,100,12,,7,29.93,,,,,,,,,,,SCT,1800,,,,,,,VFR,,,,,,,,,,,,METAR,84
"METAR KTQS 280055Z AUTO 32010KT 10SM CLR 16/10 A3004 RMK AO2 SLP175 T01610104 $",KTQS,2026-04-28T00:55:00.000Z,34.6330,-120.6175,16.1,10.4,320,10,,10+,30.04,1017.5,,TRUE,TRUE,TRUE,,,,,,,,,,,,,,VFR,,,,,,,,,,,,METAR,34
"METAR KFSI 280055Z AUTO 00000KT 10SM CLR 29/00 A2972 RMK AO2 SLP053 T02930000 $",KFSI,2026-04-28T00:55:00.000Z,34.6457,-98.4040,29.3,0,0,0,,10+,29.72,1005.3,,TRUE,TRUE,TRUE,,,,,,,,,,,,,,VFR,,,,,,,,,,,,METAR,360
"METAR LIBV 280055Z VRB01KT CAVOK 09/05 Q1016 RMK SKC VIS MIN 9999 WIND THR32 VRB01KT WIND THR14 VRB01KT BLU",LIBV,2026-04-28T00:55:00.000Z,40.7660,16.9350,9,5,0,1,,6+,30.00,,,,,,,,,,,,,,,,,,,VFR,,,,,,,,,,,,METAR,344
"METAR RJTR 280055Z AUTO 16010G16KT 10SM CLR 22/14 A2990 RMK AO2 SLP126 T02150141 $",RJTR,2026-04-28T00:55:00.000Z,35.5140,139.3950,21.5,14.1,160,10,16,10+,29.90,1012.6,,TRUE,TRUE,TRUE,,,,,,,,,,,,,,VFR,,,,,,,,,,,,METAR,106
"METAR KDOV 280055Z AUTO 20004KT 10SM CLR 12/04 A3025 RMK AO2 SLP247 T01160041",KDOV,2026-04-28T00:55:00.000Z,39.1300,-75.4650,11.6,4.1,200,4,,10+,30.25,1024.7,,TRUE,TRUE,,,,,,,,,,,,,,,VFR,,,,,,,,,,,,METAR,6
"METAR KPAM 280055Z AUTO 18008KT 10SM CLR 24/20 A3004 RMK AO2 SLP175 T02350200 $",KPAM,2026-04-28T00:55:00.000Z,30.0710,-85.5770,23.5,20,180,8,,10+,30.04,1017.5,,TRUE,TRUE,TRUE,,,,,,,,,,,,,,VFR,,,,,,,,,,,,METAR,4
"METAR K1JM 280055Z AUTO 26005KT 10SM BKN100 09/M05 A2985 RMK AO2 SLP131 T00871048 $",K1JM,2026-04-28T00:55:00.000Z,47.7510,-111.5470,8.7,-4.8,260,5,,10+,29.85,1013.1,,TRUE,TRUE,TRUE,,,,,,BKN,10000,,,,,,,VFR,,,,,,,,,,,,METAR,1154
"METAR ETIC 280055Z AUTO 00000KT 9999 CLR 08/M00 A3008 RMK AO2 SLP190 T00771005",ETIC,2026-04-28T00:55:00.000Z,49.6960,11.9410,7.7,-0.5,0,0,,6+,30.08,1019,,TRUE,TRUE,,,,,,,,,,,,,,,VFR,,,,,,,,,,,,METAR,414
"METAR ETIH 280055Z AUTO 00000KT 9999 CLR 04/M01 A3009 RMK AO2 SLP194 T00421006 TSNO",ETIH,2026-04-28T00:55:00.000Z,49.2160,11.8390,4.2,-0.6,0,0,,6+,30.09,1019.4,,TRUE,TRUE,,,TRUE,,,,,,,,,,,,VFR,,,,,,,,,,,,METAR,436
"METAR KSVN 280055Z AUTO 07005KT 10SM OVC023 17/12 A3014 RMK AO2 SLP210 T01730120 $",KSVN,2026-04-28T00:55:00.000Z,32.0110,-81.1310,17.3,12,70,5,,10+,30.14,1021,,TRUE,TRUE,TRUE,,,,,,OVC,2300,,,,,,,MVFR,,,,,,,,,,,,METAR,13
"METAR KLTS 280055Z AUTO 26008KT 10SM CLR 31/M11 A2973 RMK AO2 SLP050 T03061111 $",KLTS,2026-04-28T00:55:00.000Z,34.6660,-99.2700,30.6,-11.1,260,8,,10+,29.73,1005,,TRUE,TRUE,TRUE,,,,,,,,,,,,,,VFR,,,,,,,,,,,,METAR,416
"METAR KEND 280055Z AUTO 01009KT 10SM CLR 23/12 A2978 RMK AO2 VIS 2 3/4 RWY35L SLP076 T02250121 $",KEND,2026-04-28T00:55:00.000Z,36.3380,-97.9190,22.5,12.1,10,9,,10+,29.78,1007.6,,TRUE,TRUE,TRUE,,,,,,,,,,,,,,VFR,,,,,,,,,,,,METAR,392
"METAR K1FW 280055Z AUTO 05010KT 10SM CLR 06/M01 A2995 RMK AO2 SLP145 T00581014 $",K1FW,2026-04-28T00:55:00.000Z,41.3640,-103.4890,5.8,-1.4,50,10,,10+,29.95,1014.5,,TRUE,TRUE,TRUE,,,,,,,,,,,,,,VFR,,,,,,,,,,,,METAR,1451
"METAR KXMR 280055Z AUTO 05009KT 10SM FEW025 24/18 A3002 RMK AO2 SLP169 T02370177 $",KXMR,2026-04-28T00:55:00.000Z,28.4674,-80.5589,23.7,17.7,50,9,,10+,30.02,1016.9,,TRUE,TRUE,TRUE,,,,,,FEW,2500,,,,,,,VFR,,,,,,,,,,,,METAR,5
"METAR K1HM 280055Z AUTO 12005KT 10SM FEW120 08/M04 A2985 RMK AO2 LTG DSNT S SLP133 T00801038 $",K1HM,2026-04-28T00:55:00.000Z,47.6980,-111.9430,8,-3.8,120,5,,10+,29.85,1013.3,,TRUE,TRUE,TRUE,,,,,,FEW,12000,,,,,,,VFR,,,,,,,,,,,,METAR,1181
"METAR KFCS 280055Z AUTO 35011KT 10SM BKN060 OVC090 10/02 A2991 RMK AO2 TSB16E31 SLP133 T00990020 $",KFCS,2026-04-28T00:55:00.000Z,38.6756,-104.7510,9.9,2,350,11,,10+,29.91,1013.3,,TRUE,TRUE,TRUE,,,,,,BKN,6000,OVC,9000,,,,,VFR,,,,,,,,,,,,METAR,1789
"METAR LIVD 280055Z AUTO VRB02KT //// // ///////// 06/03 Q1020",LIVD,2026-04-28T00:55:00.000Z,46.7290,12.2280,6,3,0,2,,,30.12,,,TRUE,,,,,,,,,,,,,,,,null,,,,,,,,,,,,METAR,1221
"METAR KVAD 280055Z AUTO 12004KT 10SM CLR 21/14 A3010 RMK AO2 SLPNO T02130137 $",KVAD,2026-04-28T00:55:00.000Z,30.9790,-83.1920,21.3,13.7,120,4,,10+,30.10,,,TRUE,TRUE,TRUE,,,,,,,,,,,,,,VFR,,,,,,,,,,,,METAR,70
"METAR K1YT 280055Z AUTO 11009KT 10SM OVC095 17/02 A2984 RMK AO2 SLP111 T01670015 $",K1YT,2026-04-28T00:55:00.000Z,46.6680,-120.4570,16.7,1.5,110,9,,10+,29.84,1011.1,,TRUE,TRUE,TRUE,,,,,,OVC,9500,,,,,,,VFR,,,,,,,,,,,,METAR,423
"METAR KTTS 280055Z AUTO 04006KT 10SM FEW055 23/18 A3004 RMK AO2 SLP177 T02290180 $",KTTS,2026-04-28T00:55:00.000Z,28.5987,-80.6816,22.9,18,40,6,,10+,30.04,1017.7,,TRUE,TRUE,TRUE,,,,,,FEW,5500,,,,,,,VFR,,,,,,,,,,,,METAR,1
"METAR KRDR 280055Z AUTO 36022G27KT 10SM FEW200 08/M03 A2985 RMK AO2 PK WND 01030/2355 SLP120 T00811028 $",KRDR,2026-04-28T00:55:00.000Z,47.9477,-97.4029,8.1,-2.8,360,22,27,10+,29.85,1012,,TRUE,TRUE,TRUE,,,,,,FEW,20000,,,,,,,VFR,,,,,,,,,,,,METAR,276
"METAR KSSC 280055Z 14003KT 10SM CLR 18/11 A3015 RMK AO2A SLP211 T01780107 $",KSSC,2026-04-28T00:55:00.000Z,33.9780,-80.4660,17.8,10.7,140,3,,10+,30.15,1021.1,,,TRUE,TRUE,,,,,,,,,,,,,,VFR,,,,,,,,,,,,METAR,71
"METAR ETAR 280055Z AUTO 00000KT 9999 CLR 06/03 A3004 RMK AO2 SLP177 T00620034",ETAR,2026-04-28T00:55:00.000Z,49.4370,7.6000,6.2,3.4,0,0,,6+,30.04,1017.7,,TRUE,TRUE,,,,,,,,,,,,,,,VFR,,,,,,,,,,,,METAR,231
"METAR KBYS 280055Z AUTO 22008G20KT 10SM CLR 20/00 A2987 RMK AO2 SLP103 T02010000 $",KBYS,2026-04-28T00:55:00.000Z,35.2710,-116.6340,20.1,0,220,8,20,10+,29.87,1010.3,,TRUE,TRUE,TRUE,,,,,,,,,,,,,,VFR,,,,,,,,,,,,METAR,717
"METAR K1BN 280055Z AUTO 32008KT 10SM CLR 07/M08 A2993 RMK AO2 SLP158 T00721084 $",K1BN,2026-04-28T00:55:00.000Z,47.9100,-100.9300,7.2,-8.4,320,8,,10+,29.93,1015.8,,TRUE,TRUE,TRUE,,,,,,,,,,,,,,VFR,,,,,,,,,,,,METAR,589
"METAR KHMN 280055Z 24011KT 10SM FEW200 27/M12 A2991 RMK AO2A SLP066 T02651121 $",KHMN,2026-04-28T00:55:00.000Z,32.8520,-106.1080,26.5,-12.1,240,11,,10+,29.91,1006.6,,,TRUE,TRUE,,,,,,FEW,20000,,,,,,,VFR,,,,,,,,,,,,METAR,1240
"METAR K1EM 280055Z AUTO 09006KT 10SM FEW037 SCT048 BKN055 BKN070 05/M04 A2990 RMK AO2 RAB26E45 SLP150 P0000 T00541042 $",K1EM,2026-04-28T00:55:00.000Z,47.4540,-109.4160,5.4,-4.2,90,6,,10+,29.90,1015,,TRUE,TRUE,TRUE,,,,,,FEW,3700,SCT,4800,BKN,5500,BKN,7000,VFR,,,,,,0.005,,,,,,METAR,1118
"METAR KVGN 280055Z AUTO 33014KT 7SM CLR 17/10 A3002 RMK AO2 SLP168 T01670103 $",KVGN,2026-04-28T00:55:00.000Z,34.8494,-120.5996,16.7,10.3,330,14,,7,30.02,1016.8,,TRUE,TRUE,TRUE,,,,,,,,,,,,,,VFR,,,,,,,,,,,,METAR,93
"METAR K1OM 280055Z AUTO 15011KT 10SM BKN075 05/M03 A2990 RMK AO2 SLP151 T00501035 $",K1OM,2026-04-28T00:55:00.000Z,47.3280,-108.9270,5,-3.5,150,11,,10+,29.90,1015.1,,TRUE,TRUE,TRUE,,,,,,BKN,7500,,,,,,,VFR,,,,,,,,,,,,METAR,1088
"METAR KFHU 280055Z AUTO 26016KT 10SM CLR 23/M14 A2998 RMK AO2 SLP111 T02341144",KFHU,2026-04-28T00:55:00.000Z,31.5860,-110.3480,23.4,-14.4,260,16,,10+,29.98,1011.1,,TRUE,TRUE,,,,,,,,,,,,,,,VFR,,,,,,,,,,,,METAR,1424
"METAR KTDR 280055Z AUTO 19007KT 10SM CLR 22/20 A3000 RMK AO2 SLP160 T02230202 $",KTDR,2026-04-28T00:55:00.000Z,30.0380,-85.5280,22.3,20.2,190,7,,10+,30.00,1016,,TRUE,TRUE,TRUE,,,,,,,,,,,,,,VFR,,,,,,,,,,,,METAR,4
"METAR KEGI 280055Z AUTO 17007KT 10SM CLR 23/20 A3005 RMK AO2 SLP175 T02280199 $",KEGI,2026-04-28T00:55:00.000Z,30.6530,-86.5250,22.8,19.9,170,7,,10+,30.05,1017.5,,TRUE,TRUE,TRUE,,,,,,,,,,,,,,VFR,,,,,,,,,,,,METAR,59
"METAR KBAD 280055Z AUTO 14011KT 10SM SCT049 29/22 A2982 RMK AO2 SLP100 T02850220 $",KBAD,2026-04-28T00:55:00.000Z,32.4880,-93.6580,28.5,22,140,11,,10+,29.82,1010,,TRUE,TRUE,TRUE,,,,,,SCT,4900,,,,,,,VFR,,,,,,,,,,,,METAR,49
"METAR KXNO 280055Z AUTO 15003KT 10SM CLR 17/11 A3016 RMK AO2 SLP215 T01670108 $",KXNO,2026-04-28T00:55:00.000Z,33.6120,-81.0700,16.7,10.8,150,3,,10+,30.16,1021.5,,TRUE,TRUE,TRUE,,,,,,,,,,,,,,VFR,,,,,,,,,,,,METAR,94
"METAR KVPS 280055Z AUTO 16007KT 10SM CLR 23/21 A3005 RMK AO2 SLP182 T02320205 $",KVPS,2026-04-28T00:55:00.000Z,30.4830,-86.5260,23.2,20.5,160,7,,10+,30.05,1018.2,,TRUE,TRUE,TRUE,,,,,,,,,,,,,,VFR,,,,,,,,,,,,METAR,21
"METAR PWAK 280055Z AUTO 06020KT 7SM FEW024 SCT030 SCT320 30/22 A2998 RMK AO2 SLP155 T03030222",PWAK,2026-04-28T00:55:00.000Z,19.2870,166.6230,30.3,22.2,60,20,,7,29.98,1015.5,,TRUE,TRUE,,,,,,,FEW,2400,SCT,3000,SCT,32000,,,VFR,,,,,,,,,,,,METAR,7
"METAR EGUN 280055Z 02005KT 9999 -DZ OVC007 10/08 A3023 RMK AO2A SLP240 P0000 T00970083 $",EGUN,2026-04-28T00:55:00.000Z,52.3620,0.4860,9.7,8.3,20,5,,6+,30.23,1024,,,TRUE,TRUE,,,,,-DZ,OVC,700,,,,,,,IFR,,,,,,0.005,,,,,,METAR,10
"METAR K1NM 280055Z AUTO 20004KT 10SM SCT080 05/M04 A2988 RMK AO2 SLP147 T00531038 $",K1NM,2026-04-28T00:55:00.000Z,47.0590,-109.0310,5.3,-3.8,200,4,,10+,29.88,1014.7,,TRUE,TRUE,TRUE,,,,,,SCT,8000,,,,,,,VFR,,,,,,,,,,,,METAR,1169
"METAR K1IM 280055Z AUTO 35004KT 10SM CLR 08/M04 A2985 RMK AO2 SLP132 T00831039 $",K1IM,2026-04-28T00:55:00.000Z,47.3120,-111.4730,8.3,-3.9,350,4,,10+,29.85,1013.2,,TRUE,TRUE,TRUE,,,,,,,,,,,,,,VFR,,,,,,,,,,,,METAR,1110
"METAR LICZ 280055Z 28003KT CAVOK 10/09 Q1016 RMK SCT SCT170 VIS MIN 9999 WIND THR28 24003KT WIND THR10 /////KT A3002 BLU",LICZ,2026-04-28T00:55:00.000Z,37.4060,14.9190,10,9,280,3,,6+,30.00,,,,,,,,,,,,,,,,,,,VFR,,,,,,,,,,,,METAR,22
"METAR K1LN 280055Z AUTO 34009KT 10SM CLR 05/M07 A2999 RMK AO2 SLP180 T00541071 $",K1LN,2026-04-28T00:55:00.000Z,48.7900,-102.2700,5.4,-7.1,340,9,,10+,29.99,1018,,TRUE,TRUE,TRUE,,,,,,,,,,,,,,VFR,,,,,,,,,,,,METAR,601
"METAR KCMA 280055Z 28016KT 10SM FEW060 17/09 A3000 RMK AO2 SLP166 T01720089",KCMA,2026-04-28T00:55:00.000Z,34.2114,-119.0876,17.2,8.9,280,16,,10+,30.00,1016.6,,,TRUE,,,,,,,FEW,6000,,,,,,,VFR,,,,,,,,,,,,METAR,20
"METAR KBAB 280055Z 00000KT 10SM CLR 20/06 A2998 RMK AO2A SLP155 T02010061 $",KBAB,2026-04-28T00:55:00.000Z,39.1450,-121.4360,20.1,6.1,0,0,,10+,29.98,1015.5,,,TRUE,TRUE,,,,,,,,,,,,,,VFR,,,,,,,,,,,,METAR,31
"METAR K1CM 280055Z AUTO 24003KT 10SM FEW055 06/M06 A2988 RMK AO2 SLP140 T00551064 $",K1CM,2026-04-28T00:55:00.000Z,47.0960,-110.1640,5.5,-6.4,240,3,,10+,29.88,1014,,TRUE,TRUE,TRUE,,,,,,FEW,5500,,,,,,,VFR,,,,,,,,,,,,METAR,1338
"METAR LIMU 280055Z AUTO /////KT //// // ///////// 14/12 Q1017",LIMU,2026-04-28T00:55:00.000Z,43.9580,8.1700,14,12,,,,,30.03,,,TRUE,,,,,,,,,,,,,,,,null,,,,,,,,,,,,METAR,215
"METAR KCOF 280055Z AUTO 04014KT 10SM CLR 24/19 A3002 RMK AO2 SLP170 T02400188 $",KCOF,2026-04-28T00:55:00.000Z,28.2420,-80.6080,24,18.8,40,14,,10+,30.02,1017,,TRUE,TRUE,TRUE,,,,,,,,,,,,,,VFR,,,,,,,,,,,,METAR,1
"METAR KTIK 280055Z AUTO 02010KT 10SM CLR 24/14 A2980 RMK AO2 SLP081 T02440136",KTIK,2026-04-28T00:55:00.000Z,35.4150,-97.3860,24.4,13.6,20,10,,10+,29.80,1008.1,,TRUE,TRUE,,,,,,,,,,,,,,,VFR,,,,,,,,,,,,METAR,387
"METAR KEAT 280055Z AUTO 32020G29KT 10SM CLR 19/M03 A2985 RMK AO2 PK WND 31031/0036 SLP106 T01941033",KEAT,2026-04-28T00:55:00.000Z,47.3975,-120.2013,19.4,-3.3,320,20,29,10+,29.85,1010.6,,TRUE,TRUE,,,,,,,,,,,,,,,VFR,,,,,,,,,,,,METAR,375
"METAR KRFI 280055Z AUTO 00000KT 6SM HZ SCT039 27/24 A2982 RMK AO2 LTG DSNT NW T02720239 $",KRFI,2026-04-28T00:55:00.000Z,32.1442,-94.8539,27.2,23.9,0,0,,6,29.82,,,TRUE,TRUE,TRUE,,,,,HZ,SCT,3900,,,,,,,VFR,,,,,,,,,,,,METAR,133
"METAR KGXF 280055Z 27011KT 10SM CLR 27/M01 A2984 RMK AO2A SLP097 T02701010 FZRANO $",KGXF,2026-04-28T00:55:00.000Z,32.8850,-112.7210,27,-1,270,11,,10+,29.84,1009.7,,,TRUE,TRUE,,,TRUE,,,,,,,,,,,VFR,,,,,,,,,,,,METAR,261
"METAR KP58 280055Z AUTO 15017G30KT 17/05 A2979 RMK AO1 PK WND 13042/0013 SLP086 T01670050 PNO",KP58,2026-04-28T00:55:00.000Z,44.0217,-82.7929,16.7,5,150,17,30,,29.79,1008.6,,TRUE,TRUE,,,,,,,,,,,,,,,null,,,,,,,,,,,,METAR,180
"METAR PAED 280055Z 33008KT 10SM FEW065 BKN075 OVC100 07/02 A2976 RMK AO2A SLP075 T00740021 $",PAED,2026-04-28T00:55:00.000Z,61.2500,-149.8370,7.4,2.1,330,8,,10+,29.76,1007.5,,,TRUE,TRUE,,,,,,FEW,6500,BKN,7500,OVC,10000,,,VFR,,,,,,,,,,,,METAR,54
"METAR KDYS 280055Z AUTO 19007KT 10SM CLR 29/07 A2977 RMK AO2 SLP056 T02890069",KDYS,2026-04-28T00:55:00.000Z,32.4060,-99.8500,28.9,6.9,190,7,,10+,29.77,1005.6,,TRUE,TRUE,,,,,,,,,,,,,,,VFR,,,,,,,,,,,,METAR,544
"METAR KDAA 280055Z AUTO 00000KT 10SM CLR 13/08 A3019 RMK AO2 SLP226 T01260081 $",KDAA,2026-04-28T00:55:00.000Z,38.7140,-77.1780,12.6,8.1,0,0,,10+,30.19,1022.6,,TRUE,TRUE,TRUE,,,,,,,,,,,,,,VFR,,,,,,,,,,,,METAR,17
"METAR KFFO 280055Z 14009T 5SM -TSRA BKN065 OVC080 17/16 A2996 RMK AO2A SLP147 P0019 T01740162",KFFO,2026-04-28T00:55:00.000Z,39.8370,-84.0350,17.4,16.2,,,,5,29.96,1014.7,,,TRUE,,,,,,-TSRA,BKN,6500,OVC,8000,,,,,MVFR,,,,,,0.19,,,,,,METAR,250
"METAR PAIM 280055Z AUTO 11007KT 10SM FEW095 09/M02 A2966 RMK AO2 SLP056 T00861022;",PAIM,2026-04-28T00:55:00.000Z,65.9940,-153.6950,8.6,-2.2,110,7,,10+,29.66,1005.6,,TRUE,TRUE,,,,,,,FEW,9500,,,,,,,VFR,,,,,,,,,,,,METAR,309
"METAR PACZ 280055Z AUTO 00000KT 5SM -SN BKN027 01/M01 A2943 RMK AO2 SNB2341 SLP971 P0002 T00091006;",PACZ,2026-04-28T00:55:00.000Z,61.7760,-166.0430,0.9,-0.6,0,0,,5,29.43,997.1,,TRUE,TRUE,,,,,,-SN,BKN,2700,,,,,,,MVFR,,,,,,0.02,,,,,,METAR,129
"METAR PATL 280055Z AUTO VRB04KT 10SM RA OVC022 05/03 A2963 RMK AO2 SHRAB2343E0043 SLP043 P0002 T00540029;",PATL,2026-04-28T00:55:00.000Z,62.8930,-155.9770,5.4,2.9,0,4,,10+,29.63,1004.3,,TRUE,TRUE,,,,,,RA,OVC,2200,,,,,,,MVFR,,,,,,0.02,,,,,,METAR,261
"METAR KRKS 280054Z AUTO 25009KT 10SM FEW021 SCT032 OVC090 04/00 A2990 RMK AO2 RAB17E38 SLP128 P0000 T00440000",KRKS,2026-04-28T00:54:00.000Z,41.5947,-109.0529,4.4,0,250,9,,10+,29.90,1012.8,,TRUE,TRUE,,,,,,,FEW,2100,SCT,3200,OVC,9000,,,VFR,,,,,,0.005,,,,,,METAR,2062
"METAR KAPN 280054Z AUTO 14018G28KT 10SM OVC110 17/03 A2977 RMK AO2 PK WND 15029/0044 SLP085 T01670033",KAPN,2026-04-28T00:54:00.000Z,45.0716,-83.5645,16.7,3.3,140,18,28,10+,29.77,1008.5,,TRUE,TRUE,,,,,,,OVC,11000,,,,,,,VFR,,,,,,,,,,,,METAR,208
"METAR KUZA 280054Z AUTO 00000KT 10SM CLR 15/11 A3017 RMK AO2 SLP214 T01500106",KUZA,2026-04-28T00:54:00.000Z,34.9836,-81.0562,15,10.6,0,0,,10+,30.17,1021.4,,TRUE,TRUE,,,,,,,,,,,,,,,VFR,,,,,,,,,,,,METAR,198
"METAR KRBL 280054Z AUTO 18007KT 10SM CLR 21/05 A2998 RMK AO2 SLP149 T02060050",KRBL,2026-04-28T00:54:00.000Z,40.1519,-122.2548,20.6,5,180,7,,10+,29.98,1014.9,,TRUE,TRUE,,,,,,,,,,,,,,,VFR,,,,,,,,,,,,METAR,107
"METAR KBOS 280054Z 12007KT 10SM CLR 11/04 A3026 RMK AO2 SLP245 T01060039 $",KBOS,2026-04-28T00:54:00.000Z,42.3606,-71.0097,10.6,3.9,120,7,,10+,30.26,1024.5,,,TRUE,TRUE,,,,,,,,,,,,,,VFR,,,,,,,,,,,,METAR,4
"METAR KDSV 280054Z AUTO 15007KT 10SM CLR 18/02 A3009 RMK AO2 SLP199 T01780022 $",KDSV,2026-04-28T00:54:00.000Z,42.5699,-77.7143,17.8,2.2,150,7,,10+,30.09,1019.9,,TRUE,TRUE,TRUE,,,,,,,,,,,,,,VFR,,,,,,,,,,,,METAR,195
"METAR KECG 280054Z 04008KT 10SM CLR 12/04 A3025 RMK AO2 SLP243 T01170044",KECG,2026-04-28T00:54:00.000Z,36.2572,-76.1716,11.7,4.4,40,8,,10+,30.25,1024.3,,,TRUE,,,,,,,,,,,,,,,VFR,,,,,,,,,,,,METAR,2
"METAR KISW 280054Z AUTO 11004KT 6SM BR FEW007 13/12 A2945 RMK AO2 RAE2356 SLP975 P0000 T01330122",KISW,2026-04-28T00:54:00.000Z,44.3591,-89.8370,13.3,12.2,110,4,,6,29.45,997.5,,TRUE,TRUE,,,,,,BR,FEW,700,,,,,,,VFR,,,,,,0.005,,,,,,METAR,311
"METAR KPNE 280054Z 15005KT 10SM CLR 15/03 A3027 RMK AO2 SLP249 T01500033",KPNE,2026-04-28T00:54:00.000Z,40.0789,-75.0133,15,3.3,150,5,,10+,30.27,1024.9,,,TRUE,,,,,,,,,,,,,,,VFR,,,,,,,,,,,,METAR,32
"METAR KVAY 280054Z AUTO 00000KT 10SM CLR 12/03 A3026 RMK AO2 SLP246 T01220028",KVAY,2026-04-28T00:54:00.000Z,39.9408,-74.8407,12.2,2.8,0,0,,10+,30.26,1024.6,,TRUE,TRUE,,,,,,,,,,,,,,,VFR,,,,,,,,,,,,METAR,15
"METAR KIZG 280054Z AUTO 17003KT 10SM CLR 12/02 A3023 RMK AO2 SLP239 T01220017",KIZG,2026-04-28T00:54:00.000Z,43.9899,-70.9501,12.2,1.7,170,3,,10+,30.23,1023.9,,TRUE,TRUE,,,,,,,,,,,,,,,VFR,,,,,,,,,,,,METAR,138
"METAR KCEU 280054Z AUTO 00000KT 10SM CLR 17/10 A3016 RMK AO2 SLP209 T01670100",KCEU,2026-04-28T00:54:00.000Z,34.6722,-82.8814,16.7,10,0,0,,10+,30.16,1020.9,,TRUE,TRUE,,,,,,,,,,,,,,,VFR,,,,,,,,,,,,METAR,270
"METAR KNGW 280054Z AUTO 16011KT 9SM BKN013 27/24 A2981 RMK AO2 SLP086 T02670244 $ ",KNGW,2026-04-28T00:54:00.000Z,27.7020,-97.4420,26.7,24.4,160,11,,9,29.81,1008.6,,TRUE,TRUE,TRUE,,,,,,BKN,1300,,,,,,,MVFR,,,,,,,,,,,,METAR,8
"METAR KRFD 280054Z 18012KT 10SM FEW048 FEW090 BKN110 OVC150 18/16 A2958 RMK AO2 SLP014 T01780161 $",KRFD,2026-04-28T00:54:00.000Z,42.1915,-89.0876,17.8,16.1,180,12,,10+,29.58,1001.4,,,TRUE,TRUE,,,,,,FEW,4800,FEW,9000,BKN,11000,OVC,15000,VFR,,,,,,,,,,,,METAR,222
"METAR KVSF 280054Z AUTO 32003KT 10SM CLR 14/03 A3021 RMK AO2 SLP231 T01390033",KVSF,2026-04-28T00:54:00.000Z,43.3421,-72.5213,13.9,3.3,320,3,,10+,30.21,1023.1,,TRUE,TRUE,,,,,,,,,,,,,,,VFR,,,,,,,,,,,,METAR,176
"METAR KACY 280054Z 07003KT 10SM CLR 10/03 A3027 RMK AO2 SLP249 T01000028 $",KACY,2026-04-28T00:54:00.000Z,39.4520,-74.5670,10,2.8,70,3,,10+,30.27,1024.9,,,TRUE,TRUE,,,,,,,,,,,,,,VFR,,,,,,,,,,,,METAR,18
"METAR KMSL 280054Z AUTO 18008KT 10SM -RA 26/18 A2992 RMK AO2 RAB35 SLP126 P0000 T02610178 $",KMSL,2026-04-28T00:54:00.000Z,34.7439,-87.5997,26.1,17.8,180,8,,10+,29.92,1012.6,,TRUE,TRUE,TRUE,,,,,-RA,,,,,,,,,VFR,,,,,,0.005,,,,,,METAR,170
"METAR KFZY 280054Z AUTO 00000KT CLR 14/02 A3012 RMK AO2 SLP201 T01440022 $",KFZY,2026-04-28T00:54:00.000Z,43.3504,-76.3832,14.4,2.2,0,0,,,30.12,1020.1,,TRUE,TRUE,TRUE,,,,,,,,,,,,,,null,,,,,,,,,,,,METAR,143
"METAR KMEM 280054Z 19009KT 10SM SCT075 26/21 A2983 RMK AO2 PK WND 18033/0036 LTG DSNT SE RAB33E36 SLP098 P0000 T02560211 $",KMEM,2026-04-28T00:54:00.000Z,35.0564,-89.9864,25.6,21.1,190,9,,10+,29.83,1009.8,,,TRUE,TRUE,,,,,,SCT,7500,,,,,,,VFR,,,,,,0.005,,,,,,METAR,78
"METAR KAPC 280054Z 21011KT 10SM SCT035 17/10 A3003 RMK AO2 SLP159 T01670100",KAPC,2026-04-28T00:54:00.000Z,38.2075,-122.2804,16.7,10,210,11,,10+,30.03,1015.9,,,TRUE,,,,,,,SCT,3500,,,,,,,VFR,,,,,,,,,,,,METAR,5
"METAR KPSF 280054Z AUTO 16005KT 10SM CLR 15/M01 A3020 RMK AO2 SLP214 T01501006 $",KPSF,2026-04-28T00:54:00.000Z,42.4269,-73.2891,15,-0.6,160,5,,10+,30.20,1021.4,,TRUE,TRUE,TRUE,,,,,,,,,,,,,,VFR,,,,,,,,,,,,METAR,352
"METAR PGSN 280054Z 08016G24KT 10SM SCT021 31/24 A2991 RMK AO2 SLP149 T03060244 $",PGSN,2026-04-28T00:54:00.000Z,15.1160,145.7200,30.6,24.4,80,16,24,10+,29.91,1014.9,,,TRUE,TRUE,,,,,,SCT,2100,,,,,,,VFR,,,,,,,,,,,,METAR,65
"METAR KVTA 280054Z AUTO 28003KT 10SM -RA FEW070 OVC095 17/14 A2996 RMK AO2 RAB03 SLP146 P0001 T01720144",KVTA,2026-04-28T00:54:00.000Z,40.0264,-82.4635,17.2,14.4,280,3,,10+,29.96,1014.6,,TRUE,TRUE,,,,,,-RA,FEW,7000,OVC,9500,,,,,VFR,,,,,,0.01,,,,,,METAR,268
"METAR KSYR 280054Z 09005KT 10SM BKN250 18/04 A3012 RMK AO2 SLP195 T01780039",KSYR,2026-04-28T00:54:00.000Z,43.1111,-76.1038,17.8,3.9,90,5,,10+,30.12,1019.5,,,TRUE,,,,,,,BKN,25000,,,,,,,VFR,,,,,,,,,,,,METAR,125
"METAR K12N 280054Z AUTO 00000KT 13/06 A3023 RMK AO1 SLP236 T01330056",K12N,2026-04-28T00:54:00.000Z,41.0093,-74.7363,13.3,5.6,0,0,,,30.23,1023.6,,TRUE,TRUE,,,,,,,,,,,,,,,null,,,,,,,,,,,,METAR,178
"METAR KTQE 280054Z AUTO 31021G30KT 10SM BKN020 OVC025 08/05 A2985 RMK AO2 PK WND 31034/2358 SLP104 T00830050",KTQE,2026-04-28T00:54:00.000Z,41.7630,-96.1797,8.3,5,310,21,30,10+,29.85,1010.4,,TRUE,TRUE,,,,,,,BKN,2000,OVC,2500,,,,,MVFR,,,,,,,,,,,,METAR,312
"METAR KCOU 280054Z 30011KT 10SM CLR 20/16 A2970 RMK AO2 SLP051 T02000161 $",KCOU,2026-04-28T00:54:00.000Z,38.8171,-92.2148,20,16.1,300,11,,10+,29.70,1005.1,,,TRUE,TRUE,,,,,,,,,,,,,,VFR,,,,,,,,,,,,METAR,272
"METAR KORH 280054Z 12005KT 10SM CLR 14/00 A3025 RMK AO2 SLP246 T01390000",KORH,2026-04-28T00:54:00.000Z,42.2706,-71.8731,13.9,0,120,5,,10+,30.25,1024.6,,,TRUE,,,,,,,,,,,,,,,VFR,,,,,,,,,,,,METAR,306
"METAR KN60 280054Z AUTO 33011KT 07/M09 A2998 RMK AO1 SLP169 T00721089",KN60,2026-04-28T00:54:00.000Z,47.6540,-101.4360,7.2,-8.9,330,11,,,29.98,1016.9,,TRUE,TRUE,,,,,,,,,,,,,,,null,,,,,,,,,,,,METAR,582
"METAR KOLM 280054Z 25009KT 10SM FEW038 OVC047 13/06 A3006 RMK AO2 SLP180 T01280056",KOLM,2026-04-28T00:54:00.000Z,46.9737,-122.9049,12.8,5.6,250,9,,10+,30.06,1018,,,TRUE,,,,,,,FEW,3800,OVC,4700,,,,,VFR,,,,,,,,,,,,METAR,58
"METAR KUIN 280054Z AUTO 28011KT 10SM CLR 20/16 A2962 RMK AO2 SLP026 T02000161",KUIN,2026-04-28T00:54:00.000Z,39.9371,-91.1966,20,16.1,280,11,,10+,29.62,1002.6,,TRUE,TRUE,,,,,,,,,,,,,,,VFR,,,,,,,,,,,,METAR,233
"METAR KCAR 280054Z AUTO 09003KT 10SM CLR 14/M02 A3023 RMK AO2 SLP241 T01441022",KCAR,2026-04-28T00:54:00.000Z,46.8705,-68.0172,14.4,-2.2,90,3,,10+,30.23,1024.1,,TRUE,TRUE,,,,,,,,,,,,,,,VFR,,,,,,,,,,,,METAR,189
"METAR KRIC 280054Z 13005KT 10SM BKN300 13/05 A3023 RMK AO2 SLP242 T01280050",KRIC,2026-04-28T00:54:00.000Z,37.5115,-77.3234,12.8,5,130,5,,10+,30.23,1024.2,,,TRUE,,,,,,,BKN,30000,,,,,,,VFR,,,,,,,,,,,,METAR,51
"METAR KMIV 280054Z AUTO 00000KT 10SM CLR 10/02 A3027 RMK AO2 SLP248 T01000022",KMIV,2026-04-28T00:54:00.000Z,39.3662,-75.0778,10,2.2,0,0,,10+,30.27,1024.8,,TRUE,TRUE,,,,,,,,,,,,,,,VFR,,,,,,,,,,,,METAR,18
"METAR KBUY 280054Z AUTO 11003KT 10SM CLR 16/07 A3019 RMK AO2 SLP220 T01560067",KBUY,2026-04-28T00:54:00.000Z,36.0475,-79.4737,15.6,6.7,110,3,,10+,30.19,1022,,TRUE,TRUE,,,,,,,,,,,,,,,VFR,,,,,,,,,,,,METAR,185
"METAR KROC 280054Z 13009KT 10SM FEW150 FEW200 BKN250 18/02 A3007 RMK AO2 SLP187 T01780022",KROC,2026-04-28T00:54:00.000Z,43.1172,-77.6754,17.8,2.2,130,9,,10+,30.07,1018.7,,,TRUE,,,,,,,FEW,15000,FEW,20000,BKN,25000,,,VFR,,,,,,,,,,,,METAR,166
"METAR KMTP 280054Z AUTO VRB04KT 11/03 A3026 RMK AO1 SLP245 T01110033",KMTP,2026-04-28T00:54:00.000Z,41.0730,-71.9235,11.1,3.3,0,4,,,30.26,1024.5,,TRUE,TRUE,,,,,,,,,,,,,,,null,,,,,,,,,,,,METAR,2
"METAR KSUS 280054Z 30005KT 6SM BR FEW034 SCT085 20/18 A2962 RMK AO2 PK WND 21032/0002 WSHFT 2349 LTG DSNT E-S RAE35B39E54 TSE25 SLP026 P0011 T02000183",KSUS,2026-04-28T00:54:00.000Z,38.6575,-90.6557,20,18.3,300,5,,6,29.62,1002.6,,,TRUE,,,,,,BR,FEW,3400,SCT,8500,,,,,VFR,,,,,,0.11,,,,,,METAR,140
"METAR KHWD 280054Z 28013KT 10SM FEW032 16/08 A3005 RMK AO2 SLP185 T01560083 $",KHWD,2026-04-28T00:54:00.000Z,37.6589,-122.1212,15.6,8.3,280,13,,10+,30.05,1018.5,,,TRUE,TRUE,,,,,,FEW,3200,,,,,,,VFR,,,,,,,,,,,,METAR,9
"METAR K1V4 280054Z AUTO 16/03 A3016 RMK AO1 SLP213 T01610033",K1V4,2026-04-28T00:54:00.000Z,44.4200,-72.0190,16.1,3.3,,,,,30.16,1021.3,,TRUE,TRUE,,,,,,,,,,,,,,,null,,,,,,,,,,,,METAR,213
"METAR KFWA 280054Z 17016G25KT 10SM FEW012 FEW095 OVC170 17/13 A2970 RMK AO2 PK WND 15040/0023 SLP055 OCNL LTGICCG DSNT S AND SW T01720133 $",KFWA,2026-04-28T00:54:00.000Z,40.9725,-85.2064,17.2,13.3,170,16,25,10+,29.70,1005.5,,,TRUE,TRUE,,,,,,FEW,1200,FEW,9500,OVC,17000,,,VFR,,,,,,,,,,,,METAR,243
"METAR KPHF 280054Z 00000KT 10SM CLR 10/06 A3026 RMK AO2 SLP247 T01000061",KPHF,2026-04-28T00:54:00.000Z,37.1322,-76.4940,10,6.1,0,0,,10+,30.26,1024.7,,,TRUE,,,,,,,,,,,,,,,VFR,,,,,,,,,,,,METAR,12
"METAR KOLS 280054Z AUTO 23013G21KT 10SM CLR 23/M13 A2995 RMK AO2 SLP101 T02331128",KOLS,2026-04-28T00:54:00.000Z,31.4208,-110.8465,23.3,-12.8,230,13,21,10+,29.95,1010.1,,TRUE,TRUE,,,,,,,,,,,,,,,VFR,,,,,,,,,,,,METAR,1194
"METAR PAKN 280054Z 16015KT 10SM BKN040 A2955 RMK AO2 SLPNO $",PAKN,2026-04-28T00:54:00.000Z,58.6830,-156.6560,,,160,15,,10+,29.55,,,,TRUE,TRUE,,,,,,BKN,4000,,,,,,,VFR,,,,,,,,,,,,METAR,20
"METAR KBWI 280054Z 16004KT 10SM BKN250 16/06 A3022 RMK AO2 SLP233 T01610056",KBWI,2026-04-28T00:54:00.000Z,39.1733,-76.6840,16.1,5.6,160,4,,10+,30.22,1023.3,,,TRUE,,,,,,,BKN,25000,,,,,,,VFR,,,,,,,,,,,,METAR,42
"METAR KBUF 280054Z 14007KT 10SM FEW210 BKN270 20/02 A3002 RMK AO2 SLP166 T02000022",KBUF,2026-04-28T00:54:00.000Z,42.9400,-78.7361,20,2.2,140,7,,10+,30.02,1016.6,,,TRUE,,,,,,,FEW,21000,BKN,27000,,,,,VFR,,,,,,,,,,,,METAR,217
"METAR KNAK 280054Z AUTO 00000KT 10SM CLR 14/09 A3024 RMK AO2 SLP241 T01390094 $",KNAK,2026-04-28T00:54:00.000Z,38.9913,-76.4891,13.9,9.4,0,0,,10+,30.24,1024.1,,TRUE,TRUE,TRUE,,,,,,,,,,,,,,VFR,,,,,,,,,,,,METAR,2
"METAR KAVP 280054Z 17005KT 10SM CLR 17/03 A3019 RMK AO2 SLP222 T01720033",KAVP,2026-04-28T00:54:00.000Z,41.3335,-75.7227,17.2,3.3,170,5,,10+,30.19,1022.2,,,TRUE,,,,,,,,,,,,,,,VFR,,,,,,,,,,,,METAR,290
"METAR KROA 280054Z 12006KT 10SM CLR 17/04 A3021 RMK AO2 SLP225 T01670044",KROA,2026-04-28T00:54:00.000Z,37.3172,-79.9737,16.7,4.4,120,6,,10+,30.21,1022.5,,,TRUE,,,,,,,,,,,,,,,VFR,,,,,,,,,,,,METAR,349
"METAR KJAN 280054Z 18007KT 10SM FEW075 26/19 A2994 RMK AO2 SLP135 T02610194",KJAN,2026-04-28T00:54:00.000Z,32.3198,-90.0778,26.1,19.4,180,7,,10+,29.94,1013.5,,,TRUE,,,,,,,FEW,7500,,,,,,,VFR,,,,,,,,,,,,METAR,92
"METAR KJST 280054Z AUTO 14008KT 10SM CLR 13/04 A3014 RMK AO2 SLP209 T01330044",KJST,2026-04-28T00:54:00.000Z,40.3149,-78.8307,13.3,4.4,140,8,,10+,30.14,1020.9,,TRUE,TRUE,,,,,,,,,,,,,,,VFR,,,,,,,,,,,,METAR,695
"METAR PHMK 280054Z 06011G23KT 10SM BKN060 OVC080 25/19 A2998 RMK AO2 SLP155 T02500194",PHMK,2026-04-28T00:54:00.000Z,21.1545,-157.0961,25,19.4,60,11,23,10+,29.98,1015.5,,,TRUE,,,,,,,BKN,6000,OVC,8000,,,,,VFR,,,,,,,,,,,,METAR,135
"METAR KPLN 280054Z AUTO 13011KT 10SM BKN100 BKN120 17/03 A2968 RMK AO2 SLP051 T01670028",KPLN,2026-04-28T00:54:00.000Z,45.5644,-84.7929,16.7,2.8,130,11,,10+,29.68,1005.1,,TRUE,TRUE,,,,,,,BKN,10000,BKN,12000,,,,,VFR,,,,,,,,,,,,METAR,215
"METAR KPHL 280054Z 15005KT 10SM BKN300 16/04 A3026 RMK AO2 SLP245 T01560044 $",KPHL,2026-04-28T00:54:00.000Z,39.8733,-75.2268,15.6,4.4,150,5,,10+,30.26,1024.5,,,TRUE,TRUE,,,,,,BKN,30000,,,,,,,VFR,,,,,,,,,,,,METAR,2
"METAR KMKC 280054Z 31012G20KT 10SM OVC035 17/11 A2981 RMK AO2 SLP090 T01670106",KMKC,2026-04-28T00:54:00.000Z,39.1279,-94.5892,16.7,10.6,310,12,20,10+,29.81,1009,,,TRUE,,,,,,,OVC,3500,,,,,,,VFR,,,,,,,,,,,,METAR,228
"METAR KBTV 280054Z 09005KT 10SM CLR 17/04 A3016 RMK AO2 SLP211 T01720044",KBTV,2026-04-28T00:54:00.000Z,44.4682,-73.1499,17.2,4.4,90,5,,10+,30.16,1021.1,,,TRUE,,,,,,,,,,,,,,,VFR,,,,,,,,,,,,METAR,101
"METAR KWLD 280054Z AUTO 35009KT 10SM CLR 21/11 A2985 RMK AO2 SLP098 T02060111 $",KWLD,2026-04-28T00:54:00.000Z,37.1649,-97.0349,20.6,11.1,350,9,,10+,29.85,1009.8,,TRUE,TRUE,TRUE,,,,,,,,,,,,,,VFR,,,,,,,,,,,,METAR,351
"METAR KRDG 280054Z 16004KT 10SM CLR 18/04 A3021 RMK AO2 SLP235 T01780039",KRDG,2026-04-28T00:54:00.000Z,40.3734,-75.9592,17.8,3.9,160,4,,10+,30.21,1023.5,,,TRUE,,,,,,,,,,,,,,,VFR,,,,,,,,,,,,METAR,101
"METAR KCRW 280054Z 13011G22KT 10SM SCT150 OVC250 23/04 A2997 RMK AO2 SLP145 T02330044 $",KCRW,2026-04-28T00:54:00.000Z,38.3795,-81.5911,23.3,4.4,130,11,22,10+,29.97,1014.5,,,TRUE,TRUE,,,,,,SCT,15000,OVC,25000,,,,,VFR,,,,,,,,,,,,METAR,278
"METAR KDYL 280054Z AUTO 00000KT 10SM CLR 14/04 A3024 RMK AO2 SLP239 T01440044",KDYL,2026-04-28T00:54:00.000Z,40.3302,-75.1228,14.4,4.4,0,0,,10+,30.24,1023.9,,TRUE,TRUE,,,,,,,,,,,,,,,VFR,,,,,,,,,,,,METAR,121
"METAR KLYH 280054Z 08003KT 10SM CLR 14/06 A3022 RMK AO2 SLP229 T01440056",KLYH,2026-04-28T00:54:00.000Z,37.3213,-79.2065,14.4,5.6,80,3,,10+,30.22,1022.9,,,TRUE,,,,,,,,,,,,,,,VFR,,,,,,,,,,,,METAR,282
"METAR KOFP 280054Z AUTO 10003KT 10SM CLR 13/04 A3024 RMK AO2 SLP240 T01280039",KOFP,2026-04-28T00:54:00.000Z,37.7093,-77.4348,12.8,3.9,100,3,,10+,30.24,1024,,TRUE,TRUE,,,,,,,,,,,,,,,VFR,,,,,,,,,,,,METAR,63
"METAR KSBY 280054Z 00000KT 10SM CLR 11/02 A3027 RMK AO2 SLP253 T01060017",KSBY,2026-04-28T00:54:00.000Z,38.3409,-75.5132,10.6,1.7,0,0,,10+,30.27,1025.3,,,TRUE,,,,,,,,,,,,,,,VFR,,,,,,,,,,,,METAR,14
"METAR KDSM 280054Z 29019G29KT 10SM OVC021 12/07 A2975 RMK AO2 PK WND 27029/0054 SLP072 T01220072",KDSM,2026-04-28T00:54:00.000Z,41.5339,-93.6531,12.2,7.2,290,19,29,10+,29.75,1007.2,,,TRUE,,,,,,,OVC,2100,,,,,,,MVFR,,,,,,,,,,,,METAR,286
"METAR KSET 280054Z AUTO 24006KT 10SM -RA SCT070 OVC095 21/17 A2963 RMK AO2 LTG DSNT NE-S RAE08B52 TSE28 SLP030 P0013 T02060167 $",KSET,2026-04-28T00:54:00.000Z,38.9304,-90.4329,20.6,16.7,240,6,,10+,29.63,1003,,TRUE,TRUE,TRUE,,,,,-RA,SCT,7000,OVC,9500,,,,,VFR,,,,,,0.13,,,,,,METAR,133
"METAR KMOT 280054Z 30013KT 10SM CLR 07/M08 A2997 RMK AO2 SLP166 T00721083",KMOT,2026-04-28T00:54:00.000Z,48.2520,-101.2690,7.2,-8.3,300,13,,10+,29.97,1016.6,,,TRUE,,,,,,,,,,,,,,,VFR,,,,,,,,,,,,METAR,507
"METAR KDDH 280054Z AUTO 16007KT 10SM CLR 16/00 A3019 RMK AO2 SLP223 T01610000",KDDH,2026-04-28T00:54:00.000Z,42.8935,-73.2488,16.1,0,160,7,,10+,30.19,1022.3,,TRUE,TRUE,,,,,,,,,,,,,,,VFR,,,,,,,,,,,,METAR,241
"METAR KGSO 280054Z 14006KT 10SM BKN250 17/06 A3018 RMK AO2 SLP216 T01720061",KGSO,2026-04-28T00:54:00.000Z,36.0969,-79.9432,17.2,6.1,140,6,,10+,30.18,1021.6,,,TRUE,,,,,,,BKN,25000,,,,,,,VFR,,,,,,,,,,,,METAR,275
"METAR KSLC 280054Z 17012KT 10SM FEW030 SCT070 BKN090 BKN130 06/03 A2993 RMK AO2 SLP129 SH DSNT NE AND SW T00560033",KSLC,2026-04-28T00:54:00.000Z,40.7707,-111.9650,5.6,3.3,170,12,,10+,29.93,1012.9,,,TRUE,,,,,,,FEW,3000,SCT,7000,BKN,9000,BKN,13000,VFR,,,,,,,,,,,,METAR,1286
"METAR KBFL 280054Z 00000KT 10SM BKN075 19/05 A2998 RMK AO2 SLP150 T01890050",KBFL,2026-04-28T00:54:00.000Z,35.4342,-119.0552,18.9,5,0,0,,10+,29.98,1015,,,TRUE,,,,,,,BKN,7500,,,,,,,VFR,,,,,,,,,,,,METAR,146
"METAR PGUM 280054Z 10015G21KT 10SM SCT023 30/23 A2991 RMK AO2 SLP120 T03000233 $",PGUM,2026-04-28T00:54:00.000Z,13.4796,144.7958,30,23.3,100,15,21,10+,29.91,1012,,,TRUE,TRUE,,,,,,SCT,2300,,,,,,,VFR,,,,,,,,,,,,METAR,74
"METAR KMVL 280054Z AUTO 19003KT 10SM CLR 10/06 A3019 RMK AO2 SLP226 T01000061",KMVL,2026-04-28T00:54:00.000Z,44.5328,-72.6152,10,6.1,190,3,,10+,30.19,1022.6,,TRUE,TRUE,,,,,,,,,,,,,,,VFR,,,,,,,,,,,,METAR,226
"METAR KWAL 280054Z 06009KT 10SM CLR 12/04 A3027 RMK AO2 SLP247 T01170039",KWAL,2026-04-28T00:54:00.000Z,37.9372,-75.4662,11.7,3.9,60,9,,10+,30.27,1024.7,,,TRUE,,,,,,,,,,,,,,,VFR,,,,,,,,,,,,METAR,10
"METAR KSJN 280054Z AUTO 22018G30KT 10SM CLR 18/M14 A2992 RMK AO2 PK WND 24034/0035 SLP082 T01781144",KSJN,2026-04-28T00:54:00.000Z,34.5184,-109.3801,17.8,-14.4,220,18,30,10+,29.92,1008.2,,TRUE,TRUE,,,,,,,,,,,,,,,VFR,,,,,,,,,,,,METAR,1747
"METAR KGCK 280054Z 06011KT 10SM CLR 17/05 A2990 RMK AO2 SLP111 T01720050",KGCK,2026-04-28T00:54:00.000Z,37.9221,-100.7230,17.2,5,60,11,,10+,29.90,1011.1,,,TRUE,,,,,,,,,,,,,,,VFR,,,,,,,,,,,,METAR,877
"METAR KAAO 280054Z AUTO 34013KT 10SM CLR 18/09 A2987 RMK AO2 SLP108 T01780094",KAAO,2026-04-28T00:54:00.000Z,37.7497,-97.2191,17.8,9.4,340,13,,10+,29.87,1010.8,,TRUE,TRUE,,,,,,,,,,,,,,,VFR,,,,,,,,,,,,METAR,429
"METAR PAHN 280054Z AUTO 12008KT 10SM CLR 09/02 A3007 RMK AO2 SLP186 T00940022 TSNO",PAHN,2026-04-28T00:54:00.000Z,59.2430,-135.5110,9.4,2.2,120,8,,10+,30.07,1018.6,,TRUE,TRUE,,,TRUE,,,,,,,,,,,,VFR,,,,,,,,,,,,METAR,15
"METAR KLWM 280054Z 15003KT 10SM CLR 13/02 A3026 RMK AO2 SLP248 T01280022",KLWM,2026-04-28T00:54:00.000Z,42.7125,-71.1256,12.8,2.2,150,3,,10+,30.26,1024.8,,,TRUE,,,,,,,,,,,,,,,VFR,,,,,,,,,,,,METAR,42
"METAR PHOG 280054Z 05018G27KT 10SM FEW030 SCT060 SCT090 27/20 A2997 RMK AO2 PK WND 06030/0028 SLP153 T02670200 $",PHOG,2026-04-28T00:54:00.000Z,20.8887,-156.4345,26.7,20,50,18,27,10+,29.97,1015.3,,,TRUE,TRUE,,,,,,FEW,3000,SCT,6000,SCT,9000,,,VFR,,,,,,,,,,,,METAR,14
"METAR KFIG 280054Z AUTO 15004KT 10SM CLR 16/04 A3014 RMK AO2 SLP210 T01560044",KFIG,2026-04-28T00:54:00.000Z,41.0465,-78.4112,15.6,4.4,150,4,,10+,30.14,1021,,TRUE,TRUE,,,,,,,,,,,,,,,VFR,,,,,,,,,,,,METAR,461
"METAR KLNK 280054Z 33021G29KT 10SM OVC026 09/04 A2992 RMK AO2 PK WND 31030/0036 SLP130 T00940039",KLNK,2026-04-28T00:54:00.000Z,40.8478,-96.7647,9.4,3.9,330,21,29,10+,29.92,1013,,,TRUE,,,,,,,OVC,2600,,,,,,,MVFR,,,,,,,,,,,,METAR,357
"METAR KRSP 280054Z AUTO 14009G15KT 10SM CLR 14/07 A3020 RMK AO2 SLP233 T01390072",KRSP,2026-04-28T00:54:00.000Z,39.6460,-77.4680,13.9,7.2,140,9,15,10+,30.20,1023.3,,TRUE,TRUE,,,,,,,,,,,,,,,VFR,,,,,,,,,,,,METAR,555
"METAR KALO 280054Z AUTO 27019G31KT 10SM BKN016 OVC022 13/09 A2962 RMK AO2 PK WND 28033/0044 SLP029 T01280094",KALO,2026-04-28T00:54:00.000Z,42.5544,-92.4013,12.8,9.4,270,19,31,10+,29.62,1002.9,,TRUE,TRUE,,,,,,,BKN,1600,OVC,2200,,,,,MVFR,,,,,,,,,,,,METAR,264
"METAR KAKR 280054Z AUTO VRB03KT 10SM CLR 19/06 A2997 RMK AO2 SLP146 T01940056",KAKR,2026-04-28T00:54:00.000Z,41.0373,-81.4634,19.4,5.6,0,3,,10+,29.97,1014.6,,TRUE,TRUE,,,,,,,,,,,,,,,VFR,,,,,,,,,,,,METAR,319
"METAR KAVL 280054Z 17006KT 10SM CLR 14/09 A3019 RMK AO2 SLP211 T01440089",KAVL,2026-04-28T00:54:00.000Z,35.4318,-82.5379,14.4,8.9,170,6,,10+,30.19,1021.1,,,TRUE,,,,,,,,,,,,,,,VFR,,,,,,,,,,,,METAR,646
"METAR KGED 280054Z AUTO 00000KT 10SM CLR 11/03 A3027 RMK AO2 SLP252 T01060028",KGED,2026-04-28T00:54:00.000Z,38.6898,-75.3625,10.6,2.8,0,0,,10+,30.27,1025.2,,TRUE,TRUE,,,,,,,,,,,,,,,VFR,,,,,,,,,,,,METAR,15
"METAR KIPT 280054Z 12004KT 10SM CLR 18/03 A3016 RMK AO2 SLP215 T01830033 $",KIPT,2026-04-28T00:54:00.000Z,41.2430,-76.9217,18.3,3.3,120,4,,10+,30.16,1021.5,,,TRUE,TRUE,,,,,,,,,,,,,,VFR,,,,,,,,,,,,METAR,160
"METAR KLVM 280054Z AUTO 30003KT 06/M06 A2991 RMK AO2 SLP152 T00561061 $",KLVM,2026-04-28T00:54:00.000Z,45.6984,-110.4415,5.6,-6.1,300,3,,,29.91,1015.2,,TRUE,TRUE,TRUE,,,,,,,,,,,,,,null,,,,,,,,,,,,METAR,1418
"METAR KEWN 280054Z 08008KT 10SM CLR 13/06 A3024 RMK AO2 SLP238 T01280061",KEWN,2026-04-28T00:54:00.000Z,35.0684,-77.0478,12.8,6.1,80,8,,10+,30.24,1023.8,,,TRUE,,,,,,,,,,,,,,,VFR,,,,,,,,,,,,METAR,3
"METAR KEVV 280054Z 18011G23KT 10SM BKN042 OVC050 26/18 A2972 RMK AO2 SLP061 T02610183",KEVV,2026-04-28T00:54:00.000Z,38.0502,-87.5147,26.1,18.3,180,11,23,10+,29.72,1006.1,,,TRUE,,,,,,,BKN,4200,OVC,5000,,,,,VFR,,,,,,,,,,,,METAR,123
"METAR KFFZ 280054Z 27005KT 10SM CLR 26/M03 A2983 RMK AO2 SLP083 T02561033",KFFZ,2026-04-28T00:54:00.000Z,33.4659,-111.7212,25.6,-3.3,270,5,,10+,29.83,1008.3,,,TRUE,,,,,,,,,,,,,,,VFR,,,,,,,,,,,,METAR,420
"METAR KPTW 280054Z AUTO VRB05KT 10SM CLR 16/06 A3025 RMK AO2 SLP242 T01610061",KPTW,2026-04-28T00:54:00.000Z,40.2380,-75.5549,16.1,6.1,0,5,,10+,30.25,1024.2,,TRUE,TRUE,,,,,,,,,,,,,,,VFR,,,,,,,,,,,,METAR,88
"METAR KGCN 280054Z 20018G26KT 10SM CLR 12/M11 A2995 RMK AO2 PK WND 21032/0039 SLP112 T01221111",KGCN,2026-04-28T00:54:00.000Z,35.9458,-112.1554,12.2,-11.1,200,18,26,10+,29.95,1011.2,,,TRUE,,,,,,,,,,,,,,,VFR,,,,,,,,,,,,METAR,1993
"METAR KEUG 280054Z 00000KT 10SM FEW035 SCT150 16/07 A3008 RMK AO2 SLP188 T01560072",KEUG,2026-04-28T00:54:00.000Z,44.1331,-123.2156,15.6,7.2,0,0,,10+,30.08,1018.8,,,TRUE,,,,,,,FEW,3500,SCT,15000,,,,,VFR,,,,,,,,,,,,METAR,109
"METAR PAKT 280053Z 31010KT 10SM FEW050 12/01 A3006 RMK AO2 SLP181 HARBOR WIND 27007KT T01220006 PNO $",PAKT,2026-04-28T00:53:00.000Z,55.3592,-131.7219,12.2,0.6,310,10,,10+,30.06,1018.1,,,TRUE,TRUE,,,,,,FEW,5000,,,,,,,VFR,,,,,,,,,,,,METAR,27
"METAR KAMW 280053Z AUTO 28017G28KT 10SM OVC018 11/08 A2971 RMK AO2 PK WND 30035/0004 SLP059 T01110078",KAMW,2026-04-28T00:53:00.000Z,41.9905,-93.6185,11.1,7.8,280,17,28,10+,29.71,1005.9,,TRUE,TRUE,,,,,,,OVC,1800,,,,,,,MVFR,,,,,,,,,,,,METAR,282
"METAR PAIL 280053Z 10010KT 10SM OVC036 03/01 A2965 RMK AO2 SLP043 T00280011",PAIL,2026-04-28T00:53:00.000Z,59.7492,-154.9091,2.8,1.1,100,10,,10+,29.65,1004.3,,,TRUE,,,,,,,OVC,3600,,,,,,,VFR,,,,,,,,,,,,METAR,44
"METAR KOJC 280053Z 31012G21KT 10SM FEW028 17/11 A2981 RMK AO2 SLP090 T01670106",KOJC,2026-04-28T00:53:00.000Z,38.8500,-94.7395,16.7,10.6,310,12,21,10+,29.81,1009,,,TRUE,,,,,,,FEW,2800,,,,,,,VFR,,,,,,,,,,,,METAR,328
"METAR KODO 280053Z AUTO 25006KT 10SM CLR 31/M06 A2983 RMK AO2 SLP056 T03111056 $",KODO,2026-04-28T00:53:00.000Z,31.9250,-102.3874,31.1,-5.6,250,6,,10+,29.83,1005.6,,TRUE,TRUE,TRUE,,,,,,,,,,,,,,VFR,,,,,,,,,,,,METAR,912
"METAR KMNN 280053Z AUTO 14006KT 5SM -RA BR OVC095 16/16 A2995 RMK AO2 TSE2358 SLP145 P0026 T01610156 $",KMNN,2026-04-28T00:53:00.000Z,40.6158,-83.0673,16.1,15.6,140,6,,5,29.95,1014.5,,TRUE,TRUE,TRUE,,,,,-RA BR,OVC,9500,,,,,,,MVFR,,,,,,0.26,,,,,,METAR,301
"METAR KMCE 280053Z AUTO 35005KT 10SM SCT065 21/03 A2998 RMK AO2 SLP153 T02060033",KMCE,2026-04-28T00:53:00.000Z,37.2860,-120.5179,20.6,3.3,350,5,,10+,29.98,1015.3,,TRUE,TRUE,,,,,,,SCT,6500,,,,,,,VFR,,,,,,,,,,,,METAR,49
"METAR KMAE 280053Z AUTO VRB03KT 10SM CLR 19/04 A3000 RMK AO2 SLP157 T01940039",KMAE,2026-04-28T00:53:00.000Z,36.9851,-120.1107,19.4,3.9,0,3,,10+,30.00,1015.7,,TRUE,TRUE,,,,,,,,,,,,,,,VFR,,,,,,,,,,,,METAR,77
"METAR KLVK 280053Z 26011KT 10SM FEW055 17/07 A3002 RMK AO2 SLP163 T01670072",KLVK,2026-04-28T00:53:00.000Z,37.6931,-121.8149,16.7,7.2,260,11,,10+,30.02,1016.3,,,TRUE,,,,,,,FEW,5500,,,,,,,VFR,,,,,,,,,,,,METAR,120
"METAR KLPR 280053Z AUTO 16013G20KT 10SM CLR 19/08 A2989 RMK AO2 PRESFR SLP120 T01940083",KLPR,2026-04-28T00:53:00.000Z,41.3463,-82.1788,19.4,8.3,160,13,20,10+,29.89,1012,,TRUE,TRUE,,,,,,,,,,,,,,,VFR,,,,,,,,,,,,METAR,241
"METAR KDFI 280053Z AUTO 14011G21KT 10SM CLR 18/14 A2974 RMK AO2 SLP069 T01830144",KDFI,2026-04-28T00:53:00.000Z,41.3357,-84.4285,18.3,14.4,140,11,21,10+,29.74,1006.9,,TRUE,TRUE,,,,,,,,,,,,,,,VFR,,,,,,,,,,,,METAR,215
"METAR KOTM 280053Z AUTO 29015G27KT 10SM OVC024 15/11 A2967 RMK AO2 PK WND 28030/2356 SLP044 T01500106",KOTM,2026-04-28T00:53:00.000Z,41.1008,-92.4445,15,10.6,290,15,27,10+,29.67,1004.4,,TRUE,TRUE,,,,,,,OVC,2400,,,,,,,MVFR,,,,,,,,,,,,METAR,254
"METAR KRQE 280053Z AUTO 22017G27KT 10SM CLR 15/M16 A2994 RMK AO2 PK WND 23031/0032 SLP067 T01501156",KRQE,2026-04-28T00:53:00.000Z,35.6571,-109.0603,15,-15.6,220,17,27,10+,29.94,1006.7,,TRUE,TRUE,,,,,,,,,,,,,,,VFR,,,,,,,,,,,,METAR,2056
"METAR KDCU 280053Z AUTO 16015G23KT 10SM OVC065 26/17 A2995 RMK AO2 SLP136 T02560172 $",KDCU,2026-04-28T00:53:00.000Z,34.6580,-86.9434,25.6,17.2,160,15,23,10+,29.95,1013.6,,TRUE,TRUE,TRUE,,,,,,OVC,6500,,,,,,,VFR,,,,,,,,,,,,METAR,180
"METAR KODX 280053Z AUTO 33017G26KT 10SM BKN022 OVC029 07/02 A2995 RMK AO2 PK WND 33026/0044 SLP151 T00670022",KODX,2026-04-28T00:53:00.000Z,41.6234,-98.9489,6.7,2.2,330,17,26,10+,29.95,1015.1,,TRUE,TRUE,,,,,,,BKN,2200,OVC,2900,,,,,MVFR,,,,,,,,,,,,METAR,628
"METAR KONT 280053Z COR 24010KT 10SM FEW065 18/04 A2998 RMK AO2 SLP146 T01830044 $",KONT,2026-04-28T00:53:00.000Z,34.0531,-117.5769,18.3,4.4,240,10,,10+,29.98,1014.6,TRUE,,TRUE,TRUE,,,,,,FEW,6500,,,,,,,VFR,,,,,,,,,,,,METAR,279
"METAR PAJN 280053Z 24006KT 10SM FEW028 BKN040 BKN130 10/01 A3011 RMK AO2 SLP195 T01000006 $",PAJN,2026-04-28T00:53:00.000Z,58.3540,-134.5561,10,0.6,240,6,,10+,30.11,1019.5,,,TRUE,TRUE,,,,,,FEW,2800,BKN,4000,BKN,13000,,,VFR,,,,,,,,,,,,METAR,6
"METAR KSHN 280053Z AUTO 24016KT 10SM FEW035 BKN044 13/05 A3003 RMK AO2 SLP171 T01280050",KSHN,2026-04-28T00:53:00.000Z,47.2384,-123.1415,12.8,5,240,16,,10+,30.03,1017.1,,TRUE,TRUE,,,,,,,FEW,3500,BKN,4400,,,,,VFR,,,,,,,,,,,,METAR,84
"METAR KSFB 280053Z 01008KT 10SM CLR 21/18 A3009 RMK AO2 SLP187 T02110178",KSFB,2026-04-28T00:53:00.000Z,28.7795,-81.2435,21.1,17.8,10,8,,10+,30.09,1018.7,,,TRUE,,,,,,,,,,,,,,,VFR,,,,,,,,,,,,METAR,16
"METAR KSAF 280053Z 22009KT 10SM CLR 18/M16 A2992 RMK AO2 SLP072 T01781161",KSAF,2026-04-28T00:53:00.000Z,35.6110,-106.0957,17.8,-16.1,220,9,,10+,29.92,1007.2,,,TRUE,,,,,,,,,,,,,,,VFR,,,,,,,,,,,,METAR,1918
"METAR KWVI 280053Z AUTO 26006KT 10SM BKN060 15/07 A3006 RMK AO2 SLP177 T01500067",KWVI,2026-04-28T00:53:00.000Z,36.9394,-121.7900,15,6.7,260,6,,10+,30.06,1017.7,,TRUE,TRUE,,,,,,,BKN,6000,,,,,,,VFR,,,,,,,,,,,,METAR,47
"METAR KRVS 280053Z 32003KT 10SM CLR 24/13 A2978 RMK AO2 SLP087 T02440133",KRVS,2026-04-28T00:53:00.000Z,36.0424,-95.9901,24.4,13.3,320,3,,10+,29.78,1008.7,,,TRUE,,,,,,,,,,,,,,,VFR,,,,,,,,,,,,METAR,191
"METAR KVUO 280053Z AUTO 19003KT 10SM OVC050 14/07 A3010 RMK AO2 SLP193 T01440067",KVUO,2026-04-28T00:53:00.000Z,45.6210,-122.6542,14.4,6.7,190,3,,10+,30.10,1019.3,,TRUE,TRUE,,,,,,,OVC,5000,,,,,,,VFR,,,,,,,,,,,,METAR,7
"METAR KALW 280053Z 00000KT 10SM SCT075 18/M05 A2990 RMK AO2 SLP124 T01831050",KALW,2026-04-28T00:53:00.000Z,46.0946,-118.2857,18.3,-5,0,0,,10+,29.90,1012.4,,,TRUE,,,,,,,SCT,7500,,,,,,,VFR,,,,,,,,,,,,METAR,355
"METAR KVIH 280053Z AUTO 27008KT 10SM FEW075 18/17 A2972 RMK AO2 LTG DSNT SE RAE01 TSE2358 SLP056 P0000 T01830167",KVIH,2026-04-28T00:53:00.000Z,38.1318,-91.7647,18.3,16.7,270,8,,10+,29.72,1005.6,,TRUE,TRUE,,,,,,,FEW,7500,,,,,,,VFR,,,,,,0.005,,,,,,METAR,342
"METAR KVCB 280053Z AUTO 22010G17KT 10SM CLR 18/08 A3001 RMK AO2 SLP162 T01830083",KVCB,2026-04-28T00:53:00.000Z,38.3775,-121.9585,18.3,8.3,220,10,17,10+,30.01,1016.2,,TRUE,TRUE,,,,,,,,,,,,,,,VFR,,,,,,,,,,,,METAR,30
"METAR KBFM 280053Z 17012G20KT 10SM FEW015 23/22 A3004 RMK AO2 SLP170 T02330217",KBFM,2026-04-28T00:53:00.000Z,30.6147,-88.0630,23.3,21.7,170,12,20,10+,30.04,1017,,,TRUE,,,,,,,FEW,1500,,,,,,,VFR,,,,,,,,,,,,METAR,7
"METAR KRIL 280053Z AUTO 11015KT 10SM 10/02 A2987 RMK AO2 WSHFT 0007 RAB27E40 SLP091 P0000 T01000022",KRIL,2026-04-28T00:53:00.000Z,39.5279,-107.7197,10,2.2,110,15,,10+,29.87,1009.1,,TRUE,TRUE,,,,,,,,,,,,,,,VFR,,,,,,0.005,,,,,,METAR,1683
"METAR KBFF 280053Z AUTO 08011KT 10SM SCT120 06/M01 A2999 RMK AO2 SLP163 T00611011",KBFF,2026-04-28T00:53:00.000Z,41.8747,-103.6011,6.1,-1.1,80,11,,10+,29.99,1016.3,,TRUE,TRUE,,,,,,,SCT,12000,,,,,,,VFR,,,,,,,,,,,,METAR,1204
"METAR KBYG 280053Z AUTO 01008KT 10SM OVC016 M01/M04 A2996 RMK AO2 SLP174 T10061039",KBYG,2026-04-28T00:53:00.000Z,44.3812,-106.7195,-0.6,-3.9,10,8,,10+,29.96,1017.4,,TRUE,TRUE,,,,,,,OVC,1600,,,,,,,MVFR,,,,,,,,,,,,METAR,1503
"METAR KBWG 280053Z AUTO 18011G22KT 10SM OVC055 26/16 A2982 RMK AO2 SLP094 T02610161",KBWG,2026-04-28T00:53:00.000Z,36.9647,-86.4238,26.1,16.1,180,11,22,10+,29.82,1009.4,,TRUE,TRUE,,,,,,,OVC,5500,,,,,,,VFR,,,,,,,,,,,,METAR,159
"METAR KBVY 280053Z AUTO 16005KT 10SM CLR 09/02 A3026 RMK AO2 SLP242 T00940022",KBVY,2026-04-28T00:53:00.000Z,42.5841,-70.9153,9.4,2.2,160,5,,10+,30.26,1024.2,,TRUE,TRUE,,,,,,,,,,,,,,,VFR,,,,,,,,,,,,METAR,28
"METAR KELM 280053Z 25003KT 8SM CLR 15/03 A3014 RMK AO2 SLP207 T01500028",KELM,2026-04-28T00:53:00.000Z,42.1601,-76.8900,15,2.8,250,3,,8,30.14,1020.7,,,TRUE,,,,,,,,,,,,,,,VFR,,,,,,,,,,,,METAR,287
"METAR KRDD 280053Z 11003KT 10SM BKN120 19/06 A2996 RMK AO2 SLP142 T01940061",KRDD,2026-04-28T00:53:00.000Z,40.5146,-122.2977,19.4,6.1,110,3,,10+,29.96,1014.2,,,TRUE,,,,,,,BKN,12000,,,,,,,VFR,,,,,,,,,,,,METAR,152
"METAR KDXR 280053Z 00000KT 10SM CLR 13/04 A3026 RMK AO2 SLP246 T01330044",KDXR,2026-04-28T00:53:00.000Z,41.3721,-73.4834,13.3,4.4,0,0,,10+,30.26,1024.6,,,TRUE,,,,,,,,,,,,,,,VFR,,,,,,,,,,,,METAR,138
"METAR KDWH 280053Z 16004KT 10SM FEW035 SCT043 28/22 A2984 RMK AO2 SLP103 T02830222",KDWH,2026-04-28T00:53:00.000Z,30.0680,-95.5563,28.3,22.2,160,4,,10+,29.84,1010.3,,,TRUE,,,,,,,FEW,3500,SCT,4300,,,,,VFR,,,,,,,,,,,,METAR,46
"METAR KASD 280053Z AUTO 14006KT 10SM CLR 24/21 A2999 RMK AO2 SLP155 T02440206",KASD,2026-04-28T00:53:00.000Z,30.3436,-89.8224,24.4,20.6,140,6,,10+,29.99,1015.5,,TRUE,TRUE,,,,,,,,,,,,,,,VFR,,,,,,,,,,,,METAR,8
"METAR KAAF 280053Z AUTO 16003KT 10SM CLR 23/18 A3006 RMK AO1 SLP180 T02330183",KAAF,2026-04-28T00:53:00.000Z,29.7268,-85.0248,23.3,18.3,160,3,,10+,30.06,1018,,TRUE,TRUE,,,,,,,,,,,,,,,VFR,,,,,,,,,,,,METAR,5
"METAR KFYV 280053Z 30011G17KT 8SM FEW060 26/16 A2978 RMK AO2 SLP069 T02610161",KFYV,2026-04-28T00:53:00.000Z,36.0103,-94.1624,26.1,16.1,300,11,17,8,29.78,1006.9,,,TRUE,,,,,,,FEW,6000,,,,,,,VFR,,,,,,,,,,,,METAR,377
"METAR PAYA 280053Z AUTO 20003KT 10SM OVC018 07/03 A3011 RMK AO2 SLP197 T00670028 TSNO $",PAYA,2026-04-28T00:53:00.000Z,59.5120,-139.6710,6.7,2.8,200,3,,10+,30.11,1019.7,,TRUE,TRUE,TRUE,,TRUE,,,,OVC,1800,,,,,,,MVFR,,,,,,,,,,,,METAR,9
"METAR KGEG 280053Z 12006KT 10SM -RA SCT050 BKN070 BKN085 BKN140 13/01 A2988 RMK AO2 RAB43 SLP122 P0000 T01280006",KGEG,2026-04-28T00:53:00.000Z,47.6217,-117.5280,12.8,0.6,120,6,,10+,29.88,1012.2,,,TRUE,,,,,,-RA,SCT,5000,BKN,7000,BKN,8500,BKN,14000,VFR,,,,,,0.005,,,,,,METAR,718
"METAR KBOI 280053Z AUTO 29014KT 10SM FEW065 14/M02 A2992 RMK AO2 SLP133 T01441017",KBOI,2026-04-28T00:53:00.000Z,43.5670,-116.2406,14.4,-1.7,290,14,,10+,29.92,1013.3,,TRUE,TRUE,,,,,,,FEW,6500,,,,,,,VFR,,,,,,,,,,,,METAR,860
"METAR KMLU 280053Z 18013G20KT 10SM BKN085 29/21 A2987 RMK AO2 SLP114 T02940211",KMLU,2026-04-28T00:53:00.000Z,32.5155,-92.0299,29.4,21.1,180,13,20,10+,29.87,1011.4,,,TRUE,,,,,,,BKN,8500,,,,,,,VFR,,,,,,,,,,,,METAR,22
"METAR KMYR 280053Z 11004KT 10SM SCT022 17/12 A3021 RMK AO2 SLP230 T01670122 $",KMYR,2026-04-28T00:53:00.000Z,33.6769,-78.9325,16.7,12.2,110,4,,10+,30.21,1023,,,TRUE,TRUE,,,,,,SCT,2200,,,,,,,VFR,,,,,,,,,,,,METAR,7
"METAR KLSE 280053Z 29014G21KT 10SM SCT027 BKN047 OVC075 17/13 A2947",KLSE,2026-04-28T00:53:00.000Z,43.8792,-91.2530,17,13,290,14,21,10+,29.47,,,,,,,,,,,SCT,2700,BKN,4700,OVC,7500,,,VFR,,,,,,,,,,,,METAR,198
"METAR KGGW 280053Z AUTO 00000KT 10SM OVC060 06/M06 A3000 RMK AO2 SLP187 T00561061 TSNO $ ",KGGW,2026-04-28T00:53:00.000Z,48.2142,-106.6214,5.6,-6.1,0,0,,10+,30.00,1018.7,,TRUE,TRUE,TRUE,,TRUE,,,,OVC,6000,,,,,,,VFR,,,,,,,,,,,,METAR,698
"METAR KGFL 280053Z AUTO 00000KT 10SM CLR 12/04 A3016 RMK AO2 SLP216 T01170044",KGFL,2026-04-28T00:53:00.000Z,43.3385,-73.6102,11.7,4.4,0,0,,10+,30.16,1021.6,,TRUE,TRUE,,,,,,,,,,,,,,,VFR,,,,,,,,,,,,METAR,99
"METAR KCXO 280053Z 13007KT 10SM BKN037 28/23 A2985 RMK AO2 SLP105 T02780228",KCXO,2026-04-28T00:53:00.000Z,30.3611,-95.4176,27.8,22.8,130,7,,10+,29.85,1010.5,,,TRUE,,,,,,,BKN,3700,,,,,,,VFR,,,,,,,,,,,,METAR,69
"METAR KPIR 280053Z AUTO 32013KT 10SM OVC060 06/03 A2998 RMK AO2 SLP161 T00610033",KPIR,2026-04-28T00:53:00.000Z,44.3819,-100.2864,6.1,3.3,320,13,,10+,29.98,1016.1,,TRUE,TRUE,,,,,,,OVC,6000,,,,,,,VFR,,,,,,,,,,,,METAR,524
"METAR KPBI 280053Z 03009KT 10SM FEW022 SCT037 SCT060 26/20 A3003 RMK AO2 RAB12E21 SLP169 P0000 T02560200 $",KPBI,2026-04-28T00:53:00.000Z,26.6851,-80.0992,25.6,20,30,9,,10+,30.03,1016.9,,,TRUE,TRUE,,,,,,FEW,2200,SCT,3700,SCT,6000,,,VFR,,,,,,0.005,,,,,,METAR,4
"METAR KTKI 280053Z 16017KT 10SM TS FEW085 29/22 A2976 RMK AO2 LTG DSNT E-SW TSB33 SLP072 T02940217",KTKI,2026-04-28T00:53:00.000Z,33.1828,-96.5899,29.4,21.7,160,17,,10+,29.76,1007.2,,,TRUE,,,,,,TS,FEW,8500,,,,,,,VFR,,,,,,,,,,,,METAR,173
"METAR KTIW 280053Z 23008KT 200V280 10SM OVC033 13/06 A3005 RMK AO2 SLP177 T01280061",KTIW,2026-04-28T00:53:00.000Z,47.2674,-122.5762,12.8,6.1,230,8,,10+,30.05,1017.7,,,TRUE,,,,,,,OVC,3300,,,,,,,VFR,,,,,,,,,,,,METAR,89
"METAR KTHV 280053Z AUTO 16005KT 10SM CLR 16/07 A3020 RMK AO2 SLP231 T01610067",KTHV,2026-04-28T00:53:00.000Z,39.9194,-76.8769,16.1,6.7,160,5,,10+,30.20,1023.1,,TRUE,TRUE,,,,,,,,,,,,,,,VFR,,,,,,,,,,,,METAR,141
"METAR KTDZ 280053Z AUTO 15014KT 10SM CLR 17/14 A2980 RMK AO2 SLP088 T01720144",KTDZ,2026-04-28T00:53:00.000Z,41.5633,-83.4767,17.2,14.4,150,14,,10+,29.80,1008.8,,TRUE,TRUE,,,,,,,,,,,,,,,VFR,,,,,,,,,,,,METAR,189
"METAR KTCC 280053Z AUTO 25016G22KT CLR 24/M11 A2982 RMK AO2 PK WND 27029/0008 SLP047 T02441111 PWINO $",KTCC,2026-04-28T00:53:00.000Z,35.1805,-103.6014,24.4,-11.1,250,16,22,,29.82,1004.7,,TRUE,TRUE,TRUE,,,,TRUE,,,,,,,,,,null,,,,,,,,,,,,METAR,1233
"METAR KSWO 280053Z 35006KT 10SM CLR 22/13 A2980 RMK AO2 SLP081 T02220128",KSWO,2026-04-28T00:53:00.000Z,36.1624,-97.0832,22.2,12.8,350,6,,10+,29.80,1008.1,,,TRUE,,,,,,,,,,,,,,,VFR,,,,,,,,,,,,METAR,293
"METAR KAUG 280053Z AUTO 17008G16KT 10SM CLR 11/03 A3026 RMK AO2 SLP249 T01110028",KAUG,2026-04-28T00:53:00.000Z,44.3161,-69.7970,11.1,2.8,170,8,16,10+,30.26,1024.9,,TRUE,TRUE,,,,,,,,,,,,,,,VFR,,,,,,,,,,,,METAR,107
"METAR KASE 280053Z 19012G18KT 10SM OVC080 09/M07 A2991 RMK AO2 SLP071 T00941067",KASE,2026-04-28T00:53:00.000Z,39.2299,-106.8705,9.4,-6.7,190,12,18,10+,29.91,1007.1,,,TRUE,,,,,,,OVC,8000,,,,,,,VFR,,,,,,,,,,,,METAR,2384
"METAR KARB 280053Z AUTO 13006KT 10SM SCT110 15/11 A2979 RMK AO2 SLP088 T01500111",KARB,2026-04-28T00:53:00.000Z,42.2239,-83.7398,15,11.1,130,6,,10+,29.79,1008.8,,TRUE,TRUE,,,,,,,SCT,11000,,,,,,,VFR,,,,,,,,,,,,METAR,251
"METAR KBMQ 280053Z AUTO 15005KT 10SM CLR 28/22 A2983 RMK AO2 SLP082 T02830217",KBMQ,2026-04-28T00:53:00.000Z,30.7407,-98.2354,28.3,21.7,150,5,,10+,29.83,1008.2,,TRUE,TRUE,,,,,,,,,,,,,,,VFR,,,,,,,,,,,,METAR,387
"METAR KBNA 280053Z 19016G27KT 10SM SCT047 BKN060 BKN250 26/16 A2988 RMK AO2 PK WND 18027/0046 SLP111 T02610156 $",KBNA,2026-04-28T00:53:00.000Z,36.1105,-86.6881,26.1,15.6,190,16,27,10+,29.88,1011.1,,,TRUE,TRUE,,,,,,SCT,4700,BKN,6000,BKN,25000,,,VFR,,,,,,,,,,,,METAR,168
"METAR KBPI 280053Z AUTO 00000KT 10SM BKN070 BKN100 05/M04 A2990 RMK AO2 SLP122 T00501044",KBPI,2026-04-28T00:53:00.000Z,42.5780,-110.1098,5,-4.4,0,0,,10+,29.90,1012.2,,TRUE,TRUE,,,,,,,BKN,7000,BKN,10000,,,,,VFR,,,,,,,,,,,,METAR,2120
"METAR KDMN 280053Z AUTO 27015G21KT 10SM CLR 27/M08 A2991 RMK AO2 PK WND 28028/2354 SLP071 T02671083",KDMN,2026-04-28T00:53:00.000Z,32.2592,-107.7206,26.7,-8.3,270,15,21,10+,29.91,1007.1,,TRUE,TRUE,,,,,,,,,,,,,,,VFR,,,,,,,,,,,,METAR,1310
"METAR KDMO 280053Z AUTO 31009G16KT 10SM CLR 20/14 A2975 RMK AO2 SLP071 T02000144 $",KDMO,2026-04-28T00:53:00.000Z,38.7120,-93.1747,20,14.4,310,9,16,10+,29.75,1007.1,,TRUE,TRUE,TRUE,,,,,,,,,,,,,,VFR,,,,,,,,,,,,METAR,271
"METAR KARA 280053Z 16010KT 10SM FEW019 25/22 A2995 RMK AO2 SLP142 T02500217",KARA,2026-04-28T00:53:00.000Z,30.0292,-91.8845,25,21.7,160,10,,10+,29.95,1014.2,,,TRUE,,,,,,,FEW,1900,,,,,,,VFR,,,,,,,,,,,,METAR,5
"METAR KAPF 280053Z 00000KT 9SM CLR 25/23 A3000 RMK AO2 SLP159 T02500233 $",KAPF,2026-04-28T00:53:00.000Z,26.1550,-81.7751,25,23.3,0,0,,9,30.00,1015.9,,,TRUE,TRUE,,,,,,,,,,,,,,VFR,,,,,,,,,,,,METAR,2
"METAR KEET 280053Z AUTO 15006KT 10SM CLR 23/18 A3001 RMK AO2 SLP157 T02330178",KEET,2026-04-28T00:53:00.000Z,33.1784,-86.7818,23.3,17.8,150,6,,10+,30.01,1015.7,,TRUE,TRUE,,,,,,,,,,,,,,,VFR,,,,,,,,,,,,METAR,172
"METAR KELD 280053Z AUTO 18005KT 10SM OVC045 27/22 A2984 RMK AO2 SLP101 T02670222",KELD,2026-04-28T00:53:00.000Z,33.2207,-92.8140,26.7,22.2,180,5,,10+,29.84,1010.1,,TRUE,TRUE,,,,,,,OVC,4500,,,,,,,VFR,,,,,,,,,,,,METAR,76
"METAR KELN 280053Z AUTO 31021G33KT 10SM SCT120 14/02 A2990 RMK AO2 PK WND 31037/0014 SLP131 T01440022",KELN,2026-04-28T00:53:00.000Z,47.0338,-120.5314,14.4,2.2,310,21,33,10+,29.90,1013.1,,TRUE,TRUE,,,,,,,SCT,12000,,,,,,,VFR,,,,,,,,,,,,METAR,532
"METAR KEMP 280053Z AUTO 35009KT 10SM CLR 16/11 A2986 RMK AO2 SLP108 T01610106",KEMP,2026-04-28T00:53:00.000Z,38.3291,-96.1945,16.1,10.6,350,9,,10+,29.86,1010.8,,TRUE,TRUE,,,,,,,,,,,,,,,VFR,,,,,,,,,,,,METAR,366
"METAR KENW 280053Z AUTO 18013G21KT 10SM FEW070 BKN090 18/15 A2959 RMK AO2 SLP019 T01830150",KENW,2026-04-28T00:53:00.000Z,42.5953,-87.9383,18.3,15,180,13,21,10+,29.59,1001.9,,TRUE,TRUE,,,,,,,FEW,7000,BKN,9000,,,,,VFR,,,,,,,,,,,,METAR,222
"METAR KAGC 280053Z 12009KT 10SM CLR 18/04 A3004 RMK AO2 SLP176 T01830039",KAGC,2026-04-28T00:53:00.000Z,40.3551,-79.9215,18.3,3.9,120,9,,10+,30.04,1017.6,,,TRUE,,,,,,,,,,,,,,,VFR,,,,,,,,,,,,METAR,380
"METAR KEPH 280053Z AUTO 23011KT 10SM CLR 20/M02 A2984 RMK AO2 SLP105 T02001017",KEPH,2026-04-28T00:53:00.000Z,47.3078,-119.5155,20,-1.7,230,11,,10+,29.84,1010.5,,TRUE,TRUE,,,,,,,,,,,,,,,VFR,,,,,,,,,,,,METAR,382
"METAR KEQY 280053Z AUTO 00000KT 10SM CLR 16/08 A3017 RMK AO2 SLP225 T01560083",KEQY,2026-04-28T00:53:00.000Z,35.0147,-80.6242,15.6,8.3,0,0,,10+,30.17,1022.5,,TRUE,TRUE,,,,,,,,,,,,,,,VFR,,,,,,,,,,,,METAR,205
"METAR KCRQ 280053Z 28008KT 270V330 10SM CLR 17/05 A3000 RMK AO2 SLP156 T01720050",KCRQ,2026-04-28T00:53:00.000Z,33.1299,-117.2765,17.2,5,280,8,,10+,30.00,1015.6,,,TRUE,,,,,,,,,,,,,,,VFR,,,,,,,,,,,,METAR,96
"METAR KDGW 280053Z AUTO 09012KT 10SM BKN070 BKN090 BKN110 06/M01 A2993 RMK AO2 SLP147 T00561006 $",KDGW,2026-04-28T00:53:00.000Z,42.7960,-105.3800,5.6,-0.6,90,12,,10+,29.93,1014.7,,TRUE,TRUE,TRUE,,,,,,BKN,7000,BKN,9000,BKN,11000,,,VFR,,,,,,,,,,,,METAR,1503
"METAR KDHN 280053Z 09005KT 10SM CLR 24/16 A3009 RMK AO1 SLP186 T02440161",KDHN,2026-04-28T00:53:00.000Z,31.3177,-85.4432,24.4,16.1,90,5,,10+,30.09,1018.6,,,TRUE,,,,,,,,,,,,,,,VFR,,,,,,,,,,,,METAR,113
"METAR KAEX 280053Z 18011KT 9SM BKN075 27/21 A2990 RMK AO2 SLP128 T02720211",KAEX,2026-04-28T00:53:00.000Z,31.3346,-92.5585,27.2,21.1,180,11,,9,29.90,1012.8,,,TRUE,,,,,,,BKN,7500,,,,,,,VFR,,,,,,,,,,,,METAR,25
"METAR KDKK 280053Z AUTO 16011KT 10SM CLR 19/03 A3000 RMK AO2 SLP158 T01940028 $",KDKK,2026-04-28T00:53:00.000Z,42.4932,-79.2762,19.4,2.8,160,11,,10+,30.00,1015.8,,TRUE,TRUE,TRUE,,,,,,,,,,,,,,VFR,,,,,,,,,,,,METAR,205
"METAR KDLN 280053Z AUTO 06005KT 10SM SCT100 07/M07 A2989 RMK AO2 SLP130 T00671072",KDLN,2026-04-28T00:53:00.000Z,45.2584,-112.5546,6.7,-7.2,60,5,,10+,29.89,1013,,TRUE,TRUE,,,,,,,SCT,10000,,,,,,,VFR,,,,,,,,,,,,METAR,1586
"METAR KDLS 280053Z AUTO 32022G35KT 10SM -RA CLR 16/04 A2997 RMK AO2 PK WND 31036/0031 RAB30 SLP148 P0000 T01560039",KDLS,2026-04-28T00:53:00.000Z,45.6190,-121.1657,15.6,3.9,320,22,35,10+,29.97,1014.8,,TRUE,TRUE,,,,,,-RA,,,,,,,,,VFR,,,,,,0.005,,,,,,METAR,71
"METAR KADG 280053Z AUTO 14012KT 10SM BKN110 18/13 A2978 RMK AO2 SLP083 T01780128",KADG,2026-04-28T00:53:00.000Z,41.8678,-84.0794,17.8,12.8,140,12,,10+,29.78,1008.3,,TRUE,TRUE,,,,,,,BKN,11000,,,,,,,VFR,,,,,,,,,,,,METAR,244
"METAR KACV 280053Z AUTO 32011G20KT 10SM CLR 13/07 A3010 RMK AO2 SLP197 T01280072",KACV,2026-04-28T00:53:00.000Z,40.9784,-124.1048,12.8,7.2,320,11,20,10+,30.10,1019.7,,TRUE,TRUE,,,,,,,,,,,,,,,VFR,,,,,,,,,,,,METAR,63
"METAR KAZO 280053Z 16011G21KT 10SM OVC075 18/14 A2969 RMK AO2 SLP052 T01780139",KAZO,2026-04-28T00:53:00.000Z,42.2283,-85.5460,17.8,13.9,160,11,21,10+,29.69,1005.2,,,TRUE,,,,,,,OVC,7500,,,,,,,VFR,,,,,,,,,,,,METAR,264
"METAR KBBW 280053Z AUTO 33015G26KT 10SM OVC028 07/01 A2997 RMK AO2 PK WND 34027/0000 SLP154 T00670011",KBBW,2026-04-28T00:53:00.000Z,41.4365,-99.6385,6.7,1.1,330,15,26,10+,29.97,1015.4,,TRUE,TRUE,,,,,,,OVC,2800,,,,,,,MVFR,,,,,,,,,,,,METAR,771
"METAR PAMC 280053Z AUTO 00000KT 7SM -RA OVC034 07/03 A2961 RMK AO2 RAE03B31 SLP032 P0000 T00720028 TSNO",PAMC,2026-04-28T00:53:00.000Z,62.9570,-155.6100,7.2,2.8,0,0,,7,29.61,1003.2,,TRUE,TRUE,,,TRUE,,,-RA,OVC,3400,,,,,,,VFR,,,,,,0.005,,,,,,METAR,101
"METAR PAVL 280053Z AUTO 07010KT 10SM FEW023 OVC036 02/01 A2969 RMK AO2 SLP054 T00220006 PWINO FZRANO TSNO $",PAVL,2026-04-28T00:53:00.000Z,67.7310,-164.5480,2.2,0.6,70,10,,10+,29.69,1005.4,,TRUE,TRUE,TRUE,,TRUE,TRUE,TRUE,,FEW,2300,OVC,3600,,,,,VFR,,,,,,,,,,,,METAR,6
"METAR KGJT 280053Z 20018G25KT 10SM CLR 17/M02 A2982 RMK AO2 SLP060 T01671022",KGJT,2026-04-28T00:53:00.000Z,39.1344,-108.5408,16.7,-2.2,200,18,25,10+,29.82,1006,,,TRUE,,,,,,,,,,,,,,,VFR,,,,,,,,,,,,METAR,1475
"METAR KBFD 280053Z AUTO 14007KT 10SM CLR 14/02 A3011 RMK AO2 SLP194 T01440017 $",KBFD,2026-04-28T00:53:00.000Z,41.7984,-78.6354,14.4,1.7,140,7,,10+,30.11,1019.4,,TRUE,TRUE,TRUE,,,,,,,,,,,,,,VFR,,,,,,,,,,,,METAR,642
"METAR KGIF 280053Z AUTO 06010KT 10SM CLR 24/17 A3008 RMK AO1 SLP184 T02390167",KGIF,2026-04-28T00:53:00.000Z,28.0614,-81.7568,23.9,16.7,60,10,,10+,30.08,1018.4,,TRUE,TRUE,,,,,,,,,,,,,,,VFR,,,,,,,,,,,,METAR,44
"METAR KBFI 280053Z 21007KT 10SM BKN025 OVC039 14/08 A3005 RMK AO2 SLP174 T01390078",KBFI,2026-04-28T00:53:00.000Z,47.5455,-122.3148,13.9,7.8,210,7,,10+,30.05,1017.4,,,TRUE,,,,,,,BKN,2500,OVC,3900,,,,,MVFR,,,,,,,,,,,,METAR,7
"METAR KCPR 280053Z VRB04KT 10SM OVC100 07/M02 A2989 RMK AO2 SLP126 T00721017",KCPR,2026-04-28T00:53:00.000Z,42.8978,-106.4736,7.2,-1.7,0,4,,10+,29.89,1012.6,,,TRUE,,,,,,,OVC,10000,,,,,,,VFR,,,,,,,,,,,,METAR,1623
"METAR KCLL 280053Z 16009KT 8SM CLR 27/23 A2982 RMK AO2 SLP091 T02720228",KCLL,2026-04-28T00:53:00.000Z,30.5912,-96.3631,27.2,22.8,160,9,,8,29.82,1009.1,,,TRUE,,,,,,,,,,,,,,,VFR,,,,,,,,,,,,METAR,96
"METAR KCHO 280053Z 17004KT 10SM CLR 15/06 A3021 RMK AO2 SLP228 T01500056",KCHO,2026-04-28T00:53:00.000Z,38.1374,-78.4551,15,5.6,170,4,,10+,30.21,1022.8,,,TRUE,,,,,,,,,,,,,,,VFR,,,,,,,,,,,,METAR,193
"METAR PABT 280053Z 11007KT 10SM FEW045 BKN220 09/M02 A2973 RMK AO2 SLP078 BKN IS PR THIN T00941017 PNO",PABT,2026-04-28T00:53:00.000Z,66.9176,-151.5189,9.4,-1.7,110,7,,10+,29.73,1007.8,,,TRUE,,,,,,,FEW,4500,BKN,22000,,,,,VFR,,,,,,,,,,,,METAR,195
"METAR KCHA 280053Z 15009KT 10SM CLR 22/12 A3002 RMK AO2 SLP161 T02220122",KCHA,2026-04-28T00:53:00.000Z,35.0336,-85.2004,22.2,12.2,150,9,,10+,30.02,1016.1,,,TRUE,,,,,,,,,,,,,,,VFR,,,,,,,,,,,,METAR,203
"METAR PACD 280053Z 16024G30KT 7SM -RA FEW036 BKN044 OVC050 04/01 A2942 RMK AO2 PK WND 16033/2354 RAB03E16B45 SLP964 P0000 T00390011",PACD,2026-04-28T00:53:00.000Z,55.2207,-162.7323,3.9,1.1,160,24,30,7,29.42,996.4,,,TRUE,,,,,,-RA,FEW,3600,BKN,4400,OVC,5000,,,VFR,,,,,,0.005,,,,,,METAR,23
"METAR KCEW 280053Z AUTO 18007KT 8SM CLR 23/20 A3008 RMK AO2 SLP182 T02280200",KCEW,2026-04-28T00:53:00.000Z,30.7771,-86.5194,22.8,20,180,7,,8,30.08,1018.2,,TRUE,TRUE,,,,,,,,,,,,,,,VFR,,,,,,,,,,,,METAR,47
"METAR PADE 280053Z AUTO 07005KT 10SM BKN060 03/01 A2963 RMK AO2 SLP035 T00330006 TSNO $",PADE,2026-04-28T00:53:00.000Z,66.0696,-162.7613,3.3,0.6,70,5,,10+,29.63,1003.5,,TRUE,TRUE,TRUE,,TRUE,,,,BKN,6000,,,,,,,VFR,,,,,,,,,,,,METAR,5
"METAR KCDS 280053Z AUTO 25009KT 10SM CLR 27/M04 A2979 RMK AO2 SLP064 T02721044",KCDS,2026-04-28T00:53:00.000Z,34.4275,-100.2839,27.2,-4.4,250,9,,10+,29.79,1006.4,,TRUE,TRUE,,,,,,,,,,,,,,,VFR,,,,,,,,,,,,METAR,595
"METAR KCDR 280053Z AUTO 03009KT 10SM OVC030 05/01 A3001 RMK AO2 SLP185 T00500006",KCDR,2026-04-28T00:53:00.000Z,42.8374,-103.0981,5,0.6,30,9,,10+,30.01,1018.5,,TRUE,TRUE,,,,,,,OVC,3000,,,,,,,MVFR,,,,,,,,,,,,METAR,1002
"METAR KCCR 280053Z 26011KT 10SM CLR 18/06 A3003 RMK AO2 SLP154 T01780061",KCCR,2026-04-28T00:53:00.000Z,37.9916,-122.0527,17.8,6.1,260,11,,10+,30.03,1015.4,,,TRUE,,,,,,,,,,,,,,,VFR,,,,,,,,,,,,METAR,6
"METAR PAKV 280053Z AUTO 05004KT 10SM FEW047 OVC060 08/M01 A2962 RMK AO2 RAB14E23 SLP031 P0000 T00831006 TSNO $",PAKV,2026-04-28T00:53:00.000Z,64.3210,-158.7320,8.3,-0.6,50,4,,10+,29.62,1003.1,,TRUE,TRUE,TRUE,,TRUE,,,,FEW,4700,OVC,6000,,,,,VFR,,,,,,0.005,,,,,,METAR,53
"METAR KBRL 280053Z AUTO 30015G25KT 10SM SCT095 20/13 A2961 RMK AO2 PRESRR SLP024 T02000128",KBRL,2026-04-28T00:53:00.000Z,40.7729,-91.1255,20,12.8,300,15,25,10+,29.61,1002.4,,TRUE,TRUE,,,,,,,SCT,9500,,,,,,,VFR,,,,,,,,,,,,METAR,208
"METAR PASI 280053Z 25006KT 10SM SCT020 OVC027 08/04 A3014 RMK AO2 SLP212 T00830039 $",PASI,2026-04-28T00:53:00.000Z,57.0470,-135.3640,8.3,3.9,250,6,,10+,30.14,1021.2,,,TRUE,TRUE,,,,,,SCT,2000,OVC,2700,,,,,MVFR,,,,,,,,,,,,METAR,2
"METAR PATK 280053Z VRB05KT 10SM BKN048 BKN120 07/02 A2980 RMK AO2 SLP095 T00720022",PATK,2026-04-28T00:53:00.000Z,62.3190,-150.0970,7.2,2.2,0,5,,10+,29.80,1009.5,,,TRUE,,,,,,,BKN,4800,BKN,12000,,,,,VFR,,,,,,,,,,,,METAR,107
"METAR KEYW 280053Z 36004KT 10SM CLR 27/21 A3000 RMK AO2 SLP164 T02670206 $",KEYW,2026-04-28T00:53:00.000Z,24.5571,-81.7554,26.7,20.6,360,4,,10+,30.00,1016.4,,,TRUE,TRUE,,,,,,,,,,,,,,VFR,,,,,,,,,,,,METAR,1
"METAR KTVR 280053Z AUTO 18004KT 10SM OVC075 27/22 A2991 RMK AO2 RAB2355E23 SLP132 P0000 T02720217",KTVR,2026-04-28T00:53:00.000Z,32.3481,-91.0299,27.2,21.7,180,4,,10+,29.91,1013.2,,TRUE,TRUE,,,,,,,OVC,7500,,,,,,,VFR,,,,,,0.005,,,,,,METAR,25
"METAR KTWF 280053Z 30018G25KT 10SM CLR 13/M10 A2991 RMK AO2 PK WND 28028/0009 SLP111 T01281100",KTWF,2026-04-28T00:53:00.000Z,42.4785,-114.4775,12.8,-10,300,18,25,10+,29.91,1011.1,,,TRUE,,,,,,,,,,,,,,,VFR,,,,,,,,,,,,METAR,1269
"METAR KTXK 280053Z 17007KT 5SM HZ SCT036 BKN042 28/25 A2982 RMK AO2 SLP091 T02830250",KTXK,2026-04-28T00:53:00.000Z,33.4560,-93.9878,28.3,25,170,7,,5,29.82,1009.1,,,TRUE,,,,,,HZ,SCT,3600,BKN,4200,,,,,MVFR,,,,,,,,,,,,METAR,118
"METAR KFDR 280053Z AUTO 27008KT 8SM CLR 28/M01 A2973 RMK AO2 SLP051 T02781011",KFDR,2026-04-28T00:53:00.000Z,34.3531,-98.9876,27.8,-1.1,270,8,,8,29.73,1005.1,,TRUE,TRUE,,,,,,,,,,,,,,,VFR,,,,,,,,,,,,METAR,378
"METAR KFAY 280053Z 00000KT 10SM CLR 14/09 A3021 RMK AO2 SLP223 T01390089",KFAY,2026-04-28T00:53:00.000Z,34.9895,-78.8800,13.9,8.9,0,0,,10+,30.21,1022.3,,,TRUE,,,,,,,,,,,,,,,VFR,,,,,,,,,,,,METAR,57
"METAR KWST 280053Z AUTO 07005KT 10SM CLR 12/03 A3024 RMK AO2 SLP240 T01170033",KWST,2026-04-28T00:53:00.000Z,41.3509,-71.8055,11.7,3.3,70,5,,10+,30.24,1024,,TRUE,TRUE,,,,,,,,,,,,,,,VFR,,,,,,,,,,,,METAR,20
"METAR KXNA 280053Z AUTO 29005KT 10SM CLR 24/12 A2980 RMK AO2 SLP075 T02440122",KXNA,2026-04-28T00:53:00.000Z,36.2897,-94.3115,24.4,12.2,290,5,,10+,29.80,1007.5,,TRUE,TRUE,,,,,,,,,,,,,,,VFR,,,,,,,,,,,,METAR,390
"METAR KYIP 280053Z AUTO 14012KT 10SM CLR 16/11 A2980 RMK AO2 SLP089 T01560111",KYIP,2026-04-28T00:53:00.000Z,42.2420,-83.5214,15.6,11.1,140,12,,10+,29.80,1008.9,,TRUE,TRUE,,,,,,,,,,,,,,,VFR,,,,,,,,,,,,METAR,215
"METAR KYKM 280053Z 33009KT 300V360 10SM BKN080 BKN095 BKN120 19/01 A2989 RMK AO2 SLP124 T01890011",KYKM,2026-04-28T00:53:00.000Z,46.5640,-120.5349,18.9,1.1,330,9,,10+,29.89,1012.4,,,TRUE,,,,,,,BKN,8000,BKN,9500,BKN,12000,,,VFR,,,,,,,,,,,,METAR,319
"METAR KZZV 280053Z AUTO 00000KT 10SM CLR 19/08 A2996 RMK AO2 SLP144 T01940083",KZZV,2026-04-28T00:53:00.000Z,39.9461,-81.8932,19.4,8.3,0,0,,10+,29.96,1014.4,,TRUE,TRUE,,,,,,,,,,,,,,,VFR,,,,,,,,,,,,METAR,268
"METAR PAAQ 280053Z 13018G27KT 10SM OVC100 10/M03 A2977 RMK AO2 PK WND 12028/0016 WSHFT 2341 SLP084 T01001028",PAAQ,2026-04-28T00:53:00.000Z,61.5951,-149.0917,10,-2.8,130,18,27,10+,29.77,1008.4,,,TRUE,,,,,,,OVC,10000,,,,,,,VFR,,,,,,,,,,,,METAR,68
"METAR KHHR 280053Z 27010KT 10SM CLR 18/07 A3001 RMK AO2 SLP161 T01780072",KHHR,2026-04-28T00:53:00.000Z,33.9235,-118.3329,17.8,7.2,270,10,,10+,30.01,1016.1,,,TRUE,,,,,,,,,,,,,,,VFR,,,,,,,,,,,,METAR,21
"METAR KOGB 280053Z AUTO 00000KT 10SM CLR 15/11 A3019 RMK AO2 SLP221 T01500106",KOGB,2026-04-28T00:53:00.000Z,33.4637,-80.8534,15,10.6,0,0,,10+,30.19,1022.1,,TRUE,TRUE,,,,,,,,,,,,,,,VFR,,,,,,,,,,,,METAR,59
"METAR KOGD 280053Z 18007KT 10SM OVC110 08/02 A2993 RMK AO2 SLP125 T00780022",KOGD,2026-04-28T00:53:00.000Z,41.1941,-112.0168,7.8,2.2,180,7,,10+,29.93,1012.5,,,TRUE,,,,,,,OVC,11000,,,,,,,VFR,,,,,,,,,,,,METAR,1356
"METAR KOMK 280053Z AUTO 05004KT 10SM OVC095 19/M02 A2983 RMK AO2 SLP106 T01891022",KOMK,2026-04-28T00:53:00.000Z,48.4611,-119.5209,18.9,-2.2,50,4,,10+,29.83,1010.6,,TRUE,TRUE,,,,,,,OVC,9500,,,,,,,VFR,,,,,,,,,,,,METAR,395
"METAR KHGR 280053Z 14005KT 10SM CLR 17/06 A3018 RMK AO2 SLP230 T01720061 $",KHGR,2026-04-28T00:53:00.000Z,39.7062,-77.7304,17.2,6.1,140,5,,10+,30.18,1023,,,TRUE,TRUE,,,,,,,,,,,,,,VFR,,,,,,,,,,,,METAR,206
"METAR KONO 280053Z AUTO 28014KT 10SM CLR 13/01 A2996 RMK AO2 PK WND 27027/0030 SLP152 T01330006",KONO,2026-04-28T00:53:00.000Z,44.0142,-117.0081,13.3,0.6,280,14,,10+,29.96,1015.2,,TRUE,TRUE,,,,,,,,,,,,,,,VFR,,,,,,,,,,,,METAR,668
"METAR KOPF 280053Z 04011KT 10SM CLR 26/21 A3001 RMK AO2 SLP164 T02560206 $",KOPF,2026-04-28T00:53:00.000Z,25.9102,-80.2828,25.6,20.6,40,11,,10+,30.01,1016.4,,,TRUE,TRUE,,,,,,,,,,,,,,VFR,,,,,,,,,,,,METAR,1
"METAR KOSH 280053Z 14006KT 4SM BR FEW006 SCT041 13/12 A2949 RMK AO2 SLP986 T01280122",KOSH,2026-04-28T00:53:00.000Z,43.9669,-88.5582,12.8,12.2,140,6,,4,29.49,998.6,,,TRUE,,,,,,BR,FEW,600,SCT,4100,,,,,MVFR,,,,,,,,,,,,METAR,239
"METAR KOSU 280053Z 18011KT 5SM +RA BR OVC049 17/16 A2998 RMK AO2 SLP150 P0018 T01720156",KOSU,2026-04-28T00:53:00.000Z,40.0784,-83.0782,17.2,15.6,180,11,,5,29.98,1015,,,TRUE,,,,,,+RA BR,OVC,4900,,,,,,,MVFR,,,,,,0.18,,,,,,METAR,276
"METAR KPIL 280053Z AUTO 14012KT 10SM OVC018 27/24 A2979 RMK AO2 SLP086 T02670244",KPIL,2026-04-28T00:53:00.000Z,26.1597,-97.3378,26.7,24.4,140,12,,10+,29.79,1008.6,,TRUE,TRUE,,,,,,,OVC,1800,,,,,,,MVFR,,,,,,,,,,,,METAR,5
"METAR KHFD 280053Z 15004KT 10SM CLR 14/03 A3024 RMK AO2 SLP239 T01390028",KHFD,2026-04-28T00:53:00.000Z,41.7352,-72.6512,13.9,2.8,150,4,,10+,30.24,1023.9,,,TRUE,,,,,,,,,,,,,,,VFR,,,,,,,,,,,,METAR,3
"METAR KPKB 280053Z 00000KT 10SM CLR 19/09 A2996 RMK AO2 SLP143 T01940089",KPKB,2026-04-28T00:53:00.000Z,39.3395,-81.4438,19.4,8.9,0,0,,10+,29.96,1014.3,,,TRUE,,,,,,,,,,,,,,,VFR,,,,,,,,,,,,METAR,245
"METAR KHBR 280053Z AUTO 24009KT 10SM CLR 28/M06 A2977 RMK AO2 SLP064 T02831061",KHBR,2026-04-28T00:53:00.000Z,34.9891,-99.0528,28.3,-6.1,240,9,,10+,29.77,1006.4,,TRUE,TRUE,,,,,,,,,,,,,,,VFR,,,,,,,,,,,,METAR,475
"METAR KPKD 280053Z AUTO 34014G26KT 10SM OVC013 04/02 A2970 RMK AO2 PK WND 35030/0035 RAE22 SLP069 P0000 T00390022",KPKD,2026-04-28T00:53:00.000Z,46.8971,-95.0695,3.9,2.2,340,14,26,10+,29.70,1006.9,,TRUE,TRUE,,,,,,,OVC,1300,,,,,,,MVFR,,,,,,0.005,,,,,,METAR,439
"METAR KPMD 280053Z 24015G24KT 10SM CLR 16/03 A2996 RMK AO2 PK WND 24028/0017 SLP136 T01560028",KPMD,2026-04-28T00:53:00.000Z,34.6294,-118.0831,15.6,2.8,240,15,24,10+,29.96,1013.6,,,TRUE,,,,,,,,,,,,,,,VFR,,,,,,,,,,,,METAR,764
"METAR KHBG 280053Z AUTO 16008KT 10SM CLR 25/18 A3000 RMK AO2 SLP156 T02500178 PWINO",KHBG,2026-04-28T00:53:00.000Z,31.2648,-89.2561,25,17.8,160,8,,10+,30.00,1015.6,,TRUE,TRUE,,,,,TRUE,,,,,,,,,,VFR,,,,,,,,,,,,METAR,45
"METAR KPNC 280053Z AUTO 35006KT 10SM CLR 21/13 A2981 RMK AO2 SLP083 T02110133",KPNC,2026-04-28T00:53:00.000Z,36.7369,-97.1024,21.1,13.3,350,6,,10+,29.81,1008.3,,TRUE,TRUE,,,,,,,,,,,,,,,VFR,,,,,,,,,,,,METAR,304
"METAR KPNS 280053Z 17009KT 10SM FEW011 23/21 A3005 RMK AO2 SLP176 T02280206",KPNS,2026-04-28T00:53:00.000Z,30.4780,-87.1869,22.8,20.6,170,9,,10+,30.05,1017.6,,,TRUE,,,,,,,FEW,1100,,,,,,,VFR,,,,,,,,,,,,METAR,34
"METAR KGUP 280053Z AUTO 22017G30KT 10SM CLR 16/M16 A2994 RMK AO2 PK WND 23033/2359 SLP067 T01611161",KGUP,2026-04-28T00:53:00.000Z,35.5086,-108.7932,16.1,-16.1,220,17,30,10+,29.94,1006.7,,TRUE,TRUE,,,,,,,,,,,,,,,VFR,,,,,,,,,,,,METAR,1972
"METAR KPOF 280053Z AUTO 20014G23KT 10SM BKN026 BKN030 OVC038 26/22 A2970 RMK AO2 SLP053 T02560217",KPOF,2026-04-28T00:53:00.000Z,36.7697,-90.3224,25.6,21.7,200,14,23,10+,29.70,1005.3,,TRUE,TRUE,,,,,,,BKN,2600,BKN,3000,OVC,3800,,,MVFR,,,,,,,,,,,,METAR,99
"METAR KPOU 280053Z VRB04KT 10SM CLR 17/02 A3020 RMK AO2 SLP225 T01720022",KPOU,2026-04-28T00:53:00.000Z,41.6257,-73.8816,17.2,2.2,0,4,,10+,30.20,1022.5,,,TRUE,,,,,,,,,,,,,,,VFR,,,,,,,,,,,,METAR,45
"METAR KGTF 280053Z 25006KT 10SM FEW065 OVC080 08/M04 A2989 RMK AO2 SLP156 T00831044 $",KGTF,2026-04-28T00:53:00.000Z,47.4733,-111.3828,8.3,-4.4,250,6,,10+,29.89,1015.6,,,TRUE,TRUE,,,,,,FEW,6500,OVC,8000,,,,,VFR,,,,,,,,,,,,METAR,1117
"METAR KSTS 280053Z 24010KT 10SM SCT065 18/07 A3002 RMK AO2 SLP160 T01780067",KSTS,2026-04-28T00:53:00.000Z,38.5037,-122.8110,17.8,6.7,240,10,,10+,30.02,1016,,,TRUE,,,,,,,SCT,6500,,,,,,,VFR,,,,,,,,,,,,METAR,35
"METAR KGSP 280053Z 13005KT 10SM CLR 17/09 A3017 RMK AO2 SLP211 T01670089",KGSP,2026-04-28T00:53:00.000Z,34.8842,-82.2209,16.7,8.9,130,5,,10+,30.17,1021.1,,,TRUE,,,,,,,,,,,,,,,VFR,,,,,,,,,,,,METAR,285
"METAR KGSH 280053Z AUTO 15015G22KT 10SM SCT095 18/14 A2966 RMK AO2 PK WND 16027/2358 LTG DSNT W SLP041 T01780144",KGSH,2026-04-28T00:53:00.000Z,41.5265,-85.7872,17.8,14.4,150,15,22,10+,29.66,1004.1,,TRUE,TRUE,,,,,,,SCT,9500,,,,,,,VFR,,,,,,,,,,,,METAR,252
"METAR KGRR 280053Z 16013G24KT 10SM OVC065 18/13 A2967 RMK AO2 PK WND 14027/0020 SLP047 T01830133 $",KGRR,2026-04-28T00:53:00.000Z,42.8821,-85.5230,18.3,13.3,160,13,24,10+,29.67,1004.7,,,TRUE,TRUE,,,,,,OVC,6500,,,,,,,VFR,,,,,,,,,,,,METAR,239
"METAR KTMB 280053Z 06008KT 10SM CLR 26/21 A3001 RMK AO2 SLP161 T02560206 $",KTMB,2026-04-28T00:53:00.000Z,25.6423,-80.4347,25.6,20.6,60,8,,10+,30.01,1016.1,,,TRUE,TRUE,,,,,,,,,,,,,,VFR,,,,,,,,,,,,METAR,2
"METAR KTOI 280053Z AUTO 11003KT 10SM CLR 22/18 A3005 RMK AO2 SLP172 T02220178",KTOI,2026-04-28T00:53:00.000Z,31.8574,-86.0103,22.2,17.8,110,3,,10+,30.05,1017.2,,TRUE,TRUE,,,,,,,,,,,,,,,VFR,,,,,,,,,,,,METAR,120
"METAR KGRB 280053Z 16012KT 10SM SCT010 OVC041 13/11 A2952 RMK AO2 SLP999 T01280111",KGRB,2026-04-28T00:53:00.000Z,44.4796,-88.1370,12.8,11.1,160,12,,10+,29.52,999.9,,,TRUE,,,,,,,SCT,1000,OVC,4100,,,,,VFR,,,,,,,,,,,,METAR,209
"METAR KTOP 280053Z AUTO 31011KT 10SM BKN038 16/09 A2986 RMK AO2 SLP107 T01560089",KTOP,2026-04-28T00:53:00.000Z,39.0725,-95.6260,15.6,8.9,310,11,,10+,29.86,1010.7,,TRUE,TRUE,,,,,,,BKN,3800,,,,,,,VFR,,,,,,,,,,,,METAR,268
"METAR KTPA 280053Z 07007G15KT 10SM FEW055 26/18 A3005 RMK AO2 SLP174 T02610178",KTPA,2026-04-28T00:53:00.000Z,27.9633,-82.5400,26.1,17.8,70,7,15,10+,30.05,1017.4,,,TRUE,,,,,,,FEW,5500,,,,,,,VFR,,,,,,,,,,,,METAR,2
"METAR KGOK 280053Z AUTO 05003KT 10SM CLR 24/12 A2980 RMK AO2 SLP082 T02390117 $",KGOK,2026-04-28T00:53:00.000Z,35.8517,-97.4142,23.9,11.7,50,3,,10+,29.80,1008.2,,TRUE,TRUE,TRUE,,,,,,,,,,,,,,VFR,,,,,,,,,,,,METAR,326
"METAR KTRI 280053Z 13007G16KT 10SM FEW170 SCT250 19/08 A3005 RMK AO2 SLP158 T01940083",KTRI,2026-04-28T00:53:00.000Z,36.4797,-82.3989,19.4,8.3,130,7,16,10+,30.05,1015.8,,,TRUE,,,,,,,FEW,17000,SCT,25000,,,,,VFR,,,,,,,,,,,,METAR,456
"METAR KTTN 280053Z 17005KT 10SM CLR 13/03 A3024 RMK AO2 SLP235 T01280033",KTTN,2026-04-28T00:53:00.000Z,40.2768,-74.8159,12.8,3.3,170,5,,10+,30.24,1023.5,,,TRUE,,,,,,,,,,,,,,,VFR,,,,,,,,,,,,METAR,58
"METAR KGNV 280053Z 07009KT 10SM OVC021 20/16 A3015 RMK AO2 SLP208 T02000156",KGNV,2026-04-28T00:53:00.000Z,29.6917,-82.2760,20,15.6,70,9,,10+,30.15,1020.8,,,TRUE,,,,,,,OVC,2100,,,,,,,MVFR,,,,,,,,,,,,METAR,41
"METAR KGMU 280053Z 13004KT 10SM CLR 18/08 A3017 RMK AO2 SLP213 T01830083",KGMU,2026-04-28T00:53:00.000Z,34.8487,-82.3500,18.3,8.3,130,4,,10+,30.17,1021.3,,,TRUE,,,,,,,,,,,,,,,VFR,,,,,,,,,,,,METAR,309
"METAR KGLR 280053Z AUTO 15017G31KT 10SM BKN095 17/04 A2971 RMK AO2 PK WND 14031/2355 SLP061 T01670044",KGLR,2026-04-28T00:53:00.000Z,45.0166,-84.6894,16.7,4.4,150,17,31,10+,29.71,1006.1,,TRUE,TRUE,,,,,,,BKN,9500,,,,,,,VFR,,,,,,,,,,,,METAR,403
"METAR KSAV 280053Z 08005KT 10SM OVC025 17/11 A3018 RMK AO2 SLP220 T01670111",KSAV,2026-04-28T00:53:00.000Z,32.1313,-81.2023,16.7,11.1,80,5,,10+,30.18,1022,,,TRUE,,,,,,,OVC,2500,,,,,,,MVFR,,,,,,,,,,,,METAR,10
"METAR KSAC 280053Z 24008KT 10SM CLR 20/07 A2999 RMK AO2 SLP156 T02000072",KSAC,2026-04-28T00:53:00.000Z,38.5066,-121.4960,20,7.2,240,8,,10+,29.99,1015.6,,,TRUE,,,,,,,,,,,,,,,VFR,,,,,,,,,,,,METAR,5
"METAR KRXE 280053Z AUTO 06006KT 10SM FEW050 FEW080 06/00 A2992 RMK AO2 RAE38 SLP139 P0001 T00560000",KRXE,2026-04-28T00:53:00.000Z,43.8321,-111.8075,5.6,0,60,6,,10+,29.92,1013.9,,TRUE,TRUE,,,,,,,FEW,5000,FEW,8000,,,,,VFR,,,,,,0.01,,,,,,METAR,1483
"METAR KRWI 280053Z AUTO 11004KT 10SM CLR 15/07 A3023 RMK AO2 SLP235 T01500072",KRWI,2026-04-28T00:53:00.000Z,35.8502,-77.8951,15,7.2,110,4,,10+,30.23,1023.5,,TRUE,TRUE,,,,,,,,,,,,,,,VFR,,,,,,,,,,,,METAR,46
"METAR KRTN 280053Z AUTO 24015G24KT 10SM CLR 18/M12 A2988 RMK AO2 PK WND 24027/0018 WSHFT 2347 SLP057 T01781117",KRTN,2026-04-28T00:53:00.000Z,36.7418,-104.5076,17.8,-11.7,240,15,24,10+,29.88,1005.7,,TRUE,TRUE,,,,,,,,,,,,,,,VFR,,,,,,,,,,,,METAR,1939
"METAR KRBG 280053Z AUTO 36011KT 10SM CLR 18/06 A3005 RMK AO2 SLP177 T01830056",KRBG,2026-04-28T00:53:00.000Z,43.2337,-123.3578,18.3,5.6,360,11,,10+,30.05,1017.7,,TRUE,TRUE,,,,,,,,,,,,,,,VFR,,,,,,,,,,,,METAR,152
"METAR KRAL 280053Z 26012G17KT 10SM CLR 18/02 A2998 RMK AO2 SLP141 T01830022",KRAL,2026-04-28T00:53:00.000Z,33.9528,-117.4352,18.3,2.2,260,12,17,10+,29.98,1014.1,,,TRUE,,,,,,,,,,,,,,,VFR,,,,,,,,,,,,METAR,254
"METAR KRAC 280053Z AUTO 18011G22KT 10SM CLR 13/12 A2959 RMK AO2 SLP021 T01280117",KRAC,2026-04-28T00:53:00.000Z,42.7586,-87.8178,12.8,11.7,180,11,22,10+,29.59,1002.1,,TRUE,TRUE,,,,,,,,,,,,,,,VFR,,,,,,,,,,,,METAR,203
"METAR KPWA 280053Z 02014G20KT 10SM CLR 24/12 A2980 RMK AO2 SLP076 T02440117",KPWA,2026-04-28T00:53:00.000Z,35.5411,-97.6472,24.4,11.7,20,14,20,10+,29.80,1007.6,,,TRUE,,,,,,,,,,,,,,,VFR,,,,,,,,,,,,METAR,390
"METAR KPUW 280053Z AUTO 24010G15KT 10SM FEW080 OVC100 13/M01 A2992 RMK AO2 SLP139 T01331006",KPUW,2026-04-28T00:53:00.000Z,46.7438,-117.1158,13.3,-0.6,240,10,15,10+,29.92,1013.9,,TRUE,TRUE,,,,,,,FEW,8000,OVC,10000,,,,,VFR,,,,,,,,,,,,METAR,774
"METAR KMTH 280053Z AUTO 06005KT 10SM CLR 26/20 A3000 RMK AO2 SLP157 T02560200",KMTH,2026-04-28T00:53:00.000Z,24.7263,-81.0477,25.6,20,60,5,,10+,30.00,1015.7,,TRUE,TRUE,,,,,,,,,,,,,,,VFR,,,,,,,,,,,,METAR,1
"METAR KMSS 280053Z AUTO 03006KT 10SM CLR 16/03 A3014 RMK AO2 SLP207 T01610033",KMSS,2026-04-28T00:53:00.000Z,44.9334,-74.8484,16.1,3.3,30,6,,10+,30.14,1020.7,,TRUE,TRUE,,,,,,,,,,,,,,,VFR,,,,,,,,,,,,METAR,60
"METAR KMSP 280053Z 31012KT 10SM -RA OVC010 08/07 A2957 RMK AO2 RAE12B31 SLP014 P0000 T00830072",KMSP,2026-04-28T00:53:00.000Z,44.8852,-93.2313,8.3,7.2,310,12,,10+,29.57,1001.4,,,TRUE,,,,,,-RA,OVC,1000,,,,,,,MVFR,,,,,,0.005,,,,,,METAR,255
"METAR KMSO 280053Z 33010KT 10SM BKN044 OVC060 07/00 A2995 RMK AO2 SLP162 T00720000 $",KMSO,2026-04-28T00:53:00.000Z,46.9208,-114.0938,7.2,0,330,10,,10+,29.95,1016.2,,,TRUE,TRUE,,,,,,BKN,4400,OVC,6000,,,,,VFR,,,,,,,,,,,,METAR,974
"METAR KMLS 280053Z AUTO 30005KT 10SM BKN039 05/M04 A3002 RMK AO2 SLP189 T00501044",KMLS,2026-04-28T00:53:00.000Z,46.4265,-105.8834,5,-4.4,300,5,,10+,30.02,1018.9,,TRUE,TRUE,,,,,,,BKN,3900,,,,,,,VFR,,,,,,,,,,,,METAR,800
"METAR KMLC 280053Z AUTO 19003KT 10SM CLR 22/15 A2977 RMK AO2 SLP072 T02170150",KMLC,2026-04-28T00:53:00.000Z,34.8824,-95.7815,21.7,15,190,3,,10+,29.77,1007.2,,TRUE,TRUE,,,,,,,,,,,,,,,VFR,,,,,,,,,,,,METAR,231
"METAR KMKO 280053Z AUTO 31006KT 10SM CLR 26/14 A2979 RMK AO2 SLP079 T02560144 $",KMKO,2026-04-28T00:53:00.000Z,35.6576,-95.3658,25.6,14.4,310,6,,10+,29.79,1007.9,,TRUE,TRUE,TRUE,,,,,,,,,,,,,,VFR,,,,,,,,,,,,METAR,184
"METAR KMGW 280053Z 12011G25KT 10SM CLR 19/04 A3003 RMK AO2 SLP167 T01940039 $",KMGW,2026-04-28T00:53:00.000Z,39.6498,-79.9206,19.4,3.9,120,11,25,10+,30.03,1016.7,,,TRUE,TRUE,,,,,,,,,,,,,,VFR,,,,,,,,,,,,METAR,375
"METAR KMFR 280053Z 35010KT 10SM FEW110 19/02 A2998 RMK AO2 SLP151 T01890022",KMFR,2026-04-28T00:53:00.000Z,42.3750,-122.8770,18.9,2.2,350,10,,10+,29.98,1015.1,,,TRUE,,,,,,,FEW,11000,,,,,,,VFR,,,,,,,,,,,,METAR,397
"METAR KLHQ 280053Z AUTO 00000KT 8SM -RA OVC095 17/16 A2996 RMK AO2 SLP145 P0003 T01720156",KLHQ,2026-04-28T00:53:00.000Z,39.7572,-82.6633,17.2,15.6,0,0,,8,29.96,1014.5,,TRUE,TRUE,,,,,,-RA,OVC,9500,,,,,,,VFR,,,,,,0.03,,,,,,METAR,259
"METAR KLGB 280053Z 28010G17KT 10SM SCT045 18/06 A2999 RMK AO2 SLP156 T01830056 $",KLGB,2026-04-28T00:53:00.000Z,33.8118,-118.1472,18.3,5.6,280,10,17,10+,29.99,1015.6,,,TRUE,TRUE,,,,,,SCT,4500,,,,,,,VFR,,,,,,,,,,,,METAR,10
"METAR KLAN 280053Z 14015G23KT 10SM OVC100 17/11 A2972 RMK AO2 PK WND 14026/0022 SLP064 T01670111",KLAN,2026-04-28T00:53:00.000Z,42.7761,-84.5997,16.7,11.1,140,15,23,10+,29.72,1006.4,,,TRUE,,,,,,,OVC,10000,,,,,,,VFR,,,,,,,,,,,,METAR,261
"METAR KLAA 280053Z AUTO 07018G24KT 10SM CLR 19/03 A2985 RMK AO2 SLP079 T01890028",KLAA,2026-04-28T00:53:00.000Z,38.0718,-102.6875,18.9,2.8,70,18,24,10+,29.85,1007.9,,TRUE,TRUE,,,,,,,,,,,,,,,VFR,,,,,,,,,,,,METAR,1129
"METAR KJLN 280053Z 31013KT 10SM CLR 22/16 A2979 RMK AO2 SLP079 T02170161",KJLN,2026-04-28T00:53:00.000Z,37.1522,-94.4952,21.7,16.1,310,13,,10+,29.79,1007.9,,,TRUE,,,,,,,,,,,,,,,VFR,,,,,,,,,,,,METAR,297
"METAR KJKL 280053Z AUTO VRB03KT 10SM CLR 23/11 A2993 RMK AO2 SLP125 T02280106",KJKL,2026-04-28T00:53:00.000Z,37.5913,-83.3137,22.8,10.6,0,3,,10+,29.93,1012.5,,TRUE,TRUE,,,,,,,,,,,,,,,VFR,,,,,,,,,,,,METAR,414
"METAR KJER 280053Z AUTO 28020G28KT 10SM CLR 13/M11 A2990 RMK AO2 PK WND 26030/0002 SLP124 T01281106",KJER,2026-04-28T00:53:00.000Z,42.7274,-114.4547,12.8,-10.6,280,20,28,10+,29.90,1012.4,,TRUE,TRUE,,,,,,,,,,,,,,,VFR,,,,,,,,,,,,METAR,1226
"METAR KJEF 280053Z 30005KT 10SM FEW120 21/21 A2969 RMK AO2 SLP042 T02110206",KJEF,2026-04-28T00:53:00.000Z,38.5945,-92.1567,21.1,20.6,300,5,,10+,29.69,1004.2,,,TRUE,,,,,,,FEW,12000,,,,,,,VFR,,,,,,,,,,,,METAR,167
"METAR KJBR 280053Z AUTO 20016G26KT 10SM -RA FEW025 SCT037 27/21 A2977 RMK AO2 PK WND 22029/0032 SLP078 P0000 T02670211 $",KJBR,2026-04-28T00:53:00.000Z,35.8357,-90.6442,26.7,21.1,200,16,26,10+,29.77,1007.8,,TRUE,TRUE,TRUE,,,,,-RA,FEW,2500,SCT,3700,,,,,VFR,,,,,,0.005,,,,,,METAR,79
"METAR KIWI 280053Z AUTO 14004KT 10SM CLR 09/04 A3029 RMK AO2 SLP258 T00940044",KIWI,2026-04-28T00:53:00.000Z,43.9639,-69.7114,9.4,4.4,140,4,,10+,30.29,1025.8,,TRUE,TRUE,,,,,,,,,,,,,,,VFR,,,,,,,,,,,,METAR,16
"METAR KFSM 280053Z 21006KT 10SM SCT075 BKN095 29/21 A2974 RMK AO2 SLP064 T02890206",KFSM,2026-04-28T00:53:00.000Z,35.3335,-94.3653,28.9,20.6,210,6,,10+,29.74,1006.4,,,TRUE,,,,,,,SCT,7500,BKN,9500,,,,,VFR,,,,,,,,,,,,METAR,136
"METAR KFRG 280053Z 21003KT 10SM CLR 12/04 A3027 RMK AO2 SLP251 T01170039",KFRG,2026-04-28T00:53:00.000Z,40.7344,-73.4164,11.7,3.9,210,3,,10+,30.27,1025.1,,,TRUE,,,,,,,,,,,,,,,VFR,,,,,,,,,,,,METAR,23
"METAR KFPR 280053Z 05006KT 10SM FEW025 SCT032 24/19 A3004 RMK AO2 SLP172 T02390194",KFPR,2026-04-28T00:53:00.000Z,27.4981,-80.3763,23.9,19.4,50,6,,10+,30.04,1017.2,,,TRUE,,,,,,,FEW,2500,SCT,3200,,,,,VFR,,,,,,,,,,,,METAR,7
"METAR KNSI 280053Z AUTO 29015KT CLR 16/07 A3003 RMK AO2 PK WND 28027/2355 SLP164 T01560072 $",KNSI,2026-04-28T00:53:00.000Z,33.2338,-119.4559,15.6,7.2,290,15,,,30.03,1016.4,,TRUE,TRUE,TRUE,,,,,,,,,,,,,,null,,,,,,,,,,,,METAR,161
"METAR KNRS 280053Z 29012KT 10SM FEW030 SCT060 18/08 A3002 RMK AO2 SLP164 T01830078 $",KNRS,2026-04-28T00:53:00.000Z,32.5630,-117.1109,18.3,7.8,290,12,,10+,30.02,1016.4,,,TRUE,TRUE,,,,,,FEW,3000,SCT,6000,,,,,VFR,,,,,,,,,,,,METAR,15
"METAR KHSV 280053Z 17012KT 10SM BKN070 24/17 A2995 RMK AO2 SLP136 T02440167 $",KHSV,2026-04-28T00:53:00.000Z,34.6441,-86.7862,24.4,16.7,170,12,,10+,29.95,1013.6,,,TRUE,TRUE,,,,,,BKN,7000,,,,,,,VFR,,,,,,,,,,,,METAR,190
"METAR KIPL 280053Z AUTO 27016KT 10SM CLR 25/03 A2985 RMK AO2 SLP106 T02500028",KIPL,2026-04-28T00:53:00.000Z,32.8346,-115.5766,25,2.8,270,16,,10+,29.85,1010.6,,TRUE,TRUE,,,,,,,,,,,,,,,VFR,,,,,,,,,,,,METAR,-16
"METAR KIML 280053Z AUTO 02015KT 10SM CLR 08/01 A2998 RMK AO2 SLP159 T00830006",KIML,2026-04-28T00:53:00.000Z,40.5106,-101.6243,8.3,0.6,20,15,,10+,29.98,1015.9,,TRUE,TRUE,,,,,,,,,,,,,,,VFR,,,,,,,,,,,,METAR,997
"METAR KHLG 280053Z 11013KT 10SM CLR 19/05 A2999 RMK AO2 SLP157 T01940050",KHLG,2026-04-28T00:53:00.000Z,40.1699,-80.6441,19.4,5,110,13,,10+,29.99,1015.7,,,TRUE,,,,,,,,,,,,,,,VFR,,,,,,,,,,,,METAR,365
"METAR KILM 280053Z 07003KT 10SM CLR 14/11 A3020 RMK AO2 SLP227 T01440106",KILM,2026-04-28T00:53:00.000Z,34.2668,-77.8999,14.4,10.6,70,3,,10+,30.20,1022.7,,,TRUE,,,,,,,,,,,,,,,VFR,,,,,,,,,,,,METAR,9
"METAR KHKA 280053Z AUTO 20015G26KT 10SM FEW050 BKN065 OVC090 28/21 A2977 RMK AO2 PK WND 20032/0035 SLP079 T02780206 $",KHKA,2026-04-28T00:53:00.000Z,35.9378,-89.8332,27.8,20.6,200,15,26,10+,29.77,1007.9,,TRUE,TRUE,TRUE,,,,,,FEW,5000,BKN,6500,OVC,9000,,,VFR,,,,,,,,,,,,METAR,78
"METAR KICR 280053Z AUTO 33013KT 10SM FEW015 OVC022 05/03 A2999 RMK AO2 SLP167 T00500028",KICR,2026-04-28T00:53:00.000Z,43.3910,-99.8462,5,2.8,330,13,,10+,29.99,1016.7,,TRUE,TRUE,,,,,,,FEW,1500,OVC,2200,,,,,MVFR,,,,,,,,,,,,METAR,618
"METAR KIAH 280053Z 15014KT 10SM FEW033 FEW180 SCT250 28/23 A2986 RMK AO2 SLP109 T02780228",KIAH,2026-04-28T00:53:00.000Z,29.9844,-95.3607,27.8,22.8,150,14,,10+,29.86,1010.9,,,TRUE,,,,,,,FEW,3300,FEW,18000,SCT,25000,,,VFR,,,,,,,,,,,,METAR,27
"METAR KHZY 280053Z AUTO 14009KT 10SM CLR 19/04 A2997 RMK AO2 SLP147 T01940039",KHZY,2026-04-28T00:53:00.000Z,41.7794,-80.6968,19.4,3.9,140,9,,10+,29.97,1014.7,,TRUE,TRUE,,,,,,,,,,,,,,,VFR,,,,,,,,,,,,METAR,279
"METAR KHJO 280053Z AUTO VRB03KT 10SM CLR 19/06 A2999 RMK AO2 SLP158 T01940056",KHJO,2026-04-28T00:53:00.000Z,36.3114,-119.6232,19.4,5.6,0,3,,10+,29.99,1015.8,,TRUE,TRUE,,,,,,,,,,,,,,,VFR,,,,,,,,,,,,METAR,73
"METAR KLOL 280053Z AUTO 29005KT 10SM BKN085 OVC110 13/M03 A2996 RMK AO2 SLP139 T01281028",KLOL,2026-04-28T00:53:00.000Z,40.0684,-118.5702,12.8,-2.8,290,5,,10+,29.96,1013.9,,TRUE,TRUE,,,,,,,BKN,8500,OVC,11000,,,,,VFR,,,,,,,,,,,,METAR,1191
"METAR KLNS 280053Z 17005KT 10SM CLR 16/07 A3022 RMK AO2 SLP232 T01560067",KLNS,2026-04-28T00:53:00.000Z,40.1206,-76.2944,15.6,6.7,170,5,,10+,30.22,1023.2,,,TRUE,,,,,,,,,,,,,,,VFR,,,,,,,,,,,,METAR,122
"METAR KLND 280053Z AUTO 00000KT 10SM FEW041 BKN060 OVC075 02/M01 A2989 RMK AO2 SNE38 SLP141 P0000 T00221011",KLND,2026-04-28T00:53:00.000Z,42.8154,-108.7260,2.2,-1.1,0,0,,10+,29.89,1014.1,,TRUE,TRUE,,,,,,,FEW,4100,BKN,6000,OVC,7500,,,VFR,,,,,,0.005,,,,,,METAR,1700
"METAR KHIO 280053Z 23003KT 10SM FEW034 OVC042 14/07 A3008 RMK AO2 SLP187 T01390067",KHIO,2026-04-28T00:53:00.000Z,45.5476,-122.9557,13.9,6.7,230,3,,10+,30.08,1018.7,,,TRUE,,,,,,,FEW,3400,OVC,4200,,,,,VFR,,,,,,,,,,,,METAR,62
"METAR KLLQ 280053Z AUTO 19008KT 10SM SCT070 27/23 A2984 RMK AO2 SLP100 T02720228 PNO $",KLLQ,2026-04-28T00:53:00.000Z,33.6360,-91.7555,27.2,22.8,190,8,,10+,29.84,1010,,TRUE,TRUE,TRUE,,,,,,SCT,7000,,,,,,,VFR,,,,,,,,,,,,METAR,86
"METAR KLIT 280053Z 21008KT 10SM FEW060 27/23 A2979 RMK AO2 SLP087 T02670228",KLIT,2026-04-28T00:53:00.000Z,34.7273,-92.2358,26.7,22.8,210,8,,10+,29.79,1008.7,,,TRUE,,,,,,,FEW,6000,,,,,,,VFR,,,,,,,,,,,,METAR,77
"METAR KMCW 280053Z AUTO 29022G28KT 10SM OVC011 09/07 A2963 RMK AO2 PK WND 27032/2355 SLP032 T00890067",KMCW,2026-04-28T00:53:00.000Z,43.1543,-93.3262,8.9,6.7,290,22,28,10+,29.63,1003.2,,TRUE,TRUE,,,,,,,OVC,1100,,,,,,,MVFR,,,,,,,,,,,,METAR,363
"METAR KMCO 280053Z 03010G20KT 10SM FEW050 23/18 A3008 RMK AO2 SLP183 T02280178",KMCO,2026-04-28T00:53:00.000Z,28.4182,-81.3241,22.8,17.8,30,10,20,10+,30.08,1018.3,,,TRUE,,,,,,,FEW,5000,,,,,,,VFR,,,,,,,,,,,,METAR,27
"METAR KMCK 280053Z AUTO 02015KT 10SM CLR 11/01 A2996 RMK AO2 SLP147 T01060011",KMCK,2026-04-28T00:53:00.000Z,40.2040,-100.5904,10.6,1.1,20,15,,10+,29.96,1014.7,,TRUE,TRUE,,,,,,,,,,,,,,,VFR,,,,,,,,,,,,METAR,780
"METAR KMCI 280053Z 31014G23KT 10SM FEW020 BKN033 15/09 A2981 RMK AO2 SLP092 T01500089",KMCI,2026-04-28T00:53:00.000Z,39.2975,-94.7309,15,8.9,310,14,23,10+,29.81,1009.2,,,TRUE,,,,,,,FEW,2000,BKN,3300,,,,,VFR,,,,,,,,,,,,METAR,308
"METAR KOQT 280053Z AUTO VRB03KT 10SM CLR 23/12 A3001 RMK AO2 SLP152 T02280117",KOQT,2026-04-28T00:53:00.000Z,36.0230,-84.2336,22.8,11.7,0,3,,10+,30.01,1015.2,,TRUE,TRUE,,,,,,,,,,,,,,,VFR,,,,,,,,,,,,METAR,276
"METAR KDRA 280053Z AUTO 30018KT 10SM BKN080 BKN095 15/01 A2992 RMK AO2 PK WND 32027/0042 WSHFT 0030 SLP111 T01500011",KDRA,2026-04-28T00:53:00.000Z,36.6210,-116.0290,15,1.1,300,18,,10+,29.92,1011.1,,TRUE,TRUE,,,,,,,BKN,8000,BKN,9500,,,,,VFR,,,,,,,,,,,,METAR,988
"METAR KMWT 280053Z AUTO VRB03KT 8SM CLR 27/23 A2978 RMK AO2 SLP073 T02670228",KMWT,2026-04-28T00:53:00.000Z,34.5466,-93.5779,26.7,22.8,0,3,,8,29.78,1007.3,,TRUE,TRUE,,,,,,,,,,,,,,,VFR,,,,,,,,,,,,METAR,220
"METAR KGAG 280053Z AUTO 04012KT 10SM CLR 22/07 A2984 RMK AO2 SLP088 T02170072",KGAG,2026-04-28T00:53:00.000Z,36.2966,-99.7686,21.7,7.2,40,12,,10+,29.84,1008.8,,TRUE,TRUE,,,,,,,,,,,,,,,VFR,,,,,,,,,,,,METAR,670
"METAR KGLD 280053Z AUTO 04011KT 10SM CLR 13/00 A2994 RMK AO2 SLP128 T01280000",KGLD,2026-04-28T00:53:00.000Z,39.3673,-101.6932,12.8,0,40,11,,10+,29.94,1012.8,,TRUE,TRUE,,,,,,,,,,,,,,,VFR,,,,,,,,,,,,METAR,1111
"METAR KHIB 280053Z AUTO 33017G24KT 10SM -RA OVC011 05/04 A2955 RMK AO2 CIG 008V014 SLP017 P0007 T00500039",KHIB,2026-04-28T00:53:00.000Z,47.3804,-92.8325,5,3.9,330,17,24,10+,29.55,1001.7,,TRUE,TRUE,,,,,,-RA,OVC,1100,,,,,,,MVFR,,,,,,0.07,,,,,,METAR,409
"METAR KTCS 280053Z AUTO 25021G30KT 10SM CLR 24/M13 A2990 RMK AO2 PK WND 23030/2355 SLP063 T02391133 $",KTCS,2026-04-28T00:53:00.000Z,33.2369,-107.2685,23.9,-13.3,250,21,30,10+,29.90,1006.3,,TRUE,TRUE,TRUE,,,,,,,,,,,,,,VFR,,,,,,,,,,,,METAR,1471
"METAR KMSY 280053Z 15009KT 10SM FEW025 SCT150 26/20 A2999 RMK AO2 SLP157 T02560200",KMSY,2026-04-28T00:53:00.000Z,29.9974,-90.2777,25.6,20,150,9,,10+,29.99,1015.7,,,TRUE,,,,,,,FEW,2500,SCT,15000,,,,,VFR,,,,,,,,,,,,METAR,0
"METAR KMCN 280053Z AUTO 10005KT 10SM CLR 19/10 A3012 RMK AO2 SLP195 T01890100",KMCN,2026-04-28T00:53:00.000Z,32.6889,-83.6529,18.9,10,100,5,,10+,30.12,1019.5,,TRUE,TRUE,,,,,,,,,,,,,,,VFR,,,,,,,,,,,,METAR,104
"METAR KATY 280053Z AUTO 35022G31KT 10SM FEW021 OVC041 06/02 A2982 RMK AO2 PK WND 35033/0041 SLP110 T00610022",KATY,2026-04-28T00:53:00.000Z,44.9045,-97.1496,6.1,2.2,350,22,31,10+,29.82,1011,,TRUE,TRUE,,,,,,,FEW,2100,OVC,4100,,,,,VFR,,,,,,,,,,,,METAR,531
"METAR KAPA 280053Z 08007KT 8SM -RA BKN033 OVC050 09/03 A2992 RMK AO2 RAB42 SLP120 P0001 T00890028",KAPA,2026-04-28T00:53:00.000Z,39.5599,-104.8484,8.9,2.8,80,7,,8,29.92,1012,,,TRUE,,,,,,-RA,BKN,3300,OVC,5000,,,,,VFR,,,,,,0.01,,,,,,METAR,1791
"METAR KCEZ 280053Z AUTO 00000KT 10SM BKN110 16/M08 A2989 RMK AO2 PK WND 16027/0014 WSHFT 0009 SLP080 T01561078",KCEZ,2026-04-28T00:53:00.000Z,37.3071,-108.6265,15.6,-7.8,0,0,,10+,29.89,1008,,TRUE,TRUE,,,,,,,BKN,11000,,,,,,,VFR,,,,,,,,,,,,METAR,1801
"METAR KCDW 280053Z 17006KT 10SM CLR 13/01 A3025 RMK AO2 SLP250 T01330011",KCDW,2026-04-28T00:53:00.000Z,40.8764,-74.2828,13.3,1.1,170,6,,10+,30.25,1025,,,TRUE,,,,,,,,,,,,,,,VFR,,,,,,,,,,,,METAR,52
"METAR KWRL 280053Z AUTO 35011KT 10SM CLR 07/M02 A2993 RMK AO2 SLP153 T00671022",KWRL,2026-04-28T00:53:00.000Z,43.9654,-107.9502,6.7,-2.2,350,11,,10+,29.93,1015.3,,TRUE,TRUE,,,,,,,,,,,,,,,VFR,,,,,,,,,,,,METAR,1281
"METAR KUTS 280053Z AUTO 16008KT 10SM OVC034 28/23 A2984 RMK AO1 SLP099 T02830233",KUTS,2026-04-28T00:53:00.000Z,30.7443,-95.5866,28.3,23.3,160,8,,10+,29.84,1009.9,,TRUE,TRUE,,,,,,,OVC,3400,,,,,,,VFR,,,,,,,,,,,,METAR,103
"METAR KSRQ 280053Z 07011KT 10SM BKN065 27/18 A3003 RMK AO2 SLP168 T02670183",KSRQ,2026-04-28T00:53:00.000Z,27.4015,-82.5597,26.7,18.3,70,11,,10+,30.03,1016.8,,,TRUE,,,,,,,BKN,6500,,,,,,,VFR,,,,,,,,,,,,METAR,5
"METAR KSPB 280053Z AUTO 00000KT 10SM OVC035 14/07 A3008 RMK AO2 SLP185 T01390072 $",KSPB,2026-04-28T00:53:00.000Z,45.7691,-122.8637,13.9,7.2,0,0,,10+,30.08,1018.5,,TRUE,TRUE,TRUE,,,,,,OVC,3500,,,,,,,VFR,,,,,,,,,,,,METAR,15
"METAR KBNO 280053Z AUTO 10005KT 10SM BKN100 12/M04 A2995 RMK AO2 SLP148 T01221039",KBNO,2026-04-28T00:53:00.000Z,43.5949,-118.9579,12.2,-3.9,100,5,,10+,29.95,1014.8,,TRUE,TRUE,,,,,,,BKN,10000,,,,,,,VFR,,,,,,,,,,,,METAR,1263
"METAR KEEO 280053Z AUTO 27004KT 10SM BKN024 OVC110 07/02 A2990 RMK AO2 RAE14 SLP104 P0000 T00670022",KEEO,2026-04-28T00:53:00.000Z,40.0444,-107.8884,6.7,2.2,270,4,,10+,29.90,1010.4,,TRUE,TRUE,,,,,,,BKN,2400,OVC,11000,,,,,MVFR,,,,,,0.005,,,,,,METAR,1957
"METAR KDTO 280053Z 22003KT 10SM CLR 29/18 A2974 RMK AO2 LTG DSNT E AND SE SLP062 T02940183",KDTO,2026-04-28T00:53:00.000Z,33.2088,-97.1992,29.4,18.3,220,3,,10+,29.74,1006.2,,,TRUE,,,,,,,,,,,,,,,VFR,,,,,,,,,,,,METAR,199
"METAR KHRI 280053Z AUTO 27012G22KT 10SM FEW090 FEW110 19/02 A2990 RMK AO2 SLP123 T01940022 $",KHRI,2026-04-28T00:53:00.000Z,45.8259,-119.2612,19.4,2.2,270,12,22,10+,29.90,1012.3,,TRUE,TRUE,TRUE,,,,,,FEW,9000,FEW,11000,,,,,VFR,,,,,,,,,,,,METAR,194
"METAR KIXD 280053Z 31015KT 10SM SCT031 16/10 A2983 RMK AO2 SLP096 T01610100 $",KIXD,2026-04-28T00:53:00.000Z,38.8221,-94.8902,16.1,10,310,15,,10+,29.83,1009.6,,,TRUE,TRUE,,,,,,SCT,3100,,,,,,,VFR,,,,,,,,,,,,METAR,322
"METAR KGFK 280053Z 34020G32KT 10SM FEW046 BKN160 08/M03 A2985 RMK AO2 PK WND 35034/0037 SLP117 T00831028",KGFK,2026-04-28T00:53:00.000Z,47.9428,-97.1829,8.3,-2.8,340,20,32,10+,29.85,1011.7,,,TRUE,,,,,,,FEW,4600,BKN,16000,,,,,VFR,,,,,,,,,,,,METAR,256
"METAR KTTD 280053Z 25004KT 10SM OVC049 14/06 A3009 RMK AO2 SLP190 T01390061",KTTD,2026-04-28T00:53:00.000Z,45.5510,-122.4098,13.9,6.1,250,4,,10+,30.09,1019,,,TRUE,,,,,,,OVC,4900,,,,,,,VFR,,,,,,,,,,,,METAR,8
"METAR KLKV 280053Z AUTO 34011G19KT 10SM FEW049 OVC065 09/01 A3001 RMK AO2 SLP168 T00890011",KLKV,2026-04-28T00:53:00.000Z,42.1538,-120.4027,8.9,1.1,340,11,19,10+,30.01,1016.8,,TRUE,TRUE,,,,,,,FEW,4900,OVC,6500,,,,,VFR,,,,,,,,,,,,METAR,1440
"METAR PAFA 280053Z 13005KT 10SM FEW080 BKN160 BKN200 13/M03 A2967 RMK AO2 SLP052 T01281033 $",PAFA,2026-04-28T00:53:00.000Z,64.8031,-147.8761,12.8,-3.3,130,5,,10+,29.67,1005.2,,,TRUE,TRUE,,,,,,FEW,8000,BKN,16000,BKN,20000,,,VFR,,,,,,,,,,,,METAR,130
"METAR KDRT 280053Z AUTO 07007KT 10SM CLR 31/22 A2975 RMK AO1 SLP064 T03060222",KDRT,2026-04-28T00:53:00.000Z,29.3784,-100.9270,30.6,22.2,70,7,,10+,29.75,1006.4,,TRUE,TRUE,,,,,,,,,,,,,,,VFR,,,,,,,,,,,,METAR,303
"METAR KAIA 280053Z AUTO 03008KT 10SM OVC025 04/M01 A2999 RMK AO2 SLP165 T00441011",KAIA,2026-04-28T00:53:00.000Z,42.0573,-102.8017,4.4,-1.1,30,8,,10+,29.99,1016.5,,TRUE,TRUE,,,,,,,OVC,2500,,,,,,,MVFR,,,,,,,,,,,,METAR,1198
"METAR KFTY 280053Z 12006KT 10SM CLR 22/11 A3009 RMK AO2 SLP184 T02170111",KFTY,2026-04-28T00:53:00.000Z,33.7776,-84.5246,21.7,11.1,120,6,,10+,30.09,1018.4,,,TRUE,,,,,,,,,,,,,,,VFR,,,,,,,,,,,,METAR,245
"METAR KFOK 280053Z 05003KT 10SM CLR 06/02 A3027 RMK AO2 SLP251 T00610022",KFOK,2026-04-28T00:53:00.000Z,40.8505,-72.6193,6.1,2.2,50,3,,10+,30.27,1025.1,,,TRUE,,,,,,,,,,,,,,,VFR,,,,,,,,,,,,METAR,13
"METAR KFOE 280053Z 32016G22KT 10SM BKN037 16/09 A2985 RMK AO2 SLP105 T01560089 $",KFOE,2026-04-28T00:53:00.000Z,38.9414,-95.6513,15.6,8.9,320,16,22,10+,29.85,1010.5,,,TRUE,TRUE,,,,,,BKN,3700,,,,,,,VFR,,,,,,,,,,,,METAR,315
"METAR KNQX 280053Z COR 01007KT 10SM CLR 25/19 A3000 RMK SLP157 T02500194",KNQX,2026-04-28T00:53:00.000Z,24.5801,-81.6829,25,19.4,10,7,,10+,30.00,1015.7,TRUE,,,,,,,,,,,,,,,,,VFR,,,,,,,,,,,,METAR,2
"METAR KFNB 280053Z AUTO 30013KT 10SM OVC028 13/08 A2984 RMK AO2 PK WND 31028/0032 SLP103 T01280078",KFNB,2026-04-28T00:53:00.000Z,40.0791,-95.5893,12.8,7.8,300,13,,10+,29.84,1010.3,,TRUE,TRUE,,,,,,,OVC,2800,,,,,,,MVFR,,,,,,,,,,,,METAR,301
"METAR KFMY 280053Z 07014G21KT 10SM BKN055 27/19 A3001 RMK AO2 SLP164 T02670189",KFMY,2026-04-28T00:53:00.000Z,26.5840,-81.8615,26.7,18.9,70,14,21,10+,30.01,1016.4,,,TRUE,,,,,,,BKN,5500,,,,,,,VFR,,,,,,,,,,,,METAR,4
"METAR KFMN 280053Z 30004KT 10SM CLR 18/M08 A2987 RMK AO2 SLP082 T01781078",KFMN,2026-04-28T00:53:00.000Z,36.7435,-108.2293,17.8,-7.8,300,4,,10+,29.87,1008.2,,,TRUE,,,,,,,,,,,,,,,VFR,,,,,,,,,,,,METAR,1677
"METAR KFLO 280053Z AUTO 11004KT 10SM BKN042 16/11 A3018 RMK AO2 SLP219 T01610111",KFLO,2026-04-28T00:53:00.000Z,34.1877,-79.7308,16.1,11.1,110,4,,10+,30.18,1021.9,,TRUE,TRUE,,,,,,,BKN,4200,,,,,,,VFR,,,,,,,,,,,,METAR,43
"METAR KFLL 280053Z 04009KT 10SM FEW023 FEW090 FEW250 25/21 A3000 RMK AO2 SLP157 T02500206 $",KFLL,2026-04-28T00:53:00.000Z,26.0787,-80.1622,25,20.6,40,9,,10+,30.00,1015.7,,,TRUE,TRUE,,,,,,FEW,2300,FEW,9000,FEW,25000,,,VFR,,,,,,,,,,,,METAR,1
"METAR KLVS 280053Z AUTO 21016KT 10SM 16/M13 A2995 RMK AO2 PK WND 20032/0009 SLP075 T01611133 $",KLVS,2026-04-28T00:53:00.000Z,35.6558,-105.1385,16.1,-13.3,210,16,,10+,29.95,1007.5,,TRUE,TRUE,TRUE,,,,,,,,,,,,,,VFR,,,,,,,,,,,,METAR,2095
"METAR KFLD 280053Z AUTO 13006KT 8SM CLR 13/12 A2951 RMK AO2 SLP994 T01330122",KFLD,2026-04-28T00:53:00.000Z,43.7695,-88.4907,13.3,12.2,130,6,,8,29.51,999.4,,TRUE,TRUE,,,,,,,,,,,,,,,VFR,,,,,,,,,,,,METAR,242
"METAR KFHR 280053Z AUTO 16006KT 10SM OVC047 13/08 A3003 RMK AO2 SLP170 T01330083",KFHR,2026-04-28T00:53:00.000Z,48.5200,-123.0264,13.3,8.3,160,6,,10+,30.03,1017,,TRUE,TRUE,,,,,,,OVC,4700,,,,,,,VFR,,,,,,,,,,,,METAR,34
"METAR KLVJ 280053Z AUTO 14008KT 7SM OVC031 27/23 A2988 RMK AO2 SLP119 T02670233",KLVJ,2026-04-28T00:53:00.000Z,29.5192,-95.2423,26.7,23.3,140,8,,7,29.88,1011.9,,TRUE,TRUE,,,,,,,OVC,3100,,,,,,,VFR,,,,,,,,,,,,METAR,11
"METAR KHUL 280053Z AUTO 14008KT 10SM CLR 14/01 A3024 RMK AO2 SLP242 T01390011",KHUL,2026-04-28T00:53:00.000Z,46.1185,-67.7929,13.9,1.1,140,8,,10+,30.24,1024.2,,TRUE,TRUE,,,,,,,,,,,,,,,VFR,,,,,,,,,,,,METAR,148
"METAR KPTK 280053Z 14011KT 10SM FEW080 SCT120 OVC180 17/07 A2979 RMK SLPNO T01700070",KPTK,2026-04-28T00:53:00.000Z,42.6632,-83.4100,17,7,140,11,,10+,29.79,,,,,,,,,,,FEW,8000,SCT,12000,OVC,18000,,,VFR,,,,,,,,,,,,METAR,295
"METAR KFST 280053Z AUTO 05006KT 10SM CLR 32/M03 A2981 RMK AO2 SLP044 T03221028",KFST,2026-04-28T00:53:00.000Z,30.9119,-102.9171,32.2,-2.8,50,6,,10+,29.81,1004.4,,TRUE,TRUE,,,,,,,,,,,,,,,VFR,,,,,,,,,,,,METAR,917
"METAR KFTW 280053Z 18014G18KT 8SM BKN043 BKN070 BKN090 29/23 A2974 RMK AO2 LTG DSNT E SLP062 T02940233 $",KFTW,2026-04-28T00:53:00.000Z,32.8248,-97.3640,29.4,23.3,180,14,18,8,29.74,1006.2,,,TRUE,TRUE,,,,,,BKN,4300,BKN,7000,BKN,9000,,,VFR,,,,,,,,,,,,METAR,213
"METAR KFUL 280053Z 24007KT 210V280 10SM FEW050 19/06 A2999 RMK AO2 SLP153 T01940061",KFUL,2026-04-28T00:53:00.000Z,33.8715,-117.9856,19.4,6.1,240,7,,10+,29.99,1015.3,,,TRUE,,,,,,,FEW,5000,,,,,,,VFR,,,,,,,,,,,,METAR,23
"METAR KFVE 280053Z AUTO 10004KT 10SM CLR 14/M02 A3023 RMK AO2 SLP238 T01391022",KFVE,2026-04-28T00:53:00.000Z,47.2852,-68.3072,13.9,-2.2,100,4,,10+,30.23,1023.8,,TRUE,TRUE,,,,,,,,,,,,,,,VFR,,,,,,,,,,,,METAR,299
"METAR KFXE 280053Z 04006KT 10SM FEW028 25/23 A3001 RMK AO2 SLP165 T02500228 $",KFXE,2026-04-28T00:53:00.000Z,26.1990,-80.1776,25,22.8,40,6,,10+,30.01,1016.5,,,TRUE,TRUE,,,,,,FEW,2800,,,,,,,VFR,,,,,,,,,,,,METAR,3
"METAR KGEY 280053Z AUTO 35012KT 10SM BKN046 06/M03 A2995 RMK AO2 SLP163 T00611028",KGEY,2026-04-28T00:53:00.000Z,44.5174,-108.0752,6.1,-2.8,350,12,,10+,29.95,1016.3,,TRUE,TRUE,,,,,,,BKN,4600,,,,,,,VFR,,,,,,,,,,,,METAR,1191
"METAR KGEZ 280053Z AUTO 12024G42KT 10SM -RA FEW041 BKN110 17/14 A2972 RMK AO2 PK WND 11045/0028 SLP062 P0001 T01720144",KGEZ,2026-04-28T00:53:00.000Z,39.5855,-85.7998,17.2,14.4,120,24,42,10+,29.72,1006.2,,TRUE,TRUE,,,,,,-RA,FEW,4100,BKN,11000,,,,,VFR,,,,,,0.01,,,,,,METAR,245
"METAR KFWN 280053Z AUTO 24003KT 10SM CLR 15/02 A3024 RMK AO2 SLP239 T01500022",KFWN,2026-04-28T00:53:00.000Z,41.1993,-74.6259,15,2.2,240,3,,10+,30.24,1023.9,,TRUE,TRUE,,,,,,,,,,,,,,,VFR,,,,,,,,,,,,METAR,129
"METAR KGGG 280053Z 16005KT 3SM HZ CLR 27/23 A2981 RMK AO2 SLP086 T02720233",KGGG,2026-04-28T00:53:00.000Z,32.3909,-94.7140,27.2,23.3,160,5,,3,29.81,1008.6,,,TRUE,,,,,,HZ,,,,,,,,,MVFR,,,,,,,,,,,,METAR,107
"METAR KITR 280053Z AUTO 05012KT 10SM CLR 13/M01 A2994 RMK AO2 SLP119 T01281011 $",KITR,2026-04-28T00:53:00.000Z,39.2415,-102.2819,12.8,-1.1,50,12,,10+,29.94,1011.9,,TRUE,TRUE,TRUE,,,,,,,,,,,,,,VFR,,,,,,,,,,,,METAR,1285
"METAR KLAX 280053Z 25011G16KT 10SM FEW025 FEW090 17/08 A3001 RMK AO2 SLP159 T01720083",KLAX,2026-04-28T00:53:00.000Z,33.9382,-118.3866,17.2,8.3,250,11,16,10+,30.01,1015.9,,,TRUE,,,,,,,FEW,2500,FEW,9000,,,,,VFR,,,,,,,,,,,,METAR,30
"METAR KLBB 280053Z 22012G16KT 10SM FEW250 28/M12 A2983 RMK AO2 SLP054 T02831122",KLBB,2026-04-28T00:53:00.000Z,33.6658,-101.8233,28.3,-12.2,220,12,16,10+,29.83,1005.4,,,TRUE,,,,,,,FEW,25000,,,,,,,VFR,,,,,,,,,,,,METAR,996
"METAR KLBX 280053Z AUTO 14008KT 10SM SCT018 OVC030 26/23 A2987 RMK AO1 SLP115 T02610233",KLBX,2026-04-28T00:53:00.000Z,29.1154,-95.4632,26.1,23.3,140,8,,10+,29.87,1011.5,,TRUE,TRUE,,,,,,,SCT,1800,OVC,3000,,,,,MVFR,,,,,,,,,,,,METAR,4
"METAR KHRO 280053Z AUTO 32009G17KT 10SM SCT055 SCT070 27/17 A2978 RMK AO2 SLP067 T02670167",KHRO,2026-04-28T00:53:00.000Z,36.2673,-93.1566,26.7,16.7,320,9,17,10+,29.78,1006.7,,TRUE,TRUE,,,,,,,SCT,5500,SCT,7000,,,,,VFR,,,,,,,,,,,,METAR,417
"METAR KLEB 280053Z 16008KT 10SM CLR 18/02 A3018 RMK AO2 SLP217 T01830017",KLEB,2026-04-28T00:53:00.000Z,43.6271,-72.3054,18.3,1.7,160,8,,10+,30.18,1021.7,,,TRUE,,,,,,,,,,,,,,,VFR,,,,,,,,,,,,METAR,169
"METAR KLFK 280053Z AUTO 17007KT 10SM CLR 27/22 A2985 RMK AO2 RAB2357E14 SLP103 P0000 T02720217",KLFK,2026-04-28T00:53:00.000Z,31.2359,-94.7546,27.2,21.7,170,7,,10+,29.85,1010.3,,TRUE,TRUE,,,,,,,,,,,,,,,VFR,,,,,,0.005,,,,,,METAR,87
"METAR KHQM 280053Z AUTO 26011KT 10SM FEW015 FEW028 OVC036 11/07 A3008 RMK AO2 SLP191 T01110072",KHQM,2026-04-28T00:53:00.000Z,46.9729,-123.9308,11.1,7.2,260,11,,10+,30.08,1019.1,,TRUE,TRUE,,,,,,,FEW,1500,FEW,2800,OVC,3600,,,VFR,,,,,,,,,,,,METAR,4
"METAR KLFT 280053Z 16005KT 10SM FEW023 26/21 A2995 RMK AO2 SLP140 T02560211",KLFT,2026-04-28T00:53:00.000Z,30.1986,-91.9896,25.6,21.1,160,5,,10+,29.95,1014,,,TRUE,,,,,,,FEW,2300,,,,,,,VFR,,,,,,,,,,,,METAR,9
"METAR KHOU 280053Z 16011KT 10SM FEW017 SCT030 SCT250 27/23 A2986 RMK AO2 SLP116 T02670228",KHOU,2026-04-28T00:53:00.000Z,29.6458,-95.2821,26.7,22.8,160,11,,10+,29.86,1011.6,,,TRUE,,,,,,,FEW,1700,SCT,3000,SCT,25000,,,VFR,,,,,,,,,,,,METAR,13
"METAR KMIW 280053Z AUTO 28018G30KT 10SM OVC021 12/09 A2965 RMK AO2 PK WND 28030/0045 SLP041 T01220089",KMIW,2026-04-28T00:53:00.000Z,42.1106,-92.9163,12.2,8.9,280,18,30,10+,29.65,1004.1,,TRUE,TRUE,,,,,,,OVC,2100,,,,,,,MVFR,,,,,,,,,,,,METAR,296
"METAR KMKL 280053Z AUTO 20012G19KT 10SM -RA BKN041 BKN048 OVC060 28/19 A2984 RMK AO1 RAEMMB16RAEMMB41 SLP100 T02780189 PNO $",KMKL,2026-04-28T00:53:00.000Z,35.5933,-88.9170,27.8,18.9,200,12,19,10+,29.84,1010,,TRUE,TRUE,TRUE,,,,,-RA,BKN,4100,BKN,4800,OVC,6000,,,VFR,,,,,,,,,,,,METAR,130
"METAR KMMK 280053Z AUTO 00000KT 10SM CLR 11/04 A3025 RMK AO2 SLP244 T01110039",KMMK,2026-04-28T00:53:00.000Z,41.5097,-72.8278,11.1,3.9,0,0,,10+,30.25,1024.4,,TRUE,TRUE,,,,,,,,,,,,,,,VFR,,,,,,,,,,,,METAR,30
"METAR KMMV 280053Z AUTO 24006KT 10SM OVC044 14/07 A3008 RMK AO2 SLP186 T01390072 $",KMMV,2026-04-28T00:53:00.000Z,45.1957,-123.1338,13.9,7.2,240,6,,10+,30.08,1018.6,,TRUE,TRUE,TRUE,,,,,,OVC,4400,,,,,,,VFR,,,,,,,,,,,,METAR,48
"METAR KMOD 280053Z AUTO 33009KT 10SM BKN060 21/05 A2999 RMK AO2 SLP155 T02060050",KMOD,2026-04-28T00:53:00.000Z,37.6254,-120.9549,20.6,5,330,9,,10+,29.99,1015.5,,TRUE,TRUE,,,,,,,BKN,6000,,,,,,,VFR,,,,,,,,,,,,METAR,25
"METAR KMPO 280053Z AUTO 15008KT 10SM CLR 13/02 A3023 RMK AO2 SLPNO T01330022",KMPO,2026-04-28T00:53:00.000Z,41.1368,-75.3771,13.3,2.2,150,8,,10+,30.23,,,TRUE,TRUE,,,,,,,,,,,,,,,VFR,,,,,,,,,,,,METAR,576
"METAR KMTJ 280053Z AUTO 26011G17KT 10SM BKN110 16/M05 A2989 RMK AO2 SLP079 T01561050",KMTJ,2026-04-28T00:53:00.000Z,38.5054,-107.8981,15.6,-5,260,11,17,10+,29.89,1007.9,,TRUE,TRUE,,,,,,,BKN,11000,,,,,,,VFR,,,,,,,,,,,,METAR,1755
"METAR KMVY 280053Z AUTO 04005KT 10SM CLR 07/04 A3025 RMK AO2 SLP242 T00720044",KMVY,2026-04-28T00:53:00.000Z,41.3930,-70.6159,7.2,4.4,40,5,,10+,30.25,1024.2,,TRUE,TRUE,,,,,,,,,,,,,,,VFR,,,,,,,,,,,,METAR,18
"METAR KMWL 280053Z AUTO 09006KT 10SM CLR 28/16 A2975 RMK AO2 SLP058 T02780161",KMWL,2026-04-28T00:53:00.000Z,32.7816,-98.0602,27.8,16.1,90,6,,10+,29.75,1005.8,,TRUE,TRUE,,,,,,,,,,,,,,,VFR,,,,,,,,,,,,METAR,288
"METAR KMYV 280053Z AUTO VRB03KT 10SM FEW060 20/05 A2999 RMK AO2 SLP159 T02000050",KMYV,2026-04-28T00:53:00.000Z,39.1020,-121.5688,20,5,0,3,,10+,29.99,1015.9,,TRUE,TRUE,,,,,,,FEW,6000,,,,,,,VFR,,,,,,,,,,,,METAR,18
"METAR KNEW 280053Z 13011KT 10SM CLR 26/21 A2999 RMK AO1 SLP150 T02560206",KNEW,2026-04-28T00:53:00.000Z,30.0494,-90.0290,25.6,20.6,130,11,,10+,29.99,1015,,,TRUE,,,,,,,,,,,,,,,VFR,,,,,,,,,,,,METAR,1
"METAR KOAK 280053Z 25014KT 10SM FEW030 SCT140 16/08 A3006 RMK AO2 SLP177 T01610083",KOAK,2026-04-28T00:53:00.000Z,37.7178,-122.2330,16.1,8.3,250,14,,10+,30.06,1017.7,,,TRUE,,,,,,,FEW,3000,SCT,14000,,,,,VFR,,,,,,,,,,,,METAR,3
"METAR KPRC 280053Z 23017G22KT 10SM CLR 15/M07 A2995 RMK AO2 SLP107 T01501072",KPRC,2026-04-28T00:53:00.000Z,34.6491,-112.4223,15,-7.2,230,17,22,10+,29.95,1010.7,,,TRUE,,,,,,,,,,,,,,,VFR,,,,,,,,,,,,METAR,1528
"METAR KPSC 280053Z 23008KT 10SM CLR 22/M04 A2988 RMK AO2 SLP118 T02171044",KPSC,2026-04-28T00:53:00.000Z,46.2695,-119.1182,21.7,-4.4,230,8,,10+,29.88,1011.8,,,TRUE,,,,,,,,,,,,,,,VFR,,,,,,,,,,,,METAR,121
"METAR KPSP 280053Z 33015G22KT 10SM CLR 23/02 A2987 RMK AO2 SLP114 T02330022",KPSP,2026-04-28T00:53:00.000Z,33.8222,-116.5043,23.3,2.2,330,15,22,10+,29.87,1011.4,,,TRUE,,,,,,,,,,,,,,,VFR,,,,,,,,,,,,METAR,123
"METAR PAWD 280053Z AUTO 20012G20KT 10SM FEW037 SCT050 SCT060 09/04 A2981 RMK AO2 SLP095 T00890039 TSNO",PAWD,2026-04-28T00:53:00.000Z,60.1290,-149.4180,8.9,3.9,200,12,20,10+,29.81,1009.5,,TRUE,TRUE,,,TRUE,,,,FEW,3700,SCT,5000,SCT,6000,,,VFR,,,,,,,,,,,,METAR,3
"METAR KRMG 280053Z AUTO 15007KT 10SM CLR 22/12 A3004 RMK AO2 SLP166 T02220117",KRMG,2026-04-28T00:53:00.000Z,34.3483,-85.1616,22.2,11.7,150,7,,10+,30.04,1016.6,,TRUE,TRUE,,,,,,,,,,,,,,,VFR,,,,,,,,,,,,METAR,196
"METAR KRNM 280053Z AUTO 27013KT 10SM CLR 16/03 A2999 RMK AO2 SLP151 T01610033",KRNM,2026-04-28T00:53:00.000Z,33.0380,-116.9160,16.1,3.3,270,13,,10+,29.99,1015.1,,TRUE,TRUE,,,,,,,,,,,,,,,VFR,,,,,,,,,,,,METAR,423
"METAR KRNT 280053Z AUTO 21005G15KT 10SM OVC036 14/07 A3005 RMK AO2 SLP180 T01390072 $",KRNT,2026-04-28T00:53:00.000Z,47.4951,-122.2144,13.9,7.2,210,5,15,10+,30.05,1018,,TRUE,TRUE,TRUE,,,,,,OVC,3600,,,,,,,VFR,,,,,,,,,,,,METAR,7
"METAR KRSL 280053Z AUTO 35008KT 10SM CLR 16/06 A2990 RMK AO2 SLP122 T01560056",KRSL,2026-04-28T00:53:00.000Z,38.8725,-98.8093,15.6,5.6,350,8,,10+,29.90,1012.2,,TRUE,TRUE,,,,,,,,,,,,,,,VFR,,,,,,,,,,,,METAR,569
"METAR KRSW 280053Z 06010KT 10SM CLR 26/21 A3002 RMK AO2 SLP162 T02610206",KRSW,2026-04-28T00:53:00.000Z,26.5380,-81.7567,26.1,20.6,60,10,,10+,30.02,1016.2,,,TRUE,,,,,,,,,,,,,,,VFR,,,,,,,,,,,,METAR,8
"METAR KSBA 280053Z 26015G29KT 10SM CLR 18/08 A2996 RMK AO2 PK WND 25031/2356 SLP144 T01780078",KSBA,2026-04-28T00:53:00.000Z,34.4241,-119.8425,17.8,7.8,260,15,29,10+,29.96,1014.4,,,TRUE,,,,,,,,,,,,,,,VFR,,,,,,,,,,,,METAR,2
"METAR KSDL 280053Z 27009KT 10SM CLR 26/M04 A2986 RMK AO2 SLP094 T02561039",KSDL,2026-04-28T00:53:00.000Z,33.6123,-111.9232,25.6,-3.9,270,9,,10+,29.86,1009.4,,,TRUE,,,,,,,,,,,,,,,VFR,,,,,,,,,,,,METAR,438
"METAR PACV 280053Z 11006KT 3SM -RA BR OVC022 06/04 A3003 RMK AO2 SLP169 P0005 T00560039 $",PACV,2026-04-28T00:53:00.000Z,60.4860,-145.4445,5.6,3.9,110,6,,3,30.03,1016.9,,,TRUE,TRUE,,,,,-RA BR,OVC,2200,,,,,,,MVFR,,,,,,0.05,,,,,,METAR,15
"METAR KSDM 280053Z 29010G17KT 10SM SCT050 17/06 A3000 RMK AO2 SLP156 T01720056",KSDM,2026-04-28T00:53:00.000Z,32.5758,-116.9939,17.2,5.6,290,10,17,10+,30.00,1015.6,,,TRUE,,,,,,,SCT,5000,,,,,,,VFR,,,,,,,,,,,,METAR,161
"METAR KSEA 280053Z 20008KT 10SM BKN032 BKN043 13/07 A3005 RMK AO2 SLP182 T01280072",KSEA,2026-04-28T00:53:00.000Z,47.4447,-122.3144,12.8,7.2,200,8,,10+,30.05,1018.2,,,TRUE,,,,,,,BKN,3200,BKN,4300,,,,,VFR,,,,,,,,,,,,METAR,115
"METAR KSEG 280053Z AUTO 00000KT 10SM CLR 14/07 A3019 RMK AO2 SLP224 T01390072",KSEG,2026-04-28T00:53:00.000Z,40.8193,-76.8658,13.9,7.2,0,0,,10+,30.19,1022.4,,TRUE,TRUE,,,,,,,,,,,,,,,VFR,,,,,,,,,,,,METAR,136
"METAR KHOT 280053Z AUTO 21003KT 6SM HZ CLR 27/22 A2981 RMK AO2 SLP089 T02720222",KHOT,2026-04-28T00:53:00.000Z,34.4755,-93.1041,27.2,22.2,210,3,,6,29.81,1008.9,,TRUE,TRUE,,,,,,HZ,,,,,,,,,VFR,,,,,,,,,,,,METAR,153
"METAR KGKY 280053Z 16012G23KT 10SM CLR 29/22 A2975 RMK AO2 LTG DSNT NE AND E SLP063 T02940222",KGKY,2026-04-28T00:53:00.000Z,32.6583,-97.0951,29.4,22.2,160,12,23,10+,29.75,1006.3,,,TRUE,,,,,,,,,,,,,,,VFR,,,,,,,,,,,,METAR,189
"METAR KMRB 280053Z 16004KT 10SM CLR 16/06 A3018 RMK AO2 SLP218 T01610061",KMRB,2026-04-28T00:53:00.000Z,39.4037,-77.9750,16.1,6.1,160,4,,10+,30.18,1021.8,,,TRUE,,,,,,,,,,,,,,,VFR,,,,,,,,,,,,METAR,165
"METAR KGLH 280053Z 19012KT 10SM BKN060 27/22 A2984 RMK AO2 SLP111 T02670222",KGLH,2026-04-28T00:53:00.000Z,33.4772,-90.9847,26.7,22.2,190,12,,10+,29.84,1011.1,,,TRUE,,,,,,,BKN,6000,,,,,,,VFR,,,,,,,,,,,,METAR,40
"METAR KGUY 280053Z AUTO 08011G20KT 10SM CLR 21/03 A2983 RMK AO2 SLP076 T02060033",KGUY,2026-04-28T00:53:00.000Z,36.6819,-101.5052,20.6,3.3,80,11,20,10+,29.83,1007.6,,TRUE,TRUE,,,,,,,,,,,,,,,VFR,,,,,,,,,,,,METAR,950
"METAR KGVL 280053Z AUTO 12004KT 10SM CLR 18/11 A3015 RMK AO2 SLP204 T01780106",KGVL,2026-04-28T00:53:00.000Z,34.2721,-83.8304,17.8,10.6,120,4,,10+,30.15,1020.4,,TRUE,TRUE,,,,,,,,,,,,,,,VFR,,,,,,,,,,,,METAR,387
"METAR KGWO 280053Z AUTO 19010KT 10SM BKN060 OVC080 27/21 A2987 RMK AO2 SLP114 T02720206",KGWO,2026-04-28T00:53:00.000Z,33.4961,-90.0894,27.2,20.6,190,10,,10+,29.87,1011.4,,TRUE,TRUE,,,,,,,BKN,6000,OVC,8000,,,,,VFR,,,,,,,,,,,,METAR,42
"METAR KSFF 280053Z 18007G14KT 10SM SCT060 15/M01 A2988 RMK AO2 SLP122 T01501006",KSFF,2026-04-28T00:53:00.000Z,47.6857,-117.3214,15,-0.6,180,7,14,10+,29.88,1012.2,,,TRUE,,,,,,,SCT,6000,,,,,,,VFR,,,,,,,,,,,,METAR,593
"METAR KGZH 280053Z AUTO 20009KT 10SM CLR 26/17 A3003 RMK AO2 SLP164 T02560172",KGZH,2026-04-28T00:53:00.000Z,31.4191,-87.0484,25.6,17.2,200,9,,10+,30.03,1016.4,,TRUE,TRUE,,,,,,,,,,,,,,,VFR,,,,,,,,,,,,METAR,77
"METAR KLMT 280053Z 33010KT 10SM CLR 12/M03 A2999 RMK AO2 SLP158 T01171033",KLMT,2026-04-28T00:53:00.000Z,42.1470,-121.7255,11.7,-3.3,330,10,,10+,29.99,1015.8,,,TRUE,,,,,,,,,,,,,,,VFR,,,,,,,,,,,,METAR,1246
"METAR KFDY 280053Z AUTO 14015G24KT 10SM CLR 18/14 A2978 RMK AO2 PK WND 13029/2355 SLP079 T01780144",KFDY,2026-04-28T00:53:00.000Z,41.0137,-83.6681,17.8,14.4,140,15,24,10+,29.78,1007.9,,TRUE,TRUE,,,,,,,,,,,,,,,VFR,,,,,,,,,,,,METAR,247
"METAR KFFC 280053Z AUTO 13004KT 10SM CLR 18/13 A3011 RMK AO2 SLP194 T01830133",KFFC,2026-04-28T00:53:00.000Z,33.3543,-84.5689,18.3,13.3,130,4,,10+,30.11,1019.4,,TRUE,TRUE,,,,,,,,,,,,,,,VFR,,,,,,,,,,,,METAR,242
"METAR KMHT 280053Z 15003KT 10SM CLR 14/02 A3023 RMK AO2 SLP250 T01390017",KMHT,2026-04-28T00:53:00.000Z,42.9245,-71.4377,13.9,1.7,150,3,,10+,30.23,1025,,,TRUE,,,,,,,,,,,,,,,VFR,,,,,,,,,,,,METAR,68
"METAR KFNT 280053Z 15009KT 10SM CLR 17/08 A2977 RMK AO2 SLP079 T01670078 $",KFNT,2026-04-28T00:53:00.000Z,42.9669,-83.7500,16.7,7.8,150,9,,10+,29.77,1007.9,,,TRUE,TRUE,,,,,,,,,,,,,,VFR,,,,,,,,,,,,METAR,235
"METAR KESF 280053Z AUTO 19006KT 10SM CLR 27/21 A2990 RMK AO2 SLP122 T02670211",KESF,2026-04-28T00:53:00.000Z,31.3963,-92.2828,26.7,21.1,190,6,,10+,29.90,1012.2,,TRUE,TRUE,,,,,,,,,,,,,,,VFR,,,,,,,,,,,,METAR,27
"METAR KHLN 280053Z 26006KT 10SM CLR 09/M07 A2989 RMK AO2 SLP152 T00891067",KHLN,2026-04-28T00:53:00.000Z,46.6045,-111.9892,8.9,-6.7,260,6,,10+,29.89,1015.2,,,TRUE,,,,,,,,,,,,,,,VFR,,,,,,,,,,,,METAR,1178
"METAR KSGR 280053Z 16008KT 10SM SCT030 27/23 A2985 RMK AO2 SLP110 T02720228",KSGR,2026-04-28T00:53:00.000Z,29.6197,-95.6575,27.2,22.8,160,8,,10+,29.85,1011,,,TRUE,,,,,,,SCT,3000,,,,,,,VFR,,,,,,,,,,,,METAR,22
"METAR KPUB 280053Z 11014KT 10SM CLR 18/01 A2982 RMK AO2 SLP064 T01780006",KPUB,2026-04-28T00:53:00.000Z,38.2887,-104.5057,17.8,0.6,110,14,,10+,29.82,1006.4,,,TRUE,,,,,,,,,,,,,,,VFR,,,,,,,,,,,,METAR,1441
"METAR KEWB 280053Z 01004KT 10SM CLR 11/02 A3025 RMK AO2 SLP243 T01060017",KEWB,2026-04-28T00:53:00.000Z,41.6791,-70.9591,10.6,1.7,10,4,,10+,30.25,1024.3,,,TRUE,,,,,,,,,,,,,,,VFR,,,,,,,,,,,,METAR,22
"METAR KBRO 280053Z 13014KT 10SM BKN016 28/24 A2978 RMK AO2 SLP082 T02830244",KBRO,2026-04-28T00:53:00.000Z,25.9146,-97.4231,28.3,24.4,130,14,,10+,29.78,1008.2,,,TRUE,,,,,,,BKN,1600,,,,,,,MVFR,,,,,,,,,,,,METAR,6
"METAR KHLC 280053Z AUTO 03012KT 10SM CLR 14/03 A2993 RMK AO2 SLP133 T01440033",KHLC,2026-04-28T00:53:00.000Z,39.3741,-99.8299,14.4,3.3,30,12,,10+,29.93,1013.3,,TRUE,TRUE,,,,,,,,,,,,,,,VFR,,,,,,,,,,,,METAR,667
"METAR KBTM 280053Z AUTO 02004KT 10SM FEW085 04/M06 A2992 RMK AO2 SNB2355E12 SLP148 P0001 T00441061",KBTM,2026-04-28T00:53:00.000Z,45.9644,-112.5015,4.4,-6.1,20,4,,10+,29.92,1014.8,,TRUE,TRUE,,,,,,,FEW,8500,,,,,,,VFR,,,,,,0.01,,,,,,METAR,1680
"METAR KPQL 280053Z 14008KT 10SM CLR 23/21 A3002 RMK AO2 SLP166 T02280206",KPQL,2026-04-28T00:53:00.000Z,30.4630,-88.5316,22.8,20.6,140,8,,10+,30.02,1016.6,,,TRUE,,,,,,,,,,,,,,,VFR,,,,,,,,,,,,METAR,4
"METAR KBVO 280053Z AUTO 00000KT 10SM CLR 22/14 A2981 RMK AO2 SLP084 T02220144",KBVO,2026-04-28T00:53:00.000Z,36.7664,-96.0130,22.2,14.4,0,0,,10+,29.81,1008.4,,TRUE,TRUE,,,,,,,,,,,,,,,VFR,,,,,,,,,,,,METAR,210
"METAR KHKY 280053Z AUTO 00000KT 10SM CLR 17/08 A3017 RMK AO2 SLP202 T01670078",KHKY,2026-04-28T00:53:00.000Z,35.7420,-81.3822,16.7,7.8,0,0,,10+,30.17,1020.2,,TRUE,TRUE,,,,,,,,,,,,,,,VFR,,,,,,,,,,,,METAR,357
"METAR KBYI 280053Z AUTO 27012G21KT 10SM CLR 13/M10 A2988 RMK AO2 SLP114 T01281100",KBYI,2026-04-28T00:53:00.000Z,42.5453,-113.7686,12.8,-10,270,12,21,10+,29.88,1011.4,,TRUE,TRUE,,,,,,,,,,,,,,,VFR,,,,,,,,,,,,METAR,1263
"METAR KCLM 280053Z AUTO 29007KT 10SM OVC036 12/07 A3004 RMK AO2 SLP172 T01170072",KCLM,2026-04-28T00:53:00.000Z,48.1219,-123.5066,11.7,7.2,290,7,,10+,30.04,1017.2,,TRUE,TRUE,,,,,,,OVC,3600,,,,,,,VFR,,,,,,,,,,,,METAR,81
"METAR KHKS 280053Z 17009KT 10SM CLR 27/18 A2994 RMK AO2 SLP129 T02720178",KHKS,2026-04-28T00:53:00.000Z,32.3376,-90.2214,27.2,17.8,170,9,,10+,29.94,1012.9,,,TRUE,,,,,,,,,,,,,,,VFR,,,,,,,,,,,,METAR,103
"METAR KPHD 280053Z AUTO 00000KT 10SM CLR 18/09 A2998 RMK AO2 SLP150 T01830089",KPHD,2026-04-28T00:53:00.000Z,40.4703,-81.4218,18.3,8.9,0,0,,10+,29.98,1015,,TRUE,TRUE,,,,,,,,,,,,,,,VFR,,,,,,,,,,,,METAR,272
"METAR KCNM 280053Z AUTO 26019KT 10SM CLR 30/M04 A2983 RMK AO2 PK WND 26031/2358 SLP044 T03001044 $",KCNM,2026-04-28T00:53:00.000Z,32.3336,-104.2584,30,-4.4,260,19,,10+,29.83,1004.4,,TRUE,TRUE,TRUE,,,,,,,,,,,,,,VFR,,,,,,,,,,,,METAR,993
"METAR KPDK 280053Z VRB03KT 10SM CLR 20/11 A3012 RMK AO2 SLP191 T02000106",KPDK,2026-04-28T00:53:00.000Z,33.8783,-84.2980,20,10.6,0,3,,10+,30.12,1019.1,,,TRUE,,,,,,,,,,,,,,,VFR,,,,,,,,,,,,METAR,299
"METAR KABR 280053Z AUTO 34014G24KT 10SM SCT080 08/01 A2989 RMK AO2 PK WND 35026/0009 SLP128 T00830011",KABR,2026-04-28T00:53:00.000Z,45.4436,-98.4138,8.3,1.1,340,14,24,10+,29.89,1012.8,,TRUE,TRUE,,,,,,,SCT,8000,,,,,,,VFR,,,,,,,,,,,,METAR,397
"METAR KABY 280053Z AUTO 09005KT 10SM CLR 21/14 A3010 RMK AO2 SLP192 T02110139",KABY,2026-04-28T00:53:00.000Z,31.5364,-84.1958,21.1,13.9,90,5,,10+,30.10,1019.2,,TRUE,TRUE,,,,,,,,,,,,,,,VFR,,,,,,,,,,,,METAR,60
"METAR KACK 280053Z 02009KT 10SM CLR 07/02 A3023 RMK AO2 SLP237 T00670022 $",KACK,2026-04-28T00:53:00.000Z,41.2541,-70.0589,6.7,2.2,20,9,,10+,30.23,1023.7,,,TRUE,TRUE,,,,,,,,,,,,,,VFR,,,,,,,,,,,,METAR,12
"METAR KAGS 280053Z 17003KT 10SM CLR 16/11 A3015 RMK AO2 SLP209 T01560111",KAGS,2026-04-28T00:53:00.000Z,33.3652,-81.9635,15.6,11.1,170,3,,10+,30.15,1020.9,,,TRUE,,,,,,,,,,,,,,,VFR,,,,,,,,,,,,METAR,40
"METAR KAKO 280053Z AUTO 07010KT 10SM FEW085 OVC110 09/M02 A2995 RMK AO2 SLP136 T00941017",KAKO,2026-04-28T00:53:00.000Z,40.1743,-103.2146,9.4,-1.7,70,10,,10+,29.95,1013.6,,TRUE,TRUE,,,,,,,FEW,8500,OVC,11000,,,,,VFR,,,,,,,,,,,,METAR,1431
"METAR KHTL 280053Z AUTO 14012G20KT 10SM BKN085 OVC100 17/08 A2972 RMK AO2 PK WND 15030/0022 SLP067 T01670078",KHTL,2026-04-28T00:53:00.000Z,44.3590,-84.6739,16.7,7.8,140,12,20,10+,29.72,1006.7,,TRUE,TRUE,,,,,,,BKN,8500,OVC,10000,,,,,VFR,,,,,,,,,,,,METAR,350
"METAR KPUC 280053Z AUTO 01010KT 10SM CLR 08/03 A2988 RMK AO2 RAE2358 SLP116 P0000 T00780033",KPUC,2026-04-28T00:53:00.000Z,39.6089,-110.7555,7.8,3.3,10,10,,10+,29.88,1011.6,,TRUE,TRUE,,,,,,,,,,,,,,,VFR,,,,,,0.005,,,,,,METAR,1777
"METAR KAMG 280053Z AUTO 10005KT 10SM CLR 17/12 A3015 RMK AO2 SLP207 T01720122",KAMG,2026-04-28T00:53:00.000Z,31.5401,-82.5074,17.2,12.2,100,5,,10+,30.15,1020.7,,TRUE,TRUE,,,,,,,,,,,,,,,VFR,,,,,,,,,,,,METAR,61
"METAR KANB 280053Z AUTO 14005KT 10SM CLR 23/15 A3003 RMK AO2 SLP163 T02330150",KANB,2026-04-28T00:53:00.000Z,33.5904,-85.8479,23.3,15,140,5,,10+,30.03,1016.3,,TRUE,TRUE,,,,,,,,,,,,,,,VFR,,,,,,,,,,,,METAR,187
"METAR KAOH 280053Z AUTO 15025G35KT 10SM CLR 17/14 A2980 RMK AO2 PK WND 15036/0014 RAE19 SLP090 P0000 T01720144",KAOH,2026-04-28T00:53:00.000Z,40.7081,-84.0214,17.2,14.4,150,25,35,10+,29.80,1009,,TRUE,TRUE,,,,,,,,,,,,,,,VFR,,,,,,0.005,,,,,,METAR,294
"METAR KAOO 280053Z AUTO 16005KT 10SM CLR 14/05 A3017 RMK AO2 SLP219 T01440050",KAOO,2026-04-28T00:53:00.000Z,40.2999,-78.3168,14.4,5,160,5,,10+,30.17,1021.9,,TRUE,TRUE,,,,,,,,,,,,,,,VFR,,,,,,,,,,,,METAR,450
"METAR KLHX 280053Z AUTO 08015KT 10SM CLR 17/01 A2983 RMK AO2 PK WND 07027/0026 SLP071 T01720011",KLHX,2026-04-28T00:53:00.000Z,38.0495,-103.5134,17.2,1.1,80,15,,10+,29.83,1007.1,,TRUE,TRUE,,,,,,,,,,,,,,,VFR,,,,,,,,,,,,METAR,1289
"METAR KBKE 280053Z AUTO 29005KT 10SM OVC110 10/00 A2996 RMK AO2 SLP160 T01000000",KBKE,2026-04-28T00:53:00.000Z,44.8430,-117.8099,10,0,290,5,,10+,29.96,1016,,TRUE,TRUE,,,,,,,OVC,11000,,,,,,,VFR,,,,,,,,,,,,METAR,1025
"METAR KCRE 280053Z AUTO 09006KT 10SM CLR 17/11 A3019 RMK AO1 SLP224 T01670111",KCRE,2026-04-28T00:53:00.000Z,33.8162,-78.7204,16.7,11.1,90,6,,10+,30.19,1022.4,,TRUE,TRUE,,,,,,,,,,,,,,,VFR,,,,,,,,,,,,METAR,9
"METAR KBHM 280053Z 16008KT 10SM FEW080 FEW200 24/17 A3002 RMK AO2 SLP159 T02390172",KBHM,2026-04-28T00:53:00.000Z,33.5655,-86.7449,23.9,17.2,160,8,,10+,30.02,1015.9,,,TRUE,,,,,,,FEW,8000,FEW,20000,,,,,VFR,,,,,,,,,,,,METAR,191
"METAR KBIL 280053Z 14005KT 10SM SCT026 SCT120 03/M03 A3000 RMK AO2 SLP185 T00281033",KBIL,2026-04-28T00:53:00.000Z,45.8072,-108.5462,2.8,-3.3,140,5,,10+,30.00,1018.5,,,TRUE,,,,,,,SCT,2600,SCT,12000,,,,,VFR,,,,,,,,,,,,METAR,1089
"METAR KBIV 280053Z AUTO 15011G18KT 10SM OVC070 18/14 A2965 RMK AO2 PK WND 17027/0001 SLP038 T01830139",KBIV,2026-04-28T00:53:00.000Z,42.7463,-86.0968,18.3,13.9,150,11,18,10+,29.65,1003.8,,TRUE,TRUE,,,,,,,OVC,7000,,,,,,,VFR,,,,,,,,,,,,METAR,207
"METAR KBKL 280053Z 14011KT 10SM CLR 21/04 A2990 RMK AO2 PRESFR SLP125 T02110044",KBKL,2026-04-28T00:53:00.000Z,41.5173,-81.6832,21.1,4.4,140,11,,10+,29.90,1012.5,,,TRUE,,,,,,,,,,,,,,,VFR,,,,,,,,,,,,METAR,177
"METAR KBKV 280053Z 06011G23KT 10SM FEW029 23/19 A3007 RMK AO2 SLP182 T02330189",KBKV,2026-04-28T00:53:00.000Z,28.4739,-82.4537,23.3,18.9,60,11,23,10+,30.07,1018.2,,,TRUE,,,,,,,FEW,2900,,,,,,,VFR,,,,,,,,,,,,METAR,21
"METAR KBLI 280053Z AUTO 19007KT 10SM BKN044 13/08 A3001 RMK AO2 SLP169 T01330078",KBLI,2026-04-28T00:53:00.000Z,48.7991,-122.5407,13.3,7.8,190,7,,10+,30.01,1016.9,,TRUE,TRUE,,,,,,,BKN,4400,,,,,,,VFR,,,,,,,,,,,,METAR,46
"METAR KDNL 280053Z AUTO 15005KT 10SM CLR 18/10 A3017 RMK AO2 SLP214 T01830100",KDNL,2026-04-28T00:53:00.000Z,33.4668,-82.0385,18.3,10,150,5,,10+,30.17,1021.4,,TRUE,TRUE,,,,,,,,,,,,,,,VFR,,,,,,,,,,,,METAR,126
"METAR KDRO 280053Z AUTO 00000KT 10SM SCT100 14/M06 A2993 RMK AO2 SLP096 T01441061",KDRO,2026-04-28T00:53:00.000Z,37.1431,-107.7602,14.4,-6.1,0,0,,10+,29.93,1009.6,,TRUE,TRUE,,,,,,,SCT,10000,,,,,,,VFR,,,,,,,,,,,,METAR,2021
"METAR KMYF 280053Z 30012KT 10SM CLR 18/05 A3001 RMK AO2 SLP158 T01780050",KMYF,2026-04-28T00:53:00.000Z,32.8145,-117.1375,17.8,5,300,12,,10+,30.01,1015.8,,,TRUE,,,,,,,,,,,,,,,VFR,,,,,,,,,,,,METAR,128
"METAR KDTN 280053Z AUTO 17009KT 10SM CLR 28/23 A2983 RMK AO2 SLP099 T02830228",KDTN,2026-04-28T00:53:00.000Z,32.5429,-93.7450,28.3,22.8,170,9,,10+,29.83,1009.9,,TRUE,TRUE,,,,,,,,,,,,,,,VFR,,,,,,,,,,,,METAR,53
"METAR KHVN 280053Z 11003KT 10SM CLR 11/06 A3026 RMK AO2 SLP245 T01110056",KHVN,2026-04-28T00:53:00.000Z,41.2590,-72.8891,11.1,5.6,110,3,,10+,30.26,1024.5,,,TRUE,,,,,,,,,,,,,,,VFR,,,,,,,,,,,,METAR,4
"METAR KDTS 280053Z 17004KT 10SM CLR 23/20 A3006 RMK AO2 SLP178 T02330200",KDTS,2026-04-28T00:53:00.000Z,30.3933,-86.4674,23.3,20,170,4,,10+,30.06,1017.8,,,TRUE,,,,,,,,,,,,,,,VFR,,,,,,,,,,,,METAR,5
"METAR KDTW 280053Z 12007KT 10SM FEW130 SCT160 OVC230 16/10 A2981 RMK AO2 SLP093 T01560100",KDTW,2026-04-28T00:53:00.000Z,42.2311,-83.3312,15.6,10,120,7,,10+,29.81,1009.3,,,TRUE,,,,,,,FEW,13000,SCT,16000,OVC,23000,,,VFR,,,,,,,,,,,,METAR,192
"METAR KMLT 280053Z AUTO VRB05KT 10SM CLR 15/03 A3025 RMK AO2 SLP249 T01500033",KMLT,2026-04-28T00:53:00.000Z,45.6478,-68.6924,15,3.3,0,5,,10+,30.25,1024.9,,TRUE,TRUE,,,,,,,,,,,,,,,VFR,,,,,,,,,,,,METAR,121
"METAR KDVT 280053Z 22008G18KT 10SM CLR 25/M03 A2986 RMK AO2 SLP094 T02501033",KDVT,2026-04-28T00:53:00.000Z,33.6902,-112.0662,25,-3.3,220,8,18,10+,29.86,1009.4,,,TRUE,,,,,,,,,,,,,,,VFR,,,,,,,,,,,,METAR,454
"METAR KECP 280053Z 19005KT 10SM CLR 23/20 A3005 RMK AO2 SLP188 T02330200",KECP,2026-04-28T00:53:00.000Z,30.3487,-85.7883,23.3,20,190,5,,10+,30.05,1018.8,,,TRUE,,,,,,,,,,,,,,,VFR,,,,,,,,,,,,METAR,17
"METAR KCRS 280053Z AUTO 17009KT 3SM HZ OVC034 28/23 A2979 RMK AO2 SLP083 T02830233",KCRS,2026-04-28T00:53:00.000Z,32.0316,-96.3994,28.3,23.3,170,9,,3,29.79,1008.3,,TRUE,TRUE,,,,,,HZ,OVC,3400,,,,,,,MVFR,,,,,,,,,,,,METAR,136
"METAR KCSM 280053Z 01014KT 10SM CLR 24/09 A2981 RMK AO2 SLP074 T02390089",KCSM,2026-04-28T00:53:00.000Z,35.3568,-99.2041,23.9,8.9,10,14,,10+,29.81,1007.4,,,TRUE,,,,,,,,,,,,,,,VFR,,,,,,,,,,,,METAR,586
"METAR KMCB 280053Z AUTO 16008KT 10SM CLR 25/18 A2997 RMK AO2 SLP142 T02500183",KMCB,2026-04-28T00:53:00.000Z,31.1823,-90.4721,25,18.3,160,8,,10+,29.97,1014.2,,TRUE,TRUE,,,,,,,,,,,,,,,VFR,,,,,,,,,,,,METAR,124
"METAR KCSV 280053Z AUTO 17010G20KT 10SM OVC095 20/13 A3001 RMK AO2 SLP146 T02000133 TSNO $",KCSV,2026-04-28T00:53:00.000Z,35.9510,-85.0814,20,13.3,170,10,20,10+,30.01,1014.6,,TRUE,TRUE,TRUE,,TRUE,,,,OVC,9500,,,,,,,VFR,,,,,,,,,,,,METAR,569
"METAR KCUB 280053Z AUTO VRB03KT 10SM CLR 18/10 A3018 RMK AO2 SLP217 T01830100",KCUB,2026-04-28T00:53:00.000Z,33.9720,-80.9938,18.3,10,0,3,,10+,30.18,1021.7,,TRUE,TRUE,,,,,,,,,,,,,,,VFR,,,,,,,,,,,,METAR,55
"METAR KDAB 280053Z 02014KT 10SM BKN016 BKN023 BKN030 22/18 A3010 RMK AO2 SLP192 T02170183",KDAB,2026-04-28T00:53:00.000Z,29.1735,-81.0719,21.7,18.3,20,14,,10+,30.10,1019.2,,,TRUE,,,,,,,BKN,1600,BKN,2300,BKN,3000,,,MVFR,,,,,,,,,,,,METAR,8
"METAR KDAN 280053Z AUTO 09003KT 10SM CLR 13/06 A3020 RMK AO2 SLP220 T01330061",KDAN,2026-04-28T00:53:00.000Z,36.5729,-79.3350,13.3,6.1,90,3,,10+,30.20,1022,,TRUE,TRUE,,,,,,,,,,,,,,,VFR,,,,,,,,,,,,METAR,170
"METAR KDBQ 280053Z 26015G24KT 10SM BKN020 BKN110 16/14 A2957 RMK AO2 PK WND 26029/0029 LTG DSNT E AND SE RAE10B38E52 SLP010 P0000 T01610139",KDBQ,2026-04-28T00:53:00.000Z,42.3984,-90.7091,16.1,13.9,260,15,24,10+,29.57,1001,,,TRUE,,,,,,,BKN,2000,BKN,11000,,,,,MVFR,,,,,,0.005,,,,,,METAR,317
"METAR KDEN 280053Z 08015G19KT 10SM -RA BKN050 OVC090 10/M01 A2992 RMK AO2 RAB52 SLP109 P0000 T01001006",KDEN,2026-04-28T00:53:00.000Z,39.8466,-104.6562,10,-0.6,80,15,19,10+,29.92,1010.9,,,TRUE,,,,,,-RA,BKN,5000,OVC,9000,,,,,VFR,,,,,,0.005,,,,,,METAR,1656
"METAR KDEQ 280053Z AUTO 18003KT 10SM CLR 28/23 A2977 RMK AO2 SLP076 T02780233",KDEQ,2026-04-28T00:53:00.000Z,34.0480,-94.4016,27.8,23.3,180,3,,10+,29.77,1007.6,,TRUE,TRUE,,,,,,,,,,,,,,,VFR,,,,,,,,,,,,METAR,107
"METAR KDET 280053Z 14009KT 10SM CLR 16/07 A2983 RMK AO2 SLP101 T01610072",KDET,2026-04-28T00:53:00.000Z,42.4072,-83.0090,16.1,7.2,140,9,,10+,29.83,1010.1,,,TRUE,,,,,,,,,,,,,,,VFR,,,,,,,,,,,,METAR,190
"METAR KMBS 280053Z 14010KT 10SM BKN110 17/08 A2975 RMK AO2 SLP075 T01720078",KMBS,2026-04-28T00:53:00.000Z,43.5281,-84.0813,17.2,7.8,140,10,,10+,29.75,1007.5,,,TRUE,,,,,,,BKN,11000,,,,,,,VFR,,,,,,,,,,,,METAR,201
"METAR KDEW 280053Z AUTO 24004KT 10SM CLR 14/M02 A2988 RMK AO2 SLP121 T01391017",KDEW,2026-04-28T00:53:00.000Z,47.9742,-117.4292,13.9,-1.7,240,4,,10+,29.88,1012.1,,TRUE,TRUE,,,,,,,,,,,,,,,VFR,,,,,,,,,,,,METAR,672
"METAR KSIY 280053Z AUTO 32009KT 10SM BKN110 16/M01 A2998 RMK AO2 SLP163 T01561011",KSIY,2026-04-28T00:53:00.000Z,41.7737,-122.4683,15.6,-1.1,320,9,,10+,29.98,1016.3,,TRUE,TRUE,,,,,,,BKN,11000,,,,,,,VFR,,,,,,,,,,,,METAR,807
"METAR KBGM 280053Z 18004KT 10SM CLR 17/01 A3016 RMK AO2 SLP213 T01670006",KBGM,2026-04-28T00:53:00.000Z,42.2068,-75.9799,16.7,0.6,180,4,,10+,30.16,1021.3,,,TRUE,,,,,,,,,,,,,,,VFR,,,,,,,,,,,,METAR,485
"METAR KBGR 280053Z 18009KT 10SM CLR 09/03 A3027 RMK AO2 SLP250 T00940028",KBGR,2026-04-28T00:53:00.000Z,44.7979,-68.8195,9.4,2.8,180,9,,10+,30.27,1025,,,TRUE,,,,,,,,,,,,,,,VFR,,,,,,,,,,,,METAR,45
"METAR PHTO 280053Z 04008G19KT 10SM SCT085 26/21 A2997 RMK AO2 SLP148 T02610206",PHTO,2026-04-28T00:53:00.000Z,19.7191,-155.0490,26.1,20.6,40,8,19,10+,29.97,1014.8,,,TRUE,,,,,,,SCT,8500,,,,,,,VFR,,,,,,,,,,,,METAR,9
"METAR PHKO 280053Z COR 26011KT 10SM FEW050 28/21 A2995 RMK AO2 SLP139 T02830206",PHKO,2026-04-28T00:53:00.000Z,19.7378,-156.0480,28.3,20.6,260,11,,10+,29.95,1013.9,TRUE,,TRUE,,,,,,,FEW,5000,,,,,,,VFR,,,,,,,,,,,,METAR,11
"METAR KRUE 280053Z AUTO 20006KT 10SM CLR 28/21 A2976 RMK AO2 SLP068 T02780206 PWINO $",KRUE,2026-04-28T00:53:00.000Z,35.2573,-93.0950,27.8,20.6,200,6,,10+,29.76,1006.8,,TRUE,TRUE,TRUE,,,,TRUE,,,,,,,,,,VFR,,,,,,,,,,,,METAR,119
"METAR PHLI 280053Z 07011KT 10SM FEW016 FEW023 26/21 A3002 RMK AO2 SLP161 T02610211",PHLI,2026-04-28T00:53:00.000Z,21.9805,-159.3386,26.1,21.1,70,11,,10+,30.02,1016.1,,,TRUE,,,,,,,FEW,1600,FEW,2300,,,,,VFR,,,,,,,,,,,,METAR,32
"METAR KRME 280053Z 08006KT 10SM CLR 17/02 A3015 RMK AO2 SLP209 T01720017",KRME,2026-04-28T00:53:00.000Z,43.2242,-75.3956,17.2,1.7,80,6,,10+,30.15,1020.9,,,TRUE,,,,,,,,,,,,,,,VFR,,,,,,,,,,,,METAR,146
"METAR PAEN 280053Z 10009G16KT 10SM BKN060 OVC075 09/M01 A2972 RMK AO2 SLP068 T00891006",PAEN,2026-04-28T00:53:00.000Z,60.5790,-151.2420,8.9,-0.6,100,9,16,10+,29.72,1006.8,,,TRUE,,,,,,,BKN,6000,OVC,7500,,,,,VFR,,,,,,,,,,,,METAR,30
"METAR PAGK 280053Z AUTO 15014G28KT 10SM CLR 08/M02 A2984 RMK AO2 PK WND 15028/0015 SLP120 T00831022 TSNO",PAGK,2026-04-28T00:53:00.000Z,62.1592,-145.4588,8.3,-2.2,150,14,28,10+,29.84,1012,,TRUE,TRUE,,,TRUE,,,,,,,,,,,,VFR,,,,,,,,,,,,METAR,481
"METAR KTVL 280053Z AUTO 00000KT 10SM OVC080 07/M03 A3000 RMK AO2 SLP152 T00671028",KTVL,2026-04-28T00:53:00.000Z,38.8984,-119.9962,6.7,-2.8,0,0,,10+,30.00,1015.2,,TRUE,TRUE,,,,,,,OVC,8000,,,,,,,VFR,,,,,,,,,,,,METAR,1907
"METAR PAGY 280053Z AUTO 20015KT 10SM CLR 09/01 A3004 RMK AO2 SLP172 T00940011 TSNO $",PAGY,2026-04-28T00:53:00.000Z,59.4570,-135.3220,9.4,1.1,200,15,,10+,30.04,1017.2,,TRUE,TRUE,TRUE,,TRUE,,,,,,,,,,,,VFR,,,,,,,,,,,,METAR,7
"METAR KMHE 280053Z AUTO 33013KT 10SM SCT026 OVC035 06/04 A2991 RMK AO2 SLP137 T00610044",KMHE,2026-04-28T00:53:00.000Z,43.7743,-98.0384,6.1,4.4,330,13,,10+,29.91,1013.7,,TRUE,TRUE,,,,,,,SCT,2600,OVC,3500,,,,,VFR,,,,,,,,,,,,METAR,397
"METAR PAHO 280053Z VRB06KT 10SM BKN041 OVC050 07/02 A2971 RMK AO2 SLP062 T00670017",PAHO,2026-04-28T00:53:00.000Z,59.6420,-151.4910,6.7,1.7,0,6,,10+,29.71,1006.2,,,TRUE,,,,,,,BKN,4100,OVC,5000,,,,,VFR,,,,,,,,,,,,METAR,6
"METAR PAKW 280053Z AUTO VRB06G18KT 10SM CLR 12/03 A3009 RMK AO2 SLP191 T01170033 TSNO",PAKW,2026-04-28T00:53:00.000Z,55.5820,-133.0750,11.7,3.3,0,6,18,10+,30.09,1019.1,,TRUE,TRUE,,,TRUE,,,,,,,,,,,,VFR,,,,,,,,,,,,METAR,7
"METAR PALH 280053Z AUTO 17005KT 10SM FEW055 SCT080 OVC100 08/00 A2978 RMK AO2 SLP087 T00780000 TSNO $",PALH,2026-04-28T00:53:00.000Z,61.1790,-149.9620,7.8,0,170,5,,10+,29.78,1008.7,,TRUE,TRUE,TRUE,,TRUE,,,,FEW,5500,SCT,8000,OVC,10000,,,VFR,,,,,,,,,,,,METAR,26
"METAR PAMR 280053Z 34005KT 10SM SCT075 BKN090 OVC110 07/01 A2978 RMK AO2 SLP085 T00670011",PAMR,2026-04-28T00:53:00.000Z,61.2150,-149.8500,6.7,1.1,340,5,,10+,29.78,1008.5,,,TRUE,,,,,,,SCT,7500,BKN,9000,OVC,11000,,,VFR,,,,,,,,,,,,METAR,43
"METAR PANC 280053Z 16013G21KT 10SM FEW075 OVC100 07/00 A2978 RMK AO2 SLP086 T00670000",PANC,2026-04-28T00:53:00.000Z,61.1691,-150.0277,6.7,0,160,13,21,10+,29.78,1008.6,,,TRUE,,,,,,,FEW,7500,OVC,10000,,,,,VFR,,,,,,,,,,,,METAR,39
"METAR PANN 280053Z AUTO 12003KT 10SM CLR 10/M02 A2964 RMK AO2 SLP044 T01001022 TSNO",PANN,2026-04-28T00:53:00.000Z,64.5470,-149.0870,10,-2.2,120,3,,10+,29.64,1004.4,,TRUE,TRUE,,,TRUE,,,,,,,,,,,,VFR,,,,,,,,,,,,METAR,110
"METAR KMFE 280053Z 12015KT 10SM CLR 30/23 A2976 RMK AO2 SLP076 T03000233",KMFE,2026-04-28T00:53:00.000Z,26.1791,-98.2445,30,23.3,120,15,,10+,29.76,1007.6,,,TRUE,,,,,,,,,,,,,,,VFR,,,,,,,,,,,,METAR,29
"METAR PAOM 280053Z 04011KT 10SM BKN110 06/02 A2957 RMK AO2 SLP014 T00560017",PAOM,2026-04-28T00:53:00.000Z,64.5111,-165.4401,5.6,1.7,40,11,,10+,29.57,1001.4,,,TRUE,,,,,,,BKN,11000,,,,,,,VFR,,,,,,,,,,,,METAR,6
"METAR PAOR 280053Z 15004KT 10SM BKN100 BKN120 09/M05 A2980 RMK AO2 SLP110 T00891050 $",PAOR,2026-04-28T00:53:00.000Z,62.9620,-141.9380,8.9,-5,150,4,,10+,29.80,1011,,,TRUE,TRUE,,,,,,BKN,10000,BKN,12000,,,,,VFR,,,,,,,,,,,,METAR,524
"METAR KTYR 280053Z 16007KT 10SM HZ CLR 27/23 A2981 RMK AO2 SLP087 T02720233",KTYR,2026-04-28T00:53:00.000Z,32.3587,-95.4040,27.2,23.3,160,7,,10+,29.81,1008.7,,,TRUE,,,,,,HZ,,,,,,,,,VFR,,,,,,,,,,,,METAR,161
"METAR KTYS 280053Z 20012KT 10SM FEW150 23/10 A2998 RMK AO2 SLP145 T02330100",KTYS,2026-04-28T00:53:00.000Z,35.8180,-83.9857,23.3,10,200,12,,10+,29.98,1014.5,,,TRUE,,,,,,,FEW,15000,,,,,,,VFR,,,,,,,,,,,,METAR,300
"METAR KUAO 280053Z 25004KT 10SM OVC045 14/07 A3010 RMK AO2 SLP192 T01390067 $",KUAO,2026-04-28T00:53:00.000Z,45.2466,-122.7709,13.9,6.7,250,4,,10+,30.10,1019.2,,,TRUE,TRUE,,,,,,OVC,4500,,,,,,,VFR,,,,,,,,,,,,METAR,60
"METAR KVEL 280053Z AUTO 20007KT 10SM SCT022 BKN036 BKN044 06/04 A2990 RMK AO2 RAE49 SLP114 T00610039 PNO $",KVEL,2026-04-28T00:53:00.000Z,40.4429,-109.5128,6.1,3.9,200,7,,10+,29.90,1011.4,,TRUE,TRUE,TRUE,,,,,,SCT,2200,BKN,3600,BKN,4400,,,VFR,,,,,,,,,,,,METAR,1604
"METAR KVGT 280053Z 23013G24KT 10SM SCT100 22/M03 A2981 RMK AO2 SLP101 T02171033",KVGT,2026-04-28T00:53:00.000Z,36.2120,-115.1940,21.7,-3.3,230,13,24,10+,29.81,1010.1,,,TRUE,,,,,,,SCT,10000,,,,,,,VFR,,,,,,,,,,,,METAR,664
"METAR KVLD 280053Z AUTO 12004KT 10SM CLR 21/14 A3011 RMK AO2 SLP204 T02110144",KVLD,2026-04-28T00:53:00.000Z,30.7763,-83.2739,21.1,14.4,120,4,,10+,30.11,1020.4,,TRUE,TRUE,,,,,,,,,,,,,,,VFR,,,,,,,,,,,,METAR,59
"METAR KPSX 280053Z AUTO 14011KT 9SM SCT013 OVC023 27/24 A2985 RMK AO2 SLP107 T02670239",KPSX,2026-04-28T00:53:00.000Z,28.7248,-96.2535,26.7,23.9,140,11,,9,29.85,1010.7,,TRUE,TRUE,,,,,,,SCT,1300,OVC,2300,,,,,MVFR,,,,,,,,,,,,METAR,4
"METAR PABE 280053Z 15009KT 10SM FEW019 SCT035 OVC049 04/01 A2953 RMK AO2 SLP001 T00440006 $",PABE,2026-04-28T00:53:00.000Z,60.7850,-161.8293,4.4,0.6,150,9,,10+,29.53,1000.1,,,TRUE,TRUE,,,,,,FEW,1900,SCT,3500,OVC,4900,,,VFR,,,,,,,,,,,,METAR,28
"METAR PABI 280053Z 17025G39KT 10SM SCT060 SCT120 BKN170 BKN200 09/M03 A2971 RMK AO2 PK WND 20039/0052 SLP076 T00941028 $",PABI,2026-04-28T00:53:00.000Z,63.9931,-145.7214,9.4,-2.8,170,25,39,10+,29.71,1007.6,,,TRUE,TRUE,,,,,,SCT,6000,SCT,12000,BKN,17000,BKN,20000,VFR,,,,,,,,,,,,METAR,388
"METAR PADQ 280053Z AUTO 14009KT 10SM FEW046 SCT055 OVC095 07/04 A2964 RMK AO2 SLP038 T00720039 $",PADQ,2026-04-28T00:53:00.000Z,57.7507,-152.4881,7.2,3.9,140,9,,10+,29.64,1003.8,,TRUE,TRUE,TRUE,,,,,,FEW,4600,SCT,5500,OVC,9500,,,VFR,,,,,,,,,,,,METAR,5
"METAR KOVE 280053Z AUTO VRB03KT 10SM CLR 19/06 A3000 RMK AO2 SLP161 T01940061",KOVE,2026-04-28T00:53:00.000Z,39.4943,-121.6225,19.4,6.1,0,3,,10+,30.00,1016.1,,TRUE,TRUE,,,,,,,,,,,,,,,VFR,,,,,,,,,,,,METAR,56
"METAR KOWD 280053Z AUTO 05005KT 10SM 11/02 A3025 RMK AO2 SLP244 T01060017 PWINO $",KOWD,2026-04-28T00:53:00.000Z,42.1912,-71.1732,10.6,1.7,50,5,,10+,30.25,1024.4,,TRUE,TRUE,TRUE,,,,TRUE,,,,,,,,,,VFR,,,,,,,,,,,,METAR,14
"METAR KLXV 280053Z AUTO VRB05G15KT 10SM OVC060 04/M10 A3001 RMK AO2 SLP079 T00391100",KLXV,2026-04-28T00:53:00.000Z,39.2280,-106.3162,3.9,-10,0,5,15,10+,30.01,1007.9,,TRUE,TRUE,,,,,,,OVC,6000,,,,,,,VFR,,,,,,,,,,,,METAR,3027
"METAR KPAE 280053Z 20011KT 10SM BKN028 BKN034 OVC046 13/07 A3004 RMK AO2 SLP173 T01330072",KPAE,2026-04-28T00:53:00.000Z,47.9232,-122.2831,13.3,7.2,200,11,,10+,30.04,1017.3,,,TRUE,,,,,,,BKN,2800,BKN,3400,OVC,4600,,,MVFR,,,,,,,,,,,,METAR,166
"METAR KPAH 280053Z 19010G25KT 10SM FEW049 SCT075 BKN100 27/19 A2971 RMK AO2 SLP056 T02670194",KPAH,2026-04-28T00:53:00.000Z,37.0652,-88.7793,26.7,19.4,190,10,25,10+,29.71,1005.6,,,TRUE,,,,,,,FEW,4900,SCT,7500,BKN,10000,,,VFR,,,,,,,,,,,,METAR,125
"METAR KPBF 280053Z AUTO 19008KT 10SM FEW048 27/22 A2982 RMK AO2 SLP094 T02720222",KPBF,2026-04-28T00:53:00.000Z,34.1798,-91.9344,27.2,22.2,190,8,,10+,29.82,1009.4,,TRUE,TRUE,,,,,,,FEW,4800,,,,,,,VFR,,,,,,,,,,,,METAR,63
"METAR KPBG 280053Z AUTO 00000KT 10SM CLR 13/05 A3015 RMK AO2 SLP212 T01330050",KPBG,2026-04-28T00:53:00.000Z,44.6392,-73.4631,13.3,5,0,0,,10+,30.15,1021.2,,TRUE,TRUE,,,,,,,,,,,,,,,VFR,,,,,,,,,,,,METAR,61
"METAR KMAI 280053Z AUTO 07005KT 10SM FEW060 25/16 A3005 RMK AO2 SLP175 T02500161",KMAI,2026-04-28T00:53:00.000Z,30.8370,-85.1835,25,16.1,70,5,,10+,30.05,1017.5,,TRUE,TRUE,,,,,,,FEW,6000,,,,,,,VFR,,,,,,,,,,,,METAR,33
"METAR KPDT 280053Z 30008KT 10SM CLR 18/M05 A2991 RMK AO2 SLP123 T01831050 $",KPDT,2026-04-28T00:53:00.000Z,45.6975,-118.8345,18.3,-5,300,8,,10+,29.91,1012.3,,,TRUE,TRUE,,,,,,,,,,,,,,VFR,,,,,,,,,,,,METAR,453
"METAR KPDX 280053Z 20003KT 10SM SCT036 OVC050 14/06 A3009 RMK AO2 SLP188 T01440061 $",KPDX,2026-04-28T00:53:00.000Z,45.5958,-122.6092,14.4,6.1,200,3,,10+,30.09,1018.8,,,TRUE,TRUE,,,,,,SCT,3600,OVC,5000,,,,,VFR,,,,,,,,,,,,METAR,7
"METAR KPEO 280053Z AUTO 14006KT 10SM CLR 14/03 A3012 RMK AO2 SLP201 T01440033",KPEO,2026-04-28T00:53:00.000Z,42.6441,-77.0528,14.4,3.3,140,6,,10+,30.12,1020.1,,TRUE,TRUE,,,,,,,,,,,,,,,VFR,,,,,,,,,,,,METAR,268
"METAR KPGA 280053Z AUTO 21010G22KT 10SM FEW120 20/M13 A2979 RMK AO2 SLP046 T02001133 $",KPGA,2026-04-28T00:53:00.000Z,36.9211,-111.4487,20,-13.3,210,10,22,10+,29.79,1004.6,,TRUE,TRUE,TRUE,,,,,,FEW,12000,,,,,,,VFR,,,,,,,,,,,,METAR,1310
"METAR KPGD 280053Z AUTO 08011KT 10SM BKN060 26/18 A3004 RMK AO2 SLP170 T02560183",KPGD,2026-04-28T00:53:00.000Z,26.9185,-81.9939,25.6,18.3,80,11,,10+,30.04,1017,,TRUE,TRUE,,,,,,,BKN,6000,,,,,,,VFR,,,,,,,,,,,,METAR,7
"METAR KMAF 280053Z 29005KT 10SM CLR 31/M04 A2982 RMK AO2 SLP051 T03111039",KMAF,2026-04-28T00:53:00.000Z,31.9475,-102.2086,31.1,-3.9,290,5,,10+,29.82,1005.1,,,TRUE,,,,,,,,,,,,,,,VFR,,,,,,,,,,,,METAR,874
"METAR KPIE 280053Z 07016G23KT 10SM CLR 27/21 A3003 RMK AO2 SLP170 T02670206",KPIE,2026-04-28T00:53:00.000Z,27.9126,-82.6856,26.7,20.6,70,16,23,10+,30.03,1017,,,TRUE,,,,,,,,,,,,,,,VFR,,,,,,,,,,,,METAR,1
"METAR KPIH 280053Z 34004KT 10SM BKN100 11/M06 A2987 RMK AO2 SLP118 T01111056",KPIH,2026-04-28T00:53:00.000Z,42.9197,-112.5723,11.1,-5.6,340,4,,10+,29.87,1011.8,,,TRUE,,,,,,,BKN,10000,,,,,,,VFR,,,,,,,,,,,,METAR,1357
"METAR KPRB 280053Z AUTO 21012KT 10SM CLR 18/04 A3003 RMK AO2 SLP167 T01830044",KPRB,2026-04-28T00:53:00.000Z,35.6694,-120.6292,18.3,4.4,210,12,,10+,30.03,1016.7,,TRUE,TRUE,,,,,,,,,,,,,,,VFR,,,,,,,,,,,,METAR,249
"METAR KOXB 280053Z AUTO 07005KT 10SM CLR 11/04 A3027 RMK AO2 SLP250 T01060044 $",KOXB,2026-04-28T00:53:00.000Z,38.3091,-75.1234,10.6,4.4,70,5,,10+,30.27,1025,,TRUE,TRUE,TRUE,,,,,,,,,,,,,,VFR,,,,,,,,,,,,METAR,2
"METAR KSHR 280053Z AUTO 00000KT 10SM OVC026 01/M04 A3000 RMK AO2 SLP191 T00111039",KSHR,2026-04-28T00:53:00.000Z,44.7603,-106.9741,1.1,-3.9,0,0,,10+,30.00,1019.1,,TRUE,TRUE,,,,,,,OVC,2600,,,,,,,MVFR,,,,,,,,,,,,METAR,1212
"METAR KSJC 280053Z 34016G21KT 10SM FEW045 FEW065 17/08 A3003 RMK AO2 SLP168 T01720078",KSJC,2026-04-28T00:53:00.000Z,37.3594,-121.9244,17.2,7.8,340,16,21,10+,30.03,1016.8,,,TRUE,,,,,,,FEW,4500,FEW,6500,,,,,VFR,,,,,,,,,,,,METAR,13
"METAR KSLN 280053Z 34010KT 10SM CLR 16/07 A2990 RMK AO2 SLP120 T01560072",KSLN,2026-04-28T00:53:00.000Z,38.7800,-97.6446,15.6,7.2,340,10,,10+,29.90,1012,,,TRUE,,,,,,,,,,,,,,,VFR,,,,,,,,,,,,METAR,377
"METAR KSMF 280053Z 00000KT 10SM SCT060 BKN250 20/06 A2999 RMK AO2 SLP153 T02000061",KSMF,2026-04-28T00:53:00.000Z,38.7007,-121.5948,20,6.1,0,0,,10+,29.99,1015.3,,,TRUE,,,,,,,SCT,6000,BKN,25000,,,,,VFR,,,,,,,,,,,,METAR,7
"METAR KSNA 280053Z 24008KT 10SM FEW050 18/08 A3001 RMK AO2 SLP160 T01780078",KSNA,2026-04-28T00:53:00.000Z,33.6798,-117.8675,17.8,7.8,240,8,,10+,30.01,1016,,,TRUE,,,,,,,FEW,5000,,,,,,,VFR,,,,,,,,,,,,METAR,14
"METAR KSNS 280053Z 29013G19KT 10SM CLR 16/07 A3006 RMK AO2 SLP189 T01560072",KSNS,2026-04-28T00:53:00.000Z,36.6635,-121.6093,15.6,7.2,290,13,19,10+,30.06,1018.9,,,TRUE,,,,,,,,,,,,,,,VFR,,,,,,,,,,,,METAR,20
"METAR KSPG 280053Z AUTO 08019KT 10SM FEW037 28/21 A3003 RMK AO2 SLP169 T02780206 $",KSPG,2026-04-28T00:53:00.000Z,27.7685,-82.6257,27.8,20.6,80,19,,10+,30.03,1016.9,,TRUE,TRUE,TRUE,,,,,,FEW,3700,,,,,,,VFR,,,,,,,,,,,,METAR,1
"METAR KSTP 280053Z 33010KT 10SM -RA OVC010 08/07 A2956 RMK AO2 SLP009 P0000 T00830072",KSTP,2026-04-28T00:53:00.000Z,44.9323,-93.0559,8.3,7.2,330,10,,10+,29.56,1000.9,,,TRUE,,,,,,-RA,OVC,1000,,,,,,,MVFR,,,,,,0.005,,,,,,METAR,213
"METAR KTUP 280053Z 19007KT 10SM BKN060 22/18 A2990 RMK AO2 SLP121 T02170183 $",KTUP,2026-04-28T00:53:00.000Z,34.2622,-88.7713,21.7,18.3,190,7,,10+,29.90,1012.1,,,TRUE,TRUE,,,,,,BKN,6000,,,,,,,VFR,,,,,,,,,,,,METAR,107
"METAR KGCC 280053Z AUTO 02007KT 10SM FEW016 OVC028 01/M03 A2998 RMK AO2 SLP180 T00061033",KGCC,2026-04-28T00:53:00.000Z,44.3398,-105.5416,0.6,-3.3,20,7,,10+,29.98,1018,,TRUE,TRUE,,,,,,,FEW,1600,OVC,2800,,,,,MVFR,,,,,,,,,,,,METAR,1328
"METAR PHNL 280053Z 07017G22KT 10SM FEW023 FEW030 SCT039 29/19 A2997 RMK AO2 SLP150 SHRA DSNT W T02940189 $",PHNL,2026-04-28T00:53:00.000Z,21.3150,-157.9240,29.4,18.9,70,17,22,10+,29.97,1015,,,TRUE,TRUE,,,,,,FEW,2300,FEW,3000,SCT,3900,,,VFR,,,,,,,,,,,,METAR,2
"METAR KTVC 280053Z 17017G30KT 10SM BKN050 BKN065 OVC080 21/10 A2961 RMK AO2 PK WND 14031/0001 SLP025 T02060100",KTVC,2026-04-28T00:53:00.000Z,44.7390,-85.5694,20.6,10,170,17,30,10+,29.61,1002.5,,,TRUE,,,,,,,BKN,5000,BKN,6500,OVC,8000,,,VFR,,,,,,,,,,,,METAR,188
"METAR KOLF 280053Z AUTO 32009KT 10SM OVC060 06/M07 A3003 RMK AO2 SLP192 T00611067",KOLF,2026-04-28T00:53:00.000Z,48.0942,-105.5784,6.1,-6.7,320,9,,10+,30.03,1019.2,,TRUE,TRUE,,,,,,,OVC,6000,,,,,,,VFR,,,,,,,,,,,,METAR,605
"METAR KLAW 280053Z AUTO 00000KT 10SM CLR 26/08 A2976 RMK AO2 SLP065 T02560078",KLAW,2026-04-28T00:53:00.000Z,34.5577,-98.4172,25.6,7.8,0,0,,10+,29.76,1006.5,,TRUE,TRUE,,,,,,,,,,,,,,,VFR,,,,,,,,,,,,METAR,328
"METAR KTOR 280053Z AUTO 06010KT 10SM BKN100 07/M02 A2995 RMK AO2 SLP151 T00721017 $",KTOR,2026-04-28T00:53:00.000Z,42.0613,-104.1585,7.2,-1.7,60,10,,10+,29.95,1015.1,,TRUE,TRUE,TRUE,,,,,,BKN,10000,,,,,,,VFR,,,,,,,,,,,,METAR,1285
"METAR KSSF 280053Z 12012KT 6SM HZ FEW044 30/23 A2975 RMK AO2 SLP064 T03000228",KSSF,2026-04-28T00:53:00.000Z,29.3390,-98.4720,30,22.8,120,12,,6,29.75,1006.4,,,TRUE,,,,,,HZ,FEW,4400,,,,,,,VFR,,,,,,,,,,,,METAR,175
"METAR KCQC 280053Z AUTO 24014G19KT CLR 17/M12 A2998 RMK AO2 SLP094 T01671122 $",KCQC,2026-04-28T00:53:00.000Z,35.0030,-105.6628,16.7,-12.2,240,14,19,,29.98,1009.4,,TRUE,TRUE,TRUE,,,,,,,,,,,,,,null,,,,,,,,,,,,METAR,2163
"METAR KSMQ 280053Z AUTO 14004KT 10SM CLR 11/04 A3022 RMK AO2 SLP235 T01110044",KSMQ,2026-04-28T00:53:00.000Z,40.6241,-74.6690,11.1,4.4,140,4,,10+,30.22,1023.5,,TRUE,TRUE,,,,,,,,,,,,,,,VFR,,,,,,,,,,,,METAR,30
"METAR KTUS 280053Z 29007G16KT 10SM CLR 27/M08 A2988 RMK AO2 SLP082 T02721078",KTUS,2026-04-28T00:53:00.000Z,32.1315,-110.9564,27.2,-7.8,290,7,16,10+,29.88,1008.2,,,TRUE,,,,,,,,,,,,,,,VFR,,,,,,,,,,,,METAR,776
"METAR KLOZ 280053Z AUTO 18008KT 10SM OVC100 23/12 A2993 RMK AO2 SLP127 T02330117",KLOZ,2026-04-28T00:53:00.000Z,37.0896,-84.0688,23.3,11.7,180,8,,10+,29.93,1012.7,,TRUE,TRUE,,,,,,,OVC,10000,,,,,,,VFR,,,,,,,,,,,,METAR,361
"METAR KLXT 280053Z AUTO A2980 RMK AO2 SLPNO PWINO FZRANO $",KLXT,2026-04-28T00:53:00.000Z,38.9577,-94.3712,,,,,,,29.80,,,TRUE,TRUE,TRUE,,,TRUE,TRUE,,,,,,,,,,null,,,,,,,,,,,,METAR,306
"METAR KFAT 280053Z 31008KT 10SM FEW040 BKN065 BKN120 20/04 A2999 RMK AO2 SLP152 T02000039",KFAT,2026-04-28T00:53:00.000Z,36.7800,-119.7202,20,3.9,310,8,,10+,29.99,1015.2,,,TRUE,,,,,,,FEW,4000,BKN,6500,BKN,12000,,,VFR,,,,,,,,,,,,METAR,102
"METAR KTUL 280053Z 31003KT 10SM CLR 23/14 A2979 RMK AO2 SLP079 T02330139",KTUL,2026-04-28T00:53:00.000Z,36.1985,-95.8782,23.3,13.9,310,3,,10+,29.79,1007.9,,,TRUE,,,,,,,,,,,,,,,VFR,,,,,,,,,,,,METAR,196
"METAR KTLH 280053Z 09008KT 10SM FEW049 25/16 A3007 RMK AO2 SLP182 T02500156",KTLH,2026-04-28T00:53:00.000Z,30.3935,-84.3513,25,15.6,90,8,,10+,30.07,1018.2,,,TRUE,,,,,,,FEW,4900,,,,,,,VFR,,,,,,,,,,,,METAR,17
"METAR KBPT 280053Z 16011KT 10SM FEW015 OVC024 26/23 A2990 RMK AO2 SLP124 T02560228",KBPT,2026-04-28T00:53:00.000Z,29.9521,-94.0262,25.6,22.8,160,11,,10+,29.90,1012.4,,,TRUE,,,,,,,FEW,1500,OVC,2400,,,,,MVFR,,,,,,,,,,,,METAR,6
"METAR KNUI 280053Z AUTO 11005KT 10SM CLR 13/06 A3024 RMK AO2 SLP239 T01280056",KNUI,2026-04-28T00:53:00.000Z,38.1520,-76.4320,12.8,5.6,110,5,,10+,30.24,1023.9,,TRUE,TRUE,,,,,,,,,,,,,,,VFR,,,,,,,,,,,,METAR,4
"METAR KBTL 280053Z COR 1601G20KT 10SM SCT075 OVC095 18/14 A2970 RMK AO2 SLP055 T01780139 $",KBTL,2026-04-28T00:53:00.000Z,42.3119,-85.2415,17.8,13.9,,,,10+,29.70,1005.5,TRUE,,TRUE,TRUE,,,,,,SCT,7500,OVC,9500,,,,,VFR,,,,,,,,,,,,METAR,282
"METAR KMIA 280053Z 05009KT 10SM SCT025 26/21 A3001 RMK AO2 SLP162 T02610211 $",KMIA,2026-04-28T00:53:00.000Z,25.7881,-80.3169,26.1,21.1,50,9,,10+,30.01,1016.2,,,TRUE,TRUE,,,,,,SCT,2500,,,,,,,VFR,,,,,,,,,,,,METAR,1
"METAR KMGM 280053Z 12008KT 10SM CLR 24/18 A3002 RMK AO2 SLP165 T02390178",KMGM,2026-04-28T00:53:00.000Z,32.2997,-86.4074,23.9,17.8,120,8,,10+,30.02,1016.5,,,TRUE,,,,,,,,,,,,,,,VFR,,,,,,,,,,,,METAR,64
"METAR KSNY 280053Z AUTO 03009KT 10SM FEW032 SCT110 06/M02 A2997 RMK AO2 SLP155 T00611017",KSNY,2026-04-28T00:53:00.000Z,41.0993,-102.9864,6.1,-1.7,30,9,,10+,29.97,1015.5,,TRUE,TRUE,,,,,,,FEW,3200,SCT,11000,,,,,VFR,,,,,,,,,,,,METAR,1307
"METAR KIAG 280053Z 09006KT 10SM CLR 15/08 A3000 RMK AO2 SLP161 T01500078",KIAG,2026-04-28T00:53:00.000Z,43.1083,-78.9382,15,7.8,90,6,,10+,30.00,1016.1,,,TRUE,,,,,,,,,,,,,,,VFR,,,,,,,,,,,,METAR,179
"METAR TIST 280053Z 12007KT 10SM CLR 28/24 A3000 RMK AO2 SLP158 T02830244 $",TIST,2026-04-28T00:53:00.000Z,18.3362,-64.9799,28.3,24.4,120,7,,10+,30.00,1015.8,,,TRUE,TRUE,,,,,,,,,,,,,,VFR,,,,,,,,,,,,METAR,5
"METAR TISX 280053Z 13008KT 10SM FEW011 SCT017 SCT047 27/25 A3002 RMK AO2 RAB33E50 SLP163 P0000 T02670250 $",TISX,2026-04-28T00:53:00.000Z,17.6997,-64.8126,26.7,25,130,8,,10+,30.02,1016.3,,,TRUE,TRUE,,,,,,FEW,1100,SCT,1700,SCT,4700,,,VFR,,,,,,0.005,,,,,,METAR,16
"METAR KCGI 280053Z AUTO 21019G29KT 10SM FEW038 FEW048 26/21 A2967 RMK AO2 PK WND 22034/2355 SLP045 T02610206",KCGI,2026-04-28T00:53:00.000Z,37.2254,-89.5785,26.1,20.6,210,19,29,10+,29.67,1004.5,,TRUE,TRUE,,,,,,,FEW,3800,FEW,4800,,,,,VFR,,,,,,,,,,,,METAR,103
"METAR KDMH 280053Z AUTO 17/06 A3021 RMK AO1 SLP229 T01670056",KDMH,2026-04-28T00:53:00.000Z,39.2810,-76.6110,16.7,5.6,,,,,30.21,1022.9,,TRUE,TRUE,,,,,,,,,,,,,,,null,,,,,,,,,,,,METAR,4
"METAR KNUW 280053Z 15012KT 10SM SCT020 SCT040 14/08 A3003 RMK AO2 SLP172 T01440078 $",KNUW,2026-04-28T00:53:00.000Z,48.3550,-122.6640,14.4,7.8,150,12,,10+,30.03,1017.2,,,TRUE,TRUE,,,,,,SCT,2000,SCT,4000,,,,,VFR,,,,,,,,,,,,METAR,14
"METAR KIDA 280053Z 02008KT 10SM FEW045 BKN065 OVC100 07/01 A2992 RMK AO2 SLP138 T00670006",KIDA,2026-04-28T00:53:00.000Z,43.5204,-112.0675,6.7,0.6,20,8,,10+,29.92,1013.8,,,TRUE,,,,,,,FEW,4500,BKN,6500,OVC,10000,,,VFR,,,,,,,,,,,,METAR,1444
"METAR KBAF 280053Z 17007KT 10SM CLR 16/01 A3023 RMK AO2 SLP237 T01560011",KBAF,2026-04-28T00:53:00.000Z,42.1600,-72.7124,15.6,1.1,170,7,,10+,30.23,1023.7,,,TRUE,,,,,,,,,,,,,,,VFR,,,,,,,,,,,,METAR,80
"METAR KLWV 280053Z AUTO 11014G22KT 10SM BKN039 BKN047 OVC055 17/16 A2972 RMK AO2 PK WND 11026/0010 RAB2356E11 SLP063 P0000 T01720161 TSNO",KLWV,2026-04-28T00:53:00.000Z,38.7604,-87.5990,17.2,16.1,110,14,22,10+,29.72,1006.3,,TRUE,TRUE,,,TRUE,,,,BKN,3900,BKN,4700,OVC,5500,,,VFR,,,,,,0.005,,,,,,METAR,128
"METAR KICT 280053Z 34013KT 10SM FEW055 19/09 A2987 RMK AO2 SLP104 T01940089",KICT,2026-04-28T00:53:00.000Z,37.6475,-97.4300,19.4,8.9,340,13,,10+,29.87,1010.4,,,TRUE,,,,,,,FEW,5500,,,,,,,VFR,,,,,,,,,,,,METAR,428
"METAR KHWO 280053Z 04011KT 10SM SCT024 26/21 A3001 RMK AO2 SLP162 T02610206 PNO $",KHWO,2026-04-28T00:53:00.000Z,25.9996,-80.2412,26.1,20.6,40,11,,10+,30.01,1016.2,,,TRUE,TRUE,,,,,,SCT,2400,,,,,,,VFR,,,,,,,,,,,,METAR,2
"METAR KHVR 280053Z AUTO 12005KT 10SM SCT075 09/M06 A2993 RMK AO2 SLP161 T00891061",KHVR,2026-04-28T00:53:00.000Z,48.5425,-109.7644,8.9,-6.1,120,5,,10+,29.93,1016.1,,TRUE,TRUE,,,,,,,SCT,7500,,,,,,,VFR,,,,,,,,,,,,METAR,789
"METAR KNIP 280053Z 03011KT 10SM OVC017 19/16 A3016 RMK AO2 SLP207 T01890156",KNIP,2026-04-28T00:53:00.000Z,30.2346,-81.6746,18.9,15.6,30,11,,10+,30.16,1020.7,,,TRUE,,,,,,,OVC,1700,,,,,,,MVFR,,,,,,,,,,,,METAR,3
"METAR KBUR 280053Z 20007KT 10SM SCT060 17/04 A2999 RMK AO2 SLP148 T01720044",KBUR,2026-04-28T00:53:00.000Z,34.1996,-118.3654,17.2,4.4,200,7,,10+,29.99,1014.8,,,TRUE,,,,,,,SCT,6000,,,,,,,VFR,,,,,,,,,,,,METAR,221
"METAR KP68 280053Z AUTO 19004KT 07/00 A2995 RMK AO1 SLP123 T00670000",KP68,2026-04-28T00:53:00.000Z,39.6020,-116.0060,6.7,0,190,4,,,29.95,1012.3,,TRUE,TRUE,,,,,,,,,,,,,,,null,,,,,,,,,,,,METAR,1813
"METAR KMWN 280053Z 24005KT 120SM FEW030 FEW180 FEW220 04/M01 RMK",KMWN,2026-04-28T00:53:00.000Z,44.2710,-71.3040,4,-1,240,5,,99,,,,,,,,,,,,FEW,3000,FEW,18000,FEW,22000,,,VFR,,,,,,,,,,,,METAR,1911
"METAR KLWD 280053Z AUTO 29017G28KT 10SM OVC020 12/08 A2978 RMK AO2 PK WND 31029/0043 SLP084 T01170083",KLWD,2026-04-28T00:53:00.000Z,40.6306,-93.9005,11.7,8.3,290,17,28,10+,29.78,1008.4,,TRUE,TRUE,,,,,,,OVC,2000,,,,,,,MVFR,,,,,,,,,,,,METAR,345
"METAR KGKJ 280053Z AUTO 14007KT 100V210 CLR 18/03 A3001 RMK AO2 SLP161 T01830033 $",KGKJ,2026-04-28T00:53:00.000Z,41.6258,-80.2123,18.3,3.3,140,7,,,30.01,1016.1,,TRUE,TRUE,TRUE,,,,,,,,,,,,,,null,,,,,,,,,,,,METAR,428
"METAR KFAR 280053Z 35021G29KT 10SM OVC090 09/02 A2981 RMK AO2 PK WND 34033/0038 SLP102 T00940017",KFAR,2026-04-28T00:53:00.000Z,46.9242,-96.8119,9.4,1.7,350,21,29,10+,29.81,1010.2,,,TRUE,,,,,,,OVC,9000,,,,,,,VFR,,,,,,,,,,,,METAR,276
"METAR KAWM 280053Z AUTO 19012KT 10SM CLR 27/22 A2981 RMK AO2 PK WND 19026/0009 SLP090 T02670217",KAWM,2026-04-28T00:53:00.000Z,35.1401,-90.2359,26.7,21.7,190,12,,10+,29.81,1009,,TRUE,TRUE,,,,,,,,,,,,,,,VFR,,,,,,,,,,,,METAR,64
"METAR KCOT 280053Z AUTO 16010KT 8SM CLR 32/22 A2975 RMK AO2 SLP065 T03170217",KCOT,2026-04-28T00:53:00.000Z,28.4585,-99.2228,31.7,21.7,160,10,,8,29.75,1006.5,,TRUE,TRUE,,,,,,,,,,,,,,,VFR,,,,,,,,,,,,METAR,144
"METAR KCNY 280053Z AUTO 23020G28KT 10SM BKN110 18/M07 A2977 RMK AO2 PK WND 24028/0047 SLP050 T01831072",KCNY,2026-04-28T00:53:00.000Z,38.7501,-109.7627,18.3,-7.2,230,20,28,10+,29.77,1005,,TRUE,TRUE,,,,,,,BKN,11000,,,,,,,VFR,,,,,,,,,,,,METAR,1392
"METAR KCNO 280053Z 22011KT 10SM CLR 18/04 A2999 RMK AO2 SLP153 T01830039",KCNO,2026-04-28T00:53:00.000Z,33.9756,-117.6249,18.3,3.9,220,11,,10+,29.99,1015.3,,,TRUE,,,,,,,,,,,,,,,VFR,,,,,,,,,,,,METAR,191
"METAR KCKB 280053Z 11008KT 10SM CLR 22/04 A3001 RMK AO2 SLP154 T02170039",KCKB,2026-04-28T00:53:00.000Z,39.3022,-80.2239,21.7,3.9,110,8,,10+,30.01,1015.4,,,TRUE,,,,,,,,,,,,,,,VFR,,,,,,,,,,,,METAR,368
"METAR KBTR 280053Z 17012KT 10SM CLR 27/18 A2996 RMK AO2 SLP144 T02720183",KBTR,2026-04-28T00:53:00.000Z,30.5378,-91.1468,27.2,18.3,170,12,,10+,29.96,1014.4,,,TRUE,,,,,,,,,,,,,,,VFR,,,,,,,,,,,,METAR,20
"METAR KDUJ 280053Z AUTO 14009G19KT 10SM CLR 16/03 A3011 RMK AO2 SLP194 T01560033",KDUJ,2026-04-28T00:53:00.000Z,41.1795,-78.8933,15.6,3.3,140,9,19,10+,30.11,1019.4,,TRUE,TRUE,,,,,,,,,,,,,,,VFR,,,,,,,,,,,,METAR,552
"METAR KAUS 280053Z 14014KT 7SM SCT036 SCT048 BKN250 29/23 A2979 RMK AO2 SLP075 T02890233",KAUS,2026-04-28T00:53:00.000Z,30.1831,-97.6806,28.9,23.3,140,14,,7,29.79,1007.5,,,TRUE,,,,,,,SCT,3600,SCT,4800,BKN,25000,,,VFR,,,,,,,,,,,,METAR,148
"METAR KAMA 280053Z 23015G23KT 10SM CLR 24/M11 A2984 RMK AO2 PK WND 24028/0007 SLP064 T02441111",KAMA,2026-04-28T00:53:00.000Z,35.2203,-101.7173,24.4,-11.1,230,15,23,10+,29.84,1006.4,,,TRUE,,,,,,,,,,,,,,,VFR,,,,,,,,,,,,METAR,1102
"METAR KALI 280053Z AUTO 13014G21KT 8SM OVC036 27/24 A2978 RMK AO2 SLP082 T02720239",KALI,2026-04-28T00:53:00.000Z,27.7413,-98.0251,27.2,23.9,130,14,21,8,29.78,1008.2,,TRUE,TRUE,,,,,,,OVC,3600,,,,,,,VFR,,,,,,,,,,,,METAR,52
"METAR KAFW 280053Z 00000KT 10SM FEW060 FEW250 32/13 A2974 RMK AO2 SLP056 OCNL LTGIC DSNT E-SE CB DSNT E-SE MOV NE T03170133 $",KAFW,2026-04-28T00:53:00.000Z,32.9900,-97.3200,31.7,13.3,0,0,,10+,29.74,1005.6,,,TRUE,TRUE,,,,,,FEW,6000,FEW,25000,,,,,VFR,,,,,,,,,,,,METAR,208
"METAR KCVG 280052Z 10011KT 3SM RA BR BKN065 OVC090 17/16 A2996 RMK AO2 SLP141 P0022 T01670156",KCVG,2026-04-28T00:52:00.000Z,39.0444,-84.6724,16.7,15.6,100,11,,3,29.96,1014.1,,,TRUE,,,,,,RA BR,BKN,6500,OVC,9000,,,,,MVFR,,,,,,0.22,,,,,,METAR,264
"METAR KMWH 280052Z 24014KT 10SM CLR 21/M03 A2985 RMK AO2 SLP110 T02061033",KMWH,2026-04-28T00:52:00.000Z,47.1930,-119.3146,20.6,-3.3,240,14,,10+,29.85,1011,,,TRUE,,,,,,,,,,,,,,,VFR,,,,,,,,,,,,METAR,355
"METAR KEST 280052Z AUTO 31021G34KT 10SM OVC014 07/05 A2971 RMK AO2 PK WND 30034/0022 SLP062 T00720050 $",KEST,2026-04-28T00:52:00.000Z,43.4008,-94.7476,7.2,5,310,21,34,10+,29.71,1006.2,,TRUE,TRUE,TRUE,,,,,,OVC,1400,,,,,,,MVFR,,,,,,,,,,,,METAR,401
"METAR KCNU 280052Z AUTO 32013G20KT 10SM CLR 19/13 A2983 RMK AO2 SLP091 T01940128",KCNU,2026-04-28T00:52:00.000Z,37.6705,-95.4846,19.4,12.8,320,13,20,10+,29.83,1009.1,,TRUE,TRUE,,,,,,,,,,,,,,,VFR,,,,,,,,,,,,METAR,301
"METAR KOKB 280052Z AUTO 28011KT 10SM CLR 18/08 A3000 RMK AO2 SLP157 T01830078",KOKB,2026-04-28T00:52:00.000Z,33.2195,-117.3496,18.3,7.8,280,11,,10+,30.00,1015.7,,TRUE,TRUE,,,,,,,,,,,,,,,VFR,,,,,,,,,,,,METAR,7
"METAR KDDC 280052Z AUTO 04009KT 10SM CLR 18/06 A2991 RMK AO2 SLP115 T01780056 $",KDDC,2026-04-28T00:52:00.000Z,37.7711,-99.9692,17.8,5.6,40,9,,10+,29.91,1011.5,,TRUE,TRUE,TRUE,,,,,,,,,,,,,,VFR,,,,,,,,,,,,METAR,786
"METAR KOMA 280052Z 32016G27KT 10SM BKN024 OVC032 09/05 A2985 RMK AO2 PK WND 32030/0029 SLP106 T00940050",KOMA,2026-04-28T00:52:00.000Z,41.3119,-95.9018,9.4,5,320,16,27,10+,29.85,1010.6,,,TRUE,,,,,,,BKN,2400,OVC,3200,,,,,MVFR,,,,,,,,,,,,METAR,299
"METAR KDCA 280052Z 13005KT 10SM BKN250 16/06 A3022 RMK AO2 SLP233 T01610056",KDCA,2026-04-28T00:52:00.000Z,38.8472,-77.0345,16.1,5.6,130,5,,10+,30.22,1023.3,,,TRUE,,,,,,,BKN,25000,,,,,,,VFR,,,,,,,,,,,,METAR,4
"METAR KBAN 280052Z AUTO 10SM BKN060 OVC075 06/M03 A2998 RMK AO2 SLP141 T00611028 PWINO $",KBAN,2026-04-28T00:52:00.000Z,38.3550,-119.5220,6.1,-2.8,,,,10+,29.98,1014.1,,TRUE,TRUE,TRUE,,,,TRUE,,BKN,6000,OVC,7500,,,,,VFR,,,,,,,,,,,,METAR,2067
"METAR KHIE 280052Z AUTO 00000KT 10SM CLR 11/06 A3019 RMK AO2 SLP230 T01060056",KHIE,2026-04-28T00:52:00.000Z,44.3659,-71.5522,10.6,5.6,0,0,,10+,30.19,1023,,TRUE,TRUE,,,,,,,,,,,,,,,VFR,,,,,,,,,,,,METAR,321
"METAR KMDH 280052Z 19024G34KT 9SM FEW030 26/21 A2964 RMK AO2 PK WND 20035/2359 RAE38 SLP035 P0000 T02610206",KMDH,2026-04-28T00:52:00.000Z,37.7833,-89.2453,26.1,20.6,190,24,34,9,29.64,1003.5,,,TRUE,,,,,,,FEW,3000,,,,,,,VFR,,,,,,0.005,,,,,,METAR,122
"METAR KBLF 280052Z AUTO 15007G22KT 110V190 10SM CLR 15/04 A3013 RMK AO2 SLP191 T01500039",KBLF,2026-04-28T00:52:00.000Z,37.2978,-81.2036,15,3.9,150,7,22,10+,30.13,1019.1,,TRUE,TRUE,,,,,,,,,,,,,,,VFR,,,,,,,,,,,,METAR,871
"METAR KNHK 280052Z 15007KT 10SM FEW250 14/06 A3024 RMK AO2 SLP240 T01390056 $",KNHK,2026-04-28T00:52:00.000Z,38.2840,-76.4080,13.9,5.6,150,7,,10+,30.24,1024,,,TRUE,TRUE,,,,,,FEW,25000,,,,,,,VFR,,,,,,,,,,,,METAR,5
"METAR KPPF 280052Z AUTO 33009G17KT 10SM CLR 21/14 A2981 RMK AO2 SLP087 T02060144 PNO",KPPF,2026-04-28T00:52:00.000Z,37.3281,-95.5045,20.6,14.4,330,9,17,10+,29.81,1008.7,,TRUE,TRUE,,,,,,,,,,,,,,,VFR,,,,,,,,,,,,METAR,265
"METAR KCQX 280052Z AUTO 02005KT 10SM CLR 08/03 A3025 RMK AO2 SLP245 T00830028",KCQX,2026-04-28T00:52:00.000Z,41.6878,-69.9932,8.3,2.8,20,5,,10+,30.25,1024.5,,TRUE,TRUE,,,,,,,,,,,,,,,VFR,,,,,,,,,,,,METAR,17
"METAR KCID 280052Z 29020G30KT 8SM OVC019 14/12 A2961 RMK AO2 PK WND 30031/0025 SLP025 T01390117",KCID,2026-04-28T00:52:00.000Z,41.8829,-91.7246,13.9,11.7,290,20,30,8,29.61,1002.5,,,TRUE,,,,,,,OVC,1900,,,,,,,MVFR,,,,,,,,,,,,METAR,257
"METAR KAQW 280052Z AUTO VRB03KT 10SM CLR 16/01 A3020 RMK AO2 SLP229 T01560011",KAQW,2026-04-28T00:52:00.000Z,42.6973,-73.1696,15.6,1.1,0,3,,10+,30.20,1022.9,,TRUE,TRUE,,,,,,,,,,,,,,,VFR,,,,,,,,,,,,METAR,196
"METAR KMKE 280052Z 17011KT 10SM FEW010 FEW029 FEW140 FEW190 BKN220 15/13 A2955 RMK AO2 SLP008 T01500128",KMKE,2026-04-28T00:52:00.000Z,42.9549,-87.9045,15,12.8,170,11,,10+,29.55,1000.8,,,TRUE,,,,,,,FEW,1000,FEW,2900,FEW,14000,FEW,19000,VFR,,,,,,,,,,,,METAR,203
"METAR KREO 280052Z AUTO 05010KT 11/M03 A2995 RMK AO1 SLP151 T01061028",KREO,2026-04-28T00:52:00.000Z,42.5902,-117.8646,10.6,-2.8,50,10,,,29.95,1015.1,,TRUE,TRUE,,,,,,,,,,,,,,,null,,,,,,,,,,,,METAR,1237
"METAR KMLI 280052Z 27011G16KT 10SM FEW032 BKN043 BKN050 19/17 A2957 RMK AO2 RAB30E40 SLP012 P0002 T01940167",KMLI,2026-04-28T00:52:00.000Z,41.4482,-90.5237,19.4,16.7,270,11,16,10+,29.57,1001.2,,,TRUE,,,,,,,FEW,3200,BKN,4300,BKN,5000,,,VFR,,,,,,0.02,,,,,,METAR,174
"METAR KALS 280052Z AUTO 26013G21KT 10SM CLR 13/M07 A2996 RMK AO2 PK WND 26028/0003 SLP099 T01281072",KALS,2026-04-28T00:52:00.000Z,37.4393,-105.8618,12.8,-7.2,260,13,21,10+,29.96,1009.9,,TRUE,TRUE,,,,,,,,,,,,,,,VFR,,,,,,,,,,,,METAR,2299
"METAR KFIT 280052Z AUTO 00000KT 10SM CLR 14/01 A3025 RMK AO2 SLP245 T01440011",KFIT,2026-04-28T00:52:00.000Z,42.5549,-71.7570,14.4,1.1,0,0,,10+,30.25,1024.5,,TRUE,TRUE,,,,,,,,,,,,,,,VFR,,,,,,,,,,,,METAR,102
"METAR KDVN 280052Z AUTO 29015G27KT 10SM SCT041 18/15 A2957 RMK AO2 PK WND 29027/0048 WSHFT 0030 SLP007 T01830150",KDVN,2026-04-28T00:52:00.000Z,41.6133,-90.5948,18.3,15,290,15,27,10+,29.57,1000.7,,TRUE,TRUE,,,,,,,SCT,4100,,,,,,,VFR,,,,,,,,,,,,METAR,227
"METAR KNFG 280052Z VRB05KT 10SM FEW050 18/08 A3000 RMK AO2 SLP159 T01830078 $",KNFG,2026-04-28T00:52:00.000Z,33.3040,-117.3550,18.3,7.8,0,5,,10+,30.00,1015.9,,,TRUE,TRUE,,,,,,FEW,5000,,,,,,,VFR,,,,,,,,,,,,METAR,21
"METAR KOKC 280052Z 04015KT 10SM CLR 25/13 A2980 RMK AO2 SLP076 T02500128",KOKC,2026-04-28T00:52:00.000Z,35.3843,-97.6003,25,12.8,40,15,,10+,29.80,1007.6,,,TRUE,,,,,,,,,,,,,,,VFR,,,,,,,,,,,,METAR,391
"METAR KSPI 280052Z 19004KT 10SM CLR 16/14 A2963 RMK AO2 LTG DSNT E RAE2358B12E27 TSE2357 SLP034 P0000 T01560144",KSPI,2026-04-28T00:52:00.000Z,39.8453,-89.6840,15.6,14.4,190,4,,10+,29.63,1003.4,,,TRUE,,,,,,,,,,,,,,,VFR,,,,,,0.005,,,,,,METAR,179
"METAR KTAN 280052Z AUTO 00000KT 10SM CLR 08/02 A3026 RMK AO2 SLP246 T00780022",KTAN,2026-04-28T00:52:00.000Z,41.8756,-71.0208,7.8,2.2,0,0,,10+,30.26,1024.6,,TRUE,TRUE,,,,,,,,,,,,,,,VFR,,,,,,,,,,,,METAR,8
"METAR KBML 280052Z AUTO 00000KT 10SM CLR 11/04 A3020 RMK AO2 SLP233 T01060039 $",KBML,2026-04-28T00:52:00.000Z,44.5760,-71.1782,10.6,3.9,0,0,,10+,30.20,1023.3,,TRUE,TRUE,TRUE,,,,,,,,,,,,,,VFR,,,,,,,,,,,,METAR,344
"METAR KIOW 280052Z AUTO 30014G32KT 10SM OVC019 16/ A2963 RMK AO2 PK WND 29034/0027 SLP031 T0161 $",KIOW,2026-04-28T00:52:00.000Z,41.6394,-91.5446,16.1,,300,14,32,10+,29.63,1003.1,,TRUE,TRUE,TRUE,,,,,,OVC,1900,,,,,,,MVFR,,,,,,,,,,,,METAR,199
"METAR KBLH 280052Z AUTO 23011G20KT 10SM CLR 26/M02 A2984 RMK AO2 PK WND 20027/0017 SLP099 T02561022",KBLH,2026-04-28T00:52:00.000Z,33.6188,-114.7145,25.6,-2.2,230,11,20,10+,29.84,1009.9,,TRUE,TRUE,,,,,,,,,,,,,,,VFR,,,,,,,,,,,,METAR,119
"METAR KSPS 280052Z 26003KT 10SM CLR 31/01 A2975 RMK AO2 SLP058 T03060011",KSPS,2026-04-28T00:52:00.000Z,33.9785,-98.4930,30.6,1.1,260,3,,10+,29.75,1005.8,,,TRUE,,,,,,,,,,,,,,,VFR,,,,,,,,,,,,METAR,310
"METAR KMLF 280052Z AUTO 01019G26KT 10SM FEW050 SCT110 09/03 A2990 RMK AO2 PK WND 01045/0024 WSHFT 0005 SLP105 T00940033",KMLF,2026-04-28T00:52:00.000Z,38.4225,-113.0109,9.4,3.3,10,19,26,10+,29.90,1010.5,,TRUE,TRUE,,,,,,,FEW,5000,SCT,11000,,,,,VFR,,,,,,,,,,,,METAR,1537
"METAR KIEN 280052Z AUTO 06006KT 10SM BKN020 OVC040 04/00 A3001 RMK AO2 SLP181 T00390000",KIEN,2026-04-28T00:52:00.000Z,43.0262,-102.5200,3.9,0,60,6,,10+,30.01,1018.1,,TRUE,TRUE,,,,,,,BKN,2000,OVC,4000,,,,,MVFR,,,,,,,,,,,,METAR,1002
"METAR KMBG 280052Z AUTO 34011KT 10SM CLR 08/M02 A2994 RMK AO2 SLP148 T00781017",KMBG,2026-04-28T00:52:00.000Z,45.5430,-100.4040,7.8,-1.7,340,11,,10+,29.94,1014.8,,TRUE,TRUE,,,,,,,,,,,,,,,VFR,,,,,,,,,,,,METAR,515
"METAR KBIS 280052Z AUTO 32015G22KT 10SM SCT100 08/M05 A2997 RMK AO2 SLP163 T00781050",KBIS,2026-04-28T00:52:00.000Z,46.7823,-100.7575,7.8,-5,320,15,22,10+,29.97,1016.3,,TRUE,TRUE,,,,,,,SCT,10000,,,,,,,VFR,,,,,,,,,,,,METAR,506
"METAR KNFW 280052Z 18015KT 7SM SCT080CB 29/23 A2975 RMK AO2 SLP060 OCNL LTGICCCCG DSNT E CB DSNT E MOV E T02940228 VISNO S $",KNFW,2026-04-28T00:52:00.000Z,32.7810,-97.4360,29.4,22.8,180,15,,7,29.75,1006,,,TRUE,TRUE,,,,,,SCT,8000,,,,,,,VFR,,,,,,,,,,,,METAR,188
"METAR KTOL 280052Z 16009G21KT 120V190 10SM FEW110 18/13 A2977 RMK AO2 SLP079 T01780128 $",KTOL,2026-04-28T00:52:00.000Z,41.5870,-83.8054,17.8,12.8,160,9,21,10+,29.77,1007.9,,,TRUE,TRUE,,,,,,FEW,11000,,,,,,,VFR,,,,,,,,,,,,METAR,206
"METAR KHUT 280052Z 35008KT 10SM CLR 18/08 A2989 RMK AO2 SLP107 T01780078 $",KHUT,2026-04-28T00:52:00.000Z,38.0682,-97.8607,17.8,7.8,350,8,,10+,29.89,1010.7,,,TRUE,TRUE,,,,,,,,,,,,,,VFR,,,,,,,,,,,,METAR,464
"METAR PATA 280052Z 11007KT 10SM FEW100 BKN180 12/M03 A2965 RMK AO2 SLP043 T01171033 $",PATA,2026-04-28T00:52:00.000Z,65.1730,-152.1070,11.7,-3.3,110,7,,10+,29.65,1004.3,,,TRUE,TRUE,,,,,,FEW,10000,BKN,18000,,,,,VFR,,,,,,,,,,,,METAR,62
"METAR KRAP 280052Z 36011KT 10SM OVC018 03/M01 A3000 RMK AO2 SLP184 T00331006",KRAP,2026-04-28T00:52:00.000Z,44.0458,-103.0544,3.3,-0.6,360,11,,10+,30.00,1018.4,,,TRUE,,,,,,,OVC,1800,,,,,,,MVFR,,,,,,,,,,,,METAR,965
"METAR KLWC 280052Z AUTO 32016G23KT 10SM BKN037 16/11 A2984 RMK AO1 SLP101 T01610106 $",KLWC,2026-04-28T00:52:00.000Z,39.0078,-95.2115,16.1,10.6,320,16,23,10+,29.84,1010.1,,TRUE,TRUE,TRUE,,,,,,BKN,3700,,,,,,,VFR,,,,,,,,,,,,METAR,252
"METAR KP69 280052Z AUTO VRB06KT 13/01 A2994 RMK AO1 SLP145 T01330011",KP69,2026-04-28T00:52:00.000Z,46.1440,-115.5970,13.3,1.1,0,6,,,29.94,1014.5,,TRUE,TRUE,,,,,,,,,,,,,,,null,,,,,,,,,,,,METAR,447
"METAR KAFN 280052Z AUTO 00000KT 10SM CLR 13/02 A3025 RMK AO2 SLP249 T01280017",KAFN,2026-04-28T00:52:00.000Z,42.8067,-72.0013,12.8,1.7,0,0,,10+,30.25,1024.9,,TRUE,TRUE,,,,,,,,,,,,,,,VFR,,,,,,,,,,,,METAR,308
"METAR KCKV 280052Z AUTO 19017G24KT 10SM FEW043 BKN065 BKN080 27/18 A2981 RMK AO2 PK WND 18027/0036 LTG DSNT W AND NW SLP089 T02670178",KCKV,2026-04-28T00:52:00.000Z,36.6169,-87.4117,26.7,17.8,190,17,24,10+,29.81,1008.9,,TRUE,TRUE,,,,,,,FEW,4300,BKN,6500,BKN,8000,,,VFR,,,,,,,,,,,,METAR,166
"METAR KATL 280052Z 14007KT 10SM CLR 21/12 A3012 RMK AO2 SLP192 T02110117 $",KATL,2026-04-28T00:52:00.000Z,33.6297,-84.4422,21.1,11.7,140,7,,10+,30.12,1019.2,,,TRUE,TRUE,,,,,,,,,,,,,,VFR,,,,,,,,,,,,METAR,309
"METAR KABQ 280052Z 11005KT 10SM SCT200 21/M12 A2986 RMK AO2 SLP056 T02111117 $",KABQ,2026-04-28T00:52:00.000Z,35.0419,-106.6154,21.1,-11.7,110,5,,10+,29.86,1005.6,,,TRUE,TRUE,,,,,,SCT,20000,,,,,,,VFR,,,,,,,,,,,,METAR,1620
"METAR KABI 280052Z 17007KT 9SM CLR 28/11 A2980 RMK AO2 SLP063 T02830111 $",KABI,2026-04-28T00:52:00.000Z,32.4106,-99.6821,28.3,11.1,170,7,,9,29.80,1006.3,,,TRUE,TRUE,,,,,,,,,,,,,,VFR,,,,,,,,,,,,METAR,543
"METAR KHRL 280052Z 12010KT 10SM CLR 27/24 A2978 RMK AO2 SLP083 T02720239 $",KHRL,2026-04-28T00:52:00.000Z,26.2303,-97.6556,27.2,23.9,120,10,,10+,29.78,1008.3,,,TRUE,TRUE,,,,,,,,,,,,,,VFR,,,,,,,,,,,,METAR,9
"METAR KSGF 280052Z 25003KT 10SM CLR 21/17 A2976 RMK AO2 SLP067 T02110172",KSGF,2026-04-28T00:52:00.000Z,37.2398,-93.3899,21.1,17.2,250,3,,10+,29.76,1006.7,,,TRUE,,,,,,,,,,,,,,,VFR,,,,,,,,,,,,METAR,387
"METAR KCLT 280052Z 12003KT 10SM FEW200 FEW250 19/06 A3017 RMK AO2 SLP227 T01940061",KCLT,2026-04-28T00:52:00.000Z,35.2225,-80.9543,19.4,6.1,120,3,,10+,30.17,1022.7,,,TRUE,,,,,,,FEW,20000,FEW,25000,,,,,VFR,,,,,,,,,,,,METAR,223
"METAR KCFV 280052Z AUTO 34010KT 10SM CLR 22/14 A2979 RMK AO2 SLP081 T02170139",KCFV,2026-04-28T00:52:00.000Z,37.0912,-95.5726,21.7,13.9,340,10,,10+,29.79,1008.1,,TRUE,TRUE,,,,,,,,,,,,,,,VFR,,,,,,,,,,,,METAR,228
"METAR KIAD 280052Z 14006KT 10SM SCT250 15/07 A3021 RMK AO2 SLP228 T01500067 $",KIAD,2026-04-28T00:52:00.000Z,38.9348,-77.4473,15,6.7,140,6,,10+,30.21,1022.8,,,TRUE,TRUE,,,,,,SCT,25000,,,,,,,VFR,,,,,,,,,,,,METAR,90
"METAR KMHK 280052Z AUTO 35004KT 10SM FEW041 14/08 A2989 RMK AO2 SLP119 T01440078",KMHK,2026-04-28T00:52:00.000Z,39.1346,-96.6789,14.4,7.8,350,4,,10+,29.89,1011.9,,TRUE,TRUE,,,,,,,FEW,4100,,,,,,,VFR,,,,,,,,,,,,METAR,320
"METAR PTPN 280052Z 08011KT 15SM BKN017CB BKN300 31/25 A2979 RMK CB SE MOV SW",PTPN,2026-04-28T00:52:00.000Z,6.9860,158.2100,31,25,80,11,,15,29.79,,,,,,,,,,,BKN,1700,BKN,30000,,,,,MVFR,,,,,,,,,,,,METAR,3
"METAR KPYM 280052Z AUTO 00000KT 10SM CLR 07/03 A3025 RMK AO2 SLP247 T00720033",KPYM,2026-04-28T00:52:00.000Z,41.9085,-70.7278,7.2,3.3,0,0,,10+,30.25,1024.7,,TRUE,TRUE,,,,,,,,,,,,,,,VFR,,,,,,,,,,,,METAR,42
"METAR KIJD 280052Z AUTO 00000KT 10SM CLR 14/03 A3024 RMK AO2 SLP241 T01440028",KIJD,2026-04-28T00:52:00.000Z,41.7425,-72.1825,14.4,2.8,0,0,,10+,30.24,1024.1,,TRUE,TRUE,,,,,,,,,,,,,,,VFR,,,,,,,,,,,,METAR,73
"METAR KNZY 280052Z 30011KT 10SM FEW030 FEW060 18/07 A3000 RMK AO2 SLP159 T01830072",KNZY,2026-04-28T00:52:00.000Z,32.6922,-117.2098,18.3,7.2,300,11,,10+,30.00,1015.9,,,TRUE,,,,,,,FEW,3000,FEW,6000,,,,,VFR,,,,,,,,,,,,METAR,4
"METAR KORE 280052Z AUTO 00000KT 10SM CLR 14/01 A3024 RMK AO2 SLP241 T01440011",KORE,2026-04-28T00:52:00.000Z,42.5700,-72.2870,14.4,1.1,0,0,,10+,30.24,1024.1,,TRUE,TRUE,,,,,,,,,,,,,,,VFR,,,,,,,,,,,,METAR,165
"METAR KMEB 280052Z AUTO 11006KT 10SM CLR 16/08 A3021 RMK AO2 SLP227 T01560083",KMEB,2026-04-28T00:52:00.000Z,34.7913,-79.3683,15.6,8.3,110,6,,10+,30.21,1022.7,,TRUE,TRUE,,,,,,,,,,,,,,,VFR,,,,,,,,,,,,METAR,65
"METAR MMDO 280051Z 22015KT 12SM SKC 27/M09 A3008",MMDO,2026-04-28T00:51:00.000Z,24.1240,-104.5320,27,-9,220,15,,12,30.08,,,,,,,,,,,,,,,,,,,VFR,,,,,,,,,,,,METAR,1863
"METAR KOXR 280051Z 27017G24KT 10SM BKN060 17/09 A3000 RMK AO2 SLP159 T01670094",KOXR,2026-04-28T00:51:00.000Z,34.2001,-119.2042,16.7,9.4,270,17,24,10+,30.00,1015.9,,,TRUE,,,,,,,BKN,6000,,,,,,,VFR,,,,,,,,,,,,METAR,12
"METAR KCLE 280051Z 15011KT 10SM OVC150 20/06 A2989 RMK AO2 PRESFR SLP137 T02000056 $",KCLE,2026-04-28T00:51:00.000Z,41.4057,-81.8519,20,5.6,150,11,,10+,29.89,1013.7,,,TRUE,TRUE,,,,,,OVC,15000,,,,,,,VFR,,,,,,,,,,,,METAR,237
"METAR KCON 280051Z AUTO 19003KT 10SM CLR 15/01 A3024 RMK AO2 SLP239 T01500011 $",KCON,2026-04-28T00:51:00.000Z,43.2049,-71.5026,15,1.1,190,3,,10+,30.24,1023.9,,TRUE,TRUE,TRUE,,,,,,,,,,,,,,VFR,,,,,,,,,,,,METAR,102
"METAR KCSG 280051Z AUTO 13005KT 10SM CLR 23/12 A3007 RMK AO2 SLP180 T02330122",KCSG,2026-04-28T00:51:00.000Z,32.5163,-84.9422,23.3,12.2,130,5,,10+,30.07,1018,,TRUE,TRUE,,,,,,,,,,,,,,,VFR,,,,,,,,,,,,METAR,120
"METAR KEKN 280051Z AUTO 14007KT 10SM CLR 18/04 A3009 RMK AO2 SLP191 T01830044 $",KEKN,2026-04-28T00:51:00.000Z,38.8899,-79.8554,18.3,4.4,140,7,,10+,30.09,1019.1,,TRUE,TRUE,TRUE,,,,,,,,,,,,,,VFR,,,,,,,,,,,,METAR,596
"METAR KELP 280051Z 23011G19KT 10SM FEW130 BKN250 28/M06 A2986 RMK AO2 SLP047 T02831061 $",KELP,2026-04-28T00:51:00.000Z,31.8123,-106.3774,28.3,-6.1,230,11,19,10+,29.86,1004.7,,,TRUE,TRUE,,,,,,FEW,13000,BKN,25000,,,,,VFR,,,,,,,,,,,,METAR,1205
"METAR KERI 280051Z 16011G20KT 10SM CLR 20/03 A2997 RMK AO2 SLP147 T02000033",KERI,2026-04-28T00:51:00.000Z,42.0803,-80.1824,20,3.3,160,11,20,10+,29.97,1014.7,,,TRUE,,,,,,,,,,,,,,,VFR,,,,,,,,,,,,METAR,222
"METAR KEWR 280051Z 16004KT 10SM FEW200 SCT250 13/01 A3027 RMK AO2 SLP248 T01330011 $",KEWR,2026-04-28T00:51:00.000Z,40.6828,-74.1692,13.3,1.1,160,4,,10+,30.27,1024.8,,,TRUE,TRUE,,,,,,FEW,20000,SCT,25000,,,,,VFR,,,,,,,,,,,,METAR,2
"METAR KHDO 280051Z AUTO 10005KT 7SM BKN043 29/23 A2979 RMK AO2 SLP071 T02940233 $",KHDO,2026-04-28T00:51:00.000Z,29.3601,-99.1742,29.4,23.3,100,5,,7,29.79,1007.1,,TRUE,TRUE,TRUE,,,,,,BKN,4300,,,,,,,VFR,,,,,,,,,,,,METAR,280
"METAR KHSE 280051Z AUTO 04007G17KT 360V070 10SM CLR 12/05 A3021 RMK AO2 SLP231 T01220050",KHSE,2026-04-28T00:51:00.000Z,35.2324,-75.6223,12.2,5,40,7,17,10+,30.21,1023.1,,TRUE,TRUE,,,,,,,,,,,,,,,VFR,,,,,,,,,,,,METAR,4
"METAR KTPL 280051Z AUTO 15013KT CLR 28/23 A2979 RMK AO2 SLP076 T02830228 PWINO RVRNO $",KTPL,2026-04-28T00:51:00.000Z,31.1570,-97.4094,28.3,22.8,150,13,,,29.79,1007.6,,TRUE,TRUE,TRUE,,,,TRUE,,,,,,,,,,null,,,,,,,,,,,,METAR,206
"METAR KOCF 280051Z AUTO 05009KT 10SM OVC025 21/17 A3012 RMK AO2 SLP199 T02110167",KOCF,2026-04-28T00:51:00.000Z,29.1636,-82.2210,21.1,16.7,50,9,,10+,30.12,1019.9,,TRUE,TRUE,,,,,,,OVC,2500,,,,,,,MVFR,,,,,,,,,,,,METAR,24
"METAR KSAN 280051Z 30010G17KT 10SM FEW060 18/07 A3002 RMK AO2 SLP165 T01830072",KSAN,2026-04-28T00:51:00.000Z,32.7364,-117.1973,18.3,7.2,300,10,17,10+,30.02,1016.5,,,TRUE,,,,,,,FEW,6000,,,,,,,VFR,,,,,,,,,,,,METAR,3
"METAR KUGN 280051Z 15009KT 3SM -RA BR BKN036 BKN043 OVC050 17/16 A2960 RMK AO2 LTG DSNT E-S RAB11 SLP021 P0008 T01670156",KUGN,2026-04-28T00:51:00.000Z,42.4255,-87.8634,16.7,15.6,150,9,,3,29.60,1002.1,,,TRUE,,,,,,-RA BR,BKN,3600,BKN,4300,OVC,5000,,,MVFR,,,,,,0.08,,,,,,METAR,217
"METAR KROW 280051Z 26012KT 10SM CLR 28/M16 A2981 RMK AO2 SLP041 T02831161",KROW,2026-04-28T00:51:00.000Z,33.3074,-104.5082,28.3,-16.1,260,12,,10+,29.81,1004.1,,,TRUE,,,,,,,,,,,,,,,VFR,,,,,,,,,,,,METAR,1105
"METAR KRDU 280051Z 12004KT 10SM FEW250 16/08 A3021 RMK AO2 SLP228 T01560078",KRDU,2026-04-28T00:51:00.000Z,35.8923,-78.7820,15.6,7.8,120,4,,10+,30.21,1022.8,,,TRUE,,,,,,,FEW,25000,,,,,,,VFR,,,,,,,,,,,,METAR,121
"METAR KLPC 280051Z AUTO 30012G21KT 10SM CLR 17/09 A3004 RMK AO2 SLP171 T01670089",KLPC,2026-04-28T00:51:00.000Z,34.6647,-120.4642,16.7,8.9,300,12,21,10+,30.04,1017.1,,TRUE,TRUE,,,,,,,,,,,,,,,VFR,,,,,,,,,,,,METAR,26
"METAR KSLK 280051Z AUTO 14004KT 10SM CLR 16/M01 A3016 RMK AO2 SLP213 T01561006",KSLK,2026-04-28T00:51:00.000Z,44.3928,-74.2029,15.6,-0.6,140,4,,10+,30.16,1021.3,,TRUE,TRUE,,,,,,,,,,,,,,,VFR,,,,,,,,,,,,METAR,502
"METAR KCDJ 280051Z AUTO 30011G20KT 17/11 A2977 RMK AO1 SLP077 T01670106",KCDJ,2026-04-28T00:51:00.000Z,39.8198,-93.5770,16.7,10.6,300,11,20,,29.77,1007.7,,TRUE,TRUE,,,,,,,,,,,,,,,null,,,,,,,,,,,,METAR,234
"METAR KMYL 280051Z AUTO 00000KT 10SM FEW060 BKN080 BKN110 08/M07 A2992 RMK AO2 SLP144 T00831067",KMYL,2026-04-28T00:51:00.000Z,44.8943,-116.0998,8.3,-6.7,0,0,,10+,29.92,1014.4,,TRUE,TRUE,,,,,,,FEW,6000,BKN,8000,BKN,11000,,,VFR,,,,,,,,,,,,METAR,1532
"METAR KPHX 280051Z 27014G21KT 10SM CLR 27/M03 A2982 RMK AO2 SLP086 T02671028",KPHX,2026-04-28T00:51:00.000Z,33.4278,-112.0037,26.7,-2.8,270,14,21,10+,29.82,1008.6,,,TRUE,,,,,,,,,,,,,,,VFR,,,,,,,,,,,,METAR,338
"METAR KPWM 280051Z 15006KT 10SM CLR 10/03 A3026 RMK AO2 SLP247 T01000028",KPWM,2026-04-28T00:51:00.000Z,43.6424,-70.3044,10,2.8,150,6,,10+,30.26,1024.7,,,TRUE,,,,,,,,,,,,,,,VFR,,,,,,,,,,,,METAR,15
"METAR KBDL 280051Z 19007KT 10SM CLR 16/02 A3023 RMK AO2 SLP238 T01560017",KBDL,2026-04-28T00:51:00.000Z,41.9374,-72.6820,15.6,1.7,190,7,,10+,30.23,1023.8,,,TRUE,,,,,,,,,,,,,,,VFR,,,,,,,,,,,,METAR,52
"METAR KPVD 280051Z 09004KT 10SM CLR 13/02 A3026 RMK AO2 SLP246 T01280017",KPVD,2026-04-28T00:51:00.000Z,41.7225,-71.4325,12.8,1.7,90,4,,10+,30.26,1024.6,,,TRUE,,,,,,,,,,,,,,,VFR,,,,,,,,,,,,METAR,15
"METAR KLGA 280051Z 18005KT 10SM FEW050 FEW200 SCT250 13/03 A3026 RMK AO2 SLP247 T01280028",KLGA,2026-04-28T00:51:00.000Z,40.7794,-73.8803,12.8,2.8,180,5,,10+,30.26,1024.7,,,TRUE,,,,,,,FEW,5000,FEW,20000,SCT,25000,,,VFR,,,,,,,,,,,,METAR,9
"METAR KSJT 280051Z 04006KT 10SM CLR 28/08 A2979 RMK AO2 SLP064 T02780078",KSJT,2026-04-28T00:51:00.000Z,31.3517,-100.4948,27.8,7.8,40,6,,10+,29.79,1006.4,,,TRUE,,,,,,,,,,,,,,,VFR,,,,,,,,,,,,METAR,582
"METAR KORF 280051Z AUTO 09003KT 10SM CLR 12/04 A3025 RMK AO2 SLP243 T01170044",KORF,2026-04-28T00:51:00.000Z,36.9037,-76.1927,11.7,4.4,90,3,,10+,30.25,1024.3,,TRUE,TRUE,,,,,,,,,,,,,,,VFR,,,,,,,,,,,,METAR,5
"METAR PHBK 270051Z AUTO 23009KT 10SM CLR 27/18 A2999 RMK AO2 SLP156 T02720183 $",PHBK,2026-04-28T00:51:00.000Z,22.0340,-159.7830,27.2,18.3,230,9,,10+,29.99,1015.6,,TRUE,TRUE,TRUE,,,,,,,,,,,,,,VFR,,,,,,,,,,,,METAR,5
"METAR KBGD 280051Z AUTO 04013G21KT 10SM CLR 24/01 A2981 RMK AO2 SLP065 T02440011",KBGD,2026-04-28T00:51:00.000Z,35.6950,-101.3955,24.4,1.1,40,13,21,10+,29.81,1006.5,,TRUE,TRUE,,,,,,,,,,,,,,,VFR,,,,,,,,,,,,METAR,928
"METAR KACT 280051Z 17011KT 5SM HZ CLR 28/22 A2978 RMK AO2 SLP075 T02830222",KACT,2026-04-28T00:51:00.000Z,31.6180,-97.2283,28.3,22.2,170,11,,5,29.78,1007.5,,,TRUE,,,,,,HZ,,,,,,,,,MVFR,,,,,,,,,,,,METAR,150
"METAR KPIT 280051Z 12013KT 10SM OVC180 19/03 A3003 RMK AO2 SLP174 T01940033",KPIT,2026-04-28T00:51:00.000Z,40.4814,-80.2083,19.4,3.3,120,13,,10+,30.03,1017.4,,,TRUE,,,,,,,OVC,18000,,,,,,,VFR,,,,,,,,,,,,METAR,339
"METAR KNYC 280051Z AUTO VRB03KT 10SM CLR 12/03 A3029 RMK AO2 SLP248 T01170033 $",KNYC,2026-04-28T00:51:00.000Z,40.7790,-73.9692,11.7,3.3,0,3,,10+,30.29,1024.8,,TRUE,TRUE,TRUE,,,,,,,,,,,,,,VFR,,,,,,,,,,,,METAR,33
"METAR KJCT 280051Z AUTO 16007KT 7SM CLR 28/23 A2983 RMK AO2 SLP062 T02830228",KJCT,2026-04-28T00:51:00.000Z,30.5105,-99.7665,28.3,22.8,160,7,,7,29.83,1006.2,,TRUE,TRUE,,,,,,,,,,,,,,,VFR,,,,,,,,,,,,METAR,522
"METAR K6R6 280051Z AUTO 12012KT 32/16 A2978 RMK AO1 SLP047 T03220161",K6R6,2026-04-28T00:51:00.000Z,30.0482,-102.2127,32.2,16.1,120,12,,,29.78,1004.7,,TRUE,TRUE,,,,,,,,,,,,,,,null,,,,,,,,,,,,METAR,702
"METAR KCMH 280051Z 00000KT 7SM -RA SCT050 OVC090 18/17 A2995 RMK AO2 SLP142 P0006 T01830167",KCMH,2026-04-28T00:51:00.000Z,39.9907,-82.8770,18.3,16.7,0,0,,7,29.95,1014.2,,,TRUE,,,,,,-RA,SCT,5000,OVC,9000,,,,,VFR,,,,,,0.06,,,,,,METAR,257
"METAR KP59 280051Z AUTO 17009G22KT 08/05 A2951 RMK AO1 SLP997 P0005 T00780050",KP59,2026-04-28T00:51:00.000Z,47.4670,-87.8750,7.8,5,170,9,22,,29.51,999.7,,TRUE,TRUE,,,,,,,,,,,,,,,null,,,,,,0.05,,,,,,METAR,185
"METAR KCAK 280051Z 15006KT 10SM OVC170 19/06 A2998 RMK AO2 SLP152 T01890056 $",KCAK,2026-04-28T00:51:00.000Z,40.9181,-81.4434,18.9,5.6,150,6,,10+,29.98,1015.2,,,TRUE,TRUE,,,,,,OVC,17000,,,,,,,VFR,,,,,,,,,,,,METAR,369
"METAR KSTL 280051Z COR 29008KT 10SM -RA FEW055 BKN090 BKN110 19/17 A2965 RMK TORNADO B11 W MOV NE TORNADO E18 AO2 PK WND 24042/0010 WSHFT 2339 SLP033 RAB2357E36B45GRB10E19 TSE47 GR 1/2 CB DSNT SE-S MOV NE P0075 T01940172 $",KSTL,2026-04-28T00:51:00.000Z,38.7525,-90.3734,19.4,17.2,290,8,,10+,29.65,1003.3,TRUE,,TRUE,TRUE,,,,,-RA,FEW,5500,BKN,9000,BKN,11000,,,VFR,,,,,,0.75,,,,,,METAR,163
"METAR MUGM 280051Z 30009KT 10SM FEW030 FEW060 25/21 A2999 RMK AO2 SLP154 T02500206 $",MUGM,2026-04-28T00:51:00.000Z,19.9090,-75.2060,25,20.6,300,9,,10+,29.99,1015.4,,,TRUE,TRUE,,,,,,FEW,3000,FEW,6000,,,,,VFR,,,,,,,,,,,,METAR,21
"METAR KYNG 280051Z 13012KT 10SM OVC180 19/03 A2999 RMK AO2 SLP154 T01890033 $",KYNG,2026-04-28T00:51:00.000Z,41.2548,-80.6736,18.9,3.3,130,12,,10+,29.99,1015.4,,,TRUE,TRUE,,,,,,OVC,18000,,,,,,,VFR,,,,,,,,,,,,METAR,356
"METAR KXWA 280051Z AUTO 32011KT 10SM SCT060 04/M09 A3000 RMK AO2 SLP194 T00441089",KXWA,2026-04-28T00:51:00.000Z,48.2542,-103.7469,4.4,-8.9,320,11,,10+,30.00,1019.4,,TRUE,TRUE,,,,,,,SCT,6000,,,,,,,VFR,,,,,,,,,,,,METAR,717
"METAR KAHN 280051Z 08004KT 10SM CLR 17/11 A3013 RMK AO2 SLP201 T01720111",KAHN,2026-04-28T00:51:00.000Z,33.9477,-83.3274,17.2,11.1,80,4,,10+,30.13,1020.1,,,TRUE,,,,,,,,,,,,,,,VFR,,,,,,,,,,,,METAR,241
"METAR KATT 280051Z AUTO 15006G16KT 6SM HZ FEW032 SCT045 29/23 A2980 RMK AO1 SLP079 T02890233",KATT,2026-04-28T00:51:00.000Z,30.3208,-97.7604,28.9,23.3,150,6,16,6,29.80,1007.9,,TRUE,TRUE,,,,,,HZ,FEW,3200,SCT,4500,,,,,VFR,,,,,,,,,,,,METAR,203
"METAR KJFK 280051Z 20006KT 10SM FEW250 09/05 A3028 RMK SLP254 T00890050",KJFK,2026-04-28T00:51:00.000Z,40.6392,-73.7639,8.9,5,200,6,,10+,30.28,1025.4,,,,,,,,,,FEW,25000,,,,,,,VFR,,,,,,,,,,,,METAR,3
"METAR KVNY 280051Z 19006KT 10SM BKN060 17/04 A2997 RMK AO2 SLP146 T01720044",KVNY,2026-04-28T00:51:00.000Z,34.2121,-118.4915,17.2,4.4,190,6,,10+,29.97,1014.6,,,TRUE,,,,,,,BKN,6000,,,,,,,VFR,,,,,,,,,,,,METAR,241
"METAR KABE 280051Z 14006KT 10SM CLR 17/03 A3022 RMK AO2 SLP233 T01720028",KABE,2026-04-28T00:51:00.000Z,40.6580,-75.4347,17.2,2.8,140,6,,10+,30.22,1023.3,,,TRUE,,,,,,,,,,,,,,,VFR,,,,,,,,,,,,METAR,117
"METAR KBED 280051Z 12004KT 10SM CLR 12/01 A3024 RMK AO2 SLP253 T01170006",KBED,2026-04-28T00:51:00.000Z,42.4681,-71.2946,11.7,0.6,120,4,,10+,30.24,1025.3,,,TRUE,,,,,,,,,,,,,,,VFR,,,,,,,,,,,,METAR,39
"METAR KTEB 280051Z 00000KT 10SM R06/6000FT CLR 13/02 A3025 RMK AO2 SLP243 T01330022 $",KTEB,2026-04-28T00:51:00.000Z,40.8590,-74.0562,13.3,2.2,0,0,,10+,30.25,1024.3,,,TRUE,TRUE,,,,,,,,,,,,,,VFR,,,,,,,,,,,,METAR,3
"METAR KSMX 280051Z 29019G26KT 10SM CLR 16/08 A3003 RMK AO2 PK WND 30026/0050 SLP169 T01610078",KSMX,2026-04-28T00:51:00.000Z,34.8940,-120.4522,16.1,7.8,290,19,26,10+,30.03,1016.9,,,TRUE,,,,,,,,,,,,,,,VFR,,,,,,,,,,,,METAR,73
"METAR KSMO 280051Z 23009G18KT 10SM CLR 17/08 A3000 RMK AO2 SLP159 T01670078",KSMO,2026-04-28T00:51:00.000Z,34.0210,-118.4471,16.7,7.8,230,9,18,10+,30.00,1015.9,,,TRUE,,,,,,,,,,,,,,,VFR,,,,,,,,,,,,METAR,56
"METAR KMPV 280051Z AUTO 00000KT 10SM CLR 13/02 A3022 RMK AO2 SLP239 T01280017",KMPV,2026-04-28T00:51:00.000Z,44.2050,-72.5654,12.8,1.7,0,0,,10+,30.22,1023.9,,TRUE,TRUE,,,,,,,,,,,,,,,VFR,,,,,,,,,,,,METAR,336
"METAR KLGU 280051Z AUTO 22005KT 10SM CLR 10/M02 A2990 RMK AO2 SLP119 T01001017",KLGU,2026-04-28T00:51:00.000Z,41.7865,-111.8519,10,-1.7,220,5,,10+,29.90,1011.9,,TRUE,TRUE,,,,,,,,,,,,,,,VFR,,,,,,,,,,,,METAR,1359
"METAR KNBT 280051Z AUTO 04013KT 10SM CLR 14/05 A3022 RMK AO2 SLP237 T01390050",KNBT,2026-04-28T00:51:00.000Z,35.0220,-76.4630,13.9,5,40,13,,10+,30.22,1023.7,,TRUE,TRUE,,,,,,,,,,,,,,,VFR,,,,,,,,,,,,METAR,5
"METAR MMQT 280051Z 18009KT 10SM BKN020CB BKN070 27/05 A3018 RMK 8/360",MMQT,2026-04-28T00:51:00.000Z,20.6170,-100.1940,27,5,180,9,,10+,30.18,,,,,,,,,,,BKN,2000,BKN,7000,,,,,MVFR,,,,,,,,,,,,METAR,1909
"METAR KBAZ 280051Z AUTO 14010KT 5SM HZ BKN042 28/23 A2978 RMK AO2 SLP075 T02830228",KBAZ,2026-04-28T00:51:00.000Z,29.7089,-98.0459,28.3,22.8,140,10,,5,29.78,1007.5,,TRUE,TRUE,,,,,,HZ,BKN,4200,,,,,,,MVFR,,,,,,,,,,,,METAR,199
"METAR KAVX 280051Z AUTO 26011KT 10SM CLR 13/07 A3003 RMK AO2 SLP164 T01330067",KAVX,2026-04-28T00:51:00.000Z,33.4042,-118.4146,13.3,6.7,260,11,,10+,30.03,1016.4,,TRUE,TRUE,,,,,,,,,,,,,,,VFR,,,,,,,,,,,,METAR,482
"METAR KIGM 280051Z AUTO 23018G28KT 10SM CLR 18/M07 A2991 RMK AO2 PK WND 23035/0039 SLP088 T01781072",KIGM,2026-04-28T00:51:00.000Z,35.2575,-113.9341,17.8,-7.2,230,18,28,10+,29.91,1008.8,,TRUE,TRUE,,,,,,,,,,,,,,,VFR,,,,,,,,,,,,METAR,1045
"METAR KALB 280051Z 00000KT 10SM FEW250 16/03 A3017 RMK AO2 SLP218 T01610033",KALB,2026-04-28T00:51:00.000Z,42.7473,-73.7991,16.1,3.3,0,0,,10+,30.17,1021.8,,,TRUE,,,,,,,FEW,25000,,,,,,,VFR,,,,,,,,,,,,METAR,82
"METAR KDAW 280051Z AUTO 00000KT 10SM CLR 12/03 A3024 RMK AO2 SLP237 T01170028 $",KDAW,2026-04-28T00:51:00.000Z,43.2794,-70.9243,11.7,2.8,0,0,,10+,30.24,1023.7,,TRUE,TRUE,TRUE,,,,,,,,,,,,,,VFR,,,,,,,,,,,,METAR,100
"METAR KILG 280051Z 18008KT 10SM CLR 14/07 A3026 RMK AO2 SLP248 T01390067 PNO $",KILG,2026-04-28T00:51:00.000Z,39.6744,-75.6057,13.9,6.7,180,8,,10+,30.26,1024.8,,,TRUE,TRUE,,,,,,,,,,,,,,VFR,,,,,,,,,,,,METAR,22
"METAR KBKW 280051Z AUTO 13011G26KT 10SM CLR 16/04 A3010 RMK AO2 PK WND 13026/0046 SLP182 T01610044 $",KBKW,2026-04-28T00:51:00.000Z,37.7836,-81.1228,16.1,4.4,130,11,26,10+,30.10,1018.2,,TRUE,TRUE,TRUE,,,,,,,,,,,,,,VFR,,,,,,,,,,,,METAR,762
"METAR KSAT 280051Z 12015G19KT 7SM SCT036 BKN045 BKN250 29/23 A2979 RMK AO2 SLP068 T02940228",KSAT,2026-04-28T00:51:00.000Z,29.5443,-98.4839,29.4,22.8,120,15,19,7,29.79,1006.8,,,TRUE,,,,,,,SCT,3600,BKN,4500,BKN,25000,,,VFR,,,,,,,,,,,,METAR,246
"METAR KSAD 280051Z AUTO 29012G25KT 10SM CLR 27/M12 A2983 RMK AO2 SLP067 T02671122",KSAD,2026-04-28T00:51:00.000Z,32.8565,-109.6360,26.7,-12.2,290,12,25,10+,29.83,1006.7,,TRUE,TRUE,,,,,,,,,,,,,,,VFR,,,,,,,,,,,,METAR,937
"METAR NSTU 280050Z 09008KT 12SM FEW023 SCT090 BKN200 32/26 A2981 RMK SLP095 T03220260",NSTU,2026-04-28T00:50:00.000Z,-14.3370,-170.7210,32.2,26,90,8,,12,29.81,1009.5,,,,,,,,,,FEW,2300,SCT,9000,BKN,20000,,,VFR,,,,,,,,,,,,METAR,8
"METAR KISO 280050Z 09006KT 10SM CLR 14/07 A3023",KISO,2026-04-28T00:50:00.000Z,35.3240,-77.6187,14,7,90,6,,10+,30.23,,,,,,,,,,,,,,,,,,,VFR,,,,,,,,,,,,METAR,27
"METAR LTDA 280050Z 23014KT 9999 FEW035 18/14 Q1011 NOSIG 2CU035",LTDA,2026-04-28T00:50:00.000Z,36.3610,36.2830,18,14,230,14,,6+,29.85,,,,,,TRUE,,,,,FEW,3500,,,,,,,VFR,,,,,,,,,,,,METAR,80
"METAR LTFD 280050Z 08014KT CAVOK 11/04 Q1017",LTFD,2026-04-28T00:50:00.000Z,39.5590,27.0250,11,4,80,14,,6+,30.03,,,,,,,,,,,,,,,,,,,VFR,,,,,,,,,,,,METAR,15
"METAR LTAN 280050Z 34008KT 9000 FEW040 11/03 Q1016 NOSIG",LTAN,2026-04-28T00:50:00.000Z,37.9790,32.5620,11,3,340,8,,5.59,30.00,,,,,,TRUE,,,,,FEW,4000,,,,,,,VFR,,,,,,,,,,,,METAR,1029
"METAR EGQS 280050Z 07003KT 9999 FEW024 BKN026 10/08 Q1031 RMK BLU",EGQS,2026-04-28T00:50:00.000Z,57.7110,-3.3240,10,8,70,3,,6+,30.44,,,,,,,,,,,FEW,2400,BKN,2600,,,,,MVFR,,,,,,,,,,,,METAR,6
"METAR EGXC 280050Z AUTO 03008KT 7000 RA OVC005/// 10/08 Q1025",EGXC,2026-04-28T00:50:00.000Z,53.0940,-0.1730,10,8,30,8,,4.35,30.27,,,TRUE,,,,,,,RA,OVC,500,,,,,,,IFR,,,,,,,,,,,,METAR,9
"METAR LTAP 280050Z 00000KT 9999 FEW022 03/03 Q1018 NOSIG",LTAP,2026-04-28T00:50:00.000Z,40.8260,35.5200,3,3,0,0,,6+,30.06,,,,,,TRUE,,,,,FEW,2200,,,,,,,VFR,,,,,,,,,,,,METAR,536
"METAR KCIC 280050Z 25004KT 10SM FEW050 19/06 A3000",KCIC,2026-04-28T00:50:00.000Z,39.7987,-121.8580,19,6,250,4,,10+,30.00,,,,,,,,,,,FEW,5000,,,,,,,VFR,,,,,,,,,,,,METAR,72
"METAR LTAR 280050Z 18002KT CAVOK M02/M03 Q1018",LTAR,2026-04-28T00:50:00.000Z,39.7980,36.8940,-2,-3,180,2,,6+,30.06,,,,,,,,,,,,,,,,,,,VFR,,,,,,,,,,,,METAR,1601
"METAR LTFG 280050Z 11006KT CAVOK 14/12 Q1012",LTFG,2026-04-28T00:50:00.000Z,36.2990,32.3000,14,12,110,6,,6+,29.88,,,,,,,,,,,,,,,,,,,VFR,,,,,,,,,,,,METAR,26
"METAR KGYY 280050Z 19009G16KT 3SM -RA BR OVC050 17/17 A2967 RMK LTG DSNT SW AND NW",KGYY,2026-04-28T00:50:00.000Z,41.6121,-87.4091,17,17,190,9,16,3,29.67,,,,,,,,,,-RA BR,OVC,5000,,,,,,,MVFR,,,,,,,,,,,,METAR,179
"METAR LTFH 280050Z 00000KT 9999 BKN036 08/07 Q1021 NOSIG",LTFH,2026-04-28T00:50:00.000Z,41.2550,36.5670,8,7,0,0,,6+,30.15,,,,,,TRUE,,,,,BKN,3600,,,,,,,VFR,,,,,,,,,,,,METAR,7
"METAR KADM 280050Z 00000KT 10SM CLR 27/14 A2975 RMK LTG DSNT SE AND S",KADM,2026-04-28T00:50:00.000Z,34.3007,-97.0089,27,14,0,0,,10+,29.75,,,,,,,,,,,,,,,,,,,VFR,,,,,,,,,,,,METAR,223
"METAR PKMR 280050Z 12004KT 15SM FEW015 SCT050 BKN120 OVC300 30/26 A2978 RMK SLP086 T03020257",PKMR,2026-04-28T00:50:00.000Z,7.0900,171.3830,30.2,25.7,120,4,,15,29.78,1008.6,,,,,,,,,,FEW,1500,SCT,5000,BKN,12000,OVC,30000,VFR,,,,,,,,,,,,METAR,7
"METAR LTFO 280050Z 17003KT 9999 SCT018 BKN035 11/07 Q1022",LTFO,2026-04-28T00:50:00.000Z,41.1790,40.8450,11,7,170,3,,6+,30.18,,,,,,,,,,,SCT,1800,BKN,3500,,,,,VFR,,,,,,,,,,,,METAR,5
"METAR LGBL 280050Z 00000KT 9999 FEW030 BKN080 11/11 Q1019",LGBL,2026-04-28T00:50:00.000Z,39.2200,22.7940,11,11,0,0,,6+,30.09,,,,,,,,,,,FEW,3000,BKN,8000,,,,,VFR,,,,,,,,,,,,METAR,13
"METAR LGAL 280050Z 00000KT CAVOK 08/03 Q1020",LGAL,2026-04-28T00:50:00.000Z,40.8560,25.9450,8,3,0,0,,6+,30.12,,,,,,,,,,,,,,,,,,,VFR,,,,,,,,,,,,METAR,5
"METAR EGYP 280050Z 30012KT 9999 FEW020 SCT034 BKN065 07/05 Q1000",EGYP,2026-04-28T00:50:00.000Z,-51.8200,-58.4480,7,5,300,12,,6+,29.53,,,,,,,,,,,FEW,2000,SCT,3400,BKN,6500,,,VFR,,,,,,,,,,,,METAR,70
"METAR LGKV 280050Z 00000KT CAVOK 09/08 Q1019",LGKV,2026-04-28T00:50:00.000Z,40.9150,24.6220,9,8,0,0,,6+,30.09,,,,,,,,,,,,,,,,,,,VFR,,,,,,,,,,,,METAR,5
"METAR LTAY 280050Z 23004KT 210V270 CAVOK 08/06 Q1016 NOSIG",LTAY,2026-04-28T00:50:00.000Z,37.7850,29.7010,8,6,230,4,,6+,30.00,,,,,,TRUE,,,,,,,,,,,,,VFR,,,,,,,,,,,,METAR,851
"METAR LGMT 280050Z VRB03KT CAVOK 12/07 Q1016",LGMT,2026-04-28T00:50:00.000Z,39.0540,26.6040,12,7,0,3,,6+,30.00,,,,,,,,,,,,,,,,,,,VFR,,,,,,,,,,,,METAR,4
"METAR EGXW 280050Z 02013KT 7000 BR BKN006 09/08 Q1025 RMK YLO1",EGXW,2026-04-28T00:50:00.000Z,53.1750,-0.5230,9,8,20,13,,4.35,30.27,,,,,,,,,,BR,BKN,600,,,,,,,IFR,,,,,,,,,,,,METAR,70
"METAR LTBD 280050Z 09004KT CAVOK 12/08 Q1013",LTBD,2026-04-28T00:50:00.000Z,37.8160,27.8860,12,8,90,4,,6+,29.91,,,,,,,,,,,,,,,,,,,VFR,,,,,,,,,,,,METAR,29
"METAR KJWN 280050Z 19016G22KT 10SM SCT048 OVC055 26/17 A2985",KJWN,2026-04-28T00:50:00.000Z,36.1852,-86.8833,26,17,190,16,22,10+,29.85,,,,,,,,,,,SCT,4800,OVC,5500,,,,,VFR,,,,,,,,,,,,METAR,149
"METAR LGPZ 280050Z 00000KT 9999 FEW030 14/13 Q1017",LGPZ,2026-04-28T00:50:00.000Z,38.9210,20.7610,14,13,0,0,,6+,30.03,,,,,,,,,,,FEW,3000,,,,,,,VFR,,,,,,,,,,,,METAR,3
"METAR KNQA 280050Z 20007G14KT 10SM FEW045 OVC080 27/21 A2981",KNQA,2026-04-28T00:50:00.000Z,35.3619,-89.8612,27,21,200,7,14,10+,29.81,,,,,,,,,,,FEW,4500,OVC,8000,,,,,VFR,,,,,,,,,,,,METAR,90
"METAR LTBF 280050Z 00000KT CAVOK 06/04 Q1018 NOSIG",LTBF,2026-04-28T00:50:00.000Z,39.6190,27.9260,6,4,0,0,,6+,30.06,,,,,,TRUE,,,,,,,,,,,,,VFR,,,,,,,,,,,,METAR,95
"METAR LTBH 280050Z 04004KT CAVOK 06/04 Q1019",LTBH,2026-04-28T00:50:00.000Z,40.1400,26.4250,6,4,40,4,,6+,30.09,,,,,,,,,,,,,,,,,,,VFR,,,,,,,,,,,,METAR,8
"METAR LTBQ 280050Z 00000KT 9999 SCT012 02/02 Q1020 NOSIG",LTBQ,2026-04-28T00:50:00.000Z,40.7350,30.0830,2,2,0,0,,6+,30.12,,,,,,TRUE,,,,,SCT,1200,,,,,,,VFR,,,,,,,,,,,,METAR,51
"METAR EGJB 280050Z 01006KT CAVOK 10/05 Q1021",EGJB,2026-04-28T00:50:00.000Z,49.4330,-2.5980,10,5,10,6,,6+,30.15,,,,,,,,,,,,,,,,,,,VFR,,,,,,,,,,,,METAR,102
"METAR LTBY 280050Z 24006KT CAVOK 05/03 Q1017",LTBY,2026-04-28T00:50:00.000Z,39.8100,30.5190,5,3,240,6,,6+,30.03,,,,,,,,,,,,,,,,,,,VFR,,,,,,,,,,,,METAR,788
"METAR LTCA 280050Z 28004KT CAVOK 06/06 Q1013 NOSIG",LTCA,2026-04-28T00:50:00.000Z,38.6070,39.2910,6,6,280,4,,6+,29.91,,,,,,TRUE,,,,,,,,,,,,,VFR,,,,,,,,,,,,METAR,887
"METAR LGRX 280050Z 00000KT 9999 FEW070 11/11 Q1017",LGRX,2026-04-28T00:50:00.000Z,38.1510,21.4260,11,11,0,0,,6+,30.03,,,,,,,,,,,FEW,7000,,,,,,,VFR,,,,,,,,,,,,METAR,16
"METAR LTCB 280050Z 15003KT 9999 SCT015 BKN033 10/07 Q1021 NOSIG",LTCB,2026-04-28T00:50:00.000Z,40.9670,38.0810,10,7,150,3,,6+,30.15,,,,,,TRUE,,,,,SCT,1500,BKN,3300,,,,,VFR,,,,,,,,,,,,METAR,5
"METAR LTCD 280050Z VRB02KT CAVOK 02/01 Q1016 NOSIG",LTCD,2026-04-28T00:50:00.000Z,39.7100,39.5270,2,1,0,2,,6+,30.00,,,,,,TRUE,,,,,,,,,,,,,VFR,,,,,,,,,,,,METAR,1146
"METAR KIWA 280050Z 29011KT 10SM CLR 27/M04 A2984",KIWA,2026-04-28T00:50:00.000Z,33.3008,-111.6437,27,-4,290,11,,10+,29.84,,,,,,,,,,,,,,,,,,,VFR,,,,,,,,,,,,METAR,420
"METAR KOLV 280050Z 20010KT 10SM SCT043 BKN055 BKN085 25/21 A2984",KOLV,2026-04-28T00:50:00.000Z,34.9808,-89.7851,25,21,200,10,,10+,29.84,,,,,,,,,,,SCT,4300,BKN,5500,BKN,8500,,,VFR,,,,,,,,,,,,METAR,124
"METAR LTCF 280050Z 09008KT 9999 FEW040 BKN080 M02/M03 Q1018 NOSIG",LTCF,2026-04-28T00:50:00.000Z,40.5620,43.1150,-2,-3,90,8,,6+,30.06,,,,,,TRUE,,,,,FEW,4000,BKN,8000,,,,,VFR,,,,,,,,,,,,METAR,1794
"METAR KDAG 280050Z AUTO 28018G30KT 10SM CLR 21/M01 A2988 RMK AO2 PK WND 28030/0042 SLP106 T02061006",KDAG,2026-04-28T00:50:00.000Z,34.8537,-116.7870,20.6,-0.6,280,18,30,10+,29.88,1010.6,,TRUE,TRUE,,,,,,,,,,,,,,,VFR,,,,,,,,,,,,METAR,584
"METAR LTCI 280050Z 06003KT 9999 FEW030 SCT180 05/04 Q1015 NOSIG",LTCI,2026-04-28T00:50:00.000Z,38.4690,43.3370,5,4,60,3,,6+,29.97,,,,,,TRUE,,,,,FEW,3000,SCT,18000,,,,,VFR,,,,,,,,,,,,METAR,1654
"METAR LTCN 280050Z 08005KT 9999 FEW040 10/09 Q1012",LTCN,2026-04-28T00:50:00.000Z,37.5390,36.9530,10,9,80,5,,6+,29.88,,,,,,,,,,,FEW,4000,,,,,,,VFR,,,,,,,,,,,,METAR,505
"METAR LTCV 280050Z 28007KT CAVOK 12/10 Q1010",LTCV,2026-04-28T00:50:00.000Z,37.3650,42.0600,12,10,280,7,,6+,29.82,,,,,,,,,,,,,,,,,,,VFR,,,,,,,,,,,,METAR,620
"METAR OOSA 280050Z 36002KT CAVOK 27/17 Q1007 NOSIG",OOSA,2026-04-28T00:50:00.000Z,17.0440,54.1020,27,17,360,2,,6+,29.73,,,,,,TRUE,,,,,,,,,,,,,VFR,,,,,,,,,,,,METAR,20
"METAR MUCF 280050Z AUTO 04006KT 24/22 Q1016",MUCF,2026-04-28T00:50:00.000Z,22.1590,-80.4100,24,22,40,6,,,30.00,,,TRUE,,,,,,,,,,,,,,,,null,,,,,,,,,,,,METAR,35
"METAR OODQ 280050Z AUTO 32012KT CAVOK ////// 30/11 Q1006 NOSIG RMK RH31? 0",OODQ,2026-04-28T00:50:00.000Z,19.5110,57.6570,30,11,320,12,,6+,29.70,,,TRUE,,,TRUE,,,,,,,,,,,,,VFR,,,,,,,,,,,,METAR,116
"METAR OOSH 280050Z AUTO 31005KT CAVOK ////// 32/08 Q1003 RMK QFE1000 RH022? PR000.0",OOSH,2026-04-28T00:50:00.000Z,24.3880,56.6240,32,8,310,5,,6+,29.62,,,TRUE,,,,,,,,,,,,,,,,VFR,,,,,,,,,,,,METAR,35
"METAR OOMS 280050Z VRB01KT CAVOK 30/11 Q1004 WS R08L NOSIG",OOMS,2026-04-28T00:50:00.000Z,23.5950,58.2980,30,11,0,1,,6+,29.65,,,,,,TRUE,,,,,,,,,,,,,VFR,,,,,,,,,,,,METAR,8
"METAR KHQZ 280050Z 14015G19KT 6SM HZ BKN100 29/22 A2976 `",KHQZ,2026-04-28T00:50:00.000Z,32.7514,-96.5291,29,22,140,15,19,6,29.76,,,,,,,,,,HZ,BKN,10000,,,,,,,VFR,,,,,,,,,,,,METAR,136
"METAR OOKB 280050Z AUTO 21007KT 160V290 CAVOK 36/09 Q1003 NOSIG",OOKB,2026-04-28T00:50:00.000Z,26.1680,56.2390,36,9,210,7,,6+,29.62,,,TRUE,,,TRUE,,,,,,,,,,,,,VFR,,,,,,,,,,,,METAR,30
"METAR OOAD 280050Z AUTO 05001KT 9999 R31///// // ///////// 29/09 Q1008 NOSIG",OOAD,2026-04-28T00:50:00.000Z,22.5000,57.3700,29,9,50,1,,6+,29.76,,,TRUE,,,TRUE,,,,,,,,,,,,,VFR,,,,,,,,,,,,METAR,327
"METAR KHSA 280050Z 14008KT 10SM CLR 24/20 A3000",KHSA,2026-04-28T00:50:00.000Z,30.3765,-89.4554,24,20,140,8,,10+,30.00,,,,,,,,,,,,,,,,,,,VFR,,,,,,,,,,,,METAR,6
"METAR TJBQ 280050Z 00000KT 10SM SCT065 25/24 A3001",TJBQ,2026-04-28T00:50:00.000Z,18.4940,-67.1280,25,24,0,0,,10+,30.01,,,,,,,,,,,SCT,6500,,,,,,,VFR,,,,,,,,,,,,METAR,69
"METAR KLAL 280050Z 08011KT 10SM SKC 24/18 A3006",KLAL,2026-04-28T00:50:00.000Z,27.9866,-82.0193,24,18,80,11,,10+,30.06,,,,,,,,,,,,,,,,,,,VFR,,,,,,,,,,,,METAR,39
"METAR KALN 280050Z 26010G23KT 10SM SCT011 BKN033 19/17 A2967 RMK TSE35 TS DSNT E MOV E",KALN,2026-04-28T00:50:00.000Z,38.8897,-90.0316,19,17,260,10,23,10+,29.67,,,,,,,,,,,SCT,1100,BKN,3300,,,,,VFR,,,,,,,,,,,,METAR,159
"METAR EGNS 280050Z 04005KT CAVOK 11/07 Q1027",EGNS,2026-04-28T00:50:00.000Z,54.0850,-4.6320,11,7,40,5,,6+,30.32,,,,,,,,,,,,,,,,,,,VFR,,,,,,,,,,,,METAR,18
"METAR LGKO 280050Z 36013KT CAVOK 17/11 Q1013",LGKO,2026-04-28T00:50:00.000Z,36.8010,27.0910,17,11,360,13,,6+,29.91,,,,,,,,,,,,,,,,,,,VFR,,,,,,,,,,,,METAR,130
"METAR KCWA 280050Z 12006KT 1 1/2SM VCTS BR OVC002 12/12 A2948",KCWA,2026-04-28T00:50:00.000Z,44.7795,-89.6710,12,12,120,6,,1.5,29.48,,,,,,,,,,VCTS BR,OVC,200,,,,,,,LIFR,,,,,,,,,,,,METAR,387
"METAR LTCR 280050Z 01005KT 340V040 CAVOK 17/09 Q1009",LTCR,2026-04-28T00:50:00.000Z,37.2320,40.6380,17,9,10,5,,6+,29.79,,,,,,,,,,,,,,,,,,,VFR,,,,,,,,,,,,METAR,529
"METAR MUVR 280050Z 08003KT 9000 FEW030 25/22 Q1016",MUVR,2026-04-28T00:50:00.000Z,23.0330,-81.4350,25,22,80,3,,5.59,30.00,,,,,,,,,,,FEW,3000,,,,,,,VFR,,,,,,,,,,,,METAR,65
"METAR KTRL 280050Z AUTO 17011KT 6SM TS HZ CLR 28/23 A2977 RMK AO2 LTG DSNT W-NE TSB49 SLP073 T02830228 PNO $",KTRL,2026-04-28T00:50:00.000Z,32.7131,-96.2687,28.3,22.8,170,11,,6,29.77,1007.3,,TRUE,TRUE,TRUE,,,,,TS HZ,,,,,,,,,VFR,,,,,,,,,,,,METAR,144
"METAR MUHG 280050Z AUTO VRB03KT 24/23 Q1015",MUHG,2026-04-28T00:50:00.000Z,20.7860,-76.3160,24,23,0,3,,,29.97,,,TRUE,,,,,,,,,,,,,,,,null,,,,,,,,,,,,METAR,100
"METAR EGYM 280050Z AUTO 04006KT 5000 // OVC005/// 09/08 Q1024",EGYM,2026-04-28T00:50:00.000Z,52.6480,0.5670,9,8,40,6,,3.11,30.24,,,TRUE,,,,,,,,OVC,500,,,,,,,IFR,,,,,,,,,,,,METAR,25
"METAR MUHA 280050Z 05009KT 9000 FEW030 25/21 Q1016",MUHA,2026-04-28T00:50:00.000Z,22.9910,-82.4100,25,21,50,9,,5.59,30.00,,,,,,,,,,,FEW,3000,,,,,,,VFR,,,,,,,,,,,,METAR,61
"METAR MUCU 280050Z AUTO VRB03KT 25/19 Q1014",MUCU,2026-04-28T00:50:00.000Z,19.9710,-75.8370,25,19,0,3,,,29.94,,,TRUE,,,,,,,,,,,,,,,,null,,,,,,,,,,,,METAR,70
"METAR MUCM 280050Z 05005KT 9000 FEW030 24/23 Q1016",MUCM,2026-04-28T00:50:00.000Z,21.4200,-77.8500,24,23,50,5,,5.59,30.00,,,,,,,,,,,FEW,3000,,,,,,,VFR,,,,,,,,,,,,METAR,125
"METAR PTKK 280050Z 04008KT 15SM FEW014 SCT290 32/26 A2981 RMK SLP096 T03170260",PTKK,2026-04-28T00:50:00.000Z,7.4620,151.8430,31.7,26,40,8,,15,29.81,1009.6,,,,,,,,,,FEW,1400,SCT,29000,,,,,VFR,,,,,,,,,,,,METAR,3
"METAR EGQL 280050Z 04005KT 9999 SCT009 OVC012 09/07 Q1030 RMK GRN",EGQL,2026-04-28T00:50:00.000Z,56.3770,-2.8620,9,7,40,5,,6+,30.41,,,,,,,,,,,SCT,900,OVC,1200,,,,,MVFR,,,,,,,,,,,,METAR,11
"METAR MMCU 280049Z 26018KT 10SM FEW030 BKN200 32/M01 A2993 RMK 8/408",MMCU,2026-04-28T00:49:00.000Z,28.7010,-105.9650,32,-1,260,18,,10+,29.93,,,,,,,,,,,FEW,3000,BKN,20000,,,,,VFR,,,,,,,,,,,,METAR,1349
"METAR KCWF 280048Z 16008KT 10SM CLR 26/22 A2992",KCWF,2026-04-28T00:48:00.000Z,30.2216,-93.1467,26,22,160,8,,10+,29.92,,,,,,,,,,,,,,,,,,,VFR,,,,,,,,,,,,METAR,4
"METAR KTOA 280048Z 24009G17KT 10SM FEW030 17/09 A3001",KTOA,2026-04-28T00:48:00.000Z,33.8030,-118.3360,17,9,240,9,17,10+,30.01,,,,,,,,,,,FEW,3000,,,,,,,VFR,,,,,,,,,,,,METAR,30
"METAR KPOC 280047Z 24010KT 10SM FEW050 18/04 A2999",KPOC,2026-04-28T00:47:00.000Z,34.0928,-117.7795,18,4,240,10,,10+,29.99,,,,,,,,,,,FEW,5000,,,,,,,VFR,,,,,,,,,,,,METAR,304
"METAR KPAO 280047Z 31012KT 10SM FEW035 17/08 A3004",KPAO,2026-04-28T00:47:00.000Z,37.4580,-122.1120,17,8,310,12,,10+,30.04,,,,,,,,,,,FEW,3500,,,,,,,VFR,,,,,,,,,,,,METAR,2
"METAR KSUN 280047Z COR 36004KT 10SM BKN080 08/M08 A2990",KSUN,2026-04-28T00:47:00.000Z,43.4969,-114.2923,8,-8,360,4,,10+,29.90,,TRUE,,,,,,,,,BKN,8000,,,,,,,VFR,,,,,,,,,,,,METAR,1619
"METAR MMMM 280047Z 13013KT 6SM SCT030 BKN090 BKN250 27/06 A3012 RMK 8/463 HZY CB E DSIPTG CB W",MMMM,2026-04-28T00:47:00.000Z,19.8440,-101.0370,27,6,130,13,,6,30.12,,,,,,,,,,,SCT,3000,BKN,9000,BKN,25000,,,VFR,,,,,,,,,,,,METAR,1840
"METAR KTIX 280047Z 05010KT 7SM SCT030 BKN050 25/18 A3008",KTIX,2026-04-28T00:47:00.000Z,28.5080,-80.7980,25,18,50,10,,7,30.08,,,,,,,,,,,SCT,3000,BKN,5000,,,,,VFR,,,,,,,,,,,,METAR,10
"METAR MMIA 280046Z 00000KT 6SM SKC 26/21 A2990",MMIA,2026-04-28T00:46:00.000Z,19.2760,-103.5760,26,21,0,0,,6,29.90,,,,,,,,,,,,,,,,,,,VFR,,,,,,,,,,,,METAR,744
"METAR MMCL 280046Z 24010KT 10SM BKN250 32/16 A2977 RMK 8/008 HZY",MMCL,2026-04-28T00:46:00.000Z,24.7660,-107.4760,32,16,240,10,,10+,29.77,,,,,,,,,,,BKN,25000,,,,,,,VFR,,,,,,,,,,,,METAR,35
"METAR KNRA 280046Z AUTO 15007KT 10SM FEW026 FEW044 14/08 A3003 RMK AO2 SLP113 T01390078 TSNO",KNRA,2026-04-28T00:46:00.000Z,48.1800,-122.6300,13.9,7.8,150,7,,10+,30.03,1011.3,,TRUE,TRUE,,,TRUE,,,,FEW,2600,FEW,4400,,,,,VFR,,,,,,,,,,,,METAR,61
"METAR MMUN 280046Z 12005KT 7SM FEW015 27/22 A2995 RMK 8/100",MMUN,2026-04-28T00:46:00.000Z,21.0380,-86.8550,27,22,120,5,,7,29.95,,,,,,,,,,,FEW,1500,,,,,,,VFR,,,,,,,,,,,,METAR,13
"METAR KBAK 280045Z 14005KT 10SM SCT120 17/17 A2976",KBAK,2026-04-28T00:45:00.000Z,39.2664,-85.8926,17,17,140,5,,10+,29.76,,,,,,,,,,,SCT,12000,,,,,,,VFR,,,,,,,,,,,,METAR,199
"METAR MMSL 280045Z 25011KT 10SM SCT250 27/14 A2989 RMK 8/008",MMSL,2026-04-28T00:45:00.000Z,22.9480,-109.9360,27,14,250,11,,10+,29.89,,,,,,,,,,,SCT,25000,,,,,,,VFR,,,,,,,,,,,,METAR,205
"METAR KEMT 280045Z 23006KT 10SM FEW070 19/06 A2999",KEMT,2026-04-28T00:45:00.000Z,34.0883,-118.0342,19,6,230,6,,10+,29.99,,,,,,,,,,,FEW,7000,,,,,,,VFR,,,,,,,,,,,,METAR,84
"METAR MMTJ 280045Z 28015KT 10SM FEW030 17/08 A3003 RMK 8/500",MMTJ,2026-04-28T00:45:00.000Z,32.5440,-116.9820,17,8,280,15,,10+,30.03,,,,,,,,,,,FEW,3000,,,,,,,VFR,,,,,,,,,,,,METAR,150
"METAR MMLP 280045Z 32007KT 10SM BKN200 29/15 A2988 RMK 8/008",MMLP,2026-04-28T00:45:00.000Z,24.0770,-110.3640,29,15,320,7,,10+,29.88,,,,,,,,,,,BKN,20000,,,,,,,VFR,,,,,,,,,,,,METAR,16
"METAR KMMU 280045Z 15005KT 10SM FEW250 13/04 A3026",KMMU,2026-04-28T00:45:00.000Z,40.7989,-74.4164,13,4,150,5,,10+,30.26,,,,,,,,,,,FEW,25000,,,,,,,VFR,,,,,,,,,,,,METAR,55
"METAR KATW 280045Z 15009KT 6SM BR OVC006 14/13 A2952",KATW,2026-04-28T00:45:00.000Z,44.2519,-88.5260,14,13,150,9,,6,29.52,,,,,,,,,,BR,OVC,600,,,,,,,IFR,,,,,,,,,,,,METAR,266
"METAR PAPT 280045Z 18007KT 10SM OVC020 03/00 A2969 RMK NO SPECI.",PAPT,2026-04-28T00:45:00.000Z,62.0870,-152.7220,3,0,180,7,,10+,29.69,,,,,,,,,,,OVC,2000,,,,,,,MVFR,,,,,,,,,,,,METAR,577
"METAR MMSP 280044Z 11005KT 8SM FEW030TCU 31/M01 A3007 RMK 8/200 SC",MMSP,2026-04-28T00:44:00.000Z,22.2560,-100.9300,31,-1,110,5,,8,30.07,,,,,,,,,,,FEW,3000,,,,,,,VFR,,,,,,,,,,,,METAR,1841
"METAR MMMZ 280044Z 30010KT 13SM SKC 28/20 A2979",MMMZ,2026-04-28T00:44:00.000Z,23.1610,-106.2710,28,20,300,10,,13,29.79,,,,,,,,,,,,,,,,,,,VFR,,,,,,,,,,,,METAR,7
"METAR MMPA 280044Z 09008KT 4SM SCT250 31/21 A2970 RMK 8/008 HZY",MMPA,2026-04-28T00:44:00.000Z,20.6010,-97.4590,31,21,90,8,,4,29.70,,,,,,,,,,,SCT,25000,,,,,,,MVFR,,,,,,,,,,,,METAR,153
"METAR MMAA 280044Z 27008KT 6SM FEW015 SCT100 BKN300 29/24 A2976 RMK 8/162 HZY CB N",MMAA,2026-04-28T00:44:00.000Z,16.7580,-99.7540,29,24,270,8,,6,29.76,,,,,,,,,,,FEW,1500,SCT,10000,BKN,30000,,,VFR,,,,,,,,,,,,METAR,5
"METAR MMZH 280043Z 23003KT 6SM BKN250 28/23 A2979 RMK 8/002 HZY ISOL SC",MMZH,2026-04-28T00:43:00.000Z,17.6050,-101.4640,28,23,230,3,,6,29.79,,,,,,,,,,,BKN,25000,,,,,,,VFR,,,,,,,,,,,,METAR,9
"METAR MMVR 280043Z 06007KT 6SM SCT080 29/24 A2977 RMK 8/050 HZY ISOL CI",MMVR,2026-04-28T00:43:00.000Z,19.1440,-96.1890,29,24,60,7,,6,29.77,,,,,,,,,,,SCT,8000,,,,,,,VFR,,,,,,,,,,,,METAR,26
"METAR MMVA 280043Z 00000KT 6SM SKC 33/24 A2974 RMK HZY",MMVA,2026-04-28T00:43:00.000Z,17.9980,-92.8170,33,24,0,0,,6,29.74,,,,,,,,,,,,,,,,,,,VFR,,,,,,,,,,,,METAR,13
"METAR MMMD 280043Z 07012KT 7SM SKC 32/21 A2984 RMK HZY",MMMD,2026-04-28T00:43:00.000Z,20.9360,-89.6590,32,21,70,12,,7,29.84,,,,,,,,,,,,,,,,,,,VFR,,,,,,,,,,,,METAR,10
"METAR MMMT 280042Z 36006KT 2SM HZ SKC 30/28 A2977 RMK HZLYR LWR VSBY N VRB CONDS",MMMT,2026-04-28T00:42:00.000Z,18.0980,-94.5830,30,28,360,6,,2,29.77,,,,,,,,,,HZ,,,,,,,,,IFR,,,,,,,,,,,,METAR,15
"METAR MMEP 280042Z 36007KT 12SM SKC 28/17 A2994",MMEP,2026-04-28T00:42:00.000Z,21.4180,-104.8420,28,17,360,7,,12,29.94,,,,,,,,,,,,,,,,,,,VFR,,,,,,,,,,,,METAR,921
"METAR MMPB 280042Z 05003KT 10SM BKN020TCU BKN090 24/04 A3025 RMK 8/260 HZY DSNT CB N NW",MMPB,2026-04-28T00:42:00.000Z,19.1700,-98.3710,24,4,50,3,,10+,30.25,,,,,,,,,,,BKN,2000,BKN,9000,,,,,MVFR,,,,,,,,,,,,METAR,2250
"METAR MMPS 280042Z 27005KT 15SM FEW200 28/25 A2987 RMK 8/005",MMPS,2026-04-28T00:42:00.000Z,15.8760,-97.0930,28,25,270,5,,15,29.87,,,,,,,,,,,FEW,20000,,,,,,,VFR,,,,,,,,,,,,METAR,65
"METAR MMTM 280041Z 10006KT 3SM BR HZ SCT008 BKN070 28/27 A2974 RMK 8/530 VRB COND",MMTM,2026-04-28T00:41:00.000Z,22.2900,-97.8630,28,27,100,6,,3,29.74,,,,,,,,,,BR HZ,SCT,800,BKN,7000,,,,,MVFR,,,,,,,,,,,,METAR,21
"METAR MMMY 280041Z 10008KT 5SM SCT200 31/22 A2980 RMK 8/008 HZY ISOL SC",MMMY,2026-04-28T00:41:00.000Z,25.7740,-100.1040,31,22,100,8,,5,29.80,,,,,,,,,,,SCT,20000,,,,,,,MVFR,,,,,,,,,,,,METAR,382
"METAR MMPN 280041Z 00000KT 12SM SKC 28/06 A3006 RMK HZY",MMPN,2026-04-28T00:41:00.000Z,19.3960,-102.0410,28,6,0,0,,12,30.06,,,,,,,,,,,,,,,,,,,VFR,,,,,,,,,,,,METAR,1602
"METAR MMZC 280041Z E21015KT 10SM SKC 29/M02 A3014",MMZC,2026-04-28T00:41:00.000Z,22.9040,-102.6800,29,-2,210,15,,10+,30.14,,,,,,,,,,,,,,,,,,,VFR,,,,,,,,,,,,METAR,2175
"METAR MMML 280041Z 28011KT 10SM SKC 25/00 A2986",MMML,2026-04-28T00:41:00.000Z,32.6310,-115.2380,25,0,280,11,,10+,29.86,,,,,,,,,,,,,,,,,,,VFR,,,,,,,,,,,,METAR,21
"METAR MMLM 280041Z 31011KT 10SM BKN200 29/14 A2981 RMK 8/008",MMLM,2026-04-28T00:41:00.000Z,25.6880,-109.0850,29,14,310,11,,10+,29.81,,,,,,,,,,,BKN,20000,,,,,,,VFR,,,,,,,,,,,,METAR,6
"METAR MMTG 280041Z 32017KT 8SM SCT035 34/17 A2980 RMK 8/400 HZY",MMTG,2026-04-28T00:41:00.000Z,16.5710,-93.0300,34,17,320,17,,8,29.80,,,,,,,,,,,SCT,3500,,,,,,,VFR,,,,,,,,,,,,METAR,463
"METAR MMMA 280040Z 12013KT 7SM BKN020 28/25 A2977 RMK 8/500 HZY ISOL CI",MMMA,2026-04-28T00:40:00.000Z,25.7700,-97.5230,28,25,120,13,,7,29.77,,,,,,,,,,,BKN,2000,,,,,,,MVFR,,,,,,,,,,,,METAR,7
"METAR MMGM 280040Z 00000KT 10SM BKN100 29/07 A2983 RMK 8/010",MMGM,2026-04-28T00:40:00.000Z,27.9640,-110.9280,29,7,0,0,,10+,29.83,,,,,,,,,,,BKN,10000,,,,,,,VFR,,,,,,,,,,,,METAR,13
"METAR MMCB 280040Z 01004KT 10SM BKN015 BKN250 33/06 A2995 RMK 8/502",MMCB,2026-04-28T00:40:00.000Z,18.8300,-99.2650,33,6,10,4,,10+,29.95,,,,,,,,,,,BKN,1500,BKN,25000,,,,,MVFR,,,,,,,,,,,,METAR,1281
"METAR MMHO 280040Z 23008KT 10SM BKN200 31/M04 A2985 RMK 8/008 HZY",MMHO,2026-04-28T00:40:00.000Z,29.0970,-111.0510,31,-4,230,8,,10+,29.85,,,,,,,,,,,BKN,20000,,,,,,,VFR,,,,,,,,,,,,METAR,186
"METAR MMIO 280040Z 03015KT 10SM SCT200 29/21 A3000 RMK 8/008 HZY AC ISOL SC",MMIO,2026-04-28T00:40:00.000Z,25.5440,-100.9280,29,21,30,15,,10+,30.00,,,,,,,,,,,SCT,20000,,,,,,,VFR,,,,,,,,,,,,METAR,1430
"METAR MMSD 280040Z 13010KT 10SM SCT250 27/18 A2987 RMK 8/008",MMSD,2026-04-28T00:40:00.000Z,23.1570,-109.7200,27,18,130,10,,10+,29.87,,,,,,,,,,,SCT,25000,,,,,,,VFR,,,,,,,,,,,,METAR,107
"METAR MMTP 280040Z 00000KT 8SM FEW080 30/21 A2981 RMK 8/050 TWR HZY",MMTP,2026-04-28T00:40:00.000Z,14.7950,-92.3710,30,21,0,0,,8,29.81,,,,,,,,,,,FEW,8000,,,,,,,VFR,,,,,,,,,,,,METAR,27
"METAR MMTC 280040Z 11008KT 10SM SCT110 SCT220 35/M03 A2985 RMK 8/042",MMTC,2026-04-28T00:40:00.000Z,25.5640,-103.4080,35,-3,110,8,,10+,29.85,,,,,,,,,,,SCT,11000,SCT,22000,,,,,VFR,,,,,,,,,,,,METAR,1128
"METAR MMAS 280040Z 22013KT 10SM FEW200 31/00 A3010 RMK 8/008",MMAS,2026-04-28T00:40:00.000Z,21.7020,-102.3180,31,0,220,13,,10+,30.10,,,,,,,,,,,FEW,20000,,,,,,,VFR,,,,,,,,,,,,METAR,1866
"METAR MMCP 280040Z 34010KT 7SM SCT200 31/26 A2981 RMK 8/001 HZY",MMCP,2026-04-28T00:40:00.000Z,19.8170,-90.5020,31,26,340,10,,7,29.81,,,,,,,,,,,SCT,20000,,,,,,,VFR,,,,,,,,,,,,METAR,9
"METAR MMPQ 280040Z 11005KT 7SM SKC 34/22 A2970",MMPQ,2026-04-28T00:40:00.000Z,17.5340,-92.0170,34,22,110,5,,7,29.70,,,,,,,,,,,,,,,,,,,VFR,,,,,,,,,,,,METAR,48
"METAR MMCZ 280040Z 10005KT 7SM FEW015 26/22 A2994 RMK 8/500",MMCZ,2026-04-28T00:40:00.000Z,20.5160,-86.9320,26,22,100,5,,7,29.94,,,,,,,,,,,FEW,1500,,,,,,,VFR,,,,,,,,,,,,METAR,7
"METAR MMTL 280040Z 00000KT 6SM SKC 26/22 A2995",MMTL,2026-04-28T00:40:00.000Z,20.1725,-87.6622,26,22,0,0,,6,29.95,,,,,,,,,,,,,,,,,,,VFR,,,,,,,,,,,,METAR,20
"METAR MMLO 280040Z 21007KT 10SM FEW030 SCT220 31/03 A3009 RMK 8/502",MMLO,2026-04-28T00:40:00.000Z,20.9970,-101.4810,31,3,210,7,,10+,30.09,,,,,,,,,,,FEW,3000,SCT,22000,,,,,VFR,,,,,,,,,,,,METAR,1805
"METAR MMZO 280040Z 27010KT 10SM FEW210 25/23 A2977 RMK 8/005 HZY",MMZO,2026-04-28T00:40:00.000Z,19.1470,-104.5650,25,23,270,10,,10+,29.77,,,,,,,,,,,FEW,21000,,,,,,,VFR,,,,,,,,,,,,METAR,11
"METAR MMCE 280040Z 05010KT 7SM SKC 31/25 A2979 RMK HZY",MMCE,2026-04-28T00:40:00.000Z,18.6510,-91.8000,31,25,50,10,,7,29.79,,,,,,,,,,,,,,,,,,,VFR,,,,,,,,,,,,METAR,5
"METAR MMAN 280040Z 10009KT 4SM FEW050 BKN200 31/22 A2980 RMK 8/508 HZY",MMAN,2026-04-28T00:40:00.000Z,25.8650,-100.2390,31,22,100,9,,4,29.80,,,,,,,,,,,FEW,5000,BKN,20000,,,,,MVFR,,,,,,,,,,,,METAR,447
"METAR MMNL 280040Z 12009KT 6SM BKN030 31/23 A2975 RMK 8/500 HZY",MMNL,2026-04-28T00:40:00.000Z,27.4480,-99.5740,31,23,120,9,,6,29.75,,,,,,,,,,,BKN,3000,,,,,,,MVFR,,,,,,,,,,,,METAR,146
"METAR MMOX 280040Z 15011KT 12SM SCT070 SCT210 30/11 A3007 RMK 8/038",MMOX,2026-04-28T00:40:00.000Z,17.0020,-96.7240,30,11,150,11,,12,30.07,,,,,,,,,,,SCT,7000,SCT,21000,,,,,VFR,,,,,,,,,,,,METAR,1528
"METAR MMCN 280040Z 28008KT 10SM OVC200 30/07 A2984 RMK 8/007 HZY",MMCN,2026-04-28T00:40:00.000Z,27.3950,-109.8370,30,7,280,8,,10+,29.84,,,,,,,,,,,OVC,20000,,,,,,,VFR,,,,,,,,,,,,METAR,57
"METAR MMRX 280040Z 14008KT 6SM FEW240 30/24 A2976 RMK 8/001 HZY",MMRX,2026-04-28T00:40:00.000Z,26.0100,-98.2320,30,24,140,8,,6,29.76,,,,,,,,,,,FEW,24000,,,,,,,VFR,,,,,,,,,,,,METAR,45
"METAR MMCS 280040Z 22007KT 10SM FEW100 OVC200 28/M05 A2990 RMK 8/037",MMCS,2026-04-28T00:40:00.000Z,31.6360,-106.4270,28,-5,220,7,,10+,29.90,,,,,,,,,,,FEW,10000,OVC,20000,,,,,VFR,,,,,,,,,,,,METAR,1194
"METAR MMPR 280040Z 24011KT 12SM SKC 27/23 A2983 RMK HZY SC 1ST 2ND QUAD",MMPR,2026-04-28T00:40:00.000Z,20.6800,-105.2500,27,23,240,11,,12,29.83,,,,,,,,,,,,,,,,,,,VFR,,,,,,,,,,,,METAR,6
"METAR KUNU 280037Z AUTO 13006KT 10SM SCT028 SCT037 SCT110 15/12 A2952 RMK AO2 T01490115 TSNO",KUNU,2026-04-28T00:37:00.000Z,43.4285,-88.7017,14.9,11.5,130,6,,10+,29.52,,,TRUE,TRUE,,,TRUE,,,,SCT,2800,SCT,3700,SCT,11000,,,VFR,,,,,,,,,,,,METAR,281
"METAR KOLE 280035Z AUTO 14004KT 10SM CLR 16/00 A3011 RMK AO2",KOLE,2026-04-28T00:35:00.000Z,42.2429,-78.3721,16,0,140,4,,10+,30.11,,,TRUE,TRUE,,,,,,,,,,,,,,,VFR,,,,,,,,,,,,METAR,651
"SPECI KFFT 280031Z AUTO TS A2985 RMK AO2 LTG DSNT ALQDS TSB25 PRESRR PWINO FZRANO PNO $",KFFT,2026-04-28T00:31:00.000Z,38.1846,-84.9039,,,,,,,29.85,,,TRUE,TRUE,TRUE,,,TRUE,TRUE,TS,,,,,,,,,null,,,,,,,,,,,,SPECI,235
"METAR VIAG 280030Z 16005KT 6000 FEW025 SCT100 28/20 Q1002 NOSIG",VIAG,2026-04-28T00:30:00.000Z,27.1560,77.9610,28,20,160,5,,3.73,29.59,,,,,,TRUE,,,,,FEW,2500,SCT,10000,,,,,MVFR,,,,,,,,,,,,METAR,159
"METAR VILH 280030Z 34003KT 6000 FEW070 BKN150 09/M08 Q1028 NOSIG",VILH,2026-04-28T00:30:00.000Z,34.1360,77.5460,9,-8,340,3,,3.73,30.35,,,,,,TRUE,,,,,FEW,7000,BKN,15000,,,,,MVFR,,,,,,,,,,,,METAR,3256
"METAR VEBD 280030Z 35003KT 6000 FEW030 SCT090 23/21 Q1005 NOSIG",VEBD,2026-04-28T00:30:00.000Z,26.6810,88.3290,23,21,350,3,,3.73,29.68,,,,,,TRUE,,,,,FEW,3000,SCT,9000,,,,,MVFR,,,,,,,,,,,,METAR,126
"METAR VIJU 280030Z 07003KT 6000 -RA SCT025 FEW030CB BKN100 27/16 Q1004 TEMPO 4000 TSRA",VIJU,2026-04-28T00:30:00.000Z,32.6890,74.8370,27,16,70,3,,3.73,29.65,,,,,,,,,,-RA,SCT,2500,FEW,3000,BKN,10000,,,MVFR,,,,,,,,,,,,METAR,285
"METAR VISR 280030Z VRB02KT 6000 SCT020 SCT090 11/09 Q1015 NOSIG",VISR,2026-04-28T00:30:00.000Z,33.9870,74.7740,11,9,0,2,,3.73,29.97,,,,,,TRUE,,,,,SCT,2000,SCT,9000,,,,,MVFR,,,,,,,,,,,,METAR,1655
"METAR VIGR 280030Z 32006KT 6000 FEW025 BKN090 29/16 Q1003 NOSIG",VIGR,2026-04-28T00:30:00.000Z,26.2930,78.2280,29,16,320,6,,3.73,29.62,,,,,,TRUE,,,,,FEW,2500,BKN,9000,,,,,MVFR,,,,,,,,,,,,METAR,187
"METAR VEGK 280030Z 13004KT 6000 SCT250 24/23 Q1004 NOSIG",VEGK,2026-04-28T00:30:00.000Z,26.7400,83.4510,24,23,130,4,,3.73,29.65,,,,,,TRUE,,,,,SCT,25000,,,,,,,MVFR,,,,,,,,,,,,METAR,83
"METAR VICG 280030Z VRB02KT 6000 FEW100 BKN250 27/14 Q1002 NOSIG",VICG,2026-04-28T00:30:00.000Z,30.6770,76.7890,27,14,0,2,,3.73,29.59,,,,,,TRUE,,,,,FEW,10000,BKN,25000,,,,,MVFR,,,,,,,,,,,,METAR,316
"SPECI CYMJ 280025Z 00000KT 15SM FEW042 01/M08 A3007 RMK SC2 DENSITY ALT 394FT LAST OBS /NEXT 281000 UTC SLP215",CYMJ,2026-04-28T00:25:00.000Z,50.3300,-105.5590,1,-8,0,0,,15,30.07,1021.5,,,,,,,,,,FEW,4200,,,,,,,VFR,,,,,,,,,,,,SPECI,578